scope,experiment_id,well_id,physical_embryo_id,timepoint_count,most_common_failure_combination
Keyence,20230531,20230531_A02,20230531_A02_e01,66,viability_dead_flag|persistence_dead_flag|sa_outlier_flag|focus_flag
Keyence,20230531,20230531_A03,20230531_A03_e02,66,sa_outlier_flag|edge_flag|focus_flag
Keyence,20230531,20230531_A10,20230531_A10_e02,64,sa_outlier_flag|motion_blur_flag
Keyence,20230531,20230531_B12,20230531_B12_e02,66,sa_outlier_flag|edge_flag|focus_flag
Keyence,20230531,20230531_C03,20230531_C03_e02,2,sa_outlier_flag|edge_flag|focus_flag
Keyence,20230531,20230531_C06,20230531_C06_e02,14,sa_outlier_flag|focus_flag
Keyence,20230531,20230531_D01,20230531_D01_e02,66,sa_outlier_flag|edge_flag
Keyence,20230531,20230531_D07,20230531_D07_e02,48,sa_outlier_flag|edge_flag|focus_flag
Keyence,20230531,20230531_D07,20230531_D07_e03,66,sa_outlier_flag|focus_flag
Keyence,20230531,20230531_D07,20230531_D07_e04,40,sa_outlier_flag|edge_flag
Keyence,20230531,20230531_D07,20230531_D07_e05,63,sa_outlier_flag|focus_flag
Keyence,20230531,20230531_D10,20230531_D10_e03,66,sa_outlier_flag
Keyence,20230531,20230531_E02,20230531_E02_e02,66,sa_outlier_flag
Keyence,20230531,20230531_E08,20230531_E08_e02,66,sa_outlier_flag
Keyence,20230531,20230531_E11,20230531_E11_e03,23,sa_outlier_flag
Keyence,20230531,20230531_E12,20230531_E12_e02,66,sa_outlier_flag
Keyence,20230531,20230531_F01,20230531_F01_e02,66,sa_outlier_flag|focus_flag
Keyence,20230531,20230531_F01,20230531_F01_e03,66,focus_flag
Keyence,20230531,20230531_F04,20230531_F04_e02,66,sa_outlier_flag|edge_flag|focus_flag
Keyence,20230531,20230531_G01,20230531_G01_e02,4,sa_outlier_flag|focus_flag
Keyence,20230531,20230531_G02,20230531_G02_e02,66,sa_outlier_flag
Keyence,20230531,20230531_G02,20230531_G02_e03,16,focus_flag
Keyence,20230531,20230531_G02,20230531_G02_e04,66,sa_outlier_flag
Keyence,20230531,20230531_G04,20230531_G04_e02,66,sa_outlier_flag
Keyence,20230531,20230531_G08,20230531_G08_e02,66,sa_outlier_flag
Keyence,20230531,20230531_G08,20230531_G08_e03,66,sa_outlier_flag|focus_flag
Keyence,20230531,20230531_G08,20230531_G08_e04,66,sa_outlier_flag
Keyence,20230531,20230531_G10,20230531_G10_e02,66,viability_dead_flag|persistence_dead_flag|sa_outlier_flag
Keyence,20230531,20230531_G10,20230531_G10_e03,66,viability_dead_flag|persistence_dead_flag|sa_outlier_flag|focus_flag
Keyence,20230531,20230531_G10,20230531_G10_e04,66,sa_outlier_flag
Keyence,20230531,20230531_G11,20230531_G11_e01,66,overlapping_mask_flag
Keyence,20230531,20230531_G11,20230531_G11_e02,66,sa_outlier_flag|overlapping_mask_flag|focus_flag
Keyence,20230602,20230602_A01,20230602_A01_e02,98,sa_outlier_flag
Keyence,20230602,20230602_A09,20230602_A09_e02,98,sa_outlier_flag|focus_flag
Keyence,20230602,20230602_A10,20230602_A10_e01,98,viability_dead_flag|persistence_dead_flag|sa_outlier_flag
Keyence,20230602,20230602_A10,20230602_A10_e02,98,sa_outlier_flag
Keyence,20230602,20230602_A11,20230602_A11_e02,98,sa_outlier_flag|focus_flag
Keyence,20230602,20230602_B06,20230602_B06_e01,98,viability_dead_flag|persistence_dead_flag|sa_outlier_flag|focus_flag
Keyence,20230602,20230602_B06,20230602_B06_e03,98,viability_dead_flag|persistence_dead_flag|sa_outlier_flag|edge_flag|focus_flag
Keyence,20230602,20230602_B07,20230602_B07_e02,71,sa_outlier_flag|focus_flag
Keyence,20230602,20230602_C10,20230602_C10_e02,98,edge_flag|focus_flag
Keyence,20230602,20230602_C11,20230602_C11_e02,43,sa_outlier_flag|edge_flag|focus_flag
Keyence,20230602,20230602_D05,20230602_D05_e02,49,sa_outlier_flag|edge_flag|focus_flag
Keyence,20230602,20230602_F07,20230602_F07_e02,52,edge_flag|focus_flag
Keyence,20230602,20230602_F08,20230602_F08_e02,53,sa_outlier_flag|overlapping_mask_flag
Keyence,20230613,20230613_A12,20230613_A12_e02,66,sa_outlier_flag
Keyence,20230613,20230613_B11,20230613_B11_e02,66,sa_outlier_flag|focus_flag
Keyence,20230613,20230613_D07,20230613_D07_e02,66,viability_dead_flag|persistence_dead_flag|sa_outlier_flag|focus_flag
Keyence,20230613,20230613_D08,20230613_D08_e01,66,viability_dead_flag|persistence_dead_flag|sa_outlier_flag|focus_flag
Keyence,20230613,20230613_D10,20230613_D10_e02,66,sa_outlier_flag|focus_flag
Keyence,20230613,20230613_E07,20230613_E07_e02,65,viability_dead_flag|sa_outlier_flag
Keyence,20230613,20230613_E07,20230613_E07_e03,65,viability_dead_flag|persistence_dead_flag|sa_outlier_flag
Keyence,20230613,20230613_F01,20230613_F01_e02,65,sa_outlier_flag
Keyence,20230613,20230613_F01,20230613_F01_e03,65,sa_outlier_flag
Keyence,20230615,20230615_A03,20230615_A03_e02,50,sa_outlier_flag|edge_flag|focus_flag
Keyence,20230615,20230615_A08,20230615_A08_e01,50,viability_dead_flag|persistence_dead_flag|sa_outlier_flag|focus_flag
Keyence,20230615,20230615_A10,20230615_A10_e02,50,sa_outlier_flag
Keyence,20230615,20230615_C01,20230615_C01_e02,50,sa_outlier_flag|focus_flag
Keyence,20230615,20230615_C09,20230615_C09_e02,50,sa_outlier_flag
Keyence,20230615,20230615_D08,20230615_D08_e02,50,sa_outlier_flag|edge_flag|focus_flag
Keyence,20230615,20230615_D12,20230615_D12_e02,48,sa_outlier_flag
Keyence,20240813_24hpf,20240813_24hpf_G07,20240813_24hpf_G07_e01,1,motion_blur_flag
Keyence,20240813_30hpf,20240813_30hpf_A02,20240813_30hpf_A02_e01,1,sa_outlier_flag
Keyence,20240813_30hpf,20240813_30hpf_B02,20240813_30hpf_B02_e01,1,sa_outlier_flag
Keyence,20240813_30hpf,20240813_30hpf_C02,20240813_30hpf_C02_e01,1,sa_outlier_flag
Keyence,20240813_30hpf,20240813_30hpf_C06,20240813_30hpf_C06_e01,1,overlapping_mask_flag
Keyence,20240813_30hpf,20240813_30hpf_C06,20240813_30hpf_C06_e02,1,sa_outlier_flag|overlapping_mask_flag
Keyence,20240813_30hpf,20240813_30hpf_D02,20240813_30hpf_D02_e01,1,sa_outlier_flag
Keyence,20240813_30hpf,20240813_30hpf_E02,20240813_30hpf_E02_e01,1,sa_outlier_flag
Keyence,20240813_30hpf,20240813_30hpf_F02,20240813_30hpf_F02_e01,1,sa_outlier_flag
Keyence,20240813_30hpf,20240813_30hpf_G02,20240813_30hpf_G02_e01,1,sa_outlier_flag
Keyence,20240813_30hpf,20240813_30hpf_H02,20240813_30hpf_H02_e01,1,sa_outlier_flag
Keyence,20240813_30hpf,20240813_30hpf_H03,20240813_30hpf_H03_e01,1,overlapping_mask_flag
Keyence,20240813_30hpf,20240813_30hpf_H03,20240813_30hpf_H03_e02,1,sa_outlier_flag|overlapping_mask_flag
Keyence,20240813_36hpf,20240813_36hpf_A02,20240813_36hpf_A02_e01,1,sa_outlier_flag
Keyence,20240813_36hpf,20240813_36hpf_A06,20240813_36hpf_A06_e01,1,overlapping_mask_flag
Keyence,20240813_36hpf,20240813_36hpf_A06,20240813_36hpf_A06_e02,1,sa_outlier_flag|overlapping_mask_flag|focus_flag
Keyence,20240813_36hpf,20240813_36hpf_B02,20240813_36hpf_B02_e01,1,sa_outlier_flag
Keyence,20240813_36hpf,20240813_36hpf_C02,20240813_36hpf_C02_e01,1,sa_outlier_flag
Keyence,20240813_36hpf,20240813_36hpf_C03,20240813_36hpf_C03_e01,1,sa_outlier_flag
Keyence,20240813_36hpf,20240813_36hpf_D02,20240813_36hpf_D02_e01,1,sa_outlier_flag
Keyence,20240813_36hpf,20240813_36hpf_E02,20240813_36hpf_E02_e01,1,sa_outlier_flag
Keyence,20240813_36hpf,20240813_36hpf_F02,20240813_36hpf_F02_e01,1,sa_outlier_flag
Keyence,20240813_36hpf,20240813_36hpf_G02,20240813_36hpf_G02_e01,1,sa_outlier_flag
Keyence,20240813_36hpf,20240813_36hpf_H02,20240813_36hpf_H02_e01,1,sa_outlier_flag
Keyence,20240813_36hpf,20240813_36hpf_H06,20240813_36hpf_H06_e02,1,sa_outlier_flag
Keyence,20250612_24hpf_ctrl_atf6,20250612_24hpf_ctrl_atf6_A08,20250612_24hpf_ctrl_atf6_A08_e01,1,sa_outlier_flag
Keyence,20250612_24hpf_ctrl_atf6,20250612_24hpf_ctrl_atf6_E07,20250612_24hpf_ctrl_atf6_E07_e01,1,sa_outlier_flag|focus_flag
Keyence,20250612_24hpf_ctrl_atf6,20250612_24hpf_ctrl_atf6_E10,20250612_24hpf_ctrl_atf6_E10_e01,1,overlapping_mask_flag
Keyence,20250612_24hpf_ctrl_atf6,20250612_24hpf_ctrl_atf6_E10,20250612_24hpf_ctrl_atf6_E10_e02,1,overlapping_mask_flag
Keyence,20250612_24hpf_wfs1_ctcf,20250612_24hpf_wfs1_ctcf_A06,20250612_24hpf_wfs1_ctcf_A06_e01,1,sa_outlier_flag|focus_flag
Keyence,20250612_24hpf_wfs1_ctcf,20250612_24hpf_wfs1_ctcf_A09,20250612_24hpf_wfs1_ctcf_A09_e01,1,viability_dead_flag
Keyence,20250612_24hpf_wfs1_ctcf,20250612_24hpf_wfs1_ctcf_C01,20250612_24hpf_wfs1_ctcf_C01_e01,1,sa_outlier_flag
Keyence,20250612_24hpf_wfs1_ctcf,20250612_24hpf_wfs1_ctcf_C02,20250612_24hpf_wfs1_ctcf_C02_e01,1,sa_outlier_flag
Keyence,20250612_24hpf_wfs1_ctcf,20250612_24hpf_wfs1_ctcf_D09,20250612_24hpf_wfs1_ctcf_D09_e02,1,sa_outlier_flag|motion_blur_flag
Keyence,20250612_24hpf_wfs1_ctcf,20250612_24hpf_wfs1_ctcf_E06,20250612_24hpf_wfs1_ctcf_E06_e01,1,sa_outlier_flag|focus_flag
Keyence,20250612_24hpf_wfs1_ctcf,20250612_24hpf_wfs1_ctcf_F01,20250612_24hpf_wfs1_ctcf_F01_e01,1,sa_outlier_flag
Keyence,20250612_24hpf_wfs1_ctcf,20250612_24hpf_wfs1_ctcf_G01,20250612_24hpf_wfs1_ctcf_G01_e01,1,sa_outlier_flag
Keyence,20250612_30hpf_ctrl_atf6,20250612_30hpf_ctrl_atf6_A02,20250612_30hpf_ctrl_atf6_A02_e01,1,sa_outlier_flag
Keyence,20250612_30hpf_ctrl_atf6,20250612_30hpf_ctrl_atf6_A07,20250612_30hpf_ctrl_atf6_A07_e01,1,sa_outlier_flag
Keyence,20250612_30hpf_ctrl_atf6,20250612_30hpf_ctrl_atf6_A08,20250612_30hpf_ctrl_atf6_A08_e01,1,sa_outlier_flag
Keyence,20250612_30hpf_ctrl_atf6,20250612_30hpf_ctrl_atf6_B01,20250612_30hpf_ctrl_atf6_B01_e01,1,sa_outlier_flag
Keyence,20250612_30hpf_ctrl_atf6,20250612_30hpf_ctrl_atf6_B07,20250612_30hpf_ctrl_atf6_B07_e01,1,sa_outlier_flag
Keyence,20250612_30hpf_ctrl_atf6,20250612_30hpf_ctrl_atf6_C01,20250612_30hpf_ctrl_atf6_C01_e01,1,sa_outlier_flag
Keyence,20250612_30hpf_ctrl_atf6,20250612_30hpf_ctrl_atf6_C06,20250612_30hpf_ctrl_atf6_C06_e01,1,sa_outlier_flag|focus_flag
Keyence,20250612_30hpf_ctrl_atf6,20250612_30hpf_ctrl_atf6_C07,20250612_30hpf_ctrl_atf6_C07_e01,1,sa_outlier_flag|focus_flag
Keyence,20250612_30hpf_ctrl_atf6,20250612_30hpf_ctrl_atf6_C08,20250612_30hpf_ctrl_atf6_C08_e01,1,sa_outlier_flag
Keyence,20250612_30hpf_ctrl_atf6,20250612_30hpf_ctrl_atf6_C12,20250612_30hpf_ctrl_atf6_C12_e01,1,sa_outlier_flag
Keyence,20250612_30hpf_ctrl_atf6,20250612_30hpf_ctrl_atf6_D01,20250612_30hpf_ctrl_atf6_D01_e01,1,sa_outlier_flag
Keyence,20250612_30hpf_ctrl_atf6,20250612_30hpf_ctrl_atf6_D02,20250612_30hpf_ctrl_atf6_D02_e01,1,sa_outlier_flag
Keyence,20250612_30hpf_ctrl_atf6,20250612_30hpf_ctrl_atf6_D07,20250612_30hpf_ctrl_atf6_D07_e01,1,sa_outlier_flag
Keyence,20250612_30hpf_ctrl_atf6,20250612_30hpf_ctrl_atf6_D08,20250612_30hpf_ctrl_atf6_D08_e01,1,sa_outlier_flag
Keyence,20250612_30hpf_ctrl_atf6,20250612_30hpf_ctrl_atf6_E01,20250612_30hpf_ctrl_atf6_E01_e01,1,sa_outlier_flag
Keyence,20250612_30hpf_ctrl_atf6,20250612_30hpf_ctrl_atf6_E07,20250612_30hpf_ctrl_atf6_E07_e01,1,sa_outlier_flag
Keyence,20250612_30hpf_ctrl_atf6,20250612_30hpf_ctrl_atf6_E09,20250612_30hpf_ctrl_atf6_E09_e01,1,sa_outlier_flag|overlapping_mask_flag
Keyence,20250612_30hpf_ctrl_atf6,20250612_30hpf_ctrl_atf6_E09,20250612_30hpf_ctrl_atf6_E09_e02,1,overlapping_mask_flag
Keyence,20250612_30hpf_ctrl_atf6,20250612_30hpf_ctrl_atf6_F08,20250612_30hpf_ctrl_atf6_F08_e01,1,sa_outlier_flag
Keyence,20250612_30hpf_ctrl_atf6,20250612_30hpf_ctrl_atf6_F11,20250612_30hpf_ctrl_atf6_F11_e01,1,motion_blur_flag
Keyence,20250612_30hpf_ctrl_atf6,20250612_30hpf_ctrl_atf6_F12,20250612_30hpf_ctrl_atf6_F12_e02,1,sa_outlier_flag
Keyence,20250612_30hpf_ctrl_atf6,20250612_30hpf_ctrl_atf6_G01,20250612_30hpf_ctrl_atf6_G01_e01,1,sa_outlier_flag
Keyence,20250612_30hpf_ctrl_atf6,20250612_30hpf_ctrl_atf6_G07,20250612_30hpf_ctrl_atf6_G07_e01,1,sa_outlier_flag
Keyence,20250612_30hpf_ctrl_atf6,20250612_30hpf_ctrl_atf6_H01,20250612_30hpf_ctrl_atf6_H01_e01,1,sa_outlier_flag
Keyence,20250612_30hpf_ctrl_atf6,20250612_30hpf_ctrl_atf6_H07,20250612_30hpf_ctrl_atf6_H07_e01,1,sa_outlier_flag
Keyence,20250612_30hpf_wfs1_ctcf,20250612_30hpf_wfs1_ctcf_A01,20250612_30hpf_wfs1_ctcf_A01_e01,1,sa_outlier_flag
Keyence,20250612_30hpf_wfs1_ctcf,20250612_30hpf_wfs1_ctcf_A02,20250612_30hpf_wfs1_ctcf_A02_e01,1,sa_outlier_flag
Keyence,20250612_30hpf_wfs1_ctcf,20250612_30hpf_wfs1_ctcf_B01,20250612_30hpf_wfs1_ctcf_B01_e01,1,sa_outlier_flag
Keyence,20250612_30hpf_wfs1_ctcf,20250612_30hpf_wfs1_ctcf_B02,20250612_30hpf_wfs1_ctcf_B02_e01,1,sa_outlier_flag
Keyence,20250612_30hpf_wfs1_ctcf,20250612_30hpf_wfs1_ctcf_B07,20250612_30hpf_wfs1_ctcf_B07_e01,1,sa_outlier_flag
Keyence,20250612_30hpf_wfs1_ctcf,20250612_30hpf_wfs1_ctcf_B11,20250612_30hpf_wfs1_ctcf_B11_e01,1,sa_outlier_flag
Keyence,20250612_30hpf_wfs1_ctcf,20250612_30hpf_wfs1_ctcf_C01,20250612_30hpf_wfs1_ctcf_C01_e01,1,sa_outlier_flag
Keyence,20250612_30hpf_wfs1_ctcf,20250612_30hpf_wfs1_ctcf_C07,20250612_30hpf_wfs1_ctcf_C07_e01,1,sa_outlier_flag
Keyence,20250612_30hpf_wfs1_ctcf,20250612_30hpf_wfs1_ctcf_C08,20250612_30hpf_wfs1_ctcf_C08_e01,1,sa_outlier_flag
Keyence,20250612_30hpf_wfs1_ctcf,20250612_30hpf_wfs1_ctcf_D01,20250612_30hpf_wfs1_ctcf_D01_e01,1,sa_outlier_flag
Keyence,20250612_30hpf_wfs1_ctcf,20250612_30hpf_wfs1_ctcf_D02,20250612_30hpf_wfs1_ctcf_D02_e01,1,sa_outlier_flag
Keyence,20250612_30hpf_wfs1_ctcf,20250612_30hpf_wfs1_ctcf_D07,20250612_30hpf_wfs1_ctcf_D07_e01,1,sa_outlier_flag
Keyence,20250612_30hpf_wfs1_ctcf,20250612_30hpf_wfs1_ctcf_D09,20250612_30hpf_wfs1_ctcf_D09_e01,1,overlapping_mask_flag
Keyence,20250612_30hpf_wfs1_ctcf,20250612_30hpf_wfs1_ctcf_D09,20250612_30hpf_wfs1_ctcf_D09_e02,1,sa_outlier_flag|overlapping_mask_flag
Keyence,20250612_30hpf_wfs1_ctcf,20250612_30hpf_wfs1_ctcf_E01,20250612_30hpf_wfs1_ctcf_E01_e01,1,sa_outlier_flag
Keyence,20250612_30hpf_wfs1_ctcf,20250612_30hpf_wfs1_ctcf_E08,20250612_30hpf_wfs1_ctcf_E08_e01,1,sa_outlier_flag|focus_flag
Keyence,20250612_30hpf_wfs1_ctcf,20250612_30hpf_wfs1_ctcf_E11,20250612_30hpf_wfs1_ctcf_E11_e01,1,sa_outlier_flag
Keyence,20250612_30hpf_wfs1_ctcf,20250612_30hpf_wfs1_ctcf_F01,20250612_30hpf_wfs1_ctcf_F01_e01,1,sa_outlier_flag
Keyence,20250612_30hpf_wfs1_ctcf,20250612_30hpf_wfs1_ctcf_F04,20250612_30hpf_wfs1_ctcf_F04_e01,1,viability_dead_flag
Keyence,20250612_30hpf_wfs1_ctcf,20250612_30hpf_wfs1_ctcf_F09,20250612_30hpf_wfs1_ctcf_F09_e01,1,sa_outlier_flag
Keyence,20250612_30hpf_wfs1_ctcf,20250612_30hpf_wfs1_ctcf_G07,20250612_30hpf_wfs1_ctcf_G07_e01,1,sa_outlier_flag
Keyence,20250612_30hpf_wfs1_ctcf,20250612_30hpf_wfs1_ctcf_G08,20250612_30hpf_wfs1_ctcf_G08_e01,1,sa_outlier_flag
Keyence,20250612_30hpf_wfs1_ctcf,20250612_30hpf_wfs1_ctcf_H11,20250612_30hpf_wfs1_ctcf_H11_e01,1,sa_outlier_flag
Keyence,20250612_36hpf_ctrl_atf6,20250612_36hpf_ctrl_atf6_A08,20250612_36hpf_ctrl_atf6_A08_e01,1,sa_outlier_flag
Keyence,20250612_36hpf_ctrl_atf6,20250612_36hpf_ctrl_atf6_A08,20250612_36hpf_ctrl_atf6_A08_e02,1,sa_outlier_flag|focus_flag
Keyence,20250612_36hpf_ctrl_atf6,20250612_36hpf_ctrl_atf6_A11,20250612_36hpf_ctrl_atf6_A11_e01,1,sa_outlier_flag
Keyence,20250612_36hpf_ctrl_atf6,20250612_36hpf_ctrl_atf6_B02,20250612_36hpf_ctrl_atf6_B02_e01,1,sa_outlier_flag
Keyence,20250612_36hpf_ctrl_atf6,20250612_36hpf_ctrl_atf6_B03,20250612_36hpf_ctrl_atf6_B03_e01,1,overlapping_mask_flag
Keyence,20250612_36hpf_ctrl_atf6,20250612_36hpf_ctrl_atf6_B03,20250612_36hpf_ctrl_atf6_B03_e02,1,sa_outlier_flag|overlapping_mask_flag
Keyence,20250612_36hpf_ctrl_atf6,20250612_36hpf_ctrl_atf6_B08,20250612_36hpf_ctrl_atf6_B08_e01,1,sa_outlier_flag
Keyence,20250612_36hpf_ctrl_atf6,20250612_36hpf_ctrl_atf6_C01,20250612_36hpf_ctrl_atf6_C01_e02,1,sa_outlier_flag|motion_blur_flag
Keyence,20250612_36hpf_ctrl_atf6,20250612_36hpf_ctrl_atf6_C07,20250612_36hpf_ctrl_atf6_C07_e01,1,sa_outlier_flag
Keyence,20250612_36hpf_ctrl_atf6,20250612_36hpf_ctrl_atf6_D07,20250612_36hpf_ctrl_atf6_D07_e01,1,sa_outlier_flag
Keyence,20250612_36hpf_ctrl_atf6,20250612_36hpf_ctrl_atf6_D08,20250612_36hpf_ctrl_atf6_D08_e01,1,sa_outlier_flag|overlapping_mask_flag
Keyence,20250612_36hpf_ctrl_atf6,20250612_36hpf_ctrl_atf6_D08,20250612_36hpf_ctrl_atf6_D08_e02,1,sa_outlier_flag|overlapping_mask_flag
Keyence,20250612_36hpf_ctrl_atf6,20250612_36hpf_ctrl_atf6_E07,20250612_36hpf_ctrl_atf6_E07_e01,1,sa_outlier_flag
Keyence,20250612_36hpf_ctrl_atf6,20250612_36hpf_ctrl_atf6_E08,20250612_36hpf_ctrl_atf6_E08_e01,1,sa_outlier_flag|edge_flag
Keyence,20250612_36hpf_ctrl_atf6,20250612_36hpf_ctrl_atf6_E09,20250612_36hpf_ctrl_atf6_E09_e01,1,sa_outlier_flag
Keyence,20250612_36hpf_ctrl_atf6,20250612_36hpf_ctrl_atf6_F06,20250612_36hpf_ctrl_atf6_F06_e01,1,sa_outlier_flag
Keyence,20250612_36hpf_ctrl_atf6,20250612_36hpf_ctrl_atf6_G07,20250612_36hpf_ctrl_atf6_G07_e01,1,sa_outlier_flag
Keyence,20250612_36hpf_ctrl_atf6,20250612_36hpf_ctrl_atf6_H03,20250612_36hpf_ctrl_atf6_H03_e01,1,sa_outlier_flag|focus_flag
Keyence,20250612_36hpf_ctrl_atf6,20250612_36hpf_ctrl_atf6_H11,20250612_36hpf_ctrl_atf6_H11_e01,1,overlapping_mask_flag
Keyence,20250612_36hpf_ctrl_atf6,20250612_36hpf_ctrl_atf6_H11,20250612_36hpf_ctrl_atf6_H11_e02,1,sa_outlier_flag|overlapping_mask_flag
Keyence,20250612_36hpf_ctrl_atf6,20250612_36hpf_ctrl_atf6_H11,20250612_36hpf_ctrl_atf6_H11_e03,1,sa_outlier_flag|focus_flag
Keyence,20250612_36hpf_wfs1_ctcf,20250612_36hpf_wfs1_ctcf_A01,20250612_36hpf_wfs1_ctcf_A01_e01,1,sa_outlier_flag
Keyence,20250612_36hpf_wfs1_ctcf,20250612_36hpf_wfs1_ctcf_A02,20250612_36hpf_wfs1_ctcf_A02_e01,1,sa_outlier_flag
Keyence,20250612_36hpf_wfs1_ctcf,20250612_36hpf_wfs1_ctcf_A07,20250612_36hpf_wfs1_ctcf_A07_e01,1,sa_outlier_flag
Keyence,20250612_36hpf_wfs1_ctcf,20250612_36hpf_wfs1_ctcf_A08,20250612_36hpf_wfs1_ctcf_A08_e01,1,sa_outlier_flag
Keyence,20250612_36hpf_wfs1_ctcf,20250612_36hpf_wfs1_ctcf_B01,20250612_36hpf_wfs1_ctcf_B01_e01,1,sa_outlier_flag
Keyence,20250612_36hpf_wfs1_ctcf,20250612_36hpf_wfs1_ctcf_B02,20250612_36hpf_wfs1_ctcf_B02_e01,1,sa_outlier_flag
Keyence,20250612_36hpf_wfs1_ctcf,20250612_36hpf_wfs1_ctcf_B08,20250612_36hpf_wfs1_ctcf_B08_e01,1,sa_outlier_flag
Keyence,20250612_36hpf_wfs1_ctcf,20250612_36hpf_wfs1_ctcf_B09,20250612_36hpf_wfs1_ctcf_B09_e01,1,sa_outlier_flag
Keyence,20250612_36hpf_wfs1_ctcf,20250612_36hpf_wfs1_ctcf_C01,20250612_36hpf_wfs1_ctcf_C01_e01,1,sa_outlier_flag
Keyence,20250612_36hpf_wfs1_ctcf,20250612_36hpf_wfs1_ctcf_C02,20250612_36hpf_wfs1_ctcf_C02_e01,1,sa_outlier_flag|overlapping_mask_flag
Keyence,20250612_36hpf_wfs1_ctcf,20250612_36hpf_wfs1_ctcf_C02,20250612_36hpf_wfs1_ctcf_C02_e02,1,sa_outlier_flag|overlapping_mask_flag
Keyence,20250612_36hpf_wfs1_ctcf,20250612_36hpf_wfs1_ctcf_C08,20250612_36hpf_wfs1_ctcf_C08_e01,1,sa_outlier_flag
Keyence,20250612_36hpf_wfs1_ctcf,20250612_36hpf_wfs1_ctcf_D01,20250612_36hpf_wfs1_ctcf_D01_e01,1,sa_outlier_flag
Keyence,20250612_36hpf_wfs1_ctcf,20250612_36hpf_wfs1_ctcf_D07,20250612_36hpf_wfs1_ctcf_D07_e01,1,sa_outlier_flag
Keyence,20250612_36hpf_wfs1_ctcf,20250612_36hpf_wfs1_ctcf_D10,20250612_36hpf_wfs1_ctcf_D10_e01,1,focus_flag
Keyence,20250612_36hpf_wfs1_ctcf,20250612_36hpf_wfs1_ctcf_E02,20250612_36hpf_wfs1_ctcf_E02_e01,1,sa_outlier_flag
Keyence,20250612_36hpf_wfs1_ctcf,20250612_36hpf_wfs1_ctcf_E09,20250612_36hpf_wfs1_ctcf_E09_e01,1,sa_outlier_flag
Keyence,20250612_36hpf_wfs1_ctcf,20250612_36hpf_wfs1_ctcf_F01,20250612_36hpf_wfs1_ctcf_F01_e01,1,sa_outlier_flag
Keyence,20250612_36hpf_wfs1_ctcf,20250612_36hpf_wfs1_ctcf_F07,20250612_36hpf_wfs1_ctcf_F07_e01,1,sa_outlier_flag
Keyence,20250612_36hpf_wfs1_ctcf,20250612_36hpf_wfs1_ctcf_F09,20250612_36hpf_wfs1_ctcf_F09_e01,1,sa_outlier_flag
Keyence,20250612_36hpf_wfs1_ctcf,20250612_36hpf_wfs1_ctcf_G01,20250612_36hpf_wfs1_ctcf_G01_e01,1,sa_outlier_flag
Keyence,20250612_36hpf_wfs1_ctcf,20250612_36hpf_wfs1_ctcf_G07,20250612_36hpf_wfs1_ctcf_G07_e01,1,sa_outlier_flag
Keyence,20250612_36hpf_wfs1_ctcf,20250612_36hpf_wfs1_ctcf_G08,20250612_36hpf_wfs1_ctcf_G08_e01,1,sa_outlier_flag
Keyence,20250612_36hpf_wfs1_ctcf,20250612_36hpf_wfs1_ctcf_H01,20250612_36hpf_wfs1_ctcf_H01_e01,1,sa_outlier_flag
Keyence,20250612_36hpf_wfs1_ctcf,20250612_36hpf_wfs1_ctcf_H07,20250612_36hpf_wfs1_ctcf_H07_e01,1,sa_outlier_flag
Keyence,20260324_cep290_24hpf_plate01,20260324_cep290_24hpf_plate01_A09,20260324_cep290_24hpf_plate01_A09_e01,1,overlapping_mask_flag
Keyence,20260324_cep290_24hpf_plate01,20260324_cep290_24hpf_plate01_A09,20260324_cep290_24hpf_plate01_A09_e02,1,sa_outlier_flag|overlapping_mask_flag
Keyence,20260324_cep290_24hpf_plate01,20260324_cep290_24hpf_plate01_B02,20260324_cep290_24hpf_plate01_B02_e02,1,focus_flag
Keyence,20260324_cep290_24hpf_plate01,20260324_cep290_24hpf_plate01_D04,20260324_cep290_24hpf_plate01_D04_e01,1,sa_outlier_flag|discontinuous_mask_flag
Keyence,20260324_cep290_24hpf_plate01,20260324_cep290_24hpf_plate01_D11,20260324_cep290_24hpf_plate01_D11_e01,1,focus_flag
Keyence,20260324_cep290_24hpf_plate01,20260324_cep290_24hpf_plate01_D11,20260324_cep290_24hpf_plate01_D11_e03,1,sa_outlier_flag|edge_flag|focus_flag
Keyence,20260324_cep290_24hpf_plate01,20260324_cep290_24hpf_plate01_D12,20260324_cep290_24hpf_plate01_D12_e02,1,sa_outlier_flag|focus_flag
Keyence,20260324_cep290_24hpf_plate01,20260324_cep290_24hpf_plate01_H04,20260324_cep290_24hpf_plate01_H04_e02,1,sa_outlier_flag|motion_blur_flag
Keyence,20260324_cep290_24hpf_plate01,20260324_cep290_24hpf_plate01_H10,20260324_cep290_24hpf_plate01_H10_e01,1,overlapping_mask_flag
Keyence,20260324_cep290_24hpf_plate01,20260324_cep290_24hpf_plate01_H10,20260324_cep290_24hpf_plate01_H10_e02,1,sa_outlier_flag|overlapping_mask_flag
Keyence,20260324_cep290_24hpf_plate02,20260324_cep290_24hpf_plate02_A01,20260324_cep290_24hpf_plate02_A01_e01,1,overlapping_mask_flag
Keyence,20260324_cep290_24hpf_plate02,20260324_cep290_24hpf_plate02_A01,20260324_cep290_24hpf_plate02_A01_e02,1,sa_outlier_flag|overlapping_mask_flag
Keyence,20260324_cep290_24hpf_plate02,20260324_cep290_24hpf_plate02_A05,20260324_cep290_24hpf_plate02_A05_e01,1,overlapping_mask_flag
Keyence,20260324_cep290_24hpf_plate02,20260324_cep290_24hpf_plate02_A05,20260324_cep290_24hpf_plate02_A05_e02,1,sa_outlier_flag|overlapping_mask_flag
Keyence,20260324_cep290_24hpf_plate02,20260324_cep290_24hpf_plate02_A09,20260324_cep290_24hpf_plate02_A09_e01,1,motion_blur_flag
Keyence,20260324_cep290_24hpf_plate02,20260324_cep290_24hpf_plate02_A12,20260324_cep290_24hpf_plate02_A12_e01,1,motion_blur_flag
Keyence,20260324_cep290_24hpf_plate02,20260324_cep290_24hpf_plate02_B11,20260324_cep290_24hpf_plate02_B11_e01,1,motion_blur_flag
Keyence,20260324_cep290_24hpf_plate02,20260324_cep290_24hpf_plate02_C09,20260324_cep290_24hpf_plate02_C09_e02,1,viability_dead_flag|focus_flag
Keyence,20260324_cep290_24hpf_plate02,20260324_cep290_24hpf_plate02_C11,20260324_cep290_24hpf_plate02_C11_e01,1,motion_blur_flag
Keyence,20260324_cep290_24hpf_plate02,20260324_cep290_24hpf_plate02_C12,20260324_cep290_24hpf_plate02_C12_e01,1,focus_flag
Keyence,20260324_cep290_24hpf_plate02,20260324_cep290_24hpf_plate02_D01,20260324_cep290_24hpf_plate02_D01_e01,1,sa_outlier_flag|overlapping_mask_flag
Keyence,20260324_cep290_24hpf_plate02,20260324_cep290_24hpf_plate02_D01,20260324_cep290_24hpf_plate02_D01_e02,1,overlapping_mask_flag
Keyence,20260324_cep290_24hpf_plate02,20260324_cep290_24hpf_plate02_E01,20260324_cep290_24hpf_plate02_E01_e01,1,sa_outlier_flag|focus_flag
Keyence,20260324_cep290_24hpf_plate02,20260324_cep290_24hpf_plate02_E12,20260324_cep290_24hpf_plate02_E12_e01,1,motion_blur_flag
Keyence,20260324_cep290_24hpf_plate02,20260324_cep290_24hpf_plate02_F02,20260324_cep290_24hpf_plate02_F02_e01,1,overlapping_mask_flag
Keyence,20260324_cep290_24hpf_plate02,20260324_cep290_24hpf_plate02_F02,20260324_cep290_24hpf_plate02_F02_e02,1,sa_outlier_flag|overlapping_mask_flag
Keyence,20260324_cep290_24hpf_plate02,20260324_cep290_24hpf_plate02_F05,20260324_cep290_24hpf_plate02_F05_e01,1,sa_outlier_flag|focus_flag
Keyence,20260324_cep290_24hpf_plate02,20260324_cep290_24hpf_plate02_F12,20260324_cep290_24hpf_plate02_F12_e01,1,focus_flag
Keyence,20260324_cep290_24hpf_plate02,20260324_cep290_24hpf_plate02_G01,20260324_cep290_24hpf_plate02_G01_e01,1,overlapping_mask_flag
Keyence,20260324_cep290_24hpf_plate02,20260324_cep290_24hpf_plate02_G01,20260324_cep290_24hpf_plate02_G01_e02,1,sa_outlier_flag|overlapping_mask_flag
Keyence,20260324_cep290_24hpf_plate02,20260324_cep290_24hpf_plate02_G11,20260324_cep290_24hpf_plate02_G11_e01,1,motion_blur_flag
Keyence,20260324_cep290_24hpf_plate02,20260324_cep290_24hpf_plate02_G12,20260324_cep290_24hpf_plate02_G12_e01,1,focus_flag
Keyence,20260324_cep290_24hpf_plate02,20260324_cep290_24hpf_plate02_H01,20260324_cep290_24hpf_plate02_H01_e01,1,overlapping_mask_flag
Keyence,20260324_cep290_24hpf_plate02,20260324_cep290_24hpf_plate02_H01,20260324_cep290_24hpf_plate02_H01_e02,1,overlapping_mask_flag
Keyence,20260324_cep290_24hpf_plate02,20260324_cep290_24hpf_plate02_H09,20260324_cep290_24hpf_plate02_H09_e01,1,motion_blur_flag
Keyence,20260324_cep290_24hpf_plate02,20260324_cep290_24hpf_plate02_H11,20260324_cep290_24hpf_plate02_H11_e01,1,focus_flag|motion_blur_flag
Keyence,20260324_cep290_24hpf_plate02,20260324_cep290_24hpf_plate02_H12,20260324_cep290_24hpf_plate02_H12_e01,1,focus_flag
Keyence,20260324_cep290_30hpf_plate01,20260324_cep290_30hpf_plate01_B07,20260324_cep290_30hpf_plate01_B07_e01,1,overlapping_mask_flag
Keyence,20260324_cep290_30hpf_plate01,20260324_cep290_30hpf_plate01_B07,20260324_cep290_30hpf_plate01_B07_e02,1,sa_outlier_flag|overlapping_mask_flag
Keyence,20260324_cep290_30hpf_plate01,20260324_cep290_30hpf_plate01_D09,20260324_cep290_30hpf_plate01_D09_e01,1,overlapping_mask_flag
Keyence,20260324_cep290_30hpf_plate01,20260324_cep290_30hpf_plate01_D09,20260324_cep290_30hpf_plate01_D09_e02,1,sa_outlier_flag|overlapping_mask_flag
Keyence,20260324_cep290_30hpf_plate01,20260324_cep290_30hpf_plate01_D12,20260324_cep290_30hpf_plate01_D12_e01,1,sa_outlier_flag
Keyence,20260324_cep290_30hpf_plate01,20260324_cep290_30hpf_plate01_E10,20260324_cep290_30hpf_plate01_E10_e01,1,overlapping_mask_flag
Keyence,20260324_cep290_30hpf_plate01,20260324_cep290_30hpf_plate01_E10,20260324_cep290_30hpf_plate01_E10_e02,1,sa_outlier_flag|overlapping_mask_flag
Keyence,20260324_cep290_30hpf_plate02,20260324_cep290_30hpf_plate02_A02,20260324_cep290_30hpf_plate02_A02_e01,1,overlapping_mask_flag
Keyence,20260324_cep290_30hpf_plate02,20260324_cep290_30hpf_plate02_A02,20260324_cep290_30hpf_plate02_A02_e02,1,sa_outlier_flag|overlapping_mask_flag
Keyence,20260324_cep290_30hpf_plate02,20260324_cep290_30hpf_plate02_B01,20260324_cep290_30hpf_plate02_B01_e02,1,sa_outlier_flag|motion_blur_flag
Keyence,20260324_cep290_30hpf_plate02,20260324_cep290_30hpf_plate02_B01,20260324_cep290_30hpf_plate02_B01_e03,1,sa_outlier_flag|motion_blur_flag
Keyence,20260324_cep290_30hpf_plate02,20260324_cep290_30hpf_plate02_B04,20260324_cep290_30hpf_plate02_B04_e01,1,motion_blur_flag
Keyence,20260324_cep290_30hpf_plate02,20260324_cep290_30hpf_plate02_B05,20260324_cep290_30hpf_plate02_B05_e01,1,overlapping_mask_flag
Keyence,20260324_cep290_30hpf_plate02,20260324_cep290_30hpf_plate02_B05,20260324_cep290_30hpf_plate02_B05_e02,1,sa_outlier_flag|overlapping_mask_flag
Keyence,20260324_cep290_30hpf_plate02,20260324_cep290_30hpf_plate02_C05,20260324_cep290_30hpf_plate02_C05_e01,1,overlapping_mask_flag
Keyence,20260324_cep290_30hpf_plate02,20260324_cep290_30hpf_plate02_C05,20260324_cep290_30hpf_plate02_C05_e02,1,sa_outlier_flag|overlapping_mask_flag
Keyence,20260324_cep290_30hpf_plate02,20260324_cep290_30hpf_plate02_E03,20260324_cep290_30hpf_plate02_E03_e01,1,sa_outlier_flag|edge_flag|focus_flag
Keyence,20260324_cep290_30hpf_plate02,20260324_cep290_30hpf_plate02_E03,20260324_cep290_30hpf_plate02_E03_e02,1,sa_outlier_flag|edge_flag
Keyence,20260324_cep290_30hpf_plate02,20260324_cep290_30hpf_plate02_F01,20260324_cep290_30hpf_plate02_F01_e01,1,overlapping_mask_flag
Keyence,20260324_cep290_30hpf_plate02,20260324_cep290_30hpf_plate02_F01,20260324_cep290_30hpf_plate02_F01_e02,1,sa_outlier_flag|overlapping_mask_flag
Keyence,20260324_cep290_30hpf_plate02,20260324_cep290_30hpf_plate02_F05,20260324_cep290_30hpf_plate02_F05_e01,1,sa_outlier_flag|discontinuous_mask_flag
Keyence,20260324_cep290_30hpf_plate02,20260324_cep290_30hpf_plate02_G03,20260324_cep290_30hpf_plate02_G03_e01,1,sa_outlier_flag|focus_flag
Keyence,20260324_cep290_30hpf_plate02,20260324_cep290_30hpf_plate02_G04,20260324_cep290_30hpf_plate02_G04_e01,1,overlapping_mask_flag
Keyence,20260324_cep290_30hpf_plate02,20260324_cep290_30hpf_plate02_G04,20260324_cep290_30hpf_plate02_G04_e02,1,sa_outlier_flag|overlapping_mask_flag
Keyence,20260331_b9d2_18hpf_plate02,20260331_b9d2_18hpf_plate02_A06,20260331_b9d2_18hpf_plate02_A06_e02,1,sa_outlier_flag|focus_flag
Keyence,20260331_b9d2_18hpf_plate02,20260331_b9d2_18hpf_plate02_A07,20260331_b9d2_18hpf_plate02_A07_e01,1,sa_outlier_flag
Keyence,20260331_b9d2_18hpf_plate02,20260331_b9d2_18hpf_plate02_A08,20260331_b9d2_18hpf_plate02_A08_e01,1,sa_outlier_flag|motion_blur_flag
Keyence,20260331_b9d2_18hpf_plate02,20260331_b9d2_18hpf_plate02_B06,20260331_b9d2_18hpf_plate02_B06_e02,1,viability_dead_flag|sa_outlier_flag
Keyence,20260331_b9d2_18hpf_plate02,20260331_b9d2_18hpf_plate02_B06,20260331_b9d2_18hpf_plate02_B06_e03,1,sa_outlier_flag|focus_flag
Keyence,20260331_b9d2_18hpf_plate02,20260331_b9d2_18hpf_plate02_B07,20260331_b9d2_18hpf_plate02_B07_e01,1,sa_outlier_flag
Keyence,20260331_b9d2_18hpf_plate02,20260331_b9d2_18hpf_plate02_B08,20260331_b9d2_18hpf_plate02_B08_e01,1,sa_outlier_flag|motion_blur_flag
Keyence,20260331_b9d2_18hpf_plate02,20260331_b9d2_18hpf_plate02_C01,20260331_b9d2_18hpf_plate02_C01_e01,1,edge_flag
Keyence,20260331_b9d2_18hpf_plate02,20260331_b9d2_18hpf_plate02_C05,20260331_b9d2_18hpf_plate02_C05_e02,1,sa_outlier_flag|focus_flag
Keyence,20260331_b9d2_18hpf_plate02,20260331_b9d2_18hpf_plate02_C07,20260331_b9d2_18hpf_plate02_C07_e01,1,sa_outlier_flag
Keyence,20260331_b9d2_18hpf_plate02,20260331_b9d2_18hpf_plate02_C08,20260331_b9d2_18hpf_plate02_C08_e01,1,sa_outlier_flag
Keyence,20260331_b9d2_18hpf_plate02,20260331_b9d2_18hpf_plate02_D02,20260331_b9d2_18hpf_plate02_D02_e02,1,sa_outlier_flag|motion_blur_flag
Keyence,20260331_b9d2_18hpf_plate02,20260331_b9d2_18hpf_plate02_D07,20260331_b9d2_18hpf_plate02_D07_e01,1,sa_outlier_flag
Keyence,20260331_b9d2_18hpf_plate02,20260331_b9d2_18hpf_plate02_D08,20260331_b9d2_18hpf_plate02_D08_e01,1,sa_outlier_flag|edge_flag
Keyence,20260331_b9d2_18hpf_plate02,20260331_b9d2_18hpf_plate02_E07,20260331_b9d2_18hpf_plate02_E07_e01,1,sa_outlier_flag
Keyence,20260331_b9d2_18hpf_plate02,20260331_b9d2_18hpf_plate02_E08,20260331_b9d2_18hpf_plate02_E08_e01,1,sa_outlier_flag|edge_flag
Keyence,20260331_b9d2_18hpf_plate02,20260331_b9d2_18hpf_plate02_F04,20260331_b9d2_18hpf_plate02_F04_e02,1,sa_outlier_flag|focus_flag
Keyence,20260331_b9d2_18hpf_plate02,20260331_b9d2_18hpf_plate02_F06,20260331_b9d2_18hpf_plate02_F06_e02,1,sa_outlier_flag|focus_flag
Keyence,20260331_b9d2_18hpf_plate02,20260331_b9d2_18hpf_plate02_F07,20260331_b9d2_18hpf_plate02_F07_e01,1,sa_outlier_flag|focus_flag
Keyence,20260331_b9d2_18hpf_plate02,20260331_b9d2_18hpf_plate02_F08,20260331_b9d2_18hpf_plate02_F08_e01,1,sa_outlier_flag|focus_flag
Keyence,20260331_b9d2_18hpf_plate02,20260331_b9d2_18hpf_plate02_G04,20260331_b9d2_18hpf_plate02_G04_e02,1,sa_outlier_flag|focus_flag
Keyence,20260331_b9d2_18hpf_plate02,20260331_b9d2_18hpf_plate02_G07,20260331_b9d2_18hpf_plate02_G07_e01,1,sa_outlier_flag|focus_flag
Keyence,20260331_b9d2_18hpf_plate02,20260331_b9d2_18hpf_plate02_G08,20260331_b9d2_18hpf_plate02_G08_e01,1,sa_outlier_flag|focus_flag
Keyence,20260331_b9d2_18hpf_plate02,20260331_b9d2_18hpf_plate02_H07,20260331_b9d2_18hpf_plate02_H07_e01,1,sa_outlier_flag|focus_flag
Keyence,20260331_b9d2_18hpf_plate02,20260331_b9d2_18hpf_plate02_H08,20260331_b9d2_18hpf_plate02_H08_e01,1,sa_outlier_flag|focus_flag
Keyence,20260414_b9d2_14hpf_plate01,20260414_b9d2_14hpf_plate01_A06,20260414_b9d2_14hpf_plate01_A06_e02,1,sa_outlier_flag|focus_flag
Keyence,20260414_b9d2_14hpf_plate01,20260414_b9d2_14hpf_plate01_C03,20260414_b9d2_14hpf_plate01_C03_e02,1,sa_outlier_flag|focus_flag
Keyence,20260414_b9d2_14hpf_plate01,20260414_b9d2_14hpf_plate01_C07,20260414_b9d2_14hpf_plate01_C07_e02,1,sa_outlier_flag|focus_flag
Keyence,20260414_b9d2_14hpf_plate01,20260414_b9d2_14hpf_plate01_F02,20260414_b9d2_14hpf_plate01_F02_e02,1,sa_outlier_flag|motion_blur_flag
Keyence,20260414_b9d2_14hpf_plate01,20260414_b9d2_14hpf_plate01_F05,20260414_b9d2_14hpf_plate01_F05_e02,1,sa_outlier_flag
Keyence,20260414_b9d2_14hpf_plate01,20260414_b9d2_14hpf_plate01_F06,20260414_b9d2_14hpf_plate01_F06_e02,1,sa_outlier_flag
Keyence,20260414_b9d2_14hpf_plate01,20260414_b9d2_14hpf_plate01_F06,20260414_b9d2_14hpf_plate01_F06_e03,1,sa_outlier_flag
Keyence,20260414_b9d2_14hpf_plate01,20260414_b9d2_14hpf_plate01_F07,20260414_b9d2_14hpf_plate01_F07_e02,1,sa_outlier_flag|focus_flag
Keyence,20260414_b9d2_14hpf_plate01,20260414_b9d2_14hpf_plate01_G02,20260414_b9d2_14hpf_plate01_G02_e02,1,sa_outlier_flag|motion_blur_flag
Keyence,20260414_b9d2_14hpf_plate01,20260414_b9d2_14hpf_plate01_H02,20260414_b9d2_14hpf_plate01_H02_e02,1,sa_outlier_flag|motion_blur_flag
Keyence,20260414_b9d2_30hpf_plate01,20260414_b9d2_30hpf_plate01_C05,20260414_b9d2_30hpf_plate01_C05_e02,1,sa_outlier_flag
Keyence,20260414_b9d2_30hpf_plate01,20260414_b9d2_30hpf_plate01_C10,20260414_b9d2_30hpf_plate01_C10_e02,1,sa_outlier_flag|focus_flag
Keyence,20260414_b9d2_30hpf_plate01,20260414_b9d2_30hpf_plate01_D03,20260414_b9d2_30hpf_plate01_D03_e01,1,sa_outlier_flag|edge_flag|motion_blur_flag
Keyence,20260414_b9d2_30hpf_plate01,20260414_b9d2_30hpf_plate01_D08,20260414_b9d2_30hpf_plate01_D08_e02,1,sa_outlier_flag|motion_blur_flag
Keyence,20260414_b9d2_30hpf_plate01,20260414_b9d2_30hpf_plate01_D10,20260414_b9d2_30hpf_plate01_D10_e02,1,sa_outlier_flag
Keyence,20260414_b9d2_30hpf_plate01,20260414_b9d2_30hpf_plate01_F02,20260414_b9d2_30hpf_plate01_F02_e01,1,edge_flag
Keyence,20260414_b9d2_30hpf_plate01,20260414_b9d2_30hpf_plate01_G02,20260414_b9d2_30hpf_plate01_G02_e01,1,sa_outlier_flag|edge_flag
Keyence,20260414_b9d2_30hpf_plate01,20260414_b9d2_30hpf_plate01_G05,20260414_b9d2_30hpf_plate01_G05_e01,1,overlapping_mask_flag
Keyence,20260414_b9d2_30hpf_plate01,20260414_b9d2_30hpf_plate01_G05,20260414_b9d2_30hpf_plate01_G05_e02,1,sa_outlier_flag|overlapping_mask_flag
Keyence,20260414_b9d2_30hpf_plate01,20260414_b9d2_30hpf_plate01_G09,20260414_b9d2_30hpf_plate01_G09_e02,1,sa_outlier_flag|motion_blur_flag
Keyence,20260414_b9d2_30hpf_plate01,20260414_b9d2_30hpf_plate01_H02,20260414_b9d2_30hpf_plate01_H02_e02,1,sa_outlier_flag|motion_blur_flag
Keyence,20260414_b9d2_30hpf_plate01,20260414_b9d2_30hpf_plate01_H06,20260414_b9d2_30hpf_plate01_H06_e02,1,sa_outlier_flag
Keyence,20260414_b9d2_30hpf_plate01,20260414_b9d2_30hpf_plate01_H06,20260414_b9d2_30hpf_plate01_H06_e03,1,sa_outlier_flag|motion_blur_flag
Keyence,20260414_b9d2_30hpf_plate02,20260414_b9d2_30hpf_plate02_A02,20260414_b9d2_30hpf_plate02_A02_e01,1,sa_outlier_flag
Keyence,20260414_b9d2_30hpf_plate02,20260414_b9d2_30hpf_plate02_A03,20260414_b9d2_30hpf_plate02_A03_e02,1,sa_outlier_flag|motion_blur_flag
Keyence,20260414_b9d2_30hpf_plate02,20260414_b9d2_30hpf_plate02_A07,20260414_b9d2_30hpf_plate02_A07_e01,1,edge_flag
Keyence,20260414_b9d2_30hpf_plate02,20260414_b9d2_30hpf_plate02_C03,20260414_b9d2_30hpf_plate02_C03_e02,1,sa_outlier_flag
Keyence,20260414_b9d2_30hpf_plate02,20260414_b9d2_30hpf_plate02_C03,20260414_b9d2_30hpf_plate02_C03_e03,1,sa_outlier_flag|motion_blur_flag
Keyence,20260414_b9d2_30hpf_plate02,20260414_b9d2_30hpf_plate02_D04,20260414_b9d2_30hpf_plate02_D04_e02,1,sa_outlier_flag
Keyence,20260414_b9d2_30hpf_plate02,20260414_b9d2_30hpf_plate02_D08,20260414_b9d2_30hpf_plate02_D08_e03,1,motion_blur_flag
Keyence,20260414_b9d2_30hpf_plate02,20260414_b9d2_30hpf_plate02_E08,20260414_b9d2_30hpf_plate02_E08_e01,1,motion_blur_flag
Keyence,20260414_b9d2_30hpf_plate02,20260414_b9d2_30hpf_plate02_E08,20260414_b9d2_30hpf_plate02_E08_e02,1,motion_blur_flag
Keyence,20260414_b9d2_30hpf_plate02,20260414_b9d2_30hpf_plate02_E08,20260414_b9d2_30hpf_plate02_E08_e03,1,motion_blur_flag
Keyence,20260414_b9d2_30hpf_plate02,20260414_b9d2_30hpf_plate02_H02,20260414_b9d2_30hpf_plate02_H02_e01,1,sa_outlier_flag
Keyence,20260414_b9d2_30hpf_plate02,20260414_b9d2_30hpf_plate02_H02,20260414_b9d2_30hpf_plate02_H02_e02,1,sa_outlier_flag
Keyence,20260414_b9d2_30hpf_plate02,20260414_b9d2_30hpf_plate02_H04,20260414_b9d2_30hpf_plate02_H04_e02,1,sa_outlier_flag
Keyence,20260415_b9d2_30to48hpf_plate01_t02,20260415_b9d2_30to48hpf_plate01_t02_A05,20260415_b9d2_30to48hpf_plate01_t02_A05_e02,1,sa_outlier_flag|edge_flag|focus_flag
Keyence,20260415_b9d2_30to48hpf_plate01_t02,20260415_b9d2_30to48hpf_plate01_t02_A06,20260415_b9d2_30to48hpf_plate01_t02_A06_e01,1,overlapping_mask_flag
Keyence,20260415_b9d2_30to48hpf_plate01_t02,20260415_b9d2_30to48hpf_plate01_t02_A06,20260415_b9d2_30to48hpf_plate01_t02_A06_e02,1,sa_outlier_flag|overlapping_mask_flag
Keyence,20260415_b9d2_30to48hpf_plate01_t02,20260415_b9d2_30to48hpf_plate01_t02_A11,20260415_b9d2_30to48hpf_plate01_t02_A11_e02,1,sa_outlier_flag|edge_flag
Keyence,20260415_b9d2_30to48hpf_plate01_t02,20260415_b9d2_30to48hpf_plate01_t02_A12,20260415_b9d2_30to48hpf_plate01_t02_A12_e02,1,sa_outlier_flag|edge_flag
Keyence,20260415_b9d2_30to48hpf_plate01_t02,20260415_b9d2_30to48hpf_plate01_t02_B06,20260415_b9d2_30to48hpf_plate01_t02_B06_e02,1,sa_outlier_flag|edge_flag|focus_flag
Keyence,20260415_b9d2_30to48hpf_plate01_t02,20260415_b9d2_30to48hpf_plate01_t02_B08,20260415_b9d2_30to48hpf_plate01_t02_B08_e02,1,sa_outlier_flag|edge_flag
Keyence,20260415_b9d2_30to48hpf_plate01_t02,20260415_b9d2_30to48hpf_plate01_t02_D11,20260415_b9d2_30to48hpf_plate01_t02_D11_e02,1,sa_outlier_flag|motion_blur_flag
Keyence,20260415_b9d2_30to48hpf_plate01_t02,20260415_b9d2_30to48hpf_plate01_t02_E02,20260415_b9d2_30to48hpf_plate01_t02_E02_e02,1,sa_outlier_flag
Keyence,20260415_b9d2_30to48hpf_plate01_t02,20260415_b9d2_30to48hpf_plate01_t02_E05,20260415_b9d2_30to48hpf_plate01_t02_E05_e01,1,overlapping_mask_flag
Keyence,20260415_b9d2_30to48hpf_plate01_t02,20260415_b9d2_30to48hpf_plate01_t02_E05,20260415_b9d2_30to48hpf_plate01_t02_E05_e02,1,sa_outlier_flag
Keyence,20260415_b9d2_30to48hpf_plate01_t02,20260415_b9d2_30to48hpf_plate01_t02_E05,20260415_b9d2_30to48hpf_plate01_t02_E05_e03,1,sa_outlier_flag|overlapping_mask_flag
Keyence,20260415_b9d2_30to48hpf_plate01_t02,20260415_b9d2_30to48hpf_plate01_t02_F02,20260415_b9d2_30to48hpf_plate01_t02_F02_e01,1,edge_flag
Keyence,20260415_b9d2_30to48hpf_plate01_t02,20260415_b9d2_30to48hpf_plate01_t02_F09,20260415_b9d2_30to48hpf_plate01_t02_F09_e01,1,sa_outlier_flag
Keyence,20260415_b9d2_30to48hpf_plate01_t02,20260415_b9d2_30to48hpf_plate01_t02_F12,20260415_b9d2_30to48hpf_plate01_t02_F12_e02,1,sa_outlier_flag|edge_flag
Keyence,20260415_b9d2_30to48hpf_plate01_t02,20260415_b9d2_30to48hpf_plate01_t02_G09,20260415_b9d2_30to48hpf_plate01_t02_G09_e02,1,sa_outlier_flag
Keyence,20260415_b9d2_30to48hpf_plate01_t02,20260415_b9d2_30to48hpf_plate01_t02_H03,20260415_b9d2_30to48hpf_plate01_t02_H03_e01,1,viability_dead_flag|sa_outlier_flag
Keyence,20260415_b9d2_30to48hpf_plate01_t02,20260415_b9d2_30to48hpf_plate01_t02_H03,20260415_b9d2_30to48hpf_plate01_t02_H03_e02,1,sa_outlier_flag|motion_blur_flag
Keyence,20260415_b9d2_30to48hpf_plate02_t02,20260415_b9d2_30to48hpf_plate02_t02_A01,20260415_b9d2_30to48hpf_plate02_t02_A01_e01,1,motion_blur_flag
Keyence,20260415_b9d2_30to48hpf_plate02_t02,20260415_b9d2_30to48hpf_plate02_t02_A06,20260415_b9d2_30to48hpf_plate02_t02_A06_e02,1,sa_outlier_flag|focus_flag
Keyence,20260415_b9d2_30to48hpf_plate02_t02,20260415_b9d2_30to48hpf_plate02_t02_A06,20260415_b9d2_30to48hpf_plate02_t02_A06_e03,1,sa_outlier_flag|motion_blur_flag
Keyence,20260415_b9d2_30to48hpf_plate02_t02,20260415_b9d2_30to48hpf_plate02_t02_B01,20260415_b9d2_30to48hpf_plate02_t02_B01_e01,1,sa_outlier_flag
Keyence,20260415_b9d2_30to48hpf_plate02_t02,20260415_b9d2_30to48hpf_plate02_t02_B06,20260415_b9d2_30to48hpf_plate02_t02_B06_e01,1,sa_outlier_flag
Keyence,20260415_b9d2_30to48hpf_plate02_t02,20260415_b9d2_30to48hpf_plate02_t02_C05,20260415_b9d2_30to48hpf_plate02_t02_C05_e01,1,edge_flag
Keyence,20260415_b9d2_30to48hpf_plate02_t02,20260415_b9d2_30to48hpf_plate02_t02_C06,20260415_b9d2_30to48hpf_plate02_t02_C06_e01,1,sa_outlier_flag
Keyence,20260415_b9d2_30to48hpf_plate02_t02,20260415_b9d2_30to48hpf_plate02_t02_D01,20260415_b9d2_30to48hpf_plate02_t02_D01_e02,1,sa_outlier_flag
Keyence,20260415_b9d2_30to48hpf_plate02_t02,20260415_b9d2_30to48hpf_plate02_t02_D02,20260415_b9d2_30to48hpf_plate02_t02_D02_e02,1,sa_outlier_flag
Keyence,20260415_b9d2_30to48hpf_plate02_t02,20260415_b9d2_30to48hpf_plate02_t02_D08,20260415_b9d2_30to48hpf_plate02_t02_D08_e02,1,motion_blur_flag
Keyence,20260415_b9d2_30to48hpf_plate02_t02,20260415_b9d2_30to48hpf_plate02_t02_E02,20260415_b9d2_30to48hpf_plate02_t02_E02_e01,1,sa_outlier_flag
Keyence,20260415_b9d2_30to48hpf_plate02_t02,20260415_b9d2_30to48hpf_plate02_t02_E08,20260415_b9d2_30to48hpf_plate02_t02_E08_e03,1,motion_blur_flag
Keyence,20260415_b9d2_30to48hpf_plate02_t02,20260415_b9d2_30to48hpf_plate02_t02_F05,20260415_b9d2_30to48hpf_plate02_t02_F05_e01,1,sa_outlier_flag
Keyence,20260415_b9d2_30to48hpf_plate02_t02,20260415_b9d2_30to48hpf_plate02_t02_G06,20260415_b9d2_30to48hpf_plate02_t02_G06_e01,1,edge_flag
Keyence,20260415_b9d2_30to48hpf_plate02_t02,20260415_b9d2_30to48hpf_plate02_t02_H05,20260415_b9d2_30to48hpf_plate02_t02_H05_e01,1,edge_flag
Keyence,20260415_b9d2_30to48hpf_plate02_t02,20260415_b9d2_30to48hpf_plate02_t02_H05,20260415_b9d2_30to48hpf_plate02_t02_H05_e02,1,sa_outlier_flag
Keyence,20260702_hotchem_24hpf_plate01,20260702_hotchem_24hpf_plate01_C01,20260702_hotchem_24hpf_plate01_C01_e02,1,sa_outlier_flag|motion_blur_flag
Keyence,20260702_hotchem_24hpf_plate01,20260702_hotchem_24hpf_plate01_D02,20260702_hotchem_24hpf_plate01_D02_e01,1,sa_outlier_flag
Keyence,20260702_hotchem_24hpf_plate01,20260702_hotchem_24hpf_plate01_D02,20260702_hotchem_24hpf_plate01_D02_e02,1,sa_outlier_flag
Keyence,20260702_hotchem_24hpf_plate01,20260702_hotchem_24hpf_plate01_D03,20260702_hotchem_24hpf_plate01_D03_e01,1,sa_outlier_flag
Keyence,20260702_hotchem_24hpf_plate01,20260702_hotchem_24hpf_plate01_D06,20260702_hotchem_24hpf_plate01_D06_e02,1,sa_outlier_flag|motion_blur_flag
Keyence,20260702_hotchem_24hpf_plate01,20260702_hotchem_24hpf_plate01_D07,20260702_hotchem_24hpf_plate01_D07_e02,1,sa_outlier_flag|motion_blur_flag
Keyence,20260702_hotchem_24hpf_plate01,20260702_hotchem_24hpf_plate01_E06,20260702_hotchem_24hpf_plate01_E06_e02,1,sa_outlier_flag|motion_blur_flag
Keyence,20260702_hotchem_24hpf_plate01,20260702_hotchem_24hpf_plate01_E10,20260702_hotchem_24hpf_plate01_E10_e01,1,overlapping_mask_flag
Keyence,20260702_hotchem_24hpf_plate01,20260702_hotchem_24hpf_plate01_E10,20260702_hotchem_24hpf_plate01_E10_e02,1,sa_outlier_flag|overlapping_mask_flag
Keyence,20260702_hotchem_24hpf_plate01,20260702_hotchem_24hpf_plate01_E12,20260702_hotchem_24hpf_plate01_E12_e01,1,edge_flag
Keyence,20260702_hotchem_24hpf_plate01,20260702_hotchem_24hpf_plate01_F03,20260702_hotchem_24hpf_plate01_F03_e01,1,sa_outlier_flag
Keyence,20260702_hotchem_24hpf_plate01,20260702_hotchem_24hpf_plate01_G02,20260702_hotchem_24hpf_plate01_G02_e01,1,overlapping_mask_flag
Keyence,20260702_hotchem_24hpf_plate01,20260702_hotchem_24hpf_plate01_G02,20260702_hotchem_24hpf_plate01_G02_e02,1,sa_outlier_flag|overlapping_mask_flag
Keyence,20260702_hotchem_24hpf_plate01,20260702_hotchem_24hpf_plate01_G05,20260702_hotchem_24hpf_plate01_G05_e01,1,overlapping_mask_flag
Keyence,20260702_hotchem_24hpf_plate01,20260702_hotchem_24hpf_plate01_G05,20260702_hotchem_24hpf_plate01_G05_e02,1,sa_outlier_flag|overlapping_mask_flag
Keyence,20260702_hotchem_24hpf_plate02,20260702_hotchem_24hpf_plate02_A05,20260702_hotchem_24hpf_plate02_A05_e01,1,overlapping_mask_flag
Keyence,20260702_hotchem_24hpf_plate02,20260702_hotchem_24hpf_plate02_A05,20260702_hotchem_24hpf_plate02_A05_e02,1,sa_outlier_flag|overlapping_mask_flag
Keyence,20260702_hotchem_24hpf_plate02,20260702_hotchem_24hpf_plate02_A06,20260702_hotchem_24hpf_plate02_A06_e02,1,sa_outlier_flag|focus_flag
Keyence,20260702_hotchem_24hpf_plate02,20260702_hotchem_24hpf_plate02_A06,20260702_hotchem_24hpf_plate02_A06_e03,1,sa_outlier_flag|motion_blur_flag
Keyence,20260702_hotchem_24hpf_plate02,20260702_hotchem_24hpf_plate02_B06,20260702_hotchem_24hpf_plate02_B06_e02,1,sa_outlier_flag|motion_blur_flag
Keyence,20260702_hotchem_24hpf_plate02,20260702_hotchem_24hpf_plate02_B12,20260702_hotchem_24hpf_plate02_B12_e02,1,focus_flag
Keyence,20260702_hotchem_24hpf_plate02,20260702_hotchem_24hpf_plate02_C06,20260702_hotchem_24hpf_plate02_C06_e02,1,sa_outlier_flag|motion_blur_flag
Keyence,20260702_hotchem_24hpf_plate02,20260702_hotchem_24hpf_plate02_C06,20260702_hotchem_24hpf_plate02_C06_e03,1,sa_outlier_flag|motion_blur_flag
Keyence,20260702_hotchem_24hpf_plate02,20260702_hotchem_24hpf_plate02_C06,20260702_hotchem_24hpf_plate02_C06_e04,1,sa_outlier_flag
Keyence,20260702_hotchem_24hpf_plate02,20260702_hotchem_24hpf_plate02_D01,20260702_hotchem_24hpf_plate02_D01_e02,1,sa_outlier_flag|focus_flag
Keyence,20260702_hotchem_24hpf_plate02,20260702_hotchem_24hpf_plate02_D11,20260702_hotchem_24hpf_plate02_D11_e02,1,sa_outlier_flag|focus_flag
Keyence,20260702_hotchem_24hpf_plate02,20260702_hotchem_24hpf_plate02_D12,20260702_hotchem_24hpf_plate02_D12_e02,1,sa_outlier_flag|focus_flag
Keyence,20260702_hotchem_24hpf_plate02,20260702_hotchem_24hpf_plate02_E06,20260702_hotchem_24hpf_plate02_E06_e02,1,sa_outlier_flag|focus_flag
Keyence,20260702_hotchem_24hpf_plate02,20260702_hotchem_24hpf_plate02_E09,20260702_hotchem_24hpf_plate02_E09_e02,1,sa_outlier_flag|motion_blur_flag
Keyence,20260702_hotchem_24hpf_plate02,20260702_hotchem_24hpf_plate02_E12,20260702_hotchem_24hpf_plate02_E12_e02,1,sa_outlier_flag|focus_flag
Keyence,20260702_hotchem_24hpf_plate02,20260702_hotchem_24hpf_plate02_F08,20260702_hotchem_24hpf_plate02_F08_e02,1,sa_outlier_flag|focus_flag
Keyence,20260702_hotchem_24hpf_plate02,20260702_hotchem_24hpf_plate02_F08,20260702_hotchem_24hpf_plate02_F08_e03,1,sa_outlier_flag
Keyence,20260702_hotchem_24hpf_plate02,20260702_hotchem_24hpf_plate02_G05,20260702_hotchem_24hpf_plate02_G05_e02,1,focus_flag
Keyence,20260702_hotchem_24hpf_plate02,20260702_hotchem_24hpf_plate02_G09,20260702_hotchem_24hpf_plate02_G09_e01,1,sa_outlier_flag
Keyence,20260702_hotchem_24hpf_plate02,20260702_hotchem_24hpf_plate02_G09,20260702_hotchem_24hpf_plate02_G09_e02,1,sa_outlier_flag
Keyence,20260702_hotchem_24hpf_plate02,20260702_hotchem_24hpf_plate02_G11,20260702_hotchem_24hpf_plate02_G11_e02,1,sa_outlier_flag|motion_blur_flag
Keyence,20260702_hotchem_24hpf_plate02,20260702_hotchem_24hpf_plate02_G11,20260702_hotchem_24hpf_plate02_G11_e03,1,sa_outlier_flag|motion_blur_flag
Keyence,20260702_hotchem_24hpf_plate02,20260702_hotchem_24hpf_plate02_H09,20260702_hotchem_24hpf_plate02_H09_e01,1,motion_blur_flag
Keyence,20260702_hotchem_30hpf_plate01,20260702_hotchem_30hpf_plate01_A02,20260702_hotchem_30hpf_plate01_A02_e02,1,sa_outlier_flag|motion_blur_flag
Keyence,20260702_hotchem_30hpf_plate01,20260702_hotchem_30hpf_plate01_A03,20260702_hotchem_30hpf_plate01_A03_e01,1,sa_outlier_flag
Keyence,20260702_hotchem_30hpf_plate01,20260702_hotchem_30hpf_plate01_A07,20260702_hotchem_30hpf_plate01_A07_e01,1,overlapping_mask_flag
Keyence,20260702_hotchem_30hpf_plate01,20260702_hotchem_30hpf_plate01_A07,20260702_hotchem_30hpf_plate01_A07_e02,1,sa_outlier_flag|overlapping_mask_flag
Keyence,20260702_hotchem_30hpf_plate01,20260702_hotchem_30hpf_plate01_A12,20260702_hotchem_30hpf_plate01_A12_e01,1,sa_outlier_flag
Keyence,20260702_hotchem_30hpf_plate01,20260702_hotchem_30hpf_plate01_B01,20260702_hotchem_30hpf_plate01_B01_e01,1,sa_outlier_flag
Keyence,20260702_hotchem_30hpf_plate01,20260702_hotchem_30hpf_plate01_B02,20260702_hotchem_30hpf_plate01_B02_e02,1,sa_outlier_flag|focus_flag
Keyence,20260702_hotchem_30hpf_plate01,20260702_hotchem_30hpf_plate01_B02,20260702_hotchem_30hpf_plate01_B02_e03,1,sa_outlier_flag|focus_flag
Keyence,20260702_hotchem_30hpf_plate01,20260702_hotchem_30hpf_plate01_B03,20260702_hotchem_30hpf_plate01_B03_e01,1,sa_outlier_flag
Keyence,20260702_hotchem_30hpf_plate01,20260702_hotchem_30hpf_plate01_B08,20260702_hotchem_30hpf_plate01_B08_e01,1,overlapping_mask_flag
Keyence,20260702_hotchem_30hpf_plate01,20260702_hotchem_30hpf_plate01_B08,20260702_hotchem_30hpf_plate01_B08_e02,1,sa_outlier_flag|overlapping_mask_flag
Keyence,20260702_hotchem_30hpf_plate01,20260702_hotchem_30hpf_plate01_C01,20260702_hotchem_30hpf_plate01_C01_e02,1,sa_outlier_flag|focus_flag
Keyence,20260702_hotchem_30hpf_plate01,20260702_hotchem_30hpf_plate01_C02,20260702_hotchem_30hpf_plate01_C02_e02,1,sa_outlier_flag|focus_flag
Keyence,20260702_hotchem_30hpf_plate01,20260702_hotchem_30hpf_plate01_C03,20260702_hotchem_30hpf_plate01_C03_e01,1,sa_outlier_flag
Keyence,20260702_hotchem_30hpf_plate01,20260702_hotchem_30hpf_plate01_C03,20260702_hotchem_30hpf_plate01_C03_e02,1,sa_outlier_flag|focus_flag
Keyence,20260702_hotchem_30hpf_plate01,20260702_hotchem_30hpf_plate01_C04,20260702_hotchem_30hpf_plate01_C04_e02,1,sa_outlier_flag|edge_flag|focus_flag
Keyence,20260702_hotchem_30hpf_plate01,20260702_hotchem_30hpf_plate01_C05,20260702_hotchem_30hpf_plate01_C05_e02,1,sa_outlier_flag
Keyence,20260702_hotchem_30hpf_plate01,20260702_hotchem_30hpf_plate01_C07,20260702_hotchem_30hpf_plate01_C07_e02,1,focus_flag
Keyence,20260702_hotchem_30hpf_plate01,20260702_hotchem_30hpf_plate01_C08,20260702_hotchem_30hpf_plate01_C08_e02,1,motion_blur_flag
Keyence,20260702_hotchem_30hpf_plate01,20260702_hotchem_30hpf_plate01_D01,20260702_hotchem_30hpf_plate01_D01_e01,1,sa_outlier_flag
Keyence,20260702_hotchem_30hpf_plate01,20260702_hotchem_30hpf_plate01_D02,20260702_hotchem_30hpf_plate01_D02_e01,1,sa_outlier_flag
Keyence,20260702_hotchem_30hpf_plate01,20260702_hotchem_30hpf_plate01_D03,20260702_hotchem_30hpf_plate01_D03_e01,1,sa_outlier_flag
Keyence,20260702_hotchem_30hpf_plate01,20260702_hotchem_30hpf_plate01_D06,20260702_hotchem_30hpf_plate01_D06_e02,1,sa_outlier_flag|motion_blur_flag
Keyence,20260702_hotchem_30hpf_plate01,20260702_hotchem_30hpf_plate01_D07,20260702_hotchem_30hpf_plate01_D07_e02,1,sa_outlier_flag|edge_flag
Keyence,20260702_hotchem_30hpf_plate01,20260702_hotchem_30hpf_plate01_D07,20260702_hotchem_30hpf_plate01_D07_e03,1,sa_outlier_flag|motion_blur_flag
Keyence,20260702_hotchem_30hpf_plate01,20260702_hotchem_30hpf_plate01_E02,20260702_hotchem_30hpf_plate01_E02_e01,1,sa_outlier_flag
Keyence,20260702_hotchem_30hpf_plate01,20260702_hotchem_30hpf_plate01_E02,20260702_hotchem_30hpf_plate01_E02_e02,1,motion_blur_flag
Keyence,20260702_hotchem_30hpf_plate01,20260702_hotchem_30hpf_plate01_E02,20260702_hotchem_30hpf_plate01_E02_e03,1,sa_outlier_flag|motion_blur_flag
Keyence,20260702_hotchem_30hpf_plate01,20260702_hotchem_30hpf_plate01_E03,20260702_hotchem_30hpf_plate01_E03_e01,1,sa_outlier_flag
Keyence,20260702_hotchem_30hpf_plate01,20260702_hotchem_30hpf_plate01_E03,20260702_hotchem_30hpf_plate01_E03_e02,1,sa_outlier_flag|motion_blur_flag
Keyence,20260702_hotchem_30hpf_plate01,20260702_hotchem_30hpf_plate01_E05,20260702_hotchem_30hpf_plate01_E05_e02,1,sa_outlier_flag
Keyence,20260702_hotchem_30hpf_plate01,20260702_hotchem_30hpf_plate01_E08,20260702_hotchem_30hpf_plate01_E08_e02,1,motion_blur_flag
Keyence,20260702_hotchem_30hpf_plate01,20260702_hotchem_30hpf_plate01_E08,20260702_hotchem_30hpf_plate01_E08_e03,1,sa_outlier_flag|motion_blur_flag
Keyence,20260702_hotchem_30hpf_plate01,20260702_hotchem_30hpf_plate01_F02,20260702_hotchem_30hpf_plate01_F02_e02,1,sa_outlier_flag|focus_flag
Keyence,20260702_hotchem_30hpf_plate01,20260702_hotchem_30hpf_plate01_F10,20260702_hotchem_30hpf_plate01_F10_e01,1,overlapping_mask_flag
Keyence,20260702_hotchem_30hpf_plate01,20260702_hotchem_30hpf_plate01_F10,20260702_hotchem_30hpf_plate01_F10_e02,1,sa_outlier_flag|overlapping_mask_flag
Keyence,20260702_hotchem_30hpf_plate01,20260702_hotchem_30hpf_plate01_F12,20260702_hotchem_30hpf_plate01_F12_e02,1,focus_flag
Keyence,20260702_hotchem_30hpf_plate01,20260702_hotchem_30hpf_plate01_G03,20260702_hotchem_30hpf_plate01_G03_e01,1,sa_outlier_flag
Keyence,20260702_hotchem_30hpf_plate01,20260702_hotchem_30hpf_plate01_G04,20260702_hotchem_30hpf_plate01_G04_e02,1,sa_outlier_flag|focus_flag
Keyence,20260702_hotchem_30hpf_plate01,20260702_hotchem_30hpf_plate01_G04,20260702_hotchem_30hpf_plate01_G04_e03,1,sa_outlier_flag|edge_flag|focus_flag
Keyence,20260702_hotchem_30hpf_plate01,20260702_hotchem_30hpf_plate01_G05,20260702_hotchem_30hpf_plate01_G05_e01,1,sa_outlier_flag
Keyence,20260702_hotchem_30hpf_plate01,20260702_hotchem_30hpf_plate01_G05,20260702_hotchem_30hpf_plate01_G05_e02,1,sa_outlier_flag
Keyence,20260702_hotchem_30hpf_plate01,20260702_hotchem_30hpf_plate01_G07,20260702_hotchem_30hpf_plate01_G07_e02,1,sa_outlier_flag|motion_blur_flag
Keyence,20260702_hotchem_30hpf_plate01,20260702_hotchem_30hpf_plate01_H03,20260702_hotchem_30hpf_plate01_H03_e01,1,sa_outlier_flag
Keyence,20260702_hotchem_30hpf_plate01,20260702_hotchem_30hpf_plate01_H07,20260702_hotchem_30hpf_plate01_H07_e01,1,sa_outlier_flag
Keyence,20260702_hotchem_30hpf_plate02,20260702_hotchem_30hpf_plate02_A07,20260702_hotchem_30hpf_plate02_A07_e02,1,sa_outlier_flag|motion_blur_flag
Keyence,20260702_hotchem_30hpf_plate02,20260702_hotchem_30hpf_plate02_A11,20260702_hotchem_30hpf_plate02_A11_e01,1,sa_outlier_flag
Keyence,20260702_hotchem_30hpf_plate02,20260702_hotchem_30hpf_plate02_B06,20260702_hotchem_30hpf_plate02_B06_e01,1,sa_outlier_flag
Keyence,20260702_hotchem_30hpf_plate02,20260702_hotchem_30hpf_plate02_B08,20260702_hotchem_30hpf_plate02_B08_e01,1,sa_outlier_flag
Keyence,20260702_hotchem_30hpf_plate02,20260702_hotchem_30hpf_plate02_D01,20260702_hotchem_30hpf_plate02_D01_e02,1,sa_outlier_flag|focus_flag
Keyence,20260702_hotchem_30hpf_plate02,20260702_hotchem_30hpf_plate02_D05,20260702_hotchem_30hpf_plate02_D05_e01,1,sa_outlier_flag
Keyence,20260702_hotchem_30hpf_plate02,20260702_hotchem_30hpf_plate02_D08,20260702_hotchem_30hpf_plate02_D08_e01,1,sa_outlier_flag|edge_flag
Keyence,20260702_hotchem_30hpf_plate02,20260702_hotchem_30hpf_plate02_D08,20260702_hotchem_30hpf_plate02_D08_e02,1,focus_flag
Keyence,20260702_hotchem_30hpf_plate02,20260702_hotchem_30hpf_plate02_D11,20260702_hotchem_30hpf_plate02_D11_e02,1,sa_outlier_flag|focus_flag
Keyence,20260702_hotchem_30hpf_plate02,20260702_hotchem_30hpf_plate02_E01,20260702_hotchem_30hpf_plate02_E01_e02,1,motion_blur_flag
Keyence,20260702_hotchem_30hpf_plate02,20260702_hotchem_30hpf_plate02_E04,20260702_hotchem_30hpf_plate02_E04_e02,1,sa_outlier_flag|focus_flag
Keyence,20260702_hotchem_30hpf_plate02,20260702_hotchem_30hpf_plate02_E04,20260702_hotchem_30hpf_plate02_E04_e03,1,sa_outlier_flag|focus_flag
Keyence,20260702_hotchem_30hpf_plate02,20260702_hotchem_30hpf_plate02_E04,20260702_hotchem_30hpf_plate02_E04_e04,1,sa_outlier_flag|focus_flag
Keyence,20260702_hotchem_30hpf_plate02,20260702_hotchem_30hpf_plate02_E05,20260702_hotchem_30hpf_plate02_E05_e01,1,sa_outlier_flag
Keyence,20260702_hotchem_30hpf_plate02,20260702_hotchem_30hpf_plate02_E06,20260702_hotchem_30hpf_plate02_E06_e02,1,focus_flag
Keyence,20260702_hotchem_30hpf_plate02,20260702_hotchem_30hpf_plate02_E09,20260702_hotchem_30hpf_plate02_E09_e01,1,sa_outlier_flag|motion_blur_flag
Keyence,20260702_hotchem_30hpf_plate02,20260702_hotchem_30hpf_plate02_E09,20260702_hotchem_30hpf_plate02_E09_e03,1,sa_outlier_flag|motion_blur_flag
Keyence,20260702_hotchem_30hpf_plate02,20260702_hotchem_30hpf_plate02_E09,20260702_hotchem_30hpf_plate02_E09_e04,1,motion_blur_flag
Keyence,20260702_hotchem_30hpf_plate02,20260702_hotchem_30hpf_plate02_E11,20260702_hotchem_30hpf_plate02_E11_e01,1,sa_outlier_flag
Keyence,20260702_hotchem_30hpf_plate02,20260702_hotchem_30hpf_plate02_F01,20260702_hotchem_30hpf_plate02_F01_e01,1,sa_outlier_flag|overlapping_mask_flag
Keyence,20260702_hotchem_30hpf_plate02,20260702_hotchem_30hpf_plate02_F01,20260702_hotchem_30hpf_plate02_F01_e02,1,overlapping_mask_flag
Keyence,20260702_hotchem_30hpf_plate02,20260702_hotchem_30hpf_plate02_F03,20260702_hotchem_30hpf_plate02_F03_e01,1,sa_outlier_flag
Keyence,20260702_hotchem_30hpf_plate02,20260702_hotchem_30hpf_plate02_F05,20260702_hotchem_30hpf_plate02_F05_e01,1,sa_outlier_flag
Keyence,20260702_hotchem_30hpf_plate02,20260702_hotchem_30hpf_plate02_F07,20260702_hotchem_30hpf_plate02_F07_e01,1,overlapping_mask_flag
Keyence,20260702_hotchem_30hpf_plate02,20260702_hotchem_30hpf_plate02_F07,20260702_hotchem_30hpf_plate02_F07_e02,1,sa_outlier_flag|overlapping_mask_flag
Keyence,20260702_hotchem_30hpf_plate02,20260702_hotchem_30hpf_plate02_F11,20260702_hotchem_30hpf_plate02_F11_e01,1,sa_outlier_flag
Keyence,20260702_hotchem_30hpf_plate02,20260702_hotchem_30hpf_plate02_G05,20260702_hotchem_30hpf_plate02_G05_e01,1,sa_outlier_flag
Keyence,20260702_hotchem_30hpf_plate02,20260702_hotchem_30hpf_plate02_G05,20260702_hotchem_30hpf_plate02_G05_e02,1,motion_blur_flag
Keyence,20260702_hotchem_30hpf_plate02,20260702_hotchem_30hpf_plate02_G06,20260702_hotchem_30hpf_plate02_G06_e01,1,sa_outlier_flag
Keyence,20260702_hotchem_36hpf_plate01,20260702_hotchem_36hpf_plate01_A03,20260702_hotchem_36hpf_plate01_A03_e01,1,sa_outlier_flag
Keyence,20260702_hotchem_36hpf_plate01,20260702_hotchem_36hpf_plate01_A08,20260702_hotchem_36hpf_plate01_A08_e01,1,sa_outlier_flag
Keyence,20260702_hotchem_36hpf_plate01,20260702_hotchem_36hpf_plate01_B03,20260702_hotchem_36hpf_plate01_B03_e01,1,sa_outlier_flag
Keyence,20260702_hotchem_36hpf_plate01,20260702_hotchem_36hpf_plate01_D03,20260702_hotchem_36hpf_plate01_D03_e01,1,sa_outlier_flag
Keyence,20260702_hotchem_36hpf_plate01,20260702_hotchem_36hpf_plate01_E03,20260702_hotchem_36hpf_plate01_E03_e01,1,sa_outlier_flag
Keyence,20260702_hotchem_36hpf_plate01,20260702_hotchem_36hpf_plate01_E09,20260702_hotchem_36hpf_plate01_E09_e02,1,sa_outlier_flag|edge_flag|focus_flag
Keyence,20260702_hotchem_36hpf_plate01,20260702_hotchem_36hpf_plate01_E11,20260702_hotchem_36hpf_plate01_E11_e02,1,sa_outlier_flag|focus_flag
Keyence,20260702_hotchem_36hpf_plate01,20260702_hotchem_36hpf_plate01_E12,20260702_hotchem_36hpf_plate01_E12_e01,1,sa_outlier_flag
Keyence,20260702_hotchem_36hpf_plate01,20260702_hotchem_36hpf_plate01_F02,20260702_hotchem_36hpf_plate01_F02_e01,1,overlapping_mask_flag
Keyence,20260702_hotchem_36hpf_plate01,20260702_hotchem_36hpf_plate01_F02,20260702_hotchem_36hpf_plate01_F02_e02,1,sa_outlier_flag|overlapping_mask_flag
Keyence,20260702_hotchem_36hpf_plate01,20260702_hotchem_36hpf_plate01_F03,20260702_hotchem_36hpf_plate01_F03_e01,1,sa_outlier_flag
Keyence,20260702_hotchem_36hpf_plate01,20260702_hotchem_36hpf_plate01_F04,20260702_hotchem_36hpf_plate01_F04_e01,1,overlapping_mask_flag
Keyence,20260702_hotchem_36hpf_plate01,20260702_hotchem_36hpf_plate01_F04,20260702_hotchem_36hpf_plate01_F04_e02,1,sa_outlier_flag|overlapping_mask_flag
Keyence,20260702_hotchem_36hpf_plate01,20260702_hotchem_36hpf_plate01_G03,20260702_hotchem_36hpf_plate01_G03_e01,1,sa_outlier_flag
Keyence,20260702_hotchem_36hpf_plate01,20260702_hotchem_36hpf_plate01_G11,20260702_hotchem_36hpf_plate01_G11_e01,1,sa_outlier_flag
Keyence,20260702_hotchem_36hpf_plate01,20260702_hotchem_36hpf_plate01_G12,20260702_hotchem_36hpf_plate01_G12_e02,1,sa_outlier_flag|focus_flag
Keyence,20260702_hotchem_36hpf_plate01,20260702_hotchem_36hpf_plate01_H03,20260702_hotchem_36hpf_plate01_H03_e01,1,sa_outlier_flag
Keyence,20260702_hotchem_36hpf_plate02,20260702_hotchem_36hpf_plate02_A05,20260702_hotchem_36hpf_plate02_A05_e01,1,sa_outlier_flag
Keyence,20260702_hotchem_36hpf_plate02,20260702_hotchem_36hpf_plate02_A11,20260702_hotchem_36hpf_plate02_A11_e01,1,overlapping_mask_flag
Keyence,20260702_hotchem_36hpf_plate02,20260702_hotchem_36hpf_plate02_A11,20260702_hotchem_36hpf_plate02_A11_e02,1,sa_outlier_flag|overlapping_mask_flag
Keyence,20260702_hotchem_36hpf_plate02,20260702_hotchem_36hpf_plate02_B06,20260702_hotchem_36hpf_plate02_B06_e01,1,sa_outlier_flag
Keyence,20260702_hotchem_36hpf_plate02,20260702_hotchem_36hpf_plate02_B12,20260702_hotchem_36hpf_plate02_B12_e01,1,sa_outlier_flag
Keyence,20260702_hotchem_36hpf_plate02,20260702_hotchem_36hpf_plate02_C11,20260702_hotchem_36hpf_plate02_C11_e01,1,sa_outlier_flag
Keyence,20260702_hotchem_36hpf_plate02,20260702_hotchem_36hpf_plate02_C12,20260702_hotchem_36hpf_plate02_C12_e01,1,sa_outlier_flag
Keyence,20260702_hotchem_36hpf_plate02,20260702_hotchem_36hpf_plate02_F02,20260702_hotchem_36hpf_plate02_F02_e02,1,sa_outlier_flag|focus_flag|motion_blur_flag
Keyence,20260702_hotchem_36hpf_plate02,20260702_hotchem_36hpf_plate02_F05,20260702_hotchem_36hpf_plate02_F05_e01,1,sa_outlier_flag
Keyence,20260702_hotchem_36hpf_plate02,20260702_hotchem_36hpf_plate02_G11,20260702_hotchem_36hpf_plate02_G11_e01,1,sa_outlier_flag
Keyence,20260702_hotchem_36hpf_plate02,20260702_hotchem_36hpf_plate02_H07,20260702_hotchem_36hpf_plate02_H07_e01,1,overlapping_mask_flag
Keyence,20260702_hotchem_36hpf_plate02,20260702_hotchem_36hpf_plate02_H07,20260702_hotchem_36hpf_plate02_H07_e02,1,sa_outlier_flag|overlapping_mask_flag
YX1,20250501,20250501_A07,20250501_A07_e02,176,sa_outlier_flag|edge_flag|focus_flag
YX1,20250501,20250501_B01,20250501_B01_e02,139,sa_outlier_flag|focus_flag
YX1,20250501,20250501_B06,20250501_B06_e01,176,edge_flag|focus_flag
YX1,20250501,20250501_C03,20250501_C03_e02,151,sa_outlier_flag|edge_flag|focus_flag
YX1,20250501,20250501_D03,20250501_D03_e02,176,sa_outlier_flag|edge_flag|focus_flag
YX1,20250501,20250501_D04,20250501_D04_e02,176,sa_outlier_flag|edge_flag|focus_flag
YX1,20250501,20250501_D05,20250501_D05_e02,176,sa_outlier_flag|edge_flag|focus_flag
YX1,20250501,20250501_D06,20250501_D06_e02,176,sa_outlier_flag|edge_flag|focus_flag
YX1,20250501,20250501_D07,20250501_D07_e01,176,sa_outlier_flag|edge_flag|focus_flag
YX1,20250501,20250501_D09,20250501_D09_e02,176,sa_outlier_flag|edge_flag|focus_flag
YX1,20250501,20250501_D10,20250501_D10_e01,176,viability_dead_flag|persistence_dead_flag|sa_outlier_flag|discontinuous_mask_flag|focus_flag
YX1,20250501,20250501_D10,20250501_D10_e02,176,sa_outlier_flag|edge_flag|focus_flag
YX1,20250501,20250501_E01,20250501_E01_e02,176,sa_outlier_flag|edge_flag|focus_flag
YX1,20250501,20250501_E02,20250501_E02_e02,176,sa_outlier_flag|edge_flag|focus_flag
YX1,20250501,20250501_E03,20250501_E03_e02,176,sa_outlier_flag|edge_flag|focus_flag
YX1,20250501,20250501_E04,20250501_E04_e02,176,sa_outlier_flag|edge_flag|focus_flag
YX1,20250501,20250501_E05,20250501_E05_e01,176,sa_outlier_flag|edge_flag|focus_flag
YX1,20250501,20250501_E06,20250501_E06_e01,176,sa_outlier_flag|edge_flag|focus_flag
YX1,20250501,20250501_E07,20250501_E07_e01,176,sa_outlier_flag|edge_flag|focus_flag
YX1,20250501,20250501_E08,20250501_E08_e02,176,sa_outlier_flag|edge_flag|focus_flag
YX1,20250501,20250501_E09,20250501_E09_e02,176,sa_outlier_flag|edge_flag|focus_flag
YX1,20250501,20250501_E10,20250501_E10_e02,176,sa_outlier_flag|edge_flag|focus_flag
YX1,20250501,20250501_E11,20250501_E11_e01,176,viability_dead_flag|persistence_dead_flag|sa_outlier_flag|focus_flag
YX1,20250501,20250501_E11,20250501_E11_e02,176,sa_outlier_flag|edge_flag|focus_flag
YX1,20250501,20250501_F02,20250501_F02_e02,176,sa_outlier_flag|edge_flag|focus_flag
YX1,20250501,20250501_F03,20250501_F03_e01,176,edge_flag|focus_flag
YX1,20250501,20250501_F03,20250501_F03_e02,176,sa_outlier_flag|edge_flag|focus_flag
YX1,20250501,20250501_F04,20250501_F04_e01,176,sa_outlier_flag|edge_flag|focus_flag
YX1,20250501,20250501_F05,20250501_F05_e02,176,sa_outlier_flag|edge_flag|focus_flag
YX1,20250501,20250501_F06,20250501_F06_e01,176,viability_dead_flag|persistence_dead_flag|focus_flag
YX1,20250501,20250501_F06,20250501_F06_e02,176,sa_outlier_flag|edge_flag|focus_flag
YX1,20250501,20250501_F07,20250501_F07_e01,176,sa_outlier_flag|edge_flag|focus_flag
YX1,20250501,20250501_F07,20250501_F07_e02,176,viability_dead_flag|persistence_dead_flag|sa_outlier_flag|focus_flag
YX1,20250501,20250501_F08,20250501_F08_e02,176,sa_outlier_flag|edge_flag|focus_flag
YX1,20250501,20250501_F10,20250501_F10_e01,176,sa_outlier_flag|edge_flag|focus_flag
YX1,20250501,20250501_F11,20250501_F11_e01,176,sa_outlier_flag|edge_flag|focus_flag
YX1,20250501,20250501_G03,20250501_G03_e02,44,sa_outlier_flag
YX1,20250501,20250501_G04,20250501_G04_e02,176,sa_outlier_flag|edge_flag|focus_flag
YX1,20250501,20250501_G05,20250501_G05_e02,176,sa_outlier_flag
YX1,20250501,20250501_G05,20250501_G05_e03,176,sa_outlier_flag|edge_flag|focus_flag
YX1,20250501,20250501_G06,20250501_G06_e01,176,sa_outlier_flag|edge_flag|focus_flag
YX1,20250501,20250501_G06,20250501_G06_e02,176,viability_dead_flag|persistence_dead_flag|sa_outlier_flag|focus_flag
YX1,20250501,20250501_G07,20250501_G07_e01,176,sa_outlier_flag|edge_flag|focus_flag
YX1,20250501,20250501_G08,20250501_G08_e01,176,sa_outlier_flag|edge_flag|focus_flag
YX1,20250501,20250501_G08,20250501_G08_e02,176,edge_flag|focus_flag
YX1,20250501,20250501_G09,20250501_G09_e01,176,viability_dead_flag|persistence_dead_flag|sa_outlier_flag|focus_flag
YX1,20250501,20250501_G09,20250501_G09_e02,176,sa_outlier_flag|edge_flag|focus_flag
YX1,20250501,20250501_G10,20250501_G10_e01,176,sa_outlier_flag|edge_flag|focus_flag
YX1,20250501,20250501_G10,20250501_G10_e02,176,sa_outlier_flag|focus_flag
YX1,20250501,20250501_G11,20250501_G11_e01,176,sa_outlier_flag|edge_flag|focus_flag
YX1,20250501,20250501_G11,20250501_G11_e02,176,viability_dead_flag|persistence_dead_flag|sa_outlier_flag|focus_flag
YX1,20250501,20250501_H02,20250501_H02_e02,176,sa_outlier_flag|edge_flag|focus_flag
YX1,20250501,20250501_H03,20250501_H03_e02,176,sa_outlier_flag|edge_flag|focus_flag
YX1,20250501,20250501_H04,20250501_H04_e01,176,viability_dead_flag|edge_flag|focus_flag
YX1,20250501,20250501_H04,20250501_H04_e02,176,sa_outlier_flag|edge_flag|focus_flag
YX1,20250501,20250501_H05,20250501_H05_e01,176,sa_outlier_flag|edge_flag|focus_flag
YX1,20250501,20250501_H05,20250501_H05_e02,153,sa_outlier_flag|focus_flag
YX1,20250501,20250501_H06,20250501_H06_e01,176,sa_outlier_flag|edge_flag|focus_flag
YX1,20250501,20250501_H07,20250501_H07_e01,176,sa_outlier_flag|edge_flag|focus_flag
YX1,20250501,20250501_H08,20250501_H08_e01,176,sa_outlier_flag|edge_flag|focus_flag
YX1,20250501,20250501_H08,20250501_H08_e02,176,edge_flag|focus_flag
YX1,20250501,20250501_H09,20250501_H09_e01,176,sa_outlier_flag|edge_flag|focus_flag
YX1,20250501,20250501_H09,20250501_H09_e02,176,viability_dead_flag|persistence_dead_flag|sa_outlier_flag|focus_flag
YX1,20250501,20250501_H10,20250501_H10_e01,176,viability_dead_flag|persistence_dead_flag|sa_outlier_flag|focus_flag
YX1,20250512,20250512_A02,20250512_A02_e02,195,sa_outlier_flag|motion_blur_flag
YX1,20250512,20250512_A06,20250512_A06_e01,195,viability_dead_flag|persistence_dead_flag|sa_outlier_flag|focus_flag
YX1,20250512,20250512_A07,20250512_A07_e01,195,viability_dead_flag|persistence_dead_flag|sa_outlier_flag|focus_flag
YX1,20250512,20250512_B06,20250512_B06_e03,195,sa_outlier_flag
YX1,20250512,20250512_B11,20250512_B11_e03,195,sa_outlier_flag|edge_flag|focus_flag
YX1,20250512,20250512_B12,20250512_B12_e02,195,sa_outlier_flag|edge_flag|focus_flag
YX1,20250512,20250512_C03,20250512_C03_e02,195,sa_outlier_flag
YX1,20250512,20250512_C09,20250512_C09_e02,195,sa_outlier_flag|edge_flag|focus_flag
YX1,20250512,20250512_C10,20250512_C10_e02,195,sa_outlier_flag|edge_flag|focus_flag
YX1,20250512,20250512_C11,20250512_C11_e02,195,sa_outlier_flag|edge_flag|focus_flag
YX1,20250512,20250512_C12,20250512_C12_e02,195,sa_outlier_flag|edge_flag|focus_flag
YX1,20250512,20250512_D06,20250512_D06_e02,195,sa_outlier_flag
YX1,20250512,20250512_D09,20250512_D09_e02,195,sa_outlier_flag|edge_flag|focus_flag
YX1,20250512,20250512_D10,20250512_D10_e01,195,sa_outlier_flag|edge_flag|focus_flag
YX1,20250512,20250512_D11,20250512_D11_e02,195,sa_outlier_flag|edge_flag|focus_flag
YX1,20250512,20250512_D12,20250512_D12_e02,195,sa_outlier_flag|edge_flag|focus_flag
YX1,20250512,20250512_E11,20250512_E11_e02,195,sa_outlier_flag|edge_flag|focus_flag
YX1,20250512,20250512_E12,20250512_E12_e01,195,sa_outlier_flag|edge_flag|focus_flag
YX1,20250512,20250512_F01,20250512_F01_e01,195,viability_dead_flag|persistence_dead_flag|sa_outlier_flag|focus_flag
YX1,20250512,20250512_F07,20250512_F07_e02,195,sa_outlier_flag|edge_flag|focus_flag
YX1,20250512,20250512_F08,20250512_F08_e02,195,sa_outlier_flag|edge_flag|focus_flag
YX1,20250512,20250512_F09,20250512_F09_e02,195,sa_outlier_flag|edge_flag|focus_flag
YX1,20250512,20250512_F10,20250512_F10_e01,195,viability_dead_flag|persistence_dead_flag|sa_outlier_flag|focus_flag
YX1,20250512,20250512_F10,20250512_F10_e02,195,sa_outlier_flag|edge_flag|focus_flag
YX1,20250512,20250512_F11,20250512_F11_e02,195,sa_outlier_flag|edge_flag|focus_flag
YX1,20250512,20250512_F12,20250512_F12_e02,194,sa_outlier_flag|edge_flag|focus_flag
YX1,20250512,20250512_G01,20250512_G01_e01,195,viability_dead_flag|persistence_dead_flag|sa_outlier_flag|focus_flag
YX1,20250512,20250512_G10,20250512_G10_e02,195,sa_outlier_flag|edge_flag|focus_flag
YX1,20250512,20250512_G11,20250512_G11_e02,195,sa_outlier_flag|edge_flag|focus_flag
YX1,20250512,20250512_G12,20250512_G12_e01,195,viability_dead_flag|persistence_dead_flag|sa_outlier_flag|focus_flag
YX1,20250512,20250512_G12,20250512_G12_e02,195,sa_outlier_flag|edge_flag|focus_flag
YX1,20250512,20250512_H01,20250512_H01_e01,195,viability_dead_flag|persistence_dead_flag|sa_outlier_flag|focus_flag
YX1,20250512,20250512_H01,20250512_H01_e02,195,sa_outlier_flag
YX1,20250512,20250512_H05,20250512_H05_e01,195,viability_dead_flag|persistence_dead_flag|sa_outlier_flag|focus_flag
YX1,20250512,20250512_H10,20250512_H10_e01,195,viability_dead_flag|persistence_dead_flag|sa_outlier_flag|focus_flag
YX1,20250515_part2,20250515_part2_A03,20250515_part2_A03_e01,27,focus_flag
YX1,20250515_part2,20250515_part2_A05,20250515_part2_A05_e01,27,viability_dead_flag|persistence_dead_flag|focus_flag
YX1,20250515_part2,20250515_part2_A06,20250515_part2_A06_e01,27,focus_flag
YX1,20250515_part2,20250515_part2_A08,20250515_part2_A08_e01,27,sa_outlier_flag
YX1,20250515_part2,20250515_part2_A08,20250515_part2_A08_e02,27,viability_dead_flag|persistence_dead_flag|focus_flag
YX1,20250515_part2,20250515_part2_A10,20250515_part2_A10_e01,27,focus_flag
YX1,20250515_part2,20250515_part2_A11,20250515_part2_A11_e01,27,sa_outlier_flag|focus_flag
YX1,20250515_part2,20250515_part2_A12,20250515_part2_A12_e01,27,focus_flag
YX1,20250515_part2,20250515_part2_B03,20250515_part2_B03_e01,27,edge_flag
YX1,20250515_part2,20250515_part2_B05,20250515_part2_B05_e02,27,sa_outlier_flag
YX1,20250515_part2,20250515_part2_B07,20250515_part2_B07_e01,27,focus_flag
YX1,20250515_part2,20250515_part2_C01,20250515_part2_C01_e01,27,edge_flag
YX1,20250515_part2,20250515_part2_C01,20250515_part2_C01_e02,27,sa_outlier_flag
YX1,20250515_part2,20250515_part2_C07,20250515_part2_C07_e02,27,sa_outlier_flag
YX1,20250515_part2,20250515_part2_C08,20250515_part2_C08_e01,27,viability_dead_flag|persistence_dead_flag|overlapping_mask_flag|focus_flag
YX1,20250515_part2,20250515_part2_C08,20250515_part2_C08_e02,27,viability_dead_flag|persistence_dead_flag|sa_outlier_flag|overlapping_mask_flag|focus_flag
YX1,20250515_part2,20250515_part2_C09,20250515_part2_C09_e01,27,focus_flag
YX1,20250515_part2,20250515_part2_C10,20250515_part2_C10_e01,27,edge_flag
YX1,20250515_part2,20250515_part2_C10,20250515_part2_C10_e02,27,sa_outlier_flag
YX1,20250515_part2,20250515_part2_D02,20250515_part2_D02_e01,27,viability_dead_flag|persistence_dead_flag|sa_outlier_flag|focus_flag
YX1,20250515_part2,20250515_part2_D04,20250515_part2_D04_e02,27,sa_outlier_flag
YX1,20250515_part2,20250515_part2_D05,20250515_part2_D05_e02,27,sa_outlier_flag
YX1,20250515_part2,20250515_part2_D07,20250515_part2_D07_e01,27,sa_outlier_flag|focus_flag
YX1,20250515_part2,20250515_part2_D10,20250515_part2_D10_e01,27,viability_dead_flag|sa_outlier_flag|focus_flag
YX1,20250515_part2,20250515_part2_D10,20250515_part2_D10_e02,27,sa_outlier_flag|edge_flag
YX1,20250515_part2,20250515_part2_D10,20250515_part2_D10_e03,27,sa_outlier_flag|edge_flag|focus_flag
YX1,20250515_part2,20250515_part2_D11,20250515_part2_D11_e01,27,overlapping_mask_flag
YX1,20250515_part2,20250515_part2_D11,20250515_part2_D11_e02,27,sa_outlier_flag|overlapping_mask_flag
YX1,20250515_part2,20250515_part2_D12,20250515_part2_D12_e02,27,sa_outlier_flag
YX1,20250515_part2,20250515_part2_E03,20250515_part2_E03_e01,27,viability_dead_flag|persistence_dead_flag|focus_flag
YX1,20250515_part2,20250515_part2_E04,20250515_part2_E04_e02,27,sa_outlier_flag
YX1,20250515_part2,20250515_part2_E05,20250515_part2_E05_e01,27,viability_dead_flag|sa_outlier_flag|focus_flag
YX1,20250515_part2,20250515_part2_E05,20250515_part2_E05_e02,27,sa_outlier_flag|edge_flag|focus_flag
YX1,20250515_part2,20250515_part2_E06,20250515_part2_E06_e01,27,focus_flag
YX1,20250515_part2,20250515_part2_E07,20250515_part2_E07_e01,27,focus_flag
YX1,20250515_part2,20250515_part2_E09,20250515_part2_E09_e02,27,sa_outlier_flag|edge_flag
YX1,20250515_part2,20250515_part2_E11,20250515_part2_E11_e02,27,sa_outlier_flag
YX1,20250515_part2,20250515_part2_E12,20250515_part2_E12_e02,27,sa_outlier_flag
YX1,20250515_part2,20250515_part2_F08,20250515_part2_F08_e01,27,viability_dead_flag|persistence_dead_flag|focus_flag
YX1,20250515_part2,20250515_part2_F10,20250515_part2_F10_e02,27,sa_outlier_flag|focus_flag
YX1,20250515_part2,20250515_part2_F11,20250515_part2_F11_e01,27,focus_flag
YX1,20250515_part2,20250515_part2_G01,20250515_part2_G01_e02,27,sa_outlier_flag
YX1,20250515_part2,20250515_part2_G02,20250515_part2_G02_e01,27,edge_flag
YX1,20250515_part2,20250515_part2_G03,20250515_part2_G03_e01,27,viability_dead_flag|edge_flag
YX1,20250515_part2,20250515_part2_G05,20250515_part2_G05_e01,27,viability_dead_flag|persistence_dead_flag|focus_flag
YX1,20250515_part2,20250515_part2_G05,20250515_part2_G05_e02,27,sa_outlier_flag
YX1,20250515_part2,20250515_part2_G06,20250515_part2_G06_e01,27,edge_flag|focus_flag
YX1,20250515_part2,20250515_part2_G06,20250515_part2_G06_e02,27,sa_outlier_flag
YX1,20250515_part2,20250515_part2_G06,20250515_part2_G06_e03,27,sa_outlier_flag
YX1,20250515_part2,20250515_part2_G08,20250515_part2_G08_e01,27,focus_flag
YX1,20250515_part2,20250515_part2_G09,20250515_part2_G09_e02,27,sa_outlier_flag
YX1,20250515_part2,20250515_part2_G11,20250515_part2_G11_e01,27,focus_flag
YX1,20250515_part2,20250515_part2_H01,20250515_part2_H01_e02,27,sa_outlier_flag|edge_flag
YX1,20250515_part2,20250515_part2_H01,20250515_part2_H01_e03,27,sa_outlier_flag
YX1,20250515_part2,20250515_part2_H03,20250515_part2_H03_e01,27,viability_dead_flag|sa_outlier_flag|focus_flag
YX1,20250515_part2,20250515_part2_H03,20250515_part2_H03_e02,27,sa_outlier_flag
YX1,20250515_part2,20250515_part2_H04,20250515_part2_H04_e01,27,sa_outlier_flag|edge_flag|focus_flag
YX1,20250515_part2,20250515_part2_H04,20250515_part2_H04_e02,27,viability_dead_flag|sa_outlier_flag|focus_flag
YX1,20250515_part2,20250515_part2_H05,20250515_part2_H05_e01,27,viability_dead_flag|persistence_dead_flag|edge_flag
YX1,20250515_part2,20250515_part2_H05,20250515_part2_H05_e02,27,sa_outlier_flag
YX1,20250515_part2,20250515_part2_H07,20250515_part2_H07_e02,27,sa_outlier_flag
YX1,20250515_part2,20250515_part2_H08,20250515_part2_H08_e01,27,viability_dead_flag|persistence_dead_flag|focus_flag
YX1,20250515_part2,20250515_part2_H08,20250515_part2_H08_e02,27,sa_outlier_flag|edge_flag
YX1,20250515_part2,20250515_part2_H10,20250515_part2_H10_e01,27,focus_flag
YX1,20250515_part2,20250515_part2_H12,20250515_part2_H12_e02,27,sa_outlier_flag
YX1,20250519,20250519_E02,20250519_E02_e02,51,sa_outlier_flag|edge_flag|focus_flag
YX1,20250519,20250519_G10,20250519_G10_e01,51,sa_outlier_flag
YX1,20250519,20250519_H01,20250519_H01_e02,48,sa_outlier_flag
YX1,20250711,20250711_A05,20250711_A05_e02,179,sa_outlier_flag|focus_flag
YX1,20250711,20250711_B01,20250711_B01_e01,179,viability_dead_flag|persistence_dead_flag|sa_outlier_flag|focus_flag
YX1,20250711,20250711_B03,20250711_B03_e01,179,overlapping_mask_flag
YX1,20250711,20250711_B03,20250711_B03_e02,179,sa_outlier_flag|overlapping_mask_flag
YX1,20250711,20250711_B04,20250711_B04_e02,179,sa_outlier_flag|focus_flag
YX1,20250711,20250711_B09,20250711_B09_e02,179,sa_outlier_flag|focus_flag
YX1,20250711,20250711_C01,20250711_C01_e01,179,viability_dead_flag|persistence_dead_flag|sa_outlier_flag|focus_flag
YX1,20250711,20250711_C01,20250711_C01_e02,179,sa_outlier_flag
YX1,20250711,20250711_C02,20250711_C02_e02,179,viability_dead_flag|persistence_dead_flag|sa_outlier_flag
YX1,20250711,20250711_C12,20250711_C12_e01,179,viability_dead_flag|persistence_dead_flag|sa_outlier_flag|overlapping_mask_flag|focus_flag
YX1,20250711,20250711_C12,20250711_C12_e02,179,sa_outlier_flag
YX1,20250711,20250711_C12,20250711_C12_e03,179,sa_outlier_flag|overlapping_mask_flag
YX1,20250711,20250711_D04,20250711_D04_e02,179,sa_outlier_flag|focus_flag
YX1,20250711,20250711_D05,20250711_D05_e01,179,viability_dead_flag|persistence_dead_flag|sa_outlier_flag|overlapping_mask_flag|focus_flag
YX1,20250711,20250711_D05,20250711_D05_e02,179,sa_outlier_flag|overlapping_mask_flag
YX1,20250711,20250711_D05,20250711_D05_e03,179,viability_dead_flag|persistence_dead_flag|discontinuous_mask_flag|overlapping_mask_flag|focus_flag
YX1,20250711,20250711_D05,20250711_D05_e04,179,viability_dead_flag|persistence_dead_flag|sa_outlier_flag|overlapping_mask_flag|focus_flag
YX1,20250711,20250711_D12,20250711_D12_e01,179,viability_dead_flag|persistence_dead_flag|sa_outlier_flag|focus_flag
YX1,20250711,20250711_D12,20250711_D12_e02,54,viability_dead_flag|persistence_dead_flag|overlapping_mask_flag
YX1,20250711,20250711_E02,20250711_E02_e01,179,overlapping_mask_flag
YX1,20250711,20250711_E02,20250711_E02_e02,179,sa_outlier_flag|overlapping_mask_flag
YX1,20250711,20250711_F06,20250711_F06_e02,179,sa_outlier_flag|focus_flag
YX1,20250711,20250711_G03,20250711_G03_e02,179,sa_outlier_flag
YX1,20250711,20250711_H07,20250711_H07_e02,179,sa_outlier_flag
YX1,20250711,20250711_H12,20250711_H12_e02,158,sa_outlier_flag
YX1,20250912,20250912_A03,20250912_A03_e02,113,viability_dead_flag|persistence_dead_flag|sa_outlier_flag
YX1,20250912,20250912_A09,20250912_A09_e01,113,viability_dead_flag|persistence_dead_flag|sa_outlier_flag|focus_flag
YX1,20250912,20250912_B02,20250912_B02_e01,113,viability_dead_flag|persistence_dead_flag|sa_outlier_flag|focus_flag
YX1,20250912,20250912_C07,20250912_C07_e02,113,viability_dead_flag|sa_outlier_flag|focus_flag
YX1,20250912,20250912_C11,20250912_C11_e02,113,sa_outlier_flag|focus_flag
YX1,20250912,20250912_D04,20250912_D04_e01,113,viability_dead_flag|persistence_dead_flag|sa_outlier_flag|overlapping_mask_flag|focus_flag
YX1,20250912,20250912_D11,20250912_D11_e01,113,viability_dead_flag|persistence_dead_flag|sa_outlier_flag|focus_flag
YX1,20250912,20250912_E03,20250912_E03_e01,113,viability_dead_flag|persistence_dead_flag|sa_outlier_flag|focus_flag
YX1,20250912,20250912_E09,20250912_E09_e01,113,viability_dead_flag|persistence_dead_flag|sa_outlier_flag|focus_flag
YX1,20250912,20250912_E11,20250912_E11_e01,113,viability_dead_flag|persistence_dead_flag|sa_outlier_flag|focus_flag
YX1,20250912,20250912_F04,20250912_F04_e02,113,viability_dead_flag|persistence_dead_flag|sa_outlier_flag|focus_flag
YX1,20250912,20250912_F08,20250912_F08_e02,113,viability_dead_flag|persistence_dead_flag|sa_outlier_flag|overlapping_mask_flag|focus_flag
YX1,20250912,20250912_F12,20250912_F12_e01,113,viability_dead_flag|persistence_dead_flag|sa_outlier_flag|overlapping_mask_flag|focus_flag
YX1,20250912,20250912_G01,20250912_G01_e03,113,viability_dead_flag|persistence_dead_flag|sa_outlier_flag|focus_flag
YX1,20250912,20250912_G03,20250912_G03_e01,113,viability_dead_flag|persistence_dead_flag|sa_outlier_flag|overlapping_mask_flag|focus_flag
YX1,20250912,20250912_G03,20250912_G03_e02,113,viability_dead_flag|persistence_dead_flag|sa_outlier_flag|overlapping_mask_flag|focus_flag
YX1,20250912,20250912_G05,20250912_G05_e02,113,viability_dead_flag|persistence_dead_flag|sa_outlier_flag|focus_flag
YX1,20250912,20250912_G10,20250912_G10_e01,113,viability_dead_flag|persistence_dead_flag|sa_outlier_flag|focus_flag
YX1,20250912,20250912_G11,20250912_G11_e02,113,viability_dead_flag|sa_outlier_flag|focus_flag
YX1,20250912,20250912_G12,20250912_G12_e01,113,sa_outlier_flag
YX1,20250912,20250912_H01,20250912_H01_e02,113,viability_dead_flag|persistence_dead_flag|sa_outlier_flag|focus_flag
YX1,20250912,20250912_H01,20250912_H01_e03,113,viability_dead_flag|persistence_dead_flag|sa_outlier_flag|focus_flag
YX1,20250912,20250912_H01,20250912_H01_e04,113,viability_dead_flag|sa_outlier_flag|focus_flag
YX1,20250912,20250912_H07,20250912_H07_e01,113,viability_dead_flag|persistence_dead_flag|focus_flag
YX1,20250912,20250912_H08,20250912_H08_e01,113,viability_dead_flag|persistence_dead_flag|sa_outlier_flag|focus_flag
YX1,20251017_part1,20251017_part1_A04,20251017_part1_A04_e02,63,sa_outlier_flag
YX1,20251017_part1,20251017_part1_B06,20251017_part1_B06_e02,37,sa_outlier_flag|focus_flag
YX1,20251017_part1,20251017_part1_B06,20251017_part1_B06_e03,65,sa_outlier_flag
YX1,20251017_part1,20251017_part1_B06,20251017_part1_B06_e04,24,sa_outlier_flag|edge_flag
YX1,20251017_part1,20251017_part1_B10,20251017_part1_B10_e01,65,edge_flag|focus_flag
YX1,20251017_part1,20251017_part1_B10,20251017_part1_B10_e03,65,sa_outlier_flag|edge_flag|focus_flag
YX1,20251017_part1,20251017_part1_C03,20251017_part1_C03_e02,65,sa_outlier_flag|focus_flag
YX1,20251017_part1,20251017_part1_C03,20251017_part1_C03_e03,65,sa_outlier_flag
YX1,20251017_part1,20251017_part1_C03,20251017_part1_C03_e04,65,sa_outlier_flag
YX1,20251017_part1,20251017_part1_C03,20251017_part1_C03_e05,65,sa_outlier_flag
YX1,20251017_part1,20251017_part1_D10,20251017_part1_D10_e02,65,sa_outlier_flag
YX1,20251017_part1,20251017_part1_E12,20251017_part1_E12_e02,4,sa_outlier_flag|edge_flag|focus_flag
YX1,20251017_part1,20251017_part1_F08,20251017_part1_F08_e02,36,overlapping_mask_flag
YX1,20251017_part1,20251017_part1_G12,20251017_part1_G12_e02,1,sa_outlier_flag|edge_flag|focus_flag
YX1,20251112,20251112_A02,20251112_A02_e02,9,focus_flag
YX1,20251112,20251112_A02,20251112_A02_e03,20,sa_outlier_flag|edge_flag|focus_flag
YX1,20251112,20251112_A02,20251112_A02_e04,21,edge_flag|focus_flag
YX1,20251112,20251112_A02,20251112_A02_e05,42,sa_outlier_flag
YX1,20251112,20251112_A03,20251112_A03_e02,44,sa_outlier_flag|edge_flag
YX1,20251112,20251112_A03,20251112_A03_e03,7,sa_outlier_flag|edge_flag
YX1,20251112,20251112_A04,20251112_A04_e02,28,sa_outlier_flag|edge_flag
YX1,20251112,20251112_A05,20251112_A05_e02,17,sa_outlier_flag|edge_flag|focus_flag
YX1,20251112,20251112_A06,20251112_A06_e02,47,sa_outlier_flag|focus_flag
YX1,20251112,20251112_A07,20251112_A07_e02,23,edge_flag|focus_flag
YX1,20251112,20251112_A08,20251112_A08_e02,15,sa_outlier_flag|edge_flag|focus_flag
YX1,20251112,20251112_A08,20251112_A08_e03,27,sa_outlier_flag|edge_flag|focus_flag
YX1,20251112,20251112_A08,20251112_A08_e04,31,sa_outlier_flag|edge_flag
YX1,20251112,20251112_A09,20251112_A09_e02,40,sa_outlier_flag|focus_flag
YX1,20251112,20251112_A12,20251112_A12_e02,36,sa_outlier_flag|edge_flag|focus_flag
YX1,20251112,20251112_A12,20251112_A12_e03,3,sa_outlier_flag|edge_flag
YX1,20251112,20251112_B02,20251112_B02_e01,17,sa_outlier_flag|edge_flag|overlapping_mask_flag
YX1,20251112,20251112_B02,20251112_B02_e02,16,sa_outlier_flag|edge_flag|focus_flag
YX1,20251112,20251112_B02,20251112_B02_e03,13,edge_flag|overlapping_mask_flag|focus_flag
YX1,20251112,20251112_B02,20251112_B02_e04,49,sa_outlier_flag|overlapping_mask_flag
YX1,20251112,20251112_B02,20251112_B02_e05,49,overlapping_mask_flag
YX1,20251112,20251112_B02,20251112_B02_e06,49,overlapping_mask_flag
YX1,20251112,20251112_B03,20251112_B03_e01,49,overlapping_mask_flag
YX1,20251112,20251112_B03,20251112_B03_e02,49,sa_outlier_flag|overlapping_mask_flag
YX1,20251112,20251112_B04,20251112_B04_e02,18,edge_flag|focus_flag
YX1,20251112,20251112_B05,20251112_B05_e02,22,sa_outlier_flag|edge_flag|focus_flag
YX1,20251112,20251112_B10,20251112_B10_e02,30,edge_flag|focus_flag
YX1,20251112,20251112_B12,20251112_B12_e02,22,sa_outlier_flag|edge_flag|focus_flag
YX1,20251112,20251112_B12,20251112_B12_e03,11,sa_outlier_flag|edge_flag
YX1,20251112,20251112_C02,20251112_C02_e02,12,sa_outlier_flag|edge_flag|focus_flag
YX1,20251112,20251112_C02,20251112_C02_e03,33,sa_outlier_flag|edge_flag|focus_flag
YX1,20251112,20251112_C03,20251112_C03_e02,6,edge_flag|focus_flag
YX1,20251112,20251112_C03,20251112_C03_e03,40,sa_outlier_flag|edge_flag|focus_flag
YX1,20251112,20251112_C03,20251112_C03_e04,8,sa_outlier_flag|edge_flag|focus_flag
YX1,20251112,20251112_C04,20251112_C04_e02,35,sa_outlier_flag|edge_flag|focus_flag
YX1,20251112,20251112_C05,20251112_C05_e02,7,sa_outlier_flag|edge_flag|focus_flag
YX1,20251112,20251112_C06,20251112_C06_e02,28,edge_flag|focus_flag
YX1,20251112,20251112_D05,20251112_D05_e02,6,sa_outlier_flag|edge_flag
YX1,20251112,20251112_D07,20251112_D07_e01,49,overlapping_mask_flag
YX1,20251112,20251112_D07,20251112_D07_e02,49,edge_flag|discontinuous_mask_flag|overlapping_mask_flag
YX1,20251112,20251112_D08,20251112_D08_e02,24,sa_outlier_flag|edge_flag|focus_flag
YX1,20251112,20251112_D12,20251112_D12_e02,49,edge_flag|focus_flag
YX1,20251112,20251112_E01,20251112_E01_e02,43,sa_outlier_flag|edge_flag
YX1,20251112,20251112_E02,20251112_E02_e02,43,sa_outlier_flag|focus_flag
YX1,20251112,20251112_E02,20251112_E02_e03,2,edge_flag|focus_flag
YX1,20251112,20251112_E02,20251112_E02_e04,45,sa_outlier_flag|focus_flag
YX1,20251112,20251112_E04,20251112_E04_e02,49,sa_outlier_flag|edge_flag|focus_flag
YX1,20251112,20251112_E05,20251112_E05_e02,1,sa_outlier_flag|focus_flag
YX1,20251112,20251112_E05,20251112_E05_e03,19,sa_outlier_flag|edge_flag
YX1,20251112,20251112_E05,20251112_E05_e04,49,sa_outlier_flag|edge_flag|focus_flag
YX1,20251112,20251112_E08,20251112_E08_e02,6,sa_outlier_flag|edge_flag|focus_flag
YX1,20251112,20251112_F01,20251112_F01_e02,24,sa_outlier_flag|focus_flag
YX1,20251112,20251112_F02,20251112_F02_e02,27,sa_outlier_flag|edge_flag|focus_flag
YX1,20251112,20251112_F02,20251112_F02_e03,28,sa_outlier_flag|edge_flag|focus_flag
YX1,20251112,20251112_F03,20251112_F03_e02,9,sa_outlier_flag|edge_flag
YX1,20251112,20251112_F03,20251112_F03_e03,6,edge_flag|focus_flag
YX1,20251112,20251112_F05,20251112_F05_e02,16,sa_outlier_flag|focus_flag
YX1,20251112,20251112_F05,20251112_F05_e03,38,sa_outlier_flag|focus_flag
YX1,20251112,20251112_F05,20251112_F05_e04,24,sa_outlier_flag|focus_flag
YX1,20251112,20251112_F05,20251112_F05_e05,32,sa_outlier_flag|focus_flag
YX1,20251112,20251112_F06,20251112_F06_e02,49,sa_outlier_flag
YX1,20251112,20251112_F06,20251112_F06_e03,8,focus_flag
YX1,20251112,20251112_F06,20251112_F06_e04,7,sa_outlier_flag|edge_flag|focus_flag
YX1,20251112,20251112_F07,20251112_F07_e02,10,sa_outlier_flag|edge_flag|focus_flag
YX1,20251112,20251112_F07,20251112_F07_e03,48,viability_dead_flag|persistence_dead_flag|sa_outlier_flag|focus_flag
YX1,20251112,20251112_F08,20251112_F08_e01,49,overlapping_mask_flag
YX1,20251112,20251112_F08,20251112_F08_e02,49,sa_outlier_flag|overlapping_mask_flag
YX1,20251112,20251112_F08,20251112_F08_e03,5,sa_outlier_flag|edge_flag|focus_flag
YX1,20251112,20251112_F11,20251112_F11_e02,12,edge_flag|focus_flag
YX1,20251112,20251112_F12,20251112_F12_e02,49,sa_outlier_flag|focus_flag
YX1,20251112,20251112_F12,20251112_F12_e03,33,sa_outlier_flag|focus_flag
YX1,20251112,20251112_G01,20251112_G01_e02,49,sa_outlier_flag|focus_flag
YX1,20251112,20251112_G01,20251112_G01_e03,6,sa_outlier_flag|focus_flag
YX1,20251112,20251112_G02,20251112_G02_e02,46,sa_outlier_flag|focus_flag
YX1,20251112,20251112_G03,20251112_G03_e02,29,sa_outlier_flag|edge_flag|focus_flag
YX1,20251112,20251112_G05,20251112_G05_e02,12,sa_outlier_flag|edge_flag|focus_flag
YX1,20251112,20251112_G08,20251112_G08_e02,22,sa_outlier_flag|discontinuous_mask_flag|overlapping_mask_flag|focus_flag
YX1,20251112,20251112_G08,20251112_G08_e03,23,sa_outlier_flag|overlapping_mask_flag|focus_flag
YX1,20251112,20251112_H01,20251112_H01_e01,9,sa_outlier_flag|edge_flag
YX1,20251112,20251112_H01,20251112_H01_e02,30,edge_flag|focus_flag
YX1,20251112,20251112_H01,20251112_H01_e03,1,sa_outlier_flag|edge_flag|focus_flag
YX1,20251112,20251112_H01,20251112_H01_e04,49,viability_dead_flag|persistence_dead_flag|sa_outlier_flag|focus_flag
YX1,20251112,20251112_H02,20251112_H02_e02,22,sa_outlier_flag|edge_flag|focus_flag
YX1,20251112,20251112_H02,20251112_H02_e03,8,sa_outlier_flag|edge_flag|focus_flag
YX1,20251112,20251112_H03,20251112_H03_e01,49,sa_outlier_flag|edge_flag|focus_flag
YX1,20251112,20251112_H03,20251112_H03_e02,49,sa_outlier_flag
YX1,20251112,20251112_H05,20251112_H05_e01,49,overlapping_mask_flag
YX1,20251112,20251112_H05,20251112_H05_e02,16,sa_outlier_flag|edge_flag|focus_flag
YX1,20251112,20251112_H05,20251112_H05_e03,49,sa_outlier_flag|overlapping_mask_flag
YX1,20251112,20251112_H05,20251112_H05_e04,32,sa_outlier_flag|edge_flag|focus_flag
YX1,20251112,20251112_H07,20251112_H07_e02,23,sa_outlier_flag|motion_blur_flag
YX1,20251112,20251112_H07,20251112_H07_e03,27,sa_outlier_flag|edge_flag|focus_flag
YX1,20251112,20251112_H07,20251112_H07_e04,24,sa_outlier_flag|focus_flag
YX1,20251112,20251112_H08,20251112_H08_e01,49,overlapping_mask_flag
YX1,20251112,20251112_H08,20251112_H08_e02,21,sa_outlier_flag|edge_flag|focus_flag
YX1,20251112,20251112_H08,20251112_H08_e03,16,sa_outlier_flag|edge_flag|focus_flag
YX1,20251112,20251112_H08,20251112_H08_e04,20,sa_outlier_flag|edge_flag
YX1,20251112,20251112_H08,20251112_H08_e05,49,sa_outlier_flag|overlapping_mask_flag
YX1,20251205,20251205_B01,20251205_B01_e01,115,overlapping_mask_flag
YX1,20251205,20251205_B01,20251205_B01_e02,115,sa_outlier_flag|overlapping_mask_flag
YX1,20251205,20251205_B11,20251205_B11_e01,115,viability_dead_flag|persistence_dead_flag|sa_outlier_flag|focus_flag
YX1,20251205,20251205_B12,20251205_B12_e01,115,overlapping_mask_flag
YX1,20251205,20251205_B12,20251205_B12_e02,115,sa_outlier_flag|overlapping_mask_flag
YX1,20251205,20251205_C11,20251205_C11_e01,115,viability_dead_flag|persistence_dead_flag|sa_outlier_flag|focus_flag
YX1,20251205,20251205_D11,20251205_D11_e02,102,sa_outlier_flag
YX1,20251205,20251205_E11,20251205_E11_e01,115,viability_dead_flag|persistence_dead_flag|sa_outlier_flag|focus_flag
YX1,20251205,20251205_F04,20251205_F04_e01,115,overlapping_mask_flag
YX1,20251205,20251205_F04,20251205_F04_e02,115,sa_outlier_flag|overlapping_mask_flag
YX1,20251205,20251205_F08,20251205_F08_e02,114,sa_outlier_flag|motion_blur_flag
YX1,20251205,20251205_F11,20251205_F11_e01,115,overlapping_mask_flag
YX1,20251205,20251205_F11,20251205_F11_e02,115,overlapping_mask_flag
YX1,20251205,20251205_G08,20251205_G08_e01,115,sa_outlier_flag
YX1,20251205,20251205_H06,20251205_H06_e01,115,sa_outlier_flag
YX1,20251205,20251205_H08,20251205_H08_e01,115,overlapping_mask_flag
YX1,20251205,20251205_H08,20251205_H08_e02,115,sa_outlier_flag|overlapping_mask_flag|motion_blur_flag
YX1,20251205,20251205_H08,20251205_H08_e03,115,sa_outlier_flag
YX1,20251205,20251205_H11,20251205_H11_e01,115,overlapping_mask_flag
YX1,20251205,20251205_H11,20251205_H11_e02,115,sa_outlier_flag|edge_flag|overlapping_mask_flag
YX1,20251207_pbx,20251207_pbx_A01,20251207_pbx_A01_e02,1,sa_outlier_flag|edge_flag|focus_flag
YX1,20251207_pbx,20251207_pbx_A07,20251207_pbx_A07_e02,132,focus_flag
YX1,20251207_pbx,20251207_pbx_A11,20251207_pbx_A11_e02,132,sa_outlier_flag|focus_flag
YX1,20251207_pbx,20251207_pbx_B04,20251207_pbx_B04_e01,132,overlapping_mask_flag
YX1,20251207_pbx,20251207_pbx_B04,20251207_pbx_B04_e02,132,viability_dead_flag|persistence_dead_flag|sa_outlier_flag|overlapping_mask_flag|focus_flag
YX1,20251207_pbx,20251207_pbx_B12,20251207_pbx_B12_e02,132,sa_outlier_flag|focus_flag
YX1,20251207_pbx,20251207_pbx_C03,20251207_pbx_C03_e02,1,sa_outlier_flag|edge_flag|focus_flag
YX1,20251207_pbx,20251207_pbx_C11,20251207_pbx_C11_e01,132,sa_outlier_flag
YX1,20251207_pbx,20251207_pbx_D01,20251207_pbx_D01_e02,1,sa_outlier_flag|edge_flag|focus_flag
YX1,20251207_pbx,20251207_pbx_D02,20251207_pbx_D02_e02,132,focus_flag
YX1,20251207_pbx,20251207_pbx_D05,20251207_pbx_D05_e01,132,viability_dead_flag|persistence_dead_flag|sa_outlier_flag|focus_flag
YX1,20251207_pbx,20251207_pbx_D10,20251207_pbx_D10_e02,132,sa_outlier_flag|focus_flag
YX1,20251207_pbx,20251207_pbx_E02,20251207_pbx_E02_e02,132,sa_outlier_flag|focus_flag
YX1,20251207_pbx,20251207_pbx_F01,20251207_pbx_F01_e02,1,sa_outlier_flag|edge_flag|focus_flag
YX1,20251207_pbx,20251207_pbx_F02,20251207_pbx_F02_e01,132,viability_dead_flag|persistence_dead_flag|sa_outlier_flag|focus_flag
YX1,20251207_pbx,20251207_pbx_F02,20251207_pbx_F02_e02,132,focus_flag
YX1,20251207_pbx,20251207_pbx_F05,20251207_pbx_F05_e01,132,viability_dead_flag|persistence_dead_flag|sa_outlier_flag|focus_flag
YX1,20251207_pbx,20251207_pbx_F06,20251207_pbx_F06_e02,132,focus_flag
YX1,20251207_pbx,20251207_pbx_F06,20251207_pbx_F06_e03,115,sa_outlier_flag|edge_flag|focus_flag
YX1,20251207_pbx,20251207_pbx_F08,20251207_pbx_F08_e02,132,sa_outlier_flag|focus_flag
YX1,20251207_pbx,20251207_pbx_F11,20251207_pbx_F11_e02,132,sa_outlier_flag|focus_flag
YX1,20251207_pbx,20251207_pbx_G01,20251207_pbx_G01_e02,1,sa_outlier_flag|edge_flag|focus_flag
YX1,20251207_pbx,20251207_pbx_G02,20251207_pbx_G02_e02,132,focus_flag
YX1,20251207_pbx,20251207_pbx_G03,20251207_pbx_G03_e01,132,viability_dead_flag|persistence_dead_flag|sa_outlier_flag|focus_flag
YX1,20251207_pbx,20251207_pbx_G05,20251207_pbx_G05_e02,132,sa_outlier_flag|focus_flag
YX1,20251207_pbx,20251207_pbx_G06,20251207_pbx_G06_e01,132,viability_dead_flag|persistence_dead_flag|sa_outlier_flag|focus_flag
YX1,20251207_pbx,20251207_pbx_H02,20251207_pbx_H02_e02,132,focus_flag
YX1,20251207_pbx,20251207_pbx_H03,20251207_pbx_H03_e02,20,sa_outlier_flag|edge_flag|focus_flag
YX1,20251207_pbx,20251207_pbx_H06,20251207_pbx_H06_e01,132,viability_dead_flag|persistence_dead_flag|sa_outlier_flag|focus_flag
YX1,20251212,20251212_A02,20251212_A02_e02,60,edge_flag|focus_flag
YX1,20251212,20251212_B09,20251212_B09_e02,115,sa_outlier_flag|motion_blur_flag
YX1,20251212,20251212_B12,20251212_B12_e02,115,focus_flag
YX1,20251212,20251212_C02,20251212_C02_e01,115,viability_dead_flag|persistence_dead_flag|sa_outlier_flag|focus_flag
YX1,20251212,20251212_C06,20251212_C06_e02,115,sa_outlier_flag|focus_flag
YX1,20251212,20251212_D01,20251212_D01_e01,115,viability_dead_flag|persistence_dead_flag|sa_outlier_flag|focus_flag
YX1,20251212,20251212_D03,20251212_D03_e02,104,sa_outlier_flag|motion_blur_flag
YX1,20251212,20251212_D07,20251212_D07_e01,115,viability_dead_flag|persistence_dead_flag|sa_outlier_flag|focus_flag
YX1,20251212,20251212_D07,20251212_D07_e02,39,sa_outlier_flag|focus_flag
YX1,20251212,20251212_D12,20251212_D12_e02,40,sa_outlier_flag|focus_flag
YX1,20251212,20251212_E03,20251212_E03_e01,115,viability_dead_flag|persistence_dead_flag|sa_outlier_flag|focus_flag
YX1,20251212,20251212_E08,20251212_E08_e02,115,viability_dead_flag|persistence_dead_flag|sa_outlier_flag|overlapping_mask_flag|focus_flag
YX1,20251212,20251212_F01,20251212_F01_e01,115,viability_dead_flag|persistence_dead_flag|sa_outlier_flag|focus_flag
YX1,20251212,20251212_F06,20251212_F06_e02,38,sa_outlier_flag|motion_blur_flag
YX1,20251212,20251212_F09,20251212_F09_e01,115,viability_dead_flag|persistence_dead_flag|sa_outlier_flag|focus_flag
YX1,20251212,20251212_G08,20251212_G08_e02,1,sa_outlier_flag|edge_flag|focus_flag
YX1,20260122,20260122_A06,20260122_A06_e03,30,sa_outlier_flag|edge_flag|focus_flag
YX1,20260122,20260122_A08,20260122_A08_e02,104,sa_outlier_flag|edge_flag|discontinuous_mask_flag|focus_flag
YX1,20260122,20260122_A09,20260122_A09_e01,104,sa_outlier_flag|edge_flag|focus_flag
YX1,20260122,20260122_A09,20260122_A09_e02,104,edge_flag|focus_flag
YX1,20260122,20260122_A09,20260122_A09_e03,104,viability_dead_flag|persistence_dead_flag|sa_outlier_flag|edge_flag|focus_flag
YX1,20260122,20260122_B03,20260122_B03_e01,104,sa_outlier_flag|overlapping_mask_flag|focus_flag
YX1,20260122,20260122_B03,20260122_B03_e02,96,sa_outlier_flag|focus_flag
YX1,20260122,20260122_B03,20260122_B03_e04,104,sa_outlier_flag|edge_flag|overlapping_mask_flag|focus_flag
YX1,20260122,20260122_B03,20260122_B03_e05,81,sa_outlier_flag|focus_flag
YX1,20260122,20260122_B09,20260122_B09_e02,104,sa_outlier_flag|edge_flag|focus_flag
YX1,20260122,20260122_C02,20260122_C02_e01,65,sa_outlier_flag|focus_flag
YX1,20260122,20260122_C04,20260122_C04_e02,104,viability_dead_flag|persistence_dead_flag|sa_outlier_flag|edge_flag|focus_flag
YX1,20260122,20260122_C04,20260122_C04_e03,104,sa_outlier_flag|edge_flag|focus_flag|motion_blur_flag
YX1,20260122,20260122_C05,20260122_C05_e01,104,sa_outlier_flag|edge_flag|focus_flag
YX1,20260122,20260122_C05,20260122_C05_e02,1,sa_outlier_flag|focus_flag|motion_blur_flag
YX1,20260122,20260122_C08,20260122_C08_e03,97,sa_outlier_flag|overlapping_mask_flag
YX1,20260122,20260122_C10,20260122_C10_e03,104,sa_outlier_flag|focus_flag
YX1,20260122,20260122_C11,20260122_C11_e04,83,sa_outlier_flag|edge_flag|focus_flag
YX1,20260122,20260122_C12,20260122_C12_e03,104,sa_outlier_flag|edge_flag|focus_flag
YX1,20260122,20260122_D02,20260122_D02_e03,85,overlapping_mask_flag
YX1,20260122,20260122_D03,20260122_D03_e01,104,sa_outlier_flag|focus_flag
YX1,20260122,20260122_D06,20260122_D06_e01,104,sa_outlier_flag|edge_flag|focus_flag
YX1,20260122,20260122_D06,20260122_D06_e02,104,sa_outlier_flag|edge_flag|focus_flag
YX1,20260122,20260122_D08,20260122_D08_e02,104,sa_outlier_flag|focus_flag
YX1,20260122,20260122_E02,20260122_E02_e01,104,viability_dead_flag|sa_outlier_flag|edge_flag|focus_flag
YX1,20260122,20260122_E12,20260122_E12_e04,104,sa_outlier_flag
YX1,20260122,20260122_F01,20260122_F01_e03,83,overlapping_mask_flag
YX1,20260122,20260122_F02,20260122_F02_e02,104,sa_outlier_flag|edge_flag
YX1,20260122,20260122_F04,20260122_F04_e02,104,sa_outlier_flag|edge_flag|focus_flag
YX1,20260122,20260122_F07,20260122_F07_e01,104,sa_outlier_flag|overlapping_mask_flag|focus_flag
YX1,20260122,20260122_F07,20260122_F07_e02,104,sa_outlier_flag|edge_flag|overlapping_mask_flag|focus_flag
YX1,20260122,20260122_F10,20260122_F10_e04,104,sa_outlier_flag|focus_flag
YX1,20260122,20260122_F12,20260122_F12_e04,104,sa_outlier_flag|discontinuous_mask_flag|overlapping_mask_flag
YX1,20260122,20260122_F12,20260122_F12_e05,101,sa_outlier_flag|discontinuous_mask_flag|overlapping_mask_flag
YX1,20260122,20260122_G02,20260122_G02_e02,104,sa_outlier_flag|focus_flag|motion_blur_flag
YX1,20260122,20260122_G04,20260122_G04_e02,104,sa_outlier_flag|edge_flag|focus_flag
YX1,20260122,20260122_G05,20260122_G05_e02,104,sa_outlier_flag|edge_flag|focus_flag
YX1,20260122,20260122_G06,20260122_G06_e02,104,sa_outlier_flag|edge_flag|focus_flag
YX1,20260122,20260122_G07,20260122_G07_e03,104,sa_outlier_flag|discontinuous_mask_flag|focus_flag
YX1,20260122,20260122_G08,20260122_G08_e02,2,viability_dead_flag|sa_outlier_flag|focus_flag|motion_blur_flag
YX1,20260122,20260122_G09,20260122_G09_e01,104,viability_dead_flag|persistence_dead_flag|sa_outlier_flag
YX1,20260122,20260122_G09,20260122_G09_e03,104,sa_outlier_flag|motion_blur_flag
YX1,20260122,20260122_G10,20260122_G10_e02,104,focus_flag
YX1,20260122,20260122_G10,20260122_G10_e03,104,sa_outlier_flag|edge_flag|focus_flag
YX1,20260122,20260122_H01,20260122_H01_e02,104,viability_dead_flag|sa_outlier_flag|focus_flag
YX1,20260122,20260122_H04,20260122_H04_e02,70,focus_flag
YX1,20260122,20260122_H06,20260122_H06_e03,104,sa_outlier_flag
YX1,20260122,20260122_H12,20260122_H12_e03,104,sa_outlier_flag|focus_flag
YX1,20260202,20260202_A03,20260202_A03_e04,68,sa_outlier_flag|focus_flag
YX1,20260202,20260202_A03,20260202_A03_e05,61,sa_outlier_flag|focus_flag
YX1,20260202,20260202_A04,20260202_A04_e04,71,sa_outlier_flag
YX1,20260202,20260202_A04,20260202_A04_e05,71,sa_outlier_flag
YX1,20260202,20260202_A07,20260202_A07_e02,24,sa_outlier_flag
YX1,20260202,20260202_A12,20260202_A12_e02,71,sa_outlier_flag|focus_flag
YX1,20260202,20260202_B06,20260202_B06_e03,38,overlapping_mask_flag
YX1,20260202,20260202_B10,20260202_B10_e02,71,sa_outlier_flag|focus_flag
YX1,20260202,20260202_B12,20260202_B12_e02,71,sa_outlier_flag|focus_flag
YX1,20260202,20260202_C07,20260202_C07_e03,70,viability_dead_flag|persistence_dead_flag|sa_outlier_flag|focus_flag
YX1,20260202,20260202_C10,20260202_C10_e03,71,sa_outlier_flag|focus_flag
YX1,20260202,20260202_C11,20260202_C11_e01,71,sa_outlier_flag|overlapping_mask_flag|focus_flag
YX1,20260202,20260202_C12,20260202_C12_e02,71,sa_outlier_flag|focus_flag
YX1,20260202,20260202_D02,20260202_D02_e03,70,viability_dead_flag|persistence_dead_flag|sa_outlier_flag|focus_flag
YX1,20260202,20260202_F12,20260202_F12_e02,71,sa_outlier_flag|focus_flag
YX1,20260202,20260202_G04,20260202_G04_e01,71,sa_outlier_flag|focus_flag
YX1,20260202,20260202_G04,20260202_G04_e04,6,viability_dead_flag|sa_outlier_flag|overlapping_mask_flag|focus_flag
YX1,20260202,20260202_G04,20260202_G04_e05,53,sa_outlier_flag|focus_flag
YX1,20260202,20260202_H09,20260202_H09_e03,71,sa_outlier_flag
YX1,20260202,20260202_H09,20260202_H09_e04,71,sa_outlier_flag|focus_flag|motion_blur_flag
YX1,20260206,20260206_A12,20260206_A12_e01,150,overlapping_mask_flag
YX1,20260206,20260206_A12,20260206_A12_e02,150,overlapping_mask_flag
YX1,20260208,20260208_C05,20260208_C05_e02,173,viability_dead_flag|persistence_dead_flag|sa_outlier_flag|focus_flag
YX1,20260208,20260208_C11,20260208_C11_e02,320,sa_outlier_flag
YX1,20260208,20260208_C12,20260208_C12_e02,303,sa_outlier_flag|motion_blur_flag
YX1,20260208,20260208_D07,20260208_D07_e02,136,sa_outlier_flag|motion_blur_flag
YX1,20260208,20260208_E01,20260208_E01_e02,191,sa_outlier_flag|focus_flag|motion_blur_flag
YX1,20260208,20260208_E07,20260208_E07_e02,321,sa_outlier_flag|motion_blur_flag
YX1,20260208,20260208_F08,20260208_F08_e02,2,sa_outlier_flag|motion_blur_flag
YX1,20260208,20260208_H07,20260208_H07_e02,321,sa_outlier_flag|motion_blur_flag
YX1,20260208,20260208_H11,20260208_H11_e02,321,sa_outlier_flag|motion_blur_flag
YX1,20260210,20260210_A04,20260210_A04_e01,161,overlapping_mask_flag
YX1,20260210,20260210_A04,20260210_A04_e02,161,viability_dead_flag|persistence_dead_flag|sa_outlier_flag|overlapping_mask_flag|focus_flag
YX1,20260210,20260210_C03,20260210_C03_e02,161,sa_outlier_flag|motion_blur_flag
YX1,20260210,20260210_C08,20260210_C08_e02,114,sa_outlier_flag
YX1,20260210,20260210_F05,20260210_F05_e02,161,sa_outlier_flag|focus_flag
YX1,20260210,20260210_G01,20260210_G01_e01,161,viability_dead_flag|persistence_dead_flag|sa_outlier_flag|focus_flag
YX1,20260228,20260228_A04,20260228_A04_e01,151,overlapping_mask_flag
YX1,20260228,20260228_A04,20260228_A04_e02,151,sa_outlier_flag|overlapping_mask_flag|focus_flag
YX1,20260228,20260228_A04,20260228_A04_e03,151,sa_outlier_flag|overlapping_mask_flag
YX1,20260228,20260228_A06,20260228_A06_e01,151,viability_dead_flag|persistence_dead_flag|focus_flag
YX1,20260228,20260228_A09,20260228_A09_e02,151,sa_outlier_flag|motion_blur_flag
YX1,20260228,20260228_B01,20260228_B01_e01,151,sa_outlier_flag|motion_blur_flag
YX1,20260228,20260228_B02,20260228_B02_e02,151,sa_outlier_flag|edge_flag|focus_flag
YX1,20260228,20260228_B11,20260228_B11_e01,151,viability_dead_flag|persistence_dead_flag|sa_outlier_flag|focus_flag
YX1,20260228,20260228_C04,20260228_C04_e02,147,sa_outlier_flag|motion_blur_flag
YX1,20260228,20260228_C05,20260228_C05_e02,151,sa_outlier_flag|motion_blur_flag
YX1,20260228,20260228_C08,20260228_C08_e01,151,sa_outlier_flag
YX1,20260228,20260228_C09,20260228_C09_e01,151,viability_dead_flag|persistence_dead_flag|sa_outlier_flag|focus_flag
YX1,20260228,20260228_C10,20260228_C10_e02,151,sa_outlier_flag|motion_blur_flag
YX1,20260228,20260228_D01,20260228_D01_e02,151,sa_outlier_flag|motion_blur_flag
YX1,20260228,20260228_D01,20260228_D01_e03,151,sa_outlier_flag|motion_blur_flag
YX1,20260228,20260228_D08,20260228_D08_e01,151,sa_outlier_flag|focus_flag
YX1,20260228,20260228_E04,20260228_E04_e02,151,sa_outlier_flag
YX1,20260228,20260228_F04,20260228_F04_e01,151,viability_dead_flag|persistence_dead_flag|sa_outlier_flag|discontinuous_mask_flag|focus_flag
YX1,20260228,20260228_F05,20260228_F05_e02,128,sa_outlier_flag|motion_blur_flag
YX1,20260228,20260228_F08,20260228_F08_e02,126,sa_outlier_flag|motion_blur_flag
YX1,20260228,20260228_G01,20260228_G01_e03,2,focus_flag|motion_blur_flag
YX1,20260228,20260228_G04,20260228_G04_e02,151,sa_outlier_flag
YX1,20260228,20260228_G10,20260228_G10_e02,151,viability_dead_flag|sa_outlier_flag|focus_flag
YX1,20260228,20260228_G11,20260228_G11_e01,151,overlapping_mask_flag
YX1,20260228,20260228_G11,20260228_G11_e02,151,sa_outlier_flag|overlapping_mask_flag
YX1,20260228,20260228_H03,20260228_H03_e02,151,sa_outlier_flag|focus_flag
YX1,20260228,20260228_H10,20260228_H10_e01,151,viability_dead_flag|persistence_dead_flag|sa_outlier_flag|focus_flag
YX1,20260306,20260306_A01,20260306_A01_e01,186,sa_outlier_flag|motion_blur_flag
YX1,20260306,20260306_A01,20260306_A01_e04,186,sa_outlier_flag|motion_blur_flag
YX1,20260306,20260306_A03,20260306_A03_e02,186,sa_outlier_flag|motion_blur_flag
YX1,20260306,20260306_A04,20260306_A04_e02,182,sa_outlier_flag|motion_blur_flag
YX1,20260306,20260306_A04,20260306_A04_e03,159,sa_outlier_flag
YX1,20260306,20260306_A06,20260306_A06_e02,186,sa_outlier_flag|motion_blur_flag
YX1,20260306,20260306_A06,20260306_A06_e03,186,sa_outlier_flag|motion_blur_flag
YX1,20260306,20260306_A07,20260306_A07_e02,186,sa_outlier_flag|motion_blur_flag
YX1,20260306,20260306_A08,20260306_A08_e02,185,sa_outlier_flag|motion_blur_flag
YX1,20260306,20260306_A09,20260306_A09_e01,186,sa_outlier_flag|motion_blur_flag
YX1,20260306,20260306_A09,20260306_A09_e02,185,viability_dead_flag|persistence_dead_flag|sa_outlier_flag|edge_flag|overlapping_mask_flag|focus_flag
YX1,20260306,20260306_A09,20260306_A09_e03,179,viability_dead_flag|persistence_dead_flag|sa_outlier_flag|overlapping_mask_flag|focus_flag
YX1,20260306,20260306_B01,20260306_B01_e02,134,sa_outlier_flag|edge_flag|focus_flag
YX1,20260306,20260306_B02,20260306_B02_e02,186,sa_outlier_flag|focus_flag
YX1,20260306,20260306_B05,20260306_B05_e02,186,viability_dead_flag|persistence_dead_flag|sa_outlier_flag|focus_flag
YX1,20260306,20260306_B07,20260306_B07_e02,184,sa_outlier_flag
YX1,20260306,20260306_B09,20260306_B09_e02,186,sa_outlier_flag|motion_blur_flag
YX1,20260306,20260306_B12,20260306_B12_e02,186,sa_outlier_flag|motion_blur_flag
YX1,20260306,20260306_C07,20260306_C07_e02,186,sa_outlier_flag|edge_flag|focus_flag
YX1,20260306,20260306_C11,20260306_C11_e01,1,sa_outlier_flag|edge_flag|focus_flag
YX1,20260306,20260306_C11,20260306_C11_e02,186,sa_outlier_flag
YX1,20260306,20260306_C12,20260306_C12_e02,184,sa_outlier_flag
YX1,20260306,20260306_C12,20260306_C12_e03,184,sa_outlier_flag|motion_blur_flag
YX1,20260306,20260306_D01,20260306_D01_e02,186,sa_outlier_flag|edge_flag|focus_flag
YX1,20260306,20260306_D02,20260306_D02_e02,185,sa_outlier_flag|motion_blur_flag
YX1,20260306,20260306_D05,20260306_D05_e02,180,sa_outlier_flag|motion_blur_flag
YX1,20260306,20260306_D08,20260306_D08_e01,186,sa_outlier_flag
YX1,20260306,20260306_D08,20260306_D08_e02,186,sa_outlier_flag|focus_flag
YX1,20260306,20260306_D12,20260306_D12_e01,175,sa_outlier_flag|motion_blur_flag
YX1,20260306,20260306_E02,20260306_E02_e02,186,sa_outlier_flag|motion_blur_flag
YX1,20260306,20260306_E04,20260306_E04_e01,186,sa_outlier_flag|edge_flag|focus_flag
YX1,20260306,20260306_E09,20260306_E09_e01,186,viability_dead_flag|persistence_dead_flag|sa_outlier_flag|focus_flag
YX1,20260306,20260306_E10,20260306_E10_e02,186,sa_outlier_flag
YX1,20260306,20260306_E11,20260306_E11_e02,186,sa_outlier_flag|edge_flag|focus_flag
YX1,20260306,20260306_E12,20260306_E12_e01,186,viability_dead_flag|persistence_dead_flag|focus_flag
YX1,20260306,20260306_E12,20260306_E12_e02,185,sa_outlier_flag|motion_blur_flag
YX1,20260306,20260306_F01,20260306_F01_e02,51,sa_outlier_flag|edge_flag|focus_flag
YX1,20260306,20260306_F02,20260306_F02_e02,186,sa_outlier_flag|motion_blur_flag
YX1,20260306,20260306_F04,20260306_F04_e02,186,sa_outlier_flag|edge_flag
YX1,20260306,20260306_F05,20260306_F05_e02,186,sa_outlier_flag|motion_blur_flag
YX1,20260306,20260306_F08,20260306_F08_e02,186,sa_outlier_flag|motion_blur_flag
YX1,20260306,20260306_F08,20260306_F08_e03,185,sa_outlier_flag|motion_blur_flag
YX1,20260306,20260306_F09,20260306_F09_e02,186,sa_outlier_flag|motion_blur_flag
YX1,20260306,20260306_F09,20260306_F09_e03,186,sa_outlier_flag|motion_blur_flag
YX1,20260306,20260306_F10,20260306_F10_e02,160,sa_outlier_flag|focus_flag|motion_blur_flag
YX1,20260306,20260306_F11,20260306_F11_e01,186,overlapping_mask_flag
YX1,20260306,20260306_F11,20260306_F11_e02,185,sa_outlier_flag|overlapping_mask_flag
YX1,20260306,20260306_F11,20260306_F11_e03,186,sa_outlier_flag
YX1,20260306,20260306_F12,20260306_F12_e02,167,sa_outlier_flag
YX1,20260306,20260306_G01,20260306_G01_e03,186,sa_outlier_flag
YX1,20260306,20260306_G08,20260306_G08_e02,186,sa_outlier_flag|edge_flag|focus_flag
YX1,20260306,20260306_G10,20260306_G10_e02,186,sa_outlier_flag
YX1,20260306,20260306_H01,20260306_H01_e02,186,sa_outlier_flag
YX1,20260306,20260306_H03,20260306_H03_e01,186,viability_dead_flag|persistence_dead_flag|sa_outlier_flag|focus_flag
YX1,20260306,20260306_H05,20260306_H05_e01,186,viability_dead_flag|persistence_dead_flag|sa_outlier_flag
YX1,20260306,20260306_H05,20260306_H05_e02,186,sa_outlier_flag
YX1,20260306,20260306_H05,20260306_H05_e03,186,sa_outlier_flag|motion_blur_flag
YX1,20260306,20260306_H06,20260306_H06_e02,186,sa_outlier_flag
YX1,20260306,20260306_H10,20260306_H10_e01,186,sa_outlier_flag|edge_flag|focus_flag
YX1,20260306,20260306_H11,20260306_H11_e01,186,viability_dead_flag|persistence_dead_flag|focus_flag
YX1,20260306,20260306_H12,20260306_H12_e02,3,sa_outlier_flag|edge_flag|focus_flag
YX1,20260410_otx_pilot,20260410_otx_pilot_A03,20260410_otx_pilot_A03_e06,48,sa_outlier_flag
YX1,20260410_otx_pilot,20260410_otx_pilot_A07,20260410_otx_pilot_A07_e03,176,sa_outlier_flag|discontinuous_mask_flag|overlapping_mask_flag|focus_flag
YX1,20260410_otx_pilot,20260410_otx_pilot_A07,20260410_otx_pilot_A07_e04,176,viability_dead_flag|persistence_dead_flag|sa_outlier_flag|overlapping_mask_flag|focus_flag
YX1,20260410_otx_pilot,20260410_otx_pilot_A07,20260410_otx_pilot_A07_e05,176,viability_dead_flag|persistence_dead_flag|sa_outlier_flag|overlapping_mask_flag|focus_flag|motion_blur_flag
YX1,20260410_otx_pilot,20260410_otx_pilot_A08,20260410_otx_pilot_A08_e02,176,overlapping_mask_flag
YX1,20260410_otx_pilot,20260410_otx_pilot_A08,20260410_otx_pilot_A08_e03,176,viability_dead_flag|persistence_dead_flag|sa_outlier_flag|overlapping_mask_flag|focus_flag
YX1,20260410_otx_pilot,20260410_otx_pilot_A10,20260410_otx_pilot_A10_e04,176,viability_dead_flag|persistence_dead_flag|sa_outlier_flag|overlapping_mask_flag|focus_flag
YX1,20260410_otx_pilot,20260410_otx_pilot_A10,20260410_otx_pilot_A10_e05,176,viability_dead_flag|persistence_dead_flag|sa_outlier_flag|overlapping_mask_flag|focus_flag
YX1,20260410_otx_pilot,20260410_otx_pilot_B08,20260410_otx_pilot_B08_e01,176,viability_dead_flag|persistence_dead_flag|sa_outlier_flag|overlapping_mask_flag|focus_flag|motion_blur_flag
YX1,20260410_otx_pilot,20260410_otx_pilot_B08,20260410_otx_pilot_B08_e02,176,viability_dead_flag|persistence_dead_flag|sa_outlier_flag|overlapping_mask_flag|focus_flag|motion_blur_flag
YX1,20260410_otx_pilot,20260410_otx_pilot_B08,20260410_otx_pilot_B08_e03,176,viability_dead_flag|persistence_dead_flag|sa_outlier_flag|overlapping_mask_flag|focus_flag|motion_blur_flag
YX1,20260410_otx_pilot,20260410_otx_pilot_B08,20260410_otx_pilot_B08_e04,176,viability_dead_flag|persistence_dead_flag|sa_outlier_flag|overlapping_mask_flag|focus_flag
YX1,20260410_otx_pilot,20260410_otx_pilot_B08,20260410_otx_pilot_B08_e05,176,viability_dead_flag|persistence_dead_flag|sa_outlier_flag|overlapping_mask_flag|focus_flag
YX1,20260410_otx_pilot,20260410_otx_pilot_B08,20260410_otx_pilot_B08_e06,176,viability_dead_flag|persistence_dead_flag|sa_outlier_flag|overlapping_mask_flag|focus_flag
YX1,20260410_otx_pilot,20260410_otx_pilot_B08,20260410_otx_pilot_B08_e07,176,viability_dead_flag|persistence_dead_flag|sa_outlier_flag|focus_flag|motion_blur_flag
YX1,20260410_otx_pilot,20260410_otx_pilot_B08,20260410_otx_pilot_B08_e08,176,viability_dead_flag|persistence_dead_flag|sa_outlier_flag|overlapping_mask_flag|focus_flag|motion_blur_flag
YX1,20260410_otx_pilot,20260410_otx_pilot_B08,20260410_otx_pilot_B08_e09,176,viability_dead_flag|persistence_dead_flag|sa_outlier_flag|overlapping_mask_flag|focus_flag
YX1,20260410_otx_pilot,20260410_otx_pilot_C08,20260410_otx_pilot_C08_e01,176,sa_outlier_flag
YX1,20260410_otx_pilot,20260410_otx_pilot_C08,20260410_otx_pilot_C08_e02,176,viability_dead_flag|persistence_dead_flag|sa_outlier_flag|overlapping_mask_flag|focus_flag|motion_blur_flag
YX1,20260410_otx_pilot,20260410_otx_pilot_C08,20260410_otx_pilot_C08_e03,176,sa_outlier_flag|overlapping_mask_flag
YX1,20260410_otx_pilot,20260410_otx_pilot_C09,20260410_otx_pilot_C09_e05,48,sa_outlier_flag
YX1,20260410_otx_pilot,20260410_otx_pilot_C12,20260410_otx_pilot_C12_e01,176,viability_dead_flag|persistence_dead_flag|sa_outlier_flag|overlapping_mask_flag|focus_flag
YX1,20260410_otx_pilot,20260410_otx_pilot_C12,20260410_otx_pilot_C12_e02,176,viability_dead_flag|persistence_dead_flag|sa_outlier_flag|overlapping_mask_flag|focus_flag
YX1,20260410_otx_pilot,20260410_otx_pilot_C12,20260410_otx_pilot_C12_e03,176,viability_dead_flag|persistence_dead_flag|sa_outlier_flag|discontinuous_mask_flag|overlapping_mask_flag|focus_flag
YX1,20260410_otx_pilot,20260410_otx_pilot_C12,20260410_otx_pilot_C12_e04,176,viability_dead_flag|persistence_dead_flag|sa_outlier_flag|overlapping_mask_flag|focus_flag
YX1,20260410_otx_pilot,20260410_otx_pilot_D02,20260410_otx_pilot_D02_e02,176,viability_dead_flag|persistence_dead_flag|sa_outlier_flag|focus_flag
YX1,20260410_otx_pilot,20260410_otx_pilot_D05,20260410_otx_pilot_D05_e03,176,viability_dead_flag|persistence_dead_flag|sa_outlier_flag|discontinuous_mask_flag|focus_flag|motion_blur_flag
YX1,20260410_otx_pilot,20260410_otx_pilot_D06,20260410_otx_pilot_D06_e05,19,sa_outlier_flag|focus_flag|motion_blur_flag
YX1,20260410_otx_pilot,20260410_otx_pilot_E08,20260410_otx_pilot_E08_e01,176,sa_outlier_flag|focus_flag
YX1,20260410_otx_pilot,20260410_otx_pilot_E10,20260410_otx_pilot_E10_e03,176,viability_dead_flag|persistence_dead_flag|sa_outlier_flag|focus_flag
YX1,20260410_otx_pilot,20260410_otx_pilot_E10,20260410_otx_pilot_E10_e04,176,viability_dead_flag|persistence_dead_flag|sa_outlier_flag|overlapping_mask_flag|focus_flag
YX1,20260410_otx_pilot,20260410_otx_pilot_E10,20260410_otx_pilot_E10_e05,176,viability_dead_flag|persistence_dead_flag|sa_outlier_flag|overlapping_mask_flag|focus_flag
YX1,20260410_otx_pilot,20260410_otx_pilot_E11,20260410_otx_pilot_E11_e02,176,sa_outlier_flag|discontinuous_mask_flag|overlapping_mask_flag|focus_flag|motion_blur_flag
YX1,20260410_otx_pilot,20260410_otx_pilot_E11,20260410_otx_pilot_E11_e03,176,viability_dead_flag|persistence_dead_flag|sa_outlier_flag|overlapping_mask_flag|focus_flag|motion_blur_flag
YX1,20260410_otx_pilot,20260410_otx_pilot_E11,20260410_otx_pilot_E11_e04,176,viability_dead_flag|persistence_dead_flag|sa_outlier_flag|overlapping_mask_flag|focus_flag|motion_blur_flag
YX1,20260410_otx_pilot,20260410_otx_pilot_E11,20260410_otx_pilot_E11_e05,176,viability_dead_flag|persistence_dead_flag|sa_outlier_flag|overlapping_mask_flag|focus_flag
YX1,20260410_otx_pilot,20260410_otx_pilot_E11,20260410_otx_pilot_E11_e06,176,viability_dead_flag|persistence_dead_flag|sa_outlier_flag|overlapping_mask_flag|focus_flag|motion_blur_flag
YX1,20260410_otx_pilot,20260410_otx_pilot_E12,20260410_otx_pilot_E12_e04,176,viability_dead_flag|persistence_dead_flag|sa_outlier_flag|overlapping_mask_flag|focus_flag|motion_blur_flag
YX1,20260410_otx_pilot,20260410_otx_pilot_E12,20260410_otx_pilot_E12_e05,176,viability_dead_flag|persistence_dead_flag|sa_outlier_flag|overlapping_mask_flag|focus_flag|motion_blur_flag
YX1,20260410_otx_pilot,20260410_otx_pilot_F04,20260410_otx_pilot_F04_e04,176,viability_dead_flag|persistence_dead_flag|sa_outlier_flag|overlapping_mask_flag|focus_flag|motion_blur_flag
YX1,20260410_otx_pilot,20260410_otx_pilot_F04,20260410_otx_pilot_F04_e05,176,viability_dead_flag|persistence_dead_flag|sa_outlier_flag|overlapping_mask_flag|focus_flag|motion_blur_flag
YX1,20260410_otx_pilot,20260410_otx_pilot_F04,20260410_otx_pilot_F04_e06,176,viability_dead_flag|persistence_dead_flag|sa_outlier_flag|overlapping_mask_flag|focus_flag|motion_blur_flag
YX1,20260410_otx_pilot,20260410_otx_pilot_F04,20260410_otx_pilot_F04_e07,176,viability_dead_flag|persistence_dead_flag|sa_outlier_flag|overlapping_mask_flag|focus_flag|motion_blur_flag
YX1,20260410_otx_pilot,20260410_otx_pilot_F05,20260410_otx_pilot_F05_e02,176,viability_dead_flag|persistence_dead_flag|sa_outlier_flag|overlapping_mask_flag|focus_flag
YX1,20260410_otx_pilot,20260410_otx_pilot_F05,20260410_otx_pilot_F05_e05,176,viability_dead_flag|persistence_dead_flag|sa_outlier_flag|overlapping_mask_flag|focus_flag
YX1,20260410_otx_pilot,20260410_otx_pilot_F06,20260410_otx_pilot_F06_e05,33,sa_outlier_flag|focus_flag|motion_blur_flag
YX1,20260410_otx_pilot,20260410_otx_pilot_F09,20260410_otx_pilot_F09_e04,176,viability_dead_flag|persistence_dead_flag|sa_outlier_flag|overlapping_mask_flag|focus_flag
YX1,20260410_otx_pilot,20260410_otx_pilot_F09,20260410_otx_pilot_F09_e05,176,viability_dead_flag|persistence_dead_flag|sa_outlier_flag|overlapping_mask_flag|focus_flag|motion_blur_flag
YX1,20260410_otx_pilot,20260410_otx_pilot_F09,20260410_otx_pilot_F09_e06,176,viability_dead_flag|sa_outlier_flag|discontinuous_mask_flag|overlapping_mask_flag|focus_flag|motion_blur_flag
YX1,20260410_otx_pilot,20260410_otx_pilot_F09,20260410_otx_pilot_F09_e07,176,viability_dead_flag|persistence_dead_flag|sa_outlier_flag|overlapping_mask_flag|focus_flag
YX1,20260410_otx_pilot,20260410_otx_pilot_F11,20260410_otx_pilot_F11_e05,78,sa_outlier_flag
YX1,20260410_otx_pilot,20260410_otx_pilot_F11,20260410_otx_pilot_F11_e06,22,sa_outlier_flag
YX1,20260410_otx_pilot,20260410_otx_pilot_G01,20260410_otx_pilot_G01_e03,47,sa_outlier_flag|focus_flag
YX1,20260410_otx_pilot,20260410_otx_pilot_G01,20260410_otx_pilot_G01_e04,176,viability_dead_flag|persistence_dead_flag|sa_outlier_flag|overlapping_mask_flag|focus_flag
YX1,20260410_otx_pilot,20260410_otx_pilot_G01,20260410_otx_pilot_G01_e06,176,viability_dead_flag|persistence_dead_flag|sa_outlier_flag|overlapping_mask_flag|focus_flag
YX1,20260410_otx_pilot,20260410_otx_pilot_G03,20260410_otx_pilot_G03_e02,176,viability_dead_flag|persistence_dead_flag|sa_outlier_flag|focus_flag
YX1,20260410_otx_pilot,20260410_otx_pilot_G03,20260410_otx_pilot_G03_e04,176,viability_dead_flag|persistence_dead_flag|sa_outlier_flag|overlapping_mask_flag|focus_flag
YX1,20260410_otx_pilot,20260410_otx_pilot_G03,20260410_otx_pilot_G03_e05,176,viability_dead_flag|persistence_dead_flag|sa_outlier_flag|overlapping_mask_flag|focus_flag
YX1,20260410_otx_pilot,20260410_otx_pilot_G06,20260410_otx_pilot_G06_e04,176,viability_dead_flag|sa_outlier_flag|focus_flag
YX1,20260410_otx_pilot,20260410_otx_pilot_G08,20260410_otx_pilot_G08_e04,176,viability_dead_flag|persistence_dead_flag|sa_outlier_flag|focus_flag
YX1,20260410_otx_pilot,20260410_otx_pilot_G12,20260410_otx_pilot_G12_e04,49,sa_outlier_flag|focus_flag
YX1,20260410_otx_pilot,20260410_otx_pilot_H01,20260410_otx_pilot_H01_e04,176,overlapping_mask_flag
YX1,20260410_otx_pilot,20260410_otx_pilot_H01,20260410_otx_pilot_H01_e05,176,sa_outlier_flag|overlapping_mask_flag
YX1,20260414_sci_b9d2_48hpf_plate01,20260414_sci_b9d2_48hpf_plate01_A12,20260414_sci_b9d2_48hpf_plate01_A12_e02,60,sa_outlier_flag|motion_blur_flag
YX1,20260414_sci_b9d2_48hpf_plate01,20260414_sci_b9d2_48hpf_plate01_B01,20260414_sci_b9d2_48hpf_plate01_B01_e02,60,sa_outlier_flag|motion_blur_flag
YX1,20260414_sci_b9d2_48hpf_plate01,20260414_sci_b9d2_48hpf_plate01_C06,20260414_sci_b9d2_48hpf_plate01_C06_e02,60,sa_outlier_flag|motion_blur_flag
YX1,20260414_sci_b9d2_48hpf_plate01,20260414_sci_b9d2_48hpf_plate01_C06,20260414_sci_b9d2_48hpf_plate01_C06_e03,60,sa_outlier_flag|motion_blur_flag
YX1,20260414_sci_b9d2_48hpf_plate01,20260414_sci_b9d2_48hpf_plate01_C10,20260414_sci_b9d2_48hpf_plate01_C10_e02,38,sa_outlier_flag|motion_blur_flag
YX1,20260414_sci_b9d2_48hpf_plate01,20260414_sci_b9d2_48hpf_plate01_C11,20260414_sci_b9d2_48hpf_plate01_C11_e02,35,sa_outlier_flag|motion_blur_flag
YX1,20260414_sci_b9d2_48hpf_plate01,20260414_sci_b9d2_48hpf_plate01_D01,20260414_sci_b9d2_48hpf_plate01_D01_e01,60,overlapping_mask_flag
YX1,20260414_sci_b9d2_48hpf_plate01,20260414_sci_b9d2_48hpf_plate01_D01,20260414_sci_b9d2_48hpf_plate01_D01_e02,60,sa_outlier_flag|overlapping_mask_flag
YX1,20260414_sci_b9d2_48hpf_plate01,20260414_sci_b9d2_48hpf_plate01_D03,20260414_sci_b9d2_48hpf_plate01_D03_e02,59,sa_outlier_flag|focus_flag|motion_blur_flag
YX1,20260414_sci_b9d2_48hpf_plate01,20260414_sci_b9d2_48hpf_plate01_E02,20260414_sci_b9d2_48hpf_plate01_E02_e02,60,sa_outlier_flag|focus_flag
YX1,20260414_sci_b9d2_48hpf_plate01,20260414_sci_b9d2_48hpf_plate01_E02,20260414_sci_b9d2_48hpf_plate01_E02_e03,60,sa_outlier_flag
YX1,20260414_sci_b9d2_48hpf_plate01,20260414_sci_b9d2_48hpf_plate01_E04,20260414_sci_b9d2_48hpf_plate01_E04_e02,60,sa_outlier_flag|motion_blur_flag
YX1,20260414_sci_b9d2_48hpf_plate01,20260414_sci_b9d2_48hpf_plate01_F07,20260414_sci_b9d2_48hpf_plate01_F07_e02,60,sa_outlier_flag|edge_flag|focus_flag
YX1,20260414_sci_b9d2_48hpf_plate01,20260414_sci_b9d2_48hpf_plate01_G03,20260414_sci_b9d2_48hpf_plate01_G03_e01,60,overlapping_mask_flag
YX1,20260414_sci_b9d2_48hpf_plate01,20260414_sci_b9d2_48hpf_plate01_G03,20260414_sci_b9d2_48hpf_plate01_G03_e02,60,sa_outlier_flag|overlapping_mask_flag
YX1,20260414_sci_b9d2_48hpf_plate01,20260414_sci_b9d2_48hpf_plate01_H06,20260414_sci_b9d2_48hpf_plate01_H06_e02,60,sa_outlier_flag|focus_flag
YX1,20260414_sci_b9d2_48hpf_plate01,20260414_sci_b9d2_48hpf_plate01_H08,20260414_sci_b9d2_48hpf_plate01_H08_e01,60,edge_flag|overlapping_mask_flag
YX1,20260414_sci_b9d2_48hpf_plate01,20260414_sci_b9d2_48hpf_plate01_H08,20260414_sci_b9d2_48hpf_plate01_H08_e02,60,sa_outlier_flag|overlapping_mask_flag
YX1,20260415_sci_cep290_48hpf_plate01,20260415_sci_cep290_48hpf_plate01_B01,20260415_sci_cep290_48hpf_plate01_B01_e02,45,sa_outlier_flag|motion_blur_flag
YX1,20260415_sci_cep290_48hpf_plate01,20260415_sci_cep290_48hpf_plate01_B06,20260415_sci_cep290_48hpf_plate01_B06_e02,45,sa_outlier_flag|focus_flag|motion_blur_flag
YX1,20260415_sci_cep290_48hpf_plate01,20260415_sci_cep290_48hpf_plate01_C06,20260415_sci_cep290_48hpf_plate01_C06_e02,45,sa_outlier_flag
YX1,20260415_sci_cep290_48hpf_plate01,20260415_sci_cep290_48hpf_plate01_C07,20260415_sci_cep290_48hpf_plate01_C07_e02,45,sa_outlier_flag
YX1,20260415_sci_cep290_48hpf_plate01,20260415_sci_cep290_48hpf_plate01_D05,20260415_sci_cep290_48hpf_plate01_D05_e01,45,overlapping_mask_flag|motion_blur_flag
YX1,20260415_sci_cep290_48hpf_plate01,20260415_sci_cep290_48hpf_plate01_D05,20260415_sci_cep290_48hpf_plate01_D05_e02,45,sa_outlier_flag|overlapping_mask_flag|motion_blur_flag
YX1,20260415_sci_cep290_48hpf_plate01,20260415_sci_cep290_48hpf_plate01_D06,20260415_sci_cep290_48hpf_plate01_D06_e02,45,sa_outlier_flag|motion_blur_flag
YX1,20260415_sci_cep290_48hpf_plate01,20260415_sci_cep290_48hpf_plate01_D11,20260415_sci_cep290_48hpf_plate01_D11_e02,45,focus_flag
YX1,20260415_sci_cep290_48hpf_plate01,20260415_sci_cep290_48hpf_plate01_H07,20260415_sci_cep290_48hpf_plate01_H07_e01,45,overlapping_mask_flag|motion_blur_flag
YX1,20260415_sci_cep290_48hpf_plate01,20260415_sci_cep290_48hpf_plate01_H07,20260415_sci_cep290_48hpf_plate01_H07_e02,45,sa_outlier_flag|overlapping_mask_flag|motion_blur_flag
YX1,20260417_irx_pilot,20260417_irx_pilot_B08,20260417_irx_pilot_B08_e02,27,viability_dead_flag|persistence_dead_flag|sa_outlier_flag|focus_flag
YX1,20260417_irx_pilot,20260417_irx_pilot_C09,20260417_irx_pilot_C09_e02,27,viability_dead_flag|persistence_dead_flag|sa_outlier_flag|focus_flag
YX1,20260417_irx_pilot,20260417_irx_pilot_D03,20260417_irx_pilot_D03_e02,27,viability_dead_flag|persistence_dead_flag|sa_outlier_flag|focus_flag
YX1,20260417_irx_pilot,20260417_irx_pilot_E09,20260417_irx_pilot_E09_e03,27,sa_outlier_flag|motion_blur_flag
YX1,20260417_irx_pilot,20260417_irx_pilot_G12,20260417_irx_pilot_G12_e03,27,viability_dead_flag|persistence_dead_flag|sa_outlier_flag|focus_flag
YX1,20260418_irx_pilot,20260418_irx_pilot_A03,20260418_irx_pilot_A03_e01,78,sa_outlier_flag|focus_flag
YX1,20260418_irx_pilot,20260418_irx_pilot_A04,20260418_irx_pilot_A04_e01,78,viability_dead_flag|persistence_dead_flag|sa_outlier_flag|focus_flag
YX1,20260418_irx_pilot,20260418_irx_pilot_A05,20260418_irx_pilot_A05_e01,78,viability_dead_flag|persistence_dead_flag|sa_outlier_flag|focus_flag
YX1,20260418_irx_pilot,20260418_irx_pilot_A07,20260418_irx_pilot_A07_e03,78,viability_dead_flag|persistence_dead_flag|sa_outlier_flag|focus_flag
YX1,20260418_irx_pilot,20260418_irx_pilot_A08,20260418_irx_pilot_A08_e02,78,sa_outlier_flag|motion_blur_flag
YX1,20260418_irx_pilot,20260418_irx_pilot_A09,20260418_irx_pilot_A09_e02,78,sa_outlier_flag
YX1,20260418_irx_pilot,20260418_irx_pilot_A10,20260418_irx_pilot_A10_e01,78,viability_dead_flag|persistence_dead_flag|sa_outlier_flag|focus_flag
YX1,20260418_irx_pilot,20260418_irx_pilot_A10,20260418_irx_pilot_A10_e02,78,viability_dead_flag|persistence_dead_flag|sa_outlier_flag|focus_flag
YX1,20260418_irx_pilot,20260418_irx_pilot_B05,20260418_irx_pilot_B05_e02,78,viability_dead_flag|persistence_dead_flag|sa_outlier_flag|focus_flag
YX1,20260418_irx_pilot,20260418_irx_pilot_B07,20260418_irx_pilot_B07_e02,41,sa_outlier_flag
YX1,20260418_irx_pilot,20260418_irx_pilot_B10,20260418_irx_pilot_B10_e01,78,viability_dead_flag|persistence_dead_flag|sa_outlier_flag|focus_flag
YX1,20260418_irx_pilot,20260418_irx_pilot_B11,20260418_irx_pilot_B11_e02,78,sa_outlier_flag
YX1,20260418_irx_pilot,20260418_irx_pilot_B11,20260418_irx_pilot_B11_e03,78,viability_dead_flag|persistence_dead_flag|sa_outlier_flag|focus_flag
YX1,20260418_irx_pilot,20260418_irx_pilot_B12,20260418_irx_pilot_B12_e01,78,viability_dead_flag|persistence_dead_flag|sa_outlier_flag|focus_flag
YX1,20260418_irx_pilot,20260418_irx_pilot_C05,20260418_irx_pilot_C05_e01,78,viability_dead_flag|persistence_dead_flag|sa_outlier_flag|focus_flag
YX1,20260418_irx_pilot,20260418_irx_pilot_C05,20260418_irx_pilot_C05_e03,78,viability_dead_flag|persistence_dead_flag|sa_outlier_flag|focus_flag
YX1,20260418_irx_pilot,20260418_irx_pilot_C07,20260418_irx_pilot_C07_e01,78,viability_dead_flag|persistence_dead_flag|sa_outlier_flag|focus_flag
YX1,20260418_irx_pilot,20260418_irx_pilot_C09,20260418_irx_pilot_C09_e01,78,viability_dead_flag|persistence_dead_flag|sa_outlier_flag|focus_flag
YX1,20260418_irx_pilot,20260418_irx_pilot_C09,20260418_irx_pilot_C09_e03,78,viability_dead_flag|persistence_dead_flag|sa_outlier_flag|focus_flag
YX1,20260418_irx_pilot,20260418_irx_pilot_C11,20260418_irx_pilot_C11_e01,78,sa_outlier_flag
YX1,20260418_irx_pilot,20260418_irx_pilot_D02,20260418_irx_pilot_D02_e01,78,sa_outlier_flag
YX1,20260418_irx_pilot,20260418_irx_pilot_D07,20260418_irx_pilot_D07_e01,78,viability_dead_flag|persistence_dead_flag|sa_outlier_flag|focus_flag
YX1,20260418_irx_pilot,20260418_irx_pilot_D07,20260418_irx_pilot_D07_e03,78,viability_dead_flag|persistence_dead_flag|sa_outlier_flag|focus_flag
YX1,20260418_irx_pilot,20260418_irx_pilot_D08,20260418_irx_pilot_D08_e01,78,sa_outlier_flag|focus_flag
YX1,20260418_irx_pilot,20260418_irx_pilot_D11,20260418_irx_pilot_D11_e01,78,viability_dead_flag|persistence_dead_flag|sa_outlier_flag|focus_flag
YX1,20260418_irx_pilot,20260418_irx_pilot_D12,20260418_irx_pilot_D12_e01,78,viability_dead_flag|persistence_dead_flag|sa_outlier_flag|focus_flag
YX1,20260418_irx_pilot,20260418_irx_pilot_E05,20260418_irx_pilot_E05_e01,78,viability_dead_flag|persistence_dead_flag|sa_outlier_flag|focus_flag
YX1,20260418_irx_pilot,20260418_irx_pilot_E07,20260418_irx_pilot_E07_e02,53,sa_outlier_flag
YX1,20260418_irx_pilot,20260418_irx_pilot_E09,20260418_irx_pilot_E09_e01,78,viability_dead_flag|persistence_dead_flag|sa_outlier_flag|focus_flag
YX1,20260418_irx_pilot,20260418_irx_pilot_E11,20260418_irx_pilot_E11_e01,78,viability_dead_flag|persistence_dead_flag|sa_outlier_flag|discontinuous_mask_flag
YX1,20260418_irx_pilot,20260418_irx_pilot_F02,20260418_irx_pilot_F02_e02,78,sa_outlier_flag
YX1,20260418_irx_pilot,20260418_irx_pilot_F05,20260418_irx_pilot_F05_e01,78,viability_dead_flag|persistence_dead_flag|sa_outlier_flag|focus_flag
YX1,20260418_irx_pilot,20260418_irx_pilot_F07,20260418_irx_pilot_F07_e01,78,viability_dead_flag|persistence_dead_flag|sa_outlier_flag|focus_flag
YX1,20260418_irx_pilot,20260418_irx_pilot_F08,20260418_irx_pilot_F08_e01,78,viability_dead_flag|persistence_dead_flag|sa_outlier_flag|focus_flag
YX1,20260418_irx_pilot,20260418_irx_pilot_F08,20260418_irx_pilot_F08_e02,78,sa_outlier_flag|motion_blur_flag
YX1,20260418_irx_pilot,20260418_irx_pilot_F08,20260418_irx_pilot_F08_e03,78,sa_outlier_flag|motion_blur_flag
YX1,20260418_irx_pilot,20260418_irx_pilot_F08,20260418_irx_pilot_F08_e04,78,sa_outlier_flag
YX1,20260418_irx_pilot,20260418_irx_pilot_F09,20260418_irx_pilot_F09_e02,78,viability_dead_flag|persistence_dead_flag|sa_outlier_flag|focus_flag
YX1,20260418_irx_pilot,20260418_irx_pilot_F11,20260418_irx_pilot_F11_e01,78,sa_outlier_flag
YX1,20260418_irx_pilot,20260418_irx_pilot_F11,20260418_irx_pilot_F11_e02,78,sa_outlier_flag
YX1,20260418_irx_pilot,20260418_irx_pilot_F11,20260418_irx_pilot_F11_e03,78,sa_outlier_flag|focus_flag
YX1,20260418_irx_pilot,20260418_irx_pilot_F12,20260418_irx_pilot_F12_e01,78,viability_dead_flag|persistence_dead_flag|sa_outlier_flag|focus_flag
YX1,20260418_irx_pilot,20260418_irx_pilot_G03,20260418_irx_pilot_G03_e03,78,sa_outlier_flag
YX1,20260418_irx_pilot,20260418_irx_pilot_G03,20260418_irx_pilot_G03_e04,78,viability_dead_flag|persistence_dead_flag|sa_outlier_flag|focus_flag
YX1,20260418_irx_pilot,20260418_irx_pilot_G05,20260418_irx_pilot_G05_e03,78,viability_dead_flag|persistence_dead_flag|sa_outlier_flag|focus_flag
YX1,20260418_irx_pilot,20260418_irx_pilot_G07,20260418_irx_pilot_G07_e01,78,viability_dead_flag|persistence_dead_flag|sa_outlier_flag|focus_flag
YX1,20260418_irx_pilot,20260418_irx_pilot_G07,20260418_irx_pilot_G07_e02,78,viability_dead_flag|persistence_dead_flag|sa_outlier_flag|focus_flag
YX1,20260418_irx_pilot,20260418_irx_pilot_G07,20260418_irx_pilot_G07_e04,78,viability_dead_flag|persistence_dead_flag|sa_outlier_flag|focus_flag
YX1,20260418_irx_pilot,20260418_irx_pilot_G11,20260418_irx_pilot_G11_e01,78,sa_outlier_flag
YX1,20260418_irx_pilot,20260418_irx_pilot_G11,20260418_irx_pilot_G11_e02,78,sa_outlier_flag
YX1,20260418_irx_pilot,20260418_irx_pilot_H05,20260418_irx_pilot_H05_e01,78,viability_dead_flag|persistence_dead_flag|sa_outlier_flag|focus_flag
YX1,20260418_irx_pilot,20260418_irx_pilot_H06,20260418_irx_pilot_H06_e01,78,viability_dead_flag|persistence_dead_flag|sa_outlier_flag|focus_flag
YX1,20260418_irx_pilot,20260418_irx_pilot_H07,20260418_irx_pilot_H07_e03,78,viability_dead_flag|persistence_dead_flag|sa_outlier_flag|focus_flag
YX1,20260418_irx_pilot,20260418_irx_pilot_H07,20260418_irx_pilot_H07_e04,78,viability_dead_flag|persistence_dead_flag|sa_outlier_flag|focus_flag
YX1,20260418_irx_pilot,20260418_irx_pilot_H11,20260418_irx_pilot_H11_e01,78,viability_dead_flag|persistence_dead_flag|sa_outlier_flag|focus_flag
YX1,20260418_irx_pilot,20260418_irx_pilot_H11,20260418_irx_pilot_H11_e02,78,sa_outlier_flag
YX1,20260418_irx_pilot,20260418_irx_pilot_H12,20260418_irx_pilot_H12_e01,78,viability_dead_flag|persistence_dead_flag|sa_outlier_flag|focus_flag
YX1,20260501_zfpm_pilot,20260501_zfpm_pilot_A05,20260501_zfpm_pilot_A05_e02,45,overlapping_mask_flag
YX1,20260501_zfpm_pilot,20260501_zfpm_pilot_A05,20260501_zfpm_pilot_A05_e03,45,sa_outlier_flag|overlapping_mask_flag|focus_flag
YX1,20260501_zfpm_pilot,20260501_zfpm_pilot_C06,20260501_zfpm_pilot_C06_e01,45,sa_outlier_flag|focus_flag
YX1,20260501_zfpm_pilot,20260501_zfpm_pilot_D12,20260501_zfpm_pilot_D12_e03,45,viability_dead_flag|persistence_dead_flag|sa_outlier_flag|focus_flag
YX1,20260501_zfpm_pilot,20260501_zfpm_pilot_E04,20260501_zfpm_pilot_E04_e03,45,sa_outlier_flag|focus_flag
YX1,20260502_zfpm_pilot,20260502_zfpm_pilot_A01,20260502_zfpm_pilot_A01_e02,83,sa_outlier_flag|edge_flag|focus_flag
YX1,20260502_zfpm_pilot,20260502_zfpm_pilot_A02,20260502_zfpm_pilot_A02_e01,83,overlapping_mask_flag
YX1,20260502_zfpm_pilot,20260502_zfpm_pilot_A02,20260502_zfpm_pilot_A02_e02,83,overlapping_mask_flag
YX1,20260502_zfpm_pilot,20260502_zfpm_pilot_A02,20260502_zfpm_pilot_A02_e03,83,discontinuous_mask_flag|overlapping_mask_flag
YX1,20260502_zfpm_pilot,20260502_zfpm_pilot_A04,20260502_zfpm_pilot_A04_e01,83,discontinuous_mask_flag
YX1,20260502_zfpm_pilot,20260502_zfpm_pilot_A11,20260502_zfpm_pilot_A11_e01,83,sa_outlier_flag
YX1,20260502_zfpm_pilot,20260502_zfpm_pilot_B04,20260502_zfpm_pilot_B04_e03,70,sa_outlier_flag|motion_blur_flag
YX1,20260502_zfpm_pilot,20260502_zfpm_pilot_B05,20260502_zfpm_pilot_B05_e04,43,sa_outlier_flag|motion_blur_flag
YX1,20260502_zfpm_pilot,20260502_zfpm_pilot_B11,20260502_zfpm_pilot_B11_e01,83,sa_outlier_flag
YX1,20260502_zfpm_pilot,20260502_zfpm_pilot_C10,20260502_zfpm_pilot_C10_e03,83,viability_dead_flag|persistence_dead_flag|sa_outlier_flag
YX1,20260502_zfpm_pilot,20260502_zfpm_pilot_D02,20260502_zfpm_pilot_D02_e01,83,motion_blur_flag
YX1,20260502_zfpm_pilot,20260502_zfpm_pilot_D03,20260502_zfpm_pilot_D03_e02,83,overlapping_mask_flag
YX1,20260502_zfpm_pilot,20260502_zfpm_pilot_D03,20260502_zfpm_pilot_D03_e03,83,sa_outlier_flag|overlapping_mask_flag
YX1,20260502_zfpm_pilot,20260502_zfpm_pilot_D06,20260502_zfpm_pilot_D06_e01,83,viability_dead_flag|persistence_dead_flag|sa_outlier_flag|focus_flag
YX1,20260502_zfpm_pilot,20260502_zfpm_pilot_D10,20260502_zfpm_pilot_D10_e01,83,viability_dead_flag|persistence_dead_flag|sa_outlier_flag|discontinuous_mask_flag|focus_flag
YX1,20260502_zfpm_pilot,20260502_zfpm_pilot_D10,20260502_zfpm_pilot_D10_e03,83,sa_outlier_flag|edge_flag|focus_flag
YX1,20260502_zfpm_pilot,20260502_zfpm_pilot_E03,20260502_zfpm_pilot_E03_e01,83,overlapping_mask_flag
YX1,20260502_zfpm_pilot,20260502_zfpm_pilot_E03,20260502_zfpm_pilot_E03_e02,83,overlapping_mask_flag
YX1,20260502_zfpm_pilot,20260502_zfpm_pilot_E03,20260502_zfpm_pilot_E03_e03,83,discontinuous_mask_flag|overlapping_mask_flag
YX1,20260502_zfpm_pilot,20260502_zfpm_pilot_E06,20260502_zfpm_pilot_E06_e01,83,sa_outlier_flag
YX1,20260502_zfpm_pilot,20260502_zfpm_pilot_E06,20260502_zfpm_pilot_E06_e02,83,sa_outlier_flag|edge_flag|focus_flag
YX1,20260502_zfpm_pilot,20260502_zfpm_pilot_E07,20260502_zfpm_pilot_E07_e01,83,viability_dead_flag|persistence_dead_flag|sa_outlier_flag|discontinuous_mask_flag|overlapping_mask_flag|focus_flag
YX1,20260502_zfpm_pilot,20260502_zfpm_pilot_E07,20260502_zfpm_pilot_E07_e02,83,viability_dead_flag|persistence_dead_flag|sa_outlier_flag|overlapping_mask_flag|focus_flag
YX1,20260502_zfpm_pilot,20260502_zfpm_pilot_F02,20260502_zfpm_pilot_F02_e03,83,sa_outlier_flag|overlapping_mask_flag
YX1,20260502_zfpm_pilot,20260502_zfpm_pilot_F02,20260502_zfpm_pilot_F02_e04,83,overlapping_mask_flag
YX1,20260502_zfpm_pilot,20260502_zfpm_pilot_F02,20260502_zfpm_pilot_F02_e05,83,sa_outlier_flag
YX1,20260502_zfpm_pilot,20260502_zfpm_pilot_F03,20260502_zfpm_pilot_F03_e03,83,viability_dead_flag|persistence_dead_flag|sa_outlier_flag|overlapping_mask_flag|focus_flag
YX1,20260502_zfpm_pilot,20260502_zfpm_pilot_F03,20260502_zfpm_pilot_F03_e04,83,viability_dead_flag|persistence_dead_flag|sa_outlier_flag|overlapping_mask_flag|focus_flag
YX1,20260502_zfpm_pilot,20260502_zfpm_pilot_F04,20260502_zfpm_pilot_F04_e01,83,overlapping_mask_flag
YX1,20260502_zfpm_pilot,20260502_zfpm_pilot_F04,20260502_zfpm_pilot_F04_e02,83,overlapping_mask_flag
YX1,20260502_zfpm_pilot,20260502_zfpm_pilot_F04,20260502_zfpm_pilot_F04_e03,83,overlapping_mask_flag
YX1,20260502_zfpm_pilot,20260502_zfpm_pilot_F04,20260502_zfpm_pilot_F04_e04,83,discontinuous_mask_flag|overlapping_mask_flag
YX1,20260502_zfpm_pilot,20260502_zfpm_pilot_F04,20260502_zfpm_pilot_F04_e05,83,sa_outlier_flag|overlapping_mask_flag
YX1,20260502_zfpm_pilot,20260502_zfpm_pilot_F04,20260502_zfpm_pilot_F04_e06,83,sa_outlier_flag|overlapping_mask_flag
YX1,20260502_zfpm_pilot,20260502_zfpm_pilot_F07,20260502_zfpm_pilot_F07_e01,83,viability_dead_flag|persistence_dead_flag|sa_outlier_flag|focus_flag
YX1,20260502_zfpm_pilot,20260502_zfpm_pilot_F07,20260502_zfpm_pilot_F07_e03,83,viability_dead_flag|persistence_dead_flag|sa_outlier_flag|focus_flag
YX1,20260502_zfpm_pilot,20260502_zfpm_pilot_G06,20260502_zfpm_pilot_G06_e01,83,viability_dead_flag|persistence_dead_flag|sa_outlier_flag|focus_flag
