physical_embryo_id,well_id,snip_count,split
20260208_E01_e02,20260208_E01,191,train
20240307_G02_e01,20240307_G02,44,train
20260324_cep290_24hpf_plate02_E07_e01,20260324_cep290_24hpf_plate02_E07,1,train
20260306_A06_e01,20260306_A06,186,train
20250612_36hpf_wfs1_ctcf_F10_e01,20250612_36hpf_wfs1_ctcf_F10,1,train
20250716_chem4_28C_T01_1400_E03_e02,20250716_chem4_28C_T01_1400_E03,1,train
20250721_chem5_28C_T00_1257_B07_e01,20250721_chem5_28C_T00_1257_B07,1,train
20251205_C10_e01,20251205_C10,115,train
20240726_D03_e01,20240726_D03,1,train
20250215_E02_e01,20250215_E02,78,train
20250623_chem_34C_T02_1231_C08_e01,20250623_chem_34C_T02_1231_C08,1,train
20230627_E04_e01,20230627_E04,45,train
20251017_part1_C10_e01,20251017_part1_C10,65,train
20250622_chem_34C_T01_1632_A06_e01,20250622_chem_34C_T01_1632_A06,1,train
20251112_C05_e01,20251112_C05,49,train
20260208_B03_e01,20260208_B03,321,train
20260724_hotfish_24hpf_plate01_A02_e01,20260724_hotfish_24hpf_plate01_A02,1,train
20260724_hotfish_30hpf_plate02_B05_e01,20260724_hotfish_30hpf_plate02_B05,1,train
20260122_C11_e03,20260122_C11,104,train
20260415_cep290_18hpf_plate03_B07_e01,20260415_cep290_18hpf_plate03_B07,1,train
20230620_B08_e03,20230620_B08,89,train
20230602_D05_e02,20230602_D05,49,train
20260213_F10_e01,20260213_F10,139,train
20260122_G02_e01,20260122_G02,104,train
20260702_hotchem_24hpf_plate01_G02_e01,20260702_hotchem_24hpf_plate01_G02,1,train
20260306_D10_e01,20260306_D10,186,train
20260414_b9d2_30hpf_plate01_C08_e01,20260414_b9d2_30hpf_plate01_C08,1,train
20260304_C11_e03,20260304_C11,191,train
20250624_chem02_35C_T00_1216_D03_e01,20250624_chem02_35C_T00_1216_D03,1,train
20260415_b9d2_30to48hpf_plate01_t02_A08_e01,20260415_b9d2_30to48hpf_plate01_t02_A08,1,train
20250716_chem4_34C_T00_1014_C09_e01,20250716_chem4_34C_T00_1014_C09,1,train
20250501_D10_e02,20250501_D10,176,train
20240522_E03_e01,20240522_E03,95,train
20240418_B11_e02,20240418_B11,46,train
20260414_b9d2_30hpf_plate02_C04_e01,20260414_b9d2_30hpf_plate02_C04,1,train
20250624_chem02_35C_T01_1711_A12_e01,20250624_chem02_35C_T01_1711_A12,1,train
20250512_B06_e03,20250512_B06,195,train
20250622_chem_35C_T01_1605_D08_e01,20250622_chem_35C_T01_1605_D08,1,train
20260324_cep290_24hpf_plate01_D05_e01,20260324_cep290_24hpf_plate01_D05,1,train
20241023_G08_e01,20241023_G08,43,train
20240626_E08_e01,20240626_E08,112,train
20250624_chem02_28C_T01_1808_A07_e01,20250624_chem02_28C_T01_1808_A07,1,train
20260228_B09_e01,20260228_B09,151,train
20260702_hotchem_24hpf_plate02_F03_e01,20260702_hotchem_24hpf_plate02_F03,1,train
20250624_chem02_35C_T00_1216_H11_e01,20250624_chem02_35C_T00_1216_H11,1,train
20250623_chem_28C_T02_1259_A01_e01,20250623_chem_28C_T02_1259_A01,1,train
20250515_part2_C01_e01,20250515_part2_C01,27,train
20250624_chem02_35C_T00_1216_A12_e01,20250624_chem02_35C_T00_1216_A12,1,train
20250501_A07_e01,20250501_A07,154,train
20250721_chem5_28C_T00_1257_B05_e01,20250721_chem5_28C_T00_1257_B05,1,train
20240509_C05_e01,20240509_C05,41,train
20250912_H09_e02,20250912_H09,113,train
20250721_chem5_35C_T00_1023_A03_e01,20250721_chem5_35C_T00_1023_A03,1,train
20240626_A01_e01,20240626_A01,112,train
20260702_hotchem_24hpf_plate01_E12_e01,20260702_hotchem_24hpf_plate01_E12,1,train
20260416_cep290_30to48hpf_plate01_t02_F01_e01,20260416_cep290_30to48hpf_plate01_t02_F01,1,train
20240725_G06_e01,20240725_G06,1,train
20260331_b9d2_18hpf_plate02_A03_e01,20260331_b9d2_18hpf_plate02_A03,1,train
20240307_F02_e05,20240307_F02,44,train
20260304_F11_e04,20260304_F11,191,train
20240725_D06_e01,20240725_D06,1,train
20250126_C04_e01,20250126_C04,71,train
20231206_B01_e01,20231206_B01,59,train
20240812_B08_e01,20240812_B08,75,train
20250625_chem02_35C_T02_1228_C05_e01,20250625_chem02_35C_T02_1228_C05,1,train
20250126_C12_e01,20250126_C12,71,train
20260202_H11_e02,20260202_H11,71,train
20230627_F11_e01,20230627_F11,45,train
20250624_chem02_35C_T01_1711_F01_e01,20250624_chem02_35C_T01_1711_F01,1,train
20260702_hotchem_30hpf_plate02_A02_e01,20260702_hotchem_30hpf_plate02_A02,1,train
20250716_chem4_35C_T00_1045_H04_e01,20250716_chem4_35C_T00_1045_H04,1,train
20260324_cep290_30hpf_plate02_B01_e01,20260324_cep290_30hpf_plate02_B01,1,train
20260219_F04_e02,20260219_F04,177,train
20230629_E11_e01,20230629_E11,41,train
20250716_chem4_34C_T00_1014_E07_e01,20250716_chem4_34C_T00_1014_E07,1,train
20260702_hotchem_24hpf_plate02_B06_e02,20260702_hotchem_24hpf_plate02_B06,1,train
20260319_cilia_crispant_18hpf_H01_e01,20260319_cilia_crispant_18hpf_H01,1,train
20260724_hotfish_24hpf_plate01_H07_e01,20260724_hotfish_24hpf_plate01_H07,1,train
20260414_b9d2_30hpf_plate02_G06_e01,20260414_b9d2_30hpf_plate02_G06,1,train
20251017_part2_C07_e01,20251017_part2_C07,63,train
20250425_F05_e01,20250425_F05,118,train
20250625_chem02_34C_T02_1301_B02_e01,20250625_chem02_34C_T02_1301_B02,1,train
20240813_30hpf_G05_e01,20240813_30hpf_G05,1,train
20250215_B07_e01,20250215_B07,78,train
20250625_chem02_28C_T02_1332_C11_e02,20250625_chem02_28C_T02_1332_C11,1,train
20250703_chem3_34C_T00_1131_A02_e01,20250703_chem3_34C_T00_1131_A02,1,train
20240718_B09_e01,20240718_B09,1,train
20260724_hotfish_24hpf_plate02_F03_e01,20260724_hotfish_24hpf_plate02_F03,1,train
20250624_chem02_28C_T00_1356_A09_e02,20250624_chem02_28C_T00_1356_A09,1,train
20250501_G02_e01,20250501_G02,176,train
20250126_C10_e01,20250126_C10,71,train
20260319_cilia_crispant_30hpf_A08_e01,20260319_cilia_crispant_30hpf_A08,1,train
20250425_D05_e02,20250425_D05,118,train
20250515_part2_H05_e01,20250515_part2_H05,27,train
20260213_H04_e01,20260213_H04,139,train
20260319_cilia_crispant_30hpf_E03_e01,20260319_cilia_crispant_30hpf_E03,1,train
20250612_24hpf_ctrl_atf6_A09_e01,20250612_24hpf_ctrl_atf6_A09,1,train
20240725_B01_e01,20240725_B01,1,train
20260219_C07_e05,20260219_C07,173,train
20260208_F12_e01,20260208_F12,321,train
20250415_C01_e01,20250415_C01,39,train
20250612_30hpf_ctrl_atf6_G09_e01,20250612_30hpf_ctrl_atf6_G09,1,train
20240418_D05_e02,20240418_D05,46,train
20250623_chem_28C_T02_1259_B01_e01,20250623_chem_28C_T02_1259_B01,1,train
20240522_D10_e01,20240522_D10,95,train
20250215_H09_e01,20250215_H09,78,train
20260416_cep290_30to48hpf_plate01_t02_B08_e01,20260416_cep290_30to48hpf_plate01_t02_B08,1,train
20260418_irx_pilot_G05_e02,20260418_irx_pilot_G05,78,train
20260415_b9d2_30to48hpf_plate02_t02_G06_e01,20260415_b9d2_30to48hpf_plate02_t02_G06,1,train
20260415_b9d2_30to48hpf_plate01_t02_A01_e01,20260415_b9d2_30to48hpf_plate01_t02_A01,1,train
20260304_F12_e01,20260304_F12,192,train
20250425_F08_e01,20250425_F08,118,train
20230613_A02_e01,20230613_A02,66,train
20260213_A11_e01,20260213_A11,139,train
20260219_E04_e02,20260219_E04,177,train
20240306_A04_e04,20240306_A04,19,train
20240306_G02_e01,20240306_G02,130,train
20250501_D05_e01,20250501_D05,176,train
20240418_C08_e01,20240418_C08,46,train
20230613_F12_e01,20230613_F12,65,train
20250912_C04_e01,20250912_C04,113,train
20250612_30hpf_wfs1_ctcf_D04_e01,20250612_30hpf_wfs1_ctcf_D04,1,train
20250716_chem4_34C_T00_1014_D06_e01,20250716_chem4_34C_T00_1014_D06,1,train
20260702_hotchem_30hpf_plate01_C01_e02,20260702_hotchem_30hpf_plate01_C01,1,train
20260702_hotchem_36hpf_plate02_A06_e01,20260702_hotchem_36hpf_plate02_A06,1,train
20240626_A04_e01,20240626_A04,112,train
20260219_D08_e02,20260219_D08,177,train
20260210_C09_e01,20260210_C09,161,train
20260724_hotfish_24hpf_plate01_F09_e01,20260724_hotfish_24hpf_plate01_F09,1,train
20250716_chem4_28C_T01_1400_A04_e01,20250716_chem4_28C_T01_1400_A04,1,train
20260702_hotchem_30hpf_plate01_F02_e02,20260702_hotchem_30hpf_plate01_F02,1,train
20260213_B10_e01,20260213_B10,139,train
20240530_D08_e01,20240530_D08,81,train
20250721_chem5_28C_T01_1401_H02_e01,20250721_chem5_28C_T01_1401_H02,1,train
20250721_chem5_28C_T01_1401_G08_e01,20250721_chem5_28C_T01_1401_G08,1,train
20250612_36hpf_ctrl_atf6_B03_e02,20250612_36hpf_ctrl_atf6_B03,1,train
20260702_hotchem_36hpf_plate02_F11_e01,20260702_hotchem_36hpf_plate02_F11,1,train
20260319_cilia_crispant_18hpf_F06_e01,20260319_cilia_crispant_18hpf_F06,1,train
20240404_F11_e01,20240404_F11,35,train
20240411_D08_e02,20240411_D08,48,train
20260228_D12_e01,20260228_D12,151,train
20240717_H05_e01,20240717_H05,1,train
20260219_G02_e01,20260219_G02,177,train
20240307_D10_e01,20240307_D10,44,train
20231218_H01_e02,20231218_H01,34,train
20250612_36hpf_wfs1_ctcf_D05_e01,20250612_36hpf_wfs1_ctcf_D05,1,train
20230531_E02_e01,20230531_E02,66,train
20250622_chem_34C_T01_1632_A12_e01,20250622_chem_34C_T01_1632_A12,1,train
20250126_G08_e01,20250126_G08,71,train
20240522_D07_e01,20240522_D07,95,train
20260228_D04_e01,20260228_D04,151,train
20260331_b9d2_18hpf_plate02_C03_e02,20260331_b9d2_18hpf_plate02_C03,1,train
20230620_A05_e02,20230620_A05,89,train
20260304_E12_e01,20260304_E12,192,train
20240418_C11_e02,20240418_C11,46,train
20260702_hotchem_24hpf_plate02_B03_e01,20260702_hotchem_24hpf_plate02_B03,1,train
20231110_B09_e01,20231110_B09,64,train
20251112_E03_e01,20251112_E03,49,train
20250703_chem3_28C_T00_1325_F04_e01,20250703_chem3_28C_T00_1325_F04,1,train
20260418_irx_pilot_A05_e04,20260418_irx_pilot_A05,78,train
20250425_E11_e01,20250425_E11,118,train
20250612_30hpf_wfs1_ctcf_F09_e01,20250612_30hpf_wfs1_ctcf_F09,1,train
20251017_part1_C11_e01,20251017_part1_C11,65,train
20250721_chem5_28C_T00_1257_A04_e01,20250721_chem5_28C_T00_1257_A04,1,train
20250703_chem3_35C_T00_1101_C01_e01,20250703_chem3_35C_T00_1101_C01,1,train
20260324_cep290_30hpf_plate01_A04_e01,20260324_cep290_30hpf_plate01_A04,1,train
20260418_irx_pilot_D05_e02,20260418_irx_pilot_D05,78,train
20260414_b9d2_14hpf_plate01_B10_e01,20260414_b9d2_14hpf_plate01_B10,1,train
20240307_A09_e01,20240307_A09,44,train
20251121_E08_e02,20251121_E08,173,train
20251125_C11_e01,20251125_C11,231,train
20231218_A06_e01,20231218_A06,34,train
20251017_part2_E01_e01,20251017_part2_E01,63,train
20250415_B01_e01,20250415_B01,39,train
20260724_hotfish_24hpf_plate01_H05_e01,20260724_hotfish_24hpf_plate01_H05,1,train
20250415_F04_e01,20250415_F04,39,train
20260417_irx_pilot_A09_e02,20260417_irx_pilot_A09,27,train
20250721_chem5_35C_T00_1023_G08_e01,20250721_chem5_35C_T00_1023_G08,1,train
20250703_chem3_35C_T01_1437_E04_e01,20250703_chem3_35C_T01_1437_E04,1,train
20260417_irx_pilot_F03_e02,20260417_irx_pilot_F03,27,train
20250612_24hpf_ctrl_atf6_E12_e01,20250612_24hpf_ctrl_atf6_E12,1,train
20250711_G02_e01,20250711_G02,179,train
20250703_chem3_28C_T00_1325_C07_e01,20250703_chem3_28C_T00_1325_C07,1,train
20260306_A06_e03,20260306_A06,186,train
20260213_B04_e02,20260213_B04,139,train
20240510_H06_e01,20240510_H06,1,train
20240404_H01_e01,20240404_H01,35,train
20260724_hotfish_36hpf_plate01_G05_e01,20260724_hotfish_36hpf_plate01_G05,1,train
20250624_chem02_28C_T00_1356_H02_e01,20250624_chem02_28C_T00_1356_H02,1,train
20240411_G04_e01,20240411_G04,48,train
20260306_E06_e01,20260306_E06,186,train
20230613_D05_e01,20230613_D05,66,train
20240717_G07_e01,20240717_G07,1,train
20240813_24hpf_E05_e01,20240813_24hpf_E05,1,train
20250425_A10_e01,20250425_A10,118,train
20250425_C09_e01,20250425_C09,118,train
20260324_cep290_30hpf_plate01_E03_e01,20260324_cep290_30hpf_plate01_E03,1,train
20260122_F01_e03,20260122_F01,83,train
20260228_C03_e01,20260228_C03,151,train
20241022_G06_e01,20241022_G06,37,train
20260228_A05_e01,20260228_A05,151,train
20250622_chem_35C_T00_1223_check_F12_e01,20250622_chem_35C_T00_1223_check_F12,1,train
20240509_E10_e01,20240509_E10,41,train
20260415_cep290_18hpf_plate03_D05_e02,20260415_cep290_18hpf_plate03_D05,1,train
20250305_D03_e01,20250305_D03,340,train
20250624_chem02_28C_T01_1808_D07_e01,20250624_chem02_28C_T01_1808_D07,1,train
20250612_36hpf_ctrl_atf6_G06_e01,20250612_36hpf_ctrl_atf6_G06,1,train
20260414_b9d2_30hpf_plate02_E06_e01,20260414_b9d2_30hpf_plate02_E06,1,train
20260122_B02_e01,20260122_B02,104,train
20250415_F02_e01,20250415_F02,39,train
20250721_chem5_35C_T00_1023_G06_e01,20250721_chem5_35C_T00_1023_G06,1,train
20240404_B12_e01,20240404_B12,35,train
20230613_A10_e01,20230613_A10,66,train
20230615_B09_e01,20230615_B09,49,train
20250711_C10_e01,20250711_C10,179,train
20260724_hotfish_30hpf_plate02_H01_e01,20260724_hotfish_30hpf_plate02_H01,1,train
20240307_E08_e01,20240307_E08,44,train
20260417_irx_pilot_D11_e02,20260417_irx_pilot_D11,27,train
20260702_hotchem_30hpf_plate01_C02_e01,20260702_hotchem_30hpf_plate01_C02,1,train
20260324_cep290_24hpf_plate01_F02_e01,20260324_cep290_24hpf_plate01_F02,1,train
20240724_E02_e01,20240724_E02,1,train
20240813_30hpf_E03_e01,20240813_30hpf_E03,1,train
20250612_30hpf_ctrl_atf6_F08_e01,20250612_30hpf_ctrl_atf6_F08,1,train
20250716_chem4_35C_T00_1045_F02_e01,20250716_chem4_35C_T00_1045_F02,1,train
20260213_C05_e04,20260213_C05,20,train
20250624_chem02_34C_T01_1739_H10_e01,20250624_chem02_34C_T01_1739_H10,1,train
20250912_D11_e01,20250912_D11,113,train
20260304_G09_e02,20260304_G09,192,train
20250515_part2_D11_e02,20250515_part2_D11,27,train
20251020_E03_e01,20251020_E03,57,train
20240717_E03_e01,20240717_E03,1,train
20250912_H03_e01,20250912_H03,113,train
20260702_hotchem_36hpf_plate02_D04_e01,20260702_hotchem_36hpf_plate02_D04,1,train
20250721_chem5_35C_T00_1023_F05_e01,20250721_chem5_35C_T00_1023_F05,1,train
20251112_E05_e01,20251112_E05,49,train
20260414_b9d2_14hpf_plate01_C04_e01,20260414_b9d2_14hpf_plate01_C04,1,train
20240725_B02_e01,20240725_B02,1,train
20250612_36hpf_ctrl_atf6_E10_e01,20250612_36hpf_ctrl_atf6_E10,1,train
20250305_H05_e01,20250305_H05,340,train
20250622_chem_34C_T00_1256_E02_e01,20250622_chem_34C_T00_1256_E02,1,train
20250425_C08_e01,20250425_C08,118,train
20250625_chem02_34C_T02_1301_F06_e01,20250625_chem02_34C_T02_1301_F06,1,train
20230627_D10_e01,20230627_D10,45,train
20260324_cep290_24hpf_plate01_E05_e01,20260324_cep290_24hpf_plate01_E05,1,train
20250625_chem02_34C_T02_1301_H12_e01,20250625_chem02_34C_T02_1301_H12,1,train
20250612_36hpf_ctrl_atf6_H06_e01,20250612_36hpf_ctrl_atf6_H06,1,train
20231218_B10_e02,20231218_B10,34,train
20260202_B06_e03,20260202_B06,38,train
20260324_cep290_30hpf_plate01_B07_e02,20260324_cep290_30hpf_plate01_B07,1,train
20260724_hotfish_36hpf_plate01_H02_e02,20260724_hotfish_36hpf_plate01_H02,1,train
20250126_H01_e01,20250126_H01,71,train
20250425_D06_e01,20250425_D06,118,train
20250622_chem_28C_T00_1425_E02_e01,20250622_chem_28C_T00_1425_E02,1,train
20250612_30hpf_wfs1_ctcf_D09_e02,20250612_30hpf_wfs1_ctcf_D09,1,train
20260415_cep290_30to48hpf_plate02_t01_D05_e01,20260415_cep290_30to48hpf_plate02_t01_D05,1,train
20260304_G12_e02,20260304_G12,192,train
20240726_B01_e01,20240726_B01,1,train
20260304_D02_e01,20260304_D02,192,train
20260213_D08_e02,20260213_D08,139,train
20251017_part1_G10_e01,20251017_part1_G10,65,train
20260208_E12_e01,20260208_E12,321,train
20250622_chem_34C_T01_1632_F02_e01,20250622_chem_34C_T01_1632_F02,1,train
20240418_A08_e02,20240418_A08,46,train
20240306_E05_e02,20240306_E05,132,train
20251121_E06_e01,20251121_E06,173,train
20240813_24hpf_F02_e01,20240813_24hpf_F02,1,train
20251121_B12_e01,20251121_B12,173,train
20240411_C09_e01,20240411_C09,48,train
20240522_G04_e01,20240522_G04,95,train
20260306_C01_e01,20260306_C01,186,train
20230622_F05_e01,20230622_F05,43,train
20260724_hotfish_30hpf_plate01_D01_e01,20260724_hotfish_30hpf_plate01_D01,1,train
20260304_G02_e02,20260304_G02,192,train
20250624_chem02_35C_T00_1216_G07_e01,20250624_chem02_35C_T00_1216_G07,1,train
20251125_D07_e01,20251125_D07,231,train
20230831_H02_e01,20230831_H02,1,train
20250126_C04_e02,20250126_C04,71,train
20260202_D06_e01,20260202_D06,71,train
20250624_chem02_28C_T00_1356_A10_e01,20250624_chem02_28C_T00_1356_A10,1,train
20251212_C05_e01,20251212_C05,115,train
20230613_A05_e01,20230613_A05,66,train
20260122_B03_e01,20260122_B03,104,train
20230831_C07_e01,20230831_C07,1,train
20250703_chem3_35C_T01_1437_E02_e01,20250703_chem3_35C_T01_1437_E02,1,train
20260213_C11_e03,20260213_C11,139,train
20240530_D10_e01,20240530_D10,81,train
20260418_irx_pilot_H06_e01,20260418_irx_pilot_H06,78,train
20250515_part2_D07_e01,20250515_part2_D07,27,train
20251207_pbx_C11_e02,20251207_pbx_C11,132,train
20260206_D01_e01,20260206_D01,150,train
20250622_chem_28C_T01_1658_C10_e01,20250622_chem_28C_T01_1658_C10,1,train
20230622_C09_e01,20230622_C09,43,train
20250711_A09_e01,20250711_A09,179,train
20250215_E05_e01,20250215_E05,78,train
20250415_C12_e01,20250415_C12,39,train
20250622_chem_34C_T01_1632_E10_e01,20250622_chem_34C_T01_1632_E10,1,train
20260702_hotchem_30hpf_plate01_D08_e01,20260702_hotchem_30hpf_plate01_D08,1,train
20260306_E02_e01,20260306_E02,186,train
20240726_A06_e01,20240726_A06,1,train
20260319_C07_e01,20260319_C07,105,train
20260702_hotchem_30hpf_plate02_H07_e01,20260702_hotchem_30hpf_plate02_H07,1,train
20250512_B07_e01,20250512_B07,195,train
20260324_cep290_24hpf_plate01_D09_e01,20260324_cep290_24hpf_plate01_D09,1,train
20250501_H11_e01,20250501_H11,176,train
20250912_C11_e01,20250912_C11,113,train
20250703_chem3_28C_T00_1325_E03_e01,20250703_chem3_28C_T00_1325_E03,1,train
20260416_cep290_30to48hpf_plate02_t02_D01_e01,20260416_cep290_30to48hpf_plate02_t02_D01,1,train
20251125_D01_e01,20251125_D01,231,train
20260319_D04_e02,20260319_D04,105,train
20250612_36hpf_ctrl_atf6_G02_e01,20250612_36hpf_ctrl_atf6_G02,1,train
20250612_24hpf_ctrl_atf6_E04_e01,20250612_24hpf_ctrl_atf6_E04,1,train
20250623_chem_34C_T02_1231_G10_e02,20250623_chem_34C_T02_1231_G10,1,train
20240522_G03_e01,20240522_G03,95,train
20260319_cilia_crispant_18hpf_H10_e01,20260319_cilia_crispant_18hpf_H10,1,train
20250721_chem5_28C_T00_1257_C11_e01,20250721_chem5_28C_T00_1257_C11,1,train
20240717_A03_e01,20240717_A03,1,train
20260724_hotfish_36hpf_plate02_B01_e02,20260724_hotfish_36hpf_plate02_B01,1,train
20230831_D05_e01,20230831_D05,1,train
20251017_part2_A12_e02,20251017_part2_A12,50,train
20251212_F01_e01,20251212_F01,115,train
20250624_chem02_35C_T00_1216_A07_e02,20250624_chem02_35C_T00_1216_A07,1,train
20260304_C01_e01,20260304_C01,192,train
20260122_B05_e01,20260122_B05,94,train
20260414_b9d2_14hpf_plate01_C07_e01,20260414_b9d2_14hpf_plate01_C07,1,train
20240522_H03_e01,20240522_H03,95,train
20250515_part2_G10_e01,20250515_part2_G10,27,train
20250703_chem3_34C_T01_1457_B06_e01,20250703_chem3_34C_T01_1457_B06,1,train
20250625_chem02_34C_T02_1301_C11_e01,20250625_chem02_34C_T02_1301_C11,1,train
20250703_chem3_28C_T00_1325_E01_e01,20250703_chem3_28C_T00_1325_E01,1,train
20260228_H03_e01,20260228_H03,151,train
20230615_A11_e01,20230615_A11,50,train
20260415_cep290_30to48hpf_plate02_t01_H01_e02,20260415_cep290_30to48hpf_plate02_t01_H01,1,train
20260702_hotchem_30hpf_plate02_E05_e01,20260702_hotchem_30hpf_plate02_E05,1,train
20250703_chem3_34C_T01_1457_C03_e01,20250703_chem3_34C_T01_1457_C03,1,train
20250622_chem_35C_T00_1223_check_B10_e01,20250622_chem_35C_T00_1223_check_B10,1,train
20250912_D01_e01,20250912_D01,113,train
20260324_cep290_24hpf_plate02_D07_e01,20260324_cep290_24hpf_plate02_D07,1,train
20230602_B08_e01,20230602_B08,85,train
20250612_24hpf_ctrl_atf6_E05_e01,20250612_24hpf_ctrl_atf6_E05,1,train
20250623_chem_34C_T02_1231_H08_e01,20250623_chem_34C_T02_1231_H08,1,train
20250703_chem3_35C_T01_1437_F03_e01,20250703_chem3_35C_T01_1437_F03,1,train
20260702_hotchem_36hpf_plate01_B05_e01,20260702_hotchem_36hpf_plate01_B05,1,train
20250623_chem_34C_T02_1231_E06_e02,20250623_chem_34C_T02_1231_E06,1,train
20250501_H03_e02,20250501_H03,176,train
20260702_hotchem_24hpf_plate01_A12_e01,20260702_hotchem_24hpf_plate01_A12,1,train
20260206_C10_e01,20260206_C10,150,train
20250716_chem4_28C_T01_1400_A11_e01,20250716_chem4_28C_T01_1400_A11,1,train
20251112_E05_e02,20251112_E05,1,train
20230627_B06_e01,20230627_B06,45,train
20250624_chem02_28C_T01_1808_B11_e03,20250624_chem02_28C_T01_1808_B11,1,train
20260219_C08_e01,20260219_C08,177,train
20250622_chem_28C_T00_1425_B12_e01,20250622_chem_28C_T00_1425_B12,1,train
20260213_A03_e02,20260213_A03,139,train
20250425_E01_e01,20250425_E01,118,train
20240307_G09_e01,20240307_G09,44,train
20240404_F10_e01,20240404_F10,35,train
20260415_cep290_18hpf_plate03_A08_e01,20260415_cep290_18hpf_plate03_A08,1,train
20260228_F03_e01,20260228_F03,151,train
20250624_chem02_28C_T01_1808_F11_e02,20250624_chem02_28C_T01_1808_F11,1,train
20260324_cep290_30hpf_plate01_G10_e01,20260324_cep290_30hpf_plate01_G10,1,train
20250622_chem_34C_T01_1632_B10_e01,20250622_chem_34C_T01_1632_B10,1,train
20260219_A03_e03,20260219_A03,153,train
20260417_irx_pilot_F05_e01,20260417_irx_pilot_F05,27,train
20250515_part2_E01_e01,20250515_part2_E01,27,train
20250612_24hpf_wfs1_ctcf_G07_e01,20250612_24hpf_wfs1_ctcf_G07,1,train
20260210_B03_e01,20260210_B03,161,train
20250716_chem4_28C_T00_1158_C03_e01,20250716_chem4_28C_T00_1158_C03,1,train
20250622_chem_34C_T01_1632_B03_e01,20250622_chem_34C_T01_1632_B03,1,train
20260416_cep290_30to48hpf_plate01_t02_F04_e01,20260416_cep290_30to48hpf_plate01_t02_F04,1,train
20250515_part2_F12_e01,20250515_part2_F12,27,train
20260418_irx_pilot_B11_e03,20260418_irx_pilot_B11,78,train
20240718_D02_e01,20240718_D02,1,train
20260122_C02_e03,20260122_C02,104,train
20250711_A05_e02,20250711_A05,179,train
20250515_part2_H03_e02,20250515_part2_H03,27,train
20240530_H09_e02,20240530_H09,81,train
20240522_A10_e01,20240522_A10,95,train
20240724_C01_e01,20240724_C01,1,train
20230602_A11_e01,20230602_A11,96,train
20260122_A06_e02,20260122_A06,104,train
20250126_E06_e01,20250126_E06,71,train
20250711_F04_e01,20250711_F04,179,train
20241023_B10_e01,20241023_B10,43,train
20250624_chem02_35C_T00_1216_E08_e01,20250624_chem02_35C_T00_1216_E08,1,train
20240812_D10_e01,20240812_D10,75,train
20260228_B02_e02,20260228_B02,151,train
20250415_E09_e01,20250415_E09,39,train
20240307_G10_e01,20240307_G10,44,train
20260324_cep290_30hpf_plate02_C05_e01,20260324_cep290_30hpf_plate02_C05,1,train
20260417_irx_pilot_H06_e01,20260417_irx_pilot_H06,27,train
20240626_A08_e01,20240626_A08,112,train
20251207_pbx_C11_e01,20251207_pbx_C11,132,train
20260702_hotchem_30hpf_plate01_G10_e01,20260702_hotchem_30hpf_plate01_G10,1,train
20250703_chem3_34C_T00_1131_E05_e01,20250703_chem3_34C_T00_1131_E05,1,train
20241022_A09_e02,20241022_A09,37,train
20250515_part2_G06_e02,20250515_part2_G06,27,train
20240530_C02_e01,20240530_C02,81,train
20250624_chem02_35C_T01_1711_H08_e01,20250624_chem02_35C_T01_1711_H08,1,train
20240411_A07_e01,20240411_A07,48,train
20260202_C09_e01,20260202_C09,71,train
20250622_chem_35C_T00_1223_check_F10_e01,20250622_chem_35C_T00_1223_check_F10,1,train
20250126_D11_e01,20250126_D11,71,train
20260414_b9d2_30hpf_plate01_A11_e01,20260414_b9d2_30hpf_plate01_A11,1,train
20250624_chem02_28C_T01_1808_G04_e02,20250624_chem02_28C_T01_1808_G04,1,train
20250624_chem02_35C_T00_1216_E05_e01,20250624_chem02_35C_T00_1216_E05,1,train
20260702_hotchem_30hpf_plate01_G05_e02,20260702_hotchem_30hpf_plate01_G05,1,train
20251205_F12_e01,20251205_F12,115,train
20260206_H05_e01,20260206_H05,150,train
20260702_hotchem_24hpf_plate02_F12_e01,20260702_hotchem_24hpf_plate02_F12,1,train
20250126_H03_e01,20250126_H03,71,train
20230629_E01_e01,20230629_E01,41,train
20260724_hotfish_36hpf_plate02_B05_e01,20260724_hotfish_36hpf_plate02_B05,1,train
20240510_G05_e01,20240510_G05,1,train
20251020_H05_e01,20251020_H05,57,train
20240509_24hpf_H06_e01,20240509_24hpf_H06,1,train
20251125_A11_e01,20251125_A11,231,train
20250622_chem_28C_T01_1658_H05_e02,20250622_chem_28C_T01_1658_H05,1,train
20240813_30hpf_E02_e01,20240813_30hpf_E02,1,train
20230622_D03_e01,20230622_D03,43,train
20230531_E01_e01,20230531_E01,66,train
20260228_H08_e01,20260228_H08,151,train
20250622_chem_28C_T00_1425_B04_e01,20250622_chem_28C_T00_1425_B04,1,train
20250305_C06_e01,20250305_C06,340,train
20250612_30hpf_wfs1_ctcf_F10_e01,20250612_30hpf_wfs1_ctcf_F10,1,train
20230615_C09_e02,20230615_C09,50,train
20240306_C10_e01,20240306_C10,132,train
20250622_chem_34C_T01_1632_A07_e01,20250622_chem_34C_T01_1632_A07,1,train
20260319_cilia_crispant_18hpf_H08_e01,20260319_cilia_crispant_18hpf_H08,1,train
20250703_chem3_35C_T00_1101_H02_e02,20250703_chem3_35C_T00_1101_H02,1,train
20250612_24hpf_wfs1_ctcf_C09_e01,20250612_24hpf_wfs1_ctcf_C09,1,train
20250711_E12_e01,20250711_E12,179,train
20260202_G02_e01,20260202_G02,71,train
20260417_irx_pilot_A10_e01,20260417_irx_pilot_A10,27,train
20260324_cep290_30hpf_plate01_C03_e01,20260324_cep290_30hpf_plate01_C03,1,train
20230627_A04_e01,20230627_A04,45,train
20250624_chem02_34C_T00_1243_D08_e01,20250624_chem02_34C_T00_1243_D08,1,train
20251125_A07_e01,20251125_A07,231,train
20231218_F01_e01,20231218_F01,34,train
20230629_F07_e01,20230629_F07,41,train
20260724_hotfish_24hpf_plate01_E03_e01,20260724_hotfish_24hpf_plate01_E03,1,train
20240509_E08_e01,20240509_E08,41,train
20250716_chem4_28C_T00_1158_H09_e01,20250716_chem4_28C_T00_1158_H09,1,train
20250623_chem_28C_T02_1259_C12_e01,20250623_chem_28C_T02_1259_C12,1,train
20260416_cep290_30to48hpf_plate01_t02_H04_e01,20260416_cep290_30to48hpf_plate01_t02_H04,1,train
20260415_cep290_18hpf_plate03_F02_e01,20260415_cep290_18hpf_plate03_F02,1,train
20250622_chem_35C_T00_1223_check_A03_e01,20250622_chem_35C_T00_1223_check_A03,1,train
20251017_part1_B11_e01,20251017_part1_B11,65,train
20250703_chem3_34C_T01_1457_D07_e01,20250703_chem3_34C_T01_1457_D07,1,train
20250622_chem_28C_T00_1425_A01_e01,20250622_chem_28C_T00_1425_A01,1,train
20251112_E08_e01,20251112_E08,49,train
20260417_irx_pilot_E06_e01,20260417_irx_pilot_E06,27,train
20240306_D10_e01,20240306_D10,132,train
20260306_C02_e02,20260306_C02,186,train
20260213_E06_e04,20260213_E06,41,train
20230627_D03_e01,20230627_D03,45,train
20260122_H07_e02,20260122_H07,104,train
20250716_chem4_34C_T00_1014_G03_e01,20250716_chem4_34C_T00_1014_G03,1,train
20251207_pbx_G12_e01,20251207_pbx_G12,132,train
20250305_F02_e01,20250305_F02,340,train
20250624_chem02_28C_T00_1356_H07_e01,20250624_chem02_28C_T00_1356_H07,1,train
20260324_cep290_30hpf_plate01_D07_e01,20260324_cep290_30hpf_plate01_D07,1,train
20260122_C03_e01,20260122_C03,104,train
20250716_chem4_34C_T00_1014_C07_e01,20250716_chem4_34C_T00_1014_C07,1,train
20230831_F05_e02,20230831_F05,1,train
20250415_H07_e01,20250415_H07,39,train
20240307_D03_e01,20240307_D03,44,train
20260319_cilia_crispant_30hpf_F08_e01,20260319_cilia_crispant_30hpf_F08,1,train
20260219_E01_e02,20260219_E01,177,train
20250716_chem4_34C_T00_1014_D10_e01,20250716_chem4_34C_T00_1014_D10,1,train
20250716_chem4_34C_T00_1014_B02_e01,20250716_chem4_34C_T00_1014_B02,1,train
20260304_G12_e01,20260304_G12,192,train
20230622_C12_e01,20230622_C12,43,train
20251212_D07_e01,20251212_D07,115,train
20260414_b9d2_30hpf_plate01_C12_e01,20260414_b9d2_30hpf_plate01_C12,1,train
20250721_chem5_28C_T00_1257_G08_e01,20250721_chem5_28C_T00_1257_G08,1,train
20260418_irx_pilot_A07_e02,20260418_irx_pilot_A07,78,train
20251125_G07_e01,20251125_G07,226,train
20251121_E11_e02,20251121_E11,173,train
20240509_F03_e01,20240509_F03,41,train
20260702_hotchem_30hpf_plate02_D08_e01,20260702_hotchem_30hpf_plate02_D08,1,train
20240813_24hpf_E04_e01,20240813_24hpf_E04,1,train
20260202_B10_e01,20260202_B10,71,train
20260306_H12_e02,20260306_H12,3,train
20260122_E11_e03,20260122_E11,104,train
20250703_chem3_35C_T01_1437_C02_e01,20250703_chem3_35C_T01_1437_C02,1,train
20251112_C02_e01,20251112_C02,49,train
20251212_A12_e01,20251212_A12,115,train
20260416_cep290_30to48hpf_plate02_t02_F02_e01,20260416_cep290_30to48hpf_plate02_t02_F02,1,train
20260324_cep290_30hpf_plate01_D04_e01,20260324_cep290_30hpf_plate01_D04,1,train
20241022_B05_e01,20241022_B05,37,train
20230602_D12_e01,20230602_D12,97,train
20240404_D03_e01,20240404_D03,35,train
20250623_chem_28C_T02_1259_C02_e01,20250623_chem_28C_T02_1259_C02,1,train
20250519_H06_e01,20250519_H06,51,train
20260415_cep290_18hpf_plate03_H02_e01,20260415_cep290_18hpf_plate03_H02,1,train
20260228_D01_e01,20260228_D01,151,train
20230531_E08_e01,20230531_E08,66,train
20250622_chem_35C_T01_1605_A06_e01,20250622_chem_35C_T01_1605_A06,1,train
20250703_chem3_34C_T00_1131_B07_e01,20250703_chem3_34C_T00_1131_B07,1,train
20260219_B07_e02,20260219_B07,99,train
20250625_chem02_28C_T02_1332_F10_e01,20250625_chem02_28C_T02_1332_F10,1,train
20250721_chem5_35C_T00_1023_C11_e01,20250721_chem5_35C_T00_1023_C11,1,train
20240509_G05_e01,20240509_G05,41,train
20260416_cep290_30to48hpf_plate01_t02_C03_e01,20260416_cep290_30to48hpf_plate01_t02_C03,1,train
20250624_chem02_34C_T01_1739_A05_e01,20250624_chem02_34C_T01_1739_A05,1,train
20260415_cep290_30to48hpf_plate02_t01_F12_e02,20260415_cep290_30to48hpf_plate02_t01_F12,1,train
20240724_A03_e01,20240724_A03,1,train
20260415_b9d2_30to48hpf_plate01_t02_G06_e01,20260415_b9d2_30to48hpf_plate01_t02_G06,1,train
20230602_F08_e01,20230602_F08,97,train
20231206_D05_e01,20231206_D05,59,train
20240418_C02_e01,20240418_C02,46,train
20260724_hotfish_24hpf_plate02_G05_e01,20260724_hotfish_24hpf_plate02_G05,1,train
20260304_C11_e02,20260304_C11,192,train
20250126_F07_e02,20250126_F07,71,train
20250612_36hpf_ctrl_atf6_C12_e01,20250612_36hpf_ctrl_atf6_C12,1,train
20251017_part2_A10_e01,20251017_part2_A10,58,train
20250716_chem4_28C_T00_1158_G06_e01,20250716_chem4_28C_T00_1158_G06,1,train
20250624_chem02_35C_T01_1711_H11_e01,20250624_chem02_35C_T01_1711_H11,1,train
20250624_chem02_34C_T01_1739_F07_e01,20250624_chem02_34C_T01_1739_F07,1,train
20251205_C12_e01,20251205_C12,115,train
20251212_F02_e01,20251212_F02,115,train
20260418_irx_pilot_D09_e02,20260418_irx_pilot_D09,78,train
20260304_D06_e01,20260304_D06,192,train
20250612_24hpf_ctrl_atf6_F09_e01,20250612_24hpf_ctrl_atf6_F09,1,train
20260702_hotchem_36hpf_plate01_E11_e01,20260702_hotchem_36hpf_plate01_E11,1,train
20250622_chem_35C_T01_1605_H06_e01,20250622_chem_35C_T01_1605_H06,1,train
20250711_C09_e01,20250711_C09,179,train
20260319_cilia_crispant_30hpf_H09_e01,20260319_cilia_crispant_30hpf_H09,1,train
20251020_D09_e01,20251020_D09,57,train
20240717_B02_e01,20240717_B02,1,train
20260417_irx_pilot_A12_e01,20260417_irx_pilot_A12,27,train
20240306_B04_e01,20240306_B04,132,train
20260324_cep290_30hpf_plate02_A08_e01,20260324_cep290_30hpf_plate02_A08,1,train
20230629_D02_e01,20230629_D02,41,train
20240725_G01_e01,20240725_G01,1,train
20250625_chem02_35C_T02_1228_G12_e01,20250625_chem02_35C_T02_1228_G12,1,train
20260319_cilia_crispant_24hpf_G01_e01,20260319_cilia_crispant_24hpf_G01,1,train
20250425_B01_e01,20250425_B01,118,train
20240411_B06_e01,20240411_B06,48,train
20250622_chem_28C_T00_1425_F08_e01,20250622_chem_28C_T00_1425_F08,1,train
20260417_irx_pilot_H03_e01,20260417_irx_pilot_H03,27,train
20240522_A04_e01,20240522_A04,95,train
20250716_chem4_28C_T01_1400_D09_e01,20250716_chem4_28C_T01_1400_D09,1,train
20250624_chem02_28C_T01_1808_A08_e01,20250624_chem02_28C_T01_1808_A08,1,train
20260228_C02_e01,20260228_C02,151,train
20260208_D05_e01,20260208_D05,321,train
20260319_cilia_crispant_30hpf_G12_e01,20260319_cilia_crispant_30hpf_G12,1,train
20260228_G01_e03,20260228_G01,2,train
20250625_chem02_28C_T02_1332_D10_e01,20250625_chem02_28C_T02_1332_D10,1,train
20260702_hotchem_30hpf_plate02_F10_e01,20260702_hotchem_30hpf_plate02_F10,1,train
20260213_H12_e01,20260213_H12,139,train
20260319_A06_e02,20260319_A06,104,train
20230629_F06_e01,20230629_F06,41,train
20250622_chem_28C_T01_1658_H03_e01,20250622_chem_28C_T01_1658_H03,1,train
20240717_E07_e01,20240717_E07,1,train
20260414_b9d2_30hpf_plate01_C04_e01,20260414_b9d2_30hpf_plate01_C04,1,train
20260324_cep290_24hpf_plate02_A11_e01,20260324_cep290_24hpf_plate02_A11,1,train
20250622_chem_34C_T01_1632_H10_e01,20250622_chem_34C_T01_1632_H10,1,train
20260417_irx_pilot_E04_e01,20260417_irx_pilot_E04,27,train
20260122_C04_e03,20260122_C04,104,train
20250624_chem02_34C_T01_1739_H12_e01,20250624_chem02_34C_T01_1739_H12,1,train
20240522_H12_e01,20240522_H12,95,train
20250215_D09_e01,20250215_D09,78,train
20230627_D07_e02,20230627_D07,45,train
20260416_cep290_30to48hpf_plate01_t02_D07_e01,20260416_cep290_30to48hpf_plate01_t02_D07,1,train
20260702_hotchem_36hpf_plate02_G09_e01,20260702_hotchem_36hpf_plate02_G09,1,train
20250622_chem_35C_T01_1605_C06_e01,20250622_chem_35C_T01_1605_C06,1,train
20250716_chem4_28C_T00_1158_H01_e01,20250716_chem4_28C_T00_1158_H01,1,train
20230613_G03_e01,20230613_G03,65,train
20250612_24hpf_ctrl_atf6_D05_e01,20250612_24hpf_ctrl_atf6_D05,1,train
20230531_G01_e02,20230531_G01,4,train
20240724_B01_e01,20240724_B01,1,train
20250716_chem4_28C_T01_1400_H05_e02,20250716_chem4_28C_T01_1400_H05,1,train
20250624_chem02_28C_T01_1808_D02_e01,20250624_chem02_28C_T01_1808_D02,1,train
20240812_E06_e01,20240812_E06,75,train
20260414_b9d2_14hpf_plate01_C10_e01,20260414_b9d2_14hpf_plate01_C10,1,train
20250612_36hpf_ctrl_atf6_A03_e01,20250612_36hpf_ctrl_atf6_A03,1,train
20260208_H04_e01,20260208_H04,321,train
20250612_24hpf_ctrl_atf6_D02_e01,20250612_24hpf_ctrl_atf6_D02,1,train
20250625_chem02_28C_T02_1332_B10_e02,20250625_chem02_28C_T02_1332_B10,1,train
20240509_24hpf_F06_e01,20240509_24hpf_F06,1,train
20250721_chem5_28C_T00_1257_H03_e01,20250721_chem5_28C_T00_1257_H03,1,train
20240306_E10_e01,20240306_E10,132,train
20260324_cep290_24hpf_plate01_A04_e01,20260324_cep290_24hpf_plate01_A04,1,train
20260122_A10_e02,20260122_A10,104,train
20240509_H12_e01,20240509_H12,41,train
20240418_F03_e01,20240418_F03,46,train
20260702_hotchem_24hpf_plate01_A07_e01,20260702_hotchem_24hpf_plate01_A07,1,train
20251125_E01_e01,20251125_E01,231,train
20260219_B02_e02,20260219_B02,177,train
20260702_hotchem_30hpf_plate01_B01_e01,20260702_hotchem_30hpf_plate01_B01,1,train
20250721_chem5_28C_T00_1257_B02_e02,20250721_chem5_28C_T00_1257_B02,1,train
20260324_cep290_24hpf_plate02_B04_e01,20260324_cep290_24hpf_plate02_B04,1,train
20240717_A06_e01,20240717_A06,1,train
20250425_G06_e01,20250425_G06,118,train
20240509_E03_e01,20240509_E03,41,train
20260415_b9d2_30to48hpf_plate02_t02_C01_e01,20260415_b9d2_30to48hpf_plate02_t02_C01,1,train
20260319_cilia_crispant_24hpf_G10_e01,20260319_cilia_crispant_24hpf_G10,1,train
20250515_part2_D10_e01,20250515_part2_D10,27,train
20260122_E07_e01,20260122_E07,104,train
20260219_E07_e02,20260219_E07,177,train
20250623_chem_28C_T02_1259_D03_e01,20250623_chem_28C_T02_1259_D03,1,train
20230613_F01_e02,20230613_F01,65,train
20260418_irx_pilot_E08_e01,20260418_irx_pilot_E08,78,train
20260702_hotchem_24hpf_plate02_F01_e01,20260702_hotchem_24hpf_plate02_F01,1,train
20260319_cilia_crispant_24hpf_D12_e01,20260319_cilia_crispant_24hpf_D12,1,train
20251205_D12_e01,20251205_D12,115,train
20260414_b9d2_30hpf_plate02_E01_e01,20260414_b9d2_30hpf_plate02_E01,1,train
20250703_chem3_34C_T00_1131_G06_e01,20250703_chem3_34C_T00_1131_G06,1,train
20250703_chem3_35C_T01_1437_E03_e01,20250703_chem3_35C_T01_1437_E03,1,train
20260702_hotchem_30hpf_plate02_A08_e01,20260702_hotchem_30hpf_plate02_A08,1,train
20240509_24hpf_G06_e01,20240509_24hpf_G06,1,train
20260202_H12_e03,20260202_H12,71,train
20251017_part2_B06_e01,20251017_part2_B06,63,train
20250624_chem02_28C_T00_1356_F06_e01,20250624_chem02_28C_T00_1356_F06,1,train
20260319_E07_e01,20260319_E07,105,train
20250512_G02_e01,20250512_G02,195,train
20260304_B09_e02,20260304_B09,192,train
20260319_cilia_crispant_18hpf_B06_e01,20260319_cilia_crispant_18hpf_B06,1,train
20260414_b9d2_30hpf_plate02_H04_e01,20260414_b9d2_30hpf_plate02_H04,1,train
20251207_pbx_H03_e01,20251207_pbx_H03,132,train
20250622_chem_34C_T00_1256_E08_e01,20250622_chem_34C_T00_1256_E08,1,train
20230615_A09_e01,20230615_A09,49,train
20250515_part2_A05_e01,20250515_part2_A05,27,train
20250612_36hpf_wfs1_ctcf_G01_e01,20250612_36hpf_wfs1_ctcf_G01,1,train
20250622_chem_28C_T01_1658_E12_e01,20250622_chem_28C_T01_1658_E12,1,train
20231206_B06_e01,20231206_B06,59,train
20260122_B10_e03,20260122_B10,104,train
20260724_hotfish_30hpf_plate01_C07_e01,20260724_hotfish_30hpf_plate01_C07,1,train
20240306_A11_e01,20240306_A11,132,train
20240812_C11_e01,20240812_C11,75,train
20250415_B08_e02,20250415_B08,39,train
20250425_G08_e01,20250425_G08,118,train
20260702_hotchem_30hpf_plate01_E06_e01,20260702_hotchem_30hpf_plate01_E06,1,train
20260724_hotfish_24hpf_plate02_F07_e01,20260724_hotfish_24hpf_plate02_F07,1,train
20230622_F01_e01,20230622_F01,43,train
20250625_chem02_35C_T02_1228_F01_e01,20250625_chem02_35C_T02_1228_F01,1,train
20240726_E03_e02,20240726_E03,1,train
20250622_chem_35C_T01_1605_A03_e01,20250622_chem_35C_T01_1605_A03,1,train
20250612_30hpf_ctrl_atf6_D09_e01,20250612_30hpf_ctrl_atf6_D09,1,train
20260414_b9d2_30hpf_plate02_D07_e01,20260414_b9d2_30hpf_plate02_D07,1,train
20240418_E02_e01,20240418_E02,46,train
20250624_chem02_34C_T01_1739_A02_e01,20250624_chem02_34C_T01_1739_A02,1,train
20250515_part2_D10_e03,20250515_part2_D10,27,train
20260202_D10_e02,20260202_D10,71,train
20260414_b9d2_14hpf_plate01_A06_e01,20260414_b9d2_14hpf_plate01_A06,1,train
20240418_B02_e02,20240418_B02,46,train
20240510_G06_e01,20240510_G06,1,train
20240813_30hpf_F06_e01,20240813_30hpf_F06,1,train
20260418_irx_pilot_H05_e01,20260418_irx_pilot_H05,78,train
20250703_chem3_35C_T01_1437_A03_e01,20250703_chem3_35C_T01_1437_A03,1,train
20260213_H09_e01,20260213_H09,139,train
20260306_G04_e01,20260306_G04,186,train
20260319_F04_e01,20260319_F04,105,train
20260324_cep290_30hpf_plate01_F03_e01,20260324_cep290_30hpf_plate01_F03,1,train
20250622_chem_34C_T00_1256_D02_e01,20250622_chem_34C_T00_1256_D02,1,train
20260702_hotchem_36hpf_plate01_C03_e01,20260702_hotchem_36hpf_plate01_C03,1,train
20260415_b9d2_30to48hpf_plate02_t02_H01_e01,20260415_b9d2_30to48hpf_plate02_t02_H01,1,train
20230620_B08_e01,20230620_B08,89,train
20260213_D02_e01,20260213_D02,139,train
20250624_chem02_35C_T00_1216_A01_e01,20250624_chem02_35C_T00_1216_A01,1,train
20260219_E04_e04,20260219_E04,177,train
20260219_H08_e02,20260219_H08,177,train
20260702_hotchem_36hpf_plate02_C02_e01,20260702_hotchem_36hpf_plate02_C02,1,train
20241022_H06_e01,20241022_H06,37,train
20251121_B08_e01,20251121_B08,173,train
20250624_chem02_34C_T00_1243_F12_e01,20250624_chem02_34C_T00_1243_F12,1,train
20260702_hotchem_36hpf_plate01_F07_e01,20260702_hotchem_36hpf_plate01_F07,1,train
20260213_F12_e02,20260213_F12,139,train
20250612_36hpf_ctrl_atf6_D03_e01,20250612_36hpf_ctrl_atf6_D03,1,train
20250624_chem02_35C_T01_1711_D05_e03,20250624_chem02_35C_T01_1711_D05,1,train
20230622_D10_e02,20230622_D10,43,train
20250624_chem02_35C_T01_1711_G10_e01,20250624_chem02_35C_T01_1711_G10,1,train
20260415_b9d2_30to48hpf_plate02_t02_C08_e01,20260415_b9d2_30to48hpf_plate02_t02_C08,1,train
20250126_H07_e01,20250126_H07,71,train
20250624_chem02_35C_T01_1711_E02_e01,20250624_chem02_35C_T01_1711_E02,1,train
20250305_B06_e01,20250305_B06,340,train
20250625_chem02_28C_T02_1332_F07_e01,20250625_chem02_28C_T02_1332_F07,1,train
20260417_irx_pilot_E11_e01,20260417_irx_pilot_E11,27,train
20250612_30hpf_ctrl_atf6_D08_e01,20250612_30hpf_ctrl_atf6_D08,1,train
20250716_chem4_34C_T00_1014_G04_e03,20250716_chem4_34C_T00_1014_G04,1,train
20250703_chem3_34C_T01_1457_H02_e01,20250703_chem3_34C_T01_1457_H02,1,train
20251125_E10_e01,20251125_E10,231,train
20260306_C05_e01,20260306_C05,184,train
20250515_part2_G07_e01,20250515_part2_G07,27,train
20260219_A07_e03,20260219_A07,177,train
20260208_B05_e01,20260208_B05,321,train
20250721_chem5_35C_T00_1023_E07_e01,20250721_chem5_35C_T00_1023_E07,1,train
20260306_B01_e01,20260306_B01,186,train
20260724_hotfish_24hpf_plate02_G03_e01,20260724_hotfish_24hpf_plate02_G03,1,train
20251112_E08_e02,20251112_E08,6,train
20251112_G02_e02,20251112_G02,46,train
20260206_A05_e01,20260206_A05,150,train
20251205_D06_e01,20251205_D06,115,train
20251207_pbx_E01_e01,20251207_pbx_E01,132,train
20250512_F12_e01,20250512_F12,195,train
20260304_G11_e06,20260304_G11,192,train
20240307_F05_e01,20240307_F05,44,train
20260724_hotfish_24hpf_plate01_F01_e01,20260724_hotfish_24hpf_plate01_F01,1,train
20260415_b9d2_30to48hpf_plate01_t02_E09_e01,20260415_b9d2_30to48hpf_plate01_t02_E09,1,train
20250305_G02_e01,20250305_G02,340,train
20240509_18ss_H03_e01,20240509_18ss_H03,1,train
20260324_cep290_24hpf_plate02_G05_e01,20260324_cep290_24hpf_plate02_G05,1,train
20240726_B02_e01,20240726_B02,1,train
20260702_hotchem_24hpf_plate02_C10_e01,20260702_hotchem_24hpf_plate02_C10,1,train
20260306_B06_e01,20260306_B06,186,train
20260724_hotfish_36hpf_plate01_D07_e01,20260724_hotfish_36hpf_plate01_D07,1,train
20260415_cep290_18hpf_plate03_B04_e01,20260415_cep290_18hpf_plate03_B04,1,train
20231218_A02_e01,20231218_A02,34,train
20260324_cep290_30hpf_plate02_H05_e01,20260324_cep290_30hpf_plate02_H05,1,train
20240522_A05_e01,20240522_A05,95,train
20251020_B02_e01,20251020_B02,57,train
20240509_F12_e01,20240509_F12,41,train
20260208_B01_e01,20260208_B01,321,train
20250624_chem02_28C_T00_1356_B02_e01,20250624_chem02_28C_T00_1356_B02,1,train
20250512_A02_e01,20250512_A02,195,train
20260724_hotfish_30hpf_plate01_H05_e01,20260724_hotfish_30hpf_plate01_H05,1,train
20260122_F05_e02,20260122_F05,104,train
20231218_E08_e01,20231218_E08,34,train
20250519_B10_e01,20250519_B10,51,train
20260416_cep290_30to48hpf_plate02_t02_E07_e01,20260416_cep290_30to48hpf_plate02_t02_E07,1,train
20260213_C01_e02,20260213_C01,139,train
20250703_chem3_34C_T00_1131_G04_e01,20250703_chem3_34C_T00_1131_G04,1,train
20230615_A07_e01,20230615_A07,50,train
20240725_A03_e01,20240725_A03,1,train
20260702_hotchem_30hpf_plate02_E04_e01,20260702_hotchem_30hpf_plate02_E04,1,train
20260213_B09_e01,20260213_B09,139,train
20231206_D02_e01,20231206_D02,59,train
20240307_D01_e02,20240307_D01,44,train
20250721_chem5_35C_T00_1023_G04_e01,20250721_chem5_35C_T00_1023_G04,1,train
20260324_cep290_24hpf_plate02_F05_e01,20260324_cep290_24hpf_plate02_F05,1,train
20260206_F02_e01,20260206_F02,150,train
20240306_G06_e01,20240306_G06,67,train
20260414_b9d2_14hpf_plate01_F04_e01,20260414_b9d2_14hpf_plate01_F04,1,train
20241023_C11_e01,20241023_C11,43,train
20240411_D04_e01,20240411_D04,48,train
20230531_D10_e02,20230531_D10,66,train
20251020_D12_e01,20251020_D12,57,train
20260219_E07_e01,20260219_E07,177,train
20260304_A03_e01,20260304_A03,192,train
20241023_B06_e01,20241023_B06,43,train
20250612_24hpf_wfs1_ctcf_E12_e01,20250612_24hpf_wfs1_ctcf_E12,1,train
20230531_F06_e01,20230531_F06,66,train
20260304_G09_e03,20260304_G09,192,train
20250716_chem4_28C_T00_1158_C01_e01,20250716_chem4_28C_T00_1158_C01,1,train
20260724_hotfish_30hpf_plate01_D08_e01,20260724_hotfish_30hpf_plate01_D08,1,train
20240812_A03_e01,20240812_A03,75,train
20260319_cilia_crispant_18hpf_F03_e01,20260319_cilia_crispant_18hpf_F03,1,train
20250716_chem4_28C_T01_1400_G05_e01,20250716_chem4_28C_T01_1400_G05,1,train
20240418_H02_e01,20240418_H02,46,train
20230629_G04_e01,20230629_G04,41,train
20250612_24hpf_wfs1_ctcf_A12_e01,20250612_24hpf_wfs1_ctcf_A12,1,train
20250716_chem4_34C_T00_1014_D02_e01,20250716_chem4_34C_T00_1014_D02,1,train
20240812_C10_e01,20240812_C10,75,train
20251207_pbx_E11_e01,20251207_pbx_E11,132,train
20231206_A05_e01,20231206_A05,59,train
20260418_irx_pilot_E01_e01,20260418_irx_pilot_E01,78,train
20260418_irx_pilot_B05_e01,20260418_irx_pilot_B05,78,train
20250622_chem_28C_T00_1425_H12_e01,20250622_chem_28C_T00_1425_H12,1,train
20260202_D02_e02,20260202_D02,71,train
20260304_G09_e04,20260304_G09,184,train
20250716_chem4_28C_T00_1158_E01_e01,20250716_chem4_28C_T00_1158_E01,1,train
20250623_chem_28C_T02_1259_F03_e01,20250623_chem_28C_T02_1259_F03,1,train
20260319_cilia_crispant_18hpf_F07_e01,20260319_cilia_crispant_18hpf_F07,1,train
20250415_A01_e01,20250415_A01,39,train
20260724_hotfish_30hpf_plate02_E02_e01,20260724_hotfish_30hpf_plate02_E02,1,train
20260208_A04_e01,20260208_A04,321,train
20230531_G11_e02,20230531_G11,66,train
20260415_b9d2_30to48hpf_plate02_t02_B04_e01,20260415_b9d2_30to48hpf_plate02_t02_B04,1,train
20250625_chem02_28C_T02_1332_A03_e01,20250625_chem02_28C_T02_1332_A03,1,train
20250519_E09_e01,20250519_E09,51,train
20251112_H05_e02,20251112_H05,16,train
20260210_G06_e01,20260210_G06,161,train
20250622_chem_35C_T01_1605_G02_e01,20250622_chem_35C_T01_1605_G02,1,train
20250716_chem4_28C_T01_1400_F02_e02,20250716_chem4_28C_T01_1400_F02,1,train
20260219_D01_e01,20260219_D01,177,train
20260206_A08_e01,20260206_A08,150,train
20230620_A12_e01,20230620_A12,89,train
20230615_E01_e01,20230615_E01,50,train
20260306_H12_e01,20260306_H12,186,train
20260208_A03_e01,20260208_A03,321,train
20250519_F06_e01,20250519_F06,51,train
20260304_A01_e01,20260304_A01,192,train
20241023_G11_e01,20241023_G11,43,train
20260319_cilia_crispant_30hpf_G04_e01,20260319_cilia_crispant_30hpf_G04,1,train
20251017_part2_F09_e01,20251017_part2_F09,59,train
20260208_A11_e01,20260208_A11,321,train
20250716_chem4_28C_T01_1400_H02_e01,20250716_chem4_28C_T01_1400_H02,1,train
20251212_D11_e01,20251212_D11,115,train
20260210_E02_e01,20260210_E02,161,train
20260210_F01_e01,20260210_F01,161,train
20250622_chem_35C_T00_1223_check_D06_e01,20250622_chem_35C_T00_1223_check_D06,1,train
20260418_irx_pilot_D07_e02,20260418_irx_pilot_D07,78,train
20230622_A06_e01,20230622_A06,44,train
20250624_chem02_28C_T01_1808_E01_e01,20250624_chem02_28C_T01_1808_E01,1,train
20250622_chem_28C_T01_1658_C02_e01,20250622_chem_28C_T01_1658_C02,1,train
20241022_F05_e01,20241022_F05,37,train
20260417_irx_pilot_D04_e02,20260417_irx_pilot_D04,27,train
20260416_cep290_30to48hpf_plate01_t02_H05_e01,20260416_cep290_30to48hpf_plate01_t02_H05,1,train
20260319_cilia_crispant_30hpf_C01_e01,20260319_cilia_crispant_30hpf_C01,1,train
20260414_b9d2_30hpf_plate01_F07_e01,20260414_b9d2_30hpf_plate01_F07,1,train
20250624_chem02_35C_T01_1711_E01_e01,20250624_chem02_35C_T01_1711_E01,1,train
20250612_30hpf_wfs1_ctcf_B12_e01,20250612_30hpf_wfs1_ctcf_B12,1,train
20250622_chem_34C_T01_1632_E03_e01,20250622_chem_34C_T01_1632_E03,1,train
20260414_b9d2_30hpf_plate01_C07_e01,20260414_b9d2_30hpf_plate01_C07,1,train
20251125_E11_e01,20251125_E11,231,train
20250716_chem4_34C_T00_1014_E01_e01,20250716_chem4_34C_T00_1014_E01,1,train
20240306_C01_e01,20240306_C01,132,train
20260724_hotfish_30hpf_plate01_A12_e01,20260724_hotfish_30hpf_plate01_A12,1,train
20250515_part2_D04_e02,20250515_part2_D04,27,train
20250612_36hpf_wfs1_ctcf_D02_e01,20250612_36hpf_wfs1_ctcf_D02,1,train
20251017_part2_D07_e01,20251017_part2_D07,63,train
20250612_24hpf_ctrl_atf6_C04_e01,20250612_24hpf_ctrl_atf6_C04,1,train
20230602_F06_e01,20230602_F06,97,train
20260122_E08_e01,20260122_E08,104,train
20260724_hotfish_24hpf_plate01_E05_e01,20260724_hotfish_24hpf_plate01_E05,1,train
20240813_36hpf_D02_e01,20240813_36hpf_D02,1,train
20250624_chem02_28C_T01_1808_D10_e01,20250624_chem02_28C_T01_1808_D10,1,train
20260208_D12_e01,20260208_D12,321,train
20260417_irx_pilot_F08_e01,20260417_irx_pilot_F08,27,train
20260418_irx_pilot_G04_e02,20260418_irx_pilot_G04,78,train
20250625_chem02_28C_T02_1332_D05_e01,20250625_chem02_28C_T02_1332_D05,1,train
20231218_H10_e02,20231218_H10,34,train
20260702_hotchem_24hpf_plate02_A09_e01,20260702_hotchem_24hpf_plate02_A09,1,train
20240813_24hpf_B07_e01,20240813_24hpf_B07,1,train
20250622_chem_28C_T01_1658_G07_e01,20250622_chem_28C_T01_1658_G07,1,train
20250703_chem3_35C_T01_1437_A06_e01,20250703_chem3_35C_T01_1437_A06,1,train
20250625_chem02_34C_T02_1301_H08_e01,20250625_chem02_34C_T02_1301_H08,1,train
20260416_cep290_30to48hpf_plate02_t02_E01_e01,20260416_cep290_30to48hpf_plate02_t02_E01,1,train
20250519_B01_e01,20250519_B01,51,train
20260415_cep290_30to48hpf_plate02_t01_G08_e01,20260415_cep290_30to48hpf_plate02_t01_G08,1,train
20250415_G05_e01,20250415_G05,39,train
20230615_F04_e01,20230615_F04,50,train
20260319_cilia_crispant_18hpf_F01_e01,20260319_cilia_crispant_18hpf_F01,1,train
20260304_H09_e06,20260304_H09,192,train
20231218_E02_e01,20231218_E02,34,train
20230531_F07_e01,20230531_F07,66,train
20230622_B04_e01,20230622_B04,43,train
20260331_b9d2_18hpf_plate02_A02_e01,20260331_b9d2_18hpf_plate02_A02,1,train
20231206_E04_e02,20231206_E04,59,train
20260306_E02_e02,20260306_E02,186,train
20260414_b9d2_14hpf_plate01_C06_e01,20260414_b9d2_14hpf_plate01_C06,1,train
20260415_cep290_18hpf_plate03_F02_e04,20260415_cep290_18hpf_plate03_F02,1,train
20241022_D03_e01,20241022_D03,37,train
20260417_irx_pilot_C12_e01,20260417_irx_pilot_C12,27,train
20260702_hotchem_30hpf_plate02_C04_e01,20260702_hotchem_30hpf_plate02_C04,1,train
20240717_F01_e01,20240717_F01,1,train
20251125_E08_e01,20251125_E08,231,train
20250703_chem3_35C_T00_1101_E03_e01,20250703_chem3_35C_T00_1101_E03,1,train
20260418_irx_pilot_A02_e01,20260418_irx_pilot_A02,78,train
20260202_F10_e02,20260202_F10,71,train
20250625_chem02_28C_T02_1332_E10_e01,20250625_chem02_28C_T02_1332_E10,1,train
20260415_cep290_18hpf_plate03_E03_e01,20260415_cep290_18hpf_plate03_E03,1,train
20250215_E06_e01,20250215_E06,78,train
20250716_chem4_35C_T00_1045_B07_e01,20250716_chem4_35C_T00_1045_B07,1,train
20250716_chem4_35C_T00_1045_C09_e01,20250716_chem4_35C_T00_1045_C09,1,train
20260306_C09_e01,20260306_C09,186,train
20260702_hotchem_36hpf_plate01_A07_e01,20260702_hotchem_36hpf_plate01_A07,1,train
20260415_cep290_30to48hpf_plate02_t01_E12_e02,20260415_cep290_30to48hpf_plate02_t01_E12,1,train
20260324_cep290_30hpf_plate02_B06_e01,20260324_cep290_30hpf_plate02_B06,1,train
20260414_b9d2_14hpf_plate01_C07_e02,20260414_b9d2_14hpf_plate01_C07,1,train
20240306_A04_e02,20240306_A04,22,train
20240724_E01_e01,20240724_E01,1,train
20250624_chem02_28C_T01_1808_H01_e01,20250624_chem02_28C_T01_1808_H01,1,train
20260122_C12_e02,20260122_C12,104,train
20241023_B02_e01,20241023_B02,43,train
20230622_F02_e01,20230622_F02,43,train
20260414_b9d2_30hpf_plate02_E04_e01,20260414_b9d2_30hpf_plate02_E04,1,train
20260415_cep290_30to48hpf_plate02_t01_D02_e01,20260415_cep290_30to48hpf_plate02_t01_D02,1,train
20240530_B08_e02,20240530_B08,81,train
20250624_chem02_35C_T01_1711_H02_e01,20250624_chem02_35C_T01_1711_H02,1,train
20250624_chem02_28C_T01_1808_F01_e01,20250624_chem02_28C_T01_1808_F01,1,train
20241023_D01_e01,20241023_D01,43,train
20260319_cilia_crispant_30hpf_D03_e01,20260319_cilia_crispant_30hpf_D03,1,train
20260319_cilia_crispant_24hpf_D09_e01,20260319_cilia_crispant_24hpf_D09,1,train
20260724_hotfish_24hpf_plate01_B04_e01,20260724_hotfish_24hpf_plate01_B04,1,train
20260228_C11_e01,20260228_C11,151,train
20250625_chem02_28C_T02_1332_E06_e01,20250625_chem02_28C_T02_1332_E06,1,train
20260122_G09_e01,20260122_G09,104,train
20260319_H08_e01,20260319_H08,105,train
20240404_B04_e01,20240404_B04,35,train
20260208_G08_e01,20260208_G08,321,train
20250622_chem_35C_T00_1223_check_E03_e01,20250622_chem_35C_T00_1223_check_E03,1,train
20250622_chem_35C_T00_1223_check_H08_e01,20250622_chem_35C_T00_1223_check_H08,1,train
20250612_36hpf_ctrl_atf6_B09_e01,20250612_36hpf_ctrl_atf6_B09,1,train
20260415_b9d2_30to48hpf_plate01_t02_F06_e01,20260415_b9d2_30to48hpf_plate01_t02_F06,1,train
20250415_F05_e01,20250415_F05,39,train
20251017_part2_F05_e02,20251017_part2_F05,57,train
20251212_H03_e01,20251212_H03,115,train
20250515_part2_C12_e01,20250515_part2_C12,27,train
20250716_chem4_34C_T00_1014_B08_e01,20250716_chem4_34C_T00_1014_B08,1,train
20250625_chem02_35C_T02_1228_F10_e02,20250625_chem02_35C_T02_1228_F10,1,train
20260122_C04_e02,20260122_C04,104,train
20230622_F08_e01,20230622_F08,43,train
20260202_D01_e03,20260202_D01,71,train
20240813_36hpf_G05_e01,20240813_36hpf_G05,1,train
20251121_A06_e01,20251121_A06,87,train
20250721_chem5_28C_T00_1257_D03_e01,20250721_chem5_28C_T00_1257_D03,1,train
20260417_irx_pilot_C03_e01,20260417_irx_pilot_C03,27,train
20250703_chem3_35C_T01_1437_C07_e01,20250703_chem3_35C_T01_1437_C07,1,train
20260324_cep290_30hpf_plate01_G05_e01,20260324_cep290_30hpf_plate01_G05,1,train
20240418_F06_e02,20240418_F06,46,train
20230831_A04_e01,20230831_A04,1,train
20250512_C08_e01,20250512_C08,195,train
20250415_D05_e01,20250415_D05,39,train
20260202_F09_e01,20260202_F09,71,train
20250716_chem4_28C_T01_1400_G11_e01,20250716_chem4_28C_T01_1400_G11,1,train
20260324_cep290_30hpf_plate01_G08_e01,20260324_cep290_30hpf_plate01_G08,1,train
20260702_hotchem_36hpf_plate01_G11_e01,20260702_hotchem_36hpf_plate01_G11,1,train
20251207_pbx_G01_e02,20251207_pbx_G01,1,train
20241023_C07_e01,20241023_C07,43,train
20260319_cilia_crispant_30hpf_D11_e01,20260319_cilia_crispant_30hpf_D11,1,train
20250625_chem02_35C_T02_1228_A07_e02,20250625_chem02_35C_T02_1228_A07,1,train
20230602_B07_e01,20230602_B07,98,train
20250126_C03_e01,20250126_C03,71,train
20250716_chem4_28C_T01_1400_C11_e01,20250716_chem4_28C_T01_1400_C11,1,train
20260208_G09_e01,20260208_G09,321,train
20231110_H12_e01,20231110_H12,64,train
20260724_hotfish_36hpf_plate02_H02_e03,20260724_hotfish_36hpf_plate02_H02,1,train
20260417_irx_pilot_B01_e03,20260417_irx_pilot_B01,27,train
20260724_hotfish_30hpf_plate01_H04_e01,20260724_hotfish_30hpf_plate01_H04,1,train
20250612_36hpf_ctrl_atf6_A08_e02,20250612_36hpf_ctrl_atf6_A08,1,train
20240510_D04_e01,20240510_D04,1,train
20241022_G08_e01,20241022_G08,37,train
20250711_E11_e01,20250711_E11,179,train
20250703_chem3_35C_T00_1101_C04_e01,20250703_chem3_35C_T00_1101_C04,1,train
20230613_E07_e03,20230613_E07,65,train
20250721_chem5_28C_T01_1401_F02_e01,20250721_chem5_28C_T01_1401_F02,1,train
20250612_36hpf_wfs1_ctcf_E01_e01,20250612_36hpf_wfs1_ctcf_E01,1,train
20250625_chem02_34C_T02_1301_G07_e01,20250625_chem02_34C_T02_1301_G07,1,train
20260724_hotfish_36hpf_plate01_B10_e01,20260724_hotfish_36hpf_plate01_B10,1,train
20250622_chem_34C_T01_1632_A01_e01,20250622_chem_34C_T01_1632_A01,1,train
20260210_B11_e01,20260210_B11,161,train
20251017_part2_E07_e01,20251017_part2_E07,63,train
20250716_chem4_34C_T00_1014_F05_e01,20250716_chem4_34C_T00_1014_F05,1,train
20240418_F05_e01,20240418_F05,46,train
20260724_hotfish_36hpf_plate02_D03_e01,20260724_hotfish_36hpf_plate02_D03,1,train
20260415_cep290_30to48hpf_plate02_t01_B03_e01,20260415_cep290_30to48hpf_plate02_t01_B03,1,train
20230629_E12_e01,20230629_E12,41,train
20260206_H06_e01,20260206_H06,150,train
20260206_G04_e01,20260206_G04,150,train
20260414_b9d2_14hpf_plate01_D10_e01,20260414_b9d2_14hpf_plate01_D10,1,train
20260122_C12_e01,20260122_C12,104,train
20260724_hotfish_30hpf_plate02_H04_e01,20260724_hotfish_30hpf_plate02_H04,1,train
20240307_C06_e01,20240307_C06,44,train
20260213_F07_e03,20260213_F07,58,train
20260324_cep290_24hpf_plate02_C01_e01,20260324_cep290_24hpf_plate02_C01,1,train
20240626_D09_e01,20240626_D09,112,train
20260319_cilia_crispant_18hpf_H04_e01,20260319_cilia_crispant_18hpf_H04,1,train
20230613_E05_e01,20230613_E05,65,train
20240813_24hpf_H03_e01,20240813_24hpf_H03,1,train
20260331_b9d2_18hpf_plate02_E06_e01,20260331_b9d2_18hpf_plate02_E06,1,train
20250305_E05_e01,20250305_E05,340,train
20260414_b9d2_30hpf_plate01_F02_e01,20260414_b9d2_30hpf_plate01_F02,1,train
20250716_chem4_34C_T00_1014_F03_e01,20250716_chem4_34C_T00_1014_F03,1,train
20250515_part2_F10_e02,20250515_part2_F10,27,train
20240307_E05_e02,20240307_E05,44,train
20260702_hotchem_30hpf_plate02_G05_e01,20260702_hotchem_30hpf_plate02_G05,1,train
20250215_E01_e01,20250215_E01,78,train
20250625_chem02_34C_T02_1301_C02_e01,20250625_chem02_34C_T02_1301_C02,1,train
20240725_F02_e01,20240725_F02,1,train
20260724_hotfish_24hpf_plate01_A07_e01,20260724_hotfish_24hpf_plate01_A07,1,train
20260414_b9d2_14hpf_plate01_F01_e01,20260414_b9d2_14hpf_plate01_F01,1,train
20250215_H08_e01,20250215_H08,78,train
20260213_A05_e03,20260213_A05,139,train
20260324_cep290_24hpf_plate02_F02_e01,20260324_cep290_24hpf_plate02_F02,1,train
20251125_H10_e01,20251125_H10,231,train
20260724_hotfish_24hpf_plate02_C06_e01,20260724_hotfish_24hpf_plate02_C06,1,train
20250625_chem02_28C_T02_1332_H04_e01,20250625_chem02_28C_T02_1332_H04,1,train
20260724_hotfish_30hpf_plate02_G06_e01,20260724_hotfish_30hpf_plate02_G06,1,train
20260206_B05_e01,20260206_B05,150,train
20250623_chem_34C_T02_1231_E07_e01,20250623_chem_34C_T02_1231_E07,1,train
20250512_B06_e02,20250512_B06,195,train
20260213_F06_e02,20260213_F06,139,train
20251017_part1_F12_e01,20251017_part1_F12,65,train
20260219_F03_e02,20260219_F03,177,train
20250622_chem_34C_T01_1632_D12_e01,20250622_chem_34C_T01_1632_D12,1,train
20251212_A08_e01,20251212_A08,115,train
20231110_F12_e02,20231110_F12,64,train
20250721_chem5_28C_T00_1257_G02_e01,20250721_chem5_28C_T00_1257_G02,1,train
20260702_hotchem_30hpf_plate01_A04_e01,20260702_hotchem_30hpf_plate01_A04,1,train
20251017_part2_E11_e01,20251017_part2_E11,63,train
20260213_E09_e02,20260213_E09,139,train
20250126_C02_e01,20250126_C02,71,train
20260122_C07_e01,20260122_C07,104,train
20260324_cep290_24hpf_plate02_B01_e01,20260324_cep290_24hpf_plate02_B01,1,train
20260702_hotchem_30hpf_plate01_G09_e01,20260702_hotchem_30hpf_plate01_G09,1,train
20240522_G02_e01,20240522_G02,95,train
20251212_G01_e01,20251212_G01,115,train
20260415_cep290_30to48hpf_plate02_t01_A05_e01,20260415_cep290_30to48hpf_plate02_t01_A05,1,train
20250425_C03_e01,20250425_C03,118,train
20250912_C11_e02,20250912_C11,113,train
20260416_cep290_30to48hpf_plate01_t02_A05_e01,20260416_cep290_30to48hpf_plate01_t02_A05,1,train
20230531_F12_e01,20230531_F12,66,train
20260414_b9d2_30hpf_plate01_C05_e01,20260414_b9d2_30hpf_plate01_C05,1,train
20241023_D09_e01,20241023_D09,43,train
20251212_H12_e01,20251212_H12,115,train
20251212_G08_e02,20251212_G08,1,train
20260414_b9d2_30hpf_plate02_D03_e01,20260414_b9d2_30hpf_plate02_D03,1,train
20260417_irx_pilot_C05_e02,20260417_irx_pilot_C05,27,train
20260724_hotfish_24hpf_plate01_C07_e01,20260724_hotfish_24hpf_plate01_C07,1,train
20260702_hotchem_30hpf_plate01_C12_e01,20260702_hotchem_30hpf_plate01_C12,1,train
20260304_F03_e02,20260304_F03,192,train
20260331_b9d2_18hpf_plate02_G02_e01,20260331_b9d2_18hpf_plate02_G02,1,train
20251112_C02_e02,20251112_C02,12,train
20260702_hotchem_24hpf_plate02_C07_e01,20260702_hotchem_24hpf_plate02_C07,1,train
20250126_G04_e01,20250126_G04,71,train
20231206_E01_e01,20231206_E01,59,train
20250624_chem02_28C_T01_1808_F02_e01,20250624_chem02_28C_T01_1808_F02,1,train
20251212_H07_e01,20251212_H07,115,train
20240725_H02_e01,20240725_H02,1,train
20260702_hotchem_24hpf_plate01_G09_e01,20260702_hotchem_24hpf_plate01_G09,1,train
20260416_cep290_30to48hpf_plate02_t02_G05_e01,20260416_cep290_30to48hpf_plate02_t02_G05,1,train
20250623_chem_34C_T02_1231_A02_e01,20250623_chem_34C_T02_1231_A02,1,train
20260415_cep290_30to48hpf_plate02_t01_E06_e01,20260415_cep290_30to48hpf_plate02_t01_E06,1,train
20250716_chem4_28C_T01_1400_D02_e01,20250716_chem4_28C_T01_1400_D02,1,train
20260219_F04_e03,20260219_F04,177,train
20260418_irx_pilot_E09_e01,20260418_irx_pilot_E09,78,train
20260724_hotfish_30hpf_plate01_B07_e01,20260724_hotfish_30hpf_plate01_B07,1,train
20240418_C11_e01,20240418_C11,46,train
20260324_cep290_24hpf_plate01_C04_e01,20260324_cep290_24hpf_plate01_C04,1,train
20250625_chem02_35C_T02_1228_A12_e01,20250625_chem02_35C_T02_1228_A12,1,train
20260319_cilia_crispant_24hpf_D07_e01,20260319_cilia_crispant_24hpf_D07,1,train
20240418_H08_e02,20240418_H08,46,train
20250612_36hpf_ctrl_atf6_H07_e01,20250612_36hpf_ctrl_atf6_H07,1,train
20240726_A03_e01,20240726_A03,1,train
20260724_hotfish_36hpf_plate01_E10_e01,20260724_hotfish_36hpf_plate01_E10,1,train
20260415_b9d2_30to48hpf_plate01_t02_D11_e02,20260415_b9d2_30to48hpf_plate01_t02_D11,1,train
20250625_chem02_28C_T02_1332_B04_e01,20250625_chem02_28C_T02_1332_B04,1,train
20260306_H05_e03,20260306_H05,186,train
20260414_b9d2_30hpf_plate01_C05_e02,20260414_b9d2_30hpf_plate01_C05,1,train
20230627_F12_e01,20230627_F12,45,train
20260202_B01_e03,20260202_B01,71,train
20240307_F04_e03,20240307_F04,44,train
20250912_G09_e01,20250912_G09,113,train
20260319_A04_e01,20260319_A04,105,train
20250703_chem3_35C_T00_1101_E01_e01,20250703_chem3_35C_T00_1101_E01,1,train
20240509_A07_e01,20240509_A07,41,train
20230602_A08_e01,20230602_A08,98,train
20240812_H02_e01,20240812_H02,75,train
20240724_D04_e01,20240724_D04,1,train
20250721_chem5_35C_T00_1023_F12_e01,20250721_chem5_35C_T00_1023_F12,1,train
20251017_part2_A08_e01,20251017_part2_A08,63,train
20260414_b9d2_30hpf_plate01_C03_e01,20260414_b9d2_30hpf_plate01_C03,1,train
20251207_pbx_H02_e02,20251207_pbx_H02,132,train
20260324_cep290_30hpf_plate01_A05_e01,20260324_cep290_30hpf_plate01_A05,1,train
20251017_part1_G06_e01,20251017_part1_G06,65,train
20251119_E03_e01,20251119_E03,348,train
20260122_B10_e01,20260122_B10,104,train
20250612_24hpf_wfs1_ctcf_E10_e01,20250612_24hpf_wfs1_ctcf_E10,1,train
20240307_D07_e01,20240307_D07,44,train
20260724_hotfish_36hpf_plate01_G06_e01,20260724_hotfish_36hpf_plate01_G06,1,train
20240509_E08_e02,20240509_E08,41,train
20250625_chem02_28C_T02_1332_G12_e02,20250625_chem02_28C_T02_1332_G12,1,train
20240717_H02_e01,20240717_H02,1,train
20241022_D09_e01,20241022_D09,37,train
20260228_C06_e01,20260228_C06,151,train
20260304_C07_e01,20260304_C07,192,train
20260219_C02_e01,20260219_C02,177,train
20250625_chem02_35C_T02_1228_D01_e01,20250625_chem02_35C_T02_1228_D01,1,train
20231206_G04_e02,20231206_G04,57,train
20250625_chem02_28C_T02_1332_G02_e01,20250625_chem02_28C_T02_1332_G02,1,train
20250512_H01_e02,20250512_H01,195,train
20250716_chem4_34C_T00_1014_A05_e01,20250716_chem4_34C_T00_1014_A05,1,train
20260319_cilia_crispant_30hpf_G03_e01,20260319_cilia_crispant_30hpf_G03,1,train
20250721_chem5_28C_T01_1401_E01_e01,20250721_chem5_28C_T01_1401_E01,1,train
20250622_chem_28C_T00_1425_H05_e02,20250622_chem_28C_T00_1425_H05,1,train
20250622_chem_28C_T01_1658_D08_e01,20250622_chem_28C_T01_1658_D08,1,train
20260202_D11_e03,20260202_D11,71,train
20260206_G03_e01,20260206_G03,150,train
20260219_B04_e01,20260219_B04,177,train
20260724_hotfish_36hpf_plate01_B02_e01,20260724_hotfish_36hpf_plate01_B02,1,train
20240812_D01_e01,20240812_D01,75,train
20250721_chem5_28C_T01_1401_C08_e01,20250721_chem5_28C_T01_1401_C08,1,train
20231218_F02_e01,20231218_F02,34,train
20250625_chem02_35C_T02_1228_G08_e01,20250625_chem02_35C_T02_1228_G08,1,train
20240418_H05_e01,20240418_H05,46,train
20260306_E12_e02,20260306_E12,185,train
20240812_B10_e01,20240812_B10,75,train
20250716_chem4_28C_T01_1400_F02_e01,20250716_chem4_28C_T01_1400_F02,1,train
20250126_C11_e01,20250126_C11,71,train
20250612_30hpf_ctrl_atf6_D05_e01,20250612_30hpf_ctrl_atf6_D05,1,train
20260414_b9d2_30hpf_plate02_A06_e01,20260414_b9d2_30hpf_plate02_A06,1,train
20260702_hotchem_24hpf_plate01_H09_e01,20260702_hotchem_24hpf_plate01_H09,1,train
20260724_hotfish_30hpf_plate01_E12_e01,20260724_hotfish_30hpf_plate01_E12,1,train
20251205_H06_e02,20251205_H06,115,train
20250215_G06_e01,20250215_G06,78,train
20230531_D02_e01,20230531_D02,66,train
20250623_chem_28C_T02_1259_G10_e01,20250623_chem_28C_T02_1259_G10,1,train
20260319_cilia_crispant_24hpf_A11_e01,20260319_cilia_crispant_24hpf_A11,1,train
20230602_C05_e01,20230602_C05,96,train
20250623_chem_28C_T02_1259_H03_e01,20250623_chem_28C_T02_1259_H03,1,train
20260202_B06_e01,20260202_B06,71,train
20250622_chem_34C_T00_1256_A03_e01,20250622_chem_34C_T00_1256_A03,1,train
20260304_E11_e01,20260304_E11,192,train
20230531_D04_e01,20230531_D04,66,train
20260414_b9d2_14hpf_plate01_G12_e01,20260414_b9d2_14hpf_plate01_G12,1,train
20250703_chem3_35C_T01_1437_C03_e01,20250703_chem3_35C_T01_1437_C03,1,train
20250912_H04_e02,20250912_H04,113,train
20250625_chem02_35C_T02_1228_E08_e01,20250625_chem02_35C_T02_1228_E08,1,train
20260210_F07_e01,20260210_F07,161,train
20260414_b9d2_30hpf_plate01_E02_e01,20260414_b9d2_30hpf_plate01_E02,1,train
20230531_F01_e01,20230531_F01,66,train
20260416_cep290_30to48hpf_plate01_t02_E04_e01,20260416_cep290_30to48hpf_plate01_t02_E04,1,train
20240813_30hpf_B03_e01,20240813_30hpf_B03,1,train
20240307_F02_e04,20240307_F02,44,train
20230615_E10_e01,20230615_E10,50,train
20240522_B03_e01,20240522_B03,95,train
20240509_E02_e01,20240509_E02,41,train
20250624_chem02_35C_T01_1711_B06_e01,20250624_chem02_35C_T01_1711_B06,1,train
20260319_cilia_crispant_30hpf_E11_e01,20260319_cilia_crispant_30hpf_E11,1,train
20250622_chem_34C_T00_1256_G12_e01,20250622_chem_34C_T00_1256_G12,1,train
20260319_cilia_crispant_18hpf_D01_e01,20260319_cilia_crispant_18hpf_D01,1,train
20240724_A02_e01,20240724_A02,1,train
20260324_cep290_30hpf_plate01_C11_e01,20260324_cep290_30hpf_plate01_C11,1,train
20251207_pbx_G04_e01,20251207_pbx_G04,132,train
20260306_A03_e02,20260306_A03,186,train
20231206_B09_e02,20231206_B09,59,train
20260306_G06_e01,20260306_G06,186,train
20240530_C09_e03,20240530_C09,81,train
20260122_C06_e01,20260122_C06,104,train
20260213_D11_e01,20260213_D11,139,train
20250501_E06_e01,20250501_E06,176,train
20260417_irx_pilot_A03_e01,20260417_irx_pilot_A03,27,train
20260304_H03_e03,20260304_H03,192,train
20251205_B07_e01,20251205_B07,115,train
20260417_irx_pilot_C06_e02,20260417_irx_pilot_C06,27,train
20230531_D01_e02,20230531_D01,66,train
20251020_D07_e01,20251020_D07,57,train
20251112_C09_e01,20251112_C09,49,train
20260202_D11_e01,20260202_D11,71,train
20260702_hotchem_30hpf_plate02_A11_e01,20260702_hotchem_30hpf_plate02_A11,1,train
20260324_cep290_30hpf_plate02_F06_e01,20260324_cep290_30hpf_plate02_F06,1,train
20260213_E08_e01,20260213_E08,139,train
20260416_cep290_30to48hpf_plate02_t02_A04_e01,20260416_cep290_30to48hpf_plate02_t02_A04,1,train
20251205_B08_e01,20251205_B08,115,train
20260416_cep290_30to48hpf_plate02_t02_H04_e03,20260416_cep290_30to48hpf_plate02_t02_H04,1,train
20260414_b9d2_14hpf_plate01_B08_e01,20260414_b9d2_14hpf_plate01_B08,1,train
20260219_A06_e01,20260219_A06,177,train
20251119_G02_e01,20251119_G02,348,train
20260702_hotchem_36hpf_plate01_F05_e01,20260702_hotchem_36hpf_plate01_F05,1,train
20260702_hotchem_24hpf_plate02_D09_e01,20260702_hotchem_24hpf_plate02_D09,1,train
20240812_D08_e01,20240812_D08,75,train
20260416_cep290_30to48hpf_plate02_t02_C02_e01,20260416_cep290_30to48hpf_plate02_t02_C02,1,train
20231218_A08_e01,20231218_A08,34,train
20250126_D02_e01,20250126_D02,71,train
20260724_hotfish_30hpf_plate01_C02_e01,20260724_hotfish_30hpf_plate01_C02,1,train
20230622_D06_e01,20230622_D06,43,train
20231110_E01_e02,20231110_E01,64,train
20260213_C06_e04,20260213_C06,139,train
20250624_chem02_34C_T01_1739_B05_e01,20250624_chem02_34C_T01_1739_B05,1,train
20250622_chem_28C_T01_1658_A02_e01,20250622_chem_28C_T01_1658_A02,1,train
20250703_chem3_35C_T01_1437_B01_e01,20250703_chem3_35C_T01_1437_B01,1,train
20260202_A02_e02,20260202_A02,71,train
20251119_F03_e01,20251119_F03,348,train
20240404_A06_e01,20240404_A06,35,train
20260213_G02_e02,20260213_G02,139,train
20250721_chem5_35C_T00_1023_F08_e01,20250721_chem5_35C_T00_1023_F08,1,train
20240530_E08_e02,20240530_E08,81,train
20260306_F09_e02,20260306_F09,186,train
20240725_F04_e02,20240725_F04,1,train
20260319_cilia_crispant_30hpf_C06_e01,20260319_cilia_crispant_30hpf_C06,1,train
20260702_hotchem_24hpf_plate02_G01_e01,20260702_hotchem_24hpf_plate02_G01,1,train
20250515_part2_C07_e01,20250515_part2_C07,27,train
20251112_D09_e01,20251112_D09,49,train
20250501_G07_e01,20250501_G07,176,train
20260210_E09_e01,20260210_E09,161,train
20260202_E04_e03,20260202_E04,71,train
20260724_hotfish_24hpf_plate01_E12_e01,20260724_hotfish_24hpf_plate01_E12,1,train
20230622_F04_e01,20230622_F04,43,train
20240411_A01_e01,20240411_A01,48,train
20240725_D04_e01,20240725_D04,1,train
20250721_chem5_28C_T01_1401_F03_e01,20250721_chem5_28C_T01_1401_F03,1,train
20260202_F11_e01,20260202_F11,71,train
20230627_F05_e01,20230627_F05,45,train
20230615_C02_e01,20230615_C02,50,train
20240530_D04_e01,20240530_D04,81,train
20250612_36hpf_ctrl_atf6_A12_e01,20250612_36hpf_ctrl_atf6_A12,1,train
20240718_H04_e01,20240718_H04,1,train
20231206_A01_e01,20231206_A01,59,train
20240404_B01_e01,20240404_B01,35,train
20250215_H03_e01,20250215_H03,78,train
20260702_hotchem_30hpf_plate01_A02_e01,20260702_hotchem_30hpf_plate01_A02,1,train
20260702_hotchem_30hpf_plate02_G02_e01,20260702_hotchem_30hpf_plate02_G02,1,train
20230531_E07_e01,20230531_E07,66,train
20260304_E10_e02,20260304_E10,192,train
20260202_B11_e02,20260202_B11,71,train
20260210_B05_e01,20260210_B05,161,train
20251205_B09_e01,20251205_B09,115,train
20230531_B09_e01,20230531_B09,66,train
20240718_A07_e01,20240718_A07,1,train
20250612_36hpf_ctrl_atf6_F08_e01,20250612_36hpf_ctrl_atf6_F08,1,train
20231206_G09_e01,20231206_G09,59,train
20240509_H06_e01,20240509_H06,41,train
20260702_hotchem_24hpf_plate01_H12_e01,20260702_hotchem_24hpf_plate01_H12,1,train
20251119_F02_e01,20251119_F02,348,train
20260724_hotfish_36hpf_plate01_A04_e01,20260724_hotfish_36hpf_plate01_A04,1,train
20250515_part2_C08_e01,20250515_part2_C08,27,train
20260702_hotchem_36hpf_plate02_E07_e01,20260702_hotchem_36hpf_plate02_E07,1,train
20260416_cep290_30to48hpf_plate02_t02_A03_e01,20260416_cep290_30to48hpf_plate02_t02_A03,1,train
20260213_E10_e03,20260213_E10,139,train
20260202_B08_e01,20260202_B08,71,train
20250703_chem3_34C_T01_1457_G04_e01,20250703_chem3_34C_T01_1457_G04,1,train
20260414_b9d2_14hpf_plate01_G01_e01,20260414_b9d2_14hpf_plate01_G01,1,train
20230629_E05_e02,20230629_E05,14,train
20230613_A04_e01,20230613_A04,66,train
20251205_H10_e01,20251205_H10,115,train
20240718_B03_e01,20240718_B03,1,train
20251205_F09_e01,20251205_F09,115,train
20260122_G09_e03,20260122_G09,104,train
20250721_chem5_28C_T01_1401_A07_e01,20250721_chem5_28C_T01_1401_A07,1,train
20250703_chem3_35C_T01_1437_A05_e01,20250703_chem3_35C_T01_1437_A05,1,train
20250622_chem_35C_T00_1223_check_F11_e02,20250622_chem_35C_T00_1223_check_F11,1,train
20230620_B01_e01,20230620_B01,89,train
20260324_cep290_24hpf_plate01_B03_e01,20260324_cep290_24hpf_plate01_B03,1,train
20260122_G05_e03,20260122_G05,104,train
20260208_B10_e01,20260208_B10,321,train
20260206_C07_e01,20260206_C07,150,train
20230531_D01_e01,20230531_D01,66,train
20240726_H06_e01,20240726_H06,1,train
20240626_F06_e01,20240626_F06,112,train
20260724_hotfish_36hpf_plate02_B03_e01,20260724_hotfish_36hpf_plate02_B03,1,train
20250501_G04_e02,20250501_G04,176,train
20260417_irx_pilot_H12_e01,20260417_irx_pilot_H12,27,train
20240718_B05_e01,20240718_B05,1,train
20260208_A06_e01,20260208_A06,321,train
20250415_A06_e02,20250415_A06,39,train
20250912_A03_e01,20250912_A03,113,train
20250126_A10_e01,20250126_A10,71,train
20260206_C02_e01,20260206_C02,150,train
20260417_irx_pilot_B08_e01,20260417_irx_pilot_B08,27,train
20260702_hotchem_24hpf_plate02_H04_e01,20260702_hotchem_24hpf_plate02_H04,1,train
20250703_chem3_35C_T00_1101_C07_e01,20250703_chem3_35C_T00_1101_C07,1,train
20240726_H04_e01,20240726_H04,1,train
20250612_30hpf_wfs1_ctcf_G04_e01,20250612_30hpf_wfs1_ctcf_G04,1,train
20240718_F07_e01,20240718_F07,1,train
20260415_cep290_30to48hpf_plate02_t01_A01_e02,20260415_cep290_30to48hpf_plate02_t01_A01,1,train
20250624_chem02_35C_T01_1711_C03_e01,20250624_chem02_35C_T01_1711_C03,1,train
20240411_F09_e01,20240411_F09,48,train
20260702_hotchem_30hpf_plate01_E03_e01,20260702_hotchem_30hpf_plate01_E03,1,train
20260219_G04_e02,20260219_G04,171,train
20260319_B03_e01,20260319_B03,105,train
20251020_F01_e01,20251020_F01,57,train
20241023_G12_e01,20241023_G12,43,train
20260324_cep290_30hpf_plate01_C12_e01,20260324_cep290_30hpf_plate01_C12,1,train
20230629_E10_e01,20230629_E10,41,train
20250515_part2_A06_e01,20250515_part2_A06,27,train
20240404_E06_e01,20240404_E06,35,train
20250305_D11_e01,20250305_D11,340,train
20231110_H08_e01,20231110_H08,64,train
20240530_E03_e01,20240530_E03,81,train
20260319_cilia_crispant_30hpf_C09_e01,20260319_cilia_crispant_30hpf_C09,1,train
20240306_E01_e01,20240306_E01,132,train
20260414_b9d2_14hpf_plate01_H11_e01,20260414_b9d2_14hpf_plate01_H11,1,train
20230531_G07_e01,20230531_G07,66,train
20230629_A04_e02,20230629_A04,42,train
20250622_chem_28C_T00_1425_B01_e01,20250622_chem_28C_T00_1425_B01,1,train
20260331_b9d2_18hpf_plate02_E01_e01,20260331_b9d2_18hpf_plate02_E01,1,train
20260228_D09_e01,20260228_D09,151,train
20260202_A10_e02,20260202_A10,71,train
20251207_pbx_F11_e01,20251207_pbx_F11,132,train
20260213_D11_e03,20260213_D11,139,train
20260702_hotchem_30hpf_plate02_D06_e01,20260702_hotchem_30hpf_plate02_D06,1,train
20260702_hotchem_36hpf_plate01_G02_e01,20260702_hotchem_36hpf_plate01_G02,1,train
20260415_b9d2_30to48hpf_plate01_t02_E05_e02,20260415_b9d2_30to48hpf_plate01_t02_E05,1,train
20260724_hotfish_30hpf_plate02_C04_e01,20260724_hotfish_30hpf_plate02_C04,1,train
20240812_E09_e01,20240812_E09,75,train
20250622_chem_28C_T01_1658_H08_e01,20250622_chem_28C_T01_1658_H08,1,train
20250501_G11_e01,20250501_G11,176,train
20260319_cilia_crispant_24hpf_H12_e01,20260319_cilia_crispant_24hpf_H12,1,train
20260416_cep290_30to48hpf_plate01_t02_G06_e01,20260416_cep290_30to48hpf_plate01_t02_G06,1,train
20250703_chem3_34C_T01_1457_G05_e01,20250703_chem3_34C_T01_1457_G05,1,train
20250425_H10_e02,20250425_H10,118,train
20250623_chem_28C_T02_1259_C01_e01,20250623_chem_28C_T02_1259_C01,1,train
20240522_G08_e01,20240522_G08,95,train
20240812_F04_e01,20240812_F04,75,train
20260418_irx_pilot_G02_e02,20260418_irx_pilot_G02,78,train
20240724_H06_e01,20240724_H06,1,train
20240418_A03_e02,20240418_A03,46,train
20250624_chem02_35C_T01_1711_B02_e01,20250624_chem02_35C_T01_1711_B02,1,train
20230627_B02_e01,20230627_B02,45,train
20250912_A05_e01,20250912_A05,112,train
20250519_A08_e01,20250519_A08,51,train
20250415_D09_e01,20250415_D09,39,train
20260324_cep290_24hpf_plate01_E10_e01,20260324_cep290_24hpf_plate01_E10,1,train
20260202_E01_e01,20260202_E01,71,train
20231110_B08_e01,20231110_B08,64,train
20250215_G05_e01,20250215_G05,78,train
20260319_cilia_crispant_30hpf_G08_e01,20260319_cilia_crispant_30hpf_G08,1,train
20240404_D12_e01,20240404_D12,35,train
20260219_F06_e01,20260219_F06,177,train
20250622_chem_35C_T00_1223_check_A04_e02,20250622_chem_35C_T00_1223_check_A04,1,train
20260724_hotfish_36hpf_plate02_C05_e01,20260724_hotfish_36hpf_plate02_C05,1,train
20260319_D02_e01,20260319_D02,105,train
20260702_hotchem_36hpf_plate02_H11_e01,20260702_hotchem_36hpf_plate02_H11,1,train
20260702_hotchem_30hpf_plate02_G01_e01,20260702_hotchem_30hpf_plate02_G01,1,train
20260122_B06_e01,20260122_B06,104,train
20260304_E02_e01,20260304_E02,192,train
20240509_A12_e01,20240509_A12,41,train
20251125_B06_e01,20251125_B06,231,train
20250624_chem02_35C_T00_1216_F11_e02,20250624_chem02_35C_T00_1216_F11,1,train
20250624_chem02_28C_T00_1356_D12_e01,20250624_chem02_28C_T00_1356_D12,1,train
20260202_E03_e01,20260202_E03,71,train
20250716_chem4_28C_T01_1400_B07_e01,20250716_chem4_28C_T01_1400_B07,1,train
20250625_chem02_34C_T02_1301_C05_e02,20250625_chem02_34C_T02_1301_C05,1,train
20250624_chem02_28C_T00_1356_B12_e01,20250624_chem02_28C_T00_1356_B12,1,train
20230620_D07_e01,20230620_D07,88,train
20260319_F05_e01,20260319_F05,105,train
20240510_G08_e01,20240510_G08,1,train
20240726_D06_e01,20240726_D06,1,train
20260418_irx_pilot_F01_e01,20260418_irx_pilot_F01,78,train
20260202_C10_e03,20260202_C10,71,train
20260702_hotchem_24hpf_plate01_G03_e01,20260702_hotchem_24hpf_plate01_G03,1,train
20250624_chem02_35C_T00_1216_A02_e01,20250624_chem02_35C_T00_1216_A02,1,train
20240718_F10_e01,20240718_F10,1,train
20260414_b9d2_14hpf_plate01_E09_e01,20260414_b9d2_14hpf_plate01_E09,1,train
20230613_E10_e01,20230613_E10,65,train
20250126_F08_e01,20250126_F08,71,train
20251125_F08_e01,20251125_F08,231,train
20260724_hotfish_36hpf_plate01_H07_e01,20260724_hotfish_36hpf_plate01_H07,1,train
20250703_chem3_28C_T00_1325_F01_e01,20250703_chem3_28C_T00_1325_F01,1,train
20260306_F11_e03,20260306_F11,186,train
20260324_cep290_24hpf_plate02_C09_e02,20260324_cep290_24hpf_plate02_C09,1,train
20260417_irx_pilot_C05_e01,20260417_irx_pilot_C05,27,train
20250624_chem02_28C_T00_1356_F11_e02,20250624_chem02_28C_T00_1356_F11,1,train
20260319_cilia_crispant_30hpf_H12_e01,20260319_cilia_crispant_30hpf_H12,1,train
20240813_36hpf_A06_e02,20240813_36hpf_A06,1,train
20260319_cilia_crispant_18hpf_F04_e01,20260319_cilia_crispant_18hpf_F04,1,train
20241023_C01_e01,20241023_C01,43,train
20250622_chem_28C_T00_1425_E12_e01,20250622_chem_28C_T00_1425_E12,1,train
20250721_chem5_28C_T00_1257_F11_e02,20250721_chem5_28C_T00_1257_F11,1,train
20250515_part2_B09_e01,20250515_part2_B09,27,train
20231206_A04_e01,20231206_A04,59,train
20260415_b9d2_30to48hpf_plate01_t02_F03_e01,20260415_b9d2_30to48hpf_plate01_t02_F03,1,train
20250711_H12_e02,20250711_H12,158,train
20240725_H06_e02,20240725_H06,1,train
20250612_36hpf_ctrl_atf6_B06_e01,20250612_36hpf_ctrl_atf6_B06,1,train
20250716_chem4_35C_T00_1045_G10_e01,20250716_chem4_35C_T00_1045_G10,1,train
20240530_G11_e01,20240530_G11,81,train
20260306_H08_e01,20260306_H08,141,train
20250625_chem02_28C_T02_1332_F04_e01,20250625_chem02_28C_T02_1332_F04,1,train
20260324_cep290_24hpf_plate02_H02_e01,20260324_cep290_24hpf_plate02_H02,1,train
20230613_F05_e01,20230613_F05,65,train
20240522_H07_e01,20240522_H07,95,train
20260202_A12_e02,20260202_A12,71,train
20230602_A07_e02,20230602_A07,98,train
20250624_chem02_35C_T01_1711_A10_e03,20250624_chem02_35C_T01_1711_A10,1,train
20250622_chem_34C_T01_1632_F05_e01,20250622_chem_34C_T01_1632_F05,1,train
20251212_B11_e01,20251212_B11,115,train
20240812_C07_e01,20240812_C07,75,train
20260210_H04_e01,20260210_H04,161,train
20250622_chem_34C_T00_1256_D06_e01,20250622_chem_34C_T00_1256_D06,1,train
20250519_C03_e01,20250519_C03,51,train
20250623_chem_34C_T02_1231_H10_e01,20250623_chem_34C_T02_1231_H10,1,train
20240418_D10_e03,20240418_D10,46,train
20251205_G06_e01,20251205_G06,115,train
20250622_chem_35C_T00_1223_check_D02_e01,20250622_chem_35C_T00_1223_check_D02,1,train
20260702_hotchem_36hpf_plate01_B08_e01,20260702_hotchem_36hpf_plate01_B08,1,train
20240418_C02_e02,20240418_C02,46,train
20251017_part1_B06_e02,20251017_part1_B06,37,train
20260319_A02_e01,20260319_A02,105,train
20251121_E02_e01,20251121_E02,173,train
20260724_hotfish_24hpf_plate02_F01_e01,20260724_hotfish_24hpf_plate02_F01,1,train
20250512_A09_e01,20250512_A09,195,train
20260702_hotchem_30hpf_plate02_A09_e01,20260702_hotchem_30hpf_plate02_A09,1,train
20241022_D10_e01,20241022_D10,37,train
20240307_H09_e01,20240307_H09,44,train
20250612_30hpf_ctrl_atf6_G10_e01,20250612_30hpf_ctrl_atf6_G10,1,train
20260202_H05_e01,20260202_H05,71,train
20250612_36hpf_wfs1_ctcf_B02_e01,20250612_36hpf_wfs1_ctcf_B02,1,train
20260415_cep290_30to48hpf_plate02_t01_F04_e02,20260415_cep290_30to48hpf_plate02_t01_F04,1,train
20251125_C04_e01,20251125_C04,231,train
20250622_chem_28C_T01_1658_D07_e01,20250622_chem_28C_T01_1658_D07,1,train
20250625_chem02_28C_T02_1332_H07_e01,20250625_chem02_28C_T02_1332_H07,1,train
20250425_D01_e01,20250425_D01,118,train
20260724_hotfish_24hpf_plate01_E01_e02,20260724_hotfish_24hpf_plate01_E01,1,train
20260210_F06_e01,20260210_F06,161,train
20240510_G02_e01,20240510_G02,1,train
20260702_hotchem_30hpf_plate02_C01_e01,20260702_hotchem_30hpf_plate02_C01,1,train
20260219_F02_e03,20260219_F02,177,train
20250305_H04_e02,20250305_H04,322,train
20260418_irx_pilot_G03_e01,20260418_irx_pilot_G03,78,train
20240404_A10_e01,20240404_A10,35,train
20251112_A06_e01,20251112_A06,49,train
20260418_irx_pilot_B06_e01,20260418_irx_pilot_B06,78,train
20230629_B03_e01,20230629_B03,41,train
20250612_30hpf_ctrl_atf6_A06_e01,20250612_30hpf_ctrl_atf6_A06,1,train
20240522_E07_e01,20240522_E07,95,train
20250612_36hpf_wfs1_ctcf_H08_e01,20250612_36hpf_wfs1_ctcf_H08,1,train
20250623_chem_34C_T02_1231_E02_e01,20250623_chem_34C_T02_1231_E02,1,train
20260208_H11_e01,20260208_H11,315,train
20250624_chem02_35C_T01_1711_D10_e01,20250624_chem02_35C_T01_1711_D10,1,train
20241022_F12_e01,20241022_F12,37,train
20250721_chem5_28C_T01_1401_C01_e02,20250721_chem5_28C_T01_1401_C01,1,train
20250716_chem4_35C_T00_1045_A08_e01,20250716_chem4_35C_T00_1045_A08,1,train
20250721_chem5_28C_T00_1257_A11_e01,20250721_chem5_28C_T00_1257_A11,1,train
20260418_irx_pilot_E03_e03,20260418_irx_pilot_E03,78,train
20260331_b9d2_18hpf_plate02_B06_e03,20260331_b9d2_18hpf_plate02_B06,1,train
20240812_G09_e01,20240812_G09,75,train
20230627_E06_e01,20230627_E06,45,train
20260202_C07_e03,20260202_C07,70,train
20260414_b9d2_30hpf_plate02_E02_e01,20260414_b9d2_30hpf_plate02_E02,1,train
20251112_F11_e01,20251112_F11,49,train
20240509_F05_e01,20240509_F05,41,train
20230615_D04_e01,20230615_D04,50,train
20260210_D04_e01,20260210_D04,161,train
20250703_chem3_35C_T01_1437_G05_e01,20250703_chem3_35C_T01_1437_G05,1,train
20260304_H10_e01,20260304_H10,192,train
20260702_hotchem_24hpf_plate02_D11_e02,20260702_hotchem_24hpf_plate02_D11,1,train
20260210_B01_e01,20260210_B01,161,train
20260418_irx_pilot_F04_e02,20260418_irx_pilot_F04,78,train
20250721_chem5_28C_T01_1401_D02_e01,20250721_chem5_28C_T01_1401_D02,1,train
20260219_H06_e01,20260219_H06,177,train
20260702_hotchem_36hpf_plate01_H01_e01,20260702_hotchem_36hpf_plate01_H01,1,train
20260702_hotchem_24hpf_plate01_D08_e01,20260702_hotchem_24hpf_plate01_D08,1,train
20260702_hotchem_30hpf_plate02_F02_e01,20260702_hotchem_30hpf_plate02_F02,1,train
20250623_chem_34C_T02_1231_H05_e01,20250623_chem_34C_T02_1231_H05,1,train
20260219_G09_e01,20260219_G09,176,train
20250425_F02_e01,20250425_F02,118,train
20250622_chem_35C_T00_1223_check_C03_e01,20250622_chem_35C_T00_1223_check_C03,1,train
20240812_E03_e01,20240812_E03,75,train
20250624_chem02_28C_T00_1356_G01_e01,20250624_chem02_28C_T00_1356_G01,1,train
20260213_F04_e01,20260213_F04,139,train
20251020_D01_e01,20251020_D01,57,train
20250623_chem_34C_T02_1231_A07_e01,20250623_chem_34C_T02_1231_A07,1,train
20250612_30hpf_wfs1_ctcf_A03_e01,20250612_30hpf_wfs1_ctcf_A03,1,train
20250622_chem_28C_T00_1425_F03_e02,20250622_chem_28C_T00_1425_F03,1,train
20250703_chem3_34C_T00_1131_G02_e01,20250703_chem3_34C_T00_1131_G02,1,train
20240306_H03_e01,20240306_H03,132,train
20260414_b9d2_14hpf_plate01_D04_e01,20260414_b9d2_14hpf_plate01_D04,1,train
20250703_chem3_35C_T01_1437_D02_e01,20250703_chem3_35C_T01_1437_D02,1,train
20250716_chem4_28C_T01_1400_E03_e01,20250716_chem4_28C_T01_1400_E03,1,train
20260206_F04_e01,20260206_F04,150,train
20250415_C02_e01,20250415_C02,39,train
20251212_G02_e01,20251212_G02,115,train
20260213_B11_e02,20260213_B11,139,train
20240509_18ss_C02_e01,20240509_18ss_C02,1,train
20240530_G12_e01,20240530_G12,81,train
20250126_G06_e01,20250126_G06,71,train
20260416_cep290_30to48hpf_plate01_t02_G10_e01,20260416_cep290_30to48hpf_plate01_t02_G10,1,train
20250624_chem02_28C_T00_1356_B06_e01,20250624_chem02_28C_T00_1356_B06,1,train
20260416_cep290_30to48hpf_plate01_t02_B02_e01,20260416_cep290_30to48hpf_plate01_t02_B02,1,train
20250721_chem5_35C_T00_1023_D10_e01,20250721_chem5_35C_T00_1023_D10,1,train
20260206_H02_e01,20260206_H02,150,train
20260319_B06_e01,20260319_B06,105,train
20250612_30hpf_ctrl_atf6_B04_e01,20250612_30hpf_ctrl_atf6_B04,1,train
20260324_cep290_24hpf_plate02_D08_e01,20260324_cep290_24hpf_plate02_D08,1,train
20250612_24hpf_wfs1_ctcf_C08_e01,20250612_24hpf_wfs1_ctcf_C08,1,train
20260319_cilia_crispant_30hpf_A02_e01,20260319_cilia_crispant_30hpf_A02,1,train
20260210_F02_e01,20260210_F02,161,train
20250612_24hpf_ctrl_atf6_G01_e01,20250612_24hpf_ctrl_atf6_G01,1,train
20260724_hotfish_30hpf_plate02_D02_e01,20260724_hotfish_30hpf_plate02_D02,1,train
20250612_36hpf_wfs1_ctcf_C02_e02,20250612_36hpf_wfs1_ctcf_C02,1,train
20250624_chem02_34C_T00_1243_F11_e01,20250624_chem02_34C_T00_1243_F11,1,train
20251205_F10_e01,20251205_F10,115,train
20260415_b9d2_30to48hpf_plate01_t02_E02_e01,20260415_b9d2_30to48hpf_plate01_t02_E02,1,train
20260213_B12_e02,20260213_B12,139,train
20260418_irx_pilot_F08_e04,20260418_irx_pilot_F08,78,train
20241022_D08_e02,20241022_D08,37,train
20260724_hotfish_36hpf_plate01_F11_e01,20260724_hotfish_36hpf_plate01_F11,1,train
20250625_chem02_35C_T02_1228_B03_e01,20250625_chem02_35C_T02_1228_B03,1,train
20250703_chem3_35C_T00_1101_B06_e01,20250703_chem3_35C_T00_1101_B06,1,train
20240418_E08_e04,20240418_E08,46,train
20260319_cilia_crispant_18hpf_E12_e01,20260319_cilia_crispant_18hpf_E12,1,train
20260202_A04_e04,20260202_A04,71,train
20250612_36hpf_wfs1_ctcf_F12_e01,20250612_36hpf_wfs1_ctcf_F12,1,train
20240530_C03_e01,20240530_C03,81,train
20260702_hotchem_24hpf_plate01_A11_e01,20260702_hotchem_24hpf_plate01_A11,1,train
20250512_A04_e01,20250512_A04,195,train
20250625_chem02_28C_T02_1332_B05_e01,20250625_chem02_28C_T02_1332_B05,1,train
20260228_H10_e01,20260228_H10,151,train
20260324_cep290_24hpf_plate02_H05_e01,20260324_cep290_24hpf_plate02_H05,1,train
20230613_D12_e01,20230613_D12,66,train
20250716_chem4_28C_T00_1158_F02_e01,20250716_chem4_28C_T00_1158_F02,1,train
20260304_A11_e02,20260304_A11,192,train
20231110_F03_e02,20231110_F03,64,train
20260202_A11_e03,20260202_A11,71,train
20240509_G10_e01,20240509_G10,41,train
20260213_E04_e02,20260213_E04,139,train
20260324_cep290_24hpf_plate01_F08_e01,20260324_cep290_24hpf_plate01_F08,1,train
20251112_C06_e01,20251112_C06,49,train
20260324_cep290_24hpf_plate01_C12_e01,20260324_cep290_24hpf_plate01_C12,1,train
20260417_irx_pilot_E09_e01,20260417_irx_pilot_E09,27,train
20260724_hotfish_30hpf_plate02_E04_e01,20260724_hotfish_30hpf_plate02_E04,1,train
20260724_hotfish_30hpf_plate01_F07_e01,20260724_hotfish_30hpf_plate01_F07,1,train
20260702_hotchem_24hpf_plate01_D09_e01,20260702_hotchem_24hpf_plate01_D09,1,train
20250612_30hpf_wfs1_ctcf_D02_e01,20250612_30hpf_wfs1_ctcf_D02,1,train
20260724_hotfish_36hpf_plate01_H05_e01,20260724_hotfish_36hpf_plate01_H05,1,train
20240411_D02_e01,20240411_D02,48,train
20250624_chem02_35C_T00_1216_B12_e01,20250624_chem02_35C_T00_1216_B12,1,train
20240418_D09_e01,20240418_D09,46,train
20240522_G01_e01,20240522_G01,95,train
20231206_F09_e01,20231206_F09,59,train
20260206_F09_e01,20260206_F09,150,train
20250501_H09_e01,20250501_H09,176,train
20260415_b9d2_30to48hpf_plate01_t02_D11_e01,20260415_b9d2_30to48hpf_plate01_t02_D11,1,train
20260702_hotchem_30hpf_plate02_D01_e01,20260702_hotchem_30hpf_plate02_D01,1,train
20251112_B10_e02,20251112_B10,30,train
20251017_part1_C03_e01,20251017_part1_C03,65,train
20250501_E03_e01,20250501_E03,176,train
20251112_G09_e01,20251112_G09,49,train
20231218_G01_e01,20231218_G01,34,train
20260724_hotfish_24hpf_plate02_D01_e01,20260724_hotfish_24hpf_plate02_D01,1,train
20250721_chem5_35C_T00_1023_F05_e02,20250721_chem5_35C_T00_1023_F05,1,train
20250721_chem5_28C_T01_1401_D04_e01,20250721_chem5_28C_T01_1401_D04,1,train
20260210_A04_e02,20260210_A04,161,train
20260416_cep290_30to48hpf_plate01_t02_B11_e01,20260416_cep290_30to48hpf_plate01_t02_B11,1,train
20230831_G03_e01,20230831_G03,1,train
20241023_F04_e01,20241023_F04,43,train
20240404_C05_e02,20240404_C05,35,train
20250512_G12_e01,20250512_G12,195,train
20240418_C04_e01,20240418_C04,46,train
20260414_b9d2_30hpf_plate01_A04_e01,20260414_b9d2_30hpf_plate01_A04,1,train
20260417_irx_pilot_C02_e02,20260417_irx_pilot_C02,27,train
20260228_B08_e01,20260228_B08,151,train
20250624_chem02_28C_T01_1808_C10_e01,20250624_chem02_28C_T01_1808_C10,1,train
20250703_chem3_35C_T00_1101_G05_e01,20250703_chem3_35C_T00_1101_G05,1,train
20250624_chem02_28C_T00_1356_E01_e01,20250624_chem02_28C_T00_1356_E01,1,train
20260724_hotfish_30hpf_plate01_D07_e01,20260724_hotfish_30hpf_plate01_D07,1,train
20231206_F05_e01,20231206_F05,59,train
20250519_F03_e01,20250519_F03,51,train
20250624_chem02_28C_T01_1808_H04_e01,20250624_chem02_28C_T01_1808_H04,1,train
20260702_hotchem_30hpf_plate02_A07_e01,20260702_hotchem_30hpf_plate02_A07,1,train
20260206_E06_e01,20260206_E06,150,train
20260324_cep290_24hpf_plate02_A03_e01,20260324_cep290_24hpf_plate02_A03,1,train
20250721_chem5_28C_T00_1257_E04_e01,20250721_chem5_28C_T00_1257_E04,1,train
20260210_G11_e01,20260210_G11,161,train
20240626_D12_e01,20240626_D12,112,train
20260724_hotfish_24hpf_plate01_A09_e01,20260724_hotfish_24hpf_plate01_A09,1,train
20260702_hotchem_24hpf_plate02_C05_e01,20260702_hotchem_24hpf_plate02_C05,1,train
20240717_F06_e02,20240717_F06,1,train
20260414_b9d2_14hpf_plate01_C05_e01,20260414_b9d2_14hpf_plate01_C05,1,train
20230602_C11_e02,20230602_C11,43,train
20231110_A05_e01,20231110_A05,64,train
20250622_chem_28C_T00_1425_G03_e01,20250622_chem_28C_T00_1425_G03,1,train
20250625_chem02_28C_T02_1332_C06_e01,20250625_chem02_28C_T02_1332_C06,1,train
20250622_chem_34C_T00_1256_E03_e01,20250622_chem_34C_T00_1256_E03,1,train
20260304_B02_e01,20260304_B02,192,train
20240418_F12_e03,20240418_F12,46,train
20250625_chem02_28C_T02_1332_G04_e01,20250625_chem02_28C_T02_1332_G04,1,train
20260306_D08_e02,20260306_D08,186,train
20251020_C02_e01,20251020_C02,57,train
20260319_C04_e02,20260319_C04,105,train
20260319_cilia_crispant_30hpf_A12_e02,20260319_cilia_crispant_30hpf_A12,1,train
20240530_H01_e01,20240530_H01,81,train
20260416_cep290_30to48hpf_plate01_t02_D12_e01,20260416_cep290_30to48hpf_plate01_t02_D12,1,train
20250515_part2_E04_e02,20250515_part2_E04,27,train
20250721_chem5_28C_T00_1257_A05_e01,20250721_chem5_28C_T00_1257_A05,1,train
20240530_H06_e01,20240530_H06,81,train
20260210_F05_e02,20260210_F05,161,train
20260702_hotchem_24hpf_plate01_A03_e01,20260702_hotchem_24hpf_plate01_A03,1,train
20250721_chem5_28C_T00_1257_A08_e01,20250721_chem5_28C_T00_1257_A08,1,train
20250612_24hpf_ctrl_atf6_D11_e01,20250612_24hpf_ctrl_atf6_D11,1,train
20250612_36hpf_ctrl_atf6_H01_e01,20250612_36hpf_ctrl_atf6_H01,1,train
20250501_D04_e02,20250501_D04,176,train
20240522_F11_e01,20240522_F11,95,train
20260324_cep290_24hpf_plate02_F11_e01,20260324_cep290_24hpf_plate02_F11,1,train
20260418_irx_pilot_C04_e01,20260418_irx_pilot_C04,78,train
20250721_chem5_28C_T01_1401_C10_e01,20250721_chem5_28C_T01_1401_C10,1,train
20260219_G01_e02,20260219_G01,177,train
20250622_chem_28C_T01_1658_C06_e01,20250622_chem_28C_T01_1658_C06,1,train
20240813_24hpf_H02_e01,20240813_24hpf_H02,1,train
20231206_A06_e01,20231206_A06,59,train
20260724_hotfish_36hpf_plate02_F03_e02,20260724_hotfish_36hpf_plate02_F03,1,train
20260210_G04_e01,20260210_G04,161,train
20260319_cilia_crispant_30hpf_F11_e01,20260319_cilia_crispant_30hpf_F11,1,train
20260415_cep290_18hpf_plate03_G05_e01,20260415_cep290_18hpf_plate03_G05,1,train
20240418_G05_e01,20240418_G05,46,train
20250624_chem02_35C_T01_1711_B11_e01,20250624_chem02_35C_T01_1711_B11,1,train
20240522_A02_e01,20240522_A02,95,train
20250501_F04_e02,20250501_F04,176,train
20230629_C08_e02,20230629_C08,41,train
20260319_cilia_crispant_18hpf_B09_e01,20260319_cilia_crispant_18hpf_B09,1,train
20260122_F11_e02,20260122_F11,104,train
20251121_C08_e02,20251121_C08,9,train
20240812_G11_e02,20240812_G11,75,train
20250515_part2_H09_e02,20250515_part2_H09,27,train
20260213_H01_e02,20260213_H01,139,train
20250512_F09_e01,20250512_F09,195,train
20230531_B10_e01,20230531_B10,66,train
20240725_G05_e01,20240725_G05,1,train
20240626_F11_e01,20240626_F11,112,train
20260702_hotchem_36hpf_plate01_G01_e01,20260702_hotchem_36hpf_plate01_G01,1,train
20250612_36hpf_wfs1_ctcf_B03_e01,20250612_36hpf_wfs1_ctcf_B03,1,train
20250624_chem02_28C_T01_1808_G01_e01,20250624_chem02_28C_T01_1808_G01,1,train
20260415_cep290_18hpf_plate03_C01_e01,20260415_cep290_18hpf_plate03_C01,1,train
20260415_b9d2_30to48hpf_plate01_t02_B08_e02,20260415_b9d2_30to48hpf_plate01_t02_B08,1,train
20260202_G10_e03,20260202_G10,71,train
20260213_H05_e03,20260213_H05,139,train
20250126_D10_e01,20250126_D10,71,train
20250721_chem5_28C_T01_1401_D10_e01,20250721_chem5_28C_T01_1401_D10,1,train
20250612_36hpf_ctrl_atf6_G08_e01,20250612_36hpf_ctrl_atf6_G08,1,train
20250612_30hpf_wfs1_ctcf_B09_e01,20250612_30hpf_wfs1_ctcf_B09,1,train
20250624_chem02_35C_T00_1216_C08_e01,20250624_chem02_35C_T00_1216_C08,1,train
20230602_A11_e02,20230602_A11,98,train
20240404_G06_e01,20240404_G06,35,train
20230627_C09_e01,20230627_C09,45,train
20240522_B04_e01,20240522_B04,95,train
20250716_chem4_35C_T00_1045_G07_e01,20250716_chem4_35C_T00_1045_G07,1,train
20250622_chem_28C_T00_1425_H06_e01,20250622_chem_28C_T00_1425_H06,1,train
20260702_hotchem_30hpf_plate02_F08_e01,20260702_hotchem_30hpf_plate02_F08,1,train
20260202_E02_e02,20260202_E02,71,train
20260319_cilia_crispant_24hpf_C01_e01,20260319_cilia_crispant_24hpf_C01,1,train
20250623_chem_34C_T02_1231_C06_e01,20250623_chem_34C_T02_1231_C06,1,train
20250624_chem02_34C_T01_1739_A11_e01,20250624_chem02_34C_T01_1739_A11,1,train
20250515_part2_B08_e01,20250515_part2_B08,27,train
20250519_C09_e01,20250519_C09,51,train
20240522_E09_e01,20240522_E09,95,train
20250912_C05_e01,20250912_C05,113,train
20260415_cep290_30to48hpf_plate02_t01_F05_e01,20260415_cep290_30to48hpf_plate02_t01_F05,1,train
20260122_B03_e05,20260122_B03,81,train
20260331_b9d2_18hpf_plate02_G05_e01,20260331_b9d2_18hpf_plate02_G05,1,train
20260202_F08_e03,20260202_F08,71,train
20250215_G10_e01,20250215_G10,78,train
20260202_E02_e01,20260202_E02,71,train
20260702_hotchem_36hpf_plate01_D05_e01,20260702_hotchem_36hpf_plate01_D05,1,train
20250612_36hpf_ctrl_atf6_H08_e01,20250612_36hpf_ctrl_atf6_H08,1,train
20250624_chem02_28C_T01_1808_G05_e01,20250624_chem02_28C_T01_1808_G05,1,train
20250415_H05_e01,20250415_H05,39,train
20260202_G05_e03,20260202_G05,71,train
20260202_F09_e02,20260202_F09,71,train
20251205_B12_e01,20251205_B12,115,train
20260219_E09_e02,20260219_E09,177,train
20250703_chem3_34C_T01_1457_A04_e01,20250703_chem3_34C_T01_1457_A04,1,train
20230831_A01_e01,20230831_A01,1,train
20250215_A03_e01,20250215_A03,78,train
20260202_H10_e02,20260202_H10,71,train
20260213_G09_e02,20260213_G09,139,train
20260208_F07_e01,20260208_F07,321,train
20251112_B04_e02,20251112_B04,18,train
20250512_E06_e01,20250512_E06,195,train
20250716_chem4_28C_T01_1400_D10_e01,20250716_chem4_28C_T01_1400_D10,1,train
20250721_chem5_28C_T01_1401_H11_e01,20250721_chem5_28C_T01_1401_H11,1,train
20240724_B02_e01,20240724_B02,1,train
20260206_G07_e01,20260206_G07,150,train
20241022_E05_e01,20241022_E05,37,train
20250703_chem3_34C_T01_1457_G02_e01,20250703_chem3_34C_T01_1457_G02,1,train
20251017_part1_B10_e02,20251017_part1_B10,65,train
20260416_cep290_30to48hpf_plate02_t02_D01_e02,20260416_cep290_30to48hpf_plate02_t02_D01,1,train
20250622_chem_34C_T00_1256_F08_e01,20250622_chem_34C_T00_1256_F08,1,train
20250622_chem_34C_T01_1632_A02_e01,20250622_chem_34C_T01_1632_A02,1,train
20240404_H12_e01,20240404_H12,35,train
20250215_C02_e01,20250215_C02,78,train
20250716_chem4_28C_T00_1158_D09_e01,20250716_chem4_28C_T00_1158_D09,1,train
20251119_A04_e01,20251119_A04,348,train
20260202_C12_e02,20260202_C12,71,train
20260228_F01_e01,20260228_F01,151,train
20250624_chem02_28C_T00_1356_E02_e02,20250624_chem02_28C_T00_1356_E02,1,train
20260219_A12_e01,20260219_A12,177,train
20240726_D05_e01,20240726_D05,1,train
20240307_H02_e01,20240307_H02,44,train
20240307_F06_e01,20240307_F06,44,train
20240307_A11_e01,20240307_A11,44,train
20250612_30hpf_wfs1_ctcf_C10_e01,20250612_30hpf_wfs1_ctcf_C10,1,train
20240306_C02_e01,20240306_C02,132,train
20250622_chem_28C_T00_1425_G02_e01,20250622_chem_28C_T00_1425_G02,1,train
20260724_hotfish_30hpf_plate01_E04_e01,20260724_hotfish_30hpf_plate01_E04,1,train
20260324_cep290_24hpf_plate02_E04_e01,20260324_cep290_24hpf_plate02_E04,1,train
20260702_hotchem_30hpf_plate01_F12_e01,20260702_hotchem_30hpf_plate01_F12,1,train
20250612_30hpf_wfs1_ctcf_C02_e01,20250612_30hpf_wfs1_ctcf_C02,1,train
20250126_F07_e01,20250126_F07,71,train
20260702_hotchem_30hpf_plate01_E02_e03,20260702_hotchem_30hpf_plate01_E02,1,train
20241023_H07_e01,20241023_H07,43,train
20240411_A11_e01,20240411_A11,48,train
20260415_b9d2_30to48hpf_plate02_t02_D01_e01,20260415_b9d2_30to48hpf_plate02_t02_D01,1,train
20250703_chem3_35C_T01_1437_G02_e01,20250703_chem3_35C_T01_1437_G02,1,train
20251205_H03_e01,20251205_H03,115,train
20250625_chem02_28C_T02_1332_C05_e01,20250625_chem02_28C_T02_1332_C05,1,train
20231218_D10_e01,20231218_D10,34,train
20250912_H01_e04,20250912_H01,113,train
20250612_30hpf_ctrl_atf6_B08_e01,20250612_30hpf_ctrl_atf6_B08,1,train
20240726_A05_e01,20240726_A05,1,train
20260414_b9d2_14hpf_plate01_G08_e01,20260414_b9d2_14hpf_plate01_G08,1,train
20260418_irx_pilot_F05_e02,20260418_irx_pilot_F05,78,train
20251017_part1_G07_e01,20251017_part1_G07,65,train
20241022_F06_e01,20241022_F06,37,train
20260724_hotfish_30hpf_plate02_F04_e01,20260724_hotfish_30hpf_plate02_F04,1,train
20230627_A03_e02,20230627_A03,36,train
20230831_B08_e01,20230831_B08,1,train
20240522_F09_e01,20240522_F09,95,train
20240509_B09_e01,20240509_B09,41,train
20250612_24hpf_wfs1_ctcf_F12_e01,20250612_24hpf_wfs1_ctcf_F12,1,train
20260206_E10_e01,20260206_E10,150,train
20260415_cep290_18hpf_plate03_G02_e02,20260415_cep290_18hpf_plate03_G02,1,train
20250126_H06_e01,20250126_H06,71,train
20250624_chem02_34C_T00_1243_B10_e01,20250624_chem02_34C_T00_1243_B10,1,train
20241023_E04_e01,20241023_E04,43,train
20250215_D11_e01,20250215_D11,78,train
20250912_G11_e02,20250912_G11,113,train
20250624_chem02_34C_T00_1243_F10_e01,20250624_chem02_34C_T00_1243_F10,1,train
20250126_H08_e01,20250126_H08,71,train
20230620_A10_e02,20230620_A10,89,train
20250612_36hpf_ctrl_atf6_B12_e01,20250612_36hpf_ctrl_atf6_B12,1,train
20250624_chem02_28C_T00_1356_A12_e01,20250624_chem02_28C_T00_1356_A12,1,train
20250703_chem3_34C_T01_1457_E04_e01,20250703_chem3_34C_T01_1457_E04,1,train
20240724_F04_e01,20240724_F04,1,train
20250622_chem_35C_T01_1605_E01_e01,20250622_chem_35C_T01_1605_E01,1,train
20260306_C11_e01,20260306_C11,1,train
20260724_hotfish_24hpf_plate01_E04_e01,20260724_hotfish_24hpf_plate01_E04,1,train
20260219_G06_e01,20260219_G06,177,train
20250612_24hpf_ctrl_atf6_B10_e01,20250612_24hpf_ctrl_atf6_B10,1,train
20250721_chem5_28C_T00_1257_H11_e01,20250721_chem5_28C_T00_1257_H11,1,train
20260324_cep290_30hpf_plate01_G06_e01,20260324_cep290_30hpf_plate01_G06,1,train
20251112_B09_e01,20251112_B09,49,train
20240522_B10_e01,20240522_B10,95,train
20240418_C06_e02,20240418_C06,46,train
20260702_hotchem_30hpf_plate01_E05_e01,20260702_hotchem_30hpf_plate01_E05,1,train
20260306_H09_e01,20260306_H09,184,train
20260702_hotchem_24hpf_plate01_C10_e01,20260702_hotchem_24hpf_plate01_C10,1,train
20260306_E01_e02,20260306_E01,186,train
20260724_hotfish_24hpf_plate01_D09_e01,20260724_hotfish_24hpf_plate01_D09,1,train
20251207_pbx_F09_e01,20251207_pbx_F09,132,train
20260414_b9d2_30hpf_plate01_H06_e01,20260414_b9d2_30hpf_plate01_H06,1,train
20250912_H08_e01,20250912_H08,113,train
20230831_C01_e01,20230831_C01,1,train
20260331_b9d2_18hpf_plate02_C05_e02,20260331_b9d2_18hpf_plate02_C05,1,train
20240626_G03_e01,20240626_G03,112,train
20240510_H05_e01,20240510_H05,1,train
20230620_C07_e02,20230620_C07,88,train
20250415_A11_e01,20250415_A11,39,train
20250716_chem4_35C_T00_1045_H01_e01,20250716_chem4_35C_T00_1045_H01,1,train
20251205_B11_e01,20251205_B11,115,train
20250716_chem4_35C_T00_1045_H10_e01,20250716_chem4_35C_T00_1045_H10,1,train
20260415_cep290_30to48hpf_plate02_t01_A04_e01,20260415_cep290_30to48hpf_plate02_t01_A04,1,train
20260324_cep290_30hpf_plate01_C09_e01,20260324_cep290_30hpf_plate01_C09,1,train
20260319_cilia_crispant_30hpf_E10_e01,20260319_cilia_crispant_30hpf_E10,1,train
20260724_hotfish_24hpf_plate01_H01_e01,20260724_hotfish_24hpf_plate01_H01,1,train
20241022_D07_e01,20241022_D07,37,train
20250624_chem02_35C_T01_1711_B03_e01,20250624_chem02_35C_T01_1711_B03,1,train
20250612_24hpf_ctrl_atf6_D09_e01,20250612_24hpf_ctrl_atf6_D09,1,train
20260416_cep290_30to48hpf_plate01_t02_B09_e01,20260416_cep290_30to48hpf_plate01_t02_B09,1,train
20251207_pbx_G10_e01,20251207_pbx_G10,132,train
20251212_F06_e01,20251212_F06,115,train
20230531_A04_e01,20230531_A04,66,train
20240411_H06_e01,20240411_H06,48,train
20260415_b9d2_30to48hpf_plate01_t02_E05_e03,20260415_b9d2_30to48hpf_plate01_t02_E05,1,train
20250624_chem02_35C_T01_1711_F12_e03,20250624_chem02_35C_T01_1711_F12,1,train
20260724_hotfish_36hpf_plate02_C03_e01,20260724_hotfish_36hpf_plate02_C03,1,train
20260418_irx_pilot_A05_e01,20260418_irx_pilot_A05,78,train
20230629_E09_e02,20230629_E09,41,train
20250622_chem_28C_T01_1658_E09_e02,20250622_chem_28C_T01_1658_E09,1,train
20250622_chem_28C_T01_1658_E08_e01,20250622_chem_28C_T01_1658_E08,1,train
20240418_B07_e01,20240418_B07,46,train
20260324_cep290_24hpf_plate01_G11_e01,20260324_cep290_24hpf_plate01_G11,1,train
20260324_cep290_24hpf_plate02_D03_e01,20260324_cep290_24hpf_plate02_D03,1,train
20250625_chem02_34C_T02_1301_C01_e01,20250625_chem02_34C_T02_1301_C01,1,train
20260306_B03_e01,20260306_B03,186,train
20251205_E06_e01,20251205_E06,115,train
20260702_hotchem_30hpf_plate01_B02_e03,20260702_hotchem_30hpf_plate01_B02,1,train
20260702_hotchem_36hpf_plate01_D12_e01,20260702_hotchem_36hpf_plate01_D12,1,train
20250622_chem_34C_T01_1632_G02_e01,20250622_chem_34C_T01_1632_G02,1,train
20250623_chem_34C_T02_1231_B05_e01,20250623_chem_34C_T02_1231_B05,1,train
20240418_A07_e02,20240418_A07,46,train
20260319_cilia_crispant_24hpf_D11_e01,20260319_cilia_crispant_24hpf_D11,1,train
20230531_F04_e01,20230531_F04,66,train
20260414_b9d2_30hpf_plate02_D01_e01,20260414_b9d2_30hpf_plate02_D01,1,train
20250622_chem_34C_T01_1632_F07_e01,20250622_chem_34C_T01_1632_F07,1,train
20240530_C08_e01,20240530_C08,81,train
20240509_F09_e01,20240509_F09,41,train
20250622_chem_28C_T00_1425_F05_e01,20250622_chem_28C_T00_1425_F05,1,train
20250425_B05_e05,20250425_B05,118,train
20260202_D01_e02,20260202_D01,71,train
20250415_G11_e01,20250415_G11,39,train
20250622_chem_28C_T01_1658_A05_e01,20250622_chem_28C_T01_1658_A05,1,train
20250703_chem3_35C_T00_1101_E07_e01,20250703_chem3_35C_T00_1101_E07,1,train
20260702_hotchem_36hpf_plate02_F03_e01,20260702_hotchem_36hpf_plate02_F03,1,train
20231206_A09_e02,20231206_A09,59,train
20250612_24hpf_ctrl_atf6_H05_e01,20250612_24hpf_ctrl_atf6_H05,1,train
20250512_F10_e02,20250512_F10,195,train
20260702_hotchem_24hpf_plate01_D06_e01,20260702_hotchem_24hpf_plate01_D06,1,train
20260202_B05_e03,20260202_B05,71,train
20260202_G04_e02,20260202_G04,71,train
20260219_F01_e02,20260219_F01,177,train
20260418_irx_pilot_H03_e04,20260418_irx_pilot_H03,78,train
20240509_H01_e01,20240509_H01,41,train
20240418_A04_e02,20240418_A04,46,train
20260324_cep290_24hpf_plate01_A10_e01,20260324_cep290_24hpf_plate01_A10,1,train
20250305_A07_e01,20250305_A07,340,train
20250703_chem3_34C_T00_1131_B01_e01,20250703_chem3_34C_T00_1131_B01,1,train
20250612_30hpf_wfs1_ctcf_G02_e01,20250612_30hpf_wfs1_ctcf_G02,1,train
20241022_G05_e01,20241022_G05,37,train
20250622_chem_34C_T01_1632_C02_e02,20250622_chem_34C_T01_1632_C02,1,train
20250612_24hpf_ctrl_atf6_D03_e01,20250612_24hpf_ctrl_atf6_D03,1,train
20240812_B05_e01,20240812_B05,75,train
20250721_chem5_35C_T00_1023_B07_e01,20250721_chem5_35C_T00_1023_B07,1,train
20250425_B03_e01,20250425_B03,118,train
20250425_G07_e01,20250425_G07,118,train
20251112_B02_e06,20251112_B02,49,train
20260415_cep290_18hpf_plate03_A03_e02,20260415_cep290_18hpf_plate03_A03,1,train
20250622_chem_28C_T01_1658_B06_e01,20250622_chem_28C_T01_1658_B06,1,train
20250612_36hpf_ctrl_atf6_G03_e01,20250612_36hpf_ctrl_atf6_G03,1,train
20230620_C04_e02,20230620_C04,88,train
20250622_chem_28C_T00_1425_H01_e01,20250622_chem_28C_T00_1425_H01,1,train
20240813_30hpf_G07_e01,20240813_30hpf_G07,1,train
20260417_irx_pilot_G04_e02,20260417_irx_pilot_G04,27,train
20260418_irx_pilot_F11_e01,20260418_irx_pilot_F11,78,train
20260219_C07_e04,20260219_C07,172,train
20260418_irx_pilot_H03_e03,20260418_irx_pilot_H03,78,train
20260724_hotfish_36hpf_plate01_A06_e01,20260724_hotfish_36hpf_plate01_A06,1,train
20231218_D01_e02,20231218_D01,34,train
20260228_E11_e01,20260228_E11,151,train
20260724_hotfish_24hpf_plate02_F04_e01,20260724_hotfish_24hpf_plate02_F04,1,train
20250625_chem02_35C_T02_1228_A03_e01,20250625_chem02_35C_T02_1228_A03,1,train
20250721_chem5_35C_T00_1023_C03_e01,20250721_chem5_35C_T00_1023_C03,1,train
20260304_G07_e01,20260304_G07,192,train
20260319_cilia_crispant_24hpf_F12_e01,20260319_cilia_crispant_24hpf_F12,1,train
20250624_chem02_35C_T01_1711_D12_e01,20250624_chem02_35C_T01_1711_D12,1,train
20240509_18ss_F02_e01,20240509_18ss_F02,1,train
20240307_A05_e02,20240307_A05,44,train
20240725_B07_e01,20240725_B07,1,train
20251212_D02_e01,20251212_D02,115,train
20250305_E08_e01,20250305_E08,340,train
20250622_chem_35C_T00_1223_check_D05_e01,20250622_chem_35C_T00_1223_check_D05,1,train
20260324_cep290_24hpf_plate02_B12_e01,20260324_cep290_24hpf_plate02_B12,1,train
20260304_D01_e02,20260304_D01,192,train
20250721_chem5_28C_T00_1257_G05_e01,20250721_chem5_28C_T00_1257_G05,1,train
20260228_G09_e01,20260228_G09,151,train
20260702_hotchem_30hpf_plate02_B05_e01,20260702_hotchem_30hpf_plate02_B05,1,train
20260304_D08_e01,20260304_D08,192,train
20260702_hotchem_36hpf_plate01_B07_e01,20260702_hotchem_36hpf_plate01_B07,1,train
20260219_D10_e02,20260219_D10,177,train
20260324_cep290_30hpf_plate02_E07_e01,20260324_cep290_30hpf_plate02_E07,1,train
20230602_E02_e01,20230602_E02,97,train
20250711_F10_e01,20250711_F10,179,train
20250716_chem4_35C_T00_1045_A08_e02,20250716_chem4_35C_T00_1045_A08,1,train
20260206_E12_e01,20260206_E12,150,train
20240812_C05_e01,20240812_C05,75,train
20230831_F05_e01,20230831_F05,1,train
20260122_H10_e04,20260122_H10,104,train
20241022_F01_e01,20241022_F01,37,train
20250612_36hpf_ctrl_atf6_A06_e01,20250612_36hpf_ctrl_atf6_A06,1,train
20260414_b9d2_30hpf_plate01_F09_e01,20260414_b9d2_30hpf_plate01_F09,1,train
20250622_chem_35C_T01_1605_B07_e02,20250622_chem_35C_T01_1605_B07,1,train
20260416_cep290_30to48hpf_plate01_t02_H06_e02,20260416_cep290_30to48hpf_plate01_t02_H06,1,train
20230531_G03_e01,20230531_G03,66,train
20260418_irx_pilot_A11_e02,20260418_irx_pilot_A11,78,train
20250716_chem4_28C_T01_1400_F09_e01,20250716_chem4_28C_T01_1400_F09,1,train
20260724_hotfish_30hpf_plate02_H03_e01,20260724_hotfish_30hpf_plate02_H03,1,train
20240726_G04_e01,20240726_G04,1,train
20250305_G01_e01,20250305_G01,340,train
20231110_G05_e01,20231110_G05,64,train
20260324_cep290_24hpf_plate01_B08_e01,20260324_cep290_24hpf_plate01_B08,1,train
20250721_chem5_28C_T00_1257_D07_e01,20250721_chem5_28C_T00_1257_D07,1,train
20231206_E04_e01,20231206_E04,59,train
20251017_part1_D07_e01,20251017_part1_D07,65,train
20250612_24hpf_ctrl_atf6_G07_e01,20250612_24hpf_ctrl_atf6_G07,1,train
20251207_pbx_C12_e01,20251207_pbx_C12,132,train
20250624_chem02_28C_T00_1356_A08_e01,20250624_chem02_28C_T00_1356_A08,1,train
20250612_36hpf_ctrl_atf6_C07_e01,20250612_36hpf_ctrl_atf6_C07,1,train
20250716_chem4_28C_T01_1400_E07_e01,20250716_chem4_28C_T01_1400_E07,1,train
20260324_cep290_24hpf_plate02_D04_e01,20260324_cep290_24hpf_plate02_D04,1,train
20230622_E06_e01,20230622_E06,43,train
20251121_E04_e02,20251121_E04,173,train
20250305_G11_e01,20250305_G11,340,train
20240404_H02_e01,20240404_H02,35,train
20251112_H08_e05,20251112_H08,49,train
20260414_b9d2_30hpf_plate01_A06_e01,20260414_b9d2_30hpf_plate01_A06,1,train
20231218_C06_e01,20231218_C06,34,train
20260416_cep290_30to48hpf_plate01_t02_E07_e01,20260416_cep290_30to48hpf_plate01_t02_E07,1,train
20260228_F02_e01,20260228_F02,151,train
20250625_chem02_34C_T02_1301_H07_e01,20250625_chem02_34C_T02_1301_H07,1,train
20250703_chem3_34C_T01_1457_C05_e01,20250703_chem3_34C_T01_1457_C05,1,train
20250721_chem5_35C_T00_1023_B10_e01,20250721_chem5_35C_T00_1023_B10,1,train
20240726_E06_e01,20240726_E06,1,train
20240522_H11_e02,20240522_H11,95,train
20260213_G07_e02,20260213_G07,139,train
20240813_30hpf_B06_e01,20240813_30hpf_B06,1,train
20240813_30hpf_E05_e01,20240813_30hpf_E05,1,train
20250622_chem_28C_T00_1425_G07_e01,20250622_chem_28C_T00_1425_G07,1,train
20260418_irx_pilot_D01_e01,20260418_irx_pilot_D01,78,train
20260122_D02_e03,20260122_D02,85,train
20250625_chem02_34C_T02_1301_A10_e01,20250625_chem02_34C_T02_1301_A10,1,train
20240509_A08_e02,20240509_A08,41,train
20240626_H01_e01,20240626_H01,112,train
20251212_C02_e01,20251212_C02,115,train
20250624_chem02_34C_T00_1243_B12_e01,20250624_chem02_34C_T00_1243_B12,1,train
20240813_24hpf_B03_e01,20240813_24hpf_B03,1,train
20250912_A01_e01,20250912_A01,113,train
20231206_G01_e01,20231206_G01,59,train
20250624_chem02_35C_T00_1216_G11_e01,20250624_chem02_35C_T00_1216_G11,1,train
20250703_chem3_28C_T00_1325_F06_e01,20250703_chem3_28C_T00_1325_F06,1,train
20240404_C01_e02,20240404_C01,35,train
20260414_b9d2_14hpf_plate01_E02_e01,20260414_b9d2_14hpf_plate01_E02,1,train
20260702_hotchem_24hpf_plate02_G04_e01,20260702_hotchem_24hpf_plate02_G04,1,train
20250716_chem4_28C_T00_1158_C11_e01,20250716_chem4_28C_T00_1158_C11,1,train
20260228_F07_e01,20260228_F07,151,train
20250425_D04_e01,20250425_D04,118,train
20250622_chem_34C_T00_1256_B04_e01,20250622_chem_34C_T00_1256_B04,1,train
20260702_hotchem_36hpf_plate01_H05_e01,20260702_hotchem_36hpf_plate01_H05,1,train
20250512_G04_e01,20250512_G04,195,train
20240626_C04_e01,20240626_C04,112,train
20250625_chem02_28C_T02_1332_D04_e01,20250625_chem02_28C_T02_1332_D04,1,train
20260319_cilia_crispant_18hpf_D04_e01,20260319_cilia_crispant_18hpf_D04,1,train
20250624_chem02_35C_T01_1711_G07_e01,20250624_chem02_35C_T01_1711_G07,1,train
20251121_F10_e01,20251121_F10,173,train
20240418_C05_e01,20240418_C05,46,train
20250721_chem5_35C_T00_1023_G03_e01,20250721_chem5_35C_T00_1023_G03,1,train
20240530_B11_e02,20240530_B11,81,train
20260206_A11_e01,20260206_A11,150,train
20260416_cep290_30to48hpf_plate02_t02_H02_e01,20260416_cep290_30to48hpf_plate02_t02_H02,1,train
20260415_cep290_30to48hpf_plate02_t01_B07_e01,20260415_cep290_30to48hpf_plate02_t01_B07,1,train
20250623_chem_28C_T02_1259_E03_e01,20250623_chem_28C_T02_1259_E03,1,train
20240812_C04_e01,20240812_C04,75,train
20250625_chem02_34C_T02_1301_F08_e02,20250625_chem02_34C_T02_1301_F08,1,train
20250624_chem02_28C_T01_1808_E10_e01,20250624_chem02_28C_T01_1808_E10,1,train
20240812_D09_e01,20240812_D09,75,train
20260702_hotchem_30hpf_plate01_D03_e01,20260702_hotchem_30hpf_plate01_D03,1,train
20250624_chem02_35C_T00_1216_C02_e02,20250624_chem02_35C_T00_1216_C02,1,train
20250721_chem5_28C_T01_1401_F11_e01,20250721_chem5_28C_T01_1401_F11,1,train
20250622_chem_28C_T01_1658_D12_e01,20250622_chem_28C_T01_1658_D12,1,train
20240509_D06_e01,20240509_D06,41,train
20250716_chem4_28C_T01_1400_H05_e01,20250716_chem4_28C_T01_1400_H05,1,train
20260417_irx_pilot_F12_e01,20260417_irx_pilot_F12,27,train
20231206_B11_e01,20231206_B11,59,train
20250716_chem4_28C_T00_1158_G09_e01,20250716_chem4_28C_T00_1158_G09,1,train
20260219_G12_e01,20260219_G12,177,train
20260416_cep290_30to48hpf_plate01_t02_B03_e01,20260416_cep290_30to48hpf_plate01_t02_B03,1,train
20260206_A09_e01,20260206_A09,150,train
20240307_G01_e01,20240307_G01,44,train
20250716_chem4_28C_T01_1400_C04_e01,20250716_chem4_28C_T01_1400_C04,1,train
20250912_E09_e01,20250912_E09,113,train
20260206_G02_e01,20260206_G02,150,train
20250126_G09_e01,20250126_G09,71,train
20260417_irx_pilot_F04_e01,20260417_irx_pilot_F04,27,train
20260304_H11_e04,20260304_H11,192,train
20260202_B06_e04,20260202_B06,60,train
20260418_irx_pilot_G08_e01,20260418_irx_pilot_G08,78,train
20260306_E07_e01,20260306_E07,186,train
20251020_H04_e01,20251020_H04,57,train
20240724_E05_e01,20240724_E05,1,train
20260417_irx_pilot_G05_e01,20260417_irx_pilot_G05,27,train
20250716_chem4_35C_T00_1045_E08_e01,20250716_chem4_35C_T00_1045_E08,1,train
20230531_C01_e01,20230531_C01,66,train
20250716_chem4_34C_T00_1014_A04_e03,20250716_chem4_34C_T00_1014_A04,1,train
20251017_part1_C03_e05,20251017_part1_C03,65,train
20230627_E10_e01,20230627_E10,45,train
20250622_chem_35C_T00_1223_check_F05_e01,20250622_chem_35C_T00_1223_check_F05,1,train
20260415_cep290_30to48hpf_plate02_t01_B01_e01,20260415_cep290_30to48hpf_plate02_t01_B01,1,train
20260213_B03_e01,20260213_B03,139,train
20251112_A02_e02,20251112_A02,9,train
20250612_36hpf_ctrl_atf6_A11_e01,20250612_36hpf_ctrl_atf6_A11,1,train
20250612_36hpf_wfs1_ctcf_G03_e01,20250612_36hpf_wfs1_ctcf_G03,1,train
20240411_A02_e01,20240411_A02,48,train
20260702_hotchem_36hpf_plate01_F04_e01,20260702_hotchem_36hpf_plate01_F04,1,train
20250625_chem02_28C_T02_1332_E07_e01,20250625_chem02_28C_T02_1332_E07,1,train
20251112_A12_e03,20251112_A12,3,train
20260206_B12_e01,20260206_B12,150,train
20250625_chem02_35C_T02_1228_F02_e01,20250625_chem02_35C_T02_1228_F02,1,train
20240306_B02_e03,20240306_B02,132,train
20240509_H02_e01,20240509_H02,41,train
20251205_E05_e01,20251205_E05,115,train
20260122_D10_e02,20260122_D10,104,train
20260319_G07_e01,20260319_G07,105,train
20250625_chem02_28C_T02_1332_H01_e01,20250625_chem02_28C_T02_1332_H01,1,train
20250721_chem5_28C_T00_1257_A01_e01,20250721_chem5_28C_T00_1257_A01,1,train
20250622_chem_28C_T00_1425_H02_e01,20250622_chem_28C_T00_1425_H02,1,train
20250501_G03_e02,20250501_G03,44,train
20230831_H03_e01,20230831_H03,1,train
20240726_E07_e01,20240726_E07,1,train
20260702_hotchem_36hpf_plate02_D10_e01,20260702_hotchem_36hpf_plate02_D10,1,train
20260208_D09_e01,20260208_D09,321,train
20251207_pbx_C07_e01,20251207_pbx_C07,132,train
20230620_C03_e01,20230620_C03,88,train
20250625_chem02_28C_T02_1332_D12_e01,20250625_chem02_28C_T02_1332_D12,1,train
20260415_b9d2_30to48hpf_plate02_t02_B06_e01,20260415_b9d2_30to48hpf_plate02_t02_B06,1,train
20250624_chem02_35C_T01_1711_F05_e01,20250624_chem02_35C_T01_1711_F05,1,train
20250515_part2_D08_e01,20250515_part2_D08,27,train
20260219_B06_e01,20260219_B06,177,train
20260724_hotfish_30hpf_plate02_C02_e01,20260724_hotfish_30hpf_plate02_C02,1,train
20260416_cep290_30to48hpf_plate02_t02_B06_e01,20260416_cep290_30to48hpf_plate02_t02_B06,1,train
20260202_A04_e02,20260202_A04,71,train
20260210_A05_e01,20260210_A05,161,train
20240306_D03_e01,20240306_D03,132,train
20250624_chem02_28C_T01_1808_F11_e01,20250624_chem02_28C_T01_1808_F11,1,train
20260417_irx_pilot_D07_e01,20260417_irx_pilot_D07,27,train
20260319_cilia_crispant_30hpf_H01_e01,20260319_cilia_crispant_30hpf_H01,1,train
20240718_C10_e01,20240718_C10,1,train
20240411_C08_e01,20240411_C08,48,train
20250624_chem02_35C_T00_1216_D01_e02,20250624_chem02_35C_T00_1216_D01,1,train
20240813_36hpf_F02_e01,20240813_36hpf_F02,1,train
20260319_cilia_crispant_30hpf_B06_e01,20260319_cilia_crispant_30hpf_B06,1,train
20240725_C02_e01,20240725_C02,1,train
20260324_cep290_30hpf_plate02_D08_e01,20260324_cep290_30hpf_plate02_D08,1,train
20260724_hotfish_30hpf_plate01_G10_e01,20260724_hotfish_30hpf_plate01_G10,1,train
20260702_hotchem_30hpf_plate02_B08_e01,20260702_hotchem_30hpf_plate02_B08,1,train
20260304_G11_e03,20260304_G11,191,train
20250612_36hpf_ctrl_atf6_C11_e01,20250612_36hpf_ctrl_atf6_C11,1,train
20250515_part2_F11_e01,20250515_part2_F11,27,train
20240306_E11_e01,20240306_E11,132,train
20250625_chem02_28C_T02_1332_H12_e01,20250625_chem02_28C_T02_1332_H12,1,train
20240717_H08_e01,20240717_H08,1,train
20250622_chem_34C_T00_1256_E04_e01,20250622_chem_34C_T00_1256_E04,1,train
20240509_18ss_B03_e01,20240509_18ss_B03,1,train
20250624_chem02_35C_T00_1216_G08_e01,20250624_chem02_35C_T00_1216_G08,1,train
20260724_hotfish_30hpf_plate01_E09_e01,20260724_hotfish_30hpf_plate01_E09,1,train
20250623_chem_28C_T02_1259_A10_e01,20250623_chem_28C_T02_1259_A10,1,train
20260319_cilia_crispant_24hpf_A02_e01,20260319_cilia_crispant_24hpf_A02,1,train
20251119_C05_e01,20251119_C05,348,train
20260319_cilia_crispant_18hpf_G09_e01,20260319_cilia_crispant_18hpf_G09,1,train
20260228_A01_e01,20260228_A01,151,train
20230615_A01_e01,20230615_A01,50,train
20250623_chem_34C_T02_1231_H06_e01,20250623_chem_34C_T02_1231_H06,1,train
20240725_D01_e02,20240725_D01,1,train
20240626_H03_e01,20240626_H03,112,train
20260213_F03_e01,20260213_F03,139,train
20230602_B03_e01,20230602_B03,98,train
20260202_B11_e03,20260202_B11,71,train
20250501_F03_e02,20250501_F03,176,train
20260304_H09_e07,20260304_H09,192,train
20260724_hotfish_36hpf_plate01_H11_e01,20260724_hotfish_36hpf_plate01_H11,1,train
20250612_30hpf_wfs1_ctcf_D07_e01,20250612_30hpf_wfs1_ctcf_D07,1,train
20240726_A04_e01,20240726_A04,1,train
20241022_H04_e01,20241022_H04,37,train
20241023_F06_e01,20241023_F06,43,train
20250622_chem_34C_T00_1256_C06_e01,20250622_chem_34C_T00_1256_C06,1,train
20230615_D05_e01,20230615_D05,50,train
20260304_D09_e03,20260304_D09,192,train
20240718_C07_e01,20240718_C07,1,train
20250624_chem02_28C_T00_1356_E11_e01,20250624_chem02_28C_T00_1356_E11,1,train
20250716_chem4_34C_T00_1014_G06_e01,20250716_chem4_34C_T00_1014_G06,1,train
20260724_hotfish_30hpf_plate01_C10_e01,20260724_hotfish_30hpf_plate01_C10,1,train
20250501_F11_e01,20250501_F11,176,train
20240418_G04_e03,20240418_G04,46,train
20260319_B04_e01,20260319_B04,105,train
20260319_cilia_crispant_18hpf_B08_e01,20260319_cilia_crispant_18hpf_B08,1,train
20240418_G06_e02,20240418_G06,46,train
20260219_B07_e03,20260219_B07,82,train
20260319_cilia_crispant_24hpf_D03_e01,20260319_cilia_crispant_24hpf_D03,1,train
20250716_chem4_35C_T00_1045_H03_e01,20250716_chem4_35C_T00_1045_H03,1,train
20240418_B09_e02,20240418_B09,46,train
20250515_part2_D04_e01,20250515_part2_D04,27,train
20250622_chem_28C_T01_1658_H06_e01,20250622_chem_28C_T01_1658_H06,1,train
20231218_B04_e02,20231218_B04,34,train
20240813_30hpf_E07_e01,20240813_30hpf_E07,1,train
20240626_B03_e01,20240626_B03,112,train
20260319_cilia_crispant_30hpf_D10_e01,20260319_cilia_crispant_30hpf_D10,1,train
20250721_chem5_35C_T00_1023_B02_e01,20250721_chem5_35C_T00_1023_B02,1,train
20251112_A10_e01,20251112_A10,49,train
20251121_F11_e01,20251121_F11,173,train
20250512_C07_e01,20250512_C07,195,train
20240411_A06_e01,20240411_A06,48,train
20250624_chem02_34C_T01_1739_H02_e01,20250624_chem02_34C_T01_1739_H02,1,train
20250716_chem4_28C_T00_1158_C02_e01,20250716_chem4_28C_T00_1158_C02,1,train
20260202_H03_e03,20260202_H03,71,train
20250612_36hpf_ctrl_atf6_B02_e01,20250612_36hpf_ctrl_atf6_B02,1,train
20251112_A07_e02,20251112_A07,23,train
20231206_G10_e01,20231206_G10,59,train
20251017_part1_E12_e02,20251017_part1_E12,4,train
20260202_E02_e03,20260202_E02,71,train
20260213_D10_e01,20260213_D10,139,train
20250716_chem4_35C_T00_1045_C07_e01,20250716_chem4_35C_T00_1045_C07,1,train
20260324_cep290_30hpf_plate01_G11_e01,20260324_cep290_30hpf_plate01_G11,1,train
20251125_F05_e01,20251125_F05,231,train
20230629_E02_e02,20230629_E02,41,train
20250622_chem_35C_T01_1605_H01_e01,20250622_chem_35C_T01_1605_H01,1,train
20251205_B05_e01,20251205_B05,115,train
20260417_irx_pilot_F01_e01,20260417_irx_pilot_F01,27,train
20260122_D06_e03,20260122_D06,104,train
20251125_B02_e01,20251125_B02,231,train
20250716_chem4_34C_T00_1014_G11_e01,20250716_chem4_34C_T00_1014_G11,1,train
20250703_chem3_34C_T01_1457_B02_e01,20250703_chem3_34C_T01_1457_B02,1,train
20250721_chem5_35C_T00_1023_A07_e01,20250721_chem5_35C_T00_1023_A07,1,train
20250515_part2_C11_e01,20250515_part2_C11,27,train
20260418_irx_pilot_G03_e03,20260418_irx_pilot_G03,78,train
20250703_chem3_34C_T01_1457_G07_e01,20250703_chem3_34C_T01_1457_G07,1,train
20230622_C10_e01,20230622_C10,43,train
20250625_chem02_35C_T02_1228_B11_e01,20250625_chem02_35C_T02_1228_B11,1,train
20230531_A10_e01,20230531_A10,66,train
20260724_hotfish_30hpf_plate01_D03_e01,20260724_hotfish_30hpf_plate01_D03,1,train
20251121_G04_e01,20251121_G04,173,train
20260702_hotchem_36hpf_plate01_F10_e01,20260702_hotchem_36hpf_plate01_F10,1,train
20260228_H02_e01,20260228_H02,151,train
20250711_B04_e01,20250711_B04,179,train
20250612_24hpf_wfs1_ctcf_C11_e01,20250612_24hpf_wfs1_ctcf_C11,1,train
20250501_F06_e01,20250501_F06,176,train
20260122_F12_e05,20260122_F12,101,train
20260306_E11_e01,20260306_E11,186,train
20240725_A06_e01,20240725_A06,1,train
20240509_18ss_E02_e01,20240509_18ss_E02,1,train
20251205_G04_e01,20251205_G04,115,train
20260319_B05_e04,20260319_B05,105,train
20240404_C06_e01,20240404_C06,35,train
20250622_chem_35C_T01_1605_B05_e01,20250622_chem_35C_T01_1605_B05,1,train
20250622_chem_34C_T00_1256_F03_e01,20250622_chem_34C_T00_1256_F03,1,train
20230531_G02_e01,20230531_G02,66,train
20250215_A10_e01,20250215_A10,78,train
20240726_E05_e01,20240726_E05,1,train
20260415_cep290_30to48hpf_plate02_t01_A11_e02,20260415_cep290_30to48hpf_plate02_t01_A11,1,train
20250703_chem3_34C_T00_1131_D05_e01,20250703_chem3_34C_T00_1131_D05,1,train
20250612_24hpf_wfs1_ctcf_E09_e01,20250612_24hpf_wfs1_ctcf_E09,1,train
20260418_irx_pilot_B11_e01,20260418_irx_pilot_B11,78,train
20250612_36hpf_wfs1_ctcf_D08_e01,20250612_36hpf_wfs1_ctcf_D08,1,train
20260324_cep290_30hpf_plate01_H08_e01,20260324_cep290_30hpf_plate01_H08,1,train
20260210_C03_e02,20260210_C03,161,train
20250612_36hpf_ctrl_atf6_H12_e01,20250612_36hpf_ctrl_atf6_H12,1,train
20260122_C12_e03,20260122_C12,104,train
20230615_F07_e01,20230615_F07,50,train
20260415_cep290_18hpf_plate03_F03_e01,20260415_cep290_18hpf_plate03_F03,1,train
20260417_irx_pilot_F04_e02,20260417_irx_pilot_F04,27,train
20250721_chem5_28C_T00_1257_H05_e01,20250721_chem5_28C_T00_1257_H05,1,train
20260228_H03_e02,20260228_H03,151,train
20260418_irx_pilot_E12_e01,20260418_irx_pilot_E12,78,train
20240530_A03_e01,20240530_A03,81,train
20251125_H01_e01,20251125_H01,231,train
20250515_part2_D06_e01,20250515_part2_D06,27,train
20250425_D12_e03,20250425_D12,118,train
20260414_b9d2_30hpf_plate02_E08_e03,20260414_b9d2_30hpf_plate02_E08,1,train
20240813_36hpf_A03_e01,20240813_36hpf_A03,1,train
20251205_A05_e01,20251205_A05,115,train
20250624_chem02_28C_T00_1356_D02_e01,20250624_chem02_28C_T00_1356_D02,1,train
20250519_A05_e01,20250519_A05,51,train
20250501_D01_e01,20250501_D01,176,train
20231206_F12_e01,20231206_F12,59,train
20260702_hotchem_30hpf_plate02_E07_e01,20260702_hotchem_30hpf_plate02_E07,1,train
20250624_chem02_34C_T01_1739_H11_e01,20250624_chem02_34C_T01_1739_H11,1,train
20260414_b9d2_30hpf_plate01_F10_e01,20260414_b9d2_30hpf_plate01_F10,1,train
20240724_B04_e01,20240724_B04,1,train
20260415_b9d2_30to48hpf_plate01_t02_H09_e01,20260415_b9d2_30to48hpf_plate01_t02_H09,1,train
20240307_G01_e02,20240307_G01,44,train
20260702_hotchem_30hpf_plate02_F01_e02,20260702_hotchem_30hpf_plate02_F01,1,train
20260319_cilia_crispant_24hpf_D03_e02,20260319_cilia_crispant_24hpf_D03,1,train
20260202_H06_e01,20260202_H06,71,train
20240718_H05_e01,20240718_H05,1,train
20260324_cep290_24hpf_plate01_A09_e02,20260324_cep290_24hpf_plate01_A09,1,train
20250721_chem5_35C_T00_1023_D11_e01,20250721_chem5_35C_T00_1023_D11,1,train
20260414_b9d2_14hpf_plate01_B04_e01,20260414_b9d2_14hpf_plate01_B04,1,train
20260319_cilia_crispant_30hpf_C10_e01,20260319_cilia_crispant_30hpf_C10,1,train
20251112_A12_e01,20251112_A12,49,train
20250622_chem_34C_T00_1256_C11_e02,20250622_chem_34C_T00_1256_C11,1,train
20251205_H01_e01,20251205_H01,115,train
20260331_b9d2_18hpf_plate02_A04_e01,20260331_b9d2_18hpf_plate02_A04,1,train
20250625_chem02_34C_T02_1301_C04_e01,20250625_chem02_34C_T02_1301_C04,1,train
20260306_D09_e01,20260306_D09,186,train
20250612_36hpf_ctrl_atf6_H09_e01,20250612_36hpf_ctrl_atf6_H09,1,train
20240418_D11_e03,20240418_D11,46,train
20260324_cep290_30hpf_plate01_B01_e01,20260324_cep290_30hpf_plate01_B01,1,train
20240509_24hpf_B07_e01,20240509_24hpf_B07,1,train
20260324_cep290_24hpf_plate02_G10_e01,20260324_cep290_24hpf_plate02_G10,1,train
20250415_A07_e01,20250415_A07,39,train
20260202_H05_e04,20260202_H05,71,train
20260228_B11_e01,20260228_B11,151,train
20251121_H03_e01,20251121_H03,148,train
20240530_B04_e02,20240530_B04,81,train
20250415_F07_e01,20250415_F07,39,train
20230531_A05_e01,20230531_A05,63,train
20260324_cep290_24hpf_plate01_B09_e01,20260324_cep290_24hpf_plate01_B09,1,train
20260319_F08_e02,20260319_F08,105,train
20251212_G11_e01,20251212_G11,115,train
20240726_C01_e01,20240726_C01,1,train
20250515_part2_F05_e01,20250515_part2_F05,27,train
20260415_cep290_30to48hpf_plate02_t01_C11_e01,20260415_cep290_30to48hpf_plate02_t01_C11,1,train
20230831_D03_e01,20230831_D03,1,train
20251207_pbx_H12_e01,20251207_pbx_H12,132,train
20250126_D03_e02,20250126_D03,71,train
20260702_hotchem_30hpf_plate01_E05_e02,20260702_hotchem_30hpf_plate01_E05,1,train
20260306_C12_e03,20260306_C12,184,train
20260414_b9d2_30hpf_plate01_H08_e01,20260414_b9d2_30hpf_plate01_H08,1,train
20260702_hotchem_30hpf_plate01_A01_e01,20260702_hotchem_30hpf_plate01_A01,1,train
20260228_E12_e01,20260228_E12,151,train
20240530_E04_e01,20240530_E04,81,train
20230615_C12_e01,20230615_C12,50,train
20251112_E02_e01,20251112_E02,49,train
20250624_chem02_28C_T01_1808_E08_e02,20250624_chem02_28C_T01_1808_E08,1,train
20250703_chem3_35C_T00_1101_H01_e01,20250703_chem3_35C_T00_1101_H01,1,train
20250624_chem02_35C_T00_1216_G01_e01,20250624_chem02_35C_T00_1216_G01,1,train
20251125_D02_e01,20251125_D02,35,train
20251121_G07_e01,20251121_G07,172,train
20241023_E11_e01,20241023_E11,43,train
20251112_E04_e01,20251112_E04,49,train
20240307_F06_e02,20240307_F06,44,train
20251121_G10_e02,20251121_G10,151,train
20260702_hotchem_30hpf_plate01_G04_e01,20260702_hotchem_30hpf_plate01_G04,1,train
20260324_cep290_30hpf_plate02_H07_e01,20260324_cep290_30hpf_plate02_H07,1,train
20230602_G01_e01,20230602_G01,97,train
20251017_part1_D09_e01,20251017_part1_D09,65,train
20240813_24hpf_E07_e01,20240813_24hpf_E07,1,train
20260418_irx_pilot_D05_e03,20260418_irx_pilot_D05,78,train
20260414_b9d2_30hpf_plate01_E06_e01,20260414_b9d2_30hpf_plate01_E06,1,train
20250623_chem_34C_T02_1231_B06_e01,20250623_chem_34C_T02_1231_B06,1,train
20230602_C03_e01,20230602_C03,98,train
20260324_cep290_24hpf_plate01_B01_e01,20260324_cep290_24hpf_plate01_B01,1,train
20260415_cep290_18hpf_plate03_C06_e01,20260415_cep290_18hpf_plate03_C06,1,train
20260331_b9d2_18hpf_plate02_B04_e01,20260331_b9d2_18hpf_plate02_B04,1,train
20250612_30hpf_ctrl_atf6_D04_e01,20250612_30hpf_ctrl_atf6_D04,1,train
20231110_D07_e02,20231110_D07,64,train
20240411_E04_e01,20240411_E04,48,train
20250215_H07_e01,20250215_H07,78,train
20260324_cep290_24hpf_plate01_H02_e01,20260324_cep290_24hpf_plate01_H02,1,train
20240404_B10_e01,20240404_B10,35,train
20250703_chem3_34C_T00_1131_E02_e01,20250703_chem3_34C_T00_1131_E02,1,train
20250425_H10_e03,20250425_H10,118,train
20250703_chem3_35C_T01_1437_F01_e01,20250703_chem3_35C_T01_1437_F01,1,train
20260414_b9d2_30hpf_plate02_A01_e01,20260414_b9d2_30hpf_plate02_A01,1,train
20250612_24hpf_ctrl_atf6_E03_e01,20250612_24hpf_ctrl_atf6_E03,1,train
20250501_D12_e01,20250501_D12,176,train
20260417_irx_pilot_A05_e01,20260417_irx_pilot_A05,27,train
20260228_C07_e01,20260228_C07,151,train
20240718_D11_e01,20240718_D11,1,train
20250624_chem02_34C_T01_1739_H01_e01,20250624_chem02_34C_T01_1739_H01,1,train
20260702_hotchem_30hpf_plate02_E09_e01,20260702_hotchem_30hpf_plate02_E09,1,train
20230531_C04_e01,20230531_C04,66,train
20260702_hotchem_36hpf_plate02_B01_e01,20260702_hotchem_36hpf_plate02_B01,1,train
20251017_part1_H03_e01,20251017_part1_H03,65,train
20260414_b9d2_30hpf_plate01_H07_e02,20260414_b9d2_30hpf_plate01_H07,1,train
20250623_chem_34C_T02_1231_A10_e01,20250623_chem_34C_T02_1231_A10,1,train
20250622_chem_28C_T01_1658_C05_e01,20250622_chem_28C_T01_1658_C05,1,train
20250623_chem_34C_T02_1231_E10_e01,20250623_chem_34C_T02_1231_E10,1,train
20240418_B04_e03,20240418_B04,46,train
20260416_cep290_30to48hpf_plate01_t02_D01_e01,20260416_cep290_30to48hpf_plate01_t02_D01,1,train
20250622_chem_34C_T00_1256_F02_e01,20250622_chem_34C_T00_1256_F02,1,train
20251017_part1_E11_e01,20251017_part1_E11,65,train
20250612_24hpf_wfs1_ctcf_B01_e01,20250612_24hpf_wfs1_ctcf_B01,1,train
20251017_part2_C09_e02,20251017_part2_C09,63,train
20260702_hotchem_30hpf_plate01_D12_e01,20260702_hotchem_30hpf_plate01_D12,1,train
20250501_F10_e02,20250501_F10,176,train
20240522_A03_e01,20240522_A03,95,train
20240307_D02_e02,20240307_D02,44,train
20260324_cep290_30hpf_plate02_G04_e01,20260324_cep290_30hpf_plate02_G04,1,train
20231218_A01_e02,20231218_A01,34,train
20240717_F08_e01,20240717_F08,1,train
20260122_H12_e01,20260122_H12,104,train
20250515_part2_H04_e01,20250515_part2_H04,27,train
20250612_24hpf_wfs1_ctcf_F09_e01,20250612_24hpf_wfs1_ctcf_F09,1,train
20241023_A07_e01,20241023_A07,43,train
20260702_hotchem_24hpf_plate01_A01_e01,20260702_hotchem_24hpf_plate01_A01,1,train
20240418_E01_e01,20240418_E01,46,train
20251020_C01_e01,20251020_C01,57,train
20260324_cep290_30hpf_plate01_G01_e01,20260324_cep290_30hpf_plate01_G01,1,train
20260331_b9d2_18hpf_plate02_D04_e01,20260331_b9d2_18hpf_plate02_D04,1,train
20250612_36hpf_wfs1_ctcf_F09_e01,20250612_36hpf_wfs1_ctcf_F09,1,train
20240626_E04_e01,20240626_E04,112,train
20260202_A06_e02,20260202_A06,71,train
20251017_part1_D05_e01,20251017_part1_D05,65,train
20260702_hotchem_30hpf_plate02_G04_e01,20260702_hotchem_30hpf_plate02_G04,1,train
20240509_D01_e01,20240509_D01,41,train
20260122_D10_e01,20260122_D10,104,train
20240509_F06_e01,20240509_F06,41,train
20260702_hotchem_30hpf_plate01_C03_e02,20260702_hotchem_30hpf_plate01_C03,1,train
20240724_G06_e01,20240724_G06,1,train
20260319_cilia_crispant_30hpf_A11_e01,20260319_cilia_crispant_30hpf_A11,1,train
20250415_B05_e01,20250415_B05,39,train
20251017_part1_E08_e01,20251017_part1_E08,64,train
20260319_cilia_crispant_24hpf_C06_e01,20260319_cilia_crispant_24hpf_C06,1,train
20260122_E04_e02,20260122_E04,104,train
20260724_hotfish_36hpf_plate01_F01_e01,20260724_hotfish_36hpf_plate01_F01,1,train
20260324_cep290_30hpf_plate01_D06_e01,20260324_cep290_30hpf_plate01_D06,1,train
20250703_chem3_35C_T00_1101_G01_e01,20250703_chem3_35C_T00_1101_G01,1,train
20250305_G09_e01,20250305_G09,340,train
20250501_E04_e02,20250501_E04,176,train
20260213_A04_e02,20260213_A04,139,train
20260417_irx_pilot_E09_e03,20260417_irx_pilot_E09,27,train
20240530_F07_e01,20240530_F07,81,train
20251207_pbx_G06_e01,20251207_pbx_G06,132,train
20230531_C10_e01,20230531_C10,66,train
20250624_chem02_28C_T01_1808_C12_e01,20250624_chem02_28C_T01_1808_C12,1,train
20251125_B11_e01,20251125_B11,231,train
20260122_F12_e02,20260122_F12,104,train
20260331_b9d2_18hpf_plate02_D01_e01,20260331_b9d2_18hpf_plate02_D01,1,train
20250703_chem3_35C_T01_1437_A02_e01,20250703_chem3_35C_T01_1437_A02,1,train
20260219_E08_e03,20260219_E08,149,train
20250625_chem02_34C_T02_1301_B12_e01,20250625_chem02_34C_T02_1301_B12,1,train
20260417_irx_pilot_B10_e02,20260417_irx_pilot_B10,27,train
20260702_hotchem_36hpf_plate01_D10_e01,20260702_hotchem_36hpf_plate01_D10,1,train
20250519_D02_e01,20250519_D02,51,train
20240626_H09_e01,20240626_H09,112,train
20241023_C08_e01,20241023_C08,43,train
20260206_F07_e01,20260206_F07,150,train
20250622_chem_28C_T00_1425_A04_e01,20250622_chem_28C_T00_1425_A04,1,train
20230531_E12_e02,20230531_E12,66,train
20260414_b9d2_30hpf_plate02_G03_e01,20260414_b9d2_30hpf_plate02_G03,1,train
20250622_chem_28C_T00_1425_E04_e01,20250622_chem_28C_T00_1425_E04,1,train
20240717_D04_e01,20240717_D04,1,train
20251205_E09_e01,20251205_E09,115,train
20250716_chem4_28C_T00_1158_C10_e01,20250716_chem4_28C_T00_1158_C10,1,train
20241023_G07_e01,20241023_G07,43,train
20251212_B03_e01,20251212_B03,115,train
20260306_H05_e01,20260306_H05,186,train
20260724_hotfish_30hpf_plate01_H05_e02,20260724_hotfish_30hpf_plate01_H05,1,train
20260702_hotchem_30hpf_plate01_A11_e01,20260702_hotchem_30hpf_plate01_A11,1,train
20260415_b9d2_30to48hpf_plate01_t02_C06_e01,20260415_b9d2_30to48hpf_plate01_t02_C06,1,train
20240306_C06_e01,20240306_C06,132,train
20260702_hotchem_36hpf_plate02_E08_e01,20260702_hotchem_36hpf_plate02_E08,1,train
20251212_B08_e01,20251212_B08,115,train
20260304_E07_e01,20260304_E07,192,train
20260122_D06_e01,20260122_D06,104,train
20260724_hotfish_36hpf_plate02_G05_e01,20260724_hotfish_36hpf_plate02_G05,1,train
20250716_chem4_28C_T01_1400_E09_e01,20250716_chem4_28C_T01_1400_E09,1,train
20260319_cilia_crispant_24hpf_B10_e01,20260319_cilia_crispant_24hpf_B10,1,train
20241023_D02_e01,20241023_D02,43,train
20260319_A05_e01,20260319_A05,105,train
20250721_chem5_28C_T01_1401_H12_e01,20250721_chem5_28C_T01_1401_H12,1,train
20250622_chem_34C_T00_1256_H12_e01,20250622_chem_34C_T00_1256_H12,1,train
20240530_A04_e01,20240530_A04,81,train
20260202_C10_e02,20260202_C10,71,train
20260702_hotchem_30hpf_plate02_E01_e02,20260702_hotchem_30hpf_plate02_E01,1,train
20250716_chem4_28C_T01_1400_G06_e01,20250716_chem4_28C_T01_1400_G06,1,train
20251017_part2_C04_e01,20251017_part2_C04,63,train
20260319_cilia_crispant_18hpf_H06_e01,20260319_cilia_crispant_18hpf_H06,1,train
20260416_cep290_30to48hpf_plate02_t02_E03_e01,20260416_cep290_30to48hpf_plate02_t02_E03,1,train
20260414_b9d2_30hpf_plate01_E09_e01,20260414_b9d2_30hpf_plate01_E09,1,train
20260724_hotfish_36hpf_plate01_D09_e01,20260724_hotfish_36hpf_plate01_D09,1,train
20260418_irx_pilot_E04_e02,20260418_irx_pilot_E04,78,train
20250215_C02_e02,20250215_C02,78,train
20250622_chem_34C_T00_1256_G01_e01,20250622_chem_34C_T00_1256_G01,1,train
20250612_24hpf_wfs1_ctcf_D11_e01,20250612_24hpf_wfs1_ctcf_D11,1,train
20251205_C06_e01,20251205_C06,115,train
20260418_irx_pilot_D03_e01,20260418_irx_pilot_D03,78,train
20260414_b9d2_14hpf_plate01_C12_e01,20260414_b9d2_14hpf_plate01_C12,1,train
20250716_chem4_35C_T00_1045_D03_e01,20250716_chem4_35C_T00_1045_D03,1,train
20250622_chem_28C_T00_1425_E08_e01,20250622_chem_28C_T00_1425_E08,1,train
20260228_A09_e01,20260228_A09,151,train
20260418_irx_pilot_G03_e04,20260418_irx_pilot_G03,78,train
20251205_E01_e01,20251205_E01,115,train
20260415_cep290_30to48hpf_plate02_t01_F08_e03,20260415_cep290_30to48hpf_plate02_t01_F08,1,train
20240510_A06_e02,20240510_A06,1,train
20250612_36hpf_wfs1_ctcf_B04_e01,20250612_36hpf_wfs1_ctcf_B04,1,train
20260213_G12_e02,20260213_G12,139,train
20260304_H07_e01,20260304_H07,192,train
20260415_cep290_18hpf_plate03_C04_e01,20260415_cep290_18hpf_plate03_C04,1,train
20260304_H11_e02,20260304_H11,192,train
20260416_cep290_30to48hpf_plate01_t02_D03_e01,20260416_cep290_30to48hpf_plate01_t02_D03,1,train
20250716_chem4_28C_T01_1400_A05_e01,20250716_chem4_28C_T01_1400_A05,1,train
20260331_b9d2_18hpf_plate02_G01_e01,20260331_b9d2_18hpf_plate02_G01,1,train
20260324_cep290_24hpf_plate02_D05_e01,20260324_cep290_24hpf_plate02_D05,1,train
20241023_D08_e01,20241023_D08,43,train
20250624_chem02_34C_T01_1739_G12_e01,20250624_chem02_34C_T01_1739_G12,1,train
20230531_G02_e03,20230531_G02,16,train
20251017_part2_F08_e02,20251017_part2_F08,45,train
20260416_cep290_30to48hpf_plate02_t02_B02_e01,20260416_cep290_30to48hpf_plate02_t02_B02,1,train
20230531_D06_e02,20230531_D06,66,train
20251017_part1_C01_e01,20251017_part1_C01,65,train
20260414_b9d2_14hpf_plate01_F05_e01,20260414_b9d2_14hpf_plate01_F05,1,train
20260702_hotchem_24hpf_plate01_G01_e01,20260702_hotchem_24hpf_plate01_G01,1,train
20260415_b9d2_30to48hpf_plate01_t02_A12_e01,20260415_b9d2_30to48hpf_plate01_t02_A12,1,train
20260702_hotchem_24hpf_plate01_G05_e02,20260702_hotchem_24hpf_plate01_G05,1,train
20251212_E06_e01,20251212_E06,115,train
20250215_A01_e01,20250215_A01,78,train
20260724_hotfish_36hpf_plate01_F02_e02,20260724_hotfish_36hpf_plate01_F02,1,train
20230622_F10_e01,20230622_F10,43,train
20241022_C06_e01,20241022_C06,37,train
20250624_chem02_28C_T00_1356_D05_e01,20250624_chem02_28C_T00_1356_D05,1,train
20250415_A04_e01,20250415_A04,39,train
20260319_cilia_crispant_18hpf_B05_e01,20260319_cilia_crispant_18hpf_B05,1,train
20240812_B11_e01,20240812_B11,75,train
20260213_E02_e01,20260213_E02,139,train
20260306_B07_e02,20260306_B07,184,train
20260219_D07_e03,20260219_D07,172,train
20260202_A03_e05,20260202_A03,61,train
20250624_chem02_34C_T01_1739_G10_e01,20250624_chem02_34C_T01_1739_G10,1,train
20230622_D07_e01,20230622_D07,43,train
20260414_b9d2_14hpf_plate01_F02_e02,20260414_b9d2_14hpf_plate01_F02,1,train
20240812_E01_e01,20240812_E01,75,train
20260213_A07_e03,20260213_A07,139,train
20250622_chem_35C_T01_1605_E05_e01,20250622_chem_35C_T01_1605_E05,1,train
20250623_chem_34C_T02_1231_G10_e01,20250623_chem_34C_T02_1231_G10,1,train
20250612_30hpf_ctrl_atf6_H02_e01,20250612_30hpf_ctrl_atf6_H02,1,train
20260416_cep290_30to48hpf_plate02_t02_G07_e02,20260416_cep290_30to48hpf_plate02_t02_G07,1,train
20260324_cep290_24hpf_plate02_G08_e01,20260324_cep290_24hpf_plate02_G08,1,train
20260219_D12_e01,20260219_D12,177,train
20251112_E05_e04,20251112_E05,49,train
20260702_hotchem_36hpf_plate01_E10_e01,20260702_hotchem_36hpf_plate01_E10,1,train
20260417_irx_pilot_G12_e03,20260417_irx_pilot_G12,27,train
20240530_B07_e02,20240530_B07,81,train
20250501_H09_e02,20250501_H09,176,train
20240509_H08_e01,20240509_H08,41,train
20260415_b9d2_30to48hpf_plate02_t02_B03_e01,20260415_b9d2_30to48hpf_plate02_t02_B03,1,train
20250622_chem_28C_T01_1658_G01_e01,20250622_chem_28C_T01_1658_G01,1,train
20260304_A06_e02,20260304_A06,192,train
20250415_H08_e01,20250415_H08,39,train
20230602_F01_e01,20230602_F01,97,train
20250624_chem02_35C_T00_1216_E03_e01,20250624_chem02_35C_T00_1216_E03,1,train
20230831_F02_e01,20230831_F02,1,train
20250721_chem5_28C_T00_1257_C02_e01,20250721_chem5_28C_T00_1257_C02,1,train
20250501_E10_e01,20250501_E10,176,train
20260324_cep290_30hpf_plate02_H06_e01,20260324_cep290_30hpf_plate02_H06,1,train
20250612_36hpf_ctrl_atf6_G10_e01,20250612_36hpf_ctrl_atf6_G10,1,train
20260418_irx_pilot_H12_e01,20260418_irx_pilot_H12,78,train
20250624_chem02_28C_T01_1808_B01_e01,20250624_chem02_28C_T01_1808_B01,1,train
20231218_F12_e01,20231218_F12,34,train
20260417_irx_pilot_F07_e02,20260417_irx_pilot_F07,27,train
20250624_chem02_34C_T01_1739_C05_e01,20250624_chem02_34C_T01_1739_C05,1,train
20250624_chem02_28C_T01_1808_A06_e01,20250624_chem02_28C_T01_1808_A06,1,train
20260210_B07_e01,20260210_B07,161,train
20250305_C01_e01,20250305_C01,340,train
20260210_B09_e01,20260210_B09,161,train
20250721_chem5_28C_T00_1257_D05_e01,20250721_chem5_28C_T00_1257_D05,1,train
20240812_A04_e01,20240812_A04,75,train
20260304_G04_e01,20260304_G04,192,train
20251017_part1_B01_e01,20251017_part1_B01,65,train
20250415_E03_e01,20250415_E03,39,train
20250716_chem4_35C_T00_1045_F10_e01,20250716_chem4_35C_T00_1045_F10,1,train
20260414_b9d2_14hpf_plate01_D08_e01,20260414_b9d2_14hpf_plate01_D08,1,train
20260414_b9d2_30hpf_plate01_H06_e03,20260414_b9d2_30hpf_plate01_H06,1,train
20250612_30hpf_wfs1_ctcf_G11_e01,20250612_30hpf_wfs1_ctcf_G11,1,train
20260415_b9d2_30to48hpf_plate01_t02_G12_e01,20260415_b9d2_30to48hpf_plate01_t02_G12,1,train
20260415_b9d2_30to48hpf_plate01_t02_B07_e01,20260415_b9d2_30to48hpf_plate01_t02_B07,1,train
20240812_E05_e01,20240812_E05,75,train
20230615_C07_e01,20230615_C07,50,train
20250716_chem4_34C_T00_1014_A01_e01,20250716_chem4_34C_T00_1014_A01,1,train
20230629_F12_e01,20230629_F12,41,train
20260202_A05_e01,20260202_A05,71,train
20250624_chem02_34C_T00_1243_A12_e01,20250624_chem02_34C_T00_1243_A12,1,train
20260724_hotfish_24hpf_plate01_F08_e01,20260724_hotfish_24hpf_plate01_F08,1,train
20250612_36hpf_wfs1_ctcf_A07_e01,20250612_36hpf_wfs1_ctcf_A07,1,train
20250721_chem5_28C_T01_1401_G07_e02,20250721_chem5_28C_T01_1401_G07,1,train
20250622_chem_34C_T01_1632_F01_e01,20250622_chem_34C_T01_1632_F01,1,train
20260213_E06_e03,20260213_E06,99,train
20230531_D07_e01,20230531_D07,64,train
20250711_B06_e01,20250711_B06,179,train
20260724_hotfish_30hpf_plate01_H06_e01,20260724_hotfish_30hpf_plate01_H06,1,train
20250716_chem4_34C_T00_1014_G07_e01,20250716_chem4_34C_T00_1014_G07,1,train
20250501_E04_e01,20250501_E04,176,train
20240307_F04_e02,20240307_F04,44,train
20240404_B07_e01,20240404_B07,15,train
20250612_30hpf_ctrl_atf6_H11_e01,20250612_30hpf_ctrl_atf6_H11,1,train
20250512_B11_e01,20250512_B11,195,train
20260324_cep290_24hpf_plate01_C02_e01,20260324_cep290_24hpf_plate01_C02,1,train
20250515_part2_E11_e02,20250515_part2_E11,27,train
20230620_B10_e02,20230620_B10,88,train
20230629_G03_e01,20230629_G03,41,train
20250612_30hpf_ctrl_atf6_F04_e01,20250612_30hpf_ctrl_atf6_F04,1,train
20240813_24hpf_C07_e01,20240813_24hpf_C07,1,train
20260702_hotchem_24hpf_plate01_B12_e01,20260702_hotchem_24hpf_plate01_B12,1,train
20251121_B01_e01,20251121_B01,173,train
20250425_C04_e01,20250425_C04,118,train
20240812_A06_e01,20240812_A06,75,train
20250612_24hpf_wfs1_ctcf_G01_e01,20250612_24hpf_wfs1_ctcf_G01,1,train
20251020_G09_e01,20251020_G09,57,train
20260202_E07_e04,20260202_E07,71,train
20250721_chem5_35C_T00_1023_H05_e02,20250721_chem5_35C_T00_1023_H05,1,train
20260219_B04_e03,20260219_B04,177,train
20250612_24hpf_ctrl_atf6_B07_e01,20250612_24hpf_ctrl_atf6_B07,1,train
20240522_D09_e02,20240522_D09,69,train
20260724_hotfish_24hpf_plate02_D04_e01,20260724_hotfish_24hpf_plate02_D04,1,train
20260414_b9d2_30hpf_plate01_H02_e02,20260414_b9d2_30hpf_plate01_H02,1,train
20250501_C02_e01,20250501_C02,176,train
20241022_H07_e01,20241022_H07,37,train
20240725_F03_e01,20240725_F03,1,train
20260416_cep290_30to48hpf_plate02_t02_A07_e01,20260416_cep290_30to48hpf_plate02_t02_A07,1,train
20260416_cep290_30to48hpf_plate01_t02_A03_e01,20260416_cep290_30to48hpf_plate01_t02_A03,1,train
20250501_D04_e01,20250501_D04,176,train
20241023_H11_e01,20241023_H11,43,train
20260304_C03_e01,20260304_C03,192,train
20230629_B04_e01,20230629_B04,41,train
20250425_A09_e01,20250425_A09,118,train
20260724_hotfish_30hpf_plate01_C03_e01,20260724_hotfish_30hpf_plate01_C03,1,train
20260702_hotchem_24hpf_plate01_A08_e01,20260702_hotchem_24hpf_plate01_A08,1,train
20250515_part2_D09_e01,20250515_part2_D09,27,train
20260213_B02_e02,20260213_B02,139,train
20240509_D05_e01,20240509_D05,41,train
20250624_chem02_28C_T00_1356_H08_e01,20250624_chem02_28C_T00_1356_H08,1,train
20260415_b9d2_30to48hpf_plate02_t02_A04_e01,20260415_b9d2_30to48hpf_plate02_t02_A04,1,train
20260208_H06_e01,20260208_H06,321,train
20260228_C05_e02,20260228_C05,151,train
20260702_hotchem_36hpf_plate02_B04_e01,20260702_hotchem_36hpf_plate02_B04,1,train
20231110_B08_e02,20231110_B08,64,train
20241023_E03_e01,20241023_E03,43,train
20260324_cep290_30hpf_plate01_G03_e01,20260324_cep290_30hpf_plate01_G03,1,train
20250625_chem02_28C_T02_1332_C04_e01,20250625_chem02_28C_T02_1332_C04,1,train
20260122_G01_e01,20260122_G01,104,train
20251205_B12_e02,20251205_B12,115,train
20250622_chem_35C_T00_1223_check_C12_e01,20250622_chem_35C_T00_1223_check_C12,1,train
20240509_E01_e02,20240509_E01,41,train
20250612_30hpf_ctrl_atf6_C12_e01,20250612_30hpf_ctrl_atf6_C12,1,train
20240812_D07_e01,20240812_D07,75,train
20250624_chem02_34C_T01_1739_A10_e01,20250624_chem02_34C_T01_1739_A10,1,train
20250501_A02_e01,20250501_A02,176,train
20241022_C11_e01,20241022_C11,37,train
20250519_C06_e01,20250519_C06,51,train
20260414_b9d2_30hpf_plate02_D06_e01,20260414_b9d2_30hpf_plate02_D06,1,train
20260702_hotchem_24hpf_plate02_G06_e01,20260702_hotchem_24hpf_plate02_G06,1,train
20250512_C11_e02,20250512_C11,195,train
20231218_H06_e01,20231218_H06,34,train
20260202_F03_e01,20260202_F03,71,train
20260213_C08_e03,20260213_C08,139,train
20250721_chem5_28C_T00_1257_B02_e01,20250721_chem5_28C_T00_1257_B02,1,train
20260415_cep290_18hpf_plate03_B03_e01,20260415_cep290_18hpf_plate03_B03,1,train
20240813_24hpf_C03_e01,20240813_24hpf_C03,1,train
20260324_cep290_30hpf_plate02_E08_e01,20260324_cep290_30hpf_plate02_E08,1,train
20260304_C04_e01,20260304_C04,192,train
20250612_24hpf_ctrl_atf6_F05_e01,20250612_24hpf_ctrl_atf6_F05,1,train
20251017_part1_E02_e01,20251017_part1_E02,65,train
20260702_hotchem_30hpf_plate01_C04_e02,20260702_hotchem_30hpf_plate01_C04,1,train
20231206_C09_e01,20231206_C09,59,train
20260122_E10_e01,20260122_E10,104,train
20260415_b9d2_30to48hpf_plate02_t02_E03_e01,20260415_b9d2_30to48hpf_plate02_t02_E03,1,train
20260228_F08_e01,20260228_F08,151,train
20250721_chem5_35C_T00_1023_E08_e03,20250721_chem5_35C_T00_1023_E08,1,train
20260415_b9d2_30to48hpf_plate02_t02_D02_e02,20260415_b9d2_30to48hpf_plate02_t02_D02,1,train
20250703_chem3_34C_T00_1131_H06_e01,20250703_chem3_34C_T00_1131_H06,1,train
20250512_D07_e01,20250512_D07,195,train
20251017_part1_A07_e01,20251017_part1_A07,65,train
20250622_chem_35C_T01_1605_D01_e01,20250622_chem_35C_T01_1605_D01,1,train
20250215_H06_e02,20250215_H06,78,train
20250623_chem_28C_T02_1259_B10_e01,20250623_chem_28C_T02_1259_B10,1,train
20260724_hotfish_24hpf_plate02_E06_e01,20260724_hotfish_24hpf_plate02_E06,1,train
20260702_hotchem_24hpf_plate02_D10_e01,20260702_hotchem_24hpf_plate02_D10,1,train
20260418_irx_pilot_D06_e01,20260418_irx_pilot_D06,78,train
20250622_chem_35C_T01_1605_C12_e01,20250622_chem_35C_T01_1605_C12,1,train
20250126_G07_e01,20250126_G07,71,train
20240306_H04_e02,20240306_H04,132,train
20260122_G06_e01,20260122_G06,104,train
20260724_hotfish_36hpf_plate01_G01_e01,20260724_hotfish_36hpf_plate01_G01,1,train
20251121_A04_e04,20251121_A04,173,train
20250612_36hpf_wfs1_ctcf_C06_e01,20250612_36hpf_wfs1_ctcf_C06,1,train
20260702_hotchem_30hpf_plate02_H10_e01,20260702_hotchem_30hpf_plate02_H10,1,train
20231206_C11_e01,20231206_C11,59,train
20260208_G01_e01,20260208_G01,320,train
20250215_E03_e01,20250215_E03,78,train
20260122_G04_e01,20260122_G04,104,train
20260219_D08_e01,20260219_D08,177,train
20260415_cep290_18hpf_plate03_A04_e02,20260415_cep290_18hpf_plate03_A04,1,train
20250912_H08_e03,20250912_H08,113,train
20240411_H11_e01,20240411_H11,48,train
20240522_C05_e01,20240522_C05,95,train
20250623_chem_34C_T02_1231_C10_e01,20250623_chem_34C_T02_1231_C10,1,train
20250622_chem_35C_T00_1223_check_B03_e01,20250622_chem_35C_T00_1223_check_B03,1,train
20241022_A01_e01,20241022_A01,37,train
20230620_A07_e01,20230620_A07,89,train
20260219_E03_e02,20260219_E03,177,train
20250624_chem02_28C_T01_1808_H02_e01,20250624_chem02_28C_T01_1808_H02,1,train
20260331_b9d2_18hpf_plate02_A01_e01,20260331_b9d2_18hpf_plate02_A01,1,train
20260213_F08_e01,20260213_F08,139,train
20250716_chem4_28C_T00_1158_H03_e01,20250716_chem4_28C_T00_1158_H03,1,train
20250215_B08_e01,20250215_B08,78,train
20250912_C09_e01,20250912_C09,113,train
20251121_F05_e03,20251121_F05,171,train
20260208_E07_e01,20260208_E07,321,train
20260122_A05_e02,20260122_A05,104,train
20250512_D12_e02,20250512_D12,195,train
20260304_G03_e01,20260304_G03,192,train
20260122_D08_e02,20260122_D08,104,train
20260702_hotchem_24hpf_plate01_C12_e01,20260702_hotchem_24hpf_plate01_C12,1,train
20260213_G06_e02,20260213_G06,139,train
20250126_A05_e01,20250126_A05,71,train
20260202_G06_e02,20260202_G06,71,train
20240510_B08_e01,20240510_B08,1,train
20260417_irx_pilot_C09_e01,20260417_irx_pilot_C09,27,train
20230620_C11_e01,20230620_C11,88,train
20250622_chem_28C_T01_1658_B10_e01,20250622_chem_28C_T01_1658_B10,1,train
20250612_30hpf_ctrl_atf6_H09_e01,20250612_30hpf_ctrl_atf6_H09,1,train
20240530_F11_e01,20240530_F11,81,train
20260702_hotchem_24hpf_plate02_A07_e01,20260702_hotchem_24hpf_plate02_A07,1,train
20250625_chem02_28C_T02_1332_E05_e01,20250625_chem02_28C_T02_1332_E05,1,train
20250624_chem02_34C_T01_1739_G07_e01,20250624_chem02_34C_T01_1739_G07,1,train
20260724_hotfish_36hpf_plate01_F03_e01,20260724_hotfish_36hpf_plate01_F03,1,train
20230531_D07_e03,20230531_D07,66,train
20250519_C07_e01,20250519_C07,51,train
20250912_H10_e01,20250912_H10,113,train
20240813_24hpf_H06_e01,20240813_24hpf_H06,1,train
20250612_30hpf_ctrl_atf6_B07_e01,20250612_30hpf_ctrl_atf6_B07,1,train
20240522_E10_e01,20240522_E10,95,train
20251121_B11_e01,20251121_B11,173,train
20250721_chem5_28C_T01_1401_E03_e01,20250721_chem5_28C_T01_1401_E03,1,train
20250515_part2_H06_e01,20250515_part2_H06,27,train
20260306_H01_e02,20260306_H01,186,train
20250716_chem4_28C_T01_1400_G09_e01,20250716_chem4_28C_T01_1400_G09,1,train
20260228_E06_e01,20260228_E06,151,train
20260702_hotchem_36hpf_plate01_G10_e01,20260702_hotchem_36hpf_plate01_G10,1,train
20250711_A02_e01,20250711_A02,179,train
20260206_C03_e01,20260206_C03,150,train
20260702_hotchem_24hpf_plate02_E09_e02,20260702_hotchem_24hpf_plate02_E09,1,train
20250716_chem4_28C_T00_1158_D11_e01,20250716_chem4_28C_T00_1158_D11,1,train
20250515_part2_C08_e02,20250515_part2_C08,27,train
20250624_chem02_28C_T01_1808_B07_e01,20250624_chem02_28C_T01_1808_B07,1,train
20230602_F07_e01,20230602_F07,97,train
20260702_hotchem_24hpf_plate02_F07_e01,20260702_hotchem_24hpf_plate02_F07,1,train
20250512_G01_e01,20250512_G01,195,train
20250622_chem_34C_T00_1256_H01_e01,20250622_chem_34C_T00_1256_H01,1,train
20240530_H11_e02,20240530_H11,81,train
20251017_part1_D12_e01,20251017_part1_D12,65,train
20240510_H03_e01,20240510_H03,1,train
20240509_H05_e01,20240509_H05,41,train
20260319_E01_e01,20260319_E01,105,train
20260417_irx_pilot_C12_e02,20260417_irx_pilot_C12,27,train
20260415_b9d2_30to48hpf_plate01_t02_G02_e01,20260415_b9d2_30to48hpf_plate01_t02_G02,1,train
20230622_D02_e02,20230622_D02,43,train
20240813_24hpf_G03_e01,20240813_24hpf_G03,1,train
20240718_A12_e01,20240718_A12,1,train
20250625_chem02_28C_T02_1332_C07_e01,20250625_chem02_28C_T02_1332_C07,1,train
20260304_H02_e01,20260304_H02,192,train
20260724_hotfish_30hpf_plate02_G05_e01,20260724_hotfish_30hpf_plate02_G05,1,train
20250624_chem02_28C_T01_1808_F08_e01,20250624_chem02_28C_T01_1808_F08,1,train
20250612_24hpf_wfs1_ctcf_G03_e01,20250612_24hpf_wfs1_ctcf_G03,1,train
20250716_chem4_28C_T01_1400_B04_e01,20250716_chem4_28C_T01_1400_B04,1,train
20260319_B07_e01,20260319_B07,105,train
20250624_chem02_28C_T01_1808_H07_e01,20250624_chem02_28C_T01_1808_H07,1,train
20250716_chem4_28C_T01_1400_E01_e01,20250716_chem4_28C_T01_1400_E01,1,train
20240509_H10_e01,20240509_H10,41,train
20260304_E01_e01,20260304_E01,192,train
20250721_chem5_28C_T01_1401_C02_e01,20250721_chem5_28C_T01_1401_C02,1,train
20240813_24hpf_A05_e01,20240813_24hpf_A05,1,train
20260219_A07_e02,20260219_A07,177,train
20260304_H08_e01,20260304_H08,192,train
20240510_H08_e01,20240510_H08,1,train
20250711_C12_e03,20250711_C12,179,train
20260306_A09_e03,20260306_A09,179,train
20230613_D01_e01,20230613_D01,66,train
20240509_A09_e01,20240509_A09,41,train
20260702_hotchem_24hpf_plate01_F12_e01,20260702_hotchem_24hpf_plate01_F12,1,train
20230629_A07_e01,20230629_A07,42,train
20231218_D09_e01,20231218_D09,34,train
20250716_chem4_28C_T00_1158_H02_e01,20250716_chem4_28C_T00_1158_H02,1,train
20250716_chem4_28C_T01_1400_B10_e01,20250716_chem4_28C_T01_1400_B10,1,train
20251020_A08_e01,20251020_A08,57,train
20230615_B12_e01,20230615_B12,50,train
20240307_H05_e01,20240307_H05,44,train
20250622_chem_34C_T00_1256_B12_e01,20250622_chem_34C_T00_1256_B12,1,train
20260306_D02_e02,20260306_D02,185,train
20260213_G06_e01,20260213_G06,139,train
20260306_B02_e02,20260306_B02,186,train
20260702_hotchem_30hpf_plate01_D10_e01,20260702_hotchem_30hpf_plate01_D10,1,train
20260210_D05_e01,20260210_D05,161,train
20251112_A08_e03,20251112_A08,27,train
20240306_A07_e01,20240306_A07,132,train
20260213_G09_e01,20260213_G09,139,train
20260228_F10_e01,20260228_F10,151,train
20250703_chem3_34C_T00_1131_G05_e01,20250703_chem3_34C_T00_1131_G05,1,train
20250721_chem5_35C_T00_1023_H07_e02,20250721_chem5_35C_T00_1023_H07,1,train
20250711_F12_e01,20250711_F12,179,train
20230627_E07_e01,20230627_E07,45,train
20250415_F12_e01,20250415_F12,39,train
20260319_H05_e01,20260319_H05,105,train
20260414_b9d2_30hpf_plate02_F01_e01,20260414_b9d2_30hpf_plate02_F01,1,train
20260202_D12_e01,20260202_D12,71,train
20250305_H10_e01,20250305_H10,340,train
20260724_hotfish_24hpf_plate02_H02_e01,20260724_hotfish_24hpf_plate02_H02,1,train
20251205_C09_e01,20251205_C09,115,train
20260219_E10_e02,20260219_E10,177,train
20240813_36hpf_A02_e01,20240813_36hpf_A02,1,train
20231110_D09_e01,20231110_D09,64,train
20250703_chem3_34C_T01_1457_F07_e02,20250703_chem3_34C_T01_1457_F07,1,train
20260724_hotfish_24hpf_plate01_D02_e01,20260724_hotfish_24hpf_plate01_D02,1,train
20230615_D08_e02,20230615_D08,50,train
20251112_H03_e01,20251112_H03,49,train
20260228_A06_e01,20260228_A06,151,train
20260202_C04_e01,20260202_C04,71,train
20260324_cep290_24hpf_plate01_D04_e01,20260324_cep290_24hpf_plate01_D04,1,train
20250501_A09_e01,20250501_A09,176,train
20251121_G12_e01,20251121_G12,173,train
20250716_chem4_35C_T00_1045_D09_e01,20250716_chem4_35C_T00_1045_D09,1,train
20250716_chem4_28C_T00_1158_E08_e01,20250716_chem4_28C_T00_1158_E08,1,train
20260416_cep290_30to48hpf_plate01_t02_C11_e01,20260416_cep290_30to48hpf_plate01_t02_C11,1,train
20260324_cep290_24hpf_plate01_E04_e01,20260324_cep290_24hpf_plate01_E04,1,train
20260228_F06_e01,20260228_F06,151,train
20260202_F03_e02,20260202_F03,71,train
20250703_chem3_35C_T00_1101_A05_e01,20250703_chem3_35C_T00_1101_A05,1,train
20260414_b9d2_14hpf_plate01_H07_e01,20260414_b9d2_14hpf_plate01_H07,1,train
20250215_G02_e01,20250215_G02,78,train
20250515_part2_A02_e01,20250515_part2_A02,27,train
20260415_b9d2_30to48hpf_plate01_t02_E10_e01,20260415_b9d2_30to48hpf_plate01_t02_E10,1,train
20250721_chem5_28C_T01_1401_G07_e03,20250721_chem5_28C_T01_1401_G07,1,train
20250612_24hpf_ctrl_atf6_G02_e01,20250612_24hpf_ctrl_atf6_G02,1,train
20240725_C05_e01,20240725_C05,1,train
20250612_30hpf_wfs1_ctcf_E01_e01,20250612_30hpf_wfs1_ctcf_E01,1,train
20250623_chem_28C_T02_1259_H10_e01,20250623_chem_28C_T02_1259_H10,1,train
20241022_G11_e01,20241022_G11,37,train
20251125_F07_e01,20251125_F07,231,train
20250501_D03_e01,20250501_D03,176,train
20240306_A01_e02,20240306_A01,132,train
20240510_E03_e01,20240510_E03,1,train
20251017_part1_G04_e01,20251017_part1_G04,65,train
20230831_B05_e01,20230831_B05,1,train
20250721_chem5_35C_T00_1023_A08_e01,20250721_chem5_35C_T00_1023_A08,1,train
20250415_H12_e01,20250415_H12,39,train
20251017_part2_D09_e01,20251017_part2_D09,60,train
20260414_b9d2_30hpf_plate01_B12_e01,20260414_b9d2_30hpf_plate01_B12,1,train
20240718_E09_e01,20240718_E09,1,train
20260122_H12_e02,20260122_H12,104,train
20250512_H03_e01,20250512_H03,195,train
20250716_chem4_35C_T00_1045_F04_e02,20250716_chem4_35C_T00_1045_F04,1,train
20250519_D01_e01,20250519_D01,51,train
20240813_24hpf_C06_e01,20240813_24hpf_C06,1,train
20260210_E05_e01,20260210_E05,161,train
20240813_30hpf_C02_e01,20240813_30hpf_C02,1,train
20260228_D08_e01,20260228_D08,151,train
20250703_chem3_34C_T01_1457_C01_e01,20250703_chem3_34C_T01_1457_C01,1,train
20250623_chem_34C_T02_1231_D08_e01,20250623_chem_34C_T02_1231_D08,1,train
20251205_C02_e01,20251205_C02,115,train
20240718_A09_e01,20240718_A09,1,train
20250721_chem5_28C_T01_1401_B08_e01,20250721_chem5_28C_T01_1401_B08,1,train
20260210_D07_e01,20260210_D07,161,train
20250716_chem4_34C_T00_1014_E10_e01,20250716_chem4_34C_T00_1014_E10,1,train
20260219_F11_e01,20260219_F11,177,train
20230629_G03_e02,20230629_G03,41,train
20250126_B02_e01,20250126_B02,71,train
20260202_E12_e02,20260202_E12,71,train
20250519_H08_e01,20250519_H08,51,train
20250622_chem_35C_T01_1605_H10_e01,20250622_chem_35C_T01_1605_H10,1,train
20260724_hotfish_36hpf_plate02_E03_e01,20260724_hotfish_36hpf_plate02_E03,1,train
20250721_chem5_28C_T00_1257_D11_e01,20250721_chem5_28C_T00_1257_D11,1,train
20260702_hotchem_30hpf_plate01_C03_e01,20260702_hotchem_30hpf_plate01_C03,1,train
20250721_chem5_28C_T00_1257_E03_e02,20250721_chem5_28C_T00_1257_E03,1,train
20250622_chem_35C_T01_1605_A08_e01,20250622_chem_35C_T01_1605_A08,1,train
20250624_chem02_35C_T00_1216_H02_e01,20250624_chem02_35C_T00_1216_H02,1,train
20251020_B03_e01,20251020_B03,57,train
20240418_A06_e02,20240418_A06,46,train
20260702_hotchem_30hpf_plate01_A03_e01,20260702_hotchem_30hpf_plate01_A03,1,train
20260304_D01_e01,20260304_D01,191,train
20250721_chem5_28C_T00_1257_F02_e01,20250721_chem5_28C_T00_1257_F02,1,train
20250622_chem_34C_T01_1632_H12_e01,20250622_chem_34C_T01_1632_H12,1,train
20241022_F10_e01,20241022_F10,37,train
20230531_F03_e02,20230531_F03,66,train
20250519_D09_e01,20250519_D09,51,train
20260702_hotchem_36hpf_plate01_H12_e01,20260702_hotchem_36hpf_plate01_H12,1,train
20260319_G02_e01,20260319_G02,105,train
20250612_24hpf_ctrl_atf6_D12_e01,20250612_24hpf_ctrl_atf6_D12,1,train
20260219_C05_e01,20260219_C05,177,train
20260324_cep290_30hpf_plate01_C05_e01,20260324_cep290_30hpf_plate01_C05,1,train
20251205_H05_e02,20251205_H05,115,train
20250519_A04_e01,20250519_A04,51,train
20260415_b9d2_30to48hpf_plate01_t02_G01_e01,20260415_b9d2_30to48hpf_plate01_t02_G01,1,train
20260219_C08_e02,20260219_C08,177,train
20260202_A08_e03,20260202_A08,71,train
20260702_hotchem_24hpf_plate02_G07_e01,20260702_hotchem_24hpf_plate02_G07,1,train
20260319_E02_e01,20260319_E02,105,train
20260702_hotchem_36hpf_plate01_F03_e01,20260702_hotchem_36hpf_plate01_F03,1,train
20240411_E09_e01,20240411_E09,48,train
20260415_cep290_30to48hpf_plate02_t01_F01_e01,20260415_cep290_30to48hpf_plate02_t01_F01,1,train
20260324_cep290_30hpf_plate01_G02_e01,20260324_cep290_30hpf_plate01_G02,1,train
20260324_cep290_24hpf_plate01_A07_e01,20260324_cep290_24hpf_plate01_A07,1,train
20260724_hotfish_36hpf_plate02_A06_e01,20260724_hotfish_36hpf_plate02_A06,1,train
20251121_D04_e01,20251121_D04,173,train
20260416_cep290_30to48hpf_plate01_t02_E01_e01,20260416_cep290_30to48hpf_plate01_t02_E01,1,train
20260724_hotfish_24hpf_plate01_C08_e01,20260724_hotfish_24hpf_plate01_C08,1,train
20260724_hotfish_36hpf_plate02_H04_e01,20260724_hotfish_36hpf_plate02_H04,1,train
20260418_irx_pilot_C05_e02,20260418_irx_pilot_C05,78,train
20230602_A01_e02,20230602_A01,98,train
20250721_chem5_35C_T00_1023_C05_e01,20250721_chem5_35C_T00_1023_C05,1,train
20250501_D06_e01,20250501_D06,176,train
20260219_B03_e01,20260219_B03,177,train
20251121_H11_e02,20251121_H11,173,train
20250624_chem02_35C_T01_1711_C11_e01,20250624_chem02_35C_T01_1711_C11,1,train
20250624_chem02_34C_T01_1739_H05_e01,20250624_chem02_34C_T01_1739_H05,1,train
20250612_36hpf_wfs1_ctcf_C09_e01,20250612_36hpf_wfs1_ctcf_C09,1,train
20260306_F02_e01,20260306_F02,186,train
20250415_H04_e01,20250415_H04,39,train
20250625_chem02_35C_T02_1228_D11_e01,20250625_chem02_35C_T02_1228_D11,1,train
20260324_cep290_24hpf_plate02_A08_e01,20260324_cep290_24hpf_plate02_A08,1,train
20250612_24hpf_ctrl_atf6_D04_e01,20250612_24hpf_ctrl_atf6_D04,1,train
20260702_hotchem_30hpf_plate02_G06_e01,20260702_hotchem_30hpf_plate02_G06,1,train
20260219_E10_e01,20260219_E10,177,train
20260414_b9d2_14hpf_plate01_H02_e01,20260414_b9d2_14hpf_plate01_H02,1,train
20260416_cep290_30to48hpf_plate02_t02_C07_e01,20260416_cep290_30to48hpf_plate02_t02_C07,1,train
20250612_36hpf_wfs1_ctcf_G04_e01,20250612_36hpf_wfs1_ctcf_G04,1,train
20250711_A12_e01,20250711_A12,179,train
20260415_cep290_18hpf_plate03_F06_e01,20260415_cep290_18hpf_plate03_F06,1,train
20250716_chem4_28C_T00_1158_A06_e01,20250716_chem4_28C_T00_1158_A06,1,train
20250612_36hpf_ctrl_atf6_A08_e01,20250612_36hpf_ctrl_atf6_A08,1,train
20240726_D01_e01,20240726_D01,1,train
20250612_24hpf_ctrl_atf6_C09_e01,20250612_24hpf_ctrl_atf6_C09,1,train
20240626_F04_e01,20240626_F04,112,train
20260702_hotchem_36hpf_plate02_A04_e01,20260702_hotchem_36hpf_plate02_A04,1,train
20251212_E04_e01,20251212_E04,115,train
20250126_B11_e02,20250126_B11,50,train
20250515_part2_D12_e01,20250515_part2_D12,27,train
20260702_hotchem_30hpf_plate02_A06_e01,20260702_hotchem_30hpf_plate02_A06,1,train
20251119_B01_e01,20251119_B01,348,train
20251205_B04_e01,20251205_B04,115,train
20250721_chem5_35C_T00_1023_C06_e01,20250721_chem5_35C_T00_1023_C06,1,train
20250625_chem02_34C_T02_1301_G10_e02,20250625_chem02_34C_T02_1301_G10,1,train
20260414_b9d2_30hpf_plate02_B01_e01,20260414_b9d2_30hpf_plate02_B01,1,train
20250721_chem5_28C_T01_1401_B02_e02,20250721_chem5_28C_T01_1401_B02,1,train
20250721_chem5_28C_T01_1401_C05_e01,20250721_chem5_28C_T01_1401_C05,1,train
20250612_30hpf_ctrl_atf6_A04_e01,20250612_30hpf_ctrl_atf6_A04,1,train
20260702_hotchem_36hpf_plate01_C07_e01,20260702_hotchem_36hpf_plate01_C07,1,train
20240404_C01_e01,20240404_C01,35,train
20240717_B01_e01,20240717_B01,1,train
20240812_F01_e01,20240812_F01,75,train
20240717_C03_e01,20240717_C03,1,train
20260702_hotchem_36hpf_plate02_E02_e01,20260702_hotchem_36hpf_plate02_E02,1,train
20250126_D12_e01,20250126_D12,71,train
20240509_18ss_A02_e01,20240509_18ss_A02,1,train
20250622_chem_28C_T01_1658_A01_e01,20250622_chem_28C_T01_1658_A01,1,train
20260418_irx_pilot_H04_e02,20260418_irx_pilot_H04,78,train
20250716_chem4_28C_T01_1400_B01_e01,20250716_chem4_28C_T01_1400_B01,1,train
20260208_G10_e01,20260208_G10,321,train
20260324_cep290_24hpf_plate01_C07_e01,20260324_cep290_24hpf_plate01_C07,1,train
20250612_30hpf_ctrl_atf6_C09_e01,20250612_30hpf_ctrl_atf6_C09,1,train
20240411_G02_e01,20240411_G02,48,train
20250519_B06_e01,20250519_B06,51,train
20260702_hotchem_36hpf_plate02_F04_e01,20260702_hotchem_36hpf_plate02_F04,1,train
20260306_F02_e02,20260306_F02,186,train
20240813_36hpf_G07_e01,20240813_36hpf_G07,1,train
20260331_b9d2_18hpf_plate02_F05_e01,20260331_b9d2_18hpf_plate02_F05,1,train
20260416_cep290_30to48hpf_plate01_t02_C07_e01,20260416_cep290_30to48hpf_plate01_t02_C07,1,train
20240626_A10_e01,20240626_A10,112,train
20240522_C11_e01,20240522_C11,95,train
20240418_E08_e01,20240418_E08,46,train
20260122_C09_e01,20260122_C09,104,train
20250912_E02_e02,20250912_E02,113,train
20251212_A03_e01,20251212_A03,115,train
20260702_hotchem_24hpf_plate02_D01_e02,20260702_hotchem_24hpf_plate02_D01,1,train
20260417_irx_pilot_G02_e03,20260417_irx_pilot_G02,27,train
20260414_b9d2_30hpf_plate01_D08_e01,20260414_b9d2_30hpf_plate01_D08,1,train
20260331_b9d2_18hpf_plate02_A06_e01,20260331_b9d2_18hpf_plate02_A06,1,train
20230531_D11_e01,20230531_D11,66,train
20260702_hotchem_24hpf_plate02_G05_e01,20260702_hotchem_24hpf_plate02_G05,1,train
20260304_E03_e02,20260304_E03,192,train
20250515_part2_G09_e01,20250515_part2_G09,27,train
20231206_D09_e02,20231206_D09,59,train
20250501_E12_e01,20250501_E12,176,train
20260702_hotchem_36hpf_plate02_D06_e01,20260702_hotchem_36hpf_plate02_D06,1,train
20240306_C04_e01,20240306_C04,132,train
20250501_H02_e02,20250501_H02,176,train
20240725_G04_e01,20240725_G04,1,train
20250624_chem02_34C_T01_1739_D07_e01,20250624_chem02_34C_T01_1739_D07,1,train
20250716_chem4_28C_T00_1158_B08_e01,20250716_chem4_28C_T00_1158_B08,1,train
20230531_B12_e02,20230531_B12,66,train
20260417_irx_pilot_H01_e01,20260417_irx_pilot_H01,27,train
20260324_cep290_24hpf_plate02_B10_e01,20260324_cep290_24hpf_plate02_B10,1,train
20260702_hotchem_24hpf_plate01_E02_e01,20260702_hotchem_24hpf_plate01_E02,1,train
20240510_E05_e01,20240510_E05,1,train
20260724_hotfish_30hpf_plate01_F06_e01,20260724_hotfish_30hpf_plate01_F06,1,train
20250623_chem_34C_T02_1231_F05_e01,20250623_chem_34C_T02_1231_F05,1,train
20250624_chem02_35C_T01_1711_C02_e01,20250624_chem02_35C_T01_1711_C02,1,train
20230531_E11_e02,20230531_E11,66,train
20240509_F08_e01,20240509_F08,41,train
20230622_B05_e01,20230622_B05,43,train
20260319_cilia_crispant_24hpf_C10_e01,20260319_cilia_crispant_24hpf_C10,1,train
20260213_G12_e01,20260213_G12,139,train
20251017_part1_D08_e01,20251017_part1_D08,65,train
20260213_E09_e01,20260213_E09,139,train
20250622_chem_28C_T01_1658_G02_e01,20250622_chem_28C_T01_1658_G02,1,train
20250912_E09_e02,20250912_E09,113,train
20230622_A02_e01,20230622_A02,44,train
20260304_D03_e01,20260304_D03,192,train
20260702_hotchem_24hpf_plate02_B01_e01,20260702_hotchem_24hpf_plate02_B01,1,train
20250716_chem4_34C_T00_1014_F08_e01,20250716_chem4_34C_T00_1014_F08,1,train
20260324_cep290_24hpf_plate02_C12_e01,20260324_cep290_24hpf_plate02_C12,1,train
20260202_H09_e03,20260202_H09,71,train
20250703_chem3_35C_T00_1101_G04_e02,20250703_chem3_35C_T00_1101_G04,1,train
20250305_A06_e01,20250305_A06,340,train
20240812_G05_e01,20240812_G05,75,train
20250624_chem02_34C_T00_1243_B08_e01,20250624_chem02_34C_T00_1243_B08,1,train
20260418_irx_pilot_F04_e03,20260418_irx_pilot_F04,78,train
20260414_b9d2_30hpf_plate01_D07_e01,20260414_b9d2_30hpf_plate01_D07,1,train
20251017_part2_D05_e01,20251017_part2_D05,63,train
20260417_irx_pilot_H02_e01,20260417_irx_pilot_H02,27,train
20250622_chem_34C_T01_1632_B02_e01,20250622_chem_34C_T01_1632_B02,1,train
20230629_B08_e02,20230629_B08,41,train
20250716_chem4_28C_T01_1400_F11_e01,20250716_chem4_28C_T01_1400_F11,1,train
20230613_A12_e02,20230613_A12,66,train
20260304_E03_e03,20260304_E03,192,train
20230613_C09_e01,20230613_C09,66,train
20250612_24hpf_ctrl_atf6_E01_e01,20250612_24hpf_ctrl_atf6_E01,1,train
20240726_H07_e01,20240726_H07,1,train
20250519_E04_e01,20250519_E04,51,train
20260417_irx_pilot_D10_e01,20260417_irx_pilot_D10,27,train
20250612_36hpf_wfs1_ctcf_D12_e01,20250612_36hpf_wfs1_ctcf_D12,1,train
20260202_H09_e01,20260202_H09,71,train
20260306_D06_e01,20260306_D06,186,train
20240717_A04_e01,20240717_A04,1,train
20260319_cilia_crispant_24hpf_G04_e01,20260319_cilia_crispant_24hpf_G04,1,train
20260304_H02_e03,20260304_H02,187,train
20250716_chem4_34C_T00_1014_B03_e01,20250716_chem4_34C_T00_1014_B03,1,train
20250721_chem5_35C_T00_1023_B01_e01,20250721_chem5_35C_T00_1023_B01,1,train
20230629_E01_e04,20230629_E01,2,train
20240812_G01_e01,20240812_G01,75,train
20250703_chem3_28C_T00_1325_D01_e01,20250703_chem3_28C_T00_1325_D01,1,train
20250721_chem5_28C_T01_1401_E08_e01,20250721_chem5_28C_T01_1401_E08,1,train
20260724_hotfish_24hpf_plate01_F02_e02,20260724_hotfish_24hpf_plate01_F02,1,train
20250716_chem4_34C_T00_1014_F04_e01,20250716_chem4_34C_T00_1014_F04,1,train
20260415_cep290_30to48hpf_plate02_t01_H11_e01,20260415_cep290_30to48hpf_plate02_t01_H11,1,train
20250716_chem4_35C_T00_1045_D09_e02,20250716_chem4_35C_T00_1045_D09,1,train
20240626_H06_e01,20240626_H06,112,train
20250215_C11_e01,20250215_C11,78,train
20250721_chem5_28C_T00_1257_C12_e01,20250721_chem5_28C_T00_1257_C12,1,train
20260306_G12_e01,20260306_G12,186,train
20240509_G12_e01,20240509_G12,41,train
20240813_36hpf_E02_e01,20240813_36hpf_E02,1,train
20251207_pbx_H09_e01,20251207_pbx_H09,132,train
20250622_chem_28C_T00_1425_A07_e01,20250622_chem_28C_T00_1425_A07,1,train
20250622_chem_28C_T01_1658_H05_e01,20250622_chem_28C_T01_1658_H05,1,train
20240813_36hpf_H06_e01,20240813_36hpf_H06,1,train
20251207_pbx_H07_e01,20251207_pbx_H07,132,train
20250612_36hpf_wfs1_ctcf_C04_e01,20250612_36hpf_wfs1_ctcf_C04,1,train
20230602_E12_e01,20230602_E12,97,train
20240724_G07_e01,20240724_G07,1,train
20230615_B07_e01,20230615_B07,50,train
20260202_G10_e02,20260202_G10,71,train
20260306_F08_e01,20260306_F08,186,train
20260304_G11_e05,20260304_G11,181,train
20250612_30hpf_ctrl_atf6_E09_e02,20250612_30hpf_ctrl_atf6_E09,1,train
20231218_A10_e01,20231218_A10,34,train
20250612_36hpf_wfs1_ctcf_E06_e01,20250612_36hpf_wfs1_ctcf_E06,1,train
20260324_cep290_30hpf_plate02_F04_e01,20260324_cep290_30hpf_plate02_F04,1,train
20240307_D08_e01,20240307_D08,44,train
20231218_H10_e01,20231218_H10,34,train
20230531_C12_e01,20230531_C12,66,train
20250622_chem_35C_T01_1605_B02_e01,20250622_chem_35C_T01_1605_B02,1,train
20250305_F07_e01,20250305_F07,340,train
20260415_cep290_30to48hpf_plate02_t01_G07_e02,20260415_cep290_30to48hpf_plate02_t01_G07,1,train
20230615_D08_e01,20230615_D08,50,train
20260724_hotfish_24hpf_plate02_A05_e02,20260724_hotfish_24hpf_plate02_A05,1,train
20260304_E10_e01,20260304_E10,192,train
20260306_C07_e01,20260306_C07,186,train
20260228_E04_e01,20260228_E04,150,train
20250624_chem02_28C_T01_1808_D06_e01,20250624_chem02_28C_T01_1808_D06,1,train
20251112_A02_e03,20251112_A02,20,train
20260414_b9d2_14hpf_plate01_G02_e02,20260414_b9d2_14hpf_plate01_G02,1,train
20250721_chem5_28C_T00_1257_G07_e01,20250721_chem5_28C_T00_1257_G07,1,train
20250703_chem3_28C_T00_1325_E07_e01,20250703_chem3_28C_T00_1325_E07,1,train
20260208_B04_e01,20260208_B04,321,train
20260415_b9d2_30to48hpf_plate02_t02_H05_e02,20260415_b9d2_30to48hpf_plate02_t02_H05,1,train
20240509_G06_e01,20240509_G06,41,train
20231110_H07_e01,20231110_H07,64,train
20230615_F02_e01,20230615_F02,50,train
20250215_E12_e01,20250215_E12,78,train
20250624_chem02_35C_T01_1711_F08_e01,20250624_chem02_35C_T01_1711_F08,1,train
20250721_chem5_28C_T01_1401_A11_e01,20250721_chem5_28C_T01_1401_A11,1,train
20260702_hotchem_30hpf_plate01_E09_e01,20260702_hotchem_30hpf_plate01_E09,1,train
20260324_cep290_30hpf_plate01_B08_e01,20260324_cep290_30hpf_plate01_B08,1,train
20250305_F11_e01,20250305_F11,340,train
20250625_chem02_28C_T02_1332_H05_e01,20250625_chem02_28C_T02_1332_H05,1,train
20240725_F07_e01,20240725_F07,1,train
20250612_24hpf_ctrl_atf6_F01_e01,20250612_24hpf_ctrl_atf6_F01,1,train
20250622_chem_34C_T01_1632_E04_e01,20250622_chem_34C_T01_1632_E04,1,train
20250612_30hpf_wfs1_ctcf_H11_e01,20250612_30hpf_wfs1_ctcf_H11,1,train
20250624_chem02_28C_T01_1808_B12_e02,20250624_chem02_28C_T01_1808_B12,1,train
20250711_A07_e01,20250711_A07,179,train
20231218_D08_e01,20231218_D08,34,train
20250612_24hpf_ctrl_atf6_A07_e01,20250612_24hpf_ctrl_atf6_A07,1,train
20250622_chem_35C_T00_1223_check_C02_e01,20250622_chem_35C_T00_1223_check_C02,1,train
20250126_B05_e01,20250126_B05,71,train
20250703_chem3_28C_T00_1325_G01_e01,20250703_chem3_28C_T00_1325_G01,1,train
20250612_36hpf_wfs1_ctcf_F02_e01,20250612_36hpf_wfs1_ctcf_F02,1,train
20250716_chem4_28C_T00_1158_A07_e01,20250716_chem4_28C_T00_1158_A07,1,train
20250716_chem4_28C_T00_1158_C06_e01,20250716_chem4_28C_T00_1158_C06,1,train
20260415_b9d2_30to48hpf_plate01_t02_B09_e01,20260415_b9d2_30to48hpf_plate01_t02_B09,1,train
20240717_G06_e01,20240717_G06,1,train
20250415_A02_e01,20250415_A02,39,train
20251212_D07_e02,20251212_D07,39,train
20240411_G03_e01,20240411_G03,48,train
20240404_G04_e01,20240404_G04,35,train
20240522_D02_e01,20240522_D02,95,train
20250622_chem_35C_T00_1223_check_B01_e01,20250622_chem_35C_T00_1223_check_B01,1,train
20260202_H09_e02,20260202_H09,71,train
20250624_chem02_35C_T00_1216_E07_e01,20250624_chem02_35C_T00_1216_E07,1,train
20250703_chem3_34C_T00_1131_D02_e01,20250703_chem3_34C_T00_1131_D02,1,train
20250623_chem_34C_T02_1231_H02_e01,20250623_chem_34C_T02_1231_H02,1,train
20260324_cep290_30hpf_plate01_B03_e01,20260324_cep290_30hpf_plate01_B03,1,train
20251020_H10_e01,20251020_H10,57,train
20251017_part2_H09_e01,20251017_part2_H09,62,train
20250622_chem_28C_T01_1658_C07_e01,20250622_chem_28C_T01_1658_C07,1,train
20260416_cep290_30to48hpf_plate01_t02_D10_e01,20260416_cep290_30to48hpf_plate01_t02_D10,1,train
20260206_D02_e01,20260206_D02,150,train
20240626_G04_e01,20240626_G04,112,train
20250703_chem3_35C_T00_1101_G04_e01,20250703_chem3_35C_T00_1101_G04,1,train
20250703_chem3_35C_T01_1437_C01_e01,20250703_chem3_35C_T01_1437_C01,1,train
20240510_E08_e01,20240510_E08,1,train
20260415_b9d2_30to48hpf_plate02_t02_A03_e01,20260415_b9d2_30to48hpf_plate02_t02_A03,1,train
20251207_pbx_B12_e02,20251207_pbx_B12,132,train
20250624_chem02_35C_T01_1711_H10_e01,20250624_chem02_35C_T01_1711_H10,1,train
20250515_part2_G03_e01,20250515_part2_G03,27,train
20250126_B12_e01,20250126_B12,71,train
20230629_F01_e01,20230629_F01,41,train
20231110_F12_e01,20231110_F12,64,train
20250625_chem02_28C_T02_1332_E10_e02,20250625_chem02_28C_T02_1332_E10,1,train
20250126_G03_e01,20250126_G03,71,train
20241022_B04_e02,20241022_B04,37,train
20260210_D10_e01,20260210_D10,161,train
20260324_cep290_30hpf_plate02_C02_e01,20260324_cep290_30hpf_plate02_C02,1,train
20250425_H05_e01,20250425_H05,118,train
20260208_B02_e01,20260208_B02,321,train
20260702_hotchem_24hpf_plate01_F04_e01,20260702_hotchem_24hpf_plate01_F04,1,train
20260122_F08_e01,20260122_F08,104,train
20240718_E04_e01,20240718_E04,1,train
20250703_chem3_34C_T00_1131_A03_e01,20250703_chem3_34C_T00_1131_A03,1,train
20250512_G08_e01,20250512_G08,195,train
20250612_30hpf_wfs1_ctcf_A10_e01,20250612_30hpf_wfs1_ctcf_A10,1,train
20260415_b9d2_30to48hpf_plate01_t02_D04_e01,20260415_b9d2_30to48hpf_plate01_t02_D04,1,train
20250501_B05_e01,20250501_B05,176,train
20260418_irx_pilot_A11_e01,20260418_irx_pilot_A11,78,train
20230622_C06_e04,20230622_C06,43,train
20260208_F05_e01,20260208_F05,321,train
20260319_cilia_crispant_24hpf_G07_e01,20260319_cilia_crispant_24hpf_G07,1,train
20251112_B12_e01,20251112_B12,49,train
20250612_36hpf_ctrl_atf6_A02_e01,20250612_36hpf_ctrl_atf6_A02,1,train
20250716_chem4_35C_T00_1045_D07_e01,20250716_chem4_35C_T00_1045_D07,1,train
20260210_F08_e01,20260210_F08,161,train
20230627_F08_e01,20230627_F08,45,train
20230629_F08_e01,20230629_F08,41,train
20241023_G06_e01,20241023_G06,43,train
20250622_chem_34C_T01_1632_D01_e01,20250622_chem_34C_T01_1632_D01,1,train
20250512_A01_e01,20250512_A01,195,train
20251205_H04_e01,20251205_H04,115,train
20260202_G05_e02,20260202_G05,71,train
20260415_cep290_30to48hpf_plate02_t01_G03_e01,20260415_cep290_30to48hpf_plate02_t01_G03,1,train
20250612_30hpf_ctrl_atf6_H05_e01,20250612_30hpf_ctrl_atf6_H05,1,train
20260414_b9d2_14hpf_plate01_C02_e01,20260414_b9d2_14hpf_plate01_C02,1,train
20260414_b9d2_30hpf_plate01_D09_e01,20260414_b9d2_30hpf_plate01_D09,1,train
20251017_part2_D08_e02,20251017_part2_D08,63,train
20260702_hotchem_24hpf_plate02_C11_e01,20260702_hotchem_24hpf_plate02_C11,1,train
20260724_hotfish_36hpf_plate02_A02_e02,20260724_hotfish_36hpf_plate02_A02,1,train
20250625_chem02_35C_T02_1228_H10_e01,20250625_chem02_35C_T02_1228_H10,1,train
20240726_B06_e01,20240726_B06,1,train
20250126_F03_e01,20250126_F03,71,train
20250515_part2_D05_e01,20250515_part2_D05,27,train
20250624_chem02_34C_T01_1739_D10_e01,20250624_chem02_34C_T01_1739_D10,1,train
20250624_chem02_28C_T00_1356_H06_e01,20250624_chem02_28C_T00_1356_H06,1,train
20251017_part2_A04_e01,20251017_part2_A04,63,train
20251125_B09_e01,20251125_B09,231,train
20240306_H01_e01,20240306_H01,132,train
20231206_H08_e01,20231206_H08,59,train
20250625_chem02_34C_T02_1301_A02_e01,20250625_chem02_34C_T02_1301_A02,1,train
20250703_chem3_35C_T00_1101_C07_e02,20250703_chem3_35C_T00_1101_C07,1,train
20240717_D01_e01,20240717_D01,1,train
20240726_H03_e01,20240726_H03,1,train
20260418_irx_pilot_B09_e02,20260418_irx_pilot_B09,78,train
20250624_chem02_28C_T01_1808_B11_e01,20250624_chem02_28C_T01_1808_B11,1,train
20240812_H06_e01,20240812_H06,75,train
20250716_chem4_28C_T01_1400_D06_e01,20250716_chem4_28C_T01_1400_D06,1,train
20230627_B04_e01,20230627_B04,45,train
20260202_F12_e02,20260202_F12,71,train
20250625_chem02_35C_T02_1228_C03_e01,20250625_chem02_35C_T02_1228_C03,1,train
20240812_F02_e01,20240812_F02,75,train
20230831_B02_e01,20230831_B02,1,train
20250625_chem02_34C_T02_1301_D07_e01,20250625_chem02_34C_T02_1301_D07,1,train
20230627_B07_e01,20230627_B07,45,train
20260416_cep290_30to48hpf_plate02_t02_F07_e01,20260416_cep290_30to48hpf_plate02_t02_F07,1,train
20231206_D04_e03,20231206_D04,28,train
20251112_F02_e02,20251112_F02,27,train
20250415_D01_e01,20250415_D01,39,train
20260702_hotchem_24hpf_plate02_C12_e01,20260702_hotchem_24hpf_plate02_C12,1,train
20230622_A05_e01,20230622_A05,44,train
20251207_pbx_G05_e01,20251207_pbx_G05,132,train
20250612_24hpf_ctrl_atf6_C05_e01,20250612_24hpf_ctrl_atf6_C05,1,train
20250305_D09_e01,20250305_D09,340,train
20250415_E02_e01,20250415_E02,39,train
20240530_D09_e01,20240530_D09,81,train
20260416_cep290_30to48hpf_plate02_t02_D05_e02,20260416_cep290_30to48hpf_plate02_t02_D05,1,train
20260122_C04_e01,20260122_C04,104,train
20260331_b9d2_18hpf_plate02_F04_e01,20260331_b9d2_18hpf_plate02_F04,1,train
20250625_chem02_35C_T02_1228_H07_e01,20250625_chem02_35C_T02_1228_H07,1,train
20250612_30hpf_ctrl_atf6_E11_e01,20250612_30hpf_ctrl_atf6_E11,1,train
20260724_hotfish_36hpf_plate02_G07_e02,20260724_hotfish_36hpf_plate02_G07,1,train
20250612_30hpf_wfs1_ctcf_C03_e01,20250612_30hpf_wfs1_ctcf_C03,1,train
20230602_D04_e01,20230602_D04,97,train
20240509_24hpf_D07_e01,20240509_24hpf_D07,1,train
20260724_hotfish_24hpf_plate02_A04_e01,20260724_hotfish_24hpf_plate02_A04,1,train
20251212_C06_e01,20251212_C06,115,train
20260415_cep290_18hpf_plate03_G03_e01,20260415_cep290_18hpf_plate03_G03,1,train
20250622_chem_34C_T01_1632_D02_e01,20250622_chem_34C_T01_1632_D02,1,train
20260202_C08_e03,20260202_C08,71,train
20250612_24hpf_wfs1_ctcf_A09_e01,20250612_24hpf_wfs1_ctcf_A09,1,train
20240530_E12_e01,20240530_E12,81,train
20260702_hotchem_30hpf_plate01_G08_e01,20260702_hotchem_30hpf_plate01_G08,1,train
20260213_H08_e01,20260213_H08,139,train
20260219_F03_e01,20260219_F03,177,train
20260724_hotfish_36hpf_plate02_G02_e01,20260724_hotfish_36hpf_plate02_G02,1,train
20251207_pbx_A11_e02,20251207_pbx_A11,132,train
20250625_chem02_35C_T02_1228_A07_e01,20250625_chem02_35C_T02_1228_A07,1,train
20260702_hotchem_30hpf_plate01_C08_e02,20260702_hotchem_30hpf_plate01_C08,1,train
20260210_D08_e01,20260210_D08,161,train
20251121_A08_e02,20251121_A08,16,train
20240812_A08_e01,20240812_A08,75,train
20250624_chem02_35C_T00_1216_B11_e01,20250624_chem02_35C_T00_1216_B11,1,train
20230615_E05_e01,20230615_E05,50,train
20240306_D07_e01,20240306_D07,132,train
20251017_part1_H05_e01,20251017_part1_H05,65,train
20250519_D07_e01,20250519_D07,51,train
20260306_C10_e01,20260306_C10,186,train
20250415_D02_e02,20250415_D02,35,train
20250624_chem02_35C_T01_1711_A10_e02,20250624_chem02_35C_T01_1711_A10,1,train
20260724_hotfish_24hpf_plate02_H04_e01,20260724_hotfish_24hpf_plate02_H04,1,train
20260702_hotchem_24hpf_plate02_C08_e01,20260702_hotchem_24hpf_plate02_C08,1,train
20260414_b9d2_30hpf_plate01_C09_e01,20260414_b9d2_30hpf_plate01_C09,1,train
20250711_E08_e01,20250711_E08,179,train
20251020_E06_e01,20251020_E06,57,train
20250612_24hpf_wfs1_ctcf_H04_e01,20250612_24hpf_wfs1_ctcf_H04,1,train
20250612_30hpf_wfs1_ctcf_A05_e01,20250612_30hpf_wfs1_ctcf_A05,1,train
20250703_chem3_35C_T00_1101_B05_e01,20250703_chem3_35C_T00_1101_B05,1,train
20250624_chem02_35C_T01_1711_G01_e01,20250624_chem02_35C_T01_1711_G01,1,train
20240718_G12_e01,20240718_G12,1,train
20260418_irx_pilot_E02_e02,20260418_irx_pilot_E02,78,train
20240718_A06_e01,20240718_A06,1,train
20240530_F11_e02,20240530_F11,81,train
20260324_cep290_24hpf_plate01_B05_e01,20260324_cep290_24hpf_plate01_B05,1,train
20250716_chem4_35C_T00_1045_C08_e01,20250716_chem4_35C_T00_1045_C08,1,train
20250625_chem02_34C_T02_1301_C05_e01,20250625_chem02_34C_T02_1301_C05,1,train
20260418_irx_pilot_G01_e02,20260418_irx_pilot_G01,78,train
20260702_hotchem_24hpf_plate02_E07_e01,20260702_hotchem_24hpf_plate02_E07,1,train
20250703_chem3_35C_T01_1437_D03_e01,20250703_chem3_35C_T01_1437_D03,1,train
20260702_hotchem_30hpf_plate02_F03_e01,20260702_hotchem_30hpf_plate02_F03,1,train
20260324_cep290_30hpf_plate02_E03_e01,20260324_cep290_30hpf_plate02_E03,1,train
20260324_cep290_24hpf_plate01_E11_e01,20260324_cep290_24hpf_plate01_E11,1,train
20260319_D07_e03,20260319_D07,105,train
20230620_C10_e01,20230620_C10,88,train
20260415_cep290_30to48hpf_plate02_t01_A06_e01,20260415_cep290_30to48hpf_plate02_t01_A06,1,train
20260724_hotfish_30hpf_plate01_B06_e01,20260724_hotfish_30hpf_plate01_B06,1,train
20260415_cep290_18hpf_plate03_E01_e01,20260415_cep290_18hpf_plate03_E01,1,train
20250512_G05_e01,20250512_G05,195,train
20260206_C05_e01,20260206_C05,150,train
20260304_G03_e02,20260304_G03,192,train
20250912_E08_e02,20250912_E08,113,train
20260319_F07_e01,20260319_F07,105,train
20240509_H03_e01,20240509_H03,41,train
20260414_b9d2_30hpf_plate01_F04_e01,20260414_b9d2_30hpf_plate01_F04,1,train
20251119_B04_e01,20251119_B04,348,train
20250622_chem_34C_T01_1632_A08_e01,20250622_chem_34C_T01_1632_A08,1,train
20250622_chem_35C_T01_1605_B12_e01,20250622_chem_35C_T01_1605_B12,1,train
20251017_part2_B02_e01,20251017_part2_B02,63,train
20260724_hotfish_36hpf_plate01_F10_e01,20260724_hotfish_36hpf_plate01_F10,1,train
20260418_irx_pilot_F09_e01,20260418_irx_pilot_F09,78,train
20250612_24hpf_ctrl_atf6_H11_e01,20250612_24hpf_ctrl_atf6_H11,1,train
20250512_B11_e03,20250512_B11,195,train
20260306_A06_e02,20260306_A06,186,train
20260724_hotfish_36hpf_plate01_H04_e01,20260724_hotfish_36hpf_plate01_H04,1,train
20250612_36hpf_ctrl_atf6_E07_e01,20250612_36hpf_ctrl_atf6_E07,1,train
20260702_hotchem_24hpf_plate01_H01_e01,20260702_hotchem_24hpf_plate01_H01,1,train
20250716_chem4_35C_T00_1045_E10_e01,20250716_chem4_35C_T00_1045_E10,1,train
20260415_cep290_18hpf_plate03_G06_e01,20260415_cep290_18hpf_plate03_G06,1,train
20260702_hotchem_24hpf_plate01_C04_e01,20260702_hotchem_24hpf_plate01_C04,1,train
20250622_chem_28C_T01_1658_B12_e01,20250622_chem_28C_T01_1658_B12,1,train
20260414_b9d2_14hpf_plate01_E05_e01,20260414_b9d2_14hpf_plate01_E05,1,train
20251017_part2_G09_e01,20251017_part2_G09,63,train
20260724_hotfish_24hpf_plate01_B03_e01,20260724_hotfish_24hpf_plate01_B03,1,train
20250612_24hpf_ctrl_atf6_B11_e01,20250612_24hpf_ctrl_atf6_B11,1,train
20230620_B07_e01,20230620_B07,89,train
20260219_A02_e01,20260219_A02,177,train
20240306_A08_e01,20240306_A08,132,train
20260415_b9d2_30to48hpf_plate01_t02_D02_e01,20260415_b9d2_30to48hpf_plate01_t02_D02,1,train
20260702_hotchem_36hpf_plate01_G07_e01,20260702_hotchem_36hpf_plate01_G07,1,train
20250612_30hpf_ctrl_atf6_E10_e01,20250612_30hpf_ctrl_atf6_E10,1,train
20260415_cep290_30to48hpf_plate02_t01_D10_e01,20260415_cep290_30to48hpf_plate02_t01_D10,1,train
20260219_D02_e02,20260219_D02,177,train
20240530_C05_e01,20240530_C05,81,train
20260324_cep290_24hpf_plate01_E01_e01,20260324_cep290_24hpf_plate01_E01,1,train
20260417_irx_pilot_D04_e01,20260417_irx_pilot_D04,27,train
20260319_cilia_crispant_30hpf_A12_e01,20260319_cilia_crispant_30hpf_A12,1,train
20240418_G04_e01,20240418_G04,46,train
20240726_G03_e01,20240726_G03,1,train
20250425_G12_e01,20250425_G12,118,train
20250623_chem_28C_T02_1259_G04_e02,20250623_chem_28C_T02_1259_G04,1,train
20260319_cilia_crispant_30hpf_F04_e01,20260319_cilia_crispant_30hpf_F04,1,train
20250622_chem_34C_T01_1632_F10_e01,20250622_chem_34C_T01_1632_F10,1,train
20251017_part2_C05_e01,20251017_part2_C05,63,train
20260702_hotchem_30hpf_plate01_H07_e01,20260702_hotchem_30hpf_plate01_H07,1,train
20251020_D06_e01,20251020_D06,57,train
20260417_irx_pilot_D03_e02,20260417_irx_pilot_D03,27,train
20240418_C10_e02,20240418_C10,46,train
20260724_hotfish_24hpf_plate02_G04_e01,20260724_hotfish_24hpf_plate02_G04,1,train
20260724_hotfish_30hpf_plate01_B12_e01,20260724_hotfish_30hpf_plate01_B12,1,train
20250515_part2_A04_e01,20250515_part2_A04,27,train
20250721_chem5_35C_T00_1023_F10_e01,20250721_chem5_35C_T00_1023_F10,1,train
20240306_C07_e01,20240306_C07,132,train
20251017_part1_B02_e01,20251017_part1_B02,65,train
20240307_E06_e01,20240307_E06,44,train
20251017_part1_G02_e01,20251017_part1_G02,65,train
20250612_30hpf_wfs1_ctcf_H12_e01,20250612_30hpf_wfs1_ctcf_H12,1,train
20230602_B02_e01,20230602_B02,98,train
20240522_H11_e01,20240522_H11,95,train
20240510_F03_e01,20240510_F03,1,train
20240418_A08_e03,20240418_A08,46,train
20260724_hotfish_30hpf_plate01_G12_e01,20260724_hotfish_30hpf_plate01_G12,1,train
20260416_cep290_30to48hpf_plate01_t02_C05_e01,20260416_cep290_30to48hpf_plate01_t02_C05,1,train
20240530_B02_e01,20240530_B02,81,train
20260306_D07_e01,20260306_D07,186,train
20260319_cilia_crispant_24hpf_H02_e01,20260319_cilia_crispant_24hpf_H02,1,train
20250912_A10_e01,20250912_A10,113,train
20250624_chem02_28C_T01_1808_E12_e01,20250624_chem02_28C_T01_1808_E12,1,train
20260213_B10_e02,20260213_B10,139,train
20250612_24hpf_wfs1_ctcf_D07_e01,20250612_24hpf_wfs1_ctcf_D07,1,train
20240725_C01_e01,20240725_C01,1,train
20250515_part2_E06_e01,20250515_part2_E06,27,train
20240306_B05_e01,20240306_B05,132,train
20251125_G05_e01,20251125_G05,231,train
20251207_pbx_A04_e01,20251207_pbx_A04,132,train
20251020_A07_e01,20251020_A07,57,train
20251020_A06_e01,20251020_A06,57,train
20250623_chem_28C_T02_1259_C04_e01,20250623_chem_28C_T02_1259_C04,1,train
20231206_B01_e03,20231206_B01,16,train
20260213_H06_e01,20260213_H06,139,train
20250622_chem_35C_T01_1605_B08_e01,20250622_chem_35C_T01_1605_B08,1,train
20240530_C01_e01,20240530_C01,81,train
20250622_chem_28C_T00_1425_A06_e01,20250622_chem_28C_T00_1425_A06,1,train
20260702_hotchem_36hpf_plate01_C02_e01,20260702_hotchem_36hpf_plate01_C02,1,train
20250622_chem_34C_T01_1632_F03_e01,20250622_chem_34C_T01_1632_F03,1,train
20240725_D01_e01,20240725_D01,1,train
20230629_C02_e03,20230629_C02,41,train
20250612_30hpf_ctrl_atf6_E01_e01,20250612_30hpf_ctrl_atf6_E01,1,train
20240411_G01_e01,20240411_G01,48,train
20260304_H11_e01,20260304_H11,192,train
20241023_C04_e01,20241023_C04,43,train
20240509_G08_e01,20240509_G08,41,train
20240418_E09_e02,20240418_E09,46,train
20260416_cep290_30to48hpf_plate01_t02_G11_e01,20260416_cep290_30to48hpf_plate01_t02_G11,1,train
20250912_F04_e01,20250912_F04,113,train
20250305_H03_e01,20250305_H03,340,train
20250624_chem02_34C_T01_1739_C05_e02,20250624_chem02_34C_T01_1739_C05,1,train
20231218_G02_e01,20231218_G02,34,train
20260324_cep290_30hpf_plate01_G09_e01,20260324_cep290_30hpf_plate01_G09,1,train
20230629_E04_e02,20230629_E04,41,train
20260306_D04_e01,20260306_D04,186,train
20240530_D12_e01,20240530_D12,81,train
20230620_D05_e01,20230620_D05,88,train
20250711_C05_e01,20250711_C05,179,train
20251205_A03_e01,20251205_A03,115,train
20260208_G05_e01,20260208_G05,321,train
20250612_36hpf_wfs1_ctcf_B11_e01,20250612_36hpf_wfs1_ctcf_B11,1,train
20260702_hotchem_30hpf_plate02_F01_e01,20260702_hotchem_30hpf_plate02_F01,1,train
20251020_A10_e01,20251020_A10,57,train
20250415_B03_e01,20250415_B03,39,train
20230629_B09_e01,20230629_B09,41,train
20260122_G11_e01,20260122_G11,104,train
20250612_36hpf_wfs1_ctcf_A11_e01,20250612_36hpf_wfs1_ctcf_A11,1,train
20250519_G05_e01,20250519_G05,51,train
20250215_E04_e01,20250215_E04,78,train
20250721_chem5_28C_T00_1257_A02_e01,20250721_chem5_28C_T00_1257_A02,1,train
20260702_hotchem_30hpf_plate02_F07_e01,20260702_hotchem_30hpf_plate02_F07,1,train
20250703_chem3_34C_T01_1457_E03_e01,20250703_chem3_34C_T01_1457_E03,1,train
20260417_irx_pilot_E03_e02,20260417_irx_pilot_E03,27,train
20251121_F05_e01,20251121_F05,172,train
20250425_B03_e02,20250425_B03,118,train
20260702_hotchem_36hpf_plate01_E09_e01,20260702_hotchem_36hpf_plate01_E09,1,train
20260208_G02_e01,20260208_G02,321,train
20240510_B05_e01,20240510_B05,1,train
20250623_chem_34C_T02_1231_F12_e01,20250623_chem_34C_T02_1231_F12,1,train
20250716_chem4_35C_T00_1045_E02_e01,20250716_chem4_35C_T00_1045_E02,1,train
20251017_part1_B06_e01,20251017_part1_B06,65,train
20260122_F09_e01,20260122_F09,104,train
20260319_cilia_crispant_24hpf_B01_e01,20260319_cilia_crispant_24hpf_B01,1,train
20260414_b9d2_30hpf_plate01_B03_e01,20260414_b9d2_30hpf_plate01_B03,1,train
20251212_D04_e01,20251212_D04,115,train
20251207_pbx_H01_e01,20251207_pbx_H01,132,train
20250625_chem02_28C_T02_1332_A02_e01,20250625_chem02_28C_T02_1332_A02,1,train
20260208_C07_e01,20260208_C07,321,train
20260331_b9d2_18hpf_plate02_C06_e01,20260331_b9d2_18hpf_plate02_C06,1,train
20260202_B01_e01,20260202_B01,71,train
20230615_C04_e01,20230615_C04,50,train
20260418_irx_pilot_H11_e01,20260418_irx_pilot_H11,78,train
20260324_cep290_24hpf_plate02_F10_e01,20260324_cep290_24hpf_plate02_F10,1,train
20250624_chem02_34C_T00_1243_A03_e02,20250624_chem02_34C_T00_1243_A03,1,train
20240726_B07_e01,20240726_B07,1,train
20260414_b9d2_14hpf_plate01_F11_e01,20260414_b9d2_14hpf_plate01_F11,1,train
20240718_E01_e01,20240718_E01,1,train
20250624_chem02_28C_T00_1356_G12_e02,20250624_chem02_28C_T00_1356_G12,1,train
20260213_C01_e01,20260213_C01,139,train
20250126_H12_e01,20250126_H12,71,train
20230615_C06_e01,20230615_C06,50,train
20260206_E04_e01,20260206_E04,150,train
20260319_cilia_crispant_24hpf_D05_e01,20260319_cilia_crispant_24hpf_D05,1,train
20250622_chem_28C_T00_1425_F07_e01,20250622_chem_28C_T00_1425_F07,1,train
20260702_hotchem_30hpf_plate01_B02_e01,20260702_hotchem_30hpf_plate01_B02,1,train
20260415_b9d2_30to48hpf_plate02_t02_A02_e01,20260415_b9d2_30to48hpf_plate02_t02_A02,1,train
20260415_cep290_18hpf_plate03_A06_e01,20260415_cep290_18hpf_plate03_A06,1,train
20250612_30hpf_ctrl_atf6_A10_e01,20250612_30hpf_ctrl_atf6_A10,1,train
20240626_C03_e01,20240626_C03,112,train
20260319_cilia_crispant_18hpf_G05_e01,20260319_cilia_crispant_18hpf_G05,1,train
20230602_A09_e02,20230602_A09,98,train
20250716_chem4_28C_T00_1158_B01_e01,20250716_chem4_28C_T00_1158_B01,1,train
20251119_H03_e01,20251119_H03,348,train
20260724_hotfish_36hpf_plate02_F01_e01,20260724_hotfish_36hpf_plate02_F01,1,train
20240530_H08_e01,20240530_H08,81,train
20260418_irx_pilot_B07_e03,20260418_irx_pilot_B07,78,train
20250612_36hpf_ctrl_atf6_D05_e01,20250612_36hpf_ctrl_atf6_D05,1,train
20240813_30hpf_C06_e01,20240813_30hpf_C06,1,train
20260324_cep290_24hpf_plate02_G02_e01,20260324_cep290_24hpf_plate02_G02,1,train
20240812_G08_e01,20240812_G08,75,train
20250716_chem4_28C_T00_1158_C11_e02,20250716_chem4_28C_T00_1158_C11,1,train
20250716_chem4_35C_T00_1045_E01_e01,20250716_chem4_35C_T00_1045_E01,1,train
20260724_hotfish_30hpf_plate01_E01_e01,20260724_hotfish_30hpf_plate01_E01,1,train
20260415_b9d2_30to48hpf_plate01_t02_A10_e01,20260415_b9d2_30to48hpf_plate01_t02_A10,1,train
20250624_chem02_34C_T01_1739_C09_e02,20250624_chem02_34C_T01_1739_C09,1,train
20260702_hotchem_36hpf_plate01_E07_e01,20260702_hotchem_36hpf_plate01_E07,1,train
20260415_cep290_30to48hpf_plate02_t01_C01_e01,20260415_cep290_30to48hpf_plate02_t01_C01,1,train
20250612_30hpf_wfs1_ctcf_E08_e01,20250612_30hpf_wfs1_ctcf_E08,1,train
20251207_pbx_C03_e01,20251207_pbx_C03,132,train
20240726_A07_e02,20240726_A07,1,train
20240306_F06_e02,20240306_F06,132,train
20230627_D05_e02,20230627_D05,39,train
20250716_chem4_35C_T00_1045_F01_e01,20250716_chem4_35C_T00_1045_F01,1,train
20240509_C01_e01,20240509_C01,41,train
20251112_B03_e01,20251112_B03,49,train
20250622_chem_35C_T00_1223_check_B12_e01,20250622_chem_35C_T00_1223_check_B12,1,train
20230620_B03_e01,20230620_B03,89,train
20250711_B07_e01,20250711_B07,179,train
20240726_D05_e02,20240726_D05,1,train
20260206_A03_e01,20260206_A03,150,train
20250716_chem4_28C_T01_1400_E07_e02,20250716_chem4_28C_T01_1400_E07,1,train
20231206_D07_e01,20231206_D07,59,train
20251121_D05_e02,20251121_D05,18,train
20241022_H05_e01,20241022_H05,37,train
20251121_B04_e01,20251121_B04,173,train
20260417_irx_pilot_A07_e02,20260417_irx_pilot_A07,27,train
20260417_irx_pilot_D04_e04,20260417_irx_pilot_D04,27,train
20260702_hotchem_30hpf_plate01_B08_e02,20260702_hotchem_30hpf_plate01_B08,1,train
20250425_B09_e01,20250425_B09,118,train
20240724_C02_e01,20240724_C02,1,train
20260306_G08_e01,20260306_G08,184,train
20240726_C05_e01,20240726_C05,1,train
20231110_A03_e01,20231110_A03,64,train
20260122_F10_e02,20260122_F10,104,train
20260324_cep290_24hpf_plate02_D11_e01,20260324_cep290_24hpf_plate02_D11,1,train
20251125_C08_e01,20251125_C08,231,train
20240418_A10_e03,20240418_A10,46,train
20260324_cep290_30hpf_plate02_E03_e02,20260324_cep290_30hpf_plate02_E03,1,train
20260213_C08_e01,20260213_C08,139,train
20260319_E06_e02,20260319_E06,105,train
20260415_b9d2_30to48hpf_plate01_t02_A09_e01,20260415_b9d2_30to48hpf_plate01_t02_A09,1,train
20231218_F08_e01,20231218_F08,34,train
20250625_chem02_28C_T02_1332_F08_e01,20250625_chem02_28C_T02_1332_F08,1,train
20241022_A02_e01,20241022_A02,37,train
20260213_F05_e02,20260213_F05,139,train
20260414_b9d2_30hpf_plate02_G01_e01,20260414_b9d2_30hpf_plate02_G01,1,train
20260324_cep290_24hpf_plate02_E01_e01,20260324_cep290_24hpf_plate02_E01,1,train
20240724_D03_e01,20240724_D03,1,train
20240307_A07_e01,20240307_A07,44,train
20240812_H10_e01,20240812_H10,75,train
20251020_E11_e01,20251020_E11,57,train
20240530_E07_e01,20240530_E07,81,train
20260122_D03_e01,20260122_D03,104,train
20231110_H11_e01,20231110_H11,64,train
20230602_A07_e01,20230602_A07,98,train
20260319_cilia_crispant_18hpf_D05_e01,20260319_cilia_crispant_18hpf_D05,1,train
20240626_H10_e01,20240626_H10,112,train
20240726_E02_e01,20240726_E02,1,train
20260724_hotfish_24hpf_plate01_F03_e01,20260724_hotfish_24hpf_plate01_F03,1,train
20251020_F09_e01,20251020_F09,57,train
20250625_chem02_34C_T02_1301_C07_e01,20250625_chem02_34C_T02_1301_C07,1,train
20260304_F02_e01,20260304_F02,192,train
20250515_part2_G09_e02,20250515_part2_G09,27,train
20260324_cep290_30hpf_plate02_B01_e03,20260324_cep290_30hpf_plate02_B01,1,train
20251121_G09_e01,20251121_G09,172,train
20230602_C01_e01,20230602_C01,96,train
20260228_A09_e02,20260228_A09,151,train
20250711_B08_e01,20250711_B08,179,train
20260702_hotchem_36hpf_plate02_E05_e01,20260702_hotchem_36hpf_plate02_E05,1,train
20250624_chem02_34C_T00_1243_B01_e01,20250624_chem02_34C_T00_1243_B01,1,train
20251017_part2_D04_e01,20251017_part2_D04,63,train
20230615_E12_e01,20230615_E12,50,train
20250624_chem02_35C_T00_1216_H10_e01,20250624_chem02_35C_T00_1216_H10,1,train
20250215_F03_e01,20250215_F03,78,train
20260416_cep290_30to48hpf_plate01_t02_G12_e01,20260416_cep290_30to48hpf_plate01_t02_G12,1,train
20250716_chem4_28C_T00_1158_C08_e01,20250716_chem4_28C_T00_1158_C08,1,train
20240510_B07_e01,20240510_B07,1,train
20240306_H05_e01,20240306_H05,132,train
20240522_B08_e01,20240522_B08,95,train
20240418_G04_e02,20240418_G04,46,train
20260702_hotchem_24hpf_plate02_A05_e01,20260702_hotchem_24hpf_plate02_A05,1,train
20260319_cilia_crispant_18hpf_C02_e01,20260319_cilia_crispant_18hpf_C02,1,train
20240509_C02_e01,20240509_C02,41,train
20251207_pbx_B05_e01,20251207_pbx_B05,132,train
20250624_chem02_34C_T00_1243_D12_e01,20250624_chem02_34C_T00_1243_D12,1,train
20230627_E08_e01,20230627_E08,45,train
20260724_hotfish_24hpf_plate01_E10_e01,20260724_hotfish_24hpf_plate01_E10,1,train
20250624_chem02_34C_T01_1739_E07_e01,20250624_chem02_34C_T01_1739_E07,1,train
20231206_D10_e03,20231206_D10,59,train
20260414_b9d2_30hpf_plate01_A05_e01,20260414_b9d2_30hpf_plate01_A05,1,train
20230602_A08_e02,20230602_A08,98,train
20240404_G03_e02,20240404_G03,35,train
20260324_cep290_24hpf_plate01_A11_e01,20260324_cep290_24hpf_plate01_A11,1,train
20260228_D03_e01,20260228_D03,151,train
20251207_pbx_A06_e01,20251207_pbx_A06,132,train
20250305_D04_e01,20250305_D04,340,train
20250716_chem4_28C_T01_1400_A07_e01,20250716_chem4_28C_T01_1400_A07,1,train
20251112_D02_e01,20251112_D02,49,train
20250512_E09_e01,20250512_E09,195,train
20250912_D07_e01,20250912_D07,113,train
20260702_hotchem_36hpf_plate02_C09_e01,20260702_hotchem_36hpf_plate02_C09,1,train
20240522_C02_e01,20240522_C02,95,train
20260415_b9d2_30to48hpf_plate02_t02_D05_e01,20260415_b9d2_30to48hpf_plate02_t02_D05,1,train
20250703_chem3_34C_T01_1457_D04_e01,20250703_chem3_34C_T01_1457_D04,1,train
20240522_F10_e01,20240522_F10,95,train
20250622_chem_28C_T00_1425_D05_e01,20250622_chem_28C_T00_1425_D05,1,train
20260122_D04_e01,20260122_D04,104,train
20250623_chem_34C_T02_1231_F03_e01,20250623_chem_34C_T02_1231_F03,1,train
20250126_H10_e01,20250126_H10,71,train
20260724_hotfish_24hpf_plate02_E03_e01,20260724_hotfish_24hpf_plate02_E03,1,train
20260122_D12_e03,20260122_D12,36,train
20250716_chem4_28C_T01_1400_B08_e01,20250716_chem4_28C_T01_1400_B08,1,train
20250612_30hpf_wfs1_ctcf_F11_e01,20250612_30hpf_wfs1_ctcf_F11,1,train
20260202_D11_e02,20260202_D11,71,train
20250622_chem_34C_T00_1256_F07_e01,20250622_chem_34C_T00_1256_F07,1,train
20260213_A05_e02,20260213_A05,11,train
20251121_D08_e02,20251121_D08,57,train
20251121_F12_e01,20251121_F12,173,train
20240307_B04_e01,20240307_B04,44,train
20250622_chem_35C_T00_1223_check_E12_e01,20250622_chem_35C_T00_1223_check_E12,1,train
20240813_36hpf_D07_e01,20240813_36hpf_D07,1,train
20241023_C11_e02,20241023_C11,43,train
20251121_G08_e01,20251121_G08,172,train
20230622_C11_e01,20230622_C11,43,train
20260202_G12_e02,20260202_G12,71,train
20251020_C04_e01,20251020_C04,57,train
20251212_F08_e01,20251212_F08,115,train
20260122_A03_e01,20260122_A03,103,train
20251121_C09_e01,20251121_C09,173,train
20241022_E11_e02,20241022_E11,37,train
20260319_cilia_crispant_24hpf_F07_e01,20260319_cilia_crispant_24hpf_F07,1,train
20260210_H07_e01,20260210_H07,161,train
20250624_chem02_35C_T01_1711_D05_e01,20250624_chem02_35C_T01_1711_D05,1,train
20230627_A07_e01,20230627_A07,45,train
20250711_D10_e01,20250711_D10,179,train
20251207_pbx_A12_e02,20251207_pbx_A12,132,train
20250623_chem_34C_T02_1231_D05_e01,20250623_chem_34C_T02_1231_D05,1,train
20260324_cep290_30hpf_plate02_G02_e01,20260324_cep290_30hpf_plate02_G02,1,train
20250721_chem5_35C_T00_1023_E08_e01,20250721_chem5_35C_T00_1023_E08,1,train
20260415_b9d2_30to48hpf_plate02_t02_E05_e01,20260415_b9d2_30to48hpf_plate02_t02_E05,1,train
20250703_chem3_35C_T01_1437_D06_e01,20250703_chem3_35C_T01_1437_D06,1,train
20240307_B03_e03,20240307_B03,44,train
20260414_b9d2_30hpf_plate01_G05_e01,20260414_b9d2_30hpf_plate01_G05,1,train
20240418_B09_e03,20240418_B09,46,train
20250622_chem_28C_T01_1658_B04_e01,20250622_chem_28C_T01_1658_B04,1,train
20240418_H01_e02,20240418_H01,46,train
20240418_H08_e03,20240418_H08,46,train
20240530_D08_e03,20240530_D08,81,train
20250625_chem02_34C_T02_1301_D01_e01,20250625_chem02_34C_T02_1301_D01,1,train
20260415_b9d2_30to48hpf_plate01_t02_E04_e01,20260415_b9d2_30to48hpf_plate01_t02_E04,1,train
20241022_B01_e01,20241022_B01,37,train
20250624_chem02_28C_T01_1808_F05_e01,20250624_chem02_28C_T01_1808_F05,1,train
20260417_irx_pilot_H03_e02,20260417_irx_pilot_H03,27,train
20260213_F12_e01,20260213_F12,139,train
20250515_part2_H12_e02,20250515_part2_H12,27,train
20250622_chem_28C_T01_1658_B01_e01,20250622_chem_28C_T01_1658_B01,1,train
20251205_D11_e01,20251205_D11,115,train
20240813_30hpf_B04_e01,20240813_30hpf_B04,1,train
20230622_C01_e02,20230622_C01,43,train
20240306_B07_e01,20240306_B07,132,train
20250721_chem5_28C_T00_1257_E11_e01,20250721_chem5_28C_T00_1257_E11,1,train
20231206_D02_e02,20231206_D02,59,train
20260418_irx_pilot_D10_e01,20260418_irx_pilot_D10,78,train
20250624_chem02_28C_T00_1356_H05_e01,20250624_chem02_28C_T00_1356_H05,1,train
20230629_A04_e01,20230629_A04,42,train
20240812_D11_e01,20240812_D11,75,train
20260213_C10_e02,20260213_C10,139,train
20240522_H09_e01,20240522_H09,95,train
20260418_irx_pilot_E11_e02,20260418_irx_pilot_E11,78,train
20250623_chem_28C_T02_1259_F02_e01,20250623_chem_28C_T02_1259_F02,1,train
20240418_H04_e01,20240418_H04,46,train
20250721_chem5_28C_T01_1401_F10_e01,20250721_chem5_28C_T01_1401_F10,1,train
20260702_hotchem_36hpf_plate01_G12_e01,20260702_hotchem_36hpf_plate01_G12,1,train
20260304_C09_e03,20260304_C09,192,train
20250519_F04_e01,20250519_F04,51,train
20250622_chem_35C_T01_1605_C10_e01,20250622_chem_35C_T01_1605_C10,1,train
20250716_chem4_28C_T00_1158_A11_e01,20250716_chem4_28C_T00_1158_A11,1,train
20260319_E04_e01,20260319_E04,105,train
20251017_part2_F01_e01,20251017_part2_F01,63,train
20250519_E10_e01,20250519_E10,51,train
20240626_G07_e01,20240626_G07,112,train
20250622_chem_34C_T00_1256_A02_e01,20250622_chem_34C_T00_1256_A02,1,train
20260202_G03_e04,20260202_G03,71,train
20260417_irx_pilot_D11_e01,20260417_irx_pilot_D11,27,train
20260418_irx_pilot_D08_e01,20260418_irx_pilot_D08,78,train
20241023_C03_e01,20241023_C03,43,train
20250622_chem_35C_T00_1223_check_E06_e02,20250622_chem_35C_T00_1223_check_E06,1,train
20251125_E06_e01,20251125_E06,231,train
20240509_C04_e01,20240509_C04,41,train
20250703_chem3_34C_T00_1131_B04_e01,20250703_chem3_34C_T00_1131_B04,1,train
20250622_chem_28C_T00_1425_C04_e01,20250622_chem_28C_T00_1425_C04,1,train
20250624_chem02_35C_T01_1711_E07_e01,20250624_chem02_35C_T01_1711_E07,1,train
20260416_cep290_30to48hpf_plate01_t02_D11_e01,20260416_cep290_30to48hpf_plate01_t02_D11,1,train
20260210_G10_e01,20260210_G10,161,train
20250415_G07_e01,20250415_G07,39,train
20250624_chem02_28C_T00_1356_A01_e02,20250624_chem02_28C_T00_1356_A01,1,train
20260702_hotchem_24hpf_plate01_E06_e01,20260702_hotchem_24hpf_plate01_E06,1,train
20250716_chem4_28C_T01_1400_C11_e02,20250716_chem4_28C_T01_1400_C11,1,train
20251212_H01_e01,20251212_H01,115,train
20251121_B10_e01,20251121_B10,173,train
20251121_H01_e01,20251121_H01,173,train
20250721_chem5_28C_T00_1257_A12_e01,20250721_chem5_28C_T00_1257_A12,1,train
20240509_A11_e01,20240509_A11,41,train
20250624_chem02_34C_T01_1739_E12_e01,20250624_chem02_34C_T01_1739_E12,1,train
20260324_cep290_30hpf_plate01_A08_e01,20260324_cep290_30hpf_plate01_A08,1,train
20230531_F09_e01,20230531_F09,66,train
20260319_cilia_crispant_24hpf_D02_e01,20260319_cilia_crispant_24hpf_D02,1,train
20250703_chem3_34C_T00_1131_F05_e01,20250703_chem3_34C_T00_1131_F05,1,train
20250415_C08_e01,20250415_C08,39,train
20260702_hotchem_24hpf_plate01_F01_e01,20260702_hotchem_24hpf_plate01_F01,1,train
20250126_B02_e02,20250126_B02,71,train
20260724_hotfish_30hpf_plate02_C03_e01,20260724_hotfish_30hpf_plate02_C03,1,train
20260416_cep290_30to48hpf_plate01_t02_F11_e01,20260416_cep290_30to48hpf_plate01_t02_F11,1,train
20250519_D03_e01,20250519_D03,51,train
20250625_chem02_28C_T02_1332_F07_e02,20250625_chem02_28C_T02_1332_F07,1,train
20260319_cilia_crispant_24hpf_B08_e01,20260319_cilia_crispant_24hpf_B08,1,train
20250624_chem02_35C_T01_1711_D08_e01,20250624_chem02_35C_T01_1711_D08,1,train
20260206_E08_e01,20260206_E08,150,train
20240510_F07_e01,20240510_F07,1,train
20250612_24hpf_ctrl_atf6_G08_e01,20250612_24hpf_ctrl_atf6_G08,1,train
20260724_hotfish_36hpf_plate02_B01_e01,20260724_hotfish_36hpf_plate02_B01,1,train
20260724_hotfish_24hpf_plate02_B03_e01,20260724_hotfish_24hpf_plate02_B03,1,train
20240418_A09_e04,20240418_A09,46,train
20260324_cep290_30hpf_plate01_F12_e01,20260324_cep290_30hpf_plate01_F12,1,train
20260219_D01_e03,20260219_D01,177,train
20240510_C08_e01,20240510_C08,1,train
20250612_36hpf_wfs1_ctcf_C07_e01,20250612_36hpf_wfs1_ctcf_C07,1,train
20260702_hotchem_30hpf_plate01_E03_e02,20260702_hotchem_30hpf_plate01_E03,1,train
20231110_C06_e02,20231110_C06,22,train
20251017_part2_H01_e02,20251017_part2_H01,63,train
20260319_B05_e01,20260319_B05,105,train
20260324_cep290_30hpf_plate01_D08_e01,20260324_cep290_30hpf_plate01_D08,1,train
20240307_A04_e02,20240307_A04,44,train
20250425_A03_e01,20250425_A03,118,train
20250711_F01_e01,20250711_F01,179,train
20260702_hotchem_24hpf_plate01_F11_e01,20260702_hotchem_24hpf_plate01_F11,1,train
20231206_G02_e01,20231206_G02,59,train
20240411_A05_e01,20240411_A05,48,train
20230531_E04_e01,20230531_E04,66,train
20250622_chem_35C_T01_1605_H02_e01,20250622_chem_35C_T01_1605_H02,1,train
20260219_A07_e01,20260219_A07,177,train
20250703_chem3_28C_T00_1325_F07_e01,20250703_chem3_28C_T00_1325_F07,1,train
20231206_H11_e01,20231206_H11,59,train
20260206_C09_e01,20260206_C09,150,train
20260213_F02_e02,20260213_F02,139,train
20250721_chem5_35C_T00_1023_E09_e01,20250721_chem5_35C_T00_1023_E09,1,train
20260415_b9d2_30to48hpf_plate01_t02_D09_e01,20260415_b9d2_30to48hpf_plate01_t02_D09,1,train
20260415_b9d2_30to48hpf_plate01_t02_H10_e01,20260415_b9d2_30to48hpf_plate01_t02_H10,1,train
20260416_cep290_30to48hpf_plate01_t02_A01_e01,20260416_cep290_30to48hpf_plate01_t02_A01,1,train
20240307_G08_e01,20240307_G08,44,train
20250721_chem5_28C_T01_1401_C11_e01,20250721_chem5_28C_T01_1401_C11,1,train
20250721_chem5_28C_T01_1401_E06_e01,20250721_chem5_28C_T01_1401_E06,1,train
20260416_cep290_30to48hpf_plate01_t02_E03_e01,20260416_cep290_30to48hpf_plate01_t02_E03,1,train
20250622_chem_35C_T00_1223_check_B07_e01,20250622_chem_35C_T00_1223_check_B07,1,train
20250711_G03_e01,20250711_G03,179,train
20230615_A10_e01,20230615_A10,50,train
20250612_36hpf_ctrl_atf6_D11_e01,20250612_36hpf_ctrl_atf6_D11,1,train
20250612_24hpf_wfs1_ctcf_B10_e01,20250612_24hpf_wfs1_ctcf_B10,1,train
20250623_chem_28C_T02_1259_F04_e01,20250623_chem_28C_T02_1259_F04,1,train
20251207_pbx_C04_e01,20251207_pbx_C04,132,train
20260416_cep290_30to48hpf_plate02_t02_F04_e01,20260416_cep290_30to48hpf_plate02_t02_F04,1,train
20251121_C08_e01,20251121_C08,173,train
20250716_chem4_28C_T01_1400_D11_e01,20250716_chem4_28C_T01_1400_D11,1,train
20240813_30hpf_F05_e01,20240813_30hpf_F05,1,train
20250612_30hpf_wfs1_ctcf_G09_e01,20250612_30hpf_wfs1_ctcf_G09,1,train
20260213_B04_e03,20260213_B04,139,train
20260415_b9d2_30to48hpf_plate02_t02_E01_e01,20260415_b9d2_30to48hpf_plate02_t02_E01,1,train
20231206_C05_e01,20231206_C05,59,train
20240717_D03_e01,20240717_D03,1,train
20240418_D11_e02,20240418_D11,46,train
20260702_hotchem_24hpf_plate02_E03_e01,20260702_hotchem_24hpf_plate02_E03,1,train
20250515_part2_H03_e01,20250515_part2_H03,27,train
20260702_hotchem_24hpf_plate01_B07_e01,20260702_hotchem_24hpf_plate01_B07,1,train
20250912_F09_e01,20250912_F09,113,train
20250912_A08_e01,20250912_A08,113,train
20250612_36hpf_ctrl_atf6_C03_e01,20250612_36hpf_ctrl_atf6_C03,1,train
20250716_chem4_34C_T00_1014_H11_e01,20250716_chem4_34C_T00_1014_H11,1,train
20260210_D11_e01,20260210_D11,161,train
20240306_B11_e01,20240306_B11,132,train
20250624_chem02_28C_T01_1808_F06_e01,20250624_chem02_28C_T01_1808_F06,1,train
20241023_A02_e01,20241023_A02,43,train
20250716_chem4_34C_T00_1014_G02_e01,20250716_chem4_34C_T00_1014_G02,1,train
20260702_hotchem_24hpf_plate01_D11_e01,20260702_hotchem_24hpf_plate01_D11,1,train
20260306_E12_e01,20260306_E12,186,train
20240509_24hpf_G05_e01,20240509_24hpf_G05,1,train
20250622_chem_28C_T00_1425_G05_e01,20250622_chem_28C_T00_1425_G05,1,train
20260210_C12_e01,20260210_C12,161,train
20250624_chem02_28C_T00_1356_E08_e01,20250624_chem02_28C_T00_1356_E08,1,train
20260415_b9d2_30to48hpf_plate01_t02_D08_e01,20260415_b9d2_30to48hpf_plate01_t02_D08,1,train
20260331_b9d2_18hpf_plate02_E05_e01,20260331_b9d2_18hpf_plate02_E05,1,train
20250622_chem_28C_T00_1425_B02_e01,20250622_chem_28C_T00_1425_B02,1,train
20240418_H09_e01,20240418_H09,46,train
20250612_24hpf_wfs1_ctcf_A06_e01,20250612_24hpf_wfs1_ctcf_A06,1,train
20250612_36hpf_wfs1_ctcf_G05_e01,20250612_36hpf_wfs1_ctcf_G05,1,train
20250622_chem_35C_T01_1605_B10_e01,20250622_chem_35C_T01_1605_B10,1,train
20240418_B08_e02,20240418_B08,46,train
20250721_chem5_28C_T00_1257_H06_e01,20250721_chem5_28C_T00_1257_H06,1,train
20251112_B04_e01,20251112_B04,49,train
20250425_B05_e03,20250425_B05,118,train
20250612_36hpf_ctrl_atf6_B10_e01,20250612_36hpf_ctrl_atf6_B10,1,train
20240510_G07_e01,20240510_G07,1,train
20260319_cilia_crispant_18hpf_F12_e01,20260319_cilia_crispant_18hpf_F12,1,train
20260724_hotfish_24hpf_plate01_F11_e01,20260724_hotfish_24hpf_plate01_F11,1,train
20260702_hotchem_24hpf_plate02_C06_e04,20260702_hotchem_24hpf_plate02_C06,1,train
20260206_H09_e01,20260206_H09,150,train
20250425_F11_e01,20250425_F11,118,train
20230602_D05_e01,20230602_D05,97,train
20240411_F01_e01,20240411_F01,48,train
20260724_hotfish_36hpf_plate01_D06_e01,20260724_hotfish_36hpf_plate01_D06,1,train
20260324_cep290_30hpf_plate02_G03_e01,20260324_cep290_30hpf_plate02_G03,1,train
20250721_chem5_28C_T01_1401_F08_e01,20250721_chem5_28C_T01_1401_F08,1,train
20231206_F04_e01,20231206_F04,59,train
20260415_cep290_30to48hpf_plate02_t01_E11_e01,20260415_cep290_30to48hpf_plate02_t01_E11,1,train
20230613_A09_e01,20230613_A09,66,train
20250716_chem4_28C_T00_1158_E10_e01,20250716_chem4_28C_T00_1158_E10,1,train
20230602_E10_e01,20230602_E10,97,train
20251121_E10_e02,20251121_E10,173,train
20230620_D03_e01,20230620_D03,88,train
20260122_A06_e03,20260122_A06,30,train
20231110_D11_e01,20231110_D11,64,train
20230629_B07_e02,20230629_B07,41,train
20250624_chem02_28C_T00_1356_C04_e01,20250624_chem02_28C_T00_1356_C04,1,train
20250512_D10_e01,20250512_D10,195,train
20250515_part2_A03_e01,20250515_part2_A03,27,train
20250425_B11_e01,20250425_B11,118,train
20250623_chem_34C_T02_1231_B07_e01,20250623_chem_34C_T02_1231_B07,1,train
20230613_F06_e01,20230613_F06,65,train
20240418_G01_e02,20240418_G01,46,train
20260319_cilia_crispant_18hpf_A01_e01,20260319_cilia_crispant_18hpf_A01,1,train
20250622_chem_28C_T00_1425_H10_e01,20250622_chem_28C_T00_1425_H10,1,train
20250515_part2_C10_e01,20250515_part2_C10,27,train
20240306_G08_e01,20240306_G08,132,train
20260319_cilia_crispant_30hpf_E12_e01,20260319_cilia_crispant_30hpf_E12,1,train
20250625_chem02_34C_T02_1301_E12_e01,20250625_chem02_34C_T02_1301_E12,1,train
20250711_F05_e01,20250711_F05,179,train
20230831_B07_e01,20230831_B07,1,train
20240530_F10_e01,20240530_F10,81,train
20240718_F12_e01,20240718_F12,1,train
20250624_chem02_28C_T01_1808_A01_e01,20250624_chem02_28C_T01_1808_A01,1,train
20241022_F11_e01,20241022_F11,37,train
20231206_B02_e01,20231206_B02,59,train
20260319_A08_e02,20260319_A08,105,train
20260418_irx_pilot_E05_e01,20260418_irx_pilot_E05,78,train
20250415_F01_e01,20250415_F01,39,train
20240509_24hpf_F07_e01,20240509_24hpf_F07,1,train
20260213_H03_e01,20260213_H03,139,train
20260228_B01_e02,20260228_B01,151,train
20231206_G10_e02,20231206_G10,59,train
20250612_36hpf_ctrl_atf6_D09_e01,20250612_36hpf_ctrl_atf6_D09,1,train
20260122_H10_e01,20260122_H10,104,train
20250126_B08_e01,20250126_B08,71,train
20250515_part2_G02_e01,20250515_part2_G02,27,train
20230602_A09_e01,20230602_A09,91,train
20250501_F09_e01,20250501_F09,176,train
20250612_36hpf_wfs1_ctcf_B08_e01,20250612_36hpf_wfs1_ctcf_B08,1,train
20250519_B07_e01,20250519_B07,51,train
20250501_D08_e01,20250501_D08,176,train
20230602_A01_e01,20230602_A01,98,train
20240418_B04_e02,20240418_B04,46,train
20240418_H08_e01,20240418_H08,46,train
20260228_G11_e01,20260228_G11,151,train
20230831_G05_e01,20230831_G05,1,train
20260415_b9d2_30to48hpf_plate01_t02_A04_e01,20260415_b9d2_30to48hpf_plate01_t02_A04,1,train
20251017_part2_C03_e02,20251017_part2_C03,63,train
20260702_hotchem_36hpf_plate01_F04_e02,20260702_hotchem_36hpf_plate01_F04,1,train
20250703_chem3_35C_T00_1101_B01_e02,20250703_chem3_35C_T00_1101_B01,1,train
20250721_chem5_35C_T00_1023_B06_e01,20250721_chem5_35C_T00_1023_B06,1,train
20250623_chem_28C_T02_1259_G03_e01,20250623_chem_28C_T02_1259_G03,1,train
20251017_part2_H05_e01,20251017_part2_H05,63,train
20240509_C02_e02,20240509_C02,41,train
20250721_chem5_28C_T01_1401_G03_e01,20250721_chem5_28C_T01_1401_G03,1,train
20250624_chem02_34C_T00_1243_D05_e01,20250624_chem02_34C_T00_1243_D05,1,train
20260417_irx_pilot_E05_e01,20260417_irx_pilot_E05,27,train
20230629_D06_e01,20230629_D06,41,train
20260319_H02_e01,20260319_H02,105,train
20240510_C03_e01,20240510_C03,1,train
20250612_36hpf_ctrl_atf6_E01_e01,20250612_36hpf_ctrl_atf6_E01,1,train
20260304_E05_e02,20260304_E05,192,train
20260319_cilia_crispant_24hpf_G05_e01,20260319_cilia_crispant_24hpf_G05,1,train
20251205_C07_e01,20251205_C07,115,train
20260724_hotfish_24hpf_plate02_G07_e01,20260724_hotfish_24hpf_plate02_G07,1,train
20250612_24hpf_ctrl_atf6_G11_e01,20250612_24hpf_ctrl_atf6_G11,1,train
20240725_H03_e01,20240725_H03,1,train
20260416_cep290_30to48hpf_plate02_t02_E01_e02,20260416_cep290_30to48hpf_plate02_t02_E01,1,train
20250625_chem02_34C_T02_1301_G12_e01,20250625_chem02_34C_T02_1301_G12,1,train
20251205_E07_e01,20251205_E07,115,train
20250625_chem02_35C_T02_1228_B01_e01,20250625_chem02_35C_T02_1228_B01,1,train
20240411_B12_e01,20240411_B12,48,train
20260202_C07_e02,20260202_C07,71,train
20250623_chem_34C_T02_1231_A06_e01,20250623_chem_34C_T02_1231_A06,1,train
20251205_H08_e03,20251205_H08,115,train
20251205_H09_e01,20251205_H09,115,train
20260702_hotchem_24hpf_plate02_E04_e01,20260702_hotchem_24hpf_plate02_E04,1,train
20260202_C08_e02,20260202_C08,71,train
20260414_b9d2_30hpf_plate01_H05_e01,20260414_b9d2_30hpf_plate01_H05,1,train
20250711_D05_e01,20250711_D05,179,train
20260324_cep290_24hpf_plate02_G01_e02,20260324_cep290_24hpf_plate02_G01,1,train
20250622_chem_34C_T01_1632_A03_e01,20250622_chem_34C_T01_1632_A03,1,train
20240813_36hpf_G03_e01,20240813_36hpf_G03,1,train
20260122_E12_e03,20260122_E12,104,train
20260414_b9d2_14hpf_plate01_E03_e01,20260414_b9d2_14hpf_plate01_E03,1,train
20260702_hotchem_24hpf_plate01_B10_e01,20260702_hotchem_24hpf_plate01_B10,1,train
20260208_H07_e01,20260208_H07,321,train
20250215_A08_e01,20250215_A08,78,train
20260702_hotchem_24hpf_plate02_E12_e02,20260702_hotchem_24hpf_plate02_E12,1,train
20250711_E02_e01,20250711_E02,179,train
20241023_F08_e01,20241023_F08,43,train
20250721_chem5_28C_T00_1257_A06_e01,20250721_chem5_28C_T00_1257_A06,1,train
20250721_chem5_28C_T00_1257_C09_e01,20250721_chem5_28C_T00_1257_C09,1,train
20230622_B06_e03,20230622_B06,43,train
20260417_irx_pilot_F09_e01,20260417_irx_pilot_F09,27,train
20240411_E07_e01,20240411_E07,48,train
20250622_chem_34C_T01_1632_H02_e01,20250622_chem_34C_T01_1632_H02,1,train
20250612_30hpf_wfs1_ctcf_G01_e01,20250612_30hpf_wfs1_ctcf_G01,1,train
20240812_C12_e01,20240812_C12,75,train
20260414_b9d2_30hpf_plate02_D04_e01,20260414_b9d2_30hpf_plate02_D04,1,train
20250721_chem5_28C_T01_1401_H08_e01,20250721_chem5_28C_T01_1401_H08,1,train
20230615_A02_e01,20230615_A02,50,train
20260702_hotchem_24hpf_plate02_D02_e01,20260702_hotchem_24hpf_plate02_D02,1,train
20250716_chem4_35C_T00_1045_F11_e01,20250716_chem4_35C_T00_1045_F11,1,train
20260724_hotfish_24hpf_plate02_E07_e01,20260724_hotfish_24hpf_plate02_E07,1,train
20250703_chem3_34C_T01_1457_D05_e01,20250703_chem3_34C_T01_1457_D05,1,train
20241023_G05_e01,20241023_G05,43,train
20260213_A09_e03,20260213_A09,139,train
20230602_A04_e01,20230602_A04,98,train
20250721_chem5_35C_T00_1023_F04_e01,20250721_chem5_35C_T00_1023_F04,1,train
20250716_chem4_34C_T00_1014_B10_e01,20250716_chem4_34C_T00_1014_B10,1,train
20251121_H11_e01,20251121_H11,173,train
20260724_hotfish_36hpf_plate02_E01_e01,20260724_hotfish_36hpf_plate02_E01,1,train
20240813_36hpf_E04_e01,20240813_36hpf_E04,1,train
20240530_B04_e01,20240530_B04,81,train
20260724_hotfish_36hpf_plate01_A01_e01,20260724_hotfish_36hpf_plate01_A01,1,train
20230629_F02_e01,20230629_F02,41,train
20250612_24hpf_wfs1_ctcf_D05_e01,20250612_24hpf_wfs1_ctcf_D05,1,train
20251212_A07_e01,20251212_A07,115,train
20240813_30hpf_H02_e01,20240813_30hpf_H02,1,train
20230620_A05_e01,20230620_A05,89,train
20260414_b9d2_30hpf_plate01_B06_e01,20260414_b9d2_30hpf_plate01_B06,1,train
20260304_E06_e03,20260304_E06,192,train
20230622_A10_e01,20230622_A10,44,train
20250625_chem02_35C_T02_1228_G12_e02,20250625_chem02_35C_T02_1228_G12,1,train
20250912_G12_e02,20250912_G12,113,train
20240718_B06_e01,20240718_B06,1,train
20260702_hotchem_36hpf_plate02_C04_e01,20260702_hotchem_36hpf_plate02_C04,1,train
20250721_chem5_28C_T01_1401_G07_e01,20250721_chem5_28C_T01_1401_G07,1,train
20250716_chem4_28C_T00_1158_F02_e02,20250716_chem4_28C_T00_1158_F02,1,train
20250622_chem_34C_T01_1632_C08_e01,20250622_chem_34C_T01_1632_C08,1,train
20260416_cep290_30to48hpf_plate01_t02_B06_e01,20260416_cep290_30to48hpf_plate01_t02_B06,1,train
20240411_F08_e01,20240411_F08,48,train
20240724_B06_e01,20240724_B06,1,train
20250625_chem02_35C_T02_1228_C07_e01,20250625_chem02_35C_T02_1228_C07,1,train
20260702_hotchem_36hpf_plate01_G12_e02,20260702_hotchem_36hpf_plate01_G12,1,train
20250622_chem_28C_T01_1658_B07_e01,20250622_chem_28C_T01_1658_B07,1,train
20251020_F12_e01,20251020_F12,57,train
20251207_pbx_D03_e01,20251207_pbx_D03,132,train
20251121_F08_e01,20251121_F08,173,train
20251212_B12_e01,20251212_B12,115,train
20250501_A04_e01,20250501_A04,176,train
20250703_chem3_28C_T00_1325_B07_e01,20250703_chem3_28C_T00_1325_B07,1,train
20260702_hotchem_24hpf_plate02_D07_e01,20260702_hotchem_24hpf_plate02_D07,1,train
20250912_H10_e02,20250912_H10,113,train
20240418_A10_e02,20240418_A10,46,train
20260702_hotchem_30hpf_plate02_B06_e01,20260702_hotchem_30hpf_plate02_B06,1,train
20240725_C03_e01,20240725_C03,1,train
20250612_36hpf_ctrl_atf6_G12_e01,20250612_36hpf_ctrl_atf6_G12,1,train
20240626_E07_e01,20240626_E07,112,train
20250716_chem4_28C_T00_1158_D03_e01,20250716_chem4_28C_T00_1158_D03,1,train
20240404_E04_e01,20240404_E04,35,train
20241023_F07_e01,20241023_F07,43,train
20240725_G02_e01,20240725_G02,1,train
20230602_E08_e01,20230602_E08,97,train
20260724_hotfish_24hpf_plate01_D06_e01,20260724_hotfish_24hpf_plate01_D06,1,train
20251121_A04_e02,20251121_A04,173,train
20250425_B05_e04,20250425_B05,118,train
20260213_E01_e01,20260213_E01,139,train
20260324_cep290_30hpf_plate01_H01_e01,20260324_cep290_30hpf_plate01_H01,1,train
20250612_36hpf_ctrl_atf6_D10_e01,20250612_36hpf_ctrl_atf6_D10,1,train
20240411_G06_e01,20240411_G06,48,train
20250612_30hpf_wfs1_ctcf_H04_e01,20250612_30hpf_wfs1_ctcf_H04,1,train
20251112_B02_e05,20251112_B02,49,train
20250912_E06_e01,20250912_E06,112,train
20260213_C03_e01,20260213_C03,139,train
20240306_E08_e01,20240306_E08,132,train
20250721_chem5_28C_T00_1257_D10_e01,20250721_chem5_28C_T00_1257_D10,1,train
20260306_B04_e01,20260306_B04,186,train
20240812_D12_e01,20240812_D12,75,train
20250612_24hpf_wfs1_ctcf_H01_e01,20250612_24hpf_wfs1_ctcf_H01,1,train
20260213_E10_e05,20260213_E10,139,train
20260702_hotchem_30hpf_plate02_A05_e01,20260702_hotchem_30hpf_plate02_A05,1,train
20251212_H04_e01,20251212_H04,115,train
20230627_D11_e01,20230627_D11,45,train
20260324_cep290_24hpf_plate01_C10_e01,20260324_cep290_24hpf_plate01_C10,1,train
20260418_irx_pilot_E05_e03,20260418_irx_pilot_E05,78,train
20250624_chem02_28C_T00_1356_E04_e01,20250624_chem02_28C_T00_1356_E04,1,train
20250623_chem_34C_T02_1231_D01_e01,20250623_chem_34C_T02_1231_D01,1,train
20260213_E05_e01,20260213_E05,139,train
20230602_F08_e02,20230602_F08,53,train
20251017_part2_H06_e01,20251017_part2_H06,63,train
20260331_b9d2_18hpf_plate02_D02_e01,20260331_b9d2_18hpf_plate02_D02,1,train
20250703_chem3_28C_T00_1325_D07_e01,20250703_chem3_28C_T00_1325_D07,1,train
20240418_E04_e01,20240418_E04,46,train
20250415_B04_e01,20250415_B04,39,train
20260210_G01_e01,20260210_G01,161,train
20231206_A10_e02,20231206_A10,59,train
20240509_18ss_H02_e01,20240509_18ss_H02,1,train
20251212_D12_e01,20251212_D12,115,train
20260306_F08_e03,20260306_F08,185,train
20250515_part2_F07_e01,20250515_part2_F07,27,train
20260418_irx_pilot_C05_e03,20260418_irx_pilot_C05,78,train
20250625_chem02_35C_T02_1228_H11_e01,20250625_chem02_35C_T02_1228_H11,1,train
20240418_F03_e02,20240418_F03,46,train
20250625_chem02_28C_T02_1332_C01_e01,20250625_chem02_28C_T02_1332_C01,1,train
20231110_B10_e01,20231110_B10,64,train
20250623_chem_34C_T02_1231_H03_e01,20250623_chem_34C_T02_1231_H03,1,train
20260219_F05_e01,20260219_F05,177,train
20250425_H03_e01,20250425_H03,118,train
20250612_24hpf_ctrl_atf6_H12_e01,20250612_24hpf_ctrl_atf6_H12,1,train
20260418_irx_pilot_C09_e03,20260418_irx_pilot_C09,78,train
20250624_chem02_34C_T01_1739_C12_e01,20250624_chem02_34C_T01_1739_C12,1,train
20250912_A02_e01,20250912_A02,113,train
20260324_cep290_24hpf_plate02_D10_e01,20260324_cep290_24hpf_plate02_D10,1,train
20250624_chem02_28C_T01_1808_C11_e01,20250624_chem02_28C_T01_1808_C11,1,train
20260213_D06_e01,20260213_D06,34,train
20251112_D07_e02,20251112_D07,49,train
20260202_A04_e03,20260202_A04,71,train
20250716_chem4_28C_T01_1400_D07_e01,20250716_chem4_28C_T01_1400_D07,1,train
20231218_C01_e01,20231218_C01,34,train
20240418_E07_e02,20240418_E07,46,train
20251020_B05_e01,20251020_B05,57,train
20260213_A03_e03,20260213_A03,139,train
20251112_F05_e05,20251112_F05,32,train
20250624_chem02_35C_T01_1711_G11_e01,20250624_chem02_35C_T01_1711_G11,1,train
20250612_24hpf_wfs1_ctcf_F06_e01,20250612_24hpf_wfs1_ctcf_F06,1,train
20260319_cilia_crispant_30hpf_A09_e01,20260319_cilia_crispant_30hpf_A09,1,train
20250612_36hpf_wfs1_ctcf_D10_e01,20250612_36hpf_wfs1_ctcf_D10,1,train
20260418_irx_pilot_H01_e02,20260418_irx_pilot_H01,78,train
20251017_part1_E03_e01,20251017_part1_E03,65,train
20251112_F03_e01,20251112_F03,49,train
20250415_B09_e02,20250415_B09,39,train
20250612_24hpf_wfs1_ctcf_H10_e01,20250612_24hpf_wfs1_ctcf_H10,1,train
20231206_H05_e01,20231206_H05,59,train
20250703_chem3_35C_T00_1101_D06_e01,20250703_chem3_35C_T00_1101_D06,1,train
20251121_A01_e01,20251121_A01,173,train
20250703_chem3_28C_T00_1325_G05_e01,20250703_chem3_28C_T00_1325_G05,1,train
20251121_C05_e01,20251121_C05,173,train
20260324_cep290_30hpf_plate01_C10_e01,20260324_cep290_30hpf_plate01_C10,1,train
20260702_hotchem_30hpf_plate02_G05_e02,20260702_hotchem_30hpf_plate02_G05,1,train
20260122_D02_e02,20260122_D02,104,train
20260202_H10_e01,20260202_H10,71,train
20260213_H08_e03,20260213_H08,139,train
20250515_part2_G04_e01,20250515_part2_G04,27,train
20250519_H07_e01,20250519_H07,51,train
20260416_cep290_30to48hpf_plate02_t02_F06_e02,20260416_cep290_30to48hpf_plate02_t02_F06,1,train
20260414_b9d2_14hpf_plate01_G05_e01,20260414_b9d2_14hpf_plate01_G05,1,train
20260417_irx_pilot_F07_e01,20260417_irx_pilot_F07,27,train
20250625_chem02_34C_T02_1301_G01_e01,20250625_chem02_34C_T02_1301_G01,1,train
20250721_chem5_28C_T00_1257_E06_e01,20250721_chem5_28C_T00_1257_E06,1,train
20250612_36hpf_ctrl_atf6_A10_e01,20250612_36hpf_ctrl_atf6_A10,1,train
20240626_B09_e01,20240626_B09,112,train
20260418_irx_pilot_E07_e02,20260418_irx_pilot_E07,53,train
20260319_cilia_crispant_18hpf_B04_e01,20260319_cilia_crispant_18hpf_B04,1,train
20240626_E11_e01,20240626_E11,112,train
20230622_A01_e01,20230622_A01,44,train
20241023_H04_e01,20241023_H04,43,train
20230615_F03_e01,20230615_F03,50,train
20250622_chem_28C_T01_1658_F10_e01,20250622_chem_28C_T01_1658_F10,1,train
20260418_irx_pilot_H08_e01,20260418_irx_pilot_H08,78,train
20250624_chem02_34C_T00_1243_E12_e01,20250624_chem02_34C_T00_1243_E12,1,train
20251207_pbx_A05_e01,20251207_pbx_A05,132,train
20260724_hotfish_30hpf_plate01_H07_e01,20260724_hotfish_30hpf_plate01_H07,1,train
20260724_hotfish_36hpf_plate01_F04_e01,20260724_hotfish_36hpf_plate01_F04,1,train
20230627_B03_e01,20230627_B03,45,train
20250721_chem5_28C_T01_1401_A09_e01,20250721_chem5_28C_T01_1401_A09,1,train
20260418_irx_pilot_B03_e01,20260418_irx_pilot_B03,78,train
20260306_F06_e01,20260306_F06,186,train
20260724_hotfish_24hpf_plate02_H07_e01,20260724_hotfish_24hpf_plate02_H07,1,train
20250622_chem_28C_T00_1425_D01_e02,20250622_chem_28C_T00_1425_D01,1,train
20240813_24hpf_H07_e01,20240813_24hpf_H07,1,train
20250425_E03_e02,20250425_E03,118,train
20250622_chem_35C_T01_1605_F08_e01,20250622_chem_35C_T01_1605_F08,1,train
20240812_A12_e01,20240812_A12,75,train
20240813_24hpf_G07_e01,20240813_24hpf_G07,1,train
20250625_chem02_28C_T02_1332_D11_e01,20250625_chem02_28C_T02_1332_D11,1,train
20260219_C09_e02,20260219_C09,177,train
20230831_G07_e01,20230831_G07,1,train
20251125_G10_e01,20251125_G10,231,train
20250622_chem_34C_T01_1632_G07_e01,20250622_chem_34C_T01_1632_G07,1,train
20240813_36hpf_A04_e01,20240813_36hpf_A04,1,train
20240724_G04_e01,20240724_G04,1,train
20260213_E11_e01,20260213_E11,139,train
20240530_H05_e01,20240530_H05,81,train
20240306_A06_e01,20240306_A06,132,train
20250624_chem02_35C_T01_1711_H05_e01,20250624_chem02_35C_T01_1711_H05,1,train
20230620_C07_e01,20230620_C07,88,train
20260415_b9d2_30to48hpf_plate02_t02_E06_e01,20260415_b9d2_30to48hpf_plate02_t02_E06,1,train
20260724_hotfish_30hpf_plate02_D07_e01,20260724_hotfish_30hpf_plate02_D07,1,train
20250612_36hpf_wfs1_ctcf_B09_e01,20250612_36hpf_wfs1_ctcf_B09,1,train
20251017_part2_F01_e04,20251017_part2_F01,63,train
20260724_hotfish_24hpf_plate01_H07_e02,20260724_hotfish_24hpf_plate01_H07,1,train
20240813_30hpf_B05_e01,20240813_30hpf_B05,1,train
20260417_irx_pilot_E12_e01,20260417_irx_pilot_E12,27,train
20250624_chem02_28C_T01_1808_B02_e01,20250624_chem02_28C_T01_1808_B02,1,train
20250721_chem5_28C_T01_1401_H03_e01,20250721_chem5_28C_T01_1401_H03,1,train
20230531_G03_e02,20230531_G03,66,train
20240717_F07_e01,20240717_F07,1,train
20250721_chem5_28C_T01_1401_E11_e01,20250721_chem5_28C_T01_1401_E11,1,train
20260415_cep290_30to48hpf_plate02_t01_D06_e02,20260415_cep290_30to48hpf_plate02_t01_D06,1,train
20260702_hotchem_30hpf_plate01_C09_e01,20260702_hotchem_30hpf_plate01_C09,1,train
20231206_C03_e01,20231206_C03,59,train
20250716_chem4_28C_T01_1400_F08_e01,20250716_chem4_28C_T01_1400_F08,1,train
20251017_part2_F12_e01,20251017_part2_F12,63,train
20260415_cep290_30to48hpf_plate02_t01_D06_e01,20260415_cep290_30to48hpf_plate02_t01_D06,1,train
20240509_D04_e01,20240509_D04,41,train
20231110_B04_e02,20231110_B04,64,train
20250624_chem02_28C_T00_1356_E06_e01,20250624_chem02_28C_T00_1356_E06,1,train
20231110_D12_e01,20231110_D12,64,train
20260319_cilia_crispant_30hpf_G02_e01,20260319_cilia_crispant_30hpf_G02,1,train
20250624_chem02_34C_T01_1739_G06_e01,20250624_chem02_34C_T01_1739_G06,1,train
20240411_F02_e01,20240411_F02,48,train
20260702_hotchem_30hpf_plate01_G04_e02,20260702_hotchem_30hpf_plate01_G04,1,train
20260122_F11_e01,20260122_F11,104,train
20250305_B05_e01,20250305_B05,340,train
20250716_chem4_28C_T00_1158_G07_e01,20250716_chem4_28C_T00_1158_G07,1,train
20231218_A09_e01,20231218_A09,34,train
20260304_G02_e04,20260304_G02,192,train
20250624_chem02_35C_T01_1711_C07_e01,20250624_chem02_35C_T01_1711_C07,1,train
20260304_C09_e01,20260304_C09,192,train
20250721_chem5_35C_T00_1023_H10_e02,20250721_chem5_35C_T00_1023_H10,1,train
20251121_E09_e01,20251121_E09,173,train
20250711_D06_e01,20250711_D06,179,train
20260331_b9d2_18hpf_plate02_B01_e01,20260331_b9d2_18hpf_plate02_B01,1,train
20250716_chem4_28C_T00_1158_F11_e01,20250716_chem4_28C_T00_1158_F11,1,train
20251017_part1_E09_e01,20251017_part1_E09,65,train
20260702_hotchem_36hpf_plate01_C09_e01,20260702_hotchem_36hpf_plate01_C09,1,train
20250622_chem_34C_T01_1632_E07_e01,20250622_chem_34C_T01_1632_E07,1,train
20250912_G04_e03,20250912_G04,113,train
20240812_D05_e01,20240812_D05,75,train
20250622_chem_28C_T00_1425_B10_e01,20250622_chem_28C_T00_1425_B10,1,train
20260208_A05_e01,20260208_A05,321,train
20250625_chem02_34C_T02_1301_G06_e02,20250625_chem02_34C_T02_1301_G06,1,train
20260319_cilia_crispant_24hpf_A12_e01,20260319_cilia_crispant_24hpf_A12,1,train
20231218_H03_e01,20231218_H03,34,train
20250622_chem_34C_T01_1632_B04_e01,20250622_chem_34C_T01_1632_B04,1,train
20260122_A05_e01,20260122_A05,104,train
20250612_24hpf_ctrl_atf6_C03_e01,20250612_24hpf_ctrl_atf6_C03,1,train
20260414_b9d2_14hpf_plate01_B09_e01,20260414_b9d2_14hpf_plate01_B09,1,train
20260702_hotchem_24hpf_plate02_E10_e01,20260702_hotchem_24hpf_plate02_E10,1,train
20250624_chem02_28C_T01_1808_E04_e01,20250624_chem02_28C_T01_1808_E04,1,train
20260331_b9d2_18hpf_plate02_H07_e01,20260331_b9d2_18hpf_plate02_H07,1,train
20250215_H02_e01,20250215_H02,78,train
20260304_H06_e01,20260304_H06,192,train
20230622_B08_e01,20230622_B08,43,train
20260202_A03_e04,20260202_A03,68,train
20250622_chem_35C_T00_1223_check_H05_e01,20250622_chem_35C_T00_1223_check_H05,1,train
20250622_chem_34C_T00_1256_G02_e01,20250622_chem_34C_T00_1256_G02,1,train
20260417_irx_pilot_F10_e01,20260417_irx_pilot_F10,27,train
20240404_B06_e01,20240404_B06,35,train
20260306_A08_e01,20260306_A08,185,train
20240530_H12_e01,20240530_H12,81,train
20260208_H09_e02,20260208_H09,321,train
20240812_G03_e01,20240812_G03,75,train
20260418_irx_pilot_F11_e03,20260418_irx_pilot_F11,78,train
20240522_A11_e01,20240522_A11,95,train
20251020_A01_e01,20251020_A01,57,train
20250612_24hpf_wfs1_ctcf_C04_e01,20250612_24hpf_wfs1_ctcf_C04,1,train
20251112_B01_e01,20251112_B01,49,train
20260415_b9d2_30to48hpf_plate01_t02_A11_e01,20260415_b9d2_30to48hpf_plate01_t02_A11,1,train
20240718_E11_e01,20240718_E11,1,train
20251205_H11_e01,20251205_H11,115,train
20260702_hotchem_30hpf_plate01_F04_e01,20260702_hotchem_30hpf_plate01_F04,1,train
20260202_B04_e01,20260202_B04,71,train
20240418_C09_e04,20240418_C09,46,train
20250501_C03_e02,20250501_C03,151,train
20260702_hotchem_36hpf_plate01_D03_e01,20260702_hotchem_36hpf_plate01_D03,1,train
20250703_chem3_28C_T00_1325_H07_e02,20250703_chem3_28C_T00_1325_H07,1,train
20260415_b9d2_30to48hpf_plate01_t02_D10_e01,20260415_b9d2_30to48hpf_plate01_t02_D10,1,train
20250711_H03_e01,20250711_H03,179,train
20240307_E11_e02,20240307_E11,44,train
20240307_E11_e01,20240307_E11,44,train
20250716_chem4_28C_T01_1400_C01_e01,20250716_chem4_28C_T01_1400_C01,1,train
20250515_part2_C02_e01,20250515_part2_C02,27,train
20260228_E02_e01,20260228_E02,151,train
20260415_b9d2_30to48hpf_plate01_t02_D05_e01,20260415_b9d2_30to48hpf_plate01_t02_D05,1,train
20240718_F02_e01,20240718_F02,1,train
20260210_E08_e01,20260210_E08,161,train
20260702_hotchem_24hpf_plate01_B06_e01,20260702_hotchem_24hpf_plate01_B06,1,train
20240626_E11_e02,20240626_E11,112,train
20260724_hotfish_36hpf_plate02_G07_e01,20260724_hotfish_36hpf_plate02_G07,1,train
20251207_pbx_H05_e01,20251207_pbx_H05,114,train
20260324_cep290_24hpf_plate02_A02_e01,20260324_cep290_24hpf_plate02_A02,1,train
20250512_B12_e01,20250512_B12,195,train
20240509_B04_e01,20240509_B04,41,train
20250612_30hpf_ctrl_atf6_A02_e01,20250612_30hpf_ctrl_atf6_A02,1,train
20251212_E05_e01,20251212_E05,115,train
20230629_C05_e01,20230629_C05,41,train
20240626_B02_e01,20240626_B02,112,train
20260417_irx_pilot_B09_e01,20260417_irx_pilot_B09,27,train
20260415_b9d2_30to48hpf_plate01_t02_H04_e01,20260415_b9d2_30to48hpf_plate01_t02_H04,1,train
20250625_chem02_34C_T02_1301_E05_e01,20250625_chem02_34C_T02_1301_E05,1,train
20240718_D09_e01,20240718_D09,1,train
20250716_chem4_35C_T00_1045_E04_e01,20250716_chem4_35C_T00_1045_E04,1,train
20260219_H09_e02,20260219_H09,177,train
20251212_F12_e01,20251212_F12,115,train
20250612_30hpf_wfs1_ctcf_B08_e01,20250612_30hpf_wfs1_ctcf_B08,1,train
20260415_cep290_30to48hpf_plate02_t01_B12_e01,20260415_cep290_30to48hpf_plate02_t01_B12,1,train
20250622_chem_34C_T00_1256_G05_e01,20250622_chem_34C_T00_1256_G05,1,train
20250721_chem5_35C_T00_1023_H03_e01,20250721_chem5_35C_T00_1023_H03,1,train
20250622_chem_34C_T01_1632_C07_e01,20250622_chem_34C_T01_1632_C07,1,train
20250415_A09_e01,20250415_A09,39,train
20250623_chem_28C_T02_1259_G06_e01,20250623_chem_28C_T02_1259_G06,1,train
20231218_C10_e01,20231218_C10,34,train
20260319_cilia_crispant_24hpf_G12_e01,20260319_cilia_crispant_24hpf_G12,1,train
20240509_F10_e01,20240509_F10,41,train
20260724_hotfish_30hpf_plate01_G07_e01,20260724_hotfish_30hpf_plate01_G07,1,train
20260304_C02_e01,20260304_C02,192,train
20260702_hotchem_24hpf_plate02_D03_e01,20260702_hotchem_24hpf_plate02_D03,1,train
20250703_chem3_34C_T00_1131_D03_e01,20250703_chem3_34C_T00_1131_D03,1,train
20250612_30hpf_wfs1_ctcf_D08_e01,20250612_30hpf_wfs1_ctcf_D08,1,train
20260304_F08_e01,20260304_F08,192,train
20240522_B11_e01,20240522_B11,95,train
20260415_cep290_18hpf_plate03_G07_e01,20260415_cep290_18hpf_plate03_G07,1,train
20251017_part2_G01_e01,20251017_part2_G01,63,train
20250721_chem5_28C_T01_1401_E07_e01,20250721_chem5_28C_T01_1401_E07,1,train
20260122_A08_e02,20260122_A08,104,train
20251017_part1_C07_e01,20251017_part1_C07,65,train
20250425_E05_e01,20250425_E05,118,train
20231206_D03_e02,20231206_D03,59,train
20251125_B07_e01,20251125_B07,231,train
20260228_D10_e01,20260228_D10,151,train
20250624_chem02_35C_T01_1711_B12_e01,20250624_chem02_35C_T01_1711_B12,1,train
20250703_chem3_35C_T01_1437_A04_e01,20250703_chem3_35C_T01_1437_A04,1,train
20250624_chem02_34C_T00_1243_C05_e01,20250624_chem02_34C_T00_1243_C05,1,train
20250624_chem02_34C_T00_1243_C04_e02,20250624_chem02_34C_T00_1243_C04,1,train
20260210_F04_e01,20260210_F04,161,train
20251205_E08_e01,20251205_E08,115,train
20260415_b9d2_30to48hpf_plate02_t02_G01_e01,20260415_b9d2_30to48hpf_plate02_t02_G01,1,train
20230613_E09_e01,20230613_E09,65,train
20260306_A02_e02,20260306_A02,186,train
20250622_chem_34C_T00_1256_B08_e01,20250622_chem_34C_T00_1256_B08,1,train
20250624_chem02_34C_T00_1243_C10_e01,20250624_chem02_34C_T00_1243_C10,1,train
20260202_E07_e02,20260202_E07,71,train
20260324_cep290_30hpf_plate02_C08_e01,20260324_cep290_30hpf_plate02_C08,1,train
20240404_B01_e02,20240404_B01,35,train
20260306_B05_e02,20260306_B05,186,train
20251121_A07_e01,20251121_A07,173,train
20250622_chem_35C_T01_1605_A12_e01,20250622_chem_35C_T01_1605_A12,1,train
20240307_A06_e02,20240307_A06,44,train
20250501_A06_e01,20250501_A06,176,train
20250721_chem5_28C_T01_1401_H06_e01,20250721_chem5_28C_T01_1401_H06,1,train
20250622_chem_34C_T01_1632_H06_e01,20250622_chem_34C_T01_1632_H06,1,train
20230629_B02_e02,20230629_B02,41,train
20260306_D12_e01,20260306_D12,175,train
20250703_chem3_34C_T00_1131_F01_e01,20250703_chem3_34C_T00_1131_F01,1,train
20240404_B07_e02,20240404_B07,35,train
20260724_hotfish_36hpf_plate02_H03_e01,20260724_hotfish_36hpf_plate02_H03,1,train
20260416_cep290_30to48hpf_plate02_t02_F08_e01,20260416_cep290_30to48hpf_plate02_t02_F08,1,train
20260702_hotchem_30hpf_plate01_F03_e01,20260702_hotchem_30hpf_plate01_F03,1,train
20260417_irx_pilot_B09_e02,20260417_irx_pilot_B09,27,train
20260418_irx_pilot_C11_e03,20260418_irx_pilot_C11,78,train
20250625_chem02_34C_T02_1301_B05_e02,20250625_chem02_34C_T02_1301_B05,1,train
20251121_D06_e01,20251121_D06,173,train
20240718_D04_e01,20240718_D04,1,train
20250912_G08_e01,20250912_G08,113,train
20250126_E05_e01,20250126_E05,71,train
20250716_chem4_28C_T00_1158_C04_e01,20250716_chem4_28C_T00_1158_C04,1,train
20230622_C08_e01,20230622_C08,43,train
20260324_cep290_24hpf_plate01_H04_e02,20260324_cep290_24hpf_plate01_H04,1,train
20250703_chem3_28C_T00_1325_D02_e01,20250703_chem3_28C_T00_1325_D02,1,train
20260304_C06_e01,20260304_C06,192,train
20260202_G03_e01,20260202_G03,71,train
20251112_H07_e03,20251112_H07,27,train
20231206_A12_e01,20231206_A12,59,train
20240522_F08_e01,20240522_F08,95,train
20230831_H08_e01,20230831_H08,1,train
20230831_A06_e01,20230831_A06,1,train
20251017_part2_G07_e01,20251017_part2_G07,63,train
20260319_cilia_crispant_24hpf_F10_e01,20260319_cilia_crispant_24hpf_F10,1,train
20260702_hotchem_24hpf_plate02_C06_e01,20260702_hotchem_24hpf_plate02_C06,1,train
20260415_b9d2_30to48hpf_plate01_t02_B01_e01,20260415_b9d2_30to48hpf_plate01_t02_B01,1,train
20230629_B11_e01,20230629_B11,41,train
20240306_B01_e01,20240306_B01,132,train
20260418_irx_pilot_E09_e03,20260418_irx_pilot_E09,78,train
20260414_b9d2_30hpf_plate01_H01_e01,20260414_b9d2_30hpf_plate01_H01,1,train
20240626_D01_e01,20240626_D01,112,train
20260228_H09_e01,20260228_H09,151,train
20251020_C05_e01,20251020_C05,57,train
20230620_A08_e01,20230620_A08,89,train
20260702_hotchem_30hpf_plate01_E12_e01,20260702_hotchem_30hpf_plate01_E12,1,train
20240725_D07_e01,20240725_D07,1,train
20240306_F07_e01,20240306_F07,132,train
20250612_24hpf_wfs1_ctcf_C05_e01,20250612_24hpf_wfs1_ctcf_C05,1,train
20251017_part1_C05_e01,20251017_part1_C05,65,train
20250721_chem5_35C_T00_1023_E05_e01,20250721_chem5_35C_T00_1023_E05,1,train
20230629_D09_e01,20230629_D09,41,train
20260324_cep290_24hpf_plate02_H04_e01,20260324_cep290_24hpf_plate02_H04,1,train
20251119_A02_e01,20251119_A02,348,train
20260319_H01_e02,20260319_H01,105,train
20260202_B04_e02,20260202_B04,71,train
20260702_hotchem_30hpf_plate02_G11_e01,20260702_hotchem_30hpf_plate02_G11,1,train
20260416_cep290_30to48hpf_plate01_t02_E08_e01,20260416_cep290_30to48hpf_plate01_t02_E08,1,train
20240813_30hpf_H06_e01,20240813_30hpf_H06,1,train
20260702_hotchem_24hpf_plate01_H02_e01,20260702_hotchem_24hpf_plate01_H02,1,train
20260702_hotchem_30hpf_plate02_E06_e01,20260702_hotchem_30hpf_plate02_E06,1,train
20251017_part2_F11_e01,20251017_part2_F11,63,train
20230831_D08_e01,20230831_D08,1,train
20260702_hotchem_36hpf_plate01_H09_e01,20260702_hotchem_36hpf_plate01_H09,1,train
20260416_cep290_30to48hpf_plate01_t02_H08_e01,20260416_cep290_30to48hpf_plate01_t02_H08,1,train
20260724_hotfish_24hpf_plate02_A06_e01,20260724_hotfish_24hpf_plate02_A06,1,train
20260702_hotchem_30hpf_plate02_D04_e01,20260702_hotchem_30hpf_plate02_D04,1,train
20260417_irx_pilot_B07_e02,20260417_irx_pilot_B07,27,train
20250612_36hpf_ctrl_atf6_H10_e01,20250612_36hpf_ctrl_atf6_H10,1,train
20260702_hotchem_24hpf_plate02_G09_e02,20260702_hotchem_24hpf_plate02_G09,1,train
20230531_G10_e04,20230531_G10,66,train
20231110_E06_e01,20231110_E06,64,train
20250519_B08_e01,20250519_B08,51,train
20250612_24hpf_wfs1_ctcf_G10_e01,20250612_24hpf_wfs1_ctcf_G10,1,train
20260213_F11_e01,20260213_F11,139,train
20260702_hotchem_36hpf_plate01_F02_e02,20260702_hotchem_36hpf_plate01_F02,1,train
20230613_B02_e01,20230613_B02,66,train
20260319_cilia_crispant_18hpf_H07_e01,20260319_cilia_crispant_18hpf_H07,1,train
20250624_chem02_35C_T01_1711_B05_e01,20250624_chem02_35C_T01_1711_B05,1,train
20240509_A01_e02,20240509_A01,41,train
20260206_C10_e02,20260206_C10,150,train
20250612_30hpf_ctrl_atf6_H10_e01,20250612_30hpf_ctrl_atf6_H10,1,train
20250703_chem3_34C_T01_1457_A03_e01,20250703_chem3_34C_T01_1457_A03,1,train
20260202_A04_e01,20260202_A04,71,train
20250519_B05_e01,20250519_B05,51,train
20260304_E12_e02,20260304_E12,192,train
20260202_D04_e01,20260202_D04,71,train
20250625_chem02_35C_T02_1228_B12_e01,20250625_chem02_35C_T02_1228_B12,1,train
20250622_chem_28C_T00_1425_G04_e01,20250622_chem_28C_T00_1425_G04,1,train
20241022_E03_e01,20241022_E03,37,train
20250512_D04_e01,20250512_D04,195,train
20250612_24hpf_wfs1_ctcf_B05_e01,20250612_24hpf_wfs1_ctcf_B05,1,train
20241022_B03_e01,20241022_B03,37,train
20260206_B03_e01,20260206_B03,150,train
20260417_irx_pilot_F11_e02,20260417_irx_pilot_F11,27,train
20260319_cilia_crispant_18hpf_E09_e01,20260319_cilia_crispant_18hpf_E09,1,train
20250703_chem3_35C_T01_1437_G07_e01,20250703_chem3_35C_T01_1437_G07,1,train
20240510_C06_e01,20240510_C06,1,train
20250612_30hpf_ctrl_atf6_B02_e01,20250612_30hpf_ctrl_atf6_B02,1,train
20240726_H05_e01,20240726_H05,1,train
20250612_36hpf_wfs1_ctcf_H04_e01,20250612_36hpf_wfs1_ctcf_H04,1,train
20250612_30hpf_wfs1_ctcf_G03_e01,20250612_30hpf_wfs1_ctcf_G03,1,train
20260724_hotfish_30hpf_plate02_A02_e01,20260724_hotfish_30hpf_plate02_A02,1,train
20250622_chem_35C_T01_1605_F12_e01,20250622_chem_35C_T01_1605_F12,1,train
20260219_C01_e02,20260219_C01,177,train
20251207_pbx_E03_e01,20251207_pbx_E03,132,train
20260206_D12_e01,20260206_D12,150,train
20240726_F04_e01,20240726_F04,1,train
20250425_E07_e01,20250425_E07,118,train
20260724_hotfish_36hpf_plate02_A04_e01,20260724_hotfish_36hpf_plate02_A04,1,train
20251125_B08_e01,20251125_B08,231,train
20250625_chem02_28C_T02_1332_A10_e01,20250625_chem02_28C_T02_1332_A10,1,train
20240726_G06_e01,20240726_G06,1,train
20260213_C05_e01,20260213_C05,139,train
20251017_part2_C12_e01,20251017_part2_C12,63,train
20260319_cilia_crispant_18hpf_H07_e02,20260319_cilia_crispant_18hpf_H07,1,train
20251020_F05_e01,20251020_F05,57,train
20250622_chem_34C_T00_1256_A07_e01,20250622_chem_34C_T00_1256_A07,1,train
20250703_chem3_35C_T00_1101_D02_e01,20250703_chem3_35C_T00_1101_D02,1,train
20260304_E03_e05,20260304_E03,192,train
20260306_B09_e02,20260306_B09,186,train
20251020_E02_e01,20251020_E02,57,train
20260319_B05_e03,20260319_B05,105,train
20260724_hotfish_36hpf_plate02_C06_e01,20260724_hotfish_36hpf_plate02_C06,1,train
20260415_b9d2_30to48hpf_plate01_t02_A05_e01,20260415_b9d2_30to48hpf_plate01_t02_A05,1,train
20250624_chem02_28C_T01_1808_C04_e01,20250624_chem02_28C_T01_1808_C04,1,train
20260331_b9d2_18hpf_plate02_D05_e01,20260331_b9d2_18hpf_plate02_D05,1,train
20250624_chem02_34C_T01_1739_C02_e01,20250624_chem02_34C_T01_1739_C02,1,train
20260724_hotfish_30hpf_plate02_G02_e01,20260724_hotfish_30hpf_plate02_G02,1,train
20250623_chem_34C_T02_1231_D06_e01,20250623_chem_34C_T02_1231_D06,1,train
20250612_36hpf_wfs1_ctcf_E03_e01,20250612_36hpf_wfs1_ctcf_E03,1,train
20260202_H04_e01,20260202_H04,71,train
20240306_G10_e01,20240306_G10,132,train
20260702_hotchem_30hpf_plate01_G04_e03,20260702_hotchem_30hpf_plate01_G04,1,train
20260702_hotchem_30hpf_plate02_B11_e01,20260702_hotchem_30hpf_plate02_B11,1,train
20250612_24hpf_ctrl_atf6_A05_e01,20250612_24hpf_ctrl_atf6_A05,1,train
20260206_C12_e01,20260206_C12,150,train
20260319_C05_e01,20260319_C05,105,train
20260324_cep290_24hpf_plate01_C08_e01,20260324_cep290_24hpf_plate01_C08,1,train
20250612_36hpf_ctrl_atf6_D02_e01,20250612_36hpf_ctrl_atf6_D02,1,train
20260202_G08_e01,20260202_G08,71,train
20250624_chem02_28C_T01_1808_A10_e01,20250624_chem02_28C_T01_1808_A10,1,train
20251020_G06_e01,20251020_G06,57,train
20240530_H08_e02,20240530_H08,81,train
20260724_hotfish_30hpf_plate01_F01_e01,20260724_hotfish_30hpf_plate01_F01,1,train
20260702_hotchem_36hpf_plate02_A08_e01,20260702_hotchem_36hpf_plate02_A08,1,train
20260415_b9d2_30to48hpf_plate01_t02_E12_e01,20260415_b9d2_30to48hpf_plate01_t02_E12,1,train
20250622_chem_34C_T00_1256_H07_e01,20250622_chem_34C_T00_1256_H07,1,train
20260206_C06_e01,20260206_C06,150,train
20240530_A08_e02,20240530_A08,81,train
20240812_E02_e01,20240812_E02,75,train
20240626_D04_e01,20240626_D04,112,train
20260219_C03_e03,20260219_C03,177,train
20250624_chem02_28C_T01_1808_C01_e01,20250624_chem02_28C_T01_1808_C01,1,train
20250215_D08_e01,20250215_D08,78,train
20260724_hotfish_30hpf_plate02_A02_e02,20260724_hotfish_30hpf_plate02_A02,1,train
20260208_C06_e01,20260208_C06,321,train
20250425_E06_e01,20250425_E06,118,train
20260219_D04_e03,20260219_D04,177,train
20260702_hotchem_30hpf_plate01_G02_e01,20260702_hotchem_30hpf_plate01_G02,1,train
20260724_hotfish_24hpf_plate02_F02_e01,20260724_hotfish_24hpf_plate02_F02,1,train
20251121_D01_e01,20251121_D01,173,train
20260702_hotchem_36hpf_plate01_H04_e01,20260702_hotchem_36hpf_plate01_H04,1,train
20250625_chem02_34C_T02_1301_E08_e01,20250625_chem02_34C_T02_1301_E08,1,train
20251112_A07_e01,20251112_A07,47,train
20260724_hotfish_30hpf_plate01_G03_e01,20260724_hotfish_30hpf_plate01_G03,1,train
20251112_H11_e01,20251112_H11,49,train
20260415_cep290_18hpf_plate03_B06_e01,20260415_cep290_18hpf_plate03_B06,1,train
20250512_F04_e01,20250512_F04,195,train
20250623_chem_28C_T02_1259_G02_e01,20250623_chem_28C_T02_1259_G02,1,train
20250622_chem_34C_T01_1632_B01_e01,20250622_chem_34C_T01_1632_B01,1,train
20260417_irx_pilot_F03_e01,20260417_irx_pilot_F03,27,train
20250515_part2_H11_e01,20250515_part2_H11,27,train
20260206_D10_e01,20260206_D10,150,train
20260319_cilia_crispant_24hpf_F11_e01,20260319_cilia_crispant_24hpf_F11,1,train
20250624_chem02_28C_T00_1356_F04_e01,20250624_chem02_28C_T00_1356_F04,1,train
20250612_30hpf_ctrl_atf6_A09_e01,20250612_30hpf_ctrl_atf6_A09,1,train
20260416_cep290_30to48hpf_plate01_t02_C08_e01,20260416_cep290_30to48hpf_plate01_t02_C08,1,train
20260416_cep290_30to48hpf_plate01_t02_E07_e02,20260416_cep290_30to48hpf_plate01_t02_E07,1,train
20260324_cep290_24hpf_plate01_B02_e01,20260324_cep290_24hpf_plate01_B02,1,train
20250512_B10_e01,20250512_B10,195,train
20250703_chem3_34C_T01_1457_E01_e01,20250703_chem3_34C_T01_1457_E01,1,train
20260418_irx_pilot_G11_e01,20260418_irx_pilot_G11,78,train
20250625_chem02_34C_T02_1301_G11_e01,20250625_chem02_34C_T02_1301_G11,1,train
20250515_part2_E10_e01,20250515_part2_E10,27,train
20260324_cep290_30hpf_plate01_H03_e01,20260324_cep290_30hpf_plate01_H03,1,train
20240306_E04_e01,20240306_E04,132,train
20260202_A08_e01,20260202_A08,71,train
20230629_G01_e01,20230629_G01,41,train
20260213_D06_e03,20260213_D06,139,train
20260122_B03_e04,20260122_B03,104,train
20260210_F09_e01,20260210_F09,161,train
20230602_D03_e01,20230602_D03,97,train
20240306_B08_e01,20240306_B08,132,train
20260414_b9d2_30hpf_plate01_D10_e01,20260414_b9d2_30hpf_plate01_D10,1,train
20260702_hotchem_36hpf_plate01_A06_e01,20260702_hotchem_36hpf_plate01_A06,1,train
20260202_H11_e01,20260202_H11,71,train
20260219_G08_e01,20260219_G08,177,train
20251212_F10_e01,20251212_F10,115,train
20250215_B05_e01,20250215_B05,78,train
20240725_A01_e01,20240725_A01,1,train
20241023_H02_e01,20241023_H02,43,train
20251207_pbx_G03_e01,20251207_pbx_G03,132,train
20250716_chem4_28C_T01_1400_C09_e01,20250716_chem4_28C_T01_1400_C09,1,train
20251121_F08_e02,20251121_F08,80,train
20260724_hotfish_36hpf_plate01_E04_e01,20260724_hotfish_36hpf_plate01_E04,1,train
20250622_chem_28C_T01_1658_G10_e01,20250622_chem_28C_T01_1658_G10,1,train
20250612_36hpf_ctrl_atf6_A09_e01,20250612_36hpf_ctrl_atf6_A09,1,train
20250721_chem5_28C_T00_1257_H09_e01,20250721_chem5_28C_T00_1257_H09,1,train
20250501_E02_e02,20250501_E02,176,train
20260219_D11_e01,20260219_D11,177,train
20260414_b9d2_30hpf_plate01_E01_e01,20260414_b9d2_30hpf_plate01_E01,1,train
20260219_C09_e03,20260219_C09,177,train
20250126_A11_e01,20250126_A11,71,train
20250126_C05_e01,20250126_C05,71,train
20231218_G10_e01,20231218_G10,34,train
20260417_irx_pilot_C08_e02,20260417_irx_pilot_C08,27,train
20250716_chem4_35C_T00_1045_A10_e01,20250716_chem4_35C_T00_1045_A10,1,train
20250721_chem5_35C_T00_1023_A09_e01,20250721_chem5_35C_T00_1023_A09,1,train
20260306_C12_e01,20260306_C12,185,train
20250612_24hpf_ctrl_atf6_B08_e01,20250612_24hpf_ctrl_atf6_B08,1,train
20250612_30hpf_wfs1_ctcf_B10_e01,20250612_30hpf_wfs1_ctcf_B10,1,train
20250703_chem3_35C_T00_1101_E06_e01,20250703_chem3_35C_T00_1101_E06,1,train
20230531_F06_e02,20230531_F06,66,train
20251212_F04_e01,20251212_F04,115,train
20240522_B09_e01,20240522_B09,95,train
20250612_30hpf_ctrl_atf6_F07_e01,20250612_30hpf_ctrl_atf6_F07,1,train
20240418_B05_e02,20240418_B05,46,train
20250721_chem5_28C_T01_1401_D05_e01,20250721_chem5_28C_T01_1401_D05,1,train
20260210_C02_e01,20260210_C02,161,train
20240509_24hpf_D05_e01,20240509_24hpf_D05,1,train
20240717_B03_e01,20240717_B03,1,train
20260416_cep290_30to48hpf_plate02_t02_B04_e01,20260416_cep290_30to48hpf_plate02_t02_B04,1,train
20250126_D12_e02,20250126_D12,71,train
20240411_H04_e01,20240411_H04,48,train
20250622_chem_34C_T01_1632_E12_e01,20250622_chem_34C_T01_1632_E12,1,train
20260208_G03_e01,20260208_G03,321,train
20260306_H05_e02,20260306_H05,186,train
20250721_chem5_35C_T00_1023_F06_e01,20250721_chem5_35C_T00_1023_F06,1,train
20260724_hotfish_30hpf_plate01_E08_e01,20260724_hotfish_30hpf_plate01_E08,1,train
20240812_A11_e01,20240812_A11,75,train
20260702_hotchem_24hpf_plate02_H09_e01,20260702_hotchem_24hpf_plate02_H09,1,train
20250625_chem02_34C_T02_1301_H05_e01,20250625_chem02_34C_T02_1301_H05,1,train
20250623_chem_28C_T02_1259_B03_e01,20250623_chem_28C_T02_1259_B03,1,train
20250625_chem02_28C_T02_1332_G12_e01,20250625_chem02_28C_T02_1332_G12,1,train
20260418_irx_pilot_E03_e04,20260418_irx_pilot_E03,78,train
20260702_hotchem_24hpf_plate01_B05_e01,20260702_hotchem_24hpf_plate01_B05,1,train
20250624_chem02_35C_T01_1711_B10_e01,20250624_chem02_35C_T01_1711_B10,1,train
20250519_A09_e01,20250519_A09,51,train
20251112_A04_e01,20251112_A04,49,train
20260417_irx_pilot_D12_e01,20260417_irx_pilot_D12,27,train
20251125_G11_e01,20251125_G11,231,train
20250515_part2_H01_e02,20250515_part2_H01,27,train
20250415_B02_e01,20250415_B02,29,train
20251212_C07_e01,20251212_C07,115,train
20260208_D08_e01,20260208_D08,321,train
20251017_part2_B01_e01,20251017_part2_B01,63,train
20250721_chem5_35C_T00_1023_D01_e01,20250721_chem5_35C_T00_1023_D01,1,train
20250912_B10_e01,20250912_B10,113,train
20230602_A06_e01,20230602_A06,98,train
20251205_D03_e01,20251205_D03,115,train
20250703_chem3_34C_T01_1457_E03_e02,20250703_chem3_34C_T01_1457_E03,1,train
20230629_F10_e01,20230629_F10,41,train
20260414_b9d2_30hpf_plate02_H06_e01,20260414_b9d2_30hpf_plate02_H06,1,train
20230620_B06_e01,20230620_B06,89,train
20230613_C03_e01,20230613_C03,66,train
20240813_30hpf_G04_e01,20240813_30hpf_G04,1,train
20260702_hotchem_36hpf_plate01_D09_e01,20260702_hotchem_36hpf_plate01_D09,1,train
20250501_F08_e02,20250501_F08,176,train
20240724_B07_e01,20240724_B07,1,train
20260319_E05_e01,20260319_E05,105,train
20251207_pbx_A08_e01,20251207_pbx_A08,132,train
20250622_chem_35C_T01_1605_H03_e02,20250622_chem_35C_T01_1605_H03,1,train
20240530_F12_e01,20240530_F12,81,train
20250624_chem02_35C_T01_1711_G12_e01,20250624_chem02_35C_T01_1711_G12,1,train
20260415_cep290_30to48hpf_plate02_t01_H05_e01,20260415_cep290_30to48hpf_plate02_t01_H05,1,train
20251205_G01_e01,20251205_G01,115,train
20260304_H04_e01,20260304_H04,192,train
20260417_irx_pilot_C07_e01,20260417_irx_pilot_C07,27,train
20251112_C01_e01,20251112_C01,21,train
20250625_chem02_28C_T02_1332_H10_e01,20250625_chem02_28C_T02_1332_H10,1,train
20230613_F03_e01,20230613_F03,65,train
20260702_hotchem_24hpf_plate01_A10_e01,20260702_hotchem_24hpf_plate01_A10,1,train
20250721_chem5_28C_T01_1401_G12_e01,20250721_chem5_28C_T01_1401_G12,1,train
20250721_chem5_35C_T00_1023_F08_e02,20250721_chem5_35C_T00_1023_F08,1,train
20260208_F08_e02,20260208_F08,2,train
20240418_A01_e02,20240418_A01,46,train
20251020_F02_e01,20251020_F02,57,train
20260724_hotfish_24hpf_plate01_A01_e01,20260724_hotfish_24hpf_plate01_A01,1,train
20250624_chem02_35C_T00_1216_A10_e01,20250624_chem02_35C_T00_1216_A10,1,train
20250612_24hpf_ctrl_atf6_B01_e01,20250612_24hpf_ctrl_atf6_B01,1,train
20260724_hotfish_24hpf_plate01_B01_e01,20260724_hotfish_24hpf_plate01_B01,1,train
20250622_chem_35C_T00_1223_check_B08_e01,20250622_chem_35C_T00_1223_check_B08,1,train
20260122_G10_e02,20260122_G10,104,train
20250703_chem3_34C_T01_1457_F03_e01,20250703_chem3_34C_T01_1457_F03,1,train
20241023_A03_e01,20241023_A03,43,train
20240717_D06_e01,20240717_D06,1,train
20250612_36hpf_ctrl_atf6_E03_e01,20250612_36hpf_ctrl_atf6_E03,1,train
20250625_chem02_35C_T02_1228_F12_e01,20250625_chem02_35C_T02_1228_F12,1,train
20260702_hotchem_36hpf_plate02_F07_e01,20260702_hotchem_36hpf_plate02_F07,1,train
20260418_irx_pilot_D07_e03,20260418_irx_pilot_D07,78,train
20251125_B12_e01,20251125_B12,231,train
20240418_F08_e01,20240418_F08,46,train
20260213_F10_e02,20260213_F10,139,train
20250622_chem_35C_T00_1223_check_C07_e01,20250622_chem_35C_T00_1223_check_C07,1,train
20250623_chem_28C_T02_1259_F04_e02,20250623_chem_28C_T02_1259_F04,1,train
20260702_hotchem_36hpf_plate02_C03_e01,20260702_hotchem_36hpf_plate02_C03,1,train
20230831_G02_e01,20230831_G02,1,train
20231206_G05_e01,20231206_G05,59,train
20241022_A05_e01,20241022_A05,37,train
20230622_B06_e02,20230622_B06,43,train
20260324_cep290_24hpf_plate01_E12_e01,20260324_cep290_24hpf_plate01_E12,1,train
20260702_hotchem_30hpf_plate01_G12_e01,20260702_hotchem_30hpf_plate01_G12,1,train
20250501_F12_e01,20250501_F12,176,train
20260702_hotchem_30hpf_plate02_D01_e02,20260702_hotchem_30hpf_plate02_D01,1,train
20231110_D06_e01,20231110_D06,64,train
20260319_C06_e01,20260319_C06,105,train
20230613_A03_e01,20230613_A03,66,train
20250623_chem_28C_T02_1259_B08_e01,20250623_chem_28C_T02_1259_B08,1,train
20230831_A05_e01,20230831_A05,1,train
20250716_chem4_28C_T01_1400_E10_e01,20250716_chem4_28C_T01_1400_E10,1,train
20250716_chem4_28C_T00_1158_E11_e01,20250716_chem4_28C_T00_1158_E11,1,train
20250512_E07_e01,20250512_E07,195,train
20250624_chem02_35C_T01_1711_D01_e02,20250624_chem02_35C_T01_1711_D01,1,train
20250721_chem5_28C_T01_1401_B04_e01,20250721_chem5_28C_T01_1401_B04,1,train
20250624_chem02_28C_T00_1356_F05_e01,20250624_chem02_28C_T00_1356_F05,1,train
20240530_G06_e01,20240530_G06,81,train
20260122_F07_e01,20260122_F07,104,train
20260324_cep290_24hpf_plate02_D01_e02,20260324_cep290_24hpf_plate02_D01,1,train
20250912_G06_e03,20250912_G06,113,train
20250624_chem02_35C_T01_1711_A06_e02,20250624_chem02_35C_T01_1711_A06,1,train
20250501_H08_e02,20250501_H08,176,train
20250612_24hpf_wfs1_ctcf_B11_e01,20250612_24hpf_wfs1_ctcf_B11,1,train
20231218_C11_e01,20231218_C11,34,train
20230615_E07_e01,20230615_E07,50,train
20260724_hotfish_24hpf_plate02_F06_e01,20260724_hotfish_24hpf_plate02_F06,1,train
20250716_chem4_35C_T00_1045_F05_e01,20250716_chem4_35C_T00_1045_F05,1,train
20260702_hotchem_24hpf_plate02_D04_e01,20260702_hotchem_24hpf_plate02_D04,1,train
20250625_chem02_34C_T02_1301_A05_e01,20250625_chem02_34C_T02_1301_A05,1,train
20250512_D06_e02,20250512_D06,195,train
20250215_F05_e01,20250215_F05,78,train
20250721_chem5_35C_T00_1023_D04_e01,20250721_chem5_35C_T00_1023_D04,1,train
20251020_D03_e01,20251020_D03,57,train
20240306_E05_e01,20240306_E05,132,train
20241023_D04_e01,20241023_D04,43,train
20260304_D05_e02,20260304_D05,192,train
20250622_chem_34C_T00_1256_D12_e01,20250622_chem_34C_T00_1256_D12,1,train
20240411_C04_e01,20240411_C04,48,train
20260415_cep290_18hpf_plate03_F04_e01,20260415_cep290_18hpf_plate03_F04,1,train
20260206_G06_e01,20260206_G06,150,train
20251112_F01_e01,20251112_F01,49,train
20250622_chem_34C_T01_1632_C05_e01,20250622_chem_34C_T01_1632_C05,1,train
20240418_H06_e01,20240418_H06,46,train
20250622_chem_28C_T01_1658_G03_e01,20250622_chem_28C_T01_1658_G03,1,train
20250623_chem_28C_T02_1259_A06_e01,20250623_chem_28C_T02_1259_A06,1,train
20250623_chem_28C_T02_1259_G12_e01,20250623_chem_28C_T02_1259_G12,1,train
20260724_hotfish_30hpf_plate01_F05_e01,20260724_hotfish_30hpf_plate01_F05,1,train
20260416_cep290_30to48hpf_plate01_t02_D02_e01,20260416_cep290_30to48hpf_plate01_t02_D02,1,train
20250716_chem4_28C_T00_1158_D02_e01,20250716_chem4_28C_T00_1158_D02,1,train
20251119_A03_e01,20251119_A03,348,train
20250126_E04_e02,20250126_E04,71,train
20260304_A12_e01,20260304_A12,192,train
20241023_A05_e01,20241023_A05,43,train
20250703_chem3_35C_T01_1437_B05_e01,20250703_chem3_35C_T01_1437_B05,1,train
20250515_part2_H07_e01,20250515_part2_H07,27,train
20250624_chem02_28C_T00_1356_H04_e01,20250624_chem02_28C_T00_1356_H04,1,train
20260202_E08_e01,20260202_E08,71,train
20250415_F08_e02,20250415_F08,39,train
20240509_24hpf_G07_e01,20240509_24hpf_G07,1,train
20260202_C10_e01,20260202_C10,71,train
20251017_part1_A02_e01,20251017_part1_A02,65,train
20260206_E01_e01,20260206_E01,150,train
20230602_A12_e01,20230602_A12,98,train
20260319_cilia_crispant_18hpf_B07_e01,20260319_cilia_crispant_18hpf_B07,1,train
20250515_part2_A11_e01,20250515_part2_A11,27,train
20240411_B02_e01,20240411_B02,48,train
20260304_E11_e04,20260304_E11,192,train
20250622_chem_28C_T00_1425_C01_e01,20250622_chem_28C_T00_1425_C01,1,train
20250624_chem02_34C_T01_1739_C10_e01,20250624_chem02_34C_T01_1739_C10,1,train
20250624_chem02_35C_T01_1711_G02_e01,20250624_chem02_35C_T01_1711_G02,1,train
20260414_b9d2_30hpf_plate01_D08_e02,20260414_b9d2_30hpf_plate01_D08,1,train
20240530_G08_e01,20240530_G08,81,train
20230629_E06_e01,20230629_E06,41,train
20260319_B02_e03,20260319_B02,105,train
20250612_30hpf_ctrl_atf6_C01_e01,20250612_30hpf_ctrl_atf6_C01,1,train
20250625_chem02_28C_T02_1332_C11_e01,20250625_chem02_28C_T02_1332_C11,1,train
20250519_C04_e01,20250519_C04,51,train
20260702_hotchem_36hpf_plate01_G04_e01,20260702_hotchem_36hpf_plate01_G04,1,train
20250624_chem02_34C_T00_1243_H01_e01,20250624_chem02_34C_T00_1243_H01,1,train
20250415_H02_e01,20250415_H02,39,train
20230531_D10_e03,20230531_D10,66,train
20260418_irx_pilot_C11_e02,20260418_irx_pilot_C11,78,train
20260304_D04_e01,20260304_D04,192,train
20260724_hotfish_30hpf_plate01_D09_e01,20260724_hotfish_30hpf_plate01_D09,1,train
20250624_chem02_28C_T00_1356_C01_e01,20250624_chem02_28C_T00_1356_C01,1,train
20250716_chem4_35C_T00_1045_D08_e01,20250716_chem4_35C_T00_1045_D08,1,train
20250612_36hpf_ctrl_atf6_H05_e01,20250612_36hpf_ctrl_atf6_H05,1,train
20260324_cep290_24hpf_plate01_F01_e01,20260324_cep290_24hpf_plate01_F01,1,train
20251207_pbx_C05_e01,20251207_pbx_C05,124,train
20251212_H09_e01,20251212_H09,115,train
20230831_D01_e01,20230831_D01,1,train
20251205_H02_e01,20251205_H02,115,train
20260418_irx_pilot_H03_e02,20260418_irx_pilot_H03,78,train
20251017_part2_A03_e01,20251017_part2_A03,63,train
20260202_G12_e01,20260202_G12,71,train
20260213_B02_e01,20260213_B02,139,train
20250703_chem3_35C_T00_1101_G03_e01,20250703_chem3_35C_T00_1101_G03,1,train
20260702_hotchem_30hpf_plate02_G09_e01,20260702_hotchem_30hpf_plate02_G09,1,train
20241023_G03_e01,20241023_G03,43,train
20241023_A01_e01,20241023_A01,43,train
20230602_C10_e01,20230602_C10,98,train
20250126_A04_e01,20250126_A04,71,train
20250716_chem4_28C_T01_1400_E06_e01,20250716_chem4_28C_T01_1400_E06,1,train
20250612_24hpf_ctrl_atf6_H07_e01,20250612_24hpf_ctrl_atf6_H07,1,train
20251205_G07_e01,20251205_G07,115,train
20260724_hotfish_36hpf_plate01_C09_e01,20260724_hotfish_36hpf_plate01_C09,1,train
20250512_F11_e01,20250512_F11,195,train
20240717_A01_e01,20240717_A01,1,train
20250716_chem4_34C_T00_1014_H07_e02,20250716_chem4_34C_T00_1014_H07,1,train
20260319_cilia_crispant_30hpf_E04_e01,20260319_cilia_crispant_30hpf_E04,1,train
20240626_B10_e01,20240626_B10,112,train
20250912_H07_e01,20250912_H07,113,train
20250215_B10_e01,20250215_B10,78,train
20251112_F07_e02,20251112_F07,10,train
20260724_hotfish_30hpf_plate02_B07_e01,20260724_hotfish_30hpf_plate02_B07,1,train
20240530_A12_e01,20240530_A12,81,train
20260319_cilia_crispant_18hpf_B10_e01,20260319_cilia_crispant_18hpf_B10,1,train
20250624_chem02_34C_T00_1243_A05_e01,20250624_chem02_34C_T00_1243_A05,1,train
20260319_F02_e01,20260319_F02,105,train
20250612_36hpf_ctrl_atf6_E08_e01,20250612_36hpf_ctrl_atf6_E08,1,train
20240725_E02_e01,20240725_E02,1,train
20250703_chem3_35C_T01_1437_F07_e01,20250703_chem3_35C_T01_1437_F07,1,train
20250624_chem02_28C_T01_1808_C05_e01,20250624_chem02_28C_T01_1808_C05,1,train
20240509_24hpf_H05_e01,20240509_24hpf_H05,1,train
20260702_hotchem_30hpf_plate02_H11_e01,20260702_hotchem_30hpf_plate02_H11,1,train
20260208_B12_e01,20260208_B12,321,train
20231218_F07_e01,20231218_F07,34,train
20260319_cilia_crispant_30hpf_D12_e01,20260319_cilia_crispant_30hpf_D12,1,train
20250716_chem4_28C_T00_1158_D04_e01,20250716_chem4_28C_T00_1158_D04,1,train
20260331_b9d2_18hpf_plate02_D08_e01,20260331_b9d2_18hpf_plate02_D08,1,train
20260122_A10_e03,20260122_A10,76,train
20260219_G01_e03,20260219_G01,177,train
20250624_chem02_35C_T00_1216_D08_e01,20250624_chem02_35C_T00_1216_D08,1,train
20250703_chem3_35C_T00_1101_E04_e01,20250703_chem3_35C_T00_1101_E04,1,train
20250512_H08_e01,20250512_H08,195,train
20250425_H09_e01,20250425_H09,118,train
20260702_hotchem_24hpf_plate01_E07_e01,20260702_hotchem_24hpf_plate01_E07,1,train
20260414_b9d2_30hpf_plate01_G04_e01,20260414_b9d2_30hpf_plate01_G04,1,train
20260702_hotchem_36hpf_plate02_C12_e01,20260702_hotchem_36hpf_plate02_C12,1,train
20240813_30hpf_H07_e01,20240813_30hpf_H07,1,train
20230615_E06_e01,20230615_E06,50,train
20250624_chem02_28C_T01_1808_F12_e01,20250624_chem02_28C_T01_1808_F12,1,train
20231206_E08_e01,20231206_E08,59,train
20260416_cep290_30to48hpf_plate02_t02_A02_e01,20260416_cep290_30to48hpf_plate02_t02_A02,1,train
20250703_chem3_34C_T00_1131_D01_e01,20250703_chem3_34C_T00_1131_D01,1,train
20260324_cep290_30hpf_plate02_B05_e01,20260324_cep290_30hpf_plate02_B05,1,train
20260210_C01_e01,20260210_C01,161,train
20260702_hotchem_24hpf_plate02_C06_e03,20260702_hotchem_24hpf_plate02_C06,1,train
20260702_hotchem_24hpf_plate02_H05_e01,20260702_hotchem_24hpf_plate02_H05,1,train
20260304_E11_e02,20260304_E11,192,train
20250703_chem3_28C_T00_1325_B05_e01,20250703_chem3_28C_T00_1325_B05,1,train
20240725_B05_e01,20240725_B05,1,train
20260724_hotfish_36hpf_plate01_A09_e01,20260724_hotfish_36hpf_plate01_A09,1,train
20250623_chem_28C_T02_1259_H08_e01,20250623_chem_28C_T02_1259_H08,1,train
20260202_A11_e02,20260202_A11,71,train
20250703_chem3_34C_T00_1131_H05_e01,20250703_chem3_34C_T00_1131_H05,1,train
20260416_cep290_30to48hpf_plate02_t02_A01_e01,20260416_cep290_30to48hpf_plate02_t02_A01,1,train
20250711_H05_e01,20250711_H05,179,train
20260702_hotchem_24hpf_plate01_G12_e01,20260702_hotchem_24hpf_plate01_G12,1,train
20240726_C03_e01,20240726_C03,1,train
20250624_chem02_34C_T00_1243_C02_e01,20250624_chem02_34C_T00_1243_C02,1,train
20251121_D10_e01,20251121_D10,173,train
20241022_A03_e01,20241022_A03,37,train
20250624_chem02_34C_T00_1243_F07_e01,20250624_chem02_34C_T00_1243_F07,1,train
20250721_chem5_28C_T00_1257_F05_e01,20250721_chem5_28C_T00_1257_F05,1,train
20260331_b9d2_18hpf_plate02_C01_e01,20260331_b9d2_18hpf_plate02_C01,1,train
20260724_hotfish_24hpf_plate02_A07_e01,20260724_hotfish_24hpf_plate02_A07,1,train
20250624_chem02_28C_T00_1356_D06_e01,20250624_chem02_28C_T00_1356_D06,1,train
20250612_36hpf_wfs1_ctcf_B12_e01,20250612_36hpf_wfs1_ctcf_B12,1,train
20250624_chem02_35C_T00_1216_A03_e01,20250624_chem02_35C_T00_1216_A03,1,train
20260306_G10_e02,20260306_G10,186,train
20260418_irx_pilot_H09_e01,20260418_irx_pilot_H09,78,train
20260202_G09_e01,20260202_G09,71,train
20230629_C12_e01,20230629_C12,41,train
20240718_D12_e01,20240718_D12,1,train
20260415_cep290_18hpf_plate03_H06_e01,20260415_cep290_18hpf_plate03_H06,1,train
20260213_F08_e02,20260213_F08,139,train
20250624_chem02_35C_T00_1216_H08_e01,20250624_chem02_35C_T00_1216_H08,1,train
20251020_F11_e01,20251020_F11,57,train
20260702_hotchem_30hpf_plate01_E02_e01,20260702_hotchem_30hpf_plate01_E02,1,train
20260415_cep290_18hpf_plate03_A03_e01,20260415_cep290_18hpf_plate03_A03,1,train
20260702_hotchem_36hpf_plate02_D05_e01,20260702_hotchem_36hpf_plate02_D05,1,train
20260724_hotfish_36hpf_plate01_C06_e01,20260724_hotfish_36hpf_plate01_C06,1,train
20240404_C10_e01,20240404_C10,35,train
20250512_B06_e01,20250512_B06,195,train
20251020_D08_e01,20251020_D08,57,train
20260324_cep290_24hpf_plate02_H08_e01,20260324_cep290_24hpf_plate02_H08,1,train
20260122_A11_e01,20260122_A11,104,train
20250622_chem_28C_T01_1658_A07_e01,20250622_chem_28C_T01_1658_A07,1,train
20250622_chem_35C_T01_1605_D10_e01,20250622_chem_35C_T01_1605_D10,1,train
20260702_hotchem_30hpf_plate02_E04_e03,20260702_hotchem_30hpf_plate02_E04,1,train
20240411_B11_e01,20240411_B11,48,train
20260415_b9d2_30to48hpf_plate02_t02_A05_e01,20260415_b9d2_30to48hpf_plate02_t02_A05,1,train
20230622_A12_e01,20230622_A12,44,train
20250622_chem_34C_T00_1256_C08_e01,20250622_chem_34C_T00_1256_C08,1,train
20230613_D10_e01,20230613_D10,66,train
20260319_B02_e02,20260319_B02,105,train
20260319_cilia_crispant_24hpf_H09_e01,20260319_cilia_crispant_24hpf_H09,1,train
20260417_irx_pilot_E04_e02,20260417_irx_pilot_E04,27,train
20250716_chem4_28C_T01_1400_B05_e01,20250716_chem4_28C_T01_1400_B05,1,train
20251017_part1_C03_e04,20251017_part1_C03,65,train
20250716_chem4_34C_T00_1014_A07_e01,20250716_chem4_34C_T00_1014_A07,1,train
20260702_hotchem_30hpf_plate02_E09_e03,20260702_hotchem_30hpf_plate02_E09,1,train
20250721_chem5_28C_T01_1401_A04_e01,20250721_chem5_28C_T01_1401_A04,1,train
20250624_chem02_34C_T01_1739_F08_e01,20250624_chem02_34C_T01_1739_F08,1,train
20250126_E10_e01,20250126_E10,71,train
20241022_H08_e01,20241022_H08,37,train
20230602_B10_e01,20230602_B10,98,train
20260415_b9d2_30to48hpf_plate01_t02_G07_e01,20260415_b9d2_30to48hpf_plate01_t02_G07,1,train
20240404_E05_e01,20240404_E05,35,train
20260417_irx_pilot_B01_e01,20260417_irx_pilot_B01,27,train
20251017_part1_A04_e02,20251017_part1_A04,63,train
20260416_cep290_30to48hpf_plate01_t02_A06_e01,20260416_cep290_30to48hpf_plate01_t02_A06,1,train
20260228_F09_e01,20260228_F09,151,train
20250624_chem02_35C_T01_1711_F07_e01,20250624_chem02_35C_T01_1711_F07,1,train
20260210_B06_e01,20260210_B06,161,train
20250512_A07_e01,20250512_A07,195,train
20260724_hotfish_24hpf_plate01_A03_e01,20260724_hotfish_24hpf_plate01_A03,1,train
20250703_chem3_28C_T00_1325_H05_e01,20250703_chem3_28C_T00_1325_H05,1,train
20250624_chem02_28C_T01_1808_E02_e01,20250624_chem02_28C_T01_1808_E02,1,train
20250501_E09_e02,20250501_E09,176,train
20251017_part2_D10_e02,20251017_part2_D10,63,train
20250622_chem_34C_T00_1256_E12_e01,20250622_chem_34C_T00_1256_E12,1,train
20231206_A12_e02,20231206_A12,59,train
20260724_hotfish_36hpf_plate01_G02_e01,20260724_hotfish_36hpf_plate01_G02,1,train
20240718_C05_e01,20240718_C05,1,train
20251205_F06_e01,20251205_F06,115,train
20250512_F08_e01,20250512_F08,195,train
20250624_chem02_34C_T01_1739_B04_e01,20250624_chem02_34C_T01_1739_B04,1,train
20250624_chem02_28C_T00_1356_H01_e01,20250624_chem02_28C_T00_1356_H01,1,train
20260414_b9d2_14hpf_plate01_B12_e01,20260414_b9d2_14hpf_plate01_B12,1,train
20240418_D01_e02,20240418_D01,46,train
20260324_cep290_24hpf_plate02_G06_e01,20260324_cep290_24hpf_plate02_G06,1,train
20240813_24hpf_E06_e01,20240813_24hpf_E06,1,train
20241023_H07_e02,20241023_H07,43,train
20260702_hotchem_24hpf_plate02_B12_e02,20260702_hotchem_24hpf_plate02_B12,1,train
20230831_B03_e01,20230831_B03,1,train
20251125_H11_e01,20251125_H11,231,train
20260724_hotfish_30hpf_plate01_F03_e01,20260724_hotfish_30hpf_plate01_F03,1,train
20260724_hotfish_24hpf_plate01_C05_e01,20260724_hotfish_24hpf_plate01_C05,1,train
20251207_pbx_F04_e01,20251207_pbx_F04,132,train
20260324_cep290_24hpf_plate01_B12_e01,20260324_cep290_24hpf_plate01_B12,1,train
20260202_G11_e02,20260202_G11,71,train
20230531_B01_e01,20230531_B01,66,train
20240813_30hpf_D03_e01,20240813_30hpf_D03,1,train
20231206_E12_e01,20231206_E12,59,train
20260324_cep290_24hpf_plate02_G12_e01,20260324_cep290_24hpf_plate02_G12,1,train
20251112_A02_e04,20251112_A02,21,train
20260724_hotfish_36hpf_plate01_A07_e01,20260724_hotfish_36hpf_plate01_A07,1,train
20250703_chem3_35C_T00_1101_H04_e01,20250703_chem3_35C_T00_1101_H04,1,train
20260702_hotchem_30hpf_plate01_B11_e01,20260702_hotchem_30hpf_plate01_B11,1,train
20251205_C01_e01,20251205_C01,115,train
20250512_D08_e01,20250512_D08,195,train
20250515_part2_B03_e01,20250515_part2_B03,27,train
20240404_C04_e01,20240404_C04,35,train
20240724_E07_e01,20240724_E07,1,train
20260213_H12_e03,20260213_H12,139,train
20230622_D08_e01,20230622_D08,43,train
20250624_chem02_28C_T01_1808_F07_e01,20250624_chem02_28C_T01_1808_F07,1,train
20260208_C05_e01,20260208_C05,321,train
20250623_chem_28C_T02_1259_D05_e01,20250623_chem_28C_T02_1259_D05,1,train
20260306_A09_e01,20260306_A09,186,train
20260202_E01_e02,20260202_E01,71,train
20260416_cep290_30to48hpf_plate01_t02_C09_e01,20260416_cep290_30to48hpf_plate01_t02_C09,1,train
20240306_H05_e03,20240306_H05,44,train
20260414_b9d2_14hpf_plate01_D06_e01,20260414_b9d2_14hpf_plate01_D06,1,train
20260702_hotchem_36hpf_plate01_B10_e01,20260702_hotchem_36hpf_plate01_B10,1,train
20251017_part2_A05_e01,20251017_part2_A05,63,train
20240813_24hpf_A06_e01,20240813_24hpf_A06,1,train
20260324_cep290_24hpf_plate01_G08_e01,20260324_cep290_24hpf_plate01_G08,1,train
20260416_cep290_30to48hpf_plate02_t02_H01_e02,20260416_cep290_30to48hpf_plate02_t02_H01,1,train
20260417_irx_pilot_H11_e02,20260417_irx_pilot_H11,27,train
20251125_A01_e01,20251125_A01,231,train
20240813_36hpf_H02_e01,20240813_36hpf_H02,1,train
20260702_hotchem_36hpf_plate01_D06_e01,20260702_hotchem_36hpf_plate01_D06,1,train
20251121_G01_e02,20251121_G01,173,train
20260724_hotfish_24hpf_plate02_D07_e01,20260724_hotfish_24hpf_plate02_D07,1,train
20260324_cep290_24hpf_plate01_E03_e01,20260324_cep290_24hpf_plate01_E03,1,train
20250716_chem4_34C_T00_1014_E09_e01,20250716_chem4_34C_T00_1014_E09,1,train
20250622_chem_35C_T00_1223_check_E07_e01,20250622_chem_35C_T00_1223_check_E07,1,train
20260122_G07_e01,20260122_G07,104,train
20250625_chem02_34C_T02_1301_G08_e01,20250625_chem02_34C_T02_1301_G08,1,train
20240813_36hpf_E05_e01,20240813_36hpf_E05,1,train
20250612_24hpf_ctrl_atf6_F12_e01,20250612_24hpf_ctrl_atf6_F12,1,train
20250512_G06_e01,20250512_G06,195,train
20230629_B07_e01,20230629_B07,41,train
20260304_H03_e02,20260304_H03,192,train
20240306_F06_e01,20240306_F06,132,train
20251017_part2_A06_e02,20251017_part2_A06,63,train
20260210_C06_e01,20260210_C06,161,train
20231206_C07_e01,20231206_C07,59,train
20250612_30hpf_ctrl_atf6_E05_e01,20250612_30hpf_ctrl_atf6_E05,1,train
20231110_B12_e01,20231110_B12,64,train
20251017_part2_A12_e04,20251017_part2_A12,63,train
20250612_24hpf_wfs1_ctcf_E03_e01,20250612_24hpf_wfs1_ctcf_E03,1,train
20230629_C04_e03,20230629_C04,41,train
20260319_C03_e02,20260319_C03,105,train
20260324_cep290_24hpf_plate01_H03_e01,20260324_cep290_24hpf_plate01_H03,1,train
20260702_hotchem_30hpf_plate02_C06_e01,20260702_hotchem_30hpf_plate02_C06,1,train
20240404_E09_e01,20240404_E09,35,train
20251112_A08_e01,20251112_A08,49,train
20260417_irx_pilot_A12_e02,20260417_irx_pilot_A12,27,train
20240509_E09_e01,20240509_E09,41,train
20260702_hotchem_24hpf_plate02_F08_e01,20260702_hotchem_24hpf_plate02_F08,1,train
20230602_C08_e01,20230602_C08,95,train
20250612_30hpf_ctrl_atf6_B12_e01,20250612_30hpf_ctrl_atf6_B12,1,train
20260219_C09_e01,20260219_C09,177,train
20250912_H12_e01,20250912_H12,113,train
20260331_b9d2_18hpf_plate02_B03_e01,20260331_b9d2_18hpf_plate02_B03,1,train
20250624_chem02_35C_T00_1216_F12_e01,20250624_chem02_35C_T00_1216_F12,1,train
20230627_F12_e02,20230627_F12,45,train
20240718_C04_e01,20240718_C04,1,train
20250622_chem_34C_T01_1632_C10_e01,20250622_chem_34C_T01_1632_C10,1,train
20250622_chem_28C_T01_1658_H07_e01,20250622_chem_28C_T01_1658_H07,1,train
20231206_G06_e01,20231206_G06,59,train
20230615_F05_e01,20230615_F05,50,train
20250721_chem5_35C_T00_1023_C09_e01,20250721_chem5_35C_T00_1023_C09,1,train
20260228_E05_e01,20260228_E05,151,train
20260324_cep290_30hpf_plate02_A03_e01,20260324_cep290_30hpf_plate02_A03,1,train
20250624_chem02_34C_T01_1739_E02_e01,20250624_chem02_34C_T01_1739_E02,1,train
20240812_C09_e01,20240812_C09,75,train
20240418_E03_e02,20240418_E03,46,train
20250912_H12_e02,20250912_H12,113,train
20250622_chem_28C_T00_1425_A05_e01,20250622_chem_28C_T00_1425_A05,1,train
20250624_chem02_35C_T00_1216_D12_e01,20250624_chem02_35C_T00_1216_D12,1,train
20231218_H12_e01,20231218_H12,34,train
20231110_F09_e01,20231110_F09,64,train
20250624_chem02_35C_T00_1216_F05_e01,20250624_chem02_35C_T00_1216_F05,1,train
20231206_D06_e01,20231206_D06,59,train
20250703_chem3_35C_T00_1101_E02_e01,20250703_chem3_35C_T00_1101_E02,1,train
20241023_F11_e01,20241023_F11,43,train
20260228_A12_e01,20260228_A12,151,train
20230627_F06_e01,20230627_F06,45,train
20231218_A11_e01,20231218_A11,34,train
20260415_b9d2_30to48hpf_plate01_t02_G09_e01,20260415_b9d2_30to48hpf_plate01_t02_G09,1,train
20250305_B09_e01,20250305_B09,340,train
20260702_hotchem_30hpf_plate02_B02_e01,20260702_hotchem_30hpf_plate02_B02,1,train
20250721_chem5_35C_T00_1023_G07_e02,20250721_chem5_35C_T00_1023_G07,1,train
20260331_b9d2_18hpf_plate02_A07_e01,20260331_b9d2_18hpf_plate02_A07,1,train
20250716_chem4_28C_T01_1400_C09_e02,20250716_chem4_28C_T01_1400_C09,1,train
20250716_chem4_34C_T00_1014_A04_e01,20250716_chem4_34C_T00_1014_A04,1,train
20250519_E05_e01,20250519_E05,51,train
20260416_cep290_30to48hpf_plate01_t02_C07_e02,20260416_cep290_30to48hpf_plate01_t02_C07,1,train
20260702_hotchem_30hpf_plate01_D07_e03,20260702_hotchem_30hpf_plate01_D07,1,train
20250624_chem02_28C_T00_1356_E01_e02,20250624_chem02_28C_T00_1356_E01,1,train
20260219_D03_e01,20260219_D03,177,train
20230531_F08_e01,20230531_F08,66,train
20260415_cep290_30to48hpf_plate02_t01_G02_e01,20260415_cep290_30to48hpf_plate02_t01_G02,1,train
20250703_chem3_35C_T00_1101_B03_e01,20250703_chem3_35C_T00_1101_B03,1,train
20251125_A05_e01,20251125_A05,231,train
20250716_chem4_28C_T00_1158_G02_e01,20250716_chem4_28C_T00_1158_G02,1,train
20260415_cep290_18hpf_plate03_F02_e03,20260415_cep290_18hpf_plate03_F02,1,train
20260219_D08_e03,20260219_D08,177,train
20260206_F06_e01,20260206_F06,150,train
20260219_F07_e02,20260219_F07,177,train
20260304_H09_e02,20260304_H09,192,train
20240307_E10_e01,20240307_E10,44,train
20250501_E07_e02,20250501_E07,176,train
20250515_part2_G11_e01,20250515_part2_G11,27,train
20260414_b9d2_30hpf_plate01_D02_e01,20260414_b9d2_30hpf_plate01_D02,1,train
20250612_36hpf_ctrl_atf6_C06_e01,20250612_36hpf_ctrl_atf6_C06,1,train
20260416_cep290_30to48hpf_plate01_t02_D06_e01,20260416_cep290_30to48hpf_plate01_t02_D06,1,train
20240725_G07_e01,20240725_G07,1,train
20260202_H04_e02,20260202_H04,71,train
20260415_b9d2_30to48hpf_plate02_t02_B02_e01,20260415_b9d2_30to48hpf_plate02_t02_B02,1,train
20240812_F07_e01,20240812_F07,75,train
20250716_chem4_28C_T00_1158_B10_e01,20250716_chem4_28C_T00_1158_B10,1,train
20250624_chem02_28C_T00_1356_E05_e01,20250624_chem02_28C_T00_1356_E05,1,train
20251205_B01_e02,20251205_B01,115,train
20260319_cilia_crispant_18hpf_C09_e01,20260319_cilia_crispant_18hpf_C09,1,train
20250501_C10_e01,20250501_C10,176,train
20230602_F09_e01,20230602_F09,97,train
20240813_36hpf_E03_e01,20240813_36hpf_E03,1,train
20240418_D06_e02,20240418_D06,46,train
20231110_A12_e01,20231110_A12,64,train
20250721_chem5_28C_T01_1401_F06_e01,20250721_chem5_28C_T01_1401_F06,1,train
20241023_C05_e01,20241023_C05,43,train
20241022_C03_e01,20241022_C03,37,train
20250612_24hpf_ctrl_atf6_D06_e01,20250612_24hpf_ctrl_atf6_D06,1,train
20250721_chem5_28C_T00_1257_G04_e01,20250721_chem5_28C_T00_1257_G04,1,train
20251207_pbx_D12_e01,20251207_pbx_D12,132,train
20250624_chem02_28C_T01_1808_G08_e01,20250624_chem02_28C_T01_1808_G08,1,train
20250625_chem02_28C_T02_1332_E10_e03,20250625_chem02_28C_T02_1332_E10,1,train
20230613_C06_e01,20230613_C06,66,train
20260319_cilia_crispant_24hpf_A06_e01,20260319_cilia_crispant_24hpf_A06,1,train
20260418_irx_pilot_E11_e03,20260418_irx_pilot_E11,78,train
20260702_hotchem_36hpf_plate01_F12_e01,20260702_hotchem_36hpf_plate01_F12,1,train
20251212_C09_e01,20251212_C09,115,train
20250425_E02_e01,20250425_E02,118,train
20260702_hotchem_24hpf_plate02_C06_e02,20260702_hotchem_24hpf_plate02_C06,1,train
20260324_cep290_24hpf_plate02_H12_e01,20260324_cep290_24hpf_plate02_H12,1,train
20240411_G10_e01,20240411_G10,48,train
20250624_chem02_34C_T00_1243_H10_e01,20250624_chem02_34C_T00_1243_H10,1,train
20250912_F05_e01,20250912_F05,112,train
20260702_hotchem_24hpf_plate02_B04_e01,20260702_hotchem_24hpf_plate02_B04,1,train
20250126_B06_e01,20250126_B06,71,train
20260228_G11_e02,20260228_G11,151,train
20250624_chem02_34C_T00_1243_G05_e01,20250624_chem02_34C_T00_1243_G05,1,train
20240813_30hpf_B07_e01,20240813_30hpf_B07,1,train
20250716_chem4_35C_T00_1045_F03_e01,20250716_chem4_35C_T00_1045_F03,1,train
20260415_cep290_18hpf_plate03_A02_e01,20260415_cep290_18hpf_plate03_A02,1,train
20250624_chem02_35C_T00_1216_B06_e02,20250624_chem02_35C_T00_1216_B06,1,train
20240718_C09_e01,20240718_C09,1,train
20260202_C07_e01,20260202_C07,71,train
20240718_H03_e01,20240718_H03,1,train
20260324_cep290_30hpf_plate01_C08_e01,20260324_cep290_30hpf_plate01_C08,1,train
20250716_chem4_28C_T01_1400_A07_e02,20250716_chem4_28C_T01_1400_A07,1,train
20250624_chem02_34C_T01_1739_D11_e01,20250624_chem02_34C_T01_1739_D11,1,train
20260219_A09_e02,20260219_A09,177,train
20260724_hotfish_36hpf_plate02_A01_e01,20260724_hotfish_36hpf_plate02_A01,1,train
20250415_F03_e01,20250415_F03,39,train
20250624_chem02_34C_T00_1243_G08_e01,20250624_chem02_34C_T00_1243_G08,1,train
20260319_cilia_crispant_18hpf_E11_e01,20260319_cilia_crispant_18hpf_E11,1,train
20260418_irx_pilot_G05_e01,20260418_irx_pilot_G05,31,train
20250622_chem_35C_T00_1223_check_H03_e01,20250622_chem_35C_T00_1223_check_H03,1,train
20260724_hotfish_36hpf_plate01_E09_e01,20260724_hotfish_36hpf_plate01_E09,1,train
20260324_cep290_24hpf_plate02_B11_e01,20260324_cep290_24hpf_plate02_B11,1,train
20240306_G10_e02,20240306_G10,132,train
20230629_G02_e02,20230629_G02,41,train
20260724_hotfish_36hpf_plate01_D04_e01,20260724_hotfish_36hpf_plate01_D04,1,train
20250612_36hpf_wfs1_ctcf_A12_e01,20250612_36hpf_wfs1_ctcf_A12,1,train
20250425_D11_e01,20250425_D11,118,train
20240509_H07_e01,20240509_H07,41,train
20230531_F10_e01,20230531_F10,66,train
20260724_hotfish_24hpf_plate01_E11_e02,20260724_hotfish_24hpf_plate01_E11,1,train
20230531_G01_e01,20230531_G01,66,train
20240411_C05_e01,20240411_C05,48,train
20230602_B04_e01,20230602_B04,93,train
20240509_D11_e01,20240509_D11,41,train
20250721_chem5_28C_T01_1401_E02_e01,20250721_chem5_28C_T01_1401_E02,1,train
20250612_36hpf_wfs1_ctcf_A03_e01,20250612_36hpf_wfs1_ctcf_A03,1,train
20230627_A10_e01,20230627_A10,45,train
20240717_C07_e01,20240717_C07,1,train
20250126_B11_e01,20250126_B11,71,train
20251112_H01_e02,20251112_H01,30,train
20240530_H03_e01,20240530_H03,81,train
20250721_chem5_28C_T01_1401_F05_e01,20250721_chem5_28C_T01_1401_F05,1,train
20240418_B06_e02,20240418_B06,46,train
20260304_C08_e01,20260304_C08,192,train
20260324_cep290_24hpf_plate01_D02_e01,20260324_cep290_24hpf_plate01_D02,1,train
20250126_B09_e01,20250126_B09,71,train
20250425_D02_e01,20250425_D02,118,train
20260324_cep290_30hpf_plate02_C01_e01,20260324_cep290_30hpf_plate02_C01,1,train
20250512_C05_e01,20250512_C05,195,train
20240404_G12_e01,20240404_G12,35,train
20251207_pbx_D02_e02,20251207_pbx_D02,132,train
20250501_A01_e01,20250501_A01,176,train
20230627_D04_e02,20230627_D04,45,train
20260324_cep290_30hpf_plate02_D07_e01,20260324_cep290_30hpf_plate02_D07,1,train
20260208_H05_e01,20260208_H05,321,train
20250625_chem02_34C_T02_1301_H09_e02,20250625_chem02_34C_T02_1301_H09,1,train
20250912_G03_e01,20250912_G03,113,train
20250912_D08_e01,20250912_D08,113,train
20251020_F03_e01,20251020_F03,57,train
20250623_chem_34C_T02_1231_F10_e01,20250623_chem_34C_T02_1231_F10,1,train
20240411_G08_e02,20240411_G08,48,train
20240509_G03_e01,20240509_G03,41,train
20260324_cep290_30hpf_plate01_C06_e01,20260324_cep290_30hpf_plate01_C06,1,train
20240530_F09_e01,20240530_F09,81,train
20250624_chem02_34C_T01_1739_E10_e01,20250624_chem02_34C_T01_1739_E10,1,train
20250912_B02_e01,20250912_B02,113,train
20260202_A07_e01,20260202_A07,71,train
20260414_b9d2_30hpf_plate02_C02_e01,20260414_b9d2_30hpf_plate02_C02,1,train
20250703_chem3_34C_T00_1131_B05_e01,20250703_chem3_34C_T00_1131_B05,1,train
20250623_chem_34C_T02_1231_E12_e01,20250623_chem_34C_T02_1231_E12,1,train
20260304_H12_e01,20260304_H12,192,train
20260415_b9d2_30to48hpf_plate01_t02_E07_e01,20260415_b9d2_30to48hpf_plate01_t02_E07,1,train
20230531_C05_e01,20230531_C05,66,train
20260210_D06_e01,20260210_D06,161,train
20250622_chem_35C_T00_1223_check_G08_e01,20250622_chem_35C_T00_1223_check_G08,1,train
20230615_G05_e01,20230615_G05,50,train
20250215_D07_e01,20250215_D07,78,train
20260418_irx_pilot_F05_e01,20260418_irx_pilot_F05,78,train
20240307_E09_e01,20240307_E09,44,train
20260331_b9d2_18hpf_plate02_F04_e02,20260331_b9d2_18hpf_plate02_F04,1,train
20250716_chem4_35C_T00_1045_A04_e01,20250716_chem4_35C_T00_1045_A04,1,train
20240813_24hpf_F05_e01,20240813_24hpf_F05,1,train
20260304_H09_e05,20260304_H09,192,train
20260416_cep290_30to48hpf_plate01_t02_H07_e01,20260416_cep290_30to48hpf_plate01_t02_H07,1,train
20250703_chem3_34C_T00_1131_A06_e01,20250703_chem3_34C_T00_1131_A06,1,train
20250624_chem02_35C_T01_1711_E11_e01,20250624_chem02_35C_T01_1711_E11,1,train
20250425_D10_e01,20250425_D10,118,train
20260228_A04_e03,20260228_A04,151,train
20250512_G11_e02,20250512_G11,195,train
20230613_F01_e03,20230613_F01,65,train
20260319_D03_e02,20260319_D03,105,train
20260122_G06_e02,20260122_G06,104,train
20250612_24hpf_wfs1_ctcf_G04_e01,20250612_24hpf_wfs1_ctcf_G04,1,train
20250519_F01_e01,20250519_F01,51,train
20240411_B10_e01,20240411_B10,48,train
20251205_H06_e01,20251205_H06,115,train
20260304_H09_e04,20260304_H09,192,train
20231218_H02_e01,20231218_H02,34,train
20240812_B01_e02,20240812_B01,75,train
20260213_B02_e04,20260213_B02,101,train
20251017_part1_D03_e01,20251017_part1_D03,65,train
20250215_F01_e01,20250215_F01,78,train
20250721_chem5_35C_T00_1023_H04_e01,20250721_chem5_35C_T00_1023_H04,1,train
20250622_chem_35C_T01_1605_A07_e02,20250622_chem_35C_T01_1605_A07,1,train
20250623_chem_34C_T02_1231_G12_e01,20250623_chem_34C_T02_1231_G12,1,train
20260324_cep290_30hpf_plate01_F11_e01,20260324_cep290_30hpf_plate01_F11,1,train
20250612_30hpf_ctrl_atf6_C02_e01,20250612_30hpf_ctrl_atf6_C02,1,train
20241022_C05_e01,20241022_C05,37,train
20250501_E05_e01,20250501_E05,176,train
20260324_cep290_24hpf_plate02_H01_e01,20260324_cep290_24hpf_plate02_H01,1,train
20260213_D11_e02,20260213_D11,139,train
20240530_H08_e03,20240530_H08,81,train
20260122_A04_e02,20260122_A04,104,train
20240717_E08_e01,20240717_E08,1,train
20260324_cep290_24hpf_plate01_H09_e01,20260324_cep290_24hpf_plate01_H09,1,train
20260415_b9d2_30to48hpf_plate02_t02_H06_e01,20260415_b9d2_30to48hpf_plate02_t02_H06,1,train
20260319_cilia_crispant_30hpf_B02_e01,20260319_cilia_crispant_30hpf_B02,1,train
20250612_30hpf_ctrl_atf6_A07_e01,20250612_30hpf_ctrl_atf6_A07,1,train
20230831_D04_e01,20230831_D04,1,train
20260324_cep290_30hpf_plate02_E04_e01,20260324_cep290_30hpf_plate02_E04,1,train
20240530_E01_e01,20240530_E01,81,train
20250622_chem_28C_T00_1425_E06_e01,20250622_chem_28C_T00_1425_E06,1,train
20260414_b9d2_30hpf_plate01_F01_e01,20260414_b9d2_30hpf_plate01_F01,1,train
20260724_hotfish_30hpf_plate01_F10_e01,20260724_hotfish_30hpf_plate01_F10,1,train
20250612_24hpf_ctrl_atf6_E10_e01,20250612_24hpf_ctrl_atf6_E10,1,train
20250716_chem4_35C_T00_1045_H07_e01,20250716_chem4_35C_T00_1045_H07,1,train
20240510_A05_e02,20240510_A05,1,train
20260122_B11_e01,20260122_B11,104,train
20260206_B11_e01,20260206_B11,150,train
20260210_G08_e01,20260210_G08,161,train
20250425_D03_e01,20250425_D03,118,train
20250512_C12_e01,20250512_C12,195,train
20250912_H10_e03,20250912_H10,113,train
20260702_hotchem_30hpf_plate01_B09_e01,20260702_hotchem_30hpf_plate01_B09,1,train
20260702_hotchem_36hpf_plate01_H02_e01,20260702_hotchem_36hpf_plate01_H02,1,train
20240509_18ss_E01_e01,20240509_18ss_E01,1,train
20260415_b9d2_30to48hpf_plate02_t02_H04_e01,20260415_b9d2_30to48hpf_plate02_t02_H04,1,train
20250625_chem02_35C_T02_1228_D12_e01,20250625_chem02_35C_T02_1228_D12,1,train
20231206_H07_e01,20231206_H07,59,train
20250215_C08_e01,20250215_C08,78,train
20241023_F12_e02,20241023_F12,43,train
20251112_H01_e03,20251112_H01,1,train
20250126_E12_e01,20250126_E12,71,train
20240530_E10_e01,20240530_E10,81,train
20250912_B05_e01,20250912_B05,113,train
20250215_A09_e01,20250215_A09,78,train
20240404_B05_e02,20240404_B05,35,train
20250515_part2_H04_e02,20250515_part2_H04,27,train
20230613_D07_e01,20230613_D07,66,train
20260415_cep290_30to48hpf_plate02_t01_F02_e01,20260415_cep290_30to48hpf_plate02_t01_F02,1,train
20260319_cilia_crispant_30hpf_H10_e01,20260319_cilia_crispant_30hpf_H10,1,train
20250703_chem3_35C_T01_1437_B04_e01,20250703_chem3_35C_T01_1437_B04,1,train
20250622_chem_28C_T00_1425_G04_e02,20250622_chem_28C_T00_1425_G04,1,train
20250624_chem02_28C_T01_1808_A02_e01,20250624_chem02_28C_T01_1808_A02,1,train
20251112_H05_e01,20251112_H05,49,train
20240307_A02_e01,20240307_A02,44,train
20250126_A08_e01,20250126_A08,71,train
20260122_C08_e01,20260122_C08,104,train
20260702_hotchem_24hpf_plate01_B11_e01,20260702_hotchem_24hpf_plate01_B11,1,train
20250501_F05_e01,20250501_F05,176,train
20250703_chem3_28C_T00_1325_E01_e02,20250703_chem3_28C_T00_1325_E01,1,train
20260319_H04_e03,20260319_H04,105,train
20260306_F11_e02,20260306_F11,185,train
20260202_H09_e04,20260202_H09,71,train
20250425_H10_e01,20250425_H10,118,train
20250612_24hpf_ctrl_atf6_F03_e01,20250612_24hpf_ctrl_atf6_F03,1,train
20251017_part2_C09_e01,20251017_part2_C09,63,train
20240718_B08_e01,20240718_B08,1,train
20240812_A03_e02,20240812_A03,75,train
20250622_chem_35C_T01_1605_E12_e01,20250622_chem_35C_T01_1605_E12,1,train
20231110_E05_e01,20231110_E05,64,train
20250624_chem02_28C_T01_1808_B08_e02,20250624_chem02_28C_T01_1808_B08,1,train
20250912_H12_e03,20250912_H12,113,train
20260702_hotchem_30hpf_plate01_F07_e01,20260702_hotchem_30hpf_plate01_F07,1,train
20240509_D07_e01,20240509_D07,41,train
20251017_part1_F08_e01,20251017_part1_F08,65,train
20250624_chem02_35C_T01_1711_F11_e01,20250624_chem02_35C_T01_1711_F11,1,train
20240306_D05_e01,20240306_D05,132,train
20260331_b9d2_18hpf_plate02_E04_e01,20260331_b9d2_18hpf_plate02_E04,1,train
20260724_hotfish_24hpf_plate01_E01_e01,20260724_hotfish_24hpf_plate01_E01,1,train
20250912_H06_e01,20250912_H06,113,train
20250721_chem5_28C_T00_1257_G11_e01,20250721_chem5_28C_T00_1257_G11,1,train
20240509_E06_e02,20240509_E06,41,train
20260416_cep290_30to48hpf_plate01_t02_B05_e01,20260416_cep290_30to48hpf_plate01_t02_B05,1,train
20240718_G06_e01,20240718_G06,1,train
20260324_cep290_24hpf_plate02_E02_e01,20260324_cep290_24hpf_plate02_E02,1,train
20260319_cilia_crispant_18hpf_D09_e01,20260319_cilia_crispant_18hpf_D09,1,train
20250703_chem3_28C_T00_1325_D06_e01,20250703_chem3_28C_T00_1325_D06,1,train
20260304_H03_e04,20260304_H03,192,train
20250612_36hpf_wfs1_ctcf_C02_e01,20250612_36hpf_wfs1_ctcf_C02,1,train
20250624_chem02_28C_T01_1808_B12_e01,20250624_chem02_28C_T01_1808_B12,1,train
20250305_F09_e01,20250305_F09,340,train
20240718_B02_e01,20240718_B02,1,train
20250501_F02_e02,20250501_F02,176,train
20250716_chem4_34C_T00_1014_E02_e01,20250716_chem4_34C_T00_1014_E02,1,train
20251017_part1_H04_e01,20251017_part1_H04,65,train
20251017_part2_E08_e01,20251017_part2_E08,63,train
20240626_G11_e01,20240626_G11,112,train
20251125_C01_e01,20251125_C01,231,train
20260417_irx_pilot_H05_e01,20260417_irx_pilot_H05,27,train
20260319_cilia_crispant_18hpf_E01_e01,20260319_cilia_crispant_18hpf_E01,1,train
20260724_hotfish_24hpf_plate01_H02_e02,20260724_hotfish_24hpf_plate01_H02,1,train
20251121_B07_e02,20251121_B07,41,train
20250912_A12_e01,20250912_A12,113,train
20241023_C05_e02,20241023_C05,43,train
20240306_B10_e01,20240306_B10,132,train
20260208_F10_e01,20260208_F10,321,train
20230615_D10_e01,20230615_D10,49,train
20240306_B03_e01,20240306_B03,132,train
20260702_hotchem_30hpf_plate02_D10_e01,20260702_hotchem_30hpf_plate02_D10,1,train
20250612_36hpf_wfs1_ctcf_H03_e01,20250612_36hpf_wfs1_ctcf_H03,1,train
20230613_B06_e01,20230613_B06,66,train
20240509_24hpf_H04_e01,20240509_24hpf_H04,1,train
20230627_A09_e03,20230627_A09,45,train
20260417_irx_pilot_G02_e01,20260417_irx_pilot_G02,27,train
20260702_hotchem_36hpf_plate01_E01_e01,20260702_hotchem_36hpf_plate01_E01,1,train
20260319_cilia_crispant_18hpf_B12_e01,20260319_cilia_crispant_18hpf_B12,1,train
20260319_cilia_crispant_24hpf_F03_e01,20260319_cilia_crispant_24hpf_F03,1,train
20260319_cilia_crispant_18hpf_A12_e01,20260319_cilia_crispant_18hpf_A12,1,train
20240717_A05_e02,20240717_A05,1,train
20260202_H05_e03,20260202_H05,71,train
20250625_chem02_34C_T02_1301_C12_e01,20250625_chem02_34C_T02_1301_C12,1,train
20260702_hotchem_36hpf_plate02_F08_e01,20260702_hotchem_36hpf_plate02_F08,1,train
20260417_irx_pilot_H07_e01,20260417_irx_pilot_H07,27,train
20260724_hotfish_36hpf_plate02_E05_e01,20260724_hotfish_36hpf_plate02_E05,1,train
20241023_G10_e01,20241023_G10,43,train
20240812_E04_e01,20240812_E04,75,train
20250425_C02_e01,20250425_C02,118,train
20260324_cep290_30hpf_plate01_B05_e01,20260324_cep290_30hpf_plate01_B05,1,train
20250612_30hpf_wfs1_ctcf_D06_e01,20250612_30hpf_wfs1_ctcf_D06,1,train
20250612_30hpf_ctrl_atf6_F03_e01,20250612_30hpf_ctrl_atf6_F03,1,train
20251017_part2_B09_e01,20251017_part2_B09,63,train
20251017_part1_A04_e01,20251017_part1_A04,65,train
20251121_F07_e01,20251121_F07,173,train
20260319_cilia_crispant_30hpf_E08_e01,20260319_cilia_crispant_30hpf_E08,1,train
20251017_part2_D01_e01,20251017_part2_D01,63,train
20231110_B03_e01,20231110_B03,64,train
20251205_F05_e01,20251205_F05,115,train
20240522_C01_e01,20240522_C01,95,train
20260417_irx_pilot_G03_e02,20260417_irx_pilot_G03,27,train
20241022_B02_e01,20241022_B02,37,train
20260324_cep290_30hpf_plate02_H03_e01,20260324_cep290_30hpf_plate02_H03,1,train
20260414_b9d2_14hpf_plate01_H12_e01,20260414_b9d2_14hpf_plate01_H12,1,train
20230613_B12_e01,20230613_B12,66,train
20260702_hotchem_30hpf_plate01_C05_e02,20260702_hotchem_30hpf_plate01_C05,1,train
20260416_cep290_30to48hpf_plate01_t02_E02_e02,20260416_cep290_30to48hpf_plate01_t02_E02,1,train
20260702_hotchem_30hpf_plate02_H12_e01,20260702_hotchem_30hpf_plate02_H12,1,train
20251207_pbx_A10_e01,20251207_pbx_A10,132,train
20260219_G11_e01,20260219_G11,177,train
20250721_chem5_35C_T00_1023_H11_e01,20250721_chem5_35C_T00_1023_H11,1,train
20250716_chem4_28C_T01_1400_F03_e01,20250716_chem4_28C_T01_1400_F03,1,train
20240530_A08_e01,20240530_A08,81,train
20250703_chem3_28C_T00_1325_A03_e01,20250703_chem3_28C_T00_1325_A03,1,train
20241022_D01_e01,20241022_D01,37,train
20260415_b9d2_30to48hpf_plate02_t02_E04_e01,20260415_b9d2_30to48hpf_plate02_t02_E04,1,train
20250625_chem02_34C_T02_1301_G10_e01,20250625_chem02_34C_T02_1301_G10,1,train
20250716_chem4_28C_T01_1400_C06_e01,20250716_chem4_28C_T01_1400_C06,1,train
20230531_E11_e01,20230531_E11,66,train
20251017_part2_E03_e01,20251017_part2_E03,63,train
20241022_A08_e01,20241022_A08,37,train
20250622_chem_34C_T01_1632_G08_e01,20250622_chem_34C_T01_1632_G08,1,train
20230629_B06_e01,20230629_B06,18,train
20250305_D01_e01,20250305_D01,340,train
20240718_A01_e01,20240718_A01,1,train
20250612_36hpf_wfs1_ctcf_G11_e01,20250612_36hpf_wfs1_ctcf_G11,1,train
20250612_30hpf_wfs1_ctcf_H01_e01,20250612_30hpf_wfs1_ctcf_H01,1,train
20260122_A07_e03,20260122_A07,104,train
20240418_H06_e02,20240418_H06,46,train
20240411_H05_e01,20240411_H05,48,train
20250721_chem5_28C_T00_1257_C06_e01,20250721_chem5_28C_T00_1257_C06,1,train
20250625_chem02_28C_T02_1332_D06_e01,20250625_chem02_28C_T02_1332_D06,1,train
20250721_chem5_28C_T01_1401_B06_e01,20250721_chem5_28C_T01_1401_B06,1,train
20260206_F05_e01,20260206_F05,150,train
20260702_hotchem_30hpf_plate01_H01_e01,20260702_hotchem_30hpf_plate01_H01,1,train
20260319_H04_e01,20260319_H04,105,train
20250625_chem02_35C_T02_1228_E03_e01,20250625_chem02_35C_T02_1228_E03,1,train
20240418_G02_e02,20240418_G02,46,train
20230613_C11_e01,20230613_C11,66,train
20240717_H06_e01,20240717_H06,1,train
20250415_B10_e01,20250415_B10,39,train
20251212_C03_e01,20251212_C03,115,train
20260202_A11_e01,20260202_A11,71,train
20231206_C01_e01,20231206_C01,59,train
20260122_A08_e01,20260122_A08,104,train
20251112_C03_e03,20251112_C03,40,train
20260208_F09_e01,20260208_F09,321,train
20250716_chem4_28C_T00_1158_D10_e01,20250716_chem4_28C_T00_1158_D10,1,train
20260306_C03_e01,20260306_C03,186,train
20241022_G03_e01,20241022_G03,37,train
20240626_E03_e01,20240626_E03,112,train
20250624_chem02_34C_T00_1243_C12_e01,20250624_chem02_34C_T00_1243_C12,1,train
20240725_H04_e01,20240725_H04,1,train
20250721_chem5_28C_T00_1257_B03_e01,20250721_chem5_28C_T00_1257_B03,1,train
20231110_B01_e01,20231110_B01,64,train
20250622_chem_28C_T01_1658_H02_e01,20250622_chem_28C_T01_1658_H02,1,train
20250612_36hpf_ctrl_atf6_F07_e01,20250612_36hpf_ctrl_atf6_F07,1,train
20260415_b9d2_30to48hpf_plate02_t02_G03_e01,20260415_b9d2_30to48hpf_plate02_t02_G03,1,train
20250716_chem4_28C_T01_1400_D05_e01,20250716_chem4_28C_T01_1400_D05,1,train
20231206_B05_e01,20231206_B05,59,train
20260702_hotchem_24hpf_plate02_G11_e02,20260702_hotchem_24hpf_plate02_G11,1,train
20230622_A09_e01,20230622_A09,44,train
20250912_E02_e01,20250912_E02,113,train
20251205_F03_e01,20251205_F03,115,train
20250721_chem5_28C_T00_1257_G12_e01,20250721_chem5_28C_T00_1257_G12,1,train
20260319_cilia_crispant_18hpf_C10_e01,20260319_cilia_crispant_18hpf_C10,1,train
20260415_cep290_30to48hpf_plate02_t01_G06_e01,20260415_cep290_30to48hpf_plate02_t01_G06,1,train
20251112_E05_e03,20251112_E05,19,train
20240724_E03_e01,20240724_E03,1,train
20230531_C06_e02,20230531_C06,14,train
20250612_36hpf_wfs1_ctcf_D06_e01,20250612_36hpf_wfs1_ctcf_D06,1,train
20231110_E08_e02,20231110_E08,64,train
20240418_F08_e02,20240418_F08,46,train
20240509_24hpf_D06_e01,20240509_24hpf_D06,1,train
20250625_chem02_35C_T02_1228_D03_e01,20250625_chem02_35C_T02_1228_D03,1,train
20241022_A06_e01,20241022_A06,37,train
20251207_pbx_E02_e02,20251207_pbx_E02,132,train
20250305_H01_e01,20250305_H01,340,train
20250912_B03_e01,20250912_B03,113,train
20260319_C04_e01,20260319_C04,105,train
20251017_part1_H01_e01,20251017_part1_H01,65,train
20251020_D10_e01,20251020_D10,57,train
20240307_C01_e02,20240307_C01,44,train
20260702_hotchem_24hpf_plate01_G07_e01,20260702_hotchem_24hpf_plate01_G07,1,train
20240510_G04_e01,20240510_G04,1,train
20230602_F11_e01,20230602_F11,97,train
20251121_B02_e01,20251121_B02,168,train
20251020_A12_e01,20251020_A12,57,train
20260324_cep290_24hpf_plate02_D01_e01,20260324_cep290_24hpf_plate02_D01,1,train
20250622_chem_28C_T00_1425_E07_e01,20250622_chem_28C_T00_1425_E07,1,train
20260724_hotfish_36hpf_plate01_C02_e02,20260724_hotfish_36hpf_plate01_C02,1,train
20250623_chem_28C_T02_1259_H07_e01,20250623_chem_28C_T02_1259_H07,1,train
20260304_A11_e01,20260304_A11,192,train
20260724_hotfish_30hpf_plate01_C06_e01,20260724_hotfish_30hpf_plate01_C06,1,train
20260414_b9d2_14hpf_plate01_B07_e01,20260414_b9d2_14hpf_plate01_B07,1,train
20231206_H09_e01,20231206_H09,59,train
20250519_E08_e01,20250519_E08,51,train
20260415_cep290_30to48hpf_plate02_t01_H01_e03,20260415_cep290_30to48hpf_plate02_t01_H01,1,train
20250624_chem02_28C_T00_1356_G04_e01,20250624_chem02_28C_T00_1356_G04,1,train
20250912_D09_e01,20250912_D09,113,train
20250622_chem_35C_T01_1605_F06_e01,20250622_chem_35C_T01_1605_F06,1,train
20250703_chem3_34C_T01_1457_G03_e01,20250703_chem3_34C_T01_1457_G03,1,train
20250624_chem02_28C_T01_1808_D11_e01,20250624_chem02_28C_T01_1808_D11,1,train
20251112_E02_e04,20251112_E02,45,train
20251017_part2_H08_e01,20251017_part2_H08,63,train
20260331_b9d2_18hpf_plate02_F07_e01,20260331_b9d2_18hpf_plate02_F07,1,train
20250623_chem_28C_T02_1259_B12_e01,20250623_chem_28C_T02_1259_B12,1,train
20250711_D11_e01,20250711_D11,179,train
20260724_hotfish_30hpf_plate01_H09_e01,20260724_hotfish_30hpf_plate01_H09,1,train
20260724_hotfish_30hpf_plate01_A02_e01,20260724_hotfish_30hpf_plate01_A02,1,train
20260416_cep290_30to48hpf_plate01_t02_A08_e01,20260416_cep290_30to48hpf_plate01_t02_A08,1,train
20240418_E06_e01,20240418_E06,46,train
20250425_H12_e01,20250425_H12,7,train
20240812_D02_e01,20240812_D02,75,train
20251125_G08_e01,20251125_G08,231,train
20260724_hotfish_24hpf_plate01_F02_e01,20260724_hotfish_24hpf_plate01_F02,1,train
20240813_24hpf_G04_e01,20240813_24hpf_G04,1,train
20250703_chem3_28C_T00_1325_A07_e01,20250703_chem3_28C_T00_1325_A07,1,train
20250721_chem5_35C_T00_1023_E02_e01,20250721_chem5_35C_T00_1023_E02,1,train
20250703_chem3_34C_T00_1131_H01_e01,20250703_chem3_34C_T00_1131_H01,1,train
20250716_chem4_35C_T00_1045_C03_e01,20250716_chem4_35C_T00_1045_C03,1,train
20260417_irx_pilot_A06_e02,20260417_irx_pilot_A06,27,train
20260702_hotchem_30hpf_plate01_A10_e01,20260702_hotchem_30hpf_plate01_A10,1,train
20250624_chem02_28C_T00_1356_E11_e02,20250624_chem02_28C_T00_1356_E11,1,train
20250721_chem5_28C_T01_1401_F11_e02,20250721_chem5_28C_T01_1401_F11,1,train
20260417_irx_pilot_D08_e01,20260417_irx_pilot_D08,27,train
20250622_chem_28C_T01_1658_E05_e01,20250622_chem_28C_T01_1658_E05,1,train
20240813_36hpf_C04_e01,20240813_36hpf_C04,1,train
20260228_E08_e01,20260228_E08,151,train
20260418_irx_pilot_A05_e03,20260418_irx_pilot_A05,78,train
20240812_B03_e01,20240812_B03,75,train
20240530_G03_e01,20240530_G03,81,train
20240510_C07_e01,20240510_C07,1,train
20250721_chem5_28C_T00_1257_C07_e01,20250721_chem5_28C_T00_1257_C07,1,train
20251112_B11_e01,20251112_B11,49,train
20250622_chem_34C_T00_1256_F06_e01,20250622_chem_34C_T00_1256_F06,1,train
20250519_E02_e01,20250519_E02,51,train
20260414_b9d2_30hpf_plate01_B08_e01,20260414_b9d2_30hpf_plate01_B08,1,train
20260414_b9d2_30hpf_plate01_C06_e01,20260414_b9d2_30hpf_plate01_C06,1,train
20260724_hotfish_24hpf_plate02_D02_e01,20260724_hotfish_24hpf_plate02_D02,1,train
20250612_30hpf_wfs1_ctcf_B04_e01,20250612_30hpf_wfs1_ctcf_B04,1,train
20240509_H09_e01,20240509_H09,41,train
20250501_A05_e01,20250501_A05,176,train
20260304_D07_e01,20260304_D07,192,train
20250721_chem5_28C_T00_1257_G09_e01,20250721_chem5_28C_T00_1257_G09,1,train
20251112_G06_e01,20251112_G06,49,train
20250612_36hpf_wfs1_ctcf_H11_e01,20250612_36hpf_wfs1_ctcf_H11,1,train
20240509_D10_e01,20240509_D10,41,train
20250622_chem_34C_T00_1256_C01_e01,20250622_chem_34C_T00_1256_C01,1,train
20260702_hotchem_36hpf_plate02_G06_e01,20260702_hotchem_36hpf_plate02_G06,1,train
20260415_cep290_30to48hpf_plate02_t01_F04_e01,20260415_cep290_30to48hpf_plate02_t01_F04,1,train
20230831_E06_e01,20230831_E06,1,train
20250622_chem_35C_T00_1223_check_G03_e01,20250622_chem_35C_T00_1223_check_G03,1,train
20240307_C10_e01,20240307_C10,44,train
20260415_cep290_18hpf_plate03_F02_e05,20260415_cep290_18hpf_plate03_F02,1,train
20260724_hotfish_36hpf_plate01_A02_e01,20260724_hotfish_36hpf_plate01_A02,1,train
20250721_chem5_28C_T01_1401_G10_e01,20250721_chem5_28C_T01_1401_G10,1,train
20250716_chem4_34C_T00_1014_B05_e01,20250716_chem4_34C_T00_1014_B05,1,train
20260213_E01_e02,20260213_E01,139,train
20251112_H12_e01,20251112_H12,49,train
20260202_E08_e02,20260202_E08,71,train
20250623_chem_28C_T02_1259_G01_e01,20250623_chem_28C_T02_1259_G01,1,train
20260202_F07_e01,20260202_F07,71,train
20250703_chem3_34C_T01_1457_H06_e01,20250703_chem3_34C_T01_1457_H06,1,train
20240307_F02_e03,20240307_F02,44,train
20251112_B08_e01,20251112_B08,49,train
20250716_chem4_28C_T00_1158_A05_e01,20250716_chem4_28C_T00_1158_A05,1,train
20250703_chem3_35C_T00_1101_D05_e01,20250703_chem3_35C_T00_1101_D05,1,train
20230602_E09_e01,20230602_E09,97,train
20250716_chem4_34C_T00_1014_D03_e01,20250716_chem4_34C_T00_1014_D03,1,train
20230622_D02_e03,20230622_D02,43,train
20250624_chem02_35C_T01_1711_D12_e02,20250624_chem02_35C_T01_1711_D12,1,train
20260702_hotchem_24hpf_plate01_C03_e01,20260702_hotchem_24hpf_plate01_C03,1,train
20240522_C09_e01,20240522_C09,95,train
20260319_A08_e01,20260319_A08,105,train
20260702_hotchem_30hpf_plate01_G01_e01,20260702_hotchem_30hpf_plate01_G01,1,train
20250515_part2_H05_e02,20250515_part2_H05,27,train
20260213_F07_e04,20260213_F07,139,train
20260724_hotfish_36hpf_plate01_B08_e01,20260724_hotfish_36hpf_plate01_B08,1,train
20260213_C12_e01,20260213_C12,139,train
20250716_chem4_28C_T00_1158_F07_e01,20250716_chem4_28C_T00_1158_F07,1,train
20251020_D02_e01,20251020_D02,57,train
20250612_30hpf_wfs1_ctcf_H02_e01,20250612_30hpf_wfs1_ctcf_H02,1,train
20230620_B04_e01,20230620_B04,89,train
20251207_pbx_D05_e01,20251207_pbx_D05,132,train
20250515_part2_F02_e01,20250515_part2_F02,27,train
20260702_hotchem_30hpf_plate01_H10_e01,20260702_hotchem_30hpf_plate01_H10,1,train
20240530_C09_e02,20240530_C09,81,train
20260319_cilia_crispant_24hpf_H07_e01,20260319_cilia_crispant_24hpf_H07,1,train
20251112_E02_e03,20251112_E02,2,train
20260219_B08_e01,20260219_B08,177,train
20260724_hotfish_36hpf_plate01_C08_e01,20260724_hotfish_36hpf_plate01_C08,1,train
20230613_E06_e01,20230613_E06,65,train
20260202_D05_e01,20260202_D05,71,train
20240418_B02_e01,20240418_B02,46,train
20230613_E12_e01,20230613_E12,65,train
20260724_hotfish_30hpf_plate02_D04_e01,20260724_hotfish_30hpf_plate02_D04,1,train
20230613_F10_e01,20230613_F10,65,train
20240411_D12_e01,20240411_D12,48,train
20260702_hotchem_30hpf_plate02_B03_e01,20260702_hotchem_30hpf_plate02_B03,1,train
20260306_G08_e02,20260306_G08,186,train
20250625_chem02_34C_T02_1301_F02_e01,20250625_chem02_34C_T02_1301_F02,1,train
20251020_H07_e01,20251020_H07,57,train
20240718_C06_e01,20240718_C06,1,train
20241022_B12_e01,20241022_B12,37,train
20260208_B08_e01,20260208_B08,321,train
20250625_chem02_28C_T02_1332_A01_e01,20250625_chem02_28C_T02_1332_A01,1,train
20260319_cilia_crispant_30hpf_D09_e01,20260319_cilia_crispant_30hpf_D09,1,train
20260414_b9d2_14hpf_plate01_F02_e01,20260414_b9d2_14hpf_plate01_F02,1,train
20230615_A08_e01,20230615_A08,50,train
20260415_cep290_18hpf_plate03_H01_e01,20260415_cep290_18hpf_plate03_H01,1,train
20250721_chem5_35C_T00_1023_H11_e02,20250721_chem5_35C_T00_1023_H11,1,train
20251125_E05_e01,20251125_E05,231,train
20240510_E02_e01,20240510_E02,1,train
20250425_D12_e04,20250425_D12,108,train
20251017_part1_G01_e01,20251017_part1_G01,65,train
20251205_G08_e01,20251205_G08,115,train
20260319_cilia_crispant_18hpf_G08_e01,20260319_cilia_crispant_18hpf_G08,1,train
20240306_A05_e01,20240306_A05,132,train
20260417_irx_pilot_D03_e01,20260417_irx_pilot_D03,27,train
20260324_cep290_24hpf_plate01_E08_e01,20260324_cep290_24hpf_plate01_E08,1,train
20240418_C05_e02,20240418_C05,46,train
20250622_chem_35C_T00_1223_check_D03_e01,20250622_chem_35C_T00_1223_check_D03,1,train
20260319_cilia_crispant_30hpf_F07_e01,20260319_cilia_crispant_30hpf_F07,1,train
20230629_F05_e01,20230629_F05,41,train
20230615_D06_e01,20230615_D06,50,train
20240530_F01_e01,20240530_F01,81,train
20260202_B08_e02,20260202_B08,71,train
20251119_G03_e01,20251119_G03,348,train
20240509_D12_e01,20240509_D12,41,train
20250612_30hpf_ctrl_atf6_F06_e01,20250612_30hpf_ctrl_atf6_F06,1,train
20240626_A09_e01,20240626_A09,112,train
20260702_hotchem_36hpf_plate01_D07_e01,20260702_hotchem_36hpf_plate01_D07,1,train
20250711_E01_e01,20250711_E01,179,train
20240418_G03_e01,20240418_G03,46,train
20260228_F04_e01,20260228_F04,151,train
20240522_C06_e01,20240522_C06,95,train
20240509_E12_e01,20240509_E12,41,train
20260415_cep290_18hpf_plate03_C03_e01,20260415_cep290_18hpf_plate03_C03,1,train
20260122_F10_e04,20260122_F10,104,train
20250622_chem_28C_T00_1425_H08_e01,20250622_chem_28C_T00_1425_H08,1,train
20230531_E09_e01,20230531_E09,66,train
20260213_H07_e01,20260213_H07,139,train
20250703_chem3_35C_T00_1101_A07_e01,20250703_chem3_35C_T00_1101_A07,1,train
20260306_D08_e01,20260306_D08,186,train
20251121_E03_e01,20251121_E03,173,train
20260702_hotchem_36hpf_plate01_A01_e01,20260702_hotchem_36hpf_plate01_A01,1,train
20250716_chem4_34C_T00_1014_D07_e01,20250716_chem4_34C_T00_1014_D07,1,train
20240404_C02_e01,20240404_C02,35,train
20251112_F12_e02,20251112_F12,49,train
20260724_hotfish_36hpf_plate01_E06_e01,20260724_hotfish_36hpf_plate01_E06,1,train
20250612_30hpf_ctrl_atf6_C06_e01,20250612_30hpf_ctrl_atf6_C06,1,train
20250624_chem02_35C_T01_1711_A03_e01,20250624_chem02_35C_T01_1711_A03,1,train
20251125_F02_e01,20251125_F02,231,train
20230615_A03_e02,20230615_A03,50,train
20260306_E05_e01,20260306_E05,186,train
20250912_F03_e02,20250912_F03,113,train
20240306_G09_e01,20240306_G09,132,train
20250305_H04_e01,20250305_H04,340,train
20260324_cep290_30hpf_plate02_G08_e01,20260324_cep290_30hpf_plate02_G08,1,train
20250519_H10_e01,20250519_H10,51,train
20250519_G02_e01,20250519_G02,51,train
20240411_F05_e01,20240411_F05,48,train
20260702_hotchem_24hpf_plate02_A02_e01,20260702_hotchem_24hpf_plate02_A02,1,train
20260206_G08_e01,20260206_G08,150,train
20240725_F05_e01,20240725_F05,1,train
20251125_D03_e01,20251125_D03,231,train
20260324_cep290_30hpf_plate01_A10_e01,20260324_cep290_30hpf_plate01_A10,1,train
20260122_A04_e01,20260122_A04,104,train
20250622_chem_35C_T00_1223_check_D12_e01,20250622_chem_35C_T00_1223_check_D12,1,train
20250721_chem5_28C_T00_1257_E05_e02,20250721_chem5_28C_T00_1257_E05,1,train
20230531_D08_e01,20230531_D08,66,train
20260219_H03_e01,20260219_H03,177,train
20260724_hotfish_30hpf_plate01_C05_e01,20260724_hotfish_30hpf_plate01_C05,1,train
20240411_D06_e01,20240411_D06,48,train
20260122_C10_e01,20260122_C10,104,train
20260324_cep290_24hpf_plate02_D12_e01,20260324_cep290_24hpf_plate02_D12,1,train
20250625_chem02_34C_T02_1301_G02_e01,20250625_chem02_34C_T02_1301_G02,1,train
20230613_F01_e01,20230613_F01,65,train
20230629_E09_e01,20230629_E09,41,train
20251205_A12_e01,20251205_A12,115,train
20260414_b9d2_30hpf_plate01_F03_e01,20260414_b9d2_30hpf_plate01_F03,1,train
20260414_b9d2_30hpf_plate02_H06_e02,20260414_b9d2_30hpf_plate02_H06,1,train
20240509_E01_e01,20240509_E01,41,train
20260724_hotfish_36hpf_plate01_F09_e01,20260724_hotfish_36hpf_plate01_F09,1,train
20251119_G04_e01,20251119_G04,348,train
20250624_chem02_35C_T00_1216_A11_e01,20250624_chem02_35C_T00_1216_A11,1,train
20260702_hotchem_30hpf_plate01_A07_e01,20260702_hotchem_30hpf_plate01_A07,1,train
20230622_E08_e01,20230622_E08,43,train
20250716_chem4_28C_T00_1158_F05_e01,20250716_chem4_28C_T00_1158_F05,1,train
20251125_D04_e01,20251125_D04,231,train
20250721_chem5_35C_T00_1023_G11_e02,20250721_chem5_35C_T00_1023_G11,1,train
20260319_cilia_crispant_30hpf_H11_e01,20260319_cilia_crispant_30hpf_H11,1,train
20231218_B04_e01,20231218_B04,34,train
20240812_H01_e01,20240812_H01,75,train
20260213_D12_e02,20260213_D12,139,train
20250622_chem_35C_T00_1223_check_B02_e01,20250622_chem_35C_T00_1223_check_B02,1,train
20250624_chem02_28C_T00_1356_A06_e01,20250624_chem02_28C_T00_1356_A06,1,train
20260306_B08_e01,20260306_B08,186,train
20260415_cep290_30to48hpf_plate02_t01_A01_e01,20260415_cep290_30to48hpf_plate02_t01_A01,1,train
20260414_b9d2_30hpf_plate02_F05_e01,20260414_b9d2_30hpf_plate02_F05,1,train
20251212_E08_e02,20251212_E08,115,train
20230627_D05_e01,20230627_D05,45,train
20240724_H03_e01,20240724_H03,1,train
20260202_E04_e02,20260202_E04,56,train
20260724_hotfish_30hpf_plate01_E10_e01,20260724_hotfish_30hpf_plate01_E10,1,train
20251125_D10_e01,20251125_D10,231,train
20250622_chem_28C_T01_1658_D03_e01,20250622_chem_28C_T01_1658_D03,1,train
20260122_H04_e01,20260122_H04,104,train
20260319_cilia_crispant_30hpf_D08_e01,20260319_cilia_crispant_30hpf_D08,1,train
20241022_F09_e01,20241022_F09,37,train
20240509_18ss_D01_e01,20240509_18ss_D01,1,train
20251020_F04_e01,20251020_F04,57,train
20250623_chem_28C_T02_1259_A12_e01,20250623_chem_28C_T02_1259_A12,1,train
20260319_E03_e01,20260319_E03,105,train
20240530_C11_e01,20240530_C11,81,train
20230531_G04_e01,20230531_G04,66,train
20260228_G04_e01,20260228_G04,151,train
20260319_cilia_crispant_24hpf_H10_e01,20260319_cilia_crispant_24hpf_H10,1,train
20250622_chem_35C_T00_1223_check_C01_e01,20250622_chem_35C_T00_1223_check_C01,1,train
20251205_H07_e01,20251205_H07,115,train
20240418_D12_e02,20240418_D12,46,train
20250612_36hpf_ctrl_atf6_F04_e01,20250612_36hpf_ctrl_atf6_F04,1,train
20250126_E11_e01,20250126_E11,71,train
20250623_chem_28C_T02_1259_D08_e01,20250623_chem_28C_T02_1259_D08,1,train
20240411_C11_e01,20240411_C11,48,train
20260724_hotfish_30hpf_plate02_C01_e01,20260724_hotfish_30hpf_plate02_C01,1,train
20260219_G05_e01,20260219_G05,177,train
20240418_B06_e01,20240418_B06,46,train
20251121_B03_e02,20251121_B03,173,train
20250703_chem3_35C_T01_1437_H05_e01,20250703_chem3_35C_T01_1437_H05,1,train
20250721_chem5_28C_T01_1401_F01_e01,20250721_chem5_28C_T01_1401_F01,1,train
20240718_G09_e01,20240718_G09,1,train
20250612_24hpf_wfs1_ctcf_A11_e01,20250612_24hpf_wfs1_ctcf_A11,1,train
20250519_C08_e01,20250519_C08,51,train
20241023_A12_e01,20241023_A12,43,train
20240522_D01_e01,20240522_D01,95,train
20250612_24hpf_ctrl_atf6_E02_e01,20250612_24hpf_ctrl_atf6_E02,1,train
20260304_F02_e02,20260304_F02,192,train
20250612_30hpf_wfs1_ctcf_C12_e01,20250612_30hpf_wfs1_ctcf_C12,1,train
20250716_chem4_28C_T01_1400_A09_e01,20250716_chem4_28C_T01_1400_A09,1,train
20250126_D09_e01,20250126_D09,71,train
20260418_irx_pilot_G07_e03,20260418_irx_pilot_G07,78,train
20260324_cep290_30hpf_plate01_F07_e01,20260324_cep290_30hpf_plate01_F07,1,train
20250623_chem_28C_T02_1259_D01_e01,20250623_chem_28C_T02_1259_D01,1,train
20250711_D05_e04,20250711_D05,179,train
20250512_A02_e02,20250512_A02,195,train
20251020_E07_e01,20251020_E07,57,train
20260724_hotfish_30hpf_plate02_E05_e01,20260724_hotfish_30hpf_plate02_E05,1,train
20260319_cilia_crispant_30hpf_B05_e01,20260319_cilia_crispant_30hpf_B05,1,train
20250515_part2_C03_e01,20250515_part2_C03,27,train
20250622_chem_28C_T00_1425_B08_e01,20250622_chem_28C_T00_1425_B08,1,train
20260416_cep290_30to48hpf_plate02_t02_E04_e01,20260416_cep290_30to48hpf_plate02_t02_E04,1,train
20260416_cep290_30to48hpf_plate01_t02_F03_e01,20260416_cep290_30to48hpf_plate01_t02_F03,1,train
20240626_F02_e01,20240626_F02,112,train
20260208_C04_e01,20260208_C04,321,train
20260415_b9d2_30to48hpf_plate01_t02_B05_e01,20260415_b9d2_30to48hpf_plate01_t02_B05,1,train
20230602_G07_e01,20230602_G07,97,train
20250703_chem3_34C_T00_1131_B02_e01,20250703_chem3_34C_T00_1131_B02,1,train
20260417_irx_pilot_B03_e01,20260417_irx_pilot_B03,27,train
20260724_hotfish_24hpf_plate01_G03_e01,20260724_hotfish_24hpf_plate01_G03,1,train
20260702_hotchem_24hpf_plate02_A12_e01,20260702_hotchem_24hpf_plate02_A12,1,train
20240726_G07_e01,20240726_G07,1,train
20250625_chem02_28C_T02_1332_E12_e01,20250625_chem02_28C_T02_1332_E12,1,train
20230629_A03_e01,20230629_A03,42,train
20250716_chem4_28C_T00_1158_G08_e01,20250716_chem4_28C_T00_1158_G08,1,train
20251112_H04_e01,20251112_H04,49,train
20250215_B09_e01,20250215_B09,78,train
20260418_irx_pilot_G12_e01,20260418_irx_pilot_G12,78,train
20250612_24hpf_ctrl_atf6_D08_e01,20250612_24hpf_ctrl_atf6_D08,1,train
20260122_E12_e02,20260122_E12,104,train
20240306_G05_e01,20240306_G05,132,train
20250612_36hpf_ctrl_atf6_B03_e01,20250612_36hpf_ctrl_atf6_B03,1,train
20251017_part1_B03_e01,20251017_part1_B03,65,train
20250716_chem4_34C_T00_1014_F10_e01,20250716_chem4_34C_T00_1014_F10,1,train
20240404_C01_e03,20240404_C01,22,train
20240813_30hpf_A03_e01,20240813_30hpf_A03,1,train
20240724_D01_e01,20240724_D01,1,train
20231110_B05_e01,20231110_B05,64,train
20250625_chem02_28C_T02_1332_B11_e01,20250625_chem02_28C_T02_1332_B11,1,train
20250912_C10_e01,20250912_C10,113,train
20260122_C02_e01,20260122_C02,65,train
20260702_hotchem_30hpf_plate02_C03_e01,20260702_hotchem_30hpf_plate02_C03,1,train
20240404_E01_e01,20240404_E01,35,train
20250612_36hpf_wfs1_ctcf_C11_e01,20250612_36hpf_wfs1_ctcf_C11,1,train
20250624_chem02_28C_T00_1356_B03_e01,20250624_chem02_28C_T00_1356_B03,1,train
20250711_H07_e01,20250711_H07,179,train
20230629_C11_e01,20230629_C11,41,train
20260210_D01_e01,20260210_D01,161,train
20260319_cilia_crispant_24hpf_A04_e01,20260319_cilia_crispant_24hpf_A04,1,train
20250721_chem5_28C_T00_1257_G03_e01,20250721_chem5_28C_T00_1257_G03,1,train
20260219_D09_e01,20260219_D09,177,train
20240307_F09_e01,20240307_F09,44,train
20230622_C03_e01,20230622_C03,43,train
20240725_D02_e01,20240725_D02,1,train
20260415_b9d2_30to48hpf_plate01_t02_H03_e01,20260415_b9d2_30to48hpf_plate01_t02_H03,1,train
20250612_24hpf_wfs1_ctcf_H06_e01,20250612_24hpf_wfs1_ctcf_H06,1,train
20251205_A02_e01,20251205_A02,115,train
20260324_cep290_30hpf_plate02_C03_e01,20260324_cep290_30hpf_plate02_C03,1,train
20260319_cilia_crispant_24hpf_F08_e01,20260319_cilia_crispant_24hpf_F08,1,train
20251205_H11_e02,20251205_H11,115,train
20251112_A09_e02,20251112_A09,40,train
20260702_hotchem_24hpf_plate01_D06_e02,20260702_hotchem_24hpf_plate01_D06,1,train
20260702_hotchem_36hpf_plate01_D04_e01,20260702_hotchem_36hpf_plate01_D04,1,train
20250721_chem5_28C_T01_1401_G06_e01,20250721_chem5_28C_T01_1401_G06,1,train
20240522_E12_e01,20240522_E12,95,train
20240724_H04_e01,20240724_H04,1,train
20250519_A01_e01,20250519_A01,51,train
20260319_cilia_crispant_30hpf_G01_e01,20260319_cilia_crispant_30hpf_G01,1,train
20260122_G08_e01,20260122_G08,104,train
20240813_36hpf_F03_e01,20240813_36hpf_F03,1,train
20251205_F02_e01,20251205_F02,115,train
20240404_C12_e02,20240404_C12,35,train
20260724_hotfish_24hpf_plate01_A10_e01,20260724_hotfish_24hpf_plate01_A10,1,train
20240725_F04_e03,20240725_F04,1,train
20260417_irx_pilot_G06_e03,20260417_irx_pilot_G06,27,train
20260417_irx_pilot_F01_e02,20260417_irx_pilot_F01,27,train
20250612_24hpf_ctrl_atf6_C11_e01,20250612_24hpf_ctrl_atf6_C11,1,train
20251112_H01_e04,20251112_H01,49,train
20260213_C12_e02,20260213_C12,139,train
20260416_cep290_30to48hpf_plate01_t02_G09_e01,20260416_cep290_30to48hpf_plate01_t02_G09,1,train
20231110_H10_e02,20231110_H10,64,train
20260417_irx_pilot_E07_e01,20260417_irx_pilot_E07,27,train
20260324_cep290_24hpf_plate01_B06_e01,20260324_cep290_24hpf_plate01_B06,1,train
20231110_G01_e01,20231110_G01,64,train
20260210_B12_e01,20260210_B12,161,train
20250716_chem4_28C_T00_1158_B07_e01,20250716_chem4_28C_T00_1158_B07,1,train
20240418_H09_e02,20240418_H09,46,train
20260122_B03_e03,20260122_B03,104,train
20240717_B06_e01,20240717_B06,1,train
20250612_36hpf_ctrl_atf6_F03_e01,20250612_36hpf_ctrl_atf6_F03,1,train
20240725_D05_e01,20240725_D05,1,train
20260702_hotchem_36hpf_plate01_F06_e01,20260702_hotchem_36hpf_plate01_F06,1,train
20250622_chem_35C_T01_1605_E06_e01,20250622_chem_35C_T01_1605_E06,1,train
20260319_C08_e01,20260319_C08,105,train
20251205_B02_e01,20251205_B02,115,train
20250624_chem02_34C_T01_1739_D12_e01,20250624_chem02_34C_T01_1739_D12,1,train
20251017_part2_E02_e01,20251017_part2_E02,63,train
20250716_chem4_34C_T00_1014_A05_e02,20250716_chem4_34C_T00_1014_A05,1,train
20250126_D06_e01,20250126_D06,71,train
20240418_F03_e03,20240418_F03,46,train
20240418_G01_e01,20240418_G01,46,train
20250515_part2_H10_e01,20250515_part2_H10,27,train
20260724_hotfish_24hpf_plate02_C05_e01,20260724_hotfish_24hpf_plate02_C05,1,train
20250425_G09_e01,20250425_G09,118,train
20260416_cep290_30to48hpf_plate01_t02_H06_e01,20260416_cep290_30to48hpf_plate01_t02_H06,1,train
20240404_F04_e01,20240404_F04,35,train
20250711_B02_e01,20250711_B02,179,train
20260415_cep290_18hpf_plate03_F02_e06,20260415_cep290_18hpf_plate03_F02,1,train
20260219_G07_e02,20260219_G07,177,train
20250623_chem_34C_T02_1231_E01_e01,20250623_chem_34C_T02_1231_E01,1,train
20250912_G07_e01,20250912_G07,113,train
20250716_chem4_35C_T00_1045_C01_e01,20250716_chem4_35C_T00_1045_C01,1,train
20230627_C06_e01,20230627_C06,45,train
20240530_D05_e02,20240530_D05,81,train
20250624_chem02_35C_T01_1711_E10_e01,20250624_chem02_35C_T01_1711_E10,1,train
20250912_G04_e01,20250912_G04,113,train
20240717_G03_e01,20240717_G03,1,train
20251207_pbx_C09_e01,20251207_pbx_C09,132,train
20260702_hotchem_30hpf_plate01_A02_e02,20260702_hotchem_30hpf_plate01_A02,1,train
20250415_A12_e01,20250415_A12,39,train
20260702_hotchem_30hpf_plate01_E01_e01,20260702_hotchem_30hpf_plate01_E01,1,train
20250612_30hpf_wfs1_ctcf_C07_e01,20250612_30hpf_wfs1_ctcf_C07,1,train
20251125_D06_e01,20251125_D06,231,train
20250912_G05_e02,20250912_G05,113,train
20260724_hotfish_24hpf_plate01_A11_e01,20260724_hotfish_24hpf_plate01_A11,1,train
20260202_H08_e01,20260202_H08,71,train
20250612_24hpf_wfs1_ctcf_G09_e01,20250612_24hpf_wfs1_ctcf_G09,1,train
20260702_hotchem_36hpf_plate01_B09_e01,20260702_hotchem_36hpf_plate01_B09,1,train
20260306_G02_e01,20260306_G02,186,train
20260213_E03_e01,20260213_E03,139,train
20260702_hotchem_36hpf_plate02_F09_e01,20260702_hotchem_36hpf_plate02_F09,1,train
20250623_chem_28C_T02_1259_H06_e01,20250623_chem_28C_T02_1259_H06,1,train
20260415_b9d2_30to48hpf_plate01_t02_E11_e01,20260415_b9d2_30to48hpf_plate01_t02_E11,1,train
20260702_hotchem_24hpf_plate01_F03_e01,20260702_hotchem_24hpf_plate01_F03,1,train
20250623_chem_34C_T02_1231_D07_e01,20250623_chem_34C_T02_1231_D07,1,train
20260306_B01_e02,20260306_B01,134,train
20250711_D04_e02,20250711_D04,179,train
20250624_chem02_34C_T00_1243_G12_e01,20250624_chem02_34C_T00_1243_G12,1,train
20250624_chem02_34C_T00_1243_A03_e03,20250624_chem02_34C_T00_1243_A03,1,train
20240522_D12_e01,20240522_D12,95,train
20260202_F12_e01,20260202_F12,71,train
20251112_H08_e03,20251112_H08,16,train
20260219_C03_e02,20260219_C03,177,train
20240717_G05_e01,20240717_G05,1,train
20240718_F11_e01,20240718_F11,1,train
20250612_30hpf_wfs1_ctcf_B05_e01,20250612_30hpf_wfs1_ctcf_B05,1,train
20250425_E10_e01,20250425_E10,118,train
20260319_cilia_crispant_30hpf_A01_e01,20260319_cilia_crispant_30hpf_A01,1,train
20240306_H05_e02,20240306_H05,81,train
20250501_B01_e01,20250501_B01,176,train
20260724_hotfish_24hpf_plate01_A04_e01,20260724_hotfish_24hpf_plate01_A04,1,train
20260724_hotfish_36hpf_plate02_C07_e01,20260724_hotfish_36hpf_plate02_C07,1,train
20240404_A09_e01,20240404_A09,35,train
20250721_chem5_28C_T00_1257_E05_e01,20250721_chem5_28C_T00_1257_E05,1,train
20250612_36hpf_wfs1_ctcf_H02_e01,20250612_36hpf_wfs1_ctcf_H02,1,train
20250622_chem_28C_T01_1658_D01_e02,20250622_chem_28C_T01_1658_D01,1,train
20260324_cep290_24hpf_plate01_D12_e01,20260324_cep290_24hpf_plate01_D12,1,train
20230531_B02_e01,20230531_B02,66,train
20260324_cep290_30hpf_plate02_F03_e01,20260324_cep290_30hpf_plate02_F03,1,train
20250624_chem02_34C_T01_1739_B11_e01,20250624_chem02_34C_T01_1739_B11,1,train
20240530_H10_e02,20240530_H10,81,train
20240509_G07_e01,20240509_G07,41,train
20260228_B12_e01,20260228_B12,151,train
20260414_b9d2_30hpf_plate01_B10_e01,20260414_b9d2_30hpf_plate01_B10,1,train
20260306_F04_e02,20260306_F04,186,train
20251121_B05_e02,20251121_B05,97,train
20260417_irx_pilot_B02_e02,20260417_irx_pilot_B02,27,train
20260210_C08_e02,20260210_C08,114,train
20250515_part2_E12_e01,20250515_part2_E12,27,train
20260319_F03_e01,20260319_F03,105,train
20260414_b9d2_30hpf_plate01_E05_e01,20260414_b9d2_30hpf_plate01_E05,1,train
20260702_hotchem_30hpf_plate01_A07_e02,20260702_hotchem_30hpf_plate01_A07,1,train
20230622_A07_e01,20230622_A07,44,train
20250624_chem02_34C_T01_1739_C08_e01,20250624_chem02_34C_T01_1739_C08,1,train
20250912_E03_e01,20250912_E03,113,train
20250215_G01_e01,20250215_G01,78,train
20260324_cep290_24hpf_plate02_E03_e01,20260324_cep290_24hpf_plate02_E03,1,train
20260213_H10_e01,20260213_H10,139,train
20260208_C08_e01,20260208_C08,321,train
20260324_cep290_30hpf_plate01_F05_e01,20260324_cep290_30hpf_plate01_F05,1,train
20260414_b9d2_30hpf_plate02_F02_e01,20260414_b9d2_30hpf_plate02_F02,1,train
20250624_chem02_34C_T00_1243_G06_e01,20250624_chem02_34C_T00_1243_G06,1,train
20250703_chem3_28C_T00_1325_E04_e01,20250703_chem3_28C_T00_1325_E04,1,train
20260724_hotfish_30hpf_plate01_A08_e01,20260724_hotfish_30hpf_plate01_A08,1,train
20250912_C08_e01,20250912_C08,112,train
20260415_b9d2_30to48hpf_plate01_t02_A07_e01,20260415_b9d2_30to48hpf_plate01_t02_A07,1,train
20251121_A12_e02,20251121_A12,173,train
20260417_irx_pilot_H04_e02,20260417_irx_pilot_H04,27,train
20260324_cep290_24hpf_plate01_D11_e03,20260324_cep290_24hpf_plate01_D11,1,train
20250716_chem4_28C_T01_1400_E02_e01,20250716_chem4_28C_T01_1400_E02,1,train
20260414_b9d2_30hpf_plate02_B03_e01,20260414_b9d2_30hpf_plate02_B03,1,train
20230622_B09_e01,20230622_B09,43,train
20230620_D06_e02,20230620_D06,60,train
20260202_G11_e03,20260202_G11,71,train
20260724_hotfish_30hpf_plate02_G01_e01,20260724_hotfish_30hpf_plate02_G01,1,train
20260206_H04_e01,20260206_H04,150,train
20250912_B08_e01,20250912_B08,113,train
20260213_F09_e02,20260213_F09,139,train
20260417_irx_pilot_E08_e02,20260417_irx_pilot_E08,27,train
20250425_F09_e01,20250425_F09,118,train
20250425_H05_e02,20250425_H05,118,train
20251112_A08_e04,20251112_A08,31,train
20251020_C07_e01,20251020_C07,57,train
20260414_b9d2_14hpf_plate01_G10_e01,20260414_b9d2_14hpf_plate01_G10,1,train
20250612_36hpf_wfs1_ctcf_E04_e01,20250612_36hpf_wfs1_ctcf_E04,1,train
20260324_cep290_30hpf_plate02_H08_e01,20260324_cep290_30hpf_plate02_H08,1,train
20250622_chem_35C_T00_1223_check_F07_e01,20250622_chem_35C_T00_1223_check_F07,1,train
20240813_36hpf_F05_e01,20240813_36hpf_F05,1,train
20260702_hotchem_36hpf_plate02_G01_e01,20260702_hotchem_36hpf_plate02_G01,1,train
20251205_F01_e01,20251205_F01,115,train
20260414_b9d2_14hpf_plate01_H10_e01,20260414_b9d2_14hpf_plate01_H10,1,train
20260414_b9d2_30hpf_plate01_G05_e02,20260414_b9d2_30hpf_plate01_G05,1,train
20250721_chem5_28C_T00_1257_C04_e01,20250721_chem5_28C_T00_1257_C04,1,train
20260415_cep290_30to48hpf_plate02_t01_A02_e02,20260415_cep290_30to48hpf_plate02_t01_A02,1,train
20260304_F01_e01,20260304_F01,192,train
20250624_chem02_28C_T00_1356_D07_e02,20250624_chem02_28C_T00_1356_D07,1,train
20260319_cilia_crispant_30hpf_H02_e01,20260319_cilia_crispant_30hpf_H02,1,train
20260724_hotfish_24hpf_plate02_B06_e01,20260724_hotfish_24hpf_plate02_B06,1,train
20250612_30hpf_ctrl_atf6_A05_e01,20250612_30hpf_ctrl_atf6_A05,1,train
20250711_G10_e01,20250711_G10,179,train
20250625_chem02_34C_T02_1301_H02_e01,20250625_chem02_34C_T02_1301_H02,1,train
20250624_chem02_28C_T00_1356_B12_e02,20250624_chem02_28C_T00_1356_B12,1,train
20240717_E06_e01,20240717_E06,1,train
20230627_B01_e01,20230627_B01,45,train
20250612_36hpf_wfs1_ctcf_H09_e01,20250612_36hpf_wfs1_ctcf_H09,1,train
20250512_C11_e01,20250512_C11,195,train
20250716_chem4_34C_T00_1014_D09_e01,20250716_chem4_34C_T00_1014_D09,1,train
20240522_B05_e01,20240522_B05,95,train
20260210_E03_e01,20260210_E03,161,train
20260324_cep290_24hpf_plate01_H05_e01,20260324_cep290_24hpf_plate01_H05,1,train
20231218_G05_e01,20231218_G05,34,train
20250622_chem_34C_T01_1632_B07_e01,20250622_chem_34C_T01_1632_B07,1,train
20260306_C06_e01,20260306_C06,186,train
20260415_b9d2_30to48hpf_plate01_t02_G10_e01,20260415_b9d2_30to48hpf_plate01_t02_G10,1,train
20260702_hotchem_36hpf_plate02_F05_e01,20260702_hotchem_36hpf_plate02_F05,1,train
20260210_C07_e01,20260210_C07,161,train
20240530_G08_e02,20240530_G08,81,train
20250612_36hpf_wfs1_ctcf_H05_e01,20250612_36hpf_wfs1_ctcf_H05,1,train
20230620_B07_e02,20230620_B07,89,train
20260724_hotfish_24hpf_plate01_D05_e01,20260724_hotfish_24hpf_plate01_D05,1,train
20260306_H03_e01,20260306_H03,186,train
20260702_hotchem_30hpf_plate02_C12_e01,20260702_hotchem_30hpf_plate02_C12,1,train
20260319_cilia_crispant_30hpf_F03_e01,20260319_cilia_crispant_30hpf_F03,1,train
20260319_cilia_crispant_24hpf_B09_e01,20260319_cilia_crispant_24hpf_B09,1,train
20250625_chem02_34C_T02_1301_G05_e01,20250625_chem02_34C_T02_1301_G05,1,train
20260304_F03_e01,20260304_F03,192,train
20250622_chem_28C_T01_1658_F07_e01,20250622_chem_28C_T01_1658_F07,1,train
20260319_cilia_crispant_18hpf_D03_e01,20260319_cilia_crispant_18hpf_D03,1,train
20260213_G05_e01,20260213_G05,139,train
20230622_D04_e01,20230622_D04,43,train
20260416_cep290_30to48hpf_plate01_t02_C04_e01,20260416_cep290_30to48hpf_plate01_t02_C04,1,train
20250612_24hpf_ctrl_atf6_H08_e01,20250612_24hpf_ctrl_atf6_H08,1,train
20230831_D06_e01,20230831_D06,1,train
20260206_G01_e01,20260206_G01,150,train
20260213_G12_e03,20260213_G12,28,train
20240813_36hpf_A06_e01,20240813_36hpf_A06,1,train
20251112_A02_e01,20251112_A02,49,train
20250622_chem_28C_T01_1658_B03_e01,20250622_chem_28C_T01_1658_B03,1,train
20260219_D07_e02,20260219_D07,177,train
20250501_B11_e01,20250501_B11,176,train
20250612_36hpf_wfs1_ctcf_G06_e01,20250612_36hpf_wfs1_ctcf_G06,1,train
20250912_E11_e02,20250912_E11,113,train
20250703_chem3_34C_T01_1457_B05_e01,20250703_chem3_34C_T01_1457_B05,1,train
20260208_A02_e01,20260208_A02,321,train
20250622_chem_34C_T01_1632_B12_e01,20250622_chem_34C_T01_1632_B12,1,train
20260304_F09_e01,20260304_F09,192,train
20250612_24hpf_wfs1_ctcf_E06_e01,20250612_24hpf_wfs1_ctcf_E06,1,train
20250623_chem_34C_T02_1231_C04_e01,20250623_chem_34C_T02_1231_C04,1,train
20250625_chem02_34C_T02_1301_B10_e01,20250625_chem02_34C_T02_1301_B10,1,train
20260324_cep290_30hpf_plate02_B03_e01,20260324_cep290_30hpf_plate02_B03,1,train
20260415_cep290_18hpf_plate03_B02_e01,20260415_cep290_18hpf_plate03_B02,1,train
20250305_A03_e01,20250305_A03,340,train
20250622_chem_35C_T01_1605_H12_e01,20250622_chem_35C_T01_1605_H12,1,train
20240626_A11_e01,20240626_A11,112,train
20260415_b9d2_30to48hpf_plate02_t02_D01_e02,20260415_b9d2_30to48hpf_plate02_t02_D01,1,train
20260319_cilia_crispant_18hpf_D02_e01,20260319_cilia_crispant_18hpf_D02,1,train
20240404_B05_e01,20240404_B05,35,train
20240418_E11_e01,20240418_E11,46,train
20260418_irx_pilot_E09_e02,20260418_irx_pilot_E09,78,train
20260304_D03_e03,20260304_D03,192,train
20250622_chem_35C_T01_1605_A03_e02,20250622_chem_35C_T01_1605_A03,1,train
20260702_hotchem_36hpf_plate02_D12_e01,20260702_hotchem_36hpf_plate02_D12,1,train
20240509_A10_e01,20240509_A10,41,train
20260122_F12_e03,20260122_F12,77,train
20230627_D02_e01,20230627_D02,45,train
20250703_chem3_34C_T00_1131_H04_e01,20250703_chem3_34C_T00_1131_H04,1,train
20260724_hotfish_30hpf_plate01_H03_e01,20260724_hotfish_30hpf_plate01_H03,1,train
20251112_D05_e01,20251112_D05,49,train
20260724_hotfish_30hpf_plate01_C04_e01,20260724_hotfish_30hpf_plate01_C04,1,train
20240626_C11_e01,20240626_C11,112,train
20260324_cep290_24hpf_plate01_E07_e01,20260324_cep290_24hpf_plate01_E07,1,train
20241023_F05_e01,20241023_F05,43,train
20251207_pbx_D01_e01,20251207_pbx_D01,132,train
20260417_irx_pilot_E02_e02,20260417_irx_pilot_E02,27,train
20260319_cilia_crispant_24hpf_A07_e01,20260319_cilia_crispant_24hpf_A07,1,train
20260702_hotchem_30hpf_plate01_A05_e01,20260702_hotchem_30hpf_plate01_A05,1,train
20250721_chem5_28C_T00_1257_B08_e01,20250721_chem5_28C_T00_1257_B08,1,train
20250622_chem_34C_T01_1632_G03_e01,20250622_chem_34C_T01_1632_G03,1,train
20250624_chem02_35C_T01_1711_D07_e01,20250624_chem02_35C_T01_1711_D07,1,train
20251017_part2_A12_e01,20251017_part2_A12,63,train
20260414_b9d2_14hpf_plate01_C03_e02,20260414_b9d2_14hpf_plate01_C03,1,train
20260724_hotfish_30hpf_plate01_E05_e01,20260724_hotfish_30hpf_plate01_E05,1,train
20250711_G09_e01,20250711_G09,179,train
20240418_H10_e01,20240418_H10,46,train
20250912_D05_e01,20250912_D05,104,train
20251017_part1_G03_e01,20251017_part1_G03,65,train
20240306_A04_e06,20240306_A04,132,train
20260724_hotfish_24hpf_plate01_C01_e01,20260724_hotfish_24hpf_plate01_C01,1,train
20240813_24hpf_G06_e01,20240813_24hpf_G06,1,train
20260702_hotchem_36hpf_plate02_E06_e01,20260702_hotchem_36hpf_plate02_E06,1,train
20250721_chem5_28C_T00_1257_G07_e03,20250721_chem5_28C_T00_1257_G07,1,train
20240812_C03_e01,20240812_C03,75,train
20230531_A02_e01,20230531_A02,66,train
20230629_D11_e01,20230629_D11,41,train
20260213_A10_e02,20260213_A10,139,train
20251212_D03_e02,20251212_D03,104,train
20260324_cep290_30hpf_plate02_C04_e01,20260324_cep290_30hpf_plate02_C04,1,train
20250612_36hpf_wfs1_ctcf_G12_e01,20250612_36hpf_wfs1_ctcf_G12,1,train
20240418_D11_e01,20240418_D11,46,train
20260417_irx_pilot_C09_e03,20260417_irx_pilot_C09,27,train
20260228_D01_e03,20260228_D01,151,train
20241023_E02_e02,20241023_E02,43,train
20260702_hotchem_36hpf_plate02_F10_e01,20260702_hotchem_36hpf_plate02_F10,1,train
20260228_G06_e01,20260228_G06,151,train
20260306_E08_e01,20260306_E08,186,train
20251112_B10_e01,20251112_B10,49,train
20251017_part1_B08_e01,20251017_part1_B08,65,train
20240530_B05_e01,20240530_B05,81,train
20250622_chem_35C_T00_1223_check_G07_e02,20250622_chem_35C_T00_1223_check_G07,1,train
20251125_H02_e01,20251125_H02,231,train
20250716_chem4_28C_T01_1400_B03_e01,20250716_chem4_28C_T01_1400_B03,1,train
20250501_G04_e01,20250501_G04,176,train
20250622_chem_28C_T01_1658_C03_e01,20250622_chem_28C_T01_1658_C03,1,train
20250721_chem5_28C_T01_1401_H04_e02,20250721_chem5_28C_T01_1401_H04,1,train
20250624_chem02_35C_T00_1216_E12_e01,20250624_chem02_35C_T00_1216_E12,1,train
20250425_G01_e01,20250425_G01,118,train
20250703_chem3_34C_T01_1457_A05_e01,20250703_chem3_34C_T01_1457_A05,1,train
20260331_b9d2_18hpf_plate02_D03_e01,20260331_b9d2_18hpf_plate02_D03,1,train
20250215_D02_e01,20250215_D02,78,train
20260702_hotchem_30hpf_plate01_B05_e01,20260702_hotchem_30hpf_plate01_B05,1,train
20251112_B03_e02,20251112_B03,49,train
20260702_hotchem_24hpf_plate02_H11_e01,20260702_hotchem_24hpf_plate02_H11,1,train
20250711_H08_e01,20250711_H08,179,train
20260210_A08_e01,20260210_A08,161,train
20250612_24hpf_ctrl_atf6_H02_e01,20250612_24hpf_ctrl_atf6_H02,1,train
20250703_chem3_34C_T01_1457_E06_e01,20250703_chem3_34C_T01_1457_E06,1,train
20250721_chem5_28C_T01_1401_D12_e01,20250721_chem5_28C_T01_1401_D12,1,train
20240718_H10_e03,20240718_H10,1,train
20240813_30hpf_A05_e01,20240813_30hpf_A05,1,train
20250703_chem3_34C_T01_1457_A06_e01,20250703_chem3_34C_T01_1457_A06,1,train
20231110_F05_e02,20231110_F05,64,train
20250624_chem02_35C_T00_1216_A06_e02,20250624_chem02_35C_T00_1216_A06,1,train
20240813_30hpf_H03_e01,20240813_30hpf_H03,1,train
20260724_hotfish_30hpf_plate01_A06_e01,20260724_hotfish_30hpf_plate01_A06,1,train
20241023_H03_e01,20241023_H03,43,train
20231218_G11_e01,20231218_G11,34,train
20250415_E07_e01,20250415_E07,39,train
20251207_pbx_F02_e01,20251207_pbx_F02,132,train
20260414_b9d2_30hpf_plate02_G07_e01,20260414_b9d2_30hpf_plate02_G07,1,train
20260702_hotchem_30hpf_plate01_E08_e01,20260702_hotchem_30hpf_plate01_E08,1,train
20260724_hotfish_24hpf_plate01_D03_e01,20260724_hotfish_24hpf_plate01_D03,1,train
20260219_A03_e01,20260219_A03,155,train
20260210_C04_e01,20260210_C04,161,train
20250624_chem02_34C_T01_1739_H08_e01,20250624_chem02_34C_T01_1739_H08,1,train
20260415_cep290_30to48hpf_plate02_t01_D10_e02,20260415_cep290_30to48hpf_plate02_t01_D10,1,train
20251207_pbx_B06_e01,20251207_pbx_B06,132,train
20260702_hotchem_36hpf_plate01_H10_e01,20260702_hotchem_36hpf_plate01_H10,1,train
20260415_cep290_18hpf_plate03_H08_e01,20260415_cep290_18hpf_plate03_H08,1,train
20260304_E04_e01,20260304_E04,192,train
20250622_chem_35C_T01_1605_G12_e01,20250622_chem_35C_T01_1605_G12,1,train
20260418_irx_pilot_F03_e01,20260418_irx_pilot_F03,78,train
20260319_cilia_crispant_18hpf_A03_e01,20260319_cilia_crispant_18hpf_A03,1,train
20260702_hotchem_24hpf_plate01_E09_e01,20260702_hotchem_24hpf_plate01_E09,1,train
20250622_chem_34C_T01_1632_H01_e01,20250622_chem_34C_T01_1632_H01,1,train
20250215_A05_e01,20250215_A05,78,train
20250612_36hpf_wfs1_ctcf_B06_e01,20250612_36hpf_wfs1_ctcf_B06,1,train
20250305_B11_e01,20250305_B11,340,train
20250501_H04_e02,20250501_H04,176,train
20251017_part2_D12_e01,20251017_part2_D12,63,train
20251125_F10_e01,20251125_F10,231,train
20250721_chem5_28C_T01_1401_H07_e01,20250721_chem5_28C_T01_1401_H07,1,train
20240626_B04_e01,20240626_B04,112,train
20250716_chem4_34C_T00_1014_H07_e01,20250716_chem4_34C_T00_1014_H07,1,train
20231218_D10_e02,20231218_D10,34,train
20230613_B04_e01,20230613_B04,66,train
20251017_part2_F03_e01,20251017_part2_F03,63,train
20260417_irx_pilot_F12_e02,20260417_irx_pilot_F12,27,train
20260202_H01_e01,20260202_H01,71,train
20260208_C03_e01,20260208_C03,321,train
20250612_30hpf_wfs1_ctcf_G12_e01,20250612_30hpf_wfs1_ctcf_G12,1,train
20260415_cep290_18hpf_plate03_A01_e01,20260415_cep290_18hpf_plate03_A01,1,train
20250624_chem02_28C_T01_1808_D04_e01,20250624_chem02_28C_T01_1808_D04,1,train
20240812_F12_e01,20240812_F12,75,train
20260319_cilia_crispant_30hpf_B01_e01,20260319_cilia_crispant_30hpf_B01,1,train
20250622_chem_35C_T00_1223_check_C10_e01,20250622_chem_35C_T00_1223_check_C10,1,train
20250624_chem02_35C_T00_1216_G02_e01,20250624_chem02_35C_T00_1216_G02,1,train
20260702_hotchem_36hpf_plate01_F01_e01,20260702_hotchem_36hpf_plate01_F01,1,train
20251207_pbx_E10_e01,20251207_pbx_E10,132,train
20240307_C07_e01,20240307_C07,44,train
20250305_H08_e01,20250305_H08,340,train
20240404_H10_e01,20240404_H10,35,train
20260206_F03_e01,20260206_F03,150,train
20250612_30hpf_wfs1_ctcf_F02_e01,20250612_30hpf_wfs1_ctcf_F02,1,train
20251207_pbx_D09_e01,20251207_pbx_D09,132,train
20260324_cep290_24hpf_plate01_G05_e01,20260324_cep290_24hpf_plate01_G05,1,train
20260702_hotchem_36hpf_plate01_C06_e01,20260702_hotchem_36hpf_plate01_C06,1,train
20230620_B05_e01,20230620_B05,89,train
20240306_A01_e01,20240306_A01,132,train
20241022_E06_e01,20241022_E06,37,train
20250622_chem_28C_T01_1658_F08_e01,20250622_chem_28C_T01_1658_F08,1,train
20250126_C08_e01,20250126_C08,71,train
20240411_A03_e01,20240411_A03,48,train
20260415_b9d2_30to48hpf_plate01_t02_C10_e01,20260415_b9d2_30to48hpf_plate01_t02_C10,1,train
20250716_chem4_28C_T01_1400_H07_e01,20250716_chem4_28C_T01_1400_H07,1,train
20251207_pbx_F10_e01,20251207_pbx_F10,132,train
20250721_chem5_28C_T01_1401_A01_e01,20250721_chem5_28C_T01_1401_A01,1,train
20230629_C08_e01,20230629_C08,41,train
20240418_A05_e02,20240418_A05,46,train
20250425_H04_e01,20250425_H04,118,train
20250215_C04_e01,20250215_C04,78,train
20250625_chem02_28C_T02_1332_A04_e01,20250625_chem02_28C_T02_1332_A04,1,train
20250612_30hpf_ctrl_atf6_D12_e01,20250612_30hpf_ctrl_atf6_D12,1,train
20260415_b9d2_30to48hpf_plate01_t02_G09_e02,20260415_b9d2_30to48hpf_plate01_t02_G09,1,train
20240418_F12_e01,20240418_F12,46,train
20250623_chem_28C_T02_1259_D06_e01,20250623_chem_28C_T02_1259_D06,1,train
20260202_E03_e02,20260202_E03,71,train
20230615_E03_e01,20230615_E03,50,train
20231110_H01_e01,20231110_H01,64,train
20240724_D06_e01,20240724_D06,1,train
20250622_chem_35C_T01_1605_G03_e01,20250622_chem_35C_T01_1605_G03,1,train
20260702_hotchem_36hpf_plate01_A09_e01,20260702_hotchem_36hpf_plate01_A09,1,train
20240418_B03_e03,20240418_B03,46,train
20260202_H03_e01,20260202_H03,71,train
20260324_cep290_30hpf_plate02_E01_e01,20260324_cep290_30hpf_plate02_E01,1,train
20250612_36hpf_wfs1_ctcf_E08_e01,20250612_36hpf_wfs1_ctcf_E08,1,train
20250501_H02_e01,20250501_H02,176,train
20240418_D04_e02,20240418_D04,46,train
20240307_B07_e01,20240307_B07,44,train
20250625_chem02_35C_T02_1228_B02_e01,20250625_chem02_35C_T02_1228_B02,1,train
20260414_b9d2_30hpf_plate01_B02_e01,20260414_b9d2_30hpf_plate01_B02,1,train
20240725_C07_e01,20240725_C07,1,train
20230627_A08_e02,20230627_A08,45,train
20250624_chem02_35C_T00_1216_B08_e01,20250624_chem02_35C_T00_1216_B08,1,train
20250415_G03_e01,20250415_G03,39,train
20251205_F11_e02,20251205_F11,115,train
20231110_A10_e01,20231110_A10,64,train
20260331_b9d2_18hpf_plate02_E03_e01,20260331_b9d2_18hpf_plate02_E03,1,train
20250716_chem4_34C_T00_1014_A04_e02,20250716_chem4_34C_T00_1014_A04,1,train
20260202_C02_e02,20260202_C02,71,train
20230622_F09_e01,20230622_F09,43,train
20260414_b9d2_30hpf_plate01_D05_e01,20260414_b9d2_30hpf_plate01_D05,1,train
20260702_hotchem_24hpf_plate02_F08_e02,20260702_hotchem_24hpf_plate02_F08,1,train
20250126_F09_e01,20250126_F09,71,train
20241023_E08_e01,20241023_E08,43,train
20250512_E02_e02,20250512_E02,195,train
20250215_C10_e01,20250215_C10,78,train
20260702_hotchem_36hpf_plate01_F11_e01,20260702_hotchem_36hpf_plate01_F11,1,train
20250716_chem4_34C_T00_1014_D01_e01,20250716_chem4_34C_T00_1014_D01,1,train
20260219_G03_e01,20260219_G03,177,train
20260228_G10_e01,20260228_G10,151,train
20250721_chem5_35C_T00_1023_A01_e01,20250721_chem5_35C_T00_1023_A01,1,train
20250624_chem02_28C_T00_1356_F07_e02,20250624_chem02_28C_T00_1356_F07,1,train
20250415_C03_e02,20250415_C03,39,train
20250612_36hpf_wfs1_ctcf_C08_e01,20250612_36hpf_wfs1_ctcf_C08,1,train
20250711_D04_e01,20250711_D04,179,train
20260724_hotfish_36hpf_plate01_B07_e01,20260724_hotfish_36hpf_plate01_B07,1,train
20260415_b9d2_30to48hpf_plate01_t02_H12_e01,20260415_b9d2_30to48hpf_plate01_t02_H12,1,train
20260210_H12_e01,20260210_H12,161,train
20260122_E01_e01,20260122_E01,104,train
20231206_C12_e02,20231206_C12,59,train
20260202_B08_e03,20260202_B08,71,train
20251112_B05_e01,20251112_B05,49,train
20251121_F09_e01,20251121_F09,173,train
20240509_B05_e01,20240509_B05,41,train
20260206_D07_e01,20260206_D07,150,train
20260724_hotfish_24hpf_plate01_A05_e01,20260724_hotfish_24hpf_plate01_A05,1,train
20260415_b9d2_30to48hpf_plate02_t02_A06_e02,20260415_b9d2_30to48hpf_plate02_t02_A06,1,train
20260418_irx_pilot_H03_e01,20260418_irx_pilot_H03,78,train
20250624_chem02_34C_T00_1243_G02_e01,20250624_chem02_34C_T00_1243_G02,1,train
20250703_chem3_35C_T00_1101_A03_e01,20250703_chem3_35C_T00_1101_A03,1,train
20250711_A05_e01,20250711_A05,179,train
20250612_24hpf_ctrl_atf6_E10_e02,20250612_24hpf_ctrl_atf6_E10,1,train
20240418_D04_e01,20240418_D04,46,train
20240510_H02_e01,20240510_H02,1,train
20260415_b9d2_30to48hpf_plate01_t02_B06_e01,20260415_b9d2_30to48hpf_plate01_t02_B06,1,train
20250305_F05_e01,20250305_F05,340,train
20240411_G12_e01,20240411_G12,48,train
20250612_24hpf_ctrl_atf6_H06_e01,20250612_24hpf_ctrl_atf6_H06,1,train
20250612_24hpf_wfs1_ctcf_B02_e01,20250612_24hpf_wfs1_ctcf_B02,1,train
20260319_cilia_crispant_24hpf_E09_e01,20260319_cilia_crispant_24hpf_E09,1,train
20240813_30hpf_A02_e01,20240813_30hpf_A02,1,train
20260418_irx_pilot_B09_e01,20260418_irx_pilot_B09,78,train
20250716_chem4_34C_T00_1014_D04_e01,20250716_chem4_34C_T00_1014_D04,1,train
20260416_cep290_30to48hpf_plate01_t02_F07_e01,20260416_cep290_30to48hpf_plate01_t02_F07,1,train
20250512_F11_e02,20250512_F11,195,train
20240411_E06_e01,20240411_E06,48,train
20260724_hotfish_36hpf_plate01_A03_e01,20260724_hotfish_36hpf_plate01_A03,1,train
20240812_A01_e01,20240812_A01,75,train
20250912_F08_e02,20250912_F08,113,train
20260724_hotfish_30hpf_plate01_E02_e01,20260724_hotfish_30hpf_plate01_E02,1,train
20250703_chem3_34C_T00_1131_H03_e01,20250703_chem3_34C_T00_1131_H03,1,train
20260208_C12_e02,20260208_C12,303,train
20250624_chem02_28C_T00_1356_F12_e01,20250624_chem02_28C_T00_1356_F12,1,train
20260324_cep290_24hpf_plate01_G02_e01,20260324_cep290_24hpf_plate01_G02,1,train
20230602_F10_e01,20230602_F10,97,train
20250703_chem3_28C_T00_1325_C01_e01,20250703_chem3_28C_T00_1325_C01,1,train
20260702_hotchem_24hpf_plate02_F11_e01,20260702_hotchem_24hpf_plate02_F11,1,train
20260415_cep290_18hpf_plate03_C02_e01,20260415_cep290_18hpf_plate03_C02,1,train
20250622_chem_35C_T01_1605_H08_e01,20250622_chem_35C_T01_1605_H08,1,train
20260213_H01_e01,20260213_H01,139,train
20260414_b9d2_30hpf_plate02_C03_e02,20260414_b9d2_30hpf_plate02_C03,1,train
20240718_G02_e01,20240718_G02,1,train
20250512_H06_e01,20250512_H06,195,train
20260702_hotchem_30hpf_plate02_E03_e01,20260702_hotchem_30hpf_plate02_E03,1,train
20260414_b9d2_30hpf_plate01_H02_e01,20260414_b9d2_30hpf_plate01_H02,1,train
20260331_b9d2_18hpf_plate02_G07_e01,20260331_b9d2_18hpf_plate02_G07,1,train
20250716_chem4_28C_T01_1400_G12_e01,20250716_chem4_28C_T01_1400_G12,1,train
20250716_chem4_34C_T00_1014_F01_e01,20250716_chem4_34C_T00_1014_F01,1,train
20260213_C07_e03,20260213_C07,139,train
20250711_A06_e01,20250711_A06,179,train
20230531_F07_e02,20230531_F07,66,train
20240306_D01_e01,20240306_D01,132,train
20260306_D12_e02,20260306_D12,186,train
20251125_F03_e01,20251125_F03,231,train
20260213_G01_e02,20260213_G01,139,train
20260122_E12_e01,20260122_E12,104,train
20230620_D10_e01,20230620_D10,88,train
20260415_b9d2_30to48hpf_plate02_t02_C05_e01,20260415_b9d2_30to48hpf_plate02_t02_C05,1,train
20250624_chem02_28C_T01_1808_E10_e03,20250624_chem02_28C_T01_1808_E10,1,train
20250623_chem_28C_T02_1259_A05_e01,20250623_chem_28C_T02_1259_A05,1,train
20250716_chem4_28C_T01_1400_C05_e01,20250716_chem4_28C_T01_1400_C05,1,train
20260418_irx_pilot_D09_e01,20260418_irx_pilot_D09,78,train
20250624_chem02_28C_T01_1808_G07_e01,20250624_chem02_28C_T01_1808_G07,1,train
20240725_D02_e02,20240725_D02,1,train
20260702_hotchem_30hpf_plate02_F09_e01,20260702_hotchem_30hpf_plate02_F09,1,train
20240306_A02_e01,20240306_A02,132,train
20260414_b9d2_30hpf_plate01_D03_e01,20260414_b9d2_30hpf_plate01_D03,1,train
20230602_F12_e01,20230602_F12,97,train
20250622_chem_34C_T00_1256_H05_e01,20250622_chem_34C_T00_1256_H05,1,train
20250126_D03_e01,20250126_D03,71,train
20260414_b9d2_14hpf_plate01_E08_e01,20260414_b9d2_14hpf_plate01_E08,1,train
20230627_G02_e01,20230627_G02,45,train
20260415_b9d2_30to48hpf_plate01_t02_F09_e01,20260415_b9d2_30to48hpf_plate01_t02_F09,1,train
20240717_F04_e01,20240717_F04,1,train
20240725_E04_e01,20240725_E04,1,train
20240510_A04_e01,20240510_A04,1,train
20260324_cep290_24hpf_plate02_F08_e01,20260324_cep290_24hpf_plate02_F08,1,train
20260319_B03_e02,20260319_B03,105,train
20240522_F01_e01,20240522_F01,95,train
20240509_D04_e02,20240509_D04,41,train
20260415_b9d2_30to48hpf_plate02_t02_A06_e03,20260415_b9d2_30to48hpf_plate02_t02_A06,1,train
20240307_D06_e02,20240307_D06,44,train
20260417_irx_pilot_G06_e01,20260417_irx_pilot_G06,27,train
20260324_cep290_30hpf_plate01_C07_e01,20260324_cep290_30hpf_plate01_C07,1,train
20260702_hotchem_36hpf_plate02_D08_e01,20260702_hotchem_36hpf_plate02_D08,1,train
20250501_D09_e02,20250501_D09,176,train
20250703_chem3_34C_T01_1457_F06_e01,20250703_chem3_34C_T01_1457_F06,1,train
20260304_B06_e02,20260304_B06,192,train
20250624_chem02_35C_T01_1711_F11_e02,20250624_chem02_35C_T01_1711_F11,1,train
20250622_chem_35C_T01_1605_H03_e01,20250622_chem_35C_T01_1605_H03,1,train
20250624_chem02_28C_T00_1356_B05_e01,20250624_chem02_28C_T00_1356_B05,1,train
20260414_b9d2_30hpf_plate01_G12_e01,20260414_b9d2_30hpf_plate01_G12,1,train
20250215_E07_e01,20250215_E07,78,train
20251017_part2_C02_e01,20251017_part2_C02,63,train
20250612_30hpf_ctrl_atf6_C08_e01,20250612_30hpf_ctrl_atf6_C08,1,train
20260702_hotchem_36hpf_plate02_G07_e01,20260702_hotchem_36hpf_plate02_G07,1,train
20250415_C05_e01,20250415_C05,39,train
20250612_30hpf_wfs1_ctcf_D10_e01,20250612_30hpf_wfs1_ctcf_D10,1,train
20251207_pbx_E04_e01,20251207_pbx_E04,132,train
20260702_hotchem_24hpf_plate02_G12_e01,20260702_hotchem_24hpf_plate02_G12,1,train
20260702_hotchem_36hpf_plate02_C01_e01,20260702_hotchem_36hpf_plate02_C01,1,train
20250624_chem02_34C_T00_1243_F08_e01,20250624_chem02_34C_T00_1243_F08,1,train
20250716_chem4_34C_T00_1014_H01_e01,20250716_chem4_34C_T00_1014_H01,1,train
20231206_H06_e01,20231206_H06,59,train
20230613_E07_e02,20230613_E07,65,train
20230531_E12_e01,20230531_E12,66,train
20240418_E08_e03,20240418_E08,46,train
20260228_C04_e01,20260228_C04,151,train
20260702_hotchem_36hpf_plate02_G10_e01,20260702_hotchem_36hpf_plate02_G10,1,train
20260324_cep290_24hpf_plate01_E09_e01,20260324_cep290_24hpf_plate01_E09,1,train
20260319_D03_e01,20260319_D03,105,train
20260122_F01_e02,20260122_F01,104,train
20260324_cep290_24hpf_plate02_E10_e01,20260324_cep290_24hpf_plate02_E10,1,train
20260206_D03_e01,20260206_D03,150,train
20260208_C12_e01,20260208_C12,321,train
20260219_D04_e02,20260219_D04,177,train
20260724_hotfish_30hpf_plate02_D03_e01,20260724_hotfish_30hpf_plate02_D03,1,train
20241023_H01_e02,20241023_H01,43,train
20260415_b9d2_30to48hpf_plate02_t02_C07_e01,20260415_b9d2_30to48hpf_plate02_t02_C07,1,train
20260724_hotfish_30hpf_plate02_G04_e01,20260724_hotfish_30hpf_plate02_G04,1,train
20260304_G09_e01,20260304_G09,192,train
20260702_hotchem_24hpf_plate01_D07_e02,20260702_hotchem_24hpf_plate01_D07,1,train
20250501_B07_e01,20250501_B07,176,train
20250512_A06_e01,20250512_A06,195,train
20230629_D10_e01,20230629_D10,41,train
20260208_D10_e01,20260208_D10,321,train
20250625_chem02_34C_T02_1301_B08_e01,20250625_chem02_34C_T02_1301_B08,1,train
20260122_G07_e03,20260122_G07,104,train
20251112_F12_e03,20251112_F12,33,train
20251017_part1_E06_e01,20251017_part1_E06,65,train
20250612_24hpf_wfs1_ctcf_B08_e01,20250612_24hpf_wfs1_ctcf_B08,1,train
20251207_pbx_C03_e02,20251207_pbx_C03,1,train
20230602_E05_e01,20230602_E05,97,train
20231218_B10_e01,20231218_B10,34,train
20230629_A11_e01,20230629_A11,41,train
20260702_hotchem_36hpf_plate02_F01_e01,20260702_hotchem_36hpf_plate02_F01,1,train
20250612_30hpf_ctrl_atf6_G11_e01,20250612_30hpf_ctrl_atf6_G11,1,train
20250622_chem_28C_T00_1425_H03_e01,20250622_chem_28C_T00_1425_H03,1,train
20260417_irx_pilot_C01_e01,20260417_irx_pilot_C01,27,train
20260418_irx_pilot_F02_e03,20260418_irx_pilot_F02,78,train
20260702_hotchem_24hpf_plate02_G10_e01,20260702_hotchem_24hpf_plate02_G10,1,train
20231218_G08_e01,20231218_G08,34,train
20230831_E02_e01,20230831_E02,1,train
20250126_E03_e01,20250126_E03,71,train
20250703_chem3_34C_T00_1131_H02_e01,20250703_chem3_34C_T00_1131_H02,1,train
20251121_A02_e01,20251121_A02,165,train
20250501_E08_e02,20250501_E08,176,train
20250624_chem02_35C_T00_1216_F12_e02,20250624_chem02_35C_T00_1216_F12,1,train
20250716_chem4_34C_T00_1014_A11_e01,20250716_chem4_34C_T00_1014_A11,1,train
20250612_30hpf_ctrl_atf6_G07_e01,20250612_30hpf_ctrl_atf6_G07,1,train
20240522_A06_e01,20240522_A06,95,train
20250703_chem3_35C_T01_1437_G03_e02,20250703_chem3_35C_T01_1437_G03,1,train
20260213_D04_e01,20260213_D04,139,train
20251212_F05_e01,20251212_F05,115,train
20260219_C07_e03,20260219_C07,177,train
20250612_24hpf_wfs1_ctcf_E04_e01,20250612_24hpf_wfs1_ctcf_E04,1,train
20260724_hotfish_24hpf_plate02_H03_e01,20260724_hotfish_24hpf_plate02_H03,1,train
20260418_irx_pilot_C07_e02,20260418_irx_pilot_C07,78,train
20241023_E10_e01,20241023_E10,43,train
20260702_hotchem_36hpf_plate01_E11_e02,20260702_hotchem_36hpf_plate01_E11,1,train
20240718_A04_e01,20240718_A04,1,train
20230620_B12_e01,20230620_B12,88,train
20250622_chem_28C_T00_1425_F01_e01,20250622_chem_28C_T00_1425_F01,1,train
20260415_b9d2_30to48hpf_plate01_t02_B06_e02,20260415_b9d2_30to48hpf_plate01_t02_B06,1,train
20240509_F04_e01,20240509_F04,41,train
20260202_H03_e02,20260202_H03,71,train
20251125_A10_e01,20251125_A10,231,train
20250622_chem_35C_T01_1605_A01_e01,20250622_chem_35C_T01_1605_A01,1,train
20260304_D05_e01,20260304_D05,192,train
20260702_hotchem_30hpf_plate02_F11_e01,20260702_hotchem_30hpf_plate02_F11,1,train
20260414_b9d2_14hpf_plate01_E01_e01,20260414_b9d2_14hpf_plate01_E01,1,train
20250716_chem4_28C_T00_1158_E02_e01,20250716_chem4_28C_T00_1158_E02,1,train
20260122_E02_e02,20260122_E02,104,train
20240725_E05_e01,20240725_E05,1,train
20260414_b9d2_14hpf_plate01_D01_e01,20260414_b9d2_14hpf_plate01_D01,1,train
20230531_A09_e01,20230531_A09,66,train
20231218_A07_e01,20231218_A07,34,train
20251020_H09_e01,20251020_H09,57,train
20230615_C11_e01,20230615_C11,50,train
20250512_E01_e01,20250512_E01,195,train
20250622_chem_35C_T00_1223_check_G01_e01,20250622_chem_35C_T00_1223_check_G01,1,train
20250624_chem02_28C_T01_1808_B03_e01,20250624_chem02_28C_T01_1808_B03,1,train
20250425_H11_e01,20250425_H11,118,train
20240530_E06_e01,20240530_E06,81,train
20250624_chem02_28C_T00_1356_A11_e01,20250624_chem02_28C_T00_1356_A11,1,train
20250622_chem_35C_T01_1605_A05_e01,20250622_chem_35C_T01_1605_A05,1,train
20251121_E05_e02,20251121_E05,173,train
20251017_part2_C08_e01,20251017_part2_C08,60,train
20260702_hotchem_30hpf_plate02_C09_e01,20260702_hotchem_30hpf_plate02_C09,1,train
20260228_B06_e01,20260228_B06,151,train
20250703_chem3_34C_T00_1131_F06_e01,20250703_chem3_34C_T00_1131_F06,1,train
20240724_D05_e01,20240724_D05,1,train
20250501_G06_e02,20250501_G06,176,train
20250703_chem3_34C_T01_1457_F07_e01,20250703_chem3_34C_T01_1457_F07,1,train
20260319_cilia_crispant_24hpf_C02_e01,20260319_cilia_crispant_24hpf_C02,1,train
20251017_part2_D03_e01,20251017_part2_D03,63,train
20250415_D03_e01,20250415_D03,39,train
20251125_E09_e01,20251125_E09,231,train
20240509_24hpf_H07_e01,20240509_24hpf_H07,1,train
20260414_b9d2_30hpf_plate02_F03_e01,20260414_b9d2_30hpf_plate02_F03,1,train
20250305_A04_e01,20250305_A04,340,train
20240307_D03_e02,20240307_D03,44,train
20250716_chem4_35C_T00_1045_G08_e01,20250716_chem4_35C_T00_1045_G08,1,train
20251017_part2_G10_e01,20251017_part2_G10,63,train
20260702_hotchem_30hpf_plate01_D06_e02,20260702_hotchem_30hpf_plate01_D06,1,train
20241023_B09_e01,20241023_B09,43,train
20260306_A07_e01,20260306_A07,186,train
20251112_F01_e02,20251112_F01,24,train
20251017_part2_C10_e01,20251017_part2_C10,63,train
20250515_part2_F09_e01,20250515_part2_F09,27,train
20250703_chem3_34C_T01_1457_B07_e01,20250703_chem3_34C_T01_1457_B07,1,train
20260415_cep290_30to48hpf_plate02_t01_D07_e02,20260415_cep290_30to48hpf_plate02_t01_D07,1,train
20251212_F07_e01,20251212_F07,115,train
20260418_irx_pilot_G04_e01,20260418_irx_pilot_G04,78,train
20250622_chem_28C_T01_1658_F02_e01,20250622_chem_28C_T01_1658_F02,1,train
20260324_cep290_30hpf_plate01_A07_e01,20260324_cep290_30hpf_plate01_A07,1,train
20230622_D05_e01,20230622_D05,43,train
20250612_24hpf_ctrl_atf6_C07_e01,20250612_24hpf_ctrl_atf6_C07,1,train
20251212_G09_e01,20251212_G09,115,train
20250612_36hpf_wfs1_ctcf_D01_e01,20250612_36hpf_wfs1_ctcf_D01,1,train
20260202_E07_e01,20260202_E07,71,train
20260319_cilia_crispant_30hpf_C03_e01,20260319_cilia_crispant_30hpf_C03,1,train
20250716_chem4_28C_T00_1158_C03_e02,20250716_chem4_28C_T00_1158_C03,1,train
20251207_pbx_F01_e02,20251207_pbx_F01,1,train
20250612_24hpf_wfs1_ctcf_F03_e01,20250612_24hpf_wfs1_ctcf_F03,1,train
20260416_cep290_30to48hpf_plate02_t02_H04_e02,20260416_cep290_30to48hpf_plate02_t02_H04,1,train
20231206_A02_e01,20231206_A02,59,train
20250612_30hpf_ctrl_atf6_D10_e01,20250612_30hpf_ctrl_atf6_D10,1,train
20250305_F06_e01,20250305_F06,340,train
20240509_18ss_D02_e01,20240509_18ss_D02,1,train
20250612_30hpf_wfs1_ctcf_B01_e01,20250612_30hpf_wfs1_ctcf_B01,1,train
20260228_A08_e01,20260228_A08,151,train
20251017_part1_A11_e01,20251017_part1_A11,65,train
20260219_H03_e02,20260219_H03,177,train
20250625_chem02_34C_T02_1301_D12_e01,20250625_chem02_34C_T02_1301_D12,1,train
20250625_chem02_34C_T02_1301_F10_e01,20250625_chem02_34C_T02_1301_F10,1,train
20260702_hotchem_36hpf_plate01_F08_e01,20260702_hotchem_36hpf_plate01_F08,1,train
20240724_A01_e01,20240724_A01,1,train
20251112_C05_e02,20251112_C05,7,train
20260414_b9d2_30hpf_plate01_E04_e01,20260414_b9d2_30hpf_plate01_E04,1,train
20240404_G03_e01,20240404_G03,35,train
20250515_part2_D01_e01,20250515_part2_D01,27,train
20230622_D01_e01,20230622_D01,43,train
20250622_chem_35C_T01_1605_B06_e01,20250622_chem_35C_T01_1605_B06,1,train
20260418_irx_pilot_F08_e02,20260418_irx_pilot_F08,78,train
20260415_cep290_18hpf_plate03_H05_e01,20260415_cep290_18hpf_plate03_H05,1,train
20250612_24hpf_wfs1_ctcf_E11_e01,20250612_24hpf_wfs1_ctcf_E11,1,train
20260304_B11_e02,20260304_B11,80,train
20250711_C01_e01,20250711_C01,179,train
20260724_hotfish_30hpf_plate02_F07_e01,20260724_hotfish_30hpf_plate02_F07,1,train
20240411_E10_e01,20240411_E10,48,train
20260702_hotchem_36hpf_plate02_H09_e01,20260702_hotchem_36hpf_plate02_H09,1,train
20260415_cep290_30to48hpf_plate02_t01_A02_e01,20260415_cep290_30to48hpf_plate02_t01_A02,1,train
20260414_b9d2_30hpf_plate01_H06_e02,20260414_b9d2_30hpf_plate01_H06,1,train
20240509_F11_e01,20240509_F11,41,train
20250623_chem_34C_T02_1231_F07_e01,20250623_chem_34C_T02_1231_F07,1,train
20241023_F09_e01,20241023_F09,43,train
20251121_G11_e01,20251121_G11,173,train
20260324_cep290_24hpf_plate02_A09_e01,20260324_cep290_24hpf_plate02_A09,1,train
20240418_F10_e02,20240418_F10,46,train
20260724_hotfish_36hpf_plate01_E12_e01,20260724_hotfish_36hpf_plate01_E12,1,train
20230613_E11_e01,20230613_E11,65,train
20250703_chem3_35C_T00_1101_F04_e01,20250703_chem3_35C_T00_1101_F04,1,train
20240418_A12_e02,20240418_A12,46,train
20230615_G02_e01,20230615_G02,50,train
20230531_G10_e03,20230531_G10,66,train
20260414_b9d2_14hpf_plate01_D09_e01,20260414_b9d2_14hpf_plate01_D09,1,train
20251112_C03_e04,20251112_C03,8,train
20260415_cep290_30to48hpf_plate02_t01_B02_e01,20260415_cep290_30to48hpf_plate02_t01_B02,1,train
20240404_D01_e02,20240404_D01,35,train
20230831_H07_e01,20230831_H07,1,train
20250305_G03_e01,20250305_G03,340,train
20240812_A10_e01,20240812_A10,75,train
20260417_irx_pilot_E07_e02,20260417_irx_pilot_E07,27,train
20250305_E11_e02,20250305_E11,340,train
20260324_cep290_30hpf_plate01_E08_e01,20260324_cep290_30hpf_plate01_E08,1,train
20231206_D03_e01,20231206_D03,59,train
20230613_B01_e01,20230613_B01,66,train
20260724_hotfish_24hpf_plate02_E05_e01,20260724_hotfish_24hpf_plate02_E05,1,train
20250716_chem4_28C_T00_1158_A04_e01,20250716_chem4_28C_T00_1158_A04,1,train
20240418_G07_e01,20240418_G07,46,train
20260724_hotfish_24hpf_plate02_C01_e01,20260724_hotfish_24hpf_plate02_C01,1,train
20260122_F02_e02,20260122_F02,104,train
20260324_cep290_24hpf_plate02_A01_e01,20260324_cep290_24hpf_plate02_A01,1,train
20250501_C07_e01,20250501_C07,176,train
20260417_irx_pilot_C11_e01,20260417_irx_pilot_C11,27,train
20250625_chem02_34C_T02_1301_F08_e01,20250625_chem02_34C_T02_1301_F08,1,train
20250612_30hpf_wfs1_ctcf_A01_e01,20250612_30hpf_wfs1_ctcf_A01,1,train
20230620_B11_e01,20230620_B11,88,train
20250415_A06_e01,20250415_A06,39,train
20250721_chem5_35C_T00_1023_B09_e01,20250721_chem5_35C_T00_1023_B09,1,train
20260415_b9d2_30to48hpf_plate01_t02_G11_e01,20260415_b9d2_30to48hpf_plate01_t02_G11,1,train
20260702_hotchem_24hpf_plate01_D12_e01,20260702_hotchem_24hpf_plate01_D12,1,train
20250624_chem02_34C_T00_1243_C11_e01,20250624_chem02_34C_T00_1243_C11,1,train
20230531_G10_e01,20230531_G10,66,train
20260417_irx_pilot_B03_e02,20260417_irx_pilot_B03,27,train
20260414_b9d2_30hpf_plate01_F08_e01,20260414_b9d2_30hpf_plate01_F08,1,train
20250703_chem3_28C_T00_1325_C05_e01,20250703_chem3_28C_T00_1325_C05,1,train
20260418_irx_pilot_A09_e02,20260418_irx_pilot_A09,78,train
20241022_H11_e01,20241022_H11,37,train
20250703_chem3_28C_T00_1325_F01_e02,20250703_chem3_28C_T00_1325_F01,1,train
20260324_cep290_24hpf_plate01_F12_e01,20260324_cep290_24hpf_plate01_F12,1,train
20260213_A07_e01,20260213_A07,139,train
20260414_b9d2_30hpf_plate02_C06_e01,20260414_b9d2_30hpf_plate02_C06,1,train
20251017_part2_E12_e01,20251017_part2_E12,63,train
20250612_24hpf_ctrl_atf6_A11_e01,20250612_24hpf_ctrl_atf6_A11,1,train
20250612_30hpf_wfs1_ctcf_H06_e01,20250612_30hpf_wfs1_ctcf_H06,1,train
20250703_chem3_28C_T00_1325_C06_e01,20250703_chem3_28C_T00_1325_C06,1,train
20250215_D10_e01,20250215_D10,78,train
20230627_A11_e01,20230627_A11,45,train
20240813_36hpf_G02_e01,20240813_36hpf_G02,1,train
20251112_H09_e01,20251112_H09,49,train
20260702_hotchem_24hpf_plate01_B02_e01,20260702_hotchem_24hpf_plate01_B02,1,train
20240626_C12_e01,20240626_C12,112,train
20250612_30hpf_ctrl_atf6_B09_e01,20250612_30hpf_ctrl_atf6_B09,1,train
20240718_F04_e01,20240718_F04,1,train
20250519_G10_e02,20250519_G10,51,train
20240812_B01_e01,20240812_B01,75,train
20231206_H04_e02,20231206_H04,59,train
20260702_hotchem_30hpf_plate02_F06_e01,20260702_hotchem_30hpf_plate02_F06,1,train
20251207_pbx_F06_e03,20251207_pbx_F06,115,train
20250415_B07_e01,20250415_B07,39,train
20250519_H03_e01,20250519_H03,51,train
20260724_hotfish_24hpf_plate02_E04_e01,20260724_hotfish_24hpf_plate02_E04,1,train
20260724_hotfish_24hpf_plate01_C02_e01,20260724_hotfish_24hpf_plate01_C02,1,train
20260324_cep290_24hpf_plate01_H01_e01,20260324_cep290_24hpf_plate01_H01,1,train
20260324_cep290_30hpf_plate01_E01_e01,20260324_cep290_30hpf_plate01_E01,1,train
20260418_irx_pilot_H05_e04,20260418_irx_pilot_H05,78,train
20260202_E12_e01,20260202_E12,71,train
20260324_cep290_30hpf_plate01_B02_e01,20260324_cep290_30hpf_plate01_B02,1,train
20250623_chem_34C_T02_1231_B03_e01,20250623_chem_34C_T02_1231_B03,1,train
20260319_cilia_crispant_18hpf_A08_e01,20260319_cilia_crispant_18hpf_A08,1,train
20260418_irx_pilot_H07_e03,20260418_irx_pilot_H07,78,train
20250512_B04_e01,20250512_B04,195,train
20250624_chem02_28C_T00_1356_C03_e01,20250624_chem02_28C_T00_1356_C03,1,train
20260319_cilia_crispant_18hpf_G12_e01,20260319_cilia_crispant_18hpf_G12,1,train
20260208_C09_e01,20260208_C09,321,train
20230531_A10_e02,20230531_A10,64,train
20251112_A03_e01,20251112_A03,49,train
20251112_C04_e02,20251112_C04,35,train
20260415_b9d2_30to48hpf_plate01_t02_H05_e01,20260415_b9d2_30to48hpf_plate01_t02_H05,1,train
20260324_cep290_24hpf_plate02_G09_e01,20260324_cep290_24hpf_plate02_G09,1,train
20250612_30hpf_ctrl_atf6_G12_e01,20250612_30hpf_ctrl_atf6_G12,1,train
20240509_E11_e01,20240509_E11,41,train
20260415_cep290_30to48hpf_plate02_t01_E02_e01,20260415_cep290_30to48hpf_plate02_t01_E02,1,train
20260219_E10_e03,20260219_E10,177,train
20260202_B09_e01,20260202_B09,71,train
20250622_chem_28C_T00_1425_C05_e01,20250622_chem_28C_T00_1425_C05,1,train
20250612_24hpf_wfs1_ctcf_A05_e01,20250612_24hpf_wfs1_ctcf_A05,1,train
20260219_B08_e02,20260219_B08,177,train
20230531_D12_e01,20230531_D12,66,train
20250625_chem02_34C_T02_1301_A11_e01,20250625_chem02_34C_T02_1301_A11,1,train
20260418_irx_pilot_B12_e01,20260418_irx_pilot_B12,78,train
20230615_D09_e01,20230615_D09,43,train
20251112_F06_e01,20251112_F06,49,train
20241023_H06_e01,20241023_H06,43,train
20260324_cep290_24hpf_plate01_F09_e01,20260324_cep290_24hpf_plate01_F09,1,train
20260415_cep290_18hpf_plate03_G08_e01,20260415_cep290_18hpf_plate03_G08,1,train
20260319_cilia_crispant_18hpf_E02_e01,20260319_cilia_crispant_18hpf_E02,1,train
20250622_chem_35C_T01_1605_H05_e01,20250622_chem_35C_T01_1605_H05,1,train
20250624_chem02_35C_T00_1216_F02_e01,20250624_chem02_35C_T00_1216_F02,1,train
20260228_C01_e01,20260228_C01,151,train
20240717_E04_e01,20240717_E04,1,train
20260213_C06_e01,20260213_C06,139,train
20250305_B12_e01,20250305_B12,340,train
20260702_hotchem_30hpf_plate01_E08_e03,20260702_hotchem_30hpf_plate01_E08,1,train
20250624_chem02_28C_T00_1356_E10_e03,20250624_chem02_28C_T00_1356_E10,1,train
20240404_H06_e01,20240404_H06,35,train
20260702_hotchem_36hpf_plate02_G05_e01,20260702_hotchem_36hpf_plate02_G05,1,train
20230620_B06_e02,20230620_B06,89,train
20250126_A06_e01,20250126_A06,71,train
20260228_D01_e02,20260228_D01,151,train
20250703_chem3_28C_T00_1325_E05_e01,20250703_chem3_28C_T00_1325_E05,1,train
20250721_chem5_28C_T00_1257_E08_e01,20250721_chem5_28C_T00_1257_E08,1,train
20251017_part1_D11_e01,20251017_part1_D11,65,train
20260702_hotchem_30hpf_plate01_B04_e01,20260702_hotchem_30hpf_plate01_B04,1,train
20251112_A05_e02,20251112_A05,17,train
20260210_B10_e01,20260210_B10,161,train
20250703_chem3_35C_T01_1437_A01_e01,20250703_chem3_35C_T01_1437_A01,1,train
20250612_30hpf_ctrl_atf6_B01_e01,20250612_30hpf_ctrl_atf6_B01,1,train
20250624_chem02_34C_T01_1739_F02_e01,20250624_chem02_34C_T01_1739_F02,1,train
20260319_B08_e01,20260319_B08,105,train
20260219_D09_e03,20260219_D09,177,train
20250716_chem4_34C_T00_1014_G05_e01,20250716_chem4_34C_T00_1014_G05,1,train
20250305_B08_e01,20250305_B08,340,train
20260417_irx_pilot_F02_e02,20260417_irx_pilot_F02,27,train
20250703_chem3_28C_T00_1325_A04_e01,20250703_chem3_28C_T00_1325_A04,1,train
20250624_chem02_35C_T00_1216_D10_e01,20250624_chem02_35C_T00_1216_D10,1,train
20260415_b9d2_30to48hpf_plate01_t02_D01_e01,20260415_b9d2_30to48hpf_plate01_t02_D01,1,train
20240509_C08_e01,20240509_C08,41,train
20260415_b9d2_30to48hpf_plate02_t02_C06_e01,20260415_b9d2_30to48hpf_plate02_t02_C06,1,train
20251112_G10_e01,20251112_G10,49,train
20250703_chem3_34C_T00_1131_A01_e01,20250703_chem3_34C_T00_1131_A01,1,train
20260324_cep290_30hpf_plate01_B04_e01,20260324_cep290_30hpf_plate01_B04,1,train
20260418_irx_pilot_E10_e01,20260418_irx_pilot_E10,78,train
20260415_cep290_18hpf_plate03_G02_e05,20260415_cep290_18hpf_plate03_G02,1,train
20250721_chem5_35C_T00_1023_A02_e01,20250721_chem5_35C_T00_1023_A02,1,train
20250716_chem4_28C_T00_1158_H11_e01,20250716_chem4_28C_T00_1158_H11,1,train
20251207_pbx_B11_e01,20251207_pbx_B11,132,train
20231218_B12_e01,20231218_B12,34,train
20260319_cilia_crispant_30hpf_D04_e01,20260319_cilia_crispant_30hpf_D04,1,train
20250622_chem_35C_T00_1223_check_G05_e01,20250622_chem_35C_T00_1223_check_G05,1,train
20250703_chem3_34C_T00_1131_G07_e01,20250703_chem3_34C_T00_1131_G07,1,train
20260418_irx_pilot_C03_e01,20260418_irx_pilot_C03,78,train
20241023_A06_e01,20241023_A06,43,train
20250126_G12_e01,20250126_G12,71,train
20250515_part2_D12_e02,20250515_part2_D12,27,train
20250721_chem5_28C_T00_1257_C05_e01,20250721_chem5_28C_T00_1257_C05,1,train
20260219_E01_e01,20260219_E01,177,train
20250519_H09_e01,20250519_H09,51,train
20240813_24hpf_B02_e01,20240813_24hpf_B02,1,train
20260219_F08_e02,20260219_F08,177,train
20260724_hotfish_24hpf_plate01_D04_e01,20260724_hotfish_24hpf_plate01_D04,1,train
20250623_chem_34C_T02_1231_D12_e01,20250623_chem_34C_T02_1231_D12,1,train
20260417_irx_pilot_D06_e02,20260417_irx_pilot_D06,27,train
20260304_E06_e01,20260304_E06,192,train
20240510_D08_e01,20240510_D08,1,train
20260219_E02_e01,20260219_E02,177,train
20260122_D06_e02,20260122_D06,104,train
20241022_A12_e01,20241022_A12,37,train
20250622_chem_34C_T00_1256_H10_e01,20250622_chem_34C_T00_1256_H10,1,train
20230602_C11_e01,20230602_C11,97,train
20251112_G05_e02,20251112_G05,12,train
20230620_A09_e01,20230620_A09,89,train
20260206_H12_e01,20260206_H12,150,train
20260324_cep290_24hpf_plate01_D08_e01,20260324_cep290_24hpf_plate01_D08,1,train
20260208_C01_e01,20260208_C01,321,train
20240726_F03_e01,20240726_F03,1,train
20260414_b9d2_14hpf_plate01_G07_e01,20260414_b9d2_14hpf_plate01_G07,1,train
20260319_G01_e01,20260319_G01,105,train
20250716_chem4_28C_T01_1400_A01_e01,20250716_chem4_28C_T01_1400_A01,1,train
20250612_24hpf_ctrl_atf6_D01_e01,20250612_24hpf_ctrl_atf6_D01,1,train
20260415_cep290_30to48hpf_plate02_t01_C04_e01,20260415_cep290_30to48hpf_plate02_t01_C04,1,train
20260213_C06_e03,20260213_C06,139,train
20260416_cep290_30to48hpf_plate01_t02_C03_e02,20260416_cep290_30to48hpf_plate01_t02_C03,1,train
20250612_30hpf_wfs1_ctcf_F07_e01,20250612_30hpf_wfs1_ctcf_F07,1,train
20250703_chem3_35C_T01_1437_F04_e01,20250703_chem3_35C_T01_1437_F04,1,train
20251212_H02_e01,20251212_H02,115,train
20240306_E02_e01,20240306_E02,129,train
20260724_hotfish_24hpf_plate01_E09_e01,20260724_hotfish_24hpf_plate01_E09,1,train
20250215_D04_e01,20250215_D04,78,train
20250716_chem4_28C_T00_1158_A09_e01,20250716_chem4_28C_T00_1158_A09,1,train
20240418_C10_e01,20240418_C10,46,train
20260702_hotchem_30hpf_plate02_A12_e01,20260702_hotchem_30hpf_plate02_A12,1,train
20251119_B02_e01,20251119_B02,348,train
20260319_H01_e03,20260319_H01,105,train
20240813_24hpf_A02_e01,20240813_24hpf_A02,1,train
20251207_pbx_F06_e02,20251207_pbx_F06,132,train
20241022_A09_e01,20241022_A09,37,train
20251017_part2_A07_e01,20251017_part2_A07,63,train
20260206_C08_e01,20260206_C08,150,train
20251205_D09_e01,20251205_D09,115,train
20240522_A12_e02,20240522_A12,95,train
20260202_F05_e02,20260202_F05,71,train
20250519_C02_e01,20250519_C02,51,train
20250622_chem_28C_T01_1658_A08_e01,20250622_chem_28C_T01_1658_A08,1,train
20241023_E07_e01,20241023_E07,43,train
20250703_chem3_28C_T00_1325_C03_e01,20250703_chem3_28C_T00_1325_C03,1,train
20260415_b9d2_30to48hpf_plate02_t02_C03_e01,20260415_b9d2_30to48hpf_plate02_t02_C03,1,train
20260702_hotchem_30hpf_plate01_C07_e02,20260702_hotchem_30hpf_plate01_C07,1,train
20250622_chem_28C_T00_1425_D02_e01,20250622_chem_28C_T00_1425_D02,1,train
20260702_hotchem_36hpf_plate02_A05_e01,20260702_hotchem_36hpf_plate02_A05,1,train
20251205_G09_e01,20251205_G09,115,train
20260324_cep290_30hpf_plate02_D05_e01,20260324_cep290_30hpf_plate02_D05,1,train
20250625_chem02_28C_T02_1332_E01_e02,20250625_chem02_28C_T02_1332_E01,1,train
20250716_chem4_35C_T00_1045_H09_e01,20250716_chem4_35C_T00_1045_H09,1,train
20250515_part2_E05_e01,20250515_part2_E05,27,train
20230627_C06_e03,20230627_C06,45,train
20250612_36hpf_ctrl_atf6_F09_e01,20250612_36hpf_ctrl_atf6_F09,1,train
20260702_hotchem_30hpf_plate02_E11_e01,20260702_hotchem_30hpf_plate02_E11,1,train
20230831_D02_e01,20230831_D02,1,train
20250711_B05_e01,20250711_B05,179,train
20250703_chem3_35C_T01_1437_D04_e01,20250703_chem3_35C_T01_1437_D04,1,train
20250912_B01_e01,20250912_B01,113,train
20250415_E08_e01,20250415_E08,39,train
20230622_B10_e01,20230622_B10,43,train
20251119_D05_e01,20251119_D05,348,train
20240812_F09_e01,20240812_F09,75,train
20230622_A03_e01,20230622_A03,44,train
20240418_E08_e02,20240418_E08,46,train
20241023_C09_e01,20241023_C09,43,train
20250126_G11_e01,20250126_G11,71,train
20260122_A02_e01,20260122_A02,104,train
20260202_C11_e01,20260202_C11,71,train
20250501_H04_e01,20250501_H04,176,train
20240813_30hpf_H04_e01,20240813_30hpf_H04,1,train
20260702_hotchem_36hpf_plate02_B07_e01,20260702_hotchem_36hpf_plate02_B07,1,train
20250612_24hpf_wfs1_ctcf_B07_e01,20250612_24hpf_wfs1_ctcf_B07,1,train
20240812_A07_e01,20240812_A07,75,train
20250612_36hpf_ctrl_atf6_H02_e01,20250612_36hpf_ctrl_atf6_H02,1,train
20250622_chem_28C_T01_1658_E10_e01,20250622_chem_28C_T01_1658_E10,1,train
20240724_C03_e01,20240724_C03,1,train
20251112_B02_e02,20251112_B02,16,train
20250126_H11_e01,20250126_H11,71,train
20251112_G08_e03,20251112_G08,23,train
20260319_cilia_crispant_18hpf_E06_e01,20260319_cilia_crispant_18hpf_E06,1,train
20250622_chem_34C_T01_1632_D04_e01,20250622_chem_34C_T01_1632_D04,1,train
20260416_cep290_30to48hpf_plate02_t02_D04_e01,20260416_cep290_30to48hpf_plate02_t02_D04,1,train
20250126_G01_e01,20250126_G01,71,train
20250716_chem4_28C_T00_1158_D06_e01,20250716_chem4_28C_T00_1158_D06,1,train
20240307_F04_e01,20240307_F04,44,train
20250912_H04_e01,20250912_H04,113,train
20250625_chem02_34C_T02_1301_H10_e01,20250625_chem02_34C_T02_1301_H10,1,train
20260724_hotfish_36hpf_plate01_G10_e01,20260724_hotfish_36hpf_plate01_G10,1,train
20250711_H07_e02,20250711_H07,179,train
20250625_chem02_28C_T02_1332_D01_e01,20250625_chem02_28C_T02_1332_D01,1,train
20231206_G11_e01,20231206_G11,59,train
20250425_C01_e01,20250425_C01,118,train
20260304_D12_e01,20260304_D12,192,train
20251212_A02_e01,20251212_A02,115,train
20250622_chem_28C_T01_1658_F01_e01,20250622_chem_28C_T01_1658_F01,1,train
20250622_chem_28C_T01_1658_B10_e02,20250622_chem_28C_T01_1658_B10,1,train
20250622_chem_34C_T00_1256_D04_e01,20250622_chem_34C_T00_1256_D04,1,train
20250703_chem3_34C_T01_1457_C02_e01,20250703_chem3_34C_T01_1457_C02,1,train
20250622_chem_35C_T00_1223_check_E05_e01,20250622_chem_35C_T00_1223_check_E05,1,train
20251121_A05_e01,20251121_A05,173,train
20250703_chem3_34C_T00_1131_D06_e01,20250703_chem3_34C_T00_1131_D06,1,train
20260213_H05_e01,20260213_H05,139,train
20260304_F11_e02,20260304_F11,192,train
20250515_part2_C04_e01,20250515_part2_C04,27,train
20251207_pbx_D08_e01,20251207_pbx_D08,132,train
20250625_chem02_35C_T02_1228_E10_e01,20250625_chem02_35C_T02_1228_E10,1,train
20260724_hotfish_30hpf_plate01_G08_e01,20260724_hotfish_30hpf_plate01_G08,1,train
20260702_hotchem_24hpf_plate02_E02_e01,20260702_hotchem_24hpf_plate02_E02,1,train
20260702_hotchem_24hpf_plate02_F09_e01,20260702_hotchem_24hpf_plate02_F09,1,train
20260418_irx_pilot_E04_e04,20260418_irx_pilot_E04,78,train
20240307_B10_e01,20240307_B10,44,train
20250716_chem4_28C_T01_1400_C07_e01,20250716_chem4_28C_T01_1400_C07,1,train
20260418_irx_pilot_C11_e01,20260418_irx_pilot_C11,78,train
20250625_chem02_34C_T02_1301_D10_e01,20250625_chem02_34C_T02_1301_D10,1,train
20231206_D09_e01,20231206_D09,59,train
20260122_D07_e01,20260122_D07,104,train
20250623_chem_34C_T02_1231_C02_e02,20250623_chem_34C_T02_1231_C02,1,train
20240530_D08_e02,20240530_D08,81,train
20250612_36hpf_wfs1_ctcf_E05_e01,20250612_36hpf_wfs1_ctcf_E05,1,train
20240510_D07_e01,20240510_D07,1,train
20240510_G03_e01,20240510_G03,1,train
20250716_chem4_34C_T00_1014_C08_e01,20250716_chem4_34C_T00_1014_C08,1,train
20250716_chem4_35C_T00_1045_C05_e02,20250716_chem4_35C_T00_1045_C05,1,train
20260206_D05_e01,20260206_D05,150,train
20260702_hotchem_24hpf_plate02_H06_e01,20260702_hotchem_24hpf_plate02_H06,1,train
20250612_30hpf_ctrl_atf6_D06_e01,20250612_30hpf_ctrl_atf6_D06,1,train
20250305_D02_e01,20250305_D02,340,train
20241022_A10_e01,20241022_A10,37,train
20250126_D04_e01,20250126_D04,71,train
20260304_G02_e03,20260304_G02,192,train
20250625_chem02_28C_T02_1332_F10_e02,20250625_chem02_28C_T02_1332_F10,1,train
20260319_cilia_crispant_24hpf_F04_e01,20260319_cilia_crispant_24hpf_F04,1,train
20240725_A02_e01,20240725_A02,1,train
20260122_E09_e01,20260122_E09,104,train
20241022_H10_e01,20241022_H10,37,train
20230531_D07_e02,20230531_D07,48,train
20250716_chem4_34C_T00_1014_E06_e01,20250716_chem4_34C_T00_1014_E06,1,train
20260304_B06_e04,20260304_B06,116,train
20230615_F09_e01,20230615_F09,50,train
20260724_hotfish_24hpf_plate01_B02_e01,20260724_hotfish_24hpf_plate01_B02,1,train
20231218_F03_e01,20231218_F03,34,train
20250622_chem_34C_T01_1632_C03_e01,20250622_chem_34C_T01_1632_C03,1,train
20260213_H10_e02,20260213_H10,128,train
20250215_G07_e01,20250215_G07,78,train
20250519_F05_e01,20250519_F05,51,train
20250624_chem02_28C_T01_1808_A03_e01,20250624_chem02_28C_T01_1808_A03,1,train
20260202_E03_e04,20260202_E03,71,train
20260202_G01_e01,20260202_G01,71,train
20251121_H12_e01,20251121_H12,173,train
20250425_A11_e01,20250425_A11,118,train
20231110_E01_e01,20231110_E01,64,train
20250305_B04_e01,20250305_B04,340,train
20240812_D04_e01,20240812_D04,75,train
20251112_G12_e01,20251112_G12,49,train
20260202_F07_e02,20260202_F07,71,train
20240411_C10_e01,20240411_C10,48,train
20260213_A08_e01,20260213_A08,139,train
20260304_A10_e01,20260304_A10,192,train
20250912_F06_e01,20250912_F06,111,train
20260304_C06_e03,20260304_C06,192,train
20250612_24hpf_wfs1_ctcf_G12_e01,20250612_24hpf_wfs1_ctcf_G12,1,train
20260702_hotchem_36hpf_plate02_H08_e01,20260702_hotchem_36hpf_plate02_H08,1,train
20260122_G04_e02,20260122_G04,104,train
20250519_F08_e01,20250519_F08,51,train
20250703_chem3_35C_T00_1101_G07_e01,20250703_chem3_35C_T00_1101_G07,1,train
20260208_F04_e01,20260208_F04,321,train
20250721_chem5_28C_T00_1257_G01_e01,20250721_chem5_28C_T00_1257_G01,1,train
20250912_G11_e01,20250912_G11,113,train
20251121_G05_e01,20251121_G05,166,train
20260210_G03_e01,20260210_G03,161,train
20260202_E10_e02,20260202_E10,71,train
20260415_b9d2_30to48hpf_plate02_t02_H03_e01,20260415_b9d2_30to48hpf_plate02_t02_H03,1,train
20241023_A10_e01,20241023_A10,43,train
20241023_H05_e01,20241023_H05,43,train
20251205_G12_e01,20251205_G12,115,train
20260724_hotfish_24hpf_plate01_B11_e01,20260724_hotfish_24hpf_plate01_B11,1,train
20260415_b9d2_30to48hpf_plate01_t02_C12_e01,20260415_b9d2_30to48hpf_plate01_t02_C12,1,train
20260724_hotfish_30hpf_plate01_H12_e01,20260724_hotfish_30hpf_plate01_H12,1,train
20250716_chem4_35C_T00_1045_A09_e01,20250716_chem4_35C_T00_1045_A09,1,train
20260416_cep290_30to48hpf_plate02_t02_B03_e01,20260416_cep290_30to48hpf_plate02_t02_B03,1,train
20260418_irx_pilot_B11_e02,20260418_irx_pilot_B11,78,train
20250425_B08_e01,20250425_B08,118,train
20260724_hotfish_24hpf_plate01_D10_e01,20260724_hotfish_24hpf_plate01_D10,1,train
20230831_C04_e01,20230831_C04,1,train
20260702_hotchem_30hpf_plate02_D08_e02,20260702_hotchem_30hpf_plate02_D08,1,train
20240724_F07_e01,20240724_F07,1,train
20250515_part2_H02_e01,20250515_part2_H02,27,train
20250623_chem_28C_T02_1259_E02_e01,20250623_chem_28C_T02_1259_E02,1,train
20250623_chem_34C_T02_1231_H01_e02,20250623_chem_34C_T02_1231_H01,1,train
20260702_hotchem_36hpf_plate02_H07_e02,20260702_hotchem_36hpf_plate02_H07,1,train
20250612_36hpf_ctrl_atf6_C10_e01,20250612_36hpf_ctrl_atf6_C10,1,train
20260324_cep290_24hpf_plate02_H03_e01,20260324_cep290_24hpf_plate02_H03,1,train
20240813_30hpf_C04_e01,20240813_30hpf_C04,1,train
20260724_hotfish_30hpf_plate02_H02_e01,20260724_hotfish_30hpf_plate02_H02,1,train
20250501_E03_e02,20250501_E03,176,train
20250612_36hpf_ctrl_atf6_G01_e01,20250612_36hpf_ctrl_atf6_G01,1,train
20230831_A02_e01,20230831_A02,1,train
20260724_hotfish_36hpf_plate01_C02_e01,20260724_hotfish_36hpf_plate01_C02,1,train
20250703_chem3_34C_T00_1131_F04_e01,20250703_chem3_34C_T00_1131_F04,1,train
20251205_D07_e01,20251205_D07,115,train
20240411_H01_e01,20240411_H01,48,train
20250711_A10_e01,20250711_A10,179,train
20260228_E03_e01,20260228_E03,151,train
20260319_cilia_crispant_30hpf_H06_e01,20260319_cilia_crispant_30hpf_H06,1,train
20260417_irx_pilot_A04_e01,20260417_irx_pilot_A04,27,train
20260324_cep290_24hpf_plate01_B10_e01,20260324_cep290_24hpf_plate01_B10,1,train
20250711_H04_e01,20250711_H04,179,train
20251112_E04_e02,20251112_E04,49,train
20250912_G03_e02,20250912_G03,113,train
20231206_E05_e01,20231206_E05,59,train
20250622_chem_28C_T00_1425_H07_e01,20250622_chem_28C_T00_1425_H07,1,train
20260122_A10_e04,20260122_A10,104,train
20230622_E01_e01,20230622_E01,43,train
20260219_D06_e01,20260219_D06,177,train
20250612_36hpf_ctrl_atf6_H04_e01,20250612_36hpf_ctrl_atf6_H04,1,train
20250519_G04_e01,20250519_G04,51,train
20230531_B06_e01,20230531_B06,66,train
20260702_hotchem_30hpf_plate02_C05_e01,20260702_hotchem_30hpf_plate02_C05,1,train
20251017_part1_G11_e01,20251017_part1_G11,65,train
20250711_A01_e01,20250711_A01,179,train
20240411_D11_e01,20240411_D11,48,train
20260415_b9d2_30to48hpf_plate02_t02_D04_e01,20260415_b9d2_30to48hpf_plate02_t02_D04,1,train
20260724_hotfish_30hpf_plate01_G11_e01,20260724_hotfish_30hpf_plate01_G11,1,train
20240813_36hpf_E06_e01,20240813_36hpf_E06,1,train
20231206_G12_e02,20231206_G12,59,train
20250625_chem02_34C_T02_1301_A04_e01,20250625_chem02_34C_T02_1301_A04,1,train
20240307_A07_e02,20240307_A07,44,train
20230531_C03_e01,20230531_C03,66,train
20250425_H08_e01,20250425_H08,118,train
20250612_36hpf_wfs1_ctcf_H12_e01,20250612_36hpf_wfs1_ctcf_H12,1,train
20260208_G06_e01,20260208_G06,321,train
20250625_chem02_28C_T02_1332_E02_e01,20250625_chem02_28C_T02_1332_E02,1,train
20230615_C10_e01,20230615_C10,50,train
20250622_chem_35C_T01_1605_D07_e01,20250622_chem_35C_T01_1605_D07,1,train
20240404_B11_e01,20240404_B11,35,train
20260416_cep290_30to48hpf_plate02_t02_H06_e01,20260416_cep290_30to48hpf_plate02_t02_H06,1,train
20250624_chem02_34C_T01_1739_D08_e01,20250624_chem02_34C_T01_1739_D08,1,train
20260213_D02_e02,20260213_D02,139,train
20260415_b9d2_30to48hpf_plate01_t02_H06_e01,20260415_b9d2_30to48hpf_plate01_t02_H06,1,train
20250501_H06_e01,20250501_H06,176,train
20250624_chem02_35C_T00_1216_H12_e01,20250624_chem02_35C_T00_1216_H12,1,train
20240530_D11_e01,20240530_D11,81,train
20260213_H06_e02,20260213_H06,139,train
20250612_30hpf_wfs1_ctcf_G06_e01,20250612_30hpf_wfs1_ctcf_G06,1,train
20250716_chem4_34C_T00_1014_C01_e01,20250716_chem4_34C_T00_1014_C01,1,train
20250716_chem4_35C_T00_1045_B11_e02,20250716_chem4_35C_T00_1045_B11,1,train
20250716_chem4_35C_T00_1045_A06_e01,20250716_chem4_35C_T00_1045_A06,1,train
20260418_irx_pilot_H02_e03,20260418_irx_pilot_H02,78,train
20260702_hotchem_24hpf_plate01_H10_e01,20260702_hotchem_24hpf_plate01_H10,1,train
20251119_B05_e01,20251119_B05,348,train
20251017_part2_G05_e01,20251017_part2_G05,63,train
20260324_cep290_24hpf_plate02_B06_e01,20260324_cep290_24hpf_plate02_B06,1,train
20251121_F06_e01,20251121_F06,173,train
20260414_b9d2_30hpf_plate01_H12_e01,20260414_b9d2_30hpf_plate01_H12,1,train
20260414_b9d2_14hpf_plate01_H01_e01,20260414_b9d2_14hpf_plate01_H01,1,train
20250515_part2_E04_e01,20250515_part2_E04,27,train
20251017_part2_H01_e01,20251017_part2_H01,63,train
20250126_G10_e01,20250126_G10,71,train
20250716_chem4_35C_T00_1045_E09_e01,20250716_chem4_35C_T00_1045_E09,1,train
20251017_part2_C06_e01,20251017_part2_C06,63,train
20250126_D01_e01,20250126_D01,71,train
20250622_chem_35C_T01_1605_F05_e01,20250622_chem_35C_T01_1605_F05,1,train
20250215_D05_e01,20250215_D05,78,train
20250612_30hpf_wfs1_ctcf_H10_e01,20250612_30hpf_wfs1_ctcf_H10,1,train
20260415_b9d2_30to48hpf_plate01_t02_B04_e01,20260415_b9d2_30to48hpf_plate01_t02_B04,1,train
20260210_H08_e01,20260210_H08,161,train
20260724_hotfish_30hpf_plate01_B09_e01,20260724_hotfish_30hpf_plate01_B09,1,train
20260724_hotfish_36hpf_plate01_B11_e01,20260724_hotfish_36hpf_plate01_B11,1,train
20260702_hotchem_24hpf_plate02_A03_e01,20260702_hotchem_24hpf_plate02_A03,1,train
20240306_D06_e01,20240306_D06,132,train
20251205_C05_e01,20251205_C05,115,train
20260206_H08_e01,20260206_H08,150,train
20260324_cep290_30hpf_plate02_F05_e01,20260324_cep290_30hpf_plate02_F05,1,train
20250622_chem_35C_T01_1605_H07_e01,20250622_chem_35C_T01_1605_H07,1,train
20260702_hotchem_36hpf_plate01_G05_e01,20260702_hotchem_36hpf_plate01_G05,1,train
20260415_cep290_30to48hpf_plate02_t01_F11_e02,20260415_cep290_30to48hpf_plate02_t01_F11,1,train
20230531_G06_e01,20230531_G06,66,train
20260724_hotfish_36hpf_plate02_D02_e01,20260724_hotfish_36hpf_plate02_D02,1,train
20260219_F08_e01,20260219_F08,177,train
20251112_C03_e02,20251112_C03,6,train
20240725_E03_e01,20240725_E03,1,train
20250622_chem_35C_T00_1223_check_G02_e01,20250622_chem_35C_T00_1223_check_G02,1,train
20251125_G04_e01,20251125_G04,231,train
20250703_chem3_34C_T01_1457_F02_e01,20250703_chem3_34C_T01_1457_F02,1,train
20231206_F04_e02,20231206_F04,59,train
20250703_chem3_34C_T00_1131_A07_e01,20250703_chem3_34C_T00_1131_A07,1,train
20260306_E03_e01,20260306_E03,186,train
20250515_part2_H12_e01,20250515_part2_H12,27,train
20240812_A02_e01,20240812_A02,75,train
20250912_E12_e01,20250912_E12,113,train
20260219_H08_e04,20260219_H08,170,train
20260213_E05_e02,20260213_E05,79,train
20250622_chem_34C_T00_1256_A05_e01,20250622_chem_34C_T00_1256_A05,1,train
20240812_C08_e01,20240812_C08,75,train
20250721_chem5_28C_T01_1401_C07_e02,20250721_chem5_28C_T01_1401_C07,1,train
20250612_30hpf_ctrl_atf6_G04_e01,20250612_30hpf_ctrl_atf6_G04,1,train
20250624_chem02_34C_T01_1739_E08_e01,20250624_chem02_34C_T01_1739_E08,1,train
20250623_chem_28C_T02_1259_F08_e01,20250623_chem_28C_T02_1259_F08,1,train
20251207_pbx_F12_e01,20251207_pbx_F12,132,train
20260304_F07_e01,20260304_F07,192,train
20240530_B07_e01,20240530_B07,81,train
20251017_part1_G05_e01,20251017_part1_G05,65,train
20260122_C01_e01,20260122_C01,104,train
20260228_C10_e01,20260228_C10,151,train
20260418_irx_pilot_H02_e02,20260418_irx_pilot_H02,78,train
20250624_chem02_34C_T00_1243_A11_e01,20250624_chem02_34C_T00_1243_A11,1,train
20250703_chem3_28C_T00_1325_B06_e01,20250703_chem3_28C_T00_1325_B06,1,train
20251020_E09_e01,20251020_E09,57,train
20250425_G04_e01,20250425_G04,118,train
20250512_F07_e02,20250512_F07,195,train
20260418_irx_pilot_C12_e01,20260418_irx_pilot_C12,78,train
20260415_cep290_30to48hpf_plate02_t01_G07_e01,20260415_cep290_30to48hpf_plate02_t01_G07,1,train
20250716_chem4_35C_T00_1045_G05_e01,20250716_chem4_35C_T00_1045_G05,1,train
20250703_chem3_35C_T00_1101_A01_e02,20250703_chem3_35C_T00_1101_A01,1,train
20240418_C03_e01,20240418_C03,46,train
20240813_36hpf_D04_e01,20240813_36hpf_D04,1,train
20251125_B01_e01,20251125_B01,231,train
20250721_chem5_28C_T00_1257_F01_e01,20250721_chem5_28C_T00_1257_F01,1,train
20260208_D03_e01,20260208_D03,321,train
20251020_D11_e01,20251020_D11,57,train
20250624_chem02_28C_T01_1808_G12_e01,20250624_chem02_28C_T01_1808_G12,1,train
20260306_F12_e02,20260306_F12,167,train
20240307_D09_e01,20240307_D09,44,train
20250126_H09_e01,20250126_H09,71,train
20260415_b9d2_30to48hpf_plate01_t02_A11_e02,20260415_b9d2_30to48hpf_plate01_t02_A11,1,train
20240307_A03_e02,20240307_A03,44,train
20250519_G06_e01,20250519_G06,51,train
20250716_chem4_35C_T00_1045_C11_e01,20250716_chem4_35C_T00_1045_C11,1,train
20230531_G09_e01,20230531_G09,66,train
20260213_D01_e02,20260213_D01,102,train
20260319_cilia_crispant_30hpf_G06_e01,20260319_cilia_crispant_30hpf_G06,1,train
20260702_hotchem_36hpf_plate02_B05_e01,20260702_hotchem_36hpf_plate02_B05,1,train
20250721_chem5_35C_T00_1023_C04_e01,20250721_chem5_35C_T00_1023_C04,1,train
20250625_chem02_35C_T02_1228_F12_e02,20250625_chem02_35C_T02_1228_F12,1,train
20250622_chem_28C_T01_1658_E07_e01,20250622_chem_28C_T01_1658_E07,1,train
20260228_H07_e01,20260228_H07,151,train
20240813_30hpf_F04_e01,20240813_30hpf_F04,1,train
20230531_E02_e02,20230531_E02,66,train
20240813_36hpf_G04_e01,20240813_36hpf_G04,1,train
20251020_C03_e01,20251020_C03,57,train
20240724_F03_e01,20240724_F03,1,train
20230613_G01_e01,20230613_G01,65,train
20250624_chem02_35C_T01_1711_C02_e02,20250624_chem02_35C_T01_1711_C02,1,train
20251017_part2_D11_e01,20251017_part2_D11,63,train
20250622_chem_28C_T00_1425_G08_e01,20250622_chem_28C_T00_1425_G08,1,train
20230602_B11_e01,20230602_B11,98,train
20251207_pbx_D10_e01,20251207_pbx_D10,132,train
20250716_chem4_28C_T01_1400_H08_e01,20250716_chem4_28C_T01_1400_H08,1,train
20240626_C05_e01,20240626_C05,112,train
20241023_D10_e01,20241023_D10,43,train
20260202_G01_e02,20260202_G01,71,train
20240718_G08_e01,20240718_G08,1,train
20260206_C01_e01,20260206_C01,150,train
20250415_C07_e01,20250415_C07,39,train
20250612_24hpf_ctrl_atf6_E08_e01,20250612_24hpf_ctrl_atf6_E08,1,train
20240307_C02_e01,20240307_C02,44,train
20231206_H10_e02,20231206_H10,59,train
20260208_F01_e01,20260208_F01,321,train
20241023_E08_e02,20241023_E08,43,train
20251212_G10_e01,20251212_G10,115,train
20250623_chem_34C_T02_1231_C07_e01,20250623_chem_34C_T02_1231_C07,1,train
20260418_irx_pilot_H02_e01,20260418_irx_pilot_H02,78,train
20250711_G05_e01,20250711_G05,179,train
20260319_cilia_crispant_24hpf_B03_e01,20260319_cilia_crispant_24hpf_B03,1,train
20250711_H11_e01,20250711_H11,179,train
20260324_cep290_24hpf_plate02_E11_e01,20260324_cep290_24hpf_plate02_E11,1,train
20260324_cep290_30hpf_plate01_B06_e01,20260324_cep290_30hpf_plate01_B06,1,train
20240509_24hpf_G04_e01,20240509_24hpf_G04,1,train
20250425_D12_e01,20250425_D12,118,train
20230831_E04_e01,20230831_E04,1,train
20230531_B07_e01,20230531_B07,66,train
20231110_D05_e01,20231110_D05,64,train
20240724_F05_e01,20240724_F05,1,train
20260202_E06_e01,20260202_E06,71,train
20260702_hotchem_36hpf_plate02_H12_e01,20260702_hotchem_36hpf_plate02_H12,1,train
20230615_D12_e02,20230615_D12,48,train
20250716_chem4_34C_T00_1014_A02_e01,20250716_chem4_34C_T00_1014_A02,1,train
20260202_C05_e02,20260202_C05,71,train
20250624_chem02_28C_T00_1356_F08_e01,20250624_chem02_28C_T00_1356_F08,1,train
20260324_cep290_30hpf_plate02_A02_e02,20260324_cep290_30hpf_plate02_A02,1,train
20250721_chem5_28C_T00_1257_A11_e02,20250721_chem5_28C_T00_1257_A11,1,train
20250624_chem02_34C_T00_1243_C04_e01,20250624_chem02_34C_T00_1243_C04,1,train
20251020_B11_e01,20251020_B11,57,train
20260206_B09_e01,20260206_B09,150,train
20260208_A12_e01,20260208_A12,311,train
20251017_part1_F03_e01,20251017_part1_F03,65,train
20250624_chem02_34C_T01_1739_A06_e02,20250624_chem02_34C_T01_1739_A06,1,train
20240725_H06_e01,20240725_H06,1,train
20260213_F07_e02,20260213_F07,139,train
20250622_chem_34C_T00_1256_C10_e01,20250622_chem_34C_T00_1256_C10,1,train
20260702_hotchem_24hpf_plate02_D11_e01,20260702_hotchem_24hpf_plate02_D11,1,train
20260324_cep290_30hpf_plate01_F08_e01,20260324_cep290_30hpf_plate01_F08,1,train
20250623_chem_34C_T02_1231_F08_e01,20250623_chem_34C_T02_1231_F08,1,train
20260414_b9d2_30hpf_plate01_B07_e01,20260414_b9d2_30hpf_plate01_B07,1,train
20240726_F07_e01,20240726_F07,1,train
20251205_G10_e01,20251205_G10,115,train
20260414_b9d2_30hpf_plate02_A03_e02,20260414_b9d2_30hpf_plate02_A03,1,train
20250612_24hpf_wfs1_ctcf_H05_e01,20250612_24hpf_wfs1_ctcf_H05,1,train
20251020_A04_e01,20251020_A04,57,train
20260122_C11_e02,20260122_C11,104,train
20231206_F11_e01,20231206_F11,59,train
20250625_chem02_35C_T02_1228_H05_e01,20250625_chem02_35C_T02_1228_H05,1,train
20260724_hotfish_36hpf_plate02_H01_e02,20260724_hotfish_36hpf_plate02_H01,1,train
20251119_C01_e01,20251119_C01,348,train
20260414_b9d2_30hpf_plate02_E08_e02,20260414_b9d2_30hpf_plate02_E08,1,train
20230622_B03_e01,20230622_B03,43,train
20250716_chem4_35C_T00_1045_A11_e01,20250716_chem4_35C_T00_1045_A11,1,train
20240418_F09_e02,20240418_F09,46,train
20230622_D06_e02,20230622_D06,43,train
20260324_cep290_24hpf_plate01_F11_e01,20260324_cep290_24hpf_plate01_F11,1,train
20250623_chem_28C_T02_1259_B06_e01,20250623_chem_28C_T02_1259_B06,1,train
20240306_B02_e01,20240306_B02,132,train
20260306_A04_e01,20260306_A04,186,train
20260228_D02_e01,20260228_D02,151,train
20240510_C04_e01,20240510_C04,1,train
20250612_30hpf_ctrl_atf6_F12_e02,20250612_30hpf_ctrl_atf6_F12,1,train
20250622_chem_35C_T01_1605_A10_e01,20250622_chem_35C_T01_1605_A10,1,train
20260122_B09_e02,20260122_B09,104,train
20260306_F04_e01,20260306_F04,186,train
20250623_chem_28C_T02_1259_E10_e01,20250623_chem_28C_T02_1259_E10,1,train
20260724_hotfish_24hpf_plate01_D08_e01,20260724_hotfish_24hpf_plate01_D08,1,train
20260702_hotchem_30hpf_plate01_G07_e01,20260702_hotchem_30hpf_plate01_G07,1,train
20240530_G07_e01,20240530_G07,81,train
20250623_chem_34C_T02_1231_H07_e01,20250623_chem_34C_T02_1231_H07,1,train
20260324_cep290_24hpf_plate01_A05_e01,20260324_cep290_24hpf_plate01_A05,1,train
20240509_G11_e01,20240509_G11,41,train
20250622_chem_35C_T00_1223_check_E02_e01,20250622_chem_35C_T00_1223_check_E02,1,train
20260702_hotchem_30hpf_plate01_C06_e01,20260702_hotchem_30hpf_plate01_C06,1,train
20260324_cep290_24hpf_plate01_G01_e01,20260324_cep290_24hpf_plate01_G01,1,train
20250612_30hpf_ctrl_atf6_G02_e01,20250612_30hpf_ctrl_atf6_G02,1,train
20260702_hotchem_30hpf_plate01_D09_e01,20260702_hotchem_30hpf_plate01_D09,1,train
20250305_B03_e01,20250305_B03,340,train
20250623_chem_28C_T02_1259_D04_e01,20250623_chem_28C_T02_1259_D04,1,train
20260219_E04_e03,20260219_E04,177,train
20250623_chem_28C_T02_1259_A03_e01,20250623_chem_28C_T02_1259_A03,1,train
20250703_chem3_28C_T00_1325_B04_e01,20250703_chem3_28C_T00_1325_B04,1,train
20251125_C12_e01,20251125_C12,146,train
20260418_irx_pilot_H04_e04,20260418_irx_pilot_H04,78,train
20240418_H02_e02,20240418_H02,46,train
20250501_D02_e01,20250501_D02,176,train
20260702_hotchem_36hpf_plate01_C11_e01,20260702_hotchem_36hpf_plate01_C11,1,train
20240418_G06_e01,20240418_G06,46,train
20260319_A02_e02,20260319_A02,105,train
20240726_G05_e01,20240726_G05,1,train
20240307_E02_e01,20240307_E02,44,train
20260324_cep290_24hpf_plate02_H06_e01,20260324_cep290_24hpf_plate02_H06,1,train
20251212_G07_e01,20251212_G07,115,train
20231218_F06_e01,20231218_F06,34,train
20240626_D07_e01,20240626_D07,112,train
20250215_H12_e01,20250215_H12,78,train
20260416_cep290_30to48hpf_plate02_t02_F06_e01,20260416_cep290_30to48hpf_plate02_t02_F06,1,train
20250703_chem3_34C_T01_1457_A02_e01,20250703_chem3_34C_T01_1457_A02,1,train
20260228_B02_e01,20260228_B02,151,train
20240626_G06_e01,20240626_G06,112,train
20260122_A07_e02,20260122_A07,104,train
20251125_A12_e01,20251125_A12,231,train
20260324_cep290_24hpf_plate01_D07_e01,20260324_cep290_24hpf_plate01_D07,1,train
20240418_G12_e01,20240418_G12,46,train
20250501_A03_e01,20250501_A03,176,train
20260228_G05_e01,20260228_G05,151,train
20260319_cilia_crispant_24hpf_C07_e01,20260319_cilia_crispant_24hpf_C07,1,train
20251121_B05_e01,20251121_B05,172,train
20251112_H08_e04,20251112_H08,20,train
20251017_part1_A01_e01,20251017_part1_A01,65,train
20260414_b9d2_14hpf_plate01_D11_e01,20260414_b9d2_14hpf_plate01_D11,1,train
20260202_F02_e01,20260202_F02,71,train
20251207_pbx_A01_e01,20251207_pbx_A01,132,train
20250624_chem02_28C_T01_1808_B11_e02,20250624_chem02_28C_T01_1808_B11,1,train
20260417_irx_pilot_E02_e01,20260417_irx_pilot_E02,27,train
20250623_chem_34C_T02_1231_B12_e01,20250623_chem_34C_T02_1231_B12,1,train
20260304_F06_e01,20260304_F06,192,train
20250612_30hpf_wfs1_ctcf_E07_e01,20250612_30hpf_wfs1_ctcf_E07,1,train
20260319_cilia_crispant_18hpf_B03_e01,20260319_cilia_crispant_18hpf_B03,1,train
20250703_chem3_28C_T00_1325_C04_e01,20250703_chem3_28C_T00_1325_C04,1,train
20250624_chem02_34C_T00_1243_A01_e01,20250624_chem02_34C_T00_1243_A01,1,train
20240307_B03_e01,20240307_B03,44,train
20230602_D11_e01,20230602_D11,97,train
20250519_G08_e01,20250519_G08,51,train
20250623_chem_28C_T02_1259_B05_e01,20250623_chem_28C_T02_1259_B05,1,train
20260208_E10_e01,20260208_E10,321,train
20240522_H05_e01,20240522_H05,95,train
20250721_chem5_35C_T00_1023_H12_e01,20250721_chem5_35C_T00_1023_H12,1,train
20260724_hotfish_36hpf_plate01_C01_e01,20260724_hotfish_36hpf_plate01_C01,1,train
20231206_B09_e01,20231206_B09,59,train
20251207_pbx_G07_e01,20251207_pbx_G07,132,train
20230622_E11_e01,20230622_E11,43,train
20260414_b9d2_30hpf_plate01_H03_e01,20260414_b9d2_30hpf_plate01_H03,1,train
20250625_chem02_34C_T02_1301_F12_e01,20250625_chem02_34C_T02_1301_F12,1,train
20250624_chem02_35C_T00_1216_G05_e01,20250624_chem02_35C_T00_1216_G05,1,train
20250721_chem5_35C_T00_1023_F11_e01,20250721_chem5_35C_T00_1023_F11,1,train
20250623_chem_28C_T02_1259_H05_e01,20250623_chem_28C_T02_1259_H05,1,train
20250622_chem_35C_T00_1223_check_H01_e01,20250622_chem_35C_T00_1223_check_H01,1,train
20251020_A03_e01,20251020_A03,57,train
20260219_A01_e01,20260219_A01,177,train
20260414_b9d2_30hpf_plate01_E08_e01,20260414_b9d2_30hpf_plate01_E08,1,train
20250625_chem02_34C_T02_1301_H08_e02,20250625_chem02_34C_T02_1301_H08,1,train
20260122_F10_e03,20260122_F10,104,train
20250305_F04_e01,20250305_F04,340,train
20260122_B12_e01,20260122_B12,104,train
20250703_chem3_35C_T00_1101_C05_e01,20250703_chem3_35C_T00_1101_C05,1,train
20260702_hotchem_24hpf_plate01_E10_e01,20260702_hotchem_24hpf_plate01_E10,1,train
20251212_E10_e01,20251212_E10,115,train
20260724_hotfish_24hpf_plate01_G08_e01,20260724_hotfish_24hpf_plate01_G08,1,train
20250415_E12_e01,20250415_E12,39,train
20250711_B03_e01,20250711_B03,179,train
20231110_E02_e01,20231110_E02,64,train
20250625_chem02_35C_T02_1228_H01_e01,20250625_chem02_35C_T02_1228_H01,1,train
20260122_H06_e01,20260122_H06,104,train
20251112_F02_e01,20251112_F02,49,train
20260202_B06_e02,20260202_B06,70,train
20250612_36hpf_wfs1_ctcf_H06_e01,20250612_36hpf_wfs1_ctcf_H06,1,train
20260724_hotfish_36hpf_plate01_H10_e01,20260724_hotfish_36hpf_plate01_H10,1,train
20250612_36hpf_wfs1_ctcf_B10_e01,20250612_36hpf_wfs1_ctcf_B10,1,train
20260414_b9d2_14hpf_plate01_D03_e01,20260414_b9d2_14hpf_plate01_D03,1,train
20250711_E04_e01,20250711_E04,179,train
20250721_chem5_35C_T00_1023_C10_e01,20250721_chem5_35C_T00_1023_C10,1,train
20250703_chem3_34C_T01_1457_D03_e01,20250703_chem3_34C_T01_1457_D03,1,train
20250515_part2_E09_e01,20250515_part2_E09,27,train
20240530_A09_e01,20240530_A09,81,train
20250612_24hpf_wfs1_ctcf_F05_e01,20250612_24hpf_wfs1_ctcf_F05,1,train
20250501_F08_e01,20250501_F08,176,train
20250625_chem02_28C_T02_1332_A11_e01,20250625_chem02_28C_T02_1332_A11,1,train
20250501_B08_e01,20250501_B08,176,train
20250912_H01_e03,20250912_H01,113,train
20250624_chem02_34C_T00_1243_B07_e01,20250624_chem02_34C_T00_1243_B07,1,train
20260122_H08_e01,20260122_H08,104,train
20250623_chem_28C_T02_1259_H10_e02,20250623_chem_28C_T02_1259_H10,1,train
20260213_A07_e05,20260213_A07,139,train
20230627_A10_e02,20230627_A10,45,train
20250415_D08_e01,20250415_D08,39,train
20260122_G09_e02,20260122_G09,102,train
20260414_b9d2_30hpf_plate01_B01_e01,20260414_b9d2_30hpf_plate01_B01,1,train
20260228_D06_e01,20260228_D06,151,train
20240726_E04_e01,20240726_E04,1,train
20250703_chem3_35C_T01_1437_E07_e01,20250703_chem3_35C_T01_1437_E07,1,train
20250912_A03_e02,20250912_A03,113,train
20251017_part2_A08_e02,20251017_part2_A08,63,train
20250612_24hpf_ctrl_atf6_C01_e01,20250612_24hpf_ctrl_atf6_C01,1,train
20251017_part1_F11_e01,20251017_part1_F11,65,train
20260724_hotfish_36hpf_plate02_G03_e01,20260724_hotfish_36hpf_plate02_G03,1,train
20250721_chem5_35C_T00_1023_G10_e01,20250721_chem5_35C_T00_1023_G10,1,train
20250703_chem3_34C_T00_1131_C01_e01,20250703_chem3_34C_T00_1131_C01,1,train
20250622_chem_35C_T00_1223_check_A06_e01,20250622_chem_35C_T00_1223_check_A06,1,train
20260702_hotchem_30hpf_plate02_E10_e01,20260702_hotchem_30hpf_plate02_E10,1,train
20260324_cep290_30hpf_plate02_G06_e01,20260324_cep290_30hpf_plate02_G06,1,train
20260702_hotchem_24hpf_plate01_C01_e01,20260702_hotchem_24hpf_plate01_C01,1,train
20231218_B07_e01,20231218_B07,34,train
20260702_hotchem_24hpf_plate01_B09_e01,20260702_hotchem_24hpf_plate01_B09,1,train
20260319_cilia_crispant_18hpf_H02_e02,20260319_cilia_crispant_18hpf_H02,1,train
20230831_G01_e01,20230831_G01,1,train
20240306_H02_e01,20240306_H02,130,train
20260418_irx_pilot_G02_e01,20260418_irx_pilot_G02,78,train
20251207_pbx_E08_e01,20251207_pbx_E08,132,train
20260319_G03_e01,20260319_G03,105,train
20260210_A04_e01,20260210_A04,161,train
20240813_24hpf_F07_e01,20240813_24hpf_F07,1,train
20250622_chem_34C_T00_1256_B02_e01,20250622_chem_34C_T00_1256_B02,1,train
20250425_D09_e01,20250425_D09,118,train
20251112_D06_e01,20251112_D06,49,train
20260415_cep290_30to48hpf_plate02_t01_G09_e01,20260415_cep290_30to48hpf_plate02_t01_G09,1,train
20260724_hotfish_36hpf_plate02_A03_e01,20260724_hotfish_36hpf_plate02_A03,1,train
20231206_D04_e01,20231206_D04,59,train
20240509_A08_e03,20240509_A08,41,train
20250622_chem_34C_T00_1256_H06_e01,20250622_chem_34C_T00_1256_H06,1,train
20250624_chem02_34C_T01_1739_C03_e01,20250624_chem02_34C_T01_1739_C03,1,train
20260304_C08_e02,20260304_C08,192,train
20260304_A02_e01,20260304_A02,192,train
20260414_b9d2_14hpf_plate01_B05_e01,20260414_b9d2_14hpf_plate01_B05,1,train
20230627_A06_e01,20230627_A06,45,train
20260219_B01_e02,20260219_B01,177,train
20250721_chem5_35C_T00_1023_D12_e01,20250721_chem5_35C_T00_1023_D12,1,train
20260319_A01_e02,20260319_A01,105,train
20251207_pbx_H11_e01,20251207_pbx_H11,132,train
20230602_C06_e01,20230602_C06,98,train
20251212_H08_e01,20251212_H08,115,train
20231110_C05_e01,20231110_C05,64,train
20260417_irx_pilot_C03_e02,20260417_irx_pilot_C03,27,train
20260319_cilia_crispant_18hpf_G06_e01,20260319_cilia_crispant_18hpf_G06,1,train
20260724_hotfish_36hpf_plate01_E07_e01,20260724_hotfish_36hpf_plate01_E07,1,train
20250716_chem4_28C_T01_1400_A03_e01,20250716_chem4_28C_T01_1400_A03,1,train
20240307_E04_e02,20240307_E04,44,train
20260331_b9d2_18hpf_plate02_B06_e02,20260331_b9d2_18hpf_plate02_B06,1,train
20230602_B07_e02,20230602_B07,71,train
20250624_chem02_34C_T00_1243_D02_e01,20250624_chem02_34C_T00_1243_D02,1,train
20250623_chem_34C_T02_1231_G01_e01,20250623_chem_34C_T02_1231_G01,1,train
20230615_C01_e01,20230615_C01,50,train
20250612_30hpf_ctrl_atf6_D02_e01,20250612_30hpf_ctrl_atf6_D02,1,train
20231110_H05_e01,20231110_H05,64,train
20260415_cep290_18hpf_plate03_F08_e01,20260415_cep290_18hpf_plate03_F08,1,train
20230627_E05_e01,20230627_E05,45,train
20250622_chem_28C_T00_1425_D01_e01,20250622_chem_28C_T00_1425_D01,1,train
20260324_cep290_24hpf_plate02_F02_e02,20260324_cep290_24hpf_plate02_F02,1,train
20250126_E01_e01,20250126_E01,71,train
20260122_A10_e01,20260122_A10,104,train
20250612_36hpf_ctrl_atf6_A01_e01,20250612_36hpf_ctrl_atf6_A01,1,train
20240411_G07_e01,20240411_G07,48,train
20260210_E10_e01,20260210_E10,161,train
20260324_cep290_24hpf_plate01_A02_e01,20260324_cep290_24hpf_plate01_A02,1,train
20250215_F07_e01,20250215_F07,78,train
20240404_B02_e01,20240404_B02,35,train
20260122_A02_e02,20260122_A02,104,train
20260702_hotchem_24hpf_plate02_C04_e01,20260702_hotchem_24hpf_plate02_C04,1,train
20240626_H08_e01,20240626_H08,112,train
20240418_G12_e02,20240418_G12,46,train
20251205_A10_e01,20251205_A10,115,train
20230613_F02_e01,20230613_F02,65,train
20251212_E12_e01,20251212_E12,115,train
20260319_F01_e01,20260319_F01,105,train
20251017_part1_H02_e01,20251017_part1_H02,65,train
20260304_G01_e01,20260304_G01,192,train
20230620_C12_e01,20230620_C12,88,train
20260206_F10_e01,20260206_F10,150,train
20250215_C05_e01,20250215_C05,78,train
20260415_b9d2_30to48hpf_plate02_t02_E08_e02,20260415_b9d2_30to48hpf_plate02_t02_E08,1,train
20240724_E04_e01,20240724_E04,1,train
20260724_hotfish_24hpf_plate01_G12_e01,20260724_hotfish_24hpf_plate01_G12,1,train
20260331_b9d2_18hpf_plate02_H06_e01,20260331_b9d2_18hpf_plate02_H06,1,train
20260122_H05_e01,20260122_H05,104,train
20260702_hotchem_30hpf_plate01_F01_e01,20260702_hotchem_30hpf_plate01_F01,1,train
20260724_hotfish_24hpf_plate01_H02_e01,20260724_hotfish_24hpf_plate01_H02,1,train
20260702_hotchem_30hpf_plate02_H02_e01,20260702_hotchem_30hpf_plate02_H02,1,train
20260319_cilia_crispant_24hpf_G03_e01,20260319_cilia_crispant_24hpf_G03,1,train
20260415_b9d2_30to48hpf_plate01_t02_E05_e01,20260415_b9d2_30to48hpf_plate01_t02_E05,1,train
20250622_chem_35C_T00_1223_check_A10_e01,20250622_chem_35C_T00_1223_check_A10,1,train
20251017_part1_D02_e01,20251017_part1_D02,65,train
20240307_F02_e02,20240307_F02,44,train
20240404_D01_e01,20240404_D01,35,train
20250215_B11_e01,20250215_B11,78,train
20260324_cep290_24hpf_plate02_F03_e01,20260324_cep290_24hpf_plate02_F03,1,train
20250721_chem5_28C_T01_1401_E10_e01,20250721_chem5_28C_T01_1401_E10,1,train
20260324_cep290_30hpf_plate02_B04_e01,20260324_cep290_30hpf_plate02_B04,1,train
20231110_E10_e01,20231110_E10,64,train
20250721_chem5_28C_T01_1401_B05_e01,20250721_chem5_28C_T01_1401_B05,1,train
20260414_b9d2_30hpf_plate01_A01_e01,20260414_b9d2_30hpf_plate01_A01,1,train
20251017_part2_B05_e01,20251017_part2_B05,63,train
20260304_D11_e02,20260304_D11,192,train
20260319_cilia_crispant_18hpf_F10_e01,20260319_cilia_crispant_18hpf_F10,1,train
20250501_B01_e02,20250501_B01,139,train
20250305_G04_e01,20250305_G04,340,train
20251017_part2_B11_e01,20251017_part2_B11,63,train
20260702_hotchem_24hpf_plate01_C02_e01,20260702_hotchem_24hpf_plate01_C02,1,train
20240717_E05_e01,20240717_E05,1,train
20250215_G11_e01,20250215_G11,78,train
20250624_chem02_34C_T00_1243_C03_e01,20250624_chem02_34C_T00_1243_C03,1,train
20260219_C11_e01,20260219_C11,177,train
20260213_G01_e01,20260213_G01,139,train
20240626_B11_e01,20240626_B11,112,train
20250612_24hpf_wfs1_ctcf_A02_e01,20250612_24hpf_wfs1_ctcf_A02,1,train
20260702_hotchem_36hpf_plate02_C06_e01,20260702_hotchem_36hpf_plate02_C06,1,train
20260331_b9d2_18hpf_plate02_C08_e01,20260331_b9d2_18hpf_plate02_C08,1,train
20260414_b9d2_14hpf_plate01_H02_e02,20260414_b9d2_14hpf_plate01_H02,1,train
20250624_chem02_35C_T00_1216_F07_e01,20250624_chem02_35C_T00_1216_F07,1,train
20250612_30hpf_wfs1_ctcf_F03_e01,20250612_30hpf_wfs1_ctcf_F03,1,train
20250622_chem_34C_T00_1256_A04_e01,20250622_chem_34C_T00_1256_A04,1,train
20260702_hotchem_30hpf_plate02_E06_e02,20260702_hotchem_30hpf_plate02_E06,1,train
20260319_cilia_crispant_18hpf_G02_e01,20260319_cilia_crispant_18hpf_G02,1,train
20240812_G11_e01,20240812_G11,75,train
20250623_chem_34C_T02_1231_D10_e01,20250623_chem_34C_T02_1231_D10,1,train
20250716_chem4_35C_T00_1045_G03_e01,20250716_chem4_35C_T00_1045_G03,1,train
20250716_chem4_28C_T01_1400_E11_e01,20250716_chem4_28C_T01_1400_E11,1,train
20240813_24hpf_D04_e01,20240813_24hpf_D04,1,train
20251212_E01_e01,20251212_E01,115,train
20260219_A10_e01,20260219_A10,177,train
20250703_chem3_35C_T01_1437_H06_e01,20250703_chem3_35C_T01_1437_H06,1,train
20260304_H04_e02,20260304_H04,192,train
20260324_cep290_24hpf_plate01_H04_e01,20260324_cep290_24hpf_plate01_H04,1,train
20260702_hotchem_36hpf_plate02_E09_e01,20260702_hotchem_36hpf_plate02_E09,1,train
20260418_irx_pilot_G09_e05,20260418_irx_pilot_G09,78,train
20250624_chem02_34C_T00_1243_G01_e01,20250624_chem02_34C_T00_1243_G01,1,train
20260206_B10_e01,20260206_B10,150,train
20251205_C11_e01,20251205_C11,115,train
20260213_H02_e01,20260213_H02,139,train
20260208_D06_e01,20260208_D06,321,train
20260702_hotchem_36hpf_plate02_B09_e01,20260702_hotchem_36hpf_plate02_B09,1,train
20231110_F08_e02,20231110_F08,64,train
20250721_chem5_35C_T00_1023_E03_e01,20250721_chem5_35C_T00_1023_E03,1,train
20251020_B08_e01,20251020_B08,57,train
20240306_F10_e01,20240306_F10,131,train
20250624_chem02_34C_T01_1739_C11_e01,20250624_chem02_34C_T01_1739_C11,1,train
20250612_36hpf_wfs1_ctcf_E10_e01,20250612_36hpf_wfs1_ctcf_E10,1,train
20260304_F05_e01,20260304_F05,192,train
20260219_E02_e03,20260219_E02,177,train
20240812_H12_e01,20240812_H12,75,train
20260418_irx_pilot_G06_e01,20260418_irx_pilot_G06,78,train
20250612_30hpf_wfs1_ctcf_H09_e01,20250612_30hpf_wfs1_ctcf_H09,1,train
20260122_F07_e02,20260122_F07,104,train
20250612_30hpf_ctrl_atf6_G05_e01,20250612_30hpf_ctrl_atf6_G05,1,train
20250624_chem02_28C_T00_1356_C07_e01,20250624_chem02_28C_T00_1356_C07,1,train
20250624_chem02_28C_T01_1808_F10_e02,20250624_chem02_28C_T01_1808_F10,1,train
20250612_24hpf_ctrl_atf6_C12_e01,20250612_24hpf_ctrl_atf6_C12,1,train
20251125_H06_e01,20251125_H06,231,train
20260702_hotchem_36hpf_plate01_E08_e01,20260702_hotchem_36hpf_plate01_E08,1,train
20260415_b9d2_30to48hpf_plate02_t02_F08_e02,20260415_b9d2_30to48hpf_plate02_t02_F08,1,train
20240522_G09_e01,20240522_G09,95,train
20260702_hotchem_30hpf_plate01_G06_e01,20260702_hotchem_30hpf_plate01_G06,1,train
20241022_G02_e01,20241022_G02,37,train
20231110_G11_e04,20231110_G11,64,train
20240307_H06_e01,20240307_H06,44,train
20251112_B02_e04,20251112_B02,49,train
20260331_b9d2_18hpf_plate02_D07_e01,20260331_b9d2_18hpf_plate02_D07,1,train
20230620_D08_e01,20230620_D08,88,train
20250612_36hpf_ctrl_atf6_H11_e01,20250612_36hpf_ctrl_atf6_H11,1,train
20240530_C09_e01,20240530_C09,81,train
20260724_hotfish_30hpf_plate02_B02_e01,20260724_hotfish_30hpf_plate02_B02,1,train
20260331_b9d2_18hpf_plate02_E02_e01,20260331_b9d2_18hpf_plate02_E02,1,train
20251112_D05_e02,20251112_D05,6,train
20250624_chem02_34C_T00_1243_H08_e01,20250624_chem02_34C_T00_1243_H08,1,train
20231206_A09_e03,20231206_A09,59,train
20240530_E09_e01,20240530_E09,81,train
20260418_irx_pilot_F01_e02,20260418_irx_pilot_F01,78,train
20240307_A03_e01,20240307_A03,44,train
20240418_G10_e02,20240418_G10,46,train
20250716_chem4_28C_T00_1158_E05_e01,20250716_chem4_28C_T00_1158_E05,1,train
20260304_D09_e02,20260304_D09,192,train
20240530_G04_e02,20240530_G04,81,train
20251020_G10_e01,20251020_G10,57,train
20260416_cep290_30to48hpf_plate02_t02_C03_e01,20260416_cep290_30to48hpf_plate02_t02_C03,1,train
20250126_F06_e01,20250126_F06,71,train
20250612_36hpf_ctrl_atf6_E06_e01,20250612_36hpf_ctrl_atf6_E06,1,train
20260306_H04_e01,20260306_H04,186,train
20260702_hotchem_30hpf_plate02_B01_e01,20260702_hotchem_30hpf_plate02_B01,1,train
20250625_chem02_28C_T02_1332_G05_e01,20250625_chem02_28C_T02_1332_G05,1,train
20230622_C07_e01,20230622_C07,43,train
20240509_24hpf_F04_e01,20240509_24hpf_F04,1,train
20250215_C01_e01,20250215_C01,78,train
20240813_36hpf_H06_e02,20240813_36hpf_H06,1,train
20250512_D02_e01,20250512_D02,195,train
20250305_G04_e02,20250305_G04,340,train
20251125_F06_e01,20251125_F06,231,train
20260202_C09_e02,20260202_C09,71,train
20250519_G03_e01,20250519_G03,51,train
20260219_A04_e01,20260219_A04,177,train
20260724_hotfish_36hpf_plate02_H06_e01,20260724_hotfish_36hpf_plate02_H06,1,train
20250612_30hpf_wfs1_ctcf_G07_e01,20250612_30hpf_wfs1_ctcf_G07,1,train
20260414_b9d2_14hpf_plate01_F06_e01,20260414_b9d2_14hpf_plate01_F06,1,train
20240307_H10_e01,20240307_H10,44,train
20250415_E10_e01,20250415_E10,39,train
20241023_A09_e01,20241023_A09,43,train
20250612_36hpf_wfs1_ctcf_B07_e01,20250612_36hpf_wfs1_ctcf_B07,1,train
20250126_F01_e01,20250126_F01,71,train
20260324_cep290_24hpf_plate01_G03_e01,20260324_cep290_24hpf_plate01_G03,1,train
20250215_E08_e01,20250215_E08,78,train
20241022_D02_e01,20241022_D02,37,train
20240411_H07_e01,20240411_H07,48,train
20250624_chem02_34C_T01_1739_G05_e01,20250624_chem02_34C_T01_1739_G05,1,train
20251017_part2_F01_e02,20251017_part2_F01,63,train
20250612_36hpf_wfs1_ctcf_E07_e01,20250612_36hpf_wfs1_ctcf_E07,1,train
20240522_C07_e01,20240522_C07,95,train
20240718_G04_e01,20240718_G04,1,train
20250716_chem4_28C_T01_1400_G01_e01,20250716_chem4_28C_T01_1400_G01,1,train
20240717_A05_e03,20240717_A05,1,train
20250612_24hpf_ctrl_atf6_B09_e01,20250612_24hpf_ctrl_atf6_B09,1,train
20250622_chem_34C_T00_1256_D05_e01,20250622_chem_34C_T00_1256_D05,1,train
20260724_hotfish_30hpf_plate02_D06_e01,20260724_hotfish_30hpf_plate02_D06,1,train
20260417_irx_pilot_B06_e01,20260417_irx_pilot_B06,27,train
20250624_chem02_34C_T00_1243_F02_e01,20250624_chem02_34C_T00_1243_F02,1,train
20260213_B12_e01,20260213_B12,139,train
20260324_cep290_30hpf_plate01_E07_e01,20260324_cep290_30hpf_plate01_E07,1,train
20231206_B03_e01,20231206_B03,59,train
20250622_chem_34C_T01_1632_F04_e02,20250622_chem_34C_T01_1632_F04,1,train
20260416_cep290_30to48hpf_plate01_t02_D09_e01,20260416_cep290_30to48hpf_plate01_t02_D09,1,train
20260213_C11_e01,20260213_C11,139,train
20260324_cep290_24hpf_plate01_F05_e01,20260324_cep290_24hpf_plate01_F05,1,train
20250612_24hpf_ctrl_atf6_B04_e01,20250612_24hpf_ctrl_atf6_B04,1,train
20250415_C09_e01,20250415_C09,39,train
20250612_30hpf_ctrl_atf6_F02_e01,20250612_30hpf_ctrl_atf6_F02,1,train
20250622_chem_35C_T01_1605_B01_e01,20250622_chem_35C_T01_1605_B01,1,train
20230613_E02_e01,20230613_E02,66,train
20260414_b9d2_30hpf_plate01_G10_e01,20260414_b9d2_30hpf_plate01_G10,1,train
20260702_hotchem_36hpf_plate01_G09_e01,20260702_hotchem_36hpf_plate01_G09,1,train
20250912_G06_e01,20250912_G06,113,train
20240626_D10_e01,20240626_D10,112,train
20230613_E04_e01,20230613_E04,66,train
20260702_hotchem_30hpf_plate02_G07_e01,20260702_hotchem_30hpf_plate02_G07,1,train
20250501_H07_e02,20250501_H07,176,train
20240418_E12_e02,20240418_E12,46,train
20250612_24hpf_wfs1_ctcf_E07_e01,20250612_24hpf_wfs1_ctcf_E07,1,train
20260319_cilia_crispant_30hpf_D01_e01,20260319_cilia_crispant_30hpf_D01,1,train
20251119_C04_e01,20251119_C04,348,train
20260417_irx_pilot_B08_e02,20260417_irx_pilot_B08,27,train
20251017_part2_B10_e01,20251017_part2_B10,63,train
20231218_E01_e02,20231218_E01,34,train
20260304_E05_e03,20260304_E05,192,train
20240510_A05_e01,20240510_A05,1,train
20250624_chem02_28C_T00_1356_F06_e02,20250624_chem02_28C_T00_1356_F06,1,train
20250716_chem4_28C_T01_1400_B09_e02,20250716_chem4_28C_T01_1400_B09,1,train
20240418_A06_e01,20240418_A06,46,train
20250912_H02_e01,20250912_H02,113,train
20250622_chem_28C_T01_1658_G05_e01,20250622_chem_28C_T01_1658_G05,1,train
20251017_part2_E10_e01,20251017_part2_E10,63,train
20260319_cilia_crispant_30hpf_G11_e01,20260319_cilia_crispant_30hpf_G11,1,train
20260414_b9d2_30hpf_plate01_F05_e01,20260414_b9d2_30hpf_plate01_F05,1,train
20240718_F01_e01,20240718_F01,1,train
20250721_chem5_35C_T00_1023_A06_e01,20250721_chem5_35C_T00_1023_A06,1,train
20260319_E06_e04,20260319_E06,105,train
20251017_part1_C02_e01,20251017_part1_C02,65,train
20260228_H11_e01,20260228_H11,151,train
20260724_hotfish_24hpf_plate02_G06_e01,20260724_hotfish_24hpf_plate02_G06,1,train
20250721_chem5_35C_T00_1023_D07_e01,20250721_chem5_35C_T00_1023_D07,1,train
20231218_B03_e01,20231218_B03,34,train
20260702_hotchem_36hpf_plate02_G11_e01,20260702_hotchem_36hpf_plate02_G11,1,train
20230622_C05_e01,20230622_C05,43,train
20251125_A09_e01,20251125_A09,231,train
20260415_cep290_18hpf_plate03_F08_e02,20260415_cep290_18hpf_plate03_F08,1,train
20250515_part2_E08_e01,20250515_part2_E08,27,train
20260202_H12_e01,20260202_H12,71,train
20251121_A08_e01,20251121_A08,173,train
20240530_C12_e02,20240530_C12,81,train
20250515_part2_H01_e03,20250515_part2_H01,27,train
20250622_chem_35C_T00_1223_check_D10_e01,20250622_chem_35C_T00_1223_check_D10,1,train
20260702_hotchem_36hpf_plate01_A04_e01,20260702_hotchem_36hpf_plate01_A04,1,train
20260724_hotfish_30hpf_plate01_B10_e01,20260724_hotfish_30hpf_plate01_B10,1,train
20250912_G01_e02,20250912_G01,113,train
20250624_chem02_35C_T00_1216_C10_e01,20250624_chem02_35C_T00_1216_C10,1,train
20240530_D06_e01,20240530_D06,81,train
20240509_18ss_B01_e01,20240509_18ss_B01,1,train
20260415_cep290_30to48hpf_plate02_t01_C10_e02,20260415_cep290_30to48hpf_plate02_t01_C10,1,train
20240717_C05_e01,20240717_C05,1,train
20250625_chem02_28C_T02_1332_A06_e01,20250625_chem02_28C_T02_1332_A06,1,train
20260702_hotchem_24hpf_plate01_C07_e01,20260702_hotchem_24hpf_plate01_C07,1,train
20260702_hotchem_36hpf_plate02_E01_e01,20260702_hotchem_36hpf_plate02_E01,1,train
20260702_hotchem_24hpf_plate02_F05_e01,20260702_hotchem_24hpf_plate02_F05,1,train
20240418_E09_e03,20240418_E09,46,train
20251212_B12_e02,20251212_B12,115,train
20230613_D11_e01,20230613_D11,66,train
20260724_hotfish_24hpf_plate01_H04_e01,20260724_hotfish_24hpf_plate01_H04,1,train
20260724_hotfish_30hpf_plate02_H05_e01,20260724_hotfish_30hpf_plate02_H05,1,train
20260702_hotchem_24hpf_plate02_D12_e01,20260702_hotchem_24hpf_plate02_D12,1,train
20260417_irx_pilot_F10_e02,20260417_irx_pilot_F10,27,train
20250612_24hpf_wfs1_ctcf_B12_e01,20250612_24hpf_wfs1_ctcf_B12,1,train
20231110_C11_e01,20231110_C11,64,train
20260417_irx_pilot_A09_e01,20260417_irx_pilot_A09,27,train
20260202_E03_e03,20260202_E03,71,train
20260219_H11_e02,20260219_H11,177,train
20250515_part2_B02_e01,20250515_part2_B02,27,train
20260415_cep290_30to48hpf_plate02_t01_A07_e01,20260415_cep290_30to48hpf_plate02_t01_A07,1,train
20231110_C10_e01,20231110_C10,64,train
20260724_hotfish_24hpf_plate01_C06_e01,20260724_hotfish_24hpf_plate01_C06,1,train
20251212_H11_e01,20251212_H11,115,train
20250625_chem02_34C_T02_1301_F01_e01,20250625_chem02_34C_T02_1301_F01,1,train
20251212_D09_e01,20251212_D09,115,train
20251112_H02_e02,20251112_H02,22,train
20250703_chem3_35C_T00_1101_D07_e01,20250703_chem3_35C_T00_1101_D07,1,train
20260417_irx_pilot_B06_e02,20260417_irx_pilot_B06,27,train
20251112_D11_e01,20251112_D11,49,train
20250215_A11_e01,20250215_A11,78,train
20230613_D09_e01,20230613_D09,66,train
20241023_D11_e01,20241023_D11,43,train
20250501_G11_e02,20250501_G11,176,train
20241023_H12_e01,20241023_H12,43,train
20251020_G12_e01,20251020_G12,57,train
20251205_G03_e01,20251205_G03,115,train
20251207_pbx_D11_e01,20251207_pbx_D11,132,train
20240522_D03_e01,20240522_D03,95,train
20260414_b9d2_14hpf_plate01_F07_e02,20260414_b9d2_14hpf_plate01_F07,1,train
20240509_18ss_D03_e01,20240509_18ss_D03,1,train
20260331_b9d2_18hpf_plate02_G04_e02,20260331_b9d2_18hpf_plate02_G04,1,train
20260319_cilia_crispant_30hpf_B08_e01,20260319_cilia_crispant_30hpf_B08,1,train
20240411_E12_e01,20240411_E12,48,train
20250624_chem02_35C_T00_1216_F10_e01,20250624_chem02_35C_T00_1216_F10,1,train
20250624_chem02_28C_T00_1356_B08_e02,20250624_chem02_28C_T00_1356_B08,1,train
20260702_hotchem_24hpf_plate01_E03_e01,20260702_hotchem_24hpf_plate01_E03,1,train
20250622_chem_28C_T01_1658_F06_e01,20250622_chem_28C_T01_1658_F06,1,train
20260702_hotchem_30hpf_plate01_B08_e01,20260702_hotchem_30hpf_plate01_B08,1,train
20250625_chem02_35C_T02_1228_B10_e02,20250625_chem02_35C_T02_1228_B10,1,train
20250305_A01_e01,20250305_A01,340,train
20250515_part2_G05_e01,20250515_part2_G05,27,train
20230615_B02_e01,20230615_B02,40,train
20241022_E09_e01,20241022_E09,37,train
20260414_b9d2_14hpf_plate01_C11_e01,20260414_b9d2_14hpf_plate01_C11,1,train
20250721_chem5_28C_T01_1401_E05_e02,20250721_chem5_28C_T01_1401_E05,1,train
20260202_A03_e01,20260202_A03,71,train
20231110_D10_e01,20231110_D10,64,train
20260418_irx_pilot_A09_e01,20260418_irx_pilot_A09,78,train
20240726_A07_e01,20240726_A07,1,train
20230629_F03_e01,20230629_F03,41,train
20240724_G02_e01,20240724_G02,1,train
20260319_cilia_crispant_30hpf_H07_e01,20260319_cilia_crispant_30hpf_H07,1,train
20260724_hotfish_36hpf_plate01_A11_e01,20260724_hotfish_36hpf_plate01_A11,1,train
20260724_hotfish_30hpf_plate01_E07_e01,20260724_hotfish_30hpf_plate01_E07,1,train
20260702_hotchem_36hpf_plate02_A10_e01,20260702_hotchem_36hpf_plate02_A10,1,train
20251112_B12_e03,20251112_B12,11,train
20260702_hotchem_36hpf_plate01_A08_e01,20260702_hotchem_36hpf_plate01_A08,1,train
20251207_pbx_B01_e01,20251207_pbx_B01,132,train
20250622_chem_28C_T01_1658_D04_e01,20250622_chem_28C_T01_1658_D04,1,train
20260219_B11_e01,20260219_B11,177,train
20260319_cilia_crispant_24hpf_F05_e01,20260319_cilia_crispant_24hpf_F05,1,train
20231218_F05_e01,20231218_F05,34,train
20260414_b9d2_14hpf_plate01_G04_e01,20260414_b9d2_14hpf_plate01_G04,1,train
20230615_F11_e01,20230615_F11,50,train
20250512_E10_e01,20250512_E10,195,train
20230620_B02_e01,20230620_B02,89,train
20260213_D01_e04,20260213_D01,125,train
20260319_cilia_crispant_30hpf_F05_e01,20260319_cilia_crispant_30hpf_F05,1,train
20260724_hotfish_36hpf_plate02_F06_e01,20260724_hotfish_36hpf_plate02_F06,1,train
20260418_irx_pilot_G07_e01,20260418_irx_pilot_G07,78,train
20260324_cep290_30hpf_plate02_H04_e01,20260324_cep290_30hpf_plate02_H04,1,train
20260208_E01_e01,20260208_E01,321,train
20250711_C11_e01,20250711_C11,179,train
20260702_hotchem_36hpf_plate02_D09_e01,20260702_hotchem_36hpf_plate02_D09,1,train
20260417_irx_pilot_D06_e01,20260417_irx_pilot_D06,27,train
20250721_chem5_35C_T00_1023_C02_e01,20250721_chem5_35C_T00_1023_C02,1,train
20251020_G11_e01,20251020_G11,57,train
20240717_B07_e01,20240717_B07,1,train
20250703_chem3_34C_T00_1131_F03_e01,20250703_chem3_34C_T00_1131_F03,1,train
20250716_chem4_28C_T01_1400_D01_e01,20250716_chem4_28C_T01_1400_D01,1,train
20240626_D02_e01,20240626_D02,112,train
20230602_B06_e01,20230602_B06,98,train
20260414_b9d2_30hpf_plate01_G01_e01,20260414_b9d2_30hpf_plate01_G01,1,train
20250703_chem3_34C_T01_1457_H01_e01,20250703_chem3_34C_T01_1457_H01,1,train
20260319_cilia_crispant_24hpf_E05_e01,20260319_cilia_crispant_24hpf_E05,1,train
20260122_E11_e02,20260122_E11,104,train
20240813_36hpf_F07_e01,20240813_36hpf_F07,1,train
20250215_H06_e01,20250215_H06,78,train
20260724_hotfish_36hpf_plate02_A07_e01,20260724_hotfish_36hpf_plate02_A07,1,train
20250612_36hpf_wfs1_ctcf_G02_e01,20250612_36hpf_wfs1_ctcf_G02,1,train
20250612_36hpf_wfs1_ctcf_D03_e01,20250612_36hpf_wfs1_ctcf_D03,1,train
20260418_irx_pilot_C01_e01,20260418_irx_pilot_C01,78,train
20250622_chem_35C_T01_1605_F02_e01,20250622_chem_35C_T01_1605_F02,1,train
20260414_b9d2_30hpf_plate01_E03_e01,20260414_b9d2_30hpf_plate01_E03,1,train
20260331_b9d2_18hpf_plate02_F06_e02,20260331_b9d2_18hpf_plate02_F06,1,train
20251112_G01_e03,20251112_G01,6,train
20250519_A06_e01,20250519_A06,51,train
20260724_hotfish_36hpf_plate02_H01_e01,20260724_hotfish_36hpf_plate02_H01,1,train
20260724_hotfish_24hpf_plate01_G07_e01,20260724_hotfish_24hpf_plate01_G07,1,train
20260319_cilia_crispant_18hpf_C01_e01,20260319_cilia_crispant_18hpf_C01,1,train
20250305_F03_e01,20250305_F03,340,train
20260702_hotchem_24hpf_plate02_C02_e01,20260702_hotchem_24hpf_plate02_C02,1,train
20251207_pbx_F08_e02,20251207_pbx_F08,132,train
20260702_hotchem_24hpf_plate01_H04_e01,20260702_hotchem_24hpf_plate01_H04,1,train
20250624_chem02_35C_T01_1711_A08_e01,20250624_chem02_35C_T01_1711_A08,1,train
20240404_H09_e01,20240404_H09,35,train
20260417_irx_pilot_E10_e01,20260417_irx_pilot_E10,27,train
20260210_G02_e01,20260210_G02,161,train
20260228_E10_e01,20260228_E10,151,train
20260415_b9d2_30to48hpf_plate01_t02_F12_e02,20260415_b9d2_30to48hpf_plate01_t02_F12,1,train
20260416_cep290_30to48hpf_plate01_t02_H01_e01,20260416_cep290_30to48hpf_plate01_t02_H01,1,train
20250624_chem02_35C_T01_1711_A05_e01,20250624_chem02_35C_T01_1711_A05,1,train
20231218_B05_e02,20231218_B05,34,train
20260416_cep290_30to48hpf_plate01_t02_A07_e01,20260416_cep290_30to48hpf_plate01_t02_A07,1,train
20230602_A10_e02,20230602_A10,98,train
20250612_36hpf_ctrl_atf6_F01_e01,20250612_36hpf_ctrl_atf6_F01,1,train
20260417_irx_pilot_B02_e01,20260417_irx_pilot_B02,27,train
20260702_hotchem_24hpf_plate02_A05_e02,20260702_hotchem_24hpf_plate02_A05,1,train
20250721_chem5_35C_T00_1023_A10_e01,20250721_chem5_35C_T00_1023_A10,1,train
20260702_hotchem_24hpf_plate02_A06_e02,20260702_hotchem_24hpf_plate02_A06,1,train
20251121_E04_e01,20251121_E04,17,train
20251125_G12_e01,20251125_G12,231,train
20260415_b9d2_30to48hpf_plate02_t02_G02_e01,20260415_b9d2_30to48hpf_plate02_t02_G02,1,train
20260202_G07_e02,20260202_G07,71,train
20260702_hotchem_36hpf_plate01_A10_e01,20260702_hotchem_36hpf_plate01_A10,1,train
20260319_cilia_crispant_24hpf_E11_e01,20260319_cilia_crispant_24hpf_E11,1,train
20240306_D09_e01,20240306_D09,132,train
20250612_36hpf_ctrl_atf6_H11_e02,20250612_36hpf_ctrl_atf6_H11,1,train
20260702_hotchem_30hpf_plate01_D07_e02,20260702_hotchem_30hpf_plate01_D07,1,train
20240530_D03_e01,20240530_D03,81,train
20260417_irx_pilot_H09_e01,20260417_irx_pilot_H09,27,train
20250624_chem02_34C_T01_1739_A01_e01,20250624_chem02_34C_T01_1739_A01,1,train
20260319_cilia_crispant_18hpf_F02_e01,20260319_cilia_crispant_18hpf_F02,1,train
20260213_G05_e03,20260213_G05,139,train
20260418_irx_pilot_F11_e02,20260418_irx_pilot_F11,78,train
20230627_D10_e02,20230627_D10,45,train
20230602_G06_e01,20230602_G06,97,train
20250624_chem02_34C_T01_1739_C01_e01,20250624_chem02_34C_T01_1739_C01,1,train
20240530_H03_e02,20240530_H03,81,train
20260324_cep290_24hpf_plate01_C11_e01,20260324_cep290_24hpf_plate01_C11,1,train
20251121_A04_e01,20251121_A04,173,train
20240411_D07_e01,20240411_D07,48,train
20260414_b9d2_30hpf_plate02_G08_e01,20260414_b9d2_30hpf_plate02_G08,1,train
20250623_chem_28C_T02_1259_G04_e01,20250623_chem_28C_T02_1259_G04,1,train
20260206_B06_e01,20260206_B06,150,train
20260202_G04_e03,20260202_G04,71,train
20250703_chem3_35C_T01_1437_B07_e01,20250703_chem3_35C_T01_1437_B07,1,train
20240306_A04_e03,20240306_A04,42,train
20231110_E07_e01,20231110_E07,64,train
20250612_24hpf_ctrl_atf6_F10_e01,20250612_24hpf_ctrl_atf6_F10,1,train
20260415_cep290_30to48hpf_plate02_t01_B05_e01,20260415_cep290_30to48hpf_plate02_t01_B05,1,train
20251207_pbx_E02_e01,20251207_pbx_E02,132,train
20251119_F05_e01,20251119_F05,348,train
20260304_B08_e02,20260304_B08,192,train
20260324_cep290_24hpf_plate02_C02_e01,20260324_cep290_24hpf_plate02_C02,1,train
20251017_part2_A02_e01,20251017_part2_A02,63,train
20250624_chem02_35C_T01_1711_B01_e01,20250624_chem02_35C_T01_1711_B01,1,train
20240509_18ss_H01_e01,20240509_18ss_H01,1,train
20250624_chem02_28C_T01_1808_H11_e01,20250624_chem02_28C_T01_1808_H11,1,train
20260306_C04_e01,20260306_C04,186,train
20260319_cilia_crispant_24hpf_H11_e01,20260319_cilia_crispant_24hpf_H11,1,train
20250721_chem5_35C_T00_1023_F09_e01,20250721_chem5_35C_T00_1023_F09,1,train
20250625_chem02_28C_T02_1332_A08_e01,20250625_chem02_28C_T02_1332_A08,1,train
20260319_cilia_crispant_24hpf_C12_e01,20260319_cilia_crispant_24hpf_C12,1,train
20250622_chem_35C_T01_1605_G01_e01,20250622_chem_35C_T01_1605_G01,1,train
20250623_chem_28C_T02_1259_B02_e01,20250623_chem_28C_T02_1259_B02,1,train
20230629_E08_e01,20230629_E08,41,train
20260724_hotfish_36hpf_plate01_G11_e01,20260724_hotfish_36hpf_plate01_G11,1,train
20231218_H08_e01,20231218_H08,34,train
20251121_D12_e01,20251121_D12,173,train
20250415_A01_e02,20250415_A01,39,train
20260213_B07_e01,20260213_B07,139,train
20251112_D03_e01,20251112_D03,49,train
20250703_chem3_28C_T00_1325_G02_e01,20250703_chem3_28C_T00_1325_G02,1,train
20240530_G09_e02,20240530_G09,81,train
20250612_30hpf_ctrl_atf6_A03_e01,20250612_30hpf_ctrl_atf6_A03,1,train
20260213_C04_e02,20260213_C04,139,train
20260702_hotchem_36hpf_plate01_H06_e01,20260702_hotchem_36hpf_plate01_H06,1,train
20240813_30hpf_H03_e02,20240813_30hpf_H03,1,train
20240813_24hpf_D05_e01,20240813_24hpf_D05,1,train
20250703_chem3_28C_T00_1325_H06_e01,20250703_chem3_28C_T00_1325_H06,1,train
20231218_A01_e01,20231218_A01,34,train
20260724_hotfish_36hpf_plate01_H08_e01,20260724_hotfish_36hpf_plate01_H08,1,train
20260415_cep290_18hpf_plate03_H04_e01,20260415_cep290_18hpf_plate03_H04,1,train
20240418_F09_e01,20240418_F09,46,train
20250721_chem5_35C_T00_1023_G09_e01,20250721_chem5_35C_T00_1023_G09,1,train
20260324_cep290_24hpf_plate01_D03_e01,20260324_cep290_24hpf_plate01_D03,1,train
20250612_24hpf_ctrl_atf6_F04_e01,20250612_24hpf_ctrl_atf6_F04,1,train
20230622_D11_e01,20230622_D11,43,train
20260415_b9d2_30to48hpf_plate01_t02_G03_e01,20260415_b9d2_30to48hpf_plate01_t02_G03,1,train
20230615_E04_e01,20230615_E04,50,train
20250622_chem_28C_T00_1425_F04_e01,20250622_chem_28C_T00_1425_F04,1,train
20250515_part2_C09_e01,20250515_part2_C09,27,train
20260702_hotchem_36hpf_plate02_A07_e01,20260702_hotchem_36hpf_plate02_A07,1,train
20250624_chem02_34C_T01_1739_F06_e01,20250624_chem02_34C_T01_1739_F06,1,train
20260702_hotchem_30hpf_plate01_E02_e02,20260702_hotchem_30hpf_plate01_E02,1,train
20250716_chem4_28C_T00_1158_F01_e01,20250716_chem4_28C_T00_1158_F01,1,train
20260213_F01_e02,20260213_F01,139,train
20251125_D08_e01,20251125_D08,231,train
20260414_b9d2_30hpf_plate02_H03_e01,20260414_b9d2_30hpf_plate02_H03,1,train
20250625_chem02_34C_T02_1301_D05_e01,20250625_chem02_34C_T02_1301_D05,1,train
20250703_chem3_35C_T01_1437_G03_e01,20250703_chem3_35C_T01_1437_G03,1,train
20240522_B09_e02,20240522_B09,95,train
20251121_F06_e02,20251121_F06,173,train
20250612_36hpf_ctrl_atf6_C01_e01,20250612_36hpf_ctrl_atf6_C01,1,train
20250215_D06_e01,20250215_D06,78,train
20250625_chem02_28C_T02_1332_A12_e01,20250625_chem02_28C_T02_1332_A12,1,train
20260324_cep290_24hpf_plate01_H07_e01,20260324_cep290_24hpf_plate01_H07,1,train
20250612_30hpf_wfs1_ctcf_E04_e01,20250612_30hpf_wfs1_ctcf_E04,1,train
20260415_b9d2_30to48hpf_plate01_t02_A03_e01,20260415_b9d2_30to48hpf_plate01_t02_A03,1,train
20230602_C09_e01,20230602_C09,98,train
20260206_A10_e01,20260206_A10,150,train
20240530_E02_e01,20240530_E02,81,train
20251112_F08_e01,20251112_F08,49,train
20240522_G10_e01,20240522_G10,95,train
20260319_cilia_crispant_18hpf_D12_e01,20260319_cilia_crispant_18hpf_D12,1,train
20250415_G06_e01,20250415_G06,39,train
20250515_part2_C07_e02,20250515_part2_C07,27,train
20250519_D06_e01,20250519_D06,51,train
20260319_cilia_crispant_30hpf_E07_e01,20260319_cilia_crispant_30hpf_E07,1,train
20260319_A01_e01,20260319_A01,105,train
20250215_G08_e01,20250215_G08,78,train
20240418_B04_e01,20240418_B04,46,train
20260213_B11_e03,20260213_B11,131,train
20260202_E04_e01,20260202_E04,71,train
20260319_cilia_crispant_30hpf_H04_e01,20260319_cilia_crispant_30hpf_H04,1,train
20250716_chem4_34C_T00_1014_D10_e02,20250716_chem4_34C_T00_1014_D10,1,train
20260208_E07_e02,20260208_E07,321,train
20251112_E06_e01,20251112_E06,49,train
20240411_B05_e01,20240411_B05,48,train
20240813_30hpf_F07_e01,20240813_30hpf_F07,1,train
20250716_chem4_28C_T01_1400_B11_e01,20250716_chem4_28C_T01_1400_B11,1,train
20260219_A02_e02,20260219_A02,177,train
20250624_chem02_35C_T01_1711_F02_e01,20250624_chem02_35C_T01_1711_F02,1,train
20251212_G04_e01,20251212_G04,115,train
20260724_hotfish_30hpf_plate01_H06_e02,20260724_hotfish_30hpf_plate01_H06,1,train
20230615_E09_e01,20230615_E09,50,train
20240418_H10_e02,20240418_H10,46,train
20240812_A05_e01,20240812_A05,75,train
20250703_chem3_35C_T01_1437_G04_e01,20250703_chem3_35C_T01_1437_G04,1,train
20250519_H01_e02,20250519_H01,48,train
20250612_30hpf_wfs1_ctcf_D12_e01,20250612_30hpf_wfs1_ctcf_D12,1,train
20250721_chem5_35C_T00_1023_E10_e01,20250721_chem5_35C_T00_1023_E10,1,train
20260417_irx_pilot_F09_e02,20260417_irx_pilot_F09,27,train
20240726_F01_e01,20240726_F01,1,train
20250425_B04_e01,20250425_B04,118,train
20250215_B12_e01,20250215_B12,78,train
20250622_chem_28C_T01_1658_H10_e01,20250622_chem_28C_T01_1658_H10,1,train
20240812_F05_e01,20240812_F05,75,train
20260414_b9d2_30hpf_plate01_A02_e01,20260414_b9d2_30hpf_plate01_A02,1,train
20250612_24hpf_wfs1_ctcf_D12_e01,20250612_24hpf_wfs1_ctcf_D12,1,train
20240626_B08_e01,20240626_B08,112,train
20250721_chem5_28C_T00_1257_D02_e01,20250721_chem5_28C_T00_1257_D02,1,train
20260213_G11_e02,20260213_G11,139,train
20250624_chem02_34C_T00_1243_E05_e01,20250624_chem02_34C_T00_1243_E05,1,train
20250612_24hpf_wfs1_ctcf_F02_e01,20250612_24hpf_wfs1_ctcf_F02,1,train
20250612_30hpf_wfs1_ctcf_H03_e01,20250612_30hpf_wfs1_ctcf_H03,1,train
20250703_chem3_35C_T00_1101_A04_e01,20250703_chem3_35C_T00_1101_A04,1,train
20260414_b9d2_14hpf_plate01_A06_e02,20260414_b9d2_14hpf_plate01_A06,1,train
20240718_D08_e01,20240718_D08,1,train
20250625_chem02_34C_T02_1301_E07_e01,20250625_chem02_34C_T02_1301_E07,1,train
20240418_A09_e02,20240418_A09,46,train
20260319_G04_e02,20260319_G04,105,train
20260213_G03_e01,20260213_G03,139,train
20230627_A04_e02,20230627_A04,45,train
20250425_B06_e01,20250425_B06,118,train
20250703_chem3_34C_T00_1131_C05_e01,20250703_chem3_34C_T00_1131_C05,1,train
20250623_chem_34C_T02_1231_C02_e01,20250623_chem_34C_T02_1231_C02,1,train
20250415_H07_e02,20250415_H07,39,train
20250625_chem02_28C_T02_1332_B08_e02,20250625_chem02_28C_T02_1332_B08,1,train
20250215_C09_e01,20250215_C09,78,train
20230613_D10_e02,20230613_D10,66,train
20230627_E02_e01,20230627_E02,45,train
20240411_F06_e01,20240411_F06,48,train
20250623_chem_28C_T02_1259_E04_e01,20250623_chem_28C_T02_1259_E04,1,train
20260417_irx_pilot_E09_e02,20260417_irx_pilot_E09,27,train
20250703_chem3_34C_T00_1131_D04_e01,20250703_chem3_34C_T00_1131_D04,1,train
20241022_H12_e01,20241022_H12,37,train
20240724_C07_e01,20240724_C07,1,train
20260208_C05_e02,20260208_C05,173,train
20251207_pbx_G05_e02,20251207_pbx_G05,132,train
20260418_irx_pilot_G01_e03,20260418_irx_pilot_G01,78,train
20250624_chem02_28C_T00_1356_B04_e01,20250624_chem02_28C_T00_1356_B04,1,train
20241022_E10_e01,20241022_E10,37,train
20250415_F06_e01,20250415_F06,39,train
20260724_hotfish_30hpf_plate01_H02_e01,20260724_hotfish_30hpf_plate01_H02,1,train
20250612_30hpf_ctrl_atf6_A08_e01,20250612_30hpf_ctrl_atf6_A08,1,train
20260306_B09_e01,20260306_B09,186,train
20231206_D11_e01,20231206_D11,59,train
20251205_G05_e01,20251205_G05,115,train
20260324_cep290_30hpf_plate01_D12_e01,20260324_cep290_30hpf_plate01_D12,1,train
20250215_F06_e01,20250215_F06,78,train
20250612_36hpf_wfs1_ctcf_H10_e01,20250612_36hpf_wfs1_ctcf_H10,1,train
20260416_cep290_30to48hpf_plate02_t02_H04_e01,20260416_cep290_30to48hpf_plate02_t02_H04,1,train
20250624_chem02_28C_T01_1808_B05_e01,20250624_chem02_28C_T01_1808_B05,1,train
20230613_B10_e01,20230613_B10,66,train
20250721_chem5_28C_T01_1401_B12_e01,20250721_chem5_28C_T01_1401_B12,1,train
20260202_A12_e01,20260202_A12,71,train
20240522_B02_e01,20240522_B02,95,train
20240418_A07_e01,20240418_A07,46,train
20260319_cilia_crispant_18hpf_F08_e01,20260319_cilia_crispant_18hpf_F08,1,train
20260324_cep290_24hpf_plate02_A05_e02,20260324_cep290_24hpf_plate02_A05,1,train
20250716_chem4_34C_T00_1014_D08_e01,20250716_chem4_34C_T00_1014_D08,1,train
20250623_chem_28C_T02_1259_H12_e01,20250623_chem_28C_T02_1259_H12,1,train
20260724_hotfish_24hpf_plate02_D03_e01,20260724_hotfish_24hpf_plate02_D03,1,train
20230615_D11_e01,20230615_D11,50,train
20251207_pbx_C01_e01,20251207_pbx_C01,132,train
20260417_irx_pilot_C01_e02,20260417_irx_pilot_C01,27,train
20251017_part1_F04_e01,20251017_part1_F04,65,train
20260416_cep290_30to48hpf_plate01_t02_G03_e01,20260416_cep290_30to48hpf_plate01_t02_G03,1,train
20250624_chem02_34C_T01_1739_F11_e02,20250624_chem02_34C_T01_1739_F11,1,train
20260724_hotfish_36hpf_plate02_D04_e01,20260724_hotfish_36hpf_plate02_D04,1,train
20250711_B09_e01,20250711_B09,179,train
20250624_chem02_34C_T00_1243_H07_e01,20250624_chem02_34C_T00_1243_H07,1,train
20250622_chem_35C_T00_1223_check_C08_e01,20250622_chem_35C_T00_1223_check_C08,1,train
20260702_hotchem_30hpf_plate01_F09_e01,20260702_hotchem_30hpf_plate01_F09,1,train
20260418_irx_pilot_F04_e01,20260418_irx_pilot_F04,78,train
20240418_D12_e03,20240418_D12,46,train
20260724_hotfish_24hpf_plate02_H06_e01,20260724_hotfish_24hpf_plate02_H06,1,train
20250625_chem02_35C_T02_1228_E11_e01,20250625_chem02_35C_T02_1228_E11,1,train
20260324_cep290_24hpf_plate02_F06_e01,20260324_cep290_24hpf_plate02_F06,1,train
20250703_chem3_34C_T01_1457_C06_e01,20250703_chem3_34C_T01_1457_C06,1,train
20250515_part2_E09_e02,20250515_part2_E09,27,train
20250622_chem_34C_T01_1632_C12_e01,20250622_chem_34C_T01_1632_C12,1,train
20260324_cep290_30hpf_plate01_A03_e01,20260324_cep290_30hpf_plate01_A03,1,train
20251212_H06_e01,20251212_H06,115,train
20240530_H09_e01,20240530_H09,81,train
20260414_b9d2_14hpf_plate01_A05_e01,20260414_b9d2_14hpf_plate01_A05,1,train
20250415_D10_e01,20250415_D10,39,train
20250912_A11_e01,20250912_A11,113,train
20240411_B03_e01,20240411_B03,48,train
20260210_F03_e01,20260210_F03,161,train
20260122_H01_e01,20260122_H01,104,train
20230622_E02_e01,20230622_E02,43,train
20260418_irx_pilot_F03_e02,20260418_irx_pilot_F03,78,train
20240813_36hpf_B03_e01,20240813_36hpf_B03,1,train
20250512_G03_e01,20250512_G03,195,train
20260202_H10_e03,20260202_H10,71,train
20240718_D03_e01,20240718_D03,1,train
20260210_H05_e01,20260210_H05,161,train
20250512_G12_e02,20250512_G12,195,train
20230831_H01_e01,20230831_H01,1,train
20260702_hotchem_30hpf_plate02_H03_e01,20260702_hotchem_30hpf_plate02_H03,1,train
20250501_C03_e01,20250501_C03,176,train
20230531_G07_e02,20230531_G07,66,train
20240813_30hpf_G06_e01,20240813_30hpf_G06,1,train
20240418_A04_e01,20240418_A04,46,train
20260414_b9d2_30hpf_plate02_A03_e01,20260414_b9d2_30hpf_plate02_A03,1,train
20250624_chem02_28C_T01_1808_C08_e01,20250624_chem02_28C_T01_1808_C08,1,train
20231218_C05_e01,20231218_C05,34,train
20240411_A04_e01,20240411_A04,48,train
20240626_E02_e01,20240626_E02,112,train
20231110_E11_e01,20231110_E11,64,train
20250501_B12_e01,20250501_B12,176,train
20260724_hotfish_36hpf_plate01_E08_e01,20260724_hotfish_36hpf_plate01_E08,1,train
20260724_hotfish_36hpf_plate01_E02_e01,20260724_hotfish_36hpf_plate01_E02,1,train
20240812_F11_e01,20240812_F11,75,train
20250711_G01_e01,20250711_G01,179,train
20260417_irx_pilot_D05_e01,20260417_irx_pilot_D05,27,train
20250512_C03_e01,20250512_C03,195,train
20260306_G03_e01,20260306_G03,186,train
20260414_b9d2_14hpf_plate01_D07_e01,20260414_b9d2_14hpf_plate01_D07,1,train
20250912_G07_e02,20250912_G07,113,train
20240307_G05_e01,20240307_G05,44,train
20260208_A09_e01,20260208_A09,277,train
20250716_chem4_28C_T01_1400_B09_e01,20250716_chem4_28C_T01_1400_B09,1,train
20240522_A12_e01,20240522_A12,95,train
20240813_30hpf_G02_e01,20240813_30hpf_G02,1,train
20260418_irx_pilot_D11_e01,20260418_irx_pilot_D11,78,train
20250622_chem_34C_T01_1632_A05_e01,20250622_chem_34C_T01_1632_A05,1,train
20240718_E08_e01,20240718_E08,1,train
20230620_C02_e01,20230620_C02,88,train
20260210_H10_e01,20260210_H10,161,train
20260418_irx_pilot_H07_e02,20260418_irx_pilot_H07,78,train
20260122_B01_e02,20260122_B01,104,train
20260304_F02_e03,20260304_F02,192,train
20231110_D07_e01,20231110_D07,64,train
20230629_C02_e01,20230629_C02,41,train
20240812_H09_e01,20240812_H09,75,train
20260702_hotchem_30hpf_plate02_A10_e01,20260702_hotchem_30hpf_plate02_A10,1,train
20250425_H02_e01,20250425_H02,118,train
20240717_B08_e01,20240717_B08,1,train
20250912_F06_e02,20250912_F06,113,train
20250625_chem02_28C_T02_1332_H02_e01,20250625_chem02_28C_T02_1332_H02,1,train
20250622_chem_28C_T00_1425_B05_e01,20250622_chem_28C_T00_1425_B05,1,train
20251207_pbx_D06_e01,20251207_pbx_D06,132,train
20250703_chem3_34C_T00_1131_E07_e01,20250703_chem3_34C_T00_1131_E07,1,train
20250721_chem5_28C_T01_1401_D03_e01,20250721_chem5_28C_T01_1401_D03,1,train
20260414_b9d2_30hpf_plate01_F06_e01,20260414_b9d2_30hpf_plate01_F06,1,train
20240813_36hpf_E07_e01,20240813_36hpf_E07,1,train
20241022_G10_e01,20241022_G10,37,train
20260213_E06_e02,20260213_E06,139,train
20251020_C06_e01,20251020_C06,57,train
20260319_F08_e01,20260319_F08,105,train
20260417_irx_pilot_H07_e02,20260417_irx_pilot_H07,27,train
20260418_irx_pilot_A08_e02,20260418_irx_pilot_A08,78,train
20230629_A05_e01,20230629_A05,42,train
20260415_b9d2_30to48hpf_plate01_t02_H01_e01,20260415_b9d2_30to48hpf_plate01_t02_H01,1,train
20230602_D09_e01,20230602_D09,97,train
20251020_H01_e01,20251020_H01,57,train
20260702_hotchem_36hpf_plate02_C05_e01,20260702_hotchem_36hpf_plate02_C05,1,train
20260415_cep290_18hpf_plate03_B05_e01,20260415_cep290_18hpf_plate03_B05,1,train
20231110_G08_e01,20231110_G08,64,train
20230629_C07_e01,20230629_C07,41,train
20260414_b9d2_14hpf_plate01_C03_e01,20260414_b9d2_14hpf_plate01_C03,1,train
20250711_F06_e02,20250711_F06,179,train
20260724_hotfish_24hpf_plate02_B07_e01,20260724_hotfish_24hpf_plate02_B07,1,train
20250622_chem_28C_T00_1425_A08_e01,20250622_chem_28C_T00_1425_A08,1,train
20260228_G08_e01,20260228_G08,151,train
20240522_D09_e01,20240522_D09,95,train
20250624_chem02_35C_T01_1711_C01_e01,20250624_chem02_35C_T01_1711_C01,1,train
20250716_chem4_28C_T01_1400_A08_e01,20250716_chem4_28C_T01_1400_A08,1,train
20260122_E05_e01,20260122_E05,104,train
20250305_A08_e01,20250305_A08,340,train
20251020_E08_e01,20251020_E08,57,train
20250912_D06_e01,20250912_D06,113,train
20240418_A01_e01,20240418_A01,46,train
20260319_D07_e02,20260319_D07,105,train
20260206_D04_e01,20260206_D04,150,train
20230627_F02_e01,20230627_F02,45,train
20260331_b9d2_18hpf_plate02_A08_e01,20260331_b9d2_18hpf_plate02_A08,1,train
20230531_D09_e01,20230531_D09,66,train
20260210_D02_e01,20260210_D02,161,train
20250622_chem_34C_T01_1632_D07_e01,20250622_chem_34C_T01_1632_D07,1,train
20250623_chem_28C_T02_1259_D12_e01,20250623_chem_28C_T02_1259_D12,1,train
20250711_F11_e01,20250711_F11,179,train
20240418_E09_e04,20240418_E09,46,train
20260724_hotfish_36hpf_plate02_D06_e01,20260724_hotfish_36hpf_plate02_D06,1,train
20250622_chem_34C_T00_1256_H03_e01,20250622_chem_34C_T00_1256_H03,1,train
20260324_cep290_30hpf_plate02_F08_e01,20260324_cep290_30hpf_plate02_F08,1,train
20250512_A11_e01,20250512_A11,195,train
20260208_C11_e01,20260208_C11,321,train
20251119_E01_e01,20251119_E01,348,train
20240307_C08_e02,20240307_C08,44,train
20260228_F11_e01,20260228_F11,151,train
20250703_chem3_34C_T01_1457_F01_e01,20250703_chem3_34C_T01_1457_F01,1,train
20231218_E12_e01,20231218_E12,34,train
20250515_part2_H09_e01,20250515_part2_H09,27,train
20260319_B03_e03,20260319_B03,105,train
20251017_part2_G01_e02,20251017_part2_G01,63,train
20230622_B02_e01,20230622_B02,43,train
20231206_H10_e01,20231206_H10,59,train
20260122_C08_e02,20260122_C08,104,train
20250612_30hpf_ctrl_atf6_E09_e01,20250612_30hpf_ctrl_atf6_E09,1,train
20250711_C07_e01,20250711_C07,179,train
20251112_B12_e02,20251112_B12,22,train
20230622_A08_e01,20230622_A08,44,train
20250625_chem02_34C_T02_1301_C10_e01,20250625_chem02_34C_T02_1301_C10,1,train
20260304_B06_e01,20260304_B06,192,train
20250622_chem_28C_T00_1425_D10_e01,20250622_chem_28C_T00_1425_D10,1,train
20250703_chem3_28C_T00_1325_D03_e01,20250703_chem3_28C_T00_1325_D03,1,train
20260702_hotchem_24hpf_plate01_D07_e01,20260702_hotchem_24hpf_plate01_D07,1,train
20260417_irx_pilot_B10_e01,20260417_irx_pilot_B10,27,train
20251020_G07_e01,20251020_G07,57,train
20251125_H08_e01,20251125_H08,228,train
20250912_F02_e01,20250912_F02,113,train
20240626_A06_e01,20240626_A06,112,train
20240812_G12_e02,20240812_G12,75,train
20251020_E01_e01,20251020_E01,57,train
20250625_chem02_34C_T02_1301_D02_e01,20250625_chem02_34C_T02_1301_D02,1,train
20260416_cep290_30to48hpf_plate02_t02_B01_e01,20260416_cep290_30to48hpf_plate02_t02_B01,1,train
20250625_chem02_35C_T02_1228_B06_e01,20250625_chem02_35C_T02_1228_B06,1,train
20240726_C07_e01,20240726_C07,1,train
20260415_b9d2_30to48hpf_plate02_t02_D06_e01,20260415_b9d2_30to48hpf_plate02_t02_D06,1,train
20260702_hotchem_36hpf_plate02_A02_e01,20260702_hotchem_36hpf_plate02_A02,1,train
20231206_G12_e03,20231206_G12,59,train
20230615_D12_e01,20230615_D12,48,train
20230615_G01_e01,20230615_G01,50,train
20260122_H09_e01,20260122_H09,104,train
20250305_F12_e01,20250305_F12,340,train
20250512_F07_e01,20250512_F07,195,train
20260306_G05_e01,20260306_G05,186,train
20230627_C12_e01,20230627_C12,45,train
20260724_hotfish_36hpf_plate01_E05_e01,20260724_hotfish_36hpf_plate01_E05,1,train
20250512_D01_e01,20250512_D01,195,train
20231110_A08_e01,20231110_A08,64,train
20250512_F10_e01,20250512_F10,195,train
20250612_30hpf_ctrl_atf6_A12_e01,20250612_30hpf_ctrl_atf6_A12,1,train
20260418_irx_pilot_C07_e01,20260418_irx_pilot_C07,78,train
20260304_G02_e01,20260304_G02,192,train
20250519_G09_e01,20250519_G09,51,train
20260414_b9d2_30hpf_plate01_A12_e01,20260414_b9d2_30hpf_plate01_A12,1,train
20260724_hotfish_30hpf_plate02_G03_e01,20260724_hotfish_30hpf_plate02_G03,1,train
20250721_chem5_28C_T00_1257_B05_e02,20250721_chem5_28C_T00_1257_B05,1,train
20250501_F06_e02,20250501_F06,176,train
20260417_irx_pilot_G05_e02,20260417_irx_pilot_G05,27,train
20260319_cilia_crispant_30hpf_G10_e01,20260319_cilia_crispant_30hpf_G10,1,train
20250703_chem3_35C_T01_1437_H01_e01,20250703_chem3_35C_T01_1437_H01,1,train
20240306_C08_e01,20240306_C08,132,train
20250622_chem_28C_T01_1658_F03_e02,20250622_chem_28C_T01_1658_F03,1,train
20250126_A09_e01,20250126_A09,71,train
20230620_D09_e01,20230620_D09,88,train
20250425_G11_e01,20250425_G11,118,train
20250215_E10_e01,20250215_E10,78,train
20240411_B01_e01,20240411_B01,48,train
20250624_chem02_28C_T01_1808_E11_e01,20250624_chem02_28C_T01_1808_E11,1,train
20250711_D02_e01,20250711_D02,179,train
20251212_H05_e01,20251212_H05,115,train
20260724_hotfish_36hpf_plate01_F02_e01,20260724_hotfish_36hpf_plate01_F02,1,train
20260702_hotchem_24hpf_plate01_G11_e01,20260702_hotchem_24hpf_plate01_G11,1,train
20260213_C07_e01,20260213_C07,139,train
20251212_A02_e02,20251212_A02,60,train
20260202_H07_e02,20260202_H07,71,train
20240724_E06_e01,20240724_E06,1,train
20260219_A08_e02,20260219_A08,177,train
20230627_B12_e01,20230627_B12,45,train
20260702_hotchem_30hpf_plate01_C04_e01,20260702_hotchem_30hpf_plate01_C04,1,train
20251112_A09_e01,20251112_A09,49,train
20260319_cilia_crispant_18hpf_C07_e01,20260319_cilia_crispant_18hpf_C07,1,train
20260418_irx_pilot_A06_e01,20260418_irx_pilot_A06,78,train
20260417_irx_pilot_C11_e02,20260417_irx_pilot_C11,27,train
20260417_irx_pilot_D08_e02,20260417_irx_pilot_D08,27,train
20240307_E04_e01,20240307_E04,44,train
20230831_H05_e01,20230831_H05,1,train
20250716_chem4_35C_T00_1045_B03_e01,20250716_chem4_35C_T00_1045_B03,1,train
20240307_D01_e01,20240307_D01,44,train
20260702_hotchem_36hpf_plate02_E04_e01,20260702_hotchem_36hpf_plate02_E04,1,train
20250716_chem4_28C_T01_1400_H03_e01,20250716_chem4_28C_T01_1400_H03,1,train
20240718_G11_e01,20240718_G11,1,train
20250512_E11_e01,20250512_E11,195,train
20241023_H06_e02,20241023_H06,43,train
20260702_hotchem_24hpf_plate02_F08_e03,20260702_hotchem_24hpf_plate02_F08,1,train
20260702_hotchem_36hpf_plate01_C12_e01,20260702_hotchem_36hpf_plate01_C12,1,train
20260416_cep290_30to48hpf_plate02_t02_C05_e01,20260416_cep290_30to48hpf_plate02_t02_C05,1,train
20231206_H01_e01,20231206_H01,59,train
20260208_D11_e01,20260208_D11,321,train
20260414_b9d2_30hpf_plate01_G02_e01,20260414_b9d2_30hpf_plate01_G02,1,train
20250415_G01_e01,20250415_G01,39,train
20250624_chem02_28C_T01_1808_H04_e02,20250624_chem02_28C_T01_1808_H04,1,train
20250612_36hpf_ctrl_atf6_D01_e01,20250612_36hpf_ctrl_atf6_D01,1,train
20260206_D09_e01,20260206_D09,150,train
20250721_chem5_28C_T01_1401_H10_e01,20250721_chem5_28C_T01_1401_H10,1,train
20250716_chem4_28C_T00_1158_A03_e01,20250716_chem4_28C_T00_1158_A03,1,train
20260324_cep290_30hpf_plate02_F01_e01,20260324_cep290_30hpf_plate02_F01,1,train
20250515_part2_H08_e01,20250515_part2_H08,27,train
20250622_chem_28C_T00_1425_B07_e01,20250622_chem_28C_T00_1425_B07,1,train
20250912_A09_e01,20250912_A09,113,train
20260324_cep290_24hpf_plate02_H09_e01,20260324_cep290_24hpf_plate02_H09,1,train
20260306_F05_e02,20260306_F05,186,train
20250612_36hpf_ctrl_atf6_B08_e01,20250612_36hpf_ctrl_atf6_B08,1,train
20240404_H04_e01,20240404_H04,35,train
20241022_A04_e01,20241022_A04,37,train
20260702_hotchem_24hpf_plate02_D12_e02,20260702_hotchem_24hpf_plate02_D12,1,train
20240813_36hpf_C02_e01,20240813_36hpf_C02,1,train
20250425_B05_e01,20250425_B05,118,train
20250515_part2_F03_e01,20250515_part2_F03,27,train
20250716_chem4_28C_T01_1400_D04_e01,20250716_chem4_28C_T01_1400_D04,1,train
20250912_H09_e01,20250912_H09,113,train
20250624_chem02_35C_T00_1216_D01_e01,20250624_chem02_35C_T00_1216_D01,1,train
20231110_B11_e01,20231110_B11,64,train
20251017_part2_E05_e01,20251017_part2_E05,63,train
20260324_cep290_24hpf_plate02_A10_e01,20260324_cep290_24hpf_plate02_A10,1,train
20240717_F02_e01,20240717_F02,1,train
20260416_cep290_30to48hpf_plate02_t02_G08_e02,20260416_cep290_30to48hpf_plate02_t02_G08,1,train
20260306_A02_e01,20260306_A02,186,train
20260202_C11_e02,20260202_C11,71,train
20251112_D07_e01,20251112_D07,49,train
20250622_chem_35C_T01_1605_F10_e01,20250622_chem_35C_T01_1605_F10,1,train
20250612_36hpf_ctrl_atf6_B04_e01,20250612_36hpf_ctrl_atf6_B04,1,train
20260306_H06_e01,20260306_H06,186,train
20250716_chem4_34C_T00_1014_F11_e01,20250716_chem4_34C_T00_1014_F11,1,train
20250716_chem4_28C_T00_1158_C09_e01,20250716_chem4_28C_T00_1158_C09,1,train
20260306_C08_e01,20260306_C08,186,train
20260324_cep290_24hpf_plate02_G01_e01,20260324_cep290_24hpf_plate02_G01,1,train
20260724_hotfish_36hpf_plate01_C05_e01,20260724_hotfish_36hpf_plate01_C05,1,train
20250703_chem3_28C_T00_1325_H01_e01,20250703_chem3_28C_T00_1325_H01,1,train
20251017_part2_G11_e01,20251017_part2_G11,63,train
20250624_chem02_28C_T01_1808_E02_e02,20250624_chem02_28C_T01_1808_E02,1,train
20250622_chem_34C_T00_1256_F01_e01,20250622_chem_34C_T00_1256_F01,1,train
20260702_hotchem_24hpf_plate01_H06_e01,20260702_hotchem_24hpf_plate01_H06,1,train
20240813_30hpf_F03_e01,20240813_30hpf_F03,1,train
20250622_chem_28C_T01_1658_G04_e02,20250622_chem_28C_T01_1658_G04,1,train
20250624_chem02_28C_T01_1808_B06_e01,20250624_chem02_28C_T01_1808_B06,1,train
20260414_b9d2_14hpf_plate01_G11_e01,20260414_b9d2_14hpf_plate01_G11,1,train
20250519_E03_e01,20250519_E03,51,train
20260122_D01_e01,20260122_D01,104,train
20240522_C03_e01,20240522_C03,95,train
20250625_chem02_28C_T02_1332_C10_e01,20250625_chem02_28C_T02_1332_C10,1,train
20250612_30hpf_wfs1_ctcf_H05_e01,20250612_30hpf_wfs1_ctcf_H05,1,train
20260319_cilia_crispant_24hpf_B11_e01,20260319_cilia_crispant_24hpf_B11,1,train
20250711_B10_e01,20250711_B10,179,train
20260702_hotchem_30hpf_plate02_E04_e02,20260702_hotchem_30hpf_plate02_E04,1,train
20250716_chem4_28C_T00_1158_H12_e01,20250716_chem4_28C_T00_1158_H12,1,train
20260702_hotchem_24hpf_plate02_H10_e01,20260702_hotchem_24hpf_plate02_H10,1,train
20250711_F09_e01,20250711_F09,179,train
20240530_A02_e02,20240530_A02,81,train
20260219_C10_e02,20260219_C10,177,train
20260122_G03_e01,20260122_G03,104,train
20230622_B11_e01,20230622_B11,43,train
20250625_chem02_34C_T02_1301_A06_e02,20250625_chem02_34C_T02_1301_A06,1,train
20260415_cep290_30to48hpf_plate02_t01_D04_e01,20260415_cep290_30to48hpf_plate02_t01_D04,1,train
20260319_H04_e02,20260319_H04,105,train
20250625_chem02_28C_T02_1332_F01_e01,20250625_chem02_28C_T02_1332_F01,1,train
20260213_E12_e02,20260213_E12,139,train
20230629_D12_e02,20230629_D12,41,train
20260202_F01_e02,20260202_F01,71,train
20250622_chem_35C_T00_1223_check_G10_e01,20250622_chem_35C_T00_1223_check_G10,1,train
20251205_H08_e02,20251205_H08,115,train
20260724_hotfish_30hpf_plate01_B12_e02,20260724_hotfish_30hpf_plate01_B12,1,train
20251017_part2_H04_e02,20251017_part2_H04,63,train
20260724_hotfish_30hpf_plate02_E07_e01,20260724_hotfish_30hpf_plate02_E07,1,train
20250711_B03_e02,20250711_B03,179,train
20260219_A10_e02,20260219_A10,177,train
20260724_hotfish_36hpf_plate01_B05_e01,20260724_hotfish_36hpf_plate01_B05,1,train
20251121_C12_e01,20251121_C12,173,train
20260724_hotfish_30hpf_plate01_G04_e01,20260724_hotfish_30hpf_plate01_G04,1,train
20260219_B01_e01,20260219_B01,177,train
20260418_irx_pilot_A01_e01,20260418_irx_pilot_A01,78,train
20240522_A01_e01,20240522_A01,95,train
20251017_part1_C08_e01,20251017_part1_C08,65,train
20260414_b9d2_30hpf_plate02_D05_e01,20260414_b9d2_30hpf_plate02_D05,1,train
20251207_pbx_B09_e01,20251207_pbx_B09,132,train
20250624_chem02_35C_T00_1216_B05_e01,20250624_chem02_35C_T00_1216_B05,1,train
20231206_G03_e01,20231206_G03,59,train
20250703_chem3_28C_T00_1325_H03_e01,20250703_chem3_28C_T00_1325_H03,1,train
20260724_hotfish_36hpf_plate01_C04_e01,20260724_hotfish_36hpf_plate01_C04,1,train
20240418_F07_e01,20240418_F07,46,train
20260415_b9d2_30to48hpf_plate01_t02_F04_e01,20260415_b9d2_30to48hpf_plate01_t02_F04,1,train
20251207_pbx_G01_e01,20251207_pbx_G01,132,train
20260319_cilia_crispant_18hpf_A02_e01,20260319_cilia_crispant_18hpf_A02,1,train
20240725_E07_e01,20240725_E07,1,train
20251212_D05_e01,20251212_D05,115,train
20240411_F11_e01,20240411_F11,48,train
20250622_chem_28C_T01_1658_F12_e01,20250622_chem_28C_T01_1658_F12,1,train
20250622_chem_28C_T01_1658_C08_e01,20250622_chem_28C_T01_1658_C08,1,train
20250721_chem5_28C_T01_1401_C12_e01,20250721_chem5_28C_T01_1401_C12,1,train
20251017_part1_H09_e01,20251017_part1_H09,65,train
20240725_C04_e01,20240725_C04,1,train
20250612_24hpf_wfs1_ctcf_C06_e01,20250612_24hpf_wfs1_ctcf_C06,1,train
20260228_E04_e02,20260228_E04,151,train
20260415_b9d2_30to48hpf_plate01_t02_C11_e01,20260415_b9d2_30to48hpf_plate01_t02_C11,1,train
20250612_30hpf_wfs1_ctcf_F12_e01,20250612_30hpf_wfs1_ctcf_F12,1,train
20240522_G12_e01,20240522_G12,95,train
20260122_D09_e01,20260122_D09,104,train
20260416_cep290_30to48hpf_plate02_t02_D03_e01,20260416_cep290_30to48hpf_plate02_t02_D03,1,train
20250716_chem4_28C_T01_1400_E04_e01,20250716_chem4_28C_T01_1400_E04,1,train
20240418_C07_e02,20240418_C07,46,train
20250721_chem5_35C_T00_1023_C08_e01,20250721_chem5_35C_T00_1023_C08,1,train
20250703_chem3_34C_T01_1457_F04_e01,20250703_chem3_34C_T01_1457_F04,1,train
20260304_E08_e01,20260304_E08,192,train
20260319_cilia_crispant_18hpf_H05_e01,20260319_cilia_crispant_18hpf_H05,1,train
20260724_hotfish_30hpf_plate02_C06_e01,20260724_hotfish_30hpf_plate02_C06,1,train
20250716_chem4_34C_T00_1014_F02_e01,20250716_chem4_34C_T00_1014_F02,1,train
20260417_irx_pilot_C10_e01,20260417_irx_pilot_C10,27,train
20240307_A08_e01,20240307_A08,44,train
20260702_hotchem_30hpf_plate01_C02_e02,20260702_hotchem_30hpf_plate01_C02,1,train
20260213_C07_e02,20260213_C07,139,train
20230627_A12_e01,20230627_A12,45,train
20231110_G11_e05,20231110_G11,64,train
20250721_chem5_35C_T00_1023_H01_e01,20250721_chem5_35C_T00_1023_H01,1,train
20250624_chem02_34C_T01_1739_F01_e01,20250624_chem02_34C_T01_1739_F01,1,train
20250501_C11_e01,20250501_C11,176,train
20240418_C09_e03,20240418_C09,46,train
20260702_hotchem_24hpf_plate02_B07_e01,20260702_hotchem_24hpf_plate02_B07,1,train
20260206_F11_e01,20260206_F11,150,train
20251125_A04_e01,20251125_A04,231,train
20260202_F08_e02,20260202_F08,71,train
20260702_hotchem_24hpf_plate02_H08_e01,20260702_hotchem_24hpf_plate02_H08,1,train
20251020_E10_e01,20251020_E10,57,train
20260324_cep290_30hpf_plate01_H12_e01,20260324_cep290_30hpf_plate01_H12,1,train
20260324_cep290_30hpf_plate01_B10_e01,20260324_cep290_30hpf_plate01_B10,1,train
20260415_b9d2_30to48hpf_plate02_t02_H02_e01,20260415_b9d2_30to48hpf_plate02_t02_H02,1,train
20250305_D05_e01,20250305_D05,340,train
20260202_H02_e03,20260202_H02,71,train
20250625_chem02_28C_T02_1332_F02_e01,20250625_chem02_28C_T02_1332_F02,1,train
20260206_A12_e01,20260206_A12,150,train
20251112_B02_e01,20251112_B02,17,train
20260418_irx_pilot_E03_e02,20260418_irx_pilot_E03,78,train
20250622_chem_34C_T00_1256_E01_e01,20250622_chem_34C_T00_1256_E01,1,train
20260416_cep290_30to48hpf_plate01_t02_G04_e01,20260416_cep290_30to48hpf_plate01_t02_G04,1,train
20260724_hotfish_30hpf_plate02_A06_e01,20260724_hotfish_30hpf_plate02_A06,1,train
20251121_A06_e02,20251121_A06,30,train
20240717_H03_e01,20240717_H03,1,train
20250623_chem_28C_T02_1259_G08_e01,20250623_chem_28C_T02_1259_G08,1,train
20250215_F09_e01,20250215_F09,78,train
20240813_36hpf_A07_e01,20240813_36hpf_A07,1,train
20240626_F07_e01,20240626_F07,112,train
20251020_E12_e01,20251020_E12,57,train
20230629_D04_e01,20230629_D04,41,train
20250501_D11_e01,20250501_D11,176,train
20250624_chem02_35C_T00_1216_E01_e01,20250624_chem02_35C_T00_1216_E01,1,train
20250721_chem5_35C_T00_1023_B04_e01,20250721_chem5_35C_T00_1023_B04,1,train
20231218_A08_e02,20231218_A08,34,train
20241023_F03_e01,20241023_F03,43,train
20250623_chem_34C_T02_1231_A12_e01,20250623_chem_34C_T02_1231_A12,1,train
20240717_C04_e01,20240717_C04,1,train
20260306_G10_e01,20260306_G10,186,train
20230613_A06_e01,20230613_A06,66,train
20240418_C01_e02,20240418_C01,46,train
20260122_B03_e02,20260122_B03,96,train
20260416_cep290_30to48hpf_plate01_t02_E09_e01,20260416_cep290_30to48hpf_plate01_t02_E09,1,train
20250126_F11_e01,20250126_F11,71,train
20260414_b9d2_30hpf_plate01_B11_e01,20260414_b9d2_30hpf_plate01_B11,1,train
20230627_B10_e01,20230627_B10,45,train
20250425_E03_e01,20250425_E03,118,train
20260219_E07_e03,20260219_E07,177,train
20250126_D07_e01,20250126_D07,71,train
20260416_cep290_30to48hpf_plate02_t02_G03_e02,20260416_cep290_30to48hpf_plate02_t02_G03,1,train
20260416_cep290_30to48hpf_plate01_t02_G08_e01,20260416_cep290_30to48hpf_plate01_t02_G08,1,train
20231110_C08_e02,20231110_C08,64,train
20251121_F03_e01,20251121_F03,173,train
20250126_E04_e01,20250126_E04,71,train
20260418_irx_pilot_G10_e01,20260418_irx_pilot_G10,78,train
20250623_chem_34C_T02_1231_B01_e01,20250623_chem_34C_T02_1231_B01,1,train
20231218_B11_e01,20231218_B11,34,train
20250622_chem_28C_T00_1425_F12_e01,20250622_chem_28C_T00_1425_F12,1,train
20250622_chem_28C_T01_1658_A03_e01,20250622_chem_28C_T01_1658_A03,1,train
20260122_F05_e01,20260122_F05,104,train
20250612_24hpf_wfs1_ctcf_F01_e01,20250612_24hpf_wfs1_ctcf_F01,1,train
20250624_chem02_34C_T00_1243_F01_e01,20250624_chem02_34C_T00_1243_F01,1,train
20260414_b9d2_14hpf_plate01_A02_e01,20260414_b9d2_14hpf_plate01_A02,1,train
20260206_A02_e01,20260206_A02,150,train
20250622_chem_28C_T01_1658_A06_e01,20250622_chem_28C_T01_1658_A06,1,train
20240510_A03_e01,20240510_A03,1,train
20260202_H05_e02,20260202_H05,71,train
20250703_chem3_35C_T00_1101_F03_e01,20250703_chem3_35C_T00_1101_F03,1,train
20260415_b9d2_30to48hpf_plate01_t02_C07_e01,20260415_b9d2_30to48hpf_plate01_t02_C07,1,train
20260415_cep290_18hpf_plate03_G05_e02,20260415_cep290_18hpf_plate03_G05,1,train
20250425_F06_e01,20250425_F06,118,train
20251119_G05_e01,20251119_G05,348,train
20260414_b9d2_30hpf_plate02_B06_e01,20260414_b9d2_30hpf_plate02_B06,1,train
20250501_G09_e01,20250501_G09,176,train
20260208_B06_e01,20260208_B06,321,train
20260122_G07_e02,20260122_G07,104,train
20260202_D03_e01,20260202_D03,71,train
20250415_B06_e01,20250415_B06,39,train
20251205_H08_e01,20251205_H08,115,train
20260319_cilia_crispant_18hpf_H12_e01,20260319_cilia_crispant_18hpf_H12,1,train
20240724_F01_e01,20240724_F01,1,train
20260304_D03_e04,20260304_D03,192,train
20230531_C09_e02,20230531_C09,53,train
20240411_F03_e01,20240411_F03,48,train
20250515_part2_E05_e02,20250515_part2_E05,27,train
20260702_hotchem_36hpf_plate01_A05_e01,20260702_hotchem_36hpf_plate01_A05,1,train
20230627_C02_e01,20230627_C02,45,train
20260414_b9d2_30hpf_plate02_C03_e03,20260414_b9d2_30hpf_plate02_C03,1,train
20240418_D03_e01,20240418_D03,46,train
20260702_hotchem_24hpf_plate02_G11_e01,20260702_hotchem_24hpf_plate02_G11,1,train
20250126_F10_e01,20250126_F10,71,train
20251112_E12_e01,20251112_E12,49,train
20250716_chem4_34C_T00_1014_E08_e01,20250716_chem4_34C_T00_1014_E08,1,train
20250721_chem5_28C_T01_1401_C04_e01,20250721_chem5_28C_T01_1401_C04,1,train
20250721_chem5_35C_T00_1023_A05_e01,20250721_chem5_35C_T00_1023_A05,1,train
20240626_G09_e01,20240626_G09,112,train
20230613_B05_e01,20230613_B05,66,train
20260219_C10_e01,20260219_C10,177,train
20260702_hotchem_30hpf_plate01_H03_e01,20260702_hotchem_30hpf_plate01_H03,1,train
20231206_D12_e02,20231206_D12,59,train
20250721_chem5_35C_T00_1023_E06_e01,20250721_chem5_35C_T00_1023_E06,1,train
20250622_chem_28C_T01_1658_G04_e01,20250622_chem_28C_T01_1658_G04,1,train
20250622_chem_28C_T00_1425_C11_e02,20250622_chem_28C_T00_1425_C11,1,train
20260702_hotchem_30hpf_plate01_D06_e01,20260702_hotchem_30hpf_plate01_D06,1,train
20240522_A09_e01,20240522_A09,95,train
20260702_hotchem_36hpf_plate01_E12_e01,20260702_hotchem_36hpf_plate01_E12,1,train
20250612_36hpf_wfs1_ctcf_C10_e01,20250612_36hpf_wfs1_ctcf_C10,1,train
20260702_hotchem_24hpf_plate01_B04_e01,20260702_hotchem_24hpf_plate01_B04,1,train
20251207_pbx_A01_e02,20251207_pbx_A01,1,train
20251212_B09_e02,20251212_B09,115,train
20260324_cep290_30hpf_plate02_E05_e01,20260324_cep290_30hpf_plate02_E05,1,train
20240724_H01_e01,20240724_H01,1,train
20260304_D10_e01,20260304_D10,192,train
20240418_A02_e02,20240418_A02,46,train
20260414_b9d2_30hpf_plate01_H10_e01,20260414_b9d2_30hpf_plate01_H10,1,train
20250624_chem02_34C_T01_1739_B08_e01,20250624_chem02_34C_T01_1739_B08,1,train
20260319_A03_e01,20260319_A03,105,train
20231218_B06_e01,20231218_B06,34,train
20250622_chem_28C_T00_1425_G12_e01,20250622_chem_28C_T00_1425_G12,1,train
20260306_D05_e01,20260306_D05,185,train
20260702_hotchem_24hpf_plate02_E08_e01,20260702_hotchem_24hpf_plate02_E08,1,train
20250515_part2_D02_e01,20250515_part2_D02,27,train
20250716_chem4_28C_T01_1400_E05_e01,20250716_chem4_28C_T01_1400_E05,1,train
20240522_A08_e01,20240522_A08,95,train
20260414_b9d2_30hpf_plate01_D12_e01,20260414_b9d2_30hpf_plate01_D12,1,train
20251017_part1_H11_e01,20251017_part1_H11,65,train
20231218_C02_e01,20231218_C02,34,train
20250624_chem02_28C_T00_1356_F02_e01,20250624_chem02_28C_T00_1356_F02,1,train
20231218_E06_e01,20231218_E06,34,train
20260324_cep290_24hpf_plate01_F06_e01,20260324_cep290_24hpf_plate01_F06,1,train
20260122_H07_e01,20260122_H07,104,train
20240509_A03_e01,20240509_A03,41,train
20230622_C06_e03,20230622_C06,43,train
20250425_G03_e01,20250425_G03,118,train
20260415_cep290_18hpf_plate03_B08_e01,20260415_cep290_18hpf_plate03_B08,1,train
20260122_H04_e02,20260122_H04,70,train
20260208_F08_e01,20260208_F08,321,train
20251017_part1_D10_e02,20251017_part1_D10,65,train
20260702_hotchem_30hpf_plate01_B10_e01,20260702_hotchem_30hpf_plate01_B10,1,train
20251121_B06_e01,20251121_B06,173,train
20260219_F09_e01,20260219_F09,177,train
20240509_A04_e01,20240509_A04,41,train
20250512_B08_e01,20250512_B08,195,train
20240306_E09_e01,20240306_E09,132,train
20260414_b9d2_30hpf_plate01_E11_e01,20260414_b9d2_30hpf_plate01_E11,1,train
20250612_24hpf_wfs1_ctcf_D01_e01,20250612_24hpf_wfs1_ctcf_D01,1,train
20240307_B05_e01,20240307_B05,44,train
20230629_F11_e01,20230629_F11,41,train
20251212_F06_e02,20251212_F06,38,train
20260331_b9d2_18hpf_plate02_G03_e01,20260331_b9d2_18hpf_plate02_G03,1,train
20250415_F08_e01,20250415_F08,39,train
20260724_hotfish_36hpf_plate01_C01_e02,20260724_hotfish_36hpf_plate01_C01,1,train
20240418_A10_e01,20240418_A10,46,train
20260324_cep290_30hpf_plate01_F04_e01,20260324_cep290_30hpf_plate01_F04,1,train
20260324_cep290_30hpf_plate01_D09_e01,20260324_cep290_30hpf_plate01_D09,1,train
20241022_E08_e01,20241022_E08,37,train
20240724_D02_e01,20240724_D02,1,train
20240717_A08_e01,20240717_A08,1,train
20250624_chem02_28C_T00_1356_B10_e02,20250624_chem02_28C_T00_1356_B10,1,train
20250415_G04_e01,20250415_G04,39,train
20260319_cilia_crispant_30hpf_G05_e01,20260319_cilia_crispant_30hpf_G05,1,train
20250912_E04_e01,20250912_E04,109,train
20240418_D10_e01,20240418_D10,46,train
20260416_cep290_30to48hpf_plate02_t02_G04_e02,20260416_cep290_30to48hpf_plate02_t02_G04,1,train
20250624_chem02_34C_T00_1243_D11_e01,20250624_chem02_34C_T00_1243_D11,1,train
20240726_D02_e01,20240726_D02,1,train
20260208_E05_e01,20260208_E05,321,train
20260702_hotchem_24hpf_plate02_C03_e01,20260702_hotchem_24hpf_plate02_C03,1,train
20260202_G05_e04,20260202_G05,71,train
20260417_irx_pilot_A01_e01,20260417_irx_pilot_A01,27,train
20250716_chem4_34C_T00_1014_H10_e02,20250716_chem4_34C_T00_1014_H10,1,train
20260416_cep290_30to48hpf_plate02_t02_E05_e01,20260416_cep290_30to48hpf_plate02_t02_E05,1,train
20250625_chem02_34C_T02_1301_A09_e01,20250625_chem02_34C_T02_1301_A09,1,train
20260415_cep290_18hpf_plate03_E02_e01,20260415_cep290_18hpf_plate03_E02,1,train
20260324_cep290_30hpf_plate02_D04_e01,20260324_cep290_30hpf_plate02_D04,1,train
20250612_24hpf_wfs1_ctcf_C07_e01,20250612_24hpf_wfs1_ctcf_C07,1,train
20260702_hotchem_30hpf_plate02_E09_e02,20260702_hotchem_30hpf_plate02_E09,1,train
20240626_H07_e01,20240626_H07,112,train
20260702_hotchem_30hpf_plate01_H02_e01,20260702_hotchem_30hpf_plate01_H02,1,train
20250721_chem5_28C_T00_1257_F09_e01,20250721_chem5_28C_T00_1257_F09,1,train
20260202_B04_e03,20260202_B04,71,train
20250912_C06_e01,20250912_C06,113,train
20250625_chem02_28C_T02_1332_B11_e03,20250625_chem02_28C_T02_1332_B11,1,train
20250625_chem02_35C_T02_1228_B10_e01,20250625_chem02_35C_T02_1228_B10,1,train
20250512_F05_e01,20250512_F05,195,train
20240530_B12_e01,20240530_B12,81,train
20260324_cep290_30hpf_plate01_H07_e01,20260324_cep290_30hpf_plate01_H07,1,train
20260324_cep290_30hpf_plate01_H10_e01,20260324_cep290_30hpf_plate01_H10,1,train
20260724_hotfish_30hpf_plate01_A09_e01,20260724_hotfish_30hpf_plate01_A09,1,train
20250703_chem3_28C_T00_1325_D04_e01,20250703_chem3_28C_T00_1325_D04,1,train
20260304_B07_e01,20260304_B07,192,train
20260324_cep290_24hpf_plate02_B02_e01,20260324_cep290_24hpf_plate02_B02,1,train
20250721_chem5_35C_T00_1023_A11_e01,20250721_chem5_35C_T00_1023_A11,1,train
20231110_G11_e03,20231110_G11,64,train
20241023_D06_e01,20241023_D06,43,train
20250622_chem_34C_T01_1632_D06_e01,20250622_chem_34C_T01_1632_D06,1,train
20250711_C12_e01,20250711_C12,179,train
20240509_E05_e01,20240509_E05,41,train
20240812_B07_e01,20240812_B07,75,train
20231218_E01_e01,20231218_E01,34,train
20260415_cep290_18hpf_plate03_A05_e01,20260415_cep290_18hpf_plate03_A05,1,train
20251112_F09_e01,20251112_F09,49,train
20240404_A01_e01,20240404_A01,35,train
20251207_pbx_G11_e01,20251207_pbx_G11,132,train
20260219_E08_e01,20260219_E08,176,train
20260213_E02_e02,20260213_E02,139,train
20240418_F07_e02,20240418_F07,46,train
20230531_A03_e01,20230531_A03,66,train
20260414_b9d2_30hpf_plate01_F12_e01,20260414_b9d2_30hpf_plate01_F12,1,train
20250721_chem5_28C_T00_1257_D09_e01,20250721_chem5_28C_T00_1257_D09,1,train
20260228_B03_e01,20260228_B03,151,train
20260416_cep290_30to48hpf_plate01_t02_F02_e01,20260416_cep290_30to48hpf_plate01_t02_F02,1,train
20250703_chem3_35C_T01_1437_D05_e01,20250703_chem3_35C_T01_1437_D05,1,train
20260414_b9d2_30hpf_plate01_E07_e01,20260414_b9d2_30hpf_plate01_E07,1,train
20250716_chem4_35C_T00_1045_G11_e01,20250716_chem4_35C_T00_1045_G11,1,train
20260415_b9d2_30to48hpf_plate01_t02_F07_e01,20260415_b9d2_30to48hpf_plate01_t02_F07,1,train
20240530_C08_e02,20240530_C08,81,train
20251212_D03_e01,20251212_D03,115,train
20260202_G04_e05,20260202_G04,53,train
20240813_30hpf_F02_e01,20240813_30hpf_F02,1,train
20250612_24hpf_ctrl_atf6_G12_e01,20250612_24hpf_ctrl_atf6_G12,1,train
20251205_D11_e02,20251205_D11,102,train
20260418_irx_pilot_F08_e03,20260418_irx_pilot_F08,78,train
20250703_chem3_28C_T00_1325_C02_e01,20250703_chem3_28C_T00_1325_C02,1,train
20260702_hotchem_36hpf_plate02_E03_e01,20260702_hotchem_36hpf_plate02_E03,1,train
20250716_chem4_28C_T01_1400_H11_e01,20250716_chem4_28C_T01_1400_H11,1,train
20251020_A11_e01,20251020_A11,57,train
20251121_D07_e01,20251121_D07,173,train
20250703_chem3_35C_T00_1101_A01_e01,20250703_chem3_35C_T00_1101_A01,1,train
20250622_chem_34C_T01_1632_F12_e01,20250622_chem_34C_T01_1632_F12,1,train
20260213_D05_e02,20260213_D05,139,train
20250215_F12_e01,20250215_F12,78,train
20240404_A02_e01,20240404_A02,35,train
20260417_irx_pilot_G01_e01,20260417_irx_pilot_G01,27,train
20260702_hotchem_24hpf_plate01_E08_e01,20260702_hotchem_24hpf_plate01_E08,1,train
20250721_chem5_35C_T00_1023_E11_e01,20250721_chem5_35C_T00_1023_E11,1,train
20250612_30hpf_wfs1_ctcf_A04_e01,20250612_30hpf_wfs1_ctcf_A04,1,train
20250622_chem_28C_T00_1425_B06_e01,20250622_chem_28C_T00_1425_B06,1,train
20260702_hotchem_30hpf_plate01_B02_e02,20260702_hotchem_30hpf_plate01_B02,1,train
20251112_A02_e05,20251112_A02,42,train
20240813_30hpf_C07_e01,20240813_30hpf_C07,1,train
20230629_A06_e01,20230629_A06,42,train
20260319_cilia_crispant_24hpf_H01_e01,20260319_cilia_crispant_24hpf_H01,1,train
20260122_E12_e04,20260122_E12,104,train
20250515_part2_B05_e01,20250515_part2_B05,27,train
20250625_chem02_34C_T02_1301_H01_e01,20250625_chem02_34C_T02_1301_H01,1,train
20240510_H07_e01,20240510_H07,1,train
20250625_chem02_34C_T02_1301_H11_e01,20250625_chem02_34C_T02_1301_H11,1,train
20250215_C06_e01,20250215_C06,78,train
20250624_chem02_28C_T01_1808_H05_e01,20250624_chem02_28C_T01_1808_H05,1,train
20250215_G03_e01,20250215_G03,78,train
20260414_b9d2_14hpf_plate01_G09_e01,20260414_b9d2_14hpf_plate01_G09,1,train
20250716_chem4_35C_T00_1045_H06_e02,20250716_chem4_35C_T00_1045_H06,1,train
20251121_A03_e01,20251121_A03,173,train
20260415_cep290_30to48hpf_plate02_t01_B04_e01,20260415_cep290_30to48hpf_plate02_t01_B04,1,train
20250501_B06_e01,20250501_B06,176,train
20250625_chem02_28C_T02_1332_H11_e01,20250625_chem02_28C_T02_1332_H11,1,train
20260414_b9d2_14hpf_plate01_F03_e01,20260414_b9d2_14hpf_plate01_F03,1,train
20231218_F11_e01,20231218_F11,34,train
20260417_irx_pilot_F08_e02,20260417_irx_pilot_F08,27,train
20250305_B02_e01,20250305_B02,340,train
20240404_F02_e01,20240404_F02,35,train
20260202_B12_e02,20260202_B12,71,train
20240522_D06_e01,20240522_D06,95,train
20260319_cilia_crispant_24hpf_D04_e01,20260319_cilia_crispant_24hpf_D04,1,train
20240726_F02_e01,20240726_F02,1,train
20250625_chem02_35C_T02_1228_C08_e01,20250625_chem02_35C_T02_1228_C08,1,train
20250624_chem02_35C_T01_1711_D05_e02,20250624_chem02_35C_T01_1711_D05,1,train
20240718_G01_e01,20240718_G01,1,train
20240306_F09_e01,20240306_F09,132,train
20240813_36hpf_H04_e01,20240813_36hpf_H04,1,train
20250515_part2_A08_e02,20250515_part2_A08,27,train
20231110_D01_e01,20231110_D01,6,train
20251207_pbx_E05_e01,20251207_pbx_E05,132,train
20250623_chem_34C_T02_1231_A04_e01,20250623_chem_34C_T02_1231_A04,1,train
20260324_cep290_30hpf_plate01_C01_e01,20260324_cep290_30hpf_plate01_C01,1,train
20250612_24hpf_ctrl_atf6_H09_e01,20250612_24hpf_ctrl_atf6_H09,1,train
20260417_irx_pilot_A10_e02,20260417_irx_pilot_A10,27,train
20240418_D09_e02,20240418_D09,46,train
20250624_chem02_28C_T00_1356_G11_e01,20250624_chem02_28C_T00_1356_G11,1,train
20250721_chem5_28C_T00_1257_G10_e01,20250721_chem5_28C_T00_1257_G10,1,train
20240726_D04_e01,20240726_D04,1,train
20250622_chem_28C_T01_1658_C01_e01,20250622_chem_28C_T01_1658_C01,1,train
20230622_B06_e01,20230622_B06,43,train
20260702_hotchem_30hpf_plate01_C01_e01,20260702_hotchem_30hpf_plate01_C01,1,train
20240813_30hpf_E04_e01,20240813_30hpf_E04,1,train
20260702_hotchem_30hpf_plate02_G08_e01,20260702_hotchem_30hpf_plate02_G08,1,train
20260414_b9d2_30hpf_plate02_F07_e01,20260414_b9d2_30hpf_plate02_F07,1,train
20260724_hotfish_24hpf_plate01_F07_e01,20260724_hotfish_24hpf_plate01_F07,1,train
20250703_chem3_35C_T01_1437_C04_e01,20250703_chem3_35C_T01_1437_C04,1,train
20250622_chem_34C_T00_1256_C07_e01,20250622_chem_34C_T00_1256_C07,1,train
20250622_chem_35C_T01_1605_A02_e01,20250622_chem_35C_T01_1605_A02,1,train
20260213_F02_e01,20260213_F02,139,train
20251017_part1_A09_e01,20251017_part1_A09,65,train
20240812_D06_e01,20240812_D06,75,train
20260213_E07_e01,20260213_E07,139,train
20260724_hotfish_36hpf_plate02_F05_e01,20260724_hotfish_36hpf_plate02_F05,1,train
20260724_hotfish_36hpf_plate01_E01_e01,20260724_hotfish_36hpf_plate01_E01,1,train
20250215_C12_e01,20250215_C12,78,train
20240812_G10_e01,20240812_G10,75,train
20260417_irx_pilot_H10_e02,20260417_irx_pilot_H10,27,train
20250625_chem02_34C_T02_1301_E11_e01,20250625_chem02_34C_T02_1301_E11,1,train
20260122_A05_e03,20260122_A05,104,train
20251017_part1_C09_e01,20251017_part1_C09,65,train
20240813_36hpf_H07_e01,20240813_36hpf_H07,1,train
20240717_D08_e01,20240717_D08,1,train
20230629_E03_e01,20230629_E03,41,train
20240509_24hpf_B05_e01,20240509_24hpf_B05,1,train
20260228_B01_e01,20260228_B01,151,train
20240509_F07_e01,20240509_F07,41,train
20231206_B03_e02,20231206_B03,59,train
20260415_b9d2_30to48hpf_plate01_t02_H03_e02,20260415_b9d2_30to48hpf_plate01_t02_H03,1,train
20230613_C02_e01,20230613_C02,66,train
20250501_G12_e01,20250501_G12,176,train
20260319_cilia_crispant_24hpf_H03_e01,20260319_cilia_crispant_24hpf_H03,1,train
20260415_cep290_18hpf_plate03_D01_e01,20260415_cep290_18hpf_plate03_D01,1,train
20251112_B07_e01,20251112_B07,49,train
20250711_G04_e01,20250711_G04,179,train
20250623_chem_28C_T02_1259_B07_e01,20250623_chem_28C_T02_1259_B07,1,train
20260415_b9d2_30to48hpf_plate01_t02_G04_e01,20260415_b9d2_30to48hpf_plate01_t02_G04,1,train
20260724_hotfish_24hpf_plate01_G09_e01,20260724_hotfish_24hpf_plate01_G09,1,train
20251017_part2_G08_e01,20251017_part2_G08,60,train
20250721_chem5_28C_T01_1401_B02_e01,20250721_chem5_28C_T01_1401_B02,1,train
20250716_chem4_34C_T00_1014_D11_e01,20250716_chem4_34C_T00_1014_D11,1,train
20260319_cilia_crispant_24hpf_E06_e01,20260319_cilia_crispant_24hpf_E06,1,train
20250515_part2_B05_e02,20250515_part2_B05,27,train
20250126_D06_e02,20250126_D06,71,train
20250624_chem02_28C_T00_1356_E12_e01,20250624_chem02_28C_T00_1356_E12,1,train
20240411_C12_e01,20240411_C12,48,train
20240530_B11_e01,20240530_B11,81,train
20260219_G07_e01,20260219_G07,177,train
20260417_irx_pilot_D05_e02,20260417_irx_pilot_D05,27,train
20260228_H12_e01,20260228_H12,151,train
20260324_cep290_30hpf_plate02_A05_e01,20260324_cep290_30hpf_plate02_A05,1,train
20260414_b9d2_30hpf_plate01_D01_e01,20260414_b9d2_30hpf_plate01_D01,1,train
20260213_A01_e01,20260213_A01,139,train
20250622_chem_28C_T00_1425_F02_e01,20250622_chem_28C_T00_1425_F02,1,train
20251121_E05_e01,20251121_E05,173,train
20240418_C07_e01,20240418_C07,46,train
20260208_G08_e02,20260208_G08,321,train
20260702_hotchem_24hpf_plate02_D05_e01,20260702_hotchem_24hpf_plate02_D05,1,train
20250622_chem_34C_T01_1632_E05_e01,20250622_chem_34C_T01_1632_E05,1,train
20251121_A10_e02,20251121_A10,173,train
20250716_chem4_35C_T00_1045_E03_e01,20250716_chem4_35C_T00_1045_E03,1,train
20260306_B12_e02,20260306_B12,186,train
20251017_part1_B12_e01,20251017_part1_B12,65,train
20240418_C06_e01,20240418_C06,46,train
20250622_chem_28C_T00_1425_G06_e01,20250622_chem_28C_T00_1425_G06,1,train
20240509_18ss_G03_e01,20240509_18ss_G03,1,train
20260202_A02_e03,20260202_A02,71,train
20250624_chem02_28C_T01_1808_A11_e01,20250624_chem02_28C_T01_1808_A11,1,train
20240509_B01_e01,20240509_B01,41,train
20260414_b9d2_30hpf_plate01_B04_e01,20260414_b9d2_30hpf_plate01_B04,1,train
20231218_G10_e02,20231218_G10,34,train
20260122_C03_e02,20260122_C03,104,train
20250624_chem02_28C_T00_1356_E01_e03,20250624_chem02_28C_T00_1356_E01,1,train
20230627_D09_e01,20230627_D09,45,train
20251112_F06_e03,20251112_F06,8,train
20250612_24hpf_ctrl_atf6_B03_e01,20250612_24hpf_ctrl_atf6_B03,1,train
20240813_24hpf_G02_e01,20240813_24hpf_G02,1,train
20250415_H10_e01,20250415_H10,39,train
20260724_hotfish_24hpf_plate02_D05_e01,20260724_hotfish_24hpf_plate02_D05,1,train
20250622_chem_28C_T01_1658_D02_e01,20250622_chem_28C_T01_1658_D02,1,train
20250215_H11_e01,20250215_H11,78,train
20260324_cep290_30hpf_plate01_D11_e01,20260324_cep290_30hpf_plate01_D11,1,train
20251205_D10_e01,20251205_D10,115,train
20241022_G12_e01,20241022_G12,37,train
20250912_A07_e01,20250912_A07,113,train
20260415_b9d2_30to48hpf_plate01_t02_A06_e01,20260415_b9d2_30to48hpf_plate01_t02_A06,1,train
20260324_cep290_30hpf_plate01_E05_e01,20260324_cep290_30hpf_plate01_E05,1,train
20240404_A12_e01,20240404_A12,35,train
20251121_F05_e02,20251121_F05,18,train
20260324_cep290_30hpf_plate02_A02_e01,20260324_cep290_30hpf_plate02_A02,1,train
20240307_C01_e01,20240307_C01,44,train
20250622_chem_35C_T01_1605_F04_e02,20250622_chem_35C_T01_1605_F04,1,train
20260414_b9d2_30hpf_plate01_H09_e01,20260414_b9d2_30hpf_plate01_H09,1,train
20260319_cilia_crispant_30hpf_B04_e01,20260319_cilia_crispant_30hpf_B04,1,train
20230531_G08_e01,20230531_G08,66,train
20260306_C07_e02,20260306_C07,186,train
20250501_F11_e02,20250501_F11,176,train
20240510_F05_e01,20240510_F05,1,train
20260122_H02_e01,20260122_H02,104,train
20240418_D02_e02,20240418_D02,46,train
20230615_E11_e01,20230615_E11,50,train
20260415_b9d2_30to48hpf_plate01_t02_A05_e02,20260415_b9d2_30to48hpf_plate01_t02_A05,1,train
20260304_F06_e02,20260304_F06,192,train
20230615_C09_e01,20230615_C09,50,train
20250612_30hpf_ctrl_atf6_G08_e01,20250612_30hpf_ctrl_atf6_G08,1,train
20250622_chem_34C_T01_1632_H08_e01,20250622_chem_34C_T01_1632_H08,1,train
20250612_30hpf_ctrl_atf6_F11_e01,20250612_30hpf_ctrl_atf6_F11,1,train
20250612_30hpf_ctrl_atf6_E07_e01,20250612_30hpf_ctrl_atf6_E07,1,train
20260416_cep290_30to48hpf_plate01_t02_E11_e01,20260416_cep290_30to48hpf_plate01_t02_E11,1,train
20250721_chem5_28C_T00_1257_F07_e01,20250721_chem5_28C_T00_1257_F07,1,train
20250622_chem_35C_T00_1223_check_D07_e01,20250622_chem_35C_T00_1223_check_D07,1,train
20250912_C07_e02,20250912_C07,113,train
20251112_H02_e01,20251112_H02,49,train
20260219_D02_e01,20260219_D02,177,train
20251207_pbx_H08_e01,20251207_pbx_H08,132,train
20260304_D03_e02,20260304_D03,192,train
20260702_hotchem_24hpf_plate02_E01_e01,20260702_hotchem_24hpf_plate02_E01,1,train
20230615_E02_e01,20230615_E02,50,train
20250711_E09_e01,20250711_E09,179,train
20250625_chem02_28C_T02_1332_G08_e01,20250625_chem02_28C_T02_1332_G08,1,train
20260415_cep290_18hpf_plate03_B01_e01,20260415_cep290_18hpf_plate03_B01,1,train
20230613_A07_e01,20230613_A07,66,train
20260319_cilia_crispant_30hpf_C11_e01,20260319_cilia_crispant_30hpf_C11,1,train
20241022_H02_e01,20241022_H02,37,train
20240307_F10_e01,20240307_F10,44,train
20250703_chem3_28C_T00_1325_A02_e01,20250703_chem3_28C_T00_1325_A02,1,train
20250624_chem02_28C_T00_1356_B11_e01,20250624_chem02_28C_T00_1356_B11,1,train
20250703_chem3_28C_T00_1325_G06_e01,20250703_chem3_28C_T00_1325_G06,1,train
20250624_chem02_34C_T00_1243_A04_e01,20250624_chem02_34C_T00_1243_A04,1,train
20260418_irx_pilot_F08_e01,20260418_irx_pilot_F08,78,train
20240812_B02_e01,20240812_B02,75,train
20240726_B03_e01,20240726_B03,1,train
20240509_24hpf_F05_e01,20240509_24hpf_F05,1,train
20260702_hotchem_30hpf_plate02_A04_e01,20260702_hotchem_30hpf_plate02_A04,1,train
20260304_D09_e01,20260304_D09,192,train
20260418_irx_pilot_D09_e03,20260418_irx_pilot_D09,78,train
20250215_B02_e01,20250215_B02,78,train
20250624_chem02_28C_T01_1808_C06_e01,20250624_chem02_28C_T01_1808_C06,1,train
20250711_B01_e01,20250711_B01,179,train
20251205_B03_e01,20251205_B03,115,train
20250126_D05_e01,20250126_D05,71,train
20240626_B05_e01,20240626_B05,112,train
20250721_chem5_28C_T00_1257_E01_e01,20250721_chem5_28C_T00_1257_E01,1,train
20230602_G04_e01,20230602_G04,97,train
20250912_F01_e01,20250912_F01,113,train
20250703_chem3_34C_T01_1457_G06_e01,20250703_chem3_34C_T01_1457_G06,1,train
20231206_F03_e01,20231206_F03,59,train
20250612_24hpf_ctrl_atf6_C10_e01,20250612_24hpf_ctrl_atf6_C10,1,train
20240509_G09_e01,20240509_G09,41,train
20251121_D06_e02,20251121_D06,51,train
20251207_pbx_F03_e01,20251207_pbx_F03,132,train
20260414_b9d2_14hpf_plate01_H06_e01,20260414_b9d2_14hpf_plate01_H06,1,train
20251121_H02_e01,20251121_H02,173,train
20250703_chem3_34C_T01_1457_A01_e01,20250703_chem3_34C_T01_1457_A01,1,train
20250703_chem3_35C_T00_1101_F01_e01,20250703_chem3_35C_T00_1101_F01,1,train
20260702_hotchem_24hpf_plate01_D02_e01,20260702_hotchem_24hpf_plate01_D02,1,train
20231110_F04_e01,20231110_F04,64,train
20240813_24hpf_B06_e01,20240813_24hpf_B06,1,train
20250703_chem3_34C_T00_1131_F07_e01,20250703_chem3_34C_T00_1131_F07,1,train
20251112_E11_e01,20251112_E11,49,train
20251119_A01_e01,20251119_A01,348,train
20230627_D09_e02,20230627_D09,45,train
20230602_D07_e01,20230602_D07,97,train
20240307_G06_e01,20240307_G06,44,train
20230602_E01_e01,20230602_E01,97,train
20260724_hotfish_30hpf_plate02_F02_e01,20260724_hotfish_30hpf_plate02_F02,1,train
20260418_irx_pilot_C09_e01,20260418_irx_pilot_C09,78,train
20260304_C09_e02,20260304_C09,192,train
20250215_A07_e01,20250215_A07,78,train
20240418_E11_e03,20240418_E11,46,train
20231218_G03_e01,20231218_G03,34,train
20260206_A01_e01,20260206_A01,150,train
20260416_cep290_30to48hpf_plate02_t02_F05_e01,20260416_cep290_30to48hpf_plate02_t02_F05,1,train
20260724_hotfish_36hpf_plate01_A10_e01,20260724_hotfish_36hpf_plate01_A10,1,train
20240404_D06_e01,20240404_D06,35,train
20260319_cilia_crispant_30hpf_H08_e01,20260319_cilia_crispant_30hpf_H08,1,train
20260702_hotchem_30hpf_plate01_D11_e01,20260702_hotchem_30hpf_plate01_D11,1,train
20230622_D10_e01,20230622_D10,43,train
20260417_irx_pilot_B04_e01,20260417_irx_pilot_B04,27,train
20260213_E08_e02,20260213_E08,139,train
20250512_G09_e01,20250512_G09,195,train
20230531_F05_e01,20230531_F05,66,train
20260324_cep290_30hpf_plate01_E04_e01,20260324_cep290_30hpf_plate01_E04,1,train
20260306_F10_e02,20260306_F10,160,train
20240530_E05_e01,20240530_E05,81,train
20230613_B09_e01,20230613_B09,40,train
20250721_chem5_28C_T00_1257_H11_e02,20250721_chem5_28C_T00_1257_H11,1,train
20250721_chem5_35C_T00_1023_G05_e01,20250721_chem5_35C_T00_1023_G05,1,train
20250625_chem02_34C_T02_1301_G05_e02,20250625_chem02_34C_T02_1301_G05,1,train
20250512_H09_e01,20250512_H09,195,train
20230613_D02_e01,20230613_D02,66,train
20251125_H09_e01,20251125_H09,230,train
20260418_irx_pilot_E11_e04,20260418_irx_pilot_E11,78,train
20260324_cep290_24hpf_plate02_D09_e01,20260324_cep290_24hpf_plate02_D09,1,train
20250519_C10_e01,20250519_C10,51,train
20250622_chem_34C_T01_1632_A10_e01,20250622_chem_34C_T01_1632_A10,1,train
20250612_30hpf_wfs1_ctcf_D09_e01,20250612_30hpf_wfs1_ctcf_D09,1,train
20230531_G11_e01,20230531_G11,66,train
20250703_chem3_34C_T01_1457_E05_e01,20250703_chem3_34C_T01_1457_E05,1,train
20250912_H01_e02,20250912_H01,113,train
20250703_chem3_34C_T01_1457_A07_e01,20250703_chem3_34C_T01_1457_A07,1,train
20250721_chem5_28C_T00_1257_H04_e01,20250721_chem5_28C_T00_1257_H04,1,train
20250721_chem5_28C_T01_1401_A08_e01,20250721_chem5_28C_T01_1401_A08,1,train
20260122_B04_e01,20260122_B04,104,train
20250703_chem3_35C_T01_1437_G06_e01,20250703_chem3_35C_T01_1437_G06,1,train
20250612_30hpf_wfs1_ctcf_B03_e01,20250612_30hpf_wfs1_ctcf_B03,1,train
20260324_cep290_30hpf_plate02_D01_e01,20260324_cep290_30hpf_plate02_D01,1,train
20250425_C11_e01,20250425_C11,118,train
20260202_A01_e01,20260202_A01,71,train
20240411_B09_e01,20240411_B09,48,train
20250515_part2_B06_e01,20250515_part2_B06,27,train
20231218_B02_e01,20231218_B02,34,train
20250625_chem02_28C_T02_1332_H04_e02,20250625_chem02_28C_T02_1332_H04,1,train
20260331_b9d2_18hpf_plate02_D02_e02,20260331_b9d2_18hpf_plate02_D02,1,train
20250716_chem4_28C_T00_1158_E09_e01,20250716_chem4_28C_T00_1158_E09,1,train
20240510_H04_e01,20240510_H04,1,train
20240726_C06_e01,20240726_C06,1,train
20251017_part1_C12_e01,20251017_part1_C12,65,train
20260414_b9d2_14hpf_plate01_B03_e01,20260414_b9d2_14hpf_plate01_B03,1,train
20250622_chem_35C_T00_1223_check_G07_e01,20250622_chem_35C_T00_1223_check_G07,1,train
20250622_chem_34C_T01_1632_C01_e01,20250622_chem_34C_T01_1632_C01,1,train
20251207_pbx_A03_e01,20251207_pbx_A03,132,train
20260415_b9d2_30to48hpf_plate01_t02_A06_e02,20260415_b9d2_30to48hpf_plate01_t02_A06,1,train
20230613_A08_e01,20230613_A08,66,train
20260702_hotchem_30hpf_plate02_F07_e02,20260702_hotchem_30hpf_plate02_F07,1,train
20250612_30hpf_wfs1_ctcf_B02_e01,20250612_30hpf_wfs1_ctcf_B02,1,train
20250622_chem_35C_T01_1605_A01_e02,20250622_chem_35C_T01_1605_A01,1,train
20260724_hotfish_36hpf_plate02_E02_e01,20260724_hotfish_36hpf_plate02_E02,1,train
20260702_hotchem_24hpf_plate02_E11_e01,20260702_hotchem_24hpf_plate02_E11,1,train
20250612_24hpf_wfs1_ctcf_B09_e01,20250612_24hpf_wfs1_ctcf_B09,1,train
20260324_cep290_30hpf_plate02_B02_e01,20260324_cep290_30hpf_plate02_B02,1,train
20260415_b9d2_30to48hpf_plate01_t02_E06_e01,20260415_b9d2_30to48hpf_plate01_t02_E06,1,train
20250716_chem4_35C_T00_1045_B10_e01,20250716_chem4_35C_T00_1045_B10,1,train
20260702_hotchem_36hpf_plate02_G03_e01,20260702_hotchem_36hpf_plate02_G03,1,train
20240530_C12_e01,20240530_C12,81,train
20251112_A11_e01,20251112_A11,49,train
20260213_E06_e01,20260213_E06,139,train
20251125_E07_e01,20251125_E07,231,train
20251125_F12_e01,20251125_F12,231,train
20241022_G04_e01,20241022_G04,37,train
20260702_hotchem_36hpf_plate01_C05_e01,20260702_hotchem_36hpf_plate01_C05,1,train
20260202_H08_e02,20260202_H08,71,train
20240306_H04_e01,20240306_H04,132,train
20251121_A10_e01,20251121_A10,173,train
20260213_A06_e01,20260213_A06,139,train
20260416_cep290_30to48hpf_plate01_t02_G05_e01,20260416_cep290_30to48hpf_plate01_t02_G05,1,train
20250624_chem02_28C_T00_1356_G02_e01,20250624_chem02_28C_T00_1356_G02,1,train
20230613_C07_e01,20230613_C07,66,train
20250425_F10_e01,20250425_F10,118,train
20241023_G01_e02,20241023_G01,43,train
20251017_part2_F01_e03,20251017_part2_F01,63,train
20260415_cep290_30to48hpf_plate02_t01_G01_e01,20260415_cep290_30to48hpf_plate02_t01_G01,1,train
20260324_cep290_30hpf_plate02_G04_e02,20260324_cep290_30hpf_plate02_G04,1,train
20260414_b9d2_30hpf_plate02_A05_e01,20260414_b9d2_30hpf_plate02_A05,1,train
20260724_hotfish_36hpf_plate01_G04_e01,20260724_hotfish_36hpf_plate01_G04,1,train
20260416_cep290_30to48hpf_plate01_t02_A10_e01,20260416_cep290_30to48hpf_plate01_t02_A10,1,train
20260202_F01_e01,20260202_F01,71,train
20250624_chem02_34C_T00_1243_E08_e01,20250624_chem02_34C_T00_1243_E08,1,train
20240724_B05_e01,20240724_B05,1,train
20260415_b9d2_30to48hpf_plate01_t02_E03_e01,20260415_b9d2_30to48hpf_plate01_t02_E03,1,train
20250612_36hpf_wfs1_ctcf_C05_e01,20250612_36hpf_wfs1_ctcf_C05,1,train
20250721_chem5_35C_T00_1023_H05_e01,20250721_chem5_35C_T00_1023_H05,1,train
20260202_C05_e01,20260202_C05,71,train
20240530_D07_e01,20240530_D07,81,train
20250703_chem3_35C_T00_1101_C06_e01,20250703_chem3_35C_T00_1101_C06,1,train
20251017_part1_B05_e01,20251017_part1_B05,65,train
20260319_cilia_crispant_30hpf_C08_e01,20260319_cilia_crispant_30hpf_C08,1,train
20260324_cep290_24hpf_plate01_B11_e01,20260324_cep290_24hpf_plate01_B11,1,train
20250501_G05_e03,20250501_G05,176,train
20250612_36hpf_wfs1_ctcf_B01_e01,20250612_36hpf_wfs1_ctcf_B01,1,train
20250501_D10_e01,20250501_D10,176,train
20250721_chem5_35C_T00_1023_B03_e01,20250721_chem5_35C_T00_1023_B03,1,train
20250721_chem5_35C_T00_1023_E01_e01,20250721_chem5_35C_T00_1023_E01,1,train
20260724_hotfish_30hpf_plate01_D05_e01,20260724_hotfish_30hpf_plate01_D05,1,train
20250612_24hpf_wfs1_ctcf_D03_e01,20250612_24hpf_wfs1_ctcf_D03,1,train
20240813_24hpf_C02_e01,20240813_24hpf_C02,1,train
20251020_C11_e01,20251020_C11,57,train
20250624_chem02_28C_T01_1808_F07_e02,20250624_chem02_28C_T01_1808_F07,1,train
20250624_chem02_28C_T00_1356_D04_e01,20250624_chem02_28C_T00_1356_D04,1,train
20240418_A02_e01,20240418_A02,46,train
20240717_C08_e01,20240717_C08,1,train
20260202_C03_e01,20260202_C03,71,train
20240509_24hpf_C07_e01,20240509_24hpf_C07,1,train
20260219_E04_e01,20260219_E04,177,train
20240307_F03_e03,20240307_F03,44,train
20240717_H01_e02,20240717_H01,1,train
20250623_chem_34C_T02_1231_C01_e01,20250623_chem_34C_T02_1231_C01,1,train
20260319_G04_e01,20260319_G04,105,train
20260702_hotchem_30hpf_plate01_H06_e01,20260702_hotchem_30hpf_plate01_H06,1,train
20250912_F02_e02,20250912_F02,113,train
20250305_G12_e01,20250305_G12,340,train
20260208_F06_e01,20260208_F06,179,train
20260324_cep290_24hpf_plate01_A03_e01,20260324_cep290_24hpf_plate01_A03,1,train
20260219_A05_e01,20260219_A05,177,train
20250711_G07_e01,20250711_G07,179,train
20250622_chem_28C_T01_1658_B08_e01,20250622_chem_28C_T01_1658_B08,1,train
20260202_B01_e02,20260202_B01,71,train
20260417_irx_pilot_D09_e02,20260417_irx_pilot_D09,27,train
20250721_chem5_28C_T00_1257_D01_e01,20250721_chem5_28C_T00_1257_D01,1,train
20260319_cilia_crispant_18hpf_C08_e01,20260319_cilia_crispant_18hpf_C08,1,train
20260219_G09_e02,20260219_G09,177,train
20230602_A06_e02,20230602_A06,98,train
20260219_H02_e02,20260219_H02,177,train
20240812_B04_e01,20240812_B04,75,train
20231218_C03_e01,20231218_C03,34,train
20260304_G12_e03,20260304_G12,192,train
20240306_D11_e01,20240306_D11,132,train
20250501_H06_e02,20250501_H06,176,train
20260724_hotfish_36hpf_plate02_B07_e01,20260724_hotfish_36hpf_plate02_B07,1,train
20250612_36hpf_wfs1_ctcf_E12_e01,20250612_36hpf_wfs1_ctcf_E12,1,train
20251205_A06_e01,20251205_A06,115,train
20260219_F09_e02,20260219_F09,177,train
20250703_chem3_35C_T00_1101_A04_e02,20250703_chem3_35C_T00_1101_A04,1,train
20250622_chem_34C_T00_1256_C04_e01,20250622_chem_34C_T00_1256_C04,1,train
20250501_D05_e02,20250501_D05,176,train
20250622_chem_34C_T01_1632_C06_e01,20250622_chem_34C_T01_1632_C06,1,train
20260724_hotfish_30hpf_plate02_G07_e01,20260724_hotfish_30hpf_plate02_G07,1,train
20240510_E06_e01,20240510_E06,1,train
20250721_chem5_28C_T01_1401_C03_e01,20250721_chem5_28C_T01_1401_C03,1,train
20250721_chem5_28C_T01_1401_B10_e01,20250721_chem5_28C_T01_1401_B10,1,train
20250703_chem3_34C_T00_1131_C07_e01,20250703_chem3_34C_T00_1131_C07,1,train
20260324_cep290_30hpf_plate02_C07_e01,20260324_cep290_30hpf_plate02_C07,1,train
20250501_C12_e01,20250501_C12,176,train
20260324_cep290_24hpf_plate01_H11_e01,20260324_cep290_24hpf_plate01_H11,1,train
20250512_E11_e02,20250512_E11,195,train
20240813_24hpf_D02_e01,20240813_24hpf_D02,1,train
20260319_cilia_crispant_30hpf_D06_e01,20260319_cilia_crispant_30hpf_D06,1,train
20260417_irx_pilot_C04_e01,20260417_irx_pilot_C04,27,train
20230602_A03_e01,20230602_A03,98,train
20250624_chem02_28C_T00_1356_B01_e01,20250624_chem02_28C_T00_1356_B01,1,train
20230629_C04_e01,20230629_C04,41,train
20250624_chem02_35C_T01_1711_E12_e01,20250624_chem02_35C_T01_1711_E12,1,train
20250501_B04_e01,20250501_B04,161,train
20260208_B11_e01,20260208_B11,321,train
20250625_chem02_35C_T02_1228_F10_e01,20250625_chem02_35C_T02_1228_F10,1,train
20260724_hotfish_36hpf_plate01_C07_e01,20260724_hotfish_36hpf_plate01_C07,1,train
20260319_cilia_crispant_24hpf_B05_e01,20260319_cilia_crispant_24hpf_B05,1,train
20250501_G09_e02,20250501_G09,176,train
20260202_E07_e03,20260202_E07,71,train
20250519_H01_e01,20250519_H01,51,train
20260306_A05_e01,20260306_A05,186,train
20250501_D07_e02,20250501_D07,176,train
20240418_B07_e02,20240418_B07,46,train
20250716_chem4_35C_T00_1045_C05_e01,20250716_chem4_35C_T00_1045_C05,1,train
20251207_pbx_A07_e01,20251207_pbx_A07,132,train
20240509_B08_e01,20240509_B08,41,train
20260724_hotfish_36hpf_plate02_A02_e01,20260724_hotfish_36hpf_plate02_A02,1,train
20250716_chem4_28C_T01_1400_G02_e01,20250716_chem4_28C_T01_1400_G02,1,train
20260702_hotchem_24hpf_plate02_G02_e01,20260702_hotchem_24hpf_plate02_G02,1,train
20250515_part2_D10_e02,20250515_part2_D10,27,train
20260324_cep290_30hpf_plate02_A04_e01,20260324_cep290_30hpf_plate02_A04,1,train
20250612_36hpf_ctrl_atf6_C01_e02,20250612_36hpf_ctrl_atf6_C01,1,train
20231218_F07_e02,20231218_F07,34,train
20250721_chem5_35C_T00_1023_A12_e01,20250721_chem5_35C_T00_1023_A12,1,train
20260415_b9d2_30to48hpf_plate01_t02_C03_e01,20260415_b9d2_30to48hpf_plate01_t02_C03,1,train
20260206_H11_e01,20260206_H11,150,train
20260702_hotchem_24hpf_plate02_F09_e02,20260702_hotchem_24hpf_plate02_F09,1,train
20260702_hotchem_24hpf_plate01_F08_e01,20260702_hotchem_24hpf_plate01_F08,1,train
20251121_D03_e01,20251121_D03,169,train
20240718_D01_e01,20240718_D01,1,train
20250612_36hpf_wfs1_ctcf_E02_e01,20250612_36hpf_wfs1_ctcf_E02,1,train
20260202_B02_e01,20260202_B02,71,train
20260324_cep290_30hpf_plate02_B05_e02,20260324_cep290_30hpf_plate02_B05,1,train
20260324_cep290_24hpf_plate02_H10_e01,20260324_cep290_24hpf_plate02_H10,1,train
20250703_chem3_34C_T01_1457_H05_e01,20250703_chem3_34C_T01_1457_H05,1,train
20240812_C02_e01,20240812_C02,75,train
20250625_chem02_35C_T02_1228_G05_e01,20250625_chem02_35C_T02_1228_G05,1,train
20260202_A07_e02,20260202_A07,24,train
20250612_24hpf_wfs1_ctcf_F08_e01,20250612_24hpf_wfs1_ctcf_F08,1,train
20250703_chem3_35C_T00_1101_G06_e01,20250703_chem3_35C_T00_1101_G06,1,train
20240510_F04_e01,20240510_F04,1,train
20260304_F11_e03,20260304_F11,192,train
20250703_chem3_28C_T00_1325_H02_e02,20250703_chem3_28C_T00_1325_H02,1,train
20250912_F12_e01,20250912_F12,113,train
20251017_part1_A08_e01,20251017_part1_A08,65,train
20251212_A04_e01,20251212_A04,115,train
20250721_chem5_35C_T00_1023_C12_e02,20250721_chem5_35C_T00_1023_C12,1,train
20260213_A06_e02,20260213_A06,139,train
20240522_D04_e01,20240522_D04,95,train
20260702_hotchem_24hpf_plate01_F09_e01,20260702_hotchem_24hpf_plate01_F09,1,train
20250512_D11_e02,20250512_D11,195,train
20250425_A07_e01,20250425_A07,118,train
20260416_cep290_30to48hpf_plate01_t02_G07_e01,20260416_cep290_30to48hpf_plate01_t02_G07,1,train
20260304_E03_e04,20260304_E03,192,train
20230831_C03_e01,20230831_C03,1,train
20260416_cep290_30to48hpf_plate01_t02_C02_e01,20260416_cep290_30to48hpf_plate01_t02_C02,1,train
20260122_A01_e01,20260122_A01,104,train
20240717_E01_e01,20240717_E01,1,train
20250612_30hpf_ctrl_atf6_B05_e01,20250612_30hpf_ctrl_atf6_B05,1,train
20230615_G07_e01,20230615_G07,50,train
20250622_chem_35C_T01_1605_G07_e02,20250622_chem_35C_T01_1605_G07,1,train
20260415_cep290_30to48hpf_plate02_t01_F11_e01,20260415_cep290_30to48hpf_plate02_t01_F11,1,train
20260319_cilia_crispant_18hpf_E05_e01,20260319_cilia_crispant_18hpf_E05,1,train
20230613_B03_e01,20230613_B03,66,train
20250612_36hpf_ctrl_atf6_C04_e01,20250612_36hpf_ctrl_atf6_C04,1,train
20250425_F04_e01,20250425_F04,118,train
20250624_chem02_34C_T01_1739_A07_e01,20250624_chem02_34C_T01_1739_A07,1,train
20240404_F05_e01,20240404_F05,35,train
20260724_hotfish_24hpf_plate01_D01_e01,20260724_hotfish_24hpf_plate01_D01,1,train
20250622_chem_28C_T00_1425_F10_e01,20250622_chem_28C_T00_1425_F10,1,train
20260415_b9d2_30to48hpf_plate02_t02_E08_e03,20260415_b9d2_30to48hpf_plate02_t02_E08,1,train
20241023_F10_e01,20241023_F10,43,train
20250624_chem02_28C_T01_1808_G04_e01,20250624_chem02_28C_T01_1808_G04,1,train
20240530_F04_e01,20240530_F04,81,train
20240510_B03_e01,20240510_B03,1,train
20250612_24hpf_wfs1_ctcf_C12_e01,20250612_24hpf_wfs1_ctcf_C12,1,train
20260724_hotfish_36hpf_plate01_B01_e01,20260724_hotfish_36hpf_plate01_B01,1,train
20250519_C05_e01,20250519_C05,51,train
20250515_part2_C01_e02,20250515_part2_C01,27,train
20250625_chem02_35C_T02_1228_A06_e01,20250625_chem02_35C_T02_1228_A06,1,train
20250703_chem3_35C_T00_1101_B07_e01,20250703_chem3_35C_T00_1101_B07,1,train
20250515_part2_D03_e01,20250515_part2_D03,27,train
20251020_H12_e01,20251020_H12,57,train
20260416_cep290_30to48hpf_plate02_t02_C01_e01,20260416_cep290_30to48hpf_plate02_t02_C01,1,train
20250622_chem_35C_T01_1605_C01_e01,20250622_chem_35C_T01_1605_C01,1,train
20260213_C08_e02,20260213_C08,139,train
20260702_hotchem_30hpf_plate01_B06_e01,20260702_hotchem_30hpf_plate01_B06,1,train
20260319_cilia_crispant_24hpf_C04_e01,20260319_cilia_crispant_24hpf_C04,1,train
20230831_B01_e01,20230831_B01,1,train
20260331_b9d2_18hpf_plate02_A06_e02,20260331_b9d2_18hpf_plate02_A06,1,train
20260724_hotfish_30hpf_plate01_H10_e01,20260724_hotfish_30hpf_plate01_H10,1,train
20250624_chem02_28C_T01_1808_G11_e01,20250624_chem02_28C_T01_1808_G11,1,train
20260702_hotchem_30hpf_plate01_D05_e01,20260702_hotchem_30hpf_plate01_D05,1,train
20240530_H02_e01,20240530_H02,81,train
20250623_chem_28C_T02_1259_G05_e01,20250623_chem_28C_T02_1259_G05,1,train
20260219_C01_e01,20260219_C01,177,train
20250716_chem4_28C_T01_1400_C02_e01,20250716_chem4_28C_T01_1400_C02,1,train
20260324_cep290_30hpf_plate01_D01_e01,20260324_cep290_30hpf_plate01_D01,1,train
20260414_b9d2_14hpf_plate01_F06_e02,20260414_b9d2_14hpf_plate01_F06,1,train
20251112_F12_e01,20251112_F12,49,train
20260319_cilia_crispant_24hpf_B02_e01,20260319_cilia_crispant_24hpf_B02,1,train
20250624_chem02_28C_T01_1808_C02_e01,20250624_chem02_28C_T01_1808_C02,1,train
20260213_A03_e01,20260213_A03,139,train
20240404_G10_e01,20240404_G10,35,train
20260724_hotfish_30hpf_plate02_F05_e01,20260724_hotfish_30hpf_plate02_F05,1,train
20250622_chem_34C_T01_1632_A04_e01,20250622_chem_34C_T01_1632_A04,1,train
20231218_G12_e01,20231218_G12,34,train
20250703_chem3_34C_T00_1131_E06_e01,20250703_chem3_34C_T00_1131_E06,1,train
20251121_A12_e01,20251121_A12,173,train
20260304_E09_e01,20260304_E09,192,train
20250623_chem_34C_T02_1231_F01_e01,20250623_chem_34C_T02_1231_F01,1,train
20260319_cilia_crispant_30hpf_A09_e03,20260319_cilia_crispant_30hpf_A09,1,train
20260306_E09_e01,20260306_E09,186,train
20260319_cilia_crispant_18hpf_C04_e01,20260319_cilia_crispant_18hpf_C04,1,train
20260304_H09_e03,20260304_H09,192,train
20250519_A11_e01,20250519_A11,51,train
20260324_cep290_24hpf_plate02_A12_e01,20260324_cep290_24hpf_plate02_A12,1,train
20260324_cep290_24hpf_plate01_D06_e01,20260324_cep290_24hpf_plate01_D06,1,train
20250703_chem3_35C_T01_1437_C05_e01,20250703_chem3_35C_T01_1437_C05,1,train
20250721_chem5_28C_T00_1257_B09_e01,20250721_chem5_28C_T00_1257_B09,1,train
20251125_E03_e01,20251125_E03,231,train
20260416_cep290_30to48hpf_plate02_t02_F03_e01,20260416_cep290_30to48hpf_plate02_t02_F03,1,train
20240510_A07_e01,20240510_A07,1,train
20250515_part2_A09_e01,20250515_part2_A09,27,train
20250215_A04_e01,20250215_A04,78,train
20260304_B12_e01,20260304_B12,192,train
20260324_cep290_24hpf_plate02_C09_e01,20260324_cep290_24hpf_plate02_C09,1,train
20260324_cep290_30hpf_plate01_C02_e01,20260324_cep290_30hpf_plate01_C02,1,train
20260324_cep290_24hpf_plate02_E08_e01,20260324_cep290_24hpf_plate02_E08,1,train
20250501_F01_e01,20250501_F01,176,train
20240404_G02_e01,20240404_G02,35,train
20260702_hotchem_30hpf_plate01_A06_e01,20260702_hotchem_30hpf_plate01_A06,1,train
20250624_chem02_34C_T01_1739_B01_e01,20250624_chem02_34C_T01_1739_B01,1,train
20250703_chem3_34C_T00_1131_B03_e01,20250703_chem3_34C_T00_1131_B03,1,train
20250305_E11_e01,20250305_E11,340,train
20251112_H08_e01,20251112_H08,49,train
20250721_chem5_35C_T00_1023_G01_e01,20250721_chem5_35C_T00_1023_G01,1,train
20250721_chem5_28C_T00_1257_H12_e01,20250721_chem5_28C_T00_1257_H12,1,train
20250612_30hpf_ctrl_atf6_F01_e01,20250612_30hpf_ctrl_atf6_F01,1,train
20240530_E08_e01,20240530_E08,81,train
20250625_chem02_35C_T02_1228_D02_e01,20250625_chem02_35C_T02_1228_D02,1,train
20260702_hotchem_30hpf_plate01_F08_e01,20260702_hotchem_30hpf_plate01_F08,1,train
20250126_E08_e02,20250126_E08,71,train
20250305_E12_e01,20250305_E12,340,train
20251125_F08_e02,20251125_F08,231,train
20240626_C07_e01,20240626_C07,112,train
20250624_chem02_28C_T00_1356_A03_e01,20250624_chem02_28C_T00_1356_A03,1,train
20230622_E10_e01,20230622_E10,43,train
20240725_B03_e01,20240725_B03,1,train
20250703_chem3_34C_T00_1131_D05_e02,20250703_chem3_34C_T00_1131_D05,1,train
20260202_B09_e03,20260202_B09,71,train
20250501_B10_e01,20250501_B10,173,train
20260416_cep290_30to48hpf_plate02_t02_D06_e01,20260416_cep290_30to48hpf_plate02_t02_D06,1,train
20260418_irx_pilot_E02_e01,20260418_irx_pilot_E02,78,train
20260414_b9d2_30hpf_plate02_B08_e01,20260414_b9d2_30hpf_plate02_B08,1,train
20250716_chem4_35C_T00_1045_H08_e01,20250716_chem4_35C_T00_1045_H08,1,train
20250625_chem02_35C_T02_1228_A10_e01,20250625_chem02_35C_T02_1228_A10,1,train
20260210_D09_e01,20260210_D09,161,train
20250512_D06_e01,20250512_D06,195,train
20240509_24hpf_A04_e01,20240509_24hpf_A04,1,train
20230613_C05_e01,20230613_C05,66,train
20240522_G05_e01,20240522_G05,95,train
20251112_G05_e01,20251112_G05,49,train
20260414_b9d2_30hpf_plate02_C03_e01,20260414_b9d2_30hpf_plate02_C03,1,train
20250624_chem02_34C_T00_1243_H05_e01,20250624_chem02_34C_T00_1243_H05,1,train
20250721_chem5_28C_T00_1257_D12_e01,20250721_chem5_28C_T00_1257_D12,1,train
20250721_chem5_28C_T00_1257_C12_e02,20250721_chem5_28C_T00_1257_C12,1,train
20230531_C06_e01,20230531_C06,66,train
20260319_G05_e01,20260319_G05,105,train
20250716_chem4_34C_T00_1014_D05_e01,20250716_chem4_34C_T00_1014_D05,1,train
20260122_F10_e01,20260122_F10,104,train
20260724_hotfish_30hpf_plate01_B05_e01,20260724_hotfish_30hpf_plate01_B05,1,train
20260417_irx_pilot_B01_e02,20260417_irx_pilot_B01,27,train
20260724_hotfish_36hpf_plate01_D12_e01,20260724_hotfish_36hpf_plate01_D12,1,train
20240522_E11_e01,20240522_E11,95,train
20250711_E07_e01,20250711_E07,179,train
20260206_H07_e01,20260206_H07,150,train
20251207_pbx_C02_e01,20251207_pbx_C02,132,train
20250612_30hpf_ctrl_atf6_D01_e01,20250612_30hpf_ctrl_atf6_D01,1,train
20260324_cep290_24hpf_plate01_D12_e02,20260324_cep290_24hpf_plate01_D12,1,train
20240724_A05_e01,20240724_A05,1,train
20240509_C09_e01,20240509_C09,41,train
20230615_B11_e01,20230615_B11,48,train
20250519_A03_e01,20250519_A03,51,train
20260417_irx_pilot_A04_e02,20260417_irx_pilot_A04,27,train
20260724_hotfish_36hpf_plate01_B09_e01,20260724_hotfish_36hpf_plate01_B09,1,train
20251112_H07_e02,20251112_H07,23,train
20251112_F03_e03,20251112_F03,6,train
20260417_irx_pilot_H05_e02,20260417_irx_pilot_H05,27,train
20231206_B01_e02,20231206_B01,59,train
20260702_hotchem_24hpf_plate02_G03_e01,20260702_hotchem_24hpf_plate02_G03,1,train
20250703_chem3_35C_T00_1101_F07_e01,20250703_chem3_35C_T00_1101_F07,1,train
20250624_chem02_28C_T01_1808_B04_e01,20250624_chem02_28C_T01_1808_B04,1,train
20240813_36hpf_H03_e01,20240813_36hpf_H03,1,train
20250716_chem4_35C_T00_1045_C10_e01,20250716_chem4_35C_T00_1045_C10,1,train
20250612_36hpf_ctrl_atf6_D04_e01,20250612_36hpf_ctrl_atf6_D04,1,train
20240530_F05_e01,20240530_F05,81,train
20260724_hotfish_24hpf_plate02_F05_e01,20260724_hotfish_24hpf_plate02_F05,1,train
20260319_cilia_crispant_24hpf_E04_e01,20260319_cilia_crispant_24hpf_E04,1,train
20250622_chem_34C_T00_1256_C12_e01,20250622_chem_34C_T00_1256_C12,1,train
20260306_H10_e01,20260306_H10,186,train
20260324_cep290_24hpf_plate01_C01_e01,20260324_cep290_24hpf_plate01_C01,1,train
20260202_D06_e02,20260202_D06,71,train
20231206_D04_e02,20231206_D04,59,train
20250622_chem_34C_T01_1632_B08_e01,20250622_chem_34C_T01_1632_B08,1,train
20250623_chem_34C_T02_1231_G05_e01,20250623_chem_34C_T02_1231_G05,1,train
20250716_chem4_35C_T00_1045_B09_e01,20250716_chem4_35C_T00_1045_B09,1,train
20260213_B05_e02,20260213_B05,139,train
20250515_part2_B07_e01,20250515_part2_B07,27,train
20260724_hotfish_24hpf_plate01_B10_e01,20260724_hotfish_24hpf_plate01_B10,1,train
20260324_cep290_30hpf_plate01_H02_e01,20260324_cep290_30hpf_plate01_H02,1,train
20260202_E06_e02,20260202_E06,71,train
20250622_chem_28C_T00_1425_E10_e01,20250622_chem_28C_T00_1425_E10,1,train
20251017_part2_A06_e01,20251017_part2_A06,63,train
20230629_B01_e01,20230629_B01,41,train
20260208_E02_e01,20260208_E02,321,train
20250622_chem_34C_T00_1256_D10_e01,20250622_chem_34C_T00_1256_D10,1,train
20230531_D06_e01,20230531_D06,66,train
20230620_C05_e01,20230620_C05,88,train
20230602_G03_e01,20230602_G03,97,train
20240509_F01_e01,20240509_F01,41,train
20251207_pbx_D04_e01,20251207_pbx_D04,131,train
20260418_irx_pilot_A10_e02,20260418_irx_pilot_A10,78,train
20250622_chem_28C_T00_1425_A03_e02,20250622_chem_28C_T00_1425_A03,1,train
20250612_24hpf_wfs1_ctcf_F10_e01,20250612_24hpf_wfs1_ctcf_F10,1,train
20250215_D01_e01,20250215_D01,78,train
20260414_b9d2_30hpf_plate01_G09_e02,20260414_b9d2_30hpf_plate01_G09,1,train
20231206_H06_e02,20231206_H06,59,train
20251212_A09_e01,20251212_A09,115,train
20260210_F05_e01,20260210_F05,161,train
20260702_hotchem_36hpf_plate01_D08_e01,20260702_hotchem_36hpf_plate01_D08,1,train
20250703_chem3_35C_T00_1101_E02_e02,20250703_chem3_35C_T00_1101_E02,1,train
20260213_D01_e03,20260213_D01,139,train
20260702_hotchem_30hpf_plate02_C10_e01,20260702_hotchem_30hpf_plate02_C10,1,train
20260414_b9d2_14hpf_plate01_H09_e01,20260414_b9d2_14hpf_plate01_H09,1,train
20260202_B09_e02,20260202_B09,71,train
20250716_chem4_34C_T00_1014_G04_e02,20250716_chem4_34C_T00_1014_G04,1,train
20260415_cep290_18hpf_plate03_E07_e01,20260415_cep290_18hpf_plate03_E07,1,train
20250126_F12_e01,20250126_F12,71,train
20260702_hotchem_30hpf_plate01_A09_e01,20260702_hotchem_30hpf_plate01_A09,1,train
20251112_D08_e01,20251112_D08,49,train
20240404_E03_e02,20240404_E03,35,train
20250425_B02_e01,20250425_B02,118,train
20240522_C04_e01,20240522_C04,95,train
20260418_irx_pilot_D02_e01,20260418_irx_pilot_D02,78,train
20250716_chem4_28C_T00_1158_F03_e01,20250716_chem4_28C_T00_1158_F03,1,train
20240530_B09_e01,20240530_B09,81,train
20241023_G09_e01,20241023_G09,43,train
20240717_A02_e01,20240717_A02,1,train
20240404_D09_e01,20240404_D09,35,train
20260331_b9d2_18hpf_plate02_H03_e01,20260331_b9d2_18hpf_plate02_H03,1,train
20260702_hotchem_30hpf_plate02_H09_e01,20260702_hotchem_30hpf_plate02_H09,1,train
20260415_b9d2_30to48hpf_plate02_t02_E08_e04,20260415_b9d2_30to48hpf_plate02_t02_E08,1,train
20250711_C08_e01,20250711_C08,179,train
20251121_H05_e01,20251121_H05,172,train
20260702_hotchem_24hpf_plate02_B10_e01,20260702_hotchem_24hpf_plate02_B10,1,train
20230627_D04_e01,20230627_D04,45,train
20250721_chem5_35C_T00_1023_D06_e01,20250721_chem5_35C_T00_1023_D06,1,train
20250912_E03_e02,20250912_E03,113,train
20230627_A09_e02,20230627_A09,45,train
20250721_chem5_28C_T00_1257_E10_e01,20250721_chem5_28C_T00_1257_E10,1,train
20241022_C01_e01,20241022_C01,37,train
20240510_C02_e01,20240510_C02,1,train
20260416_cep290_30to48hpf_plate02_t02_H01_e01,20260416_cep290_30to48hpf_plate02_t02_H01,1,train
20240510_E07_e01,20240510_E07,1,train
20250623_chem_28C_T02_1259_F07_e01,20250623_chem_28C_T02_1259_F07,1,train
20250711_C01_e02,20250711_C01,179,train
20260414_b9d2_30hpf_plate01_A07_e01,20260414_b9d2_30hpf_plate01_A07,1,train
20250625_chem02_35C_T02_1228_D05_e01,20250625_chem02_35C_T02_1228_D05,1,train
20230629_E01_e03,20230629_E01,41,train
20250622_chem_34C_T01_1632_H03_e01,20250622_chem_34C_T01_1632_H03,1,train
20230831_B04_e01,20230831_B04,1,train
20260724_hotfish_30hpf_plate02_A03_e01,20260724_hotfish_30hpf_plate02_A03,1,train
20260702_hotchem_36hpf_plate01_B03_e01,20260702_hotchem_36hpf_plate01_B03,1,train
20260304_H01_e01,20260304_H01,192,train
20260319_cilia_crispant_24hpf_A03_e01,20260319_cilia_crispant_24hpf_A03,1,train
20251212_E11_e01,20251212_E11,115,train
20260702_hotchem_36hpf_plate01_B01_e01,20260702_hotchem_36hpf_plate01_B01,1,train
20260702_hotchem_30hpf_plate02_D11_e02,20260702_hotchem_30hpf_plate02_D11,1,train
20260702_hotchem_30hpf_plate01_E03_e03,20260702_hotchem_30hpf_plate01_E03,1,train
20250126_D08_e01,20250126_D08,71,train
20251017_part2_H03_e01,20251017_part2_H03,63,train
20260415_b9d2_30to48hpf_plate01_t02_H02_e01,20260415_b9d2_30to48hpf_plate01_t02_H02,1,train
20240724_C04_e01,20240724_C04,1,train
20240404_C05_e01,20240404_C05,35,train
20260213_F03_e02,20260213_F03,139,train
20240411_E05_e01,20240411_E05,48,train
20260319_cilia_crispant_30hpf_B12_e01,20260319_cilia_crispant_30hpf_B12,1,train
20260414_b9d2_30hpf_plate02_B04_e01,20260414_b9d2_30hpf_plate02_B04,1,train
20240509_C06_e01,20240509_C06,41,train
20250625_chem02_28C_T02_1332_G11_e01,20250625_chem02_28C_T02_1332_G11,1,train
20251207_pbx_G02_e01,20251207_pbx_G02,132,train
20250512_C03_e02,20250512_C03,195,train
20230615_A10_e02,20230615_A10,50,train
20260415_b9d2_30to48hpf_plate02_t02_H05_e01,20260415_b9d2_30to48hpf_plate02_t02_H05,1,train
20260304_A06_e03,20260304_A06,80,train
20260414_b9d2_30hpf_plate02_B05_e01,20260414_b9d2_30hpf_plate02_B05,1,train
20260213_H03_e02,20260213_H03,139,train
20260213_A10_e01,20260213_A10,139,train
20251212_G12_e01,20251212_G12,115,train
20250721_chem5_28C_T01_1401_A02_e01,20250721_chem5_28C_T01_1401_A02,1,train
20260724_hotfish_30hpf_plate01_H08_e01,20260724_hotfish_30hpf_plate01_H08,1,train
20260702_hotchem_24hpf_plate01_E10_e02,20260702_hotchem_24hpf_plate01_E10,1,train
20260702_hotchem_36hpf_plate01_H07_e01,20260702_hotchem_36hpf_plate01_H07,1,train
20260414_b9d2_30hpf_plate01_B05_e01,20260414_b9d2_30hpf_plate01_B05,1,train
20260702_hotchem_24hpf_plate01_B03_e01,20260702_hotchem_24hpf_plate01_B03,1,train
20250912_B07_e01,20250912_B07,113,train
20260213_B03_e02,20260213_B03,139,train
20230627_C10_e01,20230627_C10,10,train
20250215_D03_e01,20250215_D03,78,train
20241023_B04_e01,20241023_B04,43,train
20240411_F07_e01,20240411_F07,48,train
20260202_G02_e02,20260202_G02,71,train
20250612_24hpf_ctrl_atf6_F02_e01,20250612_24hpf_ctrl_atf6_F02,1,train
20250716_chem4_28C_T00_1158_E06_e01,20250716_chem4_28C_T00_1158_E06,1,train
20240530_F02_e01,20240530_F02,81,train
20260324_cep290_24hpf_plate01_H06_e01,20260324_cep290_24hpf_plate01_H06,1,train
20260702_hotchem_24hpf_plate02_E06_e02,20260702_hotchem_24hpf_plate02_E06,1,train
20240718_C01_e01,20240718_C01,1,train
20230627_A03_e01,20230627_A03,45,train
20251212_G06_e01,20251212_G06,115,train
20250622_chem_28C_T00_1425_B10_e02,20250622_chem_28C_T00_1425_B10,1,train
20260213_A11_e02,20260213_A11,139,train
20260702_hotchem_36hpf_plate01_B04_e01,20260702_hotchem_36hpf_plate01_B04,1,train
20250703_chem3_34C_T00_1131_B06_e01,20250703_chem3_34C_T00_1131_B06,1,train
20250622_chem_35C_T00_1223_check_H07_e01,20250622_chem_35C_T00_1223_check_H07,1,train
20251017_part1_B06_e04,20251017_part1_B06,24,train
20250622_chem_35C_T01_1605_F01_e01,20250622_chem_35C_T01_1605_F01,1,train
20260213_C05_e02,20260213_C05,139,train
20240813_24hpf_E02_e01,20240813_24hpf_E02,1,train
20260415_cep290_30to48hpf_plate02_t01_E04_e01,20260415_cep290_30to48hpf_plate02_t01_E04,1,train
20250716_chem4_28C_T01_1400_B06_e01,20250716_chem4_28C_T01_1400_B06,1,train
20250612_36hpf_ctrl_atf6_A04_e01,20250612_36hpf_ctrl_atf6_A04,1,train
20260724_hotfish_36hpf_plate02_G01_e01,20260724_hotfish_36hpf_plate02_G01,1,train
20251020_C08_e01,20251020_C08,57,train
20240812_G02_e01,20240812_G02,75,train
20260319_H01_e01,20260319_H01,105,train
20250501_G05_e01,20250501_G05,176,train
20260702_hotchem_36hpf_plate02_A01_e01,20260702_hotchem_36hpf_plate02_A01,1,train
20250703_chem3_35C_T00_1101_B02_e01,20250703_chem3_35C_T00_1101_B02,1,train
20260304_E06_e04,20260304_E06,192,train
20240418_D05_e01,20240418_D05,46,train
20260304_B06_e05,20260304_B06,47,train
20231206_E12_e02,20231206_E12,59,train
20250716_chem4_28C_T00_1158_G03_e01,20250716_chem4_28C_T00_1158_G03,1,train
20250716_chem4_34C_T00_1014_A03_e01,20250716_chem4_34C_T00_1014_A03,1,train
20231110_B01_e02,20231110_B01,64,train
20251121_D08_e01,20251121_D08,173,train
20260702_hotchem_30hpf_plate01_E07_e01,20260702_hotchem_30hpf_plate01_E07,1,train
20241022_F08_e01,20241022_F08,37,train
20260702_hotchem_24hpf_plate02_G08_e01,20260702_hotchem_24hpf_plate02_G08,1,train
20260213_C03_e02,20260213_C03,139,train
20260416_cep290_30to48hpf_plate01_t02_B06_e02,20260416_cep290_30to48hpf_plate01_t02_B06,1,train
20240509_24hpf_D04_e01,20240509_24hpf_D04,1,train
20250624_chem02_35C_T00_1216_C03_e01,20250624_chem02_35C_T00_1216_C03,1,train
20260210_A10_e01,20260210_A10,161,train
20260219_D03_e02,20260219_D03,177,train
20251205_D04_e01,20251205_D04,115,train
20250624_chem02_35C_T00_1216_D02_e01,20250624_chem02_35C_T00_1216_D02,1,train
20250612_24hpf_ctrl_atf6_C08_e01,20250612_24hpf_ctrl_atf6_C08,1,train
20230531_A11_e01,20230531_A11,66,train
20250716_chem4_28C_T00_1158_C07_e01,20250716_chem4_28C_T00_1158_C07,1,train
20260724_hotfish_30hpf_plate01_D12_e01,20260724_hotfish_30hpf_plate01_D12,1,train
20231206_A06_e02,20231206_A06,59,train
20260210_C10_e01,20260210_C10,161,train
20250711_H06_e01,20250711_H06,179,train
20260331_b9d2_18hpf_plate02_E07_e01,20260331_b9d2_18hpf_plate02_E07,1,train
20251017_part2_D08_e01,20251017_part2_D08,56,train
20240404_H03_e01,20240404_H03,35,train
20260702_hotchem_24hpf_plate01_C08_e01,20260702_hotchem_24hpf_plate01_C08,1,train
20250625_chem02_35C_T02_1228_G01_e01,20250625_chem02_35C_T02_1228_G01,1,train
20231218_D04_e01,20231218_D04,34,train
20260418_irx_pilot_G09_e03,20260418_irx_pilot_G09,78,train
20260415_cep290_18hpf_plate03_G01_e01,20260415_cep290_18hpf_plate03_G01,1,train
20260213_B05_e01,20260213_B05,138,train
20260724_hotfish_30hpf_plate02_H06_e01,20260724_hotfish_30hpf_plate02_H06,1,train
20251212_B10_e01,20251212_B10,115,train
20260219_H12_e01,20260219_H12,177,train
20231218_H09_e01,20231218_H09,34,train
20240509_H04_e01,20240509_H04,41,train
20260417_irx_pilot_G07_e02,20260417_irx_pilot_G07,27,train
20240418_H05_e02,20240418_H05,46,train
20251112_E02_e02,20251112_E02,43,train
20260202_G10_e01,20260202_G10,71,train
20230615_C03_e01,20230615_C03,50,train
20250215_H04_e01,20250215_H04,78,train
20250612_36hpf_wfs1_ctcf_F11_e01,20250612_36hpf_wfs1_ctcf_F11,1,train
20260417_irx_pilot_B02_e03,20260417_irx_pilot_B02,27,train
20231206_C04_e01,20231206_C04,59,train
20250624_chem02_34C_T00_1243_B05_e01,20250624_chem02_34C_T00_1243_B05,1,train
20250721_chem5_35C_T00_1023_G10_e02,20250721_chem5_35C_T00_1023_G10,1,train
20250515_part2_G08_e01,20250515_part2_G08,27,train
20231206_H11_e02,20231206_H11,59,train
20260213_A08_e02,20260213_A08,139,train
20250622_chem_28C_T01_1658_H12_e01,20250622_chem_28C_T01_1658_H12,1,train
20240307_B11_e01,20240307_B11,44,train
20250721_chem5_28C_T01_1401_H05_e01,20250721_chem5_28C_T01_1401_H05,1,train
20251119_D02_e01,20251119_D02,348,train
20251112_B05_e02,20251112_B05,22,train
20250624_chem02_28C_T01_1808_G12_e02,20250624_chem02_28C_T01_1808_G12,1,train
20250612_36hpf_wfs1_ctcf_A05_e01,20250612_36hpf_wfs1_ctcf_A05,1,train
20260210_E07_e01,20260210_E07,161,train
20250625_chem02_28C_T02_1332_C02_e01,20250625_chem02_28C_T02_1332_C02,1,train
20241022_E11_e01,20241022_E11,37,train
20250305_B07_e01,20250305_B07,340,train
20260213_D08_e01,20260213_D08,139,train
20240725_G02_e02,20240725_G02,1,train
20260702_hotchem_24hpf_plate02_A11_e01,20260702_hotchem_24hpf_plate02_A11,1,train
20251017_part1_A03_e01,20251017_part1_A03,65,train
20251207_pbx_A02_e01,20251207_pbx_A02,132,train
20240509_24hpf_E06_e01,20240509_24hpf_E06,1,train
20230531_E06_e01,20230531_E06,66,train
20251017_part2_H02_e01,20251017_part2_H02,63,train
20250625_chem02_35C_T02_1228_A11_e01,20250625_chem02_35C_T02_1228_A11,1,train
20230613_A12_e01,20230613_A12,66,train
20260319_A07_e02,20260319_A07,105,train
20250703_chem3_35C_T01_1437_E06_e01,20250703_chem3_35C_T01_1437_E06,1,train
20230831_C08_e01,20230831_C08,1,train
20260324_cep290_24hpf_plate01_C06_e01,20260324_cep290_24hpf_plate01_C06,1,train
20250515_part2_D05_e02,20250515_part2_D05,27,train
20260415_b9d2_30to48hpf_plate02_t02_E02_e01,20260415_b9d2_30to48hpf_plate02_t02_E02,1,train
20251112_C04_e01,20251112_C04,49,train
20251125_H03_e01,20251125_H03,231,train
20250126_C01_e01,20250126_C01,71,train
20240411_A10_e01,20240411_A10,48,train
20260416_cep290_30to48hpf_plate01_t02_H09_e01,20260416_cep290_30to48hpf_plate01_t02_H09,1,train
20250625_chem02_28C_T02_1332_C12_e01,20250625_chem02_28C_T02_1332_C12,1,train
20230602_F04_e01,20230602_F04,97,train
20260331_b9d2_18hpf_plate02_B05_e01,20260331_b9d2_18hpf_plate02_B05,1,train
20260702_hotchem_24hpf_plate01_D02_e02,20260702_hotchem_24hpf_plate01_D02,1,train
20250622_chem_28C_T01_1658_G08_e01,20250622_chem_28C_T01_1658_G08,1,train
20250622_chem_34C_T01_1632_E02_e01,20250622_chem_34C_T01_1632_E02,1,train
20240411_B08_e01,20240411_B08,48,train
20240718_H11_e01,20240718_H11,1,train
20240307_E01_e01,20240307_E01,44,train
20250625_chem02_28C_T02_1332_B01_e01,20250625_chem02_28C_T02_1332_B01,1,train
20250624_chem02_35C_T00_1216_F11_e01,20250624_chem02_35C_T00_1216_F11,1,train
20260213_D03_e02,20260213_D03,139,train
20260724_hotfish_36hpf_plate02_B02_e01,20260724_hotfish_36hpf_plate02_B02,1,train
20250624_chem02_34C_T01_1739_A08_e01,20250624_chem02_34C_T01_1739_A08,1,train
20260213_C05_e03,20260213_C05,139,train
20250612_36hpf_wfs1_ctcf_E09_e01,20250612_36hpf_wfs1_ctcf_E09,1,train
20260418_irx_pilot_G09_e01,20260418_irx_pilot_G09,78,train
20250624_chem02_28C_T01_1808_E10_e02,20250624_chem02_28C_T01_1808_E10,1,train
20250625_chem02_28C_T02_1332_G10_e01,20250625_chem02_28C_T02_1332_G10,1,train
20250625_chem02_35C_T02_1228_C12_e01,20250625_chem02_35C_T02_1228_C12,1,train
20240418_E09_e01,20240418_E09,46,train
20260418_irx_pilot_A07_e01,20260418_irx_pilot_A07,78,train
20230531_E11_e03,20230531_E11,23,train
20240404_B01_e03,20240404_B01,35,train
20250622_chem_35C_T01_1605_H11_e01,20250622_chem_35C_T01_1605_H11,1,train
20250501_H10_e01,20250501_H10,176,train
20250215_H01_e01,20250215_H01,78,train
20250624_chem02_34C_T00_1243_E10_e01,20250624_chem02_34C_T00_1243_E10,1,train
20240509_B03_e01,20240509_B03,41,train
20240307_C11_e01,20240307_C11,44,train
20250912_C07_e01,20250912_C07,113,train
20251212_E07_e01,20251212_E07,115,train
20260306_G01_e03,20260306_G01,186,train
20260324_cep290_30hpf_plate01_G12_e01,20260324_cep290_30hpf_plate01_G12,1,train
20251020_F06_e01,20251020_F06,57,train
20251125_A08_e01,20251125_A08,231,train
20260319_cilia_crispant_18hpf_D06_e01,20260319_cilia_crispant_18hpf_D06,1,train
20260208_F11_e01,20260208_F11,321,train
20240509_H11_e01,20240509_H11,41,train
20240307_H04_e01,20240307_H04,44,train
20250624_chem02_28C_T00_1356_G12_e01,20250624_chem02_28C_T00_1356_G12,1,train
20260210_G07_e01,20260210_G07,161,train
20250519_D08_e01,20250519_D08,51,train
20250425_A05_e01,20250425_A05,118,train
20250512_B03_e01,20250512_B03,195,train
20230602_A05_e01,20230602_A05,98,train
20260306_H07_e01,20260306_H07,186,train
20251017_part2_B03_e01,20251017_part2_B03,63,train
20251017_part1_E01_e01,20251017_part1_E01,65,train
20250912_F11_e01,20250912_F11,113,train
20250515_part2_C10_e02,20250515_part2_C10,27,train
20260702_hotchem_30hpf_plate01_B12_e01,20260702_hotchem_30hpf_plate01_B12,1,train
20250624_chem02_34C_T00_1243_G11_e01,20250624_chem02_34C_T00_1243_G11,1,train
20251017_part1_F09_e01,20251017_part1_F09,65,train
20250126_B03_e01,20250126_B03,71,train
20250612_30hpf_wfs1_ctcf_B06_e01,20250612_30hpf_wfs1_ctcf_B06,1,train
20250716_chem4_28C_T00_1158_E07_e01,20250716_chem4_28C_T00_1158_E07,1,train
20260319_cilia_crispant_30hpf_A04_e01,20260319_cilia_crispant_30hpf_A04,1,train
20250624_chem02_28C_T00_1356_C08_e01,20250624_chem02_28C_T00_1356_C08,1,train
20230622_D12_e01,20230622_D12,43,train
20250415_F09_e01,20250415_F09,39,train
20260319_cilia_crispant_24hpf_G08_e01,20260319_cilia_crispant_24hpf_G08,1,train
20250721_chem5_28C_T01_1401_D06_e01,20250721_chem5_28C_T01_1401_D06,1,train
20260324_cep290_24hpf_plate01_H12_e01,20260324_cep290_24hpf_plate01_H12,1,train
20260417_irx_pilot_C07_e02,20260417_irx_pilot_C07,27,train
20250501_H03_e01,20250501_H03,176,train
20260202_B03_e01,20260202_B03,71,train
20250703_chem3_35C_T01_1437_B03_e01,20250703_chem3_35C_T01_1437_B03,1,train
20260416_cep290_30to48hpf_plate02_t02_G03_e01,20260416_cep290_30to48hpf_plate02_t02_G03,1,train
20250721_chem5_28C_T00_1257_E12_e01,20250721_chem5_28C_T00_1257_E12,1,train
20250515_part2_E12_e02,20250515_part2_E12,27,train
20250612_24hpf_wfs1_ctcf_E01_e01,20250612_24hpf_wfs1_ctcf_E01,1,train
20250512_H02_e01,20250512_H02,195,train
20230531_B04_e01,20230531_B04,66,train
20250711_B12_e01,20250711_B12,179,train
20260324_cep290_24hpf_plate01_D01_e01,20260324_cep290_24hpf_plate01_D01,1,train
20260219_C03_e01,20260219_C03,177,train
20250612_24hpf_wfs1_ctcf_H12_e01,20250612_24hpf_wfs1_ctcf_H12,1,train
20250912_C12_e01,20250912_C12,113,train
20260304_H03_e01,20260304_H03,192,train
20250612_30hpf_ctrl_atf6_H12_e01,20250612_30hpf_ctrl_atf6_H12,1,train
20260416_cep290_30to48hpf_plate02_t02_C06_e01,20260416_cep290_30to48hpf_plate02_t02_C06,1,train
20250622_chem_28C_T00_1425_A12_e01,20250622_chem_28C_T00_1425_A12,1,train
20260415_cep290_30to48hpf_plate02_t01_F07_e01,20260415_cep290_30to48hpf_plate02_t01_F07,1,train
20240813_36hpf_G06_e01,20240813_36hpf_G06,1,train
20250612_24hpf_wfs1_ctcf_H09_e01,20250612_24hpf_wfs1_ctcf_H09,1,train
20251017_part2_H10_e01,20251017_part2_H10,63,train
20250425_D12_e02,20250425_D12,118,train
20251125_A09_e02,20251125_A09,231,train
20251212_F03_e01,20251212_F03,115,train
20260319_cilia_crispant_18hpf_H03_e01,20260319_cilia_crispant_18hpf_H03,1,train
20230615_G04_e01,20230615_G04,50,train
20260418_irx_pilot_A03_e01,20260418_irx_pilot_A03,78,train
20250624_chem02_28C_T00_1356_F02_e02,20250624_chem02_28C_T00_1356_F02,1,train
20240418_D07_e01,20240418_D07,46,train
20230615_A12_e01,20230615_A12,49,train
20251205_F04_e01,20251205_F04,115,train
20260417_irx_pilot_A08_e01,20260417_irx_pilot_A08,27,train
20260416_cep290_30to48hpf_plate01_t02_D08_e01,20260416_cep290_30to48hpf_plate01_t02_D08,1,train
20230831_G04_e01,20230831_G04,1,train
20250501_E02_e01,20250501_E02,176,train
20230622_B07_e01,20230622_B07,43,train
20240626_E06_e01,20240626_E06,112,train
20260702_hotchem_24hpf_plate01_G06_e01,20260702_hotchem_24hpf_plate01_G06,1,train
20260724_hotfish_24hpf_plate01_F05_e01,20260724_hotfish_24hpf_plate01_F05,1,train
20250612_36hpf_wfs1_ctcf_D07_e01,20250612_36hpf_wfs1_ctcf_D07,1,train
20260213_D06_e02,20260213_D06,139,train
20240418_A12_e03,20240418_A12,46,train
20260416_cep290_30to48hpf_plate01_t02_G08_e02,20260416_cep290_30to48hpf_plate01_t02_G08,1,train
20240718_F09_e01,20240718_F09,1,train
20260213_C10_e01,20260213_C10,139,train
20240307_D02_e01,20240307_D02,44,train
20250716_chem4_28C_T01_1400_G08_e01,20250716_chem4_28C_T01_1400_G08,1,train
20260219_C07_e02,20260219_C07,177,train
20240522_F05_e01,20240522_F05,95,train
20260319_cilia_crispant_30hpf_F02_e01,20260319_cilia_crispant_30hpf_F02,1,train
20250512_D11_e01,20250512_D11,195,train
20250912_B04_e01,20250912_B04,113,train
20240725_F04_e01,20240725_F04,1,train
20260208_D02_e01,20260208_D02,321,train
20250703_chem3_34C_T01_1457_H04_e01,20250703_chem3_34C_T01_1457_H04,1,train
20250912_G10_e01,20250912_G10,113,train
20260213_F02_e03,20260213_F02,139,train
20260414_b9d2_14hpf_plate01_B06_e01,20260414_b9d2_14hpf_plate01_B06,1,train
20251017_part1_G09_e01,20251017_part1_G09,65,train
20230831_E08_e01,20230831_E08,1,train
20260122_G05_e02,20260122_G05,104,train
20260331_b9d2_18hpf_plate02_B07_e01,20260331_b9d2_18hpf_plate02_B07,1,train
20231110_C02_e01,20231110_C02,64,train
20250622_chem_35C_T00_1223_check_E06_e01,20250622_chem_35C_T00_1223_check_E06,1,train
20260702_hotchem_36hpf_plate01_F02_e01,20260702_hotchem_36hpf_plate01_F02,1,train
20250716_chem4_35C_T00_1045_F11_e02,20250716_chem4_35C_T00_1045_F11,1,train
20260319_D01_e01,20260319_D01,105,train
20250623_chem_34C_T02_1231_F06_e01,20250623_chem_34C_T02_1231_F06,1,train
20250622_chem_34C_T00_1256_G08_e01,20250622_chem_34C_T00_1256_G08,1,train
20250716_chem4_28C_T00_1158_H07_e01,20250716_chem4_28C_T00_1158_H07,1,train
20240411_A12_e01,20240411_A12,48,train
20240813_36hpf_F04_e01,20240813_36hpf_F04,1,train
20260702_hotchem_24hpf_plate01_E11_e01,20260702_hotchem_24hpf_plate01_E11,1,train
20251017_part1_D04_e01,20251017_part1_D04,65,train
20260304_A09_e03,20260304_A09,192,train
20240724_B03_e01,20240724_B03,1,train
20251017_part2_D10_e01,20251017_part2_D10,63,train
20260417_irx_pilot_G12_e01,20260417_irx_pilot_G12,27,train
20250126_A06_e02,20250126_A06,29,train
20251207_pbx_B10_e01,20251207_pbx_B10,132,train
20260319_cilia_crispant_30hpf_C02_e01,20260319_cilia_crispant_30hpf_C02,1,train
20250612_36hpf_wfs1_ctcf_C12_e01,20250612_36hpf_wfs1_ctcf_C12,1,train
20231206_H09_e02,20231206_H09,59,train
20260415_b9d2_30to48hpf_plate02_t02_F03_e01,20260415_b9d2_30to48hpf_plate02_t02_F03,1,train
20251112_G02_e01,20251112_G02,49,train
20260724_hotfish_24hpf_plate01_F04_e01,20260724_hotfish_24hpf_plate01_F04,1,train
20240509_24hpf_A05_e01,20240509_24hpf_A05,1,train
20250622_chem_35C_T01_1605_A07_e01,20250622_chem_35C_T01_1605_A07,1,train
20260202_F04_e03,20260202_F04,71,train
20240718_B11_e01,20240718_B11,1,train
20260324_cep290_24hpf_plate02_E12_e01,20260324_cep290_24hpf_plate02_E12,1,train
20231206_E03_e01,20231206_E03,59,train
20250624_chem02_35C_T01_1711_A07_e02,20250624_chem02_35C_T01_1711_A07,1,train
20240530_H09_e03,20240530_H09,81,train
20250425_A08_e01,20250425_A08,118,train
20260324_cep290_24hpf_plate02_C11_e01,20260324_cep290_24hpf_plate02_C11,1,train
20230602_E07_e01,20230602_E07,95,train
20250612_24hpf_wfs1_ctcf_G06_e01,20250612_24hpf_wfs1_ctcf_G06,1,train
20250721_chem5_28C_T01_1401_D08_e01,20250721_chem5_28C_T01_1401_D08,1,train
20240717_G02_e01,20240717_G02,1,train
20260702_hotchem_30hpf_plate02_D11_e01,20260702_hotchem_30hpf_plate02_D11,1,train
20250624_chem02_28C_T01_1808_E01_e02,20250624_chem02_28C_T01_1808_E01,1,train
20250515_part2_B10_e01,20250515_part2_B10,27,train
20240509_A05_e01,20240509_A05,41,train
20260210_C05_e01,20260210_C05,161,train
20240509_24hpf_C06_e01,20240509_24hpf_C06,1,train
20260415_b9d2_30to48hpf_plate01_t02_D12_e01,20260415_b9d2_30to48hpf_plate01_t02_D12,1,train
20260417_irx_pilot_H11_e01,20260417_irx_pilot_H11,27,train
20260724_hotfish_36hpf_plate02_D01_e01,20260724_hotfish_36hpf_plate02_D01,1,train
20240522_G11_e01,20240522_G11,95,train
20240724_G03_e01,20240724_G03,1,train
20250625_chem02_35C_T02_1228_D12_e02,20250625_chem02_35C_T02_1228_D12,1,train
20260208_A07_e01,20260208_A07,321,train
20260206_E11_e01,20260206_E11,150,train
20260702_hotchem_24hpf_plate01_A05_e01,20260702_hotchem_24hpf_plate01_A05,1,train
20260724_hotfish_24hpf_plate02_C03_e01,20260724_hotfish_24hpf_plate02_C03,1,train
20260304_H05_e02,20260304_H05,192,train
20260702_hotchem_24hpf_plate01_F02_e01,20260702_hotchem_24hpf_plate01_F02,1,train
20251017_part2_C01_e01,20251017_part2_C01,63,train
20250716_chem4_35C_T00_1045_D11_e01,20250716_chem4_35C_T00_1045_D11,1,train
20250415_H06_e02,20250415_H06,39,train
20240509_24hpf_A06_e01,20240509_24hpf_A06,1,train
20251212_D06_e01,20251212_D06,115,train
20250703_chem3_35C_T00_1101_C03_e01,20250703_chem3_35C_T00_1101_C03,1,train
20250501_A12_e01,20250501_A12,176,train
20260202_E11_e01,20260202_E11,71,train
20250612_30hpf_ctrl_atf6_C04_e01,20250612_30hpf_ctrl_atf6_C04,1,train
20260210_F10_e01,20260210_F10,161,train
20230531_A01_e01,20230531_A01,66,train
20250612_36hpf_ctrl_atf6_D07_e01,20250612_36hpf_ctrl_atf6_D07,1,train
20260415_cep290_30to48hpf_plate02_t01_H02_e01,20260415_cep290_30to48hpf_plate02_t01_H02,1,train
20260306_G01_e01,20260306_G01,186,train
20250515_part2_G01_e02,20250515_part2_G01,27,train
20260702_hotchem_24hpf_plate01_C05_e01,20260702_hotchem_24hpf_plate01_C05,1,train
20250716_chem4_34C_T00_1014_G09_e01,20250716_chem4_34C_T00_1014_G09,1,train
20260417_irx_pilot_G12_e02,20260417_irx_pilot_G12,27,train
20250512_H07_e01,20250512_H07,195,train
20231218_H06_e02,20231218_H06,34,train
20260724_hotfish_30hpf_plate01_C08_e01,20260724_hotfish_30hpf_plate01_C08,1,train
20250716_chem4_34C_T00_1014_G01_e01,20250716_chem4_34C_T00_1014_G01,1,train
20260724_hotfish_30hpf_plate01_F08_e01,20260724_hotfish_30hpf_plate01_F08,1,train
20250622_chem_28C_T00_1425_G01_e01,20250622_chem_28C_T00_1425_G01,1,train
20250711_B04_e02,20250711_B04,179,train
20231218_A05_e01,20231218_A05,34,train
20260208_H03_e01,20260208_H03,321,train
20260306_A03_e01,20260306_A03,186,train
20230622_E03_e01,20230622_E03,43,train
20260219_C12_e01,20260219_C12,177,train
20231218_C07_e01,20231218_C07,34,train
20240813_36hpf_D06_e01,20240813_36hpf_D06,1,train
20260415_cep290_18hpf_plate03_D07_e01,20260415_cep290_18hpf_plate03_D07,1,train
20250519_D10_e01,20250519_D10,51,train
20240626_G01_e01,20240626_G01,112,train
20250716_chem4_28C_T01_1400_A03_e02,20250716_chem4_28C_T01_1400_A03,1,train
20240510_A08_e01,20240510_A08,1,train
20240509_18ss_C03_e01,20240509_18ss_C03,1,train
20240812_C01_e01,20240812_C01,75,train
20260324_cep290_30hpf_plate01_E11_e01,20260324_cep290_30hpf_plate01_E11,1,train
20250612_24hpf_ctrl_atf6_G05_e01,20250612_24hpf_ctrl_atf6_G05,1,train
20260319_cilia_crispant_18hpf_A07_e01,20260319_cilia_crispant_18hpf_A07,1,train
20251207_pbx_C08_e01,20251207_pbx_C08,132,train
20260206_D08_e01,20260206_D08,150,train
20240812_H07_e01,20240812_H07,75,train
20250425_G05_e01,20250425_G05,118,train
20240306_H09_e01,20240306_H09,132,train
20240509_A02_e01,20240509_A02,41,train
20251112_A04_e02,20251112_A04,28,train
20260304_F11_e01,20260304_F11,192,train
20240626_D08_e01,20240626_D08,112,train
20250612_24hpf_ctrl_atf6_A10_e01,20250612_24hpf_ctrl_atf6_A10,1,train
20250612_24hpf_ctrl_atf6_G03_e01,20250612_24hpf_ctrl_atf6_G03,1,train
20260702_hotchem_36hpf_plate01_E09_e02,20260702_hotchem_36hpf_plate01_E09,1,train
20250415_B12_e01,20250415_B12,39,train
20250622_chem_35C_T00_1223_check_H12_e01,20250622_chem_35C_T00_1223_check_H12,1,train
20260324_cep290_24hpf_plate01_G07_e01,20260324_cep290_24hpf_plate01_G07,1,train
20260319_cilia_crispant_18hpf_E07_e01,20260319_cilia_crispant_18hpf_E07,1,train
20240411_E01_e01,20240411_E01,48,train
20250622_chem_35C_T01_1605_D03_e01,20250622_chem_35C_T01_1605_D03,1,train
20230629_C04_e02,20230629_C04,41,train
20250519_B09_e01,20250519_B09,51,train
20260702_hotchem_36hpf_plate01_C04_e01,20260702_hotchem_36hpf_plate01_C04,1,train
20260319_cilia_crispant_18hpf_D08_e01,20260319_cilia_crispant_18hpf_D08,1,train
20260324_cep290_30hpf_plate02_F02_e01,20260324_cep290_30hpf_plate02_F02,1,train
20250625_chem02_35C_T02_1228_F07_e01,20250625_chem02_35C_T02_1228_F07,1,train
20260415_b9d2_30to48hpf_plate02_t02_A01_e01,20260415_b9d2_30to48hpf_plate02_t02_A01,1,train
20260306_C11_e02,20260306_C11,186,train
20260219_A09_e01,20260219_A09,177,train
20251020_A05_e01,20251020_A05,57,train
20260324_cep290_30hpf_plate02_H02_e01,20260324_cep290_30hpf_plate02_H02,1,train
20260319_cilia_crispant_24hpf_D10_e01,20260319_cilia_crispant_24hpf_D10,1,train
20260219_G04_e01,20260219_G04,177,train
20240509_C11_e01,20240509_C11,41,train
20250501_H01_e01,20250501_H01,172,train
20250305_C11_e01,20250305_C11,340,train
20250624_chem02_28C_T01_1808_E06_e01,20250624_chem02_28C_T01_1808_E06,1,train
20250703_chem3_35C_T00_1101_G02_e01,20250703_chem3_35C_T00_1101_G02,1,train
20251017_part1_E07_e01,20251017_part1_E07,65,train
20240530_G09_e01,20240530_G09,81,train
20260724_hotfish_24hpf_plate01_H12_e01,20260724_hotfish_24hpf_plate01_H12,1,train
20250716_chem4_28C_T01_1400_F01_e01,20250716_chem4_28C_T01_1400_F01,1,train
20260417_irx_pilot_D01_e01,20260417_irx_pilot_D01,27,train
20250716_chem4_28C_T01_1400_E08_e01,20250716_chem4_28C_T01_1400_E08,1,train
20250624_chem02_35C_T01_1711_E08_e01,20250624_chem02_35C_T01_1711_E08,1,train
20260418_irx_pilot_F06_e01,20260418_irx_pilot_F06,78,train
20260724_hotfish_30hpf_plate01_B08_e01,20260724_hotfish_30hpf_plate01_B08,1,train
20250501_E01_e02,20250501_E01,176,train
20251017_part2_G04_e01,20251017_part2_G04,63,train
20240404_E02_e01,20240404_E02,35,train
20260702_hotchem_24hpf_plate01_H08_e01,20260702_hotchem_24hpf_plate01_H08,1,train
20260702_hotchem_24hpf_plate02_F06_e01,20260702_hotchem_24hpf_plate02_F06,1,train
20241023_C12_e01,20241023_C12,43,train
20250425_E08_e01,20250425_E08,118,train
20250716_chem4_28C_T00_1158_B04_e01,20250716_chem4_28C_T00_1158_B04,1,train
20250711_B11_e01,20250711_B11,179,train
20260319_cilia_crispant_30hpf_E01_e01,20260319_cilia_crispant_30hpf_E01,1,train
20240530_A05_e01,20240530_A05,81,train
20260319_cilia_crispant_30hpf_A06_e01,20260319_cilia_crispant_30hpf_A06,1,train
20260324_cep290_30hpf_plate01_F06_e01,20260324_cep290_30hpf_plate01_F06,1,train
20250721_chem5_28C_T00_1257_D06_e01,20250721_chem5_28C_T00_1257_D06,1,train
20260702_hotchem_30hpf_plate01_G03_e01,20260702_hotchem_30hpf_plate01_G03,1,train
20260206_F01_e01,20260206_F01,150,train
20251017_part2_G06_e01,20251017_part2_G06,63,train
20251207_pbx_D01_e02,20251207_pbx_D01,1,train
20250703_chem3_28C_T00_1325_F04_e02,20250703_chem3_28C_T00_1325_F04,1,train
20250622_chem_28C_T01_1658_E02_e01,20250622_chem_28C_T01_1658_E02,1,train
20251212_C06_e02,20251212_C06,115,train
20260304_B01_e02,20260304_B01,192,train
20250711_E05_e01,20250711_E05,179,train
20250612_36hpf_ctrl_atf6_C09_e01,20250612_36hpf_ctrl_atf6_C09,1,train
20251112_F03_e02,20251112_F03,9,train
20251112_E01_e02,20251112_E01,43,train
20240307_C04_e01,20240307_C04,44,train
20260304_D11_e01,20260304_D11,192,train
20240813_36hpf_F06_e01,20240813_36hpf_F06,1,train
20260702_hotchem_30hpf_plate01_E04_e01,20260702_hotchem_30hpf_plate01_E04,1,train
20260208_B09_e01,20260208_B09,321,train
20240509_F08_e02,20240509_F08,41,train
20260724_hotfish_30hpf_plate01_F11_e01,20260724_hotfish_30hpf_plate01_F11,1,train
20250612_36hpf_ctrl_atf6_E04_e01,20250612_36hpf_ctrl_atf6_E04,1,train
20240717_D02_e01,20240717_D02,1,train
20260415_b9d2_30to48hpf_plate02_t02_F04_e01,20260415_b9d2_30to48hpf_plate02_t02_F04,1,train
20260306_B02_e01,20260306_B02,186,train
20260417_irx_pilot_G09_e01,20260417_irx_pilot_G09,27,train
20251017_part2_G02_e01,20251017_part2_G02,63,train
20250612_24hpf_ctrl_atf6_A03_e01,20250612_24hpf_ctrl_atf6_A03,1,train
20251212_E03_e01,20251212_E03,115,train
20250625_chem02_28C_T02_1332_H06_e01,20250625_chem02_28C_T02_1332_H06,1,train
20230602_F02_e01,20230602_F02,97,train
20231218_D06_e01,20231218_D06,34,train
20260304_E05_e01,20260304_E05,192,train
20230615_B01_e01,20230615_B01,50,train
20250612_36hpf_ctrl_atf6_F10_e01,20250612_36hpf_ctrl_atf6_F10,1,train
20260324_cep290_30hpf_plate02_C06_e01,20260324_cep290_30hpf_plate02_C06,1,train
20260319_cilia_crispant_18hpf_A05_e01,20260319_cilia_crispant_18hpf_A05,1,train
20250512_D09_e01,20250512_D09,195,train
20260416_cep290_30to48hpf_plate01_t02_F12_e01,20260416_cep290_30to48hpf_plate01_t02_F12,1,train
20260206_C04_e01,20260206_C04,150,train
20250703_chem3_34C_T01_1457_G01_e01,20250703_chem3_34C_T01_1457_G01,1,train
20250721_chem5_28C_T00_1257_F10_e01,20250721_chem5_28C_T00_1257_F10,1,train
20250716_chem4_28C_T01_1400_B02_e01,20250716_chem4_28C_T01_1400_B02,1,train
20240509_24hpf_B06_e01,20240509_24hpf_B06,1,train
20240418_A12_e01,20240418_A12,46,train
20260202_C02_e03,20260202_C02,71,train
20250425_G10_e01,20250425_G10,118,train
20260724_hotfish_24hpf_plate01_D12_e01,20260724_hotfish_24hpf_plate01_D12,1,train
20240718_D10_e01,20240718_D10,1,train
20240411_C03_e01,20240411_C03,48,train
20260416_cep290_30to48hpf_plate01_t02_H10_e01,20260416_cep290_30to48hpf_plate01_t02_H10,1,train
20250622_chem_28C_T00_1425_D08_e01,20250622_chem_28C_T00_1425_D08,1,train
20250519_A02_e01,20250519_A02,51,train
20250126_H02_e01,20250126_H02,71,train
20251212_H10_e01,20251212_H10,115,train
20230620_B03_e02,20230620_B03,89,train
20250622_chem_34C_T00_1256_D07_e01,20250622_chem_34C_T00_1256_D07,1,train
20250126_C06_e01,20250126_C06,71,train
20251112_A08_e02,20251112_A08,15,train
20250622_chem_35C_T01_1605_F07_e01,20250622_chem_35C_T01_1605_F07,1,train
20260122_G08_e02,20260122_G08,2,train
20251205_E10_e01,20251205_E10,115,train
20250622_chem_35C_T01_1605_E07_e01,20250622_chem_35C_T01_1605_E07,1,train
20250501_H05_e02,20250501_H05,153,train
20240725_A05_e01,20240725_A05,1,train
20260319_cilia_crispant_30hpf_C04_e01,20260319_cilia_crispant_30hpf_C04,1,train
20251121_G10_e01,20251121_G10,173,train
20250624_chem02_28C_T01_1808_A12_e01,20250624_chem02_28C_T01_1808_A12,1,train
20260724_hotfish_36hpf_plate01_B06_e01,20260724_hotfish_36hpf_plate01_B06,1,train
20260319_cilia_crispant_24hpf_E08_e01,20260319_cilia_crispant_24hpf_E08,1,train
20250624_chem02_28C_T00_1356_B10_e03,20250624_chem02_28C_T00_1356_B10,1,train
20240626_C02_e01,20240626_C02,112,train
20260206_B04_e01,20260206_B04,150,train
20250622_chem_35C_T01_1605_C05_e01,20250622_chem_35C_T01_1605_C05,1,train
20250622_chem_34C_T00_1256_D03_e01,20250622_chem_34C_T00_1256_D03,1,train
20250501_G07_e02,20250501_G07,176,train
20260702_hotchem_24hpf_plate02_H01_e01,20260702_hotchem_24hpf_plate02_H01,1,train
20240522_F12_e01,20240522_F12,95,train
20260304_G10_e01,20260304_G10,192,train
20250625_chem02_34C_T02_1301_G06_e01,20250625_chem02_34C_T02_1301_G06,1,train
20260702_hotchem_36hpf_plate02_E10_e01,20260702_hotchem_36hpf_plate02_E10,1,train
20260414_b9d2_30hpf_plate02_B07_e01,20260414_b9d2_30hpf_plate02_B07,1,train
20260418_irx_pilot_A10_e01,20260418_irx_pilot_A10,78,train
20260702_hotchem_24hpf_plate02_E09_e01,20260702_hotchem_24hpf_plate02_E09,1,train
20250625_chem02_28C_T02_1332_E08_e01,20250625_chem02_28C_T02_1332_E08,1,train
20251121_B09_e01,20251121_B09,173,train
20260210_F11_e01,20260210_F11,161,train
20250625_chem02_34C_T02_1301_A03_e01,20250625_chem02_34C_T02_1301_A03,1,train
20250612_24hpf_wfs1_ctcf_H08_e01,20250612_24hpf_wfs1_ctcf_H08,1,train
20260319_A03_e02,20260319_A03,105,train
20251112_F10_e01,20251112_F10,49,train
20250515_part2_H07_e02,20250515_part2_H07,27,train
20250716_chem4_34C_T00_1014_H10_e01,20250716_chem4_34C_T00_1014_H10,1,train
20250716_chem4_28C_T01_1400_C08_e01,20250716_chem4_28C_T01_1400_C08,1,train
20240813_36hpf_B07_e01,20240813_36hpf_B07,1,train
20250625_chem02_35C_T02_1228_G07_e01,20250625_chem02_35C_T02_1228_G07,1,train
20250711_H10_e01,20250711_H10,179,train
20240717_G08_e01,20240717_G08,1,train
20251112_F07_e03,20251112_F07,48,train
20260418_irx_pilot_D12_e01,20260418_irx_pilot_D12,78,train
20260206_B01_e01,20260206_B01,150,train
20260213_G11_e03,20260213_G11,77,train
20250721_chem5_28C_T01_1401_E05_e01,20250721_chem5_28C_T01_1401_E05,1,train
20260414_b9d2_30hpf_plate02_A02_e01,20260414_b9d2_30hpf_plate02_A02,1,train
20250425_E04_e01,20250425_E04,118,train
20241023_G01_e01,20241023_G01,43,train
20250721_chem5_28C_T00_1257_C08_e01,20250721_chem5_28C_T00_1257_C08,1,train
20250721_chem5_28C_T00_1257_A10_e01,20250721_chem5_28C_T00_1257_A10,1,train
20260418_irx_pilot_H04_e05,20260418_irx_pilot_H04,78,train
20260724_hotfish_36hpf_plate02_D07_e01,20260724_hotfish_36hpf_plate02_D07,1,train
20260122_A07_e01,20260122_A07,104,train
20260324_cep290_30hpf_plate01_D02_e01,20260324_cep290_30hpf_plate01_D02,1,train
20240813_30hpf_A07_e01,20240813_30hpf_A07,1,train
20251212_D10_e01,20251212_D10,115,train
20240812_B06_e01,20240812_B06,75,train
20250625_chem02_35C_T02_1228_E12_e01,20250625_chem02_35C_T02_1228_E12,1,train
20240724_F06_e01,20240724_F06,1,train
20260724_hotfish_24hpf_plate01_B07_e01,20260724_hotfish_24hpf_plate01_B07,1,train
20240718_E07_e01,20240718_E07,1,train
20260202_F05_e03,20260202_F05,71,train
20240306_F03_e01,20240306_F03,132,train
20250612_24hpf_ctrl_atf6_A01_e01,20250612_24hpf_ctrl_atf6_A01,1,train
20260304_F10_e01,20260304_F10,192,train
20250415_C04_e02,20250415_C04,39,train
20250126_B10_e02,20250126_B10,71,train
20260319_cilia_crispant_30hpf_B11_e01,20260319_cilia_crispant_30hpf_B11,1,train
20250515_part2_G03_e02,20250515_part2_G03,27,train
20260319_cilia_crispant_18hpf_C05_e01,20260319_cilia_crispant_18hpf_C05,1,train
20251125_H12_e01,20251125_H12,231,train
20250612_24hpf_wfs1_ctcf_H03_e01,20250612_24hpf_wfs1_ctcf_H03,1,train
20251017_part2_H11_e02,20251017_part2_H11,61,train
20251112_H05_e04,20251112_H05,32,train
20250501_D07_e01,20250501_D07,176,train
20260324_cep290_30hpf_plate02_A07_e01,20260324_cep290_30hpf_plate02_A07,1,train
20250711_D12_e01,20250711_D12,179,train
20250625_chem02_35C_T02_1228_D10_e01,20250625_chem02_35C_T02_1228_D10,1,train
20230613_A11_e01,20230613_A11,66,train
20250305_F10_e01,20250305_F10,340,train
20250624_chem02_28C_T00_1356_C05_e01,20250624_chem02_28C_T00_1356_C05,1,train
20260319_cilia_crispant_18hpf_E08_e01,20260319_cilia_crispant_18hpf_E08,1,train
20250703_chem3_35C_T01_1437_H07_e01,20250703_chem3_35C_T01_1437_H07,1,train
20251017_part1_G12_e02,20251017_part1_G12,1,train
20260414_b9d2_30hpf_plate01_A08_e01,20260414_b9d2_30hpf_plate01_A08,1,train
20250305_A10_e01,20250305_A10,340,train
20251017_part2_E08_e02,20251017_part2_E08,60,train
20251017_part1_C04_e01,20251017_part1_C04,65,train
20260210_H03_e01,20260210_H03,161,train
20260304_D09_e04,20260304_D09,192,train
20240718_B01_e01,20240718_B01,1,train
20260324_cep290_24hpf_plate02_C08_e01,20260324_cep290_24hpf_plate02_C08,1,train
20250716_chem4_28C_T00_1158_G05_e01,20250716_chem4_28C_T00_1158_G05,1,train
20250703_chem3_35C_T00_1101_C02_e01,20250703_chem3_35C_T00_1101_C02,1,train
20260306_F09_e01,20260306_F09,186,train
20251020_F10_e01,20251020_F10,57,train
20231110_G11_e02,20231110_G11,64,train
20250703_chem3_35C_T01_1437_F05_e01,20250703_chem3_35C_T01_1437_F05,1,train
20260202_F04_e02,20260202_F04,71,train
20250515_part2_A06_e02,20250515_part2_A06,27,train
20230531_G08_e03,20230531_G08,66,train
20250625_chem02_28C_T02_1332_B06_e01,20250625_chem02_28C_T02_1332_B06,1,train
20260702_hotchem_24hpf_plate01_G02_e02,20260702_hotchem_24hpf_plate01_G02,1,train
20230629_D08_e01,20230629_D08,41,train
20241022_H03_e01,20241022_H03,37,train
20240717_H04_e01,20240717_H04,1,train
20260202_G03_e03,20260202_G03,71,train
20230531_A03_e02,20230531_A03,66,train
20260702_hotchem_30hpf_plate02_F04_e01,20260702_hotchem_30hpf_plate02_F04,1,train
20230620_D02_e01,20230620_D02,88,train
20240718_B12_e01,20240718_B12,1,train
20250623_chem_34C_T02_1231_B04_e01,20250623_chem_34C_T02_1231_B04,1,train
20251020_D04_e01,20251020_D04,57,train
20260319_cilia_crispant_24hpf_B07_e02,20260319_cilia_crispant_24hpf_B07,1,train
20250612_30hpf_ctrl_atf6_D03_e01,20250612_30hpf_ctrl_atf6_D03,1,train
20250612_24hpf_wfs1_ctcf_A04_e01,20250612_24hpf_wfs1_ctcf_A04,1,train
20230831_G06_e01,20230831_G06,1,train
20260415_cep290_30to48hpf_plate02_t01_C06_e02,20260415_cep290_30to48hpf_plate02_t01_C06,1,train
20250711_B09_e02,20250711_B09,179,train
20260724_hotfish_30hpf_plate01_A07_e01,20260724_hotfish_30hpf_plate01_A07,1,train
20250622_chem_35C_T00_1223_check_A07_e02,20250622_chem_35C_T00_1223_check_A07,1,train
20240418_F01_e02,20240418_F01,46,train
20250622_chem_28C_T00_1425_D06_e01,20250622_chem_28C_T00_1425_D06,1,train
20260702_hotchem_36hpf_plate01_A12_e01,20260702_hotchem_36hpf_plate01_A12,1,train
20250624_chem02_35C_T00_1216_D05_e01,20250624_chem02_35C_T00_1216_D05,1,train
20260304_A06_e01,20260304_A06,192,train
20231110_G11_e01,20231110_G11,64,train
20260319_cilia_crispant_18hpf_A06_e01,20260319_cilia_crispant_18hpf_A06,1,train
20250624_chem02_28C_T01_1808_H12_e01,20250624_chem02_28C_T01_1808_H12,1,train
20260319_cilia_crispant_30hpf_C07_e01,20260319_cilia_crispant_30hpf_C07,1,train
20251020_B09_e01,20251020_B09,57,train
20240718_C08_e01,20240718_C08,1,train
20260724_hotfish_30hpf_plate01_G09_e01,20260724_hotfish_30hpf_plate01_G09,1,train
20250625_chem02_34C_T02_1301_E02_e01,20250625_chem02_34C_T02_1301_E02,1,train
20260210_H02_e01,20260210_H02,161,train
20250622_chem_35C_T00_1223_check_C06_e01,20250622_chem_35C_T00_1223_check_C06,1,train
20260319_G08_e01,20260319_G08,105,train
20240306_F01_e01,20240306_F01,132,train
20260319_cilia_crispant_24hpf_E10_e01,20260319_cilia_crispant_24hpf_E10,1,train
20260210_E12_e01,20260210_E12,161,train
20260702_hotchem_30hpf_plate01_G11_e01,20260702_hotchem_30hpf_plate01_G11,1,train
20250912_F09_e02,20250912_F09,113,train
20230531_A06_e01,20230531_A06,66,train
20251207_pbx_E09_e01,20251207_pbx_E09,132,train
20230613_E03_e01,20230613_E03,66,train
20250612_30hpf_wfs1_ctcf_A12_e01,20250612_30hpf_wfs1_ctcf_A12,1,train
20260415_b9d2_30to48hpf_plate01_t02_B02_e01,20260415_b9d2_30to48hpf_plate01_t02_B02,1,train
20260304_G12_e04,20260304_G12,192,train
20250703_chem3_35C_T00_1101_H02_e01,20250703_chem3_35C_T00_1101_H02,1,train
20230622_F06_e01,20230622_F06,43,train
20230615_D03_e01,20230615_D03,50,train
20260122_A09_e03,20260122_A09,104,train
20240306_D08_e01,20240306_D08,132,train
20230629_A09_e01,20230629_A09,42,train
20250126_B10_e01,20250126_B10,71,train
20250215_E09_e01,20250215_E09,78,train
20260702_hotchem_30hpf_plate02_H04_e01,20260702_hotchem_30hpf_plate02_H04,1,train
20240404_B03_e01,20240404_B03,35,train
20260702_hotchem_30hpf_plate02_G03_e01,20260702_hotchem_30hpf_plate02_G03,1,train
20250612_36hpf_ctrl_atf6_F11_e01,20250612_36hpf_ctrl_atf6_F11,1,train
20230615_G06_e01,20230615_G06,50,train
20250612_36hpf_ctrl_atf6_E09_e01,20250612_36hpf_ctrl_atf6_E09,1,train
20260122_G02_e02,20260122_G02,104,train
20260724_hotfish_24hpf_plate01_G11_e01,20260724_hotfish_24hpf_plate01_G11,1,train
20240724_H05_e01,20240724_H05,1,train
20260319_cilia_crispant_18hpf_G01_e01,20260319_cilia_crispant_18hpf_G01,1,train
20241022_B08_e01,20241022_B08,37,train
20250912_B11_e01,20250912_B11,113,train
20250612_36hpf_wfs1_ctcf_C01_e01,20250612_36hpf_wfs1_ctcf_C01,1,train
20230831_A08_e01,20230831_A08,1,train
20231218_B08_e01,20231218_B08,34,train
20251121_B11_e02,20251121_B11,83,train
20240418_E04_e02,20240418_E04,46,train
20240718_H03_e02,20240718_H03,1,train
20260417_irx_pilot_E01_e01,20260417_irx_pilot_E01,27,train
20250721_chem5_35C_T00_1023_C01_e01,20250721_chem5_35C_T00_1023_C01,1,train
20250624_chem02_28C_T00_1356_G10_e01,20250624_chem02_28C_T00_1356_G10,1,train
20260319_cilia_crispant_24hpf_G11_e01,20260319_cilia_crispant_24hpf_G11,1,train
20230629_D05_e01,20230629_D05,41,train
20260702_hotchem_24hpf_plate01_C01_e02,20260702_hotchem_24hpf_plate01_C01,1,train
20251212_B09_e01,20251212_B09,115,train
20250716_chem4_34C_T00_1014_H05_e01,20250716_chem4_34C_T00_1014_H05,1,train
20240726_D07_e01,20240726_D07,1,train
20240418_A09_e03,20240418_A09,46,train
20250624_chem02_35C_T00_1216_A07_e01,20250624_chem02_35C_T00_1216_A07,1,train
20230613_A01_e01,20230613_A01,66,train
20250501_E01_e01,20250501_E01,163,train
20260724_hotfish_30hpf_plate01_E03_e01,20260724_hotfish_30hpf_plate01_E03,1,train
20260417_irx_pilot_D01_e02,20260417_irx_pilot_D01,27,train
20250622_chem_28C_T01_1658_E03_e01,20250622_chem_28C_T01_1658_E03,1,train
20260702_hotchem_36hpf_plate01_C10_e01,20260702_hotchem_36hpf_plate01_C10,1,train
20260213_C11_e02,20260213_C11,139,train
20260415_b9d2_30to48hpf_plate02_t02_F05_e01,20260415_b9d2_30to48hpf_plate02_t02_F05,1,train
20240510_C05_e01,20240510_C05,1,train
20260414_b9d2_14hpf_plate01_B11_e01,20260414_b9d2_14hpf_plate01_B11,1,train
20260702_hotchem_36hpf_plate02_F02_e02,20260702_hotchem_36hpf_plate02_F02,1,train
20240717_F05_e01,20240717_F05,1,train
20250612_24hpf_ctrl_atf6_H04_e01,20250612_24hpf_ctrl_atf6_H04,1,train
20260418_irx_pilot_F02_e02,20260418_irx_pilot_F02,78,train
20260415_cep290_30to48hpf_plate02_t01_H10_e02,20260415_cep290_30to48hpf_plate02_t01_H10,1,train
20260202_D12_e02,20260202_D12,71,train
20240509_18ss_F01_e01,20240509_18ss_F01,1,train
20260304_H05_e01,20260304_H05,192,train
20250624_chem02_35C_T00_1216_H07_e01,20250624_chem02_35C_T00_1216_H07,1,train
20260417_irx_pilot_B05_e01,20260417_irx_pilot_B05,27,train
20260319_cilia_crispant_18hpf_F05_e01,20260319_cilia_crispant_18hpf_F05,1,train
20260724_hotfish_24hpf_plate02_B05_e01,20260724_hotfish_24hpf_plate02_B05,1,train
20250305_C09_e01,20250305_C09,340,train
20260219_E05_e01,20260219_E05,177,train
20240411_E03_e01,20240411_E03,48,train
20240418_F11_e02,20240418_F11,46,train
20250612_24hpf_wfs1_ctcf_F07_e01,20250612_24hpf_wfs1_ctcf_F07,1,train
20260724_hotfish_30hpf_plate02_B03_e01,20260724_hotfish_30hpf_plate02_B03,1,train
20260417_irx_pilot_C06_e01,20260417_irx_pilot_C06,27,train
20240812_B12_e01,20240812_B12,75,train
20240530_B10_e01,20240530_B10,81,train
20260306_E10_e01,20260306_E10,186,train
20240812_E11_e01,20240812_E11,75,train
20250624_chem02_35C_T00_1216_F04_e02,20250624_chem02_35C_T00_1216_F04,1,train
20250612_30hpf_wfs1_ctcf_E03_e01,20250612_30hpf_wfs1_ctcf_E03,1,train
20230613_C10_e01,20230613_C10,66,train
20250425_C03_e02,20250425_C03,1,train
20260202_B10_e02,20260202_B10,71,train
20240813_24hpf_C05_e01,20240813_24hpf_C05,1,train
20250126_A07_e01,20250126_A07,71,train
20260417_irx_pilot_G11_e02,20260417_irx_pilot_G11,27,train
20260304_D08_e02,20260304_D08,192,train
20250215_F02_e01,20250215_F02,78,train
20260228_G12_e01,20260228_G12,151,train
20260414_b9d2_30hpf_plate02_B02_e01,20260414_b9d2_30hpf_plate02_B02,1,train
20230620_A02_e01,20230620_A02,89,train
20230627_D06_e02,20230627_D06,45,train
20250425_A04_e01,20250425_A04,118,train
20250716_chem4_28C_T00_1158_E03_e01,20250716_chem4_28C_T00_1158_E03,1,train
20241022_C12_e01,20241022_C12,37,train
20260416_cep290_30to48hpf_plate02_t02_G06_e02,20260416_cep290_30to48hpf_plate02_t02_G06,1,train
20240411_C07_e01,20240411_C07,48,train
20260324_cep290_30hpf_plate01_E10_e02,20260324_cep290_30hpf_plate01_E10,1,train
20250721_chem5_35C_T00_1023_H08_e01,20250721_chem5_35C_T00_1023_H08,1,train
20260702_hotchem_24hpf_plate02_B11_e01,20260702_hotchem_24hpf_plate02_B11,1,train
20260324_cep290_24hpf_plate01_G06_e01,20260324_cep290_24hpf_plate01_G06,1,train
20240530_D05_e01,20240530_D05,81,train
20260306_D02_e01,20260306_D02,186,train
20230620_C01_e01,20230620_C01,88,train
20230627_E11_e01,20230627_E11,45,train
20250716_chem4_28C_T00_1158_H05_e01,20250716_chem4_28C_T00_1158_H05,1,train
20250624_chem02_35C_T01_1711_B08_e01,20250624_chem02_35C_T01_1711_B08,1,train
20250415_C11_e01,20250415_C11,39,train
20240813_36hpf_H05_e01,20240813_36hpf_H05,1,train
20251207_pbx_A07_e02,20251207_pbx_A07,132,train
20260702_hotchem_24hpf_plate01_F10_e01,20260702_hotchem_24hpf_plate01_F10,1,train
20250721_chem5_28C_T00_1257_F03_e01,20250721_chem5_28C_T00_1257_F03,1,train
20260213_B06_e02,20260213_B06,139,train
20260702_hotchem_30hpf_plate01_F12_e02,20260702_hotchem_30hpf_plate01_F12,1,train
20250625_chem02_34C_T02_1301_A08_e01,20250625_chem02_34C_T02_1301_A08,1,train
20240307_B06_e01,20240307_B06,44,train
20231206_F08_e01,20231206_F08,59,train
20260122_D12_e01,20260122_D12,104,train
20250612_30hpf_ctrl_atf6_E12_e01,20250612_30hpf_ctrl_atf6_E12,1,train
20251017_part1_E10_e01,20251017_part1_E10,65,train
20260122_A04_e03,20260122_A04,104,train
20260702_hotchem_24hpf_plate01_E06_e02,20260702_hotchem_24hpf_plate01_E06,1,train
20250912_G08_e02,20250912_G08,113,train
20260724_hotfish_36hpf_plate02_F04_e01,20260724_hotfish_36hpf_plate02_F04,1,train
20260202_H07_e01,20260202_H07,71,train
20231206_G12_e01,20231206_G12,59,train
20240307_G04_e02,20240307_G04,44,train
20260724_hotfish_36hpf_plate01_G08_e01,20260724_hotfish_36hpf_plate01_G08,1,train
20250703_chem3_34C_T00_1131_A04_e01,20250703_chem3_34C_T00_1131_A04,1,train
20260418_irx_pilot_D07_e01,20260418_irx_pilot_D07,78,train
20240418_D10_e02,20240418_D10,46,train
20260724_hotfish_36hpf_plate01_F05_e01,20260724_hotfish_36hpf_plate01_F05,1,train
20260415_b9d2_30to48hpf_plate02_t02_C04_e01,20260415_b9d2_30to48hpf_plate02_t02_C04,1,train
20260415_cep290_18hpf_plate03_D05_e03,20260415_cep290_18hpf_plate03_D05,1,train
20260324_cep290_24hpf_plate01_A06_e01,20260324_cep290_24hpf_plate01_A06,1,train
20260418_irx_pilot_C05_e01,20260418_irx_pilot_C05,78,train
20250624_chem02_35C_T01_1711_H12_e01,20250624_chem02_35C_T01_1711_H12,1,train
20250721_chem5_28C_T01_1401_C06_e01,20250721_chem5_28C_T01_1401_C06,1,train
20250512_E12_e01,20250512_E12,195,train
20260319_cilia_crispant_24hpf_C03_e01,20260319_cilia_crispant_24hpf_C03,1,train
20250415_A08_e01,20250415_A08,39,train
20260702_hotchem_36hpf_plate02_C08_e01,20260702_hotchem_36hpf_plate02_C08,1,train
20250912_E10_e01,20250912_E10,113,train
20230531_C11_e01,20230531_C11,66,train
20260724_hotfish_24hpf_plate01_B06_e01,20260724_hotfish_24hpf_plate01_B06,1,train
20260415_cep290_30to48hpf_plate02_t01_F03_e01,20260415_cep290_30to48hpf_plate02_t01_F03,1,train
20250624_chem02_28C_T01_1808_B10_e01,20250624_chem02_28C_T01_1808_B10,1,train
20230613_F07_e01,20230613_F07,65,train
20250612_24hpf_ctrl_atf6_B05_e01,20250612_24hpf_ctrl_atf6_B05,1,train
20240718_C02_e01,20240718_C02,1,train
20230602_G05_e01,20230602_G05,97,train
20260418_irx_pilot_G02_e03,20260418_irx_pilot_G02,78,train
20240717_C02_e01,20240717_C02,1,train
20260417_irx_pilot_G09_e02,20260417_irx_pilot_G09,27,train
20230629_B05_e01,20230629_B05,41,train
20250305_C02_e01,20250305_C02,340,train
20260702_hotchem_24hpf_plate01_A06_e01,20260702_hotchem_24hpf_plate01_A06,1,train
20251125_C02_e01,20251125_C02,231,train
20260202_H02_e01,20260202_H02,71,train
20250126_G11_e02,20250126_G11,69,train
20250625_chem02_28C_T02_1332_B08_e01,20250625_chem02_28C_T02_1332_B08,1,train
20250624_chem02_34C_T01_1739_H07_e01,20250624_chem02_34C_T01_1739_H07,1,train
20250912_G06_e02,20250912_G06,113,train
20250612_24hpf_wfs1_ctcf_G02_e01,20250612_24hpf_wfs1_ctcf_G02,1,train
20250612_36hpf_wfs1_ctcf_A08_e01,20250612_36hpf_wfs1_ctcf_A08,1,train
20231206_C12_e01,20231206_C12,59,train
20260724_hotfish_36hpf_plate01_F07_e01,20260724_hotfish_36hpf_plate01_F07,1,train
20250703_chem3_34C_T01_1457_D05_e02,20250703_chem3_34C_T01_1457_D05,1,train
20240530_A06_e01,20240530_A06,81,train
20251020_E05_e01,20251020_E05,57,train
20260304_F09_e03,20260304_F09,192,train
20250624_chem02_35C_T00_1216_B10_e01,20250624_chem02_35C_T00_1216_B10,1,train
20250512_H04_e01,20250512_H04,195,train
20260213_D01_e01,20260213_D01,108,train
20240812_D03_e01,20240812_D03,75,train
20250624_chem02_34C_T00_1243_A02_e01,20250624_chem02_34C_T00_1243_A02,1,train
20260414_b9d2_30hpf_plate01_F11_e01,20260414_b9d2_30hpf_plate01_F11,1,train
20250711_G03_e02,20250711_G03,179,train
20260702_hotchem_30hpf_plate02_G10_e01,20260702_hotchem_30hpf_plate02_G10,1,train
20250612_30hpf_wfs1_ctcf_C06_e01,20250612_30hpf_wfs1_ctcf_C06,1,train
20260228_E07_e01,20260228_E07,151,train
20230602_G02_e01,20230602_G02,97,train
20260414_b9d2_14hpf_plate01_A08_e01,20260414_b9d2_14hpf_plate01_A08,1,train
20250305_E09_e01,20250305_E09,340,train
20250624_chem02_35C_T01_1711_F04_e02,20250624_chem02_35C_T01_1711_F04,1,train
20250624_chem02_28C_T01_1808_F04_e01,20250624_chem02_28C_T01_1808_F04,1,train
20260319_B02_e01,20260319_B02,105,train
20260724_hotfish_36hpf_plate01_D03_e01,20260724_hotfish_36hpf_plate01_D03,1,train
20260724_hotfish_24hpf_plate01_B12_e01,20260724_hotfish_24hpf_plate01_B12,1,train
20250721_chem5_28C_T01_1401_H01_e01,20250721_chem5_28C_T01_1401_H01,1,train
20240813_24hpf_F03_e01,20240813_24hpf_F03,1,train
20251112_F07_e01,20251112_F07,49,train
20260414_b9d2_14hpf_plate01_F09_e01,20260414_b9d2_14hpf_plate01_F09,1,train
20250612_36hpf_wfs1_ctcf_F03_e01,20250612_36hpf_wfs1_ctcf_F03,1,train
20251212_G05_e01,20251212_G05,115,train
20250612_24hpf_wfs1_ctcf_F11_e01,20250612_24hpf_wfs1_ctcf_F11,1,train
20250624_chem02_34C_T01_1739_A04_e01,20250624_chem02_34C_T01_1739_A04,1,train
20260319_C01_e01,20260319_C01,105,train
20260415_cep290_30to48hpf_plate02_t01_G04_e03,20260415_cep290_30to48hpf_plate02_t01_G04,1,train
20260702_hotchem_36hpf_plate02_H05_e01,20260702_hotchem_36hpf_plate02_H05,1,train
20240418_A09_e01,20240418_A09,46,train
20260202_E02_e04,20260202_E02,71,train
20250721_chem5_35C_T00_1023_D05_e01,20250721_chem5_35C_T00_1023_D05,1,train
20250215_D12_e01,20250215_D12,78,train
20250126_A02_e02,20250126_A02,71,train
20260702_hotchem_36hpf_plate02_H02_e01,20260702_hotchem_36hpf_plate02_H02,1,train
20240813_36hpf_A05_e01,20240813_36hpf_A05,1,train
20250623_chem_34C_T02_1231_E04_e01,20250623_chem_34C_T02_1231_E04,1,train
20241022_F04_e01,20241022_F04,37,train
20240418_C04_e02,20240418_C04,46,train
20250625_chem02_35C_T02_1228_A01_e01,20250625_chem02_35C_T02_1228_A01,1,train
20260418_irx_pilot_H07_e04,20260418_irx_pilot_H07,78,train
20250612_36hpf_wfs1_ctcf_F06_e01,20250612_36hpf_wfs1_ctcf_F06,1,train
20250624_chem02_34C_T01_1739_D02_e01,20250624_chem02_34C_T01_1739_D02,1,train
20260415_cep290_18hpf_plate03_D05_e01,20260415_cep290_18hpf_plate03_D05,1,train
20260414_b9d2_30hpf_plate01_D06_e01,20260414_b9d2_30hpf_plate01_D06,1,train
20260415_b9d2_30to48hpf_plate02_t02_B01_e01,20260415_b9d2_30to48hpf_plate02_t02_B01,1,train
20250912_E11_e01,20250912_E11,113,train
20250622_chem_34C_T00_1256_F12_e01,20250622_chem_34C_T00_1256_F12,1,train
20250721_chem5_35C_T00_1023_F07_e01,20250721_chem5_35C_T00_1023_F07,1,train
20230831_C02_e01,20230831_C02,1,train
20260304_B03_e02,20260304_B03,192,train
20260122_E04_e01,20260122_E04,104,train
20241023_G04_e01,20241023_G04,43,train
20231218_E11_e01,20231218_E11,34,train
20250612_36hpf_ctrl_atf6_G09_e01,20250612_36hpf_ctrl_atf6_G09,1,train
20260319_F06_e01,20260319_F06,105,train
20260702_hotchem_24hpf_plate01_G08_e01,20260702_hotchem_24hpf_plate01_G08,1,train
20251207_pbx_B03_e01,20251207_pbx_B03,132,train
20260415_b9d2_30to48hpf_plate02_t02_D02_e01,20260415_b9d2_30to48hpf_plate02_t02_D02,1,train
20250721_chem5_28C_T00_1257_C01_e02,20250721_chem5_28C_T00_1257_C01,1,train
20250622_chem_28C_T01_1658_B05_e01,20250622_chem_28C_T01_1658_B05,1,train
20260724_hotfish_36hpf_plate01_B10_e02,20260724_hotfish_36hpf_plate01_B10,1,train
20241022_H01_e01,20241022_H01,37,train
20250625_chem02_34C_T02_1301_B07_e01,20250625_chem02_34C_T02_1301_B07,1,train
20240306_G01_e01,20240306_G01,132,train
20250512_F06_e01,20250512_F06,195,train
20251125_C07_e01,20251125_C07,231,train
20240813_30hpf_D02_e01,20240813_30hpf_D02,1,train
20250612_24hpf_wfs1_ctcf_C03_e01,20250612_24hpf_wfs1_ctcf_C03,1,train
20230602_E06_e01,20230602_E06,97,train
20250425_A01_e01,20250425_A01,118,train
20230615_B05_e01,20230615_B05,50,train
20250512_H05_e01,20250512_H05,195,train
20250624_chem02_34C_T01_1739_B10_e01,20250624_chem02_34C_T01_1739_B10,1,train
20260418_irx_pilot_G09_e02,20260418_irx_pilot_G09,78,train
20240509_C10_e01,20240509_C10,41,train
20260418_irx_pilot_E01_e02,20260418_irx_pilot_E01,78,train
20260324_cep290_30hpf_plate02_D06_e01,20260324_cep290_30hpf_plate02_D06,1,train
20251017_part1_E04_e01,20251017_part1_E04,65,train
20260724_hotfish_30hpf_plate01_G02_e01,20260724_hotfish_30hpf_plate01_G02,1,train
20250622_chem_35C_T01_1605_G10_e01,20250622_chem_35C_T01_1605_G10,1,train
20250716_chem4_28C_T00_1158_G01_e01,20250716_chem4_28C_T00_1158_G01,1,train
20260208_E04_e01,20260208_E04,321,train
20250612_36hpf_wfs1_ctcf_C03_e01,20250612_36hpf_wfs1_ctcf_C03,1,train
20250703_chem3_34C_T01_1457_D02_e01,20250703_chem3_34C_T01_1457_D02,1,train
20260724_hotfish_36hpf_plate02_E06_e01,20260724_hotfish_36hpf_plate02_E06,1,train
20260702_hotchem_24hpf_plate01_F06_e01,20260702_hotchem_24hpf_plate01_F06,1,train
20260202_G04_e04,20260202_G04,6,train
20260319_cilia_crispant_18hpf_H09_e01,20260319_cilia_crispant_18hpf_H09,1,train
20251121_G01_e01,20251121_G01,173,train
20260702_hotchem_24hpf_plate02_A08_e01,20260702_hotchem_24hpf_plate02_A08,1,train
20260415_cep290_18hpf_plate03_C05_e01,20260415_cep290_18hpf_plate03_C05,1,train
20240418_C03_e02,20240418_C03,46,train
20240726_C02_e01,20240726_C02,1,train
20250624_chem02_28C_T01_1808_A05_e01,20250624_chem02_28C_T01_1808_A05,1,train
20260724_hotfish_36hpf_plate02_E07_e01,20260724_hotfish_36hpf_plate02_E07,1,train
20251112_H07_e01,20251112_H07,49,train
20260702_hotchem_36hpf_plate01_H03_e01,20260702_hotchem_36hpf_plate01_H03,1,train
20260304_F04_e01,20260304_F04,192,train
20250612_30hpf_ctrl_atf6_F09_e01,20250612_30hpf_ctrl_atf6_F09,1,train
20260702_hotchem_36hpf_plate02_C10_e01,20260702_hotchem_36hpf_plate02_C10,1,train
20250501_G03_e01,20250501_G03,176,train
20260319_cilia_crispant_18hpf_H11_e01,20260319_cilia_crispant_18hpf_H11,1,train
20250622_chem_28C_T00_1425_E01_e01,20250622_chem_28C_T00_1425_E01,1,train
20250912_G12_e01,20250912_G12,113,train
20260306_F12_e01,20260306_F12,186,train
20250622_chem_34C_T00_1256_C05_e01,20250622_chem_34C_T00_1256_C05,1,train
20251017_part2_D02_e02,20251017_part2_D02,63,train
20250501_E11_e01,20250501_E11,176,train
20240813_24hpf_E03_e01,20240813_24hpf_E03,1,train
20250721_chem5_28C_T00_1257_B06_e01,20250721_chem5_28C_T00_1257_B06,1,train
20240626_G05_e01,20240626_G05,112,train
20240813_30hpf_C03_e01,20240813_30hpf_C03,1,train
20250624_chem02_34C_T00_1243_A06_e01,20250624_chem02_34C_T00_1243_A06,1,train
20250519_H02_e01,20250519_H02,51,train
20250612_24hpf_wfs1_ctcf_B03_e01,20250612_24hpf_wfs1_ctcf_B03,1,train
20260416_cep290_30to48hpf_plate01_t02_E05_e01,20260416_cep290_30to48hpf_plate01_t02_E05,1,train
20250501_E07_e01,20250501_E07,176,train
20260702_hotchem_36hpf_plate01_G08_e01,20260702_hotchem_36hpf_plate01_G08,1,train
20260324_cep290_30hpf_plate01_A02_e01,20260324_cep290_30hpf_plate01_A02,1,train
20251020_H03_e01,20251020_H03,57,train
20250612_30hpf_ctrl_atf6_E03_e01,20250612_30hpf_ctrl_atf6_E03,1,train
20260324_cep290_24hpf_plate02_E09_e01,20260324_cep290_24hpf_plate02_E09,1,train
20250625_chem02_34C_T02_1301_B05_e01,20250625_chem02_34C_T02_1301_B05,1,train
20250721_chem5_28C_T00_1257_E09_e02,20250721_chem5_28C_T00_1257_E09,1,train
20260324_cep290_24hpf_plate02_B03_e01,20260324_cep290_24hpf_plate02_B03,1,train
20231206_F02_e01,20231206_F02,59,train
20230622_E05_e01,20230622_E05,43,train
20230615_F01_e01,20230615_F01,50,train
20240522_C08_e01,20240522_C08,95,train
20250716_chem4_28C_T01_1400_G03_e01,20250716_chem4_28C_T01_1400_G03,1,train
20250721_chem5_28C_T01_1401_B03_e01,20250721_chem5_28C_T01_1401_B03,1,train
20260228_C04_e02,20260228_C04,147,train
20250512_B05_e01,20250512_B05,195,train
20240813_30hpf_D06_e01,20240813_30hpf_D06,1,train
20250716_chem4_35C_T00_1045_G01_e01,20250716_chem4_35C_T00_1045_G01,1,train
20250721_chem5_35C_T00_1023_B12_e01,20250721_chem5_35C_T00_1023_B12,1,train
20230613_B07_e01,20230613_B07,62,train
20250415_E11_e01,20250415_E11,39,train
20250612_24hpf_ctrl_atf6_E09_e01,20250612_24hpf_ctrl_atf6_E09,1,train
20250625_chem02_34C_T02_1301_E10_e01,20250625_chem02_34C_T02_1301_E10,1,train
20260306_E11_e02,20260306_E11,186,train
20250721_chem5_28C_T00_1257_D04_e01,20250721_chem5_28C_T00_1257_D04,1,train
20250622_chem_28C_T00_1425_H04_e01,20250622_chem_28C_T00_1425_H04,1,train
20240718_D05_e01,20240718_D05,1,train
20250515_part2_F06_e01,20250515_part2_F06,27,train
20250711_H01_e01,20250711_H01,179,train
20230602_B12_e01,20230602_B12,98,train
20240718_D06_e01,20240718_D06,1,train
20260414_b9d2_30hpf_plate02_A07_e01,20260414_b9d2_30hpf_plate02_A07,1,train
20250625_chem02_28C_T02_1332_B07_e01,20250625_chem02_28C_T02_1332_B07,1,train
20250305_D08_e01,20250305_D08,340,train
20260202_H01_e02,20260202_H01,71,train
20260417_irx_pilot_F05_e02,20260417_irx_pilot_F05,27,train
20260415_cep290_30to48hpf_plate02_t01_G12_e02,20260415_cep290_30to48hpf_plate02_t01_G12,1,train
20240530_F12_e02,20240530_F12,81,train
20240530_D11_e02,20240530_D11,81,train
20260206_E05_e01,20260206_E05,150,train
20260724_hotfish_24hpf_plate01_F06_e01,20260724_hotfish_24hpf_plate01_F06,1,train
20240726_G01_e01,20240726_G01,1,train
20260414_b9d2_30hpf_plate02_H07_e01,20260414_b9d2_30hpf_plate02_H07,1,train
20230627_D06_e01,20230627_D06,45,train
20250716_chem4_34C_T00_1014_E05_e01,20250716_chem4_34C_T00_1014_E05,1,train
20260319_cilia_crispant_30hpf_G09_e01,20260319_cilia_crispant_30hpf_G09,1,train
20240307_E11_e03,20240307_E11,44,train
20250305_H07_e01,20250305_H07,340,train
20230620_A01_e01,20230620_A01,89,train
20240724_C05_e01,20240724_C05,1,train
20251205_B01_e01,20251205_B01,115,train
20251205_D01_e01,20251205_D01,115,train
20260202_F06_e01,20260202_F06,71,train
20260415_b9d2_30to48hpf_plate02_t02_A06_e01,20260415_b9d2_30to48hpf_plate02_t02_A06,1,train
20250716_chem4_28C_T01_1400_F05_e01,20250716_chem4_28C_T01_1400_F05,1,train
20250305_B01_e01,20250305_B01,340,train
20250624_chem02_34C_T01_1739_C04_e01,20250624_chem02_34C_T01_1739_C04,1,train
20250912_F12_e03,20250912_F12,113,train
20250612_36hpf_wfs1_ctcf_G10_e01,20250612_36hpf_wfs1_ctcf_G10,1,train
20240626_H04_e01,20240626_H04,112,train
20260319_A07_e01,20260319_A07,105,train
20260416_cep290_30to48hpf_plate01_t02_A11_e01,20260416_cep290_30to48hpf_plate01_t02_A11,1,train
20230627_C03_e01,20230627_C03,45,train
20260414_b9d2_14hpf_plate01_C01_e01,20260414_b9d2_14hpf_plate01_C01,1,train
20240418_G05_e02,20240418_G05,46,train
20250721_chem5_35C_T00_1023_E04_e01,20250721_chem5_35C_T00_1023_E04,1,train
20231206_C02_e01,20231206_C02,59,train
20250622_chem_35C_T00_1223_check_H02_e01,20250622_chem_35C_T00_1223_check_H02,1,train
20260724_hotfish_30hpf_plate01_F12_e01,20260724_hotfish_30hpf_plate01_F12,1,train
20250519_B11_e01,20250519_B11,51,train
20250425_E12_e01,20250425_E12,118,train
20260324_cep290_30hpf_plate01_B07_e01,20260324_cep290_30hpf_plate01_B07,1,train
20250612_24hpf_ctrl_atf6_F07_e01,20250612_24hpf_ctrl_atf6_F07,1,train
20250703_chem3_35C_T00_1101_B01_e01,20250703_chem3_35C_T00_1101_B01,1,train
20250625_chem02_34C_T02_1301_D11_e01,20250625_chem02_34C_T02_1301_D11,1,train
20260122_F04_e01,20260122_F04,104,train
20230627_D07_e01,20230627_D07,45,train
20250624_chem02_34C_T00_1243_H12_e01,20250624_chem02_34C_T00_1243_H12,1,train
20251119_H05_e01,20251119_H05,348,train
20260319_cilia_crispant_24hpf_C09_e01,20260319_cilia_crispant_24hpf_C09,1,train
20250305_E09_e02,20250305_E09,340,train
20240418_F04_e02,20240418_F04,46,train
20250425_B01_e02,20250425_B01,70,train
20250612_24hpf_ctrl_atf6_G06_e01,20250612_24hpf_ctrl_atf6_G06,1,train
20250622_chem_35C_T01_1605_C02_e01,20250622_chem_35C_T01_1605_C02,1,train
20250612_36hpf_ctrl_atf6_E11_e01,20250612_36hpf_ctrl_atf6_E11,1,train
20260202_D06_e03,20260202_D06,71,train
20250612_30hpf_wfs1_ctcf_C11_e01,20250612_30hpf_wfs1_ctcf_C11,1,train
20250612_36hpf_wfs1_ctcf_D04_e01,20250612_36hpf_wfs1_ctcf_D04,1,train
20260202_G11_e01,20260202_G11,71,train
20250622_chem_34C_T00_1256_D01_e01,20250622_chem_34C_T00_1256_D01,1,train
20260306_D03_e01,20260306_D03,183,train
20250624_chem02_35C_T00_1216_C11_e01,20250624_chem02_35C_T00_1216_C11,1,train
20251112_D04_e01,20251112_D04,49,train
20250126_A03_e01,20250126_A03,71,train
20250305_G07_e01,20250305_G07,340,train
20240626_F05_e01,20240626_F05,112,train
20250721_chem5_28C_T00_1257_G07_e02,20250721_chem5_28C_T00_1257_G07,1,train
20250512_B09_e01,20250512_B09,195,train
20231110_C08_e01,20231110_C08,64,train
20250425_A06_e01,20250425_A06,118,train
20250625_chem02_35C_T02_1228_B05_e01,20250625_chem02_35C_T02_1228_B05,1,train
20250622_chem_34C_T01_1632_D08_e01,20250622_chem_34C_T01_1632_D08,1,train
20251017_part2_G03_e01,20251017_part2_G03,63,train
20260702_hotchem_30hpf_plate01_G05_e01,20260702_hotchem_30hpf_plate01_G05,1,train
20250622_chem_34C_T01_1632_D05_e01,20250622_chem_34C_T01_1632_D05,1,train
20250215_F08_e01,20250215_F08,78,train
20260417_irx_pilot_E03_e01,20260417_irx_pilot_E03,27,train
20250612_36hpf_ctrl_atf6_G11_e01,20250612_36hpf_ctrl_atf6_G11,1,train
20260416_cep290_30to48hpf_plate01_t02_D05_e01,20260416_cep290_30to48hpf_plate01_t02_D05,1,train
20251212_A01_e01,20251212_A01,115,train
20240509_E04_e01,20240509_E04,41,train
20231206_C08_e01,20231206_C08,59,train
20250512_C06_e01,20250512_C06,195,train
20260319_cilia_crispant_30hpf_F10_e01,20260319_cilia_crispant_30hpf_F10,1,train
20250519_D04_e01,20250519_D04,51,train
20250512_F08_e02,20250512_F08,195,train
20250515_part2_A12_e01,20250515_part2_A12,27,train
20260724_hotfish_30hpf_plate01_D10_e01,20260724_hotfish_30hpf_plate01_D10,1,train
20240718_A03_e01,20240718_A03,1,train
20251207_pbx_F08_e01,20251207_pbx_F08,132,train
20250501_E09_e01,20250501_E09,176,train
20260319_cilia_crispant_18hpf_H02_e01,20260319_cilia_crispant_18hpf_H02,1,train
20251207_pbx_B12_e01,20251207_pbx_B12,132,train
20251017_part1_A10_e01,20251017_part1_A10,65,train
20250512_C10_e02,20250512_C10,195,train
20251020_H02_e01,20251020_H02,57,train
20251125_C10_e01,20251125_C10,231,train
20260702_hotchem_36hpf_plate01_H08_e01,20260702_hotchem_36hpf_plate01_H08,1,train
20251020_B10_e01,20251020_B10,57,train
20260122_H01_e02,20260122_H01,104,train
20250716_chem4_28C_T00_1158_G04_e01,20250716_chem4_28C_T00_1158_G04,1,train
20260219_B10_e01,20260219_B10,177,train
20231218_G06_e01,20231218_G06,34,train
20260416_cep290_30to48hpf_plate02_t02_B07_e01,20260416_cep290_30to48hpf_plate02_t02_B07,1,train
20260724_hotfish_24hpf_plate01_G04_e01,20260724_hotfish_24hpf_plate01_G04,1,train
20251112_A03_e02,20251112_A03,44,train
20240418_E11_e02,20240418_E11,46,train
20250622_chem_28C_T00_1425_G10_e01,20250622_chem_28C_T00_1425_G10,1,train
20260724_hotfish_30hpf_plate02_C05_e01,20260724_hotfish_30hpf_plate02_C05,1,train
20260418_irx_pilot_H07_e01,20260418_irx_pilot_H07,78,train
20250623_chem_28C_T02_1259_C03_e01,20250623_chem_28C_T02_1259_C03,1,train
20230629_A01_e01,20230629_A01,42,train
20240510_F08_e01,20240510_F08,1,train
20260418_irx_pilot_B10_e01,20260418_irx_pilot_B10,78,train
20260414_b9d2_30hpf_plate02_H05_e01,20260414_b9d2_30hpf_plate02_H05,1,train
20251121_A06_e03,20251121_A06,173,train
20260702_hotchem_24hpf_plate02_G05_e02,20260702_hotchem_24hpf_plate02_G05,1,train
20260702_hotchem_24hpf_plate02_E06_e01,20260702_hotchem_24hpf_plate02_E06,1,train
20250716_chem4_34C_T00_1014_E04_e01,20250716_chem4_34C_T00_1014_E04,1,train
20250512_H11_e01,20250512_H11,195,train
20250623_chem_28C_T02_1259_F12_e01,20250623_chem_28C_T02_1259_F12,1,train
20250622_chem_28C_T00_1425_A02_e01,20250622_chem_28C_T00_1425_A02,1,train
20231218_G04_e01,20231218_G04,34,train
20250624_chem02_34C_T00_1243_C07_e01,20250624_chem02_34C_T00_1243_C07,1,train
20250624_chem02_28C_T01_1808_C07_e01,20250624_chem02_28C_T01_1808_C07,1,train
20250624_chem02_34C_T00_1243_H09_e02,20250624_chem02_34C_T00_1243_H09,1,train
20231206_B04_e02,20231206_B04,59,train
20260202_E03_e05,20260202_E03,71,train
20251112_H03_e02,20251112_H03,49,train
20260416_cep290_30to48hpf_plate02_t02_G02_e01,20260416_cep290_30to48hpf_plate02_t02_G02,1,train
20260724_hotfish_30hpf_plate01_H11_e01,20260724_hotfish_30hpf_plate01_H11,1,train
20231110_F10_e01,20231110_F10,64,train
20250625_chem02_28C_T02_1332_C03_e01,20250625_chem02_28C_T02_1332_C03,1,train
20260702_hotchem_36hpf_plate02_G04_e01,20260702_hotchem_36hpf_plate02_G04,1,train
20240411_C01_e01,20240411_C01,48,train
20260702_hotchem_30hpf_plate01_F06_e01,20260702_hotchem_30hpf_plate01_F06,1,train
20260702_hotchem_24hpf_plate01_E05_e01,20260702_hotchem_24hpf_plate01_E05,1,train
20260228_F08_e02,20260228_F08,126,train
20241023_B08_e01,20241023_B08,43,train
20250612_30hpf_wfs1_ctcf_E06_e01,20250612_30hpf_wfs1_ctcf_E06,1,train
20260228_G07_e01,20260228_G07,151,train
20230613_F04_e01,20230613_F04,65,train
20250612_36hpf_ctrl_atf6_G07_e01,20250612_36hpf_ctrl_atf6_G07,1,train
20250415_H06_e01,20250415_H06,39,train
20250623_chem_28C_T02_1259_E07_e01,20250623_chem_28C_T02_1259_E07,1,train
20260324_cep290_24hpf_plate02_F12_e01,20260324_cep290_24hpf_plate02_F12,1,train
20250624_chem02_28C_T01_1808_F10_e01,20250624_chem02_28C_T01_1808_F10,1,train
20250624_chem02_35C_T00_1216_C12_e01,20250624_chem02_35C_T00_1216_C12,1,train
20250625_chem02_28C_T02_1332_G02_e02,20250625_chem02_28C_T02_1332_G02,1,train
20240813_36hpf_B06_e01,20240813_36hpf_B06,1,train
20240718_H07_e01,20240718_H07,1,train
20260228_C09_e01,20260228_C09,151,train
20260324_cep290_24hpf_plate01_F04_e01,20260324_cep290_24hpf_plate01_F04,1,train
20250623_chem_34C_T02_1231_G07_e01,20250623_chem_34C_T02_1231_G07,1,train
20250612_36hpf_ctrl_atf6_F12_e01,20250612_36hpf_ctrl_atf6_F12,1,train
20240812_H05_e01,20240812_H05,75,train
20250515_part2_D11_e01,20250515_part2_D11,27,train
20260702_hotchem_30hpf_plate01_H12_e01,20260702_hotchem_30hpf_plate01_H12,1,train
20260213_C02_e02,20260213_C02,139,train
20240418_G03_e02,20240418_G03,46,train
20230531_D07_e05,20230531_D07,63,train
20250305_H11_e01,20250305_H11,340,train
20260213_G05_e02,20260213_G05,67,train
20260414_b9d2_14hpf_plate01_F10_e01,20260414_b9d2_14hpf_plate01_F10,1,train
20260319_A06_e01,20260319_A06,85,train
20260208_C10_e01,20260208_C10,321,train
20260319_cilia_crispant_18hpf_C03_e01,20260319_cilia_crispant_18hpf_C03,1,train
20250716_chem4_28C_T00_1158_B09_e01,20250716_chem4_28C_T00_1158_B09,1,train
20260206_D11_e01,20260206_D11,150,train
20250624_chem02_35C_T00_1216_C05_e01,20250624_chem02_35C_T00_1216_C05,1,train
20260319_cilia_crispant_30hpf_D05_e01,20260319_cilia_crispant_30hpf_D05,1,train
20260122_F12_e01,20260122_F12,104,train
20260417_irx_pilot_B11_e01,20260417_irx_pilot_B11,27,train
20260202_F03_e03,20260202_F03,71,train
20250625_chem02_35C_T02_1228_E05_e01,20250625_chem02_35C_T02_1228_E05,1,train
20250622_chem_28C_T00_1425_A03_e01,20250622_chem_28C_T00_1425_A03,1,train
20250703_chem3_34C_T01_1457_D06_e01,20250703_chem3_34C_T01_1457_D06,1,train
20260219_B09_e01,20260219_B09,177,train
20250624_chem02_28C_T00_1356_H11_e01,20250624_chem02_28C_T00_1356_H11,1,train
20250721_chem5_28C_T01_1401_C07_e01,20250721_chem5_28C_T01_1401_C07,1,train
20260414_b9d2_14hpf_plate01_F08_e02,20260414_b9d2_14hpf_plate01_F08,1,train
20251121_F04_e02,20251121_F04,170,train
20260724_hotfish_30hpf_plate01_C01_e01,20260724_hotfish_30hpf_plate01_C01,1,train
20250612_30hpf_ctrl_atf6_A01_e01,20250612_30hpf_ctrl_atf6_A01,1,train
20240812_F03_e01,20240812_F03,75,train
20260724_hotfish_36hpf_plate02_F03_e01,20260724_hotfish_36hpf_plate02_F03,1,train
20250612_36hpf_ctrl_atf6_E02_e01,20250612_36hpf_ctrl_atf6_E02,1,train
20240418_B03_e02,20240418_B03,46,train
20250215_B03_e01,20250215_B03,78,train
20260702_hotchem_24hpf_plate02_D01_e01,20260702_hotchem_24hpf_plate02_D01,1,train
20240530_G05_e01,20240530_G05,81,train
20260702_hotchem_36hpf_plate01_B11_e01,20260702_hotchem_36hpf_plate01_B11,1,train
20260304_C07_e02,20260304_C07,192,train
20260415_cep290_30to48hpf_plate02_t01_C02_e01,20260415_cep290_30to48hpf_plate02_t01_C02,1,train
20260219_D07_e01,20260219_D07,177,train
20260724_hotfish_24hpf_plate01_E06_e01,20260724_hotfish_24hpf_plate01_E06,1,train
20230620_A04_e01,20230620_A04,89,train
20250622_chem_28C_T01_1658_G12_e01,20250622_chem_28C_T01_1658_G12,1,train
20230531_A08_e01,20230531_A08,66,train
20240307_B08_e01,20240307_B08,44,train
20260724_hotfish_24hpf_plate02_B02_e01,20260724_hotfish_24hpf_plate02_B02,1,train
20260414_b9d2_30hpf_plate02_D08_e01,20260414_b9d2_30hpf_plate02_D08,1,train
20260324_cep290_30hpf_plate01_D10_e01,20260324_cep290_30hpf_plate01_D10,1,train
20260415_b9d2_30to48hpf_plate01_t02_H11_e01,20260415_b9d2_30to48hpf_plate01_t02_H11,1,train
20250425_C12_e01,20250425_C12,118,train
20260324_cep290_24hpf_plate02_A01_e02,20260324_cep290_24hpf_plate02_A01,1,train
20240404_C09_e01,20240404_C09,35,train
20260724_hotfish_30hpf_plate02_F06_e01,20260724_hotfish_30hpf_plate02_F06,1,train
20260417_irx_pilot_A05_e02,20260417_irx_pilot_A05,27,train
20260415_b9d2_30to48hpf_plate02_t02_D08_e02,20260415_b9d2_30to48hpf_plate02_t02_D08,1,train
20250716_chem4_28C_T00_1158_B02_e01,20250716_chem4_28C_T00_1158_B02,1,train
20250305_E10_e01,20250305_E10,340,train
20240307_D03_e03,20240307_D03,44,train
20260702_hotchem_36hpf_plate02_B03_e01,20260702_hotchem_36hpf_plate02_B03,1,train
20250624_chem02_28C_T00_1356_F10_e01,20250624_chem02_28C_T00_1356_F10,1,train
20231206_E03_e02,20231206_E03,59,train
20260206_G11_e01,20260206_G11,150,train
20230602_D10_e01,20230602_D10,97,train
20251207_pbx_F01_e01,20251207_pbx_F01,132,train
20240813_36hpf_B02_e01,20240813_36hpf_B02,1,train
20250612_30hpf_ctrl_atf6_E06_e01,20250612_30hpf_ctrl_atf6_E06,1,train
20260304_C10_e01,20260304_C10,192,train
20240509_C03_e01,20240509_C03,41,train
20240725_H07_e01,20240725_H07,1,train
20230629_A02_e01,20230629_A02,42,train
20250622_chem_34C_T01_1632_D03_e01,20250622_chem_34C_T01_1632_D03,1,train
20250612_24hpf_wfs1_ctcf_G05_e01,20250612_24hpf_wfs1_ctcf_G05,1,train
20260324_cep290_24hpf_plate01_G09_e01,20260324_cep290_24hpf_plate01_G09,1,train
20250716_chem4_35C_T00_1045_C02_e01,20250716_chem4_35C_T00_1045_C02,1,train
20250716_chem4_34C_T00_1014_H06_e01,20250716_chem4_34C_T00_1014_H06,1,train
20250612_24hpf_wfs1_ctcf_A07_e01,20250612_24hpf_wfs1_ctcf_A07,1,train
20250624_chem02_28C_T01_1808_H08_e01,20250624_chem02_28C_T01_1808_H08,1,train
20250716_chem4_28C_T01_1400_H01_e01,20250716_chem4_28C_T01_1400_H01,1,train
20250622_chem_28C_T00_1425_E03_e01,20250622_chem_28C_T00_1425_E03,1,train
20250612_24hpf_wfs1_ctcf_H11_e01,20250612_24hpf_wfs1_ctcf_H11,1,train
20251205_G08_e02,20251205_G08,115,train
20230627_C10_e02,20230627_C10,45,train
20240307_H03_e01,20240307_H03,44,train
20260724_hotfish_30hpf_plate01_B03_e01,20260724_hotfish_30hpf_plate01_B03,1,train
20240418_F12_e04,20240418_F12,46,train
20250624_chem02_28C_T00_1356_C10_e01,20250624_chem02_28C_T00_1356_C10,1,train
20250716_chem4_34C_T00_1014_A09_e01,20250716_chem4_34C_T00_1014_A09,1,train
20250624_chem02_35C_T01_1711_D03_e01,20250624_chem02_35C_T01_1711_D03,1,train
20240307_H04_e02,20240307_H04,44,train
20260319_cilia_crispant_24hpf_G02_e01,20260319_cilia_crispant_24hpf_G02,1,train
20260415_cep290_18hpf_plate03_G02_e04,20260415_cep290_18hpf_plate03_G02,1,train
20240404_A11_e02,20240404_A11,35,train
20250623_chem_34C_T02_1231_C05_e01,20250623_chem_34C_T02_1231_C05,1,train
20260415_cep290_18hpf_plate03_F05_e01,20260415_cep290_18hpf_plate03_F05,1,train
20250612_30hpf_wfs1_ctcf_A02_e01,20250612_30hpf_wfs1_ctcf_A02,1,train
20230613_C01_e01,20230613_C01,66,train
20260418_irx_pilot_B07_e01,20260418_irx_pilot_B07,77,train
20231206_D10_e02,20231206_D10,59,train
20260417_irx_pilot_E05_e02,20260417_irx_pilot_E05,27,train
20260416_cep290_30to48hpf_plate01_t02_D06_e02,20260416_cep290_30to48hpf_plate01_t02_D06,1,train
20251125_D09_e01,20251125_D09,231,train
20250623_chem_28C_T02_1259_F11_e02,20250623_chem_28C_T02_1259_F11,1,train
20250721_chem5_28C_T00_1257_F04_e01,20250721_chem5_28C_T00_1257_F04,1,train
20250515_part2_E02_e01,20250515_part2_E02,27,train
20260416_cep290_30to48hpf_plate01_t02_B12_e01,20260416_cep290_30to48hpf_plate01_t02_B12,1,train
20240418_D07_e02,20240418_D07,46,train
20250622_chem_28C_T01_1658_F04_e01,20250622_chem_28C_T01_1658_F04,1,train
20250519_E01_e01,20250519_E01,51,train
20260219_H09_e01,20260219_H09,177,train
20250703_chem3_35C_T01_1437_F02_e01,20250703_chem3_35C_T01_1437_F02,1,train
20240812_G12_e01,20240812_G12,75,train
20260306_A01_e03,20260306_A01,185,train
20251121_H04_e01,20251121_H04,173,train
20260724_hotfish_30hpf_plate02_C07_e01,20260724_hotfish_30hpf_plate02_C07,1,train
20250622_chem_34C_T00_1256_B03_e01,20250622_chem_34C_T00_1256_B03,1,train
20231206_F01_e01,20231206_F01,59,train
20260304_B01_e01,20260304_B01,192,train
20240418_E03_e01,20240418_E03,46,train
20260702_hotchem_36hpf_plate01_G06_e01,20260702_hotchem_36hpf_plate01_G06,1,train
20250519_F09_e01,20250519_F09,51,train
20240411_F12_e01,20240411_F12,48,train
20250305_H06_e01,20250305_H06,340,train
20250703_chem3_28C_T00_1325_E02_e01,20250703_chem3_28C_T00_1325_E02,1,train
20250612_30hpf_wfs1_ctcf_B07_e01,20250612_30hpf_wfs1_ctcf_B07,1,train
20251020_H08_e01,20251020_H08,57,train
20250622_chem_28C_T01_1658_F05_e01,20250622_chem_28C_T01_1658_F05,1,train
20260319_cilia_crispant_24hpf_F01_e01,20260319_cilia_crispant_24hpf_F01,1,train
20250721_chem5_28C_T01_1401_E09_e02,20250721_chem5_28C_T01_1401_E09,1,train
20260331_b9d2_18hpf_plate02_C03_e01,20260331_b9d2_18hpf_plate02_C03,1,train
20250622_chem_35C_T01_1605_G07_e01,20250622_chem_35C_T01_1605_G07,1,train
20250425_G02_e01,20250425_G02,118,train
20250415_G12_e01,20250415_G12,39,train
20250612_24hpf_wfs1_ctcf_D09_e01,20250612_24hpf_wfs1_ctcf_D09,1,train
20260414_b9d2_14hpf_plate01_E06_e01,20260414_b9d2_14hpf_plate01_E06,1,train
20260304_B09_e03,20260304_B09,192,train
20230620_D06_e01,20230620_D06,88,train
20240726_B05_e01,20240726_B05,1,train
20260724_hotfish_36hpf_plate01_H09_e01,20260724_hotfish_36hpf_plate01_H09,1,train
20240718_C03_e01,20240718_C03,1,train
20240404_A03_e01,20240404_A03,35,train
20250623_chem_28C_T02_1259_D07_e01,20250623_chem_28C_T02_1259_D07,1,train
20260724_hotfish_36hpf_plate01_A08_e01,20260724_hotfish_36hpf_plate01_A08,1,train
20250622_chem_28C_T00_1425_D04_e01,20250622_chem_28C_T00_1425_D04,1,train
20250721_chem5_28C_T00_1257_H08_e01,20250721_chem5_28C_T00_1257_H08,1,train
20260228_A10_e01,20260228_A10,151,train
20250415_D12_e01,20250415_D12,39,train
20250623_chem_34C_T02_1231_E03_e01,20250623_chem_34C_T02_1231_E03,1,train
20250623_chem_28C_T02_1259_F05_e01,20250623_chem_28C_T02_1259_F05,1,train
20260324_cep290_30hpf_plate01_A06_e01,20260324_cep290_30hpf_plate01_A06,1,train
20250623_chem_28C_T02_1259_A07_e01,20250623_chem_28C_T02_1259_A07,1,train
20240509_B11_e01,20240509_B11,41,train
20260415_cep290_18hpf_plate03_G02_e03,20260415_cep290_18hpf_plate03_G02,1,train
20230627_B09_e01,20230627_B09,45,train
20260702_hotchem_36hpf_plate02_A09_e01,20260702_hotchem_36hpf_plate02_A09,1,train
20240626_F03_e01,20240626_F03,112,train
20230620_B08_e02,20230620_B08,89,train
20250622_chem_35C_T00_1223_check_A07_e01,20250622_chem_35C_T00_1223_check_A07,1,train
20240307_F03_e02,20240307_F03,44,train
20260331_b9d2_18hpf_plate02_H02_e01,20260331_b9d2_18hpf_plate02_H02,1,train
20260416_cep290_30to48hpf_plate01_t02_B07_e01,20260416_cep290_30to48hpf_plate01_t02_B07,1,train
20260416_cep290_30to48hpf_plate01_t02_E06_e01,20260416_cep290_30to48hpf_plate01_t02_E06,1,train
20240812_E08_e01,20240812_E08,75,train
20260702_hotchem_24hpf_plate02_G09_e01,20260702_hotchem_24hpf_plate02_G09,1,train
20251020_B07_e01,20251020_B07,57,train
20260213_E10_e01,20260213_E10,139,train
20240718_H09_e01,20240718_H09,1,train
20250711_A11_e01,20250711_A11,179,train
20260415_b9d2_30to48hpf_plate01_t02_F10_e01,20260415_b9d2_30to48hpf_plate01_t02_F10,1,train
20250501_B03_e01,20250501_B03,176,train
20260415_cep290_18hpf_plate03_C05_e03,20260415_cep290_18hpf_plate03_C05,1,train
20260319_cilia_crispant_30hpf_E05_e01,20260319_cilia_crispant_30hpf_E05,1,train
20250624_chem02_35C_T00_1216_F12_e03,20250624_chem02_35C_T00_1216_F12,1,train
20230531_G02_e02,20230531_G02,66,train
20260702_hotchem_30hpf_plate02_H01_e01,20260702_hotchem_30hpf_plate02_H01,1,train
20250612_24hpf_ctrl_atf6_C06_e01,20250612_24hpf_ctrl_atf6_C06,1,train
20260324_cep290_24hpf_plate02_H11_e01,20260324_cep290_24hpf_plate02_H11,1,train
20250912_D02_e01,20250912_D02,113,train
20251207_pbx_H06_e01,20251207_pbx_H06,132,train
20250415_D07_e01,20250415_D07,39,train
20251125_B03_e01,20251125_B03,231,train
20240510_F02_e01,20240510_F02,1,train
20251125_H05_e01,20251125_H05,231,train
20240306_B02_e02,20240306_B02,116,train
20250612_24hpf_ctrl_atf6_F08_e01,20250612_24hpf_ctrl_atf6_F08,1,train
20250623_chem_34C_T02_1231_D03_e01,20250623_chem_34C_T02_1231_D03,1,train
20260319_cilia_crispant_18hpf_G04_e01,20260319_cilia_crispant_18hpf_G04,1,train
20240626_C08_e01,20240626_C08,112,train
20250305_C08_e01,20250305_C08,340,train
20260724_hotfish_36hpf_plate01_E11_e01,20260724_hotfish_36hpf_plate01_E11,1,train
20260414_b9d2_30hpf_plate01_B09_e01,20260414_b9d2_30hpf_plate01_B09,1,train
20240626_C01_e01,20240626_C01,112,train
20240626_C09_e01,20240626_C09,112,train
20250305_B10_e01,20250305_B10,340,train
20250623_chem_34C_T02_1231_C03_e01,20250623_chem_34C_T02_1231_C03,1,train
20250612_24hpf_ctrl_atf6_E06_e01,20250612_24hpf_ctrl_atf6_E06,1,train
20240306_B06_e01,20240306_B06,132,train
20250721_chem5_28C_T00_1257_A07_e01,20250721_chem5_28C_T00_1257_A07,1,train
20260415_cep290_18hpf_plate03_D06_e01,20260415_cep290_18hpf_plate03_D06,1,train
20240813_24hpf_B04_e01,20240813_24hpf_B04,1,train
20250624_chem02_34C_T00_1243_D10_e01,20250624_chem02_34C_T00_1243_D10,1,train
20260724_hotfish_36hpf_plate02_H02_e02,20260724_hotfish_36hpf_plate02_H02,1,train
20230627_A09_e01,20230627_A09,45,train
20240626_C06_e01,20240626_C06,112,train
20240510_D05_e01,20240510_D05,1,train
20230615_D01_e01,20230615_D01,50,train
20250612_24hpf_ctrl_atf6_B02_e01,20250612_24hpf_ctrl_atf6_B02,1,train
20260415_cep290_30to48hpf_plate02_t01_G04_e02,20260415_cep290_30to48hpf_plate02_t01_G04,1,train
20251017_part2_D01_e02,20251017_part2_D01,63,train
20260331_b9d2_18hpf_plate02_C04_e01,20260331_b9d2_18hpf_plate02_C04,1,train
20240307_F07_e03,20240307_F07,44,train
20250612_30hpf_wfs1_ctcf_F06_e01,20250612_30hpf_wfs1_ctcf_F06,1,train
20260415_b9d2_30to48hpf_plate01_t02_F01_e01,20260415_b9d2_30to48hpf_plate01_t02_F01,1,train
20260213_A01_e02,20260213_A01,139,train
20250519_D05_e01,20250519_D05,51,train
20260416_cep290_30to48hpf_plate02_t02_D05_e01,20260416_cep290_30to48hpf_plate02_t02_D05,1,train
20260206_H10_e01,20260206_H10,150,train
20260418_irx_pilot_H11_e02,20260418_irx_pilot_H11,78,train
20230613_D08_e01,20230613_D08,66,train
20260416_cep290_30to48hpf_plate02_t02_B05_e01,20260416_cep290_30to48hpf_plate02_t02_B05,1,train
20260724_hotfish_36hpf_plate02_C02_e01,20260724_hotfish_36hpf_plate02_C02,1,train
20260324_cep290_30hpf_plate02_C05_e02,20260324_cep290_30hpf_plate02_C05,1,train
20260702_hotchem_30hpf_plate01_E11_e01,20260702_hotchem_30hpf_plate01_E11,1,train
20250716_chem4_34C_T00_1014_C06_e01,20250716_chem4_34C_T00_1014_C06,1,train
20260724_hotfish_24hpf_plate01_H09_e01,20260724_hotfish_24hpf_plate01_H09,1,train
20240509_24hpf_E05_e01,20240509_24hpf_E05,1,train
20240717_A07_e01,20240717_A07,1,train
20250622_chem_34C_T00_1256_G06_e01,20250622_chem_34C_T00_1256_G06,1,train
20260702_hotchem_30hpf_plate02_A01_e01,20260702_hotchem_30hpf_plate02_A01,1,train
20260319_cilia_crispant_18hpf_D07_e01,20260319_cilia_crispant_18hpf_D07,1,train
20251017_part2_E10_e02,20251017_part2_E10,63,train
20250512_A08_e01,20250512_A08,195,train
20250624_chem02_34C_T01_1739_F11_e01,20250624_chem02_34C_T01_1739_F11,1,train
20250721_chem5_28C_T00_1257_C10_e01,20250721_chem5_28C_T00_1257_C10,1,train
20250622_chem_28C_T01_1658_G06_e01,20250622_chem_28C_T01_1658_G06,1,train
20250305_E06_e01,20250305_E06,340,train
20250519_E07_e01,20250519_E07,51,train
20250622_chem_35C_T00_1223_check_D08_e02,20250622_chem_35C_T00_1223_check_D08,1,train
20250624_chem02_28C_T00_1356_E10_e02,20250624_chem02_28C_T00_1356_E10,1,train
20251121_G06_e01,20251121_G06,173,train
20260724_hotfish_24hpf_plate01_G01_e01,20260724_hotfish_24hpf_plate01_G01,1,train
20250716_chem4_35C_T00_1045_F09_e01,20250716_chem4_35C_T00_1045_F09,1,train
20260414_b9d2_14hpf_plate01_H04_e01,20260414_b9d2_14hpf_plate01_H04,1,train
20250612_36hpf_ctrl_atf6_C02_e01,20250612_36hpf_ctrl_atf6_C02,1,train
20260418_irx_pilot_H05_e02,20260418_irx_pilot_H05,78,train
20250622_chem_35C_T00_1223_check_A12_e01,20250622_chem_35C_T00_1223_check_A12,1,train
20260206_G12_e01,20260206_G12,150,train
20250425_D05_e01,20250425_D05,118,train
20230622_E07_e01,20230622_E07,43,train
20260219_G02_e02,20260219_G02,177,train
20250305_C10_e01,20250305_C10,340,train
20230531_E08_e02,20230531_E08,66,train
20250126_B07_e01,20250126_B07,71,train
20251119_D04_e01,20251119_D04,348,train
20250721_chem5_28C_T01_1401_F07_e01,20250721_chem5_28C_T01_1401_F07,1,train
20251212_C01_e01,20251212_C01,115,train
20250623_chem_28C_T02_1259_C06_e01,20250623_chem_28C_T02_1259_C06,1,train
20260122_H06_e03,20260122_H06,104,train
20250716_chem4_34C_T00_1014_C04_e01,20250716_chem4_34C_T00_1014_C04,1,train
20260319_D04_e01,20260319_D04,105,train
20250721_chem5_28C_T01_1401_F09_e01,20250721_chem5_28C_T01_1401_F09,1,train
20260414_b9d2_30hpf_plate02_B08_e03,20260414_b9d2_30hpf_plate02_B08,1,train
20260324_cep290_30hpf_plate02_B01_e02,20260324_cep290_30hpf_plate02_B01,1,train
20250612_30hpf_wfs1_ctcf_E11_e01,20250612_30hpf_wfs1_ctcf_E11,1,train
20240812_H03_e01,20240812_H03,75,train
20240530_D02_e01,20240530_D02,81,train
20231218_E10_e01,20231218_E10,34,train
20260414_b9d2_14hpf_plate01_A11_e01,20260414_b9d2_14hpf_plate01_A11,1,train
20250625_chem02_35C_T02_1228_C10_e01,20250625_chem02_35C_T02_1228_C10,1,train
20260213_H11_e01,20260213_H11,139,train
20260208_D07_e01,20260208_D07,321,train
20251207_pbx_F07_e01,20251207_pbx_F07,132,train
20240509_E07_e01,20240509_E07,41,train
20240626_D11_e01,20240626_D11,112,train
20260319_cilia_crispant_30hpf_E06_e01,20260319_cilia_crispant_30hpf_E06,1,train
20240813_36hpf_C06_e01,20240813_36hpf_C06,1,train
20260122_H11_e02,20260122_H11,104,train
20250305_A05_e01,20250305_A05,340,train
20240813_36hpf_C03_e01,20240813_36hpf_C03,1,train
20250623_chem_28C_T02_1259_C08_e01,20250623_chem_28C_T02_1259_C08,1,train
20250612_30hpf_ctrl_atf6_G01_e01,20250612_30hpf_ctrl_atf6_G01,1,train
20260306_D11_e01,20260306_D11,186,train
20260202_B11_e01,20260202_B11,71,train
20250703_chem3_35C_T01_1437_B02_e01,20250703_chem3_35C_T01_1437_B02,1,train
20230531_C08_e01,20230531_C08,66,train
20250612_36hpf_wfs1_ctcf_H01_e01,20250612_36hpf_wfs1_ctcf_H01,1,train
20250624_chem02_28C_T00_1356_G02_e02,20250624_chem02_28C_T00_1356_G02,1,train
20260304_G11_e02,20260304_G11,180,train
20260324_cep290_24hpf_plate01_A01_e01,20260324_cep290_24hpf_plate01_A01,1,train
20260202_C06_e02,20260202_C06,71,train
20230602_F03_e01,20230602_F03,97,train
20240307_B01_e01,20240307_B01,44,train
20251112_G01_e01,20251112_G01,49,train
20251112_A03_e03,20251112_A03,7,train
20250716_chem4_28C_T00_1158_B06_e01,20250716_chem4_28C_T00_1158_B06,1,train
20250624_chem02_35C_T01_1711_C05_e01,20250624_chem02_35C_T01_1711_C05,1,train
20240418_A12_e04,20240418_A12,46,train
20250622_chem_34C_T00_1256_E06_e01,20250622_chem_34C_T00_1256_E06,1,train
20240404_E11_e01,20240404_E11,35,train
20251112_A12_e02,20251112_A12,36,train
20260724_hotfish_36hpf_plate01_E03_e01,20260724_hotfish_36hpf_plate01_E03,1,train
20250716_chem4_28C_T00_1158_F04_e01,20250716_chem4_28C_T00_1158_F04,1,train
20250515_part2_A01_e01,20250515_part2_A01,27,train
20260122_H03_e01,20260122_H03,104,train
20250716_chem4_35C_T00_1045_G09_e01,20250716_chem4_35C_T00_1045_G09,1,train
20250716_chem4_34C_T00_1014_B09_e01,20250716_chem4_34C_T00_1014_B09,1,train
20260202_D02_e03,20260202_D02,70,train
20250716_chem4_35C_T00_1045_A08_e03,20250716_chem4_35C_T00_1045_A08,1,train
20260415_b9d2_30to48hpf_plate01_t02_F11_e01,20260415_b9d2_30to48hpf_plate01_t02_F11,1,train
20250612_24hpf_wfs1_ctcf_C10_e01,20250612_24hpf_wfs1_ctcf_C10,1,train
20251017_part1_B10_e01,20251017_part1_B10,65,train
20260415_cep290_30to48hpf_plate02_t01_F03_e02,20260415_cep290_30to48hpf_plate02_t01_F03,1,train
20260702_hotchem_24hpf_plate02_H03_e01,20260702_hotchem_24hpf_plate02_H03,1,train
20250624_chem02_35C_T01_1711_F12_e01,20250624_chem02_35C_T01_1711_F12,1,train
20260724_hotfish_30hpf_plate01_D04_e01,20260724_hotfish_30hpf_plate01_D04,1,train
20230629_C10_e01,20230629_C10,41,train
20250721_chem5_28C_T00_1257_D10_e02,20250721_chem5_28C_T00_1257_D10,1,train
20251125_F09_e01,20251125_F09,231,train
20250623_chem_34C_T02_1231_B09_e01,20250623_chem_34C_T02_1231_B09,1,train
20250425_A03_e03,20250425_A03,118,train
20250625_chem02_35C_T02_1228_A08_e01,20250625_chem02_35C_T02_1228_A08,1,train
20240306_H10_e01,20240306_H10,132,train
20251205_F04_e02,20251205_F04,115,train
20250519_F02_e01,20250519_F02,51,train
20250721_chem5_35C_T00_1023_C12_e01,20250721_chem5_35C_T00_1023_C12,1,train
20250305_E07_e01,20250305_E07,340,train
20250622_chem_35C_T01_1605_C07_e01,20250622_chem_35C_T01_1605_C07,1,train
20260304_A08_e01,20260304_A08,192,train
20260702_hotchem_36hpf_plate01_A02_e01,20260702_hotchem_36hpf_plate01_A02,1,train
20250625_chem02_35C_T02_1228_C02_e01,20250625_chem02_35C_T02_1228_C02,1,train
20230531_B03_e01,20230531_B03,66,train
20240307_G10_e02,20240307_G10,44,train
20260416_cep290_30to48hpf_plate02_t02_E02_e01,20260416_cep290_30to48hpf_plate02_t02_E02,1,train
20260304_E03_e01,20260304_E03,192,train
20260414_b9d2_14hpf_plate01_A04_e01,20260414_b9d2_14hpf_plate01_A04,1,train
20240813_24hpf_A04_e01,20240813_24hpf_A04,1,train
20240522_C12_e01,20240522_C12,95,train
20230627_C05_e02,20230627_C05,45,train
20250703_chem3_34C_T01_1457_D01_e01,20250703_chem3_34C_T01_1457_D01,1,train
20251020_B04_e01,20251020_B04,57,train
20250512_B11_e02,20250512_B11,195,train
20250425_D08_e01,20250425_D08,118,train
20260213_F10_e03,20260213_F10,139,train
20250612_24hpf_wfs1_ctcf_C01_e01,20250612_24hpf_wfs1_ctcf_C01,1,train
20250625_chem02_34C_T02_1301_A12_e01,20250625_chem02_34C_T02_1301_A12,1,train
20240717_B04_e01,20240717_B04,1,train
20250512_G07_e01,20250512_G07,195,train
20260331_b9d2_18hpf_plate02_F06_e01,20260331_b9d2_18hpf_plate02_F06,1,train
20260416_cep290_30to48hpf_plate01_t02_B01_e01,20260416_cep290_30to48hpf_plate01_t02_B01,1,train
20260306_A04_e02,20260306_A04,182,train
20260202_A03_e02,20260202_A03,71,train
20240509_B10_e01,20240509_B10,41,train
20240307_B10_e02,20240307_B10,44,train
20260219_E03_e01,20260219_E03,177,train
20250622_chem_35C_T00_1223_check_B06_e01,20250622_chem_35C_T00_1223_check_B06,1,train
20251112_G08_e02,20251112_G08,22,train
20250622_chem_34C_T00_1256_F10_e01,20250622_chem_34C_T00_1256_F10,1,train
20250612_30hpf_wfs1_ctcf_D03_e01,20250612_30hpf_wfs1_ctcf_D03,1,train
20260724_hotfish_36hpf_plate02_C04_e01,20260724_hotfish_36hpf_plate02_C04,1,train
20250612_24hpf_ctrl_atf6_A06_e01,20250612_24hpf_ctrl_atf6_A06,1,train
20250721_chem5_28C_T01_1401_G02_e01,20250721_chem5_28C_T01_1401_G02,1,train
20231218_A04_e01,20231218_A04,34,train
20260122_A09_e02,20260122_A09,104,train
20260724_hotfish_36hpf_plate01_H03_e01,20260724_hotfish_36hpf_plate01_H03,1,train
20260324_cep290_24hpf_plate02_E06_e01,20260324_cep290_24hpf_plate02_E06,1,train
20230622_C06_e02,20230622_C06,43,train
20260702_hotchem_30hpf_plate01_D07_e01,20260702_hotchem_30hpf_plate01_D07,1,train
20250612_30hpf_wfs1_ctcf_A09_e01,20250612_30hpf_wfs1_ctcf_A09,1,train
20250625_chem02_28C_T02_1332_B12_e01,20250625_chem02_28C_T02_1332_B12,1,train
20250624_chem02_28C_T00_1356_G08_e01,20250624_chem02_28C_T00_1356_G08,1,train
20260208_G04_e01,20260208_G04,321,train
20260414_b9d2_30hpf_plate01_H11_e01,20260414_b9d2_30hpf_plate01_H11,1,train
20230831_F06_e01,20230831_F06,1,train
20260418_irx_pilot_E04_e01,20260418_irx_pilot_E04,78,train
20260724_hotfish_36hpf_plate01_A12_e01,20260724_hotfish_36hpf_plate01_A12,1,train
20260702_hotchem_24hpf_plate01_C06_e01,20260702_hotchem_24hpf_plate01_C06,1,train
20231218_C12_e01,20231218_C12,34,train
20250512_D05_e01,20250512_D05,195,train
20231218_H05_e01,20231218_H05,34,train
20260213_H09_e02,20260213_H09,21,train
20251205_B06_e01,20251205_B06,115,train
20250625_chem02_35C_T02_1228_F05_e02,20250625_chem02_35C_T02_1228_F05,1,train
20260702_hotchem_30hpf_plate02_H08_e01,20260702_hotchem_30hpf_plate02_H08,1,train
20260702_hotchem_36hpf_plate02_H04_e01,20260702_hotchem_36hpf_plate02_H04,1,train
20260304_E11_e03,20260304_E11,192,train
20250425_B12_e01,20250425_B12,118,train
20241023_H09_e01,20241023_H09,43,train
20250305_G06_e01,20250305_G06,340,train
20250425_B10_e02,20250425_B10,118,train
20260122_E03_e02,20260122_E03,104,train
20260306_E04_e01,20260306_E04,186,train
20250425_C06_e01,20250425_C06,118,train
20250126_A03_e02,20250126_A03,71,train
20251212_B06_e01,20251212_B06,115,train
20260414_b9d2_30hpf_plate02_F06_e01,20260414_b9d2_30hpf_plate02_F06,1,train
20260213_A07_e02,20260213_A07,139,train
20251121_C03_e01,20251121_C03,173,train
20251205_F07_e01,20251205_F07,115,train
20260702_hotchem_36hpf_plate01_F09_e01,20260702_hotchem_36hpf_plate01_F09,1,train
20260415_cep290_18hpf_plate03_C07_e01,20260415_cep290_18hpf_plate03_C07,1,train
20250305_A11_e01,20250305_A11,340,train
20251207_pbx_A11_e01,20251207_pbx_A11,132,train
20240718_A05_e01,20240718_A05,1,train
20240509_F02_e01,20240509_F02,41,train
20250622_chem_28C_T00_1425_F03_e01,20250622_chem_28C_T00_1425_F03,1,train
20260417_irx_pilot_H04_e01,20260417_irx_pilot_H04,27,train
20230602_B06_e03,20230602_B06,98,train
20250501_B02_e01,20250501_B02,176,train
20250624_chem02_28C_T00_1356_E08_e02,20250624_chem02_28C_T00_1356_E08,1,train
20230615_B08_e01,20230615_B08,48,train
20250624_chem02_28C_T00_1356_F11_e01,20250624_chem02_28C_T00_1356_F11,1,train
20250716_chem4_28C_T00_1158_D07_e01,20250716_chem4_28C_T00_1158_D07,1,train
20231206_C09_e02,20231206_C09,59,train
20260702_hotchem_30hpf_plate02_B04_e01,20260702_hotchem_30hpf_plate02_B04,1,train
20250624_chem02_34C_T01_1739_G02_e01,20250624_chem02_34C_T01_1739_G02,1,train
20260319_cilia_crispant_30hpf_B03_e01,20260319_cilia_crispant_30hpf_B03,1,train
20240509_18ss_A01_e01,20240509_18ss_A01,1,train
20260202_C06_e01,20260202_C06,71,train
20260319_cilia_crispant_24hpf_C11_e01,20260319_cilia_crispant_24hpf_C11,1,train
20260228_G10_e02,20260228_G10,151,train
20250624_chem02_28C_T01_1808_H10_e01,20250624_chem02_28C_T01_1808_H10,1,train
20260324_cep290_24hpf_plate01_C05_e01,20260324_cep290_24hpf_plate01_C05,1,train
20251207_pbx_A09_e01,20251207_pbx_A09,132,train
20260304_H11_e03,20260304_H11,192,train
20250716_chem4_34C_T00_1014_E03_e01,20250716_chem4_34C_T00_1014_E03,1,train
20260415_cep290_30to48hpf_plate02_t01_B06_e01,20260415_cep290_30to48hpf_plate02_t01_B06,1,train
20230613_F08_e01,20230613_F08,65,train
20251121_H06_e01,20251121_H06,166,train
20240718_A08_e01,20240718_A08,1,train
20260324_cep290_24hpf_plate01_F07_e01,20260324_cep290_24hpf_plate01_F07,1,train
20240307_G09_e02,20240307_G09,44,train
20240418_F02_e01,20240418_F02,46,train
20260208_E11_e01,20260208_E11,321,train
20250703_chem3_35C_T00_1101_F06_e01,20250703_chem3_35C_T00_1101_F06,1,train
20251112_H05_e03,20251112_H05,49,train
20250623_chem_28C_T02_1259_F10_e01,20250623_chem_28C_T02_1259_F10,1,train
20260202_F10_e01,20260202_F10,71,train
20250716_chem4_28C_T01_1400_G07_e01,20250716_chem4_28C_T01_1400_G07,1,train
20251205_G02_e01,20251205_G02,115,train
20260415_cep290_30to48hpf_plate02_t01_H09_e01,20260415_cep290_30to48hpf_plate02_t01_H09,1,train
20250612_36hpf_wfs1_ctcf_F07_e01,20250612_36hpf_wfs1_ctcf_F07,1,train
20251020_G08_e01,20251020_G08,57,train
20250912_F10_e01,20250912_F10,113,train
20251112_A05_e01,20251112_A05,49,train
20250512_C04_e01,20250512_C04,195,train
20250425_D07_e01,20250425_D07,118,train
20260415_cep290_30to48hpf_plate02_t01_G11_e01,20260415_cep290_30to48hpf_plate02_t01_G11,1,train
20241023_B01_e01,20241023_B01,43,train
20250305_F08_e01,20250305_F08,340,train
20260724_hotfish_36hpf_plate01_G09_e01,20260724_hotfish_36hpf_plate01_G09,1,train
20250215_B06_e01,20250215_B06,78,train
20260213_E07_e02,20260213_E07,139,train
20250625_chem02_34C_T02_1301_E01_e01,20250625_chem02_34C_T02_1301_E01,1,train
20250624_chem02_28C_T00_1356_H12_e01,20250624_chem02_28C_T00_1356_H12,1,train
20240626_D06_e01,20240626_D06,112,train
20250623_chem_34C_T02_1231_A03_e01,20250623_chem_34C_T02_1231_A03,1,train
20231206_G04_e01,20231206_G04,59,train
20240418_A08_e01,20240418_A08,46,train
20250126_F05_e01,20250126_F05,71,train
20250624_chem02_34C_T00_1243_E11_e01,20250624_chem02_34C_T00_1243_E11,1,train
20251125_G06_e01,20251125_G06,231,train
20260414_b9d2_30hpf_plate01_G09_e01,20260414_b9d2_30hpf_plate01_G09,1,train
20260702_hotchem_36hpf_plate02_C11_e01,20260702_hotchem_36hpf_plate02_C11,1,train
20250624_chem02_34C_T01_1739_B12_e01,20250624_chem02_34C_T01_1739_B12,1,train
20260210_A02_e01,20260210_A02,161,train
20251125_A03_e01,20251125_A03,49,train
20240418_F06_e01,20240418_F06,46,train
20260228_F05_e01,20260228_F05,151,train
20260415_b9d2_30to48hpf_plate01_t02_F05_e01,20260415_b9d2_30to48hpf_plate01_t02_F05,1,train
20260415_cep290_30to48hpf_plate02_t01_H04_e01,20260415_cep290_30to48hpf_plate02_t01_H04,1,train
20251020_H06_e01,20251020_H06,57,train
20240718_A10_e01,20240718_A10,1,train
20240812_E07_e01,20240812_E07,75,train
20260213_G11_e01,20260213_G11,139,train
20250624_chem02_34C_T00_1243_D07_e01,20250624_chem02_34C_T00_1243_D07,1,train
20251125_F01_e01,20251125_F01,231,train
20240530_A11_e01,20240530_A11,81,train
20251020_B12_e01,20251020_B12,57,train
20250415_A10_e01,20250415_A10,39,train
20251017_part2_A10_e02,20251017_part2_A10,50,train
20230622_B01_e01,20230622_B01,43,train
20240522_F07_e01,20240522_F07,95,train
20260319_A07_e03,20260319_A07,105,train
20260219_F07_e01,20260219_F07,177,train
20250623_chem_34C_T02_1231_G06_e01,20250623_chem_34C_T02_1231_G06,1,train
20230629_B02_e01,20230629_B02,41,train
20260306_F07_e01,20260306_F07,186,train
20250624_chem02_34C_T00_1243_G07_e01,20250624_chem02_34C_T00_1243_G07,1,train
20241022_E07_e01,20241022_E07,37,train
20250623_chem_28C_T02_1259_B10_e02,20250623_chem_28C_T02_1259_B10,1,train
20250622_chem_28C_T01_1658_C04_e01,20250622_chem_28C_T01_1658_C04,1,train
20240813_24hpf_D03_e01,20240813_24hpf_D03,1,train
20251205_A09_e01,20251205_A09,115,train
20260414_b9d2_14hpf_plate01_D05_e01,20260414_b9d2_14hpf_plate01_D05,1,train
20250515_part2_A08_e01,20250515_part2_A08,27,train
20251121_H06_e02,20251121_H06,40,train
20250624_chem02_35C_T00_1216_E10_e01,20250624_chem02_35C_T00_1216_E10,1,train
20260724_hotfish_30hpf_plate02_B06_e01,20260724_hotfish_30hpf_plate02_B06,1,train
20260219_F04_e01,20260219_F04,177,train
20260702_hotchem_24hpf_plate01_D10_e01,20260702_hotchem_24hpf_plate01_D10,1,train
20260724_hotfish_24hpf_plate01_B05_e01,20260724_hotfish_24hpf_plate01_B05,1,train
20240522_E01_e01,20240522_E01,95,train
20250612_24hpf_ctrl_atf6_A02_e01,20250612_24hpf_ctrl_atf6_A02,1,train
20260319_cilia_crispant_24hpf_B06_e01,20260319_cilia_crispant_24hpf_B06,1,train
20260702_hotchem_30hpf_plate02_E02_e01,20260702_hotchem_30hpf_plate02_E02,1,train
20260219_B02_e03,20260219_B02,177,train
20260417_irx_pilot_D02_e01,20260417_irx_pilot_D02,27,train
20251207_pbx_B04_e01,20251207_pbx_B04,132,train
20250711_C02_e01,20250711_C02,179,train
20250625_chem02_34C_T02_1301_D08_e01,20250625_chem02_34C_T02_1301_D08,1,train
20260324_cep290_24hpf_plate02_C04_e01,20260324_cep290_24hpf_plate02_C04,1,train
20240307_A06_e01,20240307_A06,44,train
20250612_24hpf_ctrl_atf6_A04_e01,20250612_24hpf_ctrl_atf6_A04,1,train
20260210_H11_e01,20260210_H11,161,train
20240307_G10_e03,20240307_G10,44,train
20250703_chem3_34C_T00_1131_C03_e02,20250703_chem3_34C_T00_1131_C03,1,train
20260319_G01_e02,20260319_G01,105,train
20260202_G08_e02,20260202_G08,71,train
20231110_G10_e01,20231110_G10,64,train
20260319_cilia_crispant_24hpf_E07_e01,20260319_cilia_crispant_24hpf_E07,1,train
20251121_F01_e01,20251121_F01,173,train
20231110_G09_e01,20231110_G09,64,train
20260213_D10_e02,20260213_D10,139,train
20260702_hotchem_24hpf_plate02_B02_e01,20260702_hotchem_24hpf_plate02_B02,1,train
20230629_A10_e01,20230629_A10,42,train
20240724_D07_e01,20240724_D07,1,train
20240813_30hpf_D05_e01,20240813_30hpf_D05,1,train
20240418_E06_e02,20240418_E06,46,train
20241023_D07_e01,20241023_D07,43,train
20260306_B11_e01,20260306_B11,186,train
20251207_pbx_D02_e01,20251207_pbx_D02,132,train
20240626_F01_e01,20240626_F01,112,train
20260213_G01_e03,20260213_G01,69,train
20231110_C06_e01,20231110_C06,64,train
20250425_B10_e01,20250425_B10,118,train
20260702_hotchem_36hpf_plate02_B11_e01,20260702_hotchem_36hpf_plate02_B11,1,train
20250622_chem_35C_T01_1605_H06_e02,20250622_chem_35C_T01_1605_H06,1,train
20250625_chem02_28C_T02_1332_A05_e01,20250625_chem02_28C_T02_1332_A05,1,train
20250912_B06_e01,20250912_B06,111,train
20260418_irx_pilot_B07_e02,20260418_irx_pilot_B07,41,train
20250624_chem02_34C_T01_1739_D05_e01,20250624_chem02_34C_T01_1739_D05,1,train
20250612_30hpf_ctrl_atf6_F12_e01,20250612_30hpf_ctrl_atf6_F12,1,train
20260206_D06_e01,20260206_D06,150,train
20240522_H09_e02,20240522_H09,95,train
20260724_hotfish_30hpf_plate01_F04_e01,20260724_hotfish_30hpf_plate01_F04,1,train
20260418_irx_pilot_F07_e01,20260418_irx_pilot_F07,78,train
20250215_G04_e01,20250215_G04,78,train
20260213_C06_e02,20260213_C06,139,train
20260228_G03_e01,20260228_G03,151,train
20251112_F11_e02,20251112_F11,12,train
20260324_cep290_24hpf_plate01_C03_e01,20260324_cep290_24hpf_plate01_C03,1,train
20251017_part1_F02_e01,20251017_part1_F02,65,train
20260415_cep290_30to48hpf_plate02_t01_A03_e01,20260415_cep290_30to48hpf_plate02_t01_A03,1,train
20250624_chem02_28C_T00_1356_F01_e01,20250624_chem02_28C_T00_1356_F01,1,train
20260416_cep290_30to48hpf_plate02_t02_D07_e01,20260416_cep290_30to48hpf_plate02_t02_D07,1,train
20250624_chem02_28C_T00_1356_G07_e01,20250624_chem02_28C_T00_1356_G07,1,train
20251017_part1_H12_e01,20251017_part1_H12,65,train
20240522_E08_e01,20240522_E08,95,train
20241023_E06_e01,20241023_E06,43,train
20260724_hotfish_36hpf_plate01_B12_e01,20260724_hotfish_36hpf_plate01_B12,1,train
20250512_F03_e01,20250512_F03,195,train
20230620_B10_e01,20230620_B10,88,train
20250716_chem4_35C_T00_1045_B01_e01,20250716_chem4_35C_T00_1045_B01,1,train
20260306_F08_e02,20260306_F08,186,train
20260306_B07_e01,20260306_B07,186,train
20240418_H02_e04,20240418_H02,46,train
20260724_hotfish_36hpf_plate02_E04_e01,20260724_hotfish_36hpf_plate02_E04,1,train
20231218_E07_e01,20231218_E07,34,train
20240306_G04_e01,20240306_G04,132,train
20251205_F08_e02,20251205_F08,114,train
20230620_C06_e01,20230620_C06,88,train
20260219_G08_e03,20260219_G08,177,train
20260219_G01_e01,20260219_G01,177,train
20250612_30hpf_wfs1_ctcf_C05_e01,20250612_30hpf_wfs1_ctcf_C05,1,train
20250624_chem02_35C_T01_1711_G08_e01,20250624_chem02_35C_T01_1711_G08,1,train
20250703_chem3_34C_T01_1457_F05_e01,20250703_chem3_34C_T01_1457_F05,1,train
20251125_H04_e01,20251125_H04,231,train
20230831_F01_e01,20230831_F01,1,train
20250519_F10_e01,20250519_F10,51,train
20250612_36hpf_wfs1_ctcf_G09_e01,20250612_36hpf_wfs1_ctcf_G09,1,train
20260228_B07_e01,20260228_B07,151,train
20260319_cilia_crispant_24hpf_B04_e01,20260319_cilia_crispant_24hpf_B04,1,train
20240509_A06_e01,20240509_A06,41,train
20251112_H07_e04,20251112_H07,24,train
20260213_A04_e01,20260213_A04,139,train
20230531_D10_e01,20230531_D10,66,train
20260202_D10_e01,20260202_D10,71,train
20230613_C04_e01,20230613_C04,66,train
20240726_H01_e01,20240726_H01,1,train
20260219_B07_e01,20260219_B07,177,train
20251020_C09_e01,20251020_C09,57,train
20250612_30hpf_wfs1_ctcf_E02_e01,20250612_30hpf_wfs1_ctcf_E02,1,train
20260415_cep290_30to48hpf_plate02_t01_G04_e01,20260415_cep290_30to48hpf_plate02_t01_G04,1,train
20260415_cep290_30to48hpf_plate02_t01_C05_e01,20260415_cep290_30to48hpf_plate02_t01_C05,1,train
20250716_chem4_35C_T00_1045_H05_e01,20250716_chem4_35C_T00_1045_H05,1,train
20250515_part2_B01_e01,20250515_part2_B01,27,train
20260702_hotchem_30hpf_plate02_A07_e02,20260702_hotchem_30hpf_plate02_A07,1,train
20250716_chem4_28C_T00_1158_D05_e01,20250716_chem4_28C_T00_1158_D05,1,train
20260202_F05_e01,20260202_F05,71,train
20260210_G09_e01,20260210_G09,161,train
20250624_chem02_34C_T00_1243_B04_e01,20250624_chem02_34C_T00_1243_B04,1,train
20250711_F02_e01,20250711_F02,179,train
20250711_G06_e01,20250711_G06,179,train
20260331_b9d2_18hpf_plate02_H01_e01,20260331_b9d2_18hpf_plate02_H01,1,train
20250711_C06_e01,20250711_C06,179,train
20230627_F01_e01,20230627_F01,45,train
20250703_chem3_35C_T01_1437_H02_e01,20250703_chem3_35C_T01_1437_H02,1,train
20260219_H08_e01,20260219_H08,177,train
20260724_hotfish_24hpf_plate01_C09_e01,20260724_hotfish_24hpf_plate01_C09,1,train
20260415_b9d2_30to48hpf_plate01_t02_C08_e01,20260415_b9d2_30to48hpf_plate01_t02_C08,1,train
20260306_A07_e02,20260306_A07,186,train
20240724_A04_e01,20240724_A04,1,train
20260324_cep290_30hpf_plate01_A01_e01,20260324_cep290_30hpf_plate01_A01,1,train
20250703_chem3_34C_T00_1131_C06_e01,20250703_chem3_34C_T00_1131_C06,1,train
20251121_C01_e01,20251121_C01,173,train
20260702_hotchem_24hpf_plate01_B08_e01,20260702_hotchem_24hpf_plate01_B08,1,train
20250716_chem4_35C_T00_1045_E05_e01,20250716_chem4_35C_T00_1045_E05,1,train
20250624_chem02_34C_T00_1243_E07_e01,20250624_chem02_34C_T00_1243_E07,1,train
20260416_cep290_30to48hpf_plate02_t02_G06_e01,20260416_cep290_30to48hpf_plate02_t02_G06,1,train
20250622_chem_28C_T01_1658_B02_e01,20250622_chem_28C_T01_1658_B02,1,train
20260324_cep290_30hpf_plate01_E09_e01,20260324_cep290_30hpf_plate01_E09,1,train
20231218_D05_e01,20231218_D05,34,train
20260219_B05_e01,20260219_B05,177,train
20251017_part1_H10_e01,20251017_part1_H10,65,train
20240418_G10_e01,20240418_G10,46,train
20260306_F09_e03,20260306_F09,186,train
20250415_F10_e01,20250415_F10,39,train
20250415_D04_e01,20250415_D04,39,train
20260702_hotchem_36hpf_plate02_E11_e01,20260702_hotchem_36hpf_plate02_E11,1,train
20250612_36hpf_wfs1_ctcf_G08_e01,20250612_36hpf_wfs1_ctcf_G08,1,train
20250622_chem_34C_T00_1256_C02_e01,20250622_chem_34C_T00_1256_C02,1,train
20241023_E12_e01,20241023_E12,43,train
20250515_part2_H08_e02,20250515_part2_H08,27,train
20250624_chem02_28C_T00_1356_H10_e01,20250624_chem02_28C_T00_1356_H10,1,train
20260418_irx_pilot_G05_e03,20260418_irx_pilot_G05,78,train
20240418_B03_e01,20240418_B03,46,train
20260331_b9d2_18hpf_plate02_H05_e01,20260331_b9d2_18hpf_plate02_H05,1,train
20250711_D03_e01,20250711_D03,179,train
20240530_B01_e01,20240530_B01,81,train
20250721_chem5_35C_T00_1023_F03_e01,20250721_chem5_35C_T00_1023_F03,1,train
20251121_E12_e01,20251121_E12,173,train
20240718_H01_e01,20240718_H01,1,train
20251017_part2_H11_e01,20251017_part2_H11,63,train
20230831_E07_e01,20230831_E07,1,train
20240626_H12_e01,20240626_H12,112,train
20250716_chem4_34C_T00_1014_C05_e01,20250716_chem4_34C_T00_1014_C05,1,train
20250501_C01_e01,20250501_C01,176,train
20250415_F11_e01,20250415_F11,39,train
20250703_chem3_34C_T01_1457_B03_e01,20250703_chem3_34C_T01_1457_B03,1,train
20250612_36hpf_wfs1_ctcf_F08_e01,20250612_36hpf_wfs1_ctcf_F08,1,train
20230629_E05_e01,20230629_E05,41,train
20260202_F09_e03,20260202_F09,71,train
20250612_36hpf_ctrl_atf6_F02_e01,20250612_36hpf_ctrl_atf6_F02,1,train
20260208_F02_e01,20260208_F02,321,train
20231110_C12_e01,20231110_C12,64,train
20251119_D01_e01,20251119_D01,348,train
20250912_D10_e01,20250912_D10,112,train
20260724_hotfish_24hpf_plate02_C04_e01,20260724_hotfish_24hpf_plate02_C04,1,train
20251205_A11_e01,20251205_A11,115,train
20240626_H11_e01,20240626_H11,112,train
20260213_E11_e03,20260213_E11,50,train
20260724_hotfish_24hpf_plate02_H01_e01,20260724_hotfish_24hpf_plate02_H01,1,train
20251205_E12_e01,20251205_E12,115,train
20250512_C01_e01,20250512_C01,195,train
20260219_D04_e01,20260219_D04,177,train
20250515_part2_G01_e01,20250515_part2_G01,27,train
20260213_E12_e01,20260213_E12,139,train
20250912_E08_e01,20250912_E08,113,train
20250512_C02_e01,20250512_C02,195,train
20250622_chem_34C_T00_1256_A08_e01,20250622_chem_34C_T00_1256_A08,1,train
20230831_G08_e01,20230831_G08,1,train
20250623_chem_28C_T02_1259_B04_e01,20250623_chem_28C_T02_1259_B04,1,train
20250624_chem02_35C_T00_1216_C01_e01,20250624_chem02_35C_T00_1216_C01,1,train
20230531_F04_e02,20230531_F04,66,train
20240626_A12_e01,20240626_A12,112,train
20250501_F07_e02,20250501_F07,176,train
20250622_chem_35C_T00_1223_check_E08_e01,20250622_chem_35C_T00_1223_check_E08,1,train
20260702_hotchem_24hpf_plate02_B05_e01,20260702_hotchem_24hpf_plate02_B05,1,train
20260702_hotchem_36hpf_plate02_A11_e02,20260702_hotchem_36hpf_plate02_A11,1,train
20250612_30hpf_ctrl_atf6_C10_e01,20250612_30hpf_ctrl_atf6_C10,1,train
20250612_24hpf_wfs1_ctcf_H02_e01,20250612_24hpf_wfs1_ctcf_H02,1,train
20260208_D07_e02,20260208_D07,136,train
20250425_D03_e02,20250425_D03,29,train
20250622_chem_28C_T01_1658_E04_e01,20250622_chem_28C_T01_1658_E04,1,train
20250703_chem3_34C_T01_1457_H07_e01,20250703_chem3_34C_T01_1457_H07,1,train
20260702_hotchem_30hpf_plate01_H08_e01,20260702_hotchem_30hpf_plate01_H08,1,train
20260724_hotfish_24hpf_plate02_A02_e01,20260724_hotfish_24hpf_plate02_A02,1,train
20260210_G05_e01,20260210_G05,161,train
20260702_hotchem_24hpf_plate02_A04_e01,20260702_hotchem_24hpf_plate02_A04,1,train
20240530_G03_e02,20240530_G03,81,train
20231110_H06_e01,20231110_H06,64,train
20250612_36hpf_wfs1_ctcf_F01_e01,20250612_36hpf_wfs1_ctcf_F01,1,train
20230627_C05_e01,20230627_C05,45,train
20260319_cilia_crispant_24hpf_C08_e01,20260319_cilia_crispant_24hpf_C08,1,train
20260724_hotfish_24hpf_plate01_B08_e01,20260724_hotfish_24hpf_plate01_B08,1,train
20260417_irx_pilot_A03_e02,20260417_irx_pilot_A03,27,train
20230531_G05_e01,20230531_G05,66,train
20260702_hotchem_36hpf_plate01_B12_e01,20260702_hotchem_36hpf_plate01_B12,1,train
20251205_D08_e01,20251205_D08,115,train
20260331_b9d2_18hpf_plate02_G08_e01,20260331_b9d2_18hpf_plate02_G08,1,train
20260702_hotchem_36hpf_plate02_B08_e01,20260702_hotchem_36hpf_plate02_B08,1,train
20250622_chem_35C_T00_1223_check_B05_e01,20250622_chem_35C_T00_1223_check_B05,1,train
20241022_G01_e01,20241022_G01,37,train
20260324_cep290_24hpf_plate02_B07_e01,20260324_cep290_24hpf_plate02_B07,1,train
20260416_cep290_30to48hpf_plate01_t02_F05_e01,20260416_cep290_30to48hpf_plate01_t02_F05,1,train
20260319_cilia_crispant_24hpf_F09_e01,20260319_cilia_crispant_24hpf_F09,1,train
20260319_cilia_crispant_18hpf_A10_e01,20260319_cilia_crispant_18hpf_A10,1,train
20250624_chem02_35C_T00_1216_G10_e01,20250624_chem02_35C_T00_1216_G10,1,train
20260202_F01_e03,20260202_F01,71,train
20241023_G02_e01,20241023_G02,43,train
20240418_B08_e01,20240418_B08,46,train
20240813_30hpf_A04_e01,20240813_30hpf_A04,1,train
20250622_chem_35C_T00_1223_check_A02_e01,20250622_chem_35C_T00_1223_check_A02,1,train
20240812_G04_e01,20240812_G04,75,train
20250625_chem02_35C_T02_1228_E07_e01,20250625_chem02_35C_T02_1228_E07,1,train
20250912_G02_e01,20250912_G02,113,train
20250716_chem4_34C_T00_1014_C11_e01,20250716_chem4_34C_T00_1014_C11,1,train
20260219_E12_e01,20260219_E12,177,train
20230602_D02_e01,20230602_D02,97,train
20250612_24hpf_ctrl_atf6_C02_e01,20250612_24hpf_ctrl_atf6_C02,1,train
20240530_C06_e01,20240530_C06,81,train
20240307_C08_e01,20240307_C08,44,train
20250501_H08_e01,20250501_H08,176,train
20260724_hotfish_30hpf_plate01_B01_e01,20260724_hotfish_30hpf_plate01_B01,1,train
20230627_G01_e01,20230627_G01,45,train
20260414_b9d2_14hpf_plate01_E10_e01,20260414_b9d2_14hpf_plate01_E10,1,train
20260304_F05_e02,20260304_F05,192,train
20260202_D07_e01,20260202_D07,71,train
20260202_B05_e01,20260202_B05,71,train
20260306_E10_e02,20260306_E10,186,train
20260202_D02_e01,20260202_D02,71,train
20250622_chem_34C_T00_1256_A10_e01,20250622_chem_34C_T00_1256_A10,1,train
20260724_hotfish_24hpf_plate02_A03_e01,20260724_hotfish_24hpf_plate02_A03,1,train
20251112_F08_e03,20251112_F08,5,train
20260324_cep290_24hpf_plate01_B07_e01,20260324_cep290_24hpf_plate01_B07,1,train
20230622_E11_e02,20230622_E11,43,train
20230613_C12_e01,20230613_C12,66,train
20250625_chem02_34C_T02_1301_B01_e01,20250625_chem02_34C_T02_1301_B01,1,train
20260213_F06_e01,20260213_F06,139,train
20251121_D05_e01,20251121_D05,173,train
20260210_A11_e01,20260210_A11,161,train
20260724_hotfish_36hpf_plate01_C03_e01,20260724_hotfish_36hpf_plate01_C03,1,train
20231110_E12_e01,20231110_E12,64,train
20250623_chem_28C_T02_1259_F01_e01,20250623_chem_28C_T02_1259_F01,1,train
20260319_cilia_crispant_24hpf_H06_e01,20260319_cilia_crispant_24hpf_H06,1,train
20260724_hotfish_24hpf_plate01_E11_e01,20260724_hotfish_24hpf_plate01_E11,1,train
20260319_H08_e02,20260319_H08,105,train
20250515_part2_B11_e01,20250515_part2_B11,27,train
20240725_H06_e03,20240725_H06,1,train
20260122_A09_e01,20260122_A09,104,train
20250625_chem02_35C_T02_1228_D08_e01,20250625_chem02_35C_T02_1228_D08,1,train
20250622_chem_28C_T01_1658_F03_e01,20250622_chem_28C_T01_1658_F03,1,train
20251121_G03_e01,20251121_G03,173,train
20260724_hotfish_30hpf_plate01_A01_e01,20260724_hotfish_30hpf_plate01_A01,1,train
20240509_18ss_A03_e01,20240509_18ss_A03,1,train
20240404_D11_e01,20240404_D11,35,train
20260702_hotchem_36hpf_plate02_B10_e01,20260702_hotchem_36hpf_plate02_B10,1,train
20260702_hotchem_24hpf_plate02_H07_e01,20260702_hotchem_24hpf_plate02_H07,1,train
20251125_A06_e01,20251125_A06,231,train
20250625_chem02_35C_T02_1228_F11_e01,20250625_chem02_35C_T02_1228_F11,1,train
20260415_b9d2_30to48hpf_plate02_t02_B05_e01,20260415_b9d2_30to48hpf_plate02_t02_B05,1,train
20240510_C06_e02,20240510_C06,1,train
20250625_chem02_28C_T02_1332_F12_e01,20250625_chem02_28C_T02_1332_F12,1,train
20240725_F01_e01,20240725_F01,1,train
20240726_F05_e02,20240726_F05,1,train
20260702_hotchem_36hpf_plate02_H01_e01,20260702_hotchem_36hpf_plate02_H01,1,train
20250703_chem3_35C_T01_1437_E01_e01,20250703_chem3_35C_T01_1437_E01,1,train
20250711_F03_e01,20250711_F03,179,train
20250501_D06_e02,20250501_D06,176,train
20240626_G12_e01,20240626_G12,112,train
20240307_F02_e01,20240307_F02,44,train
20250612_24hpf_wfs1_ctcf_A03_e01,20250612_24hpf_wfs1_ctcf_A03,1,train
20260724_hotfish_24hpf_plate02_A01_e01,20260724_hotfish_24hpf_plate02_A01,1,train
20260418_irx_pilot_E04_e03,20260418_irx_pilot_E04,78,train
20250625_chem02_28C_T02_1332_D02_e01,20250625_chem02_28C_T02_1332_D02,1,train
20250624_chem02_35C_T00_1216_D07_e02,20250624_chem02_35C_T00_1216_D07,1,train
20251125_D11_e01,20251125_D11,231,train
20260219_E07_e05,20260219_E07,171,train
20241022_A07_e01,20241022_A07,37,train
20260206_F08_e01,20260206_F08,150,train
20251121_A11_e01,20251121_A11,173,train
20251017_part2_D02_e01,20251017_part2_D02,63,train
20260724_hotfish_30hpf_plate02_B04_e01,20260724_hotfish_30hpf_plate02_B04,1,train
20250515_part2_C06_e01,20250515_part2_C06,27,train
20260724_hotfish_24hpf_plate01_F12_e01,20260724_hotfish_24hpf_plate01_F12,1,train
20250721_chem5_28C_T01_1401_G05_e01,20250721_chem5_28C_T01_1401_G05,1,train
20260417_irx_pilot_E01_e02,20260417_irx_pilot_E01,27,train
20241022_B11_e01,20241022_B11,37,train
20260122_A06_e01,20260122_A06,104,train
20260304_B04_e01,20260304_B04,192,train
20260210_E01_e01,20260210_E01,161,train
20250912_D03_e01,20250912_D03,113,train
20250612_30hpf_ctrl_atf6_D11_e01,20250612_30hpf_ctrl_atf6_D11,1,train
20260724_hotfish_24hpf_plate01_E02_e01,20260724_hotfish_24hpf_plate01_E02,1,train
20251205_D02_e01,20251205_D02,115,train
20241023_B03_e01,20241023_B03,43,train
20250703_chem3_34C_T01_1457_H03_e01,20250703_chem3_34C_T01_1457_H03,1,train
20260724_hotfish_36hpf_plate01_H12_e01,20260724_hotfish_36hpf_plate01_H12,1,train
20260324_cep290_24hpf_plate01_B04_e01,20260324_cep290_24hpf_plate01_B04,1,train
20260219_H01_e02,20260219_H01,177,train
20230629_F10_e02,20230629_F10,41,train
20250415_C06_e01,20250415_C06,39,train
20260415_cep290_30to48hpf_plate02_t01_B11_e01,20260415_cep290_30to48hpf_plate02_t01_B11,1,train
20250625_chem02_34C_T02_1301_F07_e01,20250625_chem02_34C_T02_1301_F07,1,train
20240418_F12_e02,20240418_F12,46,train
20260213_A09_e04,20260213_A09,35,train
20250912_F04_e02,20250912_F04,113,train
20250622_chem_35C_T00_1223_check_D01_e01,20250622_chem_35C_T00_1223_check_D01,1,train
20260702_hotchem_30hpf_plate01_G07_e02,20260702_hotchem_30hpf_plate01_G07,1,train
20240404_A05_e02,20240404_A05,35,train
20240510_E04_e01,20240510_E04,1,train
20260306_B10_e01,20260306_B10,186,train
20240522_D11_e01,20240522_D11,95,train
20251121_F07_e02,20251121_F07,19,train
20260228_B04_e01,20260228_B04,151,train
20240411_F04_e01,20240411_F04,48,train
20251112_H01_e01,20251112_H01,9,train
20250624_chem02_35C_T00_1216_D05_e02,20250624_chem02_35C_T00_1216_D05,1,train
20240812_E12_e01,20240812_E12,75,train
20250515_part2_A07_e01,20250515_part2_A07,27,train
20260202_C02_e01,20260202_C02,71,train
20250625_chem02_28C_T02_1332_C08_e01,20250625_chem02_28C_T02_1332_C08,1,train
20260418_irx_pilot_C02_e01,20260418_irx_pilot_C02,78,train
20250612_36hpf_ctrl_atf6_A07_e01,20250612_36hpf_ctrl_atf6_A07,1,train
20250721_chem5_28C_T00_1257_E09_e01,20250721_chem5_28C_T00_1257_E09,1,train
20230615_F12_e01,20230615_F12,50,train
20250425_B07_e01,20250425_B07,118,train
20260724_hotfish_24hpf_plate01_H06_e01,20260724_hotfish_24hpf_plate01_H06,1,train
20250623_chem_28C_T02_1259_C10_e01,20250623_chem_28C_T02_1259_C10,1,train
20250716_chem4_35C_T00_1045_E07_e01,20250716_chem4_35C_T00_1045_E07,1,train
20260208_A08_e01,20260208_A08,321,train
20260724_hotfish_36hpf_plate01_F06_e01,20260724_hotfish_36hpf_plate01_F06,1,train
20260702_hotchem_30hpf_plate02_D12_e01,20260702_hotchem_30hpf_plate02_D12,1,train
20251112_E07_e01,20251112_E07,49,train
20230629_E04_e01,20230629_E04,41,train
20250622_chem_35C_T01_1605_E02_e01,20250622_chem_35C_T01_1605_E02,1,train
20260702_hotchem_30hpf_plate01_C08_e01,20260702_hotchem_30hpf_plate01_C08,1,train
20240530_G02_e01,20240530_G02,81,train
20240509_F05_e02,20240509_F05,41,train
20260417_irx_pilot_H10_e01,20260417_irx_pilot_H10,27,train
20230531_G08_e04,20230531_G08,66,train
20251205_C08_e01,20251205_C08,115,train
20260702_hotchem_36hpf_plate01_D02_e01,20260702_hotchem_36hpf_plate01_D02,1,train
20250425_F03_e01,20250425_F03,118,train
20250721_chem5_35C_T00_1023_G02_e01,20250721_chem5_35C_T00_1023_G02,1,train
20250716_chem4_28C_T00_1158_A10_e01,20250716_chem4_28C_T00_1158_A10,1,train
20250612_24hpf_wfs1_ctcf_E02_e01,20250612_24hpf_wfs1_ctcf_E02,1,train
20250912_A04_e01,20250912_A04,113,train
20260202_H02_e02,20260202_H02,71,train
20240307_A04_e01,20240307_A04,44,train
20260219_F12_e01,20260219_F12,177,train
20240418_F04_e01,20240418_F04,46,train
20240522_H02_e01,20240522_H02,95,train
20250912_F08_e01,20250912_F08,113,train
20260415_cep290_18hpf_plate03_G02_e01,20260415_cep290_18hpf_plate03_G02,1,train
20260418_irx_pilot_A07_e03,20260418_irx_pilot_A07,78,train
20230629_D03_e01,20230629_D03,41,train
20250716_chem4_28C_T00_1158_G11_e01,20250716_chem4_28C_T00_1158_G11,1,train
20260724_hotfish_36hpf_plate01_D02_e01,20260724_hotfish_36hpf_plate01_D02,1,train
20250623_chem_34C_T02_1231_A05_e01,20250623_chem_34C_T02_1231_A05,1,train
20251112_F06_e02,20251112_F06,49,train
20240813_24hpf_C04_e01,20240813_24hpf_C04,1,train
20260210_E11_e01,20260210_E11,161,train
20250711_D09_e01,20250711_D09,179,train
20251125_B05_e01,20251125_B05,231,train
20250912_G01_e03,20250912_G01,113,train
20251121_H08_e01,20251121_H08,172,train
20250501_G06_e01,20250501_G06,176,train
20260331_b9d2_18hpf_plate02_C05_e01,20260331_b9d2_18hpf_plate02_C05,1,train
20251121_C11_e01,20251121_C11,173,train
20250512_A10_e01,20250512_A10,195,train
20260702_hotchem_36hpf_plate02_G08_e01,20260702_hotchem_36hpf_plate02_G08,1,train
20250625_chem02_28C_T02_1332_B02_e01,20250625_chem02_28C_T02_1332_B02,1,train
20260122_G03_e02,20260122_G03,104,train
20260414_b9d2_30hpf_plate02_E05_e01,20260414_b9d2_30hpf_plate02_E05,1,train
20241022_H09_e01,20241022_H09,37,train
20240718_C12_e01,20240718_C12,1,train
20260122_E05_e02,20260122_E05,104,train
20260416_cep290_30to48hpf_plate01_t02_A09_e01,20260416_cep290_30to48hpf_plate01_t02_A09,1,train
20250625_chem02_28C_T02_1332_E11_e01,20250625_chem02_28C_T02_1332_E11,1,train
20260122_D01_e02,20260122_D01,104,train
20230531_F01_e02,20230531_F01,66,train
20230531_F02_e01,20230531_F02,66,train
20250425_B05_e02,20250425_B05,118,train
20231218_G09_e01,20231218_G09,34,train
20250624_chem02_28C_T00_1356_D07_e01,20250624_chem02_28C_T00_1356_D07,1,train
20230831_E05_e01,20230831_E05,1,train
20250415_H11_e01,20250415_H11,39,train
20241022_F02_e01,20241022_F02,37,train
20260213_A09_e02,20260213_A09,27,train
20230627_C04_e01,20230627_C04,45,train
20260416_cep290_30to48hpf_plate01_t02_E07_e03,20260416_cep290_30to48hpf_plate01_t02_E07,1,train
20250625_chem02_35C_T02_1228_D01_e02,20250625_chem02_35C_T02_1228_D01,1,train
20250215_F04_e01,20250215_F04,78,train
20250425_H07_e01,20250425_H07,118,train
20250512_B10_e02,20250512_B10,195,train
20250624_chem02_35C_T00_1216_G12_e01,20250624_chem02_35C_T00_1216_G12,1,train
20260702_hotchem_30hpf_plate01_A08_e01,20260702_hotchem_30hpf_plate01_A08,1,train
20250512_A05_e01,20250512_A05,195,train
20260724_hotfish_36hpf_plate02_F02_e01,20260724_hotfish_36hpf_plate02_F02,1,train
20231110_B04_e01,20231110_B04,64,train
20250912_C03_e01,20250912_C03,113,train
20250415_D01_e02,20250415_D01,39,train
20260414_b9d2_14hpf_plate01_E04_e01,20260414_b9d2_14hpf_plate01_E04,1,train
20250512_D09_e02,20250512_D09,195,train
20260702_hotchem_36hpf_plate02_C07_e01,20260702_hotchem_36hpf_plate02_C07,1,train
20250512_F02_e01,20250512_F02,195,train
20240717_H01_e03,20240717_H01,1,train
20250425_E09_e02,20250425_E09,116,train
20230831_E01_e01,20230831_E01,1,train
20240509_24hpf_A07_e01,20240509_24hpf_A07,1,train
20250624_chem02_28C_T01_1808_G02_e01,20250624_chem02_28C_T01_1808_G02,1,train
20230531_G10_e02,20230531_G10,66,train
20230622_E09_e01,20230622_E09,43,train
20260122_B12_e02,20260122_B12,104,eval
20240813_36hpf_C07_e01,20240813_36hpf_C07,1,eval
20241022_D08_e01,20241022_D08,37,eval
20250612_36hpf_ctrl_atf6_D08_e01,20250612_36hpf_ctrl_atf6_D08,1,eval
20260208_H02_e01,20260208_H02,321,eval
20250612_24hpf_wfs1_ctcf_B04_e01,20250612_24hpf_wfs1_ctcf_B04,1,eval
20260324_cep290_30hpf_plate02_G07_e01,20260324_cep290_30hpf_plate02_G07,1,eval
20260724_hotfish_36hpf_plate01_D01_e01,20260724_hotfish_36hpf_plate01_D01,1,eval
20250912_B09_e01,20250912_B09,113,eval
20260122_G12_e01,20260122_G12,104,eval
20260228_F12_e01,20260228_F12,151,eval
20250622_chem_28C_T00_1425_F06_e01,20250622_chem_28C_T00_1425_F06,1,eval
20241022_G09_e01,20241022_G09,37,eval
20250703_chem3_35C_T00_1101_H06_e01,20250703_chem3_35C_T00_1101_H06,1,eval
20240530_B06_e01,20240530_B06,81,eval
20250305_E04_e01,20250305_E04,340,eval
20260319_cilia_crispant_24hpf_E12_e01,20260319_cilia_crispant_24hpf_E12,1,eval
20250612_24hpf_wfs1_ctcf_D10_e01,20250612_24hpf_wfs1_ctcf_D10,1,eval
20260724_hotfish_24hpf_plate01_A06_e01,20260724_hotfish_24hpf_plate01_A06,1,eval
20250624_chem02_28C_T00_1356_B08_e01,20250624_chem02_28C_T00_1356_B08,1,eval
20251112_C06_e02,20251112_C06,28,eval
20260213_E11_e02,20260213_E11,139,eval
20250622_chem_35C_T01_1605_B03_e01,20250622_chem_35C_T01_1605_B03,1,eval
20250501_F04_e01,20250501_F04,176,eval
20230831_C05_e01,20230831_C05,1,eval
20260724_hotfish_30hpf_plate01_C09_e01,20260724_hotfish_30hpf_plate01_C09,1,eval
20230629_D07_e01,20230629_D07,41,eval
20260724_hotfish_24hpf_plate01_H08_e02,20260724_hotfish_24hpf_plate01_H08,1,eval
20250612_24hpf_wfs1_ctcf_G11_e01,20250612_24hpf_wfs1_ctcf_G11,1,eval
20250716_chem4_28C_T00_1158_A01_e01,20250716_chem4_28C_T00_1158_A01,1,eval
20241023_A04_e01,20241023_A04,43,eval
20250215_C07_e01,20250215_C07,78,eval
20241023_E02_e01,20241023_E02,43,eval
20260319_H03_e01,20260319_H03,105,eval
20230627_B08_e01,20230627_B08,45,eval
20250624_chem02_28C_T00_1356_C02_e01,20250624_chem02_28C_T00_1356_C02,1,eval
20260206_A12_e02,20260206_A12,150,eval
20260202_H05_e05,20260202_H05,41,eval
20260219_A08_e01,20260219_A08,177,eval
20260418_irx_pilot_B05_e02,20260418_irx_pilot_B05,78,eval
20250711_D07_e01,20250711_D07,179,eval
20251207_pbx_F02_e02,20251207_pbx_F02,132,eval
20260702_hotchem_24hpf_plate01_F05_e01,20260702_hotchem_24hpf_plate01_F05,1,eval
20240411_G05_e01,20240411_G05,48,eval
20260202_F01_e04,20260202_F01,71,eval
20250721_chem5_28C_T00_1257_H07_e01,20250721_chem5_28C_T00_1257_H07,1,eval
20260210_C08_e01,20260210_C08,161,eval
20260213_A07_e06,20260213_A07,139,eval
20230620_B05_e02,20230620_B05,89,eval
20260417_irx_pilot_G10_e01,20260417_irx_pilot_G10,27,eval
20250624_chem02_34C_T01_1739_E11_e01,20250624_chem02_34C_T01_1739_E11,1,eval
20251017_part1_G12_e01,20251017_part1_G12,65,eval
20240404_A11_e01,20240404_A11,35,eval
20251125_E12_e01,20251125_E12,231,eval
20260416_cep290_30to48hpf_plate01_t02_C06_e02,20260416_cep290_30to48hpf_plate01_t02_C06,1,eval
20260324_cep290_24hpf_plate02_G07_e01,20260324_cep290_24hpf_plate02_G07,1,eval
20260213_A12_e02,20260213_A12,139,eval
20260122_H12_e03,20260122_H12,104,eval
20240626_G08_e01,20240626_G08,112,eval
20250612_36hpf_ctrl_atf6_E05_e01,20250612_36hpf_ctrl_atf6_E05,1,eval
20250512_F01_e01,20250512_F01,195,eval
20260416_cep290_30to48hpf_plate01_t02_F10_e01,20260416_cep290_30to48hpf_plate01_t02_F10,1,eval
20260724_hotfish_30hpf_plate01_B02_e01,20260724_hotfish_30hpf_plate01_B02,1,eval
20250716_chem4_28C_T00_1158_D08_e01,20250716_chem4_28C_T00_1158_D08,1,eval
20240404_A04_e01,20240404_A04,35,eval
20260202_C08_e01,20260202_C08,71,eval
20240509_18ss_B02_e01,20240509_18ss_B02,1,eval
20260122_H10_e02,20260122_H10,104,eval
20231218_D11_e01,20231218_D11,34,eval
20260418_irx_pilot_C09_e02,20260418_irx_pilot_C09,78,eval
20250612_30hpf_wfs1_ctcf_A08_e01,20250612_30hpf_wfs1_ctcf_A08,1,eval
20260219_B12_e01,20260219_B12,177,eval
20230531_A07_e01,20230531_A07,66,eval
20250623_chem_28C_T02_1259_C05_e01,20250623_chem_28C_T02_1259_C05,1,eval
20250716_chem4_34C_T00_1014_C02_e01,20250716_chem4_34C_T00_1014_C02,1,eval
20250501_G08_e01,20250501_G08,176,eval
20250515_part2_C05_e01,20250515_part2_C05,27,eval
20250721_chem5_35C_T00_1023_F01_e01,20250721_chem5_35C_T00_1023_F01,1,eval
20260208_D01_e01,20260208_D01,321,eval
20251121_E11_e01,20251121_E11,173,eval
20251125_A02_e01,20251125_A02,231,eval
20260304_H02_e02,20260304_H02,187,eval
20250622_chem_34C_T00_1256_B07_e01,20250622_chem_34C_T00_1256_B07,1,eval
20251017_part1_H06_e01,20251017_part1_H06,65,eval
20250622_chem_34C_T01_1632_E06_e01,20250622_chem_34C_T01_1632_E06,1,eval
20260415_b9d2_30to48hpf_plate01_t02_D06_e01,20260415_b9d2_30to48hpf_plate01_t02_D06,1,eval
20260122_F03_e02,20260122_F03,96,eval
20260202_A10_e01,20260202_A10,71,eval
20250703_chem3_35C_T01_1437_B06_e01,20250703_chem3_35C_T01_1437_B06,1,eval
20250912_G01_e01,20250912_G01,113,eval
20230602_B03_e02,20230602_B03,98,eval
20260417_irx_pilot_D04_e03,20260417_irx_pilot_D04,27,eval
20240418_A03_e01,20240418_A03,46,eval
20260702_hotchem_30hpf_plate01_C11_e01,20260702_hotchem_30hpf_plate01_C11,1,eval
20251017_part2_F02_e01,20251017_part2_F02,63,eval
20260415_b9d2_30to48hpf_plate01_t02_C01_e01,20260415_b9d2_30to48hpf_plate01_t02_C01,1,eval
20240812_H04_e01,20240812_H04,75,eval
20250721_chem5_28C_T00_1257_E03_e01,20250721_chem5_28C_T00_1257_E03,1,eval
20260202_F11_e02,20260202_F11,71,eval
20250612_30hpf_ctrl_atf6_E04_e01,20250612_30hpf_ctrl_atf6_E04,1,eval
20240307_D11_e01,20240307_D11,44,eval
20251017_part2_A01_e01,20251017_part2_A01,63,eval
20260202_H12_e04,20260202_H12,71,eval
20250703_chem3_28C_T00_1325_A06_e01,20250703_chem3_28C_T00_1325_A06,1,eval
20251112_E09_e01,20251112_E09,49,eval
20260210_A07_e01,20260210_A07,161,eval
20240530_F03_e02,20240530_F03,81,eval
20260416_cep290_30to48hpf_plate01_t02_B10_e01,20260416_cep290_30to48hpf_plate01_t02_B10,1,eval
20250721_chem5_28C_T01_1401_A03_e01,20250721_chem5_28C_T01_1401_A03,1,eval
20230620_C08_e01,20230620_C08,88,eval
20260724_hotfish_24hpf_plate01_G06_e01,20260724_hotfish_24hpf_plate01_G06,1,eval
20240626_G10_e01,20240626_G10,112,eval
20260418_irx_pilot_G01_e04,20260418_irx_pilot_G01,78,eval
20260702_hotchem_36hpf_plate02_D07_e01,20260702_hotchem_36hpf_plate02_D07,1,eval
20251017_part1_F05_e01,20251017_part1_F05,65,eval
20250612_36hpf_wfs1_ctcf_A09_e01,20250612_36hpf_wfs1_ctcf_A09,1,eval
20231110_G03_e01,20231110_G03,64,eval
20230831_H04_e01,20230831_H04,1,eval
20260324_cep290_24hpf_plate02_D02_e01,20260324_cep290_24hpf_plate02_D02,1,eval
20240530_G10_e01,20240530_G10,81,eval
20250721_chem5_28C_T00_1257_C03_e01,20250721_chem5_28C_T00_1257_C03,1,eval
20250624_chem02_35C_T01_1711_A01_e01,20250624_chem02_35C_T01_1711_A01,1,eval
20260306_C02_e01,20260306_C02,186,eval
20251205_E11_e01,20251205_E11,115,eval
20250501_G10_e02,20250501_G10,176,eval
20250512_B12_e02,20250512_B12,195,eval
20251121_A06_e04,20251121_A06,173,eval
20250501_A11_e01,20250501_A11,176,eval
20260418_irx_pilot_H04_e03,20260418_irx_pilot_H04,78,eval
20260417_irx_pilot_E06_e02,20260417_irx_pilot_E06,27,eval
20240522_D08_e01,20240522_D08,95,eval
20250512_E12_e02,20250512_E12,195,eval
20250624_chem02_35C_T00_1216_E02_e01,20250624_chem02_35C_T00_1216_E02,1,eval
20240717_D05_e01,20240717_D05,1,eval
20250703_chem3_34C_T00_1131_C04_e01,20250703_chem3_34C_T00_1131_C04,1,eval
20250703_chem3_35C_T00_1101_B04_e01,20250703_chem3_35C_T00_1101_B04,1,eval
20260122_E11_e01,20260122_E11,104,eval
20250515_part2_G06_e01,20250515_part2_G06,27,eval
20250126_G05_e01,20250126_G05,71,eval
20231218_G07_e01,20231218_G07,34,eval
20260418_irx_pilot_F12_e01,20260418_irx_pilot_F12,78,eval
20251125_B10_e01,20251125_B10,231,eval
20260210_C11_e01,20260210_C11,161,eval
20231110_C01_e01,20231110_C01,64,eval
20250624_chem02_34C_T00_1243_B03_e01,20250624_chem02_34C_T00_1243_B03,1,eval
20260415_b9d2_30to48hpf_plate01_t02_B10_e01,20260415_b9d2_30to48hpf_plate01_t02_B10,1,eval
20240717_E02_e01,20240717_E02,1,eval
20250622_chem_35C_T00_1223_check_E01_e01,20250622_chem_35C_T00_1223_check_E01,1,eval
20250501_C09_e01,20250501_C09,176,eval
20240718_C11_e01,20240718_C11,1,eval
20250612_36hpf_ctrl_atf6_D12_e01,20250612_36hpf_ctrl_atf6_D12,1,eval
20250721_chem5_35C_T00_1023_H10_e01,20250721_chem5_35C_T00_1023_H10,1,eval
20260702_hotchem_24hpf_plate02_B06_e01,20260702_hotchem_24hpf_plate02_B06,1,eval
20250612_36hpf_wfs1_ctcf_D09_e01,20250612_36hpf_wfs1_ctcf_D09,1,eval
20240411_E11_e01,20240411_E11,48,eval
20250624_chem02_35C_T01_1711_H07_e01,20250624_chem02_35C_T01_1711_H07,1,eval
20260417_irx_pilot_E10_e02,20260417_irx_pilot_E10,27,eval
20251207_pbx_C06_e01,20251207_pbx_C06,132,eval
20260415_b9d2_30to48hpf_plate01_t02_F08_e01,20260415_b9d2_30to48hpf_plate01_t02_F08,1,eval
20260724_hotfish_36hpf_plate01_F08_e01,20260724_hotfish_36hpf_plate01_F08,1,eval
20250126_A02_e01,20250126_A02,71,eval
20260414_b9d2_30hpf_plate01_G07_e01,20260414_b9d2_30hpf_plate01_G07,1,eval
20250622_chem_28C_T00_1425_F09_e02,20250622_chem_28C_T00_1425_F09,1,eval
20251121_E04_e03,20251121_E04,173,eval
20251020_G03_e01,20251020_G03,57,eval
20250612_30hpf_ctrl_atf6_B11_e01,20250612_30hpf_ctrl_atf6_B11,1,eval
20240626_G02_e01,20240626_G02,112,eval
20260417_irx_pilot_A06_e01,20260417_irx_pilot_A06,27,eval
20251112_C10_e01,20251112_C10,49,eval
20250716_chem4_34C_T00_1014_B06_e01,20250716_chem4_34C_T00_1014_B06,1,eval
20250624_chem02_35C_T01_1711_C12_e01,20250624_chem02_35C_T01_1711_C12,1,eval
20250519_A07_e01,20250519_A07,51,eval
20231206_C10_e01,20231206_C10,59,eval
20260417_irx_pilot_A07_e01,20260417_irx_pilot_A07,27,eval
20230602_B06_e02,20230602_B06,98,eval
20250512_D03_e01,20250512_D03,195,eval
20260702_hotchem_36hpf_plate02_A11_e01,20260702_hotchem_36hpf_plate02_A11,1,eval
20250515_part2_G05_e02,20250515_part2_G05,27,eval
20251205_E03_e01,20251205_E03,115,eval
20260702_hotchem_24hpf_plate02_D08_e01,20260702_hotchem_24hpf_plate02_D08,1,eval
20250415_B11_e01,20250415_B11,39,eval
20250716_chem4_35C_T00_1045_H04_e02,20250716_chem4_35C_T00_1045_H04,1,eval
20250625_chem02_35C_T02_1228_D07_e01,20250625_chem02_35C_T02_1228_D07,1,eval
20240813_24hpf_G05_e01,20240813_24hpf_G05,1,eval
20251017_part2_F10_e01,20251017_part2_F10,63,eval
20260219_B02_e01,20260219_B02,177,eval
20240418_F11_e01,20240418_F11,46,eval
20260228_C08_e01,20260228_C08,151,eval
20250716_chem4_34C_T00_1014_F09_e01,20250716_chem4_34C_T00_1014_F09,1,eval
20230531_E05_e01,20230531_E05,66,eval
20250716_chem4_35C_T00_1045_F04_e01,20250716_chem4_35C_T00_1045_F04,1,eval
20260417_irx_pilot_A11_e01,20260417_irx_pilot_A11,27,eval
20240306_C11_e01,20240306_C11,132,eval
20250515_part2_F10_e01,20250515_part2_F10,27,eval
20251207_pbx_F11_e02,20251207_pbx_F11,132,eval
20250622_chem_28C_T01_1658_C12_e01,20250622_chem_28C_T01_1658_C12,1,eval
20260702_hotchem_30hpf_plate02_D02_e01,20260702_hotchem_30hpf_plate02_D02,1,eval
20250624_chem02_28C_T00_1356_A02_e01,20250624_chem02_28C_T00_1356_A02,1,eval
20250721_chem5_28C_T01_1401_C09_e01,20250721_chem5_28C_T01_1401_C09,1,eval
20250624_chem02_28C_T00_1356_A04_e01,20250624_chem02_28C_T00_1356_A04,1,eval
20251020_C10_e01,20251020_C10,57,eval
20260416_cep290_30to48hpf_plate01_t02_A02_e01,20260416_cep290_30to48hpf_plate01_t02_A02,1,eval
20260319_cilia_crispant_24hpf_E01_e01,20260319_cilia_crispant_24hpf_E01,1,eval
20260418_irx_pilot_A05_e02,20260418_irx_pilot_A05,78,eval
20250716_chem4_35C_T00_1045_F07_e01,20250716_chem4_35C_T00_1045_F07,1,eval
20230613_E01_e01,20230613_E01,66,eval
20251121_C10_e01,20251121_C10,173,eval
20260417_irx_pilot_G01_e02,20260417_irx_pilot_G01,27,eval
20250512_C10_e01,20250512_C10,195,eval
20251205_H12_e01,20251205_H12,115,eval
20231206_E10_e01,20231206_E10,59,eval
20260724_hotfish_36hpf_plate01_G07_e01,20260724_hotfish_36hpf_plate01_G07,1,eval
20260417_irx_pilot_G03_e01,20260417_irx_pilot_G03,27,eval
20250625_chem02_28C_T02_1332_G01_e01,20250625_chem02_28C_T02_1332_G01,1,eval
20250425_H01_e01,20250425_H01,118,eval
20250612_36hpf_ctrl_atf6_H11_e03,20250612_36hpf_ctrl_atf6_H11,1,eval
20260724_hotfish_24hpf_plate02_A05_e01,20260724_hotfish_24hpf_plate02_A05,1,eval
20250711_C03_e01,20250711_C03,179,eval
20260702_hotchem_30hpf_plate01_B07_e01,20260702_hotchem_30hpf_plate01_B07,1,eval
20250512_B01_e01,20250512_B01,195,eval
20240306_F02_e01,20240306_F02,132,eval
20250612_30hpf_ctrl_atf6_H06_e01,20250612_30hpf_ctrl_atf6_H06,1,eval
20260122_F06_e01,20260122_F06,104,eval
20240813_36hpf_B05_e01,20240813_36hpf_B05,1,eval
20260206_G05_e01,20260206_G05,150,eval
20260416_cep290_30to48hpf_plate01_t02_H03_e01,20260416_cep290_30to48hpf_plate01_t02_H03,1,eval
20260319_cilia_crispant_18hpf_G07_e01,20260319_cilia_crispant_18hpf_G07,1,eval
20260702_hotchem_30hpf_plate01_F11_e01,20260702_hotchem_30hpf_plate01_F11,1,eval
20240418_D10_e04,20240418_D10,46,eval
20260219_E06_e01,20260219_E06,177,eval
20250624_chem02_28C_T00_1356_H04_e02,20250624_chem02_28C_T00_1356_H04,1,eval
20250625_chem02_28C_T02_1332_D07_e01,20250625_chem02_28C_T02_1332_D07,1,eval
20251125_F04_e01,20251125_F04,231,eval
20250425_A07_e02,20250425_A07,118,eval
20250305_C07_e01,20250305_C07,340,eval
20260213_B06_e01,20260213_B06,139,eval
20250612_24hpf_wfs1_ctcf_A10_e01,20250612_24hpf_wfs1_ctcf_A10,1,eval
20260304_A04_e01,20260304_A04,192,eval
20241023_D05_e01,20241023_D05,43,eval
20260418_irx_pilot_E11_e01,20260418_irx_pilot_E11,78,eval
20251205_B10_e01,20251205_B10,115,eval
20260702_hotchem_36hpf_plate02_B06_e01,20260702_hotchem_36hpf_plate02_B06,1,eval
20260416_cep290_30to48hpf_plate01_t02_F06_e01,20260416_cep290_30to48hpf_plate01_t02_F06,1,eval
20260202_A09_e01,20260202_A09,71,eval
20240404_G01_e01,20240404_G01,35,eval
20230831_E03_e01,20230831_E03,1,eval
20260304_C05_e01,20260304_C05,192,eval
20260319_cilia_crispant_24hpf_B12_e01,20260319_cilia_crispant_24hpf_B12,1,eval
20230620_A09_e02,20230620_A09,89,eval
20250612_30hpf_wfs1_ctcf_C04_e01,20250612_30hpf_wfs1_ctcf_C04,1,eval
20260324_cep290_24hpf_plate02_A04_e01,20260324_cep290_24hpf_plate02_A04,1,eval
20260324_cep290_24hpf_plate02_F04_e01,20260324_cep290_24hpf_plate02_F04,1,eval
20250703_chem3_28C_T00_1325_D05_e01,20250703_chem3_28C_T00_1325_D05,1,eval
20260415_b9d2_30to48hpf_plate01_t02_C04_e01,20260415_b9d2_30to48hpf_plate01_t02_C04,1,eval
20251020_G01_e01,20251020_G01,57,eval
20250703_chem3_35C_T00_1101_F05_e01,20250703_chem3_35C_T00_1101_F05,1,eval
20240411_H09_e01,20240411_H09,48,eval
20260702_hotchem_36hpf_plate02_F02_e01,20260702_hotchem_36hpf_plate02_F02,1,eval
20250716_chem4_34C_T00_1014_F07_e01,20250716_chem4_34C_T00_1014_F07,1,eval
20260724_hotfish_30hpf_plate01_G05_e01,20260724_hotfish_30hpf_plate01_G05,1,eval
20260724_hotfish_36hpf_plate01_H01_e01,20260724_hotfish_36hpf_plate01_H01,1,eval
20251207_pbx_B04_e02,20251207_pbx_B04,132,eval
20240411_C06_e01,20240411_C06,48,eval
20260331_b9d2_18hpf_plate02_F08_e01,20260331_b9d2_18hpf_plate02_F08,1,eval
20260122_E03_e01,20260122_E03,104,eval
20260724_hotfish_30hpf_plate02_H07_e01,20260724_hotfish_30hpf_plate02_H07,1,eval
20260208_H01_e01,20260208_H01,317,eval
20240717_C01_e01,20240717_C01,1,eval
20251112_F02_e03,20251112_F02,28,eval
20241022_G07_e01,20241022_G07,37,eval
20250711_A04_e01,20250711_A04,179,eval
20230629_A08_e01,20230629_A08,42,eval
20260319_cilia_crispant_30hpf_B09_e01,20260319_cilia_crispant_30hpf_B09,1,eval
20250622_chem_35C_T01_1605_B09_e02,20250622_chem_35C_T01_1605_B09,1,eval
20260228_H05_e01,20260228_H05,151,eval
20230620_C04_e01,20230620_C04,88,eval
20250624_chem02_35C_T01_1711_F12_e02,20250624_chem02_35C_T01_1711_F12,1,eval
20251125_D05_e01,20251125_D05,231,eval
20250703_chem3_35C_T00_1101_H07_e01,20250703_chem3_35C_T00_1101_H07,1,eval
20250622_chem_28C_T01_1658_D01_e01,20250622_chem_28C_T01_1658_D01,1,eval
20250716_chem4_34C_T00_1014_D11_e02,20250716_chem4_34C_T00_1014_D11,1,eval
20260702_hotchem_36hpf_plate01_E06_e01,20260702_hotchem_36hpf_plate01_E06,1,eval
20240307_G06_e02,20240307_G06,44,eval
20260304_A12_e02,20260304_A12,192,eval
20260418_irx_pilot_F02_e04,20260418_irx_pilot_F02,78,eval
20260415_b9d2_30to48hpf_plate01_t02_A02_e01,20260415_b9d2_30to48hpf_plate01_t02_A02,1,eval
20250624_chem02_35C_T00_1216_A08_e01,20250624_chem02_35C_T00_1216_A08,1,eval
20250625_chem02_35C_T02_1228_C01_e01,20250625_chem02_35C_T02_1228_C01,1,eval
20230615_C05_e01,20230615_C05,50,eval
20260306_B12_e01,20260306_B12,186,eval
20251017_part2_F06_e01,20251017_part2_F06,63,eval
20260702_hotchem_36hpf_plate02_D01_e01,20260702_hotchem_36hpf_plate02_D01,1,eval
20241022_D05_e01,20241022_D05,37,eval
20250612_24hpf_wfs1_ctcf_B06_e01,20250612_24hpf_wfs1_ctcf_B06,1,eval
20260414_b9d2_14hpf_plate01_E11_e01,20260414_b9d2_14hpf_plate01_E11,1,eval
20250624_chem02_34C_T00_1243_D01_e02,20250624_chem02_34C_T00_1243_D01,1,eval
20240307_H09_e02,20240307_H09,44,eval
20240726_A02_e01,20240726_A02,1,eval
20260319_E06_e01,20260319_E06,105,eval
20240718_E06_e01,20240718_E06,1,eval
20250501_B09_e01,20250501_B09,176,eval
20260324_cep290_30hpf_plate01_F09_e01,20260324_cep290_30hpf_plate01_F09,1,eval
20260228_C10_e02,20260228_C10,151,eval
20250415_H01_e02,20250415_H01,39,eval
20260724_hotfish_30hpf_plate02_E03_e01,20260724_hotfish_30hpf_plate02_E03,1,eval
20260208_H10_e01,20260208_H10,314,eval
20260417_irx_pilot_B12_e02,20260417_irx_pilot_B12,27,eval
20240718_B04_e01,20240718_B04,1,eval
20260122_D11_e01,20260122_D11,104,eval
20240418_E01_e02,20240418_E01,46,eval
20230831_F08_e01,20230831_F08,1,eval
20250716_chem4_35C_T00_1045_B11_e01,20250716_chem4_35C_T00_1045_B11,1,eval
20250415_E06_e01,20250415_E06,39,eval
20260304_G08_e02,20260304_G08,192,eval
20240813_24hpf_H05_e01,20240813_24hpf_H05,1,eval
20230627_E12_e01,20230627_E12,45,eval
20260219_H07_e01,20260219_H07,177,eval
20250622_chem_28C_T00_1425_B05_e02,20250622_chem_28C_T00_1425_B05,1,eval
20250501_D03_e02,20250501_D03,176,eval
20260208_A10_e01,20260208_A10,274,eval
20240404_A05_e01,20240404_A05,35,eval
20260414_b9d2_30hpf_plate01_C10_e02,20260414_b9d2_30hpf_plate01_C10,1,eval
20240813_36hpf_B04_e01,20240813_36hpf_B04,1,eval
20250703_chem3_28C_T00_1325_H07_e01,20250703_chem3_28C_T00_1325_H07,1,eval
20231206_H12_e01,20231206_H12,59,eval
20260319_cilia_crispant_18hpf_D10_e01,20260319_cilia_crispant_18hpf_D10,1,eval
20260208_H07_e02,20260208_H07,321,eval
20250622_chem_34C_T00_1256_E05_e01,20250622_chem_34C_T00_1256_E05,1,eval
20250624_chem02_35C_T01_1711_G05_e01,20250624_chem02_35C_T01_1711_G05,1,eval
20250703_chem3_35C_T00_1101_A02_e01,20250703_chem3_35C_T00_1101_A02,1,eval
20250612_36hpf_ctrl_atf6_F06_e01,20250612_36hpf_ctrl_atf6_F06,1,eval
20260414_b9d2_30hpf_plate02_D02_e01,20260414_b9d2_30hpf_plate02_D02,1,eval
20260304_E08_e02,20260304_E08,188,eval
20250624_chem02_35C_T01_1711_E03_e01,20250624_chem02_35C_T01_1711_E03,1,eval
20231206_A11_e01,20231206_A11,59,eval
20260202_B03_e03,20260202_B03,71,eval
20230622_E12_e01,20230622_E12,43,eval
20250622_chem_28C_T00_1425_C10_e01,20250622_chem_28C_T00_1425_C10,1,eval
20260306_H02_e01,20260306_H02,186,eval
20251125_H07_e01,20251125_H07,231,eval
20240418_B05_e01,20240418_B05,46,eval
20250126_B01_e01,20250126_B01,71,eval
20251212_F11_e01,20251212_F11,115,eval
20250512_D10_e02,20250512_D10,195,eval
20260724_hotfish_24hpf_plate02_G01_e01,20260724_hotfish_24hpf_plate02_G01,1,eval
20260202_H12_e02,20260202_H12,71,eval
20250703_chem3_34C_T00_1131_G03_e01,20250703_chem3_34C_T00_1131_G03,1,eval
20240411_H12_e01,20240411_H12,48,eval
20230629_F09_e01,20230629_F09,41,eval
20240307_G04_e01,20240307_G04,44,eval
20260702_hotchem_24hpf_plate02_C09_e01,20260702_hotchem_24hpf_plate02_C09,1,eval
20260319_E06_e03,20260319_E06,105,eval
20250623_chem_34C_T02_1231_F02_e01,20250623_chem_34C_T02_1231_F02,1,eval
20260319_cilia_crispant_30hpf_A10_e02,20260319_cilia_crispant_30hpf_A10,1,eval
20251121_C02_e01,20251121_C02,173,eval
20240724_G05_e01,20240724_G05,1,eval
20260724_hotfish_30hpf_plate01_F09_e01,20260724_hotfish_30hpf_plate01_F09,1,eval
20260122_F02_e01,20260122_F02,104,eval
20260304_D06_e03,20260304_D06,192,eval
20250612_30hpf_wfs1_ctcf_E12_e01,20250612_30hpf_wfs1_ctcf_E12,1,eval
20251017_part2_C11_e01,20251017_part2_C11,63,eval
20250622_chem_34C_T01_1632_F08_e01,20250622_chem_34C_T01_1632_F08,1,eval
20250612_30hpf_wfs1_ctcf_G05_e01,20250612_30hpf_wfs1_ctcf_G05,1,eval
20250624_chem02_35C_T00_1216_F01_e01,20250624_chem02_35C_T00_1216_F01,1,eval
20260416_cep290_30to48hpf_plate01_t02_E02_e01,20260416_cep290_30to48hpf_plate01_t02_E02,1,eval
20260219_E08_e02,20260219_E08,177,eval
20260417_irx_pilot_H06_e02,20260417_irx_pilot_H06,27,eval
20250622_chem_28C_T00_1425_C02_e01,20250622_chem_28C_T00_1425_C02,1,eval
20250612_30hpf_ctrl_atf6_B03_e01,20250612_30hpf_ctrl_atf6_B03,1,eval
20260724_hotfish_24hpf_plate02_C02_e01,20260724_hotfish_24hpf_plate02_C02,1,eval
20241023_A08_e01,20241023_A08,43,eval
20250512_A12_e01,20250512_A12,195,eval
20250612_36hpf_wfs1_ctcf_E11_e01,20250612_36hpf_wfs1_ctcf_E11,1,eval
20260702_hotchem_36hpf_plate02_G12_e01,20260702_hotchem_36hpf_plate02_G12,1,eval
20251207_pbx_H04_e01,20251207_pbx_H04,131,eval
20250624_chem02_35C_T01_1711_D11_e01,20250624_chem02_35C_T01_1711_D11,1,eval
20240509_B06_e01,20240509_B06,41,eval
20260213_A07_e04,20260213_A07,98,eval
20260724_hotfish_24hpf_plate02_D06_e01,20260724_hotfish_24hpf_plate02_D06,1,eval
20250716_chem4_28C_T01_1400_C03_e01,20250716_chem4_28C_T01_1400_C03,1,eval
20240530_C07_e01,20240530_C07,81,eval
20250624_chem02_34C_T01_1739_F10_e01,20250624_chem02_34C_T01_1739_F10,1,eval
20260724_hotfish_30hpf_plate01_G01_e01,20260724_hotfish_30hpf_plate01_G01,1,eval
20251112_F05_e03,20251112_F05,38,eval
20260213_H04_e02,20260213_H04,139,eval
20240626_A07_e01,20240626_A07,112,eval
20260416_cep290_30to48hpf_plate02_t02_G04_e01,20260416_cep290_30to48hpf_plate02_t02_G04,1,eval
20230629_C02_e02,20230629_C02,41,eval
20250721_chem5_28C_T00_1257_E02_e01,20250721_chem5_28C_T00_1257_E02,1,eval
20260724_hotfish_36hpf_plate01_D05_e01,20260724_hotfish_36hpf_plate01_D05,1,eval
20250703_chem3_28C_T00_1325_G04_e01,20250703_chem3_28C_T00_1325_G04,1,eval
20260304_C01_e02,20260304_C01,192,eval
20240418_F10_e01,20240418_F10,46,eval
20251112_G03_e02,20251112_G03,29,eval
20241022_B04_e01,20241022_B04,37,eval
20230613_C08_e01,20230613_C08,66,eval
20251121_F02_e01,20251121_F02,173,eval
20250215_A06_e01,20250215_A06,78,eval
20260319_cilia_crispant_30hpf_F12_e01,20260319_cilia_crispant_30hpf_F12,1,eval
20251017_part1_C06_e01,20251017_part1_C06,65,eval
20240411_H10_e01,20240411_H10,48,eval
20250519_B03_e01,20250519_B03,51,eval
20251017_part2_E09_e01,20251017_part2_E09,56,eval
20260319_cilia_crispant_30hpf_D02_e01,20260319_cilia_crispant_30hpf_D02,1,eval
20240510_A02_e01,20240510_A02,1,eval
20251020_F07_e01,20251020_F07,29,eval
20240724_H07_e01,20240724_H07,1,eval
20230531_G08_e02,20230531_G08,66,eval
20260415_b9d2_30to48hpf_plate01_t02_B12_e01,20260415_b9d2_30to48hpf_plate01_t02_B12,1,eval
20241022_D06_e01,20241022_D06,37,eval
20251017_part1_A12_e01,20251017_part1_A12,65,eval
20250624_chem02_35C_T01_1711_B07_e01,20250624_chem02_35C_T01_1711_B07,1,eval
20240813_24hpf_D07_e01,20240813_24hpf_D07,1,eval
20250622_chem_35C_T00_1223_check_D08_e01,20250622_chem_35C_T00_1223_check_D08,1,eval
20250612_36hpf_wfs1_ctcf_B05_e01,20250612_36hpf_wfs1_ctcf_B05,1,eval
20260324_cep290_24hpf_plate01_A12_e01,20260324_cep290_24hpf_plate01_A12,1,eval
20250624_chem02_34C_T00_1243_G10_e01,20250624_chem02_34C_T00_1243_G10,1,eval
20250512_C12_e02,20250512_C12,195,eval
20260122_B10_e02,20260122_B10,104,eval
20240812_C06_e01,20240812_C06,75,eval
20260213_A09_e01,20260213_A09,139,eval
20260122_F03_e01,20260122_F03,104,eval
20230615_E08_e01,20230615_E08,50,eval
20260213_G08_e02,20260213_G08,139,eval
20250425_A12_e01,20250425_A12,118,eval
20260306_F10_e01,20260306_F10,183,eval
20240717_F06_e01,20240717_F06,1,eval
20240725_F06_e01,20240725_F06,1,eval
20260210_H09_e01,20260210_H09,161,eval
20230531_E03_e01,20230531_E03,66,eval
20231206_F07_e01,20231206_F07,59,eval
20231110_F03_e01,20231110_F03,64,eval
20260213_G02_e01,20260213_G02,139,eval
20260415_cep290_18hpf_plate03_C08_e01,20260415_cep290_18hpf_plate03_C08,1,eval
20230627_A11_e02,20230627_A11,45,eval
20260306_H06_e02,20260306_H06,186,eval
20231206_B12_e01,20231206_B12,59,eval
20251017_part1_H08_e01,20251017_part1_H08,65,eval
20260702_hotchem_30hpf_plate02_E09_e04,20260702_hotchem_30hpf_plate02_E09,1,eval
20260724_hotfish_30hpf_plate02_A07_e01,20260724_hotfish_30hpf_plate02_A07,1,eval
20260415_cep290_18hpf_plate03_E04_e01,20260415_cep290_18hpf_plate03_E04,1,eval
20260415_cep290_30to48hpf_plate02_t01_A09_e02,20260415_cep290_30to48hpf_plate02_t01_A09,1,eval
20250622_chem_35C_T01_1605_D05_e01,20250622_chem_35C_T01_1605_D05,1,eval
20230627_C06_e02,20230627_C06,45,eval
20250716_chem4_35C_T00_1045_D02_e01,20250716_chem4_35C_T00_1045_D02,1,eval
20250612_30hpf_wfs1_ctcf_D11_e01,20250612_30hpf_wfs1_ctcf_D11,1,eval
20240307_F07_e02,20240307_F07,44,eval
20260210_A12_e01,20260210_A12,161,eval
20260414_b9d2_14hpf_plate01_A12_e01,20260414_b9d2_14hpf_plate01_A12,1,eval
20260208_F01_e02,20260208_F01,321,eval
20260414_b9d2_30hpf_plate01_C11_e01,20260414_b9d2_30hpf_plate01_C11,1,eval
20240626_D03_e01,20240626_D03,112,eval
20230613_E07_e01,20230613_E07,65,eval
20230531_B05_e01,20230531_B05,66,eval
20240522_B01_e01,20240522_B01,95,eval
20231110_G07_e01,20231110_G07,64,eval
20250716_chem4_35C_T00_1045_C04_e01,20250716_chem4_35C_T00_1045_C04,1,eval
20240522_H04_e01,20240522_H04,95,eval
20231206_C01_e02,20231206_C01,59,eval
20250512_F09_e02,20250512_F09,195,eval
20250622_chem_35C_T01_1605_D06_e01,20250622_chem_35C_T01_1605_D06,1,eval
20250625_chem02_35C_T02_1228_B07_e01,20250625_chem02_35C_T02_1228_B07,1,eval
20240718_B10_e01,20240718_B10,1,eval
20250624_chem02_34C_T00_1243_A08_e01,20250624_chem02_34C_T00_1243_A08,1,eval
20260228_H01_e01,20260228_H01,151,eval
20260418_irx_pilot_G01_e01,20260418_irx_pilot_G01,78,eval
20260122_C05_e02,20260122_C05,1,eval
20260724_hotfish_30hpf_plate01_E06_e01,20260724_hotfish_30hpf_plate01_E06,1,eval
20260228_G02_e01,20260228_G02,151,eval
20260213_B01_e01,20260213_B01,139,eval
20230602_B09_e01,20230602_B09,98,eval
20251212_D08_e01,20251212_D08,115,eval
20240813_24hpf_B05_e01,20240813_24hpf_B05,1,eval
20230613_F11_e01,20230613_F11,65,eval
20260418_irx_pilot_G09_e04,20260418_irx_pilot_G09,78,eval
20260724_hotfish_24hpf_plate01_G02_e01,20260724_hotfish_24hpf_plate01_G02,1,eval
20240418_E07_e01,20240418_E07,46,eval
20230613_B08_e01,20230613_B08,66,eval
20250716_chem4_34C_T00_1014_B07_e01,20250716_chem4_34C_T00_1014_B07,1,eval
20260702_hotchem_36hpf_plate01_E03_e01,20260702_hotchem_36hpf_plate01_E03,1,eval
20231218_D03_e01,20231218_D03,34,eval
20260415_b9d2_30to48hpf_plate02_t02_F01_e01,20260415_b9d2_30to48hpf_plate02_t02_F01,1,eval
20260306_D01_e01,20260306_D01,186,eval
20250721_chem5_35C_T00_1023_A04_e01,20250721_chem5_35C_T00_1023_A04,1,eval
20230531_D03_e01,20230531_D03,66,eval
20250716_chem4_34C_T00_1014_B04_e01,20250716_chem4_34C_T00_1014_B04,1,eval
20260206_A04_e01,20260206_A04,150,eval
20250624_chem02_28C_T01_1808_D01_e01,20250624_chem02_28C_T01_1808_D01,1,eval
20260324_cep290_30hpf_plate01_G04_e01,20260324_cep290_30hpf_plate01_G04,1,eval
20250625_chem02_35C_T02_1228_E01_e01,20250625_chem02_35C_T02_1228_E01,1,eval
20260206_B08_e01,20260206_B08,150,eval
20260306_C12_e02,20260306_C12,184,eval
20230620_B04_e02,20230620_B04,89,eval
20250625_chem02_34C_T02_1301_B04_e01,20250625_chem02_34C_T02_1301_B04,1,eval
20250622_chem_28C_T00_1425_E05_e01,20250622_chem_28C_T00_1425_E05,1,eval
20260702_hotchem_30hpf_plate01_H11_e01,20260702_hotchem_30hpf_plate01_H11,1,eval
20230831_D07_e01,20230831_D07,1,eval
20250721_chem5_28C_T00_1257_A09_e01,20250721_chem5_28C_T00_1257_A09,1,eval
20250721_chem5_35C_T00_1023_G07_e01,20250721_chem5_35C_T00_1023_G07,1,eval
20250624_chem02_34C_T00_1243_F06_e01,20250624_chem02_34C_T00_1243_F06,1,eval
20260122_C08_e03,20260122_C08,97,eval
20250711_H09_e01,20250711_H09,179,eval
20240522_B06_e01,20240522_B06,95,eval
20250612_30hpf_wfs1_ctcf_H08_e01,20250612_30hpf_wfs1_ctcf_H08,1,eval
20231218_D12_e01,20231218_D12,34,eval
20251207_pbx_F05_e01,20251207_pbx_F05,132,eval
20260304_G06_e01,20260304_G06,192,eval
20260417_irx_pilot_B07_e01,20260417_irx_pilot_B07,27,eval
20260724_hotfish_36hpf_plate01_H06_e01,20260724_hotfish_36hpf_plate01_H06,1,eval
20230531_A12_e01,20230531_A12,66,eval
20240418_E02_e02,20240418_E02,46,eval
20250622_chem_34C_T00_1256_G07_e01,20250622_chem_34C_T00_1256_G07,1,eval
20240725_G03_e01,20240725_G03,1,eval
20260324_cep290_30hpf_plate01_H09_e01,20260324_cep290_30hpf_plate01_H09,1,eval
20250711_E06_e01,20250711_E06,179,eval
20240509_24hpf_E07_e01,20240509_24hpf_E07,1,eval
20260213_H03_e03,20260213_H03,18,eval
20260324_cep290_30hpf_plate02_A06_e01,20260324_cep290_30hpf_plate02_A06,1,eval
20260324_cep290_24hpf_plate02_G03_e01,20260324_cep290_24hpf_plate02_G03,1,eval
20251112_A06_e02,20251112_A06,47,eval
20260702_hotchem_30hpf_plate01_E08_e02,20260702_hotchem_30hpf_plate01_E08,1,eval
20260306_B05_e01,20260306_B05,186,eval
20260415_b9d2_30to48hpf_plate02_t02_C02_e01,20260415_b9d2_30to48hpf_plate02_t02_C02,1,eval
20250721_chem5_28C_T00_1257_H10_e01,20250721_chem5_28C_T00_1257_H10,1,eval
20260702_hotchem_36hpf_plate02_F12_e01,20260702_hotchem_36hpf_plate02_F12,1,eval
20250625_chem02_35C_T02_1228_A10_e02,20250625_chem02_35C_T02_1228_A10,1,eval
20241023_C02_e01,20241023_C02,43,eval
20260324_cep290_24hpf_plate02_G11_e01,20260324_cep290_24hpf_plate02_G11,1,eval
20250623_chem_34C_T02_1231_A01_e01,20250623_chem_34C_T02_1231_A01,1,eval
20250625_chem02_35C_T02_1228_H02_e01,20250625_chem02_35C_T02_1228_H02,1,eval
20260702_hotchem_30hpf_plate02_E12_e01,20260702_hotchem_30hpf_plate02_E12,1,eval
20260702_hotchem_36hpf_plate02_B12_e01,20260702_hotchem_36hpf_plate02_B12,1,eval
20260306_F05_e01,20260306_F05,186,eval
20260418_irx_pilot_H10_e01,20260418_irx_pilot_H10,78,eval
20251112_F08_e02,20251112_F08,49,eval
20260415_b9d2_30to48hpf_plate01_t02_C05_e01,20260415_b9d2_30to48hpf_plate01_t02_C05,1,eval
20250716_chem4_34C_T00_1014_A10_e01,20250716_chem4_34C_T00_1014_A10,1,eval
20250623_chem_34C_T02_1231_E05_e01,20250623_chem_34C_T02_1231_E05,1,eval
20260319_cilia_crispant_24hpf_H05_e01,20260319_cilia_crispant_24hpf_H05,1,eval
20240509_G04_e01,20240509_G04,41,eval
20250305_D12_e01,20250305_D12,340,eval
20241022_E12_e01,20241022_E12,37,eval
20251207_pbx_H02_e01,20251207_pbx_H02,132,eval
20260210_D12_e01,20260210_D12,161,eval
20260724_hotfish_36hpf_plate01_A05_e01,20260724_hotfish_36hpf_plate01_A05,1,eval
20240726_C04_e01,20240726_C04,1,eval
20250721_chem5_35C_T00_1023_B08_e01,20250721_chem5_35C_T00_1023_B08,1,eval
20231110_H02_e02,20231110_H02,64,eval
20251212_E09_e01,20251212_E09,115,eval
20250612_24hpf_wfs1_ctcf_D08_e01,20250612_24hpf_wfs1_ctcf_D08,1,eval
20240307_F03_e01,20240307_F03,44,eval
20230629_C06_e01,20230629_C06,41,eval
20260416_cep290_30to48hpf_plate02_t02_E06_e01,20260416_cep290_30to48hpf_plate02_t02_E06,1,eval
20240530_E11_e01,20240530_E11,81,eval
20251207_pbx_H10_e01,20251207_pbx_H10,132,eval
20240812_H08_e01,20240812_H08,75,eval
20260414_b9d2_30hpf_plate02_D08_e03,20260414_b9d2_30hpf_plate02_D08,1,eval
20260724_hotfish_24hpf_plate02_E02_e01,20260724_hotfish_24hpf_plate02_E02,1,eval
20250622_chem_35C_T00_1223_check_H10_e01,20250622_chem_35C_T00_1223_check_H10,1,eval
20250624_chem02_34C_T00_1243_C08_e01,20250624_chem02_34C_T00_1243_C08,1,eval
20240306_H03_e02,20240306_H03,116,eval
20260202_C12_e01,20260202_C12,71,eval
20260415_b9d2_30to48hpf_plate02_t02_F02_e01,20260415_b9d2_30to48hpf_plate02_t02_F02,1,eval
20260418_irx_pilot_B02_e01,20260418_irx_pilot_B02,78,eval
20260702_hotchem_36hpf_plate02_G02_e01,20260702_hotchem_36hpf_plate02_G02,1,eval
20251125_C03_e01,20251125_C03,231,eval
20260206_G09_e01,20260206_G09,150,eval
20251125_F11_e01,20251125_F11,230,eval
20241023_F01_e02,20241023_F01,43,eval
20260724_hotfish_36hpf_plate01_B04_e01,20260724_hotfish_36hpf_plate01_B04,1,eval
20260122_H06_e02,20260122_H06,104,eval
20251121_B03_e01,20251121_B03,173,eval
20250721_chem5_28C_T01_1401_B07_e01,20250721_chem5_28C_T01_1401_B07,1,eval
20251125_E04_e01,20251125_E04,231,eval
20251207_pbx_E07_e01,20251207_pbx_E07,132,eval
20240726_B04_e01,20240726_B04,1,eval
20260319_E07_e02,20260319_E07,105,eval
20250612_36hpf_wfs1_ctcf_H07_e01,20250612_36hpf_wfs1_ctcf_H07,1,eval
20250215_G12_e01,20250215_G12,78,eval
20230615_F06_e01,20230615_F06,50,eval
20250624_chem02_28C_T00_1356_D03_e02,20250624_chem02_28C_T00_1356_D03,1,eval
20240813_36hpf_D05_e01,20240813_36hpf_D05,1,eval
20260213_D12_e01,20260213_D12,139,eval
20250623_chem_28C_T02_1259_F06_e01,20250623_chem_28C_T02_1259_F06,1,eval
20250703_chem3_34C_T01_1457_E07_e01,20250703_chem3_34C_T01_1457_E07,1,eval
20250703_chem3_35C_T00_1101_F02_e01,20250703_chem3_35C_T00_1101_F02,1,eval
20251121_H10_e01,20251121_H10,173,eval
20251112_C11_e01,20251112_C11,49,eval
20250612_30hpf_ctrl_atf6_A11_e01,20250612_30hpf_ctrl_atf6_A11,1,eval
20230831_C06_e01,20230831_C06,1,eval
20260702_hotchem_24hpf_plate01_H11_e01,20260702_hotchem_24hpf_plate01_H11,1,eval
20260724_hotfish_30hpf_plate01_C12_e01,20260724_hotfish_30hpf_plate01_C12,1,eval
20250912_E01_e01,20250912_E01,113,eval
20250622_chem_34C_T01_1632_B06_e01,20250622_chem_34C_T01_1632_B06,1,eval
20250721_chem5_35C_T00_1023_E12_e01,20250721_chem5_35C_T00_1023_E12,1,eval
20260702_hotchem_24hpf_plate02_F04_e01,20260702_hotchem_24hpf_plate02_F04,1,eval
20250612_30hpf_wfs1_ctcf_G10_e01,20250612_30hpf_wfs1_ctcf_G10,1,eval
20260319_cilia_crispant_24hpf_H02_e02,20260319_cilia_crispant_24hpf_H02,1,eval
20260702_hotchem_36hpf_plate01_A11_e01,20260702_hotchem_36hpf_plate01_A11,1,eval
20250623_chem_34C_T02_1231_G02_e01,20250623_chem_34C_T02_1231_G02,1,eval
20260415_b9d2_30to48hpf_plate01_t02_D03_e01,20260415_b9d2_30to48hpf_plate01_t02_D03,1,eval
20250703_chem3_34C_T00_1131_E03_e01,20250703_chem3_34C_T00_1131_E03,1,eval
20240307_H05_e02,20240307_H05,44,eval
20250622_chem_28C_T00_1425_C06_e01,20250622_chem_28C_T00_1425_C06,1,eval
20250624_chem02_35C_T01_1711_C08_e01,20250624_chem02_35C_T01_1711_C08,1,eval
20260702_hotchem_36hpf_plate02_F06_e01,20260702_hotchem_36hpf_plate02_F06,1,eval
20250721_chem5_35C_T00_1023_D02_e01,20250721_chem5_35C_T00_1023_D02,1,eval
20250624_chem02_28C_T00_1356_D01_e01,20250624_chem02_28C_T00_1356_D01,1,eval
20260213_C02_e01,20260213_C02,139,eval
20251112_D08_e02,20251112_D08,24,eval
20260319_cilia_crispant_30hpf_B07_e01,20260319_cilia_crispant_30hpf_B07,1,eval
20250703_chem3_28C_T00_1325_F05_e01,20250703_chem3_28C_T00_1325_F05,1,eval
20250622_chem_28C_T01_1658_E06_e01,20250622_chem_28C_T01_1658_E06,1,eval
20250612_30hpf_wfs1_ctcf_C01_e01,20250612_30hpf_wfs1_ctcf_C01,1,eval
20260724_hotfish_30hpf_plate01_C11_e01,20260724_hotfish_30hpf_plate01_C11,1,eval
20251212_C11_e01,20251212_C11,115,eval
20240404_G05_e01,20240404_G05,35,eval
20260702_hotchem_36hpf_plate01_B06_e01,20260702_hotchem_36hpf_plate01_B06,1,eval
20240812_B09_e01,20240812_B09,75,eval
20260702_hotchem_30hpf_plate02_H06_e01,20260702_hotchem_30hpf_plate02_H06,1,eval
20260702_hotchem_24hpf_plate01_G04_e01,20260702_hotchem_24hpf_plate01_G04,1,eval
20260304_B03_e01,20260304_B03,192,eval
20240510_D06_e01,20240510_D06,1,eval
20260324_cep290_24hpf_plate01_F10_e01,20260324_cep290_24hpf_plate01_F10,1,eval
20251121_G05_e02,20251121_G05,35,eval
20251017_part2_E04_e01,20251017_part2_E04,63,eval
20250716_chem4_35C_T00_1045_F08_e01,20250716_chem4_35C_T00_1045_F08,1,eval
20240724_F02_e01,20240724_F02,1,eval
20260417_irx_pilot_H02_e02,20260417_irx_pilot_H02,27,eval
20250703_chem3_34C_T00_1131_G01_e01,20250703_chem3_34C_T00_1131_G01,1,eval
20260418_irx_pilot_H05_e03,20260418_irx_pilot_H05,78,eval
20250716_chem4_35C_T00_1045_A01_e01,20250716_chem4_35C_T00_1045_A01,1,eval
20250612_30hpf_wfs1_ctcf_E09_e01,20250612_30hpf_wfs1_ctcf_E09,1,eval
20251017_part1_F06_e01,20251017_part1_F06,65,eval
20251112_D10_e01,20251112_D10,49,eval
20260202_A08_e02,20260202_A08,67,eval
20260324_cep290_24hpf_plate02_C05_e01,20260324_cep290_24hpf_plate02_C05,1,eval
20260304_D04_e02,20260304_D04,192,eval
20250624_chem02_34C_T00_1243_E02_e01,20250624_chem02_34C_T00_1243_E02,1,eval
20250711_F06_e01,20250711_F06,179,eval
20251121_D09_e01,20251121_D09,173,eval
20241023_C10_e01,20241023_C10,43,eval
20231206_G07_e01,20231206_G07,59,eval
20250703_chem3_35C_T00_1101_A06_e01,20250703_chem3_35C_T00_1101_A06,1,eval
20260213_E04_e03,20260213_E04,139,eval
20260213_G07_e01,20260213_G07,139,eval
20250624_chem02_34C_T00_1243_A03_e01,20250624_chem02_34C_T00_1243_A03,1,eval
20250711_D12_e02,20250711_D12,54,eval
20250612_24hpf_ctrl_atf6_F11_e01,20250612_24hpf_ctrl_atf6_F11,1,eval
20260702_hotchem_24hpf_plate01_G10_e01,20260702_hotchem_24hpf_plate01_G10,1,eval
20250623_chem_34C_T02_1231_D02_e01,20250623_chem_34C_T02_1231_D02,1,eval
20240509_18ss_F03_e01,20240509_18ss_F03,1,eval
20250624_chem02_35C_T00_1216_C07_e01,20250624_chem02_35C_T00_1216_C07,1,eval
20250624_chem02_34C_T01_1739_B02_e01,20250624_chem02_34C_T01_1739_B02,1,eval
20250622_chem_34C_T00_1256_C03_e01,20250622_chem_34C_T00_1256_C03,1,eval
20230531_F03_e01,20230531_F03,66,eval
20241023_H03_e02,20241023_H03,43,eval
20260414_b9d2_30hpf_plate01_C02_e01,20260414_b9d2_30hpf_plate01_C02,1,eval
20231110_D03_e01,20231110_D03,64,eval
20260415_b9d2_30to48hpf_plate02_t02_G04_e01,20260415_b9d2_30to48hpf_plate02_t02_G04,1,eval
20230531_B12_e01,20230531_B12,66,eval
20250624_chem02_28C_T00_1356_G05_e01,20250624_chem02_28C_T00_1356_G05,1,eval
20251017_part2_A09_e01,20251017_part2_A09,63,eval
20230602_B01_e01,20230602_B01,98,eval
20250622_chem_34C_T01_1632_B05_e01,20250622_chem_34C_T01_1632_B05,1,eval
20250425_F07_e01,20250425_F07,118,eval
20260324_cep290_30hpf_plate01_E10_e01,20260324_cep290_30hpf_plate01_E10,1,eval
20250622_chem_34C_T00_1256_H08_e01,20250622_chem_34C_T00_1256_H08,1,eval
20260213_G08_e01,20260213_G08,139,eval
20241022_C09_e01,20241022_C09,37,eval
20240306_H06_e01,20240306_H06,132,eval
20260122_F04_e02,20260122_F04,104,eval
20250624_chem02_34C_T01_1739_G08_e01,20250624_chem02_34C_T01_1739_G08,1,eval
20251212_A05_e01,20251212_A05,115,eval
20260414_b9d2_14hpf_plate01_D12_e01,20260414_b9d2_14hpf_plate01_D12,1,eval
20250622_chem_34C_T00_1256_A01_e01,20250622_chem_34C_T00_1256_A01,1,eval
20260324_cep290_30hpf_plate02_B08_e01,20260324_cep290_30hpf_plate02_B08,1,eval
20240530_A02_e01,20240530_A02,81,eval
20241023_D12_e01,20241023_D12,43,eval
20260415_cep290_30to48hpf_plate02_t01_H06_e01,20260415_cep290_30to48hpf_plate02_t01_H06,1,eval
20260418_irx_pilot_B08_e01,20260418_irx_pilot_B08,78,eval
20250622_chem_34C_T01_1632_G10_e01,20250622_chem_34C_T01_1632_G10,1,eval
20240813_30hpf_G03_e01,20240813_30hpf_G03,1,eval
20250912_D04_e01,20250912_D04,113,eval
20260319_cilia_crispant_30hpf_F01_e01,20260319_cilia_crispant_30hpf_F01,1,eval
20260122_H07_e03,20260122_H07,104,eval
20230622_B12_e01,20230622_B12,43,eval
20230602_C04_e01,20230602_C04,97,eval
20250625_chem02_35C_T02_1228_G10_e01,20250625_chem02_35C_T02_1228_G10,1,eval
20260331_b9d2_18hpf_plate02_F02_e01,20260331_b9d2_18hpf_plate02_F02,1,eval
20251121_E08_e01,20251121_E08,173,eval
20240509_G04_e02,20240509_G04,41,eval
20240404_C03_e01,20240404_C03,35,eval
20260702_hotchem_36hpf_plate01_A03_e01,20260702_hotchem_36hpf_plate01_A03,1,eval
20260416_cep290_30to48hpf_plate01_t02_D04_e01,20260416_cep290_30to48hpf_plate01_t02_D04,1,eval
20260228_G01_e01,20260228_G01,151,eval
20230629_D10_e02,20230629_D10,40,eval
20240725_B04_e01,20240725_B04,1,eval
20260304_G11_e01,20260304_G11,190,eval
20251017_part2_D06_e01,20251017_part2_D06,63,eval
20260415_b9d2_30to48hpf_plate01_t02_H07_e01,20260415_b9d2_30to48hpf_plate01_t02_H07,1,eval
20250721_chem5_28C_T01_1401_G09_e01,20250721_chem5_28C_T01_1401_G09,1,eval
20260724_hotfish_36hpf_plate01_B03_e01,20260724_hotfish_36hpf_plate01_B03,1,eval
20241023_D03_e01,20241023_D03,43,eval
20250703_chem3_34C_T00_1131_C03_e01,20250703_chem3_34C_T00_1131_C03,1,eval
20260206_E03_e01,20260206_E03,150,eval
20250625_chem02_35C_T02_1228_F08_e01,20250625_chem02_35C_T02_1228_F08,1,eval
20260219_H08_e03,20260219_H08,177,eval
20250711_G12_e01,20250711_G12,179,eval
20231110_A08_e02,20231110_A08,64,eval
20240724_C06_e01,20240724_C06,1,eval
20241022_C11_e02,20241022_C11,37,eval
20260415_cep290_30to48hpf_plate02_t01_D07_e01,20260415_cep290_30to48hpf_plate02_t01_D07,1,eval
20250126_E02_e01,20250126_E02,71,eval
20260210_B02_e01,20260210_B02,161,eval
20260414_b9d2_14hpf_plate01_F08_e01,20260414_b9d2_14hpf_plate01_F08,1,eval
20260724_hotfish_24hpf_plate01_H08_e01,20260724_hotfish_24hpf_plate01_H08,1,eval
20260415_b9d2_30to48hpf_plate02_t02_D03_e01,20260415_b9d2_30to48hpf_plate02_t02_D03,1,eval
20250624_chem02_28C_T00_1356_E10_e01,20250624_chem02_28C_T00_1356_E10,1,eval
20250612_24hpf_ctrl_atf6_H10_e01,20250612_24hpf_ctrl_atf6_H10,1,eval
20250624_chem02_35C_T00_1216_E11_e01,20250624_chem02_35C_T00_1216_E11,1,eval
20241022_D04_e01,20241022_D04,37,eval
20251017_part1_F08_e02,20251017_part1_F08,36,eval
20250703_chem3_35C_T00_1101_D05_e02,20250703_chem3_35C_T00_1101_D05,1,eval
20260324_cep290_24hpf_plate02_C06_e01,20260324_cep290_24hpf_plate02_C06,1,eval
20250622_chem_35C_T00_1223_check_F08_e01,20250622_chem_35C_T00_1223_check_F08,1,eval
20240813_24hpf_D06_e01,20240813_24hpf_D06,1,eval
20250624_chem02_28C_T01_1808_C03_e01,20250624_chem02_28C_T01_1808_C03,1,eval
20250612_30hpf_wfs1_ctcf_A11_e01,20250612_30hpf_wfs1_ctcf_A11,1,eval
20250625_chem02_28C_T02_1332_F11_e01,20250625_chem02_28C_T02_1332_F11,1,eval
20240626_E05_e01,20240626_E05,112,eval
20250721_chem5_28C_T00_1257_D08_e01,20250721_chem5_28C_T00_1257_D08,1,eval
20260206_E09_e01,20260206_E09,150,eval
20260415_b9d2_30to48hpf_plate01_t02_F02_e01,20260415_b9d2_30to48hpf_plate01_t02_F02,1,eval
20260213_H05_e02,20260213_H05,139,eval
20260414_b9d2_30hpf_plate02_G02_e01,20260414_b9d2_30hpf_plate02_G02,1,eval
20241022_F07_e01,20241022_F07,37,eval
20251112_H06_e01,20251112_H06,49,eval
20231218_D01_e01,20231218_D01,34,eval
20250703_chem3_35C_T01_1437_F06_e01,20250703_chem3_35C_T01_1437_F06,1,eval
20230602_C12_e01,20230602_C12,97,eval
20260319_D08_e01,20260319_D08,105,eval
20260331_b9d2_18hpf_plate02_E08_e01,20260331_b9d2_18hpf_plate02_E08,1,eval
20260219_F01_e03,20260219_F01,177,eval
20240404_A07_e02,20240404_A07,35,eval
20250623_chem_34C_T02_1231_E06_e01,20250623_chem_34C_T02_1231_E06,1,eval
20260702_hotchem_36hpf_plate01_B02_e01,20260702_hotchem_36hpf_plate01_B02,1,eval
20230531_B08_e01,20230531_B08,66,eval
20250625_chem02_34C_T02_1301_F11_e01,20250625_chem02_34C_T02_1301_F11,1,eval
20250512_E05_e01,20250512_E05,195,eval
20260304_E09_e02,20260304_E09,192,eval
20260304_A05_e02,20260304_A05,21,eval
20260319_cilia_crispant_30hpf_F09_e01,20260319_cilia_crispant_30hpf_F09,1,eval
20250612_30hpf_wfs1_ctcf_C09_e01,20250612_30hpf_wfs1_ctcf_C09,1,eval
20250126_E07_e01,20250126_E07,71,eval
20231110_A01_e01,20231110_A01,64,eval
20260416_cep290_30to48hpf_plate01_t02_C10_e01,20260416_cep290_30to48hpf_plate01_t02_C10,1,eval
20260324_cep290_24hpf_plate01_C09_e01,20260324_cep290_24hpf_plate01_C09,1,eval
20260415_cep290_18hpf_plate03_A07_e01,20260415_cep290_18hpf_plate03_A07,1,eval
20251112_G01_e02,20251112_G01,49,eval
20251205_F08_e01,20251205_F08,115,eval
20260414_b9d2_14hpf_plate01_G03_e01,20260414_b9d2_14hpf_plate01_G03,1,eval
20260213_H11_e02,20260213_H11,139,eval
20260416_cep290_30to48hpf_plate02_t02_G01_e01,20260416_cep290_30to48hpf_plate02_t02_G01,1,eval
20260702_hotchem_24hpf_plate02_B09_e01,20260702_hotchem_24hpf_plate02_B09,1,eval
20240418_E12_e01,20240418_E12,46,eval
20250624_chem02_34C_T01_1739_B03_e01,20250624_chem02_34C_T01_1739_B03,1,eval
20260414_b9d2_14hpf_plate01_H03_e01,20260414_b9d2_14hpf_plate01_H03,1,eval
20260202_G06_e01,20260202_G06,71,eval
20250612_24hpf_wfs1_ctcf_G08_e01,20250612_24hpf_wfs1_ctcf_G08,1,eval
20260702_hotchem_36hpf_plate01_D01_e01,20260702_hotchem_36hpf_plate01_D01,1,eval
20240418_E10_e01,20240418_E10,46,eval
20250624_chem02_28C_T00_1356_A05_e01,20250624_chem02_28C_T00_1356_A05,1,eval
20230615_G03_e01,20230615_G03,50,eval
20250716_chem4_28C_T01_1400_C10_e01,20250716_chem4_28C_T01_1400_C10,1,eval
20231110_E08_e01,20231110_E08,64,eval
20240418_C09_e02,20240418_C09,46,eval
20260702_hotchem_30hpf_plate02_C02_e01,20260702_hotchem_30hpf_plate02_C02,1,eval
20260324_cep290_24hpf_plate02_D06_e01,20260324_cep290_24hpf_plate02_D06,1,eval
20250721_chem5_28C_T00_1257_A03_e01,20250721_chem5_28C_T00_1257_A03,1,eval
20250711_D01_e01,20250711_D01,179,eval
20260202_D05_e02,20260202_D05,71,eval
20260122_F12_e04,20260122_F12,104,eval
20260202_G04_e01,20260202_G04,71,eval
20260331_b9d2_18hpf_plate02_G04_e01,20260331_b9d2_18hpf_plate02_G04,1,eval
20230622_F07_e01,20230622_F07,43,eval
20250612_30hpf_wfs1_ctcf_C08_e01,20250612_30hpf_wfs1_ctcf_C08,1,eval
20250415_G09_e01,20250415_G09,39,eval
20250711_C02_e02,20250711_C02,179,eval
20260414_b9d2_30hpf_plate01_G03_e01,20260414_b9d2_30hpf_plate01_G03,1,eval
20240411_B04_e01,20240411_B04,48,eval
20260416_cep290_30to48hpf_plate02_t02_G07_e01,20260416_cep290_30to48hpf_plate02_t02_G07,1,eval
20240522_F04_e01,20240522_F04,95,eval
20250622_chem_28C_T00_1425_A10_e01,20250622_chem_28C_T00_1425_A10,1,eval
20240812_E10_e01,20240812_E10,75,eval
20240509_B07_e01,20240509_B07,41,eval
20260414_b9d2_30hpf_plate01_G11_e01,20260414_b9d2_30hpf_plate01_G11,1,eval
20250625_chem02_28C_T02_1332_A07_e01,20250625_chem02_28C_T02_1332_A07,1,eval
20260702_hotchem_24hpf_plate01_H07_e01,20260702_hotchem_24hpf_plate01_H07,1,eval
20250721_chem5_35C_T00_1023_D03_e01,20250721_chem5_35C_T00_1023_D03,1,eval
20251020_A07_e02,20251020_A07,26,eval
20240307_F01_e01,20240307_F01,44,eval
20260319_cilia_crispant_30hpf_E02_e01,20260319_cilia_crispant_30hpf_E02,1,eval
20260208_H09_e01,20260208_H09,321,eval
20250501_G01_e01,20250501_G01,176,eval
20260414_b9d2_30hpf_plate01_D11_e01,20260414_b9d2_30hpf_plate01_D11,1,eval
20260324_cep290_30hpf_plate02_B07_e01,20260324_cep290_30hpf_plate02_B07,1,eval
20240725_H01_e01,20240725_H01,1,eval
20260210_H06_e01,20260210_H06,161,eval
20260415_cep290_30to48hpf_plate02_t01_E03_e01,20260415_cep290_30to48hpf_plate02_t01_E03,1,eval
20230831_B06_e01,20230831_B06,1,eval
20260213_A02_e01,20260213_A02,114,eval
20251212_B01_e01,20251212_B01,115,eval
20230602_C02_e01,20230602_C02,98,eval
20260724_hotfish_24hpf_plate01_C03_e01,20260724_hotfish_24hpf_plate01_C03,1,eval
20260219_D01_e02,20260219_D01,177,eval
20250305_A11_e02,20250305_A11,340,eval
20260702_hotchem_36hpf_plate01_G03_e01,20260702_hotchem_36hpf_plate01_G03,1,eval
20250612_30hpf_ctrl_atf6_C03_e01,20250612_30hpf_ctrl_atf6_C03,1,eval
20250703_chem3_35C_T00_1101_F05_e02,20250703_chem3_35C_T00_1101_F05,1,eval
20250624_chem02_35C_T00_1216_B07_e01,20250624_chem02_35C_T00_1216_B07,1,eval
20250716_chem4_28C_T01_1400_E01_e02,20250716_chem4_28C_T01_1400_E01,1,eval
20231206_B07_e01,20231206_B07,59,eval
20250716_chem4_34C_T00_1014_B01_e01,20250716_chem4_34C_T00_1014_B01,1,eval
20250623_chem_28C_T02_1259_D10_e01,20250623_chem_28C_T02_1259_D10,1,eval
20260702_hotchem_24hpf_plate01_A04_e01,20260702_hotchem_24hpf_plate01_A04,1,eval
20250912_H08_e02,20250912_H08,113,eval
20231206_H04_e01,20231206_H04,59,eval
20260319_cilia_crispant_24hpf_G06_e01,20260319_cilia_crispant_24hpf_G06,1,eval
20250703_chem3_34C_T00_1131_A05_e01,20250703_chem3_34C_T00_1131_A05,1,eval
20250721_chem5_28C_T01_1401_G04_e01,20250721_chem5_28C_T01_1401_G04,1,eval
20260324_cep290_30hpf_plate01_B12_e01,20260324_cep290_30hpf_plate01_B12,1,eval
20260414_b9d2_30hpf_plate01_D10_e02,20260414_b9d2_30hpf_plate01_D10,1,eval
20250622_chem_28C_T01_1658_D06_e01,20250622_chem_28C_T01_1658_D06,1,eval
20260702_hotchem_36hpf_plate02_D02_e01,20260702_hotchem_36hpf_plate02_D02,1,eval
20240509_24hpf_C05_e01,20240509_24hpf_C05,1,eval
20251017_part2_C03_e03,20251017_part2_C03,63,eval
20260219_B04_e02,20260219_B04,177,eval
20260213_H12_e02,20260213_H12,139,eval
20240509_G01_e01,20240509_G01,41,eval
20240522_E02_e01,20240522_E02,95,eval
20240522_B07_e01,20240522_B07,95,eval
20250711_D05_e03,20250711_D05,179,eval
20240404_D02_e01,20240404_D02,35,eval
20230627_C07_e02,20230627_C07,45,eval
20250716_chem4_28C_T00_1158_F08_e01,20250716_chem4_28C_T00_1158_F08,1,eval
20260210_E04_e01,20260210_E04,161,eval
20230615_C01_e02,20230615_C01,50,eval
20230629_G02_e01,20230629_G02,41,eval
20250716_chem4_28C_T00_1158_E04_e01,20250716_chem4_28C_T00_1158_E04,1,eval
20260415_b9d2_30to48hpf_plate01_t02_C02_e01,20260415_b9d2_30to48hpf_plate01_t02_C02,1,eval
20250612_30hpf_wfs1_ctcf_F05_e01,20250612_30hpf_wfs1_ctcf_F05,1,eval
20251212_E08_e01,20251212_E08,115,eval
20260208_H08_e01,20260208_H08,321,eval
20240509_18ss_C01_e01,20240509_18ss_C01,1,eval
20240724_A07_e01,20240724_A07,1,eval
20230613_D04_e01,20230613_D04,66,eval
20260213_B04_e01,20260213_B04,139,eval
20250624_chem02_35C_T00_1216_B03_e01,20250624_chem02_35C_T00_1216_B03,1,eval
20251125_E02_e01,20251125_E02,231,eval
20250624_chem02_34C_T01_1739_B07_e01,20250624_chem02_34C_T01_1739_B07,1,eval
20250415_G10_e01,20250415_G10,39,eval
20250624_chem02_35C_T00_1216_B01_e01,20250624_chem02_35C_T00_1216_B01,1,eval
20240626_A05_e01,20240626_A05,112,eval
20260202_G09_e02,20260202_G09,71,eval
20251205_C04_e01,20251205_C04,115,eval
20230613_D03_e01,20230613_D03,66,eval
20250415_G02_e01,20250415_G02,39,eval
20250716_chem4_28C_T00_1158_H08_e01,20250716_chem4_28C_T00_1158_H08,1,eval
20260324_cep290_24hpf_plate02_C07_e01,20260324_cep290_24hpf_plate02_C07,1,eval
20260724_hotfish_24hpf_plate01_H11_e01,20260724_hotfish_24hpf_plate01_H11,1,eval
20260319_cilia_crispant_24hpf_C05_e01,20260319_cilia_crispant_24hpf_C05,1,eval
20260202_B12_e01,20260202_B12,71,eval
20250305_H12_e01,20250305_H12,340,eval
20250716_chem4_35C_T00_1045_D05_e01,20250716_chem4_35C_T00_1045_D05,1,eval
20250612_24hpf_ctrl_atf6_G04_e01,20250612_24hpf_ctrl_atf6_G04,1,eval
20240626_A02_e01,20240626_A02,112,eval
20230622_C06_e01,20230622_C06,43,eval
20251121_H07_e01,20251121_H07,171,eval
20260724_hotfish_24hpf_plate01_C10_e01,20260724_hotfish_24hpf_plate01_C10,1,eval
20250415_G08_e01,20250415_G08,39,eval
20240718_G10_e01,20240718_G10,1,eval
20260202_G06_e03,20260202_G06,71,eval
20250912_A06_e01,20250912_A06,113,eval
20241023_A11_e01,20241023_A11,43,eval
20260415_b9d2_30to48hpf_plate01_t02_B11_e01,20260415_b9d2_30to48hpf_plate01_t02_B11,1,eval
20251017_part1_E12_e01,20251017_part1_E12,65,eval
20241023_D03_e02,20241023_D03,43,eval
20260324_cep290_24hpf_plate01_E06_e01,20260324_cep290_24hpf_plate01_E06,1,eval
20250703_chem3_35C_T01_1437_G01_e01,20250703_chem3_35C_T01_1437_G01,1,eval
20250721_chem5_28C_T00_1257_B12_e01,20250721_chem5_28C_T00_1257_B12,1,eval
20240813_30hpf_A06_e01,20240813_30hpf_A06,1,eval
20251121_A09_e01,20251121_A09,173,eval
20260415_cep290_18hpf_plate03_B05_e02,20260415_cep290_18hpf_plate03_B05,1,eval
20251207_pbx_E06_e01,20251207_pbx_E06,132,eval
20251212_B04_e01,20251212_B04,115,eval
20250703_chem3_28C_T00_1325_H02_e01,20250703_chem3_28C_T00_1325_H02,1,eval
20260122_G10_e01,20260122_G10,104,eval
20260724_hotfish_36hpf_plate02_H07_e01,20260724_hotfish_36hpf_plate02_H07,1,eval
20230615_B03_e01,20230615_B03,50,eval
20231206_E11_e01,20231206_E11,59,eval
20240813_30hpf_C05_e01,20240813_30hpf_C05,1,eval
20231218_A03_e01,20231218_A03,34,eval
20260324_cep290_30hpf_plate01_F02_e01,20260324_cep290_30hpf_plate01_F02,1,eval
20250711_C12_e02,20250711_C12,179,eval
20250622_chem_34C_T00_1256_H02_e01,20250622_chem_34C_T00_1256_H02,1,eval
20260724_hotfish_30hpf_plate01_A11_e01,20260724_hotfish_30hpf_plate01_A11,1,eval
20250622_chem_35C_T01_1605_E10_e01,20250622_chem_35C_T01_1605_E10,1,eval
20250624_chem02_34C_T01_1739_C07_e01,20250624_chem02_34C_T01_1739_C07,1,eval
20250625_chem02_35C_T02_1228_H12_e01,20250625_chem02_35C_T02_1228_H12,1,eval
20250622_chem_28C_T00_1425_C08_e01,20250622_chem_28C_T00_1425_C08,1,eval
20250716_chem4_28C_T01_1400_H09_e01,20250716_chem4_28C_T01_1400_H09,1,eval
20260324_cep290_24hpf_plate01_A09_e01,20260324_cep290_24hpf_plate01_A09,1,eval
20260304_B09_e01,20260304_B09,192,eval
20240404_F01_e01,20240404_F01,35,eval
20260319_cilia_crispant_18hpf_F09_e01,20260319_cilia_crispant_18hpf_F09,1,eval
20231110_F05_e01,20231110_F05,64,eval
20260415_b9d2_30to48hpf_plate01_t02_C09_e01,20260415_b9d2_30to48hpf_plate01_t02_C09,1,eval
20260417_irx_pilot_D02_e02,20260417_irx_pilot_D02,27,eval
20231110_H09_e02,20231110_H09,64,eval
20231206_A10_e01,20231206_A10,59,eval
20250622_chem_34C_T00_1256_D08_e01,20250622_chem_34C_T00_1256_D08,1,eval
20250716_chem4_35C_T00_1045_B05_e01,20250716_chem4_35C_T00_1045_B05,1,eval
20250716_chem4_34C_T00_1014_G10_e01,20250716_chem4_34C_T00_1014_G10,1,eval
20260228_A02_e01,20260228_A02,151,eval
20260206_G10_e01,20260206_G10,150,eval
20250612_36hpf_ctrl_atf6_C05_e01,20250612_36hpf_ctrl_atf6_C05,1,eval
20240530_G04_e01,20240530_G04,81,eval
20260210_H01_e01,20260210_H01,161,eval
20260416_cep290_30to48hpf_plate02_t02_A06_e01,20260416_cep290_30to48hpf_plate02_t02_A06,1,eval
20250501_C06_e01,20250501_C06,176,eval
20260304_C12_e01,20260304_C12,192,eval
20260414_b9d2_14hpf_plate01_H05_e01,20260414_b9d2_14hpf_plate01_H05,1,eval
20250624_chem02_35C_T00_1216_A10_e02,20250624_chem02_35C_T00_1216_A10,1,eval
20260306_F11_e01,20260306_F11,186,eval
20240411_D05_e01,20240411_D05,48,eval
20250415_B08_e03,20250415_B08,39,eval
20260415_cep290_18hpf_plate03_F01_e01,20260415_cep290_18hpf_plate03_F01,1,eval
20250622_chem_35C_T01_1605_A04_e02,20250622_chem_35C_T01_1605_A04,1,eval
20251112_G07_e01,20251112_G07,49,eval
20260416_cep290_30to48hpf_plate02_t02_G08_e01,20260416_cep290_30to48hpf_plate02_t02_G08,1,eval
20250624_chem02_28C_T00_1356_C12_e01,20250624_chem02_28C_T00_1356_C12,1,eval
20260319_cilia_crispant_30hpf_F06_e01,20260319_cilia_crispant_30hpf_F06,1,eval
20230615_A04_e01,20230615_A04,50,eval
20231110_H02_e01,20231110_H02,64,eval
20250512_E04_e01,20250512_E04,195,eval
20260415_b9d2_30to48hpf_plate01_t02_H08_e01,20260415_b9d2_30to48hpf_plate01_t02_H08,1,eval
20250625_chem02_28C_T02_1332_F11_e02,20250625_chem02_28C_T02_1332_F11,1,eval
20260414_b9d2_30hpf_plate02_E07_e01,20260414_b9d2_30hpf_plate02_E07,1,eval
20251017_part2_A11_e01,20251017_part2_A11,63,eval
20230627_E09_e01,20230627_E09,45,eval
20260324_cep290_30hpf_plate02_D03_e01,20260324_cep290_30hpf_plate02_D03,1,eval
20250721_chem5_35C_T00_1023_F11_e02,20250721_chem5_35C_T00_1023_F11,1,eval
20240306_F05_e01,20240306_F05,132,eval
20231206_D08_e01,20231206_D08,59,eval
20260319_cilia_crispant_24hpf_A08_e02,20260319_cilia_crispant_24hpf_A08,1,eval
20240509_G02_e01,20240509_G02,41,eval
20250126_C07_e01,20250126_C07,71,eval
20250415_E04_e01,20250415_E04,30,eval
20250501_A07_e02,20250501_A07,176,eval
20240418_E10_e02,20240418_E10,46,eval
20251020_B01_e01,20251020_B01,57,eval
20260414_b9d2_30hpf_plate01_A03_e01,20260414_b9d2_30hpf_plate01_A03,1,eval
20250612_24hpf_ctrl_atf6_A12_e01,20250612_24hpf_ctrl_atf6_A12,1,eval
20260210_D03_e01,20260210_D03,161,eval
20240522_E05_e01,20240522_E05,95,eval
20240626_F09_e01,20240626_F09,112,eval
20251121_C06_e01,20251121_C06,172,eval
20260304_H05_e03,20260304_H05,192,eval
20260702_hotchem_36hpf_plate02_A12_e01,20260702_hotchem_36hpf_plate02_A12,1,eval
20251121_G10_e03,20251121_G10,173,eval
20250624_chem02_34C_T01_1739_D01_e01,20250624_chem02_34C_T01_1739_D01,1,eval
20240404_H11_e01,20240404_H11,35,eval
20260418_irx_pilot_C07_e03,20260418_irx_pilot_C07,78,eval
20250622_chem_28C_T00_1425_D07_e01,20250622_chem_28C_T00_1425_D07,1,eval
20250703_chem3_28C_T00_1325_B02_e01,20250703_chem3_28C_T00_1325_B02,1,eval
20260304_A09_e02,20260304_A09,192,eval
20260304_B11_e01,20260304_B11,192,eval
20260213_E10_e02,20260213_E10,139,eval
20260324_cep290_24hpf_plate01_E02_e01,20260324_cep290_24hpf_plate01_E02,1,eval
20250625_chem02_28C_T02_1332_H08_e01,20250625_chem02_28C_T02_1332_H08,1,eval
20230627_C07_e01,20230627_C07,45,eval
20251212_D12_e02,20251212_D12,40,eval
20250721_chem5_28C_T01_1401_A10_e01,20250721_chem5_28C_T01_1401_A10,1,eval
20230615_A06_e01,20230615_A06,48,eval
20230831_A03_e01,20230831_A03,1,eval
20250612_30hpf_ctrl_atf6_C07_e01,20250612_30hpf_ctrl_atf6_C07,1,eval
20250515_part2_B12_e01,20250515_part2_B12,27,eval
20250126_C09_e01,20250126_C09,71,eval
20260414_b9d2_30hpf_plate02_H02_e01,20260414_b9d2_30hpf_plate02_H02,1,eval
20230622_D09_e01,20230622_D09,43,eval
20250215_B04_e01,20250215_B04,78,eval
20260122_D05_e01,20260122_D05,104,eval
20260417_irx_pilot_C09_e02,20260417_irx_pilot_C09,27,eval
20240510_D02_e01,20240510_D02,1,eval
20260319_cilia_crispant_18hpf_G10_e01,20260319_cilia_crispant_18hpf_G10,1,eval
20250721_chem5_28C_T01_1401_F04_e01,20250721_chem5_28C_T01_1401_F04,1,eval
20260324_cep290_24hpf_plate02_B08_e01,20260324_cep290_24hpf_plate02_B08,1,eval
20250622_chem_28C_T00_1425_C12_e01,20250622_chem_28C_T00_1425_C12,1,eval
20240813_24hpf_F04_e01,20240813_24hpf_F04,1,eval
20240522_E09_e02,20240522_E09,95,eval
20260219_C02_e02,20260219_C02,177,eval
20230629_A01_e02,20230629_A01,42,eval
20240418_D12_e01,20240418_D12,46,eval
20240813_30hpf_B02_e01,20240813_30hpf_B02,1,eval
20260122_C11_e04,20260122_C11,83,eval
20251017_part2_E06_e01,20251017_part2_E06,63,eval
20260418_irx_pilot_B11_e04,20260418_irx_pilot_B11,78,eval
20260219_F02_e01,20260219_F02,177,eval
20250612_24hpf_wfs1_ctcf_E05_e01,20250612_24hpf_wfs1_ctcf_E05,1,eval
20231110_H10_e01,20231110_H10,64,eval
20250716_chem4_28C_T00_1158_D01_e01,20250716_chem4_28C_T00_1158_D01,1,eval
20241023_F02_e01,20241023_F02,43,eval
20250624_chem02_34C_T00_1243_D01_e01,20250624_chem02_34C_T00_1243_D01,1,eval
20260418_irx_pilot_E03_e01,20260418_irx_pilot_E03,78,eval
20251112_D12_e02,20251112_D12,49,eval
20240418_D06_e01,20240418_D06,46,eval
20240626_E12_e01,20240626_E12,112,eval
20240509_18ss_E03_e01,20240509_18ss_E03,1,eval
20260724_hotfish_36hpf_plate01_C12_e01,20260724_hotfish_36hpf_plate01_C12,1,eval
20250612_30hpf_wfs1_ctcf_E05_e01,20250612_30hpf_wfs1_ctcf_E05,1,eval
20250612_30hpf_wfs1_ctcf_D05_e01,20250612_30hpf_wfs1_ctcf_D05,1,eval
20260414_b9d2_14hpf_plate01_C09_e01,20260414_b9d2_14hpf_plate01_C09,1,eval
20251207_pbx_H03_e02,20251207_pbx_H03,20,eval
20240404_F05_e02,20240404_F05,35,eval
20250612_30hpf_wfs1_ctcf_D01_e01,20250612_30hpf_wfs1_ctcf_D01,1,eval
20230602_E11_e01,20230602_E11,97,eval
20250519_E06_e01,20250519_E06,51,eval
20260213_B08_e01,20260213_B08,139,eval
20250519_G01_e01,20250519_G01,51,eval
20230620_D04_e01,20230620_D04,88,eval
20260122_B08_e01,20260122_B08,104,eval
20250622_chem_34C_T01_1632_E08_e01,20250622_chem_34C_T01_1632_E08,1,eval
20250625_chem02_28C_T02_1332_F05_e01,20250625_chem02_28C_T02_1332_F05,1,eval
20240718_G05_e01,20240718_G05,1,eval
20250623_chem_28C_T02_1259_E08_e01,20250623_chem_28C_T02_1259_E08,1,eval
20251205_E04_e01,20251205_E04,115,eval
20260324_cep290_24hpf_plate01_H10_e01,20260324_cep290_24hpf_plate01_H10,1,eval
20260324_cep290_30hpf_plate01_H05_e01,20260324_cep290_30hpf_plate01_H05,1,eval
20231110_F08_e01,20231110_F08,64,eval
20260122_E02_e01,20260122_E02,104,eval
20260122_G10_e03,20260122_G10,104,eval
20260213_H07_e02,20260213_H07,126,eval
20250622_chem_35C_T01_1605_H04_e02,20250622_chem_35C_T01_1605_H04,1,eval
20240718_B07_e01,20240718_B07,1,eval
20250126_F02_e01,20250126_F02,71,eval
20250501_C05_e01,20250501_C05,176,eval
20260324_cep290_24hpf_plate02_A07_e01,20260324_cep290_24hpf_plate02_A07,1,eval
20230627_C11_e01,20230627_C11,45,eval
20260331_b9d2_18hpf_plate02_C02_e01,20260331_b9d2_18hpf_plate02_C02,1,eval
20241023_F12_e01,20241023_F12,43,eval
20260319_H07_e01,20260319_H07,105,eval
20240510_B04_e01,20240510_B04,1,eval
20260415_b9d2_30to48hpf_plate01_t02_F12_e01,20260415_b9d2_30to48hpf_plate01_t02_F12,1,eval
20250912_G04_e02,20250912_G04,113,eval
20250612_24hpf_wfs1_ctcf_F04_e01,20250612_24hpf_wfs1_ctcf_F04,1,eval
20230602_F05_e01,20230602_F05,97,eval
20260331_b9d2_18hpf_plate02_C07_e01,20260331_b9d2_18hpf_plate02_C07,1,eval
20260416_cep290_30to48hpf_plate01_t02_E12_e01,20260416_cep290_30to48hpf_plate01_t02_E12,1,eval
20250415_C04_e01,20250415_C04,39,eval
20260213_C09_e01,20260213_C09,139,eval
20231218_E04_e01,20231218_E04,34,eval
20230627_D01_e01,20230627_D01,45,eval
20251125_G09_e01,20251125_G09,231,eval
20250716_chem4_28C_T01_1400_A10_e01,20250716_chem4_28C_T01_1400_A10,1,eval
20260122_G05_e01,20260122_G05,104,eval
20250612_30hpf_ctrl_atf6_C05_e01,20250612_30hpf_ctrl_atf6_C05,1,eval
20250612_36hpf_ctrl_atf6_F05_e01,20250612_36hpf_ctrl_atf6_F05,1,eval
20260414_b9d2_30hpf_plate02_H04_e02,20260414_b9d2_30hpf_plate02_H04,1,eval
20250623_chem_34C_T02_1231_A08_e01,20250623_chem_34C_T02_1231_A08,1,eval
20250515_part2_E07_e01,20250515_part2_E07,27,eval
20260418_irx_pilot_A09_e03,20260418_irx_pilot_A09,78,eval
20250612_36hpf_ctrl_atf6_A05_e01,20250612_36hpf_ctrl_atf6_A05,1,eval
20260415_cep290_30to48hpf_plate02_t01_F06_e01,20260415_cep290_30to48hpf_plate02_t01_F06,1,eval
20240718_E10_e01,20240718_E10,1,eval
20250623_chem_28C_T02_1259_H05_e02,20250623_chem_28C_T02_1259_H05,1,eval
20250703_chem3_34C_T00_1131_E01_e01,20250703_chem3_34C_T00_1131_E01,1,eval
20250625_chem02_28C_T02_1332_B10_e01,20250625_chem02_28C_T02_1332_B10,1,eval
20250624_chem02_28C_T00_1356_C06_e01,20250624_chem02_28C_T00_1356_C06,1,eval
20260415_cep290_30to48hpf_plate02_t01_G05_e01,20260415_cep290_30to48hpf_plate02_t01_G05,1,eval
20260324_cep290_24hpf_plate02_C03_e01,20260324_cep290_24hpf_plate02_C03,1,eval
20260210_G12_e01,20260210_G12,161,eval
20260702_hotchem_24hpf_plate02_E05_e01,20260702_hotchem_24hpf_plate02_E05,1,eval
20241022_B09_e01,20241022_B09,37,eval
20230602_B05_e01,20230602_B05,90,eval
20250711_E03_e01,20250711_E03,179,eval
20260228_D11_e01,20260228_D11,151,eval
20250721_chem5_35C_T00_1023_G11_e01,20250721_chem5_35C_T00_1023_G11,1,eval
20260702_hotchem_30hpf_plate01_C05_e01,20260702_hotchem_30hpf_plate01_C05,1,eval
20250711_F07_e01,20250711_F07,179,eval
20240726_A01_e01,20240726_A01,1,eval
20260415_cep290_30to48hpf_plate02_t01_G02_e02,20260415_cep290_30to48hpf_plate02_t01_G02,1,eval
20251020_A09_e01,20251020_A09,31,eval
20260417_irx_pilot_G08_e01,20260417_irx_pilot_G08,27,eval
20251207_pbx_D10_e02,20251207_pbx_D10,132,eval
20260414_b9d2_30hpf_plate01_H04_e01,20260414_b9d2_30hpf_plate01_H04,1,eval
20260306_H01_e01,20260306_H01,186,eval
20260319_C03_e01,20260319_C03,105,eval
20260331_b9d2_18hpf_plate02_G06_e01,20260331_b9d2_18hpf_plate02_G06,1,eval
20250721_chem5_28C_T01_1401_D11_e01,20250721_chem5_28C_T01_1401_D11,1,eval
20240718_H06_e01,20240718_H06,1,eval
20250623_chem_34C_T02_1231_E08_e01,20250623_chem_34C_T02_1231_E08,1,eval
20250721_chem5_35C_T00_1023_C07_e01,20250721_chem5_35C_T00_1023_C07,1,eval
20260324_cep290_24hpf_plate01_G12_e01,20260324_cep290_24hpf_plate01_G12,1,eval
20250912_F12_e02,20250912_F12,113,eval
20250612_24hpf_wfs1_ctcf_A01_e01,20250612_24hpf_wfs1_ctcf_A01,1,eval
20251020_G02_e01,20251020_G02,57,eval
20260702_hotchem_30hpf_plate02_F12_e01,20260702_hotchem_30hpf_plate02_F12,1,eval
20260418_irx_pilot_C08_e01,20260418_irx_pilot_C08,78,eval
20240717_G01_e01,20240717_G01,1,eval
20240726_E03_e01,20240726_E03,1,eval
20240411_B07_e01,20240411_B07,48,eval
20251205_F11_e01,20251205_F11,115,eval
20260414_b9d2_14hpf_plate01_A09_e01,20260414_b9d2_14hpf_plate01_A09,1,eval
20250415_C03_e01,20250415_C03,39,eval
20250512_H12_e01,20250512_H12,195,eval
20240530_H06_e02,20240530_H06,81,eval
20260724_hotfish_24hpf_plate01_H03_e01,20260724_hotfish_24hpf_plate01_H03,1,eval
20260702_hotchem_36hpf_plate02_H06_e01,20260702_hotchem_36hpf_plate02_H06,1,eval
20240626_F08_e01,20240626_F08,112,eval
20250612_30hpf_wfs1_ctcf_F08_e01,20250612_30hpf_wfs1_ctcf_F08,1,eval
20260414_b9d2_30hpf_plate02_C05_e01,20260414_b9d2_30hpf_plate02_C05,1,eval
20240510_B02_e01,20240510_B02,1,eval
20260414_b9d2_14hpf_plate01_C08_e01,20260414_b9d2_14hpf_plate01_C08,1,eval
20240522_F02_e01,20240522_F02,95,eval
20260228_A11_e01,20260228_A11,151,eval
20250612_30hpf_ctrl_atf6_D07_e01,20250612_30hpf_ctrl_atf6_D07,1,eval
20251112_G04_e01,20251112_G04,49,eval
20240812_F06_e01,20240812_F06,75,eval
20260702_hotchem_36hpf_plate02_A03_e01,20260702_hotchem_36hpf_plate02_A03,1,eval
20260418_irx_pilot_G07_e04,20260418_irx_pilot_G07,78,eval
20250721_chem5_35C_T00_1023_B05_e01,20250721_chem5_35C_T00_1023_B05,1,eval
20250721_chem5_35C_T00_1023_B11_e01,20250721_chem5_35C_T00_1023_B11,1,eval
20250624_chem02_28C_T01_1808_E07_e01,20250624_chem02_28C_T01_1808_E07,1,eval
20251017_part1_D06_e01,20251017_part1_D06,65,eval
20250501_C08_e01,20250501_C08,176,eval
20251212_A06_e01,20251212_A06,115,eval
20260724_hotfish_30hpf_plate02_E06_e01,20260724_hotfish_30hpf_plate02_E06,1,eval
20250625_chem02_34C_T02_1301_B11_e01,20250625_chem02_34C_T02_1301_B11,1,eval
20260306_A04_e03,20260306_A04,159,eval
20230613_D06_e01,20230613_D06,66,eval
20260219_F01_e01,20260219_F01,177,eval
20250612_30hpf_ctrl_atf6_E08_e01,20250612_30hpf_ctrl_atf6_E08,1,eval
20240812_H11_e01,20240812_H11,75,eval
20250512_D12_e01,20250512_D12,195,eval
20250912_H05_e01,20250912_H05,113,eval
20250703_chem3_35C_T01_1437_A07_e01,20250703_chem3_35C_T01_1437_A07,1,eval
20250711_G08_e01,20250711_G08,179,eval
20250622_chem_35C_T00_1223_check_C05_e01,20250622_chem_35C_T00_1223_check_C05,1,eval
20230627_C08_e01,20230627_C08,45,eval
20230622_C04_e01,20230622_C04,43,eval
20231206_G08_e01,20231206_G08,59,eval
20250703_chem3_35C_T01_1437_D01_e01,20250703_chem3_35C_T01_1437_D01,1,eval
20230613_D07_e02,20230613_D07,66,eval
20250622_chem_34C_T01_1632_E01_e01,20250622_chem_34C_T01_1632_E01,1,eval
20230615_D07_e01,20230615_D07,50,eval
20260702_hotchem_30hpf_plate02_G12_e01,20260702_hotchem_30hpf_plate02_G12,1,eval
20250612_30hpf_ctrl_atf6_E02_e01,20250612_30hpf_ctrl_atf6_E02,1,eval
20230627_F04_e01,20230627_F04,45,eval
20260219_E07_e04,20260219_E07,177,eval
20240522_H08_e01,20240522_H08,95,eval
20250622_chem_34C_T01_1632_H05_e01,20250622_chem_34C_T01_1632_H05,1,eval
20250721_chem5_35C_T00_1023_G12_e01,20250721_chem5_35C_T00_1023_G12,1,eval
20240813_30hpf_E06_e01,20240813_30hpf_E06,1,eval
20251112_E01_e01,20251112_E01,49,eval
20260213_B11_e01,20260213_B11,139,eval
20260724_hotfish_24hpf_plate01_G10_e01,20260724_hotfish_24hpf_plate01_G10,1,eval
20260324_cep290_24hpf_plate02_A05_e01,20260324_cep290_24hpf_plate02_A05,1,eval
20260122_C05_e01,20260122_C05,104,eval
20260418_irx_pilot_D11_e02,20260418_irx_pilot_D11,78,eval
20250305_F01_e01,20250305_F01,340,eval
20260324_cep290_30hpf_plate02_F07_e01,20260324_cep290_30hpf_plate02_F07,1,eval
20260202_A04_e05,20260202_A04,71,eval
20260702_hotchem_30hpf_plate01_F02_e01,20260702_hotchem_30hpf_plate01_F02,1,eval
20240813_30hpf_D07_e01,20240813_30hpf_D07,1,eval
20240626_F12_e01,20240626_F12,112,eval
20260702_hotchem_36hpf_plate02_H07_e01,20260702_hotchem_36hpf_plate02_H07,1,eval
20250716_chem4_34C_T00_1014_A06_e01,20250716_chem4_34C_T00_1014_A06,1,eval
20240718_G07_e01,20240718_G07,1,eval
20250624_chem02_35C_T01_1711_C10_e01,20250624_chem02_35C_T01_1711_C10,1,eval
20260414_b9d2_30hpf_plate02_G04_e01,20260414_b9d2_30hpf_plate02_G04,1,eval
20250512_A03_e01,20250512_A03,195,eval
20230615_F08_e01,20230615_F08,50,eval
20240530_C05_e02,20240530_C05,81,eval
20251207_pbx_B02_e01,20251207_pbx_B02,132,eval
20260319_cilia_crispant_24hpf_E03_e01,20260319_cilia_crispant_24hpf_E03,1,eval
20250703_chem3_34C_T01_1457_B01_e01,20250703_chem3_34C_T01_1457_B01,1,eval
20260414_b9d2_30hpf_plate01_C10_e01,20260414_b9d2_30hpf_plate01_C10,1,eval
20260416_cep290_30to48hpf_plate01_t02_C12_e01,20260416_cep290_30to48hpf_plate01_t02_C12,1,eval
20231206_F02_e02,20231206_F02,59,eval
20251112_C02_e03,20251112_C02,33,eval
20250515_part2_E11_e01,20250515_part2_E11,27,eval
20250624_chem02_35C_T00_1216_H05_e01,20250624_chem02_35C_T00_1216_H05,1,eval
20260724_hotfish_30hpf_plate02_E01_e01,20260724_hotfish_30hpf_plate02_E01,1,eval
20250622_chem_34C_T00_1256_B10_e01,20250622_chem_34C_T00_1256_B10,1,eval
20240530_F08_e01,20240530_F08,81,eval
20251212_D01_e01,20251212_D01,115,eval
20230531_B11_e01,20230531_B11,66,eval
20230613_E08_e01,20230613_E08,65,eval
20240717_H07_e01,20240717_H07,1,eval
20231110_H04_e01,20231110_H04,64,eval
20260228_A04_e02,20260228_A04,151,eval
20260122_H11_e01,20260122_H11,104,eval
20260202_A03_e03,20260202_A03,71,eval
20251017_part2_G12_e01,20251017_part2_G12,63,eval
20260202_E09_e01,20260202_E09,71,eval
20260724_hotfish_24hpf_plate01_D07_e01,20260724_hotfish_24hpf_plate01_D07,1,eval
20260415_b9d2_30to48hpf_plate01_t02_G05_e01,20260415_b9d2_30to48hpf_plate01_t02_G05,1,eval
20260414_b9d2_14hpf_plate01_F07_e01,20260414_b9d2_14hpf_plate01_F07,1,eval
20231110_B07_e01,20231110_B07,64,eval
20240626_B06_e01,20240626_B06,112,eval
20240813_30hpf_D04_e01,20240813_30hpf_D04,1,eval
20250716_chem4_35C_T00_1045_C09_e02,20250716_chem4_35C_T00_1045_C09,1,eval
20230615_A03_e01,20230615_A03,50,eval
20240718_F05_e01,20240718_F05,1,eval
20240418_H08_e04,20240418_H08,46,eval
20240418_A11_e01,20240418_A11,46,eval
20260416_cep290_30to48hpf_plate01_t02_E10_e01,20260416_cep290_30to48hpf_plate01_t02_E10,1,eval
20250215_E11_e01,20250215_E11,78,eval
20250612_36hpf_wfs1_ctcf_F05_e01,20250612_36hpf_wfs1_ctcf_F05,1,eval
20251017_part2_H07_e01,20251017_part2_H07,63,eval
20260319_cilia_crispant_24hpf_B02_e02,20260319_cilia_crispant_24hpf_B02,1,eval
20250625_chem02_35C_T02_1228_C11_e01,20250625_chem02_35C_T02_1228_C11,1,eval
20250415_C10_e01,20250415_C10,39,eval
20250515_part2_F08_e01,20250515_part2_F08,27,eval
20250624_chem02_34C_T01_1739_E05_e01,20250624_chem02_34C_T01_1739_E05,1,eval
20231218_E03_e01,20231218_E03,34,eval
20250622_chem_35C_T01_1605_E06_e02,20250622_chem_35C_T01_1605_E06,1,eval
20250126_G02_e01,20250126_G02,71,eval
20250622_chem_35C_T00_1223_check_H03_e02,20250622_chem_35C_T00_1223_check_H03,1,eval
20250624_chem02_28C_T01_1808_D08_e01,20250624_chem02_28C_T01_1808_D08,1,eval
20250716_chem4_28C_T01_1400_H12_e01,20250716_chem4_28C_T01_1400_H12,1,eval
20251121_E10_e01,20251121_E10,173,eval
20260702_hotchem_30hpf_plate02_D05_e01,20260702_hotchem_30hpf_plate02_D05,1,eval
20251121_B05_e03,20251121_B05,171,eval
20260418_irx_pilot_B02_e02,20260418_irx_pilot_B02,78,eval
20250126_F04_e01,20250126_F04,71,eval
20260213_D04_e02,20260213_D04,139,eval
20250624_chem02_34C_T00_1243_A07_e01,20250624_chem02_34C_T00_1243_A07,1,eval
20260319_cilia_crispant_24hpf_A08_e01,20260319_cilia_crispant_24hpf_A08,1,eval
20250622_chem_35C_T01_1605_C08_e01,20250622_chem_35C_T01_1605_C08,1,eval
20250622_chem_35C_T01_1605_E08_e01,20250622_chem_35C_T01_1605_E08,1,eval
20250625_chem02_34C_T02_1301_A01_e01,20250625_chem02_34C_T02_1301_A01,1,eval
20250721_chem5_28C_T01_1401_A12_e01,20250721_chem5_28C_T01_1401_A12,1,eval
20260304_C10_e02,20260304_C10,192,eval
20230531_G02_e04,20230531_G02,66,eval
20250622_chem_28C_T01_1658_A04_e01,20250622_chem_28C_T01_1658_A04,1,eval
20250624_chem02_34C_T00_1243_B02_e01,20250624_chem02_34C_T00_1243_B02,1,eval
20260416_cep290_30to48hpf_plate01_t02_A04_e01,20260416_cep290_30to48hpf_plate01_t02_A04,1,eval
20230627_E09_e02,20230627_E09,13,eval
20250711_D05_e02,20250711_D05,179,eval
20250622_chem_34C_T00_1256_B06_e01,20250622_chem_34C_T00_1256_B06,1,eval
20260319_cilia_crispant_30hpf_C12_e01,20260319_cilia_crispant_30hpf_C12,1,eval
20250703_chem3_35C_T01_1437_H04_e01,20250703_chem3_35C_T01_1437_H04,1,eval
20240717_B05_e01,20240717_B05,1,eval
20241023_E01_e01,20241023_E01,43,eval
20260122_E06_e01,20260122_E06,104,eval
20240812_F08_e01,20240812_F08,75,eval
20250305_D07_e01,20250305_D07,340,eval
20260702_hotchem_36hpf_plate01_C01_e01,20260702_hotchem_36hpf_plate01_C01,1,eval
20251212_B05_e01,20251212_B05,115,eval
20250624_chem02_34C_T01_1739_A12_e01,20250624_chem02_34C_T01_1739_A12,1,eval
20231218_C09_e01,20231218_C09,34,eval
20250501_H05_e01,20250501_H05,176,eval
20231218_C04_e01,20231218_C04,34,eval
20240626_H05_e01,20240626_H05,112,eval
20260702_hotchem_30hpf_plate02_D07_e01,20260702_hotchem_30hpf_plate02_D07,1,eval
20250622_chem_34C_T00_1256_G10_e01,20250622_chem_34C_T00_1256_G10,1,eval
20250512_E03_e01,20250512_E03,195,eval
20240411_H08_e01,20240411_H08,48,eval
20250721_chem5_28C_T01_1401_A06_e01,20250721_chem5_28C_T01_1401_A06,1,eval
20231206_C04_e02,20231206_C04,52,eval
20230602_D08_e01,20230602_D08,97,eval
20251205_A04_e01,20251205_A04,115,eval
20250624_chem02_28C_T01_1808_A04_e01,20250624_chem02_28C_T01_1808_A04,1,eval
20251207_pbx_G08_e01,20251207_pbx_G08,132,eval
20251017_part1_A05_e01,20251017_part1_A05,65,eval
20260417_irx_pilot_H08_e01,20260417_irx_pilot_H08,27,eval
20260122_F01_e01,20260122_F01,104,eval
20251017_part2_F08_e01,20251017_part2_F08,42,eval
20240522_E04_e01,20240522_E04,95,eval
20260414_b9d2_30hpf_plate01_A10_e01,20260414_b9d2_30hpf_plate01_A10,1,eval
20250716_chem4_34C_T00_1014_B11_e01,20250716_chem4_34C_T00_1014_B11,1,eval
20250623_chem_34C_T02_1231_D09_e02,20250623_chem_34C_T02_1231_D09,1,eval
20250625_chem02_35C_T02_1228_B01_e02,20250625_chem02_35C_T02_1228_B01,1,eval
20251207_pbx_D07_e01,20251207_pbx_D07,132,eval
20250425_A02_e01,20250425_A02,118,eval
20250703_chem3_34C_T00_1131_C02_e01,20250703_chem3_34C_T00_1131_C02,1,eval
20260702_hotchem_36hpf_plate01_E04_e01,20260702_hotchem_36hpf_plate01_E04,1,eval
20260228_A03_e01,20260228_A03,151,eval
20251017_part1_B07_e01,20251017_part1_B07,65,eval
20260702_hotchem_30hpf_plate01_H04_e01,20260702_hotchem_30hpf_plate01_H04,1,eval
20251121_B07_e01,20251121_B07,172,eval
20260202_E05_e02,20260202_E05,71,eval
20250612_36hpf_wfs1_ctcf_A04_e01,20250612_36hpf_wfs1_ctcf_A04,1,eval
20240626_C10_e01,20240626_C10,112,eval
20260702_hotchem_24hpf_plate02_D06_e01,20260702_hotchem_24hpf_plate02_D06,1,eval
20250612_24hpf_ctrl_atf6_E07_e01,20250612_24hpf_ctrl_atf6_E07,1,eval
20260304_B08_e01,20260304_B08,192,eval
20250612_24hpf_ctrl_atf6_G10_e01,20250612_24hpf_ctrl_atf6_G10,1,eval
20260702_hotchem_24hpf_plate02_C01_e01,20260702_hotchem_24hpf_plate02_C01,1,eval
20250415_D06_e01,20250415_D06,39,eval
20260306_A09_e02,20260306_A09,185,eval
20260417_irx_pilot_G06_e04,20260417_irx_pilot_G06,27,eval
20260319_cilia_crispant_18hpf_B02_e01,20260319_cilia_crispant_18hpf_B02,1,eval
20240813_24hpf_A03_e01,20240813_24hpf_A03,1,eval
20251207_pbx_G02_e02,20251207_pbx_G02,132,eval
20250622_chem_34C_T00_1256_B01_e01,20250622_chem_34C_T00_1256_B01,1,eval
20240411_D10_e01,20240411_D10,48,eval
20260724_hotfish_36hpf_plate01_D11_e01,20260724_hotfish_36hpf_plate01_D11,1,eval
20260417_irx_pilot_G02_e02,20260417_irx_pilot_G02,27,eval
20250624_chem02_28C_T01_1808_D12_e01,20250624_chem02_28C_T01_1808_D12,1,eval
20260724_hotfish_24hpf_plate01_A08_e01,20260724_hotfish_24hpf_plate01_A08,1,eval
20250612_24hpf_ctrl_atf6_D10_e01,20250612_24hpf_ctrl_atf6_D10,1,eval
20260418_irx_pilot_A12_e01,20260418_irx_pilot_A12,78,eval
20240404_G09_e01,20240404_G09,35,eval
20260417_irx_pilot_B05_e02,20260417_irx_pilot_B05,27,eval
20260418_irx_pilot_F10_e01,20260418_irx_pilot_F10,78,eval
20251207_pbx_C10_e01,20251207_pbx_C10,128,eval
20240418_C01_e01,20240418_C01,46,test
20260702_hotchem_24hpf_plate02_F02_e01,20260702_hotchem_24hpf_plate02_F02,1,test
20260219_H01_e01,20260219_H01,177,test
20260324_cep290_30hpf_plate02_H01_e01,20260324_cep290_30hpf_plate02_H01,1,test
20251212_A11_e01,20251212_A11,115,test
20231206_B08_e01,20231206_B08,59,test
20260324_cep290_30hpf_plate01_E12_e01,20260324_cep290_30hpf_plate01_E12,1,test
20250721_chem5_28C_T01_1401_B09_e01,20250721_chem5_28C_T01_1401_B09,1,test
20230831_F07_e01,20230831_F07,1,test
20260219_H07_e02,20260219_H07,177,test
20250721_chem5_28C_T01_1401_C12_e02,20250721_chem5_28C_T01_1401_C12,1,test
20260319_cilia_crispant_30hpf_A09_e02,20260319_cilia_crispant_30hpf_A09,1,test
20250623_chem_34C_T02_1231_G06_e02,20250623_chem_34C_T02_1231_G06,1,test
20250624_chem02_35C_T00_1216_C02_e01,20250624_chem02_35C_T00_1216_C02,1,test
20260702_hotchem_36hpf_plate02_E12_e01,20260702_hotchem_36hpf_plate02_E12,1,test
20260324_cep290_30hpf_plate01_A12_e01,20260324_cep290_30hpf_plate01_A12,1,test
20260724_hotfish_24hpf_plate01_G05_e01,20260724_hotfish_24hpf_plate01_G05,1,test
20260702_hotchem_24hpf_plate01_F07_e01,20260702_hotchem_24hpf_plate01_F07,1,test
20250716_chem4_35C_T00_1045_A07_e01,20250716_chem4_35C_T00_1045_A07,1,test
20250912_E06_e02,20250912_E06,113,test
20240813_24hpf_H04_e01,20240813_24hpf_H04,1,test
20260306_E01_e01,20260306_E01,186,test
20250716_chem4_35C_T00_1045_H11_e01,20250716_chem4_35C_T00_1045_H11,1,test
20260228_F05_e02,20260228_F05,128,test
20250711_A03_e01,20250711_A03,179,test
20260122_D02_e01,20260122_D02,104,test
20251017_part2_A12_e03,20251017_part2_A12,63,test
20260416_cep290_30to48hpf_plate01_t02_F09_e01,20260416_cep290_30to48hpf_plate01_t02_F09,1,test
20260306_G11_e01,20260306_G11,186,test
20240718_E05_e01,20240718_E05,1,test
20240404_F12_e01,20240404_F12,35,test
20231110_F07_e01,20231110_F07,64,test
20260724_hotfish_30hpf_plate02_F02_e02,20260724_hotfish_30hpf_plate02_F02,1,test
20260319_cilia_crispant_30hpf_A05_e02,20260319_cilia_crispant_30hpf_A05,1,test
20240717_F03_e01,20240717_F03,1,test
20260414_b9d2_14hpf_plate01_H08_e01,20260414_b9d2_14hpf_plate01_H08,1,test
20240418_F11_e03,20240418_F11,46,test
20240626_E10_e01,20240626_E10,112,test
20260414_b9d2_14hpf_plate01_A03_e01,20260414_b9d2_14hpf_plate01_A03,1,test
20250716_chem4_35C_T00_1045_A02_e01,20250716_chem4_35C_T00_1045_A02,1,test
20240718_H02_e01,20240718_H02,1,test
20230629_B10_e01,20230629_B10,41,test
20260415_cep290_18hpf_plate03_D03_e01,20260415_cep290_18hpf_plate03_D03,1,test
20240418_H01_e01,20240418_H01,46,test
20251017_part2_B07_e01,20251017_part2_B07,63,test
20260416_cep290_30to48hpf_plate01_t02_A12_e01,20260416_cep290_30to48hpf_plate01_t02_A12,1,test
20260418_irx_pilot_A04_e01,20260418_irx_pilot_A04,78,test
20250612_36hpf_wfs1_ctcf_A01_e01,20250612_36hpf_wfs1_ctcf_A01,1,test
20260228_C12_e01,20260228_C12,151,test
20250912_H05_e02,20250912_H05,113,test
20260213_F09_e01,20260213_F09,139,test
20260324_cep290_30hpf_plate01_B09_e01,20260324_cep290_30hpf_plate01_B09,1,test
20260213_B07_e02,20260213_B07,139,test
20250716_chem4_28C_T00_1158_B05_e01,20250716_chem4_28C_T00_1158_B05,1,test
20251020_H11_e01,20251020_H11,57,test
20250622_chem_35C_T00_1223_check_H06_e01,20250622_chem_35C_T00_1223_check_H06,1,test
20250721_chem5_35C_T00_1023_E11_e02,20250721_chem5_35C_T00_1023_E11,1,test
20260415_cep290_18hpf_plate03_E05_e01,20260415_cep290_18hpf_plate03_E05,1,test
20250612_36hpf_wfs1_ctcf_A06_e01,20250612_36hpf_wfs1_ctcf_A06,1,test
20250623_chem_34C_T02_1231_G03_e01,20250623_chem_34C_T02_1231_G03,1,test
20240725_A07_e01,20240725_A07,1,test
20260213_A05_e01,20260213_A05,139,test
20251125_G02_e01,20251125_G02,231,test
20260418_irx_pilot_G07_e02,20260418_irx_pilot_G07,78,test
20260319_cilia_crispant_18hpf_A04_e01,20260319_cilia_crispant_18hpf_A04,1,test
20260414_b9d2_30hpf_plate02_H01_e01,20260414_b9d2_30hpf_plate02_H01,1,test
20251121_D02_e01,20251121_D02,172,test
20260324_cep290_24hpf_plate02_F01_e01,20260324_cep290_24hpf_plate02_F01,1,test
20250623_chem_34C_T02_1231_B08_e01,20250623_chem_34C_T02_1231_B08,1,test
20260415_cep290_30to48hpf_plate02_t01_C07_e01,20260415_cep290_30to48hpf_plate02_t01_C07,1,test
20250624_chem02_28C_T00_1356_F07_e01,20250624_chem02_28C_T00_1356_F07,1,test
20250721_chem5_35C_T00_1023_D09_e01,20250721_chem5_35C_T00_1023_D09,1,test
20250703_chem3_34C_T01_1457_C07_e01,20250703_chem3_34C_T01_1457_C07,1,test
20240306_F04_e01,20240306_F04,132,test
20250612_30hpf_wfs1_ctcf_A06_e01,20250612_30hpf_wfs1_ctcf_A06,1,test
20260702_hotchem_30hpf_plate02_B12_e01,20260702_hotchem_30hpf_plate02_B12,1,test
20241022_E04_e01,20241022_E04,37,test
20250415_E05_e01,20250415_E05,39,test
20260414_b9d2_14hpf_plate01_A01_e01,20260414_b9d2_14hpf_plate01_A01,1,test
20260202_C06_e03,20260202_C06,71,test
20260415_cep290_30to48hpf_plate02_t01_G09_e02,20260415_cep290_30to48hpf_plate02_t01_G09,1,test
20260324_cep290_24hpf_plate01_B02_e02,20260324_cep290_24hpf_plate01_B02,1,test
20260319_B01_e02,20260319_B01,105,test
20231218_D02_e01,20231218_D02,34,test
20240509_C07_e01,20240509_C07,41,test
20260418_irx_pilot_C10_e01,20260418_irx_pilot_C10,78,test
20230602_C10_e02,20230602_C10,98,test
20260417_irx_pilot_C08_e01,20260417_irx_pilot_C08,27,test
20260415_cep290_18hpf_plate03_C05_e02,20260415_cep290_18hpf_plate03_C05,1,test
20250623_chem_34C_T02_1231_C12_e01,20250623_chem_34C_T02_1231_C12,1,test
20250912_G05_e01,20250912_G05,113,test
20250305_H02_e01,20250305_H02,340,test
20260702_hotchem_30hpf_plate02_A03_e01,20260702_hotchem_30hpf_plate02_A03,1,test
20250622_chem_34C_T01_1632_G06_e01,20250622_chem_34C_T01_1632_G06,1,test
20250612_36hpf_ctrl_atf6_B07_e01,20250612_36hpf_ctrl_atf6_B07,1,test
20230531_D11_e02,20230531_D11,66,test
20250623_chem_28C_T02_1259_A02_e01,20250623_chem_28C_T02_1259_A02,1,test
20251017_part2_E01_e02,20251017_part2_E01,63,test
20260219_C04_e02,20260219_C04,177,test
20230602_A02_e01,20230602_A02,98,test
20250623_chem_28C_T02_1259_H02_e01,20250623_chem_28C_T02_1259_H02,1,test
20260213_F01_e01,20260213_F01,139,test
20260319_cilia_crispant_18hpf_B01_e01,20260319_cilia_crispant_18hpf_B01,1,test
20260219_C06_e01,20260219_C06,177,test
20240509_24hpf_E04_e01,20240509_24hpf_E04,1,test
20230622_A09_e02,20230622_A09,44,test
20260331_b9d2_18hpf_plate02_H08_e01,20260331_b9d2_18hpf_plate02_H08,1,test
20260213_D03_e01,20260213_D03,139,test
20240307_A01_e01,20240307_A01,44,test
20260702_hotchem_30hpf_plate02_E04_e04,20260702_hotchem_30hpf_plate02_E04,1,test
20260228_C05_e01,20260228_C05,151,test
20240404_C12_e01,20240404_C12,35,test
20250612_36hpf_ctrl_atf6_G05_e01,20250612_36hpf_ctrl_atf6_G05,1,test
20250622_chem_28C_T01_1658_D05_e01,20250622_chem_28C_T01_1658_D05,1,test
20250425_A03_e02,20250425_A03,118,test
20260415_cep290_18hpf_plate03_F02_e02,20260415_cep290_18hpf_plate03_F02,1,test
20260208_B07_e01,20260208_B07,321,test
20230627_A05_e01,20230627_A05,45,test
20260724_hotfish_30hpf_plate02_E02_e02,20260724_hotfish_30hpf_plate02_E02,1,test
20260306_A01_e04,20260306_A01,186,test
20230627_B05_e01,20230627_B05,45,test
20260304_G08_e01,20260304_G08,192,test
20250624_chem02_28C_T00_1356_C11_e01,20250624_chem02_28C_T00_1356_C11,1,test
20251205_A08_e01,20251205_A08,115,test
20240404_F09_e01,20240404_F09,35,test
20240411_A08_e01,20240411_A08,48,test
20260202_C01_e02,20260202_C01,71,test
20250625_chem02_28C_T02_1332_E01_e01,20250625_chem02_28C_T02_1332_E01,1,test
20231110_H09_e01,20231110_H09,64,test
20260304_B05_e01,20260304_B05,192,test
20260206_B02_e01,20260206_B02,150,test
20260219_A03_e02,20260219_A03,161,test
20250612_36hpf_ctrl_atf6_D06_e01,20250612_36hpf_ctrl_atf6_D06,1,test
20260324_cep290_30hpf_plate02_A01_e01,20260324_cep290_30hpf_plate02_A01,1,test
20231218_F09_e01,20231218_F09,34,test
20250625_chem02_34C_T02_1301_B03_e01,20250625_chem02_34C_T02_1301_B03,1,test
20260319_cilia_crispant_18hpf_C06_e01,20260319_cilia_crispant_18hpf_C06,1,test
20251112_H10_e01,20251112_H10,49,test
20250623_chem_28C_T02_1259_D02_e01,20250623_chem_28C_T02_1259_D02,1,test
20250519_C01_e01,20250519_C01,51,test
20240724_A06_e01,20240724_A06,1,test
20250721_chem5_28C_T01_1401_E09_e01,20250721_chem5_28C_T01_1401_E09,1,test
20250912_F03_e01,20250912_F03,113,test
20260702_hotchem_36hpf_plate02_B02_e01,20260702_hotchem_36hpf_plate02_B02,1,test
20250624_chem02_28C_T01_1808_E08_e01,20250624_chem02_28C_T01_1808_E08,1,test
20240718_E02_e01,20240718_E02,1,test
20260324_cep290_30hpf_plate01_C04_e01,20260324_cep290_30hpf_plate01_C04,1,test
20250624_chem02_35C_T00_1216_F08_e01,20250624_chem02_35C_T00_1216_F08,1,test
20260702_hotchem_24hpf_plate01_C11_e01,20260702_hotchem_24hpf_plate01_C11,1,test
20250501_G08_e02,20250501_G08,176,test
20260324_cep290_24hpf_plate02_B05_e01,20260324_cep290_24hpf_plate02_B05,1,test
20250624_chem02_35C_T00_1216_D07_e01,20250624_chem02_35C_T00_1216_D07,1,test
20240509_24hpf_C04_e01,20240509_24hpf_C04,1,test
20230622_E04_e01,20230622_E04,43,test
20260415_cep290_30to48hpf_plate02_t01_E07_e01,20260415_cep290_30to48hpf_plate02_t01_E07,1,test
20231218_B01_e01,20231218_B01,34,test
20240307_F07_e01,20240307_F07,44,test
20260417_irx_pilot_G06_e02,20260417_irx_pilot_G06,27,test
20250515_part2_G12_e01,20250515_part2_G12,27,test
20250623_chem_28C_T02_1259_C07_e01,20250623_chem_28C_T02_1259_C07,1,test
20260724_hotfish_30hpf_plate02_B01_e01,20260724_hotfish_30hpf_plate02_B01,1,test
20240626_A10_e02,20240626_A10,112,test
20241023_F01_e01,20241023_F01,43,test
20250703_chem3_35C_T01_1437_B02_e02,20250703_chem3_35C_T01_1437_B02,1,test
20250721_chem5_28C_T01_1401_H11_e02,20250721_chem5_28C_T01_1401_H11,1,test
20260417_irx_pilot_G11_e01,20260417_irx_pilot_G11,27,test
20250501_H12_e01,20250501_H12,176,test
20251119_C03_e01,20251119_C03,348,test
20240530_G01_e01,20240530_G01,81,test
20241023_C06_e01,20241023_C06,43,test
20260417_irx_pilot_D09_e01,20260417_irx_pilot_D09,27,test
20250624_chem02_35C_T01_1711_E05_e01,20250624_chem02_35C_T01_1711_E05,1,test
20250625_chem02_28C_T02_1332_G07_e01,20250625_chem02_28C_T02_1332_G07,1,test
20241022_B07_e01,20241022_B07,37,test
20250623_chem_34C_T02_1231_D04_e01,20250623_chem_34C_T02_1231_D04,1,test
20260319_D05_e01,20260319_D05,105,test
20241023_E12_e02,20241023_E12,43,test
20240718_H12_e01,20240718_H12,1,test
20240812_A09_e01,20240812_A09,75,test
20260213_H08_e02,20260213_H08,139,test
20250703_chem3_28C_T00_1325_E06_e01,20250703_chem3_28C_T00_1325_E06,1,test
20250703_chem3_28C_T00_1325_F02_e01,20250703_chem3_28C_T00_1325_F02,1,test
20250622_chem_28C_T01_1658_A10_e01,20250622_chem_28C_T01_1658_A10,1,test
20250716_chem4_34C_T00_1014_G04_e01,20250716_chem4_34C_T00_1014_G04,1,test
20250721_chem5_28C_T01_1401_D07_e01,20250721_chem5_28C_T01_1401_D07,1,test
20260702_hotchem_24hpf_plate02_B12_e01,20260702_hotchem_24hpf_plate02_B12,1,test
20251125_G03_e01,20251125_G03,231,test
20250215_F11_e01,20250215_F11,78,test
20260417_irx_pilot_A11_e02,20260417_irx_pilot_A11,27,test
20241023_H10_e01,20241023_H10,43,test
20250622_chem_28C_T00_1425_D03_e01,20250622_chem_28C_T00_1425_D03,1,test
20240418_H01_e03,20240418_H01,46,test
20240509_A01_e01,20240509_A01,41,test
20250624_chem02_28C_T01_1808_H06_e01,20250624_chem02_28C_T01_1808_H06,1,test
20240718_A10_e02,20240718_A10,1,test
20260219_F02_e02,20260219_F02,177,test
20260304_F09_e02,20260304_F09,192,test
20260319_cilia_crispant_24hpf_F06_e01,20260319_cilia_crispant_24hpf_F06,1,test
20231206_C06_e01,20231206_C06,59,test
20240418_D01_e01,20240418_D01,46,test
20260702_hotchem_24hpf_plate01_C09_e01,20260702_hotchem_24hpf_plate01_C09,1,test
20250612_30hpf_ctrl_atf6_H03_e01,20250612_30hpf_ctrl_atf6_H03,1,test
20250512_H01_e01,20250512_H01,195,test
20260319_cilia_crispant_30hpf_H03_e01,20260319_cilia_crispant_30hpf_H03,1,test
20240813_24hpf_A07_e01,20240813_24hpf_A07,1,test
20231218_F04_e01,20231218_F04,34,test
20250612_30hpf_wfs1_ctcf_F01_e01,20250612_30hpf_wfs1_ctcf_F01,1,test
20260213_C04_e01,20260213_C04,139,test
20260228_A07_e01,20260228_A07,151,test
20260415_cep290_18hpf_plate03_D02_e01,20260415_cep290_18hpf_plate03_D02,1,test
20231218_H01_e01,20231218_H01,34,test
20251119_E04_e01,20251119_E04,348,test
20250622_chem_35C_T01_1605_D12_e01,20250622_chem_35C_T01_1605_D12,1,test
20231206_F10_e01,20231206_F10,59,test
20250716_chem4_34C_T00_1014_A08_e01,20250716_chem4_34C_T00_1014_A08,1,test
20260304_B10_e01,20260304_B10,192,test
20260319_cilia_crispant_30hpf_D07_e01,20260319_cilia_crispant_30hpf_D07,1,test
20250622_chem_34C_T00_1256_F05_e01,20250622_chem_34C_T00_1256_F05,1,test
20250622_chem_28C_T00_1425_H07_e02,20250622_chem_28C_T00_1425_H07,1,test
20250622_chem_34C_T01_1632_C04_e01,20250622_chem_34C_T01_1632_C04,1,test
20260724_hotfish_36hpf_plate01_G03_e01,20260724_hotfish_36hpf_plate01_G03,1,test
20231218_H04_e01,20231218_H04,34,test
20250305_G08_e01,20250305_G08,340,test
20251017_part1_E05_e01,20251017_part1_E05,65,test
20240812_G07_e01,20240812_G07,75,test
20250622_chem_35C_T01_1605_C03_e01,20250622_chem_35C_T01_1605_C03,1,test
20250711_E10_e01,20250711_E10,179,test
20240404_F06_e01,20240404_F06,35,test
20240306_A04_e01,20240306_A04,132,test
20240418_A05_e01,20240418_A05,46,test
20250622_chem_35C_T00_1223_check_A08_e01,20250622_chem_35C_T00_1223_check_A08,1,test
20250624_chem02_34C_T00_1243_E01_e01,20250624_chem02_34C_T00_1243_E01,1,test
20230620_B09_e01,20230620_B09,88,test
20260414_b9d2_30hpf_plate01_G06_e01,20260414_b9d2_30hpf_plate01_G06,1,test
20230629_G05_e01,20230629_G05,41,test
20251020_C12_e01,20251020_C12,57,test
20250622_chem_28C_T00_1425_E09_e02,20250622_chem_28C_T00_1425_E09,1,test
20260702_hotchem_24hpf_plate01_H05_e01,20260702_hotchem_24hpf_plate01_H05,1,test
20250622_chem_35C_T00_1223_check_A01_e01,20250622_chem_35C_T00_1223_check_A01,1,test
20250501_F10_e01,20250501_F10,176,test
20260219_H05_e01,20260219_H05,177,test
20260418_irx_pilot_H04_e01,20260418_irx_pilot_H04,78,test
20260331_b9d2_18hpf_plate02_H04_e01,20260331_b9d2_18hpf_plate02_H04,1,test
20260202_G07_e01,20260202_G07,71,test
20260702_hotchem_30hpf_plate01_C07_e01,20260702_hotchem_30hpf_plate01_C07,1,test
20260724_hotfish_24hpf_plate01_C12_e01,20260724_hotfish_24hpf_plate01_C12,1,test
20251112_C07_e01,20251112_C07,49,test
20240307_D05_e01,20240307_D05,44,test
20231218_H08_e02,20231218_H08,34,test
20250415_D11_e01,20250415_D11,39,test
20240626_B12_e01,20240626_B12,112,test
20250612_24hpf_wfs1_ctcf_E08_e01,20250612_24hpf_wfs1_ctcf_E08,1,test
20240307_A05_e01,20240307_A05,44,test
20231206_D10_e01,20231206_D10,59,test
20250625_chem02_35C_T02_1228_G02_e01,20250625_chem02_35C_T02_1228_G02,1,test
20251017_part1_G08_e01,20251017_part1_G08,65,test
20250625_chem02_35C_T02_1228_A02_e01,20250625_chem02_35C_T02_1228_A02,1,test
20260319_F01_e02,20260319_F01,105,test
20260724_hotfish_24hpf_plate01_E07_e01,20260724_hotfish_24hpf_plate01_E07,1,test
20250703_chem3_34C_T00_1131_F02_e01,20250703_chem3_34C_T00_1131_F02,1,test
20250912_H01_e01,20250912_H01,113,test
20230627_D12_e01,20230627_D12,45,test
20260208_H11_e02,20260208_H11,321,test
20240530_H05_e02,20240530_H05,81,test
20230602_D01_e01,20230602_D01,97,test
20260319_B01_e01,20260319_B01,105,test
20250711_F08_e01,20250711_F08,179,test
20250305_E02_e01,20250305_E02,340,test
20250612_36hpf_ctrl_atf6_H03_e01,20250612_36hpf_ctrl_atf6_H03,1,test
20260702_hotchem_24hpf_plate01_E01_e01,20260702_hotchem_24hpf_plate01_E01,1,test
20251121_H09_e01,20251121_H09,173,test
20251017_part1_C03_e02,20251017_part1_C03,65,test
20240411_F10_e01,20240411_F10,48,test
20250624_chem02_28C_T01_1808_B08_e01,20250624_chem02_28C_T01_1808_B08,1,test
20250703_chem3_28C_T00_1325_G07_e01,20250703_chem3_28C_T00_1325_G07,1,test
20260414_b9d2_14hpf_plate01_G02_e01,20260414_b9d2_14hpf_plate01_G02,1,test
20260415_cep290_18hpf_plate03_G04_e01,20260415_cep290_18hpf_plate03_G04,1,test
20230620_A03_e01,20230620_A03,89,test
20240509_C12_e01,20240509_C12,41,test
20251205_A07_e01,20251205_A07,115,test
20260306_F03_e01,20260306_F03,186,test
20230629_B12_e01,20230629_B12,41,test
20250624_chem02_35C_T00_1216_D11_e01,20250624_chem02_35C_T00_1216_D11,1,test
20260324_cep290_24hpf_plate01_G04_e01,20260324_cep290_24hpf_plate01_G04,1,test
20230622_A04_e01,20230622_A04,44,test
20250623_chem_28C_T02_1259_A04_e01,20250623_chem_28C_T02_1259_A04,1,test
20250624_chem02_35C_T01_1711_A12_e02,20250624_chem02_35C_T01_1711_A12,1,test
20230531_D05_e01,20230531_D05,66,test
20250703_chem3_35C_T01_1437_C06_e01,20250703_chem3_35C_T01_1437_C06,1,test
20250716_chem4_35C_T00_1045_G02_e01,20250716_chem4_35C_T00_1045_G02,1,test
20230613_B11_e02,20230613_B11,66,test
20260702_hotchem_30hpf_plate01_D02_e01,20260702_hotchem_30hpf_plate01_D02,1,test
20260306_F01_e01,20260306_F01,186,test
20260702_hotchem_24hpf_plate01_A02_e01,20260702_hotchem_24hpf_plate01_A02,1,test
20251017_part2_B04_e01,20251017_part2_B04,63,test
20250305_F12_e02,20250305_F12,340,test
20240510_D03_e01,20240510_D03,1,test
20250612_30hpf_wfs1_ctcf_F04_e01,20250612_30hpf_wfs1_ctcf_F04,1,test
20260202_F10_e03,20260202_F10,71,test
20241022_C02_e01,20241022_C02,37,test
20250126_E08_e01,20250126_E08,71,test
20260210_B08_e01,20260210_B08,161,test
20260319_cilia_crispant_30hpf_A07_e02,20260319_cilia_crispant_30hpf_A07,1,test
20250622_chem_35C_T01_1605_E03_e01,20250622_chem_35C_T01_1605_E03,1,test
20250624_chem02_28C_T00_1356_D08_e01,20250624_chem02_28C_T00_1356_D08,1,test
20231206_E09_e01,20231206_E09,59,test
20250622_chem_28C_T00_1425_D12_e01,20250622_chem_28C_T00_1425_D12,1,test
20231206_G02_e02,20231206_G02,59,test
20260414_b9d2_14hpf_plate01_F06_e03,20260414_b9d2_14hpf_plate01_F06,1,test
20260210_C03_e01,20260210_C03,161,test
20260319_cilia_crispant_30hpf_C05_e01,20260319_cilia_crispant_30hpf_C05,1,test
20251205_C03_e01,20251205_C03,115,test
20240522_D05_e01,20240522_D05,95,test
20260319_cilia_crispant_30hpf_G07_e01,20260319_cilia_crispant_30hpf_G07,1,test
20260319_cilia_crispant_30hpf_H05_e01,20260319_cilia_crispant_30hpf_H05,1,test
20250721_chem5_28C_T01_1401_C01_e01,20250721_chem5_28C_T01_1401_C01,1,test
20250622_chem_35C_T01_1605_G06_e01,20250622_chem_35C_T01_1605_G06,1,test
20260122_D03_e02,20260122_D03,104,test
20250703_chem3_28C_T00_1325_B03_e01,20250703_chem3_28C_T00_1325_B03,1,test
20260324_cep290_24hpf_plate01_H10_e02,20260324_cep290_24hpf_plate01_H10,1,test
20260228_H04_e01,20260228_H04,151,test
20250515_part2_A10_e01,20250515_part2_A10,27,test
20260418_irx_pilot_H09_e02,20260418_irx_pilot_H09,78,test
20250623_chem_28C_T02_1259_E01_e01,20250623_chem_28C_T02_1259_E01,1,test
20260414_b9d2_30hpf_plate01_A09_e01,20260414_b9d2_30hpf_plate01_A09,1,test
20250215_H10_e01,20250215_H10,78,test
20250624_chem02_28C_T00_1356_B10_e01,20250624_chem02_28C_T00_1356_B10,1,test
20250612_24hpf_ctrl_atf6_H03_e01,20250612_24hpf_ctrl_atf6_H03,1,test
20250703_chem3_35C_T00_1101_D03_e01,20250703_chem3_35C_T00_1101_D03,1,test
20251112_C12_e01,20251112_C12,49,test
20230831_F03_e01,20230831_F03,1,test
20251119_A05_e01,20251119_A05,348,test
20240510_A06_e01,20240510_A06,1,test
20260319_cilia_crispant_18hpf_A09_e01,20260319_cilia_crispant_18hpf_A09,1,test
20260416_cep290_30to48hpf_plate02_t02_F01_e01,20260416_cep290_30to48hpf_plate02_t02_F01,1,test
20260702_hotchem_36hpf_plate01_E02_e01,20260702_hotchem_36hpf_plate01_E02,1,test
20260213_G03_e02,20260213_G03,139,test
20250519_E02_e02,20250519_E02,51,test
20260206_B07_e01,20260206_B07,150,test
20250721_chem5_28C_T00_1257_B04_e01,20250721_chem5_28C_T00_1257_B04,1,test
20250519_G10_e01,20250519_G10,51,test
20250126_E09_e01,20250126_E09,71,test
20250716_chem4_35C_T00_1045_B02_e01,20250716_chem4_35C_T00_1045_B02,1,test
20260304_A09_e01,20260304_A09,192,test
20250716_chem4_28C_T00_1158_F09_e01,20250716_chem4_28C_T00_1158_F09,1,test
20250415_H09_e01,20250415_H09,39,test
20250716_chem4_35C_T00_1045_D04_e01,20250716_chem4_35C_T00_1045_D04,1,test
20260202_A06_e03,20260202_A06,71,test
20240404_H05_e01,20240404_H05,35,test
20250519_H04_e01,20250519_H04,51,test
20260415_b9d2_30to48hpf_plate01_t02_E01_e01,20260415_b9d2_30to48hpf_plate01_t02_E01,1,test
20240626_B01_e01,20240626_B01,112,test
20250625_chem02_35C_T02_1228_B08_e01,20250625_chem02_35C_T02_1228_B08,1,test
20251212_B02_e01,20251212_B02,115,test
20260202_B03_e02,20260202_B03,71,test
20250623_chem_34C_T02_1231_H12_e01,20250623_chem_34C_T02_1231_H12,1,test
20230627_E03_e01,20230627_E03,45,test
20260415_cep290_18hpf_plate03_G06_e02,20260415_cep290_18hpf_plate03_G06,1,test
20260208_C02_e01,20260208_C02,321,test
20240718_G03_e01,20240718_G03,1,test
20250624_chem02_34C_T00_1243_H11_e01,20250624_chem02_34C_T00_1243_H11,1,test
20260122_B07_e01,20260122_B07,104,test
20250501_F03_e01,20250501_F03,176,test
20260213_E04_e01,20260213_E04,139,test
20230620_A11_e02,20230620_A11,89,test
20260418_irx_pilot_D05_e01,20260418_irx_pilot_D05,78,test
20230627_F03_e01,20230627_F03,45,test
20250624_chem02_35C_T01_1711_F10_e01,20250624_chem02_35C_T01_1711_F10,1,test
20240530_H07_e01,20240530_H07,81,test
20250624_chem02_35C_T01_1711_A02_e01,20250624_chem02_35C_T01_1711_A02,1,test
20260724_hotfish_30hpf_plate02_A01_e01,20260724_hotfish_30hpf_plate02_A01,1,test
20250622_chem_28C_T01_1658_E01_e01,20250622_chem_28C_T01_1658_E01,1,test
20240813_30hpf_H05_e01,20240813_30hpf_H05,1,test
20230615_C08_e01,20230615_C08,50,test
20250612_24hpf_ctrl_atf6_E11_e01,20250612_24hpf_ctrl_atf6_E11,1,test
20250716_chem4_35C_T00_1045_B04_e01,20250716_chem4_35C_T00_1045_B04,1,test
20240718_A02_e01,20240718_A02,1,test
20240724_G01_e01,20240724_G01,1,test
20240509_B12_e01,20240509_B12,41,test
20260319_cilia_crispant_24hpf_F02_e01,20260319_cilia_crispant_24hpf_F02,1,test
20260304_A07_e01,20260304_A07,192,test
20230531_D02_e02,20230531_D02,66,test
20230620_A10_e01,20230620_A10,89,test
20260416_cep290_30to48hpf_plate01_t02_C06_e01,20260416_cep290_30to48hpf_plate01_t02_C06,1,test
20260228_D05_e01,20260228_D05,151,test
20250721_chem5_28C_T01_1401_G01_e01,20250721_chem5_28C_T01_1401_G01,1,test
20250622_chem_34C_T01_1632_D10_e01,20250622_chem_34C_T01_1632_D10,1,test
20250721_chem5_28C_T00_1257_F11_e01,20250721_chem5_28C_T00_1257_F11,1,test
20260122_D08_e01,20260122_D08,104,test
20250624_chem02_35C_T01_1711_A07_e01,20250624_chem02_35C_T01_1711_A07,1,test
20250415_F03_e02,20250415_F03,39,test
20260202_F04_e01,20260202_F04,71,test
20260418_irx_pilot_G03_e02,20260418_irx_pilot_G03,78,test
20240530_H11_e01,20240530_H11,81,test
20260304_G09_e05,20260304_G09,191,test
20251017_part1_C03_e03,20251017_part1_C03,65,test
20250622_chem_28C_T00_1425_H05_e01,20250622_chem_28C_T00_1425_H05,1,test
20240418_A11_e02,20240418_A11,46,test
20260324_cep290_24hpf_plate01_G10_e01,20260324_cep290_24hpf_plate01_G10,1,test
20260417_irx_pilot_A02_e01,20260417_irx_pilot_A02,27,test
20251020_D05_e01,20251020_D05,57,test
20260324_cep290_30hpf_plate01_E06_e01,20260324_cep290_30hpf_plate01_E06,1,test
20250622_chem_35C_T00_1223_check_G12_e01,20250622_chem_35C_T00_1223_check_G12,1,test
20241022_D11_e01,20241022_D11,37,test
20240718_E12_e01,20240718_E12,1,test
20250703_chem3_34C_T00_1131_D07_e01,20250703_chem3_34C_T00_1131_D07,1,test
20260324_cep290_24hpf_plate01_H08_e01,20260324_cep290_24hpf_plate01_H08,1,test
20260414_b9d2_30hpf_plate01_E12_e01,20260414_b9d2_30hpf_plate01_E12,1,test
20260208_E06_e01,20260208_E06,321,test
20260724_hotfish_30hpf_plate02_D01_e01,20260724_hotfish_30hpf_plate02_D01,1,test
20231218_H07_e01,20231218_H07,34,test
20260324_cep290_30hpf_plate02_E02_e01,20260324_cep290_30hpf_plate02_E02,1,test
20260324_cep290_30hpf_plate01_D05_e01,20260324_cep290_30hpf_plate01_D05,1,test
20260416_cep290_30to48hpf_plate01_t02_H11_e01,20260416_cep290_30to48hpf_plate01_t02_H11,1,test
20250624_chem02_34C_T00_1243_H02_e01,20250624_chem02_34C_T00_1243_H02,1,test
20250622_chem_28C_T00_1425_C07_e01,20250622_chem_28C_T00_1425_C07,1,test
20240725_E01_e01,20240725_E01,1,test
20260122_D12_e02,20260122_D12,104,test
20250512_F12_e02,20250512_F12,194,test
20260306_A01_e01,20260306_A01,186,test
20240718_F08_e01,20240718_F08,1,test
20240725_B06_e01,20240725_B06,1,test
20240530_B03_e01,20240530_B03,81,test
20251017_part1_A06_e01,20251017_part1_A06,65,test
20250716_chem4_28C_T00_1158_A08_e01,20250716_chem4_28C_T00_1158_A08,1,test
20260319_cilia_crispant_24hpf_B07_e01,20260319_cilia_crispant_24hpf_B07,1,test
20250711_D08_e01,20250711_D08,179,test
20250501_E10_e02,20250501_E10,176,test
20250912_E07_e01,20250912_E07,113,test
20260702_hotchem_24hpf_plate02_B08_e01,20260702_hotchem_24hpf_plate02_B08,1,test
20250622_chem_35C_T00_1223_check_F01_e01,20250622_chem_35C_T00_1223_check_F01,1,test
20260724_hotfish_24hpf_plate02_B01_e01,20260724_hotfish_24hpf_plate02_B01,1,test
20260702_hotchem_36hpf_plate02_H03_e01,20260702_hotchem_36hpf_plate02_H03,1,test
20251017_part2_F04_e01,20251017_part2_F04,63,test
20260724_hotfish_36hpf_plate01_G12_e01,20260724_hotfish_36hpf_plate01_G12,1,test
20250703_chem3_34C_T00_1131_H07_e01,20250703_chem3_34C_T00_1131_H07,1,test
20240530_C10_e01,20240530_C10,81,test
20251121_G04_e03,20251121_G04,173,test
20250612_36hpf_ctrl_atf6_B01_e01,20250612_36hpf_ctrl_atf6_B01,1,test
20250415_A03_e01,20250415_A03,39,test
20240411_G08_e01,20240411_G08,48,test
20250716_chem4_35C_T00_1045_A05_e01,20250716_chem4_35C_T00_1045_A05,1,test
20241023_E09_e01,20241023_E09,43,test
20240530_A01_e01,20240530_A01,81,test
20251017_part1_F01_e01,20251017_part1_F01,65,test
20240306_A03_e01,20240306_A03,132,test
20260228_E01_e01,20260228_E01,151,test
20250622_chem_34C_T01_1632_G05_e01,20250622_chem_34C_T01_1632_G05,1,test
20260418_irx_pilot_F02_e01,20260418_irx_pilot_F02,78,test
20250612_30hpf_ctrl_atf6_B10_e01,20250612_30hpf_ctrl_atf6_B10,1,test
20260702_hotchem_30hpf_plate02_H05_e01,20260702_hotchem_30hpf_plate02_H05,1,test
20250716_chem4_35C_T00_1045_G04_e01,20250716_chem4_35C_T00_1045_G04,1,test
20250625_chem02_35C_T02_1228_C02_e02,20250625_chem02_35C_T02_1228_C02,1,test
20250912_B12_e01,20250912_B12,113,test
20230613_G02_e01,20230613_G02,65,test
20260219_E09_e01,20260219_E09,177,test
20250305_D06_e01,20250305_D06,340,test
20251212_C10_e01,20251212_C10,115,test
20260416_cep290_30to48hpf_plate01_t02_C12_e02,20260416_cep290_30to48hpf_plate01_t02_C12,1,test
20260202_D09_e01,20260202_D09,71,test
20250716_chem4_34C_T00_1014_E05_e02,20250716_chem4_34C_T00_1014_E05,1,test
20250215_A02_e01,20250215_A02,78,test
20240718_F03_e01,20240718_F03,1,test
20251112_C03_e01,20251112_C03,49,test
20230620_A11_e01,20230620_A11,89,test
20240626_E01_e01,20240626_E01,112,test
20250415_H03_e01,20250415_H03,39,test
20240813_36hpf_C05_e01,20240813_36hpf_C05,1,test
20250623_chem_28C_T02_1259_E12_e01,20250623_chem_28C_T02_1259_E12,1,test
20260724_hotfish_30hpf_plate01_H01_e01,20260724_hotfish_30hpf_plate01_H01,1,test
20250612_30hpf_ctrl_atf6_C11_e01,20250612_30hpf_ctrl_atf6_C11,1,test
20230629_C03_e01,20230629_C03,41,test
20260414_b9d2_14hpf_plate01_G06_e01,20260414_b9d2_14hpf_plate01_G06,1,test
20251125_C05_e01,20251125_C05,231,test
20250624_chem02_34C_T01_1739_F12_e01,20250624_chem02_34C_T01_1739_F12,1,test
20260206_H03_e01,20260206_H03,150,test
20260724_hotfish_30hpf_plate01_G06_e01,20260724_hotfish_30hpf_plate01_G06,1,test
20250623_chem_34C_T02_1231_B10_e01,20250623_chem_34C_T02_1231_B10,1,test
20241022_E02_e01,20241022_E02,37,test
20250622_chem_34C_T00_1256_G03_e01,20250622_chem_34C_T00_1256_G03,1,test
20260724_hotfish_30hpf_plate01_A05_e01,20260724_hotfish_30hpf_plate01_A05,1,test
20230622_C02_e01,20230622_C02,43,test
20260724_hotfish_24hpf_plate01_F10_e01,20260724_hotfish_24hpf_plate01_F10,1,test
20251112_G03_e01,20251112_G03,49,test
20260702_hotchem_36hpf_plate02_H10_e01,20260702_hotchem_36hpf_plate02_H10,1,test
20260213_B08_e02,20260213_B08,139,test
20240725_E06_e01,20240725_E06,1,test
20250501_G10_e01,20250501_G10,176,test
20250612_24hpf_ctrl_atf6_B12_e01,20250612_24hpf_ctrl_atf6_B12,1,test
20240509_24hpf_B04_e01,20240509_24hpf_B04,1,test
20250623_chem_28C_T02_1259_H04_e01,20250623_chem_28C_T02_1259_H04,1,test
20240626_A03_e01,20240626_A03,112,test
20230531_C07_e01,20230531_C07,66,test
20251017_part2_B08_e01,20251017_part2_B08,61,test
20251017_part2_B12_e01,20251017_part2_B12,63,test
20250612_30hpf_ctrl_atf6_G06_e01,20250612_30hpf_ctrl_atf6_G06,1,test
20250612_30hpf_ctrl_atf6_F05_e01,20250612_30hpf_ctrl_atf6_F05,1,test
20230620_B02_e02,20230620_B02,89,test
20260304_C03_e02,20260304_C03,192,test
20250305_A02_e01,20250305_A02,340,test
20250126_B04_e01,20250126_B04,71,test
20250912_H11_e01,20250912_H11,113,test
20230629_E03_e02,20230629_E03,24,test
20260724_hotfish_24hpf_plate02_C07_e01,20260724_hotfish_24hpf_plate02_C07,1,test
20260213_A12_e01,20260213_A12,139,test
20250721_chem5_28C_T01_1401_H09_e01,20250721_chem5_28C_T01_1401_H09,1,test
20240418_C08_e02,20240418_C08,46,test
20250716_chem4_34C_T00_1014_E11_e01,20250716_chem4_34C_T00_1014_E11,1,test
20230627_A08_e01,20230627_A08,45,test
20240530_A07_e02,20240530_A07,81,test
20260331_b9d2_18hpf_plate02_A05_e01,20260331_b9d2_18hpf_plate02_A05,1,test
20241023_B12_e01,20241023_B12,43,test
20260416_cep290_30to48hpf_plate01_t02_G02_e01,20260416_cep290_30to48hpf_plate01_t02_G02,1,test
20251207_pbx_B07_e01,20251207_pbx_B07,132,test
20250215_A12_e01,20250215_A12,78,test
20230629_E07_e01,20230629_E07,41,test
20251121_F04_e01,20251121_F04,173,test
20240726_E01_e01,20240726_E01,1,test
20251212_F09_e01,20251212_F09,115,test
20240626_H02_e01,20240626_H02,112,test
20251121_G02_e01,20251121_G02,173,test
20251017_part1_B10_e03,20251017_part1_B10,65,test
20260202_E10_e01,20260202_E10,71,test
20240411_A09_e01,20240411_A09,48,test
20230531_G04_e02,20230531_G04,66,test
20250612_24hpf_wfs1_ctcf_A08_e01,20250612_24hpf_wfs1_ctcf_A08,1,test
20231110_G05_e02,20231110_G05,64,test
20260724_hotfish_24hpf_plate01_E08_e01,20260724_hotfish_24hpf_plate01_E08,1,test
20230615_B10_e01,20230615_B10,48,test
20240418_C09_e01,20240418_C09,46,test
20250721_chem5_28C_T00_1257_F12_e01,20250721_chem5_28C_T00_1257_F12,1,test
20240726_G02_e01,20240726_G02,1,test
20240510_F06_e01,20240510_F06,1,test
20250501_D09_e01,20250501_D09,176,test
20250721_chem5_28C_T01_1401_H04_e01,20250721_chem5_28C_T01_1401_H04,1,test
20260122_C11_e01,20260122_C11,104,test
20251125_C06_e01,20251125_C06,231,test
20250624_chem02_34C_T00_1243_C01_e01,20250624_chem02_34C_T00_1243_C01,1,test
20251121_B06_e02,20251121_B06,173,test
20250612_36hpf_wfs1_ctcf_A02_e01,20250612_36hpf_wfs1_ctcf_A02,1,test
20240404_C11_e01,20240404_C11,35,test
20240418_B11_e01,20240418_B11,46,test
20250716_chem4_28C_T00_1158_D05_e02,20250716_chem4_28C_T00_1158_D05,1,test
20260702_hotchem_24hpf_plate02_A01_e01,20260702_hotchem_24hpf_plate02_A01,1,test
20250703_chem3_28C_T00_1325_H04_e01,20250703_chem3_28C_T00_1325_H04,1,test
20231218_E05_e01,20231218_E05,34,test
20260319_cilia_crispant_30hpf_A07_e01,20260319_cilia_crispant_30hpf_A07,1,test
20250612_24hpf_ctrl_atf6_F06_e01,20250612_24hpf_ctrl_atf6_F06,1,test
20260418_irx_pilot_E06_e01,20260418_irx_pilot_E06,78,test
20260415_cep290_30to48hpf_plate02_t01_E01_e01,20260415_cep290_30to48hpf_plate02_t01_E01,1,test
20251017_part2_F05_e01,20251017_part2_F05,63,test
20240724_H02_e01,20240724_H02,1,test
20230531_C02_e01,20230531_C02,66,test
20250623_chem_28C_T02_1259_G07_e01,20250623_chem_28C_T02_1259_G07,1,test
20260724_hotfish_30hpf_plate01_F02_e01,20260724_hotfish_30hpf_plate01_F02,1,test
20250711_H12_e01,20250711_H12,179,test
20260415_cep290_18hpf_plate03_D04_e01,20260415_cep290_18hpf_plate03_D04,1,test
20250624_chem02_28C_T00_1356_D11_e01,20250624_chem02_28C_T00_1356_D11,1,test
20250612_30hpf_ctrl_atf6_H07_e01,20250612_30hpf_ctrl_atf6_H07,1,test
20260702_hotchem_24hpf_plate01_D04_e01,20260702_hotchem_24hpf_plate01_D04,1,test
20240307_A02_e02,20240307_A02,44,test
20250711_G11_e01,20250711_G11,179,test
20250625_chem02_28C_T02_1332_D08_e01,20250625_chem02_28C_T02_1332_D08,1,test
20260324_cep290_24hpf_plate02_G04_e01,20260324_cep290_24hpf_plate02_G04,1,test
20260417_irx_pilot_C02_e01,20260417_irx_pilot_C02,27,test
20250624_chem02_34C_T01_1739_G01_e01,20250624_chem02_34C_T01_1739_G01,1,test
20260319_cilia_crispant_24hpf_D08_e01,20260319_cilia_crispant_24hpf_D08,1,test
20230622_F03_e02,20230622_F03,43,test
20250711_E02_e02,20250711_E02,179,test
20250625_chem02_34C_T02_1301_C04_e02,20250625_chem02_34C_T02_1301_C04,1,test
20251017_part1_D01_e01,20251017_part1_D01,65,test
20250622_chem_35C_T01_1605_G05_e01,20250622_chem_35C_T01_1605_G05,1,test
20260319_cilia_crispant_24hpf_A05_e01,20260319_cilia_crispant_24hpf_A05,1,test
20251017_part1_F10_e01,20251017_part1_F10,65,test
20250625_chem02_28C_T02_1332_B03_e01,20250625_chem02_28C_T02_1332_B03,1,test
20250215_G09_e01,20250215_G09,78,test
20260417_irx_pilot_G04_e01,20260417_irx_pilot_G04,27,test
20260306_F01_e02,20260306_F01,51,test
20240510_B06_e01,20240510_B06,1,test
20260319_cilia_crispant_30hpf_A10_e01,20260319_cilia_crispant_30hpf_A10,1,test
20240725_C06_e01,20240725_C06,1,test
20260702_hotchem_30hpf_plate01_H09_e01,20260702_hotchem_30hpf_plate01_H09,1,test
20250716_chem4_28C_T00_1158_B03_e01,20250716_chem4_28C_T00_1158_B03,1,test
20250305_E01_e01,20250305_E01,340,test
20260702_hotchem_30hpf_plate01_B03_e01,20260702_hotchem_30hpf_plate01_B03,1,test
20250721_chem5_35C_T00_1023_E10_e02,20250721_chem5_35C_T00_1023_E10,1,test
20260306_A11_e01,20260306_A11,185,test
20240626_F10_e01,20240626_F10,112,test
20250625_chem02_35C_T02_1228_A05_e01,20250625_chem02_35C_T02_1228_A05,1,test
20260219_B03_e02,20260219_B03,177,test
20260319_E03_e02,20260319_E03,105,test
20260414_b9d2_14hpf_plate01_E07_e01,20260414_b9d2_14hpf_plate01_E07,1,test
20260724_hotfish_36hpf_plate02_D05_e01,20260724_hotfish_36hpf_plate02_D05,1,test
20260702_hotchem_36hpf_plate02_D03_e01,20260702_hotchem_36hpf_plate02_D03,1,test
20250623_chem_28C_T02_1259_E05_e01,20250623_chem_28C_T02_1259_E05,1,test
20260702_hotchem_24hpf_plate02_A10_e01,20260702_hotchem_24hpf_plate02_A10,1,test
20250612_24hpf_ctrl_atf6_D07_e01,20250612_24hpf_ctrl_atf6_D07,1,test
20260416_cep290_30to48hpf_plate01_t02_B04_e01,20260416_cep290_30to48hpf_plate01_t02_B04,1,test
20260319_cilia_crispant_18hpf_E04_e01,20260319_cilia_crispant_18hpf_E04,1,test
20241023_E05_e01,20241023_E05,43,test
20260206_E02_e01,20260206_E02,150,test
20250622_chem_34C_T00_1256_B05_e01,20250622_chem_34C_T00_1256_B05,1,test
20230620_C09_e02,20230620_C09,88,test
20240411_D01_e01,20240411_D01,48,test
20260228_A04_e01,20260228_A04,151,test
20250415_B09_e01,20250415_B09,39,test
20260414_b9d2_14hpf_plate01_D02_e01,20260414_b9d2_14hpf_plate01_D02,1,test
20250501_G05_e02,20250501_G05,176,test
20250305_C04_e01,20250305_C04,340,test
20260724_hotfish_24hpf_plate01_D11_e01,20260724_hotfish_24hpf_plate01_D11,1,test
20260202_D07_e02,20260202_D07,71,test
20260724_hotfish_30hpf_plate01_E11_e01,20260724_hotfish_30hpf_plate01_E11,1,test
20250126_H05_e01,20250126_H05,71,test
20250501_F07_e01,20250501_F07,176,test
20240307_B03_e02,20240307_B03,44,test
20250612_24hpf_wfs1_ctcf_C02_e01,20250612_24hpf_wfs1_ctcf_C02,1,test
20230627_G03_e01,20230627_G03,45,test
20250512_C09_e02,20250512_C09,195,test
20250622_chem_34C_T01_1632_H07_e01,20250622_chem_34C_T01_1632_H07,1,test
20241023_B05_e01,20241023_B05,43,test
20250624_chem02_34C_T01_1739_A03_e01,20250624_chem02_34C_T01_1739_A03,1,test
20260702_hotchem_24hpf_plate02_F10_e01,20260702_hotchem_24hpf_plate02_F10,1,test
20250703_chem3_28C_T00_1325_F03_e01,20250703_chem3_28C_T00_1325_F03,1,test
20260724_hotfish_36hpf_plate02_B04_e01,20260724_hotfish_36hpf_plate02_B04,1,test
20251017_part2_C03_e04,20251017_part2_C03,45,test
20260724_hotfish_24hpf_plate01_C11_e01,20260724_hotfish_24hpf_plate01_C11,1,test
20260324_cep290_30hpf_plate01_H04_e01,20260324_cep290_30hpf_plate01_H04,1,test
20250622_chem_35C_T01_1605_B07_e01,20250622_chem_35C_T01_1605_B07,1,test
20240813_24hpf_F06_e01,20240813_24hpf_F06,1,test
20260122_E10_e03,20260122_E10,104,test
20260210_A01_e01,20260210_A01,161,test
20250716_chem4_35C_T00_1045_D10_e01,20250716_chem4_35C_T00_1045_D10,1,test
20260319_cilia_crispant_30hpf_B10_e01,20260319_cilia_crispant_30hpf_B10,1,test
20260319_cilia_crispant_24hpf_H04_e01,20260319_cilia_crispant_24hpf_H04,1,test
20250624_chem02_34C_T00_1243_A10_e01,20250624_chem02_34C_T00_1243_A10,1,test
20250721_chem5_28C_T00_1257_F08_e01,20250721_chem5_28C_T00_1257_F08,1,test
20231206_D12_e01,20231206_D12,59,test
20260702_hotchem_36hpf_plate01_C08_e01,20260702_hotchem_36hpf_plate01_C08,1,test
20250415_E01_e01,20250415_E01,39,test
20250716_chem4_34C_T00_1014_F06_e01,20250716_chem4_34C_T00_1014_F06,1,test
20230531_C03_e02,20230531_C03,2,test
20230602_A10_e01,20230602_A10,98,test
20240306_A04_e05,20240306_A04,42,test
20230620_D01_e01,20230620_D01,88,test
20240717_H01_e01,20240717_H01,1,test
20230629_F04_e01,20230629_F04,41,test
20240522_F03_e01,20240522_F03,95,test
20240522_A07_e01,20240522_A07,95,test
20260306_G09_e01,20260306_G09,185,test
20260324_cep290_24hpf_plate02_F07_e01,20260324_cep290_24hpf_plate02_F07,1,test
20260319_G06_e01,20260319_G06,105,test
20250623_chem_28C_T02_1259_E06_e01,20250623_chem_28C_T02_1259_E06,1,test
20240307_D02_e03,20240307_D02,44,test
20251017_part1_B04_e01,20251017_part1_B04,65,test
20231206_A07_e01,20231206_A07,59,test
20250721_chem5_28C_T00_1257_F06_e01,20250721_chem5_28C_T00_1257_F06,1,test
20240509_D09_e01,20240509_D09,41,test
20260208_F03_e01,20260208_F03,321,test
20260724_hotfish_30hpf_plate01_D02_e01,20260724_hotfish_30hpf_plate01_D02,1,test
20250721_chem5_28C_T01_1401_A05_e01,20250721_chem5_28C_T01_1401_A05,1,test
20260416_cep290_30to48hpf_plate01_t02_G01_e01,20260416_cep290_30to48hpf_plate01_t02_G01,1,test
20260219_G03_e02,20260219_G03,177,test
20250612_30hpf_wfs1_ctcf_H07_e01,20250612_30hpf_wfs1_ctcf_H07,1,test
20260415_b9d2_30to48hpf_plate01_t02_G08_e01,20260415_b9d2_30to48hpf_plate01_t02_G08,1,test
20250703_chem3_34C_T01_1457_B04_e01,20250703_chem3_34C_T01_1457_B04,1,test
20260702_hotchem_30hpf_plate01_E10_e01,20260702_hotchem_30hpf_plate01_E10,1,test
20260418_irx_pilot_F09_e02,20260418_irx_pilot_F09,78,test
20240522_B12_e01,20240522_B12,95,test
20250716_chem4_35C_T00_1045_B08_e01,20250716_chem4_35C_T00_1045_B08,1,test
20250515_part2_F04_e01,20250515_part2_F04,27,test
20260414_b9d2_14hpf_plate01_B02_e01,20260414_b9d2_14hpf_plate01_B02,1,test
20260724_hotfish_36hpf_plate02_G06_e01,20260724_hotfish_36hpf_plate02_G06,1,test
20260324_cep290_30hpf_plate02_D02_e01,20260324_cep290_30hpf_plate02_D02,1,test
20260415_b9d2_30to48hpf_plate01_t02_D07_e01,20260415_b9d2_30to48hpf_plate01_t02_D07,1,test
20251112_B06_e01,20251112_B06,49,test
20260306_A10_e01,20260306_A10,186,test
20260414_b9d2_30hpf_plate02_E03_e01,20260414_b9d2_30hpf_plate02_E03,1,test
20240726_F06_e01,20240726_F06,1,test
20250625_chem02_35C_T02_1228_E02_e01,20250625_chem02_35C_T02_1228_E02,1,test
20230602_E03_e01,20230602_E03,97,test
20250612_24hpf_wfs1_ctcf_D09_e02,20250612_24hpf_wfs1_ctcf_D09,1,test
20260702_hotchem_24hpf_plate01_E04_e01,20260702_hotchem_24hpf_plate01_E04,1,test
20260418_irx_pilot_H01_e01,20260418_irx_pilot_H01,78,test
20250912_C01_e01,20250912_C01,113,test
20260702_hotchem_36hpf_plate01_H11_e01,20260702_hotchem_36hpf_plate01_H11,1,test
20250425_C05_e01,20250425_C05,118,test
20250716_chem4_35C_T00_1045_E01_e02,20250716_chem4_35C_T00_1045_E01,1,test
20260202_D09_e02,20260202_D09,71,test
20250623_chem_34C_T02_1231_B02_e01,20250623_chem_34C_T02_1231_B02,1,test
20260206_A07_e01,20260206_A07,150,test
20260304_G11_e04,20260304_G11,191,test
20260415_cep290_30to48hpf_plate02_t01_D01_e01,20260415_cep290_30to48hpf_plate02_t01_D01,1,test
20260724_hotfish_24hpf_plate01_A12_e01,20260724_hotfish_24hpf_plate01_A12,1,test
20260415_cep290_30to48hpf_plate02_t01_F01_e02,20260415_cep290_30to48hpf_plate02_t01_F01,1,test
20240411_D03_e01,20240411_D03,48,test
20260702_hotchem_24hpf_plate01_D01_e01,20260702_hotchem_24hpf_plate01_D01,1,test
20240404_F03_e01,20240404_F03,35,test
20250501_A10_e01,20250501_A10,176,test
20260319_cilia_crispant_18hpf_G11_e01,20260319_cilia_crispant_18hpf_G11,1,test
20240411_G09_e01,20240411_G09,48,test
20250612_30hpf_wfs1_ctcf_E10_e01,20250612_30hpf_wfs1_ctcf_E10,1,test
20260202_D01_e01,20260202_D01,71,test
20260219_E02_e02,20260219_E02,177,test
20250624_chem02_35C_T01_1711_A11_e01,20250624_chem02_35C_T01_1711_A11,1,test
20250625_chem02_35C_T02_1228_H08_e01,20250625_chem02_35C_T02_1228_H08,1,test
20250612_36hpf_ctrl_atf6_B11_e01,20250612_36hpf_ctrl_atf6_B11,1,test
20260415_cep290_18hpf_plate03_D08_e01,20260415_cep290_18hpf_plate03_D08,1,test
20260414_b9d2_30hpf_plate01_C01_e01,20260414_b9d2_30hpf_plate01_C01,1,test
20260417_irx_pilot_F02_e01,20260417_irx_pilot_F02,27,test
20260724_hotfish_30hpf_plate01_D11_e01,20260724_hotfish_30hpf_plate01_D11,1,test
20260319_C02_e01,20260319_C02,105,test
20240411_D09_e01,20240411_D09,48,test
20250622_chem_28C_T00_1425_B03_e01,20250622_chem_28C_T00_1425_B03,1,test
20241023_B11_e01,20241023_B11,43,test
20260414_b9d2_14hpf_plate01_E12_e01,20260414_b9d2_14hpf_plate01_E12,1,test
20260210_F12_e01,20260210_F12,161,test
20260724_hotfish_30hpf_plate01_A04_e01,20260724_hotfish_30hpf_plate01_A04,1,test
20240626_C11_e02,20240626_C11,112,test
20260324_cep290_24hpf_plate02_F09_e01,20260324_cep290_24hpf_plate02_F09,1,test
20231206_G09_e02,20231206_G09,59,test
20260724_hotfish_24hpf_plate01_H10_e01,20260724_hotfish_24hpf_plate01_H10,1,test
20250716_chem4_35C_T00_1045_D01_e01,20250716_chem4_35C_T00_1045_D01,1,test
20250425_F12_e01,20250425_F12,118,test
20251121_A04_e03,20251121_A04,158,test
20260702_hotchem_30hpf_plate01_F10_e02,20260702_hotchem_30hpf_plate01_F10,1,test
20260306_D01_e02,20260306_D01,186,test
20250501_E08_e01,20250501_E08,176,test
20240411_D08_e01,20240411_D08,48,test
20260414_b9d2_30hpf_plate01_G08_e01,20260414_b9d2_30hpf_plate01_G08,1,test
20250515_part2_E03_e01,20250515_part2_E03,27,test
20250622_chem_34C_T01_1632_G12_e01,20250622_chem_34C_T01_1632_G12,1,test
20260219_H11_e01,20260219_H11,177,test
20250624_chem02_28C_T01_1808_E05_e01,20250624_chem02_28C_T01_1808_E05,1,test
20251112_G08_e01,20251112_G08,49,test
20240418_D02_e01,20240418_D02,46,test
20260702_hotchem_24hpf_plate01_A09_e01,20260702_hotchem_24hpf_plate01_A09,1,test
20250624_chem02_35C_T00_1216_B02_e01,20250624_chem02_35C_T00_1216_B02,1,test
20250622_chem_35C_T01_1605_F03_e01,20250622_chem_35C_T01_1605_F03,1,test
20260304_C08_e03,20260304_C08,192,test
20250515_part2_B04_e01,20250515_part2_B04,27,test
20231206_A09_e01,20231206_A09,59,test
20251212_C04_e01,20251212_C04,115,test
20260414_b9d2_14hpf_plate01_B01_e01,20260414_b9d2_14hpf_plate01_B01,1,test
20250721_chem5_35C_T00_1023_E08_e02,20250721_chem5_35C_T00_1023_E08,1,test
20230831_F04_e01,20230831_F04,1,test
20260304_H09_e01,20260304_H09,192,test
20260414_b9d2_14hpf_plate01_F05_e02,20260414_b9d2_14hpf_plate01_F05,1,test
20250501_F02_e01,20250501_F02,176,test
20260724_hotfish_36hpf_plate02_B06_e01,20260724_hotfish_36hpf_plate02_B06,1,test
20260415_cep290_18hpf_plate03_C07_e02,20260415_cep290_18hpf_plate03_C07,1,test
20250612_24hpf_ctrl_atf6_G09_e01,20250612_24hpf_ctrl_atf6_G09,1,test
20250501_E11_e02,20250501_E11,176,test
20241023_G02_e02,20241023_G02,43,test
20250703_chem3_35C_T00_1101_H03_e01,20250703_chem3_35C_T00_1101_H03,1,test
20250612_36hpf_ctrl_atf6_B05_e01,20250612_36hpf_ctrl_atf6_B05,1,test
20250624_chem02_28C_T00_1356_A01_e01,20250624_chem02_28C_T00_1356_A01,1,test
20260324_cep290_30hpf_plate02_F01_e02,20260324_cep290_30hpf_plate02_F01,1,test
20250721_chem5_28C_T01_1401_E12_e01,20250721_chem5_28C_T01_1401_E12,1,test
20260219_D09_e02,20260219_D09,177,test
20260213_E10_e04,20260213_E10,139,test
20251017_part2_G12_e02,20251017_part2_G12,2,test
20250512_G10_e01,20250512_G10,195,test
20260702_hotchem_30hpf_plate02_C07_e01,20260702_hotchem_30hpf_plate02_C07,1,test
20260418_irx_pilot_B01_e01,20260418_irx_pilot_B01,78,test
20260219_G08_e02,20260219_G08,177,test
20250721_chem5_28C_T01_1401_E04_e01,20250721_chem5_28C_T01_1401_E04,1,test
20240725_H05_e01,20240725_H05,1,test
20260415_b9d2_30to48hpf_plate01_t02_B08_e01,20260415_b9d2_30to48hpf_plate01_t02_B08,1,test
20260306_A12_e01,20260306_A12,181,test
20240530_B08_e01,20240530_B08,81,test
20260724_hotfish_30hpf_plate02_A05_e01,20260724_hotfish_30hpf_plate02_A05,1,test
20250624_chem02_28C_T00_1356_A07_e01,20250624_chem02_28C_T00_1356_A07,1,test
20250622_chem_28C_T01_1658_D10_e01,20250622_chem_28C_T01_1658_D10,1,test
20260219_C04_e01,20260219_C04,177,test
20260324_cep290_30hpf_plate01_A11_e01,20260324_cep290_30hpf_plate01_A11,1,test
20260324_cep290_30hpf_plate01_G07_e01,20260324_cep290_30hpf_plate01_G07,1,test
20260417_irx_pilot_E08_e01,20260417_irx_pilot_E08,27,test
20260319_cilia_crispant_24hpf_D06_e01,20260319_cilia_crispant_24hpf_D06,1,test
20240530_C04_e01,20240530_C04,81,test
20240718_A11_e01,20240718_A11,1,test
20260228_E09_e01,20260228_E09,151,test
20251205_A01_e01,20251205_A01,115,test
20260213_F07_e01,20260213_F07,139,test
20250612_36hpf_ctrl_atf6_C08_e01,20250612_36hpf_ctrl_atf6_C08,1,test
20260417_irx_pilot_A08_e02,20260417_irx_pilot_A08,27,test
20260702_hotchem_30hpf_plate02_B07_e01,20260702_hotchem_30hpf_plate02_B07,1,test
20260415_cep290_30to48hpf_plate02_t01_H03_e01,20260415_cep290_30to48hpf_plate02_t01_H03,1,test
20260306_G07_e01,20260306_G07,186,test
20241022_C04_e01,20241022_C04,37,test
20260319_cilia_crispant_30hpf_A03_e01,20260319_cilia_crispant_30hpf_A03,1,test
20260210_A09_e01,20260210_A09,161,test
20230831_A07_e01,20230831_A07,1,test
20240718_H10_e01,20240718_H10,1,test
20251112_A01_e01,20251112_A01,49,test
20260304_C06_e02,20260304_C06,190,test
20250612_30hpf_ctrl_atf6_F10_e01,20250612_30hpf_ctrl_atf6_F10,1,test
20260210_A06_e01,20260210_A06,161,test
20260324_cep290_24hpf_plate02_H01_e02,20260324_cep290_24hpf_plate02_H01,1,test
20240307_D06_e01,20240307_D06,44,test
20260702_hotchem_36hpf_plate01_E05_e01,20260702_hotchem_36hpf_plate01_E05,1,test
20260219_E11_e01,20260219_E11,177,test
20260324_cep290_24hpf_plate01_D10_e01,20260324_cep290_24hpf_plate01_D10,1,test
20241022_C08_e01,20241022_C08,37,test
20260122_C10_e02,20260122_C10,104,test
20250622_chem_35C_T01_1605_G08_e01,20250622_chem_35C_T01_1605_G08,1,test
20250215_F10_e01,20250215_F10,78,test
20260414_b9d2_30hpf_plate02_C01_e01,20260414_b9d2_30hpf_plate02_C01,1,test
20251112_F05_e01,20251112_F05,49,test
20260724_hotfish_30hpf_plate02_F01_e01,20260724_hotfish_30hpf_plate02_F01,1,test
20250716_chem4_34C_T00_1014_C03_e01,20250716_chem4_34C_T00_1014_C03,1,test
20260219_B09_e02,20260219_B09,177,test
20250612_36hpf_ctrl_atf6_G04_e01,20250612_36hpf_ctrl_atf6_G04,1,test
20240418_H02_e03,20240418_H02,46,test
20260702_hotchem_24hpf_plate01_B01_e01,20260702_hotchem_24hpf_plate01_B01,1,test
20260418_irx_pilot_B04_e01,20260418_irx_pilot_B04,78,test
20260414_b9d2_30hpf_plate02_H02_e02,20260414_b9d2_30hpf_plate02_H02,1,test
20260724_hotfish_24hpf_plate02_G02_e01,20260724_hotfish_24hpf_plate02_G02,1,test
20240522_D02_e02,20240522_D02,95,test
20260210_B04_e01,20260210_B04,161,test
20250912_C02_e01,20250912_C02,113,test
20240725_F02_e02,20240725_F02,1,test
20250703_chem3_28C_T00_1325_A01_e01,20250703_chem3_28C_T00_1325_A01,1,test
20240404_E03_e01,20240404_E03,35,test
20250612_24hpf_ctrl_atf6_H01_e01,20250612_24hpf_ctrl_atf6_H01,1,test
20260416_cep290_30to48hpf_plate02_t02_D06_e02,20260416_cep290_30to48hpf_plate02_t02_D06,1,test
20251121_D11_e01,20251121_D11,173,test
20260702_hotchem_30hpf_plate02_D03_e01,20260702_hotchem_30hpf_plate02_D03,1,test
20250612_36hpf_wfs1_ctcf_A10_e01,20250612_36hpf_wfs1_ctcf_A10,1,test
20240813_30hpf_C06_e02,20240813_30hpf_C06,1,test
20260702_hotchem_30hpf_plate02_F05_e01,20260702_hotchem_30hpf_plate02_F05,1,test
20240509_18ss_D03_e02,20240509_18ss_D03,1,test
20240418_D12_e04,20240418_D12,46,test
20230627_F09_e01,20230627_F09,45,test
20240530_F03_e01,20240530_F03,81,test
20230629_B08_e01,20230629_B08,41,test
20260702_hotchem_36hpf_plate01_D11_e01,20260702_hotchem_36hpf_plate01_D11,1,test
20230531_E10_e01,20230531_E10,66,test
20250716_chem4_34C_T00_1014_H09_e01,20250716_chem4_34C_T00_1014_H09,1,test
20250612_36hpf_wfs1_ctcf_D11_e01,20250612_36hpf_wfs1_ctcf_D11,1,test
20240530_F06_e01,20240530_F06,81,test
20260724_hotfish_30hpf_plate02_F03_e01,20260724_hotfish_30hpf_plate02_F03,1,test
20250721_chem5_28C_T01_1401_F12_e01,20250721_chem5_28C_T01_1401_F12,1,test
20260702_hotchem_24hpf_plate01_H03_e01,20260702_hotchem_24hpf_plate01_H03,1,test
20250623_chem_28C_T02_1259_H01_e01,20250623_chem_28C_T02_1259_H01,1,test
20240509_B02_e01,20240509_B02,41,test
20260122_E10_e02,20260122_E10,104,test
20250623_chem_34C_T02_1231_G08_e01,20250623_chem_34C_T02_1231_G08,1,test
20260202_G05_e01,20260202_G05,71,test
20260415_b9d2_30to48hpf_plate01_t02_A12_e02,20260415_b9d2_30to48hpf_plate01_t02_A12,1,test
20260416_cep290_30to48hpf_plate01_t02_H02_e01,20260416_cep290_30to48hpf_plate01_t02_H02,1,test
20260415_b9d2_30to48hpf_plate01_t02_E02_e02,20260415_b9d2_30to48hpf_plate01_t02_E02,1,test
20260122_C10_e03,20260122_C10,104,test
20240626_D05_e01,20240626_D05,112,test
20250625_chem02_34C_T02_1301_C03_e01,20250625_chem02_34C_T02_1301_C03,1,test
20230615_D02_e01,20230615_D02,50,test
20250425_E09_e01,20250425_E09,118,test
20240418_B09_e01,20240418_B09,46,test
20260414_b9d2_30hpf_plate02_G05_e01,20260414_b9d2_30hpf_plate02_G05,1,test
20260415_cep290_30to48hpf_plate02_t01_G10_e02,20260415_cep290_30to48hpf_plate02_t01_G10,1,test
20230531_F11_e01,20230531_F11,66,test
20250612_30hpf_ctrl_atf6_H04_e01,20250612_30hpf_ctrl_atf6_H04,1,test
20250721_chem5_28C_T01_1401_G11_e01,20250721_chem5_28C_T01_1401_G11,1,test
20250721_chem5_28C_T00_1257_G06_e01,20250721_chem5_28C_T00_1257_G06,1,test
20240725_D03_e01,20240725_D03,1,test
20250512_C09_e01,20250512_C09,195,test
20260415_cep290_18hpf_plate03_H07_e01,20260415_cep290_18hpf_plate03_H07,1,test
20260414_b9d2_30hpf_plate02_C07_e01,20260414_b9d2_30hpf_plate02_C07,1,test
20250612_24hpf_ctrl_atf6_A08_e01,20250612_24hpf_ctrl_atf6_A08,1,test
20241022_B06_e01,20241022_B06,37,test
20250612_30hpf_ctrl_atf6_H08_e01,20250612_30hpf_ctrl_atf6_H08,1,test
20250305_A12_e01,20250305_A12,340,test
20250625_chem02_34C_T02_1301_A07_e01,20250625_chem02_34C_T02_1301_A07,1,test
20250912_D12_e01,20250912_D12,113,test
20250703_chem3_28C_T00_1325_A05_e01,20250703_chem3_28C_T00_1325_A05,1,test
20260324_cep290_30hpf_plate01_H06_e01,20260324_cep290_30hpf_plate01_H06,1,test
20260228_B05_e01,20260228_B05,151,test
20260208_E09_e01,20260208_E09,321,test
20260319_D07_e01,20260319_D07,105,test
20260306_H11_e01,20260306_H11,186,test
20231110_G04_e02,20231110_G04,64,test
20260724_hotfish_36hpf_plate02_H02_e01,20260724_hotfish_36hpf_plate02_H02,1,test
20260219_A04_e02,20260219_A04,153,test
20250501_F05_e02,20250501_F05,176,test
20260414_b9d2_30hpf_plate02_A04_e01,20260414_b9d2_30hpf_plate02_A04,1,test
20250716_chem4_28C_T01_1400_D03_e01,20250716_chem4_28C_T01_1400_D03,1,test
20230615_F10_e01,20230615_F10,50,test
20260415_cep290_30to48hpf_plate02_t01_E05_e01,20260415_cep290_30to48hpf_plate02_t01_E05,1,test
20231110_G04_e01,20231110_G04,64,test
20260304_A05_e01,20260304_A05,192,test
20250612_24hpf_wfs1_ctcf_D04_e01,20250612_24hpf_wfs1_ctcf_D04,1,test
20250721_chem5_35C_T00_1023_H06_e01,20250721_chem5_35C_T00_1023_H06,1,test
20241022_D12_e01,20241022_D12,37,test
20250624_chem02_34C_T01_1739_G11_e01,20250624_chem02_34C_T01_1739_G11,1,test
20260416_cep290_30to48hpf_plate01_t02_B01_e02,20260416_cep290_30to48hpf_plate01_t02_B01,1,test
20260702_hotchem_30hpf_plate01_F10_e01,20260702_hotchem_30hpf_plate01_F10,1,test
20260210_E06_e01,20260210_E06,161,test
20260414_b9d2_30hpf_plate01_H07_e01,20260414_b9d2_30hpf_plate01_H07,1,test
20250624_chem02_34C_T00_1243_B11_e01,20250624_chem02_34C_T00_1243_B11,1,test
20260331_b9d2_18hpf_plate02_B06_e01,20260331_b9d2_18hpf_plate02_B06,1,test
20260304_C11_e01,20260304_C11,192,test
20260324_cep290_24hpf_plate01_F03_e01,20260324_cep290_24hpf_plate01_F03,1,test
20260418_irx_pilot_F01_e03,20260418_irx_pilot_F01,78,test
20260724_hotfish_36hpf_plate01_C10_e01,20260724_hotfish_36hpf_plate01_C10,1,test
20250625_chem02_28C_T02_1332_B11_e02,20250625_chem02_28C_T02_1332_B11,1,test
20250425_C10_e01,20250425_C10,118,test
20240725_A04_e01,20240725_A04,1,test
20260319_cilia_crispant_18hpf_E03_e01,20260319_cilia_crispant_18hpf_E03,1,test
20251112_F06_e04,20251112_F06,7,test
20240307_H01_e01,20240307_H01,44,test
20230627_A01_e01,20230627_A01,45,test
20240418_F05_e02,20240418_F05,46,test
20250519_H05_e01,20250519_H05,51,test
20230613_B11_e01,20230613_B11,66,test
20251212_C12_e01,20251212_C12,115,test
20250501_H07_e01,20250501_H07,176,test
20250512_E08_e01,20250512_E08,195,test
20250215_B01_e01,20250215_B01,78,test
20240726_F05_e01,20240726_F05,1,test
20250612_24hpf_ctrl_atf6_B06_e01,20250612_24hpf_ctrl_atf6_B06,1,test
20250612_30hpf_wfs1_ctcf_G08_e01,20250612_30hpf_wfs1_ctcf_G08,1,test
20250622_chem_34C_T00_1256_A06_e01,20250622_chem_34C_T00_1256_A06,1,test
20260213_G04_e01,20260213_G04,139,test
20251017_part1_B06_e03,20251017_part1_B06,65,test
20260702_hotchem_30hpf_plate01_H05_e01,20260702_hotchem_30hpf_plate01_H05,1,test
20260414_b9d2_14hpf_plate01_A07_e01,20260414_b9d2_14hpf_plate01_A07,1,test
20260416_cep290_30to48hpf_plate02_t02_A05_e01,20260416_cep290_30to48hpf_plate02_t02_A05,1,test
20240530_G11_e02,20240530_G11,81,test
20251020_F08_e01,20251020_F08,57,test
20260418_irx_pilot_A08_e01,20260418_irx_pilot_A08,78,test
20250624_chem02_28C_T00_1356_E02_e01,20250624_chem02_28C_T00_1356_E02,1,test
20231206_G06_e02,20231206_G06,59,test
20240418_D03_e02,20240418_D03,46,test
20250703_chem3_28C_T00_1325_B01_e01,20250703_chem3_28C_T00_1325_B01,1,test
20241022_A11_e01,20241022_A11,37,test
20260324_cep290_30hpf_plate01_B11_e01,20260324_cep290_30hpf_plate01_B11,1,test
20241023_B07_e01,20241023_B07,43,test
20250215_H05_e01,20250215_H05,78,test
20260724_hotfish_36hpf_plate01_H02_e01,20260724_hotfish_36hpf_plate01_H02,1,test
20260213_H08_e04,20260213_H08,139,test
20250624_chem02_35C_T00_1216_A05_e01,20250624_chem02_35C_T00_1216_A05,1,test
20260324_cep290_24hpf_plate02_B09_e01,20260324_cep290_24hpf_plate02_B09,1,test
20250624_chem02_28C_T00_1356_B07_e01,20250624_chem02_28C_T00_1356_B07,1,test
20251017_part2_B08_e02,20251017_part2_B08,63,test
20251112_H02_e03,20251112_H02,8,test
20250415_H01_e01,20250415_H01,39,test
20230629_C01_e01,20230629_C01,41,test
20251020_G04_e01,20251020_G04,57,test
20230602_C07_e01,20230602_C07,98,test
20260415_b9d2_30to48hpf_plate01_t02_B03_e01,20260415_b9d2_30to48hpf_plate01_t02_B03,1,test
20260415_cep290_18hpf_plate03_H03_e01,20260415_cep290_18hpf_plate03_H03,1,test
20251112_C08_e01,20251112_C08,49,test
20260324_cep290_24hpf_plate01_D11_e01,20260324_cep290_24hpf_plate01_D11,1,test
20260414_b9d2_30hpf_plate02_E08_e01,20260414_b9d2_30hpf_plate02_E08,1,test
20251119_E02_e01,20251119_E02,348,test
20260228_G04_e02,20260228_G04,151,test
20250515_part2_G06_e03,20250515_part2_G06,27,test
20240626_B07_e01,20240626_B07,112,test
20260724_hotfish_30hpf_plate01_B04_e01,20260724_hotfish_30hpf_plate01_B04,1,test
20250612_30hpf_wfs1_ctcf_A07_e01,20250612_30hpf_wfs1_ctcf_A07,1,test
20240509_18ss_G01_e01,20240509_18ss_G01,1,test
20260416_cep290_30to48hpf_plate01_t02_H08_e02,20260416_cep290_30to48hpf_plate01_t02_H08,1,test
20240411_E08_e01,20240411_E08,48,test
20250721_chem5_28C_T00_1257_E07_e01,20250721_chem5_28C_T00_1257_E07,1,test
20250612_30hpf_wfs1_ctcf_B11_e01,20250612_30hpf_wfs1_ctcf_B11,1,test
20260724_hotfish_36hpf_plate01_D10_e01,20260724_hotfish_36hpf_plate01_D10,1,test
20240717_D07_e01,20240717_D07,1,test
20240813_36hpf_D03_e01,20240813_36hpf_D03,1,test
20231206_F09_e02,20231206_F09,59,test
20250703_chem3_35C_T01_1437_E05_e01,20250703_chem3_35C_T01_1437_E05,1,test
20240812_F10_e01,20240812_F10,75,test
20240404_E12_e01,20240404_E12,35,test
20250912_E12_e02,20250912_E12,113,test
20250126_E11_e02,20250126_E11,71,test
20250512_H10_e01,20250512_H10,195,test
20230622_A11_e01,20230622_A11,44,test
20260324_cep290_30hpf_plate01_F01_e01,20260324_cep290_30hpf_plate01_F01,1,test
20260702_hotchem_24hpf_plate01_D03_e01,20260702_hotchem_24hpf_plate01_D03,1,test
20260724_hotfish_24hpf_plate02_E01_e01,20260724_hotfish_24hpf_plate02_E01,1,test
20250305_G10_e01,20250305_G10,340,test
20240307_B02_e01,20240307_B02,44,test
20250612_36hpf_ctrl_atf6_E12_e01,20250612_36hpf_ctrl_atf6_E12,1,test
20260414_b9d2_14hpf_plate01_A10_e01,20260414_b9d2_14hpf_plate01_A10,1,test
20251207_pbx_F06_e01,20251207_pbx_F06,132,test
20250703_chem3_35C_T01_1437_H03_e01,20250703_chem3_35C_T01_1437_H03,1,test
20230627_B11_e01,20230627_B11,45,test
20260702_hotchem_30hpf_plate01_F05_e01,20260702_hotchem_30hpf_plate01_F05,1,test
20260319_B05_e02,20260319_B05,105,test
20260417_irx_pilot_F11_e01,20260417_irx_pilot_F11,27,test
20251212_G08_e01,20251212_G08,115,test
20260304_B06_e03,20260304_B06,64,test
20240522_C10_e01,20240522_C10,95,test
20260416_cep290_30to48hpf_plate02_t02_D02_e01,20260416_cep290_30to48hpf_plate02_t02_D02,1,test
20260415_cep290_30to48hpf_plate02_t01_C06_e01,20260415_cep290_30to48hpf_plate02_t01_C06,1,test
20260702_hotchem_30hpf_plate01_A12_e01,20260702_hotchem_30hpf_plate01_A12,1,test
20260208_C11_e02,20260208_C11,320,test
20250415_D02_e01,20250415_D02,39,test
20251017_part2_H04_e01,20251017_part2_H04,63,test
20230831_H06_e01,20230831_H06,1,test
20260702_hotchem_36hpf_plate02_D11_e01,20260702_hotchem_36hpf_plate02_D11,1,test
20250425_F01_e01,20250425_F01,118,test
20260319_D06_e01,20260319_D06,105,test
20260122_C02_e02,20260122_C02,104,test
20260724_hotfish_30hpf_plate01_A03_e01,20260724_hotfish_30hpf_plate01_A03,1,test
20230620_A06_e01,20230620_A06,89,test
20260414_b9d2_14hpf_plate01_F12_e01,20260414_b9d2_14hpf_plate01_F12,1,test
20260702_hotchem_24hpf_plate02_A06_e03,20260702_hotchem_24hpf_plate02_A06,1,test
20230627_E01_e01,20230627_E01,45,test
20250703_chem3_34C_T01_1457_E02_e01,20250703_chem3_34C_T01_1457_E02,1,test
20260319_cilia_crispant_30hpf_E09_e01,20260319_cilia_crispant_30hpf_E09,1,test
20230531_D07_e04,20230531_D07,40,test
20250716_chem4_28C_T01_1400_G04_e01,20250716_chem4_28C_T01_1400_G04,1,test
20230629_E02_e01,20230629_E02,36,test
20240522_H10_e01,20240522_H10,95,test
20240509_A08_e01,20240509_A08,41,test
20260702_hotchem_24hpf_plate02_G11_e03,20260702_hotchem_24hpf_plate02_G11,1,test
20250716_chem4_28C_T01_1400_A06_e01,20250716_chem4_28C_T01_1400_A06,1,test
20240509_18ss_G02_e01,20240509_18ss_G02,1,test
20260417_irx_pilot_D07_e02,20260417_irx_pilot_D07,27,test
20260416_cep290_30to48hpf_plate02_t02_H05_e01,20260416_cep290_30to48hpf_plate02_t02_H05,1,test
20260206_F12_e01,20260206_F12,150,test
20250305_E03_e01,20250305_E03,340,test
20260416_cep290_30to48hpf_plate01_t02_F08_e01,20260416_cep290_30to48hpf_plate01_t02_F08,1,test
20250622_chem_28C_T00_1425_C03_e01,20250622_chem_28C_T00_1425_C03,1,test
20260304_E06_e02,20260304_E06,192,test
20230615_B06_e01,20230615_B06,50,test
20241022_C07_e01,20241022_C07,37,test
20230615_B04_e01,20230615_B04,49,test
20260219_D05_e01,20260219_D05,177,test
20240306_A09_e01,20240306_A09,132,test
20250721_chem5_28C_T00_1257_C01_e01,20250721_chem5_28C_T00_1257_C01,1,test
20251212_A10_e01,20251212_A10,115,test
20240418_F01_e01,20240418_F01,46,test
20250912_D04_e02,20250912_D04,113,test
20260324_cep290_30hpf_plate02_E06_e01,20260324_cep290_30hpf_plate02_E06,1,test
20260724_hotfish_36hpf_plate02_C01_e01,20260724_hotfish_36hpf_plate02_C01,1,test
20251121_C04_e01,20251121_C04,173,test
20260228_H06_e01,20260228_H06,151,test
20260416_cep290_30to48hpf_plate02_t02_C04_e01,20260416_cep290_30to48hpf_plate02_t02_C04,1,test
20251207_pbx_E12_e01,20251207_pbx_E12,132,test
20260304_D06_e02,20260304_D06,192,test
20250716_chem4_35C_T00_1045_A03_e01,20250716_chem4_35C_T00_1045_A03,1,test
20231218_D07_e01,20231218_D07,34,test
20260724_hotfish_24hpf_plate02_H05_e01,20260724_hotfish_24hpf_plate02_H05,1,test
20260219_A04_e03,20260219_A04,175,test
20250703_chem3_34C_T01_1457_C04_e01,20250703_chem3_34C_T01_1457_C04,1,test
20260319_cilia_crispant_24hpf_A01_e01,20260319_cilia_crispant_24hpf_A01,1,test
20250721_chem5_28C_T01_1401_E03_e02,20250721_chem5_28C_T01_1401_E03,1,test
20250625_chem02_34C_T02_1301_C08_e01,20250625_chem02_34C_T02_1301_C08,1,test
20250625_chem02_28C_T02_1332_E04_e01,20250625_chem02_28C_T02_1332_E04,1,test
20260702_hotchem_24hpf_plate02_H12_e01,20260702_hotchem_24hpf_plate02_H12,1,test
20250721_chem5_28C_T01_1401_D01_e01,20250721_chem5_28C_T01_1401_D01,1,test
20260219_H02_e01,20260219_H02,177,test
20230622_D02_e01,20230622_D02,43,test
20250716_chem4_28C_T00_1158_C05_e01,20250716_chem4_28C_T00_1158_C05,1,test
20251112_G11_e01,20251112_G11,49,test
20240404_A07_e01,20240404_A07,35,test
20250624_chem02_28C_T00_1356_D10_e01,20250624_chem02_28C_T00_1356_D10,1,test
20260122_D04_e02,20260122_D04,104,test
20260702_hotchem_30hpf_plate02_C08_e01,20260702_hotchem_30hpf_plate02_C08,1,test
20250716_chem4_34C_T00_1014_H02_e01,20250716_chem4_34C_T00_1014_H02,1,test
20250425_C07_e01,20250425_C07,118,test
20260306_D05_e02,20260306_D05,180,test
20260208_E03_e01,20260208_E03,321,test
20250501_C04_e01,20250501_C04,176,test
20260415_cep290_30to48hpf_plate02_t01_D03_e01,20260415_cep290_30to48hpf_plate02_t01_D03,1,test
20260724_hotfish_36hpf_plate02_H05_e01,20260724_hotfish_36hpf_plate02_H05,1,test
20250519_F07_e01,20250519_F07,51,test
20260414_b9d2_30hpf_plate01_D04_e01,20260414_b9d2_30hpf_plate01_D04,1,test
20250622_chem_35C_T00_1223_check_A05_e01,20250622_chem_35C_T00_1223_check_A05,1,test
20240404_D04_e01,20240404_D04,35,test
20250703_chem3_35C_T00_1101_E05_e01,20250703_chem3_35C_T00_1101_E05,1,test
20250126_H04_e01,20250126_H04,71,test
20260319_cilia_crispant_24hpf_A09_e01,20260319_cilia_crispant_24hpf_A09,1,test
20231206_A03_e01,20231206_A03,59,test
20260418_irx_pilot_E07_e01,20260418_irx_pilot_E07,73,test
20251112_D01_e01,20251112_D01,49,test
20260702_hotchem_24hpf_plate02_H02_e01,20260702_hotchem_24hpf_plate02_H02,1,test
20260724_hotfish_36hpf_plate01_F12_e01,20260724_hotfish_36hpf_plate01_F12,1,test
20231206_A01_e02,20231206_A01,59,test
20240418_F02_e02,20240418_F02,46,test
20260206_A06_e01,20260206_A06,150,test
20260702_hotchem_30hpf_plate02_C11_e01,20260702_hotchem_30hpf_plate02_C11,1,test
20260122_B11_e02,20260122_B11,104,test
20230615_A05_e01,20230615_A05,50,test
20250622_chem_35C_T00_1223_check_F02_e01,20250622_chem_35C_T00_1223_check_F02,1,test
20250721_chem5_35C_T00_1023_G01_e02,20250721_chem5_35C_T00_1023_G01,1,test
20251121_E01_e01,20251121_E01,173,test
20250625_chem02_35C_T02_1228_G11_e01,20250625_chem02_35C_T02_1228_G11,1,test
20230627_A02_e01,20230627_A02,45,test
20251112_E10_e01,20251112_E10,49,test
20250415_A05_e01,20250415_A05,39,test
20251207_pbx_B08_e01,20251207_pbx_B08,132,test
20250515_part2_H01_e01,20250515_part2_H01,27,test
20250501_A08_e01,20250501_A08,176,test
20230629_A12_e01,20230629_A12,41,test
20250624_chem02_35C_T01_1711_D01_e01,20250624_chem02_35C_T01_1711_D01,1,test
20250624_chem02_35C_T00_1216_H01_e01,20250624_chem02_35C_T00_1216_H01,1,test
20260324_cep290_30hpf_plate02_G05_e01,20260324_cep290_30hpf_plate02_G05,1,test
20251205_E02_e01,20251205_E02,115,test
20250703_chem3_35C_T00_1101_H05_e01,20250703_chem3_35C_T00_1101_H05,1,test
20260304_G05_e02,20260304_G05,192,test
20250512_B02_e01,20250512_B02,195,test
20231218_B05_e01,20231218_B05,34,test
20260416_cep290_30to48hpf_plate01_t02_H12_e01,20260416_cep290_30to48hpf_plate01_t02_H12,1,test
20240718_H10_e02,20240718_H10,1,test
20250624_chem02_28C_T01_1808_D05_e01,20250624_chem02_28C_T01_1808_D05,1,test
20260324_cep290_30hpf_plate01_D03_e01,20260324_cep290_30hpf_plate01_D03,1,test
20251121_G04_e02,20251121_G04,18,test
20240812_G06_e01,20240812_G06,75,test
20260202_G03_e02,20260202_G03,71,test
20260324_cep290_24hpf_plate02_H07_e01,20260324_cep290_24hpf_plate02_H07,1,test
20251112_F05_e04,20251112_F05,24,test
20260306_A08_e02,20260306_A08,185,test
20260418_irx_pilot_E05_e02,20260418_irx_pilot_E05,78,test
20240404_E10_e01,20240404_E10,35,test
20250622_chem_35C_T00_1223_check_F03_e01,20250622_chem_35C_T00_1223_check_F03,1,test
20260702_hotchem_24hpf_plate02_A06_e01,20260702_hotchem_24hpf_plate02_A06,1,test
20240530_G06_e02,20240530_G06,81,test
20241022_B10_e01,20241022_B10,37,test
20260417_irx_pilot_G07_e01,20260417_irx_pilot_G07,27,test
20260202_D08_e01,20260202_D08,71,test
20260324_cep290_30hpf_plate01_F10_e01,20260324_cep290_30hpf_plate01_F10,1,test
20251125_B04_e01,20251125_B04,231,test
20260202_A06_e01,20260202_A06,71,test
20250622_chem_35C_T00_1223_check_G06_e01,20250622_chem_35C_T00_1223_check_G06,1,test
20260122_B01_e01,20260122_B01,104,test
20250622_chem_34C_T01_1632_G01_e01,20250622_chem_34C_T01_1632_G01,1,test
20231110_D02_e01,20231110_D02,64,test
20250716_chem4_28C_T01_1400_D08_e01,20250716_chem4_28C_T01_1400_D08,1,test
20260202_B07_e01,20260202_B07,71,test
20250612_30hpf_ctrl_atf6_H01_e01,20250612_30hpf_ctrl_atf6_H01,1,test
20260324_cep290_30hpf_plate01_E02_e01,20260324_cep290_30hpf_plate01_E02,1,test
20250624_chem02_34C_T00_1243_E01_e02,20250624_chem02_34C_T00_1243_E01,1,test
20230613_F09_e01,20230613_F09,65,test
20260319_cilia_crispant_24hpf_H08_e01,20260319_cilia_crispant_24hpf_H08,1,test
20260202_C01_e01,20260202_C01,71,test
20260206_E07_e01,20260206_E07,150,test
20250703_chem3_35C_T00_1101_D04_e01,20250703_chem3_35C_T00_1101_D04,1,test
20250716_chem4_28C_T00_1158_A02_e01,20250716_chem4_28C_T00_1158_A02,1,test
20240509_D08_e01,20240509_D08,41,test
20240509_E06_e01,20240509_E06,41,test
20240306_D02_e01,20240306_D02,132,test
20251017_part1_H07_e01,20251017_part1_H07,65,test
20240522_G07_e01,20240522_G07,95,test
20240509_D03_e01,20240509_D03,41,test
20230602_E04_e01,20230602_E04,97,test
20250622_chem_35C_T00_1223_check_F06_e01,20250622_chem_35C_T00_1223_check_F06,1,test
20251121_D04_e02,20251121_D04,12,test
20231206_B04_e01,20231206_B04,59,test
20250622_chem_28C_T01_1658_H01_e01,20250622_chem_28C_T01_1658_H01,1,test
20250625_chem02_28C_T02_1332_F06_e01,20250625_chem02_28C_T02_1332_F06,1,test
20251112_F05_e02,20251112_F05,16,test
20251112_F04_e01,20251112_F04,49,test
20260228_D07_e01,20260228_D07,151,test
20250623_chem_28C_T02_1259_A08_e01,20250623_chem_28C_T02_1259_A08,1,test
20260416_cep290_30to48hpf_plate01_t02_D01_e02,20260416_cep290_30to48hpf_plate01_t02_D01,1,test
20260724_hotfish_36hpf_plate01_D08_e01,20260724_hotfish_36hpf_plate01_D08,1,test
20260414_b9d2_30hpf_plate02_F04_e01,20260414_b9d2_30hpf_plate02_F04,1,test
20260319_cilia_crispant_18hpf_G03_e01,20260319_cilia_crispant_18hpf_G03,1,test
20250622_chem_34C_T00_1256_E10_e01,20250622_chem_34C_T00_1256_E10,1,test
20260208_G11_e01,20260208_G11,321,test
20250624_chem02_35C_T01_1711_D02_e01,20250624_chem02_35C_T01_1711_D02,1,test
20250305_C03_e01,20250305_C03,340,test
20240307_E05_e01,20240307_E05,44,test
20250625_chem02_35C_T02_1228_F05_e01,20250625_chem02_35C_T02_1228_F05,1,test
20251212_B07_e01,20251212_B07,115,test
20241023_H08_e01,20241023_H08,43,test
20240530_H04_e01,20240530_H04,81,test
20260122_F10_e05,20260122_F10,104,test
20251017_part1_B09_e01,20251017_part1_B09,65,test
20250622_chem_34C_T00_1256_A12_e01,20250622_chem_34C_T00_1256_A12,1,test
20250624_chem02_28C_T01_1808_G10_e01,20250624_chem02_28C_T01_1808_G10,1,test
20240418_G02_e01,20240418_G02,46,test
20260418_irx_pilot_B09_e03,20260418_irx_pilot_B09,78,test
20230602_D06_e01,20230602_D06,97,test
20250912_F07_e01,20250912_F07,113,test
20260416_cep290_30to48hpf_plate02_t02_F03_e02,20260416_cep290_30to48hpf_plate02_t02_F03,1,test
20260415_cep290_30to48hpf_plate02_t01_F08_e01,20260415_cep290_30to48hpf_plate02_t01_F08,1,test
20250716_chem4_28C_T00_1158_B11_e01,20250716_chem4_28C_T00_1158_B11,1,test
20230627_F07_e01,20230627_F07,45,test
20260415_cep290_18hpf_plate03_E08_e01,20260415_cep290_18hpf_plate03_E08,1,test
20260202_F08_e01,20260202_F08,71,test
20251205_G11_e01,20251205_G11,115,test
20250703_chem3_28C_T00_1325_G03_e01,20250703_chem3_28C_T00_1325_G03,1,test
20250612_24hpf_wfs1_ctcf_H07_e01,20250612_24hpf_wfs1_ctcf_H07,1,test
20260724_hotfish_30hpf_plate01_D06_e01,20260724_hotfish_30hpf_plate01_D06,1,test
20241022_C10_e01,20241022_C10,37,test
20260324_cep290_30hpf_plate01_H11_e01,20260324_cep290_30hpf_plate01_H11,1,test
20260324_cep290_30hpf_plate01_D09_e02,20260324_cep290_30hpf_plate01_D09,1,test
20260415_cep290_30to48hpf_plate02_t01_G03_e02,20260415_cep290_30to48hpf_plate02_t01_G03,1,test
20250622_chem_28C_T01_1658_A12_e01,20250622_chem_28C_T01_1658_A12,1,test
20260228_B10_e01,20260228_B10,151,test
20260213_H02_e02,20260213_H02,139,test
20250512_E02_e01,20250512_E02,195,test
20250721_chem5_28C_T00_1257_B10_e01,20250721_chem5_28C_T00_1257_B10,1,test
20250721_chem5_28C_T00_1257_B01_e01,20250721_chem5_28C_T00_1257_B01,1,test
20260122_D05_e02,20260122_D05,104,test
20260702_hotchem_30hpf_plate01_D01_e01,20260702_hotchem_30hpf_plate01_D01,1,test
20260324_cep290_24hpf_plate02_A06_e01,20260324_cep290_24hpf_plate02_A06,1,test
20260724_hotfish_24hpf_plate01_C04_e01,20260724_hotfish_24hpf_plate01_C04,1,test
20260702_hotchem_24hpf_plate01_D05_e01,20260702_hotchem_24hpf_plate01_D05,1,test
20251121_C07_e01,20251121_C07,173,test
20230627_D08_e01,20230627_D08,45,test
20260206_H01_e01,20260206_H01,150,test
20250716_chem4_35C_T00_1045_E11_e01,20250716_chem4_35C_T00_1045_E11,1,test
20251017_part2_H12_e01,20251017_part2_H12,63,test
20250625_chem02_35C_T02_1228_A12_e02,20250625_chem02_35C_T02_1228_A12,1,test
20260415_cep290_30to48hpf_plate02_t01_C03_e01,20260415_cep290_30to48hpf_plate02_t01_C03,1,test
20250624_chem02_34C_T01_1739_E01_e01,20250624_chem02_34C_T01_1739_E01,1,test
20260702_hotchem_30hpf_plate02_E01_e01,20260702_hotchem_30hpf_plate02_E01,1,test
20240306_E06_e01,20240306_E06,132,test
20250612_24hpf_wfs1_ctcf_D02_e01,20250612_24hpf_wfs1_ctcf_D02,1,test
20260219_C07_e01,20260219_C07,177,test
20240726_H02_e01,20240726_H02,1,test
20250703_chem3_35C_T00_1101_D01_e01,20250703_chem3_35C_T00_1101_D01,1,test
20251017_part2_C03_e01,20251017_part2_C03,63,test
20260417_irx_pilot_B12_e01,20260417_irx_pilot_B12,27,test
20230622_C01_e01,20230622_C01,43,test
20230629_C09_e01,20230629_C09,41,test
20251125_D12_e01,20251125_D12,231,test
20250716_chem4_28C_T01_1400_F04_e01,20250716_chem4_28C_T01_1400_F04,1,test
20260724_hotfish_30hpf_plate01_B11_e01,20260724_hotfish_30hpf_plate01_B11,1,test
20230531_C09_e01,20230531_C09,66,test
20250515_part2_F01_e01,20250515_part2_F01,27,test
20260415_b9d2_30to48hpf_plate01_t02_E08_e01,20260415_b9d2_30to48hpf_plate01_t02_E08,1,test
20260724_hotfish_30hpf_plate02_D05_e01,20260724_hotfish_30hpf_plate02_D05,1,test
20260418_irx_pilot_B05_e03,20260418_irx_pilot_B05,78,test
20240718_D07_e01,20240718_D07,1,test
20260724_hotfish_36hpf_plate02_G04_e01,20260724_hotfish_36hpf_plate02_G04,1,test
20250512_G11_e01,20250512_G11,195,test
20260202_C04_e02,20260202_C04,71,test
20250415_B08_e01,20250415_B08,39,test
20250624_chem02_28C_T00_1356_E07_e01,20250624_chem02_28C_T00_1356_E07,1,test
20241022_E01_e01,20241022_E01,37,test
20250716_chem4_28C_T01_1400_A02_e01,20250716_chem4_28C_T01_1400_A02,1,test
20260122_B09_e01,20260122_B09,104,test
20231206_A08_e01,20231206_A08,59,test
20250622_chem_34C_T01_1632_F06_e01,20250622_chem_34C_T01_1632_F06,1,test
20260331_b9d2_18hpf_plate02_F03_e01,20260331_b9d2_18hpf_plate02_F03,1,test
20260319_cilia_crispant_30hpf_A05_e01,20260319_cilia_crispant_30hpf_A05,1,test
20260702_hotchem_30hpf_plate01_C10_e01,20260702_hotchem_30hpf_plate01_C10,1,test
20250612_36hpf_wfs1_ctcf_G07_e01,20250612_36hpf_wfs1_ctcf_G07,1,test
20251125_C09_e01,20251125_C09,231,test
20241022_F03_e01,20241022_F03,37,test
20250612_36hpf_ctrl_atf6_D08_e02,20250612_36hpf_ctrl_atf6_D08,1,test
20230627_C01_e01,20230627_C01,45,test
20250624_chem02_35C_T01_1711_A10_e01,20250624_chem02_35C_T01_1711_A10,1,test
20251112_H08_e02,20251112_H08,21,test
20250703_chem3_34C_T00_1131_E04_e01,20250703_chem3_34C_T00_1131_E04,1,test
20250305_C12_e01,20250305_C12,340,test
20260414_b9d2_30hpf_plate02_A08_e01,20260414_b9d2_30hpf_plate02_A08,1,test
20260202_A02_e01,20260202_A02,71,test
20230622_F03_e01,20230622_F03,43,test
20250624_chem02_35C_T01_1711_H01_e01,20250624_chem02_35C_T01_1711_H01,1,test
20240717_C06_e01,20240717_C06,1,test
20260319_cilia_crispant_24hpf_G09_e01,20260319_cilia_crispant_24hpf_G09,1,test
20250625_chem02_35C_T02_1228_A03_e02,20250625_chem02_35C_T02_1228_A03,1,test
20250425_H06_e01,20250425_H06,118,test
20230602_F07_e02,20230602_F07,52,test
20260331_b9d2_18hpf_plate02_B08_e01,20260331_b9d2_18hpf_plate02_B08,1,test
20250622_chem_35C_T00_1223_check_E10_e01,20250622_chem_35C_T00_1223_check_E10,1,test
20240530_H10_e01,20240530_H10,81,test
20240717_G04_e01,20240717_G04,1,test
20250721_chem5_28C_T00_1257_H01_e01,20250721_chem5_28C_T00_1257_H01,1,test
20260319_D06_e02,20260319_D06,105,test
20240718_H08_e01,20240718_H08,1,test
20251112_D12_e01,20251112_D12,49,test
20260202_E05_e01,20260202_E05,71,test
20240530_D01_e01,20240530_D01,81,test
20260122_H10_e03,20260122_H10,104,test
20240718_F06_e01,20240718_F06,1,test
20240418_D12_e05,20240418_D12,46,test
20260414_b9d2_30hpf_plate02_D04_e02,20260414_b9d2_30hpf_plate02_D04,1,test
20260724_hotfish_24hpf_plate01_B09_e01,20260724_hotfish_24hpf_plate01_B09,1,test
20240530_A07_e01,20240530_A07,81,test
20260213_B02_e03,20260213_B02,139,test
20250622_chem_28C_T01_1658_H04_e01,20250622_chem_28C_T01_1658_H04,1,test
20230629_D01_e01,20230629_D01,41,test
20260202_B05_e02,20260202_B05,71,test
20250215_C03_e01,20250215_C03,78,test
20260213_F11_e02,20260213_F11,139,test
20250721_chem5_28C_T01_1401_B01_e01,20250721_chem5_28C_T01_1401_B01,1,test
20250721_chem5_35C_T00_1023_F02_e01,20250721_chem5_35C_T00_1023_F02,1,test
20251205_D05_e01,20251205_D05,115,test
20230627_F10_e01,20230627_F10,45,test
20260304_G05_e01,20260304_G05,192,test
20231206_H02_e01,20231206_H02,59,test
20260319_cilia_crispant_24hpf_A10_e01,20260319_cilia_crispant_24hpf_A10,1,test
20260206_C11_e01,20260206_C11,150,test
20260319_cilia_crispant_18hpf_E10_e01,20260319_cilia_crispant_18hpf_E10,1,test
20250721_chem5_28C_T01_1401_D09_e01,20250721_chem5_28C_T01_1401_D09,1,test
20260702_hotchem_24hpf_plate01_G05_e01,20260702_hotchem_24hpf_plate01_G05,1,test
20260418_irx_pilot_G11_e02,20260418_irx_pilot_G11,78,test
20240626_E09_e01,20240626_E09,112,test
20250612_36hpf_wfs1_ctcf_F04_e01,20250612_36hpf_wfs1_ctcf_F04,1,test
20240418_A08_e04,20240418_A08,46,test
20250126_A01_e01,20250126_A01,71,test
20230531_F01_e03,20230531_F01,66,test
20250622_chem_35C_T01_1605_D02_e01,20250622_chem_35C_T01_1605_D02,1,test
20260213_G04_e02,20260213_G04,139,test
20250612_30hpf_ctrl_atf6_G03_e01,20250612_30hpf_ctrl_atf6_G03,1,test
20240509_D02_e01,20240509_D02,41,test
20260702_hotchem_24hpf_plate02_E12_e01,20260702_hotchem_24hpf_plate02_E12,1,test
20240530_A10_e01,20240530_A10,81,test
20240812_H08_e02,20240812_H08,75,test
20250622_chem_34C_T01_1632_C02_e01,20250622_chem_34C_T01_1632_C02,1,test
20250622_chem_34C_T00_1256_E07_e01,20250622_chem_34C_T00_1256_E07,1,test
20250716_chem4_34C_T00_1014_C10_e01,20250716_chem4_34C_T00_1014_C10,1,test
20240530_H04_e02,20240530_H04,81,test
20251112_B02_e03,20251112_B02,13,test
20260724_hotfish_36hpf_plate01_C11_e01,20260724_hotfish_36hpf_plate01_C11,1,test
20250519_G07_e01,20250519_G07,51,test
20260219_D10_e01,20260219_D10,177,test
20251207_pbx_G09_e01,20251207_pbx_G09,132,test
20250716_chem4_28C_T01_1400_F07_e01,20250716_chem4_28C_T01_1400_F07,1,test
20260724_hotfish_30hpf_plate02_A04_e01,20260724_hotfish_30hpf_plate02_A04,1,test
20260324_cep290_30hpf_plate02_G01_e01,20260324_cep290_30hpf_plate02_G01,1,test
20250512_G10_e02,20250512_G10,195,test
20260414_b9d2_30hpf_plate01_E10_e01,20260414_b9d2_30hpf_plate01_E10,1,test
20250703_chem3_35C_T01_1437_D07_e01,20250703_chem3_35C_T01_1437_D07,1,test
