experiment_id,physical_embryo_id,frames
20230531,20230531_A01_e01,66
20230531,20230531_A02_e01,66
20230531,20230531_A03_e01,66
20230531,20230531_A03_e02,66
20230531,20230531_A04_e01,66
20230531,20230531_A05_e01,63
20230531,20230531_A06_e01,66
20230531,20230531_A07_e01,66
20230531,20230531_A08_e01,66
20230531,20230531_A09_e01,66
20230531,20230531_A10_e01,66
20230531,20230531_A10_e02,64
20230531,20230531_A11_e01,66
20230531,20230531_A12_e01,66
20230531,20230531_B01_e01,66
20230531,20230531_B02_e01,66
20230531,20230531_B03_e01,66
20230531,20230531_B04_e01,66
20230531,20230531_B05_e01,66
20230531,20230531_B06_e01,66
20230531,20230531_B07_e01,66
20230531,20230531_B08_e01,66
20230531,20230531_B09_e01,66
20230531,20230531_B10_e01,66
20230531,20230531_B11_e01,66
20230531,20230531_B12_e01,66
20230531,20230531_B12_e02,66
20230531,20230531_C01_e01,66
20230531,20230531_C02_e01,66
20230531,20230531_C03_e01,66
20230531,20230531_C03_e02,2
20230531,20230531_C04_e01,66
20230531,20230531_C05_e01,66
20230531,20230531_C06_e01,66
20230531,20230531_C06_e02,14
20230531,20230531_C07_e01,66
20230531,20230531_C08_e01,66
20230531,20230531_C09_e01,66
20230531,20230531_C09_e02,53
20230531,20230531_C10_e01,66
20230531,20230531_C11_e01,66
20230531,20230531_C12_e01,66
20230531,20230531_D01_e01,66
20230531,20230531_D01_e02,66
20230531,20230531_D02_e01,66
20230531,20230531_D02_e02,66
20230531,20230531_D03_e01,66
20230531,20230531_D04_e01,66
20230531,20230531_D05_e01,66
20230531,20230531_D06_e01,66
20230531,20230531_D06_e02,66
20230531,20230531_D07_e01,64
20230531,20230531_D07_e02,48
20230531,20230531_D07_e03,66
20230531,20230531_D07_e04,40
20230531,20230531_D07_e05,63
20230531,20230531_D08_e01,66
20230531,20230531_D09_e01,66
20230531,20230531_D10_e01,66
20230531,20230531_D10_e02,66
20230531,20230531_D10_e03,66
20230531,20230531_D11_e01,66
20230531,20230531_D11_e02,66
20230531,20230531_D12_e01,66
20230531,20230531_E01_e01,66
20230531,20230531_E02_e01,66
20230531,20230531_E02_e02,66
20230531,20230531_E03_e01,66
20230531,20230531_E04_e01,66
20230531,20230531_E05_e01,66
20230531,20230531_E06_e01,66
20230531,20230531_E07_e01,66
20230531,20230531_E08_e01,66
20230531,20230531_E08_e02,66
20230531,20230531_E09_e01,66
20230531,20230531_E10_e01,66
20230531,20230531_E11_e01,66
20230531,20230531_E11_e02,66
20230531,20230531_E11_e03,23
20230531,20230531_E12_e01,66
20230531,20230531_E12_e02,66
20230531,20230531_F01_e01,66
20230531,20230531_F01_e02,66
20230531,20230531_F01_e03,66
20230531,20230531_F02_e01,66
20230531,20230531_F03_e01,66
20230531,20230531_F03_e02,66
20230531,20230531_F04_e01,66
20230531,20230531_F04_e02,66
20230531,20230531_F05_e01,66
20230531,20230531_F06_e01,66
20230531,20230531_F06_e02,66
20230531,20230531_F07_e01,66
20230531,20230531_F07_e02,66
20230531,20230531_F08_e01,66
20230531,20230531_F09_e01,66
20230531,20230531_F10_e01,66
20230531,20230531_F11_e01,66
20230531,20230531_F12_e01,66
20230531,20230531_G01_e01,66
20230531,20230531_G01_e02,4
20230531,20230531_G02_e01,66
20230531,20230531_G02_e02,66
20230531,20230531_G02_e03,16
20230531,20230531_G02_e04,66
20230531,20230531_G03_e01,66
20230531,20230531_G03_e02,66
20230531,20230531_G04_e01,66
20230531,20230531_G04_e02,66
20230531,20230531_G05_e01,66
20230531,20230531_G06_e01,66
20230531,20230531_G07_e01,66
20230531,20230531_G07_e02,66
20230531,20230531_G08_e01,66
20230531,20230531_G08_e02,66
20230531,20230531_G08_e03,66
20230531,20230531_G08_e04,66
20230531,20230531_G09_e01,66
20230531,20230531_G10_e01,66
20230531,20230531_G10_e02,66
20230531,20230531_G10_e03,66
20230531,20230531_G10_e04,66
20230531,20230531_G11_e01,66
20230531,20230531_G11_e02,66
20230602,20230602_A01_e01,98
20230602,20230602_A01_e02,98
20230602,20230602_A02_e01,98
20230602,20230602_A03_e01,98
20230602,20230602_A04_e01,98
20230602,20230602_A05_e01,98
20230602,20230602_A06_e01,98
20230602,20230602_A06_e02,98
20230602,20230602_A07_e01,98
20230602,20230602_A07_e02,98
20230602,20230602_A08_e01,98
20230602,20230602_A08_e02,98
20230602,20230602_A09_e01,91
20230602,20230602_A09_e02,98
20230602,20230602_A10_e01,98
20230602,20230602_A10_e02,98
20230602,20230602_A11_e01,96
20230602,20230602_A11_e02,98
20230602,20230602_A12_e01,98
20230602,20230602_B01_e01,98
20230602,20230602_B02_e01,98
20230602,20230602_B03_e01,98
20230602,20230602_B03_e02,98
20230602,20230602_B04_e01,93
20230602,20230602_B05_e01,90
20230602,20230602_B06_e01,98
20230602,20230602_B06_e02,98
20230602,20230602_B06_e03,98
20230602,20230602_B07_e01,98
20230602,20230602_B07_e02,71
20230602,20230602_B08_e01,85
20230602,20230602_B09_e01,98
20230602,20230602_B10_e01,98
20230602,20230602_B11_e01,98
20230602,20230602_B12_e01,98
20230602,20230602_C01_e01,96
20230602,20230602_C02_e01,98
20230602,20230602_C03_e01,98
20230602,20230602_C04_e01,97
20230602,20230602_C05_e01,96
20230602,20230602_C06_e01,98
20230602,20230602_C07_e01,98
20230602,20230602_C08_e01,95
20230602,20230602_C09_e01,98
20230602,20230602_C10_e01,98
20230602,20230602_C10_e02,98
20230602,20230602_C11_e01,97
20230602,20230602_C11_e02,43
20230602,20230602_C12_e01,97
20230602,20230602_D01_e01,97
20230602,20230602_D02_e01,97
20230602,20230602_D03_e01,97
20230602,20230602_D04_e01,97
20230602,20230602_D05_e01,97
20230602,20230602_D05_e02,49
20230602,20230602_D06_e01,97
20230602,20230602_D07_e01,97
20230602,20230602_D08_e01,97
20230602,20230602_D09_e01,97
20230602,20230602_D10_e01,97
20230602,20230602_D11_e01,97
20230602,20230602_D12_e01,97
20230602,20230602_E01_e01,97
20230602,20230602_E02_e01,97
20230602,20230602_E03_e01,97
20230602,20230602_E04_e01,97
20230602,20230602_E05_e01,97
20230602,20230602_E06_e01,97
20230602,20230602_E07_e01,95
20230602,20230602_E08_e01,97
20230602,20230602_E09_e01,97
20230602,20230602_E10_e01,97
20230602,20230602_E11_e01,97
20230602,20230602_E12_e01,97
20230602,20230602_F01_e01,97
20230602,20230602_F02_e01,97
20230602,20230602_F03_e01,97
20230602,20230602_F04_e01,97
20230602,20230602_F05_e01,97
20230602,20230602_F06_e01,97
20230602,20230602_F07_e01,97
20230602,20230602_F07_e02,52
20230602,20230602_F08_e01,97
20230602,20230602_F08_e02,53
20230602,20230602_F09_e01,97
20230602,20230602_F10_e01,97
20230602,20230602_F11_e01,97
20230602,20230602_F12_e01,97
20230602,20230602_G01_e01,97
20230602,20230602_G02_e01,97
20230602,20230602_G03_e01,97
20230602,20230602_G04_e01,97
20230602,20230602_G05_e01,97
20230602,20230602_G06_e01,97
20230602,20230602_G07_e01,97
20230613,20230613_A01_e01,66
20230613,20230613_A02_e01,66
20230613,20230613_A03_e01,66
20230613,20230613_A04_e01,66
20230613,20230613_A05_e01,66
20230613,20230613_A06_e01,66
20230613,20230613_A07_e01,66
20230613,20230613_A08_e01,66
20230613,20230613_A09_e01,66
20230613,20230613_A10_e01,66
20230613,20230613_A11_e01,66
20230613,20230613_A12_e01,66
20230613,20230613_A12_e02,66
20230613,20230613_B01_e01,66
20230613,20230613_B02_e01,66
20230613,20230613_B03_e01,66
20230613,20230613_B04_e01,66
20230613,20230613_B05_e01,66
20230613,20230613_B06_e01,66
20230613,20230613_B07_e01,62
20230613,20230613_B08_e01,66
20230613,20230613_B09_e01,40
20230613,20230613_B10_e01,66
20230613,20230613_B11_e01,66
20230613,20230613_B11_e02,66
20230613,20230613_B12_e01,66
20230613,20230613_C01_e01,66
20230613,20230613_C02_e01,66
20230613,20230613_C03_e01,66
20230613,20230613_C04_e01,66
20230613,20230613_C05_e01,66
20230613,20230613_C06_e01,66
20230613,20230613_C07_e01,66
20230613,20230613_C08_e01,66
20230613,20230613_C09_e01,66
20230613,20230613_C10_e01,66
20230613,20230613_C11_e01,66
20230613,20230613_C12_e01,66
20230613,20230613_D01_e01,66
20230613,20230613_D02_e01,66
20230613,20230613_D03_e01,66
20230613,20230613_D04_e01,66
20230613,20230613_D05_e01,66
20230613,20230613_D06_e01,66
20230613,20230613_D07_e01,66
20230613,20230613_D07_e02,66
20230613,20230613_D08_e01,66
20230613,20230613_D09_e01,66
20230613,20230613_D10_e01,66
20230613,20230613_D10_e02,66
20230613,20230613_D11_e01,66
20230613,20230613_D12_e01,66
20230613,20230613_E01_e01,66
20230613,20230613_E02_e01,66
20230613,20230613_E03_e01,66
20230613,20230613_E04_e01,66
20230613,20230613_E05_e01,65
20230613,20230613_E06_e01,65
20230613,20230613_E07_e01,65
20230613,20230613_E07_e02,65
20230613,20230613_E07_e03,65
20230613,20230613_E08_e01,65
20230613,20230613_E09_e01,65
20230613,20230613_E10_e01,65
20230613,20230613_E11_e01,65
20230613,20230613_E12_e01,65
20230613,20230613_F01_e01,65
20230613,20230613_F01_e02,65
20230613,20230613_F01_e03,65
20230613,20230613_F02_e01,65
20230613,20230613_F03_e01,65
20230613,20230613_F04_e01,65
20230613,20230613_F05_e01,65
20230613,20230613_F06_e01,65
20230613,20230613_F07_e01,65
20230613,20230613_F08_e01,65
20230613,20230613_F09_e01,65
20230613,20230613_F10_e01,65
20230613,20230613_F11_e01,65
20230613,20230613_F12_e01,65
20230613,20230613_G01_e01,65
20230613,20230613_G02_e01,65
20230613,20230613_G03_e01,65
20230615,20230615_A01_e01,50
20230615,20230615_A02_e01,50
20230615,20230615_A03_e01,50
20230615,20230615_A03_e02,50
20230615,20230615_A04_e01,50
20230615,20230615_A05_e01,50
20230615,20230615_A06_e01,48
20230615,20230615_A07_e01,50
20230615,20230615_A08_e01,50
20230615,20230615_A09_e01,49
20230615,20230615_A10_e01,50
20230615,20230615_A10_e02,50
20230615,20230615_A11_e01,50
20230615,20230615_A12_e01,49
20230615,20230615_B01_e01,50
20230615,20230615_B02_e01,40
20230615,20230615_B03_e01,50
20230615,20230615_B04_e01,49
20230615,20230615_B05_e01,50
20230615,20230615_B06_e01,50
20230615,20230615_B07_e01,50
20230615,20230615_B08_e01,48
20230615,20230615_B09_e01,49
20230615,20230615_B10_e01,48
20230615,20230615_B11_e01,48
20230615,20230615_B12_e01,50
20230615,20230615_C01_e01,50
20230615,20230615_C01_e02,50
20230615,20230615_C02_e01,50
20230615,20230615_C03_e01,50
20230615,20230615_C04_e01,50
20230615,20230615_C05_e01,50
20230615,20230615_C06_e01,50
20230615,20230615_C07_e01,50
20230615,20230615_C08_e01,50
20230615,20230615_C09_e01,50
20230615,20230615_C09_e02,50
20230615,20230615_C10_e01,50
20230615,20230615_C11_e01,50
20230615,20230615_C12_e01,50
20230615,20230615_D01_e01,50
20230615,20230615_D02_e01,50
20230615,20230615_D03_e01,50
20230615,20230615_D04_e01,50
20230615,20230615_D05_e01,50
20230615,20230615_D06_e01,50
20230615,20230615_D07_e01,50
20230615,20230615_D08_e01,50
20230615,20230615_D08_e02,50
20230615,20230615_D09_e01,43
20230615,20230615_D10_e01,49
20230615,20230615_D11_e01,50
20230615,20230615_D12_e01,48
20230615,20230615_D12_e02,48
20230615,20230615_E01_e01,50
20230615,20230615_E02_e01,50
20230615,20230615_E03_e01,50
20230615,20230615_E04_e01,50
20230615,20230615_E05_e01,50
20230615,20230615_E06_e01,50
20230615,20230615_E07_e01,50
20230615,20230615_E08_e01,50
20230615,20230615_E09_e01,50
20230615,20230615_E10_e01,50
20230615,20230615_E11_e01,50
20230615,20230615_E12_e01,50
20230615,20230615_F01_e01,50
20230615,20230615_F02_e01,50
20230615,20230615_F03_e01,50
20230615,20230615_F04_e01,50
20230615,20230615_F05_e01,50
20230615,20230615_F06_e01,50
20230615,20230615_F07_e01,50
20230615,20230615_F08_e01,50
20230615,20230615_F09_e01,50
20230615,20230615_F10_e01,50
20230615,20230615_F11_e01,50
20230615,20230615_F12_e01,50
20230615,20230615_G01_e01,50
20230615,20230615_G02_e01,50
20230615,20230615_G03_e01,50
20230615,20230615_G04_e01,50
20230615,20230615_G05_e01,50
20230615,20230615_G06_e01,50
20230615,20230615_G07_e01,50
20230620,20230620_A01_e01,89
20230620,20230620_A02_e01,89
20230620,20230620_A03_e01,89
20230620,20230620_A04_e01,89
20230620,20230620_A05_e01,89
20230620,20230620_A05_e02,89
20230620,20230620_A06_e01,89
20230620,20230620_A07_e01,89
20230620,20230620_A08_e01,89
20230620,20230620_A09_e01,89
20230620,20230620_A09_e02,89
20230620,20230620_A10_e01,89
20230620,20230620_A10_e02,89
20230620,20230620_A11_e01,89
20230620,20230620_A11_e02,89
20230620,20230620_A12_e01,89
20230620,20230620_B01_e01,89
20230620,20230620_B02_e01,89
20230620,20230620_B02_e02,89
20230620,20230620_B03_e01,89
20230620,20230620_B03_e02,89
20230620,20230620_B04_e01,89
20230620,20230620_B04_e02,89
20230620,20230620_B05_e01,89
20230620,20230620_B05_e02,89
20230620,20230620_B06_e01,89
20230620,20230620_B06_e02,89
20230620,20230620_B07_e01,89
20230620,20230620_B07_e02,89
20230620,20230620_B08_e01,89
20230620,20230620_B08_e02,89
20230620,20230620_B08_e03,89
20230620,20230620_B09_e01,88
20230620,20230620_B10_e01,88
20230620,20230620_B10_e02,88
20230620,20230620_B11_e01,88
20230620,20230620_B12_e01,88
20230620,20230620_C01_e01,88
20230620,20230620_C02_e01,88
20230620,20230620_C03_e01,88
20230620,20230620_C04_e01,88
20230620,20230620_C04_e02,88
20230620,20230620_C05_e01,88
20230620,20230620_C06_e01,88
20230620,20230620_C07_e01,88
20230620,20230620_C07_e02,88
20230620,20230620_C08_e01,88
20230620,20230620_C09_e02,88
20230620,20230620_C10_e01,88
20230620,20230620_C11_e01,88
20230620,20230620_C12_e01,88
20230620,20230620_D01_e01,88
20230620,20230620_D02_e01,88
20230620,20230620_D03_e01,88
20230620,20230620_D04_e01,88
20230620,20230620_D05_e01,88
20230620,20230620_D06_e01,88
20230620,20230620_D06_e02,60
20230620,20230620_D07_e01,88
20230620,20230620_D08_e01,88
20230620,20230620_D09_e01,88
20230620,20230620_D10_e01,88
20230622,20230622_A01_e01,44
20230622,20230622_A02_e01,44
20230622,20230622_A03_e01,44
20230622,20230622_A04_e01,44
20230622,20230622_A05_e01,44
20230622,20230622_A06_e01,44
20230622,20230622_A07_e01,44
20230622,20230622_A08_e01,44
20230622,20230622_A09_e01,44
20230622,20230622_A09_e02,44
20230622,20230622_A10_e01,44
20230622,20230622_A11_e01,44
20230622,20230622_A12_e01,44
20230622,20230622_B01_e01,43
20230622,20230622_B02_e01,43
20230622,20230622_B03_e01,43
20230622,20230622_B04_e01,43
20230622,20230622_B05_e01,43
20230622,20230622_B06_e01,43
20230622,20230622_B06_e02,43
20230622,20230622_B06_e03,43
20230622,20230622_B07_e01,43
20230622,20230622_B08_e01,43
20230622,20230622_B09_e01,43
20230622,20230622_B10_e01,43
20230622,20230622_B11_e01,43
20230622,20230622_B12_e01,43
20230622,20230622_C01_e01,43
20230622,20230622_C01_e02,43
20230622,20230622_C02_e01,43
20230622,20230622_C03_e01,43
20230622,20230622_C04_e01,43
20230622,20230622_C05_e01,43
20230622,20230622_C06_e01,43
20230622,20230622_C06_e02,43
20230622,20230622_C06_e03,43
20230622,20230622_C06_e04,43
20230622,20230622_C07_e01,43
20230622,20230622_C08_e01,43
20230622,20230622_C09_e01,43
20230622,20230622_C10_e01,43
20230622,20230622_C11_e01,43
20230622,20230622_C12_e01,43
20230622,20230622_D01_e01,43
20230622,20230622_D02_e01,43
20230622,20230622_D02_e02,43
20230622,20230622_D02_e03,43
20230622,20230622_D03_e01,43
20230622,20230622_D04_e01,43
20230622,20230622_D05_e01,43
20230622,20230622_D06_e01,43
20230622,20230622_D06_e02,43
20230622,20230622_D07_e01,43
20230622,20230622_D08_e01,43
20230622,20230622_D09_e01,43
20230622,20230622_D10_e01,43
20230622,20230622_D10_e02,43
20230622,20230622_D11_e01,43
20230622,20230622_D12_e01,43
20230622,20230622_E01_e01,43
20230622,20230622_E02_e01,43
20230622,20230622_E03_e01,43
20230622,20230622_E04_e01,43
20230622,20230622_E05_e01,43
20230622,20230622_E06_e01,43
20230622,20230622_E07_e01,43
20230622,20230622_E08_e01,43
20230622,20230622_E09_e01,43
20230622,20230622_E10_e01,43
20230622,20230622_E11_e01,43
20230622,20230622_E11_e02,43
20230622,20230622_E12_e01,43
20230622,20230622_F01_e01,43
20230622,20230622_F02_e01,43
20230622,20230622_F03_e01,43
20230622,20230622_F03_e02,43
20230622,20230622_F04_e01,43
20230622,20230622_F05_e01,43
20230622,20230622_F06_e01,43
20230622,20230622_F07_e01,43
20230622,20230622_F08_e01,43
20230622,20230622_F09_e01,43
20230622,20230622_F10_e01,43
20230627,20230627_A01_e01,45
20230627,20230627_A02_e01,45
20230627,20230627_A03_e01,45
20230627,20230627_A03_e02,36
20230627,20230627_A04_e01,45
20230627,20230627_A04_e02,45
20230627,20230627_A05_e01,45
20230627,20230627_A06_e01,45
20230627,20230627_A07_e01,45
20230627,20230627_A08_e01,45
20230627,20230627_A08_e02,45
20230627,20230627_A09_e01,45
20230627,20230627_A09_e02,45
20230627,20230627_A09_e03,45
20230627,20230627_A10_e01,45
20230627,20230627_A10_e02,45
20230627,20230627_A11_e01,45
20230627,20230627_A11_e02,45
20230627,20230627_A12_e01,45
20230627,20230627_B01_e01,45
20230627,20230627_B02_e01,45
20230627,20230627_B03_e01,45
20230627,20230627_B04_e01,45
20230627,20230627_B05_e01,45
20230627,20230627_B06_e01,45
20230627,20230627_B07_e01,45
20230627,20230627_B08_e01,45
20230627,20230627_B09_e01,45
20230627,20230627_B10_e01,45
20230627,20230627_B11_e01,45
20230627,20230627_B12_e01,45
20230627,20230627_C01_e01,45
20230627,20230627_C02_e01,45
20230627,20230627_C03_e01,45
20230627,20230627_C04_e01,45
20230627,20230627_C05_e01,45
20230627,20230627_C05_e02,45
20230627,20230627_C06_e01,45
20230627,20230627_C06_e02,45
20230627,20230627_C06_e03,45
20230627,20230627_C07_e01,45
20230627,20230627_C07_e02,45
20230627,20230627_C08_e01,45
20230627,20230627_C09_e01,45
20230627,20230627_C10_e01,10
20230627,20230627_C10_e02,45
20230627,20230627_C11_e01,45
20230627,20230627_C12_e01,45
20230627,20230627_D01_e01,45
20230627,20230627_D02_e01,45
20230627,20230627_D03_e01,45
20230627,20230627_D04_e01,45
20230627,20230627_D04_e02,45
20230627,20230627_D05_e01,45
20230627,20230627_D05_e02,39
20230627,20230627_D06_e01,45
20230627,20230627_D06_e02,45
20230627,20230627_D07_e01,45
20230627,20230627_D07_e02,45
20230627,20230627_D08_e01,45
20230627,20230627_D09_e01,45
20230627,20230627_D09_e02,45
20230627,20230627_D10_e01,45
20230627,20230627_D10_e02,45
20230627,20230627_D11_e01,45
20230627,20230627_D12_e01,45
20230627,20230627_E01_e01,45
20230627,20230627_E02_e01,45
20230627,20230627_E03_e01,45
20230627,20230627_E04_e01,45
20230627,20230627_E05_e01,45
20230627,20230627_E06_e01,45
20230627,20230627_E07_e01,45
20230627,20230627_E08_e01,45
20230627,20230627_E09_e01,45
20230627,20230627_E09_e02,13
20230627,20230627_E10_e01,45
20230627,20230627_E11_e01,45
20230627,20230627_E12_e01,45
20230627,20230627_F01_e01,45
20230627,20230627_F02_e01,45
20230627,20230627_F03_e01,45
20230627,20230627_F04_e01,45
20230627,20230627_F05_e01,45
20230627,20230627_F06_e01,45
20230627,20230627_F07_e01,45
20230627,20230627_F08_e01,45
20230627,20230627_F09_e01,45
20230627,20230627_F10_e01,45
20230627,20230627_F11_e01,45
20230627,20230627_F12_e01,45
20230627,20230627_F12_e02,45
20230627,20230627_G01_e01,45
20230627,20230627_G02_e01,45
20230627,20230627_G03_e01,45
20230629,20230629_A01_e01,42
20230629,20230629_A01_e02,42
20230629,20230629_A02_e01,42
20230629,20230629_A03_e01,42
20230629,20230629_A04_e01,42
20230629,20230629_A04_e02,42
20230629,20230629_A05_e01,42
20230629,20230629_A06_e01,42
20230629,20230629_A07_e01,42
20230629,20230629_A08_e01,42
20230629,20230629_A09_e01,42
20230629,20230629_A10_e01,42
20230629,20230629_A11_e01,41
20230629,20230629_A12_e01,41
20230629,20230629_B01_e01,41
20230629,20230629_B02_e01,41
20230629,20230629_B02_e02,41
20230629,20230629_B03_e01,41
20230629,20230629_B04_e01,41
20230629,20230629_B05_e01,41
20230629,20230629_B06_e01,18
20230629,20230629_B07_e01,41
20230629,20230629_B07_e02,41
20230629,20230629_B08_e01,41
20230629,20230629_B08_e02,41
20230629,20230629_B09_e01,41
20230629,20230629_B10_e01,41
20230629,20230629_B11_e01,41
20230629,20230629_B12_e01,41
20230629,20230629_C01_e01,41
20230629,20230629_C02_e01,41
20230629,20230629_C02_e02,41
20230629,20230629_C02_e03,41
20230629,20230629_C03_e01,41
20230629,20230629_C04_e01,41
20230629,20230629_C04_e02,41
20230629,20230629_C04_e03,41
20230629,20230629_C05_e01,41
20230629,20230629_C06_e01,41
20230629,20230629_C07_e01,41
20230629,20230629_C08_e01,41
20230629,20230629_C08_e02,41
20230629,20230629_C09_e01,41
20230629,20230629_C10_e01,41
20230629,20230629_C11_e01,41
20230629,20230629_C12_e01,41
20230629,20230629_D01_e01,41
20230629,20230629_D02_e01,41
20230629,20230629_D03_e01,41
20230629,20230629_D04_e01,41
20230629,20230629_D05_e01,41
20230629,20230629_D06_e01,41
20230629,20230629_D07_e01,41
20230629,20230629_D08_e01,41
20230629,20230629_D09_e01,41
20230629,20230629_D10_e01,41
20230629,20230629_D10_e02,40
20230629,20230629_D11_e01,41
20230629,20230629_D12_e02,41
20230629,20230629_E01_e01,41
20230629,20230629_E01_e03,41
20230629,20230629_E01_e04,2
20230629,20230629_E02_e01,36
20230629,20230629_E02_e02,41
20230629,20230629_E03_e01,41
20230629,20230629_E03_e02,24
20230629,20230629_E04_e01,41
20230629,20230629_E04_e02,41
20230629,20230629_E05_e01,41
20230629,20230629_E05_e02,14
20230629,20230629_E06_e01,41
20230629,20230629_E07_e01,41
20230629,20230629_E08_e01,41
20230629,20230629_E09_e01,41
20230629,20230629_E09_e02,41
20230629,20230629_E10_e01,41
20230629,20230629_E11_e01,41
20230629,20230629_E12_e01,41
20230629,20230629_F01_e01,41
20230629,20230629_F02_e01,41
20230629,20230629_F03_e01,41
20230629,20230629_F04_e01,41
20230629,20230629_F05_e01,41
20230629,20230629_F06_e01,41
20230629,20230629_F07_e01,41
20230629,20230629_F08_e01,41
20230629,20230629_F09_e01,41
20230629,20230629_F10_e01,41
20230629,20230629_F10_e02,41
20230629,20230629_F11_e01,41
20230629,20230629_F12_e01,41
20230629,20230629_G01_e01,41
20230629,20230629_G02_e01,41
20230629,20230629_G02_e02,41
20230629,20230629_G03_e01,41
20230629,20230629_G03_e02,41
20230629,20230629_G04_e01,41
20230629,20230629_G05_e01,41
20230831,20230831_A01_e01,1
20230831,20230831_A02_e01,1
20230831,20230831_A03_e01,1
20230831,20230831_A04_e01,1
20230831,20230831_A05_e01,1
20230831,20230831_A06_e01,1
20230831,20230831_A07_e01,1
20230831,20230831_A08_e01,1
20230831,20230831_B01_e01,1
20230831,20230831_B02_e01,1
20230831,20230831_B03_e01,1
20230831,20230831_B04_e01,1
20230831,20230831_B05_e01,1
20230831,20230831_B06_e01,1
20230831,20230831_B07_e01,1
20230831,20230831_B08_e01,1
20230831,20230831_C01_e01,1
20230831,20230831_C02_e01,1
20230831,20230831_C03_e01,1
20230831,20230831_C04_e01,1
20230831,20230831_C05_e01,1
20230831,20230831_C06_e01,1
20230831,20230831_C07_e01,1
20230831,20230831_C08_e01,1
20230831,20230831_D01_e01,1
20230831,20230831_D02_e01,1
20230831,20230831_D03_e01,1
20230831,20230831_D04_e01,1
20230831,20230831_D05_e01,1
20230831,20230831_D06_e01,1
20230831,20230831_D07_e01,1
20230831,20230831_D08_e01,1
20230831,20230831_E01_e01,1
20230831,20230831_E02_e01,1
20230831,20230831_E03_e01,1
20230831,20230831_E04_e01,1
20230831,20230831_E05_e01,1
20230831,20230831_E06_e01,1
20230831,20230831_E07_e01,1
20230831,20230831_E08_e01,1
20230831,20230831_F01_e01,1
20230831,20230831_F02_e01,1
20230831,20230831_F03_e01,1
20230831,20230831_F04_e01,1
20230831,20230831_F05_e01,1
20230831,20230831_F05_e02,1
20230831,20230831_F06_e01,1
20230831,20230831_F07_e01,1
20230831,20230831_F08_e01,1
20230831,20230831_G01_e01,1
20230831,20230831_G02_e01,1
20230831,20230831_G03_e01,1
20230831,20230831_G04_e01,1
20230831,20230831_G05_e01,1
20230831,20230831_G06_e01,1
20230831,20230831_G07_e01,1
20230831,20230831_G08_e01,1
20230831,20230831_H01_e01,1
20230831,20230831_H02_e01,1
20230831,20230831_H03_e01,1
20230831,20230831_H04_e01,1
20230831,20230831_H05_e01,1
20230831,20230831_H06_e01,1
20230831,20230831_H07_e01,1
20230831,20230831_H08_e01,1
20231110,20231110_A01_e01,64
20231110,20231110_A03_e01,64
20231110,20231110_A05_e01,64
20231110,20231110_A08_e01,64
20231110,20231110_A08_e02,64
20231110,20231110_A10_e01,64
20231110,20231110_A12_e01,64
20231110,20231110_B01_e01,64
20231110,20231110_B01_e02,64
20231110,20231110_B03_e01,64
20231110,20231110_B04_e01,64
20231110,20231110_B04_e02,64
20231110,20231110_B05_e01,64
20231110,20231110_B07_e01,64
20231110,20231110_B08_e01,64
20231110,20231110_B08_e02,64
20231110,20231110_B09_e01,64
20231110,20231110_B10_e01,64
20231110,20231110_B11_e01,64
20231110,20231110_B12_e01,64
20231110,20231110_C01_e01,64
20231110,20231110_C02_e01,64
20231110,20231110_C05_e01,64
20231110,20231110_C06_e01,64
20231110,20231110_C06_e02,22
20231110,20231110_C08_e01,64
20231110,20231110_C08_e02,64
20231110,20231110_C10_e01,64
20231110,20231110_C11_e01,64
20231110,20231110_C12_e01,64
20231110,20231110_D01_e01,6
20231110,20231110_D02_e01,64
20231110,20231110_D03_e01,64
20231110,20231110_D05_e01,64
20231110,20231110_D06_e01,64
20231110,20231110_D07_e01,64
20231110,20231110_D07_e02,64
20231110,20231110_D09_e01,64
20231110,20231110_D10_e01,64
20231110,20231110_D11_e01,64
20231110,20231110_D12_e01,64
20231110,20231110_E01_e01,64
20231110,20231110_E01_e02,64
20231110,20231110_E02_e01,64
20231110,20231110_E05_e01,64
20231110,20231110_E06_e01,64
20231110,20231110_E07_e01,64
20231110,20231110_E08_e01,64
20231110,20231110_E08_e02,64
20231110,20231110_E10_e01,64
20231110,20231110_E11_e01,64
20231110,20231110_E12_e01,64
20231110,20231110_F03_e01,64
20231110,20231110_F03_e02,64
20231110,20231110_F04_e01,64
20231110,20231110_F05_e01,64
20231110,20231110_F05_e02,64
20231110,20231110_F07_e01,64
20231110,20231110_F08_e01,64
20231110,20231110_F08_e02,64
20231110,20231110_F09_e01,64
20231110,20231110_F10_e01,64
20231110,20231110_F12_e01,64
20231110,20231110_F12_e02,64
20231110,20231110_G01_e01,64
20231110,20231110_G03_e01,64
20231110,20231110_G04_e01,64
20231110,20231110_G04_e02,64
20231110,20231110_G05_e01,64
20231110,20231110_G05_e02,64
20231110,20231110_G07_e01,64
20231110,20231110_G08_e01,64
20231110,20231110_G09_e01,64
20231110,20231110_G10_e01,64
20231110,20231110_G11_e01,64
20231110,20231110_G11_e02,64
20231110,20231110_G11_e03,64
20231110,20231110_G11_e04,64
20231110,20231110_G11_e05,64
20231110,20231110_H01_e01,64
20231110,20231110_H02_e01,64
20231110,20231110_H02_e02,64
20231110,20231110_H04_e01,64
20231110,20231110_H05_e01,64
20231110,20231110_H06_e01,64
20231110,20231110_H07_e01,64
20231110,20231110_H08_e01,64
20231110,20231110_H09_e01,64
20231110,20231110_H09_e02,64
20231110,20231110_H10_e01,64
20231110,20231110_H10_e02,64
20231110,20231110_H11_e01,64
20231110,20231110_H12_e01,64
20231206,20231206_A01_e01,59
20231206,20231206_A01_e02,59
20231206,20231206_A02_e01,59
20231206,20231206_A03_e01,59
20231206,20231206_A04_e01,59
20231206,20231206_A05_e01,59
20231206,20231206_A06_e01,59
20231206,20231206_A06_e02,59
20231206,20231206_A07_e01,59
20231206,20231206_A08_e01,59
20231206,20231206_A09_e01,59
20231206,20231206_A09_e02,59
20231206,20231206_A09_e03,59
20231206,20231206_A10_e01,59
20231206,20231206_A10_e02,59
20231206,20231206_A11_e01,59
20231206,20231206_A12_e01,59
20231206,20231206_A12_e02,59
20231206,20231206_B01_e01,59
20231206,20231206_B01_e02,59
20231206,20231206_B01_e03,16
20231206,20231206_B02_e01,59
20231206,20231206_B03_e01,59
20231206,20231206_B03_e02,59
20231206,20231206_B04_e01,59
20231206,20231206_B04_e02,59
20231206,20231206_B05_e01,59
20231206,20231206_B06_e01,59
20231206,20231206_B07_e01,59
20231206,20231206_B08_e01,59
20231206,20231206_B09_e01,59
20231206,20231206_B09_e02,59
20231206,20231206_B11_e01,59
20231206,20231206_B12_e01,59
20231206,20231206_C01_e01,59
20231206,20231206_C01_e02,59
20231206,20231206_C02_e01,59
20231206,20231206_C03_e01,59
20231206,20231206_C04_e01,59
20231206,20231206_C04_e02,52
20231206,20231206_C05_e01,59
20231206,20231206_C06_e01,59
20231206,20231206_C07_e01,59
20231206,20231206_C08_e01,59
20231206,20231206_C09_e01,59
20231206,20231206_C09_e02,59
20231206,20231206_C10_e01,59
20231206,20231206_C11_e01,59
20231206,20231206_C12_e01,59
20231206,20231206_C12_e02,59
20231206,20231206_D02_e01,59
20231206,20231206_D02_e02,59
20231206,20231206_D03_e01,59
20231206,20231206_D03_e02,59
20231206,20231206_D04_e01,59
20231206,20231206_D04_e02,59
20231206,20231206_D04_e03,28
20231206,20231206_D05_e01,59
20231206,20231206_D06_e01,59
20231206,20231206_D07_e01,59
20231206,20231206_D08_e01,59
20231206,20231206_D09_e01,59
20231206,20231206_D09_e02,59
20231206,20231206_D10_e01,59
20231206,20231206_D10_e02,59
20231206,20231206_D10_e03,59
20231206,20231206_D11_e01,59
20231206,20231206_D12_e01,59
20231206,20231206_D12_e02,59
20231206,20231206_E01_e01,59
20231206,20231206_E03_e01,59
20231206,20231206_E03_e02,59
20231206,20231206_E04_e01,59
20231206,20231206_E04_e02,59
20231206,20231206_E05_e01,59
20231206,20231206_E08_e01,59
20231206,20231206_E09_e01,59
20231206,20231206_E10_e01,59
20231206,20231206_E11_e01,59
20231206,20231206_E12_e01,59
20231206,20231206_E12_e02,59
20231206,20231206_F01_e01,59
20231206,20231206_F02_e01,59
20231206,20231206_F02_e02,59
20231206,20231206_F03_e01,59
20231206,20231206_F04_e01,59
20231206,20231206_F04_e02,59
20231206,20231206_F05_e01,59
20231206,20231206_F07_e01,59
20231206,20231206_F08_e01,59
20231206,20231206_F09_e01,59
20231206,20231206_F09_e02,59
20231206,20231206_F10_e01,59
20231206,20231206_F11_e01,59
20231206,20231206_F12_e01,59
20231206,20231206_G01_e01,59
20231206,20231206_G02_e01,59
20231206,20231206_G02_e02,59
20231206,20231206_G03_e01,59
20231206,20231206_G04_e01,59
20231206,20231206_G04_e02,57
20231206,20231206_G05_e01,59
20231206,20231206_G06_e01,59
20231206,20231206_G06_e02,59
20231206,20231206_G07_e01,59
20231206,20231206_G08_e01,59
20231206,20231206_G09_e01,59
20231206,20231206_G09_e02,59
20231206,20231206_G10_e01,59
20231206,20231206_G10_e02,59
20231206,20231206_G11_e01,59
20231206,20231206_G12_e01,59
20231206,20231206_G12_e02,59
20231206,20231206_G12_e03,59
20231206,20231206_H01_e01,59
20231206,20231206_H02_e01,59
20231206,20231206_H04_e01,59
20231206,20231206_H04_e02,59
20231206,20231206_H05_e01,59
20231206,20231206_H06_e01,59
20231206,20231206_H06_e02,59
20231206,20231206_H07_e01,59
20231206,20231206_H08_e01,59
20231206,20231206_H09_e01,59
20231206,20231206_H09_e02,59
20231206,20231206_H10_e01,59
20231206,20231206_H10_e02,59
20231206,20231206_H11_e01,59
20231206,20231206_H11_e02,59
20231206,20231206_H12_e01,59
20231218,20231218_A01_e01,34
20231218,20231218_A01_e02,34
20231218,20231218_A02_e01,34
20231218,20231218_A03_e01,34
20231218,20231218_A04_e01,34
20231218,20231218_A05_e01,34
20231218,20231218_A06_e01,34
20231218,20231218_A07_e01,34
20231218,20231218_A08_e01,34
20231218,20231218_A08_e02,34
20231218,20231218_A09_e01,34
20231218,20231218_A10_e01,34
20231218,20231218_A11_e01,34
20231218,20231218_B01_e01,34
20231218,20231218_B02_e01,34
20231218,20231218_B03_e01,34
20231218,20231218_B04_e01,34
20231218,20231218_B04_e02,34
20231218,20231218_B05_e01,34
20231218,20231218_B05_e02,34
20231218,20231218_B06_e01,34
20231218,20231218_B07_e01,34
20231218,20231218_B08_e01,34
20231218,20231218_B10_e01,34
20231218,20231218_B10_e02,34
20231218,20231218_B11_e01,34
20231218,20231218_B12_e01,34
20231218,20231218_C01_e01,34
20231218,20231218_C02_e01,34
20231218,20231218_C03_e01,34
20231218,20231218_C04_e01,34
20231218,20231218_C05_e01,34
20231218,20231218_C06_e01,34
20231218,20231218_C07_e01,34
20231218,20231218_C09_e01,34
20231218,20231218_C10_e01,34
20231218,20231218_C11_e01,34
20231218,20231218_C12_e01,34
20231218,20231218_D01_e01,34
20231218,20231218_D01_e02,34
20231218,20231218_D02_e01,34
20231218,20231218_D03_e01,34
20231218,20231218_D04_e01,34
20231218,20231218_D05_e01,34
20231218,20231218_D06_e01,34
20231218,20231218_D07_e01,34
20231218,20231218_D08_e01,34
20231218,20231218_D09_e01,34
20231218,20231218_D10_e01,34
20231218,20231218_D10_e02,34
20231218,20231218_D11_e01,34
20231218,20231218_D12_e01,34
20231218,20231218_E01_e01,34
20231218,20231218_E01_e02,34
20231218,20231218_E02_e01,34
20231218,20231218_E03_e01,34
20231218,20231218_E04_e01,34
20231218,20231218_E05_e01,34
20231218,20231218_E06_e01,34
20231218,20231218_E07_e01,34
20231218,20231218_E08_e01,34
20231218,20231218_E10_e01,34
20231218,20231218_E11_e01,34
20231218,20231218_E12_e01,34
20231218,20231218_F01_e01,34
20231218,20231218_F02_e01,34
20231218,20231218_F03_e01,34
20231218,20231218_F04_e01,34
20231218,20231218_F05_e01,34
20231218,20231218_F06_e01,34
20231218,20231218_F07_e01,34
20231218,20231218_F07_e02,34
20231218,20231218_F08_e01,34
20231218,20231218_F09_e01,34
20231218,20231218_F11_e01,34
20231218,20231218_F12_e01,34
20231218,20231218_G01_e01,34
20231218,20231218_G02_e01,34
20231218,20231218_G03_e01,34
20231218,20231218_G04_e01,34
20231218,20231218_G05_e01,34
20231218,20231218_G06_e01,34
20231218,20231218_G07_e01,34
20231218,20231218_G08_e01,34
20231218,20231218_G09_e01,34
20231218,20231218_G10_e01,34
20231218,20231218_G10_e02,34
20231218,20231218_G11_e01,34
20231218,20231218_G12_e01,34
20231218,20231218_H01_e01,34
20231218,20231218_H01_e02,34
20231218,20231218_H02_e01,34
20231218,20231218_H03_e01,34
20231218,20231218_H04_e01,34
20231218,20231218_H05_e01,34
20231218,20231218_H06_e01,34
20231218,20231218_H06_e02,34
20231218,20231218_H07_e01,34
20231218,20231218_H08_e01,34
20231218,20231218_H08_e02,34
20231218,20231218_H09_e01,34
20231218,20231218_H10_e01,34
20231218,20231218_H10_e02,34
20231218,20231218_H12_e01,34
20240306,20240306_A01_e01,132
20240306,20240306_A01_e02,132
20240306,20240306_A02_e01,132
20240306,20240306_A03_e01,132
20240306,20240306_A04_e01,132
20240306,20240306_A04_e02,22
20240306,20240306_A04_e03,42
20240306,20240306_A04_e04,19
20240306,20240306_A04_e05,42
20240306,20240306_A04_e06,132
20240306,20240306_A05_e01,132
20240306,20240306_A06_e01,132
20240306,20240306_A07_e01,132
20240306,20240306_A08_e01,132
20240306,20240306_A09_e01,132
20240306,20240306_A11_e01,132
20240306,20240306_B01_e01,132
20240306,20240306_B02_e01,132
20240306,20240306_B02_e02,116
20240306,20240306_B02_e03,132
20240306,20240306_B03_e01,132
20240306,20240306_B04_e01,132
20240306,20240306_B05_e01,132
20240306,20240306_B06_e01,132
20240306,20240306_B07_e01,132
20240306,20240306_B08_e01,132
20240306,20240306_B10_e01,132
20240306,20240306_B11_e01,132
20240306,20240306_C01_e01,132
20240306,20240306_C02_e01,132
20240306,20240306_C04_e01,132
20240306,20240306_C06_e01,132
20240306,20240306_C07_e01,132
20240306,20240306_C08_e01,132
20240306,20240306_C10_e01,132
20240306,20240306_C11_e01,132
20240306,20240306_D01_e01,132
20240306,20240306_D02_e01,132
20240306,20240306_D03_e01,132
20240306,20240306_D05_e01,132
20240306,20240306_D06_e01,132
20240306,20240306_D07_e01,132
20240306,20240306_D08_e01,132
20240306,20240306_D09_e01,132
20240306,20240306_D10_e01,132
20240306,20240306_D11_e01,132
20240306,20240306_E01_e01,132
20240306,20240306_E02_e01,129
20240306,20240306_E04_e01,132
20240306,20240306_E05_e01,132
20240306,20240306_E05_e02,132
20240306,20240306_E06_e01,132
20240306,20240306_E08_e01,132
20240306,20240306_E09_e01,132
20240306,20240306_E10_e01,132
20240306,20240306_E11_e01,132
20240306,20240306_F01_e01,132
20240306,20240306_F02_e01,132
20240306,20240306_F03_e01,132
20240306,20240306_F04_e01,132
20240306,20240306_F05_e01,132
20240306,20240306_F06_e01,132
20240306,20240306_F06_e02,132
20240306,20240306_F07_e01,132
20240306,20240306_F09_e01,132
20240306,20240306_F10_e01,131
20240306,20240306_G01_e01,132
20240306,20240306_G02_e01,130
20240306,20240306_G04_e01,132
20240306,20240306_G05_e01,132
20240306,20240306_G06_e01,67
20240306,20240306_G08_e01,132
20240306,20240306_G09_e01,132
20240306,20240306_G10_e01,132
20240306,20240306_G10_e02,132
20240306,20240306_H01_e01,132
20240306,20240306_H02_e01,130
20240306,20240306_H03_e01,132
20240306,20240306_H03_e02,116
20240306,20240306_H04_e01,132
20240306,20240306_H04_e02,132
20240306,20240306_H05_e01,132
20240306,20240306_H05_e02,81
20240306,20240306_H05_e03,44
20240306,20240306_H06_e01,132
20240306,20240306_H09_e01,132
20240306,20240306_H10_e01,132
20240307,20240307_A01_e01,44
20240307,20240307_A02_e01,44
20240307,20240307_A02_e02,44
20240307,20240307_A03_e01,44
20240307,20240307_A03_e02,44
20240307,20240307_A04_e01,44
20240307,20240307_A04_e02,44
20240307,20240307_A05_e01,44
20240307,20240307_A05_e02,44
20240307,20240307_A06_e01,44
20240307,20240307_A06_e02,44
20240307,20240307_A07_e01,44
20240307,20240307_A07_e02,44
20240307,20240307_A08_e01,44
20240307,20240307_A09_e01,44
20240307,20240307_A11_e01,44
20240307,20240307_B01_e01,44
20240307,20240307_B02_e01,44
20240307,20240307_B03_e01,44
20240307,20240307_B03_e02,44
20240307,20240307_B03_e03,44
20240307,20240307_B04_e01,44
20240307,20240307_B05_e01,44
20240307,20240307_B06_e01,44
20240307,20240307_B07_e01,44
20240307,20240307_B08_e01,44
20240307,20240307_B10_e01,44
20240307,20240307_B10_e02,44
20240307,20240307_B11_e01,44
20240307,20240307_C01_e01,44
20240307,20240307_C01_e02,44
20240307,20240307_C02_e01,44
20240307,20240307_C04_e01,44
20240307,20240307_C06_e01,44
20240307,20240307_C07_e01,44
20240307,20240307_C08_e01,44
20240307,20240307_C08_e02,44
20240307,20240307_C10_e01,44
20240307,20240307_C11_e01,44
20240307,20240307_D01_e01,44
20240307,20240307_D01_e02,44
20240307,20240307_D02_e01,44
20240307,20240307_D02_e02,44
20240307,20240307_D02_e03,44
20240307,20240307_D03_e01,44
20240307,20240307_D03_e02,44
20240307,20240307_D03_e03,44
20240307,20240307_D05_e01,44
20240307,20240307_D06_e01,44
20240307,20240307_D06_e02,44
20240307,20240307_D07_e01,44
20240307,20240307_D08_e01,44
20240307,20240307_D09_e01,44
20240307,20240307_D10_e01,44
20240307,20240307_D11_e01,44
20240307,20240307_E01_e01,44
20240307,20240307_E02_e01,44
20240307,20240307_E04_e01,44
20240307,20240307_E04_e02,44
20240307,20240307_E05_e01,44
20240307,20240307_E05_e02,44
20240307,20240307_E06_e01,44
20240307,20240307_E08_e01,44
20240307,20240307_E09_e01,44
20240307,20240307_E10_e01,44
20240307,20240307_E11_e01,44
20240307,20240307_E11_e02,44
20240307,20240307_E11_e03,44
20240307,20240307_F01_e01,44
20240307,20240307_F02_e01,44
20240307,20240307_F02_e02,44
20240307,20240307_F02_e03,44
20240307,20240307_F02_e04,44
20240307,20240307_F02_e05,44
20240307,20240307_F03_e01,44
20240307,20240307_F03_e02,44
20240307,20240307_F03_e03,44
20240307,20240307_F04_e01,44
20240307,20240307_F04_e02,44
20240307,20240307_F04_e03,44
20240307,20240307_F05_e01,44
20240307,20240307_F06_e01,44
20240307,20240307_F06_e02,44
20240307,20240307_F07_e01,44
20240307,20240307_F07_e02,44
20240307,20240307_F07_e03,44
20240307,20240307_F09_e01,44
20240307,20240307_F10_e01,44
20240307,20240307_G01_e01,44
20240307,20240307_G01_e02,44
20240307,20240307_G02_e01,44
20240307,20240307_G04_e01,44
20240307,20240307_G04_e02,44
20240307,20240307_G05_e01,44
20240307,20240307_G06_e01,44
20240307,20240307_G06_e02,44
20240307,20240307_G08_e01,44
20240307,20240307_G09_e01,44
20240307,20240307_G09_e02,44
20240307,20240307_G10_e01,44
20240307,20240307_G10_e02,44
20240307,20240307_G10_e03,44
20240307,20240307_H01_e01,44
20240307,20240307_H02_e01,44
20240307,20240307_H03_e01,44
20240307,20240307_H04_e01,44
20240307,20240307_H04_e02,44
20240307,20240307_H05_e01,44
20240307,20240307_H05_e02,44
20240307,20240307_H06_e01,44
20240307,20240307_H09_e01,44
20240307,20240307_H09_e02,44
20240307,20240307_H10_e01,44
20240404,20240404_A01_e01,35
20240404,20240404_A02_e01,35
20240404,20240404_A03_e01,35
20240404,20240404_A04_e01,35
20240404,20240404_A05_e01,35
20240404,20240404_A05_e02,35
20240404,20240404_A06_e01,35
20240404,20240404_A07_e01,35
20240404,20240404_A07_e02,35
20240404,20240404_A09_e01,35
20240404,20240404_A10_e01,35
20240404,20240404_A11_e01,35
20240404,20240404_A11_e02,35
20240404,20240404_A12_e01,35
20240404,20240404_B01_e01,35
20240404,20240404_B01_e02,35
20240404,20240404_B01_e03,35
20240404,20240404_B02_e01,35
20240404,20240404_B03_e01,35
20240404,20240404_B04_e01,35
20240404,20240404_B05_e01,35
20240404,20240404_B05_e02,35
20240404,20240404_B06_e01,35
20240404,20240404_B07_e01,15
20240404,20240404_B07_e02,35
20240404,20240404_B10_e01,35
20240404,20240404_B11_e01,35
20240404,20240404_B12_e01,35
20240404,20240404_C01_e01,35
20240404,20240404_C01_e02,35
20240404,20240404_C01_e03,22
20240404,20240404_C02_e01,35
20240404,20240404_C03_e01,35
20240404,20240404_C04_e01,35
20240404,20240404_C05_e01,35
20240404,20240404_C05_e02,35
20240404,20240404_C06_e01,35
20240404,20240404_C09_e01,35
20240404,20240404_C10_e01,35
20240404,20240404_C11_e01,35
20240404,20240404_C12_e01,35
20240404,20240404_C12_e02,35
20240404,20240404_D01_e01,35
20240404,20240404_D01_e02,35
20240404,20240404_D02_e01,35
20240404,20240404_D03_e01,35
20240404,20240404_D04_e01,35
20240404,20240404_D06_e01,35
20240404,20240404_D09_e01,35
20240404,20240404_D11_e01,35
20240404,20240404_D12_e01,35
20240404,20240404_E01_e01,35
20240404,20240404_E02_e01,35
20240404,20240404_E03_e01,35
20240404,20240404_E03_e02,35
20240404,20240404_E04_e01,35
20240404,20240404_E05_e01,35
20240404,20240404_E06_e01,35
20240404,20240404_E09_e01,35
20240404,20240404_E10_e01,35
20240404,20240404_E11_e01,35
20240404,20240404_E12_e01,35
20240404,20240404_F01_e01,35
20240404,20240404_F02_e01,35
20240404,20240404_F03_e01,35
20240404,20240404_F04_e01,35
20240404,20240404_F05_e01,35
20240404,20240404_F05_e02,35
20240404,20240404_F06_e01,35
20240404,20240404_F09_e01,35
20240404,20240404_F10_e01,35
20240404,20240404_F11_e01,35
20240404,20240404_F12_e01,35
20240404,20240404_G01_e01,35
20240404,20240404_G02_e01,35
20240404,20240404_G03_e01,35
20240404,20240404_G03_e02,35
20240404,20240404_G04_e01,35
20240404,20240404_G05_e01,35
20240404,20240404_G06_e01,35
20240404,20240404_G09_e01,35
20240404,20240404_G10_e01,35
20240404,20240404_G12_e01,35
20240404,20240404_H01_e01,35
20240404,20240404_H02_e01,35
20240404,20240404_H03_e01,35
20240404,20240404_H04_e01,35
20240404,20240404_H05_e01,35
20240404,20240404_H06_e01,35
20240404,20240404_H09_e01,35
20240404,20240404_H10_e01,35
20240404,20240404_H11_e01,35
20240404,20240404_H12_e01,35
20240411,20240411_A01_e01,48
20240411,20240411_A02_e01,48
20240411,20240411_A03_e01,48
20240411,20240411_A04_e01,48
20240411,20240411_A05_e01,48
20240411,20240411_A06_e01,48
20240411,20240411_A07_e01,48
20240411,20240411_A08_e01,48
20240411,20240411_A09_e01,48
20240411,20240411_A10_e01,48
20240411,20240411_A11_e01,48
20240411,20240411_A12_e01,48
20240411,20240411_B01_e01,48
20240411,20240411_B02_e01,48
20240411,20240411_B03_e01,48
20240411,20240411_B04_e01,48
20240411,20240411_B05_e01,48
20240411,20240411_B06_e01,48
20240411,20240411_B07_e01,48
20240411,20240411_B08_e01,48
20240411,20240411_B09_e01,48
20240411,20240411_B10_e01,48
20240411,20240411_B11_e01,48
20240411,20240411_B12_e01,48
20240411,20240411_C01_e01,48
20240411,20240411_C03_e01,48
20240411,20240411_C04_e01,48
20240411,20240411_C05_e01,48
20240411,20240411_C06_e01,48
20240411,20240411_C07_e01,48
20240411,20240411_C08_e01,48
20240411,20240411_C09_e01,48
20240411,20240411_C10_e01,48
20240411,20240411_C11_e01,48
20240411,20240411_C12_e01,48
20240411,20240411_D01_e01,48
20240411,20240411_D02_e01,48
20240411,20240411_D03_e01,48
20240411,20240411_D04_e01,48
20240411,20240411_D05_e01,48
20240411,20240411_D06_e01,48
20240411,20240411_D07_e01,48
20240411,20240411_D08_e01,48
20240411,20240411_D08_e02,48
20240411,20240411_D09_e01,48
20240411,20240411_D10_e01,48
20240411,20240411_D11_e01,48
20240411,20240411_D12_e01,48
20240411,20240411_E01_e01,48
20240411,20240411_E03_e01,48
20240411,20240411_E04_e01,48
20240411,20240411_E05_e01,48
20240411,20240411_E06_e01,48
20240411,20240411_E07_e01,48
20240411,20240411_E08_e01,48
20240411,20240411_E09_e01,48
20240411,20240411_E10_e01,48
20240411,20240411_E11_e01,48
20240411,20240411_E12_e01,48
20240411,20240411_F01_e01,48
20240411,20240411_F02_e01,48
20240411,20240411_F03_e01,48
20240411,20240411_F04_e01,48
20240411,20240411_F05_e01,48
20240411,20240411_F06_e01,48
20240411,20240411_F07_e01,48
20240411,20240411_F08_e01,48
20240411,20240411_F09_e01,48
20240411,20240411_F10_e01,48
20240411,20240411_F11_e01,48
20240411,20240411_F12_e01,48
20240411,20240411_G01_e01,48
20240411,20240411_G02_e01,48
20240411,20240411_G03_e01,48
20240411,20240411_G04_e01,48
20240411,20240411_G05_e01,48
20240411,20240411_G06_e01,48
20240411,20240411_G07_e01,48
20240411,20240411_G08_e01,48
20240411,20240411_G08_e02,48
20240411,20240411_G09_e01,48
20240411,20240411_G10_e01,48
20240411,20240411_G12_e01,48
20240411,20240411_H01_e01,48
20240411,20240411_H04_e01,48
20240411,20240411_H05_e01,48
20240411,20240411_H06_e01,48
20240411,20240411_H07_e01,48
20240411,20240411_H08_e01,48
20240411,20240411_H09_e01,48
20240411,20240411_H10_e01,48
20240411,20240411_H11_e01,48
20240411,20240411_H12_e01,48
20240418,20240418_A01_e01,46
20240418,20240418_A01_e02,46
20240418,20240418_A02_e01,46
20240418,20240418_A02_e02,46
20240418,20240418_A03_e01,46
20240418,20240418_A03_e02,46
20240418,20240418_A04_e01,46
20240418,20240418_A04_e02,46
20240418,20240418_A05_e01,46
20240418,20240418_A05_e02,46
20240418,20240418_A06_e01,46
20240418,20240418_A06_e02,46
20240418,20240418_A07_e01,46
20240418,20240418_A07_e02,46
20240418,20240418_A08_e01,46
20240418,20240418_A08_e02,46
20240418,20240418_A08_e03,46
20240418,20240418_A08_e04,46
20240418,20240418_A09_e01,46
20240418,20240418_A09_e02,46
20240418,20240418_A09_e03,46
20240418,20240418_A09_e04,46
20240418,20240418_A10_e01,46
20240418,20240418_A10_e02,46
20240418,20240418_A10_e03,46
20240418,20240418_A11_e01,46
20240418,20240418_A11_e02,46
20240418,20240418_A12_e01,46
20240418,20240418_A12_e02,46
20240418,20240418_A12_e03,46
20240418,20240418_A12_e04,46
20240418,20240418_B02_e01,46
20240418,20240418_B02_e02,46
20240418,20240418_B03_e01,46
20240418,20240418_B03_e02,46
20240418,20240418_B03_e03,46
20240418,20240418_B04_e01,46
20240418,20240418_B04_e02,46
20240418,20240418_B04_e03,46
20240418,20240418_B05_e01,46
20240418,20240418_B05_e02,46
20240418,20240418_B06_e01,46
20240418,20240418_B06_e02,46
20240418,20240418_B07_e01,46
20240418,20240418_B07_e02,46
20240418,20240418_B08_e01,46
20240418,20240418_B08_e02,46
20240418,20240418_B09_e01,46
20240418,20240418_B09_e02,46
20240418,20240418_B09_e03,46
20240418,20240418_B11_e01,46
20240418,20240418_B11_e02,46
20240418,20240418_C01_e01,46
20240418,20240418_C01_e02,46
20240418,20240418_C02_e01,46
20240418,20240418_C02_e02,46
20240418,20240418_C03_e01,46
20240418,20240418_C03_e02,46
20240418,20240418_C04_e01,46
20240418,20240418_C04_e02,46
20240418,20240418_C05_e01,46
20240418,20240418_C05_e02,46
20240418,20240418_C06_e01,46
20240418,20240418_C06_e02,46
20240418,20240418_C07_e01,46
20240418,20240418_C07_e02,46
20240418,20240418_C08_e01,46
20240418,20240418_C08_e02,46
20240418,20240418_C09_e01,46
20240418,20240418_C09_e02,46
20240418,20240418_C09_e03,46
20240418,20240418_C09_e04,46
20240418,20240418_C10_e01,46
20240418,20240418_C10_e02,46
20240418,20240418_C11_e01,46
20240418,20240418_C11_e02,46
20240418,20240418_D01_e01,46
20240418,20240418_D01_e02,46
20240418,20240418_D02_e01,46
20240418,20240418_D02_e02,46
20240418,20240418_D03_e01,46
20240418,20240418_D03_e02,46
20240418,20240418_D04_e01,46
20240418,20240418_D04_e02,46
20240418,20240418_D05_e01,46
20240418,20240418_D05_e02,46
20240418,20240418_D06_e01,46
20240418,20240418_D06_e02,46
20240418,20240418_D07_e01,46
20240418,20240418_D07_e02,46
20240418,20240418_D09_e01,46
20240418,20240418_D09_e02,46
20240418,20240418_D10_e01,46
20240418,20240418_D10_e02,46
20240418,20240418_D10_e03,46
20240418,20240418_D10_e04,46
20240418,20240418_D11_e01,46
20240418,20240418_D11_e02,46
20240418,20240418_D11_e03,46
20240418,20240418_D12_e01,46
20240418,20240418_D12_e02,46
20240418,20240418_D12_e03,46
20240418,20240418_D12_e04,46
20240418,20240418_D12_e05,46
20240418,20240418_E01_e01,46
20240418,20240418_E01_e02,46
20240418,20240418_E02_e01,46
20240418,20240418_E02_e02,46
20240418,20240418_E03_e01,46
20240418,20240418_E03_e02,46
20240418,20240418_E04_e01,46
20240418,20240418_E04_e02,46
20240418,20240418_E06_e01,46
20240418,20240418_E06_e02,46
20240418,20240418_E07_e01,46
20240418,20240418_E07_e02,46
20240418,20240418_E08_e01,46
20240418,20240418_E08_e02,46
20240418,20240418_E08_e03,46
20240418,20240418_E08_e04,46
20240418,20240418_E09_e01,46
20240418,20240418_E09_e02,46
20240418,20240418_E09_e03,46
20240418,20240418_E09_e04,46
20240418,20240418_E10_e01,46
20240418,20240418_E10_e02,46
20240418,20240418_E11_e01,46
20240418,20240418_E11_e02,46
20240418,20240418_E11_e03,46
20240418,20240418_E12_e01,46
20240418,20240418_E12_e02,46
20240418,20240418_F01_e01,46
20240418,20240418_F01_e02,46
20240418,20240418_F02_e01,46
20240418,20240418_F02_e02,46
20240418,20240418_F03_e01,46
20240418,20240418_F03_e02,46
20240418,20240418_F03_e03,46
20240418,20240418_F04_e01,46
20240418,20240418_F04_e02,46
20240418,20240418_F05_e01,46
20240418,20240418_F05_e02,46
20240418,20240418_F06_e01,46
20240418,20240418_F06_e02,46
20240418,20240418_F07_e01,46
20240418,20240418_F07_e02,46
20240418,20240418_F08_e01,46
20240418,20240418_F08_e02,46
20240418,20240418_F09_e01,46
20240418,20240418_F09_e02,46
20240418,20240418_F10_e01,46
20240418,20240418_F10_e02,46
20240418,20240418_F11_e01,46
20240418,20240418_F11_e02,46
20240418,20240418_F11_e03,46
20240418,20240418_F12_e01,46
20240418,20240418_F12_e02,46
20240418,20240418_F12_e03,46
20240418,20240418_F12_e04,46
20240418,20240418_G01_e01,46
20240418,20240418_G01_e02,46
20240418,20240418_G02_e01,46
20240418,20240418_G02_e02,46
20240418,20240418_G03_e01,46
20240418,20240418_G03_e02,46
20240418,20240418_G04_e01,46
20240418,20240418_G04_e02,46
20240418,20240418_G04_e03,46
20240418,20240418_G05_e01,46
20240418,20240418_G05_e02,46
20240418,20240418_G06_e01,46
20240418,20240418_G06_e02,46
20240418,20240418_G07_e01,46
20240418,20240418_G10_e01,46
20240418,20240418_G10_e02,46
20240418,20240418_G12_e01,46
20240418,20240418_G12_e02,46
20240418,20240418_H01_e01,46
20240418,20240418_H01_e02,46
20240418,20240418_H01_e03,46
20240418,20240418_H02_e01,46
20240418,20240418_H02_e02,46
20240418,20240418_H02_e03,46
20240418,20240418_H02_e04,46
20240418,20240418_H04_e01,46
20240418,20240418_H05_e01,46
20240418,20240418_H05_e02,46
20240418,20240418_H06_e01,46
20240418,20240418_H06_e02,46
20240418,20240418_H08_e01,46
20240418,20240418_H08_e02,46
20240418,20240418_H08_e03,46
20240418,20240418_H08_e04,46
20240418,20240418_H09_e01,46
20240418,20240418_H09_e02,46
20240418,20240418_H10_e01,46
20240418,20240418_H10_e02,46
20240509,20240509_A01_e01,41
20240509,20240509_A01_e02,41
20240509,20240509_A02_e01,41
20240509,20240509_A03_e01,41
20240509,20240509_A04_e01,41
20240509,20240509_A05_e01,41
20240509,20240509_A06_e01,41
20240509,20240509_A07_e01,41
20240509,20240509_A08_e01,41
20240509,20240509_A08_e02,41
20240509,20240509_A08_e03,41
20240509,20240509_A09_e01,41
20240509,20240509_A10_e01,41
20240509,20240509_A11_e01,41
20240509,20240509_A12_e01,41
20240509,20240509_B01_e01,41
20240509,20240509_B02_e01,41
20240509,20240509_B03_e01,41
20240509,20240509_B04_e01,41
20240509,20240509_B05_e01,41
20240509,20240509_B06_e01,41
20240509,20240509_B07_e01,41
20240509,20240509_B08_e01,41
20240509,20240509_B09_e01,41
20240509,20240509_B10_e01,41
20240509,20240509_B11_e01,41
20240509,20240509_B12_e01,41
20240509,20240509_C01_e01,41
20240509,20240509_C02_e01,41
20240509,20240509_C02_e02,41
20240509,20240509_C03_e01,41
20240509,20240509_C04_e01,41
20240509,20240509_C05_e01,41
20240509,20240509_C06_e01,41
20240509,20240509_C07_e01,41
20240509,20240509_C08_e01,41
20240509,20240509_C09_e01,41
20240509,20240509_C10_e01,41
20240509,20240509_C11_e01,41
20240509,20240509_C12_e01,41
20240509,20240509_D01_e01,41
20240509,20240509_D02_e01,41
20240509,20240509_D03_e01,41
20240509,20240509_D04_e01,41
20240509,20240509_D04_e02,41
20240509,20240509_D05_e01,41
20240509,20240509_D06_e01,41
20240509,20240509_D07_e01,41
20240509,20240509_D08_e01,41
20240509,20240509_D09_e01,41
20240509,20240509_D10_e01,41
20240509,20240509_D11_e01,41
20240509,20240509_D12_e01,41
20240509,20240509_E01_e01,41
20240509,20240509_E01_e02,41
20240509,20240509_E02_e01,41
20240509,20240509_E03_e01,41
20240509,20240509_E04_e01,41
20240509,20240509_E05_e01,41
20240509,20240509_E06_e01,41
20240509,20240509_E06_e02,41
20240509,20240509_E07_e01,41
20240509,20240509_E08_e01,41
20240509,20240509_E08_e02,41
20240509,20240509_E09_e01,41
20240509,20240509_E10_e01,41
20240509,20240509_E11_e01,41
20240509,20240509_E12_e01,41
20240509,20240509_F01_e01,41
20240509,20240509_F02_e01,41
20240509,20240509_F03_e01,41
20240509,20240509_F04_e01,41
20240509,20240509_F05_e01,41
20240509,20240509_F05_e02,41
20240509,20240509_F06_e01,41
20240509,20240509_F07_e01,41
20240509,20240509_F08_e01,41
20240509,20240509_F08_e02,41
20240509,20240509_F09_e01,41
20240509,20240509_F10_e01,41
20240509,20240509_F11_e01,41
20240509,20240509_F12_e01,41
20240509,20240509_G01_e01,41
20240509,20240509_G02_e01,41
20240509,20240509_G03_e01,41
20240509,20240509_G04_e01,41
20240509,20240509_G04_e02,41
20240509,20240509_G05_e01,41
20240509,20240509_G06_e01,41
20240509,20240509_G07_e01,41
20240509,20240509_G08_e01,41
20240509,20240509_G09_e01,41
20240509,20240509_G10_e01,41
20240509,20240509_G11_e01,41
20240509,20240509_G12_e01,41
20240509,20240509_H01_e01,41
20240509,20240509_H02_e01,41
20240509,20240509_H03_e01,41
20240509,20240509_H04_e01,41
20240509,20240509_H05_e01,41
20240509,20240509_H06_e01,41
20240509,20240509_H07_e01,41
20240509,20240509_H08_e01,41
20240509,20240509_H09_e01,41
20240509,20240509_H10_e01,41
20240509,20240509_H11_e01,41
20240509,20240509_H12_e01,41
20240509_18ss,20240509_18ss_A01_e01,1
20240509_18ss,20240509_18ss_A02_e01,1
20240509_18ss,20240509_18ss_A03_e01,1
20240509_18ss,20240509_18ss_B01_e01,1
20240509_18ss,20240509_18ss_B02_e01,1
20240509_18ss,20240509_18ss_B03_e01,1
20240509_18ss,20240509_18ss_C01_e01,1
20240509_18ss,20240509_18ss_C02_e01,1
20240509_18ss,20240509_18ss_C03_e01,1
20240509_18ss,20240509_18ss_D01_e01,1
20240509_18ss,20240509_18ss_D02_e01,1
20240509_18ss,20240509_18ss_D03_e01,1
20240509_18ss,20240509_18ss_D03_e02,1
20240509_18ss,20240509_18ss_E01_e01,1
20240509_18ss,20240509_18ss_E02_e01,1
20240509_18ss,20240509_18ss_E03_e01,1
20240509_18ss,20240509_18ss_F01_e01,1
20240509_18ss,20240509_18ss_F02_e01,1
20240509_18ss,20240509_18ss_F03_e01,1
20240509_18ss,20240509_18ss_G01_e01,1
20240509_18ss,20240509_18ss_G02_e01,1
20240509_18ss,20240509_18ss_G03_e01,1
20240509_18ss,20240509_18ss_H01_e01,1
20240509_18ss,20240509_18ss_H02_e01,1
20240509_18ss,20240509_18ss_H03_e01,1
20240509_24hpf,20240509_24hpf_A04_e01,1
20240509_24hpf,20240509_24hpf_A05_e01,1
20240509_24hpf,20240509_24hpf_A06_e01,1
20240509_24hpf,20240509_24hpf_A07_e01,1
20240509_24hpf,20240509_24hpf_B04_e01,1
20240509_24hpf,20240509_24hpf_B05_e01,1
20240509_24hpf,20240509_24hpf_B06_e01,1
20240509_24hpf,20240509_24hpf_B07_e01,1
20240509_24hpf,20240509_24hpf_C04_e01,1
20240509_24hpf,20240509_24hpf_C05_e01,1
20240509_24hpf,20240509_24hpf_C06_e01,1
20240509_24hpf,20240509_24hpf_C07_e01,1
20240509_24hpf,20240509_24hpf_D04_e01,1
20240509_24hpf,20240509_24hpf_D05_e01,1
20240509_24hpf,20240509_24hpf_D06_e01,1
20240509_24hpf,20240509_24hpf_D07_e01,1
20240509_24hpf,20240509_24hpf_E04_e01,1
20240509_24hpf,20240509_24hpf_E05_e01,1
20240509_24hpf,20240509_24hpf_E06_e01,1
20240509_24hpf,20240509_24hpf_E07_e01,1
20240509_24hpf,20240509_24hpf_F04_e01,1
20240509_24hpf,20240509_24hpf_F05_e01,1
20240509_24hpf,20240509_24hpf_F06_e01,1
20240509_24hpf,20240509_24hpf_F07_e01,1
20240509_24hpf,20240509_24hpf_G04_e01,1
20240509_24hpf,20240509_24hpf_G05_e01,1
20240509_24hpf,20240509_24hpf_G06_e01,1
20240509_24hpf,20240509_24hpf_G07_e01,1
20240509_24hpf,20240509_24hpf_H04_e01,1
20240509_24hpf,20240509_24hpf_H05_e01,1
20240509_24hpf,20240509_24hpf_H06_e01,1
20240509_24hpf,20240509_24hpf_H07_e01,1
20240510,20240510_A02_e01,1
20240510,20240510_A03_e01,1
20240510,20240510_A04_e01,1
20240510,20240510_A05_e01,1
20240510,20240510_A05_e02,1
20240510,20240510_A06_e01,1
20240510,20240510_A06_e02,1
20240510,20240510_A07_e01,1
20240510,20240510_A08_e01,1
20240510,20240510_B02_e01,1
20240510,20240510_B03_e01,1
20240510,20240510_B04_e01,1
20240510,20240510_B05_e01,1
20240510,20240510_B06_e01,1
20240510,20240510_B07_e01,1
20240510,20240510_B08_e01,1
20240510,20240510_C02_e01,1
20240510,20240510_C03_e01,1
20240510,20240510_C04_e01,1
20240510,20240510_C05_e01,1
20240510,20240510_C06_e01,1
20240510,20240510_C06_e02,1
20240510,20240510_C07_e01,1
20240510,20240510_C08_e01,1
20240510,20240510_D02_e01,1
20240510,20240510_D03_e01,1
20240510,20240510_D04_e01,1
20240510,20240510_D05_e01,1
20240510,20240510_D06_e01,1
20240510,20240510_D07_e01,1
20240510,20240510_D08_e01,1
20240510,20240510_E02_e01,1
20240510,20240510_E03_e01,1
20240510,20240510_E04_e01,1
20240510,20240510_E05_e01,1
20240510,20240510_E06_e01,1
20240510,20240510_E07_e01,1
20240510,20240510_E08_e01,1
20240510,20240510_F02_e01,1
20240510,20240510_F03_e01,1
20240510,20240510_F04_e01,1
20240510,20240510_F05_e01,1
20240510,20240510_F06_e01,1
20240510,20240510_F07_e01,1
20240510,20240510_F08_e01,1
20240510,20240510_G02_e01,1
20240510,20240510_G03_e01,1
20240510,20240510_G04_e01,1
20240510,20240510_G05_e01,1
20240510,20240510_G06_e01,1
20240510,20240510_G07_e01,1
20240510,20240510_G08_e01,1
20240510,20240510_H02_e01,1
20240510,20240510_H03_e01,1
20240510,20240510_H04_e01,1
20240510,20240510_H05_e01,1
20240510,20240510_H06_e01,1
20240510,20240510_H07_e01,1
20240510,20240510_H08_e01,1
20240522,20240522_A01_e01,95
20240522,20240522_A02_e01,95
20240522,20240522_A03_e01,95
20240522,20240522_A04_e01,95
20240522,20240522_A05_e01,95
20240522,20240522_A06_e01,95
20240522,20240522_A07_e01,95
20240522,20240522_A08_e01,95
20240522,20240522_A09_e01,95
20240522,20240522_A10_e01,95
20240522,20240522_A11_e01,95
20240522,20240522_A12_e01,95
20240522,20240522_A12_e02,95
20240522,20240522_B01_e01,95
20240522,20240522_B02_e01,95
20240522,20240522_B03_e01,95
20240522,20240522_B04_e01,95
20240522,20240522_B05_e01,95
20240522,20240522_B06_e01,95
20240522,20240522_B07_e01,95
20240522,20240522_B08_e01,95
20240522,20240522_B09_e01,95
20240522,20240522_B09_e02,95
20240522,20240522_B10_e01,95
20240522,20240522_B11_e01,95
20240522,20240522_B12_e01,95
20240522,20240522_C01_e01,95
20240522,20240522_C02_e01,95
20240522,20240522_C03_e01,95
20240522,20240522_C04_e01,95
20240522,20240522_C05_e01,95
20240522,20240522_C06_e01,95
20240522,20240522_C07_e01,95
20240522,20240522_C08_e01,95
20240522,20240522_C09_e01,95
20240522,20240522_C10_e01,95
20240522,20240522_C11_e01,95
20240522,20240522_C12_e01,95
20240522,20240522_D01_e01,95
20240522,20240522_D02_e01,95
20240522,20240522_D02_e02,95
20240522,20240522_D03_e01,95
20240522,20240522_D04_e01,95
20240522,20240522_D05_e01,95
20240522,20240522_D06_e01,95
20240522,20240522_D07_e01,95
20240522,20240522_D08_e01,95
20240522,20240522_D09_e01,95
20240522,20240522_D09_e02,69
20240522,20240522_D10_e01,95
20240522,20240522_D11_e01,95
20240522,20240522_D12_e01,95
20240522,20240522_E01_e01,95
20240522,20240522_E02_e01,95
20240522,20240522_E03_e01,95
20240522,20240522_E04_e01,95
20240522,20240522_E05_e01,95
20240522,20240522_E07_e01,95
20240522,20240522_E08_e01,95
20240522,20240522_E09_e01,95
20240522,20240522_E09_e02,95
20240522,20240522_E10_e01,95
20240522,20240522_E11_e01,95
20240522,20240522_E12_e01,95
20240522,20240522_F01_e01,95
20240522,20240522_F02_e01,95
20240522,20240522_F03_e01,95
20240522,20240522_F04_e01,95
20240522,20240522_F05_e01,95
20240522,20240522_F07_e01,95
20240522,20240522_F08_e01,95
20240522,20240522_F09_e01,95
20240522,20240522_F10_e01,95
20240522,20240522_F11_e01,95
20240522,20240522_F12_e01,95
20240522,20240522_G01_e01,95
20240522,20240522_G02_e01,95
20240522,20240522_G03_e01,95
20240522,20240522_G04_e01,95
20240522,20240522_G05_e01,95
20240522,20240522_G07_e01,95
20240522,20240522_G08_e01,95
20240522,20240522_G09_e01,95
20240522,20240522_G10_e01,95
20240522,20240522_G11_e01,95
20240522,20240522_G12_e01,95
20240522,20240522_H02_e01,95
20240522,20240522_H03_e01,95
20240522,20240522_H04_e01,95
20240522,20240522_H05_e01,95
20240522,20240522_H07_e01,95
20240522,20240522_H08_e01,95
20240522,20240522_H09_e01,95
20240522,20240522_H09_e02,95
20240522,20240522_H10_e01,95
20240522,20240522_H11_e01,95
20240522,20240522_H11_e02,95
20240522,20240522_H12_e01,95
20240530,20240530_A01_e01,81
20240530,20240530_A02_e01,81
20240530,20240530_A02_e02,81
20240530,20240530_A03_e01,81
20240530,20240530_A04_e01,81
20240530,20240530_A05_e01,81
20240530,20240530_A06_e01,81
20240530,20240530_A07_e01,81
20240530,20240530_A07_e02,81
20240530,20240530_A08_e01,81
20240530,20240530_A08_e02,81
20240530,20240530_A09_e01,81
20240530,20240530_A10_e01,81
20240530,20240530_A11_e01,81
20240530,20240530_A12_e01,81
20240530,20240530_B01_e01,81
20240530,20240530_B02_e01,81
20240530,20240530_B03_e01,81
20240530,20240530_B04_e01,81
20240530,20240530_B04_e02,81
20240530,20240530_B05_e01,81
20240530,20240530_B06_e01,81
20240530,20240530_B07_e01,81
20240530,20240530_B07_e02,81
20240530,20240530_B08_e01,81
20240530,20240530_B08_e02,81
20240530,20240530_B09_e01,81
20240530,20240530_B10_e01,81
20240530,20240530_B11_e01,81
20240530,20240530_B11_e02,81
20240530,20240530_B12_e01,81
20240530,20240530_C01_e01,81
20240530,20240530_C02_e01,81
20240530,20240530_C03_e01,81
20240530,20240530_C04_e01,81
20240530,20240530_C05_e01,81
20240530,20240530_C05_e02,81
20240530,20240530_C06_e01,81
20240530,20240530_C07_e01,81
20240530,20240530_C08_e01,81
20240530,20240530_C08_e02,81
20240530,20240530_C09_e01,81
20240530,20240530_C09_e02,81
20240530,20240530_C09_e03,81
20240530,20240530_C10_e01,81
20240530,20240530_C11_e01,81
20240530,20240530_C12_e01,81
20240530,20240530_C12_e02,81
20240530,20240530_D01_e01,81
20240530,20240530_D02_e01,81
20240530,20240530_D03_e01,81
20240530,20240530_D04_e01,81
20240530,20240530_D05_e01,81
20240530,20240530_D05_e02,81
20240530,20240530_D06_e01,81
20240530,20240530_D07_e01,81
20240530,20240530_D08_e01,81
20240530,20240530_D08_e02,81
20240530,20240530_D08_e03,81
20240530,20240530_D09_e01,81
20240530,20240530_D10_e01,81
20240530,20240530_D11_e01,81
20240530,20240530_D11_e02,81
20240530,20240530_D12_e01,81
20240530,20240530_E01_e01,81
20240530,20240530_E02_e01,81
20240530,20240530_E03_e01,81
20240530,20240530_E04_e01,81
20240530,20240530_E05_e01,81
20240530,20240530_E06_e01,81
20240530,20240530_E07_e01,81
20240530,20240530_E08_e01,81
20240530,20240530_E08_e02,81
20240530,20240530_E09_e01,81
20240530,20240530_E10_e01,81
20240530,20240530_E11_e01,81
20240530,20240530_E12_e01,81
20240530,20240530_F01_e01,81
20240530,20240530_F02_e01,81
20240530,20240530_F03_e01,81
20240530,20240530_F03_e02,81
20240530,20240530_F04_e01,81
20240530,20240530_F05_e01,81
20240530,20240530_F06_e01,81
20240530,20240530_F07_e01,81
20240530,20240530_F08_e01,81
20240530,20240530_F09_e01,81
20240530,20240530_F10_e01,81
20240530,20240530_F11_e01,81
20240530,20240530_F11_e02,81
20240530,20240530_F12_e01,81
20240530,20240530_F12_e02,81
20240530,20240530_G01_e01,81
20240530,20240530_G02_e01,81
20240530,20240530_G03_e01,81
20240530,20240530_G03_e02,81
20240530,20240530_G04_e01,81
20240530,20240530_G04_e02,81
20240530,20240530_G05_e01,81
20240530,20240530_G06_e01,81
20240530,20240530_G06_e02,81
20240530,20240530_G07_e01,81
20240530,20240530_G08_e01,81
20240530,20240530_G08_e02,81
20240530,20240530_G09_e01,81
20240530,20240530_G09_e02,81
20240530,20240530_G10_e01,81
20240530,20240530_G11_e01,81
20240530,20240530_G11_e02,81
20240530,20240530_G12_e01,81
20240530,20240530_H01_e01,81
20240530,20240530_H02_e01,81
20240530,20240530_H03_e01,81
20240530,20240530_H03_e02,81
20240530,20240530_H04_e01,81
20240530,20240530_H04_e02,81
20240530,20240530_H05_e01,81
20240530,20240530_H05_e02,81
20240530,20240530_H06_e01,81
20240530,20240530_H06_e02,81
20240530,20240530_H07_e01,81
20240530,20240530_H08_e01,81
20240530,20240530_H08_e02,81
20240530,20240530_H08_e03,81
20240530,20240530_H09_e01,81
20240530,20240530_H09_e02,81
20240530,20240530_H09_e03,81
20240530,20240530_H10_e01,81
20240530,20240530_H10_e02,81
20240530,20240530_H11_e01,81
20240530,20240530_H11_e02,81
20240530,20240530_H12_e01,81
20240626,20240626_A01_e01,112
20240626,20240626_A02_e01,112
20240626,20240626_A03_e01,112
20240626,20240626_A04_e01,112
20240626,20240626_A05_e01,112
20240626,20240626_A06_e01,112
20240626,20240626_A07_e01,112
20240626,20240626_A08_e01,112
20240626,20240626_A09_e01,112
20240626,20240626_A10_e01,112
20240626,20240626_A10_e02,112
20240626,20240626_A11_e01,112
20240626,20240626_A12_e01,112
20240626,20240626_B01_e01,112
20240626,20240626_B02_e01,112
20240626,20240626_B03_e01,112
20240626,20240626_B04_e01,112
20240626,20240626_B05_e01,112
20240626,20240626_B06_e01,112
20240626,20240626_B07_e01,112
20240626,20240626_B08_e01,112
20240626,20240626_B09_e01,112
20240626,20240626_B10_e01,112
20240626,20240626_B11_e01,112
20240626,20240626_B12_e01,112
20240626,20240626_C01_e01,112
20240626,20240626_C02_e01,112
20240626,20240626_C03_e01,112
20240626,20240626_C04_e01,112
20240626,20240626_C05_e01,112
20240626,20240626_C06_e01,112
20240626,20240626_C07_e01,112
20240626,20240626_C08_e01,112
20240626,20240626_C09_e01,112
20240626,20240626_C10_e01,112
20240626,20240626_C11_e01,112
20240626,20240626_C11_e02,112
20240626,20240626_C12_e01,112
20240626,20240626_D01_e01,112
20240626,20240626_D02_e01,112
20240626,20240626_D03_e01,112
20240626,20240626_D04_e01,112
20240626,20240626_D05_e01,112
20240626,20240626_D06_e01,112
20240626,20240626_D07_e01,112
20240626,20240626_D08_e01,112
20240626,20240626_D09_e01,112
20240626,20240626_D10_e01,112
20240626,20240626_D11_e01,112
20240626,20240626_D12_e01,112
20240626,20240626_E01_e01,112
20240626,20240626_E02_e01,112
20240626,20240626_E03_e01,112
20240626,20240626_E04_e01,112
20240626,20240626_E05_e01,112
20240626,20240626_E06_e01,112
20240626,20240626_E07_e01,112
20240626,20240626_E08_e01,112
20240626,20240626_E09_e01,112
20240626,20240626_E10_e01,112
20240626,20240626_E11_e01,112
20240626,20240626_E11_e02,112
20240626,20240626_E12_e01,112
20240626,20240626_F01_e01,112
20240626,20240626_F02_e01,112
20240626,20240626_F03_e01,112
20240626,20240626_F04_e01,112
20240626,20240626_F05_e01,112
20240626,20240626_F06_e01,112
20240626,20240626_F07_e01,112
20240626,20240626_F08_e01,112
20240626,20240626_F09_e01,112
20240626,20240626_F10_e01,112
20240626,20240626_F11_e01,112
20240626,20240626_F12_e01,112
20240626,20240626_G01_e01,112
20240626,20240626_G02_e01,112
20240626,20240626_G03_e01,112
20240626,20240626_G04_e01,112
20240626,20240626_G05_e01,112
20240626,20240626_G06_e01,112
20240626,20240626_G07_e01,112
20240626,20240626_G08_e01,112
20240626,20240626_G09_e01,112
20240626,20240626_G10_e01,112
20240626,20240626_G11_e01,112
20240626,20240626_G12_e01,112
20240626,20240626_H01_e01,112
20240626,20240626_H02_e01,112
20240626,20240626_H03_e01,112
20240626,20240626_H04_e01,112
20240626,20240626_H05_e01,112
20240626,20240626_H06_e01,112
20240626,20240626_H07_e01,112
20240626,20240626_H08_e01,112
20240626,20240626_H09_e01,112
20240626,20240626_H10_e01,112
20240626,20240626_H11_e01,112
20240626,20240626_H12_e01,112
20240717,20240717_A01_e01,1
20240717,20240717_A02_e01,1
20240717,20240717_A03_e01,1
20240717,20240717_A04_e01,1
20240717,20240717_A05_e02,1
20240717,20240717_A05_e03,1
20240717,20240717_A06_e01,1
20240717,20240717_A07_e01,1
20240717,20240717_A08_e01,1
20240717,20240717_B01_e01,1
20240717,20240717_B02_e01,1
20240717,20240717_B03_e01,1
20240717,20240717_B04_e01,1
20240717,20240717_B05_e01,1
20240717,20240717_B06_e01,1
20240717,20240717_B07_e01,1
20240717,20240717_B08_e01,1
20240717,20240717_C01_e01,1
20240717,20240717_C02_e01,1
20240717,20240717_C03_e01,1
20240717,20240717_C04_e01,1
20240717,20240717_C05_e01,1
20240717,20240717_C06_e01,1
20240717,20240717_C07_e01,1
20240717,20240717_C08_e01,1
20240717,20240717_D01_e01,1
20240717,20240717_D02_e01,1
20240717,20240717_D03_e01,1
20240717,20240717_D04_e01,1
20240717,20240717_D05_e01,1
20240717,20240717_D06_e01,1
20240717,20240717_D07_e01,1
20240717,20240717_D08_e01,1
20240717,20240717_E01_e01,1
20240717,20240717_E02_e01,1
20240717,20240717_E03_e01,1
20240717,20240717_E04_e01,1
20240717,20240717_E05_e01,1
20240717,20240717_E06_e01,1
20240717,20240717_E07_e01,1
20240717,20240717_E08_e01,1
20240717,20240717_F01_e01,1
20240717,20240717_F02_e01,1
20240717,20240717_F03_e01,1
20240717,20240717_F04_e01,1
20240717,20240717_F05_e01,1
20240717,20240717_F06_e01,1
20240717,20240717_F06_e02,1
20240717,20240717_F07_e01,1
20240717,20240717_F08_e01,1
20240717,20240717_G01_e01,1
20240717,20240717_G02_e01,1
20240717,20240717_G03_e01,1
20240717,20240717_G04_e01,1
20240717,20240717_G05_e01,1
20240717,20240717_G06_e01,1
20240717,20240717_G07_e01,1
20240717,20240717_G08_e01,1
20240717,20240717_H01_e01,1
20240717,20240717_H01_e02,1
20240717,20240717_H01_e03,1
20240717,20240717_H02_e01,1
20240717,20240717_H03_e01,1
20240717,20240717_H04_e01,1
20240717,20240717_H05_e01,1
20240717,20240717_H06_e01,1
20240717,20240717_H07_e01,1
20240717,20240717_H08_e01,1
20240718,20240718_A01_e01,1
20240718,20240718_A02_e01,1
20240718,20240718_A03_e01,1
20240718,20240718_A04_e01,1
20240718,20240718_A05_e01,1
20240718,20240718_A06_e01,1
20240718,20240718_A07_e01,1
20240718,20240718_A08_e01,1
20240718,20240718_A09_e01,1
20240718,20240718_A10_e01,1
20240718,20240718_A10_e02,1
20240718,20240718_A11_e01,1
20240718,20240718_A12_e01,1
20240718,20240718_B01_e01,1
20240718,20240718_B02_e01,1
20240718,20240718_B03_e01,1
20240718,20240718_B04_e01,1
20240718,20240718_B05_e01,1
20240718,20240718_B06_e01,1
20240718,20240718_B07_e01,1
20240718,20240718_B08_e01,1
20240718,20240718_B09_e01,1
20240718,20240718_B10_e01,1
20240718,20240718_B11_e01,1
20240718,20240718_B12_e01,1
20240718,20240718_C01_e01,1
20240718,20240718_C02_e01,1
20240718,20240718_C03_e01,1
20240718,20240718_C04_e01,1
20240718,20240718_C05_e01,1
20240718,20240718_C06_e01,1
20240718,20240718_C07_e01,1
20240718,20240718_C08_e01,1
20240718,20240718_C09_e01,1
20240718,20240718_C10_e01,1
20240718,20240718_C11_e01,1
20240718,20240718_C12_e01,1
20240718,20240718_D01_e01,1
20240718,20240718_D02_e01,1
20240718,20240718_D03_e01,1
20240718,20240718_D04_e01,1
20240718,20240718_D05_e01,1
20240718,20240718_D06_e01,1
20240718,20240718_D07_e01,1
20240718,20240718_D08_e01,1
20240718,20240718_D09_e01,1
20240718,20240718_D10_e01,1
20240718,20240718_D11_e01,1
20240718,20240718_D12_e01,1
20240718,20240718_E01_e01,1
20240718,20240718_E02_e01,1
20240718,20240718_E04_e01,1
20240718,20240718_E05_e01,1
20240718,20240718_E06_e01,1
20240718,20240718_E07_e01,1
20240718,20240718_E08_e01,1
20240718,20240718_E09_e01,1
20240718,20240718_E10_e01,1
20240718,20240718_E11_e01,1
20240718,20240718_E12_e01,1
20240718,20240718_F01_e01,1
20240718,20240718_F02_e01,1
20240718,20240718_F03_e01,1
20240718,20240718_F04_e01,1
20240718,20240718_F05_e01,1
20240718,20240718_F06_e01,1
20240718,20240718_F07_e01,1
20240718,20240718_F08_e01,1
20240718,20240718_F09_e01,1
20240718,20240718_F10_e01,1
20240718,20240718_F11_e01,1
20240718,20240718_F12_e01,1
20240718,20240718_G01_e01,1
20240718,20240718_G02_e01,1
20240718,20240718_G03_e01,1
20240718,20240718_G04_e01,1
20240718,20240718_G05_e01,1
20240718,20240718_G06_e01,1
20240718,20240718_G07_e01,1
20240718,20240718_G08_e01,1
20240718,20240718_G09_e01,1
20240718,20240718_G10_e01,1
20240718,20240718_G11_e01,1
20240718,20240718_G12_e01,1
20240718,20240718_H01_e01,1
20240718,20240718_H02_e01,1
20240718,20240718_H03_e01,1
20240718,20240718_H03_e02,1
20240718,20240718_H04_e01,1
20240718,20240718_H05_e01,1
20240718,20240718_H06_e01,1
20240718,20240718_H07_e01,1
20240718,20240718_H08_e01,1
20240718,20240718_H09_e01,1
20240718,20240718_H10_e01,1
20240718,20240718_H10_e02,1
20240718,20240718_H10_e03,1
20240718,20240718_H11_e01,1
20240718,20240718_H12_e01,1
20240724,20240724_A01_e01,1
20240724,20240724_A02_e01,1
20240724,20240724_A03_e01,1
20240724,20240724_A04_e01,1
20240724,20240724_A05_e01,1
20240724,20240724_A06_e01,1
20240724,20240724_A07_e01,1
20240724,20240724_B01_e01,1
20240724,20240724_B02_e01,1
20240724,20240724_B03_e01,1
20240724,20240724_B04_e01,1
20240724,20240724_B05_e01,1
20240724,20240724_B06_e01,1
20240724,20240724_B07_e01,1
20240724,20240724_C01_e01,1
20240724,20240724_C02_e01,1
20240724,20240724_C03_e01,1
20240724,20240724_C04_e01,1
20240724,20240724_C05_e01,1
20240724,20240724_C06_e01,1
20240724,20240724_C07_e01,1
20240724,20240724_D01_e01,1
20240724,20240724_D02_e01,1
20240724,20240724_D03_e01,1
20240724,20240724_D04_e01,1
20240724,20240724_D05_e01,1
20240724,20240724_D06_e01,1
20240724,20240724_D07_e01,1
20240724,20240724_E01_e01,1
20240724,20240724_E02_e01,1
20240724,20240724_E03_e01,1
20240724,20240724_E04_e01,1
20240724,20240724_E05_e01,1
20240724,20240724_E06_e01,1
20240724,20240724_E07_e01,1
20240724,20240724_F01_e01,1
20240724,20240724_F02_e01,1
20240724,20240724_F03_e01,1
20240724,20240724_F04_e01,1
20240724,20240724_F05_e01,1
20240724,20240724_F06_e01,1
20240724,20240724_F07_e01,1
20240724,20240724_G01_e01,1
20240724,20240724_G02_e01,1
20240724,20240724_G03_e01,1
20240724,20240724_G04_e01,1
20240724,20240724_G05_e01,1
20240724,20240724_G06_e01,1
20240724,20240724_G07_e01,1
20240724,20240724_H01_e01,1
20240724,20240724_H02_e01,1
20240724,20240724_H03_e01,1
20240724,20240724_H04_e01,1
20240724,20240724_H05_e01,1
20240724,20240724_H06_e01,1
20240724,20240724_H07_e01,1
20240725,20240725_A01_e01,1
20240725,20240725_A02_e01,1
20240725,20240725_A03_e01,1
20240725,20240725_A04_e01,1
20240725,20240725_A05_e01,1
20240725,20240725_A06_e01,1
20240725,20240725_A07_e01,1
20240725,20240725_B01_e01,1
20240725,20240725_B02_e01,1
20240725,20240725_B03_e01,1
20240725,20240725_B04_e01,1
20240725,20240725_B05_e01,1
20240725,20240725_B06_e01,1
20240725,20240725_B07_e01,1
20240725,20240725_C01_e01,1
20240725,20240725_C02_e01,1
20240725,20240725_C03_e01,1
20240725,20240725_C04_e01,1
20240725,20240725_C05_e01,1
20240725,20240725_C06_e01,1
20240725,20240725_C07_e01,1
20240725,20240725_D01_e01,1
20240725,20240725_D01_e02,1
20240725,20240725_D02_e01,1
20240725,20240725_D02_e02,1
20240725,20240725_D03_e01,1
20240725,20240725_D04_e01,1
20240725,20240725_D05_e01,1
20240725,20240725_D06_e01,1
20240725,20240725_D07_e01,1
20240725,20240725_E01_e01,1
20240725,20240725_E02_e01,1
20240725,20240725_E03_e01,1
20240725,20240725_E04_e01,1
20240725,20240725_E05_e01,1
20240725,20240725_E06_e01,1
20240725,20240725_E07_e01,1
20240725,20240725_F01_e01,1
20240725,20240725_F02_e01,1
20240725,20240725_F02_e02,1
20240725,20240725_F03_e01,1
20240725,20240725_F04_e01,1
20240725,20240725_F04_e02,1
20240725,20240725_F04_e03,1
20240725,20240725_F05_e01,1
20240725,20240725_F06_e01,1
20240725,20240725_F07_e01,1
20240725,20240725_G01_e01,1
20240725,20240725_G02_e01,1
20240725,20240725_G02_e02,1
20240725,20240725_G03_e01,1
20240725,20240725_G04_e01,1
20240725,20240725_G05_e01,1
20240725,20240725_G06_e01,1
20240725,20240725_G07_e01,1
20240725,20240725_H01_e01,1
20240725,20240725_H02_e01,1
20240725,20240725_H03_e01,1
20240725,20240725_H04_e01,1
20240725,20240725_H05_e01,1
20240725,20240725_H06_e01,1
20240725,20240725_H06_e02,1
20240725,20240725_H06_e03,1
20240725,20240725_H07_e01,1
20240726,20240726_A01_e01,1
20240726,20240726_A02_e01,1
20240726,20240726_A03_e01,1
20240726,20240726_A04_e01,1
20240726,20240726_A05_e01,1
20240726,20240726_A06_e01,1
20240726,20240726_A07_e01,1
20240726,20240726_A07_e02,1
20240726,20240726_B01_e01,1
20240726,20240726_B02_e01,1
20240726,20240726_B03_e01,1
20240726,20240726_B04_e01,1
20240726,20240726_B05_e01,1
20240726,20240726_B06_e01,1
20240726,20240726_B07_e01,1
20240726,20240726_C01_e01,1
20240726,20240726_C02_e01,1
20240726,20240726_C03_e01,1
20240726,20240726_C04_e01,1
20240726,20240726_C05_e01,1
20240726,20240726_C06_e01,1
20240726,20240726_C07_e01,1
20240726,20240726_D01_e01,1
20240726,20240726_D02_e01,1
20240726,20240726_D03_e01,1
20240726,20240726_D04_e01,1
20240726,20240726_D05_e01,1
20240726,20240726_D05_e02,1
20240726,20240726_D06_e01,1
20240726,20240726_D07_e01,1
20240726,20240726_E01_e01,1
20240726,20240726_E02_e01,1
20240726,20240726_E03_e01,1
20240726,20240726_E03_e02,1
20240726,20240726_E04_e01,1
20240726,20240726_E05_e01,1
20240726,20240726_E06_e01,1
20240726,20240726_E07_e01,1
20240726,20240726_F01_e01,1
20240726,20240726_F02_e01,1
20240726,20240726_F03_e01,1
20240726,20240726_F04_e01,1
20240726,20240726_F05_e01,1
20240726,20240726_F05_e02,1
20240726,20240726_F06_e01,1
20240726,20240726_F07_e01,1
20240726,20240726_G01_e01,1
20240726,20240726_G02_e01,1
20240726,20240726_G03_e01,1
20240726,20240726_G04_e01,1
20240726,20240726_G05_e01,1
20240726,20240726_G06_e01,1
20240726,20240726_G07_e01,1
20240726,20240726_H01_e01,1
20240726,20240726_H02_e01,1
20240726,20240726_H03_e01,1
20240726,20240726_H04_e01,1
20240726,20240726_H05_e01,1
20240726,20240726_H06_e01,1
20240726,20240726_H07_e01,1
20240812,20240812_A01_e01,75
20240812,20240812_A02_e01,75
20240812,20240812_A03_e01,75
20240812,20240812_A03_e02,75
20240812,20240812_A04_e01,75
20240812,20240812_A05_e01,75
20240812,20240812_A06_e01,75
20240812,20240812_A07_e01,75
20240812,20240812_A08_e01,75
20240812,20240812_A09_e01,75
20240812,20240812_A10_e01,75
20240812,20240812_A11_e01,75
20240812,20240812_A12_e01,75
20240812,20240812_B01_e01,75
20240812,20240812_B01_e02,75
20240812,20240812_B02_e01,75
20240812,20240812_B03_e01,75
20240812,20240812_B04_e01,75
20240812,20240812_B05_e01,75
20240812,20240812_B06_e01,75
20240812,20240812_B07_e01,75
20240812,20240812_B08_e01,75
20240812,20240812_B09_e01,75
20240812,20240812_B10_e01,75
20240812,20240812_B11_e01,75
20240812,20240812_B12_e01,75
20240812,20240812_C01_e01,75
20240812,20240812_C02_e01,75
20240812,20240812_C03_e01,75
20240812,20240812_C04_e01,75
20240812,20240812_C05_e01,75
20240812,20240812_C06_e01,75
20240812,20240812_C07_e01,75
20240812,20240812_C08_e01,75
20240812,20240812_C09_e01,75
20240812,20240812_C10_e01,75
20240812,20240812_C11_e01,75
20240812,20240812_C12_e01,75
20240812,20240812_D01_e01,75
20240812,20240812_D02_e01,75
20240812,20240812_D03_e01,75
20240812,20240812_D04_e01,75
20240812,20240812_D05_e01,75
20240812,20240812_D06_e01,75
20240812,20240812_D07_e01,75
20240812,20240812_D08_e01,75
20240812,20240812_D09_e01,75
20240812,20240812_D10_e01,75
20240812,20240812_D11_e01,75
20240812,20240812_D12_e01,75
20240812,20240812_E01_e01,75
20240812,20240812_E02_e01,75
20240812,20240812_E03_e01,75
20240812,20240812_E04_e01,75
20240812,20240812_E05_e01,75
20240812,20240812_E06_e01,75
20240812,20240812_E07_e01,75
20240812,20240812_E08_e01,75
20240812,20240812_E09_e01,75
20240812,20240812_E10_e01,75
20240812,20240812_E11_e01,75
20240812,20240812_E12_e01,75
20240812,20240812_F01_e01,75
20240812,20240812_F02_e01,75
20240812,20240812_F03_e01,75
20240812,20240812_F04_e01,75
20240812,20240812_F05_e01,75
20240812,20240812_F06_e01,75
20240812,20240812_F07_e01,75
20240812,20240812_F08_e01,75
20240812,20240812_F09_e01,75
20240812,20240812_F10_e01,75
20240812,20240812_F11_e01,75
20240812,20240812_F12_e01,75
20240812,20240812_G01_e01,75
20240812,20240812_G02_e01,75
20240812,20240812_G03_e01,75
20240812,20240812_G04_e01,75
20240812,20240812_G05_e01,75
20240812,20240812_G06_e01,75
20240812,20240812_G07_e01,75
20240812,20240812_G08_e01,75
20240812,20240812_G09_e01,75
20240812,20240812_G10_e01,75
20240812,20240812_G11_e01,75
20240812,20240812_G11_e02,75
20240812,20240812_G12_e01,75
20240812,20240812_G12_e02,75
20240812,20240812_H01_e01,75
20240812,20240812_H02_e01,75
20240812,20240812_H03_e01,75
20240812,20240812_H04_e01,75
20240812,20240812_H05_e01,75
20240812,20240812_H06_e01,75
20240812,20240812_H07_e01,75
20240812,20240812_H08_e01,75
20240812,20240812_H08_e02,75
20240812,20240812_H09_e01,75
20240812,20240812_H10_e01,75
20240812,20240812_H11_e01,75
20240812,20240812_H12_e01,75
20240813_24hpf,20240813_24hpf_A02_e01,1
20240813_24hpf,20240813_24hpf_A03_e01,1
20240813_24hpf,20240813_24hpf_A04_e01,1
20240813_24hpf,20240813_24hpf_A05_e01,1
20240813_24hpf,20240813_24hpf_A06_e01,1
20240813_24hpf,20240813_24hpf_A07_e01,1
20240813_24hpf,20240813_24hpf_B02_e01,1
20240813_24hpf,20240813_24hpf_B03_e01,1
20240813_24hpf,20240813_24hpf_B04_e01,1
20240813_24hpf,20240813_24hpf_B05_e01,1
20240813_24hpf,20240813_24hpf_B06_e01,1
20240813_24hpf,20240813_24hpf_B07_e01,1
20240813_24hpf,20240813_24hpf_C02_e01,1
20240813_24hpf,20240813_24hpf_C03_e01,1
20240813_24hpf,20240813_24hpf_C04_e01,1
20240813_24hpf,20240813_24hpf_C05_e01,1
20240813_24hpf,20240813_24hpf_C06_e01,1
20240813_24hpf,20240813_24hpf_C07_e01,1
20240813_24hpf,20240813_24hpf_D02_e01,1
20240813_24hpf,20240813_24hpf_D03_e01,1
20240813_24hpf,20240813_24hpf_D04_e01,1
20240813_24hpf,20240813_24hpf_D05_e01,1
20240813_24hpf,20240813_24hpf_D06_e01,1
20240813_24hpf,20240813_24hpf_D07_e01,1
20240813_24hpf,20240813_24hpf_E02_e01,1
20240813_24hpf,20240813_24hpf_E03_e01,1
20240813_24hpf,20240813_24hpf_E04_e01,1
20240813_24hpf,20240813_24hpf_E05_e01,1
20240813_24hpf,20240813_24hpf_E06_e01,1
20240813_24hpf,20240813_24hpf_E07_e01,1
20240813_24hpf,20240813_24hpf_F02_e01,1
20240813_24hpf,20240813_24hpf_F03_e01,1
20240813_24hpf,20240813_24hpf_F04_e01,1
20240813_24hpf,20240813_24hpf_F05_e01,1
20240813_24hpf,20240813_24hpf_F06_e01,1
20240813_24hpf,20240813_24hpf_F07_e01,1
20240813_24hpf,20240813_24hpf_G02_e01,1
20240813_24hpf,20240813_24hpf_G03_e01,1
20240813_24hpf,20240813_24hpf_G04_e01,1
20240813_24hpf,20240813_24hpf_G05_e01,1
20240813_24hpf,20240813_24hpf_G06_e01,1
20240813_24hpf,20240813_24hpf_G07_e01,1
20240813_24hpf,20240813_24hpf_H02_e01,1
20240813_24hpf,20240813_24hpf_H03_e01,1
20240813_24hpf,20240813_24hpf_H04_e01,1
20240813_24hpf,20240813_24hpf_H05_e01,1
20240813_24hpf,20240813_24hpf_H06_e01,1
20240813_24hpf,20240813_24hpf_H07_e01,1
20240813_30hpf,20240813_30hpf_A02_e01,1
20240813_30hpf,20240813_30hpf_A03_e01,1
20240813_30hpf,20240813_30hpf_A04_e01,1
20240813_30hpf,20240813_30hpf_A05_e01,1
20240813_30hpf,20240813_30hpf_A06_e01,1
20240813_30hpf,20240813_30hpf_A07_e01,1
20240813_30hpf,20240813_30hpf_B02_e01,1
20240813_30hpf,20240813_30hpf_B03_e01,1
20240813_30hpf,20240813_30hpf_B04_e01,1
20240813_30hpf,20240813_30hpf_B05_e01,1
20240813_30hpf,20240813_30hpf_B06_e01,1
20240813_30hpf,20240813_30hpf_B07_e01,1
20240813_30hpf,20240813_30hpf_C02_e01,1
20240813_30hpf,20240813_30hpf_C03_e01,1
20240813_30hpf,20240813_30hpf_C04_e01,1
20240813_30hpf,20240813_30hpf_C05_e01,1
20240813_30hpf,20240813_30hpf_C06_e01,1
20240813_30hpf,20240813_30hpf_C06_e02,1
20240813_30hpf,20240813_30hpf_C07_e01,1
20240813_30hpf,20240813_30hpf_D02_e01,1
20240813_30hpf,20240813_30hpf_D03_e01,1
20240813_30hpf,20240813_30hpf_D04_e01,1
20240813_30hpf,20240813_30hpf_D05_e01,1
20240813_30hpf,20240813_30hpf_D06_e01,1
20240813_30hpf,20240813_30hpf_D07_e01,1
20240813_30hpf,20240813_30hpf_E02_e01,1
20240813_30hpf,20240813_30hpf_E03_e01,1
20240813_30hpf,20240813_30hpf_E04_e01,1
20240813_30hpf,20240813_30hpf_E05_e01,1
20240813_30hpf,20240813_30hpf_E06_e01,1
20240813_30hpf,20240813_30hpf_E07_e01,1
20240813_30hpf,20240813_30hpf_F02_e01,1
20240813_30hpf,20240813_30hpf_F03_e01,1
20240813_30hpf,20240813_30hpf_F04_e01,1
20240813_30hpf,20240813_30hpf_F05_e01,1
20240813_30hpf,20240813_30hpf_F06_e01,1
20240813_30hpf,20240813_30hpf_F07_e01,1
20240813_30hpf,20240813_30hpf_G02_e01,1
20240813_30hpf,20240813_30hpf_G03_e01,1
20240813_30hpf,20240813_30hpf_G04_e01,1
20240813_30hpf,20240813_30hpf_G05_e01,1
20240813_30hpf,20240813_30hpf_G06_e01,1
20240813_30hpf,20240813_30hpf_G07_e01,1
20240813_30hpf,20240813_30hpf_H02_e01,1
20240813_30hpf,20240813_30hpf_H03_e01,1
20240813_30hpf,20240813_30hpf_H03_e02,1
20240813_30hpf,20240813_30hpf_H04_e01,1
20240813_30hpf,20240813_30hpf_H05_e01,1
20240813_30hpf,20240813_30hpf_H06_e01,1
20240813_30hpf,20240813_30hpf_H07_e01,1
20240813_36hpf,20240813_36hpf_A02_e01,1
20240813_36hpf,20240813_36hpf_A03_e01,1
20240813_36hpf,20240813_36hpf_A04_e01,1
20240813_36hpf,20240813_36hpf_A05_e01,1
20240813_36hpf,20240813_36hpf_A06_e01,1
20240813_36hpf,20240813_36hpf_A06_e02,1
20240813_36hpf,20240813_36hpf_A07_e01,1
20240813_36hpf,20240813_36hpf_B02_e01,1
20240813_36hpf,20240813_36hpf_B03_e01,1
20240813_36hpf,20240813_36hpf_B04_e01,1
20240813_36hpf,20240813_36hpf_B05_e01,1
20240813_36hpf,20240813_36hpf_B06_e01,1
20240813_36hpf,20240813_36hpf_B07_e01,1
20240813_36hpf,20240813_36hpf_C02_e01,1
20240813_36hpf,20240813_36hpf_C03_e01,1
20240813_36hpf,20240813_36hpf_C04_e01,1
20240813_36hpf,20240813_36hpf_C05_e01,1
20240813_36hpf,20240813_36hpf_C06_e01,1
20240813_36hpf,20240813_36hpf_C07_e01,1
20240813_36hpf,20240813_36hpf_D02_e01,1
20240813_36hpf,20240813_36hpf_D03_e01,1
20240813_36hpf,20240813_36hpf_D04_e01,1
20240813_36hpf,20240813_36hpf_D05_e01,1
20240813_36hpf,20240813_36hpf_D06_e01,1
20240813_36hpf,20240813_36hpf_D07_e01,1
20240813_36hpf,20240813_36hpf_E02_e01,1
20240813_36hpf,20240813_36hpf_E03_e01,1
20240813_36hpf,20240813_36hpf_E04_e01,1
20240813_36hpf,20240813_36hpf_E05_e01,1
20240813_36hpf,20240813_36hpf_E06_e01,1
20240813_36hpf,20240813_36hpf_E07_e01,1
20240813_36hpf,20240813_36hpf_F02_e01,1
20240813_36hpf,20240813_36hpf_F03_e01,1
20240813_36hpf,20240813_36hpf_F04_e01,1
20240813_36hpf,20240813_36hpf_F05_e01,1
20240813_36hpf,20240813_36hpf_F06_e01,1
20240813_36hpf,20240813_36hpf_F07_e01,1
20240813_36hpf,20240813_36hpf_G02_e01,1
20240813_36hpf,20240813_36hpf_G03_e01,1
20240813_36hpf,20240813_36hpf_G04_e01,1
20240813_36hpf,20240813_36hpf_G05_e01,1
20240813_36hpf,20240813_36hpf_G06_e01,1
20240813_36hpf,20240813_36hpf_G07_e01,1
20240813_36hpf,20240813_36hpf_H02_e01,1
20240813_36hpf,20240813_36hpf_H03_e01,1
20240813_36hpf,20240813_36hpf_H04_e01,1
20240813_36hpf,20240813_36hpf_H05_e01,1
20240813_36hpf,20240813_36hpf_H06_e01,1
20240813_36hpf,20240813_36hpf_H06_e02,1
20240813_36hpf,20240813_36hpf_H07_e01,1
20241022,20241022_A01_e01,37
20241022,20241022_A02_e01,37
20241022,20241022_A03_e01,37
20241022,20241022_A04_e01,37
20241022,20241022_A05_e01,37
20241022,20241022_A06_e01,37
20241022,20241022_A07_e01,37
20241022,20241022_A08_e01,37
20241022,20241022_A09_e01,37
20241022,20241022_A09_e02,37
20241022,20241022_A10_e01,37
20241022,20241022_A11_e01,37
20241022,20241022_A12_e01,37
20241022,20241022_B01_e01,37
20241022,20241022_B02_e01,37
20241022,20241022_B03_e01,37
20241022,20241022_B04_e01,37
20241022,20241022_B04_e02,37
20241022,20241022_B05_e01,37
20241022,20241022_B06_e01,37
20241022,20241022_B07_e01,37
20241022,20241022_B08_e01,37
20241022,20241022_B09_e01,37
20241022,20241022_B10_e01,37
20241022,20241022_B11_e01,37
20241022,20241022_B12_e01,37
20241022,20241022_C01_e01,37
20241022,20241022_C02_e01,37
20241022,20241022_C03_e01,37
20241022,20241022_C04_e01,37
20241022,20241022_C05_e01,37
20241022,20241022_C06_e01,37
20241022,20241022_C07_e01,37
20241022,20241022_C08_e01,37
20241022,20241022_C09_e01,37
20241022,20241022_C10_e01,37
20241022,20241022_C11_e01,37
20241022,20241022_C11_e02,37
20241022,20241022_C12_e01,37
20241022,20241022_D01_e01,37
20241022,20241022_D02_e01,37
20241022,20241022_D03_e01,37
20241022,20241022_D04_e01,37
20241022,20241022_D05_e01,37
20241022,20241022_D06_e01,37
20241022,20241022_D07_e01,37
20241022,20241022_D08_e01,37
20241022,20241022_D08_e02,37
20241022,20241022_D09_e01,37
20241022,20241022_D10_e01,37
20241022,20241022_D11_e01,37
20241022,20241022_D12_e01,37
20241022,20241022_E01_e01,37
20241022,20241022_E02_e01,37
20241022,20241022_E03_e01,37
20241022,20241022_E04_e01,37
20241022,20241022_E05_e01,37
20241022,20241022_E06_e01,37
20241022,20241022_E07_e01,37
20241022,20241022_E08_e01,37
20241022,20241022_E09_e01,37
20241022,20241022_E10_e01,37
20241022,20241022_E11_e01,37
20241022,20241022_E11_e02,37
20241022,20241022_E12_e01,37
20241022,20241022_F01_e01,37
20241022,20241022_F02_e01,37
20241022,20241022_F03_e01,37
20241022,20241022_F04_e01,37
20241022,20241022_F05_e01,37
20241022,20241022_F06_e01,37
20241022,20241022_F07_e01,37
20241022,20241022_F08_e01,37
20241022,20241022_F09_e01,37
20241022,20241022_F10_e01,37
20241022,20241022_F11_e01,37
20241022,20241022_F12_e01,37
20241022,20241022_G01_e01,37
20241022,20241022_G02_e01,37
20241022,20241022_G03_e01,37
20241022,20241022_G04_e01,37
20241022,20241022_G05_e01,37
20241022,20241022_G06_e01,37
20241022,20241022_G07_e01,37
20241022,20241022_G08_e01,37
20241022,20241022_G09_e01,37
20241022,20241022_G10_e01,37
20241022,20241022_G11_e01,37
20241022,20241022_G12_e01,37
20241022,20241022_H01_e01,37
20241022,20241022_H02_e01,37
20241022,20241022_H03_e01,37
20241022,20241022_H04_e01,37
20241022,20241022_H05_e01,37
20241022,20241022_H06_e01,37
20241022,20241022_H07_e01,37
20241022,20241022_H08_e01,37
20241022,20241022_H09_e01,37
20241022,20241022_H10_e01,37
20241022,20241022_H11_e01,37
20241022,20241022_H12_e01,37
20241023,20241023_A01_e01,43
20241023,20241023_A02_e01,43
20241023,20241023_A03_e01,43
20241023,20241023_A04_e01,43
20241023,20241023_A05_e01,43
20241023,20241023_A06_e01,43
20241023,20241023_A07_e01,43
20241023,20241023_A08_e01,43
20241023,20241023_A09_e01,43
20241023,20241023_A10_e01,43
20241023,20241023_A11_e01,43
20241023,20241023_A12_e01,43
20241023,20241023_B01_e01,43
20241023,20241023_B02_e01,43
20241023,20241023_B03_e01,43
20241023,20241023_B04_e01,43
20241023,20241023_B05_e01,43
20241023,20241023_B06_e01,43
20241023,20241023_B07_e01,43
20241023,20241023_B08_e01,43
20241023,20241023_B09_e01,43
20241023,20241023_B10_e01,43
20241023,20241023_B11_e01,43
20241023,20241023_B12_e01,43
20241023,20241023_C01_e01,43
20241023,20241023_C02_e01,43
20241023,20241023_C03_e01,43
20241023,20241023_C04_e01,43
20241023,20241023_C05_e01,43
20241023,20241023_C05_e02,43
20241023,20241023_C06_e01,43
20241023,20241023_C07_e01,43
20241023,20241023_C08_e01,43
20241023,20241023_C09_e01,43
20241023,20241023_C10_e01,43
20241023,20241023_C11_e01,43
20241023,20241023_C11_e02,43
20241023,20241023_C12_e01,43
20241023,20241023_D01_e01,43
20241023,20241023_D02_e01,43
20241023,20241023_D03_e01,43
20241023,20241023_D03_e02,43
20241023,20241023_D04_e01,43
20241023,20241023_D05_e01,43
20241023,20241023_D06_e01,43
20241023,20241023_D07_e01,43
20241023,20241023_D08_e01,43
20241023,20241023_D09_e01,43
20241023,20241023_D10_e01,43
20241023,20241023_D11_e01,43
20241023,20241023_D12_e01,43
20241023,20241023_E01_e01,43
20241023,20241023_E02_e01,43
20241023,20241023_E02_e02,43
20241023,20241023_E03_e01,43
20241023,20241023_E04_e01,43
20241023,20241023_E05_e01,43
20241023,20241023_E06_e01,43
20241023,20241023_E07_e01,43
20241023,20241023_E08_e01,43
20241023,20241023_E08_e02,43
20241023,20241023_E09_e01,43
20241023,20241023_E10_e01,43
20241023,20241023_E11_e01,43
20241023,20241023_E12_e01,43
20241023,20241023_E12_e02,43
20241023,20241023_F01_e01,43
20241023,20241023_F01_e02,43
20241023,20241023_F02_e01,43
20241023,20241023_F03_e01,43
20241023,20241023_F04_e01,43
20241023,20241023_F05_e01,43
20241023,20241023_F06_e01,43
20241023,20241023_F07_e01,43
20241023,20241023_F08_e01,43
20241023,20241023_F09_e01,43
20241023,20241023_F10_e01,43
20241023,20241023_F11_e01,43
20241023,20241023_F12_e01,43
20241023,20241023_F12_e02,43
20241023,20241023_G01_e01,43
20241023,20241023_G01_e02,43
20241023,20241023_G02_e01,43
20241023,20241023_G02_e02,43
20241023,20241023_G03_e01,43
20241023,20241023_G04_e01,43
20241023,20241023_G05_e01,43
20241023,20241023_G06_e01,43
20241023,20241023_G07_e01,43
20241023,20241023_G08_e01,43
20241023,20241023_G09_e01,43
20241023,20241023_G10_e01,43
20241023,20241023_G11_e01,43
20241023,20241023_G12_e01,43
20241023,20241023_H01_e02,43
20241023,20241023_H02_e01,43
20241023,20241023_H03_e01,43
20241023,20241023_H03_e02,43
20241023,20241023_H04_e01,43
20241023,20241023_H05_e01,43
20241023,20241023_H06_e01,43
20241023,20241023_H06_e02,43
20241023,20241023_H07_e01,43
20241023,20241023_H07_e02,43
20241023,20241023_H08_e01,43
20241023,20241023_H09_e01,43
20241023,20241023_H10_e01,43
20241023,20241023_H11_e01,43
20241023,20241023_H12_e01,43
20250126,20250126_A01_e01,71
20250126,20250126_A02_e01,71
20250126,20250126_A02_e02,71
20250126,20250126_A03_e01,71
20250126,20250126_A03_e02,71
20250126,20250126_A04_e01,71
20250126,20250126_A05_e01,71
20250126,20250126_A06_e01,71
20250126,20250126_A06_e02,29
20250126,20250126_A07_e01,71
20250126,20250126_A08_e01,71
20250126,20250126_A09_e01,71
20250126,20250126_A10_e01,71
20250126,20250126_A11_e01,71
20250126,20250126_B01_e01,71
20250126,20250126_B02_e01,71
20250126,20250126_B02_e02,71
20250126,20250126_B03_e01,71
20250126,20250126_B04_e01,71
20250126,20250126_B05_e01,71
20250126,20250126_B06_e01,71
20250126,20250126_B07_e01,71
20250126,20250126_B08_e01,71
20250126,20250126_B09_e01,71
20250126,20250126_B10_e01,71
20250126,20250126_B10_e02,71
20250126,20250126_B11_e01,71
20250126,20250126_B11_e02,50
20250126,20250126_B12_e01,71
20250126,20250126_C01_e01,71
20250126,20250126_C02_e01,71
20250126,20250126_C03_e01,71
20250126,20250126_C04_e01,71
20250126,20250126_C04_e02,71
20250126,20250126_C05_e01,71
20250126,20250126_C06_e01,71
20250126,20250126_C07_e01,71
20250126,20250126_C08_e01,71
20250126,20250126_C09_e01,71
20250126,20250126_C10_e01,71
20250126,20250126_C11_e01,71
20250126,20250126_C12_e01,71
20250126,20250126_D01_e01,71
20250126,20250126_D02_e01,71
20250126,20250126_D03_e01,71
20250126,20250126_D03_e02,71
20250126,20250126_D04_e01,71
20250126,20250126_D05_e01,71
20250126,20250126_D06_e01,71
20250126,20250126_D06_e02,71
20250126,20250126_D07_e01,71
20250126,20250126_D08_e01,71
20250126,20250126_D09_e01,71
20250126,20250126_D10_e01,71
20250126,20250126_D11_e01,71
20250126,20250126_D12_e01,71
20250126,20250126_D12_e02,71
20250126,20250126_E01_e01,71
20250126,20250126_E02_e01,71
20250126,20250126_E03_e01,71
20250126,20250126_E04_e01,71
20250126,20250126_E04_e02,71
20250126,20250126_E05_e01,71
20250126,20250126_E06_e01,71
20250126,20250126_E07_e01,71
20250126,20250126_E08_e01,71
20250126,20250126_E08_e02,71
20250126,20250126_E09_e01,71
20250126,20250126_E10_e01,71
20250126,20250126_E11_e01,71
20250126,20250126_E11_e02,71
20250126,20250126_E12_e01,71
20250126,20250126_F01_e01,71
20250126,20250126_F02_e01,71
20250126,20250126_F03_e01,71
20250126,20250126_F04_e01,71
20250126,20250126_F05_e01,71
20250126,20250126_F06_e01,71
20250126,20250126_F07_e01,71
20250126,20250126_F07_e02,71
20250126,20250126_F08_e01,71
20250126,20250126_F09_e01,71
20250126,20250126_F10_e01,71
20250126,20250126_F11_e01,71
20250126,20250126_F12_e01,71
20250126,20250126_G01_e01,71
20250126,20250126_G02_e01,71
20250126,20250126_G03_e01,71
20250126,20250126_G04_e01,71
20250126,20250126_G05_e01,71
20250126,20250126_G06_e01,71
20250126,20250126_G07_e01,71
20250126,20250126_G08_e01,71
20250126,20250126_G09_e01,71
20250126,20250126_G10_e01,71
20250126,20250126_G11_e01,71
20250126,20250126_G11_e02,69
20250126,20250126_G12_e01,71
20250126,20250126_H01_e01,71
20250126,20250126_H02_e01,71
20250126,20250126_H03_e01,71
20250126,20250126_H04_e01,71
20250126,20250126_H05_e01,71
20250126,20250126_H06_e01,71
20250126,20250126_H07_e01,71
20250126,20250126_H08_e01,71
20250126,20250126_H09_e01,71
20250126,20250126_H10_e01,71
20250126,20250126_H11_e01,71
20250126,20250126_H12_e01,71
20250215,20250215_A01_e01,78
20250215,20250215_A02_e01,78
20250215,20250215_A03_e01,78
20250215,20250215_A04_e01,78
20250215,20250215_A05_e01,78
20250215,20250215_A06_e01,78
20250215,20250215_A07_e01,78
20250215,20250215_A08_e01,78
20250215,20250215_A09_e01,78
20250215,20250215_A10_e01,78
20250215,20250215_A11_e01,78
20250215,20250215_A12_e01,78
20250215,20250215_B01_e01,78
20250215,20250215_B02_e01,78
20250215,20250215_B03_e01,78
20250215,20250215_B04_e01,78
20250215,20250215_B05_e01,78
20250215,20250215_B06_e01,78
20250215,20250215_B07_e01,78
20250215,20250215_B08_e01,78
20250215,20250215_B09_e01,78
20250215,20250215_B10_e01,78
20250215,20250215_B11_e01,78
20250215,20250215_B12_e01,78
20250215,20250215_C01_e01,78
20250215,20250215_C02_e01,78
20250215,20250215_C02_e02,78
20250215,20250215_C03_e01,78
20250215,20250215_C04_e01,78
20250215,20250215_C05_e01,78
20250215,20250215_C06_e01,78
20250215,20250215_C07_e01,78
20250215,20250215_C08_e01,78
20250215,20250215_C09_e01,78
20250215,20250215_C10_e01,78
20250215,20250215_C11_e01,78
20250215,20250215_C12_e01,78
20250215,20250215_D01_e01,78
20250215,20250215_D02_e01,78
20250215,20250215_D03_e01,78
20250215,20250215_D04_e01,78
20250215,20250215_D05_e01,78
20250215,20250215_D06_e01,78
20250215,20250215_D07_e01,78
20250215,20250215_D08_e01,78
20250215,20250215_D09_e01,78
20250215,20250215_D10_e01,78
20250215,20250215_D11_e01,78
20250215,20250215_D12_e01,78
20250215,20250215_E01_e01,78
20250215,20250215_E02_e01,78
20250215,20250215_E03_e01,78
20250215,20250215_E04_e01,78
20250215,20250215_E05_e01,78
20250215,20250215_E06_e01,78
20250215,20250215_E07_e01,78
20250215,20250215_E08_e01,78
20250215,20250215_E09_e01,78
20250215,20250215_E10_e01,78
20250215,20250215_E11_e01,78
20250215,20250215_E12_e01,78
20250215,20250215_F01_e01,78
20250215,20250215_F02_e01,78
20250215,20250215_F03_e01,78
20250215,20250215_F04_e01,78
20250215,20250215_F05_e01,78
20250215,20250215_F06_e01,78
20250215,20250215_F07_e01,78
20250215,20250215_F08_e01,78
20250215,20250215_F09_e01,78
20250215,20250215_F10_e01,78
20250215,20250215_F11_e01,78
20250215,20250215_F12_e01,78
20250215,20250215_G01_e01,78
20250215,20250215_G02_e01,78
20250215,20250215_G03_e01,78
20250215,20250215_G04_e01,78
20250215,20250215_G05_e01,78
20250215,20250215_G06_e01,78
20250215,20250215_G07_e01,78
20250215,20250215_G08_e01,78
20250215,20250215_G09_e01,78
20250215,20250215_G10_e01,78
20250215,20250215_G11_e01,78
20250215,20250215_G12_e01,78
20250215,20250215_H01_e01,78
20250215,20250215_H02_e01,78
20250215,20250215_H03_e01,78
20250215,20250215_H04_e01,78
20250215,20250215_H05_e01,78
20250215,20250215_H06_e01,78
20250215,20250215_H06_e02,78
20250215,20250215_H07_e01,78
20250215,20250215_H08_e01,78
20250215,20250215_H09_e01,78
20250215,20250215_H10_e01,78
20250215,20250215_H11_e01,78
20250215,20250215_H12_e01,78
20250305,20250305_A01_e01,340
20250305,20250305_A02_e01,340
20250305,20250305_A03_e01,340
20250305,20250305_A04_e01,340
20250305,20250305_A05_e01,340
20250305,20250305_A06_e01,340
20250305,20250305_A07_e01,340
20250305,20250305_A08_e01,340
20250305,20250305_A10_e01,340
20250305,20250305_A11_e01,340
20250305,20250305_A11_e02,340
20250305,20250305_A12_e01,340
20250305,20250305_B01_e01,340
20250305,20250305_B02_e01,340
20250305,20250305_B03_e01,340
20250305,20250305_B04_e01,340
20250305,20250305_B05_e01,340
20250305,20250305_B06_e01,340
20250305,20250305_B07_e01,340
20250305,20250305_B08_e01,340
20250305,20250305_B09_e01,340
20250305,20250305_B10_e01,340
20250305,20250305_B11_e01,340
20250305,20250305_B12_e01,340
20250305,20250305_C01_e01,340
20250305,20250305_C02_e01,340
20250305,20250305_C03_e01,340
20250305,20250305_C04_e01,340
20250305,20250305_C06_e01,340
20250305,20250305_C07_e01,340
20250305,20250305_C08_e01,340
20250305,20250305_C09_e01,340
20250305,20250305_C10_e01,340
20250305,20250305_C11_e01,340
20250305,20250305_C12_e01,340
20250305,20250305_D01_e01,340
20250305,20250305_D02_e01,340
20250305,20250305_D03_e01,340
20250305,20250305_D04_e01,340
20250305,20250305_D05_e01,340
20250305,20250305_D06_e01,340
20250305,20250305_D07_e01,340
20250305,20250305_D08_e01,340
20250305,20250305_D09_e01,340
20250305,20250305_D11_e01,340
20250305,20250305_D12_e01,340
20250305,20250305_E01_e01,340
20250305,20250305_E02_e01,340
20250305,20250305_E03_e01,340
20250305,20250305_E04_e01,340
20250305,20250305_E05_e01,340
20250305,20250305_E06_e01,340
20250305,20250305_E07_e01,340
20250305,20250305_E08_e01,340
20250305,20250305_E09_e01,340
20250305,20250305_E09_e02,340
20250305,20250305_E10_e01,340
20250305,20250305_E11_e01,340
20250305,20250305_E11_e02,340
20250305,20250305_E12_e01,340
20250305,20250305_F01_e01,340
20250305,20250305_F02_e01,340
20250305,20250305_F03_e01,340
20250305,20250305_F04_e01,340
20250305,20250305_F05_e01,340
20250305,20250305_F06_e01,340
20250305,20250305_F07_e01,340
20250305,20250305_F08_e01,340
20250305,20250305_F09_e01,340
20250305,20250305_F10_e01,340
20250305,20250305_F11_e01,340
20250305,20250305_F12_e01,340
20250305,20250305_F12_e02,340
20250305,20250305_G01_e01,340
20250305,20250305_G02_e01,340
20250305,20250305_G03_e01,340
20250305,20250305_G04_e01,340
20250305,20250305_G04_e02,340
20250305,20250305_G06_e01,340
20250305,20250305_G07_e01,340
20250305,20250305_G08_e01,340
20250305,20250305_G09_e01,340
20250305,20250305_G10_e01,340
20250305,20250305_G11_e01,340
20250305,20250305_G12_e01,340
20250305,20250305_H01_e01,340
20250305,20250305_H02_e01,340
20250305,20250305_H03_e01,340
20250305,20250305_H04_e01,340
20250305,20250305_H04_e02,322
20250305,20250305_H05_e01,340
20250305,20250305_H06_e01,340
20250305,20250305_H07_e01,340
20250305,20250305_H08_e01,340
20250305,20250305_H10_e01,340
20250305,20250305_H11_e01,340
20250305,20250305_H12_e01,340
20250415,20250415_A01_e01,39
20250415,20250415_A01_e02,39
20250415,20250415_A02_e01,39
20250415,20250415_A03_e01,39
20250415,20250415_A04_e01,39
20250415,20250415_A05_e01,39
20250415,20250415_A06_e01,39
20250415,20250415_A06_e02,39
20250415,20250415_A07_e01,39
20250415,20250415_A08_e01,39
20250415,20250415_A09_e01,39
20250415,20250415_A10_e01,39
20250415,20250415_A11_e01,39
20250415,20250415_A12_e01,39
20250415,20250415_B01_e01,39
20250415,20250415_B02_e01,29
20250415,20250415_B03_e01,39
20250415,20250415_B04_e01,39
20250415,20250415_B05_e01,39
20250415,20250415_B06_e01,39
20250415,20250415_B07_e01,39
20250415,20250415_B08_e01,39
20250415,20250415_B08_e02,39
20250415,20250415_B08_e03,39
20250415,20250415_B09_e01,39
20250415,20250415_B09_e02,39
20250415,20250415_B10_e01,39
20250415,20250415_B11_e01,39
20250415,20250415_B12_e01,39
20250415,20250415_C01_e01,39
20250415,20250415_C02_e01,39
20250415,20250415_C03_e01,39
20250415,20250415_C03_e02,39
20250415,20250415_C04_e01,39
20250415,20250415_C04_e02,39
20250415,20250415_C05_e01,39
20250415,20250415_C06_e01,39
20250415,20250415_C07_e01,39
20250415,20250415_C08_e01,39
20250415,20250415_C09_e01,39
20250415,20250415_C10_e01,39
20250415,20250415_C11_e01,39
20250415,20250415_C12_e01,39
20250415,20250415_D01_e01,39
20250415,20250415_D01_e02,39
20250415,20250415_D02_e01,39
20250415,20250415_D02_e02,35
20250415,20250415_D03_e01,39
20250415,20250415_D04_e01,39
20250415,20250415_D05_e01,39
20250415,20250415_D06_e01,39
20250415,20250415_D07_e01,39
20250415,20250415_D08_e01,39
20250415,20250415_D09_e01,39
20250415,20250415_D10_e01,39
20250415,20250415_D11_e01,39
20250415,20250415_D12_e01,39
20250415,20250415_E01_e01,39
20250415,20250415_E02_e01,39
20250415,20250415_E03_e01,39
20250415,20250415_E04_e01,30
20250415,20250415_E05_e01,39
20250415,20250415_E06_e01,39
20250415,20250415_E07_e01,39
20250415,20250415_E08_e01,39
20250415,20250415_E09_e01,39
20250415,20250415_E10_e01,39
20250415,20250415_E11_e01,39
20250415,20250415_E12_e01,39
20250415,20250415_F01_e01,39
20250415,20250415_F02_e01,39
20250415,20250415_F03_e01,39
20250415,20250415_F03_e02,39
20250415,20250415_F04_e01,39
20250415,20250415_F05_e01,39
20250415,20250415_F06_e01,39
20250415,20250415_F07_e01,39
20250415,20250415_F08_e01,39
20250415,20250415_F08_e02,39
20250415,20250415_F09_e01,39
20250415,20250415_F10_e01,39
20250415,20250415_F11_e01,39
20250415,20250415_F12_e01,39
20250415,20250415_G01_e01,39
20250415,20250415_G02_e01,39
20250415,20250415_G03_e01,39
20250415,20250415_G04_e01,39
20250415,20250415_G05_e01,39
20250415,20250415_G06_e01,39
20250415,20250415_G07_e01,39
20250415,20250415_G08_e01,39
20250415,20250415_G09_e01,39
20250415,20250415_G10_e01,39
20250415,20250415_G11_e01,39
20250415,20250415_G12_e01,39
20250415,20250415_H01_e01,39
20250415,20250415_H01_e02,39
20250415,20250415_H02_e01,39
20250415,20250415_H03_e01,39
20250415,20250415_H04_e01,39
20250415,20250415_H05_e01,39
20250415,20250415_H06_e01,39
20250415,20250415_H06_e02,39
20250415,20250415_H07_e01,39
20250415,20250415_H07_e02,39
20250415,20250415_H08_e01,39
20250415,20250415_H09_e01,39
20250415,20250415_H10_e01,39
20250415,20250415_H11_e01,39
20250415,20250415_H12_e01,39
20250425,20250425_A01_e01,118
20250425,20250425_A02_e01,118
20250425,20250425_A03_e01,118
20250425,20250425_A03_e02,118
20250425,20250425_A03_e03,118
20250425,20250425_A04_e01,118
20250425,20250425_A05_e01,118
20250425,20250425_A06_e01,118
20250425,20250425_A07_e01,118
20250425,20250425_A07_e02,118
20250425,20250425_A08_e01,118
20250425,20250425_A09_e01,118
20250425,20250425_A10_e01,118
20250425,20250425_A11_e01,118
20250425,20250425_A12_e01,118
20250425,20250425_B01_e01,118
20250425,20250425_B01_e02,70
20250425,20250425_B02_e01,118
20250425,20250425_B03_e01,118
20250425,20250425_B03_e02,118
20250425,20250425_B04_e01,118
20250425,20250425_B05_e01,118
20250425,20250425_B05_e02,118
20250425,20250425_B05_e03,118
20250425,20250425_B05_e04,118
20250425,20250425_B05_e05,118
20250425,20250425_B06_e01,118
20250425,20250425_B07_e01,118
20250425,20250425_B08_e01,118
20250425,20250425_B09_e01,118
20250425,20250425_B10_e01,118
20250425,20250425_B10_e02,118
20250425,20250425_B11_e01,118
20250425,20250425_B12_e01,118
20250425,20250425_C01_e01,118
20250425,20250425_C02_e01,118
20250425,20250425_C03_e01,118
20250425,20250425_C03_e02,1
20250425,20250425_C04_e01,118
20250425,20250425_C05_e01,118
20250425,20250425_C06_e01,118
20250425,20250425_C07_e01,118
20250425,20250425_C08_e01,118
20250425,20250425_C09_e01,118
20250425,20250425_C10_e01,118
20250425,20250425_C11_e01,118
20250425,20250425_C12_e01,118
20250425,20250425_D01_e01,118
20250425,20250425_D02_e01,118
20250425,20250425_D03_e01,118
20250425,20250425_D03_e02,29
20250425,20250425_D04_e01,118
20250425,20250425_D05_e01,118
20250425,20250425_D05_e02,118
20250425,20250425_D06_e01,118
20250425,20250425_D07_e01,118
20250425,20250425_D08_e01,118
20250425,20250425_D09_e01,118
20250425,20250425_D10_e01,118
20250425,20250425_D11_e01,118
20250425,20250425_D12_e01,118
20250425,20250425_D12_e02,118
20250425,20250425_D12_e03,118
20250425,20250425_D12_e04,108
20250425,20250425_E01_e01,118
20250425,20250425_E02_e01,118
20250425,20250425_E03_e01,118
20250425,20250425_E03_e02,118
20250425,20250425_E04_e01,118
20250425,20250425_E05_e01,118
20250425,20250425_E06_e01,118
20250425,20250425_E07_e01,118
20250425,20250425_E08_e01,118
20250425,20250425_E09_e01,118
20250425,20250425_E09_e02,116
20250425,20250425_E10_e01,118
20250425,20250425_E11_e01,118
20250425,20250425_E12_e01,118
20250425,20250425_F01_e01,118
20250425,20250425_F02_e01,118
20250425,20250425_F03_e01,118
20250425,20250425_F04_e01,118
20250425,20250425_F05_e01,118
20250425,20250425_F06_e01,118
20250425,20250425_F07_e01,118
20250425,20250425_F08_e01,118
20250425,20250425_F09_e01,118
20250425,20250425_F10_e01,118
20250425,20250425_F11_e01,118
20250425,20250425_F12_e01,118
20250425,20250425_G01_e01,118
20250425,20250425_G02_e01,118
20250425,20250425_G03_e01,118
20250425,20250425_G04_e01,118
20250425,20250425_G05_e01,118
20250425,20250425_G06_e01,118
20250425,20250425_G07_e01,118
20250425,20250425_G08_e01,118
20250425,20250425_G09_e01,118
20250425,20250425_G10_e01,118
20250425,20250425_G11_e01,118
20250425,20250425_G12_e01,118
20250425,20250425_H01_e01,118
20250425,20250425_H02_e01,118
20250425,20250425_H03_e01,118
20250425,20250425_H04_e01,118
20250425,20250425_H05_e01,118
20250425,20250425_H05_e02,118
20250425,20250425_H06_e01,118
20250425,20250425_H07_e01,118
20250425,20250425_H08_e01,118
20250425,20250425_H09_e01,118
20250425,20250425_H10_e01,118
20250425,20250425_H10_e02,118
20250425,20250425_H10_e03,118
20250425,20250425_H11_e01,118
20250425,20250425_H12_e01,7
20250501,20250501_A01_e01,176
20250501,20250501_A02_e01,176
20250501,20250501_A03_e01,176
20250501,20250501_A04_e01,176
20250501,20250501_A05_e01,176
20250501,20250501_A06_e01,176
20250501,20250501_A07_e01,154
20250501,20250501_A07_e02,176
20250501,20250501_A08_e01,176
20250501,20250501_A09_e01,176
20250501,20250501_A10_e01,176
20250501,20250501_A11_e01,176
20250501,20250501_A12_e01,176
20250501,20250501_B01_e01,176
20250501,20250501_B01_e02,139
20250501,20250501_B02_e01,176
20250501,20250501_B03_e01,176
20250501,20250501_B04_e01,161
20250501,20250501_B05_e01,176
20250501,20250501_B06_e01,176
20250501,20250501_B07_e01,176
20250501,20250501_B08_e01,176
20250501,20250501_B09_e01,176
20250501,20250501_B10_e01,173
20250501,20250501_B11_e01,176
20250501,20250501_B12_e01,176
20250501,20250501_C01_e01,176
20250501,20250501_C02_e01,176
20250501,20250501_C03_e01,176
20250501,20250501_C03_e02,151
20250501,20250501_C04_e01,176
20250501,20250501_C05_e01,176
20250501,20250501_C06_e01,176
20250501,20250501_C07_e01,176
20250501,20250501_C08_e01,176
20250501,20250501_C09_e01,176
20250501,20250501_C10_e01,176
20250501,20250501_C11_e01,176
20250501,20250501_C12_e01,176
20250501,20250501_D01_e01,176
20250501,20250501_D02_e01,176
20250501,20250501_D03_e01,176
20250501,20250501_D03_e02,176
20250501,20250501_D04_e01,176
20250501,20250501_D04_e02,176
20250501,20250501_D05_e01,176
20250501,20250501_D05_e02,176
20250501,20250501_D06_e01,176
20250501,20250501_D06_e02,176
20250501,20250501_D07_e01,176
20250501,20250501_D07_e02,176
20250501,20250501_D08_e01,176
20250501,20250501_D09_e01,176
20250501,20250501_D09_e02,176
20250501,20250501_D10_e01,176
20250501,20250501_D10_e02,176
20250501,20250501_D11_e01,176
20250501,20250501_D12_e01,176
20250501,20250501_E01_e01,163
20250501,20250501_E01_e02,176
20250501,20250501_E02_e01,176
20250501,20250501_E02_e02,176
20250501,20250501_E03_e01,176
20250501,20250501_E03_e02,176
20250501,20250501_E04_e01,176
20250501,20250501_E04_e02,176
20250501,20250501_E05_e01,176
20250501,20250501_E06_e01,176
20250501,20250501_E07_e01,176
20250501,20250501_E07_e02,176
20250501,20250501_E08_e01,176
20250501,20250501_E08_e02,176
20250501,20250501_E09_e01,176
20250501,20250501_E09_e02,176
20250501,20250501_E10_e01,176
20250501,20250501_E10_e02,176
20250501,20250501_E11_e01,176
20250501,20250501_E11_e02,176
20250501,20250501_E12_e01,176
20250501,20250501_F01_e01,176
20250501,20250501_F02_e01,176
20250501,20250501_F02_e02,176
20250501,20250501_F03_e01,176
20250501,20250501_F03_e02,176
20250501,20250501_F04_e01,176
20250501,20250501_F04_e02,176
20250501,20250501_F05_e01,176
20250501,20250501_F05_e02,176
20250501,20250501_F06_e01,176
20250501,20250501_F06_e02,176
20250501,20250501_F07_e01,176
20250501,20250501_F07_e02,176
20250501,20250501_F08_e01,176
20250501,20250501_F08_e02,176
20250501,20250501_F09_e01,176
20250501,20250501_F10_e01,176
20250501,20250501_F10_e02,176
20250501,20250501_F11_e01,176
20250501,20250501_F11_e02,176
20250501,20250501_F12_e01,176
20250501,20250501_G01_e01,176
20250501,20250501_G02_e01,176
20250501,20250501_G03_e01,176
20250501,20250501_G03_e02,44
20250501,20250501_G04_e01,176
20250501,20250501_G04_e02,176
20250501,20250501_G05_e01,176
20250501,20250501_G05_e02,176
20250501,20250501_G05_e03,176
20250501,20250501_G06_e01,176
20250501,20250501_G06_e02,176
20250501,20250501_G07_e01,176
20250501,20250501_G07_e02,176
20250501,20250501_G08_e01,176
20250501,20250501_G08_e02,176
20250501,20250501_G09_e01,176
20250501,20250501_G09_e02,176
20250501,20250501_G10_e01,176
20250501,20250501_G10_e02,176
20250501,20250501_G11_e01,176
20250501,20250501_G11_e02,176
20250501,20250501_G12_e01,176
20250501,20250501_H01_e01,172
20250501,20250501_H02_e01,176
20250501,20250501_H02_e02,176
20250501,20250501_H03_e01,176
20250501,20250501_H03_e02,176
20250501,20250501_H04_e01,176
20250501,20250501_H04_e02,176
20250501,20250501_H05_e01,176
20250501,20250501_H05_e02,153
20250501,20250501_H06_e01,176
20250501,20250501_H06_e02,176
20250501,20250501_H07_e01,176
20250501,20250501_H07_e02,176
20250501,20250501_H08_e01,176
20250501,20250501_H08_e02,176
20250501,20250501_H09_e01,176
20250501,20250501_H09_e02,176
20250501,20250501_H10_e01,176
20250501,20250501_H11_e01,176
20250501,20250501_H12_e01,176
20250512,20250512_A01_e01,195
20250512,20250512_A02_e01,195
20250512,20250512_A02_e02,195
20250512,20250512_A03_e01,195
20250512,20250512_A04_e01,195
20250512,20250512_A05_e01,195
20250512,20250512_A06_e01,195
20250512,20250512_A07_e01,195
20250512,20250512_A08_e01,195
20250512,20250512_A09_e01,195
20250512,20250512_A10_e01,195
20250512,20250512_A11_e01,195
20250512,20250512_A12_e01,195
20250512,20250512_B01_e01,195
20250512,20250512_B02_e01,195
20250512,20250512_B03_e01,195
20250512,20250512_B04_e01,195
20250512,20250512_B05_e01,195
20250512,20250512_B06_e01,195
20250512,20250512_B06_e02,195
20250512,20250512_B06_e03,195
20250512,20250512_B07_e01,195
20250512,20250512_B08_e01,195
20250512,20250512_B09_e01,195
20250512,20250512_B10_e01,195
20250512,20250512_B10_e02,195
20250512,20250512_B11_e01,195
20250512,20250512_B11_e02,195
20250512,20250512_B11_e03,195
20250512,20250512_B12_e01,195
20250512,20250512_B12_e02,195
20250512,20250512_C01_e01,195
20250512,20250512_C02_e01,195
20250512,20250512_C03_e01,195
20250512,20250512_C03_e02,195
20250512,20250512_C04_e01,195
20250512,20250512_C05_e01,195
20250512,20250512_C06_e01,195
20250512,20250512_C07_e01,195
20250512,20250512_C08_e01,195
20250512,20250512_C09_e01,195
20250512,20250512_C09_e02,195
20250512,20250512_C10_e01,195
20250512,20250512_C10_e02,195
20250512,20250512_C11_e01,195
20250512,20250512_C11_e02,195
20250512,20250512_C12_e01,195
20250512,20250512_C12_e02,195
20250512,20250512_D01_e01,195
20250512,20250512_D02_e01,195
20250512,20250512_D03_e01,195
20250512,20250512_D04_e01,195
20250512,20250512_D05_e01,195
20250512,20250512_D06_e01,195
20250512,20250512_D06_e02,195
20250512,20250512_D07_e01,195
20250512,20250512_D08_e01,195
20250512,20250512_D09_e01,195
20250512,20250512_D09_e02,195
20250512,20250512_D10_e01,195
20250512,20250512_D10_e02,195
20250512,20250512_D11_e01,195
20250512,20250512_D11_e02,195
20250512,20250512_D12_e01,195
20250512,20250512_D12_e02,195
20250512,20250512_E01_e01,195
20250512,20250512_E02_e01,195
20250512,20250512_E02_e02,195
20250512,20250512_E03_e01,195
20250512,20250512_E04_e01,195
20250512,20250512_E05_e01,195
20250512,20250512_E06_e01,195
20250512,20250512_E07_e01,195
20250512,20250512_E08_e01,195
20250512,20250512_E09_e01,195
20250512,20250512_E10_e01,195
20250512,20250512_E11_e01,195
20250512,20250512_E11_e02,195
20250512,20250512_E12_e01,195
20250512,20250512_E12_e02,195
20250512,20250512_F01_e01,195
20250512,20250512_F02_e01,195
20250512,20250512_F03_e01,195
20250512,20250512_F04_e01,195
20250512,20250512_F05_e01,195
20250512,20250512_F06_e01,195
20250512,20250512_F07_e01,195
20250512,20250512_F07_e02,195
20250512,20250512_F08_e01,195
20250512,20250512_F08_e02,195
20250512,20250512_F09_e01,195
20250512,20250512_F09_e02,195
20250512,20250512_F10_e01,195
20250512,20250512_F10_e02,195
20250512,20250512_F11_e01,195
20250512,20250512_F11_e02,195
20250512,20250512_F12_e01,195
20250512,20250512_F12_e02,194
20250512,20250512_G01_e01,195
20250512,20250512_G02_e01,195
20250512,20250512_G03_e01,195
20250512,20250512_G04_e01,195
20250512,20250512_G05_e01,195
20250512,20250512_G06_e01,195
20250512,20250512_G07_e01,195
20250512,20250512_G08_e01,195
20250512,20250512_G09_e01,195
20250512,20250512_G10_e01,195
20250512,20250512_G10_e02,195
20250512,20250512_G11_e01,195
20250512,20250512_G11_e02,195
20250512,20250512_G12_e01,195
20250512,20250512_G12_e02,195
20250512,20250512_H01_e01,195
20250512,20250512_H01_e02,195
20250512,20250512_H02_e01,195
20250512,20250512_H03_e01,195
20250512,20250512_H04_e01,195
20250512,20250512_H05_e01,195
20250512,20250512_H06_e01,195
20250512,20250512_H07_e01,195
20250512,20250512_H08_e01,195
20250512,20250512_H09_e01,195
20250512,20250512_H10_e01,195
20250512,20250512_H11_e01,195
20250512,20250512_H12_e01,195
20250515_part2,20250515_part2_A01_e01,27
20250515_part2,20250515_part2_A02_e01,27
20250515_part2,20250515_part2_A03_e01,27
20250515_part2,20250515_part2_A04_e01,27
20250515_part2,20250515_part2_A05_e01,27
20250515_part2,20250515_part2_A06_e01,27
20250515_part2,20250515_part2_A06_e02,27
20250515_part2,20250515_part2_A07_e01,27
20250515_part2,20250515_part2_A08_e01,27
20250515_part2,20250515_part2_A08_e02,27
20250515_part2,20250515_part2_A09_e01,27
20250515_part2,20250515_part2_A10_e01,27
20250515_part2,20250515_part2_A11_e01,27
20250515_part2,20250515_part2_A12_e01,27
20250515_part2,20250515_part2_B01_e01,27
20250515_part2,20250515_part2_B02_e01,27
20250515_part2,20250515_part2_B03_e01,27
20250515_part2,20250515_part2_B04_e01,27
20250515_part2,20250515_part2_B05_e01,27
20250515_part2,20250515_part2_B05_e02,27
20250515_part2,20250515_part2_B06_e01,27
20250515_part2,20250515_part2_B07_e01,27
20250515_part2,20250515_part2_B08_e01,27
20250515_part2,20250515_part2_B09_e01,27
20250515_part2,20250515_part2_B10_e01,27
20250515_part2,20250515_part2_B11_e01,27
20250515_part2,20250515_part2_B12_e01,27
20250515_part2,20250515_part2_C01_e01,27
20250515_part2,20250515_part2_C01_e02,27
20250515_part2,20250515_part2_C02_e01,27
20250515_part2,20250515_part2_C03_e01,27
20250515_part2,20250515_part2_C04_e01,27
20250515_part2,20250515_part2_C05_e01,27
20250515_part2,20250515_part2_C06_e01,27
20250515_part2,20250515_part2_C07_e01,27
20250515_part2,20250515_part2_C07_e02,27
20250515_part2,20250515_part2_C08_e01,27
20250515_part2,20250515_part2_C08_e02,27
20250515_part2,20250515_part2_C09_e01,27
20250515_part2,20250515_part2_C10_e01,27
20250515_part2,20250515_part2_C10_e02,27
20250515_part2,20250515_part2_C11_e01,27
20250515_part2,20250515_part2_C12_e01,27
20250515_part2,20250515_part2_D01_e01,27
20250515_part2,20250515_part2_D02_e01,27
20250515_part2,20250515_part2_D03_e01,27
20250515_part2,20250515_part2_D04_e01,27
20250515_part2,20250515_part2_D04_e02,27
20250515_part2,20250515_part2_D05_e01,27
20250515_part2,20250515_part2_D05_e02,27
20250515_part2,20250515_part2_D06_e01,27
20250515_part2,20250515_part2_D07_e01,27
20250515_part2,20250515_part2_D08_e01,27
20250515_part2,20250515_part2_D09_e01,27
20250515_part2,20250515_part2_D10_e01,27
20250515_part2,20250515_part2_D10_e02,27
20250515_part2,20250515_part2_D10_e03,27
20250515_part2,20250515_part2_D11_e01,27
20250515_part2,20250515_part2_D11_e02,27
20250515_part2,20250515_part2_D12_e01,27
20250515_part2,20250515_part2_D12_e02,27
20250515_part2,20250515_part2_E01_e01,27
20250515_part2,20250515_part2_E02_e01,27
20250515_part2,20250515_part2_E03_e01,27
20250515_part2,20250515_part2_E04_e01,27
20250515_part2,20250515_part2_E04_e02,27
20250515_part2,20250515_part2_E05_e01,27
20250515_part2,20250515_part2_E05_e02,27
20250515_part2,20250515_part2_E06_e01,27
20250515_part2,20250515_part2_E07_e01,27
20250515_part2,20250515_part2_E08_e01,27
20250515_part2,20250515_part2_E09_e01,27
20250515_part2,20250515_part2_E09_e02,27
20250515_part2,20250515_part2_E10_e01,27
20250515_part2,20250515_part2_E11_e01,27
20250515_part2,20250515_part2_E11_e02,27
20250515_part2,20250515_part2_E12_e01,27
20250515_part2,20250515_part2_E12_e02,27
20250515_part2,20250515_part2_F01_e01,27
20250515_part2,20250515_part2_F02_e01,27
20250515_part2,20250515_part2_F03_e01,27
20250515_part2,20250515_part2_F04_e01,27
20250515_part2,20250515_part2_F05_e01,27
20250515_part2,20250515_part2_F06_e01,27
20250515_part2,20250515_part2_F07_e01,27
20250515_part2,20250515_part2_F08_e01,27
20250515_part2,20250515_part2_F09_e01,27
20250515_part2,20250515_part2_F10_e01,27
20250515_part2,20250515_part2_F10_e02,27
20250515_part2,20250515_part2_F11_e01,27
20250515_part2,20250515_part2_F12_e01,27
20250515_part2,20250515_part2_G01_e01,27
20250515_part2,20250515_part2_G01_e02,27
20250515_part2,20250515_part2_G02_e01,27
20250515_part2,20250515_part2_G03_e01,27
20250515_part2,20250515_part2_G03_e02,27
20250515_part2,20250515_part2_G04_e01,27
20250515_part2,20250515_part2_G05_e01,27
20250515_part2,20250515_part2_G05_e02,27
20250515_part2,20250515_part2_G06_e01,27
20250515_part2,20250515_part2_G06_e02,27
20250515_part2,20250515_part2_G06_e03,27
20250515_part2,20250515_part2_G07_e01,27
20250515_part2,20250515_part2_G08_e01,27
20250515_part2,20250515_part2_G09_e01,27
20250515_part2,20250515_part2_G09_e02,27
20250515_part2,20250515_part2_G10_e01,27
20250515_part2,20250515_part2_G11_e01,27
20250515_part2,20250515_part2_G12_e01,27
20250515_part2,20250515_part2_H01_e01,27
20250515_part2,20250515_part2_H01_e02,27
20250515_part2,20250515_part2_H01_e03,27
20250515_part2,20250515_part2_H02_e01,27
20250515_part2,20250515_part2_H03_e01,27
20250515_part2,20250515_part2_H03_e02,27
20250515_part2,20250515_part2_H04_e01,27
20250515_part2,20250515_part2_H04_e02,27
20250515_part2,20250515_part2_H05_e01,27
20250515_part2,20250515_part2_H05_e02,27
20250515_part2,20250515_part2_H06_e01,27
20250515_part2,20250515_part2_H07_e01,27
20250515_part2,20250515_part2_H07_e02,27
20250515_part2,20250515_part2_H08_e01,27
20250515_part2,20250515_part2_H08_e02,27
20250515_part2,20250515_part2_H09_e01,27
20250515_part2,20250515_part2_H09_e02,27
20250515_part2,20250515_part2_H10_e01,27
20250515_part2,20250515_part2_H11_e01,27
20250515_part2,20250515_part2_H12_e01,27
20250515_part2,20250515_part2_H12_e02,27
20250519,20250519_A01_e01,51
20250519,20250519_A02_e01,51
20250519,20250519_A03_e01,51
20250519,20250519_A04_e01,51
20250519,20250519_A05_e01,51
20250519,20250519_A06_e01,51
20250519,20250519_A07_e01,51
20250519,20250519_A08_e01,51
20250519,20250519_A09_e01,51
20250519,20250519_A11_e01,51
20250519,20250519_B01_e01,51
20250519,20250519_B03_e01,51
20250519,20250519_B05_e01,51
20250519,20250519_B06_e01,51
20250519,20250519_B07_e01,51
20250519,20250519_B08_e01,51
20250519,20250519_B09_e01,51
20250519,20250519_B10_e01,51
20250519,20250519_B11_e01,51
20250519,20250519_C01_e01,51
20250519,20250519_C02_e01,51
20250519,20250519_C03_e01,51
20250519,20250519_C04_e01,51
20250519,20250519_C05_e01,51
20250519,20250519_C06_e01,51
20250519,20250519_C07_e01,51
20250519,20250519_C08_e01,51
20250519,20250519_C09_e01,51
20250519,20250519_C10_e01,51
20250519,20250519_D01_e01,51
20250519,20250519_D02_e01,51
20250519,20250519_D03_e01,51
20250519,20250519_D04_e01,51
20250519,20250519_D05_e01,51
20250519,20250519_D06_e01,51
20250519,20250519_D07_e01,51
20250519,20250519_D08_e01,51
20250519,20250519_D09_e01,51
20250519,20250519_D10_e01,51
20250519,20250519_E01_e01,51
20250519,20250519_E02_e01,51
20250519,20250519_E02_e02,51
20250519,20250519_E03_e01,51
20250519,20250519_E04_e01,51
20250519,20250519_E05_e01,51
20250519,20250519_E06_e01,51
20250519,20250519_E07_e01,51
20250519,20250519_E08_e01,51
20250519,20250519_E09_e01,51
20250519,20250519_E10_e01,51
20250519,20250519_F01_e01,51
20250519,20250519_F02_e01,51
20250519,20250519_F03_e01,51
20250519,20250519_F04_e01,51
20250519,20250519_F05_e01,51
20250519,20250519_F06_e01,51
20250519,20250519_F07_e01,51
20250519,20250519_F08_e01,51
20250519,20250519_F09_e01,51
20250519,20250519_F10_e01,51
20250519,20250519_G01_e01,51
20250519,20250519_G02_e01,51
20250519,20250519_G03_e01,51
20250519,20250519_G04_e01,51
20250519,20250519_G05_e01,51
20250519,20250519_G06_e01,51
20250519,20250519_G07_e01,51
20250519,20250519_G08_e01,51
20250519,20250519_G09_e01,51
20250519,20250519_G10_e01,51
20250519,20250519_G10_e02,51
20250519,20250519_H01_e01,51
20250519,20250519_H01_e02,48
20250519,20250519_H02_e01,51
20250519,20250519_H03_e01,51
20250519,20250519_H04_e01,51
20250519,20250519_H05_e01,51
20250519,20250519_H06_e01,51
20250519,20250519_H07_e01,51
20250519,20250519_H08_e01,51
20250519,20250519_H09_e01,51
20250519,20250519_H10_e01,51
20250612_24hpf_ctrl_atf6,20250612_24hpf_ctrl_atf6_A01_e01,1
20250612_24hpf_ctrl_atf6,20250612_24hpf_ctrl_atf6_A02_e01,1
20250612_24hpf_ctrl_atf6,20250612_24hpf_ctrl_atf6_A03_e01,1
20250612_24hpf_ctrl_atf6,20250612_24hpf_ctrl_atf6_A04_e01,1
20250612_24hpf_ctrl_atf6,20250612_24hpf_ctrl_atf6_A05_e01,1
20250612_24hpf_ctrl_atf6,20250612_24hpf_ctrl_atf6_A06_e01,1
20250612_24hpf_ctrl_atf6,20250612_24hpf_ctrl_atf6_A07_e01,1
20250612_24hpf_ctrl_atf6,20250612_24hpf_ctrl_atf6_A08_e01,1
20250612_24hpf_ctrl_atf6,20250612_24hpf_ctrl_atf6_A09_e01,1
20250612_24hpf_ctrl_atf6,20250612_24hpf_ctrl_atf6_A10_e01,1
20250612_24hpf_ctrl_atf6,20250612_24hpf_ctrl_atf6_A11_e01,1
20250612_24hpf_ctrl_atf6,20250612_24hpf_ctrl_atf6_A12_e01,1
20250612_24hpf_ctrl_atf6,20250612_24hpf_ctrl_atf6_B01_e01,1
20250612_24hpf_ctrl_atf6,20250612_24hpf_ctrl_atf6_B02_e01,1
20250612_24hpf_ctrl_atf6,20250612_24hpf_ctrl_atf6_B03_e01,1
20250612_24hpf_ctrl_atf6,20250612_24hpf_ctrl_atf6_B04_e01,1
20250612_24hpf_ctrl_atf6,20250612_24hpf_ctrl_atf6_B05_e01,1
20250612_24hpf_ctrl_atf6,20250612_24hpf_ctrl_atf6_B06_e01,1
20250612_24hpf_ctrl_atf6,20250612_24hpf_ctrl_atf6_B07_e01,1
20250612_24hpf_ctrl_atf6,20250612_24hpf_ctrl_atf6_B08_e01,1
20250612_24hpf_ctrl_atf6,20250612_24hpf_ctrl_atf6_B09_e01,1
20250612_24hpf_ctrl_atf6,20250612_24hpf_ctrl_atf6_B10_e01,1
20250612_24hpf_ctrl_atf6,20250612_24hpf_ctrl_atf6_B11_e01,1
20250612_24hpf_ctrl_atf6,20250612_24hpf_ctrl_atf6_B12_e01,1
20250612_24hpf_ctrl_atf6,20250612_24hpf_ctrl_atf6_C01_e01,1
20250612_24hpf_ctrl_atf6,20250612_24hpf_ctrl_atf6_C02_e01,1
20250612_24hpf_ctrl_atf6,20250612_24hpf_ctrl_atf6_C03_e01,1
20250612_24hpf_ctrl_atf6,20250612_24hpf_ctrl_atf6_C04_e01,1
20250612_24hpf_ctrl_atf6,20250612_24hpf_ctrl_atf6_C05_e01,1
20250612_24hpf_ctrl_atf6,20250612_24hpf_ctrl_atf6_C06_e01,1
20250612_24hpf_ctrl_atf6,20250612_24hpf_ctrl_atf6_C07_e01,1
20250612_24hpf_ctrl_atf6,20250612_24hpf_ctrl_atf6_C08_e01,1
20250612_24hpf_ctrl_atf6,20250612_24hpf_ctrl_atf6_C09_e01,1
20250612_24hpf_ctrl_atf6,20250612_24hpf_ctrl_atf6_C10_e01,1
20250612_24hpf_ctrl_atf6,20250612_24hpf_ctrl_atf6_C11_e01,1
20250612_24hpf_ctrl_atf6,20250612_24hpf_ctrl_atf6_C12_e01,1
20250612_24hpf_ctrl_atf6,20250612_24hpf_ctrl_atf6_D01_e01,1
20250612_24hpf_ctrl_atf6,20250612_24hpf_ctrl_atf6_D02_e01,1
20250612_24hpf_ctrl_atf6,20250612_24hpf_ctrl_atf6_D03_e01,1
20250612_24hpf_ctrl_atf6,20250612_24hpf_ctrl_atf6_D04_e01,1
20250612_24hpf_ctrl_atf6,20250612_24hpf_ctrl_atf6_D05_e01,1
20250612_24hpf_ctrl_atf6,20250612_24hpf_ctrl_atf6_D06_e01,1
20250612_24hpf_ctrl_atf6,20250612_24hpf_ctrl_atf6_D07_e01,1
20250612_24hpf_ctrl_atf6,20250612_24hpf_ctrl_atf6_D08_e01,1
20250612_24hpf_ctrl_atf6,20250612_24hpf_ctrl_atf6_D09_e01,1
20250612_24hpf_ctrl_atf6,20250612_24hpf_ctrl_atf6_D10_e01,1
20250612_24hpf_ctrl_atf6,20250612_24hpf_ctrl_atf6_D11_e01,1
20250612_24hpf_ctrl_atf6,20250612_24hpf_ctrl_atf6_D12_e01,1
20250612_24hpf_ctrl_atf6,20250612_24hpf_ctrl_atf6_E01_e01,1
20250612_24hpf_ctrl_atf6,20250612_24hpf_ctrl_atf6_E02_e01,1
20250612_24hpf_ctrl_atf6,20250612_24hpf_ctrl_atf6_E03_e01,1
20250612_24hpf_ctrl_atf6,20250612_24hpf_ctrl_atf6_E04_e01,1
20250612_24hpf_ctrl_atf6,20250612_24hpf_ctrl_atf6_E05_e01,1
20250612_24hpf_ctrl_atf6,20250612_24hpf_ctrl_atf6_E06_e01,1
20250612_24hpf_ctrl_atf6,20250612_24hpf_ctrl_atf6_E07_e01,1
20250612_24hpf_ctrl_atf6,20250612_24hpf_ctrl_atf6_E08_e01,1
20250612_24hpf_ctrl_atf6,20250612_24hpf_ctrl_atf6_E09_e01,1
20250612_24hpf_ctrl_atf6,20250612_24hpf_ctrl_atf6_E10_e01,1
20250612_24hpf_ctrl_atf6,20250612_24hpf_ctrl_atf6_E10_e02,1
20250612_24hpf_ctrl_atf6,20250612_24hpf_ctrl_atf6_E11_e01,1
20250612_24hpf_ctrl_atf6,20250612_24hpf_ctrl_atf6_E12_e01,1
20250612_24hpf_ctrl_atf6,20250612_24hpf_ctrl_atf6_F01_e01,1
20250612_24hpf_ctrl_atf6,20250612_24hpf_ctrl_atf6_F02_e01,1
20250612_24hpf_ctrl_atf6,20250612_24hpf_ctrl_atf6_F03_e01,1
20250612_24hpf_ctrl_atf6,20250612_24hpf_ctrl_atf6_F04_e01,1
20250612_24hpf_ctrl_atf6,20250612_24hpf_ctrl_atf6_F05_e01,1
20250612_24hpf_ctrl_atf6,20250612_24hpf_ctrl_atf6_F06_e01,1
20250612_24hpf_ctrl_atf6,20250612_24hpf_ctrl_atf6_F07_e01,1
20250612_24hpf_ctrl_atf6,20250612_24hpf_ctrl_atf6_F08_e01,1
20250612_24hpf_ctrl_atf6,20250612_24hpf_ctrl_atf6_F09_e01,1
20250612_24hpf_ctrl_atf6,20250612_24hpf_ctrl_atf6_F10_e01,1
20250612_24hpf_ctrl_atf6,20250612_24hpf_ctrl_atf6_F11_e01,1
20250612_24hpf_ctrl_atf6,20250612_24hpf_ctrl_atf6_F12_e01,1
20250612_24hpf_ctrl_atf6,20250612_24hpf_ctrl_atf6_G01_e01,1
20250612_24hpf_ctrl_atf6,20250612_24hpf_ctrl_atf6_G02_e01,1
20250612_24hpf_ctrl_atf6,20250612_24hpf_ctrl_atf6_G03_e01,1
20250612_24hpf_ctrl_atf6,20250612_24hpf_ctrl_atf6_G04_e01,1
20250612_24hpf_ctrl_atf6,20250612_24hpf_ctrl_atf6_G05_e01,1
20250612_24hpf_ctrl_atf6,20250612_24hpf_ctrl_atf6_G06_e01,1
20250612_24hpf_ctrl_atf6,20250612_24hpf_ctrl_atf6_G07_e01,1
20250612_24hpf_ctrl_atf6,20250612_24hpf_ctrl_atf6_G08_e01,1
20250612_24hpf_ctrl_atf6,20250612_24hpf_ctrl_atf6_G09_e01,1
20250612_24hpf_ctrl_atf6,20250612_24hpf_ctrl_atf6_G10_e01,1
20250612_24hpf_ctrl_atf6,20250612_24hpf_ctrl_atf6_G11_e01,1
20250612_24hpf_ctrl_atf6,20250612_24hpf_ctrl_atf6_G12_e01,1
20250612_24hpf_ctrl_atf6,20250612_24hpf_ctrl_atf6_H01_e01,1
20250612_24hpf_ctrl_atf6,20250612_24hpf_ctrl_atf6_H02_e01,1
20250612_24hpf_ctrl_atf6,20250612_24hpf_ctrl_atf6_H03_e01,1
20250612_24hpf_ctrl_atf6,20250612_24hpf_ctrl_atf6_H04_e01,1
20250612_24hpf_ctrl_atf6,20250612_24hpf_ctrl_atf6_H05_e01,1
20250612_24hpf_ctrl_atf6,20250612_24hpf_ctrl_atf6_H06_e01,1
20250612_24hpf_ctrl_atf6,20250612_24hpf_ctrl_atf6_H07_e01,1
20250612_24hpf_ctrl_atf6,20250612_24hpf_ctrl_atf6_H08_e01,1
20250612_24hpf_ctrl_atf6,20250612_24hpf_ctrl_atf6_H09_e01,1
20250612_24hpf_ctrl_atf6,20250612_24hpf_ctrl_atf6_H10_e01,1
20250612_24hpf_ctrl_atf6,20250612_24hpf_ctrl_atf6_H11_e01,1
20250612_24hpf_ctrl_atf6,20250612_24hpf_ctrl_atf6_H12_e01,1
20250612_24hpf_wfs1_ctcf,20250612_24hpf_wfs1_ctcf_A01_e01,1
20250612_24hpf_wfs1_ctcf,20250612_24hpf_wfs1_ctcf_A02_e01,1
20250612_24hpf_wfs1_ctcf,20250612_24hpf_wfs1_ctcf_A03_e01,1
20250612_24hpf_wfs1_ctcf,20250612_24hpf_wfs1_ctcf_A04_e01,1
20250612_24hpf_wfs1_ctcf,20250612_24hpf_wfs1_ctcf_A05_e01,1
20250612_24hpf_wfs1_ctcf,20250612_24hpf_wfs1_ctcf_A06_e01,1
20250612_24hpf_wfs1_ctcf,20250612_24hpf_wfs1_ctcf_A07_e01,1
20250612_24hpf_wfs1_ctcf,20250612_24hpf_wfs1_ctcf_A08_e01,1
20250612_24hpf_wfs1_ctcf,20250612_24hpf_wfs1_ctcf_A09_e01,1
20250612_24hpf_wfs1_ctcf,20250612_24hpf_wfs1_ctcf_A10_e01,1
20250612_24hpf_wfs1_ctcf,20250612_24hpf_wfs1_ctcf_A11_e01,1
20250612_24hpf_wfs1_ctcf,20250612_24hpf_wfs1_ctcf_A12_e01,1
20250612_24hpf_wfs1_ctcf,20250612_24hpf_wfs1_ctcf_B01_e01,1
20250612_24hpf_wfs1_ctcf,20250612_24hpf_wfs1_ctcf_B02_e01,1
20250612_24hpf_wfs1_ctcf,20250612_24hpf_wfs1_ctcf_B03_e01,1
20250612_24hpf_wfs1_ctcf,20250612_24hpf_wfs1_ctcf_B04_e01,1
20250612_24hpf_wfs1_ctcf,20250612_24hpf_wfs1_ctcf_B05_e01,1
20250612_24hpf_wfs1_ctcf,20250612_24hpf_wfs1_ctcf_B06_e01,1
20250612_24hpf_wfs1_ctcf,20250612_24hpf_wfs1_ctcf_B07_e01,1
20250612_24hpf_wfs1_ctcf,20250612_24hpf_wfs1_ctcf_B08_e01,1
20250612_24hpf_wfs1_ctcf,20250612_24hpf_wfs1_ctcf_B09_e01,1
20250612_24hpf_wfs1_ctcf,20250612_24hpf_wfs1_ctcf_B10_e01,1
20250612_24hpf_wfs1_ctcf,20250612_24hpf_wfs1_ctcf_B11_e01,1
20250612_24hpf_wfs1_ctcf,20250612_24hpf_wfs1_ctcf_B12_e01,1
20250612_24hpf_wfs1_ctcf,20250612_24hpf_wfs1_ctcf_C01_e01,1
20250612_24hpf_wfs1_ctcf,20250612_24hpf_wfs1_ctcf_C02_e01,1
20250612_24hpf_wfs1_ctcf,20250612_24hpf_wfs1_ctcf_C03_e01,1
20250612_24hpf_wfs1_ctcf,20250612_24hpf_wfs1_ctcf_C04_e01,1
20250612_24hpf_wfs1_ctcf,20250612_24hpf_wfs1_ctcf_C05_e01,1
20250612_24hpf_wfs1_ctcf,20250612_24hpf_wfs1_ctcf_C06_e01,1
20250612_24hpf_wfs1_ctcf,20250612_24hpf_wfs1_ctcf_C07_e01,1
20250612_24hpf_wfs1_ctcf,20250612_24hpf_wfs1_ctcf_C08_e01,1
20250612_24hpf_wfs1_ctcf,20250612_24hpf_wfs1_ctcf_C09_e01,1
20250612_24hpf_wfs1_ctcf,20250612_24hpf_wfs1_ctcf_C10_e01,1
20250612_24hpf_wfs1_ctcf,20250612_24hpf_wfs1_ctcf_C11_e01,1
20250612_24hpf_wfs1_ctcf,20250612_24hpf_wfs1_ctcf_C12_e01,1
20250612_24hpf_wfs1_ctcf,20250612_24hpf_wfs1_ctcf_D01_e01,1
20250612_24hpf_wfs1_ctcf,20250612_24hpf_wfs1_ctcf_D02_e01,1
20250612_24hpf_wfs1_ctcf,20250612_24hpf_wfs1_ctcf_D03_e01,1
20250612_24hpf_wfs1_ctcf,20250612_24hpf_wfs1_ctcf_D04_e01,1
20250612_24hpf_wfs1_ctcf,20250612_24hpf_wfs1_ctcf_D05_e01,1
20250612_24hpf_wfs1_ctcf,20250612_24hpf_wfs1_ctcf_D07_e01,1
20250612_24hpf_wfs1_ctcf,20250612_24hpf_wfs1_ctcf_D08_e01,1
20250612_24hpf_wfs1_ctcf,20250612_24hpf_wfs1_ctcf_D09_e01,1
20250612_24hpf_wfs1_ctcf,20250612_24hpf_wfs1_ctcf_D09_e02,1
20250612_24hpf_wfs1_ctcf,20250612_24hpf_wfs1_ctcf_D10_e01,1
20250612_24hpf_wfs1_ctcf,20250612_24hpf_wfs1_ctcf_D11_e01,1
20250612_24hpf_wfs1_ctcf,20250612_24hpf_wfs1_ctcf_D12_e01,1
20250612_24hpf_wfs1_ctcf,20250612_24hpf_wfs1_ctcf_E01_e01,1
20250612_24hpf_wfs1_ctcf,20250612_24hpf_wfs1_ctcf_E02_e01,1
20250612_24hpf_wfs1_ctcf,20250612_24hpf_wfs1_ctcf_E03_e01,1
20250612_24hpf_wfs1_ctcf,20250612_24hpf_wfs1_ctcf_E04_e01,1
20250612_24hpf_wfs1_ctcf,20250612_24hpf_wfs1_ctcf_E05_e01,1
20250612_24hpf_wfs1_ctcf,20250612_24hpf_wfs1_ctcf_E06_e01,1
20250612_24hpf_wfs1_ctcf,20250612_24hpf_wfs1_ctcf_E07_e01,1
20250612_24hpf_wfs1_ctcf,20250612_24hpf_wfs1_ctcf_E08_e01,1
20250612_24hpf_wfs1_ctcf,20250612_24hpf_wfs1_ctcf_E09_e01,1
20250612_24hpf_wfs1_ctcf,20250612_24hpf_wfs1_ctcf_E10_e01,1
20250612_24hpf_wfs1_ctcf,20250612_24hpf_wfs1_ctcf_E11_e01,1
20250612_24hpf_wfs1_ctcf,20250612_24hpf_wfs1_ctcf_E12_e01,1
20250612_24hpf_wfs1_ctcf,20250612_24hpf_wfs1_ctcf_F01_e01,1
20250612_24hpf_wfs1_ctcf,20250612_24hpf_wfs1_ctcf_F02_e01,1
20250612_24hpf_wfs1_ctcf,20250612_24hpf_wfs1_ctcf_F03_e01,1
20250612_24hpf_wfs1_ctcf,20250612_24hpf_wfs1_ctcf_F04_e01,1
20250612_24hpf_wfs1_ctcf,20250612_24hpf_wfs1_ctcf_F05_e01,1
20250612_24hpf_wfs1_ctcf,20250612_24hpf_wfs1_ctcf_F06_e01,1
20250612_24hpf_wfs1_ctcf,20250612_24hpf_wfs1_ctcf_F07_e01,1
20250612_24hpf_wfs1_ctcf,20250612_24hpf_wfs1_ctcf_F08_e01,1
20250612_24hpf_wfs1_ctcf,20250612_24hpf_wfs1_ctcf_F09_e01,1
20250612_24hpf_wfs1_ctcf,20250612_24hpf_wfs1_ctcf_F10_e01,1
20250612_24hpf_wfs1_ctcf,20250612_24hpf_wfs1_ctcf_F11_e01,1
20250612_24hpf_wfs1_ctcf,20250612_24hpf_wfs1_ctcf_F12_e01,1
20250612_24hpf_wfs1_ctcf,20250612_24hpf_wfs1_ctcf_G01_e01,1
20250612_24hpf_wfs1_ctcf,20250612_24hpf_wfs1_ctcf_G02_e01,1
20250612_24hpf_wfs1_ctcf,20250612_24hpf_wfs1_ctcf_G03_e01,1
20250612_24hpf_wfs1_ctcf,20250612_24hpf_wfs1_ctcf_G04_e01,1
20250612_24hpf_wfs1_ctcf,20250612_24hpf_wfs1_ctcf_G05_e01,1
20250612_24hpf_wfs1_ctcf,20250612_24hpf_wfs1_ctcf_G06_e01,1
20250612_24hpf_wfs1_ctcf,20250612_24hpf_wfs1_ctcf_G07_e01,1
20250612_24hpf_wfs1_ctcf,20250612_24hpf_wfs1_ctcf_G08_e01,1
20250612_24hpf_wfs1_ctcf,20250612_24hpf_wfs1_ctcf_G09_e01,1
20250612_24hpf_wfs1_ctcf,20250612_24hpf_wfs1_ctcf_G10_e01,1
20250612_24hpf_wfs1_ctcf,20250612_24hpf_wfs1_ctcf_G11_e01,1
20250612_24hpf_wfs1_ctcf,20250612_24hpf_wfs1_ctcf_G12_e01,1
20250612_24hpf_wfs1_ctcf,20250612_24hpf_wfs1_ctcf_H01_e01,1
20250612_24hpf_wfs1_ctcf,20250612_24hpf_wfs1_ctcf_H02_e01,1
20250612_24hpf_wfs1_ctcf,20250612_24hpf_wfs1_ctcf_H03_e01,1
20250612_24hpf_wfs1_ctcf,20250612_24hpf_wfs1_ctcf_H04_e01,1
20250612_24hpf_wfs1_ctcf,20250612_24hpf_wfs1_ctcf_H05_e01,1
20250612_24hpf_wfs1_ctcf,20250612_24hpf_wfs1_ctcf_H06_e01,1
20250612_24hpf_wfs1_ctcf,20250612_24hpf_wfs1_ctcf_H07_e01,1
20250612_24hpf_wfs1_ctcf,20250612_24hpf_wfs1_ctcf_H08_e01,1
20250612_24hpf_wfs1_ctcf,20250612_24hpf_wfs1_ctcf_H09_e01,1
20250612_24hpf_wfs1_ctcf,20250612_24hpf_wfs1_ctcf_H10_e01,1
20250612_24hpf_wfs1_ctcf,20250612_24hpf_wfs1_ctcf_H11_e01,1
20250612_24hpf_wfs1_ctcf,20250612_24hpf_wfs1_ctcf_H12_e01,1
20250612_30hpf_ctrl_atf6,20250612_30hpf_ctrl_atf6_A01_e01,1
20250612_30hpf_ctrl_atf6,20250612_30hpf_ctrl_atf6_A02_e01,1
20250612_30hpf_ctrl_atf6,20250612_30hpf_ctrl_atf6_A03_e01,1
20250612_30hpf_ctrl_atf6,20250612_30hpf_ctrl_atf6_A04_e01,1
20250612_30hpf_ctrl_atf6,20250612_30hpf_ctrl_atf6_A05_e01,1
20250612_30hpf_ctrl_atf6,20250612_30hpf_ctrl_atf6_A06_e01,1
20250612_30hpf_ctrl_atf6,20250612_30hpf_ctrl_atf6_A07_e01,1
20250612_30hpf_ctrl_atf6,20250612_30hpf_ctrl_atf6_A08_e01,1
20250612_30hpf_ctrl_atf6,20250612_30hpf_ctrl_atf6_A09_e01,1
20250612_30hpf_ctrl_atf6,20250612_30hpf_ctrl_atf6_A10_e01,1
20250612_30hpf_ctrl_atf6,20250612_30hpf_ctrl_atf6_A11_e01,1
20250612_30hpf_ctrl_atf6,20250612_30hpf_ctrl_atf6_A12_e01,1
20250612_30hpf_ctrl_atf6,20250612_30hpf_ctrl_atf6_B01_e01,1
20250612_30hpf_ctrl_atf6,20250612_30hpf_ctrl_atf6_B02_e01,1
20250612_30hpf_ctrl_atf6,20250612_30hpf_ctrl_atf6_B03_e01,1
20250612_30hpf_ctrl_atf6,20250612_30hpf_ctrl_atf6_B04_e01,1
20250612_30hpf_ctrl_atf6,20250612_30hpf_ctrl_atf6_B05_e01,1
20250612_30hpf_ctrl_atf6,20250612_30hpf_ctrl_atf6_B07_e01,1
20250612_30hpf_ctrl_atf6,20250612_30hpf_ctrl_atf6_B08_e01,1
20250612_30hpf_ctrl_atf6,20250612_30hpf_ctrl_atf6_B09_e01,1
20250612_30hpf_ctrl_atf6,20250612_30hpf_ctrl_atf6_B10_e01,1
20250612_30hpf_ctrl_atf6,20250612_30hpf_ctrl_atf6_B11_e01,1
20250612_30hpf_ctrl_atf6,20250612_30hpf_ctrl_atf6_B12_e01,1
20250612_30hpf_ctrl_atf6,20250612_30hpf_ctrl_atf6_C01_e01,1
20250612_30hpf_ctrl_atf6,20250612_30hpf_ctrl_atf6_C02_e01,1
20250612_30hpf_ctrl_atf6,20250612_30hpf_ctrl_atf6_C03_e01,1
20250612_30hpf_ctrl_atf6,20250612_30hpf_ctrl_atf6_C04_e01,1
20250612_30hpf_ctrl_atf6,20250612_30hpf_ctrl_atf6_C05_e01,1
20250612_30hpf_ctrl_atf6,20250612_30hpf_ctrl_atf6_C06_e01,1
20250612_30hpf_ctrl_atf6,20250612_30hpf_ctrl_atf6_C07_e01,1
20250612_30hpf_ctrl_atf6,20250612_30hpf_ctrl_atf6_C08_e01,1
20250612_30hpf_ctrl_atf6,20250612_30hpf_ctrl_atf6_C09_e01,1
20250612_30hpf_ctrl_atf6,20250612_30hpf_ctrl_atf6_C10_e01,1
20250612_30hpf_ctrl_atf6,20250612_30hpf_ctrl_atf6_C11_e01,1
20250612_30hpf_ctrl_atf6,20250612_30hpf_ctrl_atf6_C12_e01,1
20250612_30hpf_ctrl_atf6,20250612_30hpf_ctrl_atf6_D01_e01,1
20250612_30hpf_ctrl_atf6,20250612_30hpf_ctrl_atf6_D02_e01,1
20250612_30hpf_ctrl_atf6,20250612_30hpf_ctrl_atf6_D03_e01,1
20250612_30hpf_ctrl_atf6,20250612_30hpf_ctrl_atf6_D04_e01,1
20250612_30hpf_ctrl_atf6,20250612_30hpf_ctrl_atf6_D05_e01,1
20250612_30hpf_ctrl_atf6,20250612_30hpf_ctrl_atf6_D06_e01,1
20250612_30hpf_ctrl_atf6,20250612_30hpf_ctrl_atf6_D07_e01,1
20250612_30hpf_ctrl_atf6,20250612_30hpf_ctrl_atf6_D08_e01,1
20250612_30hpf_ctrl_atf6,20250612_30hpf_ctrl_atf6_D09_e01,1
20250612_30hpf_ctrl_atf6,20250612_30hpf_ctrl_atf6_D10_e01,1
20250612_30hpf_ctrl_atf6,20250612_30hpf_ctrl_atf6_D11_e01,1
20250612_30hpf_ctrl_atf6,20250612_30hpf_ctrl_atf6_D12_e01,1
20250612_30hpf_ctrl_atf6,20250612_30hpf_ctrl_atf6_E01_e01,1
20250612_30hpf_ctrl_atf6,20250612_30hpf_ctrl_atf6_E02_e01,1
20250612_30hpf_ctrl_atf6,20250612_30hpf_ctrl_atf6_E03_e01,1
20250612_30hpf_ctrl_atf6,20250612_30hpf_ctrl_atf6_E04_e01,1
20250612_30hpf_ctrl_atf6,20250612_30hpf_ctrl_atf6_E05_e01,1
20250612_30hpf_ctrl_atf6,20250612_30hpf_ctrl_atf6_E06_e01,1
20250612_30hpf_ctrl_atf6,20250612_30hpf_ctrl_atf6_E07_e01,1
20250612_30hpf_ctrl_atf6,20250612_30hpf_ctrl_atf6_E08_e01,1
20250612_30hpf_ctrl_atf6,20250612_30hpf_ctrl_atf6_E09_e01,1
20250612_30hpf_ctrl_atf6,20250612_30hpf_ctrl_atf6_E09_e02,1
20250612_30hpf_ctrl_atf6,20250612_30hpf_ctrl_atf6_E10_e01,1
20250612_30hpf_ctrl_atf6,20250612_30hpf_ctrl_atf6_E11_e01,1
20250612_30hpf_ctrl_atf6,20250612_30hpf_ctrl_atf6_E12_e01,1
20250612_30hpf_ctrl_atf6,20250612_30hpf_ctrl_atf6_F01_e01,1
20250612_30hpf_ctrl_atf6,20250612_30hpf_ctrl_atf6_F02_e01,1
20250612_30hpf_ctrl_atf6,20250612_30hpf_ctrl_atf6_F03_e01,1
20250612_30hpf_ctrl_atf6,20250612_30hpf_ctrl_atf6_F04_e01,1
20250612_30hpf_ctrl_atf6,20250612_30hpf_ctrl_atf6_F05_e01,1
20250612_30hpf_ctrl_atf6,20250612_30hpf_ctrl_atf6_F06_e01,1
20250612_30hpf_ctrl_atf6,20250612_30hpf_ctrl_atf6_F07_e01,1
20250612_30hpf_ctrl_atf6,20250612_30hpf_ctrl_atf6_F08_e01,1
20250612_30hpf_ctrl_atf6,20250612_30hpf_ctrl_atf6_F09_e01,1
20250612_30hpf_ctrl_atf6,20250612_30hpf_ctrl_atf6_F10_e01,1
20250612_30hpf_ctrl_atf6,20250612_30hpf_ctrl_atf6_F11_e01,1
20250612_30hpf_ctrl_atf6,20250612_30hpf_ctrl_atf6_F12_e01,1
20250612_30hpf_ctrl_atf6,20250612_30hpf_ctrl_atf6_F12_e02,1
20250612_30hpf_ctrl_atf6,20250612_30hpf_ctrl_atf6_G01_e01,1
20250612_30hpf_ctrl_atf6,20250612_30hpf_ctrl_atf6_G02_e01,1
20250612_30hpf_ctrl_atf6,20250612_30hpf_ctrl_atf6_G03_e01,1
20250612_30hpf_ctrl_atf6,20250612_30hpf_ctrl_atf6_G04_e01,1
20250612_30hpf_ctrl_atf6,20250612_30hpf_ctrl_atf6_G05_e01,1
20250612_30hpf_ctrl_atf6,20250612_30hpf_ctrl_atf6_G06_e01,1
20250612_30hpf_ctrl_atf6,20250612_30hpf_ctrl_atf6_G07_e01,1
20250612_30hpf_ctrl_atf6,20250612_30hpf_ctrl_atf6_G08_e01,1
20250612_30hpf_ctrl_atf6,20250612_30hpf_ctrl_atf6_G09_e01,1
20250612_30hpf_ctrl_atf6,20250612_30hpf_ctrl_atf6_G10_e01,1
20250612_30hpf_ctrl_atf6,20250612_30hpf_ctrl_atf6_G11_e01,1
20250612_30hpf_ctrl_atf6,20250612_30hpf_ctrl_atf6_G12_e01,1
20250612_30hpf_ctrl_atf6,20250612_30hpf_ctrl_atf6_H01_e01,1
20250612_30hpf_ctrl_atf6,20250612_30hpf_ctrl_atf6_H02_e01,1
20250612_30hpf_ctrl_atf6,20250612_30hpf_ctrl_atf6_H03_e01,1
20250612_30hpf_ctrl_atf6,20250612_30hpf_ctrl_atf6_H04_e01,1
20250612_30hpf_ctrl_atf6,20250612_30hpf_ctrl_atf6_H05_e01,1
20250612_30hpf_ctrl_atf6,20250612_30hpf_ctrl_atf6_H06_e01,1
20250612_30hpf_ctrl_atf6,20250612_30hpf_ctrl_atf6_H07_e01,1
20250612_30hpf_ctrl_atf6,20250612_30hpf_ctrl_atf6_H08_e01,1
20250612_30hpf_ctrl_atf6,20250612_30hpf_ctrl_atf6_H09_e01,1
20250612_30hpf_ctrl_atf6,20250612_30hpf_ctrl_atf6_H10_e01,1
20250612_30hpf_ctrl_atf6,20250612_30hpf_ctrl_atf6_H11_e01,1
20250612_30hpf_ctrl_atf6,20250612_30hpf_ctrl_atf6_H12_e01,1
20250612_30hpf_wfs1_ctcf,20250612_30hpf_wfs1_ctcf_A01_e01,1
20250612_30hpf_wfs1_ctcf,20250612_30hpf_wfs1_ctcf_A02_e01,1
20250612_30hpf_wfs1_ctcf,20250612_30hpf_wfs1_ctcf_A03_e01,1
20250612_30hpf_wfs1_ctcf,20250612_30hpf_wfs1_ctcf_A04_e01,1
20250612_30hpf_wfs1_ctcf,20250612_30hpf_wfs1_ctcf_A05_e01,1
20250612_30hpf_wfs1_ctcf,20250612_30hpf_wfs1_ctcf_A06_e01,1
20250612_30hpf_wfs1_ctcf,20250612_30hpf_wfs1_ctcf_A07_e01,1
20250612_30hpf_wfs1_ctcf,20250612_30hpf_wfs1_ctcf_A08_e01,1
20250612_30hpf_wfs1_ctcf,20250612_30hpf_wfs1_ctcf_A09_e01,1
20250612_30hpf_wfs1_ctcf,20250612_30hpf_wfs1_ctcf_A10_e01,1
20250612_30hpf_wfs1_ctcf,20250612_30hpf_wfs1_ctcf_A11_e01,1
20250612_30hpf_wfs1_ctcf,20250612_30hpf_wfs1_ctcf_A12_e01,1
20250612_30hpf_wfs1_ctcf,20250612_30hpf_wfs1_ctcf_B01_e01,1
20250612_30hpf_wfs1_ctcf,20250612_30hpf_wfs1_ctcf_B02_e01,1
20250612_30hpf_wfs1_ctcf,20250612_30hpf_wfs1_ctcf_B03_e01,1
20250612_30hpf_wfs1_ctcf,20250612_30hpf_wfs1_ctcf_B04_e01,1
20250612_30hpf_wfs1_ctcf,20250612_30hpf_wfs1_ctcf_B05_e01,1
20250612_30hpf_wfs1_ctcf,20250612_30hpf_wfs1_ctcf_B06_e01,1
20250612_30hpf_wfs1_ctcf,20250612_30hpf_wfs1_ctcf_B07_e01,1
20250612_30hpf_wfs1_ctcf,20250612_30hpf_wfs1_ctcf_B08_e01,1
20250612_30hpf_wfs1_ctcf,20250612_30hpf_wfs1_ctcf_B09_e01,1
20250612_30hpf_wfs1_ctcf,20250612_30hpf_wfs1_ctcf_B10_e01,1
20250612_30hpf_wfs1_ctcf,20250612_30hpf_wfs1_ctcf_B11_e01,1
20250612_30hpf_wfs1_ctcf,20250612_30hpf_wfs1_ctcf_B12_e01,1
20250612_30hpf_wfs1_ctcf,20250612_30hpf_wfs1_ctcf_C01_e01,1
20250612_30hpf_wfs1_ctcf,20250612_30hpf_wfs1_ctcf_C02_e01,1
20250612_30hpf_wfs1_ctcf,20250612_30hpf_wfs1_ctcf_C03_e01,1
20250612_30hpf_wfs1_ctcf,20250612_30hpf_wfs1_ctcf_C04_e01,1
20250612_30hpf_wfs1_ctcf,20250612_30hpf_wfs1_ctcf_C05_e01,1
20250612_30hpf_wfs1_ctcf,20250612_30hpf_wfs1_ctcf_C06_e01,1
20250612_30hpf_wfs1_ctcf,20250612_30hpf_wfs1_ctcf_C07_e01,1
20250612_30hpf_wfs1_ctcf,20250612_30hpf_wfs1_ctcf_C08_e01,1
20250612_30hpf_wfs1_ctcf,20250612_30hpf_wfs1_ctcf_C09_e01,1
20250612_30hpf_wfs1_ctcf,20250612_30hpf_wfs1_ctcf_C10_e01,1
20250612_30hpf_wfs1_ctcf,20250612_30hpf_wfs1_ctcf_C11_e01,1
20250612_30hpf_wfs1_ctcf,20250612_30hpf_wfs1_ctcf_C12_e01,1
20250612_30hpf_wfs1_ctcf,20250612_30hpf_wfs1_ctcf_D01_e01,1
20250612_30hpf_wfs1_ctcf,20250612_30hpf_wfs1_ctcf_D02_e01,1
20250612_30hpf_wfs1_ctcf,20250612_30hpf_wfs1_ctcf_D03_e01,1
20250612_30hpf_wfs1_ctcf,20250612_30hpf_wfs1_ctcf_D04_e01,1
20250612_30hpf_wfs1_ctcf,20250612_30hpf_wfs1_ctcf_D05_e01,1
20250612_30hpf_wfs1_ctcf,20250612_30hpf_wfs1_ctcf_D06_e01,1
20250612_30hpf_wfs1_ctcf,20250612_30hpf_wfs1_ctcf_D07_e01,1
20250612_30hpf_wfs1_ctcf,20250612_30hpf_wfs1_ctcf_D08_e01,1
20250612_30hpf_wfs1_ctcf,20250612_30hpf_wfs1_ctcf_D09_e01,1
20250612_30hpf_wfs1_ctcf,20250612_30hpf_wfs1_ctcf_D09_e02,1
20250612_30hpf_wfs1_ctcf,20250612_30hpf_wfs1_ctcf_D10_e01,1
20250612_30hpf_wfs1_ctcf,20250612_30hpf_wfs1_ctcf_D11_e01,1
20250612_30hpf_wfs1_ctcf,20250612_30hpf_wfs1_ctcf_D12_e01,1
20250612_30hpf_wfs1_ctcf,20250612_30hpf_wfs1_ctcf_E01_e01,1
20250612_30hpf_wfs1_ctcf,20250612_30hpf_wfs1_ctcf_E02_e01,1
20250612_30hpf_wfs1_ctcf,20250612_30hpf_wfs1_ctcf_E03_e01,1
20250612_30hpf_wfs1_ctcf,20250612_30hpf_wfs1_ctcf_E04_e01,1
20250612_30hpf_wfs1_ctcf,20250612_30hpf_wfs1_ctcf_E05_e01,1
20250612_30hpf_wfs1_ctcf,20250612_30hpf_wfs1_ctcf_E06_e01,1
20250612_30hpf_wfs1_ctcf,20250612_30hpf_wfs1_ctcf_E07_e01,1
20250612_30hpf_wfs1_ctcf,20250612_30hpf_wfs1_ctcf_E08_e01,1
20250612_30hpf_wfs1_ctcf,20250612_30hpf_wfs1_ctcf_E09_e01,1
20250612_30hpf_wfs1_ctcf,20250612_30hpf_wfs1_ctcf_E10_e01,1
20250612_30hpf_wfs1_ctcf,20250612_30hpf_wfs1_ctcf_E11_e01,1
20250612_30hpf_wfs1_ctcf,20250612_30hpf_wfs1_ctcf_E12_e01,1
20250612_30hpf_wfs1_ctcf,20250612_30hpf_wfs1_ctcf_F01_e01,1
20250612_30hpf_wfs1_ctcf,20250612_30hpf_wfs1_ctcf_F02_e01,1
20250612_30hpf_wfs1_ctcf,20250612_30hpf_wfs1_ctcf_F03_e01,1
20250612_30hpf_wfs1_ctcf,20250612_30hpf_wfs1_ctcf_F04_e01,1
20250612_30hpf_wfs1_ctcf,20250612_30hpf_wfs1_ctcf_F05_e01,1
20250612_30hpf_wfs1_ctcf,20250612_30hpf_wfs1_ctcf_F06_e01,1
20250612_30hpf_wfs1_ctcf,20250612_30hpf_wfs1_ctcf_F07_e01,1
20250612_30hpf_wfs1_ctcf,20250612_30hpf_wfs1_ctcf_F08_e01,1
20250612_30hpf_wfs1_ctcf,20250612_30hpf_wfs1_ctcf_F09_e01,1
20250612_30hpf_wfs1_ctcf,20250612_30hpf_wfs1_ctcf_F10_e01,1
20250612_30hpf_wfs1_ctcf,20250612_30hpf_wfs1_ctcf_F11_e01,1
20250612_30hpf_wfs1_ctcf,20250612_30hpf_wfs1_ctcf_F12_e01,1
20250612_30hpf_wfs1_ctcf,20250612_30hpf_wfs1_ctcf_G01_e01,1
20250612_30hpf_wfs1_ctcf,20250612_30hpf_wfs1_ctcf_G02_e01,1
20250612_30hpf_wfs1_ctcf,20250612_30hpf_wfs1_ctcf_G03_e01,1
20250612_30hpf_wfs1_ctcf,20250612_30hpf_wfs1_ctcf_G04_e01,1
20250612_30hpf_wfs1_ctcf,20250612_30hpf_wfs1_ctcf_G05_e01,1
20250612_30hpf_wfs1_ctcf,20250612_30hpf_wfs1_ctcf_G06_e01,1
20250612_30hpf_wfs1_ctcf,20250612_30hpf_wfs1_ctcf_G07_e01,1
20250612_30hpf_wfs1_ctcf,20250612_30hpf_wfs1_ctcf_G08_e01,1
20250612_30hpf_wfs1_ctcf,20250612_30hpf_wfs1_ctcf_G09_e01,1
20250612_30hpf_wfs1_ctcf,20250612_30hpf_wfs1_ctcf_G10_e01,1
20250612_30hpf_wfs1_ctcf,20250612_30hpf_wfs1_ctcf_G11_e01,1
20250612_30hpf_wfs1_ctcf,20250612_30hpf_wfs1_ctcf_G12_e01,1
20250612_30hpf_wfs1_ctcf,20250612_30hpf_wfs1_ctcf_H01_e01,1
20250612_30hpf_wfs1_ctcf,20250612_30hpf_wfs1_ctcf_H02_e01,1
20250612_30hpf_wfs1_ctcf,20250612_30hpf_wfs1_ctcf_H03_e01,1
20250612_30hpf_wfs1_ctcf,20250612_30hpf_wfs1_ctcf_H04_e01,1
20250612_30hpf_wfs1_ctcf,20250612_30hpf_wfs1_ctcf_H05_e01,1
20250612_30hpf_wfs1_ctcf,20250612_30hpf_wfs1_ctcf_H06_e01,1
20250612_30hpf_wfs1_ctcf,20250612_30hpf_wfs1_ctcf_H07_e01,1
20250612_30hpf_wfs1_ctcf,20250612_30hpf_wfs1_ctcf_H08_e01,1
20250612_30hpf_wfs1_ctcf,20250612_30hpf_wfs1_ctcf_H09_e01,1
20250612_30hpf_wfs1_ctcf,20250612_30hpf_wfs1_ctcf_H10_e01,1
20250612_30hpf_wfs1_ctcf,20250612_30hpf_wfs1_ctcf_H11_e01,1
20250612_30hpf_wfs1_ctcf,20250612_30hpf_wfs1_ctcf_H12_e01,1
20250612_36hpf_ctrl_atf6,20250612_36hpf_ctrl_atf6_A01_e01,1
20250612_36hpf_ctrl_atf6,20250612_36hpf_ctrl_atf6_A02_e01,1
20250612_36hpf_ctrl_atf6,20250612_36hpf_ctrl_atf6_A03_e01,1
20250612_36hpf_ctrl_atf6,20250612_36hpf_ctrl_atf6_A04_e01,1
20250612_36hpf_ctrl_atf6,20250612_36hpf_ctrl_atf6_A05_e01,1
20250612_36hpf_ctrl_atf6,20250612_36hpf_ctrl_atf6_A06_e01,1
20250612_36hpf_ctrl_atf6,20250612_36hpf_ctrl_atf6_A07_e01,1
20250612_36hpf_ctrl_atf6,20250612_36hpf_ctrl_atf6_A08_e01,1
20250612_36hpf_ctrl_atf6,20250612_36hpf_ctrl_atf6_A08_e02,1
20250612_36hpf_ctrl_atf6,20250612_36hpf_ctrl_atf6_A09_e01,1
20250612_36hpf_ctrl_atf6,20250612_36hpf_ctrl_atf6_A10_e01,1
20250612_36hpf_ctrl_atf6,20250612_36hpf_ctrl_atf6_A11_e01,1
20250612_36hpf_ctrl_atf6,20250612_36hpf_ctrl_atf6_A12_e01,1
20250612_36hpf_ctrl_atf6,20250612_36hpf_ctrl_atf6_B01_e01,1
20250612_36hpf_ctrl_atf6,20250612_36hpf_ctrl_atf6_B02_e01,1
20250612_36hpf_ctrl_atf6,20250612_36hpf_ctrl_atf6_B03_e01,1
20250612_36hpf_ctrl_atf6,20250612_36hpf_ctrl_atf6_B03_e02,1
20250612_36hpf_ctrl_atf6,20250612_36hpf_ctrl_atf6_B04_e01,1
20250612_36hpf_ctrl_atf6,20250612_36hpf_ctrl_atf6_B05_e01,1
20250612_36hpf_ctrl_atf6,20250612_36hpf_ctrl_atf6_B06_e01,1
20250612_36hpf_ctrl_atf6,20250612_36hpf_ctrl_atf6_B07_e01,1
20250612_36hpf_ctrl_atf6,20250612_36hpf_ctrl_atf6_B08_e01,1
20250612_36hpf_ctrl_atf6,20250612_36hpf_ctrl_atf6_B09_e01,1
20250612_36hpf_ctrl_atf6,20250612_36hpf_ctrl_atf6_B10_e01,1
20250612_36hpf_ctrl_atf6,20250612_36hpf_ctrl_atf6_B11_e01,1
20250612_36hpf_ctrl_atf6,20250612_36hpf_ctrl_atf6_B12_e01,1
20250612_36hpf_ctrl_atf6,20250612_36hpf_ctrl_atf6_C01_e01,1
20250612_36hpf_ctrl_atf6,20250612_36hpf_ctrl_atf6_C01_e02,1
20250612_36hpf_ctrl_atf6,20250612_36hpf_ctrl_atf6_C02_e01,1
20250612_36hpf_ctrl_atf6,20250612_36hpf_ctrl_atf6_C03_e01,1
20250612_36hpf_ctrl_atf6,20250612_36hpf_ctrl_atf6_C04_e01,1
20250612_36hpf_ctrl_atf6,20250612_36hpf_ctrl_atf6_C05_e01,1
20250612_36hpf_ctrl_atf6,20250612_36hpf_ctrl_atf6_C06_e01,1
20250612_36hpf_ctrl_atf6,20250612_36hpf_ctrl_atf6_C07_e01,1
20250612_36hpf_ctrl_atf6,20250612_36hpf_ctrl_atf6_C08_e01,1
20250612_36hpf_ctrl_atf6,20250612_36hpf_ctrl_atf6_C09_e01,1
20250612_36hpf_ctrl_atf6,20250612_36hpf_ctrl_atf6_C10_e01,1
20250612_36hpf_ctrl_atf6,20250612_36hpf_ctrl_atf6_C11_e01,1
20250612_36hpf_ctrl_atf6,20250612_36hpf_ctrl_atf6_C12_e01,1
20250612_36hpf_ctrl_atf6,20250612_36hpf_ctrl_atf6_D01_e01,1
20250612_36hpf_ctrl_atf6,20250612_36hpf_ctrl_atf6_D02_e01,1
20250612_36hpf_ctrl_atf6,20250612_36hpf_ctrl_atf6_D03_e01,1
20250612_36hpf_ctrl_atf6,20250612_36hpf_ctrl_atf6_D04_e01,1
20250612_36hpf_ctrl_atf6,20250612_36hpf_ctrl_atf6_D05_e01,1
20250612_36hpf_ctrl_atf6,20250612_36hpf_ctrl_atf6_D06_e01,1
20250612_36hpf_ctrl_atf6,20250612_36hpf_ctrl_atf6_D07_e01,1
20250612_36hpf_ctrl_atf6,20250612_36hpf_ctrl_atf6_D08_e01,1
20250612_36hpf_ctrl_atf6,20250612_36hpf_ctrl_atf6_D08_e02,1
20250612_36hpf_ctrl_atf6,20250612_36hpf_ctrl_atf6_D09_e01,1
20250612_36hpf_ctrl_atf6,20250612_36hpf_ctrl_atf6_D10_e01,1
20250612_36hpf_ctrl_atf6,20250612_36hpf_ctrl_atf6_D11_e01,1
20250612_36hpf_ctrl_atf6,20250612_36hpf_ctrl_atf6_D12_e01,1
20250612_36hpf_ctrl_atf6,20250612_36hpf_ctrl_atf6_E01_e01,1
20250612_36hpf_ctrl_atf6,20250612_36hpf_ctrl_atf6_E02_e01,1
20250612_36hpf_ctrl_atf6,20250612_36hpf_ctrl_atf6_E03_e01,1
20250612_36hpf_ctrl_atf6,20250612_36hpf_ctrl_atf6_E04_e01,1
20250612_36hpf_ctrl_atf6,20250612_36hpf_ctrl_atf6_E05_e01,1
20250612_36hpf_ctrl_atf6,20250612_36hpf_ctrl_atf6_E06_e01,1
20250612_36hpf_ctrl_atf6,20250612_36hpf_ctrl_atf6_E07_e01,1
20250612_36hpf_ctrl_atf6,20250612_36hpf_ctrl_atf6_E08_e01,1
20250612_36hpf_ctrl_atf6,20250612_36hpf_ctrl_atf6_E09_e01,1
20250612_36hpf_ctrl_atf6,20250612_36hpf_ctrl_atf6_E10_e01,1
20250612_36hpf_ctrl_atf6,20250612_36hpf_ctrl_atf6_E11_e01,1
20250612_36hpf_ctrl_atf6,20250612_36hpf_ctrl_atf6_E12_e01,1
20250612_36hpf_ctrl_atf6,20250612_36hpf_ctrl_atf6_F01_e01,1
20250612_36hpf_ctrl_atf6,20250612_36hpf_ctrl_atf6_F02_e01,1
20250612_36hpf_ctrl_atf6,20250612_36hpf_ctrl_atf6_F03_e01,1
20250612_36hpf_ctrl_atf6,20250612_36hpf_ctrl_atf6_F04_e01,1
20250612_36hpf_ctrl_atf6,20250612_36hpf_ctrl_atf6_F05_e01,1
20250612_36hpf_ctrl_atf6,20250612_36hpf_ctrl_atf6_F06_e01,1
20250612_36hpf_ctrl_atf6,20250612_36hpf_ctrl_atf6_F07_e01,1
20250612_36hpf_ctrl_atf6,20250612_36hpf_ctrl_atf6_F08_e01,1
20250612_36hpf_ctrl_atf6,20250612_36hpf_ctrl_atf6_F09_e01,1
20250612_36hpf_ctrl_atf6,20250612_36hpf_ctrl_atf6_F10_e01,1
20250612_36hpf_ctrl_atf6,20250612_36hpf_ctrl_atf6_F11_e01,1
20250612_36hpf_ctrl_atf6,20250612_36hpf_ctrl_atf6_F12_e01,1
20250612_36hpf_ctrl_atf6,20250612_36hpf_ctrl_atf6_G01_e01,1
20250612_36hpf_ctrl_atf6,20250612_36hpf_ctrl_atf6_G02_e01,1
20250612_36hpf_ctrl_atf6,20250612_36hpf_ctrl_atf6_G03_e01,1
20250612_36hpf_ctrl_atf6,20250612_36hpf_ctrl_atf6_G04_e01,1
20250612_36hpf_ctrl_atf6,20250612_36hpf_ctrl_atf6_G05_e01,1
20250612_36hpf_ctrl_atf6,20250612_36hpf_ctrl_atf6_G06_e01,1
20250612_36hpf_ctrl_atf6,20250612_36hpf_ctrl_atf6_G07_e01,1
20250612_36hpf_ctrl_atf6,20250612_36hpf_ctrl_atf6_G08_e01,1
20250612_36hpf_ctrl_atf6,20250612_36hpf_ctrl_atf6_G09_e01,1
20250612_36hpf_ctrl_atf6,20250612_36hpf_ctrl_atf6_G10_e01,1
20250612_36hpf_ctrl_atf6,20250612_36hpf_ctrl_atf6_G11_e01,1
20250612_36hpf_ctrl_atf6,20250612_36hpf_ctrl_atf6_G12_e01,1
20250612_36hpf_ctrl_atf6,20250612_36hpf_ctrl_atf6_H01_e01,1
20250612_36hpf_ctrl_atf6,20250612_36hpf_ctrl_atf6_H02_e01,1
20250612_36hpf_ctrl_atf6,20250612_36hpf_ctrl_atf6_H03_e01,1
20250612_36hpf_ctrl_atf6,20250612_36hpf_ctrl_atf6_H04_e01,1
20250612_36hpf_ctrl_atf6,20250612_36hpf_ctrl_atf6_H05_e01,1
20250612_36hpf_ctrl_atf6,20250612_36hpf_ctrl_atf6_H06_e01,1
20250612_36hpf_ctrl_atf6,20250612_36hpf_ctrl_atf6_H07_e01,1
20250612_36hpf_ctrl_atf6,20250612_36hpf_ctrl_atf6_H08_e01,1
20250612_36hpf_ctrl_atf6,20250612_36hpf_ctrl_atf6_H09_e01,1
20250612_36hpf_ctrl_atf6,20250612_36hpf_ctrl_atf6_H10_e01,1
20250612_36hpf_ctrl_atf6,20250612_36hpf_ctrl_atf6_H11_e01,1
20250612_36hpf_ctrl_atf6,20250612_36hpf_ctrl_atf6_H11_e02,1
20250612_36hpf_ctrl_atf6,20250612_36hpf_ctrl_atf6_H11_e03,1
20250612_36hpf_ctrl_atf6,20250612_36hpf_ctrl_atf6_H12_e01,1
20250612_36hpf_wfs1_ctcf,20250612_36hpf_wfs1_ctcf_A01_e01,1
20250612_36hpf_wfs1_ctcf,20250612_36hpf_wfs1_ctcf_A02_e01,1
20250612_36hpf_wfs1_ctcf,20250612_36hpf_wfs1_ctcf_A03_e01,1
20250612_36hpf_wfs1_ctcf,20250612_36hpf_wfs1_ctcf_A04_e01,1
20250612_36hpf_wfs1_ctcf,20250612_36hpf_wfs1_ctcf_A05_e01,1
20250612_36hpf_wfs1_ctcf,20250612_36hpf_wfs1_ctcf_A06_e01,1
20250612_36hpf_wfs1_ctcf,20250612_36hpf_wfs1_ctcf_A07_e01,1
20250612_36hpf_wfs1_ctcf,20250612_36hpf_wfs1_ctcf_A08_e01,1
20250612_36hpf_wfs1_ctcf,20250612_36hpf_wfs1_ctcf_A09_e01,1
20250612_36hpf_wfs1_ctcf,20250612_36hpf_wfs1_ctcf_A10_e01,1
20250612_36hpf_wfs1_ctcf,20250612_36hpf_wfs1_ctcf_A11_e01,1
20250612_36hpf_wfs1_ctcf,20250612_36hpf_wfs1_ctcf_A12_e01,1
20250612_36hpf_wfs1_ctcf,20250612_36hpf_wfs1_ctcf_B01_e01,1
20250612_36hpf_wfs1_ctcf,20250612_36hpf_wfs1_ctcf_B02_e01,1
20250612_36hpf_wfs1_ctcf,20250612_36hpf_wfs1_ctcf_B03_e01,1
20250612_36hpf_wfs1_ctcf,20250612_36hpf_wfs1_ctcf_B04_e01,1
20250612_36hpf_wfs1_ctcf,20250612_36hpf_wfs1_ctcf_B05_e01,1
20250612_36hpf_wfs1_ctcf,20250612_36hpf_wfs1_ctcf_B06_e01,1
20250612_36hpf_wfs1_ctcf,20250612_36hpf_wfs1_ctcf_B07_e01,1
20250612_36hpf_wfs1_ctcf,20250612_36hpf_wfs1_ctcf_B08_e01,1
20250612_36hpf_wfs1_ctcf,20250612_36hpf_wfs1_ctcf_B09_e01,1
20250612_36hpf_wfs1_ctcf,20250612_36hpf_wfs1_ctcf_B10_e01,1
20250612_36hpf_wfs1_ctcf,20250612_36hpf_wfs1_ctcf_B11_e01,1
20250612_36hpf_wfs1_ctcf,20250612_36hpf_wfs1_ctcf_B12_e01,1
20250612_36hpf_wfs1_ctcf,20250612_36hpf_wfs1_ctcf_C01_e01,1
20250612_36hpf_wfs1_ctcf,20250612_36hpf_wfs1_ctcf_C02_e01,1
20250612_36hpf_wfs1_ctcf,20250612_36hpf_wfs1_ctcf_C02_e02,1
20250612_36hpf_wfs1_ctcf,20250612_36hpf_wfs1_ctcf_C03_e01,1
20250612_36hpf_wfs1_ctcf,20250612_36hpf_wfs1_ctcf_C04_e01,1
20250612_36hpf_wfs1_ctcf,20250612_36hpf_wfs1_ctcf_C05_e01,1
20250612_36hpf_wfs1_ctcf,20250612_36hpf_wfs1_ctcf_C06_e01,1
20250612_36hpf_wfs1_ctcf,20250612_36hpf_wfs1_ctcf_C07_e01,1
20250612_36hpf_wfs1_ctcf,20250612_36hpf_wfs1_ctcf_C08_e01,1
20250612_36hpf_wfs1_ctcf,20250612_36hpf_wfs1_ctcf_C09_e01,1
20250612_36hpf_wfs1_ctcf,20250612_36hpf_wfs1_ctcf_C10_e01,1
20250612_36hpf_wfs1_ctcf,20250612_36hpf_wfs1_ctcf_C11_e01,1
20250612_36hpf_wfs1_ctcf,20250612_36hpf_wfs1_ctcf_C12_e01,1
20250612_36hpf_wfs1_ctcf,20250612_36hpf_wfs1_ctcf_D01_e01,1
20250612_36hpf_wfs1_ctcf,20250612_36hpf_wfs1_ctcf_D02_e01,1
20250612_36hpf_wfs1_ctcf,20250612_36hpf_wfs1_ctcf_D03_e01,1
20250612_36hpf_wfs1_ctcf,20250612_36hpf_wfs1_ctcf_D04_e01,1
20250612_36hpf_wfs1_ctcf,20250612_36hpf_wfs1_ctcf_D05_e01,1
20250612_36hpf_wfs1_ctcf,20250612_36hpf_wfs1_ctcf_D06_e01,1
20250612_36hpf_wfs1_ctcf,20250612_36hpf_wfs1_ctcf_D07_e01,1
20250612_36hpf_wfs1_ctcf,20250612_36hpf_wfs1_ctcf_D08_e01,1
20250612_36hpf_wfs1_ctcf,20250612_36hpf_wfs1_ctcf_D09_e01,1
20250612_36hpf_wfs1_ctcf,20250612_36hpf_wfs1_ctcf_D10_e01,1
20250612_36hpf_wfs1_ctcf,20250612_36hpf_wfs1_ctcf_D11_e01,1
20250612_36hpf_wfs1_ctcf,20250612_36hpf_wfs1_ctcf_D12_e01,1
20250612_36hpf_wfs1_ctcf,20250612_36hpf_wfs1_ctcf_E01_e01,1
20250612_36hpf_wfs1_ctcf,20250612_36hpf_wfs1_ctcf_E02_e01,1
20250612_36hpf_wfs1_ctcf,20250612_36hpf_wfs1_ctcf_E03_e01,1
20250612_36hpf_wfs1_ctcf,20250612_36hpf_wfs1_ctcf_E04_e01,1
20250612_36hpf_wfs1_ctcf,20250612_36hpf_wfs1_ctcf_E05_e01,1
20250612_36hpf_wfs1_ctcf,20250612_36hpf_wfs1_ctcf_E06_e01,1
20250612_36hpf_wfs1_ctcf,20250612_36hpf_wfs1_ctcf_E07_e01,1
20250612_36hpf_wfs1_ctcf,20250612_36hpf_wfs1_ctcf_E08_e01,1
20250612_36hpf_wfs1_ctcf,20250612_36hpf_wfs1_ctcf_E09_e01,1
20250612_36hpf_wfs1_ctcf,20250612_36hpf_wfs1_ctcf_E10_e01,1
20250612_36hpf_wfs1_ctcf,20250612_36hpf_wfs1_ctcf_E11_e01,1
20250612_36hpf_wfs1_ctcf,20250612_36hpf_wfs1_ctcf_E12_e01,1
20250612_36hpf_wfs1_ctcf,20250612_36hpf_wfs1_ctcf_F01_e01,1
20250612_36hpf_wfs1_ctcf,20250612_36hpf_wfs1_ctcf_F02_e01,1
20250612_36hpf_wfs1_ctcf,20250612_36hpf_wfs1_ctcf_F03_e01,1
20250612_36hpf_wfs1_ctcf,20250612_36hpf_wfs1_ctcf_F04_e01,1
20250612_36hpf_wfs1_ctcf,20250612_36hpf_wfs1_ctcf_F05_e01,1
20250612_36hpf_wfs1_ctcf,20250612_36hpf_wfs1_ctcf_F06_e01,1
20250612_36hpf_wfs1_ctcf,20250612_36hpf_wfs1_ctcf_F07_e01,1
20250612_36hpf_wfs1_ctcf,20250612_36hpf_wfs1_ctcf_F08_e01,1
20250612_36hpf_wfs1_ctcf,20250612_36hpf_wfs1_ctcf_F09_e01,1
20250612_36hpf_wfs1_ctcf,20250612_36hpf_wfs1_ctcf_F10_e01,1
20250612_36hpf_wfs1_ctcf,20250612_36hpf_wfs1_ctcf_F11_e01,1
20250612_36hpf_wfs1_ctcf,20250612_36hpf_wfs1_ctcf_F12_e01,1
20250612_36hpf_wfs1_ctcf,20250612_36hpf_wfs1_ctcf_G01_e01,1
20250612_36hpf_wfs1_ctcf,20250612_36hpf_wfs1_ctcf_G02_e01,1
20250612_36hpf_wfs1_ctcf,20250612_36hpf_wfs1_ctcf_G03_e01,1
20250612_36hpf_wfs1_ctcf,20250612_36hpf_wfs1_ctcf_G04_e01,1
20250612_36hpf_wfs1_ctcf,20250612_36hpf_wfs1_ctcf_G05_e01,1
20250612_36hpf_wfs1_ctcf,20250612_36hpf_wfs1_ctcf_G06_e01,1
20250612_36hpf_wfs1_ctcf,20250612_36hpf_wfs1_ctcf_G07_e01,1
20250612_36hpf_wfs1_ctcf,20250612_36hpf_wfs1_ctcf_G08_e01,1
20250612_36hpf_wfs1_ctcf,20250612_36hpf_wfs1_ctcf_G09_e01,1
20250612_36hpf_wfs1_ctcf,20250612_36hpf_wfs1_ctcf_G10_e01,1
20250612_36hpf_wfs1_ctcf,20250612_36hpf_wfs1_ctcf_G11_e01,1
20250612_36hpf_wfs1_ctcf,20250612_36hpf_wfs1_ctcf_G12_e01,1
20250612_36hpf_wfs1_ctcf,20250612_36hpf_wfs1_ctcf_H01_e01,1
20250612_36hpf_wfs1_ctcf,20250612_36hpf_wfs1_ctcf_H02_e01,1
20250612_36hpf_wfs1_ctcf,20250612_36hpf_wfs1_ctcf_H03_e01,1
20250612_36hpf_wfs1_ctcf,20250612_36hpf_wfs1_ctcf_H04_e01,1
20250612_36hpf_wfs1_ctcf,20250612_36hpf_wfs1_ctcf_H05_e01,1
20250612_36hpf_wfs1_ctcf,20250612_36hpf_wfs1_ctcf_H06_e01,1
20250612_36hpf_wfs1_ctcf,20250612_36hpf_wfs1_ctcf_H07_e01,1
20250612_36hpf_wfs1_ctcf,20250612_36hpf_wfs1_ctcf_H08_e01,1
20250612_36hpf_wfs1_ctcf,20250612_36hpf_wfs1_ctcf_H09_e01,1
20250612_36hpf_wfs1_ctcf,20250612_36hpf_wfs1_ctcf_H10_e01,1
20250612_36hpf_wfs1_ctcf,20250612_36hpf_wfs1_ctcf_H11_e01,1
20250612_36hpf_wfs1_ctcf,20250612_36hpf_wfs1_ctcf_H12_e01,1
20250622_chem_28C_T00_1425,20250622_chem_28C_T00_1425_A01_e01,1
20250622_chem_28C_T00_1425,20250622_chem_28C_T00_1425_A02_e01,1
20250622_chem_28C_T00_1425,20250622_chem_28C_T00_1425_A03_e01,1
20250622_chem_28C_T00_1425,20250622_chem_28C_T00_1425_A03_e02,1
20250622_chem_28C_T00_1425,20250622_chem_28C_T00_1425_A04_e01,1
20250622_chem_28C_T00_1425,20250622_chem_28C_T00_1425_A05_e01,1
20250622_chem_28C_T00_1425,20250622_chem_28C_T00_1425_A06_e01,1
20250622_chem_28C_T00_1425,20250622_chem_28C_T00_1425_A07_e01,1
20250622_chem_28C_T00_1425,20250622_chem_28C_T00_1425_A08_e01,1
20250622_chem_28C_T00_1425,20250622_chem_28C_T00_1425_A10_e01,1
20250622_chem_28C_T00_1425,20250622_chem_28C_T00_1425_A12_e01,1
20250622_chem_28C_T00_1425,20250622_chem_28C_T00_1425_B01_e01,1
20250622_chem_28C_T00_1425,20250622_chem_28C_T00_1425_B02_e01,1
20250622_chem_28C_T00_1425,20250622_chem_28C_T00_1425_B03_e01,1
20250622_chem_28C_T00_1425,20250622_chem_28C_T00_1425_B04_e01,1
20250622_chem_28C_T00_1425,20250622_chem_28C_T00_1425_B05_e01,1
20250622_chem_28C_T00_1425,20250622_chem_28C_T00_1425_B05_e02,1
20250622_chem_28C_T00_1425,20250622_chem_28C_T00_1425_B06_e01,1
20250622_chem_28C_T00_1425,20250622_chem_28C_T00_1425_B07_e01,1
20250622_chem_28C_T00_1425,20250622_chem_28C_T00_1425_B08_e01,1
20250622_chem_28C_T00_1425,20250622_chem_28C_T00_1425_B10_e01,1
20250622_chem_28C_T00_1425,20250622_chem_28C_T00_1425_B10_e02,1
20250622_chem_28C_T00_1425,20250622_chem_28C_T00_1425_B12_e01,1
20250622_chem_28C_T00_1425,20250622_chem_28C_T00_1425_C01_e01,1
20250622_chem_28C_T00_1425,20250622_chem_28C_T00_1425_C02_e01,1
20250622_chem_28C_T00_1425,20250622_chem_28C_T00_1425_C03_e01,1
20250622_chem_28C_T00_1425,20250622_chem_28C_T00_1425_C04_e01,1
20250622_chem_28C_T00_1425,20250622_chem_28C_T00_1425_C05_e01,1
20250622_chem_28C_T00_1425,20250622_chem_28C_T00_1425_C06_e01,1
20250622_chem_28C_T00_1425,20250622_chem_28C_T00_1425_C07_e01,1
20250622_chem_28C_T00_1425,20250622_chem_28C_T00_1425_C08_e01,1
20250622_chem_28C_T00_1425,20250622_chem_28C_T00_1425_C10_e01,1
20250622_chem_28C_T00_1425,20250622_chem_28C_T00_1425_C11_e02,1
20250622_chem_28C_T00_1425,20250622_chem_28C_T00_1425_C12_e01,1
20250622_chem_28C_T00_1425,20250622_chem_28C_T00_1425_D01_e01,1
20250622_chem_28C_T00_1425,20250622_chem_28C_T00_1425_D01_e02,1
20250622_chem_28C_T00_1425,20250622_chem_28C_T00_1425_D02_e01,1
20250622_chem_28C_T00_1425,20250622_chem_28C_T00_1425_D03_e01,1
20250622_chem_28C_T00_1425,20250622_chem_28C_T00_1425_D04_e01,1
20250622_chem_28C_T00_1425,20250622_chem_28C_T00_1425_D05_e01,1
20250622_chem_28C_T00_1425,20250622_chem_28C_T00_1425_D06_e01,1
20250622_chem_28C_T00_1425,20250622_chem_28C_T00_1425_D07_e01,1
20250622_chem_28C_T00_1425,20250622_chem_28C_T00_1425_D08_e01,1
20250622_chem_28C_T00_1425,20250622_chem_28C_T00_1425_D10_e01,1
20250622_chem_28C_T00_1425,20250622_chem_28C_T00_1425_D12_e01,1
20250622_chem_28C_T00_1425,20250622_chem_28C_T00_1425_E01_e01,1
20250622_chem_28C_T00_1425,20250622_chem_28C_T00_1425_E02_e01,1
20250622_chem_28C_T00_1425,20250622_chem_28C_T00_1425_E03_e01,1
20250622_chem_28C_T00_1425,20250622_chem_28C_T00_1425_E04_e01,1
20250622_chem_28C_T00_1425,20250622_chem_28C_T00_1425_E05_e01,1
20250622_chem_28C_T00_1425,20250622_chem_28C_T00_1425_E06_e01,1
20250622_chem_28C_T00_1425,20250622_chem_28C_T00_1425_E07_e01,1
20250622_chem_28C_T00_1425,20250622_chem_28C_T00_1425_E08_e01,1
20250622_chem_28C_T00_1425,20250622_chem_28C_T00_1425_E09_e02,1
20250622_chem_28C_T00_1425,20250622_chem_28C_T00_1425_E10_e01,1
20250622_chem_28C_T00_1425,20250622_chem_28C_T00_1425_E12_e01,1
20250622_chem_28C_T00_1425,20250622_chem_28C_T00_1425_F01_e01,1
20250622_chem_28C_T00_1425,20250622_chem_28C_T00_1425_F02_e01,1
20250622_chem_28C_T00_1425,20250622_chem_28C_T00_1425_F03_e01,1
20250622_chem_28C_T00_1425,20250622_chem_28C_T00_1425_F03_e02,1
20250622_chem_28C_T00_1425,20250622_chem_28C_T00_1425_F04_e01,1
20250622_chem_28C_T00_1425,20250622_chem_28C_T00_1425_F05_e01,1
20250622_chem_28C_T00_1425,20250622_chem_28C_T00_1425_F06_e01,1
20250622_chem_28C_T00_1425,20250622_chem_28C_T00_1425_F07_e01,1
20250622_chem_28C_T00_1425,20250622_chem_28C_T00_1425_F08_e01,1
20250622_chem_28C_T00_1425,20250622_chem_28C_T00_1425_F09_e02,1
20250622_chem_28C_T00_1425,20250622_chem_28C_T00_1425_F10_e01,1
20250622_chem_28C_T00_1425,20250622_chem_28C_T00_1425_F12_e01,1
20250622_chem_28C_T00_1425,20250622_chem_28C_T00_1425_G01_e01,1
20250622_chem_28C_T00_1425,20250622_chem_28C_T00_1425_G02_e01,1
20250622_chem_28C_T00_1425,20250622_chem_28C_T00_1425_G03_e01,1
20250622_chem_28C_T00_1425,20250622_chem_28C_T00_1425_G04_e01,1
20250622_chem_28C_T00_1425,20250622_chem_28C_T00_1425_G04_e02,1
20250622_chem_28C_T00_1425,20250622_chem_28C_T00_1425_G05_e01,1
20250622_chem_28C_T00_1425,20250622_chem_28C_T00_1425_G06_e01,1
20250622_chem_28C_T00_1425,20250622_chem_28C_T00_1425_G07_e01,1
20250622_chem_28C_T00_1425,20250622_chem_28C_T00_1425_G08_e01,1
20250622_chem_28C_T00_1425,20250622_chem_28C_T00_1425_G10_e01,1
20250622_chem_28C_T00_1425,20250622_chem_28C_T00_1425_G12_e01,1
20250622_chem_28C_T00_1425,20250622_chem_28C_T00_1425_H01_e01,1
20250622_chem_28C_T00_1425,20250622_chem_28C_T00_1425_H02_e01,1
20250622_chem_28C_T00_1425,20250622_chem_28C_T00_1425_H03_e01,1
20250622_chem_28C_T00_1425,20250622_chem_28C_T00_1425_H04_e01,1
20250622_chem_28C_T00_1425,20250622_chem_28C_T00_1425_H05_e01,1
20250622_chem_28C_T00_1425,20250622_chem_28C_T00_1425_H05_e02,1
20250622_chem_28C_T00_1425,20250622_chem_28C_T00_1425_H06_e01,1
20250622_chem_28C_T00_1425,20250622_chem_28C_T00_1425_H07_e01,1
20250622_chem_28C_T00_1425,20250622_chem_28C_T00_1425_H07_e02,1
20250622_chem_28C_T00_1425,20250622_chem_28C_T00_1425_H08_e01,1
20250622_chem_28C_T00_1425,20250622_chem_28C_T00_1425_H10_e01,1
20250622_chem_28C_T00_1425,20250622_chem_28C_T00_1425_H12_e01,1
20250622_chem_28C_T01_1658,20250622_chem_28C_T01_1658_A01_e01,1
20250622_chem_28C_T01_1658,20250622_chem_28C_T01_1658_A02_e01,1
20250622_chem_28C_T01_1658,20250622_chem_28C_T01_1658_A03_e01,1
20250622_chem_28C_T01_1658,20250622_chem_28C_T01_1658_A04_e01,1
20250622_chem_28C_T01_1658,20250622_chem_28C_T01_1658_A05_e01,1
20250622_chem_28C_T01_1658,20250622_chem_28C_T01_1658_A06_e01,1
20250622_chem_28C_T01_1658,20250622_chem_28C_T01_1658_A07_e01,1
20250622_chem_28C_T01_1658,20250622_chem_28C_T01_1658_A08_e01,1
20250622_chem_28C_T01_1658,20250622_chem_28C_T01_1658_A10_e01,1
20250622_chem_28C_T01_1658,20250622_chem_28C_T01_1658_A12_e01,1
20250622_chem_28C_T01_1658,20250622_chem_28C_T01_1658_B01_e01,1
20250622_chem_28C_T01_1658,20250622_chem_28C_T01_1658_B02_e01,1
20250622_chem_28C_T01_1658,20250622_chem_28C_T01_1658_B03_e01,1
20250622_chem_28C_T01_1658,20250622_chem_28C_T01_1658_B04_e01,1
20250622_chem_28C_T01_1658,20250622_chem_28C_T01_1658_B05_e01,1
20250622_chem_28C_T01_1658,20250622_chem_28C_T01_1658_B06_e01,1
20250622_chem_28C_T01_1658,20250622_chem_28C_T01_1658_B07_e01,1
20250622_chem_28C_T01_1658,20250622_chem_28C_T01_1658_B08_e01,1
20250622_chem_28C_T01_1658,20250622_chem_28C_T01_1658_B10_e01,1
20250622_chem_28C_T01_1658,20250622_chem_28C_T01_1658_B10_e02,1
20250622_chem_28C_T01_1658,20250622_chem_28C_T01_1658_B12_e01,1
20250622_chem_28C_T01_1658,20250622_chem_28C_T01_1658_C01_e01,1
20250622_chem_28C_T01_1658,20250622_chem_28C_T01_1658_C02_e01,1
20250622_chem_28C_T01_1658,20250622_chem_28C_T01_1658_C03_e01,1
20250622_chem_28C_T01_1658,20250622_chem_28C_T01_1658_C04_e01,1
20250622_chem_28C_T01_1658,20250622_chem_28C_T01_1658_C05_e01,1
20250622_chem_28C_T01_1658,20250622_chem_28C_T01_1658_C06_e01,1
20250622_chem_28C_T01_1658,20250622_chem_28C_T01_1658_C07_e01,1
20250622_chem_28C_T01_1658,20250622_chem_28C_T01_1658_C08_e01,1
20250622_chem_28C_T01_1658,20250622_chem_28C_T01_1658_C10_e01,1
20250622_chem_28C_T01_1658,20250622_chem_28C_T01_1658_C12_e01,1
20250622_chem_28C_T01_1658,20250622_chem_28C_T01_1658_D01_e01,1
20250622_chem_28C_T01_1658,20250622_chem_28C_T01_1658_D01_e02,1
20250622_chem_28C_T01_1658,20250622_chem_28C_T01_1658_D02_e01,1
20250622_chem_28C_T01_1658,20250622_chem_28C_T01_1658_D03_e01,1
20250622_chem_28C_T01_1658,20250622_chem_28C_T01_1658_D04_e01,1
20250622_chem_28C_T01_1658,20250622_chem_28C_T01_1658_D05_e01,1
20250622_chem_28C_T01_1658,20250622_chem_28C_T01_1658_D06_e01,1
20250622_chem_28C_T01_1658,20250622_chem_28C_T01_1658_D07_e01,1
20250622_chem_28C_T01_1658,20250622_chem_28C_T01_1658_D08_e01,1
20250622_chem_28C_T01_1658,20250622_chem_28C_T01_1658_D10_e01,1
20250622_chem_28C_T01_1658,20250622_chem_28C_T01_1658_D12_e01,1
20250622_chem_28C_T01_1658,20250622_chem_28C_T01_1658_E01_e01,1
20250622_chem_28C_T01_1658,20250622_chem_28C_T01_1658_E02_e01,1
20250622_chem_28C_T01_1658,20250622_chem_28C_T01_1658_E03_e01,1
20250622_chem_28C_T01_1658,20250622_chem_28C_T01_1658_E04_e01,1
20250622_chem_28C_T01_1658,20250622_chem_28C_T01_1658_E05_e01,1
20250622_chem_28C_T01_1658,20250622_chem_28C_T01_1658_E06_e01,1
20250622_chem_28C_T01_1658,20250622_chem_28C_T01_1658_E07_e01,1
20250622_chem_28C_T01_1658,20250622_chem_28C_T01_1658_E08_e01,1
20250622_chem_28C_T01_1658,20250622_chem_28C_T01_1658_E09_e02,1
20250622_chem_28C_T01_1658,20250622_chem_28C_T01_1658_E10_e01,1
20250622_chem_28C_T01_1658,20250622_chem_28C_T01_1658_E12_e01,1
20250622_chem_28C_T01_1658,20250622_chem_28C_T01_1658_F01_e01,1
20250622_chem_28C_T01_1658,20250622_chem_28C_T01_1658_F02_e01,1
20250622_chem_28C_T01_1658,20250622_chem_28C_T01_1658_F03_e01,1
20250622_chem_28C_T01_1658,20250622_chem_28C_T01_1658_F03_e02,1
20250622_chem_28C_T01_1658,20250622_chem_28C_T01_1658_F04_e01,1
20250622_chem_28C_T01_1658,20250622_chem_28C_T01_1658_F05_e01,1
20250622_chem_28C_T01_1658,20250622_chem_28C_T01_1658_F06_e01,1
20250622_chem_28C_T01_1658,20250622_chem_28C_T01_1658_F07_e01,1
20250622_chem_28C_T01_1658,20250622_chem_28C_T01_1658_F08_e01,1
20250622_chem_28C_T01_1658,20250622_chem_28C_T01_1658_F10_e01,1
20250622_chem_28C_T01_1658,20250622_chem_28C_T01_1658_F12_e01,1
20250622_chem_28C_T01_1658,20250622_chem_28C_T01_1658_G01_e01,1
20250622_chem_28C_T01_1658,20250622_chem_28C_T01_1658_G02_e01,1
20250622_chem_28C_T01_1658,20250622_chem_28C_T01_1658_G03_e01,1
20250622_chem_28C_T01_1658,20250622_chem_28C_T01_1658_G04_e01,1
20250622_chem_28C_T01_1658,20250622_chem_28C_T01_1658_G04_e02,1
20250622_chem_28C_T01_1658,20250622_chem_28C_T01_1658_G05_e01,1
20250622_chem_28C_T01_1658,20250622_chem_28C_T01_1658_G06_e01,1
20250622_chem_28C_T01_1658,20250622_chem_28C_T01_1658_G07_e01,1
20250622_chem_28C_T01_1658,20250622_chem_28C_T01_1658_G08_e01,1
20250622_chem_28C_T01_1658,20250622_chem_28C_T01_1658_G10_e01,1
20250622_chem_28C_T01_1658,20250622_chem_28C_T01_1658_G12_e01,1
20250622_chem_28C_T01_1658,20250622_chem_28C_T01_1658_H01_e01,1
20250622_chem_28C_T01_1658,20250622_chem_28C_T01_1658_H02_e01,1
20250622_chem_28C_T01_1658,20250622_chem_28C_T01_1658_H03_e01,1
20250622_chem_28C_T01_1658,20250622_chem_28C_T01_1658_H04_e01,1
20250622_chem_28C_T01_1658,20250622_chem_28C_T01_1658_H05_e01,1
20250622_chem_28C_T01_1658,20250622_chem_28C_T01_1658_H05_e02,1
20250622_chem_28C_T01_1658,20250622_chem_28C_T01_1658_H06_e01,1
20250622_chem_28C_T01_1658,20250622_chem_28C_T01_1658_H07_e01,1
20250622_chem_28C_T01_1658,20250622_chem_28C_T01_1658_H08_e01,1
20250622_chem_28C_T01_1658,20250622_chem_28C_T01_1658_H10_e01,1
20250622_chem_28C_T01_1658,20250622_chem_28C_T01_1658_H12_e01,1
20250622_chem_34C_T00_1256,20250622_chem_34C_T00_1256_A01_e01,1
20250622_chem_34C_T00_1256,20250622_chem_34C_T00_1256_A02_e01,1
20250622_chem_34C_T00_1256,20250622_chem_34C_T00_1256_A03_e01,1
20250622_chem_34C_T00_1256,20250622_chem_34C_T00_1256_A04_e01,1
20250622_chem_34C_T00_1256,20250622_chem_34C_T00_1256_A05_e01,1
20250622_chem_34C_T00_1256,20250622_chem_34C_T00_1256_A06_e01,1
20250622_chem_34C_T00_1256,20250622_chem_34C_T00_1256_A07_e01,1
20250622_chem_34C_T00_1256,20250622_chem_34C_T00_1256_A08_e01,1
20250622_chem_34C_T00_1256,20250622_chem_34C_T00_1256_A10_e01,1
20250622_chem_34C_T00_1256,20250622_chem_34C_T00_1256_A12_e01,1
20250622_chem_34C_T00_1256,20250622_chem_34C_T00_1256_B01_e01,1
20250622_chem_34C_T00_1256,20250622_chem_34C_T00_1256_B02_e01,1
20250622_chem_34C_T00_1256,20250622_chem_34C_T00_1256_B03_e01,1
20250622_chem_34C_T00_1256,20250622_chem_34C_T00_1256_B04_e01,1
20250622_chem_34C_T00_1256,20250622_chem_34C_T00_1256_B05_e01,1
20250622_chem_34C_T00_1256,20250622_chem_34C_T00_1256_B06_e01,1
20250622_chem_34C_T00_1256,20250622_chem_34C_T00_1256_B07_e01,1
20250622_chem_34C_T00_1256,20250622_chem_34C_T00_1256_B08_e01,1
20250622_chem_34C_T00_1256,20250622_chem_34C_T00_1256_B10_e01,1
20250622_chem_34C_T00_1256,20250622_chem_34C_T00_1256_B12_e01,1
20250622_chem_34C_T00_1256,20250622_chem_34C_T00_1256_C01_e01,1
20250622_chem_34C_T00_1256,20250622_chem_34C_T00_1256_C02_e01,1
20250622_chem_34C_T00_1256,20250622_chem_34C_T00_1256_C03_e01,1
20250622_chem_34C_T00_1256,20250622_chem_34C_T00_1256_C04_e01,1
20250622_chem_34C_T00_1256,20250622_chem_34C_T00_1256_C05_e01,1
20250622_chem_34C_T00_1256,20250622_chem_34C_T00_1256_C06_e01,1
20250622_chem_34C_T00_1256,20250622_chem_34C_T00_1256_C07_e01,1
20250622_chem_34C_T00_1256,20250622_chem_34C_T00_1256_C08_e01,1
20250622_chem_34C_T00_1256,20250622_chem_34C_T00_1256_C10_e01,1
20250622_chem_34C_T00_1256,20250622_chem_34C_T00_1256_C11_e02,1
20250622_chem_34C_T00_1256,20250622_chem_34C_T00_1256_C12_e01,1
20250622_chem_34C_T00_1256,20250622_chem_34C_T00_1256_D01_e01,1
20250622_chem_34C_T00_1256,20250622_chem_34C_T00_1256_D02_e01,1
20250622_chem_34C_T00_1256,20250622_chem_34C_T00_1256_D03_e01,1
20250622_chem_34C_T00_1256,20250622_chem_34C_T00_1256_D04_e01,1
20250622_chem_34C_T00_1256,20250622_chem_34C_T00_1256_D05_e01,1
20250622_chem_34C_T00_1256,20250622_chem_34C_T00_1256_D06_e01,1
20250622_chem_34C_T00_1256,20250622_chem_34C_T00_1256_D07_e01,1
20250622_chem_34C_T00_1256,20250622_chem_34C_T00_1256_D08_e01,1
20250622_chem_34C_T00_1256,20250622_chem_34C_T00_1256_D10_e01,1
20250622_chem_34C_T00_1256,20250622_chem_34C_T00_1256_D12_e01,1
20250622_chem_34C_T00_1256,20250622_chem_34C_T00_1256_E01_e01,1
20250622_chem_34C_T00_1256,20250622_chem_34C_T00_1256_E02_e01,1
20250622_chem_34C_T00_1256,20250622_chem_34C_T00_1256_E03_e01,1
20250622_chem_34C_T00_1256,20250622_chem_34C_T00_1256_E04_e01,1
20250622_chem_34C_T00_1256,20250622_chem_34C_T00_1256_E05_e01,1
20250622_chem_34C_T00_1256,20250622_chem_34C_T00_1256_E06_e01,1
20250622_chem_34C_T00_1256,20250622_chem_34C_T00_1256_E07_e01,1
20250622_chem_34C_T00_1256,20250622_chem_34C_T00_1256_E08_e01,1
20250622_chem_34C_T00_1256,20250622_chem_34C_T00_1256_E10_e01,1
20250622_chem_34C_T00_1256,20250622_chem_34C_T00_1256_E12_e01,1
20250622_chem_34C_T00_1256,20250622_chem_34C_T00_1256_F01_e01,1
20250622_chem_34C_T00_1256,20250622_chem_34C_T00_1256_F02_e01,1
20250622_chem_34C_T00_1256,20250622_chem_34C_T00_1256_F03_e01,1
20250622_chem_34C_T00_1256,20250622_chem_34C_T00_1256_F05_e01,1
20250622_chem_34C_T00_1256,20250622_chem_34C_T00_1256_F06_e01,1
20250622_chem_34C_T00_1256,20250622_chem_34C_T00_1256_F07_e01,1
20250622_chem_34C_T00_1256,20250622_chem_34C_T00_1256_F08_e01,1
20250622_chem_34C_T00_1256,20250622_chem_34C_T00_1256_F10_e01,1
20250622_chem_34C_T00_1256,20250622_chem_34C_T00_1256_F12_e01,1
20250622_chem_34C_T00_1256,20250622_chem_34C_T00_1256_G01_e01,1
20250622_chem_34C_T00_1256,20250622_chem_34C_T00_1256_G02_e01,1
20250622_chem_34C_T00_1256,20250622_chem_34C_T00_1256_G03_e01,1
20250622_chem_34C_T00_1256,20250622_chem_34C_T00_1256_G05_e01,1
20250622_chem_34C_T00_1256,20250622_chem_34C_T00_1256_G06_e01,1
20250622_chem_34C_T00_1256,20250622_chem_34C_T00_1256_G07_e01,1
20250622_chem_34C_T00_1256,20250622_chem_34C_T00_1256_G08_e01,1
20250622_chem_34C_T00_1256,20250622_chem_34C_T00_1256_G10_e01,1
20250622_chem_34C_T00_1256,20250622_chem_34C_T00_1256_G12_e01,1
20250622_chem_34C_T00_1256,20250622_chem_34C_T00_1256_H01_e01,1
20250622_chem_34C_T00_1256,20250622_chem_34C_T00_1256_H02_e01,1
20250622_chem_34C_T00_1256,20250622_chem_34C_T00_1256_H03_e01,1
20250622_chem_34C_T00_1256,20250622_chem_34C_T00_1256_H05_e01,1
20250622_chem_34C_T00_1256,20250622_chem_34C_T00_1256_H06_e01,1
20250622_chem_34C_T00_1256,20250622_chem_34C_T00_1256_H07_e01,1
20250622_chem_34C_T00_1256,20250622_chem_34C_T00_1256_H08_e01,1
20250622_chem_34C_T00_1256,20250622_chem_34C_T00_1256_H10_e01,1
20250622_chem_34C_T00_1256,20250622_chem_34C_T00_1256_H12_e01,1
20250622_chem_34C_T01_1632,20250622_chem_34C_T01_1632_A01_e01,1
20250622_chem_34C_T01_1632,20250622_chem_34C_T01_1632_A02_e01,1
20250622_chem_34C_T01_1632,20250622_chem_34C_T01_1632_A03_e01,1
20250622_chem_34C_T01_1632,20250622_chem_34C_T01_1632_A04_e01,1
20250622_chem_34C_T01_1632,20250622_chem_34C_T01_1632_A05_e01,1
20250622_chem_34C_T01_1632,20250622_chem_34C_T01_1632_A06_e01,1
20250622_chem_34C_T01_1632,20250622_chem_34C_T01_1632_A07_e01,1
20250622_chem_34C_T01_1632,20250622_chem_34C_T01_1632_A08_e01,1
20250622_chem_34C_T01_1632,20250622_chem_34C_T01_1632_A10_e01,1
20250622_chem_34C_T01_1632,20250622_chem_34C_T01_1632_A12_e01,1
20250622_chem_34C_T01_1632,20250622_chem_34C_T01_1632_B01_e01,1
20250622_chem_34C_T01_1632,20250622_chem_34C_T01_1632_B02_e01,1
20250622_chem_34C_T01_1632,20250622_chem_34C_T01_1632_B03_e01,1
20250622_chem_34C_T01_1632,20250622_chem_34C_T01_1632_B04_e01,1
20250622_chem_34C_T01_1632,20250622_chem_34C_T01_1632_B05_e01,1
20250622_chem_34C_T01_1632,20250622_chem_34C_T01_1632_B06_e01,1
20250622_chem_34C_T01_1632,20250622_chem_34C_T01_1632_B07_e01,1
20250622_chem_34C_T01_1632,20250622_chem_34C_T01_1632_B08_e01,1
20250622_chem_34C_T01_1632,20250622_chem_34C_T01_1632_B10_e01,1
20250622_chem_34C_T01_1632,20250622_chem_34C_T01_1632_B12_e01,1
20250622_chem_34C_T01_1632,20250622_chem_34C_T01_1632_C01_e01,1
20250622_chem_34C_T01_1632,20250622_chem_34C_T01_1632_C02_e01,1
20250622_chem_34C_T01_1632,20250622_chem_34C_T01_1632_C02_e02,1
20250622_chem_34C_T01_1632,20250622_chem_34C_T01_1632_C03_e01,1
20250622_chem_34C_T01_1632,20250622_chem_34C_T01_1632_C04_e01,1
20250622_chem_34C_T01_1632,20250622_chem_34C_T01_1632_C05_e01,1
20250622_chem_34C_T01_1632,20250622_chem_34C_T01_1632_C06_e01,1
20250622_chem_34C_T01_1632,20250622_chem_34C_T01_1632_C07_e01,1
20250622_chem_34C_T01_1632,20250622_chem_34C_T01_1632_C08_e01,1
20250622_chem_34C_T01_1632,20250622_chem_34C_T01_1632_C10_e01,1
20250622_chem_34C_T01_1632,20250622_chem_34C_T01_1632_C12_e01,1
20250622_chem_34C_T01_1632,20250622_chem_34C_T01_1632_D01_e01,1
20250622_chem_34C_T01_1632,20250622_chem_34C_T01_1632_D02_e01,1
20250622_chem_34C_T01_1632,20250622_chem_34C_T01_1632_D03_e01,1
20250622_chem_34C_T01_1632,20250622_chem_34C_T01_1632_D04_e01,1
20250622_chem_34C_T01_1632,20250622_chem_34C_T01_1632_D05_e01,1
20250622_chem_34C_T01_1632,20250622_chem_34C_T01_1632_D06_e01,1
20250622_chem_34C_T01_1632,20250622_chem_34C_T01_1632_D07_e01,1
20250622_chem_34C_T01_1632,20250622_chem_34C_T01_1632_D08_e01,1
20250622_chem_34C_T01_1632,20250622_chem_34C_T01_1632_D10_e01,1
20250622_chem_34C_T01_1632,20250622_chem_34C_T01_1632_D12_e01,1
20250622_chem_34C_T01_1632,20250622_chem_34C_T01_1632_E01_e01,1
20250622_chem_34C_T01_1632,20250622_chem_34C_T01_1632_E02_e01,1
20250622_chem_34C_T01_1632,20250622_chem_34C_T01_1632_E03_e01,1
20250622_chem_34C_T01_1632,20250622_chem_34C_T01_1632_E04_e01,1
20250622_chem_34C_T01_1632,20250622_chem_34C_T01_1632_E05_e01,1
20250622_chem_34C_T01_1632,20250622_chem_34C_T01_1632_E06_e01,1
20250622_chem_34C_T01_1632,20250622_chem_34C_T01_1632_E07_e01,1
20250622_chem_34C_T01_1632,20250622_chem_34C_T01_1632_E08_e01,1
20250622_chem_34C_T01_1632,20250622_chem_34C_T01_1632_E10_e01,1
20250622_chem_34C_T01_1632,20250622_chem_34C_T01_1632_E12_e01,1
20250622_chem_34C_T01_1632,20250622_chem_34C_T01_1632_F01_e01,1
20250622_chem_34C_T01_1632,20250622_chem_34C_T01_1632_F02_e01,1
20250622_chem_34C_T01_1632,20250622_chem_34C_T01_1632_F03_e01,1
20250622_chem_34C_T01_1632,20250622_chem_34C_T01_1632_F04_e02,1
20250622_chem_34C_T01_1632,20250622_chem_34C_T01_1632_F05_e01,1
20250622_chem_34C_T01_1632,20250622_chem_34C_T01_1632_F06_e01,1
20250622_chem_34C_T01_1632,20250622_chem_34C_T01_1632_F07_e01,1
20250622_chem_34C_T01_1632,20250622_chem_34C_T01_1632_F08_e01,1
20250622_chem_34C_T01_1632,20250622_chem_34C_T01_1632_F10_e01,1
20250622_chem_34C_T01_1632,20250622_chem_34C_T01_1632_F12_e01,1
20250622_chem_34C_T01_1632,20250622_chem_34C_T01_1632_G01_e01,1
20250622_chem_34C_T01_1632,20250622_chem_34C_T01_1632_G02_e01,1
20250622_chem_34C_T01_1632,20250622_chem_34C_T01_1632_G03_e01,1
20250622_chem_34C_T01_1632,20250622_chem_34C_T01_1632_G05_e01,1
20250622_chem_34C_T01_1632,20250622_chem_34C_T01_1632_G06_e01,1
20250622_chem_34C_T01_1632,20250622_chem_34C_T01_1632_G07_e01,1
20250622_chem_34C_T01_1632,20250622_chem_34C_T01_1632_G08_e01,1
20250622_chem_34C_T01_1632,20250622_chem_34C_T01_1632_G10_e01,1
20250622_chem_34C_T01_1632,20250622_chem_34C_T01_1632_G12_e01,1
20250622_chem_34C_T01_1632,20250622_chem_34C_T01_1632_H01_e01,1
20250622_chem_34C_T01_1632,20250622_chem_34C_T01_1632_H02_e01,1
20250622_chem_34C_T01_1632,20250622_chem_34C_T01_1632_H03_e01,1
20250622_chem_34C_T01_1632,20250622_chem_34C_T01_1632_H05_e01,1
20250622_chem_34C_T01_1632,20250622_chem_34C_T01_1632_H06_e01,1
20250622_chem_34C_T01_1632,20250622_chem_34C_T01_1632_H07_e01,1
20250622_chem_34C_T01_1632,20250622_chem_34C_T01_1632_H08_e01,1
20250622_chem_34C_T01_1632,20250622_chem_34C_T01_1632_H10_e01,1
20250622_chem_34C_T01_1632,20250622_chem_34C_T01_1632_H12_e01,1
20250622_chem_35C_T00_1223_check,20250622_chem_35C_T00_1223_check_A01_e01,1
20250622_chem_35C_T00_1223_check,20250622_chem_35C_T00_1223_check_A02_e01,1
20250622_chem_35C_T00_1223_check,20250622_chem_35C_T00_1223_check_A03_e01,1
20250622_chem_35C_T00_1223_check,20250622_chem_35C_T00_1223_check_A04_e02,1
20250622_chem_35C_T00_1223_check,20250622_chem_35C_T00_1223_check_A05_e01,1
20250622_chem_35C_T00_1223_check,20250622_chem_35C_T00_1223_check_A06_e01,1
20250622_chem_35C_T00_1223_check,20250622_chem_35C_T00_1223_check_A07_e01,1
20250622_chem_35C_T00_1223_check,20250622_chem_35C_T00_1223_check_A07_e02,1
20250622_chem_35C_T00_1223_check,20250622_chem_35C_T00_1223_check_A08_e01,1
20250622_chem_35C_T00_1223_check,20250622_chem_35C_T00_1223_check_A10_e01,1
20250622_chem_35C_T00_1223_check,20250622_chem_35C_T00_1223_check_A12_e01,1
20250622_chem_35C_T00_1223_check,20250622_chem_35C_T00_1223_check_B01_e01,1
20250622_chem_35C_T00_1223_check,20250622_chem_35C_T00_1223_check_B02_e01,1
20250622_chem_35C_T00_1223_check,20250622_chem_35C_T00_1223_check_B03_e01,1
20250622_chem_35C_T00_1223_check,20250622_chem_35C_T00_1223_check_B05_e01,1
20250622_chem_35C_T00_1223_check,20250622_chem_35C_T00_1223_check_B06_e01,1
20250622_chem_35C_T00_1223_check,20250622_chem_35C_T00_1223_check_B07_e01,1
20250622_chem_35C_T00_1223_check,20250622_chem_35C_T00_1223_check_B08_e01,1
20250622_chem_35C_T00_1223_check,20250622_chem_35C_T00_1223_check_B10_e01,1
20250622_chem_35C_T00_1223_check,20250622_chem_35C_T00_1223_check_B12_e01,1
20250622_chem_35C_T00_1223_check,20250622_chem_35C_T00_1223_check_C01_e01,1
20250622_chem_35C_T00_1223_check,20250622_chem_35C_T00_1223_check_C02_e01,1
20250622_chem_35C_T00_1223_check,20250622_chem_35C_T00_1223_check_C03_e01,1
20250622_chem_35C_T00_1223_check,20250622_chem_35C_T00_1223_check_C05_e01,1
20250622_chem_35C_T00_1223_check,20250622_chem_35C_T00_1223_check_C06_e01,1
20250622_chem_35C_T00_1223_check,20250622_chem_35C_T00_1223_check_C07_e01,1
20250622_chem_35C_T00_1223_check,20250622_chem_35C_T00_1223_check_C08_e01,1
20250622_chem_35C_T00_1223_check,20250622_chem_35C_T00_1223_check_C10_e01,1
20250622_chem_35C_T00_1223_check,20250622_chem_35C_T00_1223_check_C12_e01,1
20250622_chem_35C_T00_1223_check,20250622_chem_35C_T00_1223_check_D01_e01,1
20250622_chem_35C_T00_1223_check,20250622_chem_35C_T00_1223_check_D02_e01,1
20250622_chem_35C_T00_1223_check,20250622_chem_35C_T00_1223_check_D03_e01,1
20250622_chem_35C_T00_1223_check,20250622_chem_35C_T00_1223_check_D05_e01,1
20250622_chem_35C_T00_1223_check,20250622_chem_35C_T00_1223_check_D06_e01,1
20250622_chem_35C_T00_1223_check,20250622_chem_35C_T00_1223_check_D07_e01,1
20250622_chem_35C_T00_1223_check,20250622_chem_35C_T00_1223_check_D08_e01,1
20250622_chem_35C_T00_1223_check,20250622_chem_35C_T00_1223_check_D08_e02,1
20250622_chem_35C_T00_1223_check,20250622_chem_35C_T00_1223_check_D10_e01,1
20250622_chem_35C_T00_1223_check,20250622_chem_35C_T00_1223_check_D12_e01,1
20250622_chem_35C_T00_1223_check,20250622_chem_35C_T00_1223_check_E01_e01,1
20250622_chem_35C_T00_1223_check,20250622_chem_35C_T00_1223_check_E02_e01,1
20250622_chem_35C_T00_1223_check,20250622_chem_35C_T00_1223_check_E03_e01,1
20250622_chem_35C_T00_1223_check,20250622_chem_35C_T00_1223_check_E05_e01,1
20250622_chem_35C_T00_1223_check,20250622_chem_35C_T00_1223_check_E06_e01,1
20250622_chem_35C_T00_1223_check,20250622_chem_35C_T00_1223_check_E06_e02,1
20250622_chem_35C_T00_1223_check,20250622_chem_35C_T00_1223_check_E07_e01,1
20250622_chem_35C_T00_1223_check,20250622_chem_35C_T00_1223_check_E08_e01,1
20250622_chem_35C_T00_1223_check,20250622_chem_35C_T00_1223_check_E10_e01,1
20250622_chem_35C_T00_1223_check,20250622_chem_35C_T00_1223_check_E12_e01,1
20250622_chem_35C_T00_1223_check,20250622_chem_35C_T00_1223_check_F01_e01,1
20250622_chem_35C_T00_1223_check,20250622_chem_35C_T00_1223_check_F02_e01,1
20250622_chem_35C_T00_1223_check,20250622_chem_35C_T00_1223_check_F03_e01,1
20250622_chem_35C_T00_1223_check,20250622_chem_35C_T00_1223_check_F05_e01,1
20250622_chem_35C_T00_1223_check,20250622_chem_35C_T00_1223_check_F06_e01,1
20250622_chem_35C_T00_1223_check,20250622_chem_35C_T00_1223_check_F07_e01,1
20250622_chem_35C_T00_1223_check,20250622_chem_35C_T00_1223_check_F08_e01,1
20250622_chem_35C_T00_1223_check,20250622_chem_35C_T00_1223_check_F10_e01,1
20250622_chem_35C_T00_1223_check,20250622_chem_35C_T00_1223_check_F11_e02,1
20250622_chem_35C_T00_1223_check,20250622_chem_35C_T00_1223_check_F12_e01,1
20250622_chem_35C_T00_1223_check,20250622_chem_35C_T00_1223_check_G01_e01,1
20250622_chem_35C_T00_1223_check,20250622_chem_35C_T00_1223_check_G02_e01,1
20250622_chem_35C_T00_1223_check,20250622_chem_35C_T00_1223_check_G03_e01,1
20250622_chem_35C_T00_1223_check,20250622_chem_35C_T00_1223_check_G05_e01,1
20250622_chem_35C_T00_1223_check,20250622_chem_35C_T00_1223_check_G06_e01,1
20250622_chem_35C_T00_1223_check,20250622_chem_35C_T00_1223_check_G07_e01,1
20250622_chem_35C_T00_1223_check,20250622_chem_35C_T00_1223_check_G07_e02,1
20250622_chem_35C_T00_1223_check,20250622_chem_35C_T00_1223_check_G08_e01,1
20250622_chem_35C_T00_1223_check,20250622_chem_35C_T00_1223_check_G10_e01,1
20250622_chem_35C_T00_1223_check,20250622_chem_35C_T00_1223_check_G12_e01,1
20250622_chem_35C_T00_1223_check,20250622_chem_35C_T00_1223_check_H01_e01,1
20250622_chem_35C_T00_1223_check,20250622_chem_35C_T00_1223_check_H02_e01,1
20250622_chem_35C_T00_1223_check,20250622_chem_35C_T00_1223_check_H03_e01,1
20250622_chem_35C_T00_1223_check,20250622_chem_35C_T00_1223_check_H03_e02,1
20250622_chem_35C_T00_1223_check,20250622_chem_35C_T00_1223_check_H05_e01,1
20250622_chem_35C_T00_1223_check,20250622_chem_35C_T00_1223_check_H06_e01,1
20250622_chem_35C_T00_1223_check,20250622_chem_35C_T00_1223_check_H07_e01,1
20250622_chem_35C_T00_1223_check,20250622_chem_35C_T00_1223_check_H08_e01,1
20250622_chem_35C_T00_1223_check,20250622_chem_35C_T00_1223_check_H10_e01,1
20250622_chem_35C_T00_1223_check,20250622_chem_35C_T00_1223_check_H12_e01,1
20250622_chem_35C_T01_1605,20250622_chem_35C_T01_1605_A01_e01,1
20250622_chem_35C_T01_1605,20250622_chem_35C_T01_1605_A01_e02,1
20250622_chem_35C_T01_1605,20250622_chem_35C_T01_1605_A02_e01,1
20250622_chem_35C_T01_1605,20250622_chem_35C_T01_1605_A03_e01,1
20250622_chem_35C_T01_1605,20250622_chem_35C_T01_1605_A03_e02,1
20250622_chem_35C_T01_1605,20250622_chem_35C_T01_1605_A04_e02,1
20250622_chem_35C_T01_1605,20250622_chem_35C_T01_1605_A05_e01,1
20250622_chem_35C_T01_1605,20250622_chem_35C_T01_1605_A06_e01,1
20250622_chem_35C_T01_1605,20250622_chem_35C_T01_1605_A07_e01,1
20250622_chem_35C_T01_1605,20250622_chem_35C_T01_1605_A07_e02,1
20250622_chem_35C_T01_1605,20250622_chem_35C_T01_1605_A08_e01,1
20250622_chem_35C_T01_1605,20250622_chem_35C_T01_1605_A10_e01,1
20250622_chem_35C_T01_1605,20250622_chem_35C_T01_1605_A12_e01,1
20250622_chem_35C_T01_1605,20250622_chem_35C_T01_1605_B01_e01,1
20250622_chem_35C_T01_1605,20250622_chem_35C_T01_1605_B02_e01,1
20250622_chem_35C_T01_1605,20250622_chem_35C_T01_1605_B03_e01,1
20250622_chem_35C_T01_1605,20250622_chem_35C_T01_1605_B05_e01,1
20250622_chem_35C_T01_1605,20250622_chem_35C_T01_1605_B06_e01,1
20250622_chem_35C_T01_1605,20250622_chem_35C_T01_1605_B07_e01,1
20250622_chem_35C_T01_1605,20250622_chem_35C_T01_1605_B07_e02,1
20250622_chem_35C_T01_1605,20250622_chem_35C_T01_1605_B08_e01,1
20250622_chem_35C_T01_1605,20250622_chem_35C_T01_1605_B09_e02,1
20250622_chem_35C_T01_1605,20250622_chem_35C_T01_1605_B10_e01,1
20250622_chem_35C_T01_1605,20250622_chem_35C_T01_1605_B12_e01,1
20250622_chem_35C_T01_1605,20250622_chem_35C_T01_1605_C01_e01,1
20250622_chem_35C_T01_1605,20250622_chem_35C_T01_1605_C02_e01,1
20250622_chem_35C_T01_1605,20250622_chem_35C_T01_1605_C03_e01,1
20250622_chem_35C_T01_1605,20250622_chem_35C_T01_1605_C05_e01,1
20250622_chem_35C_T01_1605,20250622_chem_35C_T01_1605_C06_e01,1
20250622_chem_35C_T01_1605,20250622_chem_35C_T01_1605_C07_e01,1
20250622_chem_35C_T01_1605,20250622_chem_35C_T01_1605_C08_e01,1
20250622_chem_35C_T01_1605,20250622_chem_35C_T01_1605_C10_e01,1
20250622_chem_35C_T01_1605,20250622_chem_35C_T01_1605_C12_e01,1
20250622_chem_35C_T01_1605,20250622_chem_35C_T01_1605_D01_e01,1
20250622_chem_35C_T01_1605,20250622_chem_35C_T01_1605_D02_e01,1
20250622_chem_35C_T01_1605,20250622_chem_35C_T01_1605_D03_e01,1
20250622_chem_35C_T01_1605,20250622_chem_35C_T01_1605_D05_e01,1
20250622_chem_35C_T01_1605,20250622_chem_35C_T01_1605_D06_e01,1
20250622_chem_35C_T01_1605,20250622_chem_35C_T01_1605_D07_e01,1
20250622_chem_35C_T01_1605,20250622_chem_35C_T01_1605_D08_e01,1
20250622_chem_35C_T01_1605,20250622_chem_35C_T01_1605_D10_e01,1
20250622_chem_35C_T01_1605,20250622_chem_35C_T01_1605_D12_e01,1
20250622_chem_35C_T01_1605,20250622_chem_35C_T01_1605_E01_e01,1
20250622_chem_35C_T01_1605,20250622_chem_35C_T01_1605_E02_e01,1
20250622_chem_35C_T01_1605,20250622_chem_35C_T01_1605_E03_e01,1
20250622_chem_35C_T01_1605,20250622_chem_35C_T01_1605_E05_e01,1
20250622_chem_35C_T01_1605,20250622_chem_35C_T01_1605_E06_e01,1
20250622_chem_35C_T01_1605,20250622_chem_35C_T01_1605_E06_e02,1
20250622_chem_35C_T01_1605,20250622_chem_35C_T01_1605_E07_e01,1
20250622_chem_35C_T01_1605,20250622_chem_35C_T01_1605_E08_e01,1
20250622_chem_35C_T01_1605,20250622_chem_35C_T01_1605_E10_e01,1
20250622_chem_35C_T01_1605,20250622_chem_35C_T01_1605_E12_e01,1
20250622_chem_35C_T01_1605,20250622_chem_35C_T01_1605_F01_e01,1
20250622_chem_35C_T01_1605,20250622_chem_35C_T01_1605_F02_e01,1
20250622_chem_35C_T01_1605,20250622_chem_35C_T01_1605_F03_e01,1
20250622_chem_35C_T01_1605,20250622_chem_35C_T01_1605_F04_e02,1
20250622_chem_35C_T01_1605,20250622_chem_35C_T01_1605_F05_e01,1
20250622_chem_35C_T01_1605,20250622_chem_35C_T01_1605_F06_e01,1
20250622_chem_35C_T01_1605,20250622_chem_35C_T01_1605_F07_e01,1
20250622_chem_35C_T01_1605,20250622_chem_35C_T01_1605_F08_e01,1
20250622_chem_35C_T01_1605,20250622_chem_35C_T01_1605_F10_e01,1
20250622_chem_35C_T01_1605,20250622_chem_35C_T01_1605_F12_e01,1
20250622_chem_35C_T01_1605,20250622_chem_35C_T01_1605_G01_e01,1
20250622_chem_35C_T01_1605,20250622_chem_35C_T01_1605_G02_e01,1
20250622_chem_35C_T01_1605,20250622_chem_35C_T01_1605_G03_e01,1
20250622_chem_35C_T01_1605,20250622_chem_35C_T01_1605_G05_e01,1
20250622_chem_35C_T01_1605,20250622_chem_35C_T01_1605_G06_e01,1
20250622_chem_35C_T01_1605,20250622_chem_35C_T01_1605_G07_e01,1
20250622_chem_35C_T01_1605,20250622_chem_35C_T01_1605_G07_e02,1
20250622_chem_35C_T01_1605,20250622_chem_35C_T01_1605_G08_e01,1
20250622_chem_35C_T01_1605,20250622_chem_35C_T01_1605_G10_e01,1
20250622_chem_35C_T01_1605,20250622_chem_35C_T01_1605_G12_e01,1
20250622_chem_35C_T01_1605,20250622_chem_35C_T01_1605_H01_e01,1
20250622_chem_35C_T01_1605,20250622_chem_35C_T01_1605_H02_e01,1
20250622_chem_35C_T01_1605,20250622_chem_35C_T01_1605_H03_e01,1
20250622_chem_35C_T01_1605,20250622_chem_35C_T01_1605_H03_e02,1
20250622_chem_35C_T01_1605,20250622_chem_35C_T01_1605_H04_e02,1
20250622_chem_35C_T01_1605,20250622_chem_35C_T01_1605_H05_e01,1
20250622_chem_35C_T01_1605,20250622_chem_35C_T01_1605_H06_e01,1
20250622_chem_35C_T01_1605,20250622_chem_35C_T01_1605_H06_e02,1
20250622_chem_35C_T01_1605,20250622_chem_35C_T01_1605_H07_e01,1
20250622_chem_35C_T01_1605,20250622_chem_35C_T01_1605_H08_e01,1
20250622_chem_35C_T01_1605,20250622_chem_35C_T01_1605_H10_e01,1
20250622_chem_35C_T01_1605,20250622_chem_35C_T01_1605_H11_e01,1
20250622_chem_35C_T01_1605,20250622_chem_35C_T01_1605_H12_e01,1
20250623_chem_28C_T02_1259,20250623_chem_28C_T02_1259_A01_e01,1
20250623_chem_28C_T02_1259,20250623_chem_28C_T02_1259_A02_e01,1
20250623_chem_28C_T02_1259,20250623_chem_28C_T02_1259_A03_e01,1
20250623_chem_28C_T02_1259,20250623_chem_28C_T02_1259_A04_e01,1
20250623_chem_28C_T02_1259,20250623_chem_28C_T02_1259_A05_e01,1
20250623_chem_28C_T02_1259,20250623_chem_28C_T02_1259_A06_e01,1
20250623_chem_28C_T02_1259,20250623_chem_28C_T02_1259_A07_e01,1
20250623_chem_28C_T02_1259,20250623_chem_28C_T02_1259_A08_e01,1
20250623_chem_28C_T02_1259,20250623_chem_28C_T02_1259_A10_e01,1
20250623_chem_28C_T02_1259,20250623_chem_28C_T02_1259_A12_e01,1
20250623_chem_28C_T02_1259,20250623_chem_28C_T02_1259_B01_e01,1
20250623_chem_28C_T02_1259,20250623_chem_28C_T02_1259_B02_e01,1
20250623_chem_28C_T02_1259,20250623_chem_28C_T02_1259_B03_e01,1
20250623_chem_28C_T02_1259,20250623_chem_28C_T02_1259_B04_e01,1
20250623_chem_28C_T02_1259,20250623_chem_28C_T02_1259_B05_e01,1
20250623_chem_28C_T02_1259,20250623_chem_28C_T02_1259_B06_e01,1
20250623_chem_28C_T02_1259,20250623_chem_28C_T02_1259_B07_e01,1
20250623_chem_28C_T02_1259,20250623_chem_28C_T02_1259_B08_e01,1
20250623_chem_28C_T02_1259,20250623_chem_28C_T02_1259_B10_e01,1
20250623_chem_28C_T02_1259,20250623_chem_28C_T02_1259_B10_e02,1
20250623_chem_28C_T02_1259,20250623_chem_28C_T02_1259_B12_e01,1
20250623_chem_28C_T02_1259,20250623_chem_28C_T02_1259_C01_e01,1
20250623_chem_28C_T02_1259,20250623_chem_28C_T02_1259_C02_e01,1
20250623_chem_28C_T02_1259,20250623_chem_28C_T02_1259_C03_e01,1
20250623_chem_28C_T02_1259,20250623_chem_28C_T02_1259_C04_e01,1
20250623_chem_28C_T02_1259,20250623_chem_28C_T02_1259_C05_e01,1
20250623_chem_28C_T02_1259,20250623_chem_28C_T02_1259_C06_e01,1
20250623_chem_28C_T02_1259,20250623_chem_28C_T02_1259_C07_e01,1
20250623_chem_28C_T02_1259,20250623_chem_28C_T02_1259_C08_e01,1
20250623_chem_28C_T02_1259,20250623_chem_28C_T02_1259_C10_e01,1
20250623_chem_28C_T02_1259,20250623_chem_28C_T02_1259_C12_e01,1
20250623_chem_28C_T02_1259,20250623_chem_28C_T02_1259_D01_e01,1
20250623_chem_28C_T02_1259,20250623_chem_28C_T02_1259_D02_e01,1
20250623_chem_28C_T02_1259,20250623_chem_28C_T02_1259_D03_e01,1
20250623_chem_28C_T02_1259,20250623_chem_28C_T02_1259_D04_e01,1
20250623_chem_28C_T02_1259,20250623_chem_28C_T02_1259_D05_e01,1
20250623_chem_28C_T02_1259,20250623_chem_28C_T02_1259_D06_e01,1
20250623_chem_28C_T02_1259,20250623_chem_28C_T02_1259_D07_e01,1
20250623_chem_28C_T02_1259,20250623_chem_28C_T02_1259_D08_e01,1
20250623_chem_28C_T02_1259,20250623_chem_28C_T02_1259_D10_e01,1
20250623_chem_28C_T02_1259,20250623_chem_28C_T02_1259_D12_e01,1
20250623_chem_28C_T02_1259,20250623_chem_28C_T02_1259_E01_e01,1
20250623_chem_28C_T02_1259,20250623_chem_28C_T02_1259_E02_e01,1
20250623_chem_28C_T02_1259,20250623_chem_28C_T02_1259_E03_e01,1
20250623_chem_28C_T02_1259,20250623_chem_28C_T02_1259_E04_e01,1
20250623_chem_28C_T02_1259,20250623_chem_28C_T02_1259_E05_e01,1
20250623_chem_28C_T02_1259,20250623_chem_28C_T02_1259_E06_e01,1
20250623_chem_28C_T02_1259,20250623_chem_28C_T02_1259_E07_e01,1
20250623_chem_28C_T02_1259,20250623_chem_28C_T02_1259_E08_e01,1
20250623_chem_28C_T02_1259,20250623_chem_28C_T02_1259_E10_e01,1
20250623_chem_28C_T02_1259,20250623_chem_28C_T02_1259_E12_e01,1
20250623_chem_28C_T02_1259,20250623_chem_28C_T02_1259_F01_e01,1
20250623_chem_28C_T02_1259,20250623_chem_28C_T02_1259_F02_e01,1
20250623_chem_28C_T02_1259,20250623_chem_28C_T02_1259_F03_e01,1
20250623_chem_28C_T02_1259,20250623_chem_28C_T02_1259_F04_e01,1
20250623_chem_28C_T02_1259,20250623_chem_28C_T02_1259_F04_e02,1
20250623_chem_28C_T02_1259,20250623_chem_28C_T02_1259_F05_e01,1
20250623_chem_28C_T02_1259,20250623_chem_28C_T02_1259_F06_e01,1
20250623_chem_28C_T02_1259,20250623_chem_28C_T02_1259_F07_e01,1
20250623_chem_28C_T02_1259,20250623_chem_28C_T02_1259_F08_e01,1
20250623_chem_28C_T02_1259,20250623_chem_28C_T02_1259_F10_e01,1
20250623_chem_28C_T02_1259,20250623_chem_28C_T02_1259_F11_e02,1
20250623_chem_28C_T02_1259,20250623_chem_28C_T02_1259_F12_e01,1
20250623_chem_28C_T02_1259,20250623_chem_28C_T02_1259_G01_e01,1
20250623_chem_28C_T02_1259,20250623_chem_28C_T02_1259_G02_e01,1
20250623_chem_28C_T02_1259,20250623_chem_28C_T02_1259_G03_e01,1
20250623_chem_28C_T02_1259,20250623_chem_28C_T02_1259_G04_e01,1
20250623_chem_28C_T02_1259,20250623_chem_28C_T02_1259_G04_e02,1
20250623_chem_28C_T02_1259,20250623_chem_28C_T02_1259_G05_e01,1
20250623_chem_28C_T02_1259,20250623_chem_28C_T02_1259_G06_e01,1
20250623_chem_28C_T02_1259,20250623_chem_28C_T02_1259_G07_e01,1
20250623_chem_28C_T02_1259,20250623_chem_28C_T02_1259_G08_e01,1
20250623_chem_28C_T02_1259,20250623_chem_28C_T02_1259_G10_e01,1
20250623_chem_28C_T02_1259,20250623_chem_28C_T02_1259_G12_e01,1
20250623_chem_28C_T02_1259,20250623_chem_28C_T02_1259_H01_e01,1
20250623_chem_28C_T02_1259,20250623_chem_28C_T02_1259_H02_e01,1
20250623_chem_28C_T02_1259,20250623_chem_28C_T02_1259_H03_e01,1
20250623_chem_28C_T02_1259,20250623_chem_28C_T02_1259_H04_e01,1
20250623_chem_28C_T02_1259,20250623_chem_28C_T02_1259_H05_e01,1
20250623_chem_28C_T02_1259,20250623_chem_28C_T02_1259_H05_e02,1
20250623_chem_28C_T02_1259,20250623_chem_28C_T02_1259_H06_e01,1
20250623_chem_28C_T02_1259,20250623_chem_28C_T02_1259_H07_e01,1
20250623_chem_28C_T02_1259,20250623_chem_28C_T02_1259_H08_e01,1
20250623_chem_28C_T02_1259,20250623_chem_28C_T02_1259_H10_e01,1
20250623_chem_28C_T02_1259,20250623_chem_28C_T02_1259_H10_e02,1
20250623_chem_28C_T02_1259,20250623_chem_28C_T02_1259_H12_e01,1
20250623_chem_34C_T02_1231,20250623_chem_34C_T02_1231_A01_e01,1
20250623_chem_34C_T02_1231,20250623_chem_34C_T02_1231_A02_e01,1
20250623_chem_34C_T02_1231,20250623_chem_34C_T02_1231_A03_e01,1
20250623_chem_34C_T02_1231,20250623_chem_34C_T02_1231_A04_e01,1
20250623_chem_34C_T02_1231,20250623_chem_34C_T02_1231_A05_e01,1
20250623_chem_34C_T02_1231,20250623_chem_34C_T02_1231_A06_e01,1
20250623_chem_34C_T02_1231,20250623_chem_34C_T02_1231_A07_e01,1
20250623_chem_34C_T02_1231,20250623_chem_34C_T02_1231_A08_e01,1
20250623_chem_34C_T02_1231,20250623_chem_34C_T02_1231_A10_e01,1
20250623_chem_34C_T02_1231,20250623_chem_34C_T02_1231_A12_e01,1
20250623_chem_34C_T02_1231,20250623_chem_34C_T02_1231_B01_e01,1
20250623_chem_34C_T02_1231,20250623_chem_34C_T02_1231_B02_e01,1
20250623_chem_34C_T02_1231,20250623_chem_34C_T02_1231_B03_e01,1
20250623_chem_34C_T02_1231,20250623_chem_34C_T02_1231_B04_e01,1
20250623_chem_34C_T02_1231,20250623_chem_34C_T02_1231_B05_e01,1
20250623_chem_34C_T02_1231,20250623_chem_34C_T02_1231_B06_e01,1
20250623_chem_34C_T02_1231,20250623_chem_34C_T02_1231_B07_e01,1
20250623_chem_34C_T02_1231,20250623_chem_34C_T02_1231_B08_e01,1
20250623_chem_34C_T02_1231,20250623_chem_34C_T02_1231_B09_e01,1
20250623_chem_34C_T02_1231,20250623_chem_34C_T02_1231_B10_e01,1
20250623_chem_34C_T02_1231,20250623_chem_34C_T02_1231_B12_e01,1
20250623_chem_34C_T02_1231,20250623_chem_34C_T02_1231_C01_e01,1
20250623_chem_34C_T02_1231,20250623_chem_34C_T02_1231_C02_e01,1
20250623_chem_34C_T02_1231,20250623_chem_34C_T02_1231_C02_e02,1
20250623_chem_34C_T02_1231,20250623_chem_34C_T02_1231_C03_e01,1
20250623_chem_34C_T02_1231,20250623_chem_34C_T02_1231_C04_e01,1
20250623_chem_34C_T02_1231,20250623_chem_34C_T02_1231_C05_e01,1
20250623_chem_34C_T02_1231,20250623_chem_34C_T02_1231_C06_e01,1
20250623_chem_34C_T02_1231,20250623_chem_34C_T02_1231_C07_e01,1
20250623_chem_34C_T02_1231,20250623_chem_34C_T02_1231_C08_e01,1
20250623_chem_34C_T02_1231,20250623_chem_34C_T02_1231_C10_e01,1
20250623_chem_34C_T02_1231,20250623_chem_34C_T02_1231_C12_e01,1
20250623_chem_34C_T02_1231,20250623_chem_34C_T02_1231_D01_e01,1
20250623_chem_34C_T02_1231,20250623_chem_34C_T02_1231_D02_e01,1
20250623_chem_34C_T02_1231,20250623_chem_34C_T02_1231_D03_e01,1
20250623_chem_34C_T02_1231,20250623_chem_34C_T02_1231_D04_e01,1
20250623_chem_34C_T02_1231,20250623_chem_34C_T02_1231_D05_e01,1
20250623_chem_34C_T02_1231,20250623_chem_34C_T02_1231_D06_e01,1
20250623_chem_34C_T02_1231,20250623_chem_34C_T02_1231_D07_e01,1
20250623_chem_34C_T02_1231,20250623_chem_34C_T02_1231_D08_e01,1
20250623_chem_34C_T02_1231,20250623_chem_34C_T02_1231_D09_e02,1
20250623_chem_34C_T02_1231,20250623_chem_34C_T02_1231_D10_e01,1
20250623_chem_34C_T02_1231,20250623_chem_34C_T02_1231_D12_e01,1
20250623_chem_34C_T02_1231,20250623_chem_34C_T02_1231_E01_e01,1
20250623_chem_34C_T02_1231,20250623_chem_34C_T02_1231_E02_e01,1
20250623_chem_34C_T02_1231,20250623_chem_34C_T02_1231_E03_e01,1
20250623_chem_34C_T02_1231,20250623_chem_34C_T02_1231_E04_e01,1
20250623_chem_34C_T02_1231,20250623_chem_34C_T02_1231_E05_e01,1
20250623_chem_34C_T02_1231,20250623_chem_34C_T02_1231_E06_e01,1
20250623_chem_34C_T02_1231,20250623_chem_34C_T02_1231_E06_e02,1
20250623_chem_34C_T02_1231,20250623_chem_34C_T02_1231_E07_e01,1
20250623_chem_34C_T02_1231,20250623_chem_34C_T02_1231_E08_e01,1
20250623_chem_34C_T02_1231,20250623_chem_34C_T02_1231_E10_e01,1
20250623_chem_34C_T02_1231,20250623_chem_34C_T02_1231_E12_e01,1
20250623_chem_34C_T02_1231,20250623_chem_34C_T02_1231_F01_e01,1
20250623_chem_34C_T02_1231,20250623_chem_34C_T02_1231_F02_e01,1
20250623_chem_34C_T02_1231,20250623_chem_34C_T02_1231_F03_e01,1
20250623_chem_34C_T02_1231,20250623_chem_34C_T02_1231_F05_e01,1
20250623_chem_34C_T02_1231,20250623_chem_34C_T02_1231_F06_e01,1
20250623_chem_34C_T02_1231,20250623_chem_34C_T02_1231_F07_e01,1
20250623_chem_34C_T02_1231,20250623_chem_34C_T02_1231_F08_e01,1
20250623_chem_34C_T02_1231,20250623_chem_34C_T02_1231_F10_e01,1
20250623_chem_34C_T02_1231,20250623_chem_34C_T02_1231_F12_e01,1
20250623_chem_34C_T02_1231,20250623_chem_34C_T02_1231_G01_e01,1
20250623_chem_34C_T02_1231,20250623_chem_34C_T02_1231_G02_e01,1
20250623_chem_34C_T02_1231,20250623_chem_34C_T02_1231_G03_e01,1
20250623_chem_34C_T02_1231,20250623_chem_34C_T02_1231_G05_e01,1
20250623_chem_34C_T02_1231,20250623_chem_34C_T02_1231_G06_e01,1
20250623_chem_34C_T02_1231,20250623_chem_34C_T02_1231_G06_e02,1
20250623_chem_34C_T02_1231,20250623_chem_34C_T02_1231_G07_e01,1
20250623_chem_34C_T02_1231,20250623_chem_34C_T02_1231_G08_e01,1
20250623_chem_34C_T02_1231,20250623_chem_34C_T02_1231_G10_e01,1
20250623_chem_34C_T02_1231,20250623_chem_34C_T02_1231_G10_e02,1
20250623_chem_34C_T02_1231,20250623_chem_34C_T02_1231_G12_e01,1
20250623_chem_34C_T02_1231,20250623_chem_34C_T02_1231_H01_e02,1
20250623_chem_34C_T02_1231,20250623_chem_34C_T02_1231_H02_e01,1
20250623_chem_34C_T02_1231,20250623_chem_34C_T02_1231_H03_e01,1
20250623_chem_34C_T02_1231,20250623_chem_34C_T02_1231_H05_e01,1
20250623_chem_34C_T02_1231,20250623_chem_34C_T02_1231_H06_e01,1
20250623_chem_34C_T02_1231,20250623_chem_34C_T02_1231_H07_e01,1
20250623_chem_34C_T02_1231,20250623_chem_34C_T02_1231_H08_e01,1
20250623_chem_34C_T02_1231,20250623_chem_34C_T02_1231_H10_e01,1
20250623_chem_34C_T02_1231,20250623_chem_34C_T02_1231_H12_e01,1
20250624_chem02_28C_T00_1356,20250624_chem02_28C_T00_1356_A01_e01,1
20250624_chem02_28C_T00_1356,20250624_chem02_28C_T00_1356_A01_e02,1
20250624_chem02_28C_T00_1356,20250624_chem02_28C_T00_1356_A02_e01,1
20250624_chem02_28C_T00_1356,20250624_chem02_28C_T00_1356_A03_e01,1
20250624_chem02_28C_T00_1356,20250624_chem02_28C_T00_1356_A04_e01,1
20250624_chem02_28C_T00_1356,20250624_chem02_28C_T00_1356_A05_e01,1
20250624_chem02_28C_T00_1356,20250624_chem02_28C_T00_1356_A06_e01,1
20250624_chem02_28C_T00_1356,20250624_chem02_28C_T00_1356_A07_e01,1
20250624_chem02_28C_T00_1356,20250624_chem02_28C_T00_1356_A08_e01,1
20250624_chem02_28C_T00_1356,20250624_chem02_28C_T00_1356_A09_e02,1
20250624_chem02_28C_T00_1356,20250624_chem02_28C_T00_1356_A10_e01,1
20250624_chem02_28C_T00_1356,20250624_chem02_28C_T00_1356_A11_e01,1
20250624_chem02_28C_T00_1356,20250624_chem02_28C_T00_1356_A12_e01,1
20250624_chem02_28C_T00_1356,20250624_chem02_28C_T00_1356_B01_e01,1
20250624_chem02_28C_T00_1356,20250624_chem02_28C_T00_1356_B02_e01,1
20250624_chem02_28C_T00_1356,20250624_chem02_28C_T00_1356_B03_e01,1
20250624_chem02_28C_T00_1356,20250624_chem02_28C_T00_1356_B04_e01,1
20250624_chem02_28C_T00_1356,20250624_chem02_28C_T00_1356_B05_e01,1
20250624_chem02_28C_T00_1356,20250624_chem02_28C_T00_1356_B06_e01,1
20250624_chem02_28C_T00_1356,20250624_chem02_28C_T00_1356_B07_e01,1
20250624_chem02_28C_T00_1356,20250624_chem02_28C_T00_1356_B08_e01,1
20250624_chem02_28C_T00_1356,20250624_chem02_28C_T00_1356_B08_e02,1
20250624_chem02_28C_T00_1356,20250624_chem02_28C_T00_1356_B10_e01,1
20250624_chem02_28C_T00_1356,20250624_chem02_28C_T00_1356_B10_e02,1
20250624_chem02_28C_T00_1356,20250624_chem02_28C_T00_1356_B10_e03,1
20250624_chem02_28C_T00_1356,20250624_chem02_28C_T00_1356_B11_e01,1
20250624_chem02_28C_T00_1356,20250624_chem02_28C_T00_1356_B12_e01,1
20250624_chem02_28C_T00_1356,20250624_chem02_28C_T00_1356_B12_e02,1
20250624_chem02_28C_T00_1356,20250624_chem02_28C_T00_1356_C01_e01,1
20250624_chem02_28C_T00_1356,20250624_chem02_28C_T00_1356_C02_e01,1
20250624_chem02_28C_T00_1356,20250624_chem02_28C_T00_1356_C03_e01,1
20250624_chem02_28C_T00_1356,20250624_chem02_28C_T00_1356_C04_e01,1
20250624_chem02_28C_T00_1356,20250624_chem02_28C_T00_1356_C05_e01,1
20250624_chem02_28C_T00_1356,20250624_chem02_28C_T00_1356_C06_e01,1
20250624_chem02_28C_T00_1356,20250624_chem02_28C_T00_1356_C07_e01,1
20250624_chem02_28C_T00_1356,20250624_chem02_28C_T00_1356_C08_e01,1
20250624_chem02_28C_T00_1356,20250624_chem02_28C_T00_1356_C10_e01,1
20250624_chem02_28C_T00_1356,20250624_chem02_28C_T00_1356_C11_e01,1
20250624_chem02_28C_T00_1356,20250624_chem02_28C_T00_1356_C12_e01,1
20250624_chem02_28C_T00_1356,20250624_chem02_28C_T00_1356_D01_e01,1
20250624_chem02_28C_T00_1356,20250624_chem02_28C_T00_1356_D02_e01,1
20250624_chem02_28C_T00_1356,20250624_chem02_28C_T00_1356_D03_e02,1
20250624_chem02_28C_T00_1356,20250624_chem02_28C_T00_1356_D04_e01,1
20250624_chem02_28C_T00_1356,20250624_chem02_28C_T00_1356_D05_e01,1
20250624_chem02_28C_T00_1356,20250624_chem02_28C_T00_1356_D06_e01,1
20250624_chem02_28C_T00_1356,20250624_chem02_28C_T00_1356_D07_e01,1
20250624_chem02_28C_T00_1356,20250624_chem02_28C_T00_1356_D07_e02,1
20250624_chem02_28C_T00_1356,20250624_chem02_28C_T00_1356_D08_e01,1
20250624_chem02_28C_T00_1356,20250624_chem02_28C_T00_1356_D10_e01,1
20250624_chem02_28C_T00_1356,20250624_chem02_28C_T00_1356_D11_e01,1
20250624_chem02_28C_T00_1356,20250624_chem02_28C_T00_1356_D12_e01,1
20250624_chem02_28C_T00_1356,20250624_chem02_28C_T00_1356_E01_e01,1
20250624_chem02_28C_T00_1356,20250624_chem02_28C_T00_1356_E01_e02,1
20250624_chem02_28C_T00_1356,20250624_chem02_28C_T00_1356_E01_e03,1
20250624_chem02_28C_T00_1356,20250624_chem02_28C_T00_1356_E02_e01,1
20250624_chem02_28C_T00_1356,20250624_chem02_28C_T00_1356_E02_e02,1
20250624_chem02_28C_T00_1356,20250624_chem02_28C_T00_1356_E04_e01,1
20250624_chem02_28C_T00_1356,20250624_chem02_28C_T00_1356_E05_e01,1
20250624_chem02_28C_T00_1356,20250624_chem02_28C_T00_1356_E06_e01,1
20250624_chem02_28C_T00_1356,20250624_chem02_28C_T00_1356_E07_e01,1
20250624_chem02_28C_T00_1356,20250624_chem02_28C_T00_1356_E08_e01,1
20250624_chem02_28C_T00_1356,20250624_chem02_28C_T00_1356_E08_e02,1
20250624_chem02_28C_T00_1356,20250624_chem02_28C_T00_1356_E10_e01,1
20250624_chem02_28C_T00_1356,20250624_chem02_28C_T00_1356_E10_e02,1
20250624_chem02_28C_T00_1356,20250624_chem02_28C_T00_1356_E10_e03,1
20250624_chem02_28C_T00_1356,20250624_chem02_28C_T00_1356_E11_e01,1
20250624_chem02_28C_T00_1356,20250624_chem02_28C_T00_1356_E11_e02,1
20250624_chem02_28C_T00_1356,20250624_chem02_28C_T00_1356_E12_e01,1
20250624_chem02_28C_T00_1356,20250624_chem02_28C_T00_1356_F01_e01,1
20250624_chem02_28C_T00_1356,20250624_chem02_28C_T00_1356_F02_e01,1
20250624_chem02_28C_T00_1356,20250624_chem02_28C_T00_1356_F02_e02,1
20250624_chem02_28C_T00_1356,20250624_chem02_28C_T00_1356_F04_e01,1
20250624_chem02_28C_T00_1356,20250624_chem02_28C_T00_1356_F05_e01,1
20250624_chem02_28C_T00_1356,20250624_chem02_28C_T00_1356_F06_e01,1
20250624_chem02_28C_T00_1356,20250624_chem02_28C_T00_1356_F06_e02,1
20250624_chem02_28C_T00_1356,20250624_chem02_28C_T00_1356_F07_e01,1
20250624_chem02_28C_T00_1356,20250624_chem02_28C_T00_1356_F07_e02,1
20250624_chem02_28C_T00_1356,20250624_chem02_28C_T00_1356_F08_e01,1
20250624_chem02_28C_T00_1356,20250624_chem02_28C_T00_1356_F10_e01,1
20250624_chem02_28C_T00_1356,20250624_chem02_28C_T00_1356_F11_e01,1
20250624_chem02_28C_T00_1356,20250624_chem02_28C_T00_1356_F11_e02,1
20250624_chem02_28C_T00_1356,20250624_chem02_28C_T00_1356_F12_e01,1
20250624_chem02_28C_T00_1356,20250624_chem02_28C_T00_1356_G01_e01,1
20250624_chem02_28C_T00_1356,20250624_chem02_28C_T00_1356_G02_e01,1
20250624_chem02_28C_T00_1356,20250624_chem02_28C_T00_1356_G02_e02,1
20250624_chem02_28C_T00_1356,20250624_chem02_28C_T00_1356_G04_e01,1
20250624_chem02_28C_T00_1356,20250624_chem02_28C_T00_1356_G05_e01,1
20250624_chem02_28C_T00_1356,20250624_chem02_28C_T00_1356_G07_e01,1
20250624_chem02_28C_T00_1356,20250624_chem02_28C_T00_1356_G08_e01,1
20250624_chem02_28C_T00_1356,20250624_chem02_28C_T00_1356_G10_e01,1
20250624_chem02_28C_T00_1356,20250624_chem02_28C_T00_1356_G11_e01,1
20250624_chem02_28C_T00_1356,20250624_chem02_28C_T00_1356_G12_e01,1
20250624_chem02_28C_T00_1356,20250624_chem02_28C_T00_1356_G12_e02,1
20250624_chem02_28C_T00_1356,20250624_chem02_28C_T00_1356_H01_e01,1
20250624_chem02_28C_T00_1356,20250624_chem02_28C_T00_1356_H02_e01,1
20250624_chem02_28C_T00_1356,20250624_chem02_28C_T00_1356_H04_e01,1
20250624_chem02_28C_T00_1356,20250624_chem02_28C_T00_1356_H04_e02,1
20250624_chem02_28C_T00_1356,20250624_chem02_28C_T00_1356_H05_e01,1
20250624_chem02_28C_T00_1356,20250624_chem02_28C_T00_1356_H06_e01,1
20250624_chem02_28C_T00_1356,20250624_chem02_28C_T00_1356_H07_e01,1
20250624_chem02_28C_T00_1356,20250624_chem02_28C_T00_1356_H08_e01,1
20250624_chem02_28C_T00_1356,20250624_chem02_28C_T00_1356_H10_e01,1
20250624_chem02_28C_T00_1356,20250624_chem02_28C_T00_1356_H11_e01,1
20250624_chem02_28C_T00_1356,20250624_chem02_28C_T00_1356_H12_e01,1
20250624_chem02_28C_T01_1808,20250624_chem02_28C_T01_1808_A01_e01,1
20250624_chem02_28C_T01_1808,20250624_chem02_28C_T01_1808_A02_e01,1
20250624_chem02_28C_T01_1808,20250624_chem02_28C_T01_1808_A03_e01,1
20250624_chem02_28C_T01_1808,20250624_chem02_28C_T01_1808_A04_e01,1
20250624_chem02_28C_T01_1808,20250624_chem02_28C_T01_1808_A05_e01,1
20250624_chem02_28C_T01_1808,20250624_chem02_28C_T01_1808_A06_e01,1
20250624_chem02_28C_T01_1808,20250624_chem02_28C_T01_1808_A07_e01,1
20250624_chem02_28C_T01_1808,20250624_chem02_28C_T01_1808_A08_e01,1
20250624_chem02_28C_T01_1808,20250624_chem02_28C_T01_1808_A10_e01,1
20250624_chem02_28C_T01_1808,20250624_chem02_28C_T01_1808_A11_e01,1
20250624_chem02_28C_T01_1808,20250624_chem02_28C_T01_1808_A12_e01,1
20250624_chem02_28C_T01_1808,20250624_chem02_28C_T01_1808_B01_e01,1
20250624_chem02_28C_T01_1808,20250624_chem02_28C_T01_1808_B02_e01,1
20250624_chem02_28C_T01_1808,20250624_chem02_28C_T01_1808_B03_e01,1
20250624_chem02_28C_T01_1808,20250624_chem02_28C_T01_1808_B04_e01,1
20250624_chem02_28C_T01_1808,20250624_chem02_28C_T01_1808_B05_e01,1
20250624_chem02_28C_T01_1808,20250624_chem02_28C_T01_1808_B06_e01,1
20250624_chem02_28C_T01_1808,20250624_chem02_28C_T01_1808_B07_e01,1
20250624_chem02_28C_T01_1808,20250624_chem02_28C_T01_1808_B08_e01,1
20250624_chem02_28C_T01_1808,20250624_chem02_28C_T01_1808_B08_e02,1
20250624_chem02_28C_T01_1808,20250624_chem02_28C_T01_1808_B10_e01,1
20250624_chem02_28C_T01_1808,20250624_chem02_28C_T01_1808_B11_e01,1
20250624_chem02_28C_T01_1808,20250624_chem02_28C_T01_1808_B11_e02,1
20250624_chem02_28C_T01_1808,20250624_chem02_28C_T01_1808_B11_e03,1
20250624_chem02_28C_T01_1808,20250624_chem02_28C_T01_1808_B12_e01,1
20250624_chem02_28C_T01_1808,20250624_chem02_28C_T01_1808_B12_e02,1
20250624_chem02_28C_T01_1808,20250624_chem02_28C_T01_1808_C01_e01,1
20250624_chem02_28C_T01_1808,20250624_chem02_28C_T01_1808_C02_e01,1
20250624_chem02_28C_T01_1808,20250624_chem02_28C_T01_1808_C03_e01,1
20250624_chem02_28C_T01_1808,20250624_chem02_28C_T01_1808_C04_e01,1
20250624_chem02_28C_T01_1808,20250624_chem02_28C_T01_1808_C05_e01,1
20250624_chem02_28C_T01_1808,20250624_chem02_28C_T01_1808_C06_e01,1
20250624_chem02_28C_T01_1808,20250624_chem02_28C_T01_1808_C07_e01,1
20250624_chem02_28C_T01_1808,20250624_chem02_28C_T01_1808_C08_e01,1
20250624_chem02_28C_T01_1808,20250624_chem02_28C_T01_1808_C10_e01,1
20250624_chem02_28C_T01_1808,20250624_chem02_28C_T01_1808_C11_e01,1
20250624_chem02_28C_T01_1808,20250624_chem02_28C_T01_1808_C12_e01,1
20250624_chem02_28C_T01_1808,20250624_chem02_28C_T01_1808_D01_e01,1
20250624_chem02_28C_T01_1808,20250624_chem02_28C_T01_1808_D02_e01,1
20250624_chem02_28C_T01_1808,20250624_chem02_28C_T01_1808_D04_e01,1
20250624_chem02_28C_T01_1808,20250624_chem02_28C_T01_1808_D05_e01,1
20250624_chem02_28C_T01_1808,20250624_chem02_28C_T01_1808_D06_e01,1
20250624_chem02_28C_T01_1808,20250624_chem02_28C_T01_1808_D07_e01,1
20250624_chem02_28C_T01_1808,20250624_chem02_28C_T01_1808_D08_e01,1
20250624_chem02_28C_T01_1808,20250624_chem02_28C_T01_1808_D10_e01,1
20250624_chem02_28C_T01_1808,20250624_chem02_28C_T01_1808_D11_e01,1
20250624_chem02_28C_T01_1808,20250624_chem02_28C_T01_1808_D12_e01,1
20250624_chem02_28C_T01_1808,20250624_chem02_28C_T01_1808_E01_e01,1
20250624_chem02_28C_T01_1808,20250624_chem02_28C_T01_1808_E01_e02,1
20250624_chem02_28C_T01_1808,20250624_chem02_28C_T01_1808_E02_e01,1
20250624_chem02_28C_T01_1808,20250624_chem02_28C_T01_1808_E02_e02,1
20250624_chem02_28C_T01_1808,20250624_chem02_28C_T01_1808_E04_e01,1
20250624_chem02_28C_T01_1808,20250624_chem02_28C_T01_1808_E05_e01,1
20250624_chem02_28C_T01_1808,20250624_chem02_28C_T01_1808_E06_e01,1
20250624_chem02_28C_T01_1808,20250624_chem02_28C_T01_1808_E07_e01,1
20250624_chem02_28C_T01_1808,20250624_chem02_28C_T01_1808_E08_e01,1
20250624_chem02_28C_T01_1808,20250624_chem02_28C_T01_1808_E08_e02,1
20250624_chem02_28C_T01_1808,20250624_chem02_28C_T01_1808_E10_e01,1
20250624_chem02_28C_T01_1808,20250624_chem02_28C_T01_1808_E10_e02,1
20250624_chem02_28C_T01_1808,20250624_chem02_28C_T01_1808_E10_e03,1
20250624_chem02_28C_T01_1808,20250624_chem02_28C_T01_1808_E11_e01,1
20250624_chem02_28C_T01_1808,20250624_chem02_28C_T01_1808_E12_e01,1
20250624_chem02_28C_T01_1808,20250624_chem02_28C_T01_1808_F01_e01,1
20250624_chem02_28C_T01_1808,20250624_chem02_28C_T01_1808_F02_e01,1
20250624_chem02_28C_T01_1808,20250624_chem02_28C_T01_1808_F04_e01,1
20250624_chem02_28C_T01_1808,20250624_chem02_28C_T01_1808_F05_e01,1
20250624_chem02_28C_T01_1808,20250624_chem02_28C_T01_1808_F06_e01,1
20250624_chem02_28C_T01_1808,20250624_chem02_28C_T01_1808_F07_e01,1
20250624_chem02_28C_T01_1808,20250624_chem02_28C_T01_1808_F07_e02,1
20250624_chem02_28C_T01_1808,20250624_chem02_28C_T01_1808_F08_e01,1
20250624_chem02_28C_T01_1808,20250624_chem02_28C_T01_1808_F10_e01,1
20250624_chem02_28C_T01_1808,20250624_chem02_28C_T01_1808_F10_e02,1
20250624_chem02_28C_T01_1808,20250624_chem02_28C_T01_1808_F11_e01,1
20250624_chem02_28C_T01_1808,20250624_chem02_28C_T01_1808_F11_e02,1
20250624_chem02_28C_T01_1808,20250624_chem02_28C_T01_1808_F12_e01,1
20250624_chem02_28C_T01_1808,20250624_chem02_28C_T01_1808_G01_e01,1
20250624_chem02_28C_T01_1808,20250624_chem02_28C_T01_1808_G02_e01,1
20250624_chem02_28C_T01_1808,20250624_chem02_28C_T01_1808_G04_e01,1
20250624_chem02_28C_T01_1808,20250624_chem02_28C_T01_1808_G04_e02,1
20250624_chem02_28C_T01_1808,20250624_chem02_28C_T01_1808_G05_e01,1
20250624_chem02_28C_T01_1808,20250624_chem02_28C_T01_1808_G07_e01,1
20250624_chem02_28C_T01_1808,20250624_chem02_28C_T01_1808_G08_e01,1
20250624_chem02_28C_T01_1808,20250624_chem02_28C_T01_1808_G10_e01,1
20250624_chem02_28C_T01_1808,20250624_chem02_28C_T01_1808_G11_e01,1
20250624_chem02_28C_T01_1808,20250624_chem02_28C_T01_1808_G12_e01,1
20250624_chem02_28C_T01_1808,20250624_chem02_28C_T01_1808_G12_e02,1
20250624_chem02_28C_T01_1808,20250624_chem02_28C_T01_1808_H01_e01,1
20250624_chem02_28C_T01_1808,20250624_chem02_28C_T01_1808_H02_e01,1
20250624_chem02_28C_T01_1808,20250624_chem02_28C_T01_1808_H04_e01,1
20250624_chem02_28C_T01_1808,20250624_chem02_28C_T01_1808_H04_e02,1
20250624_chem02_28C_T01_1808,20250624_chem02_28C_T01_1808_H05_e01,1
20250624_chem02_28C_T01_1808,20250624_chem02_28C_T01_1808_H06_e01,1
20250624_chem02_28C_T01_1808,20250624_chem02_28C_T01_1808_H07_e01,1
20250624_chem02_28C_T01_1808,20250624_chem02_28C_T01_1808_H08_e01,1
20250624_chem02_28C_T01_1808,20250624_chem02_28C_T01_1808_H10_e01,1
20250624_chem02_28C_T01_1808,20250624_chem02_28C_T01_1808_H11_e01,1
20250624_chem02_28C_T01_1808,20250624_chem02_28C_T01_1808_H12_e01,1
20250624_chem02_34C_T00_1243,20250624_chem02_34C_T00_1243_A01_e01,1
20250624_chem02_34C_T00_1243,20250624_chem02_34C_T00_1243_A02_e01,1
20250624_chem02_34C_T00_1243,20250624_chem02_34C_T00_1243_A03_e01,1
20250624_chem02_34C_T00_1243,20250624_chem02_34C_T00_1243_A03_e02,1
20250624_chem02_34C_T00_1243,20250624_chem02_34C_T00_1243_A03_e03,1
20250624_chem02_34C_T00_1243,20250624_chem02_34C_T00_1243_A04_e01,1
20250624_chem02_34C_T00_1243,20250624_chem02_34C_T00_1243_A05_e01,1
20250624_chem02_34C_T00_1243,20250624_chem02_34C_T00_1243_A06_e01,1
20250624_chem02_34C_T00_1243,20250624_chem02_34C_T00_1243_A07_e01,1
20250624_chem02_34C_T00_1243,20250624_chem02_34C_T00_1243_A08_e01,1
20250624_chem02_34C_T00_1243,20250624_chem02_34C_T00_1243_A10_e01,1
20250624_chem02_34C_T00_1243,20250624_chem02_34C_T00_1243_A11_e01,1
20250624_chem02_34C_T00_1243,20250624_chem02_34C_T00_1243_A12_e01,1
20250624_chem02_34C_T00_1243,20250624_chem02_34C_T00_1243_B01_e01,1
20250624_chem02_34C_T00_1243,20250624_chem02_34C_T00_1243_B02_e01,1
20250624_chem02_34C_T00_1243,20250624_chem02_34C_T00_1243_B03_e01,1
20250624_chem02_34C_T00_1243,20250624_chem02_34C_T00_1243_B04_e01,1
20250624_chem02_34C_T00_1243,20250624_chem02_34C_T00_1243_B05_e01,1
20250624_chem02_34C_T00_1243,20250624_chem02_34C_T00_1243_B07_e01,1
20250624_chem02_34C_T00_1243,20250624_chem02_34C_T00_1243_B08_e01,1
20250624_chem02_34C_T00_1243,20250624_chem02_34C_T00_1243_B10_e01,1
20250624_chem02_34C_T00_1243,20250624_chem02_34C_T00_1243_B11_e01,1
20250624_chem02_34C_T00_1243,20250624_chem02_34C_T00_1243_B12_e01,1
20250624_chem02_34C_T00_1243,20250624_chem02_34C_T00_1243_C01_e01,1
20250624_chem02_34C_T00_1243,20250624_chem02_34C_T00_1243_C02_e01,1
20250624_chem02_34C_T00_1243,20250624_chem02_34C_T00_1243_C03_e01,1
20250624_chem02_34C_T00_1243,20250624_chem02_34C_T00_1243_C04_e01,1
20250624_chem02_34C_T00_1243,20250624_chem02_34C_T00_1243_C04_e02,1
20250624_chem02_34C_T00_1243,20250624_chem02_34C_T00_1243_C05_e01,1
20250624_chem02_34C_T00_1243,20250624_chem02_34C_T00_1243_C07_e01,1
20250624_chem02_34C_T00_1243,20250624_chem02_34C_T00_1243_C08_e01,1
20250624_chem02_34C_T00_1243,20250624_chem02_34C_T00_1243_C10_e01,1
20250624_chem02_34C_T00_1243,20250624_chem02_34C_T00_1243_C11_e01,1
20250624_chem02_34C_T00_1243,20250624_chem02_34C_T00_1243_C12_e01,1
20250624_chem02_34C_T00_1243,20250624_chem02_34C_T00_1243_D01_e01,1
20250624_chem02_34C_T00_1243,20250624_chem02_34C_T00_1243_D01_e02,1
20250624_chem02_34C_T00_1243,20250624_chem02_34C_T00_1243_D02_e01,1
20250624_chem02_34C_T00_1243,20250624_chem02_34C_T00_1243_D05_e01,1
20250624_chem02_34C_T00_1243,20250624_chem02_34C_T00_1243_D07_e01,1
20250624_chem02_34C_T00_1243,20250624_chem02_34C_T00_1243_D08_e01,1
20250624_chem02_34C_T00_1243,20250624_chem02_34C_T00_1243_D10_e01,1
20250624_chem02_34C_T00_1243,20250624_chem02_34C_T00_1243_D11_e01,1
20250624_chem02_34C_T00_1243,20250624_chem02_34C_T00_1243_D12_e01,1
20250624_chem02_34C_T00_1243,20250624_chem02_34C_T00_1243_E01_e01,1
20250624_chem02_34C_T00_1243,20250624_chem02_34C_T00_1243_E01_e02,1
20250624_chem02_34C_T00_1243,20250624_chem02_34C_T00_1243_E02_e01,1
20250624_chem02_34C_T00_1243,20250624_chem02_34C_T00_1243_E05_e01,1
20250624_chem02_34C_T00_1243,20250624_chem02_34C_T00_1243_E07_e01,1
20250624_chem02_34C_T00_1243,20250624_chem02_34C_T00_1243_E08_e01,1
20250624_chem02_34C_T00_1243,20250624_chem02_34C_T00_1243_E10_e01,1
20250624_chem02_34C_T00_1243,20250624_chem02_34C_T00_1243_E11_e01,1
20250624_chem02_34C_T00_1243,20250624_chem02_34C_T00_1243_E12_e01,1
20250624_chem02_34C_T00_1243,20250624_chem02_34C_T00_1243_F01_e01,1
20250624_chem02_34C_T00_1243,20250624_chem02_34C_T00_1243_F02_e01,1
20250624_chem02_34C_T00_1243,20250624_chem02_34C_T00_1243_F06_e01,1
20250624_chem02_34C_T00_1243,20250624_chem02_34C_T00_1243_F07_e01,1
20250624_chem02_34C_T00_1243,20250624_chem02_34C_T00_1243_F08_e01,1
20250624_chem02_34C_T00_1243,20250624_chem02_34C_T00_1243_F10_e01,1
20250624_chem02_34C_T00_1243,20250624_chem02_34C_T00_1243_F11_e01,1
20250624_chem02_34C_T00_1243,20250624_chem02_34C_T00_1243_F12_e01,1
20250624_chem02_34C_T00_1243,20250624_chem02_34C_T00_1243_G01_e01,1
20250624_chem02_34C_T00_1243,20250624_chem02_34C_T00_1243_G02_e01,1
20250624_chem02_34C_T00_1243,20250624_chem02_34C_T00_1243_G05_e01,1
20250624_chem02_34C_T00_1243,20250624_chem02_34C_T00_1243_G06_e01,1
20250624_chem02_34C_T00_1243,20250624_chem02_34C_T00_1243_G07_e01,1
20250624_chem02_34C_T00_1243,20250624_chem02_34C_T00_1243_G08_e01,1
20250624_chem02_34C_T00_1243,20250624_chem02_34C_T00_1243_G10_e01,1
20250624_chem02_34C_T00_1243,20250624_chem02_34C_T00_1243_G11_e01,1
20250624_chem02_34C_T00_1243,20250624_chem02_34C_T00_1243_G12_e01,1
20250624_chem02_34C_T00_1243,20250624_chem02_34C_T00_1243_H01_e01,1
20250624_chem02_34C_T00_1243,20250624_chem02_34C_T00_1243_H02_e01,1
20250624_chem02_34C_T00_1243,20250624_chem02_34C_T00_1243_H05_e01,1
20250624_chem02_34C_T00_1243,20250624_chem02_34C_T00_1243_H07_e01,1
20250624_chem02_34C_T00_1243,20250624_chem02_34C_T00_1243_H08_e01,1
20250624_chem02_34C_T00_1243,20250624_chem02_34C_T00_1243_H09_e02,1
20250624_chem02_34C_T00_1243,20250624_chem02_34C_T00_1243_H10_e01,1
20250624_chem02_34C_T00_1243,20250624_chem02_34C_T00_1243_H11_e01,1
20250624_chem02_34C_T00_1243,20250624_chem02_34C_T00_1243_H12_e01,1
20250624_chem02_34C_T01_1739,20250624_chem02_34C_T01_1739_A01_e01,1
20250624_chem02_34C_T01_1739,20250624_chem02_34C_T01_1739_A02_e01,1
20250624_chem02_34C_T01_1739,20250624_chem02_34C_T01_1739_A03_e01,1
20250624_chem02_34C_T01_1739,20250624_chem02_34C_T01_1739_A04_e01,1
20250624_chem02_34C_T01_1739,20250624_chem02_34C_T01_1739_A05_e01,1
20250624_chem02_34C_T01_1739,20250624_chem02_34C_T01_1739_A06_e02,1
20250624_chem02_34C_T01_1739,20250624_chem02_34C_T01_1739_A07_e01,1
20250624_chem02_34C_T01_1739,20250624_chem02_34C_T01_1739_A08_e01,1
20250624_chem02_34C_T01_1739,20250624_chem02_34C_T01_1739_A10_e01,1
20250624_chem02_34C_T01_1739,20250624_chem02_34C_T01_1739_A11_e01,1
20250624_chem02_34C_T01_1739,20250624_chem02_34C_T01_1739_A12_e01,1
20250624_chem02_34C_T01_1739,20250624_chem02_34C_T01_1739_B01_e01,1
20250624_chem02_34C_T01_1739,20250624_chem02_34C_T01_1739_B02_e01,1
20250624_chem02_34C_T01_1739,20250624_chem02_34C_T01_1739_B03_e01,1
20250624_chem02_34C_T01_1739,20250624_chem02_34C_T01_1739_B04_e01,1
20250624_chem02_34C_T01_1739,20250624_chem02_34C_T01_1739_B05_e01,1
20250624_chem02_34C_T01_1739,20250624_chem02_34C_T01_1739_B07_e01,1
20250624_chem02_34C_T01_1739,20250624_chem02_34C_T01_1739_B08_e01,1
20250624_chem02_34C_T01_1739,20250624_chem02_34C_T01_1739_B10_e01,1
20250624_chem02_34C_T01_1739,20250624_chem02_34C_T01_1739_B11_e01,1
20250624_chem02_34C_T01_1739,20250624_chem02_34C_T01_1739_B12_e01,1
20250624_chem02_34C_T01_1739,20250624_chem02_34C_T01_1739_C01_e01,1
20250624_chem02_34C_T01_1739,20250624_chem02_34C_T01_1739_C02_e01,1
20250624_chem02_34C_T01_1739,20250624_chem02_34C_T01_1739_C03_e01,1
20250624_chem02_34C_T01_1739,20250624_chem02_34C_T01_1739_C04_e01,1
20250624_chem02_34C_T01_1739,20250624_chem02_34C_T01_1739_C05_e01,1
20250624_chem02_34C_T01_1739,20250624_chem02_34C_T01_1739_C05_e02,1
20250624_chem02_34C_T01_1739,20250624_chem02_34C_T01_1739_C07_e01,1
20250624_chem02_34C_T01_1739,20250624_chem02_34C_T01_1739_C08_e01,1
20250624_chem02_34C_T01_1739,20250624_chem02_34C_T01_1739_C09_e02,1
20250624_chem02_34C_T01_1739,20250624_chem02_34C_T01_1739_C10_e01,1
20250624_chem02_34C_T01_1739,20250624_chem02_34C_T01_1739_C11_e01,1
20250624_chem02_34C_T01_1739,20250624_chem02_34C_T01_1739_C12_e01,1
20250624_chem02_34C_T01_1739,20250624_chem02_34C_T01_1739_D01_e01,1
20250624_chem02_34C_T01_1739,20250624_chem02_34C_T01_1739_D02_e01,1
20250624_chem02_34C_T01_1739,20250624_chem02_34C_T01_1739_D05_e01,1
20250624_chem02_34C_T01_1739,20250624_chem02_34C_T01_1739_D07_e01,1
20250624_chem02_34C_T01_1739,20250624_chem02_34C_T01_1739_D08_e01,1
20250624_chem02_34C_T01_1739,20250624_chem02_34C_T01_1739_D10_e01,1
20250624_chem02_34C_T01_1739,20250624_chem02_34C_T01_1739_D11_e01,1
20250624_chem02_34C_T01_1739,20250624_chem02_34C_T01_1739_D12_e01,1
20250624_chem02_34C_T01_1739,20250624_chem02_34C_T01_1739_E01_e01,1
20250624_chem02_34C_T01_1739,20250624_chem02_34C_T01_1739_E02_e01,1
20250624_chem02_34C_T01_1739,20250624_chem02_34C_T01_1739_E05_e01,1
20250624_chem02_34C_T01_1739,20250624_chem02_34C_T01_1739_E07_e01,1
20250624_chem02_34C_T01_1739,20250624_chem02_34C_T01_1739_E08_e01,1
20250624_chem02_34C_T01_1739,20250624_chem02_34C_T01_1739_E10_e01,1
20250624_chem02_34C_T01_1739,20250624_chem02_34C_T01_1739_E11_e01,1
20250624_chem02_34C_T01_1739,20250624_chem02_34C_T01_1739_E12_e01,1
20250624_chem02_34C_T01_1739,20250624_chem02_34C_T01_1739_F01_e01,1
20250624_chem02_34C_T01_1739,20250624_chem02_34C_T01_1739_F02_e01,1
20250624_chem02_34C_T01_1739,20250624_chem02_34C_T01_1739_F06_e01,1
20250624_chem02_34C_T01_1739,20250624_chem02_34C_T01_1739_F07_e01,1
20250624_chem02_34C_T01_1739,20250624_chem02_34C_T01_1739_F08_e01,1
20250624_chem02_34C_T01_1739,20250624_chem02_34C_T01_1739_F10_e01,1
20250624_chem02_34C_T01_1739,20250624_chem02_34C_T01_1739_F11_e01,1
20250624_chem02_34C_T01_1739,20250624_chem02_34C_T01_1739_F11_e02,1
20250624_chem02_34C_T01_1739,20250624_chem02_34C_T01_1739_F12_e01,1
20250624_chem02_34C_T01_1739,20250624_chem02_34C_T01_1739_G01_e01,1
20250624_chem02_34C_T01_1739,20250624_chem02_34C_T01_1739_G02_e01,1
20250624_chem02_34C_T01_1739,20250624_chem02_34C_T01_1739_G05_e01,1
20250624_chem02_34C_T01_1739,20250624_chem02_34C_T01_1739_G06_e01,1
20250624_chem02_34C_T01_1739,20250624_chem02_34C_T01_1739_G07_e01,1
20250624_chem02_34C_T01_1739,20250624_chem02_34C_T01_1739_G08_e01,1
20250624_chem02_34C_T01_1739,20250624_chem02_34C_T01_1739_G10_e01,1
20250624_chem02_34C_T01_1739,20250624_chem02_34C_T01_1739_G11_e01,1
20250624_chem02_34C_T01_1739,20250624_chem02_34C_T01_1739_G12_e01,1
20250624_chem02_34C_T01_1739,20250624_chem02_34C_T01_1739_H01_e01,1
20250624_chem02_34C_T01_1739,20250624_chem02_34C_T01_1739_H02_e01,1
20250624_chem02_34C_T01_1739,20250624_chem02_34C_T01_1739_H05_e01,1
20250624_chem02_34C_T01_1739,20250624_chem02_34C_T01_1739_H07_e01,1
20250624_chem02_34C_T01_1739,20250624_chem02_34C_T01_1739_H08_e01,1
20250624_chem02_34C_T01_1739,20250624_chem02_34C_T01_1739_H10_e01,1
20250624_chem02_34C_T01_1739,20250624_chem02_34C_T01_1739_H11_e01,1
20250624_chem02_34C_T01_1739,20250624_chem02_34C_T01_1739_H12_e01,1
20250624_chem02_35C_T00_1216,20250624_chem02_35C_T00_1216_A01_e01,1
20250624_chem02_35C_T00_1216,20250624_chem02_35C_T00_1216_A02_e01,1
20250624_chem02_35C_T00_1216,20250624_chem02_35C_T00_1216_A03_e01,1
20250624_chem02_35C_T00_1216,20250624_chem02_35C_T00_1216_A05_e01,1
20250624_chem02_35C_T00_1216,20250624_chem02_35C_T00_1216_A06_e02,1
20250624_chem02_35C_T00_1216,20250624_chem02_35C_T00_1216_A07_e01,1
20250624_chem02_35C_T00_1216,20250624_chem02_35C_T00_1216_A07_e02,1
20250624_chem02_35C_T00_1216,20250624_chem02_35C_T00_1216_A08_e01,1
20250624_chem02_35C_T00_1216,20250624_chem02_35C_T00_1216_A10_e01,1
20250624_chem02_35C_T00_1216,20250624_chem02_35C_T00_1216_A10_e02,1
20250624_chem02_35C_T00_1216,20250624_chem02_35C_T00_1216_A11_e01,1
20250624_chem02_35C_T00_1216,20250624_chem02_35C_T00_1216_A12_e01,1
20250624_chem02_35C_T00_1216,20250624_chem02_35C_T00_1216_B01_e01,1
20250624_chem02_35C_T00_1216,20250624_chem02_35C_T00_1216_B02_e01,1
20250624_chem02_35C_T00_1216,20250624_chem02_35C_T00_1216_B03_e01,1
20250624_chem02_35C_T00_1216,20250624_chem02_35C_T00_1216_B05_e01,1
20250624_chem02_35C_T00_1216,20250624_chem02_35C_T00_1216_B06_e02,1
20250624_chem02_35C_T00_1216,20250624_chem02_35C_T00_1216_B07_e01,1
20250624_chem02_35C_T00_1216,20250624_chem02_35C_T00_1216_B08_e01,1
20250624_chem02_35C_T00_1216,20250624_chem02_35C_T00_1216_B10_e01,1
20250624_chem02_35C_T00_1216,20250624_chem02_35C_T00_1216_B11_e01,1
20250624_chem02_35C_T00_1216,20250624_chem02_35C_T00_1216_B12_e01,1
20250624_chem02_35C_T00_1216,20250624_chem02_35C_T00_1216_C01_e01,1
20250624_chem02_35C_T00_1216,20250624_chem02_35C_T00_1216_C02_e01,1
20250624_chem02_35C_T00_1216,20250624_chem02_35C_T00_1216_C02_e02,1
20250624_chem02_35C_T00_1216,20250624_chem02_35C_T00_1216_C03_e01,1
20250624_chem02_35C_T00_1216,20250624_chem02_35C_T00_1216_C05_e01,1
20250624_chem02_35C_T00_1216,20250624_chem02_35C_T00_1216_C07_e01,1
20250624_chem02_35C_T00_1216,20250624_chem02_35C_T00_1216_C08_e01,1
20250624_chem02_35C_T00_1216,20250624_chem02_35C_T00_1216_C10_e01,1
20250624_chem02_35C_T00_1216,20250624_chem02_35C_T00_1216_C11_e01,1
20250624_chem02_35C_T00_1216,20250624_chem02_35C_T00_1216_C12_e01,1
20250624_chem02_35C_T00_1216,20250624_chem02_35C_T00_1216_D01_e01,1
20250624_chem02_35C_T00_1216,20250624_chem02_35C_T00_1216_D01_e02,1
20250624_chem02_35C_T00_1216,20250624_chem02_35C_T00_1216_D02_e01,1
20250624_chem02_35C_T00_1216,20250624_chem02_35C_T00_1216_D03_e01,1
20250624_chem02_35C_T00_1216,20250624_chem02_35C_T00_1216_D05_e01,1
20250624_chem02_35C_T00_1216,20250624_chem02_35C_T00_1216_D05_e02,1
20250624_chem02_35C_T00_1216,20250624_chem02_35C_T00_1216_D07_e01,1
20250624_chem02_35C_T00_1216,20250624_chem02_35C_T00_1216_D07_e02,1
20250624_chem02_35C_T00_1216,20250624_chem02_35C_T00_1216_D08_e01,1
20250624_chem02_35C_T00_1216,20250624_chem02_35C_T00_1216_D10_e01,1
20250624_chem02_35C_T00_1216,20250624_chem02_35C_T00_1216_D11_e01,1
20250624_chem02_35C_T00_1216,20250624_chem02_35C_T00_1216_D12_e01,1
20250624_chem02_35C_T00_1216,20250624_chem02_35C_T00_1216_E01_e01,1
20250624_chem02_35C_T00_1216,20250624_chem02_35C_T00_1216_E02_e01,1
20250624_chem02_35C_T00_1216,20250624_chem02_35C_T00_1216_E03_e01,1
20250624_chem02_35C_T00_1216,20250624_chem02_35C_T00_1216_E05_e01,1
20250624_chem02_35C_T00_1216,20250624_chem02_35C_T00_1216_E07_e01,1
20250624_chem02_35C_T00_1216,20250624_chem02_35C_T00_1216_E08_e01,1
20250624_chem02_35C_T00_1216,20250624_chem02_35C_T00_1216_E10_e01,1
20250624_chem02_35C_T00_1216,20250624_chem02_35C_T00_1216_E11_e01,1
20250624_chem02_35C_T00_1216,20250624_chem02_35C_T00_1216_E12_e01,1
20250624_chem02_35C_T00_1216,20250624_chem02_35C_T00_1216_F01_e01,1
20250624_chem02_35C_T00_1216,20250624_chem02_35C_T00_1216_F02_e01,1
20250624_chem02_35C_T00_1216,20250624_chem02_35C_T00_1216_F04_e02,1
20250624_chem02_35C_T00_1216,20250624_chem02_35C_T00_1216_F05_e01,1
20250624_chem02_35C_T00_1216,20250624_chem02_35C_T00_1216_F07_e01,1
20250624_chem02_35C_T00_1216,20250624_chem02_35C_T00_1216_F08_e01,1
20250624_chem02_35C_T00_1216,20250624_chem02_35C_T00_1216_F10_e01,1
20250624_chem02_35C_T00_1216,20250624_chem02_35C_T00_1216_F11_e01,1
20250624_chem02_35C_T00_1216,20250624_chem02_35C_T00_1216_F11_e02,1
20250624_chem02_35C_T00_1216,20250624_chem02_35C_T00_1216_F12_e01,1
20250624_chem02_35C_T00_1216,20250624_chem02_35C_T00_1216_F12_e02,1
20250624_chem02_35C_T00_1216,20250624_chem02_35C_T00_1216_F12_e03,1
20250624_chem02_35C_T00_1216,20250624_chem02_35C_T00_1216_G01_e01,1
20250624_chem02_35C_T00_1216,20250624_chem02_35C_T00_1216_G02_e01,1
20250624_chem02_35C_T00_1216,20250624_chem02_35C_T00_1216_G05_e01,1
20250624_chem02_35C_T00_1216,20250624_chem02_35C_T00_1216_G07_e01,1
20250624_chem02_35C_T00_1216,20250624_chem02_35C_T00_1216_G08_e01,1
20250624_chem02_35C_T00_1216,20250624_chem02_35C_T00_1216_G10_e01,1
20250624_chem02_35C_T00_1216,20250624_chem02_35C_T00_1216_G11_e01,1
20250624_chem02_35C_T00_1216,20250624_chem02_35C_T00_1216_G12_e01,1
20250624_chem02_35C_T00_1216,20250624_chem02_35C_T00_1216_H01_e01,1
20250624_chem02_35C_T00_1216,20250624_chem02_35C_T00_1216_H02_e01,1
20250624_chem02_35C_T00_1216,20250624_chem02_35C_T00_1216_H05_e01,1
20250624_chem02_35C_T00_1216,20250624_chem02_35C_T00_1216_H07_e01,1
20250624_chem02_35C_T00_1216,20250624_chem02_35C_T00_1216_H08_e01,1
20250624_chem02_35C_T00_1216,20250624_chem02_35C_T00_1216_H10_e01,1
20250624_chem02_35C_T00_1216,20250624_chem02_35C_T00_1216_H11_e01,1
20250624_chem02_35C_T00_1216,20250624_chem02_35C_T00_1216_H12_e01,1
20250624_chem02_35C_T01_1711,20250624_chem02_35C_T01_1711_A01_e01,1
20250624_chem02_35C_T01_1711,20250624_chem02_35C_T01_1711_A02_e01,1
20250624_chem02_35C_T01_1711,20250624_chem02_35C_T01_1711_A03_e01,1
20250624_chem02_35C_T01_1711,20250624_chem02_35C_T01_1711_A05_e01,1
20250624_chem02_35C_T01_1711,20250624_chem02_35C_T01_1711_A06_e02,1
20250624_chem02_35C_T01_1711,20250624_chem02_35C_T01_1711_A07_e01,1
20250624_chem02_35C_T01_1711,20250624_chem02_35C_T01_1711_A07_e02,1
20250624_chem02_35C_T01_1711,20250624_chem02_35C_T01_1711_A08_e01,1
20250624_chem02_35C_T01_1711,20250624_chem02_35C_T01_1711_A10_e01,1
20250624_chem02_35C_T01_1711,20250624_chem02_35C_T01_1711_A10_e02,1
20250624_chem02_35C_T01_1711,20250624_chem02_35C_T01_1711_A10_e03,1
20250624_chem02_35C_T01_1711,20250624_chem02_35C_T01_1711_A11_e01,1
20250624_chem02_35C_T01_1711,20250624_chem02_35C_T01_1711_A12_e01,1
20250624_chem02_35C_T01_1711,20250624_chem02_35C_T01_1711_A12_e02,1
20250624_chem02_35C_T01_1711,20250624_chem02_35C_T01_1711_B01_e01,1
20250624_chem02_35C_T01_1711,20250624_chem02_35C_T01_1711_B02_e01,1
20250624_chem02_35C_T01_1711,20250624_chem02_35C_T01_1711_B03_e01,1
20250624_chem02_35C_T01_1711,20250624_chem02_35C_T01_1711_B05_e01,1
20250624_chem02_35C_T01_1711,20250624_chem02_35C_T01_1711_B06_e01,1
20250624_chem02_35C_T01_1711,20250624_chem02_35C_T01_1711_B07_e01,1
20250624_chem02_35C_T01_1711,20250624_chem02_35C_T01_1711_B08_e01,1
20250624_chem02_35C_T01_1711,20250624_chem02_35C_T01_1711_B10_e01,1
20250624_chem02_35C_T01_1711,20250624_chem02_35C_T01_1711_B11_e01,1
20250624_chem02_35C_T01_1711,20250624_chem02_35C_T01_1711_B12_e01,1
20250624_chem02_35C_T01_1711,20250624_chem02_35C_T01_1711_C01_e01,1
20250624_chem02_35C_T01_1711,20250624_chem02_35C_T01_1711_C02_e01,1
20250624_chem02_35C_T01_1711,20250624_chem02_35C_T01_1711_C02_e02,1
20250624_chem02_35C_T01_1711,20250624_chem02_35C_T01_1711_C03_e01,1
20250624_chem02_35C_T01_1711,20250624_chem02_35C_T01_1711_C05_e01,1
20250624_chem02_35C_T01_1711,20250624_chem02_35C_T01_1711_C07_e01,1
20250624_chem02_35C_T01_1711,20250624_chem02_35C_T01_1711_C08_e01,1
20250624_chem02_35C_T01_1711,20250624_chem02_35C_T01_1711_C10_e01,1
20250624_chem02_35C_T01_1711,20250624_chem02_35C_T01_1711_C11_e01,1
20250624_chem02_35C_T01_1711,20250624_chem02_35C_T01_1711_C12_e01,1
20250624_chem02_35C_T01_1711,20250624_chem02_35C_T01_1711_D01_e01,1
20250624_chem02_35C_T01_1711,20250624_chem02_35C_T01_1711_D01_e02,1
20250624_chem02_35C_T01_1711,20250624_chem02_35C_T01_1711_D02_e01,1
20250624_chem02_35C_T01_1711,20250624_chem02_35C_T01_1711_D03_e01,1
20250624_chem02_35C_T01_1711,20250624_chem02_35C_T01_1711_D05_e01,1
20250624_chem02_35C_T01_1711,20250624_chem02_35C_T01_1711_D05_e02,1
20250624_chem02_35C_T01_1711,20250624_chem02_35C_T01_1711_D05_e03,1
20250624_chem02_35C_T01_1711,20250624_chem02_35C_T01_1711_D07_e01,1
20250624_chem02_35C_T01_1711,20250624_chem02_35C_T01_1711_D08_e01,1
20250624_chem02_35C_T01_1711,20250624_chem02_35C_T01_1711_D10_e01,1
20250624_chem02_35C_T01_1711,20250624_chem02_35C_T01_1711_D11_e01,1
20250624_chem02_35C_T01_1711,20250624_chem02_35C_T01_1711_D12_e01,1
20250624_chem02_35C_T01_1711,20250624_chem02_35C_T01_1711_D12_e02,1
20250624_chem02_35C_T01_1711,20250624_chem02_35C_T01_1711_E01_e01,1
20250624_chem02_35C_T01_1711,20250624_chem02_35C_T01_1711_E02_e01,1
20250624_chem02_35C_T01_1711,20250624_chem02_35C_T01_1711_E03_e01,1
20250624_chem02_35C_T01_1711,20250624_chem02_35C_T01_1711_E05_e01,1
20250624_chem02_35C_T01_1711,20250624_chem02_35C_T01_1711_E07_e01,1
20250624_chem02_35C_T01_1711,20250624_chem02_35C_T01_1711_E08_e01,1
20250624_chem02_35C_T01_1711,20250624_chem02_35C_T01_1711_E10_e01,1
20250624_chem02_35C_T01_1711,20250624_chem02_35C_T01_1711_E11_e01,1
20250624_chem02_35C_T01_1711,20250624_chem02_35C_T01_1711_E12_e01,1
20250624_chem02_35C_T01_1711,20250624_chem02_35C_T01_1711_F01_e01,1
20250624_chem02_35C_T01_1711,20250624_chem02_35C_T01_1711_F02_e01,1
20250624_chem02_35C_T01_1711,20250624_chem02_35C_T01_1711_F04_e02,1
20250624_chem02_35C_T01_1711,20250624_chem02_35C_T01_1711_F05_e01,1
20250624_chem02_35C_T01_1711,20250624_chem02_35C_T01_1711_F07_e01,1
20250624_chem02_35C_T01_1711,20250624_chem02_35C_T01_1711_F08_e01,1
20250624_chem02_35C_T01_1711,20250624_chem02_35C_T01_1711_F10_e01,1
20250624_chem02_35C_T01_1711,20250624_chem02_35C_T01_1711_F11_e01,1
20250624_chem02_35C_T01_1711,20250624_chem02_35C_T01_1711_F11_e02,1
20250624_chem02_35C_T01_1711,20250624_chem02_35C_T01_1711_F12_e01,1
20250624_chem02_35C_T01_1711,20250624_chem02_35C_T01_1711_F12_e02,1
20250624_chem02_35C_T01_1711,20250624_chem02_35C_T01_1711_F12_e03,1
20250624_chem02_35C_T01_1711,20250624_chem02_35C_T01_1711_G01_e01,1
20250624_chem02_35C_T01_1711,20250624_chem02_35C_T01_1711_G02_e01,1
20250624_chem02_35C_T01_1711,20250624_chem02_35C_T01_1711_G05_e01,1
20250624_chem02_35C_T01_1711,20250624_chem02_35C_T01_1711_G07_e01,1
20250624_chem02_35C_T01_1711,20250624_chem02_35C_T01_1711_G08_e01,1
20250624_chem02_35C_T01_1711,20250624_chem02_35C_T01_1711_G10_e01,1
20250624_chem02_35C_T01_1711,20250624_chem02_35C_T01_1711_G11_e01,1
20250624_chem02_35C_T01_1711,20250624_chem02_35C_T01_1711_G12_e01,1
20250624_chem02_35C_T01_1711,20250624_chem02_35C_T01_1711_H01_e01,1
20250624_chem02_35C_T01_1711,20250624_chem02_35C_T01_1711_H02_e01,1
20250624_chem02_35C_T01_1711,20250624_chem02_35C_T01_1711_H05_e01,1
20250624_chem02_35C_T01_1711,20250624_chem02_35C_T01_1711_H07_e01,1
20250624_chem02_35C_T01_1711,20250624_chem02_35C_T01_1711_H08_e01,1
20250624_chem02_35C_T01_1711,20250624_chem02_35C_T01_1711_H10_e01,1
20250624_chem02_35C_T01_1711,20250624_chem02_35C_T01_1711_H11_e01,1
20250624_chem02_35C_T01_1711,20250624_chem02_35C_T01_1711_H12_e01,1
20250625_chem02_28C_T02_1332,20250625_chem02_28C_T02_1332_A01_e01,1
20250625_chem02_28C_T02_1332,20250625_chem02_28C_T02_1332_A02_e01,1
20250625_chem02_28C_T02_1332,20250625_chem02_28C_T02_1332_A03_e01,1
20250625_chem02_28C_T02_1332,20250625_chem02_28C_T02_1332_A04_e01,1
20250625_chem02_28C_T02_1332,20250625_chem02_28C_T02_1332_A05_e01,1
20250625_chem02_28C_T02_1332,20250625_chem02_28C_T02_1332_A06_e01,1
20250625_chem02_28C_T02_1332,20250625_chem02_28C_T02_1332_A07_e01,1
20250625_chem02_28C_T02_1332,20250625_chem02_28C_T02_1332_A08_e01,1
20250625_chem02_28C_T02_1332,20250625_chem02_28C_T02_1332_A10_e01,1
20250625_chem02_28C_T02_1332,20250625_chem02_28C_T02_1332_A11_e01,1
20250625_chem02_28C_T02_1332,20250625_chem02_28C_T02_1332_A12_e01,1
20250625_chem02_28C_T02_1332,20250625_chem02_28C_T02_1332_B01_e01,1
20250625_chem02_28C_T02_1332,20250625_chem02_28C_T02_1332_B02_e01,1
20250625_chem02_28C_T02_1332,20250625_chem02_28C_T02_1332_B03_e01,1
20250625_chem02_28C_T02_1332,20250625_chem02_28C_T02_1332_B04_e01,1
20250625_chem02_28C_T02_1332,20250625_chem02_28C_T02_1332_B05_e01,1
20250625_chem02_28C_T02_1332,20250625_chem02_28C_T02_1332_B06_e01,1
20250625_chem02_28C_T02_1332,20250625_chem02_28C_T02_1332_B07_e01,1
20250625_chem02_28C_T02_1332,20250625_chem02_28C_T02_1332_B08_e01,1
20250625_chem02_28C_T02_1332,20250625_chem02_28C_T02_1332_B08_e02,1
20250625_chem02_28C_T02_1332,20250625_chem02_28C_T02_1332_B10_e01,1
20250625_chem02_28C_T02_1332,20250625_chem02_28C_T02_1332_B10_e02,1
20250625_chem02_28C_T02_1332,20250625_chem02_28C_T02_1332_B11_e01,1
20250625_chem02_28C_T02_1332,20250625_chem02_28C_T02_1332_B11_e02,1
20250625_chem02_28C_T02_1332,20250625_chem02_28C_T02_1332_B11_e03,1
20250625_chem02_28C_T02_1332,20250625_chem02_28C_T02_1332_B12_e01,1
20250625_chem02_28C_T02_1332,20250625_chem02_28C_T02_1332_C01_e01,1
20250625_chem02_28C_T02_1332,20250625_chem02_28C_T02_1332_C02_e01,1
20250625_chem02_28C_T02_1332,20250625_chem02_28C_T02_1332_C03_e01,1
20250625_chem02_28C_T02_1332,20250625_chem02_28C_T02_1332_C04_e01,1
20250625_chem02_28C_T02_1332,20250625_chem02_28C_T02_1332_C05_e01,1
20250625_chem02_28C_T02_1332,20250625_chem02_28C_T02_1332_C06_e01,1
20250625_chem02_28C_T02_1332,20250625_chem02_28C_T02_1332_C07_e01,1
20250625_chem02_28C_T02_1332,20250625_chem02_28C_T02_1332_C08_e01,1
20250625_chem02_28C_T02_1332,20250625_chem02_28C_T02_1332_C10_e01,1
20250625_chem02_28C_T02_1332,20250625_chem02_28C_T02_1332_C11_e01,1
20250625_chem02_28C_T02_1332,20250625_chem02_28C_T02_1332_C11_e02,1
20250625_chem02_28C_T02_1332,20250625_chem02_28C_T02_1332_C12_e01,1
20250625_chem02_28C_T02_1332,20250625_chem02_28C_T02_1332_D01_e01,1
20250625_chem02_28C_T02_1332,20250625_chem02_28C_T02_1332_D02_e01,1
20250625_chem02_28C_T02_1332,20250625_chem02_28C_T02_1332_D04_e01,1
20250625_chem02_28C_T02_1332,20250625_chem02_28C_T02_1332_D05_e01,1
20250625_chem02_28C_T02_1332,20250625_chem02_28C_T02_1332_D06_e01,1
20250625_chem02_28C_T02_1332,20250625_chem02_28C_T02_1332_D07_e01,1
20250625_chem02_28C_T02_1332,20250625_chem02_28C_T02_1332_D08_e01,1
20250625_chem02_28C_T02_1332,20250625_chem02_28C_T02_1332_D10_e01,1
20250625_chem02_28C_T02_1332,20250625_chem02_28C_T02_1332_D11_e01,1
20250625_chem02_28C_T02_1332,20250625_chem02_28C_T02_1332_D12_e01,1
20250625_chem02_28C_T02_1332,20250625_chem02_28C_T02_1332_E01_e01,1
20250625_chem02_28C_T02_1332,20250625_chem02_28C_T02_1332_E01_e02,1
20250625_chem02_28C_T02_1332,20250625_chem02_28C_T02_1332_E02_e01,1
20250625_chem02_28C_T02_1332,20250625_chem02_28C_T02_1332_E04_e01,1
20250625_chem02_28C_T02_1332,20250625_chem02_28C_T02_1332_E05_e01,1
20250625_chem02_28C_T02_1332,20250625_chem02_28C_T02_1332_E06_e01,1
20250625_chem02_28C_T02_1332,20250625_chem02_28C_T02_1332_E07_e01,1
20250625_chem02_28C_T02_1332,20250625_chem02_28C_T02_1332_E08_e01,1
20250625_chem02_28C_T02_1332,20250625_chem02_28C_T02_1332_E10_e01,1
20250625_chem02_28C_T02_1332,20250625_chem02_28C_T02_1332_E10_e02,1
20250625_chem02_28C_T02_1332,20250625_chem02_28C_T02_1332_E10_e03,1
20250625_chem02_28C_T02_1332,20250625_chem02_28C_T02_1332_E11_e01,1
20250625_chem02_28C_T02_1332,20250625_chem02_28C_T02_1332_E12_e01,1
20250625_chem02_28C_T02_1332,20250625_chem02_28C_T02_1332_F01_e01,1
20250625_chem02_28C_T02_1332,20250625_chem02_28C_T02_1332_F02_e01,1
20250625_chem02_28C_T02_1332,20250625_chem02_28C_T02_1332_F04_e01,1
20250625_chem02_28C_T02_1332,20250625_chem02_28C_T02_1332_F05_e01,1
20250625_chem02_28C_T02_1332,20250625_chem02_28C_T02_1332_F06_e01,1
20250625_chem02_28C_T02_1332,20250625_chem02_28C_T02_1332_F07_e01,1
20250625_chem02_28C_T02_1332,20250625_chem02_28C_T02_1332_F07_e02,1
20250625_chem02_28C_T02_1332,20250625_chem02_28C_T02_1332_F08_e01,1
20250625_chem02_28C_T02_1332,20250625_chem02_28C_T02_1332_F10_e01,1
20250625_chem02_28C_T02_1332,20250625_chem02_28C_T02_1332_F10_e02,1
20250625_chem02_28C_T02_1332,20250625_chem02_28C_T02_1332_F11_e01,1
20250625_chem02_28C_T02_1332,20250625_chem02_28C_T02_1332_F11_e02,1
20250625_chem02_28C_T02_1332,20250625_chem02_28C_T02_1332_F12_e01,1
20250625_chem02_28C_T02_1332,20250625_chem02_28C_T02_1332_G01_e01,1
20250625_chem02_28C_T02_1332,20250625_chem02_28C_T02_1332_G02_e01,1
20250625_chem02_28C_T02_1332,20250625_chem02_28C_T02_1332_G02_e02,1
20250625_chem02_28C_T02_1332,20250625_chem02_28C_T02_1332_G04_e01,1
20250625_chem02_28C_T02_1332,20250625_chem02_28C_T02_1332_G05_e01,1
20250625_chem02_28C_T02_1332,20250625_chem02_28C_T02_1332_G07_e01,1
20250625_chem02_28C_T02_1332,20250625_chem02_28C_T02_1332_G08_e01,1
20250625_chem02_28C_T02_1332,20250625_chem02_28C_T02_1332_G10_e01,1
20250625_chem02_28C_T02_1332,20250625_chem02_28C_T02_1332_G11_e01,1
20250625_chem02_28C_T02_1332,20250625_chem02_28C_T02_1332_G12_e01,1
20250625_chem02_28C_T02_1332,20250625_chem02_28C_T02_1332_G12_e02,1
20250625_chem02_28C_T02_1332,20250625_chem02_28C_T02_1332_H01_e01,1
20250625_chem02_28C_T02_1332,20250625_chem02_28C_T02_1332_H02_e01,1
20250625_chem02_28C_T02_1332,20250625_chem02_28C_T02_1332_H04_e01,1
20250625_chem02_28C_T02_1332,20250625_chem02_28C_T02_1332_H04_e02,1
20250625_chem02_28C_T02_1332,20250625_chem02_28C_T02_1332_H05_e01,1
20250625_chem02_28C_T02_1332,20250625_chem02_28C_T02_1332_H06_e01,1
20250625_chem02_28C_T02_1332,20250625_chem02_28C_T02_1332_H07_e01,1
20250625_chem02_28C_T02_1332,20250625_chem02_28C_T02_1332_H08_e01,1
20250625_chem02_28C_T02_1332,20250625_chem02_28C_T02_1332_H10_e01,1
20250625_chem02_28C_T02_1332,20250625_chem02_28C_T02_1332_H11_e01,1
20250625_chem02_28C_T02_1332,20250625_chem02_28C_T02_1332_H12_e01,1
20250625_chem02_34C_T02_1301,20250625_chem02_34C_T02_1301_A01_e01,1
20250625_chem02_34C_T02_1301,20250625_chem02_34C_T02_1301_A02_e01,1
20250625_chem02_34C_T02_1301,20250625_chem02_34C_T02_1301_A03_e01,1
20250625_chem02_34C_T02_1301,20250625_chem02_34C_T02_1301_A04_e01,1
20250625_chem02_34C_T02_1301,20250625_chem02_34C_T02_1301_A05_e01,1
20250625_chem02_34C_T02_1301,20250625_chem02_34C_T02_1301_A06_e02,1
20250625_chem02_34C_T02_1301,20250625_chem02_34C_T02_1301_A07_e01,1
20250625_chem02_34C_T02_1301,20250625_chem02_34C_T02_1301_A08_e01,1
20250625_chem02_34C_T02_1301,20250625_chem02_34C_T02_1301_A09_e01,1
20250625_chem02_34C_T02_1301,20250625_chem02_34C_T02_1301_A10_e01,1
20250625_chem02_34C_T02_1301,20250625_chem02_34C_T02_1301_A11_e01,1
20250625_chem02_34C_T02_1301,20250625_chem02_34C_T02_1301_A12_e01,1
20250625_chem02_34C_T02_1301,20250625_chem02_34C_T02_1301_B01_e01,1
20250625_chem02_34C_T02_1301,20250625_chem02_34C_T02_1301_B02_e01,1
20250625_chem02_34C_T02_1301,20250625_chem02_34C_T02_1301_B03_e01,1
20250625_chem02_34C_T02_1301,20250625_chem02_34C_T02_1301_B04_e01,1
20250625_chem02_34C_T02_1301,20250625_chem02_34C_T02_1301_B05_e01,1
20250625_chem02_34C_T02_1301,20250625_chem02_34C_T02_1301_B05_e02,1
20250625_chem02_34C_T02_1301,20250625_chem02_34C_T02_1301_B07_e01,1
20250625_chem02_34C_T02_1301,20250625_chem02_34C_T02_1301_B08_e01,1
20250625_chem02_34C_T02_1301,20250625_chem02_34C_T02_1301_B10_e01,1
20250625_chem02_34C_T02_1301,20250625_chem02_34C_T02_1301_B11_e01,1
20250625_chem02_34C_T02_1301,20250625_chem02_34C_T02_1301_B12_e01,1
20250625_chem02_34C_T02_1301,20250625_chem02_34C_T02_1301_C01_e01,1
20250625_chem02_34C_T02_1301,20250625_chem02_34C_T02_1301_C02_e01,1
20250625_chem02_34C_T02_1301,20250625_chem02_34C_T02_1301_C03_e01,1
20250625_chem02_34C_T02_1301,20250625_chem02_34C_T02_1301_C04_e01,1
20250625_chem02_34C_T02_1301,20250625_chem02_34C_T02_1301_C04_e02,1
20250625_chem02_34C_T02_1301,20250625_chem02_34C_T02_1301_C05_e01,1
20250625_chem02_34C_T02_1301,20250625_chem02_34C_T02_1301_C05_e02,1
20250625_chem02_34C_T02_1301,20250625_chem02_34C_T02_1301_C07_e01,1
20250625_chem02_34C_T02_1301,20250625_chem02_34C_T02_1301_C08_e01,1
20250625_chem02_34C_T02_1301,20250625_chem02_34C_T02_1301_C10_e01,1
20250625_chem02_34C_T02_1301,20250625_chem02_34C_T02_1301_C11_e01,1
20250625_chem02_34C_T02_1301,20250625_chem02_34C_T02_1301_C12_e01,1
20250625_chem02_34C_T02_1301,20250625_chem02_34C_T02_1301_D01_e01,1
20250625_chem02_34C_T02_1301,20250625_chem02_34C_T02_1301_D02_e01,1
20250625_chem02_34C_T02_1301,20250625_chem02_34C_T02_1301_D05_e01,1
20250625_chem02_34C_T02_1301,20250625_chem02_34C_T02_1301_D07_e01,1
20250625_chem02_34C_T02_1301,20250625_chem02_34C_T02_1301_D08_e01,1
20250625_chem02_34C_T02_1301,20250625_chem02_34C_T02_1301_D10_e01,1
20250625_chem02_34C_T02_1301,20250625_chem02_34C_T02_1301_D11_e01,1
20250625_chem02_34C_T02_1301,20250625_chem02_34C_T02_1301_D12_e01,1
20250625_chem02_34C_T02_1301,20250625_chem02_34C_T02_1301_E01_e01,1
20250625_chem02_34C_T02_1301,20250625_chem02_34C_T02_1301_E02_e01,1
20250625_chem02_34C_T02_1301,20250625_chem02_34C_T02_1301_E05_e01,1
20250625_chem02_34C_T02_1301,20250625_chem02_34C_T02_1301_E07_e01,1
20250625_chem02_34C_T02_1301,20250625_chem02_34C_T02_1301_E08_e01,1
20250625_chem02_34C_T02_1301,20250625_chem02_34C_T02_1301_E10_e01,1
20250625_chem02_34C_T02_1301,20250625_chem02_34C_T02_1301_E11_e01,1
20250625_chem02_34C_T02_1301,20250625_chem02_34C_T02_1301_E12_e01,1
20250625_chem02_34C_T02_1301,20250625_chem02_34C_T02_1301_F01_e01,1
20250625_chem02_34C_T02_1301,20250625_chem02_34C_T02_1301_F02_e01,1
20250625_chem02_34C_T02_1301,20250625_chem02_34C_T02_1301_F06_e01,1
20250625_chem02_34C_T02_1301,20250625_chem02_34C_T02_1301_F07_e01,1
20250625_chem02_34C_T02_1301,20250625_chem02_34C_T02_1301_F08_e01,1
20250625_chem02_34C_T02_1301,20250625_chem02_34C_T02_1301_F08_e02,1
20250625_chem02_34C_T02_1301,20250625_chem02_34C_T02_1301_F10_e01,1
20250625_chem02_34C_T02_1301,20250625_chem02_34C_T02_1301_F11_e01,1
20250625_chem02_34C_T02_1301,20250625_chem02_34C_T02_1301_F12_e01,1
20250625_chem02_34C_T02_1301,20250625_chem02_34C_T02_1301_G01_e01,1
20250625_chem02_34C_T02_1301,20250625_chem02_34C_T02_1301_G02_e01,1
20250625_chem02_34C_T02_1301,20250625_chem02_34C_T02_1301_G05_e01,1
20250625_chem02_34C_T02_1301,20250625_chem02_34C_T02_1301_G05_e02,1
20250625_chem02_34C_T02_1301,20250625_chem02_34C_T02_1301_G06_e01,1
20250625_chem02_34C_T02_1301,20250625_chem02_34C_T02_1301_G06_e02,1
20250625_chem02_34C_T02_1301,20250625_chem02_34C_T02_1301_G07_e01,1
20250625_chem02_34C_T02_1301,20250625_chem02_34C_T02_1301_G08_e01,1
20250625_chem02_34C_T02_1301,20250625_chem02_34C_T02_1301_G10_e01,1
20250625_chem02_34C_T02_1301,20250625_chem02_34C_T02_1301_G10_e02,1
20250625_chem02_34C_T02_1301,20250625_chem02_34C_T02_1301_G11_e01,1
20250625_chem02_34C_T02_1301,20250625_chem02_34C_T02_1301_G12_e01,1
20250625_chem02_34C_T02_1301,20250625_chem02_34C_T02_1301_H01_e01,1
20250625_chem02_34C_T02_1301,20250625_chem02_34C_T02_1301_H02_e01,1
20250625_chem02_34C_T02_1301,20250625_chem02_34C_T02_1301_H05_e01,1
20250625_chem02_34C_T02_1301,20250625_chem02_34C_T02_1301_H07_e01,1
20250625_chem02_34C_T02_1301,20250625_chem02_34C_T02_1301_H08_e01,1
20250625_chem02_34C_T02_1301,20250625_chem02_34C_T02_1301_H08_e02,1
20250625_chem02_34C_T02_1301,20250625_chem02_34C_T02_1301_H09_e02,1
20250625_chem02_34C_T02_1301,20250625_chem02_34C_T02_1301_H10_e01,1
20250625_chem02_34C_T02_1301,20250625_chem02_34C_T02_1301_H11_e01,1
20250625_chem02_34C_T02_1301,20250625_chem02_34C_T02_1301_H12_e01,1
20250625_chem02_35C_T02_1228,20250625_chem02_35C_T02_1228_A01_e01,1
20250625_chem02_35C_T02_1228,20250625_chem02_35C_T02_1228_A02_e01,1
20250625_chem02_35C_T02_1228,20250625_chem02_35C_T02_1228_A03_e01,1
20250625_chem02_35C_T02_1228,20250625_chem02_35C_T02_1228_A03_e02,1
20250625_chem02_35C_T02_1228,20250625_chem02_35C_T02_1228_A05_e01,1
20250625_chem02_35C_T02_1228,20250625_chem02_35C_T02_1228_A06_e01,1
20250625_chem02_35C_T02_1228,20250625_chem02_35C_T02_1228_A07_e01,1
20250625_chem02_35C_T02_1228,20250625_chem02_35C_T02_1228_A07_e02,1
20250625_chem02_35C_T02_1228,20250625_chem02_35C_T02_1228_A08_e01,1
20250625_chem02_35C_T02_1228,20250625_chem02_35C_T02_1228_A10_e01,1
20250625_chem02_35C_T02_1228,20250625_chem02_35C_T02_1228_A10_e02,1
20250625_chem02_35C_T02_1228,20250625_chem02_35C_T02_1228_A11_e01,1
20250625_chem02_35C_T02_1228,20250625_chem02_35C_T02_1228_A12_e01,1
20250625_chem02_35C_T02_1228,20250625_chem02_35C_T02_1228_A12_e02,1
20250625_chem02_35C_T02_1228,20250625_chem02_35C_T02_1228_B01_e01,1
20250625_chem02_35C_T02_1228,20250625_chem02_35C_T02_1228_B01_e02,1
20250625_chem02_35C_T02_1228,20250625_chem02_35C_T02_1228_B02_e01,1
20250625_chem02_35C_T02_1228,20250625_chem02_35C_T02_1228_B03_e01,1
20250625_chem02_35C_T02_1228,20250625_chem02_35C_T02_1228_B05_e01,1
20250625_chem02_35C_T02_1228,20250625_chem02_35C_T02_1228_B06_e01,1
20250625_chem02_35C_T02_1228,20250625_chem02_35C_T02_1228_B07_e01,1
20250625_chem02_35C_T02_1228,20250625_chem02_35C_T02_1228_B08_e01,1
20250625_chem02_35C_T02_1228,20250625_chem02_35C_T02_1228_B10_e01,1
20250625_chem02_35C_T02_1228,20250625_chem02_35C_T02_1228_B10_e02,1
20250625_chem02_35C_T02_1228,20250625_chem02_35C_T02_1228_B11_e01,1
20250625_chem02_35C_T02_1228,20250625_chem02_35C_T02_1228_B12_e01,1
20250625_chem02_35C_T02_1228,20250625_chem02_35C_T02_1228_C01_e01,1
20250625_chem02_35C_T02_1228,20250625_chem02_35C_T02_1228_C02_e01,1
20250625_chem02_35C_T02_1228,20250625_chem02_35C_T02_1228_C02_e02,1
20250625_chem02_35C_T02_1228,20250625_chem02_35C_T02_1228_C03_e01,1
20250625_chem02_35C_T02_1228,20250625_chem02_35C_T02_1228_C05_e01,1
20250625_chem02_35C_T02_1228,20250625_chem02_35C_T02_1228_C07_e01,1
20250625_chem02_35C_T02_1228,20250625_chem02_35C_T02_1228_C08_e01,1
20250625_chem02_35C_T02_1228,20250625_chem02_35C_T02_1228_C10_e01,1
20250625_chem02_35C_T02_1228,20250625_chem02_35C_T02_1228_C11_e01,1
20250625_chem02_35C_T02_1228,20250625_chem02_35C_T02_1228_C12_e01,1
20250625_chem02_35C_T02_1228,20250625_chem02_35C_T02_1228_D01_e01,1
20250625_chem02_35C_T02_1228,20250625_chem02_35C_T02_1228_D01_e02,1
20250625_chem02_35C_T02_1228,20250625_chem02_35C_T02_1228_D02_e01,1
20250625_chem02_35C_T02_1228,20250625_chem02_35C_T02_1228_D03_e01,1
20250625_chem02_35C_T02_1228,20250625_chem02_35C_T02_1228_D05_e01,1
20250625_chem02_35C_T02_1228,20250625_chem02_35C_T02_1228_D07_e01,1
20250625_chem02_35C_T02_1228,20250625_chem02_35C_T02_1228_D08_e01,1
20250625_chem02_35C_T02_1228,20250625_chem02_35C_T02_1228_D10_e01,1
20250625_chem02_35C_T02_1228,20250625_chem02_35C_T02_1228_D11_e01,1
20250625_chem02_35C_T02_1228,20250625_chem02_35C_T02_1228_D12_e01,1
20250625_chem02_35C_T02_1228,20250625_chem02_35C_T02_1228_D12_e02,1
20250625_chem02_35C_T02_1228,20250625_chem02_35C_T02_1228_E01_e01,1
20250625_chem02_35C_T02_1228,20250625_chem02_35C_T02_1228_E02_e01,1
20250625_chem02_35C_T02_1228,20250625_chem02_35C_T02_1228_E03_e01,1
20250625_chem02_35C_T02_1228,20250625_chem02_35C_T02_1228_E05_e01,1
20250625_chem02_35C_T02_1228,20250625_chem02_35C_T02_1228_E07_e01,1
20250625_chem02_35C_T02_1228,20250625_chem02_35C_T02_1228_E08_e01,1
20250625_chem02_35C_T02_1228,20250625_chem02_35C_T02_1228_E10_e01,1
20250625_chem02_35C_T02_1228,20250625_chem02_35C_T02_1228_E11_e01,1
20250625_chem02_35C_T02_1228,20250625_chem02_35C_T02_1228_E12_e01,1
20250625_chem02_35C_T02_1228,20250625_chem02_35C_T02_1228_F01_e01,1
20250625_chem02_35C_T02_1228,20250625_chem02_35C_T02_1228_F02_e01,1
20250625_chem02_35C_T02_1228,20250625_chem02_35C_T02_1228_F05_e01,1
20250625_chem02_35C_T02_1228,20250625_chem02_35C_T02_1228_F05_e02,1
20250625_chem02_35C_T02_1228,20250625_chem02_35C_T02_1228_F07_e01,1
20250625_chem02_35C_T02_1228,20250625_chem02_35C_T02_1228_F08_e01,1
20250625_chem02_35C_T02_1228,20250625_chem02_35C_T02_1228_F10_e01,1
20250625_chem02_35C_T02_1228,20250625_chem02_35C_T02_1228_F10_e02,1
20250625_chem02_35C_T02_1228,20250625_chem02_35C_T02_1228_F11_e01,1
20250625_chem02_35C_T02_1228,20250625_chem02_35C_T02_1228_F12_e01,1
20250625_chem02_35C_T02_1228,20250625_chem02_35C_T02_1228_F12_e02,1
20250625_chem02_35C_T02_1228,20250625_chem02_35C_T02_1228_G01_e01,1
20250625_chem02_35C_T02_1228,20250625_chem02_35C_T02_1228_G02_e01,1
20250625_chem02_35C_T02_1228,20250625_chem02_35C_T02_1228_G05_e01,1
20250625_chem02_35C_T02_1228,20250625_chem02_35C_T02_1228_G07_e01,1
20250625_chem02_35C_T02_1228,20250625_chem02_35C_T02_1228_G08_e01,1
20250625_chem02_35C_T02_1228,20250625_chem02_35C_T02_1228_G10_e01,1
20250625_chem02_35C_T02_1228,20250625_chem02_35C_T02_1228_G11_e01,1
20250625_chem02_35C_T02_1228,20250625_chem02_35C_T02_1228_G12_e01,1
20250625_chem02_35C_T02_1228,20250625_chem02_35C_T02_1228_G12_e02,1
20250625_chem02_35C_T02_1228,20250625_chem02_35C_T02_1228_H01_e01,1
20250625_chem02_35C_T02_1228,20250625_chem02_35C_T02_1228_H02_e01,1
20250625_chem02_35C_T02_1228,20250625_chem02_35C_T02_1228_H05_e01,1
20250625_chem02_35C_T02_1228,20250625_chem02_35C_T02_1228_H07_e01,1
20250625_chem02_35C_T02_1228,20250625_chem02_35C_T02_1228_H08_e01,1
20250625_chem02_35C_T02_1228,20250625_chem02_35C_T02_1228_H10_e01,1
20250625_chem02_35C_T02_1228,20250625_chem02_35C_T02_1228_H11_e01,1
20250625_chem02_35C_T02_1228,20250625_chem02_35C_T02_1228_H12_e01,1
20250703_chem3_28C_T00_1325,20250703_chem3_28C_T00_1325_A01_e01,1
20250703_chem3_28C_T00_1325,20250703_chem3_28C_T00_1325_A02_e01,1
20250703_chem3_28C_T00_1325,20250703_chem3_28C_T00_1325_A03_e01,1
20250703_chem3_28C_T00_1325,20250703_chem3_28C_T00_1325_A04_e01,1
20250703_chem3_28C_T00_1325,20250703_chem3_28C_T00_1325_A05_e01,1
20250703_chem3_28C_T00_1325,20250703_chem3_28C_T00_1325_A06_e01,1
20250703_chem3_28C_T00_1325,20250703_chem3_28C_T00_1325_A07_e01,1
20250703_chem3_28C_T00_1325,20250703_chem3_28C_T00_1325_B01_e01,1
20250703_chem3_28C_T00_1325,20250703_chem3_28C_T00_1325_B02_e01,1
20250703_chem3_28C_T00_1325,20250703_chem3_28C_T00_1325_B03_e01,1
20250703_chem3_28C_T00_1325,20250703_chem3_28C_T00_1325_B04_e01,1
20250703_chem3_28C_T00_1325,20250703_chem3_28C_T00_1325_B05_e01,1
20250703_chem3_28C_T00_1325,20250703_chem3_28C_T00_1325_B06_e01,1
20250703_chem3_28C_T00_1325,20250703_chem3_28C_T00_1325_B07_e01,1
20250703_chem3_28C_T00_1325,20250703_chem3_28C_T00_1325_C01_e01,1
20250703_chem3_28C_T00_1325,20250703_chem3_28C_T00_1325_C02_e01,1
20250703_chem3_28C_T00_1325,20250703_chem3_28C_T00_1325_C03_e01,1
20250703_chem3_28C_T00_1325,20250703_chem3_28C_T00_1325_C04_e01,1
20250703_chem3_28C_T00_1325,20250703_chem3_28C_T00_1325_C05_e01,1
20250703_chem3_28C_T00_1325,20250703_chem3_28C_T00_1325_C06_e01,1
20250703_chem3_28C_T00_1325,20250703_chem3_28C_T00_1325_C07_e01,1
20250703_chem3_28C_T00_1325,20250703_chem3_28C_T00_1325_D01_e01,1
20250703_chem3_28C_T00_1325,20250703_chem3_28C_T00_1325_D02_e01,1
20250703_chem3_28C_T00_1325,20250703_chem3_28C_T00_1325_D03_e01,1
20250703_chem3_28C_T00_1325,20250703_chem3_28C_T00_1325_D04_e01,1
20250703_chem3_28C_T00_1325,20250703_chem3_28C_T00_1325_D05_e01,1
20250703_chem3_28C_T00_1325,20250703_chem3_28C_T00_1325_D06_e01,1
20250703_chem3_28C_T00_1325,20250703_chem3_28C_T00_1325_D07_e01,1
20250703_chem3_28C_T00_1325,20250703_chem3_28C_T00_1325_E01_e01,1
20250703_chem3_28C_T00_1325,20250703_chem3_28C_T00_1325_E01_e02,1
20250703_chem3_28C_T00_1325,20250703_chem3_28C_T00_1325_E02_e01,1
20250703_chem3_28C_T00_1325,20250703_chem3_28C_T00_1325_E03_e01,1
20250703_chem3_28C_T00_1325,20250703_chem3_28C_T00_1325_E04_e01,1
20250703_chem3_28C_T00_1325,20250703_chem3_28C_T00_1325_E05_e01,1
20250703_chem3_28C_T00_1325,20250703_chem3_28C_T00_1325_E06_e01,1
20250703_chem3_28C_T00_1325,20250703_chem3_28C_T00_1325_E07_e01,1
20250703_chem3_28C_T00_1325,20250703_chem3_28C_T00_1325_F01_e01,1
20250703_chem3_28C_T00_1325,20250703_chem3_28C_T00_1325_F01_e02,1
20250703_chem3_28C_T00_1325,20250703_chem3_28C_T00_1325_F02_e01,1
20250703_chem3_28C_T00_1325,20250703_chem3_28C_T00_1325_F03_e01,1
20250703_chem3_28C_T00_1325,20250703_chem3_28C_T00_1325_F04_e01,1
20250703_chem3_28C_T00_1325,20250703_chem3_28C_T00_1325_F04_e02,1
20250703_chem3_28C_T00_1325,20250703_chem3_28C_T00_1325_F05_e01,1
20250703_chem3_28C_T00_1325,20250703_chem3_28C_T00_1325_F06_e01,1
20250703_chem3_28C_T00_1325,20250703_chem3_28C_T00_1325_F07_e01,1
20250703_chem3_28C_T00_1325,20250703_chem3_28C_T00_1325_G01_e01,1
20250703_chem3_28C_T00_1325,20250703_chem3_28C_T00_1325_G02_e01,1
20250703_chem3_28C_T00_1325,20250703_chem3_28C_T00_1325_G03_e01,1
20250703_chem3_28C_T00_1325,20250703_chem3_28C_T00_1325_G04_e01,1
20250703_chem3_28C_T00_1325,20250703_chem3_28C_T00_1325_G05_e01,1
20250703_chem3_28C_T00_1325,20250703_chem3_28C_T00_1325_G06_e01,1
20250703_chem3_28C_T00_1325,20250703_chem3_28C_T00_1325_G07_e01,1
20250703_chem3_28C_T00_1325,20250703_chem3_28C_T00_1325_H01_e01,1
20250703_chem3_28C_T00_1325,20250703_chem3_28C_T00_1325_H02_e01,1
20250703_chem3_28C_T00_1325,20250703_chem3_28C_T00_1325_H02_e02,1
20250703_chem3_28C_T00_1325,20250703_chem3_28C_T00_1325_H03_e01,1
20250703_chem3_28C_T00_1325,20250703_chem3_28C_T00_1325_H04_e01,1
20250703_chem3_28C_T00_1325,20250703_chem3_28C_T00_1325_H05_e01,1
20250703_chem3_28C_T00_1325,20250703_chem3_28C_T00_1325_H06_e01,1
20250703_chem3_28C_T00_1325,20250703_chem3_28C_T00_1325_H07_e01,1
20250703_chem3_28C_T00_1325,20250703_chem3_28C_T00_1325_H07_e02,1
20250703_chem3_34C_T00_1131,20250703_chem3_34C_T00_1131_A01_e01,1
20250703_chem3_34C_T00_1131,20250703_chem3_34C_T00_1131_A02_e01,1
20250703_chem3_34C_T00_1131,20250703_chem3_34C_T00_1131_A03_e01,1
20250703_chem3_34C_T00_1131,20250703_chem3_34C_T00_1131_A04_e01,1
20250703_chem3_34C_T00_1131,20250703_chem3_34C_T00_1131_A05_e01,1
20250703_chem3_34C_T00_1131,20250703_chem3_34C_T00_1131_A06_e01,1
20250703_chem3_34C_T00_1131,20250703_chem3_34C_T00_1131_A07_e01,1
20250703_chem3_34C_T00_1131,20250703_chem3_34C_T00_1131_B01_e01,1
20250703_chem3_34C_T00_1131,20250703_chem3_34C_T00_1131_B02_e01,1
20250703_chem3_34C_T00_1131,20250703_chem3_34C_T00_1131_B03_e01,1
20250703_chem3_34C_T00_1131,20250703_chem3_34C_T00_1131_B04_e01,1
20250703_chem3_34C_T00_1131,20250703_chem3_34C_T00_1131_B05_e01,1
20250703_chem3_34C_T00_1131,20250703_chem3_34C_T00_1131_B06_e01,1
20250703_chem3_34C_T00_1131,20250703_chem3_34C_T00_1131_B07_e01,1
20250703_chem3_34C_T00_1131,20250703_chem3_34C_T00_1131_C01_e01,1
20250703_chem3_34C_T00_1131,20250703_chem3_34C_T00_1131_C02_e01,1
20250703_chem3_34C_T00_1131,20250703_chem3_34C_T00_1131_C03_e01,1
20250703_chem3_34C_T00_1131,20250703_chem3_34C_T00_1131_C03_e02,1
20250703_chem3_34C_T00_1131,20250703_chem3_34C_T00_1131_C04_e01,1
20250703_chem3_34C_T00_1131,20250703_chem3_34C_T00_1131_C05_e01,1
20250703_chem3_34C_T00_1131,20250703_chem3_34C_T00_1131_C06_e01,1
20250703_chem3_34C_T00_1131,20250703_chem3_34C_T00_1131_C07_e01,1
20250703_chem3_34C_T00_1131,20250703_chem3_34C_T00_1131_D01_e01,1
20250703_chem3_34C_T00_1131,20250703_chem3_34C_T00_1131_D02_e01,1
20250703_chem3_34C_T00_1131,20250703_chem3_34C_T00_1131_D03_e01,1
20250703_chem3_34C_T00_1131,20250703_chem3_34C_T00_1131_D04_e01,1
20250703_chem3_34C_T00_1131,20250703_chem3_34C_T00_1131_D05_e01,1
20250703_chem3_34C_T00_1131,20250703_chem3_34C_T00_1131_D05_e02,1
20250703_chem3_34C_T00_1131,20250703_chem3_34C_T00_1131_D06_e01,1
20250703_chem3_34C_T00_1131,20250703_chem3_34C_T00_1131_D07_e01,1
20250703_chem3_34C_T00_1131,20250703_chem3_34C_T00_1131_E01_e01,1
20250703_chem3_34C_T00_1131,20250703_chem3_34C_T00_1131_E02_e01,1
20250703_chem3_34C_T00_1131,20250703_chem3_34C_T00_1131_E03_e01,1
20250703_chem3_34C_T00_1131,20250703_chem3_34C_T00_1131_E04_e01,1
20250703_chem3_34C_T00_1131,20250703_chem3_34C_T00_1131_E05_e01,1
20250703_chem3_34C_T00_1131,20250703_chem3_34C_T00_1131_E06_e01,1
20250703_chem3_34C_T00_1131,20250703_chem3_34C_T00_1131_E07_e01,1
20250703_chem3_34C_T00_1131,20250703_chem3_34C_T00_1131_F01_e01,1
20250703_chem3_34C_T00_1131,20250703_chem3_34C_T00_1131_F02_e01,1
20250703_chem3_34C_T00_1131,20250703_chem3_34C_T00_1131_F03_e01,1
20250703_chem3_34C_T00_1131,20250703_chem3_34C_T00_1131_F04_e01,1
20250703_chem3_34C_T00_1131,20250703_chem3_34C_T00_1131_F05_e01,1
20250703_chem3_34C_T00_1131,20250703_chem3_34C_T00_1131_F06_e01,1
20250703_chem3_34C_T00_1131,20250703_chem3_34C_T00_1131_F07_e01,1
20250703_chem3_34C_T00_1131,20250703_chem3_34C_T00_1131_G01_e01,1
20250703_chem3_34C_T00_1131,20250703_chem3_34C_T00_1131_G02_e01,1
20250703_chem3_34C_T00_1131,20250703_chem3_34C_T00_1131_G03_e01,1
20250703_chem3_34C_T00_1131,20250703_chem3_34C_T00_1131_G04_e01,1
20250703_chem3_34C_T00_1131,20250703_chem3_34C_T00_1131_G05_e01,1
20250703_chem3_34C_T00_1131,20250703_chem3_34C_T00_1131_G06_e01,1
20250703_chem3_34C_T00_1131,20250703_chem3_34C_T00_1131_G07_e01,1
20250703_chem3_34C_T00_1131,20250703_chem3_34C_T00_1131_H01_e01,1
20250703_chem3_34C_T00_1131,20250703_chem3_34C_T00_1131_H02_e01,1
20250703_chem3_34C_T00_1131,20250703_chem3_34C_T00_1131_H03_e01,1
20250703_chem3_34C_T00_1131,20250703_chem3_34C_T00_1131_H04_e01,1
20250703_chem3_34C_T00_1131,20250703_chem3_34C_T00_1131_H05_e01,1
20250703_chem3_34C_T00_1131,20250703_chem3_34C_T00_1131_H06_e01,1
20250703_chem3_34C_T00_1131,20250703_chem3_34C_T00_1131_H07_e01,1
20250703_chem3_34C_T01_1457,20250703_chem3_34C_T01_1457_A01_e01,1
20250703_chem3_34C_T01_1457,20250703_chem3_34C_T01_1457_A02_e01,1
20250703_chem3_34C_T01_1457,20250703_chem3_34C_T01_1457_A03_e01,1
20250703_chem3_34C_T01_1457,20250703_chem3_34C_T01_1457_A04_e01,1
20250703_chem3_34C_T01_1457,20250703_chem3_34C_T01_1457_A05_e01,1
20250703_chem3_34C_T01_1457,20250703_chem3_34C_T01_1457_A06_e01,1
20250703_chem3_34C_T01_1457,20250703_chem3_34C_T01_1457_A07_e01,1
20250703_chem3_34C_T01_1457,20250703_chem3_34C_T01_1457_B01_e01,1
20250703_chem3_34C_T01_1457,20250703_chem3_34C_T01_1457_B02_e01,1
20250703_chem3_34C_T01_1457,20250703_chem3_34C_T01_1457_B03_e01,1
20250703_chem3_34C_T01_1457,20250703_chem3_34C_T01_1457_B04_e01,1
20250703_chem3_34C_T01_1457,20250703_chem3_34C_T01_1457_B05_e01,1
20250703_chem3_34C_T01_1457,20250703_chem3_34C_T01_1457_B06_e01,1
20250703_chem3_34C_T01_1457,20250703_chem3_34C_T01_1457_B07_e01,1
20250703_chem3_34C_T01_1457,20250703_chem3_34C_T01_1457_C01_e01,1
20250703_chem3_34C_T01_1457,20250703_chem3_34C_T01_1457_C02_e01,1
20250703_chem3_34C_T01_1457,20250703_chem3_34C_T01_1457_C03_e01,1
20250703_chem3_34C_T01_1457,20250703_chem3_34C_T01_1457_C04_e01,1
20250703_chem3_34C_T01_1457,20250703_chem3_34C_T01_1457_C05_e01,1
20250703_chem3_34C_T01_1457,20250703_chem3_34C_T01_1457_C06_e01,1
20250703_chem3_34C_T01_1457,20250703_chem3_34C_T01_1457_C07_e01,1
20250703_chem3_34C_T01_1457,20250703_chem3_34C_T01_1457_D01_e01,1
20250703_chem3_34C_T01_1457,20250703_chem3_34C_T01_1457_D02_e01,1
20250703_chem3_34C_T01_1457,20250703_chem3_34C_T01_1457_D03_e01,1
20250703_chem3_34C_T01_1457,20250703_chem3_34C_T01_1457_D04_e01,1
20250703_chem3_34C_T01_1457,20250703_chem3_34C_T01_1457_D05_e01,1
20250703_chem3_34C_T01_1457,20250703_chem3_34C_T01_1457_D05_e02,1
20250703_chem3_34C_T01_1457,20250703_chem3_34C_T01_1457_D06_e01,1
20250703_chem3_34C_T01_1457,20250703_chem3_34C_T01_1457_D07_e01,1
20250703_chem3_34C_T01_1457,20250703_chem3_34C_T01_1457_E01_e01,1
20250703_chem3_34C_T01_1457,20250703_chem3_34C_T01_1457_E02_e01,1
20250703_chem3_34C_T01_1457,20250703_chem3_34C_T01_1457_E03_e01,1
20250703_chem3_34C_T01_1457,20250703_chem3_34C_T01_1457_E03_e02,1
20250703_chem3_34C_T01_1457,20250703_chem3_34C_T01_1457_E04_e01,1
20250703_chem3_34C_T01_1457,20250703_chem3_34C_T01_1457_E05_e01,1
20250703_chem3_34C_T01_1457,20250703_chem3_34C_T01_1457_E06_e01,1
20250703_chem3_34C_T01_1457,20250703_chem3_34C_T01_1457_E07_e01,1
20250703_chem3_34C_T01_1457,20250703_chem3_34C_T01_1457_F01_e01,1
20250703_chem3_34C_T01_1457,20250703_chem3_34C_T01_1457_F02_e01,1
20250703_chem3_34C_T01_1457,20250703_chem3_34C_T01_1457_F03_e01,1
20250703_chem3_34C_T01_1457,20250703_chem3_34C_T01_1457_F04_e01,1
20250703_chem3_34C_T01_1457,20250703_chem3_34C_T01_1457_F05_e01,1
20250703_chem3_34C_T01_1457,20250703_chem3_34C_T01_1457_F06_e01,1
20250703_chem3_34C_T01_1457,20250703_chem3_34C_T01_1457_F07_e01,1
20250703_chem3_34C_T01_1457,20250703_chem3_34C_T01_1457_F07_e02,1
20250703_chem3_34C_T01_1457,20250703_chem3_34C_T01_1457_G01_e01,1
20250703_chem3_34C_T01_1457,20250703_chem3_34C_T01_1457_G02_e01,1
20250703_chem3_34C_T01_1457,20250703_chem3_34C_T01_1457_G03_e01,1
20250703_chem3_34C_T01_1457,20250703_chem3_34C_T01_1457_G04_e01,1
20250703_chem3_34C_T01_1457,20250703_chem3_34C_T01_1457_G05_e01,1
20250703_chem3_34C_T01_1457,20250703_chem3_34C_T01_1457_G06_e01,1
20250703_chem3_34C_T01_1457,20250703_chem3_34C_T01_1457_G07_e01,1
20250703_chem3_34C_T01_1457,20250703_chem3_34C_T01_1457_H01_e01,1
20250703_chem3_34C_T01_1457,20250703_chem3_34C_T01_1457_H02_e01,1
20250703_chem3_34C_T01_1457,20250703_chem3_34C_T01_1457_H03_e01,1
20250703_chem3_34C_T01_1457,20250703_chem3_34C_T01_1457_H04_e01,1
20250703_chem3_34C_T01_1457,20250703_chem3_34C_T01_1457_H05_e01,1
20250703_chem3_34C_T01_1457,20250703_chem3_34C_T01_1457_H06_e01,1
20250703_chem3_34C_T01_1457,20250703_chem3_34C_T01_1457_H07_e01,1
20250703_chem3_35C_T00_1101,20250703_chem3_35C_T00_1101_A01_e01,1
20250703_chem3_35C_T00_1101,20250703_chem3_35C_T00_1101_A01_e02,1
20250703_chem3_35C_T00_1101,20250703_chem3_35C_T00_1101_A02_e01,1
20250703_chem3_35C_T00_1101,20250703_chem3_35C_T00_1101_A03_e01,1
20250703_chem3_35C_T00_1101,20250703_chem3_35C_T00_1101_A04_e01,1
20250703_chem3_35C_T00_1101,20250703_chem3_35C_T00_1101_A04_e02,1
20250703_chem3_35C_T00_1101,20250703_chem3_35C_T00_1101_A05_e01,1
20250703_chem3_35C_T00_1101,20250703_chem3_35C_T00_1101_A06_e01,1
20250703_chem3_35C_T00_1101,20250703_chem3_35C_T00_1101_A07_e01,1
20250703_chem3_35C_T00_1101,20250703_chem3_35C_T00_1101_B01_e01,1
20250703_chem3_35C_T00_1101,20250703_chem3_35C_T00_1101_B01_e02,1
20250703_chem3_35C_T00_1101,20250703_chem3_35C_T00_1101_B02_e01,1
20250703_chem3_35C_T00_1101,20250703_chem3_35C_T00_1101_B03_e01,1
20250703_chem3_35C_T00_1101,20250703_chem3_35C_T00_1101_B04_e01,1
20250703_chem3_35C_T00_1101,20250703_chem3_35C_T00_1101_B05_e01,1
20250703_chem3_35C_T00_1101,20250703_chem3_35C_T00_1101_B06_e01,1
20250703_chem3_35C_T00_1101,20250703_chem3_35C_T00_1101_B07_e01,1
20250703_chem3_35C_T00_1101,20250703_chem3_35C_T00_1101_C01_e01,1
20250703_chem3_35C_T00_1101,20250703_chem3_35C_T00_1101_C02_e01,1
20250703_chem3_35C_T00_1101,20250703_chem3_35C_T00_1101_C03_e01,1
20250703_chem3_35C_T00_1101,20250703_chem3_35C_T00_1101_C04_e01,1
20250703_chem3_35C_T00_1101,20250703_chem3_35C_T00_1101_C05_e01,1
20250703_chem3_35C_T00_1101,20250703_chem3_35C_T00_1101_C06_e01,1
20250703_chem3_35C_T00_1101,20250703_chem3_35C_T00_1101_C07_e01,1
20250703_chem3_35C_T00_1101,20250703_chem3_35C_T00_1101_C07_e02,1
20250703_chem3_35C_T00_1101,20250703_chem3_35C_T00_1101_D01_e01,1
20250703_chem3_35C_T00_1101,20250703_chem3_35C_T00_1101_D02_e01,1
20250703_chem3_35C_T00_1101,20250703_chem3_35C_T00_1101_D03_e01,1
20250703_chem3_35C_T00_1101,20250703_chem3_35C_T00_1101_D04_e01,1
20250703_chem3_35C_T00_1101,20250703_chem3_35C_T00_1101_D05_e01,1
20250703_chem3_35C_T00_1101,20250703_chem3_35C_T00_1101_D05_e02,1
20250703_chem3_35C_T00_1101,20250703_chem3_35C_T00_1101_D06_e01,1
20250703_chem3_35C_T00_1101,20250703_chem3_35C_T00_1101_D07_e01,1
20250703_chem3_35C_T00_1101,20250703_chem3_35C_T00_1101_E01_e01,1
20250703_chem3_35C_T00_1101,20250703_chem3_35C_T00_1101_E02_e01,1
20250703_chem3_35C_T00_1101,20250703_chem3_35C_T00_1101_E02_e02,1
20250703_chem3_35C_T00_1101,20250703_chem3_35C_T00_1101_E03_e01,1
20250703_chem3_35C_T00_1101,20250703_chem3_35C_T00_1101_E04_e01,1
20250703_chem3_35C_T00_1101,20250703_chem3_35C_T00_1101_E05_e01,1
20250703_chem3_35C_T00_1101,20250703_chem3_35C_T00_1101_E06_e01,1
20250703_chem3_35C_T00_1101,20250703_chem3_35C_T00_1101_E07_e01,1
20250703_chem3_35C_T00_1101,20250703_chem3_35C_T00_1101_F01_e01,1
20250703_chem3_35C_T00_1101,20250703_chem3_35C_T00_1101_F02_e01,1
20250703_chem3_35C_T00_1101,20250703_chem3_35C_T00_1101_F03_e01,1
20250703_chem3_35C_T00_1101,20250703_chem3_35C_T00_1101_F04_e01,1
20250703_chem3_35C_T00_1101,20250703_chem3_35C_T00_1101_F05_e01,1
20250703_chem3_35C_T00_1101,20250703_chem3_35C_T00_1101_F05_e02,1
20250703_chem3_35C_T00_1101,20250703_chem3_35C_T00_1101_F06_e01,1
20250703_chem3_35C_T00_1101,20250703_chem3_35C_T00_1101_F07_e01,1
20250703_chem3_35C_T00_1101,20250703_chem3_35C_T00_1101_G01_e01,1
20250703_chem3_35C_T00_1101,20250703_chem3_35C_T00_1101_G02_e01,1
20250703_chem3_35C_T00_1101,20250703_chem3_35C_T00_1101_G03_e01,1
20250703_chem3_35C_T00_1101,20250703_chem3_35C_T00_1101_G04_e01,1
20250703_chem3_35C_T00_1101,20250703_chem3_35C_T00_1101_G04_e02,1
20250703_chem3_35C_T00_1101,20250703_chem3_35C_T00_1101_G05_e01,1
20250703_chem3_35C_T00_1101,20250703_chem3_35C_T00_1101_G06_e01,1
20250703_chem3_35C_T00_1101,20250703_chem3_35C_T00_1101_G07_e01,1
20250703_chem3_35C_T00_1101,20250703_chem3_35C_T00_1101_H01_e01,1
20250703_chem3_35C_T00_1101,20250703_chem3_35C_T00_1101_H02_e01,1
20250703_chem3_35C_T00_1101,20250703_chem3_35C_T00_1101_H02_e02,1
20250703_chem3_35C_T00_1101,20250703_chem3_35C_T00_1101_H03_e01,1
20250703_chem3_35C_T00_1101,20250703_chem3_35C_T00_1101_H04_e01,1
20250703_chem3_35C_T00_1101,20250703_chem3_35C_T00_1101_H05_e01,1
20250703_chem3_35C_T00_1101,20250703_chem3_35C_T00_1101_H06_e01,1
20250703_chem3_35C_T00_1101,20250703_chem3_35C_T00_1101_H07_e01,1
20250703_chem3_35C_T01_1437,20250703_chem3_35C_T01_1437_A01_e01,1
20250703_chem3_35C_T01_1437,20250703_chem3_35C_T01_1437_A02_e01,1
20250703_chem3_35C_T01_1437,20250703_chem3_35C_T01_1437_A03_e01,1
20250703_chem3_35C_T01_1437,20250703_chem3_35C_T01_1437_A04_e01,1
20250703_chem3_35C_T01_1437,20250703_chem3_35C_T01_1437_A05_e01,1
20250703_chem3_35C_T01_1437,20250703_chem3_35C_T01_1437_A06_e01,1
20250703_chem3_35C_T01_1437,20250703_chem3_35C_T01_1437_A07_e01,1
20250703_chem3_35C_T01_1437,20250703_chem3_35C_T01_1437_B01_e01,1
20250703_chem3_35C_T01_1437,20250703_chem3_35C_T01_1437_B02_e01,1
20250703_chem3_35C_T01_1437,20250703_chem3_35C_T01_1437_B02_e02,1
20250703_chem3_35C_T01_1437,20250703_chem3_35C_T01_1437_B03_e01,1
20250703_chem3_35C_T01_1437,20250703_chem3_35C_T01_1437_B04_e01,1
20250703_chem3_35C_T01_1437,20250703_chem3_35C_T01_1437_B05_e01,1
20250703_chem3_35C_T01_1437,20250703_chem3_35C_T01_1437_B06_e01,1
20250703_chem3_35C_T01_1437,20250703_chem3_35C_T01_1437_B07_e01,1
20250703_chem3_35C_T01_1437,20250703_chem3_35C_T01_1437_C01_e01,1
20250703_chem3_35C_T01_1437,20250703_chem3_35C_T01_1437_C02_e01,1
20250703_chem3_35C_T01_1437,20250703_chem3_35C_T01_1437_C03_e01,1
20250703_chem3_35C_T01_1437,20250703_chem3_35C_T01_1437_C04_e01,1
20250703_chem3_35C_T01_1437,20250703_chem3_35C_T01_1437_C05_e01,1
20250703_chem3_35C_T01_1437,20250703_chem3_35C_T01_1437_C06_e01,1
20250703_chem3_35C_T01_1437,20250703_chem3_35C_T01_1437_C07_e01,1
20250703_chem3_35C_T01_1437,20250703_chem3_35C_T01_1437_D01_e01,1
20250703_chem3_35C_T01_1437,20250703_chem3_35C_T01_1437_D02_e01,1
20250703_chem3_35C_T01_1437,20250703_chem3_35C_T01_1437_D03_e01,1
20250703_chem3_35C_T01_1437,20250703_chem3_35C_T01_1437_D04_e01,1
20250703_chem3_35C_T01_1437,20250703_chem3_35C_T01_1437_D05_e01,1
20250703_chem3_35C_T01_1437,20250703_chem3_35C_T01_1437_D06_e01,1
20250703_chem3_35C_T01_1437,20250703_chem3_35C_T01_1437_D07_e01,1
20250703_chem3_35C_T01_1437,20250703_chem3_35C_T01_1437_E01_e01,1
20250703_chem3_35C_T01_1437,20250703_chem3_35C_T01_1437_E02_e01,1
20250703_chem3_35C_T01_1437,20250703_chem3_35C_T01_1437_E03_e01,1
20250703_chem3_35C_T01_1437,20250703_chem3_35C_T01_1437_E04_e01,1
20250703_chem3_35C_T01_1437,20250703_chem3_35C_T01_1437_E05_e01,1
20250703_chem3_35C_T01_1437,20250703_chem3_35C_T01_1437_E06_e01,1
20250703_chem3_35C_T01_1437,20250703_chem3_35C_T01_1437_E07_e01,1
20250703_chem3_35C_T01_1437,20250703_chem3_35C_T01_1437_F01_e01,1
20250703_chem3_35C_T01_1437,20250703_chem3_35C_T01_1437_F02_e01,1
20250703_chem3_35C_T01_1437,20250703_chem3_35C_T01_1437_F03_e01,1
20250703_chem3_35C_T01_1437,20250703_chem3_35C_T01_1437_F04_e01,1
20250703_chem3_35C_T01_1437,20250703_chem3_35C_T01_1437_F05_e01,1
20250703_chem3_35C_T01_1437,20250703_chem3_35C_T01_1437_F06_e01,1
20250703_chem3_35C_T01_1437,20250703_chem3_35C_T01_1437_F07_e01,1
20250703_chem3_35C_T01_1437,20250703_chem3_35C_T01_1437_G01_e01,1
20250703_chem3_35C_T01_1437,20250703_chem3_35C_T01_1437_G02_e01,1
20250703_chem3_35C_T01_1437,20250703_chem3_35C_T01_1437_G03_e01,1
20250703_chem3_35C_T01_1437,20250703_chem3_35C_T01_1437_G03_e02,1
20250703_chem3_35C_T01_1437,20250703_chem3_35C_T01_1437_G04_e01,1
20250703_chem3_35C_T01_1437,20250703_chem3_35C_T01_1437_G05_e01,1
20250703_chem3_35C_T01_1437,20250703_chem3_35C_T01_1437_G06_e01,1
20250703_chem3_35C_T01_1437,20250703_chem3_35C_T01_1437_G07_e01,1
20250703_chem3_35C_T01_1437,20250703_chem3_35C_T01_1437_H01_e01,1
20250703_chem3_35C_T01_1437,20250703_chem3_35C_T01_1437_H02_e01,1
20250703_chem3_35C_T01_1437,20250703_chem3_35C_T01_1437_H03_e01,1
20250703_chem3_35C_T01_1437,20250703_chem3_35C_T01_1437_H04_e01,1
20250703_chem3_35C_T01_1437,20250703_chem3_35C_T01_1437_H05_e01,1
20250703_chem3_35C_T01_1437,20250703_chem3_35C_T01_1437_H06_e01,1
20250703_chem3_35C_T01_1437,20250703_chem3_35C_T01_1437_H07_e01,1
20250711,20250711_A01_e01,179
20250711,20250711_A02_e01,179
20250711,20250711_A03_e01,179
20250711,20250711_A04_e01,179
20250711,20250711_A05_e01,179
20250711,20250711_A05_e02,179
20250711,20250711_A06_e01,179
20250711,20250711_A07_e01,179
20250711,20250711_A09_e01,179
20250711,20250711_A10_e01,179
20250711,20250711_A11_e01,179
20250711,20250711_A12_e01,179
20250711,20250711_B01_e01,179
20250711,20250711_B02_e01,179
20250711,20250711_B03_e01,179
20250711,20250711_B03_e02,179
20250711,20250711_B04_e01,179
20250711,20250711_B04_e02,179
20250711,20250711_B05_e01,179
20250711,20250711_B06_e01,179
20250711,20250711_B07_e01,179
20250711,20250711_B08_e01,179
20250711,20250711_B09_e01,179
20250711,20250711_B09_e02,179
20250711,20250711_B10_e01,179
20250711,20250711_B11_e01,179
20250711,20250711_B12_e01,179
20250711,20250711_C01_e01,179
20250711,20250711_C01_e02,179
20250711,20250711_C02_e01,179
20250711,20250711_C02_e02,179
20250711,20250711_C03_e01,179
20250711,20250711_C05_e01,179
20250711,20250711_C06_e01,179
20250711,20250711_C07_e01,179
20250711,20250711_C08_e01,179
20250711,20250711_C09_e01,179
20250711,20250711_C10_e01,179
20250711,20250711_C11_e01,179
20250711,20250711_C12_e01,179
20250711,20250711_C12_e02,179
20250711,20250711_C12_e03,179
20250711,20250711_D01_e01,179
20250711,20250711_D02_e01,179
20250711,20250711_D03_e01,179
20250711,20250711_D04_e01,179
20250711,20250711_D04_e02,179
20250711,20250711_D05_e01,179
20250711,20250711_D05_e02,179
20250711,20250711_D05_e03,179
20250711,20250711_D05_e04,179
20250711,20250711_D06_e01,179
20250711,20250711_D07_e01,179
20250711,20250711_D08_e01,179
20250711,20250711_D09_e01,179
20250711,20250711_D10_e01,179
20250711,20250711_D11_e01,179
20250711,20250711_D12_e01,179
20250711,20250711_D12_e02,54
20250711,20250711_E01_e01,179
20250711,20250711_E02_e01,179
20250711,20250711_E02_e02,179
20250711,20250711_E03_e01,179
20250711,20250711_E04_e01,179
20250711,20250711_E05_e01,179
20250711,20250711_E06_e01,179
20250711,20250711_E07_e01,179
20250711,20250711_E08_e01,179
20250711,20250711_E09_e01,179
20250711,20250711_E10_e01,179
20250711,20250711_E11_e01,179
20250711,20250711_E12_e01,179
20250711,20250711_F01_e01,179
20250711,20250711_F02_e01,179
20250711,20250711_F03_e01,179
20250711,20250711_F04_e01,179
20250711,20250711_F05_e01,179
20250711,20250711_F06_e01,179
20250711,20250711_F06_e02,179
20250711,20250711_F07_e01,179
20250711,20250711_F08_e01,179
20250711,20250711_F09_e01,179
20250711,20250711_F10_e01,179
20250711,20250711_F11_e01,179
20250711,20250711_F12_e01,179
20250711,20250711_G01_e01,179
20250711,20250711_G02_e01,179
20250711,20250711_G03_e01,179
20250711,20250711_G03_e02,179
20250711,20250711_G04_e01,179
20250711,20250711_G05_e01,179
20250711,20250711_G06_e01,179
20250711,20250711_G07_e01,179
20250711,20250711_G08_e01,179
20250711,20250711_G09_e01,179
20250711,20250711_G10_e01,179
20250711,20250711_G11_e01,179
20250711,20250711_G12_e01,179
20250711,20250711_H01_e01,179
20250711,20250711_H03_e01,179
20250711,20250711_H04_e01,179
20250711,20250711_H05_e01,179
20250711,20250711_H06_e01,179
20250711,20250711_H07_e01,179
20250711,20250711_H07_e02,179
20250711,20250711_H08_e01,179
20250711,20250711_H09_e01,179
20250711,20250711_H10_e01,179
20250711,20250711_H11_e01,179
20250711,20250711_H12_e01,179
20250711,20250711_H12_e02,158
20250716_chem4_28C_T00_1158,20250716_chem4_28C_T00_1158_A01_e01,1
20250716_chem4_28C_T00_1158,20250716_chem4_28C_T00_1158_A02_e01,1
20250716_chem4_28C_T00_1158,20250716_chem4_28C_T00_1158_A03_e01,1
20250716_chem4_28C_T00_1158,20250716_chem4_28C_T00_1158_A04_e01,1
20250716_chem4_28C_T00_1158,20250716_chem4_28C_T00_1158_A05_e01,1
20250716_chem4_28C_T00_1158,20250716_chem4_28C_T00_1158_A06_e01,1
20250716_chem4_28C_T00_1158,20250716_chem4_28C_T00_1158_A07_e01,1
20250716_chem4_28C_T00_1158,20250716_chem4_28C_T00_1158_A08_e01,1
20250716_chem4_28C_T00_1158,20250716_chem4_28C_T00_1158_A09_e01,1
20250716_chem4_28C_T00_1158,20250716_chem4_28C_T00_1158_A10_e01,1
20250716_chem4_28C_T00_1158,20250716_chem4_28C_T00_1158_A11_e01,1
20250716_chem4_28C_T00_1158,20250716_chem4_28C_T00_1158_B01_e01,1
20250716_chem4_28C_T00_1158,20250716_chem4_28C_T00_1158_B02_e01,1
20250716_chem4_28C_T00_1158,20250716_chem4_28C_T00_1158_B03_e01,1
20250716_chem4_28C_T00_1158,20250716_chem4_28C_T00_1158_B04_e01,1
20250716_chem4_28C_T00_1158,20250716_chem4_28C_T00_1158_B05_e01,1
20250716_chem4_28C_T00_1158,20250716_chem4_28C_T00_1158_B06_e01,1
20250716_chem4_28C_T00_1158,20250716_chem4_28C_T00_1158_B07_e01,1
20250716_chem4_28C_T00_1158,20250716_chem4_28C_T00_1158_B08_e01,1
20250716_chem4_28C_T00_1158,20250716_chem4_28C_T00_1158_B09_e01,1
20250716_chem4_28C_T00_1158,20250716_chem4_28C_T00_1158_B10_e01,1
20250716_chem4_28C_T00_1158,20250716_chem4_28C_T00_1158_B11_e01,1
20250716_chem4_28C_T00_1158,20250716_chem4_28C_T00_1158_C01_e01,1
20250716_chem4_28C_T00_1158,20250716_chem4_28C_T00_1158_C02_e01,1
20250716_chem4_28C_T00_1158,20250716_chem4_28C_T00_1158_C03_e01,1
20250716_chem4_28C_T00_1158,20250716_chem4_28C_T00_1158_C03_e02,1
20250716_chem4_28C_T00_1158,20250716_chem4_28C_T00_1158_C04_e01,1
20250716_chem4_28C_T00_1158,20250716_chem4_28C_T00_1158_C05_e01,1
20250716_chem4_28C_T00_1158,20250716_chem4_28C_T00_1158_C06_e01,1
20250716_chem4_28C_T00_1158,20250716_chem4_28C_T00_1158_C07_e01,1
20250716_chem4_28C_T00_1158,20250716_chem4_28C_T00_1158_C08_e01,1
20250716_chem4_28C_T00_1158,20250716_chem4_28C_T00_1158_C09_e01,1
20250716_chem4_28C_T00_1158,20250716_chem4_28C_T00_1158_C10_e01,1
20250716_chem4_28C_T00_1158,20250716_chem4_28C_T00_1158_C11_e01,1
20250716_chem4_28C_T00_1158,20250716_chem4_28C_T00_1158_C11_e02,1
20250716_chem4_28C_T00_1158,20250716_chem4_28C_T00_1158_D01_e01,1
20250716_chem4_28C_T00_1158,20250716_chem4_28C_T00_1158_D02_e01,1
20250716_chem4_28C_T00_1158,20250716_chem4_28C_T00_1158_D03_e01,1
20250716_chem4_28C_T00_1158,20250716_chem4_28C_T00_1158_D04_e01,1
20250716_chem4_28C_T00_1158,20250716_chem4_28C_T00_1158_D05_e01,1
20250716_chem4_28C_T00_1158,20250716_chem4_28C_T00_1158_D05_e02,1
20250716_chem4_28C_T00_1158,20250716_chem4_28C_T00_1158_D06_e01,1
20250716_chem4_28C_T00_1158,20250716_chem4_28C_T00_1158_D07_e01,1
20250716_chem4_28C_T00_1158,20250716_chem4_28C_T00_1158_D08_e01,1
20250716_chem4_28C_T00_1158,20250716_chem4_28C_T00_1158_D09_e01,1
20250716_chem4_28C_T00_1158,20250716_chem4_28C_T00_1158_D10_e01,1
20250716_chem4_28C_T00_1158,20250716_chem4_28C_T00_1158_D11_e01,1
20250716_chem4_28C_T00_1158,20250716_chem4_28C_T00_1158_E01_e01,1
20250716_chem4_28C_T00_1158,20250716_chem4_28C_T00_1158_E02_e01,1
20250716_chem4_28C_T00_1158,20250716_chem4_28C_T00_1158_E03_e01,1
20250716_chem4_28C_T00_1158,20250716_chem4_28C_T00_1158_E04_e01,1
20250716_chem4_28C_T00_1158,20250716_chem4_28C_T00_1158_E05_e01,1
20250716_chem4_28C_T00_1158,20250716_chem4_28C_T00_1158_E06_e01,1
20250716_chem4_28C_T00_1158,20250716_chem4_28C_T00_1158_E07_e01,1
20250716_chem4_28C_T00_1158,20250716_chem4_28C_T00_1158_E08_e01,1
20250716_chem4_28C_T00_1158,20250716_chem4_28C_T00_1158_E09_e01,1
20250716_chem4_28C_T00_1158,20250716_chem4_28C_T00_1158_E10_e01,1
20250716_chem4_28C_T00_1158,20250716_chem4_28C_T00_1158_E11_e01,1
20250716_chem4_28C_T00_1158,20250716_chem4_28C_T00_1158_F01_e01,1
20250716_chem4_28C_T00_1158,20250716_chem4_28C_T00_1158_F02_e01,1
20250716_chem4_28C_T00_1158,20250716_chem4_28C_T00_1158_F02_e02,1
20250716_chem4_28C_T00_1158,20250716_chem4_28C_T00_1158_F03_e01,1
20250716_chem4_28C_T00_1158,20250716_chem4_28C_T00_1158_F04_e01,1
20250716_chem4_28C_T00_1158,20250716_chem4_28C_T00_1158_F05_e01,1
20250716_chem4_28C_T00_1158,20250716_chem4_28C_T00_1158_F07_e01,1
20250716_chem4_28C_T00_1158,20250716_chem4_28C_T00_1158_F08_e01,1
20250716_chem4_28C_T00_1158,20250716_chem4_28C_T00_1158_F09_e01,1
20250716_chem4_28C_T00_1158,20250716_chem4_28C_T00_1158_F11_e01,1
20250716_chem4_28C_T00_1158,20250716_chem4_28C_T00_1158_G01_e01,1
20250716_chem4_28C_T00_1158,20250716_chem4_28C_T00_1158_G02_e01,1
20250716_chem4_28C_T00_1158,20250716_chem4_28C_T00_1158_G03_e01,1
20250716_chem4_28C_T00_1158,20250716_chem4_28C_T00_1158_G04_e01,1
20250716_chem4_28C_T00_1158,20250716_chem4_28C_T00_1158_G05_e01,1
20250716_chem4_28C_T00_1158,20250716_chem4_28C_T00_1158_G06_e01,1
20250716_chem4_28C_T00_1158,20250716_chem4_28C_T00_1158_G07_e01,1
20250716_chem4_28C_T00_1158,20250716_chem4_28C_T00_1158_G08_e01,1
20250716_chem4_28C_T00_1158,20250716_chem4_28C_T00_1158_G09_e01,1
20250716_chem4_28C_T00_1158,20250716_chem4_28C_T00_1158_G11_e01,1
20250716_chem4_28C_T00_1158,20250716_chem4_28C_T00_1158_H01_e01,1
20250716_chem4_28C_T00_1158,20250716_chem4_28C_T00_1158_H02_e01,1
20250716_chem4_28C_T00_1158,20250716_chem4_28C_T00_1158_H03_e01,1
20250716_chem4_28C_T00_1158,20250716_chem4_28C_T00_1158_H05_e01,1
20250716_chem4_28C_T00_1158,20250716_chem4_28C_T00_1158_H07_e01,1
20250716_chem4_28C_T00_1158,20250716_chem4_28C_T00_1158_H08_e01,1
20250716_chem4_28C_T00_1158,20250716_chem4_28C_T00_1158_H09_e01,1
20250716_chem4_28C_T00_1158,20250716_chem4_28C_T00_1158_H11_e01,1
20250716_chem4_28C_T00_1158,20250716_chem4_28C_T00_1158_H12_e01,1
20250716_chem4_28C_T01_1400,20250716_chem4_28C_T01_1400_A01_e01,1
20250716_chem4_28C_T01_1400,20250716_chem4_28C_T01_1400_A02_e01,1
20250716_chem4_28C_T01_1400,20250716_chem4_28C_T01_1400_A03_e01,1
20250716_chem4_28C_T01_1400,20250716_chem4_28C_T01_1400_A03_e02,1
20250716_chem4_28C_T01_1400,20250716_chem4_28C_T01_1400_A04_e01,1
20250716_chem4_28C_T01_1400,20250716_chem4_28C_T01_1400_A05_e01,1
20250716_chem4_28C_T01_1400,20250716_chem4_28C_T01_1400_A06_e01,1
20250716_chem4_28C_T01_1400,20250716_chem4_28C_T01_1400_A07_e01,1
20250716_chem4_28C_T01_1400,20250716_chem4_28C_T01_1400_A07_e02,1
20250716_chem4_28C_T01_1400,20250716_chem4_28C_T01_1400_A08_e01,1
20250716_chem4_28C_T01_1400,20250716_chem4_28C_T01_1400_A09_e01,1
20250716_chem4_28C_T01_1400,20250716_chem4_28C_T01_1400_A10_e01,1
20250716_chem4_28C_T01_1400,20250716_chem4_28C_T01_1400_A11_e01,1
20250716_chem4_28C_T01_1400,20250716_chem4_28C_T01_1400_B01_e01,1
20250716_chem4_28C_T01_1400,20250716_chem4_28C_T01_1400_B02_e01,1
20250716_chem4_28C_T01_1400,20250716_chem4_28C_T01_1400_B03_e01,1
20250716_chem4_28C_T01_1400,20250716_chem4_28C_T01_1400_B04_e01,1
20250716_chem4_28C_T01_1400,20250716_chem4_28C_T01_1400_B05_e01,1
20250716_chem4_28C_T01_1400,20250716_chem4_28C_T01_1400_B06_e01,1
20250716_chem4_28C_T01_1400,20250716_chem4_28C_T01_1400_B07_e01,1
20250716_chem4_28C_T01_1400,20250716_chem4_28C_T01_1400_B08_e01,1
20250716_chem4_28C_T01_1400,20250716_chem4_28C_T01_1400_B09_e01,1
20250716_chem4_28C_T01_1400,20250716_chem4_28C_T01_1400_B09_e02,1
20250716_chem4_28C_T01_1400,20250716_chem4_28C_T01_1400_B10_e01,1
20250716_chem4_28C_T01_1400,20250716_chem4_28C_T01_1400_B11_e01,1
20250716_chem4_28C_T01_1400,20250716_chem4_28C_T01_1400_C01_e01,1
20250716_chem4_28C_T01_1400,20250716_chem4_28C_T01_1400_C02_e01,1
20250716_chem4_28C_T01_1400,20250716_chem4_28C_T01_1400_C03_e01,1
20250716_chem4_28C_T01_1400,20250716_chem4_28C_T01_1400_C04_e01,1
20250716_chem4_28C_T01_1400,20250716_chem4_28C_T01_1400_C05_e01,1
20250716_chem4_28C_T01_1400,20250716_chem4_28C_T01_1400_C06_e01,1
20250716_chem4_28C_T01_1400,20250716_chem4_28C_T01_1400_C07_e01,1
20250716_chem4_28C_T01_1400,20250716_chem4_28C_T01_1400_C08_e01,1
20250716_chem4_28C_T01_1400,20250716_chem4_28C_T01_1400_C09_e01,1
20250716_chem4_28C_T01_1400,20250716_chem4_28C_T01_1400_C09_e02,1
20250716_chem4_28C_T01_1400,20250716_chem4_28C_T01_1400_C10_e01,1
20250716_chem4_28C_T01_1400,20250716_chem4_28C_T01_1400_C11_e01,1
20250716_chem4_28C_T01_1400,20250716_chem4_28C_T01_1400_C11_e02,1
20250716_chem4_28C_T01_1400,20250716_chem4_28C_T01_1400_D01_e01,1
20250716_chem4_28C_T01_1400,20250716_chem4_28C_T01_1400_D02_e01,1
20250716_chem4_28C_T01_1400,20250716_chem4_28C_T01_1400_D03_e01,1
20250716_chem4_28C_T01_1400,20250716_chem4_28C_T01_1400_D04_e01,1
20250716_chem4_28C_T01_1400,20250716_chem4_28C_T01_1400_D05_e01,1
20250716_chem4_28C_T01_1400,20250716_chem4_28C_T01_1400_D06_e01,1
20250716_chem4_28C_T01_1400,20250716_chem4_28C_T01_1400_D07_e01,1
20250716_chem4_28C_T01_1400,20250716_chem4_28C_T01_1400_D08_e01,1
20250716_chem4_28C_T01_1400,20250716_chem4_28C_T01_1400_D09_e01,1
20250716_chem4_28C_T01_1400,20250716_chem4_28C_T01_1400_D10_e01,1
20250716_chem4_28C_T01_1400,20250716_chem4_28C_T01_1400_D11_e01,1
20250716_chem4_28C_T01_1400,20250716_chem4_28C_T01_1400_E01_e01,1
20250716_chem4_28C_T01_1400,20250716_chem4_28C_T01_1400_E01_e02,1
20250716_chem4_28C_T01_1400,20250716_chem4_28C_T01_1400_E02_e01,1
20250716_chem4_28C_T01_1400,20250716_chem4_28C_T01_1400_E03_e01,1
20250716_chem4_28C_T01_1400,20250716_chem4_28C_T01_1400_E03_e02,1
20250716_chem4_28C_T01_1400,20250716_chem4_28C_T01_1400_E04_e01,1
20250716_chem4_28C_T01_1400,20250716_chem4_28C_T01_1400_E05_e01,1
20250716_chem4_28C_T01_1400,20250716_chem4_28C_T01_1400_E06_e01,1
20250716_chem4_28C_T01_1400,20250716_chem4_28C_T01_1400_E07_e01,1
20250716_chem4_28C_T01_1400,20250716_chem4_28C_T01_1400_E07_e02,1
20250716_chem4_28C_T01_1400,20250716_chem4_28C_T01_1400_E08_e01,1
20250716_chem4_28C_T01_1400,20250716_chem4_28C_T01_1400_E09_e01,1
20250716_chem4_28C_T01_1400,20250716_chem4_28C_T01_1400_E10_e01,1
20250716_chem4_28C_T01_1400,20250716_chem4_28C_T01_1400_E11_e01,1
20250716_chem4_28C_T01_1400,20250716_chem4_28C_T01_1400_F01_e01,1
20250716_chem4_28C_T01_1400,20250716_chem4_28C_T01_1400_F02_e01,1
20250716_chem4_28C_T01_1400,20250716_chem4_28C_T01_1400_F02_e02,1
20250716_chem4_28C_T01_1400,20250716_chem4_28C_T01_1400_F03_e01,1
20250716_chem4_28C_T01_1400,20250716_chem4_28C_T01_1400_F04_e01,1
20250716_chem4_28C_T01_1400,20250716_chem4_28C_T01_1400_F05_e01,1
20250716_chem4_28C_T01_1400,20250716_chem4_28C_T01_1400_F07_e01,1
20250716_chem4_28C_T01_1400,20250716_chem4_28C_T01_1400_F08_e01,1
20250716_chem4_28C_T01_1400,20250716_chem4_28C_T01_1400_F09_e01,1
20250716_chem4_28C_T01_1400,20250716_chem4_28C_T01_1400_F11_e01,1
20250716_chem4_28C_T01_1400,20250716_chem4_28C_T01_1400_G01_e01,1
20250716_chem4_28C_T01_1400,20250716_chem4_28C_T01_1400_G02_e01,1
20250716_chem4_28C_T01_1400,20250716_chem4_28C_T01_1400_G03_e01,1
20250716_chem4_28C_T01_1400,20250716_chem4_28C_T01_1400_G04_e01,1
20250716_chem4_28C_T01_1400,20250716_chem4_28C_T01_1400_G05_e01,1
20250716_chem4_28C_T01_1400,20250716_chem4_28C_T01_1400_G06_e01,1
20250716_chem4_28C_T01_1400,20250716_chem4_28C_T01_1400_G07_e01,1
20250716_chem4_28C_T01_1400,20250716_chem4_28C_T01_1400_G08_e01,1
20250716_chem4_28C_T01_1400,20250716_chem4_28C_T01_1400_G09_e01,1
20250716_chem4_28C_T01_1400,20250716_chem4_28C_T01_1400_G11_e01,1
20250716_chem4_28C_T01_1400,20250716_chem4_28C_T01_1400_G12_e01,1
20250716_chem4_28C_T01_1400,20250716_chem4_28C_T01_1400_H01_e01,1
20250716_chem4_28C_T01_1400,20250716_chem4_28C_T01_1400_H02_e01,1
20250716_chem4_28C_T01_1400,20250716_chem4_28C_T01_1400_H03_e01,1
20250716_chem4_28C_T01_1400,20250716_chem4_28C_T01_1400_H05_e01,1
20250716_chem4_28C_T01_1400,20250716_chem4_28C_T01_1400_H05_e02,1
20250716_chem4_28C_T01_1400,20250716_chem4_28C_T01_1400_H07_e01,1
20250716_chem4_28C_T01_1400,20250716_chem4_28C_T01_1400_H08_e01,1
20250716_chem4_28C_T01_1400,20250716_chem4_28C_T01_1400_H09_e01,1
20250716_chem4_28C_T01_1400,20250716_chem4_28C_T01_1400_H11_e01,1
20250716_chem4_28C_T01_1400,20250716_chem4_28C_T01_1400_H12_e01,1
20250716_chem4_34C_T00_1014,20250716_chem4_34C_T00_1014_A01_e01,1
20250716_chem4_34C_T00_1014,20250716_chem4_34C_T00_1014_A02_e01,1
20250716_chem4_34C_T00_1014,20250716_chem4_34C_T00_1014_A03_e01,1
20250716_chem4_34C_T00_1014,20250716_chem4_34C_T00_1014_A04_e01,1
20250716_chem4_34C_T00_1014,20250716_chem4_34C_T00_1014_A04_e02,1
20250716_chem4_34C_T00_1014,20250716_chem4_34C_T00_1014_A04_e03,1
20250716_chem4_34C_T00_1014,20250716_chem4_34C_T00_1014_A05_e01,1
20250716_chem4_34C_T00_1014,20250716_chem4_34C_T00_1014_A05_e02,1
20250716_chem4_34C_T00_1014,20250716_chem4_34C_T00_1014_A06_e01,1
20250716_chem4_34C_T00_1014,20250716_chem4_34C_T00_1014_A07_e01,1
20250716_chem4_34C_T00_1014,20250716_chem4_34C_T00_1014_A08_e01,1
20250716_chem4_34C_T00_1014,20250716_chem4_34C_T00_1014_A09_e01,1
20250716_chem4_34C_T00_1014,20250716_chem4_34C_T00_1014_A10_e01,1
20250716_chem4_34C_T00_1014,20250716_chem4_34C_T00_1014_A11_e01,1
20250716_chem4_34C_T00_1014,20250716_chem4_34C_T00_1014_B01_e01,1
20250716_chem4_34C_T00_1014,20250716_chem4_34C_T00_1014_B02_e01,1
20250716_chem4_34C_T00_1014,20250716_chem4_34C_T00_1014_B03_e01,1
20250716_chem4_34C_T00_1014,20250716_chem4_34C_T00_1014_B04_e01,1
20250716_chem4_34C_T00_1014,20250716_chem4_34C_T00_1014_B05_e01,1
20250716_chem4_34C_T00_1014,20250716_chem4_34C_T00_1014_B06_e01,1
20250716_chem4_34C_T00_1014,20250716_chem4_34C_T00_1014_B07_e01,1
20250716_chem4_34C_T00_1014,20250716_chem4_34C_T00_1014_B08_e01,1
20250716_chem4_34C_T00_1014,20250716_chem4_34C_T00_1014_B09_e01,1
20250716_chem4_34C_T00_1014,20250716_chem4_34C_T00_1014_B10_e01,1
20250716_chem4_34C_T00_1014,20250716_chem4_34C_T00_1014_B11_e01,1
20250716_chem4_34C_T00_1014,20250716_chem4_34C_T00_1014_C01_e01,1
20250716_chem4_34C_T00_1014,20250716_chem4_34C_T00_1014_C02_e01,1
20250716_chem4_34C_T00_1014,20250716_chem4_34C_T00_1014_C03_e01,1
20250716_chem4_34C_T00_1014,20250716_chem4_34C_T00_1014_C04_e01,1
20250716_chem4_34C_T00_1014,20250716_chem4_34C_T00_1014_C05_e01,1
20250716_chem4_34C_T00_1014,20250716_chem4_34C_T00_1014_C06_e01,1
20250716_chem4_34C_T00_1014,20250716_chem4_34C_T00_1014_C07_e01,1
20250716_chem4_34C_T00_1014,20250716_chem4_34C_T00_1014_C08_e01,1
20250716_chem4_34C_T00_1014,20250716_chem4_34C_T00_1014_C09_e01,1
20250716_chem4_34C_T00_1014,20250716_chem4_34C_T00_1014_C10_e01,1
20250716_chem4_34C_T00_1014,20250716_chem4_34C_T00_1014_C11_e01,1
20250716_chem4_34C_T00_1014,20250716_chem4_34C_T00_1014_D01_e01,1
20250716_chem4_34C_T00_1014,20250716_chem4_34C_T00_1014_D02_e01,1
20250716_chem4_34C_T00_1014,20250716_chem4_34C_T00_1014_D03_e01,1
20250716_chem4_34C_T00_1014,20250716_chem4_34C_T00_1014_D04_e01,1
20250716_chem4_34C_T00_1014,20250716_chem4_34C_T00_1014_D05_e01,1
20250716_chem4_34C_T00_1014,20250716_chem4_34C_T00_1014_D06_e01,1
20250716_chem4_34C_T00_1014,20250716_chem4_34C_T00_1014_D07_e01,1
20250716_chem4_34C_T00_1014,20250716_chem4_34C_T00_1014_D08_e01,1
20250716_chem4_34C_T00_1014,20250716_chem4_34C_T00_1014_D09_e01,1
20250716_chem4_34C_T00_1014,20250716_chem4_34C_T00_1014_D10_e01,1
20250716_chem4_34C_T00_1014,20250716_chem4_34C_T00_1014_D10_e02,1
20250716_chem4_34C_T00_1014,20250716_chem4_34C_T00_1014_D11_e01,1
20250716_chem4_34C_T00_1014,20250716_chem4_34C_T00_1014_D11_e02,1
20250716_chem4_34C_T00_1014,20250716_chem4_34C_T00_1014_E01_e01,1
20250716_chem4_34C_T00_1014,20250716_chem4_34C_T00_1014_E02_e01,1
20250716_chem4_34C_T00_1014,20250716_chem4_34C_T00_1014_E03_e01,1
20250716_chem4_34C_T00_1014,20250716_chem4_34C_T00_1014_E04_e01,1
20250716_chem4_34C_T00_1014,20250716_chem4_34C_T00_1014_E05_e01,1
20250716_chem4_34C_T00_1014,20250716_chem4_34C_T00_1014_E05_e02,1
20250716_chem4_34C_T00_1014,20250716_chem4_34C_T00_1014_E06_e01,1
20250716_chem4_34C_T00_1014,20250716_chem4_34C_T00_1014_E07_e01,1
20250716_chem4_34C_T00_1014,20250716_chem4_34C_T00_1014_E08_e01,1
20250716_chem4_34C_T00_1014,20250716_chem4_34C_T00_1014_E09_e01,1
20250716_chem4_34C_T00_1014,20250716_chem4_34C_T00_1014_E10_e01,1
20250716_chem4_34C_T00_1014,20250716_chem4_34C_T00_1014_E11_e01,1
20250716_chem4_34C_T00_1014,20250716_chem4_34C_T00_1014_F01_e01,1
20250716_chem4_34C_T00_1014,20250716_chem4_34C_T00_1014_F02_e01,1
20250716_chem4_34C_T00_1014,20250716_chem4_34C_T00_1014_F03_e01,1
20250716_chem4_34C_T00_1014,20250716_chem4_34C_T00_1014_F04_e01,1
20250716_chem4_34C_T00_1014,20250716_chem4_34C_T00_1014_F05_e01,1
20250716_chem4_34C_T00_1014,20250716_chem4_34C_T00_1014_F06_e01,1
20250716_chem4_34C_T00_1014,20250716_chem4_34C_T00_1014_F07_e01,1
20250716_chem4_34C_T00_1014,20250716_chem4_34C_T00_1014_F08_e01,1
20250716_chem4_34C_T00_1014,20250716_chem4_34C_T00_1014_F09_e01,1
20250716_chem4_34C_T00_1014,20250716_chem4_34C_T00_1014_F10_e01,1
20250716_chem4_34C_T00_1014,20250716_chem4_34C_T00_1014_F11_e01,1
20250716_chem4_34C_T00_1014,20250716_chem4_34C_T00_1014_G01_e01,1
20250716_chem4_34C_T00_1014,20250716_chem4_34C_T00_1014_G02_e01,1
20250716_chem4_34C_T00_1014,20250716_chem4_34C_T00_1014_G03_e01,1
20250716_chem4_34C_T00_1014,20250716_chem4_34C_T00_1014_G04_e01,1
20250716_chem4_34C_T00_1014,20250716_chem4_34C_T00_1014_G04_e02,1
20250716_chem4_34C_T00_1014,20250716_chem4_34C_T00_1014_G04_e03,1
20250716_chem4_34C_T00_1014,20250716_chem4_34C_T00_1014_G05_e01,1
20250716_chem4_34C_T00_1014,20250716_chem4_34C_T00_1014_G06_e01,1
20250716_chem4_34C_T00_1014,20250716_chem4_34C_T00_1014_G07_e01,1
20250716_chem4_34C_T00_1014,20250716_chem4_34C_T00_1014_G09_e01,1
20250716_chem4_34C_T00_1014,20250716_chem4_34C_T00_1014_G10_e01,1
20250716_chem4_34C_T00_1014,20250716_chem4_34C_T00_1014_G11_e01,1
20250716_chem4_34C_T00_1014,20250716_chem4_34C_T00_1014_H01_e01,1
20250716_chem4_34C_T00_1014,20250716_chem4_34C_T00_1014_H02_e01,1
20250716_chem4_34C_T00_1014,20250716_chem4_34C_T00_1014_H05_e01,1
20250716_chem4_34C_T00_1014,20250716_chem4_34C_T00_1014_H06_e01,1
20250716_chem4_34C_T00_1014,20250716_chem4_34C_T00_1014_H07_e01,1
20250716_chem4_34C_T00_1014,20250716_chem4_34C_T00_1014_H07_e02,1
20250716_chem4_34C_T00_1014,20250716_chem4_34C_T00_1014_H09_e01,1
20250716_chem4_34C_T00_1014,20250716_chem4_34C_T00_1014_H10_e01,1
20250716_chem4_34C_T00_1014,20250716_chem4_34C_T00_1014_H10_e02,1
20250716_chem4_34C_T00_1014,20250716_chem4_34C_T00_1014_H11_e01,1
20250716_chem4_35C_T00_1045,20250716_chem4_35C_T00_1045_A01_e01,1
20250716_chem4_35C_T00_1045,20250716_chem4_35C_T00_1045_A02_e01,1
20250716_chem4_35C_T00_1045,20250716_chem4_35C_T00_1045_A03_e01,1
20250716_chem4_35C_T00_1045,20250716_chem4_35C_T00_1045_A04_e01,1
20250716_chem4_35C_T00_1045,20250716_chem4_35C_T00_1045_A05_e01,1
20250716_chem4_35C_T00_1045,20250716_chem4_35C_T00_1045_A06_e01,1
20250716_chem4_35C_T00_1045,20250716_chem4_35C_T00_1045_A07_e01,1
20250716_chem4_35C_T00_1045,20250716_chem4_35C_T00_1045_A08_e01,1
20250716_chem4_35C_T00_1045,20250716_chem4_35C_T00_1045_A08_e02,1
20250716_chem4_35C_T00_1045,20250716_chem4_35C_T00_1045_A08_e03,1
20250716_chem4_35C_T00_1045,20250716_chem4_35C_T00_1045_A09_e01,1
20250716_chem4_35C_T00_1045,20250716_chem4_35C_T00_1045_A10_e01,1
20250716_chem4_35C_T00_1045,20250716_chem4_35C_T00_1045_A11_e01,1
20250716_chem4_35C_T00_1045,20250716_chem4_35C_T00_1045_B01_e01,1
20250716_chem4_35C_T00_1045,20250716_chem4_35C_T00_1045_B02_e01,1
20250716_chem4_35C_T00_1045,20250716_chem4_35C_T00_1045_B03_e01,1
20250716_chem4_35C_T00_1045,20250716_chem4_35C_T00_1045_B04_e01,1
20250716_chem4_35C_T00_1045,20250716_chem4_35C_T00_1045_B05_e01,1
20250716_chem4_35C_T00_1045,20250716_chem4_35C_T00_1045_B07_e01,1
20250716_chem4_35C_T00_1045,20250716_chem4_35C_T00_1045_B08_e01,1
20250716_chem4_35C_T00_1045,20250716_chem4_35C_T00_1045_B09_e01,1
20250716_chem4_35C_T00_1045,20250716_chem4_35C_T00_1045_B10_e01,1
20250716_chem4_35C_T00_1045,20250716_chem4_35C_T00_1045_B11_e01,1
20250716_chem4_35C_T00_1045,20250716_chem4_35C_T00_1045_B11_e02,1
20250716_chem4_35C_T00_1045,20250716_chem4_35C_T00_1045_C01_e01,1
20250716_chem4_35C_T00_1045,20250716_chem4_35C_T00_1045_C02_e01,1
20250716_chem4_35C_T00_1045,20250716_chem4_35C_T00_1045_C03_e01,1
20250716_chem4_35C_T00_1045,20250716_chem4_35C_T00_1045_C04_e01,1
20250716_chem4_35C_T00_1045,20250716_chem4_35C_T00_1045_C05_e01,1
20250716_chem4_35C_T00_1045,20250716_chem4_35C_T00_1045_C05_e02,1
20250716_chem4_35C_T00_1045,20250716_chem4_35C_T00_1045_C07_e01,1
20250716_chem4_35C_T00_1045,20250716_chem4_35C_T00_1045_C08_e01,1
20250716_chem4_35C_T00_1045,20250716_chem4_35C_T00_1045_C09_e01,1
20250716_chem4_35C_T00_1045,20250716_chem4_35C_T00_1045_C09_e02,1
20250716_chem4_35C_T00_1045,20250716_chem4_35C_T00_1045_C10_e01,1
20250716_chem4_35C_T00_1045,20250716_chem4_35C_T00_1045_C11_e01,1
20250716_chem4_35C_T00_1045,20250716_chem4_35C_T00_1045_D01_e01,1
20250716_chem4_35C_T00_1045,20250716_chem4_35C_T00_1045_D02_e01,1
20250716_chem4_35C_T00_1045,20250716_chem4_35C_T00_1045_D03_e01,1
20250716_chem4_35C_T00_1045,20250716_chem4_35C_T00_1045_D04_e01,1
20250716_chem4_35C_T00_1045,20250716_chem4_35C_T00_1045_D05_e01,1
20250716_chem4_35C_T00_1045,20250716_chem4_35C_T00_1045_D07_e01,1
20250716_chem4_35C_T00_1045,20250716_chem4_35C_T00_1045_D08_e01,1
20250716_chem4_35C_T00_1045,20250716_chem4_35C_T00_1045_D09_e01,1
20250716_chem4_35C_T00_1045,20250716_chem4_35C_T00_1045_D09_e02,1
20250716_chem4_35C_T00_1045,20250716_chem4_35C_T00_1045_D10_e01,1
20250716_chem4_35C_T00_1045,20250716_chem4_35C_T00_1045_D11_e01,1
20250716_chem4_35C_T00_1045,20250716_chem4_35C_T00_1045_E01_e01,1
20250716_chem4_35C_T00_1045,20250716_chem4_35C_T00_1045_E01_e02,1
20250716_chem4_35C_T00_1045,20250716_chem4_35C_T00_1045_E02_e01,1
20250716_chem4_35C_T00_1045,20250716_chem4_35C_T00_1045_E03_e01,1
20250716_chem4_35C_T00_1045,20250716_chem4_35C_T00_1045_E04_e01,1
20250716_chem4_35C_T00_1045,20250716_chem4_35C_T00_1045_E05_e01,1
20250716_chem4_35C_T00_1045,20250716_chem4_35C_T00_1045_E07_e01,1
20250716_chem4_35C_T00_1045,20250716_chem4_35C_T00_1045_E08_e01,1
20250716_chem4_35C_T00_1045,20250716_chem4_35C_T00_1045_E09_e01,1
20250716_chem4_35C_T00_1045,20250716_chem4_35C_T00_1045_E10_e01,1
20250716_chem4_35C_T00_1045,20250716_chem4_35C_T00_1045_E11_e01,1
20250716_chem4_35C_T00_1045,20250716_chem4_35C_T00_1045_F01_e01,1
20250716_chem4_35C_T00_1045,20250716_chem4_35C_T00_1045_F02_e01,1
20250716_chem4_35C_T00_1045,20250716_chem4_35C_T00_1045_F03_e01,1
20250716_chem4_35C_T00_1045,20250716_chem4_35C_T00_1045_F04_e01,1
20250716_chem4_35C_T00_1045,20250716_chem4_35C_T00_1045_F04_e02,1
20250716_chem4_35C_T00_1045,20250716_chem4_35C_T00_1045_F05_e01,1
20250716_chem4_35C_T00_1045,20250716_chem4_35C_T00_1045_F07_e01,1
20250716_chem4_35C_T00_1045,20250716_chem4_35C_T00_1045_F08_e01,1
20250716_chem4_35C_T00_1045,20250716_chem4_35C_T00_1045_F09_e01,1
20250716_chem4_35C_T00_1045,20250716_chem4_35C_T00_1045_F10_e01,1
20250716_chem4_35C_T00_1045,20250716_chem4_35C_T00_1045_F11_e01,1
20250716_chem4_35C_T00_1045,20250716_chem4_35C_T00_1045_F11_e02,1
20250716_chem4_35C_T00_1045,20250716_chem4_35C_T00_1045_G01_e01,1
20250716_chem4_35C_T00_1045,20250716_chem4_35C_T00_1045_G02_e01,1
20250716_chem4_35C_T00_1045,20250716_chem4_35C_T00_1045_G03_e01,1
20250716_chem4_35C_T00_1045,20250716_chem4_35C_T00_1045_G04_e01,1
20250716_chem4_35C_T00_1045,20250716_chem4_35C_T00_1045_G05_e01,1
20250716_chem4_35C_T00_1045,20250716_chem4_35C_T00_1045_G07_e01,1
20250716_chem4_35C_T00_1045,20250716_chem4_35C_T00_1045_G08_e01,1
20250716_chem4_35C_T00_1045,20250716_chem4_35C_T00_1045_G09_e01,1
20250716_chem4_35C_T00_1045,20250716_chem4_35C_T00_1045_G10_e01,1
20250716_chem4_35C_T00_1045,20250716_chem4_35C_T00_1045_G11_e01,1
20250716_chem4_35C_T00_1045,20250716_chem4_35C_T00_1045_H01_e01,1
20250716_chem4_35C_T00_1045,20250716_chem4_35C_T00_1045_H03_e01,1
20250716_chem4_35C_T00_1045,20250716_chem4_35C_T00_1045_H04_e01,1
20250716_chem4_35C_T00_1045,20250716_chem4_35C_T00_1045_H04_e02,1
20250716_chem4_35C_T00_1045,20250716_chem4_35C_T00_1045_H05_e01,1
20250716_chem4_35C_T00_1045,20250716_chem4_35C_T00_1045_H06_e02,1
20250716_chem4_35C_T00_1045,20250716_chem4_35C_T00_1045_H07_e01,1
20250716_chem4_35C_T00_1045,20250716_chem4_35C_T00_1045_H08_e01,1
20250716_chem4_35C_T00_1045,20250716_chem4_35C_T00_1045_H09_e01,1
20250716_chem4_35C_T00_1045,20250716_chem4_35C_T00_1045_H10_e01,1
20250716_chem4_35C_T00_1045,20250716_chem4_35C_T00_1045_H11_e01,1
20250721_chem5_28C_T00_1257,20250721_chem5_28C_T00_1257_A01_e01,1
20250721_chem5_28C_T00_1257,20250721_chem5_28C_T00_1257_A02_e01,1
20250721_chem5_28C_T00_1257,20250721_chem5_28C_T00_1257_A03_e01,1
20250721_chem5_28C_T00_1257,20250721_chem5_28C_T00_1257_A04_e01,1
20250721_chem5_28C_T00_1257,20250721_chem5_28C_T00_1257_A05_e01,1
20250721_chem5_28C_T00_1257,20250721_chem5_28C_T00_1257_A06_e01,1
20250721_chem5_28C_T00_1257,20250721_chem5_28C_T00_1257_A07_e01,1
20250721_chem5_28C_T00_1257,20250721_chem5_28C_T00_1257_A08_e01,1
20250721_chem5_28C_T00_1257,20250721_chem5_28C_T00_1257_A09_e01,1
20250721_chem5_28C_T00_1257,20250721_chem5_28C_T00_1257_A10_e01,1
20250721_chem5_28C_T00_1257,20250721_chem5_28C_T00_1257_A11_e01,1
20250721_chem5_28C_T00_1257,20250721_chem5_28C_T00_1257_A11_e02,1
20250721_chem5_28C_T00_1257,20250721_chem5_28C_T00_1257_A12_e01,1
20250721_chem5_28C_T00_1257,20250721_chem5_28C_T00_1257_B01_e01,1
20250721_chem5_28C_T00_1257,20250721_chem5_28C_T00_1257_B02_e01,1
20250721_chem5_28C_T00_1257,20250721_chem5_28C_T00_1257_B02_e02,1
20250721_chem5_28C_T00_1257,20250721_chem5_28C_T00_1257_B03_e01,1
20250721_chem5_28C_T00_1257,20250721_chem5_28C_T00_1257_B04_e01,1
20250721_chem5_28C_T00_1257,20250721_chem5_28C_T00_1257_B05_e01,1
20250721_chem5_28C_T00_1257,20250721_chem5_28C_T00_1257_B05_e02,1
20250721_chem5_28C_T00_1257,20250721_chem5_28C_T00_1257_B06_e01,1
20250721_chem5_28C_T00_1257,20250721_chem5_28C_T00_1257_B07_e01,1
20250721_chem5_28C_T00_1257,20250721_chem5_28C_T00_1257_B08_e01,1
20250721_chem5_28C_T00_1257,20250721_chem5_28C_T00_1257_B09_e01,1
20250721_chem5_28C_T00_1257,20250721_chem5_28C_T00_1257_B10_e01,1
20250721_chem5_28C_T00_1257,20250721_chem5_28C_T00_1257_B12_e01,1
20250721_chem5_28C_T00_1257,20250721_chem5_28C_T00_1257_C01_e01,1
20250721_chem5_28C_T00_1257,20250721_chem5_28C_T00_1257_C01_e02,1
20250721_chem5_28C_T00_1257,20250721_chem5_28C_T00_1257_C02_e01,1
20250721_chem5_28C_T00_1257,20250721_chem5_28C_T00_1257_C03_e01,1
20250721_chem5_28C_T00_1257,20250721_chem5_28C_T00_1257_C04_e01,1
20250721_chem5_28C_T00_1257,20250721_chem5_28C_T00_1257_C05_e01,1
20250721_chem5_28C_T00_1257,20250721_chem5_28C_T00_1257_C06_e01,1
20250721_chem5_28C_T00_1257,20250721_chem5_28C_T00_1257_C07_e01,1
20250721_chem5_28C_T00_1257,20250721_chem5_28C_T00_1257_C08_e01,1
20250721_chem5_28C_T00_1257,20250721_chem5_28C_T00_1257_C09_e01,1
20250721_chem5_28C_T00_1257,20250721_chem5_28C_T00_1257_C10_e01,1
20250721_chem5_28C_T00_1257,20250721_chem5_28C_T00_1257_C11_e01,1
20250721_chem5_28C_T00_1257,20250721_chem5_28C_T00_1257_C12_e01,1
20250721_chem5_28C_T00_1257,20250721_chem5_28C_T00_1257_C12_e02,1
20250721_chem5_28C_T00_1257,20250721_chem5_28C_T00_1257_D01_e01,1
20250721_chem5_28C_T00_1257,20250721_chem5_28C_T00_1257_D02_e01,1
20250721_chem5_28C_T00_1257,20250721_chem5_28C_T00_1257_D03_e01,1
20250721_chem5_28C_T00_1257,20250721_chem5_28C_T00_1257_D04_e01,1
20250721_chem5_28C_T00_1257,20250721_chem5_28C_T00_1257_D05_e01,1
20250721_chem5_28C_T00_1257,20250721_chem5_28C_T00_1257_D06_e01,1
20250721_chem5_28C_T00_1257,20250721_chem5_28C_T00_1257_D07_e01,1
20250721_chem5_28C_T00_1257,20250721_chem5_28C_T00_1257_D08_e01,1
20250721_chem5_28C_T00_1257,20250721_chem5_28C_T00_1257_D09_e01,1
20250721_chem5_28C_T00_1257,20250721_chem5_28C_T00_1257_D10_e01,1
20250721_chem5_28C_T00_1257,20250721_chem5_28C_T00_1257_D10_e02,1
20250721_chem5_28C_T00_1257,20250721_chem5_28C_T00_1257_D11_e01,1
20250721_chem5_28C_T00_1257,20250721_chem5_28C_T00_1257_D12_e01,1
20250721_chem5_28C_T00_1257,20250721_chem5_28C_T00_1257_E01_e01,1
20250721_chem5_28C_T00_1257,20250721_chem5_28C_T00_1257_E02_e01,1
20250721_chem5_28C_T00_1257,20250721_chem5_28C_T00_1257_E03_e01,1
20250721_chem5_28C_T00_1257,20250721_chem5_28C_T00_1257_E03_e02,1
20250721_chem5_28C_T00_1257,20250721_chem5_28C_T00_1257_E04_e01,1
20250721_chem5_28C_T00_1257,20250721_chem5_28C_T00_1257_E05_e01,1
20250721_chem5_28C_T00_1257,20250721_chem5_28C_T00_1257_E05_e02,1
20250721_chem5_28C_T00_1257,20250721_chem5_28C_T00_1257_E06_e01,1
20250721_chem5_28C_T00_1257,20250721_chem5_28C_T00_1257_E07_e01,1
20250721_chem5_28C_T00_1257,20250721_chem5_28C_T00_1257_E08_e01,1
20250721_chem5_28C_T00_1257,20250721_chem5_28C_T00_1257_E09_e01,1
20250721_chem5_28C_T00_1257,20250721_chem5_28C_T00_1257_E09_e02,1
20250721_chem5_28C_T00_1257,20250721_chem5_28C_T00_1257_E10_e01,1
20250721_chem5_28C_T00_1257,20250721_chem5_28C_T00_1257_E11_e01,1
20250721_chem5_28C_T00_1257,20250721_chem5_28C_T00_1257_E12_e01,1
20250721_chem5_28C_T00_1257,20250721_chem5_28C_T00_1257_F01_e01,1
20250721_chem5_28C_T00_1257,20250721_chem5_28C_T00_1257_F02_e01,1
20250721_chem5_28C_T00_1257,20250721_chem5_28C_T00_1257_F03_e01,1
20250721_chem5_28C_T00_1257,20250721_chem5_28C_T00_1257_F04_e01,1
20250721_chem5_28C_T00_1257,20250721_chem5_28C_T00_1257_F05_e01,1
20250721_chem5_28C_T00_1257,20250721_chem5_28C_T00_1257_F06_e01,1
20250721_chem5_28C_T00_1257,20250721_chem5_28C_T00_1257_F07_e01,1
20250721_chem5_28C_T00_1257,20250721_chem5_28C_T00_1257_F08_e01,1
20250721_chem5_28C_T00_1257,20250721_chem5_28C_T00_1257_F09_e01,1
20250721_chem5_28C_T00_1257,20250721_chem5_28C_T00_1257_F10_e01,1
20250721_chem5_28C_T00_1257,20250721_chem5_28C_T00_1257_F11_e01,1
20250721_chem5_28C_T00_1257,20250721_chem5_28C_T00_1257_F11_e02,1
20250721_chem5_28C_T00_1257,20250721_chem5_28C_T00_1257_F12_e01,1
20250721_chem5_28C_T00_1257,20250721_chem5_28C_T00_1257_G01_e01,1
20250721_chem5_28C_T00_1257,20250721_chem5_28C_T00_1257_G02_e01,1
20250721_chem5_28C_T00_1257,20250721_chem5_28C_T00_1257_G03_e01,1
20250721_chem5_28C_T00_1257,20250721_chem5_28C_T00_1257_G04_e01,1
20250721_chem5_28C_T00_1257,20250721_chem5_28C_T00_1257_G05_e01,1
20250721_chem5_28C_T00_1257,20250721_chem5_28C_T00_1257_G06_e01,1
20250721_chem5_28C_T00_1257,20250721_chem5_28C_T00_1257_G07_e01,1
20250721_chem5_28C_T00_1257,20250721_chem5_28C_T00_1257_G07_e02,1
20250721_chem5_28C_T00_1257,20250721_chem5_28C_T00_1257_G07_e03,1
20250721_chem5_28C_T00_1257,20250721_chem5_28C_T00_1257_G08_e01,1
20250721_chem5_28C_T00_1257,20250721_chem5_28C_T00_1257_G09_e01,1
20250721_chem5_28C_T00_1257,20250721_chem5_28C_T00_1257_G10_e01,1
20250721_chem5_28C_T00_1257,20250721_chem5_28C_T00_1257_G11_e01,1
20250721_chem5_28C_T00_1257,20250721_chem5_28C_T00_1257_G12_e01,1
20250721_chem5_28C_T00_1257,20250721_chem5_28C_T00_1257_H01_e01,1
20250721_chem5_28C_T00_1257,20250721_chem5_28C_T00_1257_H03_e01,1
20250721_chem5_28C_T00_1257,20250721_chem5_28C_T00_1257_H04_e01,1
20250721_chem5_28C_T00_1257,20250721_chem5_28C_T00_1257_H05_e01,1
20250721_chem5_28C_T00_1257,20250721_chem5_28C_T00_1257_H06_e01,1
20250721_chem5_28C_T00_1257,20250721_chem5_28C_T00_1257_H07_e01,1
20250721_chem5_28C_T00_1257,20250721_chem5_28C_T00_1257_H08_e01,1
20250721_chem5_28C_T00_1257,20250721_chem5_28C_T00_1257_H09_e01,1
20250721_chem5_28C_T00_1257,20250721_chem5_28C_T00_1257_H10_e01,1
20250721_chem5_28C_T00_1257,20250721_chem5_28C_T00_1257_H11_e01,1
20250721_chem5_28C_T00_1257,20250721_chem5_28C_T00_1257_H11_e02,1
20250721_chem5_28C_T00_1257,20250721_chem5_28C_T00_1257_H12_e01,1
20250721_chem5_28C_T01_1401,20250721_chem5_28C_T01_1401_A01_e01,1
20250721_chem5_28C_T01_1401,20250721_chem5_28C_T01_1401_A02_e01,1
20250721_chem5_28C_T01_1401,20250721_chem5_28C_T01_1401_A03_e01,1
20250721_chem5_28C_T01_1401,20250721_chem5_28C_T01_1401_A04_e01,1
20250721_chem5_28C_T01_1401,20250721_chem5_28C_T01_1401_A05_e01,1
20250721_chem5_28C_T01_1401,20250721_chem5_28C_T01_1401_A06_e01,1
20250721_chem5_28C_T01_1401,20250721_chem5_28C_T01_1401_A07_e01,1
20250721_chem5_28C_T01_1401,20250721_chem5_28C_T01_1401_A08_e01,1
20250721_chem5_28C_T01_1401,20250721_chem5_28C_T01_1401_A09_e01,1
20250721_chem5_28C_T01_1401,20250721_chem5_28C_T01_1401_A10_e01,1
20250721_chem5_28C_T01_1401,20250721_chem5_28C_T01_1401_A11_e01,1
20250721_chem5_28C_T01_1401,20250721_chem5_28C_T01_1401_A12_e01,1
20250721_chem5_28C_T01_1401,20250721_chem5_28C_T01_1401_B01_e01,1
20250721_chem5_28C_T01_1401,20250721_chem5_28C_T01_1401_B02_e01,1
20250721_chem5_28C_T01_1401,20250721_chem5_28C_T01_1401_B02_e02,1
20250721_chem5_28C_T01_1401,20250721_chem5_28C_T01_1401_B03_e01,1
20250721_chem5_28C_T01_1401,20250721_chem5_28C_T01_1401_B04_e01,1
20250721_chem5_28C_T01_1401,20250721_chem5_28C_T01_1401_B05_e01,1
20250721_chem5_28C_T01_1401,20250721_chem5_28C_T01_1401_B06_e01,1
20250721_chem5_28C_T01_1401,20250721_chem5_28C_T01_1401_B07_e01,1
20250721_chem5_28C_T01_1401,20250721_chem5_28C_T01_1401_B08_e01,1
20250721_chem5_28C_T01_1401,20250721_chem5_28C_T01_1401_B09_e01,1
20250721_chem5_28C_T01_1401,20250721_chem5_28C_T01_1401_B10_e01,1
20250721_chem5_28C_T01_1401,20250721_chem5_28C_T01_1401_B12_e01,1
20250721_chem5_28C_T01_1401,20250721_chem5_28C_T01_1401_C01_e01,1
20250721_chem5_28C_T01_1401,20250721_chem5_28C_T01_1401_C01_e02,1
20250721_chem5_28C_T01_1401,20250721_chem5_28C_T01_1401_C02_e01,1
20250721_chem5_28C_T01_1401,20250721_chem5_28C_T01_1401_C03_e01,1
20250721_chem5_28C_T01_1401,20250721_chem5_28C_T01_1401_C04_e01,1
20250721_chem5_28C_T01_1401,20250721_chem5_28C_T01_1401_C05_e01,1
20250721_chem5_28C_T01_1401,20250721_chem5_28C_T01_1401_C06_e01,1
20250721_chem5_28C_T01_1401,20250721_chem5_28C_T01_1401_C07_e01,1
20250721_chem5_28C_T01_1401,20250721_chem5_28C_T01_1401_C07_e02,1
20250721_chem5_28C_T01_1401,20250721_chem5_28C_T01_1401_C08_e01,1
20250721_chem5_28C_T01_1401,20250721_chem5_28C_T01_1401_C09_e01,1
20250721_chem5_28C_T01_1401,20250721_chem5_28C_T01_1401_C10_e01,1
20250721_chem5_28C_T01_1401,20250721_chem5_28C_T01_1401_C11_e01,1
20250721_chem5_28C_T01_1401,20250721_chem5_28C_T01_1401_C12_e01,1
20250721_chem5_28C_T01_1401,20250721_chem5_28C_T01_1401_C12_e02,1
20250721_chem5_28C_T01_1401,20250721_chem5_28C_T01_1401_D01_e01,1
20250721_chem5_28C_T01_1401,20250721_chem5_28C_T01_1401_D02_e01,1
20250721_chem5_28C_T01_1401,20250721_chem5_28C_T01_1401_D03_e01,1
20250721_chem5_28C_T01_1401,20250721_chem5_28C_T01_1401_D04_e01,1
20250721_chem5_28C_T01_1401,20250721_chem5_28C_T01_1401_D05_e01,1
20250721_chem5_28C_T01_1401,20250721_chem5_28C_T01_1401_D06_e01,1
20250721_chem5_28C_T01_1401,20250721_chem5_28C_T01_1401_D07_e01,1
20250721_chem5_28C_T01_1401,20250721_chem5_28C_T01_1401_D08_e01,1
20250721_chem5_28C_T01_1401,20250721_chem5_28C_T01_1401_D09_e01,1
20250721_chem5_28C_T01_1401,20250721_chem5_28C_T01_1401_D10_e01,1
20250721_chem5_28C_T01_1401,20250721_chem5_28C_T01_1401_D11_e01,1
20250721_chem5_28C_T01_1401,20250721_chem5_28C_T01_1401_D12_e01,1
20250721_chem5_28C_T01_1401,20250721_chem5_28C_T01_1401_E01_e01,1
20250721_chem5_28C_T01_1401,20250721_chem5_28C_T01_1401_E02_e01,1
20250721_chem5_28C_T01_1401,20250721_chem5_28C_T01_1401_E03_e01,1
20250721_chem5_28C_T01_1401,20250721_chem5_28C_T01_1401_E03_e02,1
20250721_chem5_28C_T01_1401,20250721_chem5_28C_T01_1401_E04_e01,1
20250721_chem5_28C_T01_1401,20250721_chem5_28C_T01_1401_E05_e01,1
20250721_chem5_28C_T01_1401,20250721_chem5_28C_T01_1401_E05_e02,1
20250721_chem5_28C_T01_1401,20250721_chem5_28C_T01_1401_E06_e01,1
20250721_chem5_28C_T01_1401,20250721_chem5_28C_T01_1401_E07_e01,1
20250721_chem5_28C_T01_1401,20250721_chem5_28C_T01_1401_E08_e01,1
20250721_chem5_28C_T01_1401,20250721_chem5_28C_T01_1401_E09_e01,1
20250721_chem5_28C_T01_1401,20250721_chem5_28C_T01_1401_E09_e02,1
20250721_chem5_28C_T01_1401,20250721_chem5_28C_T01_1401_E10_e01,1
20250721_chem5_28C_T01_1401,20250721_chem5_28C_T01_1401_E11_e01,1
20250721_chem5_28C_T01_1401,20250721_chem5_28C_T01_1401_E12_e01,1
20250721_chem5_28C_T01_1401,20250721_chem5_28C_T01_1401_F01_e01,1
20250721_chem5_28C_T01_1401,20250721_chem5_28C_T01_1401_F02_e01,1
20250721_chem5_28C_T01_1401,20250721_chem5_28C_T01_1401_F03_e01,1
20250721_chem5_28C_T01_1401,20250721_chem5_28C_T01_1401_F04_e01,1
20250721_chem5_28C_T01_1401,20250721_chem5_28C_T01_1401_F05_e01,1
20250721_chem5_28C_T01_1401,20250721_chem5_28C_T01_1401_F06_e01,1
20250721_chem5_28C_T01_1401,20250721_chem5_28C_T01_1401_F07_e01,1
20250721_chem5_28C_T01_1401,20250721_chem5_28C_T01_1401_F08_e01,1
20250721_chem5_28C_T01_1401,20250721_chem5_28C_T01_1401_F09_e01,1
20250721_chem5_28C_T01_1401,20250721_chem5_28C_T01_1401_F10_e01,1
20250721_chem5_28C_T01_1401,20250721_chem5_28C_T01_1401_F11_e01,1
20250721_chem5_28C_T01_1401,20250721_chem5_28C_T01_1401_F11_e02,1
20250721_chem5_28C_T01_1401,20250721_chem5_28C_T01_1401_F12_e01,1
20250721_chem5_28C_T01_1401,20250721_chem5_28C_T01_1401_G01_e01,1
20250721_chem5_28C_T01_1401,20250721_chem5_28C_T01_1401_G02_e01,1
20250721_chem5_28C_T01_1401,20250721_chem5_28C_T01_1401_G03_e01,1
20250721_chem5_28C_T01_1401,20250721_chem5_28C_T01_1401_G04_e01,1
20250721_chem5_28C_T01_1401,20250721_chem5_28C_T01_1401_G05_e01,1
20250721_chem5_28C_T01_1401,20250721_chem5_28C_T01_1401_G06_e01,1
20250721_chem5_28C_T01_1401,20250721_chem5_28C_T01_1401_G07_e01,1
20250721_chem5_28C_T01_1401,20250721_chem5_28C_T01_1401_G07_e02,1
20250721_chem5_28C_T01_1401,20250721_chem5_28C_T01_1401_G07_e03,1
20250721_chem5_28C_T01_1401,20250721_chem5_28C_T01_1401_G08_e01,1
20250721_chem5_28C_T01_1401,20250721_chem5_28C_T01_1401_G09_e01,1
20250721_chem5_28C_T01_1401,20250721_chem5_28C_T01_1401_G10_e01,1
20250721_chem5_28C_T01_1401,20250721_chem5_28C_T01_1401_G11_e01,1
20250721_chem5_28C_T01_1401,20250721_chem5_28C_T01_1401_G12_e01,1
20250721_chem5_28C_T01_1401,20250721_chem5_28C_T01_1401_H01_e01,1
20250721_chem5_28C_T01_1401,20250721_chem5_28C_T01_1401_H02_e01,1
20250721_chem5_28C_T01_1401,20250721_chem5_28C_T01_1401_H03_e01,1
20250721_chem5_28C_T01_1401,20250721_chem5_28C_T01_1401_H04_e01,1
20250721_chem5_28C_T01_1401,20250721_chem5_28C_T01_1401_H04_e02,1
20250721_chem5_28C_T01_1401,20250721_chem5_28C_T01_1401_H05_e01,1
20250721_chem5_28C_T01_1401,20250721_chem5_28C_T01_1401_H06_e01,1
20250721_chem5_28C_T01_1401,20250721_chem5_28C_T01_1401_H07_e01,1
20250721_chem5_28C_T01_1401,20250721_chem5_28C_T01_1401_H08_e01,1
20250721_chem5_28C_T01_1401,20250721_chem5_28C_T01_1401_H09_e01,1
20250721_chem5_28C_T01_1401,20250721_chem5_28C_T01_1401_H10_e01,1
20250721_chem5_28C_T01_1401,20250721_chem5_28C_T01_1401_H11_e01,1
20250721_chem5_28C_T01_1401,20250721_chem5_28C_T01_1401_H11_e02,1
20250721_chem5_28C_T01_1401,20250721_chem5_28C_T01_1401_H12_e01,1
20250721_chem5_35C_T00_1023,20250721_chem5_35C_T00_1023_A01_e01,1
20250721_chem5_35C_T00_1023,20250721_chem5_35C_T00_1023_A02_e01,1
20250721_chem5_35C_T00_1023,20250721_chem5_35C_T00_1023_A03_e01,1
20250721_chem5_35C_T00_1023,20250721_chem5_35C_T00_1023_A04_e01,1
20250721_chem5_35C_T00_1023,20250721_chem5_35C_T00_1023_A05_e01,1
20250721_chem5_35C_T00_1023,20250721_chem5_35C_T00_1023_A06_e01,1
20250721_chem5_35C_T00_1023,20250721_chem5_35C_T00_1023_A07_e01,1
20250721_chem5_35C_T00_1023,20250721_chem5_35C_T00_1023_A08_e01,1
20250721_chem5_35C_T00_1023,20250721_chem5_35C_T00_1023_A09_e01,1
20250721_chem5_35C_T00_1023,20250721_chem5_35C_T00_1023_A10_e01,1
20250721_chem5_35C_T00_1023,20250721_chem5_35C_T00_1023_A11_e01,1
20250721_chem5_35C_T00_1023,20250721_chem5_35C_T00_1023_A12_e01,1
20250721_chem5_35C_T00_1023,20250721_chem5_35C_T00_1023_B01_e01,1
20250721_chem5_35C_T00_1023,20250721_chem5_35C_T00_1023_B02_e01,1
20250721_chem5_35C_T00_1023,20250721_chem5_35C_T00_1023_B03_e01,1
20250721_chem5_35C_T00_1023,20250721_chem5_35C_T00_1023_B04_e01,1
20250721_chem5_35C_T00_1023,20250721_chem5_35C_T00_1023_B05_e01,1
20250721_chem5_35C_T00_1023,20250721_chem5_35C_T00_1023_B06_e01,1
20250721_chem5_35C_T00_1023,20250721_chem5_35C_T00_1023_B07_e01,1
20250721_chem5_35C_T00_1023,20250721_chem5_35C_T00_1023_B08_e01,1
20250721_chem5_35C_T00_1023,20250721_chem5_35C_T00_1023_B09_e01,1
20250721_chem5_35C_T00_1023,20250721_chem5_35C_T00_1023_B10_e01,1
20250721_chem5_35C_T00_1023,20250721_chem5_35C_T00_1023_B11_e01,1
20250721_chem5_35C_T00_1023,20250721_chem5_35C_T00_1023_B12_e01,1
20250721_chem5_35C_T00_1023,20250721_chem5_35C_T00_1023_C01_e01,1
20250721_chem5_35C_T00_1023,20250721_chem5_35C_T00_1023_C02_e01,1
20250721_chem5_35C_T00_1023,20250721_chem5_35C_T00_1023_C03_e01,1
20250721_chem5_35C_T00_1023,20250721_chem5_35C_T00_1023_C04_e01,1
20250721_chem5_35C_T00_1023,20250721_chem5_35C_T00_1023_C05_e01,1
20250721_chem5_35C_T00_1023,20250721_chem5_35C_T00_1023_C06_e01,1
20250721_chem5_35C_T00_1023,20250721_chem5_35C_T00_1023_C07_e01,1
20250721_chem5_35C_T00_1023,20250721_chem5_35C_T00_1023_C08_e01,1
20250721_chem5_35C_T00_1023,20250721_chem5_35C_T00_1023_C09_e01,1
20250721_chem5_35C_T00_1023,20250721_chem5_35C_T00_1023_C10_e01,1
20250721_chem5_35C_T00_1023,20250721_chem5_35C_T00_1023_C11_e01,1
20250721_chem5_35C_T00_1023,20250721_chem5_35C_T00_1023_C12_e01,1
20250721_chem5_35C_T00_1023,20250721_chem5_35C_T00_1023_C12_e02,1
20250721_chem5_35C_T00_1023,20250721_chem5_35C_T00_1023_D01_e01,1
20250721_chem5_35C_T00_1023,20250721_chem5_35C_T00_1023_D02_e01,1
20250721_chem5_35C_T00_1023,20250721_chem5_35C_T00_1023_D03_e01,1
20250721_chem5_35C_T00_1023,20250721_chem5_35C_T00_1023_D04_e01,1
20250721_chem5_35C_T00_1023,20250721_chem5_35C_T00_1023_D05_e01,1
20250721_chem5_35C_T00_1023,20250721_chem5_35C_T00_1023_D06_e01,1
20250721_chem5_35C_T00_1023,20250721_chem5_35C_T00_1023_D07_e01,1
20250721_chem5_35C_T00_1023,20250721_chem5_35C_T00_1023_D09_e01,1
20250721_chem5_35C_T00_1023,20250721_chem5_35C_T00_1023_D10_e01,1
20250721_chem5_35C_T00_1023,20250721_chem5_35C_T00_1023_D11_e01,1
20250721_chem5_35C_T00_1023,20250721_chem5_35C_T00_1023_D12_e01,1
20250721_chem5_35C_T00_1023,20250721_chem5_35C_T00_1023_E01_e01,1
20250721_chem5_35C_T00_1023,20250721_chem5_35C_T00_1023_E02_e01,1
20250721_chem5_35C_T00_1023,20250721_chem5_35C_T00_1023_E03_e01,1
20250721_chem5_35C_T00_1023,20250721_chem5_35C_T00_1023_E04_e01,1
20250721_chem5_35C_T00_1023,20250721_chem5_35C_T00_1023_E05_e01,1
20250721_chem5_35C_T00_1023,20250721_chem5_35C_T00_1023_E06_e01,1
20250721_chem5_35C_T00_1023,20250721_chem5_35C_T00_1023_E07_e01,1
20250721_chem5_35C_T00_1023,20250721_chem5_35C_T00_1023_E08_e01,1
20250721_chem5_35C_T00_1023,20250721_chem5_35C_T00_1023_E08_e02,1
20250721_chem5_35C_T00_1023,20250721_chem5_35C_T00_1023_E08_e03,1
20250721_chem5_35C_T00_1023,20250721_chem5_35C_T00_1023_E09_e01,1
20250721_chem5_35C_T00_1023,20250721_chem5_35C_T00_1023_E10_e01,1
20250721_chem5_35C_T00_1023,20250721_chem5_35C_T00_1023_E10_e02,1
20250721_chem5_35C_T00_1023,20250721_chem5_35C_T00_1023_E11_e01,1
20250721_chem5_35C_T00_1023,20250721_chem5_35C_T00_1023_E11_e02,1
20250721_chem5_35C_T00_1023,20250721_chem5_35C_T00_1023_E12_e01,1
20250721_chem5_35C_T00_1023,20250721_chem5_35C_T00_1023_F01_e01,1
20250721_chem5_35C_T00_1023,20250721_chem5_35C_T00_1023_F02_e01,1
20250721_chem5_35C_T00_1023,20250721_chem5_35C_T00_1023_F03_e01,1
20250721_chem5_35C_T00_1023,20250721_chem5_35C_T00_1023_F04_e01,1
20250721_chem5_35C_T00_1023,20250721_chem5_35C_T00_1023_F05_e01,1
20250721_chem5_35C_T00_1023,20250721_chem5_35C_T00_1023_F05_e02,1
20250721_chem5_35C_T00_1023,20250721_chem5_35C_T00_1023_F06_e01,1
20250721_chem5_35C_T00_1023,20250721_chem5_35C_T00_1023_F07_e01,1
20250721_chem5_35C_T00_1023,20250721_chem5_35C_T00_1023_F08_e01,1
20250721_chem5_35C_T00_1023,20250721_chem5_35C_T00_1023_F08_e02,1
20250721_chem5_35C_T00_1023,20250721_chem5_35C_T00_1023_F09_e01,1
20250721_chem5_35C_T00_1023,20250721_chem5_35C_T00_1023_F10_e01,1
20250721_chem5_35C_T00_1023,20250721_chem5_35C_T00_1023_F11_e01,1
20250721_chem5_35C_T00_1023,20250721_chem5_35C_T00_1023_F11_e02,1
20250721_chem5_35C_T00_1023,20250721_chem5_35C_T00_1023_F12_e01,1
20250721_chem5_35C_T00_1023,20250721_chem5_35C_T00_1023_G01_e01,1
20250721_chem5_35C_T00_1023,20250721_chem5_35C_T00_1023_G01_e02,1
20250721_chem5_35C_T00_1023,20250721_chem5_35C_T00_1023_G02_e01,1
20250721_chem5_35C_T00_1023,20250721_chem5_35C_T00_1023_G03_e01,1
20250721_chem5_35C_T00_1023,20250721_chem5_35C_T00_1023_G04_e01,1
20250721_chem5_35C_T00_1023,20250721_chem5_35C_T00_1023_G05_e01,1
20250721_chem5_35C_T00_1023,20250721_chem5_35C_T00_1023_G06_e01,1
20250721_chem5_35C_T00_1023,20250721_chem5_35C_T00_1023_G07_e01,1
20250721_chem5_35C_T00_1023,20250721_chem5_35C_T00_1023_G07_e02,1
20250721_chem5_35C_T00_1023,20250721_chem5_35C_T00_1023_G08_e01,1
20250721_chem5_35C_T00_1023,20250721_chem5_35C_T00_1023_G09_e01,1
20250721_chem5_35C_T00_1023,20250721_chem5_35C_T00_1023_G10_e01,1
20250721_chem5_35C_T00_1023,20250721_chem5_35C_T00_1023_G10_e02,1
20250721_chem5_35C_T00_1023,20250721_chem5_35C_T00_1023_G11_e01,1
20250721_chem5_35C_T00_1023,20250721_chem5_35C_T00_1023_G11_e02,1
20250721_chem5_35C_T00_1023,20250721_chem5_35C_T00_1023_G12_e01,1
20250721_chem5_35C_T00_1023,20250721_chem5_35C_T00_1023_H01_e01,1
20250721_chem5_35C_T00_1023,20250721_chem5_35C_T00_1023_H03_e01,1
20250721_chem5_35C_T00_1023,20250721_chem5_35C_T00_1023_H04_e01,1
20250721_chem5_35C_T00_1023,20250721_chem5_35C_T00_1023_H05_e01,1
20250721_chem5_35C_T00_1023,20250721_chem5_35C_T00_1023_H05_e02,1
20250721_chem5_35C_T00_1023,20250721_chem5_35C_T00_1023_H06_e01,1
20250721_chem5_35C_T00_1023,20250721_chem5_35C_T00_1023_H07_e02,1
20250721_chem5_35C_T00_1023,20250721_chem5_35C_T00_1023_H08_e01,1
20250721_chem5_35C_T00_1023,20250721_chem5_35C_T00_1023_H10_e01,1
20250721_chem5_35C_T00_1023,20250721_chem5_35C_T00_1023_H10_e02,1
20250721_chem5_35C_T00_1023,20250721_chem5_35C_T00_1023_H11_e01,1
20250721_chem5_35C_T00_1023,20250721_chem5_35C_T00_1023_H11_e02,1
20250721_chem5_35C_T00_1023,20250721_chem5_35C_T00_1023_H12_e01,1
20250912,20250912_A01_e01,113
20250912,20250912_A02_e01,113
20250912,20250912_A03_e01,113
20250912,20250912_A03_e02,113
20250912,20250912_A04_e01,113
20250912,20250912_A05_e01,112
20250912,20250912_A06_e01,113
20250912,20250912_A07_e01,113
20250912,20250912_A08_e01,113
20250912,20250912_A09_e01,113
20250912,20250912_A10_e01,113
20250912,20250912_A11_e01,113
20250912,20250912_A12_e01,113
20250912,20250912_B01_e01,113
20250912,20250912_B02_e01,113
20250912,20250912_B03_e01,113
20250912,20250912_B04_e01,113
20250912,20250912_B05_e01,113
20250912,20250912_B06_e01,111
20250912,20250912_B07_e01,113
20250912,20250912_B08_e01,113
20250912,20250912_B09_e01,113
20250912,20250912_B10_e01,113
20250912,20250912_B11_e01,113
20250912,20250912_B12_e01,113
20250912,20250912_C01_e01,113
20250912,20250912_C02_e01,113
20250912,20250912_C03_e01,113
20250912,20250912_C04_e01,113
20250912,20250912_C05_e01,113
20250912,20250912_C06_e01,113
20250912,20250912_C07_e01,113
20250912,20250912_C07_e02,113
20250912,20250912_C08_e01,112
20250912,20250912_C09_e01,113
20250912,20250912_C10_e01,113
20250912,20250912_C11_e01,113
20250912,20250912_C11_e02,113
20250912,20250912_C12_e01,113
20250912,20250912_D01_e01,113
20250912,20250912_D02_e01,113
20250912,20250912_D03_e01,113
20250912,20250912_D04_e01,113
20250912,20250912_D04_e02,113
20250912,20250912_D05_e01,104
20250912,20250912_D06_e01,113
20250912,20250912_D07_e01,113
20250912,20250912_D08_e01,113
20250912,20250912_D09_e01,113
20250912,20250912_D10_e01,112
20250912,20250912_D11_e01,113
20250912,20250912_D12_e01,113
20250912,20250912_E01_e01,113
20250912,20250912_E02_e01,113
20250912,20250912_E02_e02,113
20250912,20250912_E03_e01,113
20250912,20250912_E03_e02,113
20250912,20250912_E04_e01,109
20250912,20250912_E06_e01,112
20250912,20250912_E06_e02,113
20250912,20250912_E07_e01,113
20250912,20250912_E08_e01,113
20250912,20250912_E08_e02,113
20250912,20250912_E09_e01,113
20250912,20250912_E09_e02,113
20250912,20250912_E10_e01,113
20250912,20250912_E11_e01,113
20250912,20250912_E11_e02,113
20250912,20250912_E12_e01,113
20250912,20250912_E12_e02,113
20250912,20250912_F01_e01,113
20250912,20250912_F02_e01,113
20250912,20250912_F02_e02,113
20250912,20250912_F03_e01,113
20250912,20250912_F03_e02,113
20250912,20250912_F04_e01,113
20250912,20250912_F04_e02,113
20250912,20250912_F05_e01,112
20250912,20250912_F06_e01,111
20250912,20250912_F06_e02,113
20250912,20250912_F07_e01,113
20250912,20250912_F08_e01,113
20250912,20250912_F08_e02,113
20250912,20250912_F09_e01,113
20250912,20250912_F09_e02,113
20250912,20250912_F10_e01,113
20250912,20250912_F11_e01,113
20250912,20250912_F12_e01,113
20250912,20250912_F12_e02,113
20250912,20250912_F12_e03,113
20250912,20250912_G01_e01,113
20250912,20250912_G01_e02,113
20250912,20250912_G01_e03,113
20250912,20250912_G02_e01,113
20250912,20250912_G03_e01,113
20250912,20250912_G03_e02,113
20250912,20250912_G04_e01,113
20250912,20250912_G04_e02,113
20250912,20250912_G04_e03,113
20250912,20250912_G05_e01,113
20250912,20250912_G05_e02,113
20250912,20250912_G06_e01,113
20250912,20250912_G06_e02,113
20250912,20250912_G06_e03,113
20250912,20250912_G07_e01,113
20250912,20250912_G07_e02,113
20250912,20250912_G08_e01,113
20250912,20250912_G08_e02,113
20250912,20250912_G09_e01,113
20250912,20250912_G10_e01,113
20250912,20250912_G11_e01,113
20250912,20250912_G11_e02,113
20250912,20250912_G12_e01,113
20250912,20250912_G12_e02,113
20250912,20250912_H01_e01,113
20250912,20250912_H01_e02,113
20250912,20250912_H01_e03,113
20250912,20250912_H01_e04,113
20250912,20250912_H02_e01,113
20250912,20250912_H03_e01,113
20250912,20250912_H04_e01,113
20250912,20250912_H04_e02,113
20250912,20250912_H05_e01,113
20250912,20250912_H05_e02,113
20250912,20250912_H06_e01,113
20250912,20250912_H07_e01,113
20250912,20250912_H08_e01,113
20250912,20250912_H08_e02,113
20250912,20250912_H08_e03,113
20250912,20250912_H09_e01,113
20250912,20250912_H09_e02,113
20250912,20250912_H10_e01,113
20250912,20250912_H10_e02,113
20250912,20250912_H10_e03,113
20250912,20250912_H11_e01,113
20250912,20250912_H12_e01,113
20250912,20250912_H12_e02,113
20250912,20250912_H12_e03,113
20251017_part1,20251017_part1_A01_e01,65
20251017_part1,20251017_part1_A02_e01,65
20251017_part1,20251017_part1_A03_e01,65
20251017_part1,20251017_part1_A04_e01,65
20251017_part1,20251017_part1_A04_e02,63
20251017_part1,20251017_part1_A05_e01,65
20251017_part1,20251017_part1_A06_e01,65
20251017_part1,20251017_part1_A07_e01,65
20251017_part1,20251017_part1_A08_e01,65
20251017_part1,20251017_part1_A09_e01,65
20251017_part1,20251017_part1_A10_e01,65
20251017_part1,20251017_part1_A11_e01,65
20251017_part1,20251017_part1_A12_e01,65
20251017_part1,20251017_part1_B01_e01,65
20251017_part1,20251017_part1_B02_e01,65
20251017_part1,20251017_part1_B03_e01,65
20251017_part1,20251017_part1_B04_e01,65
20251017_part1,20251017_part1_B05_e01,65
20251017_part1,20251017_part1_B06_e01,65
20251017_part1,20251017_part1_B06_e02,37
20251017_part1,20251017_part1_B06_e03,65
20251017_part1,20251017_part1_B06_e04,24
20251017_part1,20251017_part1_B07_e01,65
20251017_part1,20251017_part1_B08_e01,65
20251017_part1,20251017_part1_B09_e01,65
20251017_part1,20251017_part1_B10_e01,65
20251017_part1,20251017_part1_B10_e02,65
20251017_part1,20251017_part1_B10_e03,65
20251017_part1,20251017_part1_B11_e01,65
20251017_part1,20251017_part1_B12_e01,65
20251017_part1,20251017_part1_C01_e01,65
20251017_part1,20251017_part1_C02_e01,65
20251017_part1,20251017_part1_C03_e01,65
20251017_part1,20251017_part1_C03_e02,65
20251017_part1,20251017_part1_C03_e03,65
20251017_part1,20251017_part1_C03_e04,65
20251017_part1,20251017_part1_C03_e05,65
20251017_part1,20251017_part1_C04_e01,65
20251017_part1,20251017_part1_C05_e01,65
20251017_part1,20251017_part1_C06_e01,65
20251017_part1,20251017_part1_C07_e01,65
20251017_part1,20251017_part1_C08_e01,65
20251017_part1,20251017_part1_C09_e01,65
20251017_part1,20251017_part1_C10_e01,65
20251017_part1,20251017_part1_C11_e01,65
20251017_part1,20251017_part1_C12_e01,65
20251017_part1,20251017_part1_D01_e01,65
20251017_part1,20251017_part1_D02_e01,65
20251017_part1,20251017_part1_D03_e01,65
20251017_part1,20251017_part1_D04_e01,65
20251017_part1,20251017_part1_D05_e01,65
20251017_part1,20251017_part1_D06_e01,65
20251017_part1,20251017_part1_D07_e01,65
20251017_part1,20251017_part1_D08_e01,65
20251017_part1,20251017_part1_D09_e01,65
20251017_part1,20251017_part1_D10_e02,65
20251017_part1,20251017_part1_D11_e01,65
20251017_part1,20251017_part1_D12_e01,65
20251017_part1,20251017_part1_E01_e01,65
20251017_part1,20251017_part1_E02_e01,65
20251017_part1,20251017_part1_E03_e01,65
20251017_part1,20251017_part1_E04_e01,65
20251017_part1,20251017_part1_E05_e01,65
20251017_part1,20251017_part1_E06_e01,65
20251017_part1,20251017_part1_E07_e01,65
20251017_part1,20251017_part1_E08_e01,64
20251017_part1,20251017_part1_E09_e01,65
20251017_part1,20251017_part1_E10_e01,65
20251017_part1,20251017_part1_E11_e01,65
20251017_part1,20251017_part1_E12_e01,65
20251017_part1,20251017_part1_E12_e02,4
20251017_part1,20251017_part1_F01_e01,65
20251017_part1,20251017_part1_F02_e01,65
20251017_part1,20251017_part1_F03_e01,65
20251017_part1,20251017_part1_F04_e01,65
20251017_part1,20251017_part1_F05_e01,65
20251017_part1,20251017_part1_F06_e01,65
20251017_part1,20251017_part1_F08_e01,65
20251017_part1,20251017_part1_F08_e02,36
20251017_part1,20251017_part1_F09_e01,65
20251017_part1,20251017_part1_F10_e01,65
20251017_part1,20251017_part1_F11_e01,65
20251017_part1,20251017_part1_F12_e01,65
20251017_part1,20251017_part1_G01_e01,65
20251017_part1,20251017_part1_G02_e01,65
20251017_part1,20251017_part1_G03_e01,65
20251017_part1,20251017_part1_G04_e01,65
20251017_part1,20251017_part1_G05_e01,65
20251017_part1,20251017_part1_G06_e01,65
20251017_part1,20251017_part1_G07_e01,65
20251017_part1,20251017_part1_G08_e01,65
20251017_part1,20251017_part1_G09_e01,65
20251017_part1,20251017_part1_G10_e01,65
20251017_part1,20251017_part1_G11_e01,65
20251017_part1,20251017_part1_G12_e01,65
20251017_part1,20251017_part1_G12_e02,1
20251017_part1,20251017_part1_H01_e01,65
20251017_part1,20251017_part1_H02_e01,65
20251017_part1,20251017_part1_H03_e01,65
20251017_part1,20251017_part1_H04_e01,65
20251017_part1,20251017_part1_H05_e01,65
20251017_part1,20251017_part1_H06_e01,65
20251017_part1,20251017_part1_H07_e01,65
20251017_part1,20251017_part1_H08_e01,65
20251017_part1,20251017_part1_H09_e01,65
20251017_part1,20251017_part1_H10_e01,65
20251017_part1,20251017_part1_H11_e01,65
20251017_part1,20251017_part1_H12_e01,65
20251017_part2,20251017_part2_A01_e01,63
20251017_part2,20251017_part2_A02_e01,63
20251017_part2,20251017_part2_A03_e01,63
20251017_part2,20251017_part2_A04_e01,63
20251017_part2,20251017_part2_A05_e01,63
20251017_part2,20251017_part2_A06_e01,63
20251017_part2,20251017_part2_A06_e02,63
20251017_part2,20251017_part2_A07_e01,63
20251017_part2,20251017_part2_A08_e01,63
20251017_part2,20251017_part2_A08_e02,63
20251017_part2,20251017_part2_A09_e01,63
20251017_part2,20251017_part2_A10_e01,58
20251017_part2,20251017_part2_A10_e02,50
20251017_part2,20251017_part2_A11_e01,63
20251017_part2,20251017_part2_A12_e01,63
20251017_part2,20251017_part2_A12_e02,50
20251017_part2,20251017_part2_A12_e03,63
20251017_part2,20251017_part2_A12_e04,63
20251017_part2,20251017_part2_B01_e01,63
20251017_part2,20251017_part2_B02_e01,63
20251017_part2,20251017_part2_B03_e01,63
20251017_part2,20251017_part2_B04_e01,63
20251017_part2,20251017_part2_B05_e01,63
20251017_part2,20251017_part2_B06_e01,63
20251017_part2,20251017_part2_B07_e01,63
20251017_part2,20251017_part2_B08_e01,61
20251017_part2,20251017_part2_B08_e02,63
20251017_part2,20251017_part2_B09_e01,63
20251017_part2,20251017_part2_B10_e01,63
20251017_part2,20251017_part2_B11_e01,63
20251017_part2,20251017_part2_B12_e01,63
20251017_part2,20251017_part2_C01_e01,63
20251017_part2,20251017_part2_C02_e01,63
20251017_part2,20251017_part2_C03_e01,63
20251017_part2,20251017_part2_C03_e02,63
20251017_part2,20251017_part2_C03_e03,63
20251017_part2,20251017_part2_C03_e04,45
20251017_part2,20251017_part2_C04_e01,63
20251017_part2,20251017_part2_C05_e01,63
20251017_part2,20251017_part2_C06_e01,63
20251017_part2,20251017_part2_C07_e01,63
20251017_part2,20251017_part2_C08_e01,60
20251017_part2,20251017_part2_C09_e01,63
20251017_part2,20251017_part2_C09_e02,63
20251017_part2,20251017_part2_C10_e01,63
20251017_part2,20251017_part2_C11_e01,63
20251017_part2,20251017_part2_C12_e01,63
20251017_part2,20251017_part2_D01_e01,63
20251017_part2,20251017_part2_D01_e02,63
20251017_part2,20251017_part2_D02_e01,63
20251017_part2,20251017_part2_D02_e02,63
20251017_part2,20251017_part2_D03_e01,63
20251017_part2,20251017_part2_D04_e01,63
20251017_part2,20251017_part2_D05_e01,63
20251017_part2,20251017_part2_D06_e01,63
20251017_part2,20251017_part2_D07_e01,63
20251017_part2,20251017_part2_D08_e01,56
20251017_part2,20251017_part2_D08_e02,63
20251017_part2,20251017_part2_D09_e01,60
20251017_part2,20251017_part2_D10_e01,63
20251017_part2,20251017_part2_D10_e02,63
20251017_part2,20251017_part2_D11_e01,63
20251017_part2,20251017_part2_D12_e01,63
20251017_part2,20251017_part2_E01_e01,63
20251017_part2,20251017_part2_E01_e02,63
20251017_part2,20251017_part2_E02_e01,63
20251017_part2,20251017_part2_E03_e01,63
20251017_part2,20251017_part2_E04_e01,63
20251017_part2,20251017_part2_E05_e01,63
20251017_part2,20251017_part2_E06_e01,63
20251017_part2,20251017_part2_E07_e01,63
20251017_part2,20251017_part2_E08_e01,63
20251017_part2,20251017_part2_E08_e02,60
20251017_part2,20251017_part2_E09_e01,56
20251017_part2,20251017_part2_E10_e01,63
20251017_part2,20251017_part2_E10_e02,63
20251017_part2,20251017_part2_E11_e01,63
20251017_part2,20251017_part2_E12_e01,63
20251017_part2,20251017_part2_F01_e01,63
20251017_part2,20251017_part2_F01_e02,63
20251017_part2,20251017_part2_F01_e03,63
20251017_part2,20251017_part2_F01_e04,63
20251017_part2,20251017_part2_F02_e01,63
20251017_part2,20251017_part2_F03_e01,63
20251017_part2,20251017_part2_F04_e01,63
20251017_part2,20251017_part2_F05_e01,63
20251017_part2,20251017_part2_F05_e02,57
20251017_part2,20251017_part2_F06_e01,63
20251017_part2,20251017_part2_F08_e01,42
20251017_part2,20251017_part2_F08_e02,45
20251017_part2,20251017_part2_F09_e01,59
20251017_part2,20251017_part2_F10_e01,63
20251017_part2,20251017_part2_F11_e01,63
20251017_part2,20251017_part2_F12_e01,63
20251017_part2,20251017_part2_G01_e01,63
20251017_part2,20251017_part2_G01_e02,63
20251017_part2,20251017_part2_G02_e01,63
20251017_part2,20251017_part2_G03_e01,63
20251017_part2,20251017_part2_G04_e01,63
20251017_part2,20251017_part2_G05_e01,63
20251017_part2,20251017_part2_G06_e01,63
20251017_part2,20251017_part2_G07_e01,63
20251017_part2,20251017_part2_G08_e01,60
20251017_part2,20251017_part2_G09_e01,63
20251017_part2,20251017_part2_G10_e01,63
20251017_part2,20251017_part2_G11_e01,63
20251017_part2,20251017_part2_G12_e01,63
20251017_part2,20251017_part2_G12_e02,2
20251017_part2,20251017_part2_H01_e01,63
20251017_part2,20251017_part2_H01_e02,63
20251017_part2,20251017_part2_H02_e01,63
20251017_part2,20251017_part2_H03_e01,63
20251017_part2,20251017_part2_H04_e01,63
20251017_part2,20251017_part2_H04_e02,63
20251017_part2,20251017_part2_H05_e01,63
20251017_part2,20251017_part2_H06_e01,63
20251017_part2,20251017_part2_H07_e01,63
20251017_part2,20251017_part2_H08_e01,63
20251017_part2,20251017_part2_H09_e01,62
20251017_part2,20251017_part2_H10_e01,63
20251017_part2,20251017_part2_H11_e01,63
20251017_part2,20251017_part2_H11_e02,61
20251017_part2,20251017_part2_H12_e01,63
20251020,20251020_A01_e01,57
20251020,20251020_A03_e01,57
20251020,20251020_A04_e01,57
20251020,20251020_A05_e01,57
20251020,20251020_A06_e01,57
20251020,20251020_A07_e01,57
20251020,20251020_A07_e02,26
20251020,20251020_A08_e01,57
20251020,20251020_A09_e01,31
20251020,20251020_A10_e01,57
20251020,20251020_A11_e01,57
20251020,20251020_A12_e01,57
20251020,20251020_B01_e01,57
20251020,20251020_B02_e01,57
20251020,20251020_B03_e01,57
20251020,20251020_B04_e01,57
20251020,20251020_B05_e01,57
20251020,20251020_B07_e01,57
20251020,20251020_B08_e01,57
20251020,20251020_B09_e01,57
20251020,20251020_B10_e01,57
20251020,20251020_B11_e01,57
20251020,20251020_B12_e01,57
20251020,20251020_C01_e01,57
20251020,20251020_C02_e01,57
20251020,20251020_C03_e01,57
20251020,20251020_C04_e01,57
20251020,20251020_C05_e01,57
20251020,20251020_C06_e01,57
20251020,20251020_C07_e01,57
20251020,20251020_C08_e01,57
20251020,20251020_C09_e01,57
20251020,20251020_C10_e01,57
20251020,20251020_C11_e01,57
20251020,20251020_C12_e01,57
20251020,20251020_D01_e01,57
20251020,20251020_D02_e01,57
20251020,20251020_D03_e01,57
20251020,20251020_D04_e01,57
20251020,20251020_D05_e01,57
20251020,20251020_D06_e01,57
20251020,20251020_D07_e01,57
20251020,20251020_D08_e01,57
20251020,20251020_D09_e01,57
20251020,20251020_D10_e01,57
20251020,20251020_D11_e01,57
20251020,20251020_D12_e01,57
20251020,20251020_E01_e01,57
20251020,20251020_E02_e01,57
20251020,20251020_E03_e01,57
20251020,20251020_E05_e01,57
20251020,20251020_E06_e01,57
20251020,20251020_E07_e01,57
20251020,20251020_E08_e01,57
20251020,20251020_E09_e01,57
20251020,20251020_E10_e01,57
20251020,20251020_E11_e01,57
20251020,20251020_E12_e01,57
20251020,20251020_F01_e01,57
20251020,20251020_F02_e01,57
20251020,20251020_F03_e01,57
20251020,20251020_F04_e01,57
20251020,20251020_F05_e01,57
20251020,20251020_F06_e01,57
20251020,20251020_F07_e01,29
20251020,20251020_F08_e01,57
20251020,20251020_F09_e01,57
20251020,20251020_F10_e01,57
20251020,20251020_F11_e01,57
20251020,20251020_F12_e01,57
20251020,20251020_G01_e01,57
20251020,20251020_G02_e01,57
20251020,20251020_G03_e01,57
20251020,20251020_G04_e01,57
20251020,20251020_G06_e01,57
20251020,20251020_G07_e01,57
20251020,20251020_G08_e01,57
20251020,20251020_G09_e01,57
20251020,20251020_G10_e01,57
20251020,20251020_G11_e01,57
20251020,20251020_G12_e01,57
20251020,20251020_H01_e01,57
20251020,20251020_H02_e01,57
20251020,20251020_H03_e01,57
20251020,20251020_H04_e01,57
20251020,20251020_H05_e01,57
20251020,20251020_H06_e01,57
20251020,20251020_H07_e01,57
20251020,20251020_H08_e01,57
20251020,20251020_H09_e01,57
20251020,20251020_H10_e01,57
20251020,20251020_H11_e01,57
20251020,20251020_H12_e01,57
20251112,20251112_A01_e01,49
20251112,20251112_A02_e01,49
20251112,20251112_A02_e02,9
20251112,20251112_A02_e03,20
20251112,20251112_A02_e04,21
20251112,20251112_A02_e05,42
20251112,20251112_A03_e01,49
20251112,20251112_A03_e02,44
20251112,20251112_A03_e03,7
20251112,20251112_A04_e01,49
20251112,20251112_A04_e02,28
20251112,20251112_A05_e01,49
20251112,20251112_A05_e02,17
20251112,20251112_A06_e01,49
20251112,20251112_A06_e02,47
20251112,20251112_A07_e01,47
20251112,20251112_A07_e02,23
20251112,20251112_A08_e01,49
20251112,20251112_A08_e02,15
20251112,20251112_A08_e03,27
20251112,20251112_A08_e04,31
20251112,20251112_A09_e01,49
20251112,20251112_A09_e02,40
20251112,20251112_A10_e01,49
20251112,20251112_A11_e01,49
20251112,20251112_A12_e01,49
20251112,20251112_A12_e02,36
20251112,20251112_A12_e03,3
20251112,20251112_B01_e01,49
20251112,20251112_B02_e01,17
20251112,20251112_B02_e02,16
20251112,20251112_B02_e03,13
20251112,20251112_B02_e04,49
20251112,20251112_B02_e05,49
20251112,20251112_B02_e06,49
20251112,20251112_B03_e01,49
20251112,20251112_B03_e02,49
20251112,20251112_B04_e01,49
20251112,20251112_B04_e02,18
20251112,20251112_B05_e01,49
20251112,20251112_B05_e02,22
20251112,20251112_B06_e01,49
20251112,20251112_B07_e01,49
20251112,20251112_B08_e01,49
20251112,20251112_B09_e01,49
20251112,20251112_B10_e01,49
20251112,20251112_B10_e02,30
20251112,20251112_B11_e01,49
20251112,20251112_B12_e01,49
20251112,20251112_B12_e02,22
20251112,20251112_B12_e03,11
20251112,20251112_C01_e01,21
20251112,20251112_C02_e01,49
20251112,20251112_C02_e02,12
20251112,20251112_C02_e03,33
20251112,20251112_C03_e01,49
20251112,20251112_C03_e02,6
20251112,20251112_C03_e03,40
20251112,20251112_C03_e04,8
20251112,20251112_C04_e01,49
20251112,20251112_C04_e02,35
20251112,20251112_C05_e01,49
20251112,20251112_C05_e02,7
20251112,20251112_C06_e01,49
20251112,20251112_C06_e02,28
20251112,20251112_C07_e01,49
20251112,20251112_C08_e01,49
20251112,20251112_C09_e01,49
20251112,20251112_C10_e01,49
20251112,20251112_C11_e01,49
20251112,20251112_C12_e01,49
20251112,20251112_D01_e01,49
20251112,20251112_D02_e01,49
20251112,20251112_D03_e01,49
20251112,20251112_D04_e01,49
20251112,20251112_D05_e01,49
20251112,20251112_D05_e02,6
20251112,20251112_D06_e01,49
20251112,20251112_D07_e01,49
20251112,20251112_D07_e02,49
20251112,20251112_D08_e01,49
20251112,20251112_D08_e02,24
20251112,20251112_D09_e01,49
20251112,20251112_D10_e01,49
20251112,20251112_D11_e01,49
20251112,20251112_D12_e01,49
20251112,20251112_D12_e02,49
20251112,20251112_E01_e01,49
20251112,20251112_E01_e02,43
20251112,20251112_E02_e01,49
20251112,20251112_E02_e02,43
20251112,20251112_E02_e03,2
20251112,20251112_E02_e04,45
20251112,20251112_E03_e01,49
20251112,20251112_E04_e01,49
20251112,20251112_E04_e02,49
20251112,20251112_E05_e01,49
20251112,20251112_E05_e02,1
20251112,20251112_E05_e03,19
20251112,20251112_E05_e04,49
20251112,20251112_E06_e01,49
20251112,20251112_E07_e01,49
20251112,20251112_E08_e01,49
20251112,20251112_E08_e02,6
20251112,20251112_E09_e01,49
20251112,20251112_E10_e01,49
20251112,20251112_E11_e01,49
20251112,20251112_E12_e01,49
20251112,20251112_F01_e01,49
20251112,20251112_F01_e02,24
20251112,20251112_F02_e01,49
20251112,20251112_F02_e02,27
20251112,20251112_F02_e03,28
20251112,20251112_F03_e01,49
20251112,20251112_F03_e02,9
20251112,20251112_F03_e03,6
20251112,20251112_F04_e01,49
20251112,20251112_F05_e01,49
20251112,20251112_F05_e02,16
20251112,20251112_F05_e03,38
20251112,20251112_F05_e04,24
20251112,20251112_F05_e05,32
20251112,20251112_F06_e01,49
20251112,20251112_F06_e02,49
20251112,20251112_F06_e03,8
20251112,20251112_F06_e04,7
20251112,20251112_F07_e01,49
20251112,20251112_F07_e02,10
20251112,20251112_F07_e03,48
20251112,20251112_F08_e01,49
20251112,20251112_F08_e02,49
20251112,20251112_F08_e03,5
20251112,20251112_F09_e01,49
20251112,20251112_F10_e01,49
20251112,20251112_F11_e01,49
20251112,20251112_F11_e02,12
20251112,20251112_F12_e01,49
20251112,20251112_F12_e02,49
20251112,20251112_F12_e03,33
20251112,20251112_G01_e01,49
20251112,20251112_G01_e02,49
20251112,20251112_G01_e03,6
20251112,20251112_G02_e01,49
20251112,20251112_G02_e02,46
20251112,20251112_G03_e01,49
20251112,20251112_G03_e02,29
20251112,20251112_G04_e01,49
20251112,20251112_G05_e01,49
20251112,20251112_G05_e02,12
20251112,20251112_G06_e01,49
20251112,20251112_G07_e01,49
20251112,20251112_G08_e01,49
20251112,20251112_G08_e02,22
20251112,20251112_G08_e03,23
20251112,20251112_G09_e01,49
20251112,20251112_G10_e01,49
20251112,20251112_G11_e01,49
20251112,20251112_G12_e01,49
20251112,20251112_H01_e01,9
20251112,20251112_H01_e02,30
20251112,20251112_H01_e03,1
20251112,20251112_H01_e04,49
20251112,20251112_H02_e01,49
20251112,20251112_H02_e02,22
20251112,20251112_H02_e03,8
20251112,20251112_H03_e01,49
20251112,20251112_H03_e02,49
20251112,20251112_H04_e01,49
20251112,20251112_H05_e01,49
20251112,20251112_H05_e02,16
20251112,20251112_H05_e03,49
20251112,20251112_H05_e04,32
20251112,20251112_H06_e01,49
20251112,20251112_H07_e01,49
20251112,20251112_H07_e02,23
20251112,20251112_H07_e03,27
20251112,20251112_H07_e04,24
20251112,20251112_H08_e01,49
20251112,20251112_H08_e02,21
20251112,20251112_H08_e03,16
20251112,20251112_H08_e04,20
20251112,20251112_H08_e05,49
20251112,20251112_H09_e01,49
20251112,20251112_H10_e01,49
20251112,20251112_H11_e01,49
20251112,20251112_H12_e01,49
20251119,20251119_A01_e01,348
20251119,20251119_A02_e01,348
20251119,20251119_A03_e01,348
20251119,20251119_A04_e01,348
20251119,20251119_A05_e01,348
20251119,20251119_B01_e01,348
20251119,20251119_B02_e01,348
20251119,20251119_B04_e01,348
20251119,20251119_B05_e01,348
20251119,20251119_C01_e01,348
20251119,20251119_C03_e01,348
20251119,20251119_C04_e01,348
20251119,20251119_C05_e01,348
20251119,20251119_D01_e01,348
20251119,20251119_D02_e01,348
20251119,20251119_D04_e01,348
20251119,20251119_D05_e01,348
20251119,20251119_E01_e01,348
20251119,20251119_E02_e01,348
20251119,20251119_E03_e01,348
20251119,20251119_E04_e01,348
20251119,20251119_F02_e01,348
20251119,20251119_F03_e01,348
20251119,20251119_F05_e01,348
20251119,20251119_G02_e01,348
20251119,20251119_G03_e01,348
20251119,20251119_G04_e01,348
20251119,20251119_G05_e01,348
20251119,20251119_H03_e01,348
20251119,20251119_H05_e01,348
20251121,20251121_A01_e01,173
20251121,20251121_A02_e01,165
20251121,20251121_A03_e01,173
20251121,20251121_A04_e01,173
20251121,20251121_A04_e02,173
20251121,20251121_A04_e03,158
20251121,20251121_A04_e04,173
20251121,20251121_A05_e01,173
20251121,20251121_A06_e01,87
20251121,20251121_A06_e02,30
20251121,20251121_A06_e03,173
20251121,20251121_A06_e04,173
20251121,20251121_A07_e01,173
20251121,20251121_A08_e01,173
20251121,20251121_A08_e02,16
20251121,20251121_A09_e01,173
20251121,20251121_A10_e01,173
20251121,20251121_A10_e02,173
20251121,20251121_A11_e01,173
20251121,20251121_A12_e01,173
20251121,20251121_A12_e02,173
20251121,20251121_B01_e01,173
20251121,20251121_B02_e01,168
20251121,20251121_B03_e01,173
20251121,20251121_B03_e02,173
20251121,20251121_B04_e01,173
20251121,20251121_B05_e01,172
20251121,20251121_B05_e02,97
20251121,20251121_B05_e03,171
20251121,20251121_B06_e01,173
20251121,20251121_B06_e02,173
20251121,20251121_B07_e01,172
20251121,20251121_B07_e02,41
20251121,20251121_B08_e01,173
20251121,20251121_B09_e01,173
20251121,20251121_B10_e01,173
20251121,20251121_B11_e01,173
20251121,20251121_B11_e02,83
20251121,20251121_B12_e01,173
20251121,20251121_C01_e01,173
20251121,20251121_C02_e01,173
20251121,20251121_C03_e01,173
20251121,20251121_C04_e01,173
20251121,20251121_C05_e01,173
20251121,20251121_C06_e01,172
20251121,20251121_C07_e01,173
20251121,20251121_C08_e01,173
20251121,20251121_C08_e02,9
20251121,20251121_C09_e01,173
20251121,20251121_C10_e01,173
20251121,20251121_C11_e01,173
20251121,20251121_C12_e01,173
20251121,20251121_D01_e01,173
20251121,20251121_D02_e01,172
20251121,20251121_D03_e01,169
20251121,20251121_D04_e01,173
20251121,20251121_D04_e02,12
20251121,20251121_D05_e01,173
20251121,20251121_D05_e02,18
20251121,20251121_D06_e01,173
20251121,20251121_D06_e02,51
20251121,20251121_D07_e01,173
20251121,20251121_D08_e01,173
20251121,20251121_D08_e02,57
20251121,20251121_D09_e01,173
20251121,20251121_D10_e01,173
20251121,20251121_D11_e01,173
20251121,20251121_D12_e01,173
20251121,20251121_E01_e01,173
20251121,20251121_E02_e01,173
20251121,20251121_E03_e01,173
20251121,20251121_E04_e01,17
20251121,20251121_E04_e02,173
20251121,20251121_E04_e03,173
20251121,20251121_E05_e01,173
20251121,20251121_E05_e02,173
20251121,20251121_E06_e01,173
20251121,20251121_E08_e01,173
20251121,20251121_E08_e02,173
20251121,20251121_E09_e01,173
20251121,20251121_E10_e01,173
20251121,20251121_E10_e02,173
20251121,20251121_E11_e01,173
20251121,20251121_E11_e02,173
20251121,20251121_E12_e01,173
20251121,20251121_F01_e01,173
20251121,20251121_F02_e01,173
20251121,20251121_F03_e01,173
20251121,20251121_F04_e01,173
20251121,20251121_F04_e02,170
20251121,20251121_F05_e01,172
20251121,20251121_F05_e02,18
20251121,20251121_F05_e03,171
20251121,20251121_F06_e01,173
20251121,20251121_F06_e02,173
20251121,20251121_F07_e01,173
20251121,20251121_F07_e02,19
20251121,20251121_F08_e01,173
20251121,20251121_F08_e02,80
20251121,20251121_F09_e01,173
20251121,20251121_F10_e01,173
20251121,20251121_F11_e01,173
20251121,20251121_F12_e01,173
20251121,20251121_G01_e01,173
20251121,20251121_G01_e02,173
20251121,20251121_G02_e01,173
20251121,20251121_G03_e01,173
20251121,20251121_G04_e01,173
20251121,20251121_G04_e02,18
20251121,20251121_G04_e03,173
20251121,20251121_G05_e01,166
20251121,20251121_G05_e02,35
20251121,20251121_G06_e01,173
20251121,20251121_G07_e01,172
20251121,20251121_G08_e01,172
20251121,20251121_G09_e01,172
20251121,20251121_G10_e01,173
20251121,20251121_G10_e02,151
20251121,20251121_G10_e03,173
20251121,20251121_G11_e01,173
20251121,20251121_G12_e01,173
20251121,20251121_H01_e01,173
20251121,20251121_H02_e01,173
20251121,20251121_H03_e01,148
20251121,20251121_H04_e01,173
20251121,20251121_H05_e01,172
20251121,20251121_H06_e01,166
20251121,20251121_H06_e02,40
20251121,20251121_H07_e01,171
20251121,20251121_H08_e01,172
20251121,20251121_H09_e01,173
20251121,20251121_H10_e01,173
20251121,20251121_H11_e01,173
20251121,20251121_H11_e02,173
20251121,20251121_H12_e01,173
20251125,20251125_A01_e01,231
20251125,20251125_A02_e01,231
20251125,20251125_A03_e01,49
20251125,20251125_A04_e01,231
20251125,20251125_A05_e01,231
20251125,20251125_A06_e01,231
20251125,20251125_A07_e01,231
20251125,20251125_A08_e01,231
20251125,20251125_A09_e01,231
20251125,20251125_A09_e02,231
20251125,20251125_A10_e01,231
20251125,20251125_A11_e01,231
20251125,20251125_A12_e01,231
20251125,20251125_B01_e01,231
20251125,20251125_B02_e01,231
20251125,20251125_B03_e01,231
20251125,20251125_B04_e01,231
20251125,20251125_B05_e01,231
20251125,20251125_B06_e01,231
20251125,20251125_B07_e01,231
20251125,20251125_B08_e01,231
20251125,20251125_B09_e01,231
20251125,20251125_B10_e01,231
20251125,20251125_B11_e01,231
20251125,20251125_B12_e01,231
20251125,20251125_C01_e01,231
20251125,20251125_C02_e01,231
20251125,20251125_C03_e01,231
20251125,20251125_C04_e01,231
20251125,20251125_C05_e01,231
20251125,20251125_C06_e01,231
20251125,20251125_C07_e01,231
20251125,20251125_C08_e01,231
20251125,20251125_C09_e01,231
20251125,20251125_C10_e01,231
20251125,20251125_C11_e01,231
20251125,20251125_C12_e01,146
20251125,20251125_D01_e01,231
20251125,20251125_D02_e01,35
20251125,20251125_D03_e01,231
20251125,20251125_D04_e01,231
20251125,20251125_D05_e01,231
20251125,20251125_D06_e01,231
20251125,20251125_D07_e01,231
20251125,20251125_D08_e01,231
20251125,20251125_D09_e01,231
20251125,20251125_D10_e01,231
20251125,20251125_D11_e01,231
20251125,20251125_D12_e01,231
20251125,20251125_E01_e01,231
20251125,20251125_E02_e01,231
20251125,20251125_E03_e01,231
20251125,20251125_E04_e01,231
20251125,20251125_E05_e01,231
20251125,20251125_E06_e01,231
20251125,20251125_E07_e01,231
20251125,20251125_E08_e01,231
20251125,20251125_E09_e01,231
20251125,20251125_E10_e01,231
20251125,20251125_E11_e01,231
20251125,20251125_E12_e01,231
20251125,20251125_F01_e01,231
20251125,20251125_F02_e01,231
20251125,20251125_F03_e01,231
20251125,20251125_F04_e01,231
20251125,20251125_F05_e01,231
20251125,20251125_F06_e01,231
20251125,20251125_F07_e01,231
20251125,20251125_F08_e01,231
20251125,20251125_F08_e02,231
20251125,20251125_F09_e01,231
20251125,20251125_F10_e01,231
20251125,20251125_F11_e01,230
20251125,20251125_F12_e01,231
20251125,20251125_G02_e01,231
20251125,20251125_G03_e01,231
20251125,20251125_G04_e01,231
20251125,20251125_G05_e01,231
20251125,20251125_G06_e01,231
20251125,20251125_G07_e01,226
20251125,20251125_G08_e01,231
20251125,20251125_G09_e01,231
20251125,20251125_G10_e01,231
20251125,20251125_G11_e01,231
20251125,20251125_G12_e01,231
20251125,20251125_H01_e01,231
20251125,20251125_H02_e01,231
20251125,20251125_H03_e01,231
20251125,20251125_H04_e01,231
20251125,20251125_H05_e01,231
20251125,20251125_H06_e01,231
20251125,20251125_H07_e01,231
20251125,20251125_H08_e01,228
20251125,20251125_H09_e01,230
20251125,20251125_H10_e01,231
20251125,20251125_H11_e01,231
20251125,20251125_H12_e01,231
20251205,20251205_A01_e01,115
20251205,20251205_A02_e01,115
20251205,20251205_A03_e01,115
20251205,20251205_A04_e01,115
20251205,20251205_A05_e01,115
20251205,20251205_A06_e01,115
20251205,20251205_A07_e01,115
20251205,20251205_A08_e01,115
20251205,20251205_A09_e01,115
20251205,20251205_A10_e01,115
20251205,20251205_A11_e01,115
20251205,20251205_A12_e01,115
20251205,20251205_B01_e01,115
20251205,20251205_B01_e02,115
20251205,20251205_B02_e01,115
20251205,20251205_B03_e01,115
20251205,20251205_B04_e01,115
20251205,20251205_B05_e01,115
20251205,20251205_B06_e01,115
20251205,20251205_B07_e01,115
20251205,20251205_B08_e01,115
20251205,20251205_B09_e01,115
20251205,20251205_B10_e01,115
20251205,20251205_B11_e01,115
20251205,20251205_B12_e01,115
20251205,20251205_B12_e02,115
20251205,20251205_C01_e01,115
20251205,20251205_C02_e01,115
20251205,20251205_C03_e01,115
20251205,20251205_C04_e01,115
20251205,20251205_C05_e01,115
20251205,20251205_C06_e01,115
20251205,20251205_C07_e01,115
20251205,20251205_C08_e01,115
20251205,20251205_C09_e01,115
20251205,20251205_C10_e01,115
20251205,20251205_C11_e01,115
20251205,20251205_C12_e01,115
20251205,20251205_D01_e01,115
20251205,20251205_D02_e01,115
20251205,20251205_D03_e01,115
20251205,20251205_D04_e01,115
20251205,20251205_D05_e01,115
20251205,20251205_D06_e01,115
20251205,20251205_D07_e01,115
20251205,20251205_D08_e01,115
20251205,20251205_D09_e01,115
20251205,20251205_D10_e01,115
20251205,20251205_D11_e01,115
20251205,20251205_D11_e02,102
20251205,20251205_D12_e01,115
20251205,20251205_E01_e01,115
20251205,20251205_E02_e01,115
20251205,20251205_E03_e01,115
20251205,20251205_E04_e01,115
20251205,20251205_E05_e01,115
20251205,20251205_E06_e01,115
20251205,20251205_E07_e01,115
20251205,20251205_E08_e01,115
20251205,20251205_E09_e01,115
20251205,20251205_E10_e01,115
20251205,20251205_E11_e01,115
20251205,20251205_E12_e01,115
20251205,20251205_F01_e01,115
20251205,20251205_F02_e01,115
20251205,20251205_F03_e01,115
20251205,20251205_F04_e01,115
20251205,20251205_F04_e02,115
20251205,20251205_F05_e01,115
20251205,20251205_F06_e01,115
20251205,20251205_F07_e01,115
20251205,20251205_F08_e01,115
20251205,20251205_F08_e02,114
20251205,20251205_F09_e01,115
20251205,20251205_F10_e01,115
20251205,20251205_F11_e01,115
20251205,20251205_F11_e02,115
20251205,20251205_F12_e01,115
20251205,20251205_G01_e01,115
20251205,20251205_G02_e01,115
20251205,20251205_G03_e01,115
20251205,20251205_G04_e01,115
20251205,20251205_G05_e01,115
20251205,20251205_G06_e01,115
20251205,20251205_G07_e01,115
20251205,20251205_G08_e01,115
20251205,20251205_G08_e02,115
20251205,20251205_G09_e01,115
20251205,20251205_G10_e01,115
20251205,20251205_G11_e01,115
20251205,20251205_G12_e01,115
20251205,20251205_H01_e01,115
20251205,20251205_H02_e01,115
20251205,20251205_H03_e01,115
20251205,20251205_H04_e01,115
20251205,20251205_H05_e02,115
20251205,20251205_H06_e01,115
20251205,20251205_H06_e02,115
20251205,20251205_H07_e01,115
20251205,20251205_H08_e01,115
20251205,20251205_H08_e02,115
20251205,20251205_H08_e03,115
20251205,20251205_H09_e01,115
20251205,20251205_H10_e01,115
20251205,20251205_H11_e01,115
20251205,20251205_H11_e02,115
20251205,20251205_H12_e01,115
20251207_pbx,20251207_pbx_A01_e01,132
20251207_pbx,20251207_pbx_A01_e02,1
20251207_pbx,20251207_pbx_A02_e01,132
20251207_pbx,20251207_pbx_A03_e01,132
20251207_pbx,20251207_pbx_A04_e01,132
20251207_pbx,20251207_pbx_A05_e01,132
20251207_pbx,20251207_pbx_A06_e01,132
20251207_pbx,20251207_pbx_A07_e01,132
20251207_pbx,20251207_pbx_A07_e02,132
20251207_pbx,20251207_pbx_A08_e01,132
20251207_pbx,20251207_pbx_A09_e01,132
20251207_pbx,20251207_pbx_A10_e01,132
20251207_pbx,20251207_pbx_A11_e01,132
20251207_pbx,20251207_pbx_A11_e02,132
20251207_pbx,20251207_pbx_A12_e02,132
20251207_pbx,20251207_pbx_B01_e01,132
20251207_pbx,20251207_pbx_B02_e01,132
20251207_pbx,20251207_pbx_B03_e01,132
20251207_pbx,20251207_pbx_B04_e01,132
20251207_pbx,20251207_pbx_B04_e02,132
20251207_pbx,20251207_pbx_B05_e01,132
20251207_pbx,20251207_pbx_B06_e01,132
20251207_pbx,20251207_pbx_B07_e01,132
20251207_pbx,20251207_pbx_B08_e01,132
20251207_pbx,20251207_pbx_B09_e01,132
20251207_pbx,20251207_pbx_B10_e01,132
20251207_pbx,20251207_pbx_B11_e01,132
20251207_pbx,20251207_pbx_B12_e01,132
20251207_pbx,20251207_pbx_B12_e02,132
20251207_pbx,20251207_pbx_C01_e01,132
20251207_pbx,20251207_pbx_C02_e01,132
20251207_pbx,20251207_pbx_C03_e01,132
20251207_pbx,20251207_pbx_C03_e02,1
20251207_pbx,20251207_pbx_C04_e01,132
20251207_pbx,20251207_pbx_C05_e01,124
20251207_pbx,20251207_pbx_C06_e01,132
20251207_pbx,20251207_pbx_C07_e01,132
20251207_pbx,20251207_pbx_C08_e01,132
20251207_pbx,20251207_pbx_C09_e01,132
20251207_pbx,20251207_pbx_C10_e01,128
20251207_pbx,20251207_pbx_C11_e01,132
20251207_pbx,20251207_pbx_C11_e02,132
20251207_pbx,20251207_pbx_C12_e01,132
20251207_pbx,20251207_pbx_D01_e01,132
20251207_pbx,20251207_pbx_D01_e02,1
20251207_pbx,20251207_pbx_D02_e01,132
20251207_pbx,20251207_pbx_D02_e02,132
20251207_pbx,20251207_pbx_D03_e01,132
20251207_pbx,20251207_pbx_D04_e01,131
20251207_pbx,20251207_pbx_D05_e01,132
20251207_pbx,20251207_pbx_D06_e01,132
20251207_pbx,20251207_pbx_D07_e01,132
20251207_pbx,20251207_pbx_D08_e01,132
20251207_pbx,20251207_pbx_D09_e01,132
20251207_pbx,20251207_pbx_D10_e01,132
20251207_pbx,20251207_pbx_D10_e02,132
20251207_pbx,20251207_pbx_D11_e01,132
20251207_pbx,20251207_pbx_D12_e01,132
20251207_pbx,20251207_pbx_E01_e01,132
20251207_pbx,20251207_pbx_E02_e01,132
20251207_pbx,20251207_pbx_E02_e02,132
20251207_pbx,20251207_pbx_E03_e01,132
20251207_pbx,20251207_pbx_E04_e01,132
20251207_pbx,20251207_pbx_E05_e01,132
20251207_pbx,20251207_pbx_E06_e01,132
20251207_pbx,20251207_pbx_E07_e01,132
20251207_pbx,20251207_pbx_E08_e01,132
20251207_pbx,20251207_pbx_E09_e01,132
20251207_pbx,20251207_pbx_E10_e01,132
20251207_pbx,20251207_pbx_E11_e01,132
20251207_pbx,20251207_pbx_E12_e01,132
20251207_pbx,20251207_pbx_F01_e01,132
20251207_pbx,20251207_pbx_F01_e02,1
20251207_pbx,20251207_pbx_F02_e01,132
20251207_pbx,20251207_pbx_F02_e02,132
20251207_pbx,20251207_pbx_F03_e01,132
20251207_pbx,20251207_pbx_F04_e01,132
20251207_pbx,20251207_pbx_F05_e01,132
20251207_pbx,20251207_pbx_F06_e01,132
20251207_pbx,20251207_pbx_F06_e02,132
20251207_pbx,20251207_pbx_F06_e03,115
20251207_pbx,20251207_pbx_F07_e01,132
20251207_pbx,20251207_pbx_F08_e01,132
20251207_pbx,20251207_pbx_F08_e02,132
20251207_pbx,20251207_pbx_F09_e01,132
20251207_pbx,20251207_pbx_F10_e01,132
20251207_pbx,20251207_pbx_F11_e01,132
20251207_pbx,20251207_pbx_F11_e02,132
20251207_pbx,20251207_pbx_F12_e01,132
20251207_pbx,20251207_pbx_G01_e01,132
20251207_pbx,20251207_pbx_G01_e02,1
20251207_pbx,20251207_pbx_G02_e01,132
20251207_pbx,20251207_pbx_G02_e02,132
20251207_pbx,20251207_pbx_G03_e01,132
20251207_pbx,20251207_pbx_G04_e01,132
20251207_pbx,20251207_pbx_G05_e01,132
20251207_pbx,20251207_pbx_G05_e02,132
20251207_pbx,20251207_pbx_G06_e01,132
20251207_pbx,20251207_pbx_G07_e01,132
20251207_pbx,20251207_pbx_G08_e01,132
20251207_pbx,20251207_pbx_G09_e01,132
20251207_pbx,20251207_pbx_G10_e01,132
20251207_pbx,20251207_pbx_G11_e01,132
20251207_pbx,20251207_pbx_G12_e01,132
20251207_pbx,20251207_pbx_H01_e01,132
20251207_pbx,20251207_pbx_H02_e01,132
20251207_pbx,20251207_pbx_H02_e02,132
20251207_pbx,20251207_pbx_H03_e01,132
20251207_pbx,20251207_pbx_H03_e02,20
20251207_pbx,20251207_pbx_H04_e01,131
20251207_pbx,20251207_pbx_H05_e01,114
20251207_pbx,20251207_pbx_H06_e01,132
20251207_pbx,20251207_pbx_H07_e01,132
20251207_pbx,20251207_pbx_H08_e01,132
20251207_pbx,20251207_pbx_H09_e01,132
20251207_pbx,20251207_pbx_H10_e01,132
20251207_pbx,20251207_pbx_H11_e01,132
20251207_pbx,20251207_pbx_H12_e01,132
20251212,20251212_A01_e01,115
20251212,20251212_A02_e01,115
20251212,20251212_A02_e02,60
20251212,20251212_A03_e01,115
20251212,20251212_A04_e01,115
20251212,20251212_A05_e01,115
20251212,20251212_A06_e01,115
20251212,20251212_A07_e01,115
20251212,20251212_A08_e01,115
20251212,20251212_A09_e01,115
20251212,20251212_A10_e01,115
20251212,20251212_A11_e01,115
20251212,20251212_A12_e01,115
20251212,20251212_B01_e01,115
20251212,20251212_B02_e01,115
20251212,20251212_B03_e01,115
20251212,20251212_B04_e01,115
20251212,20251212_B05_e01,115
20251212,20251212_B06_e01,115
20251212,20251212_B07_e01,115
20251212,20251212_B08_e01,115
20251212,20251212_B09_e01,115
20251212,20251212_B09_e02,115
20251212,20251212_B10_e01,115
20251212,20251212_B11_e01,115
20251212,20251212_B12_e01,115
20251212,20251212_B12_e02,115
20251212,20251212_C01_e01,115
20251212,20251212_C02_e01,115
20251212,20251212_C03_e01,115
20251212,20251212_C04_e01,115
20251212,20251212_C05_e01,115
20251212,20251212_C06_e01,115
20251212,20251212_C06_e02,115
20251212,20251212_C07_e01,115
20251212,20251212_C09_e01,115
20251212,20251212_C10_e01,115
20251212,20251212_C11_e01,115
20251212,20251212_C12_e01,115
20251212,20251212_D01_e01,115
20251212,20251212_D02_e01,115
20251212,20251212_D03_e01,115
20251212,20251212_D03_e02,104
20251212,20251212_D04_e01,115
20251212,20251212_D05_e01,115
20251212,20251212_D06_e01,115
20251212,20251212_D07_e01,115
20251212,20251212_D07_e02,39
20251212,20251212_D08_e01,115
20251212,20251212_D09_e01,115
20251212,20251212_D10_e01,115
20251212,20251212_D11_e01,115
20251212,20251212_D12_e01,115
20251212,20251212_D12_e02,40
20251212,20251212_E01_e01,115
20251212,20251212_E03_e01,115
20251212,20251212_E04_e01,115
20251212,20251212_E05_e01,115
20251212,20251212_E06_e01,115
20251212,20251212_E07_e01,115
20251212,20251212_E08_e01,115
20251212,20251212_E08_e02,115
20251212,20251212_E09_e01,115
20251212,20251212_E10_e01,115
20251212,20251212_E11_e01,115
20251212,20251212_E12_e01,115
20251212,20251212_F01_e01,115
20251212,20251212_F02_e01,115
20251212,20251212_F03_e01,115
20251212,20251212_F04_e01,115
20251212,20251212_F05_e01,115
20251212,20251212_F06_e01,115
20251212,20251212_F06_e02,38
20251212,20251212_F07_e01,115
20251212,20251212_F08_e01,115
20251212,20251212_F09_e01,115
20251212,20251212_F10_e01,115
20251212,20251212_F11_e01,115
20251212,20251212_F12_e01,115
20251212,20251212_G01_e01,115
20251212,20251212_G02_e01,115
20251212,20251212_G04_e01,115
20251212,20251212_G05_e01,115
20251212,20251212_G06_e01,115
20251212,20251212_G07_e01,115
20251212,20251212_G08_e01,115
20251212,20251212_G08_e02,1
20251212,20251212_G09_e01,115
20251212,20251212_G10_e01,115
20251212,20251212_G11_e01,115
20251212,20251212_G12_e01,115
20251212,20251212_H01_e01,115
20251212,20251212_H02_e01,115
20251212,20251212_H03_e01,115
20251212,20251212_H04_e01,115
20251212,20251212_H05_e01,115
20251212,20251212_H06_e01,115
20251212,20251212_H07_e01,115
20251212,20251212_H08_e01,115
20251212,20251212_H09_e01,115
20251212,20251212_H10_e01,115
20251212,20251212_H11_e01,115
20251212,20251212_H12_e01,115
20260122,20260122_A01_e01,104
20260122,20260122_A02_e01,104
20260122,20260122_A02_e02,104
20260122,20260122_A03_e01,103
20260122,20260122_A04_e01,104
20260122,20260122_A04_e02,104
20260122,20260122_A04_e03,104
20260122,20260122_A05_e01,104
20260122,20260122_A05_e02,104
20260122,20260122_A05_e03,104
20260122,20260122_A06_e01,104
20260122,20260122_A06_e02,104
20260122,20260122_A06_e03,30
20260122,20260122_A07_e01,104
20260122,20260122_A07_e02,104
20260122,20260122_A07_e03,104
20260122,20260122_A08_e01,104
20260122,20260122_A08_e02,104
20260122,20260122_A09_e01,104
20260122,20260122_A09_e02,104
20260122,20260122_A09_e03,104
20260122,20260122_A10_e01,104
20260122,20260122_A10_e02,104
20260122,20260122_A10_e03,76
20260122,20260122_A10_e04,104
20260122,20260122_A11_e01,104
20260122,20260122_B01_e01,104
20260122,20260122_B01_e02,104
20260122,20260122_B02_e01,104
20260122,20260122_B03_e01,104
20260122,20260122_B03_e02,96
20260122,20260122_B03_e03,104
20260122,20260122_B03_e04,104
20260122,20260122_B03_e05,81
20260122,20260122_B04_e01,104
20260122,20260122_B05_e01,94
20260122,20260122_B06_e01,104
20260122,20260122_B07_e01,104
20260122,20260122_B08_e01,104
20260122,20260122_B09_e01,104
20260122,20260122_B09_e02,104
20260122,20260122_B10_e01,104
20260122,20260122_B10_e02,104
20260122,20260122_B10_e03,104
20260122,20260122_B11_e01,104
20260122,20260122_B11_e02,104
20260122,20260122_B12_e01,104
20260122,20260122_B12_e02,104
20260122,20260122_C01_e01,104
20260122,20260122_C02_e01,65
20260122,20260122_C02_e02,104
20260122,20260122_C02_e03,104
20260122,20260122_C03_e01,104
20260122,20260122_C03_e02,104
20260122,20260122_C04_e01,104
20260122,20260122_C04_e02,104
20260122,20260122_C04_e03,104
20260122,20260122_C05_e01,104
20260122,20260122_C05_e02,1
20260122,20260122_C06_e01,104
20260122,20260122_C07_e01,104
20260122,20260122_C08_e01,104
20260122,20260122_C08_e02,104
20260122,20260122_C08_e03,97
20260122,20260122_C09_e01,104
20260122,20260122_C10_e01,104
20260122,20260122_C10_e02,104
20260122,20260122_C10_e03,104
20260122,20260122_C11_e01,104
20260122,20260122_C11_e02,104
20260122,20260122_C11_e03,104
20260122,20260122_C11_e04,83
20260122,20260122_C12_e01,104
20260122,20260122_C12_e02,104
20260122,20260122_C12_e03,104
20260122,20260122_D01_e01,104
20260122,20260122_D01_e02,104
20260122,20260122_D02_e01,104
20260122,20260122_D02_e02,104
20260122,20260122_D02_e03,85
20260122,20260122_D03_e01,104
20260122,20260122_D03_e02,104
20260122,20260122_D04_e01,104
20260122,20260122_D04_e02,104
20260122,20260122_D05_e01,104
20260122,20260122_D05_e02,104
20260122,20260122_D06_e01,104
20260122,20260122_D06_e02,104
20260122,20260122_D06_e03,104
20260122,20260122_D07_e01,104
20260122,20260122_D08_e01,104
20260122,20260122_D08_e02,104
20260122,20260122_D09_e01,104
20260122,20260122_D10_e01,104
20260122,20260122_D10_e02,104
20260122,20260122_D11_e01,104
20260122,20260122_D12_e01,104
20260122,20260122_D12_e02,104
20260122,20260122_D12_e03,36
20260122,20260122_E01_e01,104
20260122,20260122_E02_e01,104
20260122,20260122_E02_e02,104
20260122,20260122_E03_e01,104
20260122,20260122_E03_e02,104
20260122,20260122_E04_e01,104
20260122,20260122_E04_e02,104
20260122,20260122_E05_e01,104
20260122,20260122_E05_e02,104
20260122,20260122_E06_e01,104
20260122,20260122_E07_e01,104
20260122,20260122_E08_e01,104
20260122,20260122_E09_e01,104
20260122,20260122_E10_e01,104
20260122,20260122_E10_e02,104
20260122,20260122_E10_e03,104
20260122,20260122_E11_e01,104
20260122,20260122_E11_e02,104
20260122,20260122_E11_e03,104
20260122,20260122_E12_e01,104
20260122,20260122_E12_e02,104
20260122,20260122_E12_e03,104
20260122,20260122_E12_e04,104
20260122,20260122_F01_e01,104
20260122,20260122_F01_e02,104
20260122,20260122_F01_e03,83
20260122,20260122_F02_e01,104
20260122,20260122_F02_e02,104
20260122,20260122_F03_e01,104
20260122,20260122_F03_e02,96
20260122,20260122_F04_e01,104
20260122,20260122_F04_e02,104
20260122,20260122_F05_e01,104
20260122,20260122_F05_e02,104
20260122,20260122_F06_e01,104
20260122,20260122_F07_e01,104
20260122,20260122_F07_e02,104
20260122,20260122_F08_e01,104
20260122,20260122_F09_e01,104
20260122,20260122_F10_e01,104
20260122,20260122_F10_e02,104
20260122,20260122_F10_e03,104
20260122,20260122_F10_e04,104
20260122,20260122_F10_e05,104
20260122,20260122_F11_e01,104
20260122,20260122_F11_e02,104
20260122,20260122_F12_e01,104
20260122,20260122_F12_e02,104
20260122,20260122_F12_e03,77
20260122,20260122_F12_e04,104
20260122,20260122_F12_e05,101
20260122,20260122_G01_e01,104
20260122,20260122_G02_e01,104
20260122,20260122_G02_e02,104
20260122,20260122_G03_e01,104
20260122,20260122_G03_e02,104
20260122,20260122_G04_e01,104
20260122,20260122_G04_e02,104
20260122,20260122_G05_e01,104
20260122,20260122_G05_e02,104
20260122,20260122_G05_e03,104
20260122,20260122_G06_e01,104
20260122,20260122_G06_e02,104
20260122,20260122_G07_e01,104
20260122,20260122_G07_e02,104
20260122,20260122_G07_e03,104
20260122,20260122_G08_e01,104
20260122,20260122_G08_e02,2
20260122,20260122_G09_e01,104
20260122,20260122_G09_e02,102
20260122,20260122_G09_e03,104
20260122,20260122_G10_e01,104
20260122,20260122_G10_e02,104
20260122,20260122_G10_e03,104
20260122,20260122_G11_e01,104
20260122,20260122_G12_e01,104
20260122,20260122_H01_e01,104
20260122,20260122_H01_e02,104
20260122,20260122_H02_e01,104
20260122,20260122_H03_e01,104
20260122,20260122_H04_e01,104
20260122,20260122_H04_e02,70
20260122,20260122_H05_e01,104
20260122,20260122_H06_e01,104
20260122,20260122_H06_e02,104
20260122,20260122_H06_e03,104
20260122,20260122_H07_e01,104
20260122,20260122_H07_e02,104
20260122,20260122_H07_e03,104
20260122,20260122_H08_e01,104
20260122,20260122_H09_e01,104
20260122,20260122_H10_e01,104
20260122,20260122_H10_e02,104
20260122,20260122_H10_e03,104
20260122,20260122_H10_e04,104
20260122,20260122_H11_e01,104
20260122,20260122_H11_e02,104
20260122,20260122_H12_e01,104
20260122,20260122_H12_e02,104
20260122,20260122_H12_e03,104
20260202,20260202_A01_e01,71
20260202,20260202_A02_e01,71
20260202,20260202_A02_e02,71
20260202,20260202_A02_e03,71
20260202,20260202_A03_e01,71
20260202,20260202_A03_e02,71
20260202,20260202_A03_e03,71
20260202,20260202_A03_e04,68
20260202,20260202_A03_e05,61
20260202,20260202_A04_e01,71
20260202,20260202_A04_e02,71
20260202,20260202_A04_e03,71
20260202,20260202_A04_e04,71
20260202,20260202_A04_e05,71
20260202,20260202_A05_e01,71
20260202,20260202_A06_e01,71
20260202,20260202_A06_e02,71
20260202,20260202_A06_e03,71
20260202,20260202_A07_e01,71
20260202,20260202_A07_e02,24
20260202,20260202_A08_e01,71
20260202,20260202_A08_e02,67
20260202,20260202_A08_e03,71
20260202,20260202_A09_e01,71
20260202,20260202_A10_e01,71
20260202,20260202_A10_e02,71
20260202,20260202_A11_e01,71
20260202,20260202_A11_e02,71
20260202,20260202_A11_e03,71
20260202,20260202_A12_e01,71
20260202,20260202_A12_e02,71
20260202,20260202_B01_e01,71
20260202,20260202_B01_e02,71
20260202,20260202_B01_e03,71
20260202,20260202_B02_e01,71
20260202,20260202_B03_e01,71
20260202,20260202_B03_e02,71
20260202,20260202_B03_e03,71
20260202,20260202_B04_e01,71
20260202,20260202_B04_e02,71
20260202,20260202_B04_e03,71
20260202,20260202_B05_e01,71
20260202,20260202_B05_e02,71
20260202,20260202_B05_e03,71
20260202,20260202_B06_e01,71
20260202,20260202_B06_e02,70
20260202,20260202_B06_e03,38
20260202,20260202_B06_e04,60
20260202,20260202_B07_e01,71
20260202,20260202_B08_e01,71
20260202,20260202_B08_e02,71
20260202,20260202_B08_e03,71
20260202,20260202_B09_e01,71
20260202,20260202_B09_e02,71
20260202,20260202_B09_e03,71
20260202,20260202_B10_e01,71
20260202,20260202_B10_e02,71
20260202,20260202_B11_e01,71
20260202,20260202_B11_e02,71
20260202,20260202_B11_e03,71
20260202,20260202_B12_e01,71
20260202,20260202_B12_e02,71
20260202,20260202_C01_e01,71
20260202,20260202_C01_e02,71
20260202,20260202_C02_e01,71
20260202,20260202_C02_e02,71
20260202,20260202_C02_e03,71
20260202,20260202_C03_e01,71
20260202,20260202_C04_e01,71
20260202,20260202_C04_e02,71
20260202,20260202_C05_e01,71
20260202,20260202_C05_e02,71
20260202,20260202_C06_e01,71
20260202,20260202_C06_e02,71
20260202,20260202_C06_e03,71
20260202,20260202_C07_e01,71
20260202,20260202_C07_e02,71
20260202,20260202_C07_e03,70
20260202,20260202_C08_e01,71
20260202,20260202_C08_e02,71
20260202,20260202_C08_e03,71
20260202,20260202_C09_e01,71
20260202,20260202_C09_e02,71
20260202,20260202_C10_e01,71
20260202,20260202_C10_e02,71
20260202,20260202_C10_e03,71
20260202,20260202_C11_e01,71
20260202,20260202_C11_e02,71
20260202,20260202_C12_e01,71
20260202,20260202_C12_e02,71
20260202,20260202_D01_e01,71
20260202,20260202_D01_e02,71
20260202,20260202_D01_e03,71
20260202,20260202_D02_e01,71
20260202,20260202_D02_e02,71
20260202,20260202_D02_e03,70
20260202,20260202_D03_e01,71
20260202,20260202_D04_e01,71
20260202,20260202_D05_e01,71
20260202,20260202_D05_e02,71
20260202,20260202_D06_e01,71
20260202,20260202_D06_e02,71
20260202,20260202_D06_e03,71
20260202,20260202_D07_e01,71
20260202,20260202_D07_e02,71
20260202,20260202_D08_e01,71
20260202,20260202_D09_e01,71
20260202,20260202_D09_e02,71
20260202,20260202_D10_e01,71
20260202,20260202_D10_e02,71
20260202,20260202_D11_e01,71
20260202,20260202_D11_e02,71
20260202,20260202_D11_e03,71
20260202,20260202_D12_e01,71
20260202,20260202_D12_e02,71
20260202,20260202_E01_e01,71
20260202,20260202_E01_e02,71
20260202,20260202_E02_e01,71
20260202,20260202_E02_e02,71
20260202,20260202_E02_e03,71
20260202,20260202_E02_e04,71
20260202,20260202_E03_e01,71
20260202,20260202_E03_e02,71
20260202,20260202_E03_e03,71
20260202,20260202_E03_e04,71
20260202,20260202_E03_e05,71
20260202,20260202_E04_e01,71
20260202,20260202_E04_e02,56
20260202,20260202_E04_e03,71
20260202,20260202_E05_e01,71
20260202,20260202_E05_e02,71
20260202,20260202_E06_e01,71
20260202,20260202_E06_e02,71
20260202,20260202_E07_e01,71
20260202,20260202_E07_e02,71
20260202,20260202_E07_e03,71
20260202,20260202_E07_e04,71
20260202,20260202_E08_e01,71
20260202,20260202_E08_e02,71
20260202,20260202_E09_e01,71
20260202,20260202_E10_e01,71
20260202,20260202_E10_e02,71
20260202,20260202_E11_e01,71
20260202,20260202_E12_e01,71
20260202,20260202_E12_e02,71
20260202,20260202_F01_e01,71
20260202,20260202_F01_e02,71
20260202,20260202_F01_e03,71
20260202,20260202_F01_e04,71
20260202,20260202_F02_e01,71
20260202,20260202_F03_e01,71
20260202,20260202_F03_e02,71
20260202,20260202_F03_e03,71
20260202,20260202_F04_e01,71
20260202,20260202_F04_e02,71
20260202,20260202_F04_e03,71
20260202,20260202_F05_e01,71
20260202,20260202_F05_e02,71
20260202,20260202_F05_e03,71
20260202,20260202_F06_e01,71
20260202,20260202_F07_e01,71
20260202,20260202_F07_e02,71
20260202,20260202_F08_e01,71
20260202,20260202_F08_e02,71
20260202,20260202_F08_e03,71
20260202,20260202_F09_e01,71
20260202,20260202_F09_e02,71
20260202,20260202_F09_e03,71
20260202,20260202_F10_e01,71
20260202,20260202_F10_e02,71
20260202,20260202_F10_e03,71
20260202,20260202_F11_e01,71
20260202,20260202_F11_e02,71
20260202,20260202_F12_e01,71
20260202,20260202_F12_e02,71
20260202,20260202_G01_e01,71
20260202,20260202_G01_e02,71
20260202,20260202_G02_e01,71
20260202,20260202_G02_e02,71
20260202,20260202_G03_e01,71
20260202,20260202_G03_e02,71
20260202,20260202_G03_e03,71
20260202,20260202_G03_e04,71
20260202,20260202_G04_e01,71
20260202,20260202_G04_e02,71
20260202,20260202_G04_e03,71
20260202,20260202_G04_e04,6
20260202,20260202_G04_e05,53
20260202,20260202_G05_e01,71
20260202,20260202_G05_e02,71
20260202,20260202_G05_e03,71
20260202,20260202_G05_e04,71
20260202,20260202_G06_e01,71
20260202,20260202_G06_e02,71
20260202,20260202_G06_e03,71
20260202,20260202_G07_e01,71
20260202,20260202_G07_e02,71
20260202,20260202_G08_e01,71
20260202,20260202_G08_e02,71
20260202,20260202_G09_e01,71
20260202,20260202_G09_e02,71
20260202,20260202_G10_e01,71
20260202,20260202_G10_e02,71
20260202,20260202_G10_e03,71
20260202,20260202_G11_e01,71
20260202,20260202_G11_e02,71
20260202,20260202_G11_e03,71
20260202,20260202_G12_e01,71
20260202,20260202_G12_e02,71
20260202,20260202_H01_e01,71
20260202,20260202_H01_e02,71
20260202,20260202_H02_e01,71
20260202,20260202_H02_e02,71
20260202,20260202_H02_e03,71
20260202,20260202_H03_e01,71
20260202,20260202_H03_e02,71
20260202,20260202_H03_e03,71
20260202,20260202_H04_e01,71
20260202,20260202_H04_e02,71
20260202,20260202_H05_e01,71
20260202,20260202_H05_e02,71
20260202,20260202_H05_e03,71
20260202,20260202_H05_e04,71
20260202,20260202_H05_e05,41
20260202,20260202_H06_e01,71
20260202,20260202_H07_e01,71
20260202,20260202_H07_e02,71
20260202,20260202_H08_e01,71
20260202,20260202_H08_e02,71
20260202,20260202_H09_e01,71
20260202,20260202_H09_e02,71
20260202,20260202_H09_e03,71
20260202,20260202_H09_e04,71
20260202,20260202_H10_e01,71
20260202,20260202_H10_e02,71
20260202,20260202_H10_e03,71
20260202,20260202_H11_e01,71
20260202,20260202_H11_e02,71
20260202,20260202_H12_e01,71
20260202,20260202_H12_e02,71
20260202,20260202_H12_e03,71
20260202,20260202_H12_e04,71
20260206,20260206_A01_e01,150
20260206,20260206_A02_e01,150
20260206,20260206_A03_e01,150
20260206,20260206_A04_e01,150
20260206,20260206_A05_e01,150
20260206,20260206_A06_e01,150
20260206,20260206_A07_e01,150
20260206,20260206_A08_e01,150
20260206,20260206_A09_e01,150
20260206,20260206_A10_e01,150
20260206,20260206_A11_e01,150
20260206,20260206_A12_e01,150
20260206,20260206_A12_e02,150
20260206,20260206_B01_e01,150
20260206,20260206_B02_e01,150
20260206,20260206_B03_e01,150
20260206,20260206_B04_e01,150
20260206,20260206_B05_e01,150
20260206,20260206_B06_e01,150
20260206,20260206_B07_e01,150
20260206,20260206_B08_e01,150
20260206,20260206_B09_e01,150
20260206,20260206_B10_e01,150
20260206,20260206_B11_e01,150
20260206,20260206_B12_e01,150
20260206,20260206_C01_e01,150
20260206,20260206_C02_e01,150
20260206,20260206_C03_e01,150
20260206,20260206_C04_e01,150
20260206,20260206_C05_e01,150
20260206,20260206_C06_e01,150
20260206,20260206_C07_e01,150
20260206,20260206_C08_e01,150
20260206,20260206_C09_e01,150
20260206,20260206_C10_e01,150
20260206,20260206_C10_e02,150
20260206,20260206_C11_e01,150
20260206,20260206_C12_e01,150
20260206,20260206_D01_e01,150
20260206,20260206_D02_e01,150
20260206,20260206_D03_e01,150
20260206,20260206_D04_e01,150
20260206,20260206_D05_e01,150
20260206,20260206_D06_e01,150
20260206,20260206_D07_e01,150
20260206,20260206_D08_e01,150
20260206,20260206_D09_e01,150
20260206,20260206_D10_e01,150
20260206,20260206_D11_e01,150
20260206,20260206_D12_e01,150
20260206,20260206_E01_e01,150
20260206,20260206_E02_e01,150
20260206,20260206_E03_e01,150
20260206,20260206_E04_e01,150
20260206,20260206_E05_e01,150
20260206,20260206_E06_e01,150
20260206,20260206_E07_e01,150
20260206,20260206_E08_e01,150
20260206,20260206_E09_e01,150
20260206,20260206_E10_e01,150
20260206,20260206_E11_e01,150
20260206,20260206_E12_e01,150
20260206,20260206_F01_e01,150
20260206,20260206_F02_e01,150
20260206,20260206_F03_e01,150
20260206,20260206_F04_e01,150
20260206,20260206_F05_e01,150
20260206,20260206_F06_e01,150
20260206,20260206_F07_e01,150
20260206,20260206_F08_e01,150
20260206,20260206_F09_e01,150
20260206,20260206_F10_e01,150
20260206,20260206_F11_e01,150
20260206,20260206_F12_e01,150
20260206,20260206_G01_e01,150
20260206,20260206_G02_e01,150
20260206,20260206_G03_e01,150
20260206,20260206_G04_e01,150
20260206,20260206_G05_e01,150
20260206,20260206_G06_e01,150
20260206,20260206_G07_e01,150
20260206,20260206_G08_e01,150
20260206,20260206_G09_e01,150
20260206,20260206_G10_e01,150
20260206,20260206_G11_e01,150
20260206,20260206_G12_e01,150
20260206,20260206_H01_e01,150
20260206,20260206_H02_e01,150
20260206,20260206_H03_e01,150
20260206,20260206_H04_e01,150
20260206,20260206_H05_e01,150
20260206,20260206_H06_e01,150
20260206,20260206_H07_e01,150
20260206,20260206_H08_e01,150
20260206,20260206_H09_e01,150
20260206,20260206_H10_e01,150
20260206,20260206_H11_e01,150
20260206,20260206_H12_e01,150
20260208,20260208_A02_e01,321
20260208,20260208_A03_e01,321
20260208,20260208_A04_e01,321
20260208,20260208_A05_e01,321
20260208,20260208_A06_e01,321
20260208,20260208_A07_e01,321
20260208,20260208_A08_e01,321
20260208,20260208_A09_e01,277
20260208,20260208_A10_e01,274
20260208,20260208_A11_e01,321
20260208,20260208_A12_e01,311
20260208,20260208_B01_e01,321
20260208,20260208_B02_e01,321
20260208,20260208_B03_e01,321
20260208,20260208_B04_e01,321
20260208,20260208_B05_e01,321
20260208,20260208_B06_e01,321
20260208,20260208_B07_e01,321
20260208,20260208_B08_e01,321
20260208,20260208_B09_e01,321
20260208,20260208_B10_e01,321
20260208,20260208_B11_e01,321
20260208,20260208_B12_e01,321
20260208,20260208_C01_e01,321
20260208,20260208_C02_e01,321
20260208,20260208_C03_e01,321
20260208,20260208_C04_e01,321
20260208,20260208_C05_e01,321
20260208,20260208_C05_e02,173
20260208,20260208_C06_e01,321
20260208,20260208_C07_e01,321
20260208,20260208_C08_e01,321
20260208,20260208_C09_e01,321
20260208,20260208_C10_e01,321
20260208,20260208_C11_e01,321
20260208,20260208_C11_e02,320
20260208,20260208_C12_e01,321
20260208,20260208_C12_e02,303
20260208,20260208_D01_e01,321
20260208,20260208_D02_e01,321
20260208,20260208_D03_e01,321
20260208,20260208_D05_e01,321
20260208,20260208_D06_e01,321
20260208,20260208_D07_e01,321
20260208,20260208_D07_e02,136
20260208,20260208_D08_e01,321
20260208,20260208_D09_e01,321
20260208,20260208_D10_e01,321
20260208,20260208_D11_e01,321
20260208,20260208_D12_e01,321
20260208,20260208_E01_e01,321
20260208,20260208_E01_e02,191
20260208,20260208_E02_e01,321
20260208,20260208_E03_e01,321
20260208,20260208_E04_e01,321
20260208,20260208_E05_e01,321
20260208,20260208_E06_e01,321
20260208,20260208_E07_e01,321
20260208,20260208_E07_e02,321
20260208,20260208_E09_e01,321
20260208,20260208_E10_e01,321
20260208,20260208_E11_e01,321
20260208,20260208_E12_e01,321
20260208,20260208_F01_e01,321
20260208,20260208_F01_e02,321
20260208,20260208_F02_e01,321
20260208,20260208_F03_e01,321
20260208,20260208_F04_e01,321
20260208,20260208_F05_e01,321
20260208,20260208_F06_e01,179
20260208,20260208_F07_e01,321
20260208,20260208_F08_e01,321
20260208,20260208_F08_e02,2
20260208,20260208_F09_e01,321
20260208,20260208_F10_e01,321
20260208,20260208_F11_e01,321
20260208,20260208_F12_e01,321
20260208,20260208_G01_e01,320
20260208,20260208_G02_e01,321
20260208,20260208_G03_e01,321
20260208,20260208_G04_e01,321
20260208,20260208_G05_e01,321
20260208,20260208_G06_e01,321
20260208,20260208_G08_e01,321
20260208,20260208_G08_e02,321
20260208,20260208_G09_e01,321
20260208,20260208_G10_e01,321
20260208,20260208_G11_e01,321
20260208,20260208_H01_e01,317
20260208,20260208_H02_e01,321
20260208,20260208_H03_e01,321
20260208,20260208_H04_e01,321
20260208,20260208_H05_e01,321
20260208,20260208_H06_e01,321
20260208,20260208_H07_e01,321
20260208,20260208_H07_e02,321
20260208,20260208_H08_e01,321
20260208,20260208_H09_e01,321
20260208,20260208_H09_e02,321
20260208,20260208_H10_e01,314
20260208,20260208_H11_e01,315
20260208,20260208_H11_e02,321
20260210,20260210_A01_e01,161
20260210,20260210_A02_e01,161
20260210,20260210_A04_e01,161
20260210,20260210_A04_e02,161
20260210,20260210_A05_e01,161
20260210,20260210_A06_e01,161
20260210,20260210_A07_e01,161
20260210,20260210_A08_e01,161
20260210,20260210_A09_e01,161
20260210,20260210_A10_e01,161
20260210,20260210_A11_e01,161
20260210,20260210_A12_e01,161
20260210,20260210_B01_e01,161
20260210,20260210_B02_e01,161
20260210,20260210_B03_e01,161
20260210,20260210_B04_e01,161
20260210,20260210_B05_e01,161
20260210,20260210_B06_e01,161
20260210,20260210_B07_e01,161
20260210,20260210_B08_e01,161
20260210,20260210_B09_e01,161
20260210,20260210_B10_e01,161
20260210,20260210_B11_e01,161
20260210,20260210_B12_e01,161
20260210,20260210_C01_e01,161
20260210,20260210_C02_e01,161
20260210,20260210_C03_e01,161
20260210,20260210_C03_e02,161
20260210,20260210_C04_e01,161
20260210,20260210_C05_e01,161
20260210,20260210_C06_e01,161
20260210,20260210_C07_e01,161
20260210,20260210_C08_e01,161
20260210,20260210_C08_e02,114
20260210,20260210_C09_e01,161
20260210,20260210_C10_e01,161
20260210,20260210_C11_e01,161
20260210,20260210_C12_e01,161
20260210,20260210_D01_e01,161
20260210,20260210_D02_e01,161
20260210,20260210_D03_e01,161
20260210,20260210_D04_e01,161
20260210,20260210_D05_e01,161
20260210,20260210_D06_e01,161
20260210,20260210_D07_e01,161
20260210,20260210_D08_e01,161
20260210,20260210_D09_e01,161
20260210,20260210_D10_e01,161
20260210,20260210_D11_e01,161
20260210,20260210_D12_e01,161
20260210,20260210_E01_e01,161
20260210,20260210_E02_e01,161
20260210,20260210_E03_e01,161
20260210,20260210_E04_e01,161
20260210,20260210_E05_e01,161
20260210,20260210_E06_e01,161
20260210,20260210_E07_e01,161
20260210,20260210_E08_e01,161
20260210,20260210_E09_e01,161
20260210,20260210_E10_e01,161
20260210,20260210_E11_e01,161
20260210,20260210_E12_e01,161
20260210,20260210_F01_e01,161
20260210,20260210_F02_e01,161
20260210,20260210_F03_e01,161
20260210,20260210_F04_e01,161
20260210,20260210_F05_e01,161
20260210,20260210_F05_e02,161
20260210,20260210_F06_e01,161
20260210,20260210_F07_e01,161
20260210,20260210_F08_e01,161
20260210,20260210_F09_e01,161
20260210,20260210_F10_e01,161
20260210,20260210_F11_e01,161
20260210,20260210_F12_e01,161
20260210,20260210_G01_e01,161
20260210,20260210_G02_e01,161
20260210,20260210_G03_e01,161
20260210,20260210_G04_e01,161
20260210,20260210_G05_e01,161
20260210,20260210_G06_e01,161
20260210,20260210_G07_e01,161
20260210,20260210_G08_e01,161
20260210,20260210_G09_e01,161
20260210,20260210_G10_e01,161
20260210,20260210_G11_e01,161
20260210,20260210_G12_e01,161
20260210,20260210_H01_e01,161
20260210,20260210_H02_e01,161
20260210,20260210_H03_e01,161
20260210,20260210_H04_e01,161
20260210,20260210_H05_e01,161
20260210,20260210_H06_e01,161
20260210,20260210_H07_e01,161
20260210,20260210_H08_e01,161
20260210,20260210_H09_e01,161
20260210,20260210_H10_e01,161
20260210,20260210_H11_e01,161
20260210,20260210_H12_e01,161
20260213,20260213_A01_e01,139
20260213,20260213_A01_e02,139
20260213,20260213_A02_e01,114
20260213,20260213_A03_e01,139
20260213,20260213_A03_e02,139
20260213,20260213_A03_e03,139
20260213,20260213_A04_e01,139
20260213,20260213_A04_e02,139
20260213,20260213_A05_e01,139
20260213,20260213_A05_e02,11
20260213,20260213_A05_e03,139
20260213,20260213_A06_e01,139
20260213,20260213_A06_e02,139
20260213,20260213_A07_e01,139
20260213,20260213_A07_e02,139
20260213,20260213_A07_e03,139
20260213,20260213_A07_e04,98
20260213,20260213_A07_e05,139
20260213,20260213_A07_e06,139
20260213,20260213_A08_e01,139
20260213,20260213_A08_e02,139
20260213,20260213_A09_e01,139
20260213,20260213_A09_e02,27
20260213,20260213_A09_e03,139
20260213,20260213_A09_e04,35
20260213,20260213_A10_e01,139
20260213,20260213_A10_e02,139
20260213,20260213_A11_e01,139
20260213,20260213_A11_e02,139
20260213,20260213_A12_e01,139
20260213,20260213_A12_e02,139
20260213,20260213_B01_e01,139
20260213,20260213_B02_e01,139
20260213,20260213_B02_e02,139
20260213,20260213_B02_e03,139
20260213,20260213_B02_e04,101
20260213,20260213_B03_e01,139
20260213,20260213_B03_e02,139
20260213,20260213_B04_e01,139
20260213,20260213_B04_e02,139
20260213,20260213_B04_e03,139
20260213,20260213_B05_e01,138
20260213,20260213_B05_e02,139
20260213,20260213_B06_e01,139
20260213,20260213_B06_e02,139
20260213,20260213_B07_e01,139
20260213,20260213_B07_e02,139
20260213,20260213_B08_e01,139
20260213,20260213_B08_e02,139
20260213,20260213_B09_e01,139
20260213,20260213_B10_e01,139
20260213,20260213_B10_e02,139
20260213,20260213_B11_e01,139
20260213,20260213_B11_e02,139
20260213,20260213_B11_e03,131
20260213,20260213_B12_e01,139
20260213,20260213_B12_e02,139
20260213,20260213_C01_e01,139
20260213,20260213_C01_e02,139
20260213,20260213_C02_e01,139
20260213,20260213_C02_e02,139
20260213,20260213_C03_e01,139
20260213,20260213_C03_e02,139
20260213,20260213_C04_e01,139
20260213,20260213_C04_e02,139
20260213,20260213_C05_e01,139
20260213,20260213_C05_e02,139
20260213,20260213_C05_e03,139
20260213,20260213_C05_e04,20
20260213,20260213_C06_e01,139
20260213,20260213_C06_e02,139
20260213,20260213_C06_e03,139
20260213,20260213_C06_e04,139
20260213,20260213_C07_e01,139
20260213,20260213_C07_e02,139
20260213,20260213_C07_e03,139
20260213,20260213_C08_e01,139
20260213,20260213_C08_e02,139
20260213,20260213_C08_e03,139
20260213,20260213_C09_e01,139
20260213,20260213_C10_e01,139
20260213,20260213_C10_e02,139
20260213,20260213_C11_e01,139
20260213,20260213_C11_e02,139
20260213,20260213_C11_e03,139
20260213,20260213_C12_e01,139
20260213,20260213_C12_e02,139
20260213,20260213_D01_e01,108
20260213,20260213_D01_e02,102
20260213,20260213_D01_e03,139
20260213,20260213_D01_e04,125
20260213,20260213_D02_e01,139
20260213,20260213_D02_e02,139
20260213,20260213_D03_e01,139
20260213,20260213_D03_e02,139
20260213,20260213_D04_e01,139
20260213,20260213_D04_e02,139
20260213,20260213_D05_e02,139
20260213,20260213_D06_e01,34
20260213,20260213_D06_e02,139
20260213,20260213_D06_e03,139
20260213,20260213_D08_e01,139
20260213,20260213_D08_e02,139
20260213,20260213_D10_e01,139
20260213,20260213_D10_e02,139
20260213,20260213_D11_e01,139
20260213,20260213_D11_e02,139
20260213,20260213_D11_e03,139
20260213,20260213_D12_e01,139
20260213,20260213_D12_e02,139
20260213,20260213_E01_e01,139
20260213,20260213_E01_e02,139
20260213,20260213_E02_e01,139
20260213,20260213_E02_e02,139
20260213,20260213_E03_e01,139
20260213,20260213_E04_e01,139
20260213,20260213_E04_e02,139
20260213,20260213_E04_e03,139
20260213,20260213_E05_e01,139
20260213,20260213_E05_e02,79
20260213,20260213_E06_e01,139
20260213,20260213_E06_e02,139
20260213,20260213_E06_e03,99
20260213,20260213_E06_e04,41
20260213,20260213_E07_e01,139
20260213,20260213_E07_e02,139
20260213,20260213_E08_e01,139
20260213,20260213_E08_e02,139
20260213,20260213_E09_e01,139
20260213,20260213_E09_e02,139
20260213,20260213_E10_e01,139
20260213,20260213_E10_e02,139
20260213,20260213_E10_e03,139
20260213,20260213_E10_e04,139
20260213,20260213_E10_e05,139
20260213,20260213_E11_e01,139
20260213,20260213_E11_e02,139
20260213,20260213_E11_e03,50
20260213,20260213_E12_e01,139
20260213,20260213_E12_e02,139
20260213,20260213_F01_e01,139
20260213,20260213_F01_e02,139
20260213,20260213_F02_e01,139
20260213,20260213_F02_e02,139
20260213,20260213_F02_e03,139
20260213,20260213_F03_e01,139
20260213,20260213_F03_e02,139
20260213,20260213_F04_e01,139
20260213,20260213_F05_e02,139
20260213,20260213_F06_e01,139
20260213,20260213_F06_e02,139
20260213,20260213_F07_e01,139
20260213,20260213_F07_e02,139
20260213,20260213_F07_e03,58
20260213,20260213_F07_e04,139
20260213,20260213_F08_e01,139
20260213,20260213_F08_e02,139
20260213,20260213_F09_e01,139
20260213,20260213_F09_e02,139
20260213,20260213_F10_e01,139
20260213,20260213_F10_e02,139
20260213,20260213_F10_e03,139
20260213,20260213_F11_e01,139
20260213,20260213_F11_e02,139
20260213,20260213_F12_e01,139
20260213,20260213_F12_e02,139
20260213,20260213_G01_e01,139
20260213,20260213_G01_e02,139
20260213,20260213_G01_e03,69
20260213,20260213_G02_e01,139
20260213,20260213_G02_e02,139
20260213,20260213_G03_e01,139
20260213,20260213_G03_e02,139
20260213,20260213_G04_e01,139
20260213,20260213_G04_e02,139
20260213,20260213_G05_e01,139
20260213,20260213_G05_e02,67
20260213,20260213_G05_e03,139
20260213,20260213_G06_e01,139
20260213,20260213_G06_e02,139
20260213,20260213_G07_e01,139
20260213,20260213_G07_e02,139
20260213,20260213_G08_e01,139
20260213,20260213_G08_e02,139
20260213,20260213_G09_e01,139
20260213,20260213_G09_e02,139
20260213,20260213_G11_e01,139
20260213,20260213_G11_e02,139
20260213,20260213_G11_e03,77
20260213,20260213_G12_e01,139
20260213,20260213_G12_e02,139
20260213,20260213_G12_e03,28
20260213,20260213_H01_e01,139
20260213,20260213_H01_e02,139
20260213,20260213_H02_e01,139
20260213,20260213_H02_e02,139
20260213,20260213_H03_e01,139
20260213,20260213_H03_e02,139
20260213,20260213_H03_e03,18
20260213,20260213_H04_e01,139
20260213,20260213_H04_e02,139
20260213,20260213_H05_e01,139
20260213,20260213_H05_e02,139
20260213,20260213_H05_e03,139
20260213,20260213_H06_e01,139
20260213,20260213_H06_e02,139
20260213,20260213_H07_e01,139
20260213,20260213_H07_e02,126
20260213,20260213_H08_e01,139
20260213,20260213_H08_e02,139
20260213,20260213_H08_e03,139
20260213,20260213_H08_e04,139
20260213,20260213_H09_e01,139
20260213,20260213_H09_e02,21
20260213,20260213_H10_e01,139
20260213,20260213_H10_e02,128
20260213,20260213_H11_e01,139
20260213,20260213_H11_e02,139
20260213,20260213_H12_e01,139
20260213,20260213_H12_e02,139
20260213,20260213_H12_e03,139
20260219,20260219_A01_e01,177
20260219,20260219_A02_e01,177
20260219,20260219_A02_e02,177
20260219,20260219_A03_e01,155
20260219,20260219_A03_e02,161
20260219,20260219_A03_e03,153
20260219,20260219_A04_e01,177
20260219,20260219_A04_e02,153
20260219,20260219_A04_e03,175
20260219,20260219_A05_e01,177
20260219,20260219_A06_e01,177
20260219,20260219_A07_e01,177
20260219,20260219_A07_e02,177
20260219,20260219_A07_e03,177
20260219,20260219_A08_e01,177
20260219,20260219_A08_e02,177
20260219,20260219_A09_e01,177
20260219,20260219_A09_e02,177
20260219,20260219_A10_e01,177
20260219,20260219_A10_e02,177
20260219,20260219_A12_e01,177
20260219,20260219_B01_e01,177
20260219,20260219_B01_e02,177
20260219,20260219_B02_e01,177
20260219,20260219_B02_e02,177
20260219,20260219_B02_e03,177
20260219,20260219_B03_e01,177
20260219,20260219_B03_e02,177
20260219,20260219_B04_e01,177
20260219,20260219_B04_e02,177
20260219,20260219_B04_e03,177
20260219,20260219_B05_e01,177
20260219,20260219_B06_e01,177
20260219,20260219_B07_e01,177
20260219,20260219_B07_e02,99
20260219,20260219_B07_e03,82
20260219,20260219_B08_e01,177
20260219,20260219_B08_e02,177
20260219,20260219_B09_e01,177
20260219,20260219_B09_e02,177
20260219,20260219_B10_e01,177
20260219,20260219_B11_e01,177
20260219,20260219_B12_e01,177
20260219,20260219_C01_e01,177
20260219,20260219_C01_e02,177
20260219,20260219_C02_e01,177
20260219,20260219_C02_e02,177
20260219,20260219_C03_e01,177
20260219,20260219_C03_e02,177
20260219,20260219_C03_e03,177
20260219,20260219_C04_e01,177
20260219,20260219_C04_e02,177
20260219,20260219_C05_e01,177
20260219,20260219_C06_e01,177
20260219,20260219_C07_e01,177
20260219,20260219_C07_e02,177
20260219,20260219_C07_e03,177
20260219,20260219_C07_e04,172
20260219,20260219_C07_e05,173
20260219,20260219_C08_e01,177
20260219,20260219_C08_e02,177
20260219,20260219_C09_e01,177
20260219,20260219_C09_e02,177
20260219,20260219_C09_e03,177
20260219,20260219_C10_e01,177
20260219,20260219_C10_e02,177
20260219,20260219_C11_e01,177
20260219,20260219_C12_e01,177
20260219,20260219_D01_e01,177
20260219,20260219_D01_e02,177
20260219,20260219_D01_e03,177
20260219,20260219_D02_e01,177
20260219,20260219_D02_e02,177
20260219,20260219_D03_e01,177
20260219,20260219_D03_e02,177
20260219,20260219_D04_e01,177
20260219,20260219_D04_e02,177
20260219,20260219_D04_e03,177
20260219,20260219_D05_e01,177
20260219,20260219_D06_e01,177
20260219,20260219_D07_e01,177
20260219,20260219_D07_e02,177
20260219,20260219_D07_e03,172
20260219,20260219_D08_e01,177
20260219,20260219_D08_e02,177
20260219,20260219_D08_e03,177
20260219,20260219_D09_e01,177
20260219,20260219_D09_e02,177
20260219,20260219_D09_e03,177
20260219,20260219_D10_e01,177
20260219,20260219_D10_e02,177
20260219,20260219_D11_e01,177
20260219,20260219_D12_e01,177
20260219,20260219_E01_e01,177
20260219,20260219_E01_e02,177
20260219,20260219_E02_e01,177
20260219,20260219_E02_e02,177
20260219,20260219_E02_e03,177
20260219,20260219_E03_e01,177
20260219,20260219_E03_e02,177
20260219,20260219_E04_e01,177
20260219,20260219_E04_e02,177
20260219,20260219_E04_e03,177
20260219,20260219_E04_e04,177
20260219,20260219_E05_e01,177
20260219,20260219_E06_e01,177
20260219,20260219_E07_e01,177
20260219,20260219_E07_e02,177
20260219,20260219_E07_e03,177
20260219,20260219_E07_e04,177
20260219,20260219_E07_e05,171
20260219,20260219_E08_e01,176
20260219,20260219_E08_e02,177
20260219,20260219_E08_e03,149
20260219,20260219_E09_e01,177
20260219,20260219_E09_e02,177
20260219,20260219_E10_e01,177
20260219,20260219_E10_e02,177
20260219,20260219_E10_e03,177
20260219,20260219_E11_e01,177
20260219,20260219_E12_e01,177
20260219,20260219_F01_e01,177
20260219,20260219_F01_e02,177
20260219,20260219_F01_e03,177
20260219,20260219_F02_e01,177
20260219,20260219_F02_e02,177
20260219,20260219_F02_e03,177
20260219,20260219_F03_e01,177
20260219,20260219_F03_e02,177
20260219,20260219_F04_e01,177
20260219,20260219_F04_e02,177
20260219,20260219_F04_e03,177
20260219,20260219_F05_e01,177
20260219,20260219_F06_e01,177
20260219,20260219_F07_e01,177
20260219,20260219_F07_e02,177
20260219,20260219_F08_e01,177
20260219,20260219_F08_e02,177
20260219,20260219_F09_e01,177
20260219,20260219_F09_e02,177
20260219,20260219_F11_e01,177
20260219,20260219_F12_e01,177
20260219,20260219_G01_e01,177
20260219,20260219_G01_e02,177
20260219,20260219_G01_e03,177
20260219,20260219_G02_e01,177
20260219,20260219_G02_e02,177
20260219,20260219_G03_e01,177
20260219,20260219_G03_e02,177
20260219,20260219_G04_e01,177
20260219,20260219_G04_e02,171
20260219,20260219_G05_e01,177
20260219,20260219_G06_e01,177
20260219,20260219_G07_e01,177
20260219,20260219_G07_e02,177
20260219,20260219_G08_e01,177
20260219,20260219_G08_e02,177
20260219,20260219_G08_e03,177
20260219,20260219_G09_e01,176
20260219,20260219_G09_e02,177
20260219,20260219_G11_e01,177
20260219,20260219_G12_e01,177
20260219,20260219_H01_e01,177
20260219,20260219_H01_e02,177
20260219,20260219_H02_e01,177
20260219,20260219_H02_e02,177
20260219,20260219_H03_e01,177
20260219,20260219_H03_e02,177
20260219,20260219_H05_e01,177
20260219,20260219_H06_e01,177
20260219,20260219_H07_e01,177
20260219,20260219_H07_e02,177
20260219,20260219_H08_e01,177
20260219,20260219_H08_e02,177
20260219,20260219_H08_e03,177
20260219,20260219_H08_e04,170
20260219,20260219_H09_e01,177
20260219,20260219_H09_e02,177
20260219,20260219_H11_e01,177
20260219,20260219_H11_e02,177
20260219,20260219_H12_e01,177
20260228,20260228_A01_e01,151
20260228,20260228_A02_e01,151
20260228,20260228_A03_e01,151
20260228,20260228_A04_e01,151
20260228,20260228_A04_e02,151
20260228,20260228_A04_e03,151
20260228,20260228_A05_e01,151
20260228,20260228_A06_e01,151
20260228,20260228_A07_e01,151
20260228,20260228_A08_e01,151
20260228,20260228_A09_e01,151
20260228,20260228_A09_e02,151
20260228,20260228_A10_e01,151
20260228,20260228_A11_e01,151
20260228,20260228_A12_e01,151
20260228,20260228_B01_e01,151
20260228,20260228_B01_e02,151
20260228,20260228_B02_e01,151
20260228,20260228_B02_e02,151
20260228,20260228_B03_e01,151
20260228,20260228_B04_e01,151
20260228,20260228_B05_e01,151
20260228,20260228_B06_e01,151
20260228,20260228_B07_e01,151
20260228,20260228_B08_e01,151
20260228,20260228_B09_e01,151
20260228,20260228_B10_e01,151
20260228,20260228_B11_e01,151
20260228,20260228_B12_e01,151
20260228,20260228_C01_e01,151
20260228,20260228_C02_e01,151
20260228,20260228_C03_e01,151
20260228,20260228_C04_e01,151
20260228,20260228_C04_e02,147
20260228,20260228_C05_e01,151
20260228,20260228_C05_e02,151
20260228,20260228_C06_e01,151
20260228,20260228_C07_e01,151
20260228,20260228_C08_e01,151
20260228,20260228_C09_e01,151
20260228,20260228_C10_e01,151
20260228,20260228_C10_e02,151
20260228,20260228_C11_e01,151
20260228,20260228_C12_e01,151
20260228,20260228_D01_e01,151
20260228,20260228_D01_e02,151
20260228,20260228_D01_e03,151
20260228,20260228_D02_e01,151
20260228,20260228_D03_e01,151
20260228,20260228_D04_e01,151
20260228,20260228_D05_e01,151
20260228,20260228_D06_e01,151
20260228,20260228_D07_e01,151
20260228,20260228_D08_e01,151
20260228,20260228_D09_e01,151
20260228,20260228_D10_e01,151
20260228,20260228_D11_e01,151
20260228,20260228_D12_e01,151
20260228,20260228_E01_e01,151
20260228,20260228_E02_e01,151
20260228,20260228_E03_e01,151
20260228,20260228_E04_e01,150
20260228,20260228_E04_e02,151
20260228,20260228_E05_e01,151
20260228,20260228_E06_e01,151
20260228,20260228_E07_e01,151
20260228,20260228_E08_e01,151
20260228,20260228_E09_e01,151
20260228,20260228_E10_e01,151
20260228,20260228_E11_e01,151
20260228,20260228_E12_e01,151
20260228,20260228_F01_e01,151
20260228,20260228_F02_e01,151
20260228,20260228_F03_e01,151
20260228,20260228_F04_e01,151
20260228,20260228_F05_e01,151
20260228,20260228_F05_e02,128
20260228,20260228_F06_e01,151
20260228,20260228_F07_e01,151
20260228,20260228_F08_e01,151
20260228,20260228_F08_e02,126
20260228,20260228_F09_e01,151
20260228,20260228_F10_e01,151
20260228,20260228_F11_e01,151
20260228,20260228_F12_e01,151
20260228,20260228_G01_e01,151
20260228,20260228_G01_e03,2
20260228,20260228_G02_e01,151
20260228,20260228_G03_e01,151
20260228,20260228_G04_e01,151
20260228,20260228_G04_e02,151
20260228,20260228_G05_e01,151
20260228,20260228_G06_e01,151
20260228,20260228_G07_e01,151
20260228,20260228_G08_e01,151
20260228,20260228_G09_e01,151
20260228,20260228_G10_e01,151
20260228,20260228_G10_e02,151
20260228,20260228_G11_e01,151
20260228,20260228_G11_e02,151
20260228,20260228_G12_e01,151
20260228,20260228_H01_e01,151
20260228,20260228_H02_e01,151
20260228,20260228_H03_e01,151
20260228,20260228_H03_e02,151
20260228,20260228_H04_e01,151
20260228,20260228_H05_e01,151
20260228,20260228_H06_e01,151
20260228,20260228_H07_e01,151
20260228,20260228_H08_e01,151
20260228,20260228_H09_e01,151
20260228,20260228_H10_e01,151
20260228,20260228_H11_e01,151
20260228,20260228_H12_e01,151
20260304,20260304_A01_e01,192
20260304,20260304_A02_e01,192
20260304,20260304_A03_e01,192
20260304,20260304_A04_e01,192
20260304,20260304_A05_e01,192
20260304,20260304_A05_e02,21
20260304,20260304_A06_e01,192
20260304,20260304_A06_e02,192
20260304,20260304_A06_e03,80
20260304,20260304_A07_e01,192
20260304,20260304_A08_e01,192
20260304,20260304_A09_e01,192
20260304,20260304_A09_e02,192
20260304,20260304_A09_e03,192
20260304,20260304_A10_e01,192
20260304,20260304_A11_e01,192
20260304,20260304_A11_e02,192
20260304,20260304_A12_e01,192
20260304,20260304_A12_e02,192
20260304,20260304_B01_e01,192
20260304,20260304_B01_e02,192
20260304,20260304_B02_e01,192
20260304,20260304_B03_e01,192
20260304,20260304_B03_e02,192
20260304,20260304_B04_e01,192
20260304,20260304_B05_e01,192
20260304,20260304_B06_e01,192
20260304,20260304_B06_e02,192
20260304,20260304_B06_e03,64
20260304,20260304_B06_e04,116
20260304,20260304_B06_e05,47
20260304,20260304_B07_e01,192
20260304,20260304_B08_e01,192
20260304,20260304_B08_e02,192
20260304,20260304_B09_e01,192
20260304,20260304_B09_e02,192
20260304,20260304_B09_e03,192
20260304,20260304_B10_e01,192
20260304,20260304_B11_e01,192
20260304,20260304_B11_e02,80
20260304,20260304_B12_e01,192
20260304,20260304_C01_e01,192
20260304,20260304_C01_e02,192
20260304,20260304_C02_e01,192
20260304,20260304_C03_e01,192
20260304,20260304_C03_e02,192
20260304,20260304_C04_e01,192
20260304,20260304_C05_e01,192
20260304,20260304_C06_e01,192
20260304,20260304_C06_e02,190
20260304,20260304_C06_e03,192
20260304,20260304_C07_e01,192
20260304,20260304_C07_e02,192
20260304,20260304_C08_e01,192
20260304,20260304_C08_e02,192
20260304,20260304_C08_e03,192
20260304,20260304_C09_e01,192
20260304,20260304_C09_e02,192
20260304,20260304_C09_e03,192
20260304,20260304_C10_e01,192
20260304,20260304_C10_e02,192
20260304,20260304_C11_e01,192
20260304,20260304_C11_e02,192
20260304,20260304_C11_e03,191
20260304,20260304_C12_e01,192
20260304,20260304_D01_e01,191
20260304,20260304_D01_e02,192
20260304,20260304_D02_e01,192
20260304,20260304_D03_e01,192
20260304,20260304_D03_e02,192
20260304,20260304_D03_e03,192
20260304,20260304_D03_e04,192
20260304,20260304_D04_e01,192
20260304,20260304_D04_e02,192
20260304,20260304_D05_e01,192
20260304,20260304_D05_e02,192
20260304,20260304_D06_e01,192
20260304,20260304_D06_e02,192
20260304,20260304_D06_e03,192
20260304,20260304_D07_e01,192
20260304,20260304_D08_e01,192
20260304,20260304_D08_e02,192
20260304,20260304_D09_e01,192
20260304,20260304_D09_e02,192
20260304,20260304_D09_e03,192
20260304,20260304_D09_e04,192
20260304,20260304_D10_e01,192
20260304,20260304_D11_e01,192
20260304,20260304_D11_e02,192
20260304,20260304_D12_e01,192
20260304,20260304_E01_e01,192
20260304,20260304_E02_e01,192
20260304,20260304_E03_e01,192
20260304,20260304_E03_e02,192
20260304,20260304_E03_e03,192
20260304,20260304_E03_e04,192
20260304,20260304_E03_e05,192
20260304,20260304_E04_e01,192
20260304,20260304_E05_e01,192
20260304,20260304_E05_e02,192
20260304,20260304_E05_e03,192
20260304,20260304_E06_e01,192
20260304,20260304_E06_e02,192
20260304,20260304_E06_e03,192
20260304,20260304_E06_e04,192
20260304,20260304_E07_e01,192
20260304,20260304_E08_e01,192
20260304,20260304_E08_e02,188
20260304,20260304_E09_e01,192
20260304,20260304_E09_e02,192
20260304,20260304_E10_e01,192
20260304,20260304_E10_e02,192
20260304,20260304_E11_e01,192
20260304,20260304_E11_e02,192
20260304,20260304_E11_e03,192
20260304,20260304_E11_e04,192
20260304,20260304_E12_e01,192
20260304,20260304_E12_e02,192
20260304,20260304_F01_e01,192
20260304,20260304_F02_e01,192
20260304,20260304_F02_e02,192
20260304,20260304_F02_e03,192
20260304,20260304_F03_e01,192
20260304,20260304_F03_e02,192
20260304,20260304_F04_e01,192
20260304,20260304_F05_e01,192
20260304,20260304_F05_e02,192
20260304,20260304_F06_e01,192
20260304,20260304_F06_e02,192
20260304,20260304_F07_e01,192
20260304,20260304_F08_e01,192
20260304,20260304_F09_e01,192
20260304,20260304_F09_e02,192
20260304,20260304_F09_e03,192
20260304,20260304_F10_e01,192
20260304,20260304_F11_e01,192
20260304,20260304_F11_e02,192
20260304,20260304_F11_e03,192
20260304,20260304_F11_e04,191
20260304,20260304_F12_e01,192
20260304,20260304_G01_e01,192
20260304,20260304_G02_e01,192
20260304,20260304_G02_e02,192
20260304,20260304_G02_e03,192
20260304,20260304_G02_e04,192
20260304,20260304_G03_e01,192
20260304,20260304_G03_e02,192
20260304,20260304_G04_e01,192
20260304,20260304_G05_e01,192
20260304,20260304_G05_e02,192
20260304,20260304_G06_e01,192
20260304,20260304_G07_e01,192
20260304,20260304_G08_e01,192
20260304,20260304_G08_e02,192
20260304,20260304_G09_e01,192
20260304,20260304_G09_e02,192
20260304,20260304_G09_e03,192
20260304,20260304_G09_e04,184
20260304,20260304_G09_e05,191
20260304,20260304_G10_e01,192
20260304,20260304_G11_e01,190
20260304,20260304_G11_e02,180
20260304,20260304_G11_e03,191
20260304,20260304_G11_e04,191
20260304,20260304_G11_e05,181
20260304,20260304_G11_e06,192
20260304,20260304_G12_e01,192
20260304,20260304_G12_e02,192
20260304,20260304_G12_e03,192
20260304,20260304_G12_e04,192
20260304,20260304_H01_e01,192
20260304,20260304_H02_e01,192
20260304,20260304_H02_e02,187
20260304,20260304_H02_e03,187
20260304,20260304_H03_e01,192
20260304,20260304_H03_e02,192
20260304,20260304_H03_e03,192
20260304,20260304_H03_e04,192
20260304,20260304_H04_e01,192
20260304,20260304_H04_e02,192
20260304,20260304_H05_e01,192
20260304,20260304_H05_e02,192
20260304,20260304_H05_e03,192
20260304,20260304_H06_e01,192
20260304,20260304_H07_e01,192
20260304,20260304_H08_e01,192
20260304,20260304_H09_e01,192
20260304,20260304_H09_e02,192
20260304,20260304_H09_e03,192
20260304,20260304_H09_e04,192
20260304,20260304_H09_e05,192
20260304,20260304_H09_e06,192
20260304,20260304_H09_e07,192
20260304,20260304_H10_e01,192
20260304,20260304_H11_e01,192
20260304,20260304_H11_e02,192
20260304,20260304_H11_e03,192
20260304,20260304_H11_e04,192
20260304,20260304_H12_e01,192
20260306,20260306_A01_e01,186
20260306,20260306_A01_e03,185
20260306,20260306_A01_e04,186
20260306,20260306_A02_e01,186
20260306,20260306_A02_e02,186
20260306,20260306_A03_e01,186
20260306,20260306_A03_e02,186
20260306,20260306_A04_e01,186
20260306,20260306_A04_e02,182
20260306,20260306_A04_e03,159
20260306,20260306_A05_e01,186
20260306,20260306_A06_e01,186
20260306,20260306_A06_e02,186
20260306,20260306_A06_e03,186
20260306,20260306_A07_e01,186
20260306,20260306_A07_e02,186
20260306,20260306_A08_e01,185
20260306,20260306_A08_e02,185
20260306,20260306_A09_e01,186
20260306,20260306_A09_e02,185
20260306,20260306_A09_e03,179
20260306,20260306_A10_e01,186
20260306,20260306_A11_e01,185
20260306,20260306_A12_e01,181
20260306,20260306_B01_e01,186
20260306,20260306_B01_e02,134
20260306,20260306_B02_e01,186
20260306,20260306_B02_e02,186
20260306,20260306_B03_e01,186
20260306,20260306_B04_e01,186
20260306,20260306_B05_e01,186
20260306,20260306_B05_e02,186
20260306,20260306_B06_e01,186
20260306,20260306_B07_e01,186
20260306,20260306_B07_e02,184
20260306,20260306_B08_e01,186
20260306,20260306_B09_e01,186
20260306,20260306_B09_e02,186
20260306,20260306_B10_e01,186
20260306,20260306_B11_e01,186
20260306,20260306_B12_e01,186
20260306,20260306_B12_e02,186
20260306,20260306_C01_e01,186
20260306,20260306_C02_e01,186
20260306,20260306_C02_e02,186
20260306,20260306_C03_e01,186
20260306,20260306_C04_e01,186
20260306,20260306_C05_e01,184
20260306,20260306_C06_e01,186
20260306,20260306_C07_e01,186
20260306,20260306_C07_e02,186
20260306,20260306_C08_e01,186
20260306,20260306_C09_e01,186
20260306,20260306_C10_e01,186
20260306,20260306_C11_e01,1
20260306,20260306_C11_e02,186
20260306,20260306_C12_e01,185
20260306,20260306_C12_e02,184
20260306,20260306_C12_e03,184
20260306,20260306_D01_e01,186
20260306,20260306_D01_e02,186
20260306,20260306_D02_e01,186
20260306,20260306_D02_e02,185
20260306,20260306_D03_e01,183
20260306,20260306_D04_e01,186
20260306,20260306_D05_e01,185
20260306,20260306_D05_e02,180
20260306,20260306_D06_e01,186
20260306,20260306_D07_e01,186
20260306,20260306_D08_e01,186
20260306,20260306_D08_e02,186
20260306,20260306_D09_e01,186
20260306,20260306_D10_e01,186
20260306,20260306_D11_e01,186
20260306,20260306_D12_e01,175
20260306,20260306_D12_e02,186
20260306,20260306_E01_e01,186
20260306,20260306_E01_e02,186
20260306,20260306_E02_e01,186
20260306,20260306_E02_e02,186
20260306,20260306_E03_e01,186
20260306,20260306_E04_e01,186
20260306,20260306_E05_e01,186
20260306,20260306_E06_e01,186
20260306,20260306_E07_e01,186
20260306,20260306_E08_e01,186
20260306,20260306_E09_e01,186
20260306,20260306_E10_e01,186
20260306,20260306_E10_e02,186
20260306,20260306_E11_e01,186
20260306,20260306_E11_e02,186
20260306,20260306_E12_e01,186
20260306,20260306_E12_e02,185
20260306,20260306_F01_e01,186
20260306,20260306_F01_e02,51
20260306,20260306_F02_e01,186
20260306,20260306_F02_e02,186
20260306,20260306_F03_e01,186
20260306,20260306_F04_e01,186
20260306,20260306_F04_e02,186
20260306,20260306_F05_e01,186
20260306,20260306_F05_e02,186
20260306,20260306_F06_e01,186
20260306,20260306_F07_e01,186
20260306,20260306_F08_e01,186
20260306,20260306_F08_e02,186
20260306,20260306_F08_e03,185
20260306,20260306_F09_e01,186
20260306,20260306_F09_e02,186
20260306,20260306_F09_e03,186
20260306,20260306_F10_e01,183
20260306,20260306_F10_e02,160
20260306,20260306_F11_e01,186
20260306,20260306_F11_e02,185
20260306,20260306_F11_e03,186
20260306,20260306_F12_e01,186
20260306,20260306_F12_e02,167
20260306,20260306_G01_e01,186
20260306,20260306_G01_e03,186
20260306,20260306_G02_e01,186
20260306,20260306_G03_e01,186
20260306,20260306_G04_e01,186
20260306,20260306_G05_e01,186
20260306,20260306_G06_e01,186
20260306,20260306_G07_e01,186
20260306,20260306_G08_e01,184
20260306,20260306_G08_e02,186
20260306,20260306_G09_e01,185
20260306,20260306_G10_e01,186
20260306,20260306_G10_e02,186
20260306,20260306_G11_e01,186
20260306,20260306_G12_e01,186
20260306,20260306_H01_e01,186
20260306,20260306_H01_e02,186
20260306,20260306_H02_e01,186
20260306,20260306_H03_e01,186
20260306,20260306_H04_e01,186
20260306,20260306_H05_e01,186
20260306,20260306_H05_e02,186
20260306,20260306_H05_e03,186
20260306,20260306_H06_e01,186
20260306,20260306_H06_e02,186
20260306,20260306_H07_e01,186
20260306,20260306_H08_e01,141
20260306,20260306_H09_e01,184
20260306,20260306_H10_e01,186
20260306,20260306_H11_e01,186
20260306,20260306_H12_e01,186
20260306,20260306_H12_e02,3
20260319,20260319_A01_e01,105
20260319,20260319_A01_e02,105
20260319,20260319_A02_e01,105
20260319,20260319_A02_e02,105
20260319,20260319_A03_e01,105
20260319,20260319_A03_e02,105
20260319,20260319_A04_e01,105
20260319,20260319_A05_e01,105
20260319,20260319_A06_e01,85
20260319,20260319_A06_e02,104
20260319,20260319_A07_e01,105
20260319,20260319_A07_e02,105
20260319,20260319_A07_e03,105
20260319,20260319_A08_e01,105
20260319,20260319_A08_e02,105
20260319,20260319_B01_e01,105
20260319,20260319_B01_e02,105
20260319,20260319_B02_e01,105
20260319,20260319_B02_e02,105
20260319,20260319_B02_e03,105
20260319,20260319_B03_e01,105
20260319,20260319_B03_e02,105
20260319,20260319_B03_e03,105
20260319,20260319_B04_e01,105
20260319,20260319_B05_e01,105
20260319,20260319_B05_e02,105
20260319,20260319_B05_e03,105
20260319,20260319_B05_e04,105
20260319,20260319_B06_e01,105
20260319,20260319_B07_e01,105
20260319,20260319_B08_e01,105
20260319,20260319_C01_e01,105
20260319,20260319_C02_e01,105
20260319,20260319_C03_e01,105
20260319,20260319_C03_e02,105
20260319,20260319_C04_e01,105
20260319,20260319_C04_e02,105
20260319,20260319_C05_e01,105
20260319,20260319_C06_e01,105
20260319,20260319_C07_e01,105
20260319,20260319_C08_e01,105
20260319,20260319_D01_e01,105
20260319,20260319_D02_e01,105
20260319,20260319_D03_e01,105
20260319,20260319_D03_e02,105
20260319,20260319_D04_e01,105
20260319,20260319_D04_e02,105
20260319,20260319_D05_e01,105
20260319,20260319_D06_e01,105
20260319,20260319_D06_e02,105
20260319,20260319_D07_e01,105
20260319,20260319_D07_e02,105
20260319,20260319_D07_e03,105
20260319,20260319_D08_e01,105
20260319,20260319_E01_e01,105
20260319,20260319_E02_e01,105
20260319,20260319_E03_e01,105
20260319,20260319_E03_e02,105
20260319,20260319_E04_e01,105
20260319,20260319_E05_e01,105
20260319,20260319_E06_e01,105
20260319,20260319_E06_e02,105
20260319,20260319_E06_e03,105
20260319,20260319_E06_e04,105
20260319,20260319_E07_e01,105
20260319,20260319_E07_e02,105
20260319,20260319_F01_e01,105
20260319,20260319_F01_e02,105
20260319,20260319_F02_e01,105
20260319,20260319_F03_e01,105
20260319,20260319_F04_e01,105
20260319,20260319_F05_e01,105
20260319,20260319_F06_e01,105
20260319,20260319_F07_e01,105
20260319,20260319_F08_e01,105
20260319,20260319_F08_e02,105
20260319,20260319_G01_e01,105
20260319,20260319_G01_e02,105
20260319,20260319_G02_e01,105
20260319,20260319_G03_e01,105
20260319,20260319_G04_e01,105
20260319,20260319_G04_e02,105
20260319,20260319_G05_e01,105
20260319,20260319_G06_e01,105
20260319,20260319_G07_e01,105
20260319,20260319_G08_e01,105
20260319,20260319_H01_e01,105
20260319,20260319_H01_e02,105
20260319,20260319_H01_e03,105
20260319,20260319_H02_e01,105
20260319,20260319_H03_e01,105
20260319,20260319_H04_e01,105
20260319,20260319_H04_e02,105
20260319,20260319_H04_e03,105
20260319,20260319_H05_e01,105
20260319,20260319_H07_e01,105
20260319,20260319_H08_e01,105
20260319,20260319_H08_e02,105
20260319_cilia_crispant_18hpf,20260319_cilia_crispant_18hpf_A01_e01,1
20260319_cilia_crispant_18hpf,20260319_cilia_crispant_18hpf_A02_e01,1
20260319_cilia_crispant_18hpf,20260319_cilia_crispant_18hpf_A03_e01,1
20260319_cilia_crispant_18hpf,20260319_cilia_crispant_18hpf_A04_e01,1
20260319_cilia_crispant_18hpf,20260319_cilia_crispant_18hpf_A05_e01,1
20260319_cilia_crispant_18hpf,20260319_cilia_crispant_18hpf_A06_e01,1
20260319_cilia_crispant_18hpf,20260319_cilia_crispant_18hpf_A07_e01,1
20260319_cilia_crispant_18hpf,20260319_cilia_crispant_18hpf_A08_e01,1
20260319_cilia_crispant_18hpf,20260319_cilia_crispant_18hpf_A09_e01,1
20260319_cilia_crispant_18hpf,20260319_cilia_crispant_18hpf_A10_e01,1
20260319_cilia_crispant_18hpf,20260319_cilia_crispant_18hpf_A12_e01,1
20260319_cilia_crispant_18hpf,20260319_cilia_crispant_18hpf_B01_e01,1
20260319_cilia_crispant_18hpf,20260319_cilia_crispant_18hpf_B02_e01,1
20260319_cilia_crispant_18hpf,20260319_cilia_crispant_18hpf_B03_e01,1
20260319_cilia_crispant_18hpf,20260319_cilia_crispant_18hpf_B04_e01,1
20260319_cilia_crispant_18hpf,20260319_cilia_crispant_18hpf_B05_e01,1
20260319_cilia_crispant_18hpf,20260319_cilia_crispant_18hpf_B06_e01,1
20260319_cilia_crispant_18hpf,20260319_cilia_crispant_18hpf_B07_e01,1
20260319_cilia_crispant_18hpf,20260319_cilia_crispant_18hpf_B08_e01,1
20260319_cilia_crispant_18hpf,20260319_cilia_crispant_18hpf_B09_e01,1
20260319_cilia_crispant_18hpf,20260319_cilia_crispant_18hpf_B10_e01,1
20260319_cilia_crispant_18hpf,20260319_cilia_crispant_18hpf_B12_e01,1
20260319_cilia_crispant_18hpf,20260319_cilia_crispant_18hpf_C01_e01,1
20260319_cilia_crispant_18hpf,20260319_cilia_crispant_18hpf_C02_e01,1
20260319_cilia_crispant_18hpf,20260319_cilia_crispant_18hpf_C03_e01,1
20260319_cilia_crispant_18hpf,20260319_cilia_crispant_18hpf_C04_e01,1
20260319_cilia_crispant_18hpf,20260319_cilia_crispant_18hpf_C05_e01,1
20260319_cilia_crispant_18hpf,20260319_cilia_crispant_18hpf_C06_e01,1
20260319_cilia_crispant_18hpf,20260319_cilia_crispant_18hpf_C07_e01,1
20260319_cilia_crispant_18hpf,20260319_cilia_crispant_18hpf_C08_e01,1
20260319_cilia_crispant_18hpf,20260319_cilia_crispant_18hpf_C09_e01,1
20260319_cilia_crispant_18hpf,20260319_cilia_crispant_18hpf_C10_e01,1
20260319_cilia_crispant_18hpf,20260319_cilia_crispant_18hpf_D01_e01,1
20260319_cilia_crispant_18hpf,20260319_cilia_crispant_18hpf_D02_e01,1
20260319_cilia_crispant_18hpf,20260319_cilia_crispant_18hpf_D03_e01,1
20260319_cilia_crispant_18hpf,20260319_cilia_crispant_18hpf_D04_e01,1
20260319_cilia_crispant_18hpf,20260319_cilia_crispant_18hpf_D05_e01,1
20260319_cilia_crispant_18hpf,20260319_cilia_crispant_18hpf_D06_e01,1
20260319_cilia_crispant_18hpf,20260319_cilia_crispant_18hpf_D07_e01,1
20260319_cilia_crispant_18hpf,20260319_cilia_crispant_18hpf_D08_e01,1
20260319_cilia_crispant_18hpf,20260319_cilia_crispant_18hpf_D09_e01,1
20260319_cilia_crispant_18hpf,20260319_cilia_crispant_18hpf_D10_e01,1
20260319_cilia_crispant_18hpf,20260319_cilia_crispant_18hpf_D12_e01,1
20260319_cilia_crispant_18hpf,20260319_cilia_crispant_18hpf_E01_e01,1
20260319_cilia_crispant_18hpf,20260319_cilia_crispant_18hpf_E02_e01,1
20260319_cilia_crispant_18hpf,20260319_cilia_crispant_18hpf_E03_e01,1
20260319_cilia_crispant_18hpf,20260319_cilia_crispant_18hpf_E04_e01,1
20260319_cilia_crispant_18hpf,20260319_cilia_crispant_18hpf_E05_e01,1
20260319_cilia_crispant_18hpf,20260319_cilia_crispant_18hpf_E06_e01,1
20260319_cilia_crispant_18hpf,20260319_cilia_crispant_18hpf_E07_e01,1
20260319_cilia_crispant_18hpf,20260319_cilia_crispant_18hpf_E08_e01,1
20260319_cilia_crispant_18hpf,20260319_cilia_crispant_18hpf_E09_e01,1
20260319_cilia_crispant_18hpf,20260319_cilia_crispant_18hpf_E10_e01,1
20260319_cilia_crispant_18hpf,20260319_cilia_crispant_18hpf_E11_e01,1
20260319_cilia_crispant_18hpf,20260319_cilia_crispant_18hpf_E12_e01,1
20260319_cilia_crispant_18hpf,20260319_cilia_crispant_18hpf_F01_e01,1
20260319_cilia_crispant_18hpf,20260319_cilia_crispant_18hpf_F02_e01,1
20260319_cilia_crispant_18hpf,20260319_cilia_crispant_18hpf_F03_e01,1
20260319_cilia_crispant_18hpf,20260319_cilia_crispant_18hpf_F04_e01,1
20260319_cilia_crispant_18hpf,20260319_cilia_crispant_18hpf_F05_e01,1
20260319_cilia_crispant_18hpf,20260319_cilia_crispant_18hpf_F06_e01,1
20260319_cilia_crispant_18hpf,20260319_cilia_crispant_18hpf_F07_e01,1
20260319_cilia_crispant_18hpf,20260319_cilia_crispant_18hpf_F08_e01,1
20260319_cilia_crispant_18hpf,20260319_cilia_crispant_18hpf_F09_e01,1
20260319_cilia_crispant_18hpf,20260319_cilia_crispant_18hpf_F10_e01,1
20260319_cilia_crispant_18hpf,20260319_cilia_crispant_18hpf_F12_e01,1
20260319_cilia_crispant_18hpf,20260319_cilia_crispant_18hpf_G01_e01,1
20260319_cilia_crispant_18hpf,20260319_cilia_crispant_18hpf_G02_e01,1
20260319_cilia_crispant_18hpf,20260319_cilia_crispant_18hpf_G03_e01,1
20260319_cilia_crispant_18hpf,20260319_cilia_crispant_18hpf_G04_e01,1
20260319_cilia_crispant_18hpf,20260319_cilia_crispant_18hpf_G05_e01,1
20260319_cilia_crispant_18hpf,20260319_cilia_crispant_18hpf_G06_e01,1
20260319_cilia_crispant_18hpf,20260319_cilia_crispant_18hpf_G07_e01,1
20260319_cilia_crispant_18hpf,20260319_cilia_crispant_18hpf_G08_e01,1
20260319_cilia_crispant_18hpf,20260319_cilia_crispant_18hpf_G09_e01,1
20260319_cilia_crispant_18hpf,20260319_cilia_crispant_18hpf_G10_e01,1
20260319_cilia_crispant_18hpf,20260319_cilia_crispant_18hpf_G11_e01,1
20260319_cilia_crispant_18hpf,20260319_cilia_crispant_18hpf_G12_e01,1
20260319_cilia_crispant_18hpf,20260319_cilia_crispant_18hpf_H01_e01,1
20260319_cilia_crispant_18hpf,20260319_cilia_crispant_18hpf_H02_e01,1
20260319_cilia_crispant_18hpf,20260319_cilia_crispant_18hpf_H02_e02,1
20260319_cilia_crispant_18hpf,20260319_cilia_crispant_18hpf_H03_e01,1
20260319_cilia_crispant_18hpf,20260319_cilia_crispant_18hpf_H04_e01,1
20260319_cilia_crispant_18hpf,20260319_cilia_crispant_18hpf_H05_e01,1
20260319_cilia_crispant_18hpf,20260319_cilia_crispant_18hpf_H06_e01,1
20260319_cilia_crispant_18hpf,20260319_cilia_crispant_18hpf_H07_e01,1
20260319_cilia_crispant_18hpf,20260319_cilia_crispant_18hpf_H07_e02,1
20260319_cilia_crispant_18hpf,20260319_cilia_crispant_18hpf_H08_e01,1
20260319_cilia_crispant_18hpf,20260319_cilia_crispant_18hpf_H09_e01,1
20260319_cilia_crispant_18hpf,20260319_cilia_crispant_18hpf_H10_e01,1
20260319_cilia_crispant_18hpf,20260319_cilia_crispant_18hpf_H11_e01,1
20260319_cilia_crispant_18hpf,20260319_cilia_crispant_18hpf_H12_e01,1
20260319_cilia_crispant_24hpf,20260319_cilia_crispant_24hpf_A01_e01,1
20260319_cilia_crispant_24hpf,20260319_cilia_crispant_24hpf_A02_e01,1
20260319_cilia_crispant_24hpf,20260319_cilia_crispant_24hpf_A03_e01,1
20260319_cilia_crispant_24hpf,20260319_cilia_crispant_24hpf_A04_e01,1
20260319_cilia_crispant_24hpf,20260319_cilia_crispant_24hpf_A05_e01,1
20260319_cilia_crispant_24hpf,20260319_cilia_crispant_24hpf_A06_e01,1
20260319_cilia_crispant_24hpf,20260319_cilia_crispant_24hpf_A07_e01,1
20260319_cilia_crispant_24hpf,20260319_cilia_crispant_24hpf_A08_e01,1
20260319_cilia_crispant_24hpf,20260319_cilia_crispant_24hpf_A08_e02,1
20260319_cilia_crispant_24hpf,20260319_cilia_crispant_24hpf_A09_e01,1
20260319_cilia_crispant_24hpf,20260319_cilia_crispant_24hpf_A10_e01,1
20260319_cilia_crispant_24hpf,20260319_cilia_crispant_24hpf_A11_e01,1
20260319_cilia_crispant_24hpf,20260319_cilia_crispant_24hpf_A12_e01,1
20260319_cilia_crispant_24hpf,20260319_cilia_crispant_24hpf_B01_e01,1
20260319_cilia_crispant_24hpf,20260319_cilia_crispant_24hpf_B02_e01,1
20260319_cilia_crispant_24hpf,20260319_cilia_crispant_24hpf_B02_e02,1
20260319_cilia_crispant_24hpf,20260319_cilia_crispant_24hpf_B03_e01,1
20260319_cilia_crispant_24hpf,20260319_cilia_crispant_24hpf_B04_e01,1
20260319_cilia_crispant_24hpf,20260319_cilia_crispant_24hpf_B05_e01,1
20260319_cilia_crispant_24hpf,20260319_cilia_crispant_24hpf_B06_e01,1
20260319_cilia_crispant_24hpf,20260319_cilia_crispant_24hpf_B07_e01,1
20260319_cilia_crispant_24hpf,20260319_cilia_crispant_24hpf_B07_e02,1
20260319_cilia_crispant_24hpf,20260319_cilia_crispant_24hpf_B08_e01,1
20260319_cilia_crispant_24hpf,20260319_cilia_crispant_24hpf_B09_e01,1
20260319_cilia_crispant_24hpf,20260319_cilia_crispant_24hpf_B10_e01,1
20260319_cilia_crispant_24hpf,20260319_cilia_crispant_24hpf_B11_e01,1
20260319_cilia_crispant_24hpf,20260319_cilia_crispant_24hpf_B12_e01,1
20260319_cilia_crispant_24hpf,20260319_cilia_crispant_24hpf_C01_e01,1
20260319_cilia_crispant_24hpf,20260319_cilia_crispant_24hpf_C02_e01,1
20260319_cilia_crispant_24hpf,20260319_cilia_crispant_24hpf_C03_e01,1
20260319_cilia_crispant_24hpf,20260319_cilia_crispant_24hpf_C04_e01,1
20260319_cilia_crispant_24hpf,20260319_cilia_crispant_24hpf_C05_e01,1
20260319_cilia_crispant_24hpf,20260319_cilia_crispant_24hpf_C06_e01,1
20260319_cilia_crispant_24hpf,20260319_cilia_crispant_24hpf_C07_e01,1
20260319_cilia_crispant_24hpf,20260319_cilia_crispant_24hpf_C08_e01,1
20260319_cilia_crispant_24hpf,20260319_cilia_crispant_24hpf_C09_e01,1
20260319_cilia_crispant_24hpf,20260319_cilia_crispant_24hpf_C10_e01,1
20260319_cilia_crispant_24hpf,20260319_cilia_crispant_24hpf_C11_e01,1
20260319_cilia_crispant_24hpf,20260319_cilia_crispant_24hpf_C12_e01,1
20260319_cilia_crispant_24hpf,20260319_cilia_crispant_24hpf_D02_e01,1
20260319_cilia_crispant_24hpf,20260319_cilia_crispant_24hpf_D03_e01,1
20260319_cilia_crispant_24hpf,20260319_cilia_crispant_24hpf_D03_e02,1
20260319_cilia_crispant_24hpf,20260319_cilia_crispant_24hpf_D04_e01,1
20260319_cilia_crispant_24hpf,20260319_cilia_crispant_24hpf_D05_e01,1
20260319_cilia_crispant_24hpf,20260319_cilia_crispant_24hpf_D06_e01,1
20260319_cilia_crispant_24hpf,20260319_cilia_crispant_24hpf_D07_e01,1
20260319_cilia_crispant_24hpf,20260319_cilia_crispant_24hpf_D08_e01,1
20260319_cilia_crispant_24hpf,20260319_cilia_crispant_24hpf_D09_e01,1
20260319_cilia_crispant_24hpf,20260319_cilia_crispant_24hpf_D10_e01,1
20260319_cilia_crispant_24hpf,20260319_cilia_crispant_24hpf_D11_e01,1
20260319_cilia_crispant_24hpf,20260319_cilia_crispant_24hpf_D12_e01,1
20260319_cilia_crispant_24hpf,20260319_cilia_crispant_24hpf_E01_e01,1
20260319_cilia_crispant_24hpf,20260319_cilia_crispant_24hpf_E03_e01,1
20260319_cilia_crispant_24hpf,20260319_cilia_crispant_24hpf_E04_e01,1
20260319_cilia_crispant_24hpf,20260319_cilia_crispant_24hpf_E05_e01,1
20260319_cilia_crispant_24hpf,20260319_cilia_crispant_24hpf_E06_e01,1
20260319_cilia_crispant_24hpf,20260319_cilia_crispant_24hpf_E07_e01,1
20260319_cilia_crispant_24hpf,20260319_cilia_crispant_24hpf_E08_e01,1
20260319_cilia_crispant_24hpf,20260319_cilia_crispant_24hpf_E09_e01,1
20260319_cilia_crispant_24hpf,20260319_cilia_crispant_24hpf_E10_e01,1
20260319_cilia_crispant_24hpf,20260319_cilia_crispant_24hpf_E11_e01,1
20260319_cilia_crispant_24hpf,20260319_cilia_crispant_24hpf_E12_e01,1
20260319_cilia_crispant_24hpf,20260319_cilia_crispant_24hpf_F01_e01,1
20260319_cilia_crispant_24hpf,20260319_cilia_crispant_24hpf_F02_e01,1
20260319_cilia_crispant_24hpf,20260319_cilia_crispant_24hpf_F03_e01,1
20260319_cilia_crispant_24hpf,20260319_cilia_crispant_24hpf_F04_e01,1
20260319_cilia_crispant_24hpf,20260319_cilia_crispant_24hpf_F05_e01,1
20260319_cilia_crispant_24hpf,20260319_cilia_crispant_24hpf_F06_e01,1
20260319_cilia_crispant_24hpf,20260319_cilia_crispant_24hpf_F07_e01,1
20260319_cilia_crispant_24hpf,20260319_cilia_crispant_24hpf_F08_e01,1
20260319_cilia_crispant_24hpf,20260319_cilia_crispant_24hpf_F09_e01,1
20260319_cilia_crispant_24hpf,20260319_cilia_crispant_24hpf_F10_e01,1
20260319_cilia_crispant_24hpf,20260319_cilia_crispant_24hpf_F11_e01,1
20260319_cilia_crispant_24hpf,20260319_cilia_crispant_24hpf_F12_e01,1
20260319_cilia_crispant_24hpf,20260319_cilia_crispant_24hpf_G01_e01,1
20260319_cilia_crispant_24hpf,20260319_cilia_crispant_24hpf_G02_e01,1
20260319_cilia_crispant_24hpf,20260319_cilia_crispant_24hpf_G03_e01,1
20260319_cilia_crispant_24hpf,20260319_cilia_crispant_24hpf_G04_e01,1
20260319_cilia_crispant_24hpf,20260319_cilia_crispant_24hpf_G05_e01,1
20260319_cilia_crispant_24hpf,20260319_cilia_crispant_24hpf_G06_e01,1
20260319_cilia_crispant_24hpf,20260319_cilia_crispant_24hpf_G07_e01,1
20260319_cilia_crispant_24hpf,20260319_cilia_crispant_24hpf_G08_e01,1
20260319_cilia_crispant_24hpf,20260319_cilia_crispant_24hpf_G09_e01,1
20260319_cilia_crispant_24hpf,20260319_cilia_crispant_24hpf_G10_e01,1
20260319_cilia_crispant_24hpf,20260319_cilia_crispant_24hpf_G11_e01,1
20260319_cilia_crispant_24hpf,20260319_cilia_crispant_24hpf_G12_e01,1
20260319_cilia_crispant_24hpf,20260319_cilia_crispant_24hpf_H01_e01,1
20260319_cilia_crispant_24hpf,20260319_cilia_crispant_24hpf_H02_e01,1
20260319_cilia_crispant_24hpf,20260319_cilia_crispant_24hpf_H02_e02,1
20260319_cilia_crispant_24hpf,20260319_cilia_crispant_24hpf_H03_e01,1
20260319_cilia_crispant_24hpf,20260319_cilia_crispant_24hpf_H04_e01,1
20260319_cilia_crispant_24hpf,20260319_cilia_crispant_24hpf_H05_e01,1
20260319_cilia_crispant_24hpf,20260319_cilia_crispant_24hpf_H06_e01,1
20260319_cilia_crispant_24hpf,20260319_cilia_crispant_24hpf_H07_e01,1
20260319_cilia_crispant_24hpf,20260319_cilia_crispant_24hpf_H08_e01,1
20260319_cilia_crispant_24hpf,20260319_cilia_crispant_24hpf_H09_e01,1
20260319_cilia_crispant_24hpf,20260319_cilia_crispant_24hpf_H10_e01,1
20260319_cilia_crispant_24hpf,20260319_cilia_crispant_24hpf_H11_e01,1
20260319_cilia_crispant_24hpf,20260319_cilia_crispant_24hpf_H12_e01,1
20260319_cilia_crispant_30hpf,20260319_cilia_crispant_30hpf_A01_e01,1
20260319_cilia_crispant_30hpf,20260319_cilia_crispant_30hpf_A02_e01,1
20260319_cilia_crispant_30hpf,20260319_cilia_crispant_30hpf_A03_e01,1
20260319_cilia_crispant_30hpf,20260319_cilia_crispant_30hpf_A04_e01,1
20260319_cilia_crispant_30hpf,20260319_cilia_crispant_30hpf_A05_e01,1
20260319_cilia_crispant_30hpf,20260319_cilia_crispant_30hpf_A05_e02,1
20260319_cilia_crispant_30hpf,20260319_cilia_crispant_30hpf_A06_e01,1
20260319_cilia_crispant_30hpf,20260319_cilia_crispant_30hpf_A07_e01,1
20260319_cilia_crispant_30hpf,20260319_cilia_crispant_30hpf_A07_e02,1
20260319_cilia_crispant_30hpf,20260319_cilia_crispant_30hpf_A08_e01,1
20260319_cilia_crispant_30hpf,20260319_cilia_crispant_30hpf_A09_e01,1
20260319_cilia_crispant_30hpf,20260319_cilia_crispant_30hpf_A09_e02,1
20260319_cilia_crispant_30hpf,20260319_cilia_crispant_30hpf_A09_e03,1
20260319_cilia_crispant_30hpf,20260319_cilia_crispant_30hpf_A10_e01,1
20260319_cilia_crispant_30hpf,20260319_cilia_crispant_30hpf_A10_e02,1
20260319_cilia_crispant_30hpf,20260319_cilia_crispant_30hpf_A11_e01,1
20260319_cilia_crispant_30hpf,20260319_cilia_crispant_30hpf_A12_e01,1
20260319_cilia_crispant_30hpf,20260319_cilia_crispant_30hpf_A12_e02,1
20260319_cilia_crispant_30hpf,20260319_cilia_crispant_30hpf_B01_e01,1
20260319_cilia_crispant_30hpf,20260319_cilia_crispant_30hpf_B02_e01,1
20260319_cilia_crispant_30hpf,20260319_cilia_crispant_30hpf_B03_e01,1
20260319_cilia_crispant_30hpf,20260319_cilia_crispant_30hpf_B04_e01,1
20260319_cilia_crispant_30hpf,20260319_cilia_crispant_30hpf_B05_e01,1
20260319_cilia_crispant_30hpf,20260319_cilia_crispant_30hpf_B06_e01,1
20260319_cilia_crispant_30hpf,20260319_cilia_crispant_30hpf_B07_e01,1
20260319_cilia_crispant_30hpf,20260319_cilia_crispant_30hpf_B08_e01,1
20260319_cilia_crispant_30hpf,20260319_cilia_crispant_30hpf_B09_e01,1
20260319_cilia_crispant_30hpf,20260319_cilia_crispant_30hpf_B10_e01,1
20260319_cilia_crispant_30hpf,20260319_cilia_crispant_30hpf_B11_e01,1
20260319_cilia_crispant_30hpf,20260319_cilia_crispant_30hpf_B12_e01,1
20260319_cilia_crispant_30hpf,20260319_cilia_crispant_30hpf_C01_e01,1
20260319_cilia_crispant_30hpf,20260319_cilia_crispant_30hpf_C02_e01,1
20260319_cilia_crispant_30hpf,20260319_cilia_crispant_30hpf_C03_e01,1
20260319_cilia_crispant_30hpf,20260319_cilia_crispant_30hpf_C04_e01,1
20260319_cilia_crispant_30hpf,20260319_cilia_crispant_30hpf_C05_e01,1
20260319_cilia_crispant_30hpf,20260319_cilia_crispant_30hpf_C06_e01,1
20260319_cilia_crispant_30hpf,20260319_cilia_crispant_30hpf_C07_e01,1
20260319_cilia_crispant_30hpf,20260319_cilia_crispant_30hpf_C08_e01,1
20260319_cilia_crispant_30hpf,20260319_cilia_crispant_30hpf_C09_e01,1
20260319_cilia_crispant_30hpf,20260319_cilia_crispant_30hpf_C10_e01,1
20260319_cilia_crispant_30hpf,20260319_cilia_crispant_30hpf_C11_e01,1
20260319_cilia_crispant_30hpf,20260319_cilia_crispant_30hpf_C12_e01,1
20260319_cilia_crispant_30hpf,20260319_cilia_crispant_30hpf_D01_e01,1
20260319_cilia_crispant_30hpf,20260319_cilia_crispant_30hpf_D02_e01,1
20260319_cilia_crispant_30hpf,20260319_cilia_crispant_30hpf_D03_e01,1
20260319_cilia_crispant_30hpf,20260319_cilia_crispant_30hpf_D04_e01,1
20260319_cilia_crispant_30hpf,20260319_cilia_crispant_30hpf_D05_e01,1
20260319_cilia_crispant_30hpf,20260319_cilia_crispant_30hpf_D06_e01,1
20260319_cilia_crispant_30hpf,20260319_cilia_crispant_30hpf_D07_e01,1
20260319_cilia_crispant_30hpf,20260319_cilia_crispant_30hpf_D08_e01,1
20260319_cilia_crispant_30hpf,20260319_cilia_crispant_30hpf_D09_e01,1
20260319_cilia_crispant_30hpf,20260319_cilia_crispant_30hpf_D10_e01,1
20260319_cilia_crispant_30hpf,20260319_cilia_crispant_30hpf_D11_e01,1
20260319_cilia_crispant_30hpf,20260319_cilia_crispant_30hpf_D12_e01,1
20260319_cilia_crispant_30hpf,20260319_cilia_crispant_30hpf_E01_e01,1
20260319_cilia_crispant_30hpf,20260319_cilia_crispant_30hpf_E02_e01,1
20260319_cilia_crispant_30hpf,20260319_cilia_crispant_30hpf_E03_e01,1
20260319_cilia_crispant_30hpf,20260319_cilia_crispant_30hpf_E04_e01,1
20260319_cilia_crispant_30hpf,20260319_cilia_crispant_30hpf_E05_e01,1
20260319_cilia_crispant_30hpf,20260319_cilia_crispant_30hpf_E06_e01,1
20260319_cilia_crispant_30hpf,20260319_cilia_crispant_30hpf_E07_e01,1
20260319_cilia_crispant_30hpf,20260319_cilia_crispant_30hpf_E08_e01,1
20260319_cilia_crispant_30hpf,20260319_cilia_crispant_30hpf_E09_e01,1
20260319_cilia_crispant_30hpf,20260319_cilia_crispant_30hpf_E10_e01,1
20260319_cilia_crispant_30hpf,20260319_cilia_crispant_30hpf_E11_e01,1
20260319_cilia_crispant_30hpf,20260319_cilia_crispant_30hpf_E12_e01,1
20260319_cilia_crispant_30hpf,20260319_cilia_crispant_30hpf_F01_e01,1
20260319_cilia_crispant_30hpf,20260319_cilia_crispant_30hpf_F02_e01,1
20260319_cilia_crispant_30hpf,20260319_cilia_crispant_30hpf_F03_e01,1
20260319_cilia_crispant_30hpf,20260319_cilia_crispant_30hpf_F04_e01,1
20260319_cilia_crispant_30hpf,20260319_cilia_crispant_30hpf_F05_e01,1
20260319_cilia_crispant_30hpf,20260319_cilia_crispant_30hpf_F06_e01,1
20260319_cilia_crispant_30hpf,20260319_cilia_crispant_30hpf_F07_e01,1
20260319_cilia_crispant_30hpf,20260319_cilia_crispant_30hpf_F08_e01,1
20260319_cilia_crispant_30hpf,20260319_cilia_crispant_30hpf_F09_e01,1
20260319_cilia_crispant_30hpf,20260319_cilia_crispant_30hpf_F10_e01,1
20260319_cilia_crispant_30hpf,20260319_cilia_crispant_30hpf_F11_e01,1
20260319_cilia_crispant_30hpf,20260319_cilia_crispant_30hpf_F12_e01,1
20260319_cilia_crispant_30hpf,20260319_cilia_crispant_30hpf_G01_e01,1
20260319_cilia_crispant_30hpf,20260319_cilia_crispant_30hpf_G02_e01,1
20260319_cilia_crispant_30hpf,20260319_cilia_crispant_30hpf_G03_e01,1
20260319_cilia_crispant_30hpf,20260319_cilia_crispant_30hpf_G04_e01,1
20260319_cilia_crispant_30hpf,20260319_cilia_crispant_30hpf_G05_e01,1
20260319_cilia_crispant_30hpf,20260319_cilia_crispant_30hpf_G06_e01,1
20260319_cilia_crispant_30hpf,20260319_cilia_crispant_30hpf_G07_e01,1
20260319_cilia_crispant_30hpf,20260319_cilia_crispant_30hpf_G08_e01,1
20260319_cilia_crispant_30hpf,20260319_cilia_crispant_30hpf_G09_e01,1
20260319_cilia_crispant_30hpf,20260319_cilia_crispant_30hpf_G10_e01,1
20260319_cilia_crispant_30hpf,20260319_cilia_crispant_30hpf_G11_e01,1
20260319_cilia_crispant_30hpf,20260319_cilia_crispant_30hpf_G12_e01,1
20260319_cilia_crispant_30hpf,20260319_cilia_crispant_30hpf_H01_e01,1
20260319_cilia_crispant_30hpf,20260319_cilia_crispant_30hpf_H02_e01,1
20260319_cilia_crispant_30hpf,20260319_cilia_crispant_30hpf_H03_e01,1
20260319_cilia_crispant_30hpf,20260319_cilia_crispant_30hpf_H04_e01,1
20260319_cilia_crispant_30hpf,20260319_cilia_crispant_30hpf_H05_e01,1
20260319_cilia_crispant_30hpf,20260319_cilia_crispant_30hpf_H06_e01,1
20260319_cilia_crispant_30hpf,20260319_cilia_crispant_30hpf_H07_e01,1
20260319_cilia_crispant_30hpf,20260319_cilia_crispant_30hpf_H08_e01,1
20260319_cilia_crispant_30hpf,20260319_cilia_crispant_30hpf_H09_e01,1
20260319_cilia_crispant_30hpf,20260319_cilia_crispant_30hpf_H10_e01,1
20260319_cilia_crispant_30hpf,20260319_cilia_crispant_30hpf_H11_e01,1
20260319_cilia_crispant_30hpf,20260319_cilia_crispant_30hpf_H12_e01,1
20260324_cep290_24hpf_plate01,20260324_cep290_24hpf_plate01_A01_e01,1
20260324_cep290_24hpf_plate01,20260324_cep290_24hpf_plate01_A02_e01,1
20260324_cep290_24hpf_plate01,20260324_cep290_24hpf_plate01_A03_e01,1
20260324_cep290_24hpf_plate01,20260324_cep290_24hpf_plate01_A04_e01,1
20260324_cep290_24hpf_plate01,20260324_cep290_24hpf_plate01_A05_e01,1
20260324_cep290_24hpf_plate01,20260324_cep290_24hpf_plate01_A06_e01,1
20260324_cep290_24hpf_plate01,20260324_cep290_24hpf_plate01_A07_e01,1
20260324_cep290_24hpf_plate01,20260324_cep290_24hpf_plate01_A09_e01,1
20260324_cep290_24hpf_plate01,20260324_cep290_24hpf_plate01_A09_e02,1
20260324_cep290_24hpf_plate01,20260324_cep290_24hpf_plate01_A10_e01,1
20260324_cep290_24hpf_plate01,20260324_cep290_24hpf_plate01_A11_e01,1
20260324_cep290_24hpf_plate01,20260324_cep290_24hpf_plate01_A12_e01,1
20260324_cep290_24hpf_plate01,20260324_cep290_24hpf_plate01_B01_e01,1
20260324_cep290_24hpf_plate01,20260324_cep290_24hpf_plate01_B02_e01,1
20260324_cep290_24hpf_plate01,20260324_cep290_24hpf_plate01_B02_e02,1
20260324_cep290_24hpf_plate01,20260324_cep290_24hpf_plate01_B03_e01,1
20260324_cep290_24hpf_plate01,20260324_cep290_24hpf_plate01_B04_e01,1
20260324_cep290_24hpf_plate01,20260324_cep290_24hpf_plate01_B05_e01,1
20260324_cep290_24hpf_plate01,20260324_cep290_24hpf_plate01_B06_e01,1
20260324_cep290_24hpf_plate01,20260324_cep290_24hpf_plate01_B07_e01,1
20260324_cep290_24hpf_plate01,20260324_cep290_24hpf_plate01_B08_e01,1
20260324_cep290_24hpf_plate01,20260324_cep290_24hpf_plate01_B09_e01,1
20260324_cep290_24hpf_plate01,20260324_cep290_24hpf_plate01_B10_e01,1
20260324_cep290_24hpf_plate01,20260324_cep290_24hpf_plate01_B11_e01,1
20260324_cep290_24hpf_plate01,20260324_cep290_24hpf_plate01_B12_e01,1
20260324_cep290_24hpf_plate01,20260324_cep290_24hpf_plate01_C01_e01,1
20260324_cep290_24hpf_plate01,20260324_cep290_24hpf_plate01_C02_e01,1
20260324_cep290_24hpf_plate01,20260324_cep290_24hpf_plate01_C03_e01,1
20260324_cep290_24hpf_plate01,20260324_cep290_24hpf_plate01_C04_e01,1
20260324_cep290_24hpf_plate01,20260324_cep290_24hpf_plate01_C05_e01,1
20260324_cep290_24hpf_plate01,20260324_cep290_24hpf_plate01_C06_e01,1
20260324_cep290_24hpf_plate01,20260324_cep290_24hpf_plate01_C07_e01,1
20260324_cep290_24hpf_plate01,20260324_cep290_24hpf_plate01_C08_e01,1
20260324_cep290_24hpf_plate01,20260324_cep290_24hpf_plate01_C09_e01,1
20260324_cep290_24hpf_plate01,20260324_cep290_24hpf_plate01_C10_e01,1
20260324_cep290_24hpf_plate01,20260324_cep290_24hpf_plate01_C11_e01,1
20260324_cep290_24hpf_plate01,20260324_cep290_24hpf_plate01_C12_e01,1
20260324_cep290_24hpf_plate01,20260324_cep290_24hpf_plate01_D01_e01,1
20260324_cep290_24hpf_plate01,20260324_cep290_24hpf_plate01_D02_e01,1
20260324_cep290_24hpf_plate01,20260324_cep290_24hpf_plate01_D03_e01,1
20260324_cep290_24hpf_plate01,20260324_cep290_24hpf_plate01_D04_e01,1
20260324_cep290_24hpf_plate01,20260324_cep290_24hpf_plate01_D05_e01,1
20260324_cep290_24hpf_plate01,20260324_cep290_24hpf_plate01_D06_e01,1
20260324_cep290_24hpf_plate01,20260324_cep290_24hpf_plate01_D07_e01,1
20260324_cep290_24hpf_plate01,20260324_cep290_24hpf_plate01_D08_e01,1
20260324_cep290_24hpf_plate01,20260324_cep290_24hpf_plate01_D09_e01,1
20260324_cep290_24hpf_plate01,20260324_cep290_24hpf_plate01_D10_e01,1
20260324_cep290_24hpf_plate01,20260324_cep290_24hpf_plate01_D11_e01,1
20260324_cep290_24hpf_plate01,20260324_cep290_24hpf_plate01_D11_e03,1
20260324_cep290_24hpf_plate01,20260324_cep290_24hpf_plate01_D12_e01,1
20260324_cep290_24hpf_plate01,20260324_cep290_24hpf_plate01_D12_e02,1
20260324_cep290_24hpf_plate01,20260324_cep290_24hpf_plate01_E01_e01,1
20260324_cep290_24hpf_plate01,20260324_cep290_24hpf_plate01_E02_e01,1
20260324_cep290_24hpf_plate01,20260324_cep290_24hpf_plate01_E03_e01,1
20260324_cep290_24hpf_plate01,20260324_cep290_24hpf_plate01_E04_e01,1
20260324_cep290_24hpf_plate01,20260324_cep290_24hpf_plate01_E05_e01,1
20260324_cep290_24hpf_plate01,20260324_cep290_24hpf_plate01_E06_e01,1
20260324_cep290_24hpf_plate01,20260324_cep290_24hpf_plate01_E07_e01,1
20260324_cep290_24hpf_plate01,20260324_cep290_24hpf_plate01_E08_e01,1
20260324_cep290_24hpf_plate01,20260324_cep290_24hpf_plate01_E09_e01,1
20260324_cep290_24hpf_plate01,20260324_cep290_24hpf_plate01_E10_e01,1
20260324_cep290_24hpf_plate01,20260324_cep290_24hpf_plate01_E11_e01,1
20260324_cep290_24hpf_plate01,20260324_cep290_24hpf_plate01_E12_e01,1
20260324_cep290_24hpf_plate01,20260324_cep290_24hpf_plate01_F01_e01,1
20260324_cep290_24hpf_plate01,20260324_cep290_24hpf_plate01_F02_e01,1
20260324_cep290_24hpf_plate01,20260324_cep290_24hpf_plate01_F03_e01,1
20260324_cep290_24hpf_plate01,20260324_cep290_24hpf_plate01_F04_e01,1
20260324_cep290_24hpf_plate01,20260324_cep290_24hpf_plate01_F05_e01,1
20260324_cep290_24hpf_plate01,20260324_cep290_24hpf_plate01_F06_e01,1
20260324_cep290_24hpf_plate01,20260324_cep290_24hpf_plate01_F07_e01,1
20260324_cep290_24hpf_plate01,20260324_cep290_24hpf_plate01_F08_e01,1
20260324_cep290_24hpf_plate01,20260324_cep290_24hpf_plate01_F09_e01,1
20260324_cep290_24hpf_plate01,20260324_cep290_24hpf_plate01_F10_e01,1
20260324_cep290_24hpf_plate01,20260324_cep290_24hpf_plate01_F11_e01,1
20260324_cep290_24hpf_plate01,20260324_cep290_24hpf_plate01_F12_e01,1
20260324_cep290_24hpf_plate01,20260324_cep290_24hpf_plate01_G01_e01,1
20260324_cep290_24hpf_plate01,20260324_cep290_24hpf_plate01_G02_e01,1
20260324_cep290_24hpf_plate01,20260324_cep290_24hpf_plate01_G03_e01,1
20260324_cep290_24hpf_plate01,20260324_cep290_24hpf_plate01_G04_e01,1
20260324_cep290_24hpf_plate01,20260324_cep290_24hpf_plate01_G05_e01,1
20260324_cep290_24hpf_plate01,20260324_cep290_24hpf_plate01_G06_e01,1
20260324_cep290_24hpf_plate01,20260324_cep290_24hpf_plate01_G07_e01,1
20260324_cep290_24hpf_plate01,20260324_cep290_24hpf_plate01_G08_e01,1
20260324_cep290_24hpf_plate01,20260324_cep290_24hpf_plate01_G09_e01,1
20260324_cep290_24hpf_plate01,20260324_cep290_24hpf_plate01_G10_e01,1
20260324_cep290_24hpf_plate01,20260324_cep290_24hpf_plate01_G11_e01,1
20260324_cep290_24hpf_plate01,20260324_cep290_24hpf_plate01_G12_e01,1
20260324_cep290_24hpf_plate01,20260324_cep290_24hpf_plate01_H01_e01,1
20260324_cep290_24hpf_plate01,20260324_cep290_24hpf_plate01_H02_e01,1
20260324_cep290_24hpf_plate01,20260324_cep290_24hpf_plate01_H03_e01,1
20260324_cep290_24hpf_plate01,20260324_cep290_24hpf_plate01_H04_e01,1
20260324_cep290_24hpf_plate01,20260324_cep290_24hpf_plate01_H04_e02,1
20260324_cep290_24hpf_plate01,20260324_cep290_24hpf_plate01_H05_e01,1
20260324_cep290_24hpf_plate01,20260324_cep290_24hpf_plate01_H06_e01,1
20260324_cep290_24hpf_plate01,20260324_cep290_24hpf_plate01_H07_e01,1
20260324_cep290_24hpf_plate01,20260324_cep290_24hpf_plate01_H08_e01,1
20260324_cep290_24hpf_plate01,20260324_cep290_24hpf_plate01_H09_e01,1
20260324_cep290_24hpf_plate01,20260324_cep290_24hpf_plate01_H10_e01,1
20260324_cep290_24hpf_plate01,20260324_cep290_24hpf_plate01_H10_e02,1
20260324_cep290_24hpf_plate01,20260324_cep290_24hpf_plate01_H11_e01,1
20260324_cep290_24hpf_plate01,20260324_cep290_24hpf_plate01_H12_e01,1
20260324_cep290_24hpf_plate02,20260324_cep290_24hpf_plate02_A01_e01,1
20260324_cep290_24hpf_plate02,20260324_cep290_24hpf_plate02_A01_e02,1
20260324_cep290_24hpf_plate02,20260324_cep290_24hpf_plate02_A02_e01,1
20260324_cep290_24hpf_plate02,20260324_cep290_24hpf_plate02_A03_e01,1
20260324_cep290_24hpf_plate02,20260324_cep290_24hpf_plate02_A04_e01,1
20260324_cep290_24hpf_plate02,20260324_cep290_24hpf_plate02_A05_e01,1
20260324_cep290_24hpf_plate02,20260324_cep290_24hpf_plate02_A05_e02,1
20260324_cep290_24hpf_plate02,20260324_cep290_24hpf_plate02_A06_e01,1
20260324_cep290_24hpf_plate02,20260324_cep290_24hpf_plate02_A07_e01,1
20260324_cep290_24hpf_plate02,20260324_cep290_24hpf_plate02_A08_e01,1
20260324_cep290_24hpf_plate02,20260324_cep290_24hpf_plate02_A09_e01,1
20260324_cep290_24hpf_plate02,20260324_cep290_24hpf_plate02_A10_e01,1
20260324_cep290_24hpf_plate02,20260324_cep290_24hpf_plate02_A11_e01,1
20260324_cep290_24hpf_plate02,20260324_cep290_24hpf_plate02_A12_e01,1
20260324_cep290_24hpf_plate02,20260324_cep290_24hpf_plate02_B01_e01,1
20260324_cep290_24hpf_plate02,20260324_cep290_24hpf_plate02_B02_e01,1
20260324_cep290_24hpf_plate02,20260324_cep290_24hpf_plate02_B03_e01,1
20260324_cep290_24hpf_plate02,20260324_cep290_24hpf_plate02_B04_e01,1
20260324_cep290_24hpf_plate02,20260324_cep290_24hpf_plate02_B05_e01,1
20260324_cep290_24hpf_plate02,20260324_cep290_24hpf_plate02_B06_e01,1
20260324_cep290_24hpf_plate02,20260324_cep290_24hpf_plate02_B07_e01,1
20260324_cep290_24hpf_plate02,20260324_cep290_24hpf_plate02_B08_e01,1
20260324_cep290_24hpf_plate02,20260324_cep290_24hpf_plate02_B09_e01,1
20260324_cep290_24hpf_plate02,20260324_cep290_24hpf_plate02_B10_e01,1
20260324_cep290_24hpf_plate02,20260324_cep290_24hpf_plate02_B11_e01,1
20260324_cep290_24hpf_plate02,20260324_cep290_24hpf_plate02_B12_e01,1
20260324_cep290_24hpf_plate02,20260324_cep290_24hpf_plate02_C01_e01,1
20260324_cep290_24hpf_plate02,20260324_cep290_24hpf_plate02_C02_e01,1
20260324_cep290_24hpf_plate02,20260324_cep290_24hpf_plate02_C03_e01,1
20260324_cep290_24hpf_plate02,20260324_cep290_24hpf_plate02_C04_e01,1
20260324_cep290_24hpf_plate02,20260324_cep290_24hpf_plate02_C05_e01,1
20260324_cep290_24hpf_plate02,20260324_cep290_24hpf_plate02_C06_e01,1
20260324_cep290_24hpf_plate02,20260324_cep290_24hpf_plate02_C07_e01,1
20260324_cep290_24hpf_plate02,20260324_cep290_24hpf_plate02_C08_e01,1
20260324_cep290_24hpf_plate02,20260324_cep290_24hpf_plate02_C09_e01,1
20260324_cep290_24hpf_plate02,20260324_cep290_24hpf_plate02_C09_e02,1
20260324_cep290_24hpf_plate02,20260324_cep290_24hpf_plate02_C11_e01,1
20260324_cep290_24hpf_plate02,20260324_cep290_24hpf_plate02_C12_e01,1
20260324_cep290_24hpf_plate02,20260324_cep290_24hpf_plate02_D01_e01,1
20260324_cep290_24hpf_plate02,20260324_cep290_24hpf_plate02_D01_e02,1
20260324_cep290_24hpf_plate02,20260324_cep290_24hpf_plate02_D02_e01,1
20260324_cep290_24hpf_plate02,20260324_cep290_24hpf_plate02_D03_e01,1
20260324_cep290_24hpf_plate02,20260324_cep290_24hpf_plate02_D04_e01,1
20260324_cep290_24hpf_plate02,20260324_cep290_24hpf_plate02_D05_e01,1
20260324_cep290_24hpf_plate02,20260324_cep290_24hpf_plate02_D06_e01,1
20260324_cep290_24hpf_plate02,20260324_cep290_24hpf_plate02_D07_e01,1
20260324_cep290_24hpf_plate02,20260324_cep290_24hpf_plate02_D08_e01,1
20260324_cep290_24hpf_plate02,20260324_cep290_24hpf_plate02_D09_e01,1
20260324_cep290_24hpf_plate02,20260324_cep290_24hpf_plate02_D10_e01,1
20260324_cep290_24hpf_plate02,20260324_cep290_24hpf_plate02_D11_e01,1
20260324_cep290_24hpf_plate02,20260324_cep290_24hpf_plate02_D12_e01,1
20260324_cep290_24hpf_plate02,20260324_cep290_24hpf_plate02_E01_e01,1
20260324_cep290_24hpf_plate02,20260324_cep290_24hpf_plate02_E02_e01,1
20260324_cep290_24hpf_plate02,20260324_cep290_24hpf_plate02_E03_e01,1
20260324_cep290_24hpf_plate02,20260324_cep290_24hpf_plate02_E04_e01,1
20260324_cep290_24hpf_plate02,20260324_cep290_24hpf_plate02_E06_e01,1
20260324_cep290_24hpf_plate02,20260324_cep290_24hpf_plate02_E07_e01,1
20260324_cep290_24hpf_plate02,20260324_cep290_24hpf_plate02_E08_e01,1
20260324_cep290_24hpf_plate02,20260324_cep290_24hpf_plate02_E09_e01,1
20260324_cep290_24hpf_plate02,20260324_cep290_24hpf_plate02_E10_e01,1
20260324_cep290_24hpf_plate02,20260324_cep290_24hpf_plate02_E11_e01,1
20260324_cep290_24hpf_plate02,20260324_cep290_24hpf_plate02_E12_e01,1
20260324_cep290_24hpf_plate02,20260324_cep290_24hpf_plate02_F01_e01,1
20260324_cep290_24hpf_plate02,20260324_cep290_24hpf_plate02_F02_e01,1
20260324_cep290_24hpf_plate02,20260324_cep290_24hpf_plate02_F02_e02,1
20260324_cep290_24hpf_plate02,20260324_cep290_24hpf_plate02_F03_e01,1
20260324_cep290_24hpf_plate02,20260324_cep290_24hpf_plate02_F04_e01,1
20260324_cep290_24hpf_plate02,20260324_cep290_24hpf_plate02_F05_e01,1
20260324_cep290_24hpf_plate02,20260324_cep290_24hpf_plate02_F06_e01,1
20260324_cep290_24hpf_plate02,20260324_cep290_24hpf_plate02_F07_e01,1
20260324_cep290_24hpf_plate02,20260324_cep290_24hpf_plate02_F08_e01,1
20260324_cep290_24hpf_plate02,20260324_cep290_24hpf_plate02_F09_e01,1
20260324_cep290_24hpf_plate02,20260324_cep290_24hpf_plate02_F10_e01,1
20260324_cep290_24hpf_plate02,20260324_cep290_24hpf_plate02_F11_e01,1
20260324_cep290_24hpf_plate02,20260324_cep290_24hpf_plate02_F12_e01,1
20260324_cep290_24hpf_plate02,20260324_cep290_24hpf_plate02_G01_e01,1
20260324_cep290_24hpf_plate02,20260324_cep290_24hpf_plate02_G01_e02,1
20260324_cep290_24hpf_plate02,20260324_cep290_24hpf_plate02_G02_e01,1
20260324_cep290_24hpf_plate02,20260324_cep290_24hpf_plate02_G03_e01,1
20260324_cep290_24hpf_plate02,20260324_cep290_24hpf_plate02_G04_e01,1
20260324_cep290_24hpf_plate02,20260324_cep290_24hpf_plate02_G05_e01,1
20260324_cep290_24hpf_plate02,20260324_cep290_24hpf_plate02_G06_e01,1
20260324_cep290_24hpf_plate02,20260324_cep290_24hpf_plate02_G07_e01,1
20260324_cep290_24hpf_plate02,20260324_cep290_24hpf_plate02_G08_e01,1
20260324_cep290_24hpf_plate02,20260324_cep290_24hpf_plate02_G09_e01,1
20260324_cep290_24hpf_plate02,20260324_cep290_24hpf_plate02_G10_e01,1
20260324_cep290_24hpf_plate02,20260324_cep290_24hpf_plate02_G11_e01,1
20260324_cep290_24hpf_plate02,20260324_cep290_24hpf_plate02_G12_e01,1
20260324_cep290_24hpf_plate02,20260324_cep290_24hpf_plate02_H01_e01,1
20260324_cep290_24hpf_plate02,20260324_cep290_24hpf_plate02_H01_e02,1
20260324_cep290_24hpf_plate02,20260324_cep290_24hpf_plate02_H02_e01,1
20260324_cep290_24hpf_plate02,20260324_cep290_24hpf_plate02_H03_e01,1
20260324_cep290_24hpf_plate02,20260324_cep290_24hpf_plate02_H04_e01,1
20260324_cep290_24hpf_plate02,20260324_cep290_24hpf_plate02_H05_e01,1
20260324_cep290_24hpf_plate02,20260324_cep290_24hpf_plate02_H06_e01,1
20260324_cep290_24hpf_plate02,20260324_cep290_24hpf_plate02_H07_e01,1
20260324_cep290_24hpf_plate02,20260324_cep290_24hpf_plate02_H08_e01,1
20260324_cep290_24hpf_plate02,20260324_cep290_24hpf_plate02_H09_e01,1
20260324_cep290_24hpf_plate02,20260324_cep290_24hpf_plate02_H10_e01,1
20260324_cep290_24hpf_plate02,20260324_cep290_24hpf_plate02_H11_e01,1
20260324_cep290_24hpf_plate02,20260324_cep290_24hpf_plate02_H12_e01,1
20260324_cep290_30hpf_plate01,20260324_cep290_30hpf_plate01_A01_e01,1
20260324_cep290_30hpf_plate01,20260324_cep290_30hpf_plate01_A02_e01,1
20260324_cep290_30hpf_plate01,20260324_cep290_30hpf_plate01_A03_e01,1
20260324_cep290_30hpf_plate01,20260324_cep290_30hpf_plate01_A04_e01,1
20260324_cep290_30hpf_plate01,20260324_cep290_30hpf_plate01_A05_e01,1
20260324_cep290_30hpf_plate01,20260324_cep290_30hpf_plate01_A06_e01,1
20260324_cep290_30hpf_plate01,20260324_cep290_30hpf_plate01_A07_e01,1
20260324_cep290_30hpf_plate01,20260324_cep290_30hpf_plate01_A08_e01,1
20260324_cep290_30hpf_plate01,20260324_cep290_30hpf_plate01_A10_e01,1
20260324_cep290_30hpf_plate01,20260324_cep290_30hpf_plate01_A11_e01,1
20260324_cep290_30hpf_plate01,20260324_cep290_30hpf_plate01_A12_e01,1
20260324_cep290_30hpf_plate01,20260324_cep290_30hpf_plate01_B01_e01,1
20260324_cep290_30hpf_plate01,20260324_cep290_30hpf_plate01_B02_e01,1
20260324_cep290_30hpf_plate01,20260324_cep290_30hpf_plate01_B03_e01,1
20260324_cep290_30hpf_plate01,20260324_cep290_30hpf_plate01_B04_e01,1
20260324_cep290_30hpf_plate01,20260324_cep290_30hpf_plate01_B05_e01,1
20260324_cep290_30hpf_plate01,20260324_cep290_30hpf_plate01_B06_e01,1
20260324_cep290_30hpf_plate01,20260324_cep290_30hpf_plate01_B07_e01,1
20260324_cep290_30hpf_plate01,20260324_cep290_30hpf_plate01_B07_e02,1
20260324_cep290_30hpf_plate01,20260324_cep290_30hpf_plate01_B08_e01,1
20260324_cep290_30hpf_plate01,20260324_cep290_30hpf_plate01_B09_e01,1
20260324_cep290_30hpf_plate01,20260324_cep290_30hpf_plate01_B10_e01,1
20260324_cep290_30hpf_plate01,20260324_cep290_30hpf_plate01_B11_e01,1
20260324_cep290_30hpf_plate01,20260324_cep290_30hpf_plate01_B12_e01,1
20260324_cep290_30hpf_plate01,20260324_cep290_30hpf_plate01_C01_e01,1
20260324_cep290_30hpf_plate01,20260324_cep290_30hpf_plate01_C02_e01,1
20260324_cep290_30hpf_plate01,20260324_cep290_30hpf_plate01_C03_e01,1
20260324_cep290_30hpf_plate01,20260324_cep290_30hpf_plate01_C04_e01,1
20260324_cep290_30hpf_plate01,20260324_cep290_30hpf_plate01_C05_e01,1
20260324_cep290_30hpf_plate01,20260324_cep290_30hpf_plate01_C06_e01,1
20260324_cep290_30hpf_plate01,20260324_cep290_30hpf_plate01_C07_e01,1
20260324_cep290_30hpf_plate01,20260324_cep290_30hpf_plate01_C08_e01,1
20260324_cep290_30hpf_plate01,20260324_cep290_30hpf_plate01_C09_e01,1
20260324_cep290_30hpf_plate01,20260324_cep290_30hpf_plate01_C10_e01,1
20260324_cep290_30hpf_plate01,20260324_cep290_30hpf_plate01_C11_e01,1
20260324_cep290_30hpf_plate01,20260324_cep290_30hpf_plate01_C12_e01,1
20260324_cep290_30hpf_plate01,20260324_cep290_30hpf_plate01_D01_e01,1
20260324_cep290_30hpf_plate01,20260324_cep290_30hpf_plate01_D02_e01,1
20260324_cep290_30hpf_plate01,20260324_cep290_30hpf_plate01_D03_e01,1
20260324_cep290_30hpf_plate01,20260324_cep290_30hpf_plate01_D04_e01,1
20260324_cep290_30hpf_plate01,20260324_cep290_30hpf_plate01_D05_e01,1
20260324_cep290_30hpf_plate01,20260324_cep290_30hpf_plate01_D06_e01,1
20260324_cep290_30hpf_plate01,20260324_cep290_30hpf_plate01_D07_e01,1
20260324_cep290_30hpf_plate01,20260324_cep290_30hpf_plate01_D08_e01,1
20260324_cep290_30hpf_plate01,20260324_cep290_30hpf_plate01_D09_e01,1
20260324_cep290_30hpf_plate01,20260324_cep290_30hpf_plate01_D09_e02,1
20260324_cep290_30hpf_plate01,20260324_cep290_30hpf_plate01_D10_e01,1
20260324_cep290_30hpf_plate01,20260324_cep290_30hpf_plate01_D11_e01,1
20260324_cep290_30hpf_plate01,20260324_cep290_30hpf_plate01_D12_e01,1
20260324_cep290_30hpf_plate01,20260324_cep290_30hpf_plate01_E01_e01,1
20260324_cep290_30hpf_plate01,20260324_cep290_30hpf_plate01_E02_e01,1
20260324_cep290_30hpf_plate01,20260324_cep290_30hpf_plate01_E03_e01,1
20260324_cep290_30hpf_plate01,20260324_cep290_30hpf_plate01_E04_e01,1
20260324_cep290_30hpf_plate01,20260324_cep290_30hpf_plate01_E05_e01,1
20260324_cep290_30hpf_plate01,20260324_cep290_30hpf_plate01_E06_e01,1
20260324_cep290_30hpf_plate01,20260324_cep290_30hpf_plate01_E07_e01,1
20260324_cep290_30hpf_plate01,20260324_cep290_30hpf_plate01_E08_e01,1
20260324_cep290_30hpf_plate01,20260324_cep290_30hpf_plate01_E09_e01,1
20260324_cep290_30hpf_plate01,20260324_cep290_30hpf_plate01_E10_e01,1
20260324_cep290_30hpf_plate01,20260324_cep290_30hpf_plate01_E10_e02,1
20260324_cep290_30hpf_plate01,20260324_cep290_30hpf_plate01_E11_e01,1
20260324_cep290_30hpf_plate01,20260324_cep290_30hpf_plate01_E12_e01,1
20260324_cep290_30hpf_plate01,20260324_cep290_30hpf_plate01_F01_e01,1
20260324_cep290_30hpf_plate01,20260324_cep290_30hpf_plate01_F02_e01,1
20260324_cep290_30hpf_plate01,20260324_cep290_30hpf_plate01_F03_e01,1
20260324_cep290_30hpf_plate01,20260324_cep290_30hpf_plate01_F04_e01,1
20260324_cep290_30hpf_plate01,20260324_cep290_30hpf_plate01_F05_e01,1
20260324_cep290_30hpf_plate01,20260324_cep290_30hpf_plate01_F06_e01,1
20260324_cep290_30hpf_plate01,20260324_cep290_30hpf_plate01_F07_e01,1
20260324_cep290_30hpf_plate01,20260324_cep290_30hpf_plate01_F08_e01,1
20260324_cep290_30hpf_plate01,20260324_cep290_30hpf_plate01_F09_e01,1
20260324_cep290_30hpf_plate01,20260324_cep290_30hpf_plate01_F10_e01,1
20260324_cep290_30hpf_plate01,20260324_cep290_30hpf_plate01_F11_e01,1
20260324_cep290_30hpf_plate01,20260324_cep290_30hpf_plate01_F12_e01,1
20260324_cep290_30hpf_plate01,20260324_cep290_30hpf_plate01_G01_e01,1
20260324_cep290_30hpf_plate01,20260324_cep290_30hpf_plate01_G02_e01,1
20260324_cep290_30hpf_plate01,20260324_cep290_30hpf_plate01_G03_e01,1
20260324_cep290_30hpf_plate01,20260324_cep290_30hpf_plate01_G04_e01,1
20260324_cep290_30hpf_plate01,20260324_cep290_30hpf_plate01_G05_e01,1
20260324_cep290_30hpf_plate01,20260324_cep290_30hpf_plate01_G06_e01,1
20260324_cep290_30hpf_plate01,20260324_cep290_30hpf_plate01_G07_e01,1
20260324_cep290_30hpf_plate01,20260324_cep290_30hpf_plate01_G08_e01,1
20260324_cep290_30hpf_plate01,20260324_cep290_30hpf_plate01_G09_e01,1
20260324_cep290_30hpf_plate01,20260324_cep290_30hpf_plate01_G10_e01,1
20260324_cep290_30hpf_plate01,20260324_cep290_30hpf_plate01_G11_e01,1
20260324_cep290_30hpf_plate01,20260324_cep290_30hpf_plate01_G12_e01,1
20260324_cep290_30hpf_plate01,20260324_cep290_30hpf_plate01_H01_e01,1
20260324_cep290_30hpf_plate01,20260324_cep290_30hpf_plate01_H02_e01,1
20260324_cep290_30hpf_plate01,20260324_cep290_30hpf_plate01_H03_e01,1
20260324_cep290_30hpf_plate01,20260324_cep290_30hpf_plate01_H04_e01,1
20260324_cep290_30hpf_plate01,20260324_cep290_30hpf_plate01_H05_e01,1
20260324_cep290_30hpf_plate01,20260324_cep290_30hpf_plate01_H06_e01,1
20260324_cep290_30hpf_plate01,20260324_cep290_30hpf_plate01_H07_e01,1
20260324_cep290_30hpf_plate01,20260324_cep290_30hpf_plate01_H08_e01,1
20260324_cep290_30hpf_plate01,20260324_cep290_30hpf_plate01_H09_e01,1
20260324_cep290_30hpf_plate01,20260324_cep290_30hpf_plate01_H10_e01,1
20260324_cep290_30hpf_plate01,20260324_cep290_30hpf_plate01_H11_e01,1
20260324_cep290_30hpf_plate01,20260324_cep290_30hpf_plate01_H12_e01,1
20260324_cep290_30hpf_plate02,20260324_cep290_30hpf_plate02_A01_e01,1
20260324_cep290_30hpf_plate02,20260324_cep290_30hpf_plate02_A02_e01,1
20260324_cep290_30hpf_plate02,20260324_cep290_30hpf_plate02_A02_e02,1
20260324_cep290_30hpf_plate02,20260324_cep290_30hpf_plate02_A03_e01,1
20260324_cep290_30hpf_plate02,20260324_cep290_30hpf_plate02_A04_e01,1
20260324_cep290_30hpf_plate02,20260324_cep290_30hpf_plate02_A05_e01,1
20260324_cep290_30hpf_plate02,20260324_cep290_30hpf_plate02_A06_e01,1
20260324_cep290_30hpf_plate02,20260324_cep290_30hpf_plate02_A07_e01,1
20260324_cep290_30hpf_plate02,20260324_cep290_30hpf_plate02_A08_e01,1
20260324_cep290_30hpf_plate02,20260324_cep290_30hpf_plate02_B01_e01,1
20260324_cep290_30hpf_plate02,20260324_cep290_30hpf_plate02_B01_e02,1
20260324_cep290_30hpf_plate02,20260324_cep290_30hpf_plate02_B01_e03,1
20260324_cep290_30hpf_plate02,20260324_cep290_30hpf_plate02_B02_e01,1
20260324_cep290_30hpf_plate02,20260324_cep290_30hpf_plate02_B03_e01,1
20260324_cep290_30hpf_plate02,20260324_cep290_30hpf_plate02_B04_e01,1
20260324_cep290_30hpf_plate02,20260324_cep290_30hpf_plate02_B05_e01,1
20260324_cep290_30hpf_plate02,20260324_cep290_30hpf_plate02_B05_e02,1
20260324_cep290_30hpf_plate02,20260324_cep290_30hpf_plate02_B06_e01,1
20260324_cep290_30hpf_plate02,20260324_cep290_30hpf_plate02_B07_e01,1
20260324_cep290_30hpf_plate02,20260324_cep290_30hpf_plate02_B08_e01,1
20260324_cep290_30hpf_plate02,20260324_cep290_30hpf_plate02_C01_e01,1
20260324_cep290_30hpf_plate02,20260324_cep290_30hpf_plate02_C02_e01,1
20260324_cep290_30hpf_plate02,20260324_cep290_30hpf_plate02_C03_e01,1
20260324_cep290_30hpf_plate02,20260324_cep290_30hpf_plate02_C04_e01,1
20260324_cep290_30hpf_plate02,20260324_cep290_30hpf_plate02_C05_e01,1
20260324_cep290_30hpf_plate02,20260324_cep290_30hpf_plate02_C05_e02,1
20260324_cep290_30hpf_plate02,20260324_cep290_30hpf_plate02_C06_e01,1
20260324_cep290_30hpf_plate02,20260324_cep290_30hpf_plate02_C07_e01,1
20260324_cep290_30hpf_plate02,20260324_cep290_30hpf_plate02_C08_e01,1
20260324_cep290_30hpf_plate02,20260324_cep290_30hpf_plate02_D01_e01,1
20260324_cep290_30hpf_plate02,20260324_cep290_30hpf_plate02_D02_e01,1
20260324_cep290_30hpf_plate02,20260324_cep290_30hpf_plate02_D03_e01,1
20260324_cep290_30hpf_plate02,20260324_cep290_30hpf_plate02_D04_e01,1
20260324_cep290_30hpf_plate02,20260324_cep290_30hpf_plate02_D05_e01,1
20260324_cep290_30hpf_plate02,20260324_cep290_30hpf_plate02_D06_e01,1
20260324_cep290_30hpf_plate02,20260324_cep290_30hpf_plate02_D07_e01,1
20260324_cep290_30hpf_plate02,20260324_cep290_30hpf_plate02_D08_e01,1
20260324_cep290_30hpf_plate02,20260324_cep290_30hpf_plate02_E01_e01,1
20260324_cep290_30hpf_plate02,20260324_cep290_30hpf_plate02_E02_e01,1
20260324_cep290_30hpf_plate02,20260324_cep290_30hpf_plate02_E03_e01,1
20260324_cep290_30hpf_plate02,20260324_cep290_30hpf_plate02_E03_e02,1
20260324_cep290_30hpf_plate02,20260324_cep290_30hpf_plate02_E04_e01,1
20260324_cep290_30hpf_plate02,20260324_cep290_30hpf_plate02_E05_e01,1
20260324_cep290_30hpf_plate02,20260324_cep290_30hpf_plate02_E06_e01,1
20260324_cep290_30hpf_plate02,20260324_cep290_30hpf_plate02_E07_e01,1
20260324_cep290_30hpf_plate02,20260324_cep290_30hpf_plate02_E08_e01,1
20260324_cep290_30hpf_plate02,20260324_cep290_30hpf_plate02_F01_e01,1
20260324_cep290_30hpf_plate02,20260324_cep290_30hpf_plate02_F01_e02,1
20260324_cep290_30hpf_plate02,20260324_cep290_30hpf_plate02_F02_e01,1
20260324_cep290_30hpf_plate02,20260324_cep290_30hpf_plate02_F03_e01,1
20260324_cep290_30hpf_plate02,20260324_cep290_30hpf_plate02_F04_e01,1
20260324_cep290_30hpf_plate02,20260324_cep290_30hpf_plate02_F05_e01,1
20260324_cep290_30hpf_plate02,20260324_cep290_30hpf_plate02_F06_e01,1
20260324_cep290_30hpf_plate02,20260324_cep290_30hpf_plate02_F07_e01,1
20260324_cep290_30hpf_plate02,20260324_cep290_30hpf_plate02_F08_e01,1
20260324_cep290_30hpf_plate02,20260324_cep290_30hpf_plate02_G01_e01,1
20260324_cep290_30hpf_plate02,20260324_cep290_30hpf_plate02_G02_e01,1
20260324_cep290_30hpf_plate02,20260324_cep290_30hpf_plate02_G03_e01,1
20260324_cep290_30hpf_plate02,20260324_cep290_30hpf_plate02_G04_e01,1
20260324_cep290_30hpf_plate02,20260324_cep290_30hpf_plate02_G04_e02,1
20260324_cep290_30hpf_plate02,20260324_cep290_30hpf_plate02_G05_e01,1
20260324_cep290_30hpf_plate02,20260324_cep290_30hpf_plate02_G06_e01,1
20260324_cep290_30hpf_plate02,20260324_cep290_30hpf_plate02_G07_e01,1
20260324_cep290_30hpf_plate02,20260324_cep290_30hpf_plate02_G08_e01,1
20260324_cep290_30hpf_plate02,20260324_cep290_30hpf_plate02_H01_e01,1
20260324_cep290_30hpf_plate02,20260324_cep290_30hpf_plate02_H02_e01,1
20260324_cep290_30hpf_plate02,20260324_cep290_30hpf_plate02_H03_e01,1
20260324_cep290_30hpf_plate02,20260324_cep290_30hpf_plate02_H04_e01,1
20260324_cep290_30hpf_plate02,20260324_cep290_30hpf_plate02_H05_e01,1
20260324_cep290_30hpf_plate02,20260324_cep290_30hpf_plate02_H06_e01,1
20260324_cep290_30hpf_plate02,20260324_cep290_30hpf_plate02_H07_e01,1
20260324_cep290_30hpf_plate02,20260324_cep290_30hpf_plate02_H08_e01,1
20260331_b9d2_18hpf_plate02,20260331_b9d2_18hpf_plate02_A01_e01,1
20260331_b9d2_18hpf_plate02,20260331_b9d2_18hpf_plate02_A02_e01,1
20260331_b9d2_18hpf_plate02,20260331_b9d2_18hpf_plate02_A03_e01,1
20260331_b9d2_18hpf_plate02,20260331_b9d2_18hpf_plate02_A04_e01,1
20260331_b9d2_18hpf_plate02,20260331_b9d2_18hpf_plate02_A05_e01,1
20260331_b9d2_18hpf_plate02,20260331_b9d2_18hpf_plate02_A06_e01,1
20260331_b9d2_18hpf_plate02,20260331_b9d2_18hpf_plate02_A06_e02,1
20260331_b9d2_18hpf_plate02,20260331_b9d2_18hpf_plate02_A07_e01,1
20260331_b9d2_18hpf_plate02,20260331_b9d2_18hpf_plate02_A08_e01,1
20260331_b9d2_18hpf_plate02,20260331_b9d2_18hpf_plate02_B01_e01,1
20260331_b9d2_18hpf_plate02,20260331_b9d2_18hpf_plate02_B03_e01,1
20260331_b9d2_18hpf_plate02,20260331_b9d2_18hpf_plate02_B04_e01,1
20260331_b9d2_18hpf_plate02,20260331_b9d2_18hpf_plate02_B05_e01,1
20260331_b9d2_18hpf_plate02,20260331_b9d2_18hpf_plate02_B06_e01,1
20260331_b9d2_18hpf_plate02,20260331_b9d2_18hpf_plate02_B06_e02,1
20260331_b9d2_18hpf_plate02,20260331_b9d2_18hpf_plate02_B06_e03,1
20260331_b9d2_18hpf_plate02,20260331_b9d2_18hpf_plate02_B07_e01,1
20260331_b9d2_18hpf_plate02,20260331_b9d2_18hpf_plate02_B08_e01,1
20260331_b9d2_18hpf_plate02,20260331_b9d2_18hpf_plate02_C01_e01,1
20260331_b9d2_18hpf_plate02,20260331_b9d2_18hpf_plate02_C02_e01,1
20260331_b9d2_18hpf_plate02,20260331_b9d2_18hpf_plate02_C03_e01,1
20260331_b9d2_18hpf_plate02,20260331_b9d2_18hpf_plate02_C03_e02,1
20260331_b9d2_18hpf_plate02,20260331_b9d2_18hpf_plate02_C04_e01,1
20260331_b9d2_18hpf_plate02,20260331_b9d2_18hpf_plate02_C05_e01,1
20260331_b9d2_18hpf_plate02,20260331_b9d2_18hpf_plate02_C05_e02,1
20260331_b9d2_18hpf_plate02,20260331_b9d2_18hpf_plate02_C06_e01,1
20260331_b9d2_18hpf_plate02,20260331_b9d2_18hpf_plate02_C07_e01,1
20260331_b9d2_18hpf_plate02,20260331_b9d2_18hpf_plate02_C08_e01,1
20260331_b9d2_18hpf_plate02,20260331_b9d2_18hpf_plate02_D01_e01,1
20260331_b9d2_18hpf_plate02,20260331_b9d2_18hpf_plate02_D02_e01,1
20260331_b9d2_18hpf_plate02,20260331_b9d2_18hpf_plate02_D02_e02,1
20260331_b9d2_18hpf_plate02,20260331_b9d2_18hpf_plate02_D03_e01,1
20260331_b9d2_18hpf_plate02,20260331_b9d2_18hpf_plate02_D04_e01,1
20260331_b9d2_18hpf_plate02,20260331_b9d2_18hpf_plate02_D05_e01,1
20260331_b9d2_18hpf_plate02,20260331_b9d2_18hpf_plate02_D07_e01,1
20260331_b9d2_18hpf_plate02,20260331_b9d2_18hpf_plate02_D08_e01,1
20260331_b9d2_18hpf_plate02,20260331_b9d2_18hpf_plate02_E01_e01,1
20260331_b9d2_18hpf_plate02,20260331_b9d2_18hpf_plate02_E02_e01,1
20260331_b9d2_18hpf_plate02,20260331_b9d2_18hpf_plate02_E03_e01,1
20260331_b9d2_18hpf_plate02,20260331_b9d2_18hpf_plate02_E04_e01,1
20260331_b9d2_18hpf_plate02,20260331_b9d2_18hpf_plate02_E05_e01,1
20260331_b9d2_18hpf_plate02,20260331_b9d2_18hpf_plate02_E06_e01,1
20260331_b9d2_18hpf_plate02,20260331_b9d2_18hpf_plate02_E07_e01,1
20260331_b9d2_18hpf_plate02,20260331_b9d2_18hpf_plate02_E08_e01,1
20260331_b9d2_18hpf_plate02,20260331_b9d2_18hpf_plate02_F02_e01,1
20260331_b9d2_18hpf_plate02,20260331_b9d2_18hpf_plate02_F03_e01,1
20260331_b9d2_18hpf_plate02,20260331_b9d2_18hpf_plate02_F04_e01,1
20260331_b9d2_18hpf_plate02,20260331_b9d2_18hpf_plate02_F04_e02,1
20260331_b9d2_18hpf_plate02,20260331_b9d2_18hpf_plate02_F05_e01,1
20260331_b9d2_18hpf_plate02,20260331_b9d2_18hpf_plate02_F06_e01,1
20260331_b9d2_18hpf_plate02,20260331_b9d2_18hpf_plate02_F06_e02,1
20260331_b9d2_18hpf_plate02,20260331_b9d2_18hpf_plate02_F07_e01,1
20260331_b9d2_18hpf_plate02,20260331_b9d2_18hpf_plate02_F08_e01,1
20260331_b9d2_18hpf_plate02,20260331_b9d2_18hpf_plate02_G01_e01,1
20260331_b9d2_18hpf_plate02,20260331_b9d2_18hpf_plate02_G02_e01,1
20260331_b9d2_18hpf_plate02,20260331_b9d2_18hpf_plate02_G03_e01,1
20260331_b9d2_18hpf_plate02,20260331_b9d2_18hpf_plate02_G04_e01,1
20260331_b9d2_18hpf_plate02,20260331_b9d2_18hpf_plate02_G04_e02,1
20260331_b9d2_18hpf_plate02,20260331_b9d2_18hpf_plate02_G05_e01,1
20260331_b9d2_18hpf_plate02,20260331_b9d2_18hpf_plate02_G06_e01,1
20260331_b9d2_18hpf_plate02,20260331_b9d2_18hpf_plate02_G07_e01,1
20260331_b9d2_18hpf_plate02,20260331_b9d2_18hpf_plate02_G08_e01,1
20260331_b9d2_18hpf_plate02,20260331_b9d2_18hpf_plate02_H01_e01,1
20260331_b9d2_18hpf_plate02,20260331_b9d2_18hpf_plate02_H02_e01,1
20260331_b9d2_18hpf_plate02,20260331_b9d2_18hpf_plate02_H03_e01,1
20260331_b9d2_18hpf_plate02,20260331_b9d2_18hpf_plate02_H04_e01,1
20260331_b9d2_18hpf_plate02,20260331_b9d2_18hpf_plate02_H05_e01,1
20260331_b9d2_18hpf_plate02,20260331_b9d2_18hpf_plate02_H06_e01,1
20260331_b9d2_18hpf_plate02,20260331_b9d2_18hpf_plate02_H07_e01,1
20260331_b9d2_18hpf_plate02,20260331_b9d2_18hpf_plate02_H08_e01,1
20260414_b9d2_14hpf_plate01,20260414_b9d2_14hpf_plate01_A01_e01,1
20260414_b9d2_14hpf_plate01,20260414_b9d2_14hpf_plate01_A02_e01,1
20260414_b9d2_14hpf_plate01,20260414_b9d2_14hpf_plate01_A03_e01,1
20260414_b9d2_14hpf_plate01,20260414_b9d2_14hpf_plate01_A04_e01,1
20260414_b9d2_14hpf_plate01,20260414_b9d2_14hpf_plate01_A05_e01,1
20260414_b9d2_14hpf_plate01,20260414_b9d2_14hpf_plate01_A06_e01,1
20260414_b9d2_14hpf_plate01,20260414_b9d2_14hpf_plate01_A06_e02,1
20260414_b9d2_14hpf_plate01,20260414_b9d2_14hpf_plate01_A07_e01,1
20260414_b9d2_14hpf_plate01,20260414_b9d2_14hpf_plate01_A08_e01,1
20260414_b9d2_14hpf_plate01,20260414_b9d2_14hpf_plate01_A09_e01,1
20260414_b9d2_14hpf_plate01,20260414_b9d2_14hpf_plate01_A10_e01,1
20260414_b9d2_14hpf_plate01,20260414_b9d2_14hpf_plate01_A11_e01,1
20260414_b9d2_14hpf_plate01,20260414_b9d2_14hpf_plate01_A12_e01,1
20260414_b9d2_14hpf_plate01,20260414_b9d2_14hpf_plate01_B01_e01,1
20260414_b9d2_14hpf_plate01,20260414_b9d2_14hpf_plate01_B02_e01,1
20260414_b9d2_14hpf_plate01,20260414_b9d2_14hpf_plate01_B03_e01,1
20260414_b9d2_14hpf_plate01,20260414_b9d2_14hpf_plate01_B04_e01,1
20260414_b9d2_14hpf_plate01,20260414_b9d2_14hpf_plate01_B05_e01,1
20260414_b9d2_14hpf_plate01,20260414_b9d2_14hpf_plate01_B06_e01,1
20260414_b9d2_14hpf_plate01,20260414_b9d2_14hpf_plate01_B07_e01,1
20260414_b9d2_14hpf_plate01,20260414_b9d2_14hpf_plate01_B08_e01,1
20260414_b9d2_14hpf_plate01,20260414_b9d2_14hpf_plate01_B09_e01,1
20260414_b9d2_14hpf_plate01,20260414_b9d2_14hpf_plate01_B10_e01,1
20260414_b9d2_14hpf_plate01,20260414_b9d2_14hpf_plate01_B11_e01,1
20260414_b9d2_14hpf_plate01,20260414_b9d2_14hpf_plate01_B12_e01,1
20260414_b9d2_14hpf_plate01,20260414_b9d2_14hpf_plate01_C01_e01,1
20260414_b9d2_14hpf_plate01,20260414_b9d2_14hpf_plate01_C02_e01,1
20260414_b9d2_14hpf_plate01,20260414_b9d2_14hpf_plate01_C03_e01,1
20260414_b9d2_14hpf_plate01,20260414_b9d2_14hpf_plate01_C03_e02,1
20260414_b9d2_14hpf_plate01,20260414_b9d2_14hpf_plate01_C04_e01,1
20260414_b9d2_14hpf_plate01,20260414_b9d2_14hpf_plate01_C05_e01,1
20260414_b9d2_14hpf_plate01,20260414_b9d2_14hpf_plate01_C06_e01,1
20260414_b9d2_14hpf_plate01,20260414_b9d2_14hpf_plate01_C07_e01,1
20260414_b9d2_14hpf_plate01,20260414_b9d2_14hpf_plate01_C07_e02,1
20260414_b9d2_14hpf_plate01,20260414_b9d2_14hpf_plate01_C08_e01,1
20260414_b9d2_14hpf_plate01,20260414_b9d2_14hpf_plate01_C09_e01,1
20260414_b9d2_14hpf_plate01,20260414_b9d2_14hpf_plate01_C10_e01,1
20260414_b9d2_14hpf_plate01,20260414_b9d2_14hpf_plate01_C11_e01,1
20260414_b9d2_14hpf_plate01,20260414_b9d2_14hpf_plate01_C12_e01,1
20260414_b9d2_14hpf_plate01,20260414_b9d2_14hpf_plate01_D01_e01,1
20260414_b9d2_14hpf_plate01,20260414_b9d2_14hpf_plate01_D02_e01,1
20260414_b9d2_14hpf_plate01,20260414_b9d2_14hpf_plate01_D03_e01,1
20260414_b9d2_14hpf_plate01,20260414_b9d2_14hpf_plate01_D04_e01,1
20260414_b9d2_14hpf_plate01,20260414_b9d2_14hpf_plate01_D05_e01,1
20260414_b9d2_14hpf_plate01,20260414_b9d2_14hpf_plate01_D06_e01,1
20260414_b9d2_14hpf_plate01,20260414_b9d2_14hpf_plate01_D07_e01,1
20260414_b9d2_14hpf_plate01,20260414_b9d2_14hpf_plate01_D08_e01,1
20260414_b9d2_14hpf_plate01,20260414_b9d2_14hpf_plate01_D09_e01,1
20260414_b9d2_14hpf_plate01,20260414_b9d2_14hpf_plate01_D10_e01,1
20260414_b9d2_14hpf_plate01,20260414_b9d2_14hpf_plate01_D11_e01,1
20260414_b9d2_14hpf_plate01,20260414_b9d2_14hpf_plate01_D12_e01,1
20260414_b9d2_14hpf_plate01,20260414_b9d2_14hpf_plate01_E01_e01,1
20260414_b9d2_14hpf_plate01,20260414_b9d2_14hpf_plate01_E02_e01,1
20260414_b9d2_14hpf_plate01,20260414_b9d2_14hpf_plate01_E03_e01,1
20260414_b9d2_14hpf_plate01,20260414_b9d2_14hpf_plate01_E04_e01,1
20260414_b9d2_14hpf_plate01,20260414_b9d2_14hpf_plate01_E05_e01,1
20260414_b9d2_14hpf_plate01,20260414_b9d2_14hpf_plate01_E06_e01,1
20260414_b9d2_14hpf_plate01,20260414_b9d2_14hpf_plate01_E07_e01,1
20260414_b9d2_14hpf_plate01,20260414_b9d2_14hpf_plate01_E08_e01,1
20260414_b9d2_14hpf_plate01,20260414_b9d2_14hpf_plate01_E09_e01,1
20260414_b9d2_14hpf_plate01,20260414_b9d2_14hpf_plate01_E10_e01,1
20260414_b9d2_14hpf_plate01,20260414_b9d2_14hpf_plate01_E11_e01,1
20260414_b9d2_14hpf_plate01,20260414_b9d2_14hpf_plate01_E12_e01,1
20260414_b9d2_14hpf_plate01,20260414_b9d2_14hpf_plate01_F01_e01,1
20260414_b9d2_14hpf_plate01,20260414_b9d2_14hpf_plate01_F02_e01,1
20260414_b9d2_14hpf_plate01,20260414_b9d2_14hpf_plate01_F02_e02,1
20260414_b9d2_14hpf_plate01,20260414_b9d2_14hpf_plate01_F03_e01,1
20260414_b9d2_14hpf_plate01,20260414_b9d2_14hpf_plate01_F04_e01,1
20260414_b9d2_14hpf_plate01,20260414_b9d2_14hpf_plate01_F05_e01,1
20260414_b9d2_14hpf_plate01,20260414_b9d2_14hpf_plate01_F05_e02,1
20260414_b9d2_14hpf_plate01,20260414_b9d2_14hpf_plate01_F06_e01,1
20260414_b9d2_14hpf_plate01,20260414_b9d2_14hpf_plate01_F06_e02,1
20260414_b9d2_14hpf_plate01,20260414_b9d2_14hpf_plate01_F06_e03,1
20260414_b9d2_14hpf_plate01,20260414_b9d2_14hpf_plate01_F07_e01,1
20260414_b9d2_14hpf_plate01,20260414_b9d2_14hpf_plate01_F07_e02,1
20260414_b9d2_14hpf_plate01,20260414_b9d2_14hpf_plate01_F08_e01,1
20260414_b9d2_14hpf_plate01,20260414_b9d2_14hpf_plate01_F08_e02,1
20260414_b9d2_14hpf_plate01,20260414_b9d2_14hpf_plate01_F09_e01,1
20260414_b9d2_14hpf_plate01,20260414_b9d2_14hpf_plate01_F10_e01,1
20260414_b9d2_14hpf_plate01,20260414_b9d2_14hpf_plate01_F11_e01,1
20260414_b9d2_14hpf_plate01,20260414_b9d2_14hpf_plate01_F12_e01,1
20260414_b9d2_14hpf_plate01,20260414_b9d2_14hpf_plate01_G01_e01,1
20260414_b9d2_14hpf_plate01,20260414_b9d2_14hpf_plate01_G02_e01,1
20260414_b9d2_14hpf_plate01,20260414_b9d2_14hpf_plate01_G02_e02,1
20260414_b9d2_14hpf_plate01,20260414_b9d2_14hpf_plate01_G03_e01,1
20260414_b9d2_14hpf_plate01,20260414_b9d2_14hpf_plate01_G04_e01,1
20260414_b9d2_14hpf_plate01,20260414_b9d2_14hpf_plate01_G05_e01,1
20260414_b9d2_14hpf_plate01,20260414_b9d2_14hpf_plate01_G06_e01,1
20260414_b9d2_14hpf_plate01,20260414_b9d2_14hpf_plate01_G07_e01,1
20260414_b9d2_14hpf_plate01,20260414_b9d2_14hpf_plate01_G08_e01,1
20260414_b9d2_14hpf_plate01,20260414_b9d2_14hpf_plate01_G09_e01,1
20260414_b9d2_14hpf_plate01,20260414_b9d2_14hpf_plate01_G10_e01,1
20260414_b9d2_14hpf_plate01,20260414_b9d2_14hpf_plate01_G11_e01,1
20260414_b9d2_14hpf_plate01,20260414_b9d2_14hpf_plate01_G12_e01,1
20260414_b9d2_14hpf_plate01,20260414_b9d2_14hpf_plate01_H01_e01,1
20260414_b9d2_14hpf_plate01,20260414_b9d2_14hpf_plate01_H02_e01,1
20260414_b9d2_14hpf_plate01,20260414_b9d2_14hpf_plate01_H02_e02,1
20260414_b9d2_14hpf_plate01,20260414_b9d2_14hpf_plate01_H03_e01,1
20260414_b9d2_14hpf_plate01,20260414_b9d2_14hpf_plate01_H04_e01,1
20260414_b9d2_14hpf_plate01,20260414_b9d2_14hpf_plate01_H05_e01,1
20260414_b9d2_14hpf_plate01,20260414_b9d2_14hpf_plate01_H06_e01,1
20260414_b9d2_14hpf_plate01,20260414_b9d2_14hpf_plate01_H07_e01,1
20260414_b9d2_14hpf_plate01,20260414_b9d2_14hpf_plate01_H08_e01,1
20260414_b9d2_14hpf_plate01,20260414_b9d2_14hpf_plate01_H09_e01,1
20260414_b9d2_14hpf_plate01,20260414_b9d2_14hpf_plate01_H10_e01,1
20260414_b9d2_14hpf_plate01,20260414_b9d2_14hpf_plate01_H11_e01,1
20260414_b9d2_14hpf_plate01,20260414_b9d2_14hpf_plate01_H12_e01,1
20260414_b9d2_30hpf_plate01,20260414_b9d2_30hpf_plate01_A01_e01,1
20260414_b9d2_30hpf_plate01,20260414_b9d2_30hpf_plate01_A02_e01,1
20260414_b9d2_30hpf_plate01,20260414_b9d2_30hpf_plate01_A03_e01,1
20260414_b9d2_30hpf_plate01,20260414_b9d2_30hpf_plate01_A04_e01,1
20260414_b9d2_30hpf_plate01,20260414_b9d2_30hpf_plate01_A05_e01,1
20260414_b9d2_30hpf_plate01,20260414_b9d2_30hpf_plate01_A06_e01,1
20260414_b9d2_30hpf_plate01,20260414_b9d2_30hpf_plate01_A07_e01,1
20260414_b9d2_30hpf_plate01,20260414_b9d2_30hpf_plate01_A08_e01,1
20260414_b9d2_30hpf_plate01,20260414_b9d2_30hpf_plate01_A09_e01,1
20260414_b9d2_30hpf_plate01,20260414_b9d2_30hpf_plate01_A10_e01,1
20260414_b9d2_30hpf_plate01,20260414_b9d2_30hpf_plate01_A11_e01,1
20260414_b9d2_30hpf_plate01,20260414_b9d2_30hpf_plate01_A12_e01,1
20260414_b9d2_30hpf_plate01,20260414_b9d2_30hpf_plate01_B01_e01,1
20260414_b9d2_30hpf_plate01,20260414_b9d2_30hpf_plate01_B02_e01,1
20260414_b9d2_30hpf_plate01,20260414_b9d2_30hpf_plate01_B03_e01,1
20260414_b9d2_30hpf_plate01,20260414_b9d2_30hpf_plate01_B04_e01,1
20260414_b9d2_30hpf_plate01,20260414_b9d2_30hpf_plate01_B05_e01,1
20260414_b9d2_30hpf_plate01,20260414_b9d2_30hpf_plate01_B06_e01,1
20260414_b9d2_30hpf_plate01,20260414_b9d2_30hpf_plate01_B07_e01,1
20260414_b9d2_30hpf_plate01,20260414_b9d2_30hpf_plate01_B08_e01,1
20260414_b9d2_30hpf_plate01,20260414_b9d2_30hpf_plate01_B09_e01,1
20260414_b9d2_30hpf_plate01,20260414_b9d2_30hpf_plate01_B10_e01,1
20260414_b9d2_30hpf_plate01,20260414_b9d2_30hpf_plate01_B11_e01,1
20260414_b9d2_30hpf_plate01,20260414_b9d2_30hpf_plate01_B12_e01,1
20260414_b9d2_30hpf_plate01,20260414_b9d2_30hpf_plate01_C01_e01,1
20260414_b9d2_30hpf_plate01,20260414_b9d2_30hpf_plate01_C02_e01,1
20260414_b9d2_30hpf_plate01,20260414_b9d2_30hpf_plate01_C03_e01,1
20260414_b9d2_30hpf_plate01,20260414_b9d2_30hpf_plate01_C04_e01,1
20260414_b9d2_30hpf_plate01,20260414_b9d2_30hpf_plate01_C05_e01,1
20260414_b9d2_30hpf_plate01,20260414_b9d2_30hpf_plate01_C05_e02,1
20260414_b9d2_30hpf_plate01,20260414_b9d2_30hpf_plate01_C06_e01,1
20260414_b9d2_30hpf_plate01,20260414_b9d2_30hpf_plate01_C07_e01,1
20260414_b9d2_30hpf_plate01,20260414_b9d2_30hpf_plate01_C08_e01,1
20260414_b9d2_30hpf_plate01,20260414_b9d2_30hpf_plate01_C09_e01,1
20260414_b9d2_30hpf_plate01,20260414_b9d2_30hpf_plate01_C10_e01,1
20260414_b9d2_30hpf_plate01,20260414_b9d2_30hpf_plate01_C10_e02,1
20260414_b9d2_30hpf_plate01,20260414_b9d2_30hpf_plate01_C11_e01,1
20260414_b9d2_30hpf_plate01,20260414_b9d2_30hpf_plate01_C12_e01,1
20260414_b9d2_30hpf_plate01,20260414_b9d2_30hpf_plate01_D01_e01,1
20260414_b9d2_30hpf_plate01,20260414_b9d2_30hpf_plate01_D02_e01,1
20260414_b9d2_30hpf_plate01,20260414_b9d2_30hpf_plate01_D03_e01,1
20260414_b9d2_30hpf_plate01,20260414_b9d2_30hpf_plate01_D04_e01,1
20260414_b9d2_30hpf_plate01,20260414_b9d2_30hpf_plate01_D05_e01,1
20260414_b9d2_30hpf_plate01,20260414_b9d2_30hpf_plate01_D06_e01,1
20260414_b9d2_30hpf_plate01,20260414_b9d2_30hpf_plate01_D07_e01,1
20260414_b9d2_30hpf_plate01,20260414_b9d2_30hpf_plate01_D08_e01,1
20260414_b9d2_30hpf_plate01,20260414_b9d2_30hpf_plate01_D08_e02,1
20260414_b9d2_30hpf_plate01,20260414_b9d2_30hpf_plate01_D09_e01,1
20260414_b9d2_30hpf_plate01,20260414_b9d2_30hpf_plate01_D10_e01,1
20260414_b9d2_30hpf_plate01,20260414_b9d2_30hpf_plate01_D10_e02,1
20260414_b9d2_30hpf_plate01,20260414_b9d2_30hpf_plate01_D11_e01,1
20260414_b9d2_30hpf_plate01,20260414_b9d2_30hpf_plate01_D12_e01,1
20260414_b9d2_30hpf_plate01,20260414_b9d2_30hpf_plate01_E01_e01,1
20260414_b9d2_30hpf_plate01,20260414_b9d2_30hpf_plate01_E02_e01,1
20260414_b9d2_30hpf_plate01,20260414_b9d2_30hpf_plate01_E03_e01,1
20260414_b9d2_30hpf_plate01,20260414_b9d2_30hpf_plate01_E04_e01,1
20260414_b9d2_30hpf_plate01,20260414_b9d2_30hpf_plate01_E05_e01,1
20260414_b9d2_30hpf_plate01,20260414_b9d2_30hpf_plate01_E06_e01,1
20260414_b9d2_30hpf_plate01,20260414_b9d2_30hpf_plate01_E07_e01,1
20260414_b9d2_30hpf_plate01,20260414_b9d2_30hpf_plate01_E08_e01,1
20260414_b9d2_30hpf_plate01,20260414_b9d2_30hpf_plate01_E09_e01,1
20260414_b9d2_30hpf_plate01,20260414_b9d2_30hpf_plate01_E10_e01,1
20260414_b9d2_30hpf_plate01,20260414_b9d2_30hpf_plate01_E11_e01,1
20260414_b9d2_30hpf_plate01,20260414_b9d2_30hpf_plate01_E12_e01,1
20260414_b9d2_30hpf_plate01,20260414_b9d2_30hpf_plate01_F01_e01,1
20260414_b9d2_30hpf_plate01,20260414_b9d2_30hpf_plate01_F02_e01,1
20260414_b9d2_30hpf_plate01,20260414_b9d2_30hpf_plate01_F03_e01,1
20260414_b9d2_30hpf_plate01,20260414_b9d2_30hpf_plate01_F04_e01,1
20260414_b9d2_30hpf_plate01,20260414_b9d2_30hpf_plate01_F05_e01,1
20260414_b9d2_30hpf_plate01,20260414_b9d2_30hpf_plate01_F06_e01,1
20260414_b9d2_30hpf_plate01,20260414_b9d2_30hpf_plate01_F07_e01,1
20260414_b9d2_30hpf_plate01,20260414_b9d2_30hpf_plate01_F08_e01,1
20260414_b9d2_30hpf_plate01,20260414_b9d2_30hpf_plate01_F09_e01,1
20260414_b9d2_30hpf_plate01,20260414_b9d2_30hpf_plate01_F10_e01,1
20260414_b9d2_30hpf_plate01,20260414_b9d2_30hpf_plate01_F11_e01,1
20260414_b9d2_30hpf_plate01,20260414_b9d2_30hpf_plate01_F12_e01,1
20260414_b9d2_30hpf_plate01,20260414_b9d2_30hpf_plate01_G01_e01,1
20260414_b9d2_30hpf_plate01,20260414_b9d2_30hpf_plate01_G02_e01,1
20260414_b9d2_30hpf_plate01,20260414_b9d2_30hpf_plate01_G03_e01,1
20260414_b9d2_30hpf_plate01,20260414_b9d2_30hpf_plate01_G04_e01,1
20260414_b9d2_30hpf_plate01,20260414_b9d2_30hpf_plate01_G05_e01,1
20260414_b9d2_30hpf_plate01,20260414_b9d2_30hpf_plate01_G05_e02,1
20260414_b9d2_30hpf_plate01,20260414_b9d2_30hpf_plate01_G06_e01,1
20260414_b9d2_30hpf_plate01,20260414_b9d2_30hpf_plate01_G07_e01,1
20260414_b9d2_30hpf_plate01,20260414_b9d2_30hpf_plate01_G08_e01,1
20260414_b9d2_30hpf_plate01,20260414_b9d2_30hpf_plate01_G09_e01,1
20260414_b9d2_30hpf_plate01,20260414_b9d2_30hpf_plate01_G09_e02,1
20260414_b9d2_30hpf_plate01,20260414_b9d2_30hpf_plate01_G10_e01,1
20260414_b9d2_30hpf_plate01,20260414_b9d2_30hpf_plate01_G11_e01,1
20260414_b9d2_30hpf_plate01,20260414_b9d2_30hpf_plate01_G12_e01,1
20260414_b9d2_30hpf_plate01,20260414_b9d2_30hpf_plate01_H01_e01,1
20260414_b9d2_30hpf_plate01,20260414_b9d2_30hpf_plate01_H02_e01,1
20260414_b9d2_30hpf_plate01,20260414_b9d2_30hpf_plate01_H02_e02,1
20260414_b9d2_30hpf_plate01,20260414_b9d2_30hpf_plate01_H03_e01,1
20260414_b9d2_30hpf_plate01,20260414_b9d2_30hpf_plate01_H04_e01,1
20260414_b9d2_30hpf_plate01,20260414_b9d2_30hpf_plate01_H05_e01,1
20260414_b9d2_30hpf_plate01,20260414_b9d2_30hpf_plate01_H06_e01,1
20260414_b9d2_30hpf_plate01,20260414_b9d2_30hpf_plate01_H06_e02,1
20260414_b9d2_30hpf_plate01,20260414_b9d2_30hpf_plate01_H06_e03,1
20260414_b9d2_30hpf_plate01,20260414_b9d2_30hpf_plate01_H07_e01,1
20260414_b9d2_30hpf_plate01,20260414_b9d2_30hpf_plate01_H07_e02,1
20260414_b9d2_30hpf_plate01,20260414_b9d2_30hpf_plate01_H08_e01,1
20260414_b9d2_30hpf_plate01,20260414_b9d2_30hpf_plate01_H09_e01,1
20260414_b9d2_30hpf_plate01,20260414_b9d2_30hpf_plate01_H10_e01,1
20260414_b9d2_30hpf_plate01,20260414_b9d2_30hpf_plate01_H11_e01,1
20260414_b9d2_30hpf_plate01,20260414_b9d2_30hpf_plate01_H12_e01,1
20260414_b9d2_30hpf_plate02,20260414_b9d2_30hpf_plate02_A01_e01,1
20260414_b9d2_30hpf_plate02,20260414_b9d2_30hpf_plate02_A02_e01,1
20260414_b9d2_30hpf_plate02,20260414_b9d2_30hpf_plate02_A03_e01,1
20260414_b9d2_30hpf_plate02,20260414_b9d2_30hpf_plate02_A03_e02,1
20260414_b9d2_30hpf_plate02,20260414_b9d2_30hpf_plate02_A04_e01,1
20260414_b9d2_30hpf_plate02,20260414_b9d2_30hpf_plate02_A05_e01,1
20260414_b9d2_30hpf_plate02,20260414_b9d2_30hpf_plate02_A06_e01,1
20260414_b9d2_30hpf_plate02,20260414_b9d2_30hpf_plate02_A07_e01,1
20260414_b9d2_30hpf_plate02,20260414_b9d2_30hpf_plate02_A08_e01,1
20260414_b9d2_30hpf_plate02,20260414_b9d2_30hpf_plate02_B01_e01,1
20260414_b9d2_30hpf_plate02,20260414_b9d2_30hpf_plate02_B02_e01,1
20260414_b9d2_30hpf_plate02,20260414_b9d2_30hpf_plate02_B03_e01,1
20260414_b9d2_30hpf_plate02,20260414_b9d2_30hpf_plate02_B04_e01,1
20260414_b9d2_30hpf_plate02,20260414_b9d2_30hpf_plate02_B05_e01,1
20260414_b9d2_30hpf_plate02,20260414_b9d2_30hpf_plate02_B06_e01,1
20260414_b9d2_30hpf_plate02,20260414_b9d2_30hpf_plate02_B07_e01,1
20260414_b9d2_30hpf_plate02,20260414_b9d2_30hpf_plate02_B08_e01,1
20260414_b9d2_30hpf_plate02,20260414_b9d2_30hpf_plate02_B08_e03,1
20260414_b9d2_30hpf_plate02,20260414_b9d2_30hpf_plate02_C01_e01,1
20260414_b9d2_30hpf_plate02,20260414_b9d2_30hpf_plate02_C02_e01,1
20260414_b9d2_30hpf_plate02,20260414_b9d2_30hpf_plate02_C03_e01,1
20260414_b9d2_30hpf_plate02,20260414_b9d2_30hpf_plate02_C03_e02,1
20260414_b9d2_30hpf_plate02,20260414_b9d2_30hpf_plate02_C03_e03,1
20260414_b9d2_30hpf_plate02,20260414_b9d2_30hpf_plate02_C04_e01,1
20260414_b9d2_30hpf_plate02,20260414_b9d2_30hpf_plate02_C05_e01,1
20260414_b9d2_30hpf_plate02,20260414_b9d2_30hpf_plate02_C06_e01,1
20260414_b9d2_30hpf_plate02,20260414_b9d2_30hpf_plate02_C07_e01,1
20260414_b9d2_30hpf_plate02,20260414_b9d2_30hpf_plate02_D01_e01,1
20260414_b9d2_30hpf_plate02,20260414_b9d2_30hpf_plate02_D02_e01,1
20260414_b9d2_30hpf_plate02,20260414_b9d2_30hpf_plate02_D03_e01,1
20260414_b9d2_30hpf_plate02,20260414_b9d2_30hpf_plate02_D04_e01,1
20260414_b9d2_30hpf_plate02,20260414_b9d2_30hpf_plate02_D04_e02,1
20260414_b9d2_30hpf_plate02,20260414_b9d2_30hpf_plate02_D05_e01,1
20260414_b9d2_30hpf_plate02,20260414_b9d2_30hpf_plate02_D06_e01,1
20260414_b9d2_30hpf_plate02,20260414_b9d2_30hpf_plate02_D07_e01,1
20260414_b9d2_30hpf_plate02,20260414_b9d2_30hpf_plate02_D08_e01,1
20260414_b9d2_30hpf_plate02,20260414_b9d2_30hpf_plate02_D08_e03,1
20260414_b9d2_30hpf_plate02,20260414_b9d2_30hpf_plate02_E01_e01,1
20260414_b9d2_30hpf_plate02,20260414_b9d2_30hpf_plate02_E02_e01,1
20260414_b9d2_30hpf_plate02,20260414_b9d2_30hpf_plate02_E03_e01,1
20260414_b9d2_30hpf_plate02,20260414_b9d2_30hpf_plate02_E04_e01,1
20260414_b9d2_30hpf_plate02,20260414_b9d2_30hpf_plate02_E05_e01,1
20260414_b9d2_30hpf_plate02,20260414_b9d2_30hpf_plate02_E06_e01,1
20260414_b9d2_30hpf_plate02,20260414_b9d2_30hpf_plate02_E07_e01,1
20260414_b9d2_30hpf_plate02,20260414_b9d2_30hpf_plate02_E08_e01,1
20260414_b9d2_30hpf_plate02,20260414_b9d2_30hpf_plate02_E08_e02,1
20260414_b9d2_30hpf_plate02,20260414_b9d2_30hpf_plate02_E08_e03,1
20260414_b9d2_30hpf_plate02,20260414_b9d2_30hpf_plate02_F01_e01,1
20260414_b9d2_30hpf_plate02,20260414_b9d2_30hpf_plate02_F02_e01,1
20260414_b9d2_30hpf_plate02,20260414_b9d2_30hpf_plate02_F03_e01,1
20260414_b9d2_30hpf_plate02,20260414_b9d2_30hpf_plate02_F04_e01,1
20260414_b9d2_30hpf_plate02,20260414_b9d2_30hpf_plate02_F05_e01,1
20260414_b9d2_30hpf_plate02,20260414_b9d2_30hpf_plate02_F06_e01,1
20260414_b9d2_30hpf_plate02,20260414_b9d2_30hpf_plate02_F07_e01,1
20260414_b9d2_30hpf_plate02,20260414_b9d2_30hpf_plate02_G01_e01,1
20260414_b9d2_30hpf_plate02,20260414_b9d2_30hpf_plate02_G02_e01,1
20260414_b9d2_30hpf_plate02,20260414_b9d2_30hpf_plate02_G03_e01,1
20260414_b9d2_30hpf_plate02,20260414_b9d2_30hpf_plate02_G04_e01,1
20260414_b9d2_30hpf_plate02,20260414_b9d2_30hpf_plate02_G05_e01,1
20260414_b9d2_30hpf_plate02,20260414_b9d2_30hpf_plate02_G06_e01,1
20260414_b9d2_30hpf_plate02,20260414_b9d2_30hpf_plate02_G07_e01,1
20260414_b9d2_30hpf_plate02,20260414_b9d2_30hpf_plate02_G08_e01,1
20260414_b9d2_30hpf_plate02,20260414_b9d2_30hpf_plate02_H01_e01,1
20260414_b9d2_30hpf_plate02,20260414_b9d2_30hpf_plate02_H02_e01,1
20260414_b9d2_30hpf_plate02,20260414_b9d2_30hpf_plate02_H02_e02,1
20260414_b9d2_30hpf_plate02,20260414_b9d2_30hpf_plate02_H03_e01,1
20260414_b9d2_30hpf_plate02,20260414_b9d2_30hpf_plate02_H04_e01,1
20260414_b9d2_30hpf_plate02,20260414_b9d2_30hpf_plate02_H04_e02,1
20260414_b9d2_30hpf_plate02,20260414_b9d2_30hpf_plate02_H05_e01,1
20260414_b9d2_30hpf_plate02,20260414_b9d2_30hpf_plate02_H06_e01,1
20260414_b9d2_30hpf_plate02,20260414_b9d2_30hpf_plate02_H06_e02,1
20260414_b9d2_30hpf_plate02,20260414_b9d2_30hpf_plate02_H07_e01,1
20260415_b9d2_30to48hpf_plate01_t02,20260415_b9d2_30to48hpf_plate01_t02_A01_e01,1
20260415_b9d2_30to48hpf_plate01_t02,20260415_b9d2_30to48hpf_plate01_t02_A02_e01,1
20260415_b9d2_30to48hpf_plate01_t02,20260415_b9d2_30to48hpf_plate01_t02_A03_e01,1
20260415_b9d2_30to48hpf_plate01_t02,20260415_b9d2_30to48hpf_plate01_t02_A04_e01,1
20260415_b9d2_30to48hpf_plate01_t02,20260415_b9d2_30to48hpf_plate01_t02_A05_e01,1
20260415_b9d2_30to48hpf_plate01_t02,20260415_b9d2_30to48hpf_plate01_t02_A05_e02,1
20260415_b9d2_30to48hpf_plate01_t02,20260415_b9d2_30to48hpf_plate01_t02_A06_e01,1
20260415_b9d2_30to48hpf_plate01_t02,20260415_b9d2_30to48hpf_plate01_t02_A06_e02,1
20260415_b9d2_30to48hpf_plate01_t02,20260415_b9d2_30to48hpf_plate01_t02_A07_e01,1
20260415_b9d2_30to48hpf_plate01_t02,20260415_b9d2_30to48hpf_plate01_t02_A08_e01,1
20260415_b9d2_30to48hpf_plate01_t02,20260415_b9d2_30to48hpf_plate01_t02_A09_e01,1
20260415_b9d2_30to48hpf_plate01_t02,20260415_b9d2_30to48hpf_plate01_t02_A10_e01,1
20260415_b9d2_30to48hpf_plate01_t02,20260415_b9d2_30to48hpf_plate01_t02_A11_e01,1
20260415_b9d2_30to48hpf_plate01_t02,20260415_b9d2_30to48hpf_plate01_t02_A11_e02,1
20260415_b9d2_30to48hpf_plate01_t02,20260415_b9d2_30to48hpf_plate01_t02_A12_e01,1
20260415_b9d2_30to48hpf_plate01_t02,20260415_b9d2_30to48hpf_plate01_t02_A12_e02,1
20260415_b9d2_30to48hpf_plate01_t02,20260415_b9d2_30to48hpf_plate01_t02_B01_e01,1
20260415_b9d2_30to48hpf_plate01_t02,20260415_b9d2_30to48hpf_plate01_t02_B02_e01,1
20260415_b9d2_30to48hpf_plate01_t02,20260415_b9d2_30to48hpf_plate01_t02_B03_e01,1
20260415_b9d2_30to48hpf_plate01_t02,20260415_b9d2_30to48hpf_plate01_t02_B04_e01,1
20260415_b9d2_30to48hpf_plate01_t02,20260415_b9d2_30to48hpf_plate01_t02_B05_e01,1
20260415_b9d2_30to48hpf_plate01_t02,20260415_b9d2_30to48hpf_plate01_t02_B06_e01,1
20260415_b9d2_30to48hpf_plate01_t02,20260415_b9d2_30to48hpf_plate01_t02_B06_e02,1
20260415_b9d2_30to48hpf_plate01_t02,20260415_b9d2_30to48hpf_plate01_t02_B07_e01,1
20260415_b9d2_30to48hpf_plate01_t02,20260415_b9d2_30to48hpf_plate01_t02_B08_e01,1
20260415_b9d2_30to48hpf_plate01_t02,20260415_b9d2_30to48hpf_plate01_t02_B08_e02,1
20260415_b9d2_30to48hpf_plate01_t02,20260415_b9d2_30to48hpf_plate01_t02_B09_e01,1
20260415_b9d2_30to48hpf_plate01_t02,20260415_b9d2_30to48hpf_plate01_t02_B10_e01,1
20260415_b9d2_30to48hpf_plate01_t02,20260415_b9d2_30to48hpf_plate01_t02_B11_e01,1
20260415_b9d2_30to48hpf_plate01_t02,20260415_b9d2_30to48hpf_plate01_t02_B12_e01,1
20260415_b9d2_30to48hpf_plate01_t02,20260415_b9d2_30to48hpf_plate01_t02_C01_e01,1
20260415_b9d2_30to48hpf_plate01_t02,20260415_b9d2_30to48hpf_plate01_t02_C02_e01,1
20260415_b9d2_30to48hpf_plate01_t02,20260415_b9d2_30to48hpf_plate01_t02_C03_e01,1
20260415_b9d2_30to48hpf_plate01_t02,20260415_b9d2_30to48hpf_plate01_t02_C04_e01,1
20260415_b9d2_30to48hpf_plate01_t02,20260415_b9d2_30to48hpf_plate01_t02_C05_e01,1
20260415_b9d2_30to48hpf_plate01_t02,20260415_b9d2_30to48hpf_plate01_t02_C06_e01,1
20260415_b9d2_30to48hpf_plate01_t02,20260415_b9d2_30to48hpf_plate01_t02_C07_e01,1
20260415_b9d2_30to48hpf_plate01_t02,20260415_b9d2_30to48hpf_plate01_t02_C08_e01,1
20260415_b9d2_30to48hpf_plate01_t02,20260415_b9d2_30to48hpf_plate01_t02_C09_e01,1
20260415_b9d2_30to48hpf_plate01_t02,20260415_b9d2_30to48hpf_plate01_t02_C10_e01,1
20260415_b9d2_30to48hpf_plate01_t02,20260415_b9d2_30to48hpf_plate01_t02_C11_e01,1
20260415_b9d2_30to48hpf_plate01_t02,20260415_b9d2_30to48hpf_plate01_t02_C12_e01,1
20260415_b9d2_30to48hpf_plate01_t02,20260415_b9d2_30to48hpf_plate01_t02_D01_e01,1
20260415_b9d2_30to48hpf_plate01_t02,20260415_b9d2_30to48hpf_plate01_t02_D02_e01,1
20260415_b9d2_30to48hpf_plate01_t02,20260415_b9d2_30to48hpf_plate01_t02_D03_e01,1
20260415_b9d2_30to48hpf_plate01_t02,20260415_b9d2_30to48hpf_plate01_t02_D04_e01,1
20260415_b9d2_30to48hpf_plate01_t02,20260415_b9d2_30to48hpf_plate01_t02_D05_e01,1
20260415_b9d2_30to48hpf_plate01_t02,20260415_b9d2_30to48hpf_plate01_t02_D06_e01,1
20260415_b9d2_30to48hpf_plate01_t02,20260415_b9d2_30to48hpf_plate01_t02_D07_e01,1
20260415_b9d2_30to48hpf_plate01_t02,20260415_b9d2_30to48hpf_plate01_t02_D08_e01,1
20260415_b9d2_30to48hpf_plate01_t02,20260415_b9d2_30to48hpf_plate01_t02_D09_e01,1
20260415_b9d2_30to48hpf_plate01_t02,20260415_b9d2_30to48hpf_plate01_t02_D10_e01,1
20260415_b9d2_30to48hpf_plate01_t02,20260415_b9d2_30to48hpf_plate01_t02_D11_e01,1
20260415_b9d2_30to48hpf_plate01_t02,20260415_b9d2_30to48hpf_plate01_t02_D11_e02,1
20260415_b9d2_30to48hpf_plate01_t02,20260415_b9d2_30to48hpf_plate01_t02_D12_e01,1
20260415_b9d2_30to48hpf_plate01_t02,20260415_b9d2_30to48hpf_plate01_t02_E01_e01,1
20260415_b9d2_30to48hpf_plate01_t02,20260415_b9d2_30to48hpf_plate01_t02_E02_e01,1
20260415_b9d2_30to48hpf_plate01_t02,20260415_b9d2_30to48hpf_plate01_t02_E02_e02,1
20260415_b9d2_30to48hpf_plate01_t02,20260415_b9d2_30to48hpf_plate01_t02_E03_e01,1
20260415_b9d2_30to48hpf_plate01_t02,20260415_b9d2_30to48hpf_plate01_t02_E04_e01,1
20260415_b9d2_30to48hpf_plate01_t02,20260415_b9d2_30to48hpf_plate01_t02_E05_e01,1
20260415_b9d2_30to48hpf_plate01_t02,20260415_b9d2_30to48hpf_plate01_t02_E05_e02,1
20260415_b9d2_30to48hpf_plate01_t02,20260415_b9d2_30to48hpf_plate01_t02_E05_e03,1
20260415_b9d2_30to48hpf_plate01_t02,20260415_b9d2_30to48hpf_plate01_t02_E06_e01,1
20260415_b9d2_30to48hpf_plate01_t02,20260415_b9d2_30to48hpf_plate01_t02_E07_e01,1
20260415_b9d2_30to48hpf_plate01_t02,20260415_b9d2_30to48hpf_plate01_t02_E08_e01,1
20260415_b9d2_30to48hpf_plate01_t02,20260415_b9d2_30to48hpf_plate01_t02_E09_e01,1
20260415_b9d2_30to48hpf_plate01_t02,20260415_b9d2_30to48hpf_plate01_t02_E10_e01,1
20260415_b9d2_30to48hpf_plate01_t02,20260415_b9d2_30to48hpf_plate01_t02_E11_e01,1
20260415_b9d2_30to48hpf_plate01_t02,20260415_b9d2_30to48hpf_plate01_t02_E12_e01,1
20260415_b9d2_30to48hpf_plate01_t02,20260415_b9d2_30to48hpf_plate01_t02_F01_e01,1
20260415_b9d2_30to48hpf_plate01_t02,20260415_b9d2_30to48hpf_plate01_t02_F02_e01,1
20260415_b9d2_30to48hpf_plate01_t02,20260415_b9d2_30to48hpf_plate01_t02_F03_e01,1
20260415_b9d2_30to48hpf_plate01_t02,20260415_b9d2_30to48hpf_plate01_t02_F04_e01,1
20260415_b9d2_30to48hpf_plate01_t02,20260415_b9d2_30to48hpf_plate01_t02_F05_e01,1
20260415_b9d2_30to48hpf_plate01_t02,20260415_b9d2_30to48hpf_plate01_t02_F06_e01,1
20260415_b9d2_30to48hpf_plate01_t02,20260415_b9d2_30to48hpf_plate01_t02_F07_e01,1
20260415_b9d2_30to48hpf_plate01_t02,20260415_b9d2_30to48hpf_plate01_t02_F08_e01,1
20260415_b9d2_30to48hpf_plate01_t02,20260415_b9d2_30to48hpf_plate01_t02_F09_e01,1
20260415_b9d2_30to48hpf_plate01_t02,20260415_b9d2_30to48hpf_plate01_t02_F10_e01,1
20260415_b9d2_30to48hpf_plate01_t02,20260415_b9d2_30to48hpf_plate01_t02_F11_e01,1
20260415_b9d2_30to48hpf_plate01_t02,20260415_b9d2_30to48hpf_plate01_t02_F12_e01,1
20260415_b9d2_30to48hpf_plate01_t02,20260415_b9d2_30to48hpf_plate01_t02_F12_e02,1
20260415_b9d2_30to48hpf_plate01_t02,20260415_b9d2_30to48hpf_plate01_t02_G01_e01,1
20260415_b9d2_30to48hpf_plate01_t02,20260415_b9d2_30to48hpf_plate01_t02_G02_e01,1
20260415_b9d2_30to48hpf_plate01_t02,20260415_b9d2_30to48hpf_plate01_t02_G03_e01,1
20260415_b9d2_30to48hpf_plate01_t02,20260415_b9d2_30to48hpf_plate01_t02_G04_e01,1
20260415_b9d2_30to48hpf_plate01_t02,20260415_b9d2_30to48hpf_plate01_t02_G05_e01,1
20260415_b9d2_30to48hpf_plate01_t02,20260415_b9d2_30to48hpf_plate01_t02_G06_e01,1
20260415_b9d2_30to48hpf_plate01_t02,20260415_b9d2_30to48hpf_plate01_t02_G07_e01,1
20260415_b9d2_30to48hpf_plate01_t02,20260415_b9d2_30to48hpf_plate01_t02_G08_e01,1
20260415_b9d2_30to48hpf_plate01_t02,20260415_b9d2_30to48hpf_plate01_t02_G09_e01,1
20260415_b9d2_30to48hpf_plate01_t02,20260415_b9d2_30to48hpf_plate01_t02_G09_e02,1
20260415_b9d2_30to48hpf_plate01_t02,20260415_b9d2_30to48hpf_plate01_t02_G10_e01,1
20260415_b9d2_30to48hpf_plate01_t02,20260415_b9d2_30to48hpf_plate01_t02_G11_e01,1
20260415_b9d2_30to48hpf_plate01_t02,20260415_b9d2_30to48hpf_plate01_t02_G12_e01,1
20260415_b9d2_30to48hpf_plate01_t02,20260415_b9d2_30to48hpf_plate01_t02_H01_e01,1
20260415_b9d2_30to48hpf_plate01_t02,20260415_b9d2_30to48hpf_plate01_t02_H02_e01,1
20260415_b9d2_30to48hpf_plate01_t02,20260415_b9d2_30to48hpf_plate01_t02_H03_e01,1
20260415_b9d2_30to48hpf_plate01_t02,20260415_b9d2_30to48hpf_plate01_t02_H03_e02,1
20260415_b9d2_30to48hpf_plate01_t02,20260415_b9d2_30to48hpf_plate01_t02_H04_e01,1
20260415_b9d2_30to48hpf_plate01_t02,20260415_b9d2_30to48hpf_plate01_t02_H05_e01,1
20260415_b9d2_30to48hpf_plate01_t02,20260415_b9d2_30to48hpf_plate01_t02_H06_e01,1
20260415_b9d2_30to48hpf_plate01_t02,20260415_b9d2_30to48hpf_plate01_t02_H07_e01,1
20260415_b9d2_30to48hpf_plate01_t02,20260415_b9d2_30to48hpf_plate01_t02_H08_e01,1
20260415_b9d2_30to48hpf_plate01_t02,20260415_b9d2_30to48hpf_plate01_t02_H09_e01,1
20260415_b9d2_30to48hpf_plate01_t02,20260415_b9d2_30to48hpf_plate01_t02_H10_e01,1
20260415_b9d2_30to48hpf_plate01_t02,20260415_b9d2_30to48hpf_plate01_t02_H11_e01,1
20260415_b9d2_30to48hpf_plate01_t02,20260415_b9d2_30to48hpf_plate01_t02_H12_e01,1
20260415_b9d2_30to48hpf_plate02_t02,20260415_b9d2_30to48hpf_plate02_t02_A01_e01,1
20260415_b9d2_30to48hpf_plate02_t02,20260415_b9d2_30to48hpf_plate02_t02_A02_e01,1
20260415_b9d2_30to48hpf_plate02_t02,20260415_b9d2_30to48hpf_plate02_t02_A03_e01,1
20260415_b9d2_30to48hpf_plate02_t02,20260415_b9d2_30to48hpf_plate02_t02_A04_e01,1
20260415_b9d2_30to48hpf_plate02_t02,20260415_b9d2_30to48hpf_plate02_t02_A05_e01,1
20260415_b9d2_30to48hpf_plate02_t02,20260415_b9d2_30to48hpf_plate02_t02_A06_e01,1
20260415_b9d2_30to48hpf_plate02_t02,20260415_b9d2_30to48hpf_plate02_t02_A06_e02,1
20260415_b9d2_30to48hpf_plate02_t02,20260415_b9d2_30to48hpf_plate02_t02_A06_e03,1
20260415_b9d2_30to48hpf_plate02_t02,20260415_b9d2_30to48hpf_plate02_t02_B01_e01,1
20260415_b9d2_30to48hpf_plate02_t02,20260415_b9d2_30to48hpf_plate02_t02_B02_e01,1
20260415_b9d2_30to48hpf_plate02_t02,20260415_b9d2_30to48hpf_plate02_t02_B03_e01,1
20260415_b9d2_30to48hpf_plate02_t02,20260415_b9d2_30to48hpf_plate02_t02_B04_e01,1
20260415_b9d2_30to48hpf_plate02_t02,20260415_b9d2_30to48hpf_plate02_t02_B05_e01,1
20260415_b9d2_30to48hpf_plate02_t02,20260415_b9d2_30to48hpf_plate02_t02_B06_e01,1
20260415_b9d2_30to48hpf_plate02_t02,20260415_b9d2_30to48hpf_plate02_t02_C01_e01,1
20260415_b9d2_30to48hpf_plate02_t02,20260415_b9d2_30to48hpf_plate02_t02_C02_e01,1
20260415_b9d2_30to48hpf_plate02_t02,20260415_b9d2_30to48hpf_plate02_t02_C03_e01,1
20260415_b9d2_30to48hpf_plate02_t02,20260415_b9d2_30to48hpf_plate02_t02_C04_e01,1
20260415_b9d2_30to48hpf_plate02_t02,20260415_b9d2_30to48hpf_plate02_t02_C05_e01,1
20260415_b9d2_30to48hpf_plate02_t02,20260415_b9d2_30to48hpf_plate02_t02_C06_e01,1
20260415_b9d2_30to48hpf_plate02_t02,20260415_b9d2_30to48hpf_plate02_t02_C07_e01,1
20260415_b9d2_30to48hpf_plate02_t02,20260415_b9d2_30to48hpf_plate02_t02_C08_e01,1
20260415_b9d2_30to48hpf_plate02_t02,20260415_b9d2_30to48hpf_plate02_t02_D01_e01,1
20260415_b9d2_30to48hpf_plate02_t02,20260415_b9d2_30to48hpf_plate02_t02_D01_e02,1
20260415_b9d2_30to48hpf_plate02_t02,20260415_b9d2_30to48hpf_plate02_t02_D02_e01,1
20260415_b9d2_30to48hpf_plate02_t02,20260415_b9d2_30to48hpf_plate02_t02_D02_e02,1
20260415_b9d2_30to48hpf_plate02_t02,20260415_b9d2_30to48hpf_plate02_t02_D03_e01,1
20260415_b9d2_30to48hpf_plate02_t02,20260415_b9d2_30to48hpf_plate02_t02_D04_e01,1
20260415_b9d2_30to48hpf_plate02_t02,20260415_b9d2_30to48hpf_plate02_t02_D05_e01,1
20260415_b9d2_30to48hpf_plate02_t02,20260415_b9d2_30to48hpf_plate02_t02_D06_e01,1
20260415_b9d2_30to48hpf_plate02_t02,20260415_b9d2_30to48hpf_plate02_t02_D08_e02,1
20260415_b9d2_30to48hpf_plate02_t02,20260415_b9d2_30to48hpf_plate02_t02_E01_e01,1
20260415_b9d2_30to48hpf_plate02_t02,20260415_b9d2_30to48hpf_plate02_t02_E02_e01,1
20260415_b9d2_30to48hpf_plate02_t02,20260415_b9d2_30to48hpf_plate02_t02_E03_e01,1
20260415_b9d2_30to48hpf_plate02_t02,20260415_b9d2_30to48hpf_plate02_t02_E04_e01,1
20260415_b9d2_30to48hpf_plate02_t02,20260415_b9d2_30to48hpf_plate02_t02_E05_e01,1
20260415_b9d2_30to48hpf_plate02_t02,20260415_b9d2_30to48hpf_plate02_t02_E06_e01,1
20260415_b9d2_30to48hpf_plate02_t02,20260415_b9d2_30to48hpf_plate02_t02_E08_e02,1
20260415_b9d2_30to48hpf_plate02_t02,20260415_b9d2_30to48hpf_plate02_t02_E08_e03,1
20260415_b9d2_30to48hpf_plate02_t02,20260415_b9d2_30to48hpf_plate02_t02_E08_e04,1
20260415_b9d2_30to48hpf_plate02_t02,20260415_b9d2_30to48hpf_plate02_t02_F01_e01,1
20260415_b9d2_30to48hpf_plate02_t02,20260415_b9d2_30to48hpf_plate02_t02_F02_e01,1
20260415_b9d2_30to48hpf_plate02_t02,20260415_b9d2_30to48hpf_plate02_t02_F03_e01,1
20260415_b9d2_30to48hpf_plate02_t02,20260415_b9d2_30to48hpf_plate02_t02_F04_e01,1
20260415_b9d2_30to48hpf_plate02_t02,20260415_b9d2_30to48hpf_plate02_t02_F05_e01,1
20260415_b9d2_30to48hpf_plate02_t02,20260415_b9d2_30to48hpf_plate02_t02_F08_e02,1
20260415_b9d2_30to48hpf_plate02_t02,20260415_b9d2_30to48hpf_plate02_t02_G01_e01,1
20260415_b9d2_30to48hpf_plate02_t02,20260415_b9d2_30to48hpf_plate02_t02_G02_e01,1
20260415_b9d2_30to48hpf_plate02_t02,20260415_b9d2_30to48hpf_plate02_t02_G03_e01,1
20260415_b9d2_30to48hpf_plate02_t02,20260415_b9d2_30to48hpf_plate02_t02_G04_e01,1
20260415_b9d2_30to48hpf_plate02_t02,20260415_b9d2_30to48hpf_plate02_t02_G06_e01,1
20260415_b9d2_30to48hpf_plate02_t02,20260415_b9d2_30to48hpf_plate02_t02_H01_e01,1
20260415_b9d2_30to48hpf_plate02_t02,20260415_b9d2_30to48hpf_plate02_t02_H02_e01,1
20260415_b9d2_30to48hpf_plate02_t02,20260415_b9d2_30to48hpf_plate02_t02_H03_e01,1
20260415_b9d2_30to48hpf_plate02_t02,20260415_b9d2_30to48hpf_plate02_t02_H04_e01,1
20260415_b9d2_30to48hpf_plate02_t02,20260415_b9d2_30to48hpf_plate02_t02_H05_e01,1
20260415_b9d2_30to48hpf_plate02_t02,20260415_b9d2_30to48hpf_plate02_t02_H05_e02,1
20260415_b9d2_30to48hpf_plate02_t02,20260415_b9d2_30to48hpf_plate02_t02_H06_e01,1
20260415_cep290_18hpf_plate03,20260415_cep290_18hpf_plate03_A01_e01,1
20260415_cep290_18hpf_plate03,20260415_cep290_18hpf_plate03_A02_e01,1
20260415_cep290_18hpf_plate03,20260415_cep290_18hpf_plate03_A03_e01,1
20260415_cep290_18hpf_plate03,20260415_cep290_18hpf_plate03_A03_e02,1
20260415_cep290_18hpf_plate03,20260415_cep290_18hpf_plate03_A04_e02,1
20260415_cep290_18hpf_plate03,20260415_cep290_18hpf_plate03_A05_e01,1
20260415_cep290_18hpf_plate03,20260415_cep290_18hpf_plate03_A06_e01,1
20260415_cep290_18hpf_plate03,20260415_cep290_18hpf_plate03_A07_e01,1
20260415_cep290_18hpf_plate03,20260415_cep290_18hpf_plate03_A08_e01,1
20260415_cep290_18hpf_plate03,20260415_cep290_18hpf_plate03_B01_e01,1
20260415_cep290_18hpf_plate03,20260415_cep290_18hpf_plate03_B02_e01,1
20260415_cep290_18hpf_plate03,20260415_cep290_18hpf_plate03_B03_e01,1
20260415_cep290_18hpf_plate03,20260415_cep290_18hpf_plate03_B04_e01,1
20260415_cep290_18hpf_plate03,20260415_cep290_18hpf_plate03_B05_e01,1
20260415_cep290_18hpf_plate03,20260415_cep290_18hpf_plate03_B05_e02,1
20260415_cep290_18hpf_plate03,20260415_cep290_18hpf_plate03_B06_e01,1
20260415_cep290_18hpf_plate03,20260415_cep290_18hpf_plate03_B07_e01,1
20260415_cep290_18hpf_plate03,20260415_cep290_18hpf_plate03_B08_e01,1
20260415_cep290_18hpf_plate03,20260415_cep290_18hpf_plate03_C01_e01,1
20260415_cep290_18hpf_plate03,20260415_cep290_18hpf_plate03_C02_e01,1
20260415_cep290_18hpf_plate03,20260415_cep290_18hpf_plate03_C03_e01,1
20260415_cep290_18hpf_plate03,20260415_cep290_18hpf_plate03_C04_e01,1
20260415_cep290_18hpf_plate03,20260415_cep290_18hpf_plate03_C05_e01,1
20260415_cep290_18hpf_plate03,20260415_cep290_18hpf_plate03_C05_e02,1
20260415_cep290_18hpf_plate03,20260415_cep290_18hpf_plate03_C05_e03,1
20260415_cep290_18hpf_plate03,20260415_cep290_18hpf_plate03_C06_e01,1
20260415_cep290_18hpf_plate03,20260415_cep290_18hpf_plate03_C07_e01,1
20260415_cep290_18hpf_plate03,20260415_cep290_18hpf_plate03_C07_e02,1
20260415_cep290_18hpf_plate03,20260415_cep290_18hpf_plate03_C08_e01,1
20260415_cep290_18hpf_plate03,20260415_cep290_18hpf_plate03_D01_e01,1
20260415_cep290_18hpf_plate03,20260415_cep290_18hpf_plate03_D02_e01,1
20260415_cep290_18hpf_plate03,20260415_cep290_18hpf_plate03_D03_e01,1
20260415_cep290_18hpf_plate03,20260415_cep290_18hpf_plate03_D04_e01,1
20260415_cep290_18hpf_plate03,20260415_cep290_18hpf_plate03_D05_e01,1
20260415_cep290_18hpf_plate03,20260415_cep290_18hpf_plate03_D05_e02,1
20260415_cep290_18hpf_plate03,20260415_cep290_18hpf_plate03_D05_e03,1
20260415_cep290_18hpf_plate03,20260415_cep290_18hpf_plate03_D06_e01,1
20260415_cep290_18hpf_plate03,20260415_cep290_18hpf_plate03_D07_e01,1
20260415_cep290_18hpf_plate03,20260415_cep290_18hpf_plate03_D08_e01,1
20260415_cep290_18hpf_plate03,20260415_cep290_18hpf_plate03_E01_e01,1
20260415_cep290_18hpf_plate03,20260415_cep290_18hpf_plate03_E02_e01,1
20260415_cep290_18hpf_plate03,20260415_cep290_18hpf_plate03_E03_e01,1
20260415_cep290_18hpf_plate03,20260415_cep290_18hpf_plate03_E04_e01,1
20260415_cep290_18hpf_plate03,20260415_cep290_18hpf_plate03_E05_e01,1
20260415_cep290_18hpf_plate03,20260415_cep290_18hpf_plate03_E07_e01,1
20260415_cep290_18hpf_plate03,20260415_cep290_18hpf_plate03_E08_e01,1
20260415_cep290_18hpf_plate03,20260415_cep290_18hpf_plate03_F01_e01,1
20260415_cep290_18hpf_plate03,20260415_cep290_18hpf_plate03_F02_e01,1
20260415_cep290_18hpf_plate03,20260415_cep290_18hpf_plate03_F02_e02,1
20260415_cep290_18hpf_plate03,20260415_cep290_18hpf_plate03_F02_e03,1
20260415_cep290_18hpf_plate03,20260415_cep290_18hpf_plate03_F02_e04,1
20260415_cep290_18hpf_plate03,20260415_cep290_18hpf_plate03_F02_e05,1
20260415_cep290_18hpf_plate03,20260415_cep290_18hpf_plate03_F02_e06,1
20260415_cep290_18hpf_plate03,20260415_cep290_18hpf_plate03_F03_e01,1
20260415_cep290_18hpf_plate03,20260415_cep290_18hpf_plate03_F04_e01,1
20260415_cep290_18hpf_plate03,20260415_cep290_18hpf_plate03_F05_e01,1
20260415_cep290_18hpf_plate03,20260415_cep290_18hpf_plate03_F06_e01,1
20260415_cep290_18hpf_plate03,20260415_cep290_18hpf_plate03_F08_e01,1
20260415_cep290_18hpf_plate03,20260415_cep290_18hpf_plate03_F08_e02,1
20260415_cep290_18hpf_plate03,20260415_cep290_18hpf_plate03_G01_e01,1
20260415_cep290_18hpf_plate03,20260415_cep290_18hpf_plate03_G02_e01,1
20260415_cep290_18hpf_plate03,20260415_cep290_18hpf_plate03_G02_e02,1
20260415_cep290_18hpf_plate03,20260415_cep290_18hpf_plate03_G02_e03,1
20260415_cep290_18hpf_plate03,20260415_cep290_18hpf_plate03_G02_e04,1
20260415_cep290_18hpf_plate03,20260415_cep290_18hpf_plate03_G02_e05,1
20260415_cep290_18hpf_plate03,20260415_cep290_18hpf_plate03_G03_e01,1
20260415_cep290_18hpf_plate03,20260415_cep290_18hpf_plate03_G04_e01,1
20260415_cep290_18hpf_plate03,20260415_cep290_18hpf_plate03_G05_e01,1
20260415_cep290_18hpf_plate03,20260415_cep290_18hpf_plate03_G05_e02,1
20260415_cep290_18hpf_plate03,20260415_cep290_18hpf_plate03_G06_e01,1
20260415_cep290_18hpf_plate03,20260415_cep290_18hpf_plate03_G06_e02,1
20260415_cep290_18hpf_plate03,20260415_cep290_18hpf_plate03_G07_e01,1
20260415_cep290_18hpf_plate03,20260415_cep290_18hpf_plate03_G08_e01,1
20260415_cep290_18hpf_plate03,20260415_cep290_18hpf_plate03_H01_e01,1
20260415_cep290_18hpf_plate03,20260415_cep290_18hpf_plate03_H02_e01,1
20260415_cep290_18hpf_plate03,20260415_cep290_18hpf_plate03_H03_e01,1
20260415_cep290_18hpf_plate03,20260415_cep290_18hpf_plate03_H04_e01,1
20260415_cep290_18hpf_plate03,20260415_cep290_18hpf_plate03_H05_e01,1
20260415_cep290_18hpf_plate03,20260415_cep290_18hpf_plate03_H06_e01,1
20260415_cep290_18hpf_plate03,20260415_cep290_18hpf_plate03_H07_e01,1
20260415_cep290_18hpf_plate03,20260415_cep290_18hpf_plate03_H08_e01,1
20260415_cep290_30to48hpf_plate02_t01,20260415_cep290_30to48hpf_plate02_t01_A01_e01,1
20260415_cep290_30to48hpf_plate02_t01,20260415_cep290_30to48hpf_plate02_t01_A01_e02,1
20260415_cep290_30to48hpf_plate02_t01,20260415_cep290_30to48hpf_plate02_t01_A02_e01,1
20260415_cep290_30to48hpf_plate02_t01,20260415_cep290_30to48hpf_plate02_t01_A02_e02,1
20260415_cep290_30to48hpf_plate02_t01,20260415_cep290_30to48hpf_plate02_t01_A03_e01,1
20260415_cep290_30to48hpf_plate02_t01,20260415_cep290_30to48hpf_plate02_t01_A04_e01,1
20260415_cep290_30to48hpf_plate02_t01,20260415_cep290_30to48hpf_plate02_t01_A05_e01,1
20260415_cep290_30to48hpf_plate02_t01,20260415_cep290_30to48hpf_plate02_t01_A06_e01,1
20260415_cep290_30to48hpf_plate02_t01,20260415_cep290_30to48hpf_plate02_t01_A07_e01,1
20260415_cep290_30to48hpf_plate02_t01,20260415_cep290_30to48hpf_plate02_t01_A09_e02,1
20260415_cep290_30to48hpf_plate02_t01,20260415_cep290_30to48hpf_plate02_t01_A11_e02,1
20260415_cep290_30to48hpf_plate02_t01,20260415_cep290_30to48hpf_plate02_t01_B01_e01,1
20260415_cep290_30to48hpf_plate02_t01,20260415_cep290_30to48hpf_plate02_t01_B02_e01,1
20260415_cep290_30to48hpf_plate02_t01,20260415_cep290_30to48hpf_plate02_t01_B03_e01,1
20260415_cep290_30to48hpf_plate02_t01,20260415_cep290_30to48hpf_plate02_t01_B04_e01,1
20260415_cep290_30to48hpf_plate02_t01,20260415_cep290_30to48hpf_plate02_t01_B05_e01,1
20260415_cep290_30to48hpf_plate02_t01,20260415_cep290_30to48hpf_plate02_t01_B06_e01,1
20260415_cep290_30to48hpf_plate02_t01,20260415_cep290_30to48hpf_plate02_t01_B07_e01,1
20260415_cep290_30to48hpf_plate02_t01,20260415_cep290_30to48hpf_plate02_t01_B11_e01,1
20260415_cep290_30to48hpf_plate02_t01,20260415_cep290_30to48hpf_plate02_t01_B12_e01,1
20260415_cep290_30to48hpf_plate02_t01,20260415_cep290_30to48hpf_plate02_t01_C01_e01,1
20260415_cep290_30to48hpf_plate02_t01,20260415_cep290_30to48hpf_plate02_t01_C02_e01,1
20260415_cep290_30to48hpf_plate02_t01,20260415_cep290_30to48hpf_plate02_t01_C03_e01,1
20260415_cep290_30to48hpf_plate02_t01,20260415_cep290_30to48hpf_plate02_t01_C04_e01,1
20260415_cep290_30to48hpf_plate02_t01,20260415_cep290_30to48hpf_plate02_t01_C05_e01,1
20260415_cep290_30to48hpf_plate02_t01,20260415_cep290_30to48hpf_plate02_t01_C06_e01,1
20260415_cep290_30to48hpf_plate02_t01,20260415_cep290_30to48hpf_plate02_t01_C06_e02,1
20260415_cep290_30to48hpf_plate02_t01,20260415_cep290_30to48hpf_plate02_t01_C07_e01,1
20260415_cep290_30to48hpf_plate02_t01,20260415_cep290_30to48hpf_plate02_t01_C10_e02,1
20260415_cep290_30to48hpf_plate02_t01,20260415_cep290_30to48hpf_plate02_t01_C11_e01,1
20260415_cep290_30to48hpf_plate02_t01,20260415_cep290_30to48hpf_plate02_t01_D01_e01,1
20260415_cep290_30to48hpf_plate02_t01,20260415_cep290_30to48hpf_plate02_t01_D02_e01,1
20260415_cep290_30to48hpf_plate02_t01,20260415_cep290_30to48hpf_plate02_t01_D03_e01,1
20260415_cep290_30to48hpf_plate02_t01,20260415_cep290_30to48hpf_plate02_t01_D04_e01,1
20260415_cep290_30to48hpf_plate02_t01,20260415_cep290_30to48hpf_plate02_t01_D05_e01,1
20260415_cep290_30to48hpf_plate02_t01,20260415_cep290_30to48hpf_plate02_t01_D06_e01,1
20260415_cep290_30to48hpf_plate02_t01,20260415_cep290_30to48hpf_plate02_t01_D06_e02,1
20260415_cep290_30to48hpf_plate02_t01,20260415_cep290_30to48hpf_plate02_t01_D07_e01,1
20260415_cep290_30to48hpf_plate02_t01,20260415_cep290_30to48hpf_plate02_t01_D07_e02,1
20260415_cep290_30to48hpf_plate02_t01,20260415_cep290_30to48hpf_plate02_t01_D10_e01,1
20260415_cep290_30to48hpf_plate02_t01,20260415_cep290_30to48hpf_plate02_t01_D10_e02,1
20260415_cep290_30to48hpf_plate02_t01,20260415_cep290_30to48hpf_plate02_t01_E01_e01,1
20260415_cep290_30to48hpf_plate02_t01,20260415_cep290_30to48hpf_plate02_t01_E02_e01,1
20260415_cep290_30to48hpf_plate02_t01,20260415_cep290_30to48hpf_plate02_t01_E03_e01,1
20260415_cep290_30to48hpf_plate02_t01,20260415_cep290_30to48hpf_plate02_t01_E04_e01,1
20260415_cep290_30to48hpf_plate02_t01,20260415_cep290_30to48hpf_plate02_t01_E05_e01,1
20260415_cep290_30to48hpf_plate02_t01,20260415_cep290_30to48hpf_plate02_t01_E06_e01,1
20260415_cep290_30to48hpf_plate02_t01,20260415_cep290_30to48hpf_plate02_t01_E07_e01,1
20260415_cep290_30to48hpf_plate02_t01,20260415_cep290_30to48hpf_plate02_t01_E11_e01,1
20260415_cep290_30to48hpf_plate02_t01,20260415_cep290_30to48hpf_plate02_t01_E12_e02,1
20260415_cep290_30to48hpf_plate02_t01,20260415_cep290_30to48hpf_plate02_t01_F01_e01,1
20260415_cep290_30to48hpf_plate02_t01,20260415_cep290_30to48hpf_plate02_t01_F01_e02,1
20260415_cep290_30to48hpf_plate02_t01,20260415_cep290_30to48hpf_plate02_t01_F02_e01,1
20260415_cep290_30to48hpf_plate02_t01,20260415_cep290_30to48hpf_plate02_t01_F03_e01,1
20260415_cep290_30to48hpf_plate02_t01,20260415_cep290_30to48hpf_plate02_t01_F03_e02,1
20260415_cep290_30to48hpf_plate02_t01,20260415_cep290_30to48hpf_plate02_t01_F04_e01,1
20260415_cep290_30to48hpf_plate02_t01,20260415_cep290_30to48hpf_plate02_t01_F04_e02,1
20260415_cep290_30to48hpf_plate02_t01,20260415_cep290_30to48hpf_plate02_t01_F05_e01,1
20260415_cep290_30to48hpf_plate02_t01,20260415_cep290_30to48hpf_plate02_t01_F06_e01,1
20260415_cep290_30to48hpf_plate02_t01,20260415_cep290_30to48hpf_plate02_t01_F07_e01,1
20260415_cep290_30to48hpf_plate02_t01,20260415_cep290_30to48hpf_plate02_t01_F08_e01,1
20260415_cep290_30to48hpf_plate02_t01,20260415_cep290_30to48hpf_plate02_t01_F08_e03,1
20260415_cep290_30to48hpf_plate02_t01,20260415_cep290_30to48hpf_plate02_t01_F11_e01,1
20260415_cep290_30to48hpf_plate02_t01,20260415_cep290_30to48hpf_plate02_t01_F11_e02,1
20260415_cep290_30to48hpf_plate02_t01,20260415_cep290_30to48hpf_plate02_t01_F12_e02,1
20260415_cep290_30to48hpf_plate02_t01,20260415_cep290_30to48hpf_plate02_t01_G01_e01,1
20260415_cep290_30to48hpf_plate02_t01,20260415_cep290_30to48hpf_plate02_t01_G02_e01,1
20260415_cep290_30to48hpf_plate02_t01,20260415_cep290_30to48hpf_plate02_t01_G02_e02,1
20260415_cep290_30to48hpf_plate02_t01,20260415_cep290_30to48hpf_plate02_t01_G03_e01,1
20260415_cep290_30to48hpf_plate02_t01,20260415_cep290_30to48hpf_plate02_t01_G03_e02,1
20260415_cep290_30to48hpf_plate02_t01,20260415_cep290_30to48hpf_plate02_t01_G04_e01,1
20260415_cep290_30to48hpf_plate02_t01,20260415_cep290_30to48hpf_plate02_t01_G04_e02,1
20260415_cep290_30to48hpf_plate02_t01,20260415_cep290_30to48hpf_plate02_t01_G04_e03,1
20260415_cep290_30to48hpf_plate02_t01,20260415_cep290_30to48hpf_plate02_t01_G05_e01,1
20260415_cep290_30to48hpf_plate02_t01,20260415_cep290_30to48hpf_plate02_t01_G06_e01,1
20260415_cep290_30to48hpf_plate02_t01,20260415_cep290_30to48hpf_plate02_t01_G07_e01,1
20260415_cep290_30to48hpf_plate02_t01,20260415_cep290_30to48hpf_plate02_t01_G07_e02,1
20260415_cep290_30to48hpf_plate02_t01,20260415_cep290_30to48hpf_plate02_t01_G08_e01,1
20260415_cep290_30to48hpf_plate02_t01,20260415_cep290_30to48hpf_plate02_t01_G09_e01,1
20260415_cep290_30to48hpf_plate02_t01,20260415_cep290_30to48hpf_plate02_t01_G09_e02,1
20260415_cep290_30to48hpf_plate02_t01,20260415_cep290_30to48hpf_plate02_t01_G10_e02,1
20260415_cep290_30to48hpf_plate02_t01,20260415_cep290_30to48hpf_plate02_t01_G11_e01,1
20260415_cep290_30to48hpf_plate02_t01,20260415_cep290_30to48hpf_plate02_t01_G12_e02,1
20260415_cep290_30to48hpf_plate02_t01,20260415_cep290_30to48hpf_plate02_t01_H01_e02,1
20260415_cep290_30to48hpf_plate02_t01,20260415_cep290_30to48hpf_plate02_t01_H01_e03,1
20260415_cep290_30to48hpf_plate02_t01,20260415_cep290_30to48hpf_plate02_t01_H02_e01,1
20260415_cep290_30to48hpf_plate02_t01,20260415_cep290_30to48hpf_plate02_t01_H03_e01,1
20260415_cep290_30to48hpf_plate02_t01,20260415_cep290_30to48hpf_plate02_t01_H04_e01,1
20260415_cep290_30to48hpf_plate02_t01,20260415_cep290_30to48hpf_plate02_t01_H05_e01,1
20260415_cep290_30to48hpf_plate02_t01,20260415_cep290_30to48hpf_plate02_t01_H06_e01,1
20260415_cep290_30to48hpf_plate02_t01,20260415_cep290_30to48hpf_plate02_t01_H09_e01,1
20260415_cep290_30to48hpf_plate02_t01,20260415_cep290_30to48hpf_plate02_t01_H10_e02,1
20260415_cep290_30to48hpf_plate02_t01,20260415_cep290_30to48hpf_plate02_t01_H11_e01,1
20260416_cep290_30to48hpf_plate01_t02,20260416_cep290_30to48hpf_plate01_t02_A01_e01,1
20260416_cep290_30to48hpf_plate01_t02,20260416_cep290_30to48hpf_plate01_t02_A02_e01,1
20260416_cep290_30to48hpf_plate01_t02,20260416_cep290_30to48hpf_plate01_t02_A03_e01,1
20260416_cep290_30to48hpf_plate01_t02,20260416_cep290_30to48hpf_plate01_t02_A04_e01,1
20260416_cep290_30to48hpf_plate01_t02,20260416_cep290_30to48hpf_plate01_t02_A05_e01,1
20260416_cep290_30to48hpf_plate01_t02,20260416_cep290_30to48hpf_plate01_t02_A06_e01,1
20260416_cep290_30to48hpf_plate01_t02,20260416_cep290_30to48hpf_plate01_t02_A07_e01,1
20260416_cep290_30to48hpf_plate01_t02,20260416_cep290_30to48hpf_plate01_t02_A08_e01,1
20260416_cep290_30to48hpf_plate01_t02,20260416_cep290_30to48hpf_plate01_t02_A09_e01,1
20260416_cep290_30to48hpf_plate01_t02,20260416_cep290_30to48hpf_plate01_t02_A10_e01,1
20260416_cep290_30to48hpf_plate01_t02,20260416_cep290_30to48hpf_plate01_t02_A11_e01,1
20260416_cep290_30to48hpf_plate01_t02,20260416_cep290_30to48hpf_plate01_t02_A12_e01,1
20260416_cep290_30to48hpf_plate01_t02,20260416_cep290_30to48hpf_plate01_t02_B01_e01,1
20260416_cep290_30to48hpf_plate01_t02,20260416_cep290_30to48hpf_plate01_t02_B01_e02,1
20260416_cep290_30to48hpf_plate01_t02,20260416_cep290_30to48hpf_plate01_t02_B02_e01,1
20260416_cep290_30to48hpf_plate01_t02,20260416_cep290_30to48hpf_plate01_t02_B03_e01,1
20260416_cep290_30to48hpf_plate01_t02,20260416_cep290_30to48hpf_plate01_t02_B04_e01,1
20260416_cep290_30to48hpf_plate01_t02,20260416_cep290_30to48hpf_plate01_t02_B05_e01,1
20260416_cep290_30to48hpf_plate01_t02,20260416_cep290_30to48hpf_plate01_t02_B06_e01,1
20260416_cep290_30to48hpf_plate01_t02,20260416_cep290_30to48hpf_plate01_t02_B06_e02,1
20260416_cep290_30to48hpf_plate01_t02,20260416_cep290_30to48hpf_plate01_t02_B07_e01,1
20260416_cep290_30to48hpf_plate01_t02,20260416_cep290_30to48hpf_plate01_t02_B08_e01,1
20260416_cep290_30to48hpf_plate01_t02,20260416_cep290_30to48hpf_plate01_t02_B09_e01,1
20260416_cep290_30to48hpf_plate01_t02,20260416_cep290_30to48hpf_plate01_t02_B10_e01,1
20260416_cep290_30to48hpf_plate01_t02,20260416_cep290_30to48hpf_plate01_t02_B11_e01,1
20260416_cep290_30to48hpf_plate01_t02,20260416_cep290_30to48hpf_plate01_t02_B12_e01,1
20260416_cep290_30to48hpf_plate01_t02,20260416_cep290_30to48hpf_plate01_t02_C02_e01,1
20260416_cep290_30to48hpf_plate01_t02,20260416_cep290_30to48hpf_plate01_t02_C03_e01,1
20260416_cep290_30to48hpf_plate01_t02,20260416_cep290_30to48hpf_plate01_t02_C03_e02,1
20260416_cep290_30to48hpf_plate01_t02,20260416_cep290_30to48hpf_plate01_t02_C04_e01,1
20260416_cep290_30to48hpf_plate01_t02,20260416_cep290_30to48hpf_plate01_t02_C05_e01,1
20260416_cep290_30to48hpf_plate01_t02,20260416_cep290_30to48hpf_plate01_t02_C06_e01,1
20260416_cep290_30to48hpf_plate01_t02,20260416_cep290_30to48hpf_plate01_t02_C06_e02,1
20260416_cep290_30to48hpf_plate01_t02,20260416_cep290_30to48hpf_plate01_t02_C07_e01,1
20260416_cep290_30to48hpf_plate01_t02,20260416_cep290_30to48hpf_plate01_t02_C07_e02,1
20260416_cep290_30to48hpf_plate01_t02,20260416_cep290_30to48hpf_plate01_t02_C08_e01,1
20260416_cep290_30to48hpf_plate01_t02,20260416_cep290_30to48hpf_plate01_t02_C09_e01,1
20260416_cep290_30to48hpf_plate01_t02,20260416_cep290_30to48hpf_plate01_t02_C10_e01,1
20260416_cep290_30to48hpf_plate01_t02,20260416_cep290_30to48hpf_plate01_t02_C11_e01,1
20260416_cep290_30to48hpf_plate01_t02,20260416_cep290_30to48hpf_plate01_t02_C12_e01,1
20260416_cep290_30to48hpf_plate01_t02,20260416_cep290_30to48hpf_plate01_t02_C12_e02,1
20260416_cep290_30to48hpf_plate01_t02,20260416_cep290_30to48hpf_plate01_t02_D01_e01,1
20260416_cep290_30to48hpf_plate01_t02,20260416_cep290_30to48hpf_plate01_t02_D01_e02,1
20260416_cep290_30to48hpf_plate01_t02,20260416_cep290_30to48hpf_plate01_t02_D02_e01,1
20260416_cep290_30to48hpf_plate01_t02,20260416_cep290_30to48hpf_plate01_t02_D03_e01,1
20260416_cep290_30to48hpf_plate01_t02,20260416_cep290_30to48hpf_plate01_t02_D04_e01,1
20260416_cep290_30to48hpf_plate01_t02,20260416_cep290_30to48hpf_plate01_t02_D05_e01,1
20260416_cep290_30to48hpf_plate01_t02,20260416_cep290_30to48hpf_plate01_t02_D06_e01,1
20260416_cep290_30to48hpf_plate01_t02,20260416_cep290_30to48hpf_plate01_t02_D06_e02,1
20260416_cep290_30to48hpf_plate01_t02,20260416_cep290_30to48hpf_plate01_t02_D07_e01,1
20260416_cep290_30to48hpf_plate01_t02,20260416_cep290_30to48hpf_plate01_t02_D08_e01,1
20260416_cep290_30to48hpf_plate01_t02,20260416_cep290_30to48hpf_plate01_t02_D09_e01,1
20260416_cep290_30to48hpf_plate01_t02,20260416_cep290_30to48hpf_plate01_t02_D10_e01,1
20260416_cep290_30to48hpf_plate01_t02,20260416_cep290_30to48hpf_plate01_t02_D11_e01,1
20260416_cep290_30to48hpf_plate01_t02,20260416_cep290_30to48hpf_plate01_t02_D12_e01,1
20260416_cep290_30to48hpf_plate01_t02,20260416_cep290_30to48hpf_plate01_t02_E01_e01,1
20260416_cep290_30to48hpf_plate01_t02,20260416_cep290_30to48hpf_plate01_t02_E02_e01,1
20260416_cep290_30to48hpf_plate01_t02,20260416_cep290_30to48hpf_plate01_t02_E02_e02,1
20260416_cep290_30to48hpf_plate01_t02,20260416_cep290_30to48hpf_plate01_t02_E03_e01,1
20260416_cep290_30to48hpf_plate01_t02,20260416_cep290_30to48hpf_plate01_t02_E04_e01,1
20260416_cep290_30to48hpf_plate01_t02,20260416_cep290_30to48hpf_plate01_t02_E05_e01,1
20260416_cep290_30to48hpf_plate01_t02,20260416_cep290_30to48hpf_plate01_t02_E06_e01,1
20260416_cep290_30to48hpf_plate01_t02,20260416_cep290_30to48hpf_plate01_t02_E07_e01,1
20260416_cep290_30to48hpf_plate01_t02,20260416_cep290_30to48hpf_plate01_t02_E07_e02,1
20260416_cep290_30to48hpf_plate01_t02,20260416_cep290_30to48hpf_plate01_t02_E07_e03,1
20260416_cep290_30to48hpf_plate01_t02,20260416_cep290_30to48hpf_plate01_t02_E08_e01,1
20260416_cep290_30to48hpf_plate01_t02,20260416_cep290_30to48hpf_plate01_t02_E09_e01,1
20260416_cep290_30to48hpf_plate01_t02,20260416_cep290_30to48hpf_plate01_t02_E10_e01,1
20260416_cep290_30to48hpf_plate01_t02,20260416_cep290_30to48hpf_plate01_t02_E11_e01,1
20260416_cep290_30to48hpf_plate01_t02,20260416_cep290_30to48hpf_plate01_t02_E12_e01,1
20260416_cep290_30to48hpf_plate01_t02,20260416_cep290_30to48hpf_plate01_t02_F01_e01,1
20260416_cep290_30to48hpf_plate01_t02,20260416_cep290_30to48hpf_plate01_t02_F02_e01,1
20260416_cep290_30to48hpf_plate01_t02,20260416_cep290_30to48hpf_plate01_t02_F03_e01,1
20260416_cep290_30to48hpf_plate01_t02,20260416_cep290_30to48hpf_plate01_t02_F04_e01,1
20260416_cep290_30to48hpf_plate01_t02,20260416_cep290_30to48hpf_plate01_t02_F05_e01,1
20260416_cep290_30to48hpf_plate01_t02,20260416_cep290_30to48hpf_plate01_t02_F06_e01,1
20260416_cep290_30to48hpf_plate01_t02,20260416_cep290_30to48hpf_plate01_t02_F07_e01,1
20260416_cep290_30to48hpf_plate01_t02,20260416_cep290_30to48hpf_plate01_t02_F08_e01,1
20260416_cep290_30to48hpf_plate01_t02,20260416_cep290_30to48hpf_plate01_t02_F09_e01,1
20260416_cep290_30to48hpf_plate01_t02,20260416_cep290_30to48hpf_plate01_t02_F10_e01,1
20260416_cep290_30to48hpf_plate01_t02,20260416_cep290_30to48hpf_plate01_t02_F11_e01,1
20260416_cep290_30to48hpf_plate01_t02,20260416_cep290_30to48hpf_plate01_t02_F12_e01,1
20260416_cep290_30to48hpf_plate01_t02,20260416_cep290_30to48hpf_plate01_t02_G01_e01,1
20260416_cep290_30to48hpf_plate01_t02,20260416_cep290_30to48hpf_plate01_t02_G02_e01,1
20260416_cep290_30to48hpf_plate01_t02,20260416_cep290_30to48hpf_plate01_t02_G03_e01,1
20260416_cep290_30to48hpf_plate01_t02,20260416_cep290_30to48hpf_plate01_t02_G04_e01,1
20260416_cep290_30to48hpf_plate01_t02,20260416_cep290_30to48hpf_plate01_t02_G05_e01,1
20260416_cep290_30to48hpf_plate01_t02,20260416_cep290_30to48hpf_plate01_t02_G06_e01,1
20260416_cep290_30to48hpf_plate01_t02,20260416_cep290_30to48hpf_plate01_t02_G07_e01,1
20260416_cep290_30to48hpf_plate01_t02,20260416_cep290_30to48hpf_plate01_t02_G08_e01,1
20260416_cep290_30to48hpf_plate01_t02,20260416_cep290_30to48hpf_plate01_t02_G08_e02,1
20260416_cep290_30to48hpf_plate01_t02,20260416_cep290_30to48hpf_plate01_t02_G09_e01,1
20260416_cep290_30to48hpf_plate01_t02,20260416_cep290_30to48hpf_plate01_t02_G10_e01,1
20260416_cep290_30to48hpf_plate01_t02,20260416_cep290_30to48hpf_plate01_t02_G11_e01,1
20260416_cep290_30to48hpf_plate01_t02,20260416_cep290_30to48hpf_plate01_t02_G12_e01,1
20260416_cep290_30to48hpf_plate01_t02,20260416_cep290_30to48hpf_plate01_t02_H01_e01,1
20260416_cep290_30to48hpf_plate01_t02,20260416_cep290_30to48hpf_plate01_t02_H02_e01,1
20260416_cep290_30to48hpf_plate01_t02,20260416_cep290_30to48hpf_plate01_t02_H03_e01,1
20260416_cep290_30to48hpf_plate01_t02,20260416_cep290_30to48hpf_plate01_t02_H04_e01,1
20260416_cep290_30to48hpf_plate01_t02,20260416_cep290_30to48hpf_plate01_t02_H05_e01,1
20260416_cep290_30to48hpf_plate01_t02,20260416_cep290_30to48hpf_plate01_t02_H06_e01,1
20260416_cep290_30to48hpf_plate01_t02,20260416_cep290_30to48hpf_plate01_t02_H06_e02,1
20260416_cep290_30to48hpf_plate01_t02,20260416_cep290_30to48hpf_plate01_t02_H07_e01,1
20260416_cep290_30to48hpf_plate01_t02,20260416_cep290_30to48hpf_plate01_t02_H08_e01,1
20260416_cep290_30to48hpf_plate01_t02,20260416_cep290_30to48hpf_plate01_t02_H08_e02,1
20260416_cep290_30to48hpf_plate01_t02,20260416_cep290_30to48hpf_plate01_t02_H09_e01,1
20260416_cep290_30to48hpf_plate01_t02,20260416_cep290_30to48hpf_plate01_t02_H10_e01,1
20260416_cep290_30to48hpf_plate01_t02,20260416_cep290_30to48hpf_plate01_t02_H11_e01,1
20260416_cep290_30to48hpf_plate01_t02,20260416_cep290_30to48hpf_plate01_t02_H12_e01,1
20260416_cep290_30to48hpf_plate02_t02,20260416_cep290_30to48hpf_plate02_t02_A01_e01,1
20260416_cep290_30to48hpf_plate02_t02,20260416_cep290_30to48hpf_plate02_t02_A02_e01,1
20260416_cep290_30to48hpf_plate02_t02,20260416_cep290_30to48hpf_plate02_t02_A03_e01,1
20260416_cep290_30to48hpf_plate02_t02,20260416_cep290_30to48hpf_plate02_t02_A04_e01,1
20260416_cep290_30to48hpf_plate02_t02,20260416_cep290_30to48hpf_plate02_t02_A05_e01,1
20260416_cep290_30to48hpf_plate02_t02,20260416_cep290_30to48hpf_plate02_t02_A06_e01,1
20260416_cep290_30to48hpf_plate02_t02,20260416_cep290_30to48hpf_plate02_t02_A07_e01,1
20260416_cep290_30to48hpf_plate02_t02,20260416_cep290_30to48hpf_plate02_t02_B01_e01,1
20260416_cep290_30to48hpf_plate02_t02,20260416_cep290_30to48hpf_plate02_t02_B02_e01,1
20260416_cep290_30to48hpf_plate02_t02,20260416_cep290_30to48hpf_plate02_t02_B03_e01,1
20260416_cep290_30to48hpf_plate02_t02,20260416_cep290_30to48hpf_plate02_t02_B04_e01,1
20260416_cep290_30to48hpf_plate02_t02,20260416_cep290_30to48hpf_plate02_t02_B05_e01,1
20260416_cep290_30to48hpf_plate02_t02,20260416_cep290_30to48hpf_plate02_t02_B06_e01,1
20260416_cep290_30to48hpf_plate02_t02,20260416_cep290_30to48hpf_plate02_t02_B07_e01,1
20260416_cep290_30to48hpf_plate02_t02,20260416_cep290_30to48hpf_plate02_t02_C01_e01,1
20260416_cep290_30to48hpf_plate02_t02,20260416_cep290_30to48hpf_plate02_t02_C02_e01,1
20260416_cep290_30to48hpf_plate02_t02,20260416_cep290_30to48hpf_plate02_t02_C03_e01,1
20260416_cep290_30to48hpf_plate02_t02,20260416_cep290_30to48hpf_plate02_t02_C04_e01,1
20260416_cep290_30to48hpf_plate02_t02,20260416_cep290_30to48hpf_plate02_t02_C05_e01,1
20260416_cep290_30to48hpf_plate02_t02,20260416_cep290_30to48hpf_plate02_t02_C06_e01,1
20260416_cep290_30to48hpf_plate02_t02,20260416_cep290_30to48hpf_plate02_t02_C07_e01,1
20260416_cep290_30to48hpf_plate02_t02,20260416_cep290_30to48hpf_plate02_t02_D01_e01,1
20260416_cep290_30to48hpf_plate02_t02,20260416_cep290_30to48hpf_plate02_t02_D01_e02,1
20260416_cep290_30to48hpf_plate02_t02,20260416_cep290_30to48hpf_plate02_t02_D02_e01,1
20260416_cep290_30to48hpf_plate02_t02,20260416_cep290_30to48hpf_plate02_t02_D03_e01,1
20260416_cep290_30to48hpf_plate02_t02,20260416_cep290_30to48hpf_plate02_t02_D04_e01,1
20260416_cep290_30to48hpf_plate02_t02,20260416_cep290_30to48hpf_plate02_t02_D05_e01,1
20260416_cep290_30to48hpf_plate02_t02,20260416_cep290_30to48hpf_plate02_t02_D05_e02,1
20260416_cep290_30to48hpf_plate02_t02,20260416_cep290_30to48hpf_plate02_t02_D06_e01,1
20260416_cep290_30to48hpf_plate02_t02,20260416_cep290_30to48hpf_plate02_t02_D06_e02,1
20260416_cep290_30to48hpf_plate02_t02,20260416_cep290_30to48hpf_plate02_t02_D07_e01,1
20260416_cep290_30to48hpf_plate02_t02,20260416_cep290_30to48hpf_plate02_t02_E01_e01,1
20260416_cep290_30to48hpf_plate02_t02,20260416_cep290_30to48hpf_plate02_t02_E01_e02,1
20260416_cep290_30to48hpf_plate02_t02,20260416_cep290_30to48hpf_plate02_t02_E02_e01,1
20260416_cep290_30to48hpf_plate02_t02,20260416_cep290_30to48hpf_plate02_t02_E03_e01,1
20260416_cep290_30to48hpf_plate02_t02,20260416_cep290_30to48hpf_plate02_t02_E04_e01,1
20260416_cep290_30to48hpf_plate02_t02,20260416_cep290_30to48hpf_plate02_t02_E05_e01,1
20260416_cep290_30to48hpf_plate02_t02,20260416_cep290_30to48hpf_plate02_t02_E06_e01,1
20260416_cep290_30to48hpf_plate02_t02,20260416_cep290_30to48hpf_plate02_t02_E07_e01,1
20260416_cep290_30to48hpf_plate02_t02,20260416_cep290_30to48hpf_plate02_t02_F01_e01,1
20260416_cep290_30to48hpf_plate02_t02,20260416_cep290_30to48hpf_plate02_t02_F02_e01,1
20260416_cep290_30to48hpf_plate02_t02,20260416_cep290_30to48hpf_plate02_t02_F03_e01,1
20260416_cep290_30to48hpf_plate02_t02,20260416_cep290_30to48hpf_plate02_t02_F03_e02,1
20260416_cep290_30to48hpf_plate02_t02,20260416_cep290_30to48hpf_plate02_t02_F04_e01,1
20260416_cep290_30to48hpf_plate02_t02,20260416_cep290_30to48hpf_plate02_t02_F05_e01,1
20260416_cep290_30to48hpf_plate02_t02,20260416_cep290_30to48hpf_plate02_t02_F06_e01,1
20260416_cep290_30to48hpf_plate02_t02,20260416_cep290_30to48hpf_plate02_t02_F06_e02,1
20260416_cep290_30to48hpf_plate02_t02,20260416_cep290_30to48hpf_plate02_t02_F07_e01,1
20260416_cep290_30to48hpf_plate02_t02,20260416_cep290_30to48hpf_plate02_t02_F08_e01,1
20260416_cep290_30to48hpf_plate02_t02,20260416_cep290_30to48hpf_plate02_t02_G01_e01,1
20260416_cep290_30to48hpf_plate02_t02,20260416_cep290_30to48hpf_plate02_t02_G02_e01,1
20260416_cep290_30to48hpf_plate02_t02,20260416_cep290_30to48hpf_plate02_t02_G03_e01,1
20260416_cep290_30to48hpf_plate02_t02,20260416_cep290_30to48hpf_plate02_t02_G03_e02,1
20260416_cep290_30to48hpf_plate02_t02,20260416_cep290_30to48hpf_plate02_t02_G04_e01,1
20260416_cep290_30to48hpf_plate02_t02,20260416_cep290_30to48hpf_plate02_t02_G04_e02,1
20260416_cep290_30to48hpf_plate02_t02,20260416_cep290_30to48hpf_plate02_t02_G05_e01,1
20260416_cep290_30to48hpf_plate02_t02,20260416_cep290_30to48hpf_plate02_t02_G06_e01,1
20260416_cep290_30to48hpf_plate02_t02,20260416_cep290_30to48hpf_plate02_t02_G06_e02,1
20260416_cep290_30to48hpf_plate02_t02,20260416_cep290_30to48hpf_plate02_t02_G07_e01,1
20260416_cep290_30to48hpf_plate02_t02,20260416_cep290_30to48hpf_plate02_t02_G07_e02,1
20260416_cep290_30to48hpf_plate02_t02,20260416_cep290_30to48hpf_plate02_t02_G08_e01,1
20260416_cep290_30to48hpf_plate02_t02,20260416_cep290_30to48hpf_plate02_t02_G08_e02,1
20260416_cep290_30to48hpf_plate02_t02,20260416_cep290_30to48hpf_plate02_t02_H01_e01,1
20260416_cep290_30to48hpf_plate02_t02,20260416_cep290_30to48hpf_plate02_t02_H01_e02,1
20260416_cep290_30to48hpf_plate02_t02,20260416_cep290_30to48hpf_plate02_t02_H02_e01,1
20260416_cep290_30to48hpf_plate02_t02,20260416_cep290_30to48hpf_plate02_t02_H04_e01,1
20260416_cep290_30to48hpf_plate02_t02,20260416_cep290_30to48hpf_plate02_t02_H04_e02,1
20260416_cep290_30to48hpf_plate02_t02,20260416_cep290_30to48hpf_plate02_t02_H04_e03,1
20260416_cep290_30to48hpf_plate02_t02,20260416_cep290_30to48hpf_plate02_t02_H05_e01,1
20260416_cep290_30to48hpf_plate02_t02,20260416_cep290_30to48hpf_plate02_t02_H06_e01,1
20260417_irx_pilot,20260417_irx_pilot_A01_e01,27
20260417_irx_pilot,20260417_irx_pilot_A02_e01,27
20260417_irx_pilot,20260417_irx_pilot_A03_e01,27
20260417_irx_pilot,20260417_irx_pilot_A03_e02,27
20260417_irx_pilot,20260417_irx_pilot_A04_e01,27
20260417_irx_pilot,20260417_irx_pilot_A04_e02,27
20260417_irx_pilot,20260417_irx_pilot_A05_e01,27
20260417_irx_pilot,20260417_irx_pilot_A05_e02,27
20260417_irx_pilot,20260417_irx_pilot_A06_e01,27
20260417_irx_pilot,20260417_irx_pilot_A06_e02,27
20260417_irx_pilot,20260417_irx_pilot_A07_e01,27
20260417_irx_pilot,20260417_irx_pilot_A07_e02,27
20260417_irx_pilot,20260417_irx_pilot_A08_e01,27
20260417_irx_pilot,20260417_irx_pilot_A08_e02,27
20260417_irx_pilot,20260417_irx_pilot_A09_e01,27
20260417_irx_pilot,20260417_irx_pilot_A09_e02,27
20260417_irx_pilot,20260417_irx_pilot_A10_e01,27
20260417_irx_pilot,20260417_irx_pilot_A10_e02,27
20260417_irx_pilot,20260417_irx_pilot_A11_e01,27
20260417_irx_pilot,20260417_irx_pilot_A11_e02,27
20260417_irx_pilot,20260417_irx_pilot_A12_e01,27
20260417_irx_pilot,20260417_irx_pilot_A12_e02,27
20260417_irx_pilot,20260417_irx_pilot_B01_e01,27
20260417_irx_pilot,20260417_irx_pilot_B01_e02,27
20260417_irx_pilot,20260417_irx_pilot_B01_e03,27
20260417_irx_pilot,20260417_irx_pilot_B02_e01,27
20260417_irx_pilot,20260417_irx_pilot_B02_e02,27
20260417_irx_pilot,20260417_irx_pilot_B02_e03,27
20260417_irx_pilot,20260417_irx_pilot_B03_e01,27
20260417_irx_pilot,20260417_irx_pilot_B03_e02,27
20260417_irx_pilot,20260417_irx_pilot_B04_e01,27
20260417_irx_pilot,20260417_irx_pilot_B05_e01,27
20260417_irx_pilot,20260417_irx_pilot_B05_e02,27
20260417_irx_pilot,20260417_irx_pilot_B06_e01,27
20260417_irx_pilot,20260417_irx_pilot_B06_e02,27
20260417_irx_pilot,20260417_irx_pilot_B07_e01,27
20260417_irx_pilot,20260417_irx_pilot_B07_e02,27
20260417_irx_pilot,20260417_irx_pilot_B08_e01,27
20260417_irx_pilot,20260417_irx_pilot_B08_e02,27
20260417_irx_pilot,20260417_irx_pilot_B09_e01,27
20260417_irx_pilot,20260417_irx_pilot_B09_e02,27
20260417_irx_pilot,20260417_irx_pilot_B10_e01,27
20260417_irx_pilot,20260417_irx_pilot_B10_e02,27
20260417_irx_pilot,20260417_irx_pilot_B11_e01,27
20260417_irx_pilot,20260417_irx_pilot_B12_e01,27
20260417_irx_pilot,20260417_irx_pilot_B12_e02,27
20260417_irx_pilot,20260417_irx_pilot_C01_e01,27
20260417_irx_pilot,20260417_irx_pilot_C01_e02,27
20260417_irx_pilot,20260417_irx_pilot_C02_e01,27
20260417_irx_pilot,20260417_irx_pilot_C02_e02,27
20260417_irx_pilot,20260417_irx_pilot_C03_e01,27
20260417_irx_pilot,20260417_irx_pilot_C03_e02,27
20260417_irx_pilot,20260417_irx_pilot_C04_e01,27
20260417_irx_pilot,20260417_irx_pilot_C05_e01,27
20260417_irx_pilot,20260417_irx_pilot_C05_e02,27
20260417_irx_pilot,20260417_irx_pilot_C06_e01,27
20260417_irx_pilot,20260417_irx_pilot_C06_e02,27
20260417_irx_pilot,20260417_irx_pilot_C07_e01,27
20260417_irx_pilot,20260417_irx_pilot_C07_e02,27
20260417_irx_pilot,20260417_irx_pilot_C08_e01,27
20260417_irx_pilot,20260417_irx_pilot_C08_e02,27
20260417_irx_pilot,20260417_irx_pilot_C09_e01,27
20260417_irx_pilot,20260417_irx_pilot_C09_e02,27
20260417_irx_pilot,20260417_irx_pilot_C09_e03,27
20260417_irx_pilot,20260417_irx_pilot_C10_e01,27
20260417_irx_pilot,20260417_irx_pilot_C11_e01,27
20260417_irx_pilot,20260417_irx_pilot_C11_e02,27
20260417_irx_pilot,20260417_irx_pilot_C12_e01,27
20260417_irx_pilot,20260417_irx_pilot_C12_e02,27
20260417_irx_pilot,20260417_irx_pilot_D01_e01,27
20260417_irx_pilot,20260417_irx_pilot_D01_e02,27
20260417_irx_pilot,20260417_irx_pilot_D02_e01,27
20260417_irx_pilot,20260417_irx_pilot_D02_e02,27
20260417_irx_pilot,20260417_irx_pilot_D03_e01,27
20260417_irx_pilot,20260417_irx_pilot_D03_e02,27
20260417_irx_pilot,20260417_irx_pilot_D04_e01,27
20260417_irx_pilot,20260417_irx_pilot_D04_e02,27
20260417_irx_pilot,20260417_irx_pilot_D04_e03,27
20260417_irx_pilot,20260417_irx_pilot_D04_e04,27
20260417_irx_pilot,20260417_irx_pilot_D05_e01,27
20260417_irx_pilot,20260417_irx_pilot_D05_e02,27
20260417_irx_pilot,20260417_irx_pilot_D06_e01,27
20260417_irx_pilot,20260417_irx_pilot_D06_e02,27
20260417_irx_pilot,20260417_irx_pilot_D07_e01,27
20260417_irx_pilot,20260417_irx_pilot_D07_e02,27
20260417_irx_pilot,20260417_irx_pilot_D08_e01,27
20260417_irx_pilot,20260417_irx_pilot_D08_e02,27
20260417_irx_pilot,20260417_irx_pilot_D09_e01,27
20260417_irx_pilot,20260417_irx_pilot_D09_e02,27
20260417_irx_pilot,20260417_irx_pilot_D10_e01,27
20260417_irx_pilot,20260417_irx_pilot_D11_e01,27
20260417_irx_pilot,20260417_irx_pilot_D11_e02,27
20260417_irx_pilot,20260417_irx_pilot_D12_e01,27
20260417_irx_pilot,20260417_irx_pilot_E01_e01,27
20260417_irx_pilot,20260417_irx_pilot_E01_e02,27
20260417_irx_pilot,20260417_irx_pilot_E02_e01,27
20260417_irx_pilot,20260417_irx_pilot_E02_e02,27
20260417_irx_pilot,20260417_irx_pilot_E03_e01,27
20260417_irx_pilot,20260417_irx_pilot_E03_e02,27
20260417_irx_pilot,20260417_irx_pilot_E04_e01,27
20260417_irx_pilot,20260417_irx_pilot_E04_e02,27
20260417_irx_pilot,20260417_irx_pilot_E05_e01,27
20260417_irx_pilot,20260417_irx_pilot_E05_e02,27
20260417_irx_pilot,20260417_irx_pilot_E06_e01,27
20260417_irx_pilot,20260417_irx_pilot_E06_e02,27
20260417_irx_pilot,20260417_irx_pilot_E07_e01,27
20260417_irx_pilot,20260417_irx_pilot_E07_e02,27
20260417_irx_pilot,20260417_irx_pilot_E08_e01,27
20260417_irx_pilot,20260417_irx_pilot_E08_e02,27
20260417_irx_pilot,20260417_irx_pilot_E09_e01,27
20260417_irx_pilot,20260417_irx_pilot_E09_e02,27
20260417_irx_pilot,20260417_irx_pilot_E09_e03,27
20260417_irx_pilot,20260417_irx_pilot_E10_e01,27
20260417_irx_pilot,20260417_irx_pilot_E10_e02,27
20260417_irx_pilot,20260417_irx_pilot_E11_e01,27
20260417_irx_pilot,20260417_irx_pilot_E12_e01,27
20260417_irx_pilot,20260417_irx_pilot_F01_e01,27
20260417_irx_pilot,20260417_irx_pilot_F01_e02,27
20260417_irx_pilot,20260417_irx_pilot_F02_e01,27
20260417_irx_pilot,20260417_irx_pilot_F02_e02,27
20260417_irx_pilot,20260417_irx_pilot_F03_e01,27
20260417_irx_pilot,20260417_irx_pilot_F03_e02,27
20260417_irx_pilot,20260417_irx_pilot_F04_e01,27
20260417_irx_pilot,20260417_irx_pilot_F04_e02,27
20260417_irx_pilot,20260417_irx_pilot_F05_e01,27
20260417_irx_pilot,20260417_irx_pilot_F05_e02,27
20260417_irx_pilot,20260417_irx_pilot_F07_e01,27
20260417_irx_pilot,20260417_irx_pilot_F07_e02,27
20260417_irx_pilot,20260417_irx_pilot_F08_e01,27
20260417_irx_pilot,20260417_irx_pilot_F08_e02,27
20260417_irx_pilot,20260417_irx_pilot_F09_e01,27
20260417_irx_pilot,20260417_irx_pilot_F09_e02,27
20260417_irx_pilot,20260417_irx_pilot_F10_e01,27
20260417_irx_pilot,20260417_irx_pilot_F10_e02,27
20260417_irx_pilot,20260417_irx_pilot_F11_e01,27
20260417_irx_pilot,20260417_irx_pilot_F11_e02,27
20260417_irx_pilot,20260417_irx_pilot_F12_e01,27
20260417_irx_pilot,20260417_irx_pilot_F12_e02,27
20260417_irx_pilot,20260417_irx_pilot_G01_e01,27
20260417_irx_pilot,20260417_irx_pilot_G01_e02,27
20260417_irx_pilot,20260417_irx_pilot_G02_e01,27
20260417_irx_pilot,20260417_irx_pilot_G02_e02,27
20260417_irx_pilot,20260417_irx_pilot_G02_e03,27
20260417_irx_pilot,20260417_irx_pilot_G03_e01,27
20260417_irx_pilot,20260417_irx_pilot_G03_e02,27
20260417_irx_pilot,20260417_irx_pilot_G04_e01,27
20260417_irx_pilot,20260417_irx_pilot_G04_e02,27
20260417_irx_pilot,20260417_irx_pilot_G05_e01,27
20260417_irx_pilot,20260417_irx_pilot_G05_e02,27
20260417_irx_pilot,20260417_irx_pilot_G06_e01,27
20260417_irx_pilot,20260417_irx_pilot_G06_e02,27
20260417_irx_pilot,20260417_irx_pilot_G06_e03,27
20260417_irx_pilot,20260417_irx_pilot_G06_e04,27
20260417_irx_pilot,20260417_irx_pilot_G07_e01,27
20260417_irx_pilot,20260417_irx_pilot_G07_e02,27
20260417_irx_pilot,20260417_irx_pilot_G08_e01,27
20260417_irx_pilot,20260417_irx_pilot_G09_e01,27
20260417_irx_pilot,20260417_irx_pilot_G09_e02,27
20260417_irx_pilot,20260417_irx_pilot_G10_e01,27
20260417_irx_pilot,20260417_irx_pilot_G11_e01,27
20260417_irx_pilot,20260417_irx_pilot_G11_e02,27
20260417_irx_pilot,20260417_irx_pilot_G12_e01,27
20260417_irx_pilot,20260417_irx_pilot_G12_e02,27
20260417_irx_pilot,20260417_irx_pilot_G12_e03,27
20260417_irx_pilot,20260417_irx_pilot_H01_e01,27
20260417_irx_pilot,20260417_irx_pilot_H02_e01,27
20260417_irx_pilot,20260417_irx_pilot_H02_e02,27
20260417_irx_pilot,20260417_irx_pilot_H03_e01,27
20260417_irx_pilot,20260417_irx_pilot_H03_e02,27
20260417_irx_pilot,20260417_irx_pilot_H04_e01,27
20260417_irx_pilot,20260417_irx_pilot_H04_e02,27
20260417_irx_pilot,20260417_irx_pilot_H05_e01,27
20260417_irx_pilot,20260417_irx_pilot_H05_e02,27
20260417_irx_pilot,20260417_irx_pilot_H06_e01,27
20260417_irx_pilot,20260417_irx_pilot_H06_e02,27
20260417_irx_pilot,20260417_irx_pilot_H07_e01,27
20260417_irx_pilot,20260417_irx_pilot_H07_e02,27
20260417_irx_pilot,20260417_irx_pilot_H08_e01,27
20260417_irx_pilot,20260417_irx_pilot_H09_e01,27
20260417_irx_pilot,20260417_irx_pilot_H10_e01,27
20260417_irx_pilot,20260417_irx_pilot_H10_e02,27
20260417_irx_pilot,20260417_irx_pilot_H11_e01,27
20260417_irx_pilot,20260417_irx_pilot_H11_e02,27
20260417_irx_pilot,20260417_irx_pilot_H12_e01,27
20260418_irx_pilot,20260418_irx_pilot_A01_e01,78
20260418_irx_pilot,20260418_irx_pilot_A02_e01,78
20260418_irx_pilot,20260418_irx_pilot_A03_e01,78
20260418_irx_pilot,20260418_irx_pilot_A04_e01,78
20260418_irx_pilot,20260418_irx_pilot_A05_e01,78
20260418_irx_pilot,20260418_irx_pilot_A05_e02,78
20260418_irx_pilot,20260418_irx_pilot_A05_e03,78
20260418_irx_pilot,20260418_irx_pilot_A05_e04,78
20260418_irx_pilot,20260418_irx_pilot_A06_e01,78
20260418_irx_pilot,20260418_irx_pilot_A07_e01,78
20260418_irx_pilot,20260418_irx_pilot_A07_e02,78
20260418_irx_pilot,20260418_irx_pilot_A07_e03,78
20260418_irx_pilot,20260418_irx_pilot_A08_e01,78
20260418_irx_pilot,20260418_irx_pilot_A08_e02,78
20260418_irx_pilot,20260418_irx_pilot_A09_e01,78
20260418_irx_pilot,20260418_irx_pilot_A09_e02,78
20260418_irx_pilot,20260418_irx_pilot_A09_e03,78
20260418_irx_pilot,20260418_irx_pilot_A10_e01,78
20260418_irx_pilot,20260418_irx_pilot_A10_e02,78
20260418_irx_pilot,20260418_irx_pilot_A11_e01,78
20260418_irx_pilot,20260418_irx_pilot_A11_e02,78
20260418_irx_pilot,20260418_irx_pilot_A12_e01,78
20260418_irx_pilot,20260418_irx_pilot_B01_e01,78
20260418_irx_pilot,20260418_irx_pilot_B02_e01,78
20260418_irx_pilot,20260418_irx_pilot_B02_e02,78
20260418_irx_pilot,20260418_irx_pilot_B03_e01,78
20260418_irx_pilot,20260418_irx_pilot_B04_e01,78
20260418_irx_pilot,20260418_irx_pilot_B05_e01,78
20260418_irx_pilot,20260418_irx_pilot_B05_e02,78
20260418_irx_pilot,20260418_irx_pilot_B05_e03,78
20260418_irx_pilot,20260418_irx_pilot_B06_e01,78
20260418_irx_pilot,20260418_irx_pilot_B07_e01,77
20260418_irx_pilot,20260418_irx_pilot_B07_e02,41
20260418_irx_pilot,20260418_irx_pilot_B07_e03,78
20260418_irx_pilot,20260418_irx_pilot_B08_e01,78
20260418_irx_pilot,20260418_irx_pilot_B09_e01,78
20260418_irx_pilot,20260418_irx_pilot_B09_e02,78
20260418_irx_pilot,20260418_irx_pilot_B09_e03,78
20260418_irx_pilot,20260418_irx_pilot_B10_e01,78
20260418_irx_pilot,20260418_irx_pilot_B11_e01,78
20260418_irx_pilot,20260418_irx_pilot_B11_e02,78
20260418_irx_pilot,20260418_irx_pilot_B11_e03,78
20260418_irx_pilot,20260418_irx_pilot_B11_e04,78
20260418_irx_pilot,20260418_irx_pilot_B12_e01,78
20260418_irx_pilot,20260418_irx_pilot_C01_e01,78
20260418_irx_pilot,20260418_irx_pilot_C02_e01,78
20260418_irx_pilot,20260418_irx_pilot_C03_e01,78
20260418_irx_pilot,20260418_irx_pilot_C04_e01,78
20260418_irx_pilot,20260418_irx_pilot_C05_e01,78
20260418_irx_pilot,20260418_irx_pilot_C05_e02,78
20260418_irx_pilot,20260418_irx_pilot_C05_e03,78
20260418_irx_pilot,20260418_irx_pilot_C07_e01,78
20260418_irx_pilot,20260418_irx_pilot_C07_e02,78
20260418_irx_pilot,20260418_irx_pilot_C07_e03,78
20260418_irx_pilot,20260418_irx_pilot_C08_e01,78
20260418_irx_pilot,20260418_irx_pilot_C09_e01,78
20260418_irx_pilot,20260418_irx_pilot_C09_e02,78
20260418_irx_pilot,20260418_irx_pilot_C09_e03,78
20260418_irx_pilot,20260418_irx_pilot_C10_e01,78
20260418_irx_pilot,20260418_irx_pilot_C11_e01,78
20260418_irx_pilot,20260418_irx_pilot_C11_e02,78
20260418_irx_pilot,20260418_irx_pilot_C11_e03,78
20260418_irx_pilot,20260418_irx_pilot_C12_e01,78
20260418_irx_pilot,20260418_irx_pilot_D01_e01,78
20260418_irx_pilot,20260418_irx_pilot_D02_e01,78
20260418_irx_pilot,20260418_irx_pilot_D03_e01,78
20260418_irx_pilot,20260418_irx_pilot_D05_e01,78
20260418_irx_pilot,20260418_irx_pilot_D05_e02,78
20260418_irx_pilot,20260418_irx_pilot_D05_e03,78
20260418_irx_pilot,20260418_irx_pilot_D06_e01,78
20260418_irx_pilot,20260418_irx_pilot_D07_e01,78
20260418_irx_pilot,20260418_irx_pilot_D07_e02,78
20260418_irx_pilot,20260418_irx_pilot_D07_e03,78
20260418_irx_pilot,20260418_irx_pilot_D08_e01,78
20260418_irx_pilot,20260418_irx_pilot_D09_e01,78
20260418_irx_pilot,20260418_irx_pilot_D09_e02,78
20260418_irx_pilot,20260418_irx_pilot_D09_e03,78
20260418_irx_pilot,20260418_irx_pilot_D10_e01,78
20260418_irx_pilot,20260418_irx_pilot_D11_e01,78
20260418_irx_pilot,20260418_irx_pilot_D11_e02,78
20260418_irx_pilot,20260418_irx_pilot_D12_e01,78
20260418_irx_pilot,20260418_irx_pilot_E01_e01,78
20260418_irx_pilot,20260418_irx_pilot_E01_e02,78
20260418_irx_pilot,20260418_irx_pilot_E02_e01,78
20260418_irx_pilot,20260418_irx_pilot_E02_e02,78
20260418_irx_pilot,20260418_irx_pilot_E03_e01,78
20260418_irx_pilot,20260418_irx_pilot_E03_e02,78
20260418_irx_pilot,20260418_irx_pilot_E03_e03,78
20260418_irx_pilot,20260418_irx_pilot_E03_e04,78
20260418_irx_pilot,20260418_irx_pilot_E04_e01,78
20260418_irx_pilot,20260418_irx_pilot_E04_e02,78
20260418_irx_pilot,20260418_irx_pilot_E04_e03,78
20260418_irx_pilot,20260418_irx_pilot_E04_e04,78
20260418_irx_pilot,20260418_irx_pilot_E05_e01,78
20260418_irx_pilot,20260418_irx_pilot_E05_e02,78
20260418_irx_pilot,20260418_irx_pilot_E05_e03,78
20260418_irx_pilot,20260418_irx_pilot_E06_e01,78
20260418_irx_pilot,20260418_irx_pilot_E07_e01,73
20260418_irx_pilot,20260418_irx_pilot_E07_e02,53
20260418_irx_pilot,20260418_irx_pilot_E08_e01,78
20260418_irx_pilot,20260418_irx_pilot_E09_e01,78
20260418_irx_pilot,20260418_irx_pilot_E09_e02,78
20260418_irx_pilot,20260418_irx_pilot_E09_e03,78
20260418_irx_pilot,20260418_irx_pilot_E10_e01,78
20260418_irx_pilot,20260418_irx_pilot_E11_e01,78
20260418_irx_pilot,20260418_irx_pilot_E11_e02,78
20260418_irx_pilot,20260418_irx_pilot_E11_e03,78
20260418_irx_pilot,20260418_irx_pilot_E11_e04,78
20260418_irx_pilot,20260418_irx_pilot_E12_e01,78
20260418_irx_pilot,20260418_irx_pilot_F01_e01,78
20260418_irx_pilot,20260418_irx_pilot_F01_e02,78
20260418_irx_pilot,20260418_irx_pilot_F01_e03,78
20260418_irx_pilot,20260418_irx_pilot_F02_e01,78
20260418_irx_pilot,20260418_irx_pilot_F02_e02,78
20260418_irx_pilot,20260418_irx_pilot_F02_e03,78
20260418_irx_pilot,20260418_irx_pilot_F02_e04,78
20260418_irx_pilot,20260418_irx_pilot_F03_e01,78
20260418_irx_pilot,20260418_irx_pilot_F03_e02,78
20260418_irx_pilot,20260418_irx_pilot_F04_e01,78
20260418_irx_pilot,20260418_irx_pilot_F04_e02,78
20260418_irx_pilot,20260418_irx_pilot_F04_e03,78
20260418_irx_pilot,20260418_irx_pilot_F05_e01,78
20260418_irx_pilot,20260418_irx_pilot_F05_e02,78
20260418_irx_pilot,20260418_irx_pilot_F06_e01,78
20260418_irx_pilot,20260418_irx_pilot_F07_e01,78
20260418_irx_pilot,20260418_irx_pilot_F08_e01,78
20260418_irx_pilot,20260418_irx_pilot_F08_e02,78
20260418_irx_pilot,20260418_irx_pilot_F08_e03,78
20260418_irx_pilot,20260418_irx_pilot_F08_e04,78
20260418_irx_pilot,20260418_irx_pilot_F09_e01,78
20260418_irx_pilot,20260418_irx_pilot_F09_e02,78
20260418_irx_pilot,20260418_irx_pilot_F10_e01,78
20260418_irx_pilot,20260418_irx_pilot_F11_e01,78
20260418_irx_pilot,20260418_irx_pilot_F11_e02,78
20260418_irx_pilot,20260418_irx_pilot_F11_e03,78
20260418_irx_pilot,20260418_irx_pilot_F12_e01,78
20260418_irx_pilot,20260418_irx_pilot_G01_e01,78
20260418_irx_pilot,20260418_irx_pilot_G01_e02,78
20260418_irx_pilot,20260418_irx_pilot_G01_e03,78
20260418_irx_pilot,20260418_irx_pilot_G01_e04,78
20260418_irx_pilot,20260418_irx_pilot_G02_e01,78
20260418_irx_pilot,20260418_irx_pilot_G02_e02,78
20260418_irx_pilot,20260418_irx_pilot_G02_e03,78
20260418_irx_pilot,20260418_irx_pilot_G03_e01,78
20260418_irx_pilot,20260418_irx_pilot_G03_e02,78
20260418_irx_pilot,20260418_irx_pilot_G03_e03,78
20260418_irx_pilot,20260418_irx_pilot_G03_e04,78
20260418_irx_pilot,20260418_irx_pilot_G04_e01,78
20260418_irx_pilot,20260418_irx_pilot_G04_e02,78
20260418_irx_pilot,20260418_irx_pilot_G05_e01,31
20260418_irx_pilot,20260418_irx_pilot_G05_e02,78
20260418_irx_pilot,20260418_irx_pilot_G05_e03,78
20260418_irx_pilot,20260418_irx_pilot_G06_e01,78
20260418_irx_pilot,20260418_irx_pilot_G07_e01,78
20260418_irx_pilot,20260418_irx_pilot_G07_e02,78
20260418_irx_pilot,20260418_irx_pilot_G07_e03,78
20260418_irx_pilot,20260418_irx_pilot_G07_e04,78
20260418_irx_pilot,20260418_irx_pilot_G08_e01,78
20260418_irx_pilot,20260418_irx_pilot_G09_e01,78
20260418_irx_pilot,20260418_irx_pilot_G09_e02,78
20260418_irx_pilot,20260418_irx_pilot_G09_e03,78
20260418_irx_pilot,20260418_irx_pilot_G09_e04,78
20260418_irx_pilot,20260418_irx_pilot_G09_e05,78
20260418_irx_pilot,20260418_irx_pilot_G10_e01,78
20260418_irx_pilot,20260418_irx_pilot_G11_e01,78
20260418_irx_pilot,20260418_irx_pilot_G11_e02,78
20260418_irx_pilot,20260418_irx_pilot_G12_e01,78
20260418_irx_pilot,20260418_irx_pilot_H01_e01,78
20260418_irx_pilot,20260418_irx_pilot_H01_e02,78
20260418_irx_pilot,20260418_irx_pilot_H02_e01,78
20260418_irx_pilot,20260418_irx_pilot_H02_e02,78
20260418_irx_pilot,20260418_irx_pilot_H02_e03,78
20260418_irx_pilot,20260418_irx_pilot_H03_e01,78
20260418_irx_pilot,20260418_irx_pilot_H03_e02,78
20260418_irx_pilot,20260418_irx_pilot_H03_e03,78
20260418_irx_pilot,20260418_irx_pilot_H03_e04,78
20260418_irx_pilot,20260418_irx_pilot_H04_e01,78
20260418_irx_pilot,20260418_irx_pilot_H04_e02,78
20260418_irx_pilot,20260418_irx_pilot_H04_e03,78
20260418_irx_pilot,20260418_irx_pilot_H04_e04,78
20260418_irx_pilot,20260418_irx_pilot_H04_e05,78
20260418_irx_pilot,20260418_irx_pilot_H05_e01,78
20260418_irx_pilot,20260418_irx_pilot_H05_e02,78
20260418_irx_pilot,20260418_irx_pilot_H05_e03,78
20260418_irx_pilot,20260418_irx_pilot_H05_e04,78
20260418_irx_pilot,20260418_irx_pilot_H06_e01,78
20260418_irx_pilot,20260418_irx_pilot_H07_e01,78
20260418_irx_pilot,20260418_irx_pilot_H07_e02,78
20260418_irx_pilot,20260418_irx_pilot_H07_e03,78
20260418_irx_pilot,20260418_irx_pilot_H07_e04,78
20260418_irx_pilot,20260418_irx_pilot_H08_e01,78
20260418_irx_pilot,20260418_irx_pilot_H09_e01,78
20260418_irx_pilot,20260418_irx_pilot_H09_e02,78
20260418_irx_pilot,20260418_irx_pilot_H10_e01,78
20260418_irx_pilot,20260418_irx_pilot_H11_e01,78
20260418_irx_pilot,20260418_irx_pilot_H11_e02,78
20260418_irx_pilot,20260418_irx_pilot_H12_e01,78
20260702_hotchem_24hpf_plate01,20260702_hotchem_24hpf_plate01_A01_e01,1
20260702_hotchem_24hpf_plate01,20260702_hotchem_24hpf_plate01_A02_e01,1
20260702_hotchem_24hpf_plate01,20260702_hotchem_24hpf_plate01_A03_e01,1
20260702_hotchem_24hpf_plate01,20260702_hotchem_24hpf_plate01_A04_e01,1
20260702_hotchem_24hpf_plate01,20260702_hotchem_24hpf_plate01_A05_e01,1
20260702_hotchem_24hpf_plate01,20260702_hotchem_24hpf_plate01_A06_e01,1
20260702_hotchem_24hpf_plate01,20260702_hotchem_24hpf_plate01_A07_e01,1
20260702_hotchem_24hpf_plate01,20260702_hotchem_24hpf_plate01_A08_e01,1
20260702_hotchem_24hpf_plate01,20260702_hotchem_24hpf_plate01_A09_e01,1
20260702_hotchem_24hpf_plate01,20260702_hotchem_24hpf_plate01_A10_e01,1
20260702_hotchem_24hpf_plate01,20260702_hotchem_24hpf_plate01_A11_e01,1
20260702_hotchem_24hpf_plate01,20260702_hotchem_24hpf_plate01_A12_e01,1
20260702_hotchem_24hpf_plate01,20260702_hotchem_24hpf_plate01_B01_e01,1
20260702_hotchem_24hpf_plate01,20260702_hotchem_24hpf_plate01_B02_e01,1
20260702_hotchem_24hpf_plate01,20260702_hotchem_24hpf_plate01_B03_e01,1
20260702_hotchem_24hpf_plate01,20260702_hotchem_24hpf_plate01_B04_e01,1
20260702_hotchem_24hpf_plate01,20260702_hotchem_24hpf_plate01_B05_e01,1
20260702_hotchem_24hpf_plate01,20260702_hotchem_24hpf_plate01_B06_e01,1
20260702_hotchem_24hpf_plate01,20260702_hotchem_24hpf_plate01_B07_e01,1
20260702_hotchem_24hpf_plate01,20260702_hotchem_24hpf_plate01_B08_e01,1
20260702_hotchem_24hpf_plate01,20260702_hotchem_24hpf_plate01_B09_e01,1
20260702_hotchem_24hpf_plate01,20260702_hotchem_24hpf_plate01_B10_e01,1
20260702_hotchem_24hpf_plate01,20260702_hotchem_24hpf_plate01_B11_e01,1
20260702_hotchem_24hpf_plate01,20260702_hotchem_24hpf_plate01_B12_e01,1
20260702_hotchem_24hpf_plate01,20260702_hotchem_24hpf_plate01_C01_e01,1
20260702_hotchem_24hpf_plate01,20260702_hotchem_24hpf_plate01_C01_e02,1
20260702_hotchem_24hpf_plate01,20260702_hotchem_24hpf_plate01_C02_e01,1
20260702_hotchem_24hpf_plate01,20260702_hotchem_24hpf_plate01_C03_e01,1
20260702_hotchem_24hpf_plate01,20260702_hotchem_24hpf_plate01_C04_e01,1
20260702_hotchem_24hpf_plate01,20260702_hotchem_24hpf_plate01_C05_e01,1
20260702_hotchem_24hpf_plate01,20260702_hotchem_24hpf_plate01_C06_e01,1
20260702_hotchem_24hpf_plate01,20260702_hotchem_24hpf_plate01_C07_e01,1
20260702_hotchem_24hpf_plate01,20260702_hotchem_24hpf_plate01_C08_e01,1
20260702_hotchem_24hpf_plate01,20260702_hotchem_24hpf_plate01_C09_e01,1
20260702_hotchem_24hpf_plate01,20260702_hotchem_24hpf_plate01_C10_e01,1
20260702_hotchem_24hpf_plate01,20260702_hotchem_24hpf_plate01_C11_e01,1
20260702_hotchem_24hpf_plate01,20260702_hotchem_24hpf_plate01_C12_e01,1
20260702_hotchem_24hpf_plate01,20260702_hotchem_24hpf_plate01_D01_e01,1
20260702_hotchem_24hpf_plate01,20260702_hotchem_24hpf_plate01_D02_e01,1
20260702_hotchem_24hpf_plate01,20260702_hotchem_24hpf_plate01_D02_e02,1
20260702_hotchem_24hpf_plate01,20260702_hotchem_24hpf_plate01_D03_e01,1
20260702_hotchem_24hpf_plate01,20260702_hotchem_24hpf_plate01_D04_e01,1
20260702_hotchem_24hpf_plate01,20260702_hotchem_24hpf_plate01_D05_e01,1
20260702_hotchem_24hpf_plate01,20260702_hotchem_24hpf_plate01_D06_e01,1
20260702_hotchem_24hpf_plate01,20260702_hotchem_24hpf_plate01_D06_e02,1
20260702_hotchem_24hpf_plate01,20260702_hotchem_24hpf_plate01_D07_e01,1
20260702_hotchem_24hpf_plate01,20260702_hotchem_24hpf_plate01_D07_e02,1
20260702_hotchem_24hpf_plate01,20260702_hotchem_24hpf_plate01_D08_e01,1
20260702_hotchem_24hpf_plate01,20260702_hotchem_24hpf_plate01_D09_e01,1
20260702_hotchem_24hpf_plate01,20260702_hotchem_24hpf_plate01_D10_e01,1
20260702_hotchem_24hpf_plate01,20260702_hotchem_24hpf_plate01_D11_e01,1
20260702_hotchem_24hpf_plate01,20260702_hotchem_24hpf_plate01_D12_e01,1
20260702_hotchem_24hpf_plate01,20260702_hotchem_24hpf_plate01_E01_e01,1
20260702_hotchem_24hpf_plate01,20260702_hotchem_24hpf_plate01_E02_e01,1
20260702_hotchem_24hpf_plate01,20260702_hotchem_24hpf_plate01_E03_e01,1
20260702_hotchem_24hpf_plate01,20260702_hotchem_24hpf_plate01_E04_e01,1
20260702_hotchem_24hpf_plate01,20260702_hotchem_24hpf_plate01_E05_e01,1
20260702_hotchem_24hpf_plate01,20260702_hotchem_24hpf_plate01_E06_e01,1
20260702_hotchem_24hpf_plate01,20260702_hotchem_24hpf_plate01_E06_e02,1
20260702_hotchem_24hpf_plate01,20260702_hotchem_24hpf_plate01_E07_e01,1
20260702_hotchem_24hpf_plate01,20260702_hotchem_24hpf_plate01_E08_e01,1
20260702_hotchem_24hpf_plate01,20260702_hotchem_24hpf_plate01_E09_e01,1
20260702_hotchem_24hpf_plate01,20260702_hotchem_24hpf_plate01_E10_e01,1
20260702_hotchem_24hpf_plate01,20260702_hotchem_24hpf_plate01_E10_e02,1
20260702_hotchem_24hpf_plate01,20260702_hotchem_24hpf_plate01_E11_e01,1
20260702_hotchem_24hpf_plate01,20260702_hotchem_24hpf_plate01_E12_e01,1
20260702_hotchem_24hpf_plate01,20260702_hotchem_24hpf_plate01_F01_e01,1
20260702_hotchem_24hpf_plate01,20260702_hotchem_24hpf_plate01_F02_e01,1
20260702_hotchem_24hpf_plate01,20260702_hotchem_24hpf_plate01_F03_e01,1
20260702_hotchem_24hpf_plate01,20260702_hotchem_24hpf_plate01_F04_e01,1
20260702_hotchem_24hpf_plate01,20260702_hotchem_24hpf_plate01_F05_e01,1
20260702_hotchem_24hpf_plate01,20260702_hotchem_24hpf_plate01_F06_e01,1
20260702_hotchem_24hpf_plate01,20260702_hotchem_24hpf_plate01_F07_e01,1
20260702_hotchem_24hpf_plate01,20260702_hotchem_24hpf_plate01_F08_e01,1
20260702_hotchem_24hpf_plate01,20260702_hotchem_24hpf_plate01_F09_e01,1
20260702_hotchem_24hpf_plate01,20260702_hotchem_24hpf_plate01_F10_e01,1
20260702_hotchem_24hpf_plate01,20260702_hotchem_24hpf_plate01_F11_e01,1
20260702_hotchem_24hpf_plate01,20260702_hotchem_24hpf_plate01_F12_e01,1
20260702_hotchem_24hpf_plate01,20260702_hotchem_24hpf_plate01_G01_e01,1
20260702_hotchem_24hpf_plate01,20260702_hotchem_24hpf_plate01_G02_e01,1
20260702_hotchem_24hpf_plate01,20260702_hotchem_24hpf_plate01_G02_e02,1
20260702_hotchem_24hpf_plate01,20260702_hotchem_24hpf_plate01_G03_e01,1
20260702_hotchem_24hpf_plate01,20260702_hotchem_24hpf_plate01_G04_e01,1
20260702_hotchem_24hpf_plate01,20260702_hotchem_24hpf_plate01_G05_e01,1
20260702_hotchem_24hpf_plate01,20260702_hotchem_24hpf_plate01_G05_e02,1
20260702_hotchem_24hpf_plate01,20260702_hotchem_24hpf_plate01_G06_e01,1
20260702_hotchem_24hpf_plate01,20260702_hotchem_24hpf_plate01_G07_e01,1
20260702_hotchem_24hpf_plate01,20260702_hotchem_24hpf_plate01_G08_e01,1
20260702_hotchem_24hpf_plate01,20260702_hotchem_24hpf_plate01_G09_e01,1
20260702_hotchem_24hpf_plate01,20260702_hotchem_24hpf_plate01_G10_e01,1
20260702_hotchem_24hpf_plate01,20260702_hotchem_24hpf_plate01_G11_e01,1
20260702_hotchem_24hpf_plate01,20260702_hotchem_24hpf_plate01_G12_e01,1
20260702_hotchem_24hpf_plate01,20260702_hotchem_24hpf_plate01_H01_e01,1
20260702_hotchem_24hpf_plate01,20260702_hotchem_24hpf_plate01_H02_e01,1
20260702_hotchem_24hpf_plate01,20260702_hotchem_24hpf_plate01_H03_e01,1
20260702_hotchem_24hpf_plate01,20260702_hotchem_24hpf_plate01_H04_e01,1
20260702_hotchem_24hpf_plate01,20260702_hotchem_24hpf_plate01_H05_e01,1
20260702_hotchem_24hpf_plate01,20260702_hotchem_24hpf_plate01_H06_e01,1
20260702_hotchem_24hpf_plate01,20260702_hotchem_24hpf_plate01_H07_e01,1
20260702_hotchem_24hpf_plate01,20260702_hotchem_24hpf_plate01_H08_e01,1
20260702_hotchem_24hpf_plate01,20260702_hotchem_24hpf_plate01_H09_e01,1
20260702_hotchem_24hpf_plate01,20260702_hotchem_24hpf_plate01_H10_e01,1
20260702_hotchem_24hpf_plate01,20260702_hotchem_24hpf_plate01_H11_e01,1
20260702_hotchem_24hpf_plate01,20260702_hotchem_24hpf_plate01_H12_e01,1
20260702_hotchem_24hpf_plate02,20260702_hotchem_24hpf_plate02_A01_e01,1
20260702_hotchem_24hpf_plate02,20260702_hotchem_24hpf_plate02_A02_e01,1
20260702_hotchem_24hpf_plate02,20260702_hotchem_24hpf_plate02_A03_e01,1
20260702_hotchem_24hpf_plate02,20260702_hotchem_24hpf_plate02_A04_e01,1
20260702_hotchem_24hpf_plate02,20260702_hotchem_24hpf_plate02_A05_e01,1
20260702_hotchem_24hpf_plate02,20260702_hotchem_24hpf_plate02_A05_e02,1
20260702_hotchem_24hpf_plate02,20260702_hotchem_24hpf_plate02_A06_e01,1
20260702_hotchem_24hpf_plate02,20260702_hotchem_24hpf_plate02_A06_e02,1
20260702_hotchem_24hpf_plate02,20260702_hotchem_24hpf_plate02_A06_e03,1
20260702_hotchem_24hpf_plate02,20260702_hotchem_24hpf_plate02_A07_e01,1
20260702_hotchem_24hpf_plate02,20260702_hotchem_24hpf_plate02_A08_e01,1
20260702_hotchem_24hpf_plate02,20260702_hotchem_24hpf_plate02_A09_e01,1
20260702_hotchem_24hpf_plate02,20260702_hotchem_24hpf_plate02_A10_e01,1
20260702_hotchem_24hpf_plate02,20260702_hotchem_24hpf_plate02_A11_e01,1
20260702_hotchem_24hpf_plate02,20260702_hotchem_24hpf_plate02_A12_e01,1
20260702_hotchem_24hpf_plate02,20260702_hotchem_24hpf_plate02_B01_e01,1
20260702_hotchem_24hpf_plate02,20260702_hotchem_24hpf_plate02_B02_e01,1
20260702_hotchem_24hpf_plate02,20260702_hotchem_24hpf_plate02_B03_e01,1
20260702_hotchem_24hpf_plate02,20260702_hotchem_24hpf_plate02_B04_e01,1
20260702_hotchem_24hpf_plate02,20260702_hotchem_24hpf_plate02_B05_e01,1
20260702_hotchem_24hpf_plate02,20260702_hotchem_24hpf_plate02_B06_e01,1
20260702_hotchem_24hpf_plate02,20260702_hotchem_24hpf_plate02_B06_e02,1
20260702_hotchem_24hpf_plate02,20260702_hotchem_24hpf_plate02_B07_e01,1
20260702_hotchem_24hpf_plate02,20260702_hotchem_24hpf_plate02_B08_e01,1
20260702_hotchem_24hpf_plate02,20260702_hotchem_24hpf_plate02_B09_e01,1
20260702_hotchem_24hpf_plate02,20260702_hotchem_24hpf_plate02_B10_e01,1
20260702_hotchem_24hpf_plate02,20260702_hotchem_24hpf_plate02_B11_e01,1
20260702_hotchem_24hpf_plate02,20260702_hotchem_24hpf_plate02_B12_e01,1
20260702_hotchem_24hpf_plate02,20260702_hotchem_24hpf_plate02_B12_e02,1
20260702_hotchem_24hpf_plate02,20260702_hotchem_24hpf_plate02_C01_e01,1
20260702_hotchem_24hpf_plate02,20260702_hotchem_24hpf_plate02_C02_e01,1
20260702_hotchem_24hpf_plate02,20260702_hotchem_24hpf_plate02_C03_e01,1
20260702_hotchem_24hpf_plate02,20260702_hotchem_24hpf_plate02_C04_e01,1
20260702_hotchem_24hpf_plate02,20260702_hotchem_24hpf_plate02_C05_e01,1
20260702_hotchem_24hpf_plate02,20260702_hotchem_24hpf_plate02_C06_e01,1
20260702_hotchem_24hpf_plate02,20260702_hotchem_24hpf_plate02_C06_e02,1
20260702_hotchem_24hpf_plate02,20260702_hotchem_24hpf_plate02_C06_e03,1
20260702_hotchem_24hpf_plate02,20260702_hotchem_24hpf_plate02_C06_e04,1
20260702_hotchem_24hpf_plate02,20260702_hotchem_24hpf_plate02_C07_e01,1
20260702_hotchem_24hpf_plate02,20260702_hotchem_24hpf_plate02_C08_e01,1
20260702_hotchem_24hpf_plate02,20260702_hotchem_24hpf_plate02_C09_e01,1
20260702_hotchem_24hpf_plate02,20260702_hotchem_24hpf_plate02_C10_e01,1
20260702_hotchem_24hpf_plate02,20260702_hotchem_24hpf_plate02_C11_e01,1
20260702_hotchem_24hpf_plate02,20260702_hotchem_24hpf_plate02_C12_e01,1
20260702_hotchem_24hpf_plate02,20260702_hotchem_24hpf_plate02_D01_e01,1
20260702_hotchem_24hpf_plate02,20260702_hotchem_24hpf_plate02_D01_e02,1
20260702_hotchem_24hpf_plate02,20260702_hotchem_24hpf_plate02_D02_e01,1
20260702_hotchem_24hpf_plate02,20260702_hotchem_24hpf_plate02_D03_e01,1
20260702_hotchem_24hpf_plate02,20260702_hotchem_24hpf_plate02_D04_e01,1
20260702_hotchem_24hpf_plate02,20260702_hotchem_24hpf_plate02_D05_e01,1
20260702_hotchem_24hpf_plate02,20260702_hotchem_24hpf_plate02_D06_e01,1
20260702_hotchem_24hpf_plate02,20260702_hotchem_24hpf_plate02_D07_e01,1
20260702_hotchem_24hpf_plate02,20260702_hotchem_24hpf_plate02_D08_e01,1
20260702_hotchem_24hpf_plate02,20260702_hotchem_24hpf_plate02_D09_e01,1
20260702_hotchem_24hpf_plate02,20260702_hotchem_24hpf_plate02_D10_e01,1
20260702_hotchem_24hpf_plate02,20260702_hotchem_24hpf_plate02_D11_e01,1
20260702_hotchem_24hpf_plate02,20260702_hotchem_24hpf_plate02_D11_e02,1
20260702_hotchem_24hpf_plate02,20260702_hotchem_24hpf_plate02_D12_e01,1
20260702_hotchem_24hpf_plate02,20260702_hotchem_24hpf_plate02_D12_e02,1
20260702_hotchem_24hpf_plate02,20260702_hotchem_24hpf_plate02_E01_e01,1
20260702_hotchem_24hpf_plate02,20260702_hotchem_24hpf_plate02_E02_e01,1
20260702_hotchem_24hpf_plate02,20260702_hotchem_24hpf_plate02_E03_e01,1
20260702_hotchem_24hpf_plate02,20260702_hotchem_24hpf_plate02_E04_e01,1
20260702_hotchem_24hpf_plate02,20260702_hotchem_24hpf_plate02_E05_e01,1
20260702_hotchem_24hpf_plate02,20260702_hotchem_24hpf_plate02_E06_e01,1
20260702_hotchem_24hpf_plate02,20260702_hotchem_24hpf_plate02_E06_e02,1
20260702_hotchem_24hpf_plate02,20260702_hotchem_24hpf_plate02_E07_e01,1
20260702_hotchem_24hpf_plate02,20260702_hotchem_24hpf_plate02_E08_e01,1
20260702_hotchem_24hpf_plate02,20260702_hotchem_24hpf_plate02_E09_e01,1
20260702_hotchem_24hpf_plate02,20260702_hotchem_24hpf_plate02_E09_e02,1
20260702_hotchem_24hpf_plate02,20260702_hotchem_24hpf_plate02_E10_e01,1
20260702_hotchem_24hpf_plate02,20260702_hotchem_24hpf_plate02_E11_e01,1
20260702_hotchem_24hpf_plate02,20260702_hotchem_24hpf_plate02_E12_e01,1
20260702_hotchem_24hpf_plate02,20260702_hotchem_24hpf_plate02_E12_e02,1
20260702_hotchem_24hpf_plate02,20260702_hotchem_24hpf_plate02_F01_e01,1
20260702_hotchem_24hpf_plate02,20260702_hotchem_24hpf_plate02_F02_e01,1
20260702_hotchem_24hpf_plate02,20260702_hotchem_24hpf_plate02_F03_e01,1
20260702_hotchem_24hpf_plate02,20260702_hotchem_24hpf_plate02_F04_e01,1
20260702_hotchem_24hpf_plate02,20260702_hotchem_24hpf_plate02_F05_e01,1
20260702_hotchem_24hpf_plate02,20260702_hotchem_24hpf_plate02_F06_e01,1
20260702_hotchem_24hpf_plate02,20260702_hotchem_24hpf_plate02_F07_e01,1
20260702_hotchem_24hpf_plate02,20260702_hotchem_24hpf_plate02_F08_e01,1
20260702_hotchem_24hpf_plate02,20260702_hotchem_24hpf_plate02_F08_e02,1
20260702_hotchem_24hpf_plate02,20260702_hotchem_24hpf_plate02_F08_e03,1
20260702_hotchem_24hpf_plate02,20260702_hotchem_24hpf_plate02_F09_e01,1
20260702_hotchem_24hpf_plate02,20260702_hotchem_24hpf_plate02_F09_e02,1
20260702_hotchem_24hpf_plate02,20260702_hotchem_24hpf_plate02_F10_e01,1
20260702_hotchem_24hpf_plate02,20260702_hotchem_24hpf_plate02_F11_e01,1
20260702_hotchem_24hpf_plate02,20260702_hotchem_24hpf_plate02_F12_e01,1
20260702_hotchem_24hpf_plate02,20260702_hotchem_24hpf_plate02_G01_e01,1
20260702_hotchem_24hpf_plate02,20260702_hotchem_24hpf_plate02_G02_e01,1
20260702_hotchem_24hpf_plate02,20260702_hotchem_24hpf_plate02_G03_e01,1
20260702_hotchem_24hpf_plate02,20260702_hotchem_24hpf_plate02_G04_e01,1
20260702_hotchem_24hpf_plate02,20260702_hotchem_24hpf_plate02_G05_e01,1
20260702_hotchem_24hpf_plate02,20260702_hotchem_24hpf_plate02_G05_e02,1
20260702_hotchem_24hpf_plate02,20260702_hotchem_24hpf_plate02_G06_e01,1
20260702_hotchem_24hpf_plate02,20260702_hotchem_24hpf_plate02_G07_e01,1
20260702_hotchem_24hpf_plate02,20260702_hotchem_24hpf_plate02_G08_e01,1
20260702_hotchem_24hpf_plate02,20260702_hotchem_24hpf_plate02_G09_e01,1
20260702_hotchem_24hpf_plate02,20260702_hotchem_24hpf_plate02_G09_e02,1
20260702_hotchem_24hpf_plate02,20260702_hotchem_24hpf_plate02_G10_e01,1
20260702_hotchem_24hpf_plate02,20260702_hotchem_24hpf_plate02_G11_e01,1
20260702_hotchem_24hpf_plate02,20260702_hotchem_24hpf_plate02_G11_e02,1
20260702_hotchem_24hpf_plate02,20260702_hotchem_24hpf_plate02_G11_e03,1
20260702_hotchem_24hpf_plate02,20260702_hotchem_24hpf_plate02_G12_e01,1
20260702_hotchem_24hpf_plate02,20260702_hotchem_24hpf_plate02_H01_e01,1
20260702_hotchem_24hpf_plate02,20260702_hotchem_24hpf_plate02_H02_e01,1
20260702_hotchem_24hpf_plate02,20260702_hotchem_24hpf_plate02_H03_e01,1
20260702_hotchem_24hpf_plate02,20260702_hotchem_24hpf_plate02_H04_e01,1
20260702_hotchem_24hpf_plate02,20260702_hotchem_24hpf_plate02_H05_e01,1
20260702_hotchem_24hpf_plate02,20260702_hotchem_24hpf_plate02_H06_e01,1
20260702_hotchem_24hpf_plate02,20260702_hotchem_24hpf_plate02_H07_e01,1
20260702_hotchem_24hpf_plate02,20260702_hotchem_24hpf_plate02_H08_e01,1
20260702_hotchem_24hpf_plate02,20260702_hotchem_24hpf_plate02_H09_e01,1
20260702_hotchem_24hpf_plate02,20260702_hotchem_24hpf_plate02_H10_e01,1
20260702_hotchem_24hpf_plate02,20260702_hotchem_24hpf_plate02_H11_e01,1
20260702_hotchem_24hpf_plate02,20260702_hotchem_24hpf_plate02_H12_e01,1
20260702_hotchem_30hpf_plate01,20260702_hotchem_30hpf_plate01_A01_e01,1
20260702_hotchem_30hpf_plate01,20260702_hotchem_30hpf_plate01_A02_e01,1
20260702_hotchem_30hpf_plate01,20260702_hotchem_30hpf_plate01_A02_e02,1
20260702_hotchem_30hpf_plate01,20260702_hotchem_30hpf_plate01_A03_e01,1
20260702_hotchem_30hpf_plate01,20260702_hotchem_30hpf_plate01_A04_e01,1
20260702_hotchem_30hpf_plate01,20260702_hotchem_30hpf_plate01_A05_e01,1
20260702_hotchem_30hpf_plate01,20260702_hotchem_30hpf_plate01_A06_e01,1
20260702_hotchem_30hpf_plate01,20260702_hotchem_30hpf_plate01_A07_e01,1
20260702_hotchem_30hpf_plate01,20260702_hotchem_30hpf_plate01_A07_e02,1
20260702_hotchem_30hpf_plate01,20260702_hotchem_30hpf_plate01_A08_e01,1
20260702_hotchem_30hpf_plate01,20260702_hotchem_30hpf_plate01_A09_e01,1
20260702_hotchem_30hpf_plate01,20260702_hotchem_30hpf_plate01_A10_e01,1
20260702_hotchem_30hpf_plate01,20260702_hotchem_30hpf_plate01_A11_e01,1
20260702_hotchem_30hpf_plate01,20260702_hotchem_30hpf_plate01_A12_e01,1
20260702_hotchem_30hpf_plate01,20260702_hotchem_30hpf_plate01_B01_e01,1
20260702_hotchem_30hpf_plate01,20260702_hotchem_30hpf_plate01_B02_e01,1
20260702_hotchem_30hpf_plate01,20260702_hotchem_30hpf_plate01_B02_e02,1
20260702_hotchem_30hpf_plate01,20260702_hotchem_30hpf_plate01_B02_e03,1
20260702_hotchem_30hpf_plate01,20260702_hotchem_30hpf_plate01_B03_e01,1
20260702_hotchem_30hpf_plate01,20260702_hotchem_30hpf_plate01_B04_e01,1
20260702_hotchem_30hpf_plate01,20260702_hotchem_30hpf_plate01_B05_e01,1
20260702_hotchem_30hpf_plate01,20260702_hotchem_30hpf_plate01_B06_e01,1
20260702_hotchem_30hpf_plate01,20260702_hotchem_30hpf_plate01_B07_e01,1
20260702_hotchem_30hpf_plate01,20260702_hotchem_30hpf_plate01_B08_e01,1
20260702_hotchem_30hpf_plate01,20260702_hotchem_30hpf_plate01_B08_e02,1
20260702_hotchem_30hpf_plate01,20260702_hotchem_30hpf_plate01_B09_e01,1
20260702_hotchem_30hpf_plate01,20260702_hotchem_30hpf_plate01_B10_e01,1
20260702_hotchem_30hpf_plate01,20260702_hotchem_30hpf_plate01_B11_e01,1
20260702_hotchem_30hpf_plate01,20260702_hotchem_30hpf_plate01_B12_e01,1
20260702_hotchem_30hpf_plate01,20260702_hotchem_30hpf_plate01_C01_e01,1
20260702_hotchem_30hpf_plate01,20260702_hotchem_30hpf_plate01_C01_e02,1
20260702_hotchem_30hpf_plate01,20260702_hotchem_30hpf_plate01_C02_e01,1
20260702_hotchem_30hpf_plate01,20260702_hotchem_30hpf_plate01_C02_e02,1
20260702_hotchem_30hpf_plate01,20260702_hotchem_30hpf_plate01_C03_e01,1
20260702_hotchem_30hpf_plate01,20260702_hotchem_30hpf_plate01_C03_e02,1
20260702_hotchem_30hpf_plate01,20260702_hotchem_30hpf_plate01_C04_e01,1
20260702_hotchem_30hpf_plate01,20260702_hotchem_30hpf_plate01_C04_e02,1
20260702_hotchem_30hpf_plate01,20260702_hotchem_30hpf_plate01_C05_e01,1
20260702_hotchem_30hpf_plate01,20260702_hotchem_30hpf_plate01_C05_e02,1
20260702_hotchem_30hpf_plate01,20260702_hotchem_30hpf_plate01_C06_e01,1
20260702_hotchem_30hpf_plate01,20260702_hotchem_30hpf_plate01_C07_e01,1
20260702_hotchem_30hpf_plate01,20260702_hotchem_30hpf_plate01_C07_e02,1
20260702_hotchem_30hpf_plate01,20260702_hotchem_30hpf_plate01_C08_e01,1
20260702_hotchem_30hpf_plate01,20260702_hotchem_30hpf_plate01_C08_e02,1
20260702_hotchem_30hpf_plate01,20260702_hotchem_30hpf_plate01_C09_e01,1
20260702_hotchem_30hpf_plate01,20260702_hotchem_30hpf_plate01_C10_e01,1
20260702_hotchem_30hpf_plate01,20260702_hotchem_30hpf_plate01_C11_e01,1
20260702_hotchem_30hpf_plate01,20260702_hotchem_30hpf_plate01_C12_e01,1
20260702_hotchem_30hpf_plate01,20260702_hotchem_30hpf_plate01_D01_e01,1
20260702_hotchem_30hpf_plate01,20260702_hotchem_30hpf_plate01_D02_e01,1
20260702_hotchem_30hpf_plate01,20260702_hotchem_30hpf_plate01_D03_e01,1
20260702_hotchem_30hpf_plate01,20260702_hotchem_30hpf_plate01_D05_e01,1
20260702_hotchem_30hpf_plate01,20260702_hotchem_30hpf_plate01_D06_e01,1
20260702_hotchem_30hpf_plate01,20260702_hotchem_30hpf_plate01_D06_e02,1
20260702_hotchem_30hpf_plate01,20260702_hotchem_30hpf_plate01_D07_e01,1
20260702_hotchem_30hpf_plate01,20260702_hotchem_30hpf_plate01_D07_e02,1
20260702_hotchem_30hpf_plate01,20260702_hotchem_30hpf_plate01_D07_e03,1
20260702_hotchem_30hpf_plate01,20260702_hotchem_30hpf_plate01_D08_e01,1
20260702_hotchem_30hpf_plate01,20260702_hotchem_30hpf_plate01_D09_e01,1
20260702_hotchem_30hpf_plate01,20260702_hotchem_30hpf_plate01_D10_e01,1
20260702_hotchem_30hpf_plate01,20260702_hotchem_30hpf_plate01_D11_e01,1
20260702_hotchem_30hpf_plate01,20260702_hotchem_30hpf_plate01_D12_e01,1
20260702_hotchem_30hpf_plate01,20260702_hotchem_30hpf_plate01_E01_e01,1
20260702_hotchem_30hpf_plate01,20260702_hotchem_30hpf_plate01_E02_e01,1
20260702_hotchem_30hpf_plate01,20260702_hotchem_30hpf_plate01_E02_e02,1
20260702_hotchem_30hpf_plate01,20260702_hotchem_30hpf_plate01_E02_e03,1
20260702_hotchem_30hpf_plate01,20260702_hotchem_30hpf_plate01_E03_e01,1
20260702_hotchem_30hpf_plate01,20260702_hotchem_30hpf_plate01_E03_e02,1
20260702_hotchem_30hpf_plate01,20260702_hotchem_30hpf_plate01_E03_e03,1
20260702_hotchem_30hpf_plate01,20260702_hotchem_30hpf_plate01_E04_e01,1
20260702_hotchem_30hpf_plate01,20260702_hotchem_30hpf_plate01_E05_e01,1
20260702_hotchem_30hpf_plate01,20260702_hotchem_30hpf_plate01_E05_e02,1
20260702_hotchem_30hpf_plate01,20260702_hotchem_30hpf_plate01_E06_e01,1
20260702_hotchem_30hpf_plate01,20260702_hotchem_30hpf_plate01_E07_e01,1
20260702_hotchem_30hpf_plate01,20260702_hotchem_30hpf_plate01_E08_e01,1
20260702_hotchem_30hpf_plate01,20260702_hotchem_30hpf_plate01_E08_e02,1
20260702_hotchem_30hpf_plate01,20260702_hotchem_30hpf_plate01_E08_e03,1
20260702_hotchem_30hpf_plate01,20260702_hotchem_30hpf_plate01_E09_e01,1
20260702_hotchem_30hpf_plate01,20260702_hotchem_30hpf_plate01_E10_e01,1
20260702_hotchem_30hpf_plate01,20260702_hotchem_30hpf_plate01_E11_e01,1
20260702_hotchem_30hpf_plate01,20260702_hotchem_30hpf_plate01_E12_e01,1
20260702_hotchem_30hpf_plate01,20260702_hotchem_30hpf_plate01_F01_e01,1
20260702_hotchem_30hpf_plate01,20260702_hotchem_30hpf_plate01_F02_e01,1
20260702_hotchem_30hpf_plate01,20260702_hotchem_30hpf_plate01_F02_e02,1
20260702_hotchem_30hpf_plate01,20260702_hotchem_30hpf_plate01_F03_e01,1
20260702_hotchem_30hpf_plate01,20260702_hotchem_30hpf_plate01_F04_e01,1
20260702_hotchem_30hpf_plate01,20260702_hotchem_30hpf_plate01_F05_e01,1
20260702_hotchem_30hpf_plate01,20260702_hotchem_30hpf_plate01_F06_e01,1
20260702_hotchem_30hpf_plate01,20260702_hotchem_30hpf_plate01_F07_e01,1
20260702_hotchem_30hpf_plate01,20260702_hotchem_30hpf_plate01_F08_e01,1
20260702_hotchem_30hpf_plate01,20260702_hotchem_30hpf_plate01_F09_e01,1
20260702_hotchem_30hpf_plate01,20260702_hotchem_30hpf_plate01_F10_e01,1
20260702_hotchem_30hpf_plate01,20260702_hotchem_30hpf_plate01_F10_e02,1
20260702_hotchem_30hpf_plate01,20260702_hotchem_30hpf_plate01_F11_e01,1
20260702_hotchem_30hpf_plate01,20260702_hotchem_30hpf_plate01_F12_e01,1
20260702_hotchem_30hpf_plate01,20260702_hotchem_30hpf_plate01_F12_e02,1
20260702_hotchem_30hpf_plate01,20260702_hotchem_30hpf_plate01_G01_e01,1
20260702_hotchem_30hpf_plate01,20260702_hotchem_30hpf_plate01_G02_e01,1
20260702_hotchem_30hpf_plate01,20260702_hotchem_30hpf_plate01_G03_e01,1
20260702_hotchem_30hpf_plate01,20260702_hotchem_30hpf_plate01_G04_e01,1
20260702_hotchem_30hpf_plate01,20260702_hotchem_30hpf_plate01_G04_e02,1
20260702_hotchem_30hpf_plate01,20260702_hotchem_30hpf_plate01_G04_e03,1
20260702_hotchem_30hpf_plate01,20260702_hotchem_30hpf_plate01_G05_e01,1
20260702_hotchem_30hpf_plate01,20260702_hotchem_30hpf_plate01_G05_e02,1
20260702_hotchem_30hpf_plate01,20260702_hotchem_30hpf_plate01_G06_e01,1
20260702_hotchem_30hpf_plate01,20260702_hotchem_30hpf_plate01_G07_e01,1
20260702_hotchem_30hpf_plate01,20260702_hotchem_30hpf_plate01_G07_e02,1
20260702_hotchem_30hpf_plate01,20260702_hotchem_30hpf_plate01_G08_e01,1
20260702_hotchem_30hpf_plate01,20260702_hotchem_30hpf_plate01_G09_e01,1
20260702_hotchem_30hpf_plate01,20260702_hotchem_30hpf_plate01_G10_e01,1
20260702_hotchem_30hpf_plate01,20260702_hotchem_30hpf_plate01_G11_e01,1
20260702_hotchem_30hpf_plate01,20260702_hotchem_30hpf_plate01_G12_e01,1
20260702_hotchem_30hpf_plate01,20260702_hotchem_30hpf_plate01_H01_e01,1
20260702_hotchem_30hpf_plate01,20260702_hotchem_30hpf_plate01_H02_e01,1
20260702_hotchem_30hpf_plate01,20260702_hotchem_30hpf_plate01_H03_e01,1
20260702_hotchem_30hpf_plate01,20260702_hotchem_30hpf_plate01_H04_e01,1
20260702_hotchem_30hpf_plate01,20260702_hotchem_30hpf_plate01_H05_e01,1
20260702_hotchem_30hpf_plate01,20260702_hotchem_30hpf_plate01_H06_e01,1
20260702_hotchem_30hpf_plate01,20260702_hotchem_30hpf_plate01_H07_e01,1
20260702_hotchem_30hpf_plate01,20260702_hotchem_30hpf_plate01_H08_e01,1
20260702_hotchem_30hpf_plate01,20260702_hotchem_30hpf_plate01_H09_e01,1
20260702_hotchem_30hpf_plate01,20260702_hotchem_30hpf_plate01_H10_e01,1
20260702_hotchem_30hpf_plate01,20260702_hotchem_30hpf_plate01_H11_e01,1
20260702_hotchem_30hpf_plate01,20260702_hotchem_30hpf_plate01_H12_e01,1
20260702_hotchem_30hpf_plate02,20260702_hotchem_30hpf_plate02_A01_e01,1
20260702_hotchem_30hpf_plate02,20260702_hotchem_30hpf_plate02_A02_e01,1
20260702_hotchem_30hpf_plate02,20260702_hotchem_30hpf_plate02_A03_e01,1
20260702_hotchem_30hpf_plate02,20260702_hotchem_30hpf_plate02_A04_e01,1
20260702_hotchem_30hpf_plate02,20260702_hotchem_30hpf_plate02_A05_e01,1
20260702_hotchem_30hpf_plate02,20260702_hotchem_30hpf_plate02_A06_e01,1
20260702_hotchem_30hpf_plate02,20260702_hotchem_30hpf_plate02_A07_e01,1
20260702_hotchem_30hpf_plate02,20260702_hotchem_30hpf_plate02_A07_e02,1
20260702_hotchem_30hpf_plate02,20260702_hotchem_30hpf_plate02_A08_e01,1
20260702_hotchem_30hpf_plate02,20260702_hotchem_30hpf_plate02_A09_e01,1
20260702_hotchem_30hpf_plate02,20260702_hotchem_30hpf_plate02_A10_e01,1
20260702_hotchem_30hpf_plate02,20260702_hotchem_30hpf_plate02_A11_e01,1
20260702_hotchem_30hpf_plate02,20260702_hotchem_30hpf_plate02_A12_e01,1
20260702_hotchem_30hpf_plate02,20260702_hotchem_30hpf_plate02_B01_e01,1
20260702_hotchem_30hpf_plate02,20260702_hotchem_30hpf_plate02_B02_e01,1
20260702_hotchem_30hpf_plate02,20260702_hotchem_30hpf_plate02_B03_e01,1
20260702_hotchem_30hpf_plate02,20260702_hotchem_30hpf_plate02_B04_e01,1
20260702_hotchem_30hpf_plate02,20260702_hotchem_30hpf_plate02_B05_e01,1
20260702_hotchem_30hpf_plate02,20260702_hotchem_30hpf_plate02_B06_e01,1
20260702_hotchem_30hpf_plate02,20260702_hotchem_30hpf_plate02_B07_e01,1
20260702_hotchem_30hpf_plate02,20260702_hotchem_30hpf_plate02_B08_e01,1
20260702_hotchem_30hpf_plate02,20260702_hotchem_30hpf_plate02_B11_e01,1
20260702_hotchem_30hpf_plate02,20260702_hotchem_30hpf_plate02_B12_e01,1
20260702_hotchem_30hpf_plate02,20260702_hotchem_30hpf_plate02_C01_e01,1
20260702_hotchem_30hpf_plate02,20260702_hotchem_30hpf_plate02_C02_e01,1
20260702_hotchem_30hpf_plate02,20260702_hotchem_30hpf_plate02_C03_e01,1
20260702_hotchem_30hpf_plate02,20260702_hotchem_30hpf_plate02_C04_e01,1
20260702_hotchem_30hpf_plate02,20260702_hotchem_30hpf_plate02_C05_e01,1
20260702_hotchem_30hpf_plate02,20260702_hotchem_30hpf_plate02_C06_e01,1
20260702_hotchem_30hpf_plate02,20260702_hotchem_30hpf_plate02_C07_e01,1
20260702_hotchem_30hpf_plate02,20260702_hotchem_30hpf_plate02_C08_e01,1
20260702_hotchem_30hpf_plate02,20260702_hotchem_30hpf_plate02_C09_e01,1
20260702_hotchem_30hpf_plate02,20260702_hotchem_30hpf_plate02_C10_e01,1
20260702_hotchem_30hpf_plate02,20260702_hotchem_30hpf_plate02_C11_e01,1
20260702_hotchem_30hpf_plate02,20260702_hotchem_30hpf_plate02_C12_e01,1
20260702_hotchem_30hpf_plate02,20260702_hotchem_30hpf_plate02_D01_e01,1
20260702_hotchem_30hpf_plate02,20260702_hotchem_30hpf_plate02_D01_e02,1
20260702_hotchem_30hpf_plate02,20260702_hotchem_30hpf_plate02_D02_e01,1
20260702_hotchem_30hpf_plate02,20260702_hotchem_30hpf_plate02_D03_e01,1
20260702_hotchem_30hpf_plate02,20260702_hotchem_30hpf_plate02_D04_e01,1
20260702_hotchem_30hpf_plate02,20260702_hotchem_30hpf_plate02_D05_e01,1
20260702_hotchem_30hpf_plate02,20260702_hotchem_30hpf_plate02_D06_e01,1
20260702_hotchem_30hpf_plate02,20260702_hotchem_30hpf_plate02_D07_e01,1
20260702_hotchem_30hpf_plate02,20260702_hotchem_30hpf_plate02_D08_e01,1
20260702_hotchem_30hpf_plate02,20260702_hotchem_30hpf_plate02_D08_e02,1
20260702_hotchem_30hpf_plate02,20260702_hotchem_30hpf_plate02_D10_e01,1
20260702_hotchem_30hpf_plate02,20260702_hotchem_30hpf_plate02_D11_e01,1
20260702_hotchem_30hpf_plate02,20260702_hotchem_30hpf_plate02_D11_e02,1
20260702_hotchem_30hpf_plate02,20260702_hotchem_30hpf_plate02_D12_e01,1
20260702_hotchem_30hpf_plate02,20260702_hotchem_30hpf_plate02_E01_e01,1
20260702_hotchem_30hpf_plate02,20260702_hotchem_30hpf_plate02_E01_e02,1
20260702_hotchem_30hpf_plate02,20260702_hotchem_30hpf_plate02_E02_e01,1
20260702_hotchem_30hpf_plate02,20260702_hotchem_30hpf_plate02_E03_e01,1
20260702_hotchem_30hpf_plate02,20260702_hotchem_30hpf_plate02_E04_e01,1
20260702_hotchem_30hpf_plate02,20260702_hotchem_30hpf_plate02_E04_e02,1
20260702_hotchem_30hpf_plate02,20260702_hotchem_30hpf_plate02_E04_e03,1
20260702_hotchem_30hpf_plate02,20260702_hotchem_30hpf_plate02_E04_e04,1
20260702_hotchem_30hpf_plate02,20260702_hotchem_30hpf_plate02_E05_e01,1
20260702_hotchem_30hpf_plate02,20260702_hotchem_30hpf_plate02_E06_e01,1
20260702_hotchem_30hpf_plate02,20260702_hotchem_30hpf_plate02_E06_e02,1
20260702_hotchem_30hpf_plate02,20260702_hotchem_30hpf_plate02_E07_e01,1
20260702_hotchem_30hpf_plate02,20260702_hotchem_30hpf_plate02_E09_e01,1
20260702_hotchem_30hpf_plate02,20260702_hotchem_30hpf_plate02_E09_e02,1
20260702_hotchem_30hpf_plate02,20260702_hotchem_30hpf_plate02_E09_e03,1
20260702_hotchem_30hpf_plate02,20260702_hotchem_30hpf_plate02_E09_e04,1
20260702_hotchem_30hpf_plate02,20260702_hotchem_30hpf_plate02_E10_e01,1
20260702_hotchem_30hpf_plate02,20260702_hotchem_30hpf_plate02_E11_e01,1
20260702_hotchem_30hpf_plate02,20260702_hotchem_30hpf_plate02_E12_e01,1
20260702_hotchem_30hpf_plate02,20260702_hotchem_30hpf_plate02_F01_e01,1
20260702_hotchem_30hpf_plate02,20260702_hotchem_30hpf_plate02_F01_e02,1
20260702_hotchem_30hpf_plate02,20260702_hotchem_30hpf_plate02_F02_e01,1
20260702_hotchem_30hpf_plate02,20260702_hotchem_30hpf_plate02_F03_e01,1
20260702_hotchem_30hpf_plate02,20260702_hotchem_30hpf_plate02_F04_e01,1
20260702_hotchem_30hpf_plate02,20260702_hotchem_30hpf_plate02_F05_e01,1
20260702_hotchem_30hpf_plate02,20260702_hotchem_30hpf_plate02_F06_e01,1
20260702_hotchem_30hpf_plate02,20260702_hotchem_30hpf_plate02_F07_e01,1
20260702_hotchem_30hpf_plate02,20260702_hotchem_30hpf_plate02_F07_e02,1
20260702_hotchem_30hpf_plate02,20260702_hotchem_30hpf_plate02_F08_e01,1
20260702_hotchem_30hpf_plate02,20260702_hotchem_30hpf_plate02_F09_e01,1
20260702_hotchem_30hpf_plate02,20260702_hotchem_30hpf_plate02_F10_e01,1
20260702_hotchem_30hpf_plate02,20260702_hotchem_30hpf_plate02_F11_e01,1
20260702_hotchem_30hpf_plate02,20260702_hotchem_30hpf_plate02_F12_e01,1
20260702_hotchem_30hpf_plate02,20260702_hotchem_30hpf_plate02_G01_e01,1
20260702_hotchem_30hpf_plate02,20260702_hotchem_30hpf_plate02_G02_e01,1
20260702_hotchem_30hpf_plate02,20260702_hotchem_30hpf_plate02_G03_e01,1
20260702_hotchem_30hpf_plate02,20260702_hotchem_30hpf_plate02_G04_e01,1
20260702_hotchem_30hpf_plate02,20260702_hotchem_30hpf_plate02_G05_e01,1
20260702_hotchem_30hpf_plate02,20260702_hotchem_30hpf_plate02_G05_e02,1
20260702_hotchem_30hpf_plate02,20260702_hotchem_30hpf_plate02_G06_e01,1
20260702_hotchem_30hpf_plate02,20260702_hotchem_30hpf_plate02_G07_e01,1
20260702_hotchem_30hpf_plate02,20260702_hotchem_30hpf_plate02_G08_e01,1
20260702_hotchem_30hpf_plate02,20260702_hotchem_30hpf_plate02_G09_e01,1
20260702_hotchem_30hpf_plate02,20260702_hotchem_30hpf_plate02_G10_e01,1
20260702_hotchem_30hpf_plate02,20260702_hotchem_30hpf_plate02_G11_e01,1
20260702_hotchem_30hpf_plate02,20260702_hotchem_30hpf_plate02_G12_e01,1
20260702_hotchem_30hpf_plate02,20260702_hotchem_30hpf_plate02_H01_e01,1
20260702_hotchem_30hpf_plate02,20260702_hotchem_30hpf_plate02_H02_e01,1
20260702_hotchem_30hpf_plate02,20260702_hotchem_30hpf_plate02_H03_e01,1
20260702_hotchem_30hpf_plate02,20260702_hotchem_30hpf_plate02_H04_e01,1
20260702_hotchem_30hpf_plate02,20260702_hotchem_30hpf_plate02_H05_e01,1
20260702_hotchem_30hpf_plate02,20260702_hotchem_30hpf_plate02_H06_e01,1
20260702_hotchem_30hpf_plate02,20260702_hotchem_30hpf_plate02_H07_e01,1
20260702_hotchem_30hpf_plate02,20260702_hotchem_30hpf_plate02_H08_e01,1
20260702_hotchem_30hpf_plate02,20260702_hotchem_30hpf_plate02_H09_e01,1
20260702_hotchem_30hpf_plate02,20260702_hotchem_30hpf_plate02_H10_e01,1
20260702_hotchem_30hpf_plate02,20260702_hotchem_30hpf_plate02_H11_e01,1
20260702_hotchem_30hpf_plate02,20260702_hotchem_30hpf_plate02_H12_e01,1
20260702_hotchem_36hpf_plate01,20260702_hotchem_36hpf_plate01_A01_e01,1
20260702_hotchem_36hpf_plate01,20260702_hotchem_36hpf_plate01_A02_e01,1
20260702_hotchem_36hpf_plate01,20260702_hotchem_36hpf_plate01_A03_e01,1
20260702_hotchem_36hpf_plate01,20260702_hotchem_36hpf_plate01_A04_e01,1
20260702_hotchem_36hpf_plate01,20260702_hotchem_36hpf_plate01_A05_e01,1
20260702_hotchem_36hpf_plate01,20260702_hotchem_36hpf_plate01_A06_e01,1
20260702_hotchem_36hpf_plate01,20260702_hotchem_36hpf_plate01_A07_e01,1
20260702_hotchem_36hpf_plate01,20260702_hotchem_36hpf_plate01_A08_e01,1
20260702_hotchem_36hpf_plate01,20260702_hotchem_36hpf_plate01_A09_e01,1
20260702_hotchem_36hpf_plate01,20260702_hotchem_36hpf_plate01_A10_e01,1
20260702_hotchem_36hpf_plate01,20260702_hotchem_36hpf_plate01_A11_e01,1
20260702_hotchem_36hpf_plate01,20260702_hotchem_36hpf_plate01_A12_e01,1
20260702_hotchem_36hpf_plate01,20260702_hotchem_36hpf_plate01_B01_e01,1
20260702_hotchem_36hpf_plate01,20260702_hotchem_36hpf_plate01_B02_e01,1
20260702_hotchem_36hpf_plate01,20260702_hotchem_36hpf_plate01_B03_e01,1
20260702_hotchem_36hpf_plate01,20260702_hotchem_36hpf_plate01_B04_e01,1
20260702_hotchem_36hpf_plate01,20260702_hotchem_36hpf_plate01_B05_e01,1
20260702_hotchem_36hpf_plate01,20260702_hotchem_36hpf_plate01_B06_e01,1
20260702_hotchem_36hpf_plate01,20260702_hotchem_36hpf_plate01_B07_e01,1
20260702_hotchem_36hpf_plate01,20260702_hotchem_36hpf_plate01_B08_e01,1
20260702_hotchem_36hpf_plate01,20260702_hotchem_36hpf_plate01_B09_e01,1
20260702_hotchem_36hpf_plate01,20260702_hotchem_36hpf_plate01_B10_e01,1
20260702_hotchem_36hpf_plate01,20260702_hotchem_36hpf_plate01_B11_e01,1
20260702_hotchem_36hpf_plate01,20260702_hotchem_36hpf_plate01_B12_e01,1
20260702_hotchem_36hpf_plate01,20260702_hotchem_36hpf_plate01_C01_e01,1
20260702_hotchem_36hpf_plate01,20260702_hotchem_36hpf_plate01_C02_e01,1
20260702_hotchem_36hpf_plate01,20260702_hotchem_36hpf_plate01_C03_e01,1
20260702_hotchem_36hpf_plate01,20260702_hotchem_36hpf_plate01_C04_e01,1
20260702_hotchem_36hpf_plate01,20260702_hotchem_36hpf_plate01_C05_e01,1
20260702_hotchem_36hpf_plate01,20260702_hotchem_36hpf_plate01_C06_e01,1
20260702_hotchem_36hpf_plate01,20260702_hotchem_36hpf_plate01_C07_e01,1
20260702_hotchem_36hpf_plate01,20260702_hotchem_36hpf_plate01_C08_e01,1
20260702_hotchem_36hpf_plate01,20260702_hotchem_36hpf_plate01_C09_e01,1
20260702_hotchem_36hpf_plate01,20260702_hotchem_36hpf_plate01_C10_e01,1
20260702_hotchem_36hpf_plate01,20260702_hotchem_36hpf_plate01_C11_e01,1
20260702_hotchem_36hpf_plate01,20260702_hotchem_36hpf_plate01_C12_e01,1
20260702_hotchem_36hpf_plate01,20260702_hotchem_36hpf_plate01_D01_e01,1
20260702_hotchem_36hpf_plate01,20260702_hotchem_36hpf_plate01_D02_e01,1
20260702_hotchem_36hpf_plate01,20260702_hotchem_36hpf_plate01_D03_e01,1
20260702_hotchem_36hpf_plate01,20260702_hotchem_36hpf_plate01_D04_e01,1
20260702_hotchem_36hpf_plate01,20260702_hotchem_36hpf_plate01_D05_e01,1
20260702_hotchem_36hpf_plate01,20260702_hotchem_36hpf_plate01_D06_e01,1
20260702_hotchem_36hpf_plate01,20260702_hotchem_36hpf_plate01_D07_e01,1
20260702_hotchem_36hpf_plate01,20260702_hotchem_36hpf_plate01_D08_e01,1
20260702_hotchem_36hpf_plate01,20260702_hotchem_36hpf_plate01_D09_e01,1
20260702_hotchem_36hpf_plate01,20260702_hotchem_36hpf_plate01_D10_e01,1
20260702_hotchem_36hpf_plate01,20260702_hotchem_36hpf_plate01_D11_e01,1
20260702_hotchem_36hpf_plate01,20260702_hotchem_36hpf_plate01_D12_e01,1
20260702_hotchem_36hpf_plate01,20260702_hotchem_36hpf_plate01_E01_e01,1
20260702_hotchem_36hpf_plate01,20260702_hotchem_36hpf_plate01_E02_e01,1
20260702_hotchem_36hpf_plate01,20260702_hotchem_36hpf_plate01_E03_e01,1
20260702_hotchem_36hpf_plate01,20260702_hotchem_36hpf_plate01_E04_e01,1
20260702_hotchem_36hpf_plate01,20260702_hotchem_36hpf_plate01_E05_e01,1
20260702_hotchem_36hpf_plate01,20260702_hotchem_36hpf_plate01_E06_e01,1
20260702_hotchem_36hpf_plate01,20260702_hotchem_36hpf_plate01_E07_e01,1
20260702_hotchem_36hpf_plate01,20260702_hotchem_36hpf_plate01_E08_e01,1
20260702_hotchem_36hpf_plate01,20260702_hotchem_36hpf_plate01_E09_e01,1
20260702_hotchem_36hpf_plate01,20260702_hotchem_36hpf_plate01_E09_e02,1
20260702_hotchem_36hpf_plate01,20260702_hotchem_36hpf_plate01_E10_e01,1
20260702_hotchem_36hpf_plate01,20260702_hotchem_36hpf_plate01_E11_e01,1
20260702_hotchem_36hpf_plate01,20260702_hotchem_36hpf_plate01_E11_e02,1
20260702_hotchem_36hpf_plate01,20260702_hotchem_36hpf_plate01_E12_e01,1
20260702_hotchem_36hpf_plate01,20260702_hotchem_36hpf_plate01_F01_e01,1
20260702_hotchem_36hpf_plate01,20260702_hotchem_36hpf_plate01_F02_e01,1
20260702_hotchem_36hpf_plate01,20260702_hotchem_36hpf_plate01_F02_e02,1
20260702_hotchem_36hpf_plate01,20260702_hotchem_36hpf_plate01_F03_e01,1
20260702_hotchem_36hpf_plate01,20260702_hotchem_36hpf_plate01_F04_e01,1
20260702_hotchem_36hpf_plate01,20260702_hotchem_36hpf_plate01_F04_e02,1
20260702_hotchem_36hpf_plate01,20260702_hotchem_36hpf_plate01_F05_e01,1
20260702_hotchem_36hpf_plate01,20260702_hotchem_36hpf_plate01_F06_e01,1
20260702_hotchem_36hpf_plate01,20260702_hotchem_36hpf_plate01_F07_e01,1
20260702_hotchem_36hpf_plate01,20260702_hotchem_36hpf_plate01_F08_e01,1
20260702_hotchem_36hpf_plate01,20260702_hotchem_36hpf_plate01_F09_e01,1
20260702_hotchem_36hpf_plate01,20260702_hotchem_36hpf_plate01_F10_e01,1
20260702_hotchem_36hpf_plate01,20260702_hotchem_36hpf_plate01_F11_e01,1
20260702_hotchem_36hpf_plate01,20260702_hotchem_36hpf_plate01_F12_e01,1
20260702_hotchem_36hpf_plate01,20260702_hotchem_36hpf_plate01_G01_e01,1
20260702_hotchem_36hpf_plate01,20260702_hotchem_36hpf_plate01_G02_e01,1
20260702_hotchem_36hpf_plate01,20260702_hotchem_36hpf_plate01_G03_e01,1
20260702_hotchem_36hpf_plate01,20260702_hotchem_36hpf_plate01_G04_e01,1
20260702_hotchem_36hpf_plate01,20260702_hotchem_36hpf_plate01_G05_e01,1
20260702_hotchem_36hpf_plate01,20260702_hotchem_36hpf_plate01_G06_e01,1
20260702_hotchem_36hpf_plate01,20260702_hotchem_36hpf_plate01_G07_e01,1
20260702_hotchem_36hpf_plate01,20260702_hotchem_36hpf_plate01_G08_e01,1
20260702_hotchem_36hpf_plate01,20260702_hotchem_36hpf_plate01_G09_e01,1
20260702_hotchem_36hpf_plate01,20260702_hotchem_36hpf_plate01_G10_e01,1
20260702_hotchem_36hpf_plate01,20260702_hotchem_36hpf_plate01_G11_e01,1
20260702_hotchem_36hpf_plate01,20260702_hotchem_36hpf_plate01_G12_e01,1
20260702_hotchem_36hpf_plate01,20260702_hotchem_36hpf_plate01_G12_e02,1
20260702_hotchem_36hpf_plate01,20260702_hotchem_36hpf_plate01_H01_e01,1
20260702_hotchem_36hpf_plate01,20260702_hotchem_36hpf_plate01_H02_e01,1
20260702_hotchem_36hpf_plate01,20260702_hotchem_36hpf_plate01_H03_e01,1
20260702_hotchem_36hpf_plate01,20260702_hotchem_36hpf_plate01_H04_e01,1
20260702_hotchem_36hpf_plate01,20260702_hotchem_36hpf_plate01_H05_e01,1
20260702_hotchem_36hpf_plate01,20260702_hotchem_36hpf_plate01_H06_e01,1
20260702_hotchem_36hpf_plate01,20260702_hotchem_36hpf_plate01_H07_e01,1
20260702_hotchem_36hpf_plate01,20260702_hotchem_36hpf_plate01_H08_e01,1
20260702_hotchem_36hpf_plate01,20260702_hotchem_36hpf_plate01_H09_e01,1
20260702_hotchem_36hpf_plate01,20260702_hotchem_36hpf_plate01_H10_e01,1
20260702_hotchem_36hpf_plate01,20260702_hotchem_36hpf_plate01_H11_e01,1
20260702_hotchem_36hpf_plate01,20260702_hotchem_36hpf_plate01_H12_e01,1
20260702_hotchem_36hpf_plate02,20260702_hotchem_36hpf_plate02_A01_e01,1
20260702_hotchem_36hpf_plate02,20260702_hotchem_36hpf_plate02_A02_e01,1
20260702_hotchem_36hpf_plate02,20260702_hotchem_36hpf_plate02_A03_e01,1
20260702_hotchem_36hpf_plate02,20260702_hotchem_36hpf_plate02_A04_e01,1
20260702_hotchem_36hpf_plate02,20260702_hotchem_36hpf_plate02_A05_e01,1
20260702_hotchem_36hpf_plate02,20260702_hotchem_36hpf_plate02_A06_e01,1
20260702_hotchem_36hpf_plate02,20260702_hotchem_36hpf_plate02_A07_e01,1
20260702_hotchem_36hpf_plate02,20260702_hotchem_36hpf_plate02_A08_e01,1
20260702_hotchem_36hpf_plate02,20260702_hotchem_36hpf_plate02_A09_e01,1
20260702_hotchem_36hpf_plate02,20260702_hotchem_36hpf_plate02_A10_e01,1
20260702_hotchem_36hpf_plate02,20260702_hotchem_36hpf_plate02_A11_e01,1
20260702_hotchem_36hpf_plate02,20260702_hotchem_36hpf_plate02_A11_e02,1
20260702_hotchem_36hpf_plate02,20260702_hotchem_36hpf_plate02_A12_e01,1
20260702_hotchem_36hpf_plate02,20260702_hotchem_36hpf_plate02_B01_e01,1
20260702_hotchem_36hpf_plate02,20260702_hotchem_36hpf_plate02_B02_e01,1
20260702_hotchem_36hpf_plate02,20260702_hotchem_36hpf_plate02_B03_e01,1
20260702_hotchem_36hpf_plate02,20260702_hotchem_36hpf_plate02_B04_e01,1
20260702_hotchem_36hpf_plate02,20260702_hotchem_36hpf_plate02_B05_e01,1
20260702_hotchem_36hpf_plate02,20260702_hotchem_36hpf_plate02_B06_e01,1
20260702_hotchem_36hpf_plate02,20260702_hotchem_36hpf_plate02_B07_e01,1
20260702_hotchem_36hpf_plate02,20260702_hotchem_36hpf_plate02_B08_e01,1
20260702_hotchem_36hpf_plate02,20260702_hotchem_36hpf_plate02_B09_e01,1
20260702_hotchem_36hpf_plate02,20260702_hotchem_36hpf_plate02_B10_e01,1
20260702_hotchem_36hpf_plate02,20260702_hotchem_36hpf_plate02_B11_e01,1
20260702_hotchem_36hpf_plate02,20260702_hotchem_36hpf_plate02_B12_e01,1
20260702_hotchem_36hpf_plate02,20260702_hotchem_36hpf_plate02_C01_e01,1
20260702_hotchem_36hpf_plate02,20260702_hotchem_36hpf_plate02_C02_e01,1
20260702_hotchem_36hpf_plate02,20260702_hotchem_36hpf_plate02_C03_e01,1
20260702_hotchem_36hpf_plate02,20260702_hotchem_36hpf_plate02_C04_e01,1
20260702_hotchem_36hpf_plate02,20260702_hotchem_36hpf_plate02_C05_e01,1
20260702_hotchem_36hpf_plate02,20260702_hotchem_36hpf_plate02_C06_e01,1
20260702_hotchem_36hpf_plate02,20260702_hotchem_36hpf_plate02_C07_e01,1
20260702_hotchem_36hpf_plate02,20260702_hotchem_36hpf_plate02_C08_e01,1
20260702_hotchem_36hpf_plate02,20260702_hotchem_36hpf_plate02_C09_e01,1
20260702_hotchem_36hpf_plate02,20260702_hotchem_36hpf_plate02_C10_e01,1
20260702_hotchem_36hpf_plate02,20260702_hotchem_36hpf_plate02_C11_e01,1
20260702_hotchem_36hpf_plate02,20260702_hotchem_36hpf_plate02_C12_e01,1
20260702_hotchem_36hpf_plate02,20260702_hotchem_36hpf_plate02_D01_e01,1
20260702_hotchem_36hpf_plate02,20260702_hotchem_36hpf_plate02_D02_e01,1
20260702_hotchem_36hpf_plate02,20260702_hotchem_36hpf_plate02_D03_e01,1
20260702_hotchem_36hpf_plate02,20260702_hotchem_36hpf_plate02_D04_e01,1
20260702_hotchem_36hpf_plate02,20260702_hotchem_36hpf_plate02_D05_e01,1
20260702_hotchem_36hpf_plate02,20260702_hotchem_36hpf_plate02_D06_e01,1
20260702_hotchem_36hpf_plate02,20260702_hotchem_36hpf_plate02_D07_e01,1
20260702_hotchem_36hpf_plate02,20260702_hotchem_36hpf_plate02_D08_e01,1
20260702_hotchem_36hpf_plate02,20260702_hotchem_36hpf_plate02_D09_e01,1
20260702_hotchem_36hpf_plate02,20260702_hotchem_36hpf_plate02_D10_e01,1
20260702_hotchem_36hpf_plate02,20260702_hotchem_36hpf_plate02_D11_e01,1
20260702_hotchem_36hpf_plate02,20260702_hotchem_36hpf_plate02_D12_e01,1
20260702_hotchem_36hpf_plate02,20260702_hotchem_36hpf_plate02_E01_e01,1
20260702_hotchem_36hpf_plate02,20260702_hotchem_36hpf_plate02_E02_e01,1
20260702_hotchem_36hpf_plate02,20260702_hotchem_36hpf_plate02_E03_e01,1
20260702_hotchem_36hpf_plate02,20260702_hotchem_36hpf_plate02_E04_e01,1
20260702_hotchem_36hpf_plate02,20260702_hotchem_36hpf_plate02_E05_e01,1
20260702_hotchem_36hpf_plate02,20260702_hotchem_36hpf_plate02_E06_e01,1
20260702_hotchem_36hpf_plate02,20260702_hotchem_36hpf_plate02_E07_e01,1
20260702_hotchem_36hpf_plate02,20260702_hotchem_36hpf_plate02_E08_e01,1
20260702_hotchem_36hpf_plate02,20260702_hotchem_36hpf_plate02_E09_e01,1
20260702_hotchem_36hpf_plate02,20260702_hotchem_36hpf_plate02_E10_e01,1
20260702_hotchem_36hpf_plate02,20260702_hotchem_36hpf_plate02_E11_e01,1
20260702_hotchem_36hpf_plate02,20260702_hotchem_36hpf_plate02_E12_e01,1
20260702_hotchem_36hpf_plate02,20260702_hotchem_36hpf_plate02_F01_e01,1
20260702_hotchem_36hpf_plate02,20260702_hotchem_36hpf_plate02_F02_e01,1
20260702_hotchem_36hpf_plate02,20260702_hotchem_36hpf_plate02_F02_e02,1
20260702_hotchem_36hpf_plate02,20260702_hotchem_36hpf_plate02_F03_e01,1
20260702_hotchem_36hpf_plate02,20260702_hotchem_36hpf_plate02_F04_e01,1
20260702_hotchem_36hpf_plate02,20260702_hotchem_36hpf_plate02_F05_e01,1
20260702_hotchem_36hpf_plate02,20260702_hotchem_36hpf_plate02_F06_e01,1
20260702_hotchem_36hpf_plate02,20260702_hotchem_36hpf_plate02_F07_e01,1
20260702_hotchem_36hpf_plate02,20260702_hotchem_36hpf_plate02_F08_e01,1
20260702_hotchem_36hpf_plate02,20260702_hotchem_36hpf_plate02_F09_e01,1
20260702_hotchem_36hpf_plate02,20260702_hotchem_36hpf_plate02_F10_e01,1
20260702_hotchem_36hpf_plate02,20260702_hotchem_36hpf_plate02_F11_e01,1
20260702_hotchem_36hpf_plate02,20260702_hotchem_36hpf_plate02_F12_e01,1
20260702_hotchem_36hpf_plate02,20260702_hotchem_36hpf_plate02_G01_e01,1
20260702_hotchem_36hpf_plate02,20260702_hotchem_36hpf_plate02_G02_e01,1
20260702_hotchem_36hpf_plate02,20260702_hotchem_36hpf_plate02_G03_e01,1
20260702_hotchem_36hpf_plate02,20260702_hotchem_36hpf_plate02_G04_e01,1
20260702_hotchem_36hpf_plate02,20260702_hotchem_36hpf_plate02_G05_e01,1
20260702_hotchem_36hpf_plate02,20260702_hotchem_36hpf_plate02_G06_e01,1
20260702_hotchem_36hpf_plate02,20260702_hotchem_36hpf_plate02_G07_e01,1
20260702_hotchem_36hpf_plate02,20260702_hotchem_36hpf_plate02_G08_e01,1
20260702_hotchem_36hpf_plate02,20260702_hotchem_36hpf_plate02_G09_e01,1
20260702_hotchem_36hpf_plate02,20260702_hotchem_36hpf_plate02_G10_e01,1
20260702_hotchem_36hpf_plate02,20260702_hotchem_36hpf_plate02_G11_e01,1
20260702_hotchem_36hpf_plate02,20260702_hotchem_36hpf_plate02_G12_e01,1
20260702_hotchem_36hpf_plate02,20260702_hotchem_36hpf_plate02_H01_e01,1
20260702_hotchem_36hpf_plate02,20260702_hotchem_36hpf_plate02_H02_e01,1
20260702_hotchem_36hpf_plate02,20260702_hotchem_36hpf_plate02_H03_e01,1
20260702_hotchem_36hpf_plate02,20260702_hotchem_36hpf_plate02_H04_e01,1
20260702_hotchem_36hpf_plate02,20260702_hotchem_36hpf_plate02_H05_e01,1
20260702_hotchem_36hpf_plate02,20260702_hotchem_36hpf_plate02_H06_e01,1
20260702_hotchem_36hpf_plate02,20260702_hotchem_36hpf_plate02_H07_e01,1
20260702_hotchem_36hpf_plate02,20260702_hotchem_36hpf_plate02_H07_e02,1
20260702_hotchem_36hpf_plate02,20260702_hotchem_36hpf_plate02_H08_e01,1
20260702_hotchem_36hpf_plate02,20260702_hotchem_36hpf_plate02_H09_e01,1
20260702_hotchem_36hpf_plate02,20260702_hotchem_36hpf_plate02_H10_e01,1
20260702_hotchem_36hpf_plate02,20260702_hotchem_36hpf_plate02_H11_e01,1
20260702_hotchem_36hpf_plate02,20260702_hotchem_36hpf_plate02_H12_e01,1
20260724_hotfish_24hpf_plate01,20260724_hotfish_24hpf_plate01_A01_e01,1
20260724_hotfish_24hpf_plate01,20260724_hotfish_24hpf_plate01_A02_e01,1
20260724_hotfish_24hpf_plate01,20260724_hotfish_24hpf_plate01_A03_e01,1
20260724_hotfish_24hpf_plate01,20260724_hotfish_24hpf_plate01_A04_e01,1
20260724_hotfish_24hpf_plate01,20260724_hotfish_24hpf_plate01_A05_e01,1
20260724_hotfish_24hpf_plate01,20260724_hotfish_24hpf_plate01_A06_e01,1
20260724_hotfish_24hpf_plate01,20260724_hotfish_24hpf_plate01_A07_e01,1
20260724_hotfish_24hpf_plate01,20260724_hotfish_24hpf_plate01_A08_e01,1
20260724_hotfish_24hpf_plate01,20260724_hotfish_24hpf_plate01_A09_e01,1
20260724_hotfish_24hpf_plate01,20260724_hotfish_24hpf_plate01_A10_e01,1
20260724_hotfish_24hpf_plate01,20260724_hotfish_24hpf_plate01_A11_e01,1
20260724_hotfish_24hpf_plate01,20260724_hotfish_24hpf_plate01_A12_e01,1
20260724_hotfish_24hpf_plate01,20260724_hotfish_24hpf_plate01_B01_e01,1
20260724_hotfish_24hpf_plate01,20260724_hotfish_24hpf_plate01_B02_e01,1
20260724_hotfish_24hpf_plate01,20260724_hotfish_24hpf_plate01_B03_e01,1
20260724_hotfish_24hpf_plate01,20260724_hotfish_24hpf_plate01_B04_e01,1
20260724_hotfish_24hpf_plate01,20260724_hotfish_24hpf_plate01_B05_e01,1
20260724_hotfish_24hpf_plate01,20260724_hotfish_24hpf_plate01_B06_e01,1
20260724_hotfish_24hpf_plate01,20260724_hotfish_24hpf_plate01_B07_e01,1
20260724_hotfish_24hpf_plate01,20260724_hotfish_24hpf_plate01_B08_e01,1
20260724_hotfish_24hpf_plate01,20260724_hotfish_24hpf_plate01_B09_e01,1
20260724_hotfish_24hpf_plate01,20260724_hotfish_24hpf_plate01_B10_e01,1
20260724_hotfish_24hpf_plate01,20260724_hotfish_24hpf_plate01_B11_e01,1
20260724_hotfish_24hpf_plate01,20260724_hotfish_24hpf_plate01_B12_e01,1
20260724_hotfish_24hpf_plate01,20260724_hotfish_24hpf_plate01_C01_e01,1
20260724_hotfish_24hpf_plate01,20260724_hotfish_24hpf_plate01_C02_e01,1
20260724_hotfish_24hpf_plate01,20260724_hotfish_24hpf_plate01_C03_e01,1
20260724_hotfish_24hpf_plate01,20260724_hotfish_24hpf_plate01_C04_e01,1
20260724_hotfish_24hpf_plate01,20260724_hotfish_24hpf_plate01_C05_e01,1
20260724_hotfish_24hpf_plate01,20260724_hotfish_24hpf_plate01_C06_e01,1
20260724_hotfish_24hpf_plate01,20260724_hotfish_24hpf_plate01_C07_e01,1
20260724_hotfish_24hpf_plate01,20260724_hotfish_24hpf_plate01_C08_e01,1
20260724_hotfish_24hpf_plate01,20260724_hotfish_24hpf_plate01_C09_e01,1
20260724_hotfish_24hpf_plate01,20260724_hotfish_24hpf_plate01_C10_e01,1
20260724_hotfish_24hpf_plate01,20260724_hotfish_24hpf_plate01_C11_e01,1
20260724_hotfish_24hpf_plate01,20260724_hotfish_24hpf_plate01_C12_e01,1
20260724_hotfish_24hpf_plate01,20260724_hotfish_24hpf_plate01_D01_e01,1
20260724_hotfish_24hpf_plate01,20260724_hotfish_24hpf_plate01_D02_e01,1
20260724_hotfish_24hpf_plate01,20260724_hotfish_24hpf_plate01_D03_e01,1
20260724_hotfish_24hpf_plate01,20260724_hotfish_24hpf_plate01_D04_e01,1
20260724_hotfish_24hpf_plate01,20260724_hotfish_24hpf_plate01_D05_e01,1
20260724_hotfish_24hpf_plate01,20260724_hotfish_24hpf_plate01_D06_e01,1
20260724_hotfish_24hpf_plate01,20260724_hotfish_24hpf_plate01_D07_e01,1
20260724_hotfish_24hpf_plate01,20260724_hotfish_24hpf_plate01_D08_e01,1
20260724_hotfish_24hpf_plate01,20260724_hotfish_24hpf_plate01_D09_e01,1
20260724_hotfish_24hpf_plate01,20260724_hotfish_24hpf_plate01_D10_e01,1
20260724_hotfish_24hpf_plate01,20260724_hotfish_24hpf_plate01_D11_e01,1
20260724_hotfish_24hpf_plate01,20260724_hotfish_24hpf_plate01_D12_e01,1
20260724_hotfish_24hpf_plate01,20260724_hotfish_24hpf_plate01_E01_e01,1
20260724_hotfish_24hpf_plate01,20260724_hotfish_24hpf_plate01_E01_e02,1
20260724_hotfish_24hpf_plate01,20260724_hotfish_24hpf_plate01_E02_e01,1
20260724_hotfish_24hpf_plate01,20260724_hotfish_24hpf_plate01_E03_e01,1
20260724_hotfish_24hpf_plate01,20260724_hotfish_24hpf_plate01_E04_e01,1
20260724_hotfish_24hpf_plate01,20260724_hotfish_24hpf_plate01_E05_e01,1
20260724_hotfish_24hpf_plate01,20260724_hotfish_24hpf_plate01_E06_e01,1
20260724_hotfish_24hpf_plate01,20260724_hotfish_24hpf_plate01_E07_e01,1
20260724_hotfish_24hpf_plate01,20260724_hotfish_24hpf_plate01_E08_e01,1
20260724_hotfish_24hpf_plate01,20260724_hotfish_24hpf_plate01_E09_e01,1
20260724_hotfish_24hpf_plate01,20260724_hotfish_24hpf_plate01_E10_e01,1
20260724_hotfish_24hpf_plate01,20260724_hotfish_24hpf_plate01_E11_e01,1
20260724_hotfish_24hpf_plate01,20260724_hotfish_24hpf_plate01_E11_e02,1
20260724_hotfish_24hpf_plate01,20260724_hotfish_24hpf_plate01_E12_e01,1
20260724_hotfish_24hpf_plate01,20260724_hotfish_24hpf_plate01_F01_e01,1
20260724_hotfish_24hpf_plate01,20260724_hotfish_24hpf_plate01_F02_e01,1
20260724_hotfish_24hpf_plate01,20260724_hotfish_24hpf_plate01_F02_e02,1
20260724_hotfish_24hpf_plate01,20260724_hotfish_24hpf_plate01_F03_e01,1
20260724_hotfish_24hpf_plate01,20260724_hotfish_24hpf_plate01_F04_e01,1
20260724_hotfish_24hpf_plate01,20260724_hotfish_24hpf_plate01_F05_e01,1
20260724_hotfish_24hpf_plate01,20260724_hotfish_24hpf_plate01_F06_e01,1
20260724_hotfish_24hpf_plate01,20260724_hotfish_24hpf_plate01_F07_e01,1
20260724_hotfish_24hpf_plate01,20260724_hotfish_24hpf_plate01_F08_e01,1
20260724_hotfish_24hpf_plate01,20260724_hotfish_24hpf_plate01_F09_e01,1
20260724_hotfish_24hpf_plate01,20260724_hotfish_24hpf_plate01_F10_e01,1
20260724_hotfish_24hpf_plate01,20260724_hotfish_24hpf_plate01_F11_e01,1
20260724_hotfish_24hpf_plate01,20260724_hotfish_24hpf_plate01_F12_e01,1
20260724_hotfish_24hpf_plate01,20260724_hotfish_24hpf_plate01_G01_e01,1
20260724_hotfish_24hpf_plate01,20260724_hotfish_24hpf_plate01_G02_e01,1
20260724_hotfish_24hpf_plate01,20260724_hotfish_24hpf_plate01_G03_e01,1
20260724_hotfish_24hpf_plate01,20260724_hotfish_24hpf_plate01_G04_e01,1
20260724_hotfish_24hpf_plate01,20260724_hotfish_24hpf_plate01_G05_e01,1
20260724_hotfish_24hpf_plate01,20260724_hotfish_24hpf_plate01_G06_e01,1
20260724_hotfish_24hpf_plate01,20260724_hotfish_24hpf_plate01_G07_e01,1
20260724_hotfish_24hpf_plate01,20260724_hotfish_24hpf_plate01_G08_e01,1
20260724_hotfish_24hpf_plate01,20260724_hotfish_24hpf_plate01_G09_e01,1
20260724_hotfish_24hpf_plate01,20260724_hotfish_24hpf_plate01_G10_e01,1
20260724_hotfish_24hpf_plate01,20260724_hotfish_24hpf_plate01_G11_e01,1
20260724_hotfish_24hpf_plate01,20260724_hotfish_24hpf_plate01_G12_e01,1
20260724_hotfish_24hpf_plate01,20260724_hotfish_24hpf_plate01_H01_e01,1
20260724_hotfish_24hpf_plate01,20260724_hotfish_24hpf_plate01_H02_e01,1
20260724_hotfish_24hpf_plate01,20260724_hotfish_24hpf_plate01_H02_e02,1
20260724_hotfish_24hpf_plate01,20260724_hotfish_24hpf_plate01_H03_e01,1
20260724_hotfish_24hpf_plate01,20260724_hotfish_24hpf_plate01_H04_e01,1
20260724_hotfish_24hpf_plate01,20260724_hotfish_24hpf_plate01_H05_e01,1
20260724_hotfish_24hpf_plate01,20260724_hotfish_24hpf_plate01_H06_e01,1
20260724_hotfish_24hpf_plate01,20260724_hotfish_24hpf_plate01_H07_e01,1
20260724_hotfish_24hpf_plate01,20260724_hotfish_24hpf_plate01_H07_e02,1
20260724_hotfish_24hpf_plate01,20260724_hotfish_24hpf_plate01_H08_e01,1
20260724_hotfish_24hpf_plate01,20260724_hotfish_24hpf_plate01_H08_e02,1
20260724_hotfish_24hpf_plate01,20260724_hotfish_24hpf_plate01_H09_e01,1
20260724_hotfish_24hpf_plate01,20260724_hotfish_24hpf_plate01_H10_e01,1
20260724_hotfish_24hpf_plate01,20260724_hotfish_24hpf_plate01_H11_e01,1
20260724_hotfish_24hpf_plate01,20260724_hotfish_24hpf_plate01_H12_e01,1
20260724_hotfish_24hpf_plate02,20260724_hotfish_24hpf_plate02_A01_e01,1
20260724_hotfish_24hpf_plate02,20260724_hotfish_24hpf_plate02_A02_e01,1
20260724_hotfish_24hpf_plate02,20260724_hotfish_24hpf_plate02_A03_e01,1
20260724_hotfish_24hpf_plate02,20260724_hotfish_24hpf_plate02_A04_e01,1
20260724_hotfish_24hpf_plate02,20260724_hotfish_24hpf_plate02_A05_e01,1
20260724_hotfish_24hpf_plate02,20260724_hotfish_24hpf_plate02_A05_e02,1
20260724_hotfish_24hpf_plate02,20260724_hotfish_24hpf_plate02_A06_e01,1
20260724_hotfish_24hpf_plate02,20260724_hotfish_24hpf_plate02_A07_e01,1
20260724_hotfish_24hpf_plate02,20260724_hotfish_24hpf_plate02_B01_e01,1
20260724_hotfish_24hpf_plate02,20260724_hotfish_24hpf_plate02_B02_e01,1
20260724_hotfish_24hpf_plate02,20260724_hotfish_24hpf_plate02_B03_e01,1
20260724_hotfish_24hpf_plate02,20260724_hotfish_24hpf_plate02_B05_e01,1
20260724_hotfish_24hpf_plate02,20260724_hotfish_24hpf_plate02_B06_e01,1
20260724_hotfish_24hpf_plate02,20260724_hotfish_24hpf_plate02_B07_e01,1
20260724_hotfish_24hpf_plate02,20260724_hotfish_24hpf_plate02_C01_e01,1
20260724_hotfish_24hpf_plate02,20260724_hotfish_24hpf_plate02_C02_e01,1
20260724_hotfish_24hpf_plate02,20260724_hotfish_24hpf_plate02_C03_e01,1
20260724_hotfish_24hpf_plate02,20260724_hotfish_24hpf_plate02_C04_e01,1
20260724_hotfish_24hpf_plate02,20260724_hotfish_24hpf_plate02_C05_e01,1
20260724_hotfish_24hpf_plate02,20260724_hotfish_24hpf_plate02_C06_e01,1
20260724_hotfish_24hpf_plate02,20260724_hotfish_24hpf_plate02_C07_e01,1
20260724_hotfish_24hpf_plate02,20260724_hotfish_24hpf_plate02_D01_e01,1
20260724_hotfish_24hpf_plate02,20260724_hotfish_24hpf_plate02_D02_e01,1
20260724_hotfish_24hpf_plate02,20260724_hotfish_24hpf_plate02_D03_e01,1
20260724_hotfish_24hpf_plate02,20260724_hotfish_24hpf_plate02_D04_e01,1
20260724_hotfish_24hpf_plate02,20260724_hotfish_24hpf_plate02_D05_e01,1
20260724_hotfish_24hpf_plate02,20260724_hotfish_24hpf_plate02_D06_e01,1
20260724_hotfish_24hpf_plate02,20260724_hotfish_24hpf_plate02_D07_e01,1
20260724_hotfish_24hpf_plate02,20260724_hotfish_24hpf_plate02_E01_e01,1
20260724_hotfish_24hpf_plate02,20260724_hotfish_24hpf_plate02_E02_e01,1
20260724_hotfish_24hpf_plate02,20260724_hotfish_24hpf_plate02_E03_e01,1
20260724_hotfish_24hpf_plate02,20260724_hotfish_24hpf_plate02_E04_e01,1
20260724_hotfish_24hpf_plate02,20260724_hotfish_24hpf_plate02_E05_e01,1
20260724_hotfish_24hpf_plate02,20260724_hotfish_24hpf_plate02_E06_e01,1
20260724_hotfish_24hpf_plate02,20260724_hotfish_24hpf_plate02_E07_e01,1
20260724_hotfish_24hpf_plate02,20260724_hotfish_24hpf_plate02_F01_e01,1
20260724_hotfish_24hpf_plate02,20260724_hotfish_24hpf_plate02_F02_e01,1
20260724_hotfish_24hpf_plate02,20260724_hotfish_24hpf_plate02_F03_e01,1
20260724_hotfish_24hpf_plate02,20260724_hotfish_24hpf_plate02_F04_e01,1
20260724_hotfish_24hpf_plate02,20260724_hotfish_24hpf_plate02_F05_e01,1
20260724_hotfish_24hpf_plate02,20260724_hotfish_24hpf_plate02_F06_e01,1
20260724_hotfish_24hpf_plate02,20260724_hotfish_24hpf_plate02_F07_e01,1
20260724_hotfish_24hpf_plate02,20260724_hotfish_24hpf_plate02_G01_e01,1
20260724_hotfish_24hpf_plate02,20260724_hotfish_24hpf_plate02_G02_e01,1
20260724_hotfish_24hpf_plate02,20260724_hotfish_24hpf_plate02_G03_e01,1
20260724_hotfish_24hpf_plate02,20260724_hotfish_24hpf_plate02_G04_e01,1
20260724_hotfish_24hpf_plate02,20260724_hotfish_24hpf_plate02_G05_e01,1
20260724_hotfish_24hpf_plate02,20260724_hotfish_24hpf_plate02_G06_e01,1
20260724_hotfish_24hpf_plate02,20260724_hotfish_24hpf_plate02_G07_e01,1
20260724_hotfish_24hpf_plate02,20260724_hotfish_24hpf_plate02_H01_e01,1
20260724_hotfish_24hpf_plate02,20260724_hotfish_24hpf_plate02_H02_e01,1
20260724_hotfish_24hpf_plate02,20260724_hotfish_24hpf_plate02_H03_e01,1
20260724_hotfish_24hpf_plate02,20260724_hotfish_24hpf_plate02_H04_e01,1
20260724_hotfish_24hpf_plate02,20260724_hotfish_24hpf_plate02_H05_e01,1
20260724_hotfish_24hpf_plate02,20260724_hotfish_24hpf_plate02_H06_e01,1
20260724_hotfish_24hpf_plate02,20260724_hotfish_24hpf_plate02_H07_e01,1
20260724_hotfish_30hpf_plate01,20260724_hotfish_30hpf_plate01_A01_e01,1
20260724_hotfish_30hpf_plate01,20260724_hotfish_30hpf_plate01_A02_e01,1
20260724_hotfish_30hpf_plate01,20260724_hotfish_30hpf_plate01_A03_e01,1
20260724_hotfish_30hpf_plate01,20260724_hotfish_30hpf_plate01_A04_e01,1
20260724_hotfish_30hpf_plate01,20260724_hotfish_30hpf_plate01_A05_e01,1
20260724_hotfish_30hpf_plate01,20260724_hotfish_30hpf_plate01_A06_e01,1
20260724_hotfish_30hpf_plate01,20260724_hotfish_30hpf_plate01_A07_e01,1
20260724_hotfish_30hpf_plate01,20260724_hotfish_30hpf_plate01_A08_e01,1
20260724_hotfish_30hpf_plate01,20260724_hotfish_30hpf_plate01_A09_e01,1
20260724_hotfish_30hpf_plate01,20260724_hotfish_30hpf_plate01_A11_e01,1
20260724_hotfish_30hpf_plate01,20260724_hotfish_30hpf_plate01_A12_e01,1
20260724_hotfish_30hpf_plate01,20260724_hotfish_30hpf_plate01_B01_e01,1
20260724_hotfish_30hpf_plate01,20260724_hotfish_30hpf_plate01_B02_e01,1
20260724_hotfish_30hpf_plate01,20260724_hotfish_30hpf_plate01_B03_e01,1
20260724_hotfish_30hpf_plate01,20260724_hotfish_30hpf_plate01_B04_e01,1
20260724_hotfish_30hpf_plate01,20260724_hotfish_30hpf_plate01_B05_e01,1
20260724_hotfish_30hpf_plate01,20260724_hotfish_30hpf_plate01_B06_e01,1
20260724_hotfish_30hpf_plate01,20260724_hotfish_30hpf_plate01_B07_e01,1
20260724_hotfish_30hpf_plate01,20260724_hotfish_30hpf_plate01_B08_e01,1
20260724_hotfish_30hpf_plate01,20260724_hotfish_30hpf_plate01_B09_e01,1
20260724_hotfish_30hpf_plate01,20260724_hotfish_30hpf_plate01_B10_e01,1
20260724_hotfish_30hpf_plate01,20260724_hotfish_30hpf_plate01_B11_e01,1
20260724_hotfish_30hpf_plate01,20260724_hotfish_30hpf_plate01_B12_e01,1
20260724_hotfish_30hpf_plate01,20260724_hotfish_30hpf_plate01_B12_e02,1
20260724_hotfish_30hpf_plate01,20260724_hotfish_30hpf_plate01_C01_e01,1
20260724_hotfish_30hpf_plate01,20260724_hotfish_30hpf_plate01_C02_e01,1
20260724_hotfish_30hpf_plate01,20260724_hotfish_30hpf_plate01_C03_e01,1
20260724_hotfish_30hpf_plate01,20260724_hotfish_30hpf_plate01_C04_e01,1
20260724_hotfish_30hpf_plate01,20260724_hotfish_30hpf_plate01_C05_e01,1
20260724_hotfish_30hpf_plate01,20260724_hotfish_30hpf_plate01_C06_e01,1
20260724_hotfish_30hpf_plate01,20260724_hotfish_30hpf_plate01_C07_e01,1
20260724_hotfish_30hpf_plate01,20260724_hotfish_30hpf_plate01_C08_e01,1
20260724_hotfish_30hpf_plate01,20260724_hotfish_30hpf_plate01_C09_e01,1
20260724_hotfish_30hpf_plate01,20260724_hotfish_30hpf_plate01_C10_e01,1
20260724_hotfish_30hpf_plate01,20260724_hotfish_30hpf_plate01_C11_e01,1
20260724_hotfish_30hpf_plate01,20260724_hotfish_30hpf_plate01_C12_e01,1
20260724_hotfish_30hpf_plate01,20260724_hotfish_30hpf_plate01_D01_e01,1
20260724_hotfish_30hpf_plate01,20260724_hotfish_30hpf_plate01_D02_e01,1
20260724_hotfish_30hpf_plate01,20260724_hotfish_30hpf_plate01_D03_e01,1
20260724_hotfish_30hpf_plate01,20260724_hotfish_30hpf_plate01_D04_e01,1
20260724_hotfish_30hpf_plate01,20260724_hotfish_30hpf_plate01_D05_e01,1
20260724_hotfish_30hpf_plate01,20260724_hotfish_30hpf_plate01_D06_e01,1
20260724_hotfish_30hpf_plate01,20260724_hotfish_30hpf_plate01_D07_e01,1
20260724_hotfish_30hpf_plate01,20260724_hotfish_30hpf_plate01_D08_e01,1
20260724_hotfish_30hpf_plate01,20260724_hotfish_30hpf_plate01_D09_e01,1
20260724_hotfish_30hpf_plate01,20260724_hotfish_30hpf_plate01_D10_e01,1
20260724_hotfish_30hpf_plate01,20260724_hotfish_30hpf_plate01_D11_e01,1
20260724_hotfish_30hpf_plate01,20260724_hotfish_30hpf_plate01_D12_e01,1
20260724_hotfish_30hpf_plate01,20260724_hotfish_30hpf_plate01_E01_e01,1
20260724_hotfish_30hpf_plate01,20260724_hotfish_30hpf_plate01_E02_e01,1
20260724_hotfish_30hpf_plate01,20260724_hotfish_30hpf_plate01_E03_e01,1
20260724_hotfish_30hpf_plate01,20260724_hotfish_30hpf_plate01_E04_e01,1
20260724_hotfish_30hpf_plate01,20260724_hotfish_30hpf_plate01_E05_e01,1
20260724_hotfish_30hpf_plate01,20260724_hotfish_30hpf_plate01_E06_e01,1
20260724_hotfish_30hpf_plate01,20260724_hotfish_30hpf_plate01_E07_e01,1
20260724_hotfish_30hpf_plate01,20260724_hotfish_30hpf_plate01_E08_e01,1
20260724_hotfish_30hpf_plate01,20260724_hotfish_30hpf_plate01_E09_e01,1
20260724_hotfish_30hpf_plate01,20260724_hotfish_30hpf_plate01_E10_e01,1
20260724_hotfish_30hpf_plate01,20260724_hotfish_30hpf_plate01_E11_e01,1
20260724_hotfish_30hpf_plate01,20260724_hotfish_30hpf_plate01_E12_e01,1
20260724_hotfish_30hpf_plate01,20260724_hotfish_30hpf_plate01_F01_e01,1
20260724_hotfish_30hpf_plate01,20260724_hotfish_30hpf_plate01_F02_e01,1
20260724_hotfish_30hpf_plate01,20260724_hotfish_30hpf_plate01_F03_e01,1
20260724_hotfish_30hpf_plate01,20260724_hotfish_30hpf_plate01_F04_e01,1
20260724_hotfish_30hpf_plate01,20260724_hotfish_30hpf_plate01_F05_e01,1
20260724_hotfish_30hpf_plate01,20260724_hotfish_30hpf_plate01_F06_e01,1
20260724_hotfish_30hpf_plate01,20260724_hotfish_30hpf_plate01_F07_e01,1
20260724_hotfish_30hpf_plate01,20260724_hotfish_30hpf_plate01_F08_e01,1
20260724_hotfish_30hpf_plate01,20260724_hotfish_30hpf_plate01_F09_e01,1
20260724_hotfish_30hpf_plate01,20260724_hotfish_30hpf_plate01_F10_e01,1
20260724_hotfish_30hpf_plate01,20260724_hotfish_30hpf_plate01_F11_e01,1
20260724_hotfish_30hpf_plate01,20260724_hotfish_30hpf_plate01_F12_e01,1
20260724_hotfish_30hpf_plate01,20260724_hotfish_30hpf_plate01_G01_e01,1
20260724_hotfish_30hpf_plate01,20260724_hotfish_30hpf_plate01_G02_e01,1
20260724_hotfish_30hpf_plate01,20260724_hotfish_30hpf_plate01_G03_e01,1
20260724_hotfish_30hpf_plate01,20260724_hotfish_30hpf_plate01_G04_e01,1
20260724_hotfish_30hpf_plate01,20260724_hotfish_30hpf_plate01_G05_e01,1
20260724_hotfish_30hpf_plate01,20260724_hotfish_30hpf_plate01_G06_e01,1
20260724_hotfish_30hpf_plate01,20260724_hotfish_30hpf_plate01_G07_e01,1
20260724_hotfish_30hpf_plate01,20260724_hotfish_30hpf_plate01_G08_e01,1
20260724_hotfish_30hpf_plate01,20260724_hotfish_30hpf_plate01_G09_e01,1
20260724_hotfish_30hpf_plate01,20260724_hotfish_30hpf_plate01_G10_e01,1
20260724_hotfish_30hpf_plate01,20260724_hotfish_30hpf_plate01_G11_e01,1
20260724_hotfish_30hpf_plate01,20260724_hotfish_30hpf_plate01_G12_e01,1
20260724_hotfish_30hpf_plate01,20260724_hotfish_30hpf_plate01_H01_e01,1
20260724_hotfish_30hpf_plate01,20260724_hotfish_30hpf_plate01_H02_e01,1
20260724_hotfish_30hpf_plate01,20260724_hotfish_30hpf_plate01_H03_e01,1
20260724_hotfish_30hpf_plate01,20260724_hotfish_30hpf_plate01_H04_e01,1
20260724_hotfish_30hpf_plate01,20260724_hotfish_30hpf_plate01_H05_e01,1
20260724_hotfish_30hpf_plate01,20260724_hotfish_30hpf_plate01_H05_e02,1
20260724_hotfish_30hpf_plate01,20260724_hotfish_30hpf_plate01_H06_e01,1
20260724_hotfish_30hpf_plate01,20260724_hotfish_30hpf_plate01_H06_e02,1
20260724_hotfish_30hpf_plate01,20260724_hotfish_30hpf_plate01_H07_e01,1
20260724_hotfish_30hpf_plate01,20260724_hotfish_30hpf_plate01_H08_e01,1
20260724_hotfish_30hpf_plate01,20260724_hotfish_30hpf_plate01_H09_e01,1
20260724_hotfish_30hpf_plate01,20260724_hotfish_30hpf_plate01_H10_e01,1
20260724_hotfish_30hpf_plate01,20260724_hotfish_30hpf_plate01_H11_e01,1
20260724_hotfish_30hpf_plate01,20260724_hotfish_30hpf_plate01_H12_e01,1
20260724_hotfish_30hpf_plate02,20260724_hotfish_30hpf_plate02_A01_e01,1
20260724_hotfish_30hpf_plate02,20260724_hotfish_30hpf_plate02_A02_e01,1
20260724_hotfish_30hpf_plate02,20260724_hotfish_30hpf_plate02_A02_e02,1
20260724_hotfish_30hpf_plate02,20260724_hotfish_30hpf_plate02_A03_e01,1
20260724_hotfish_30hpf_plate02,20260724_hotfish_30hpf_plate02_A04_e01,1
20260724_hotfish_30hpf_plate02,20260724_hotfish_30hpf_plate02_A05_e01,1
20260724_hotfish_30hpf_plate02,20260724_hotfish_30hpf_plate02_A06_e01,1
20260724_hotfish_30hpf_plate02,20260724_hotfish_30hpf_plate02_A07_e01,1
20260724_hotfish_30hpf_plate02,20260724_hotfish_30hpf_plate02_B01_e01,1
20260724_hotfish_30hpf_plate02,20260724_hotfish_30hpf_plate02_B02_e01,1
20260724_hotfish_30hpf_plate02,20260724_hotfish_30hpf_plate02_B03_e01,1
20260724_hotfish_30hpf_plate02,20260724_hotfish_30hpf_plate02_B04_e01,1
20260724_hotfish_30hpf_plate02,20260724_hotfish_30hpf_plate02_B05_e01,1
20260724_hotfish_30hpf_plate02,20260724_hotfish_30hpf_plate02_B06_e01,1
20260724_hotfish_30hpf_plate02,20260724_hotfish_30hpf_plate02_B07_e01,1
20260724_hotfish_30hpf_plate02,20260724_hotfish_30hpf_plate02_C01_e01,1
20260724_hotfish_30hpf_plate02,20260724_hotfish_30hpf_plate02_C02_e01,1
20260724_hotfish_30hpf_plate02,20260724_hotfish_30hpf_plate02_C03_e01,1
20260724_hotfish_30hpf_plate02,20260724_hotfish_30hpf_plate02_C04_e01,1
20260724_hotfish_30hpf_plate02,20260724_hotfish_30hpf_plate02_C05_e01,1
20260724_hotfish_30hpf_plate02,20260724_hotfish_30hpf_plate02_C06_e01,1
20260724_hotfish_30hpf_plate02,20260724_hotfish_30hpf_plate02_C07_e01,1
20260724_hotfish_30hpf_plate02,20260724_hotfish_30hpf_plate02_D01_e01,1
20260724_hotfish_30hpf_plate02,20260724_hotfish_30hpf_plate02_D02_e01,1
20260724_hotfish_30hpf_plate02,20260724_hotfish_30hpf_plate02_D03_e01,1
20260724_hotfish_30hpf_plate02,20260724_hotfish_30hpf_plate02_D04_e01,1
20260724_hotfish_30hpf_plate02,20260724_hotfish_30hpf_plate02_D05_e01,1
20260724_hotfish_30hpf_plate02,20260724_hotfish_30hpf_plate02_D06_e01,1
20260724_hotfish_30hpf_plate02,20260724_hotfish_30hpf_plate02_D07_e01,1
20260724_hotfish_30hpf_plate02,20260724_hotfish_30hpf_plate02_E01_e01,1
20260724_hotfish_30hpf_plate02,20260724_hotfish_30hpf_plate02_E02_e01,1
20260724_hotfish_30hpf_plate02,20260724_hotfish_30hpf_plate02_E02_e02,1
20260724_hotfish_30hpf_plate02,20260724_hotfish_30hpf_plate02_E03_e01,1
20260724_hotfish_30hpf_plate02,20260724_hotfish_30hpf_plate02_E04_e01,1
20260724_hotfish_30hpf_plate02,20260724_hotfish_30hpf_plate02_E05_e01,1
20260724_hotfish_30hpf_plate02,20260724_hotfish_30hpf_plate02_E06_e01,1
20260724_hotfish_30hpf_plate02,20260724_hotfish_30hpf_plate02_E07_e01,1
20260724_hotfish_30hpf_plate02,20260724_hotfish_30hpf_plate02_F01_e01,1
20260724_hotfish_30hpf_plate02,20260724_hotfish_30hpf_plate02_F02_e01,1
20260724_hotfish_30hpf_plate02,20260724_hotfish_30hpf_plate02_F02_e02,1
20260724_hotfish_30hpf_plate02,20260724_hotfish_30hpf_plate02_F03_e01,1
20260724_hotfish_30hpf_plate02,20260724_hotfish_30hpf_plate02_F04_e01,1
20260724_hotfish_30hpf_plate02,20260724_hotfish_30hpf_plate02_F05_e01,1
20260724_hotfish_30hpf_plate02,20260724_hotfish_30hpf_plate02_F06_e01,1
20260724_hotfish_30hpf_plate02,20260724_hotfish_30hpf_plate02_F07_e01,1
20260724_hotfish_30hpf_plate02,20260724_hotfish_30hpf_plate02_G01_e01,1
20260724_hotfish_30hpf_plate02,20260724_hotfish_30hpf_plate02_G02_e01,1
20260724_hotfish_30hpf_plate02,20260724_hotfish_30hpf_plate02_G03_e01,1
20260724_hotfish_30hpf_plate02,20260724_hotfish_30hpf_plate02_G04_e01,1
20260724_hotfish_30hpf_plate02,20260724_hotfish_30hpf_plate02_G05_e01,1
20260724_hotfish_30hpf_plate02,20260724_hotfish_30hpf_plate02_G06_e01,1
20260724_hotfish_30hpf_plate02,20260724_hotfish_30hpf_plate02_G07_e01,1
20260724_hotfish_30hpf_plate02,20260724_hotfish_30hpf_plate02_H01_e01,1
20260724_hotfish_30hpf_plate02,20260724_hotfish_30hpf_plate02_H02_e01,1
20260724_hotfish_30hpf_plate02,20260724_hotfish_30hpf_plate02_H03_e01,1
20260724_hotfish_30hpf_plate02,20260724_hotfish_30hpf_plate02_H04_e01,1
20260724_hotfish_30hpf_plate02,20260724_hotfish_30hpf_plate02_H05_e01,1
20260724_hotfish_30hpf_plate02,20260724_hotfish_30hpf_plate02_H06_e01,1
20260724_hotfish_30hpf_plate02,20260724_hotfish_30hpf_plate02_H07_e01,1
20260724_hotfish_36hpf_plate01,20260724_hotfish_36hpf_plate01_A01_e01,1
20260724_hotfish_36hpf_plate01,20260724_hotfish_36hpf_plate01_A02_e01,1
20260724_hotfish_36hpf_plate01,20260724_hotfish_36hpf_plate01_A03_e01,1
20260724_hotfish_36hpf_plate01,20260724_hotfish_36hpf_plate01_A04_e01,1
20260724_hotfish_36hpf_plate01,20260724_hotfish_36hpf_plate01_A05_e01,1
20260724_hotfish_36hpf_plate01,20260724_hotfish_36hpf_plate01_A06_e01,1
20260724_hotfish_36hpf_plate01,20260724_hotfish_36hpf_plate01_A07_e01,1
20260724_hotfish_36hpf_plate01,20260724_hotfish_36hpf_plate01_A08_e01,1
20260724_hotfish_36hpf_plate01,20260724_hotfish_36hpf_plate01_A09_e01,1
20260724_hotfish_36hpf_plate01,20260724_hotfish_36hpf_plate01_A10_e01,1
20260724_hotfish_36hpf_plate01,20260724_hotfish_36hpf_plate01_A11_e01,1
20260724_hotfish_36hpf_plate01,20260724_hotfish_36hpf_plate01_A12_e01,1
20260724_hotfish_36hpf_plate01,20260724_hotfish_36hpf_plate01_B01_e01,1
20260724_hotfish_36hpf_plate01,20260724_hotfish_36hpf_plate01_B02_e01,1
20260724_hotfish_36hpf_plate01,20260724_hotfish_36hpf_plate01_B03_e01,1
20260724_hotfish_36hpf_plate01,20260724_hotfish_36hpf_plate01_B04_e01,1
20260724_hotfish_36hpf_plate01,20260724_hotfish_36hpf_plate01_B05_e01,1
20260724_hotfish_36hpf_plate01,20260724_hotfish_36hpf_plate01_B06_e01,1
20260724_hotfish_36hpf_plate01,20260724_hotfish_36hpf_plate01_B07_e01,1
20260724_hotfish_36hpf_plate01,20260724_hotfish_36hpf_plate01_B08_e01,1
20260724_hotfish_36hpf_plate01,20260724_hotfish_36hpf_plate01_B09_e01,1
20260724_hotfish_36hpf_plate01,20260724_hotfish_36hpf_plate01_B10_e01,1
20260724_hotfish_36hpf_plate01,20260724_hotfish_36hpf_plate01_B10_e02,1
20260724_hotfish_36hpf_plate01,20260724_hotfish_36hpf_plate01_B11_e01,1
20260724_hotfish_36hpf_plate01,20260724_hotfish_36hpf_plate01_B12_e01,1
20260724_hotfish_36hpf_plate01,20260724_hotfish_36hpf_plate01_C01_e01,1
20260724_hotfish_36hpf_plate01,20260724_hotfish_36hpf_plate01_C01_e02,1
20260724_hotfish_36hpf_plate01,20260724_hotfish_36hpf_plate01_C02_e01,1
20260724_hotfish_36hpf_plate01,20260724_hotfish_36hpf_plate01_C02_e02,1
20260724_hotfish_36hpf_plate01,20260724_hotfish_36hpf_plate01_C03_e01,1
20260724_hotfish_36hpf_plate01,20260724_hotfish_36hpf_plate01_C04_e01,1
20260724_hotfish_36hpf_plate01,20260724_hotfish_36hpf_plate01_C05_e01,1
20260724_hotfish_36hpf_plate01,20260724_hotfish_36hpf_plate01_C06_e01,1
20260724_hotfish_36hpf_plate01,20260724_hotfish_36hpf_plate01_C07_e01,1
20260724_hotfish_36hpf_plate01,20260724_hotfish_36hpf_plate01_C08_e01,1
20260724_hotfish_36hpf_plate01,20260724_hotfish_36hpf_plate01_C09_e01,1
20260724_hotfish_36hpf_plate01,20260724_hotfish_36hpf_plate01_C10_e01,1
20260724_hotfish_36hpf_plate01,20260724_hotfish_36hpf_plate01_C11_e01,1
20260724_hotfish_36hpf_plate01,20260724_hotfish_36hpf_plate01_C12_e01,1
20260724_hotfish_36hpf_plate01,20260724_hotfish_36hpf_plate01_D01_e01,1
20260724_hotfish_36hpf_plate01,20260724_hotfish_36hpf_plate01_D02_e01,1
20260724_hotfish_36hpf_plate01,20260724_hotfish_36hpf_plate01_D03_e01,1
20260724_hotfish_36hpf_plate01,20260724_hotfish_36hpf_plate01_D04_e01,1
20260724_hotfish_36hpf_plate01,20260724_hotfish_36hpf_plate01_D05_e01,1
20260724_hotfish_36hpf_plate01,20260724_hotfish_36hpf_plate01_D06_e01,1
20260724_hotfish_36hpf_plate01,20260724_hotfish_36hpf_plate01_D07_e01,1
20260724_hotfish_36hpf_plate01,20260724_hotfish_36hpf_plate01_D08_e01,1
20260724_hotfish_36hpf_plate01,20260724_hotfish_36hpf_plate01_D09_e01,1
20260724_hotfish_36hpf_plate01,20260724_hotfish_36hpf_plate01_D10_e01,1
20260724_hotfish_36hpf_plate01,20260724_hotfish_36hpf_plate01_D11_e01,1
20260724_hotfish_36hpf_plate01,20260724_hotfish_36hpf_plate01_D12_e01,1
20260724_hotfish_36hpf_plate01,20260724_hotfish_36hpf_plate01_E01_e01,1
20260724_hotfish_36hpf_plate01,20260724_hotfish_36hpf_plate01_E02_e01,1
20260724_hotfish_36hpf_plate01,20260724_hotfish_36hpf_plate01_E03_e01,1
20260724_hotfish_36hpf_plate01,20260724_hotfish_36hpf_plate01_E04_e01,1
20260724_hotfish_36hpf_plate01,20260724_hotfish_36hpf_plate01_E05_e01,1
20260724_hotfish_36hpf_plate01,20260724_hotfish_36hpf_plate01_E06_e01,1
20260724_hotfish_36hpf_plate01,20260724_hotfish_36hpf_plate01_E07_e01,1
20260724_hotfish_36hpf_plate01,20260724_hotfish_36hpf_plate01_E08_e01,1
20260724_hotfish_36hpf_plate01,20260724_hotfish_36hpf_plate01_E09_e01,1
20260724_hotfish_36hpf_plate01,20260724_hotfish_36hpf_plate01_E10_e01,1
20260724_hotfish_36hpf_plate01,20260724_hotfish_36hpf_plate01_E11_e01,1
20260724_hotfish_36hpf_plate01,20260724_hotfish_36hpf_plate01_E12_e01,1
20260724_hotfish_36hpf_plate01,20260724_hotfish_36hpf_plate01_F01_e01,1
20260724_hotfish_36hpf_plate01,20260724_hotfish_36hpf_plate01_F02_e01,1
20260724_hotfish_36hpf_plate01,20260724_hotfish_36hpf_plate01_F02_e02,1
20260724_hotfish_36hpf_plate01,20260724_hotfish_36hpf_plate01_F03_e01,1
20260724_hotfish_36hpf_plate01,20260724_hotfish_36hpf_plate01_F04_e01,1
20260724_hotfish_36hpf_plate01,20260724_hotfish_36hpf_plate01_F05_e01,1
20260724_hotfish_36hpf_plate01,20260724_hotfish_36hpf_plate01_F06_e01,1
20260724_hotfish_36hpf_plate01,20260724_hotfish_36hpf_plate01_F07_e01,1
20260724_hotfish_36hpf_plate01,20260724_hotfish_36hpf_plate01_F08_e01,1
20260724_hotfish_36hpf_plate01,20260724_hotfish_36hpf_plate01_F09_e01,1
20260724_hotfish_36hpf_plate01,20260724_hotfish_36hpf_plate01_F10_e01,1
20260724_hotfish_36hpf_plate01,20260724_hotfish_36hpf_plate01_F11_e01,1
20260724_hotfish_36hpf_plate01,20260724_hotfish_36hpf_plate01_F12_e01,1
20260724_hotfish_36hpf_plate01,20260724_hotfish_36hpf_plate01_G01_e01,1
20260724_hotfish_36hpf_plate01,20260724_hotfish_36hpf_plate01_G02_e01,1
20260724_hotfish_36hpf_plate01,20260724_hotfish_36hpf_plate01_G03_e01,1
20260724_hotfish_36hpf_plate01,20260724_hotfish_36hpf_plate01_G04_e01,1
20260724_hotfish_36hpf_plate01,20260724_hotfish_36hpf_plate01_G05_e01,1
20260724_hotfish_36hpf_plate01,20260724_hotfish_36hpf_plate01_G06_e01,1
20260724_hotfish_36hpf_plate01,20260724_hotfish_36hpf_plate01_G07_e01,1
20260724_hotfish_36hpf_plate01,20260724_hotfish_36hpf_plate01_G08_e01,1
20260724_hotfish_36hpf_plate01,20260724_hotfish_36hpf_plate01_G09_e01,1
20260724_hotfish_36hpf_plate01,20260724_hotfish_36hpf_plate01_G10_e01,1
20260724_hotfish_36hpf_plate01,20260724_hotfish_36hpf_plate01_G11_e01,1
20260724_hotfish_36hpf_plate01,20260724_hotfish_36hpf_plate01_G12_e01,1
20260724_hotfish_36hpf_plate01,20260724_hotfish_36hpf_plate01_H01_e01,1
20260724_hotfish_36hpf_plate01,20260724_hotfish_36hpf_plate01_H02_e01,1
20260724_hotfish_36hpf_plate01,20260724_hotfish_36hpf_plate01_H02_e02,1
20260724_hotfish_36hpf_plate01,20260724_hotfish_36hpf_plate01_H03_e01,1
20260724_hotfish_36hpf_plate01,20260724_hotfish_36hpf_plate01_H04_e01,1
20260724_hotfish_36hpf_plate01,20260724_hotfish_36hpf_plate01_H05_e01,1
20260724_hotfish_36hpf_plate01,20260724_hotfish_36hpf_plate01_H06_e01,1
20260724_hotfish_36hpf_plate01,20260724_hotfish_36hpf_plate01_H07_e01,1
20260724_hotfish_36hpf_plate01,20260724_hotfish_36hpf_plate01_H08_e01,1
20260724_hotfish_36hpf_plate01,20260724_hotfish_36hpf_plate01_H09_e01,1
20260724_hotfish_36hpf_plate01,20260724_hotfish_36hpf_plate01_H10_e01,1
20260724_hotfish_36hpf_plate01,20260724_hotfish_36hpf_plate01_H11_e01,1
20260724_hotfish_36hpf_plate01,20260724_hotfish_36hpf_plate01_H12_e01,1
20260724_hotfish_36hpf_plate02,20260724_hotfish_36hpf_plate02_A01_e01,1
20260724_hotfish_36hpf_plate02,20260724_hotfish_36hpf_plate02_A02_e01,1
20260724_hotfish_36hpf_plate02,20260724_hotfish_36hpf_plate02_A02_e02,1
20260724_hotfish_36hpf_plate02,20260724_hotfish_36hpf_plate02_A03_e01,1
20260724_hotfish_36hpf_plate02,20260724_hotfish_36hpf_plate02_A04_e01,1
20260724_hotfish_36hpf_plate02,20260724_hotfish_36hpf_plate02_A06_e01,1
20260724_hotfish_36hpf_plate02,20260724_hotfish_36hpf_plate02_A07_e01,1
20260724_hotfish_36hpf_plate02,20260724_hotfish_36hpf_plate02_B01_e01,1
20260724_hotfish_36hpf_plate02,20260724_hotfish_36hpf_plate02_B01_e02,1
20260724_hotfish_36hpf_plate02,20260724_hotfish_36hpf_plate02_B02_e01,1
20260724_hotfish_36hpf_plate02,20260724_hotfish_36hpf_plate02_B03_e01,1
20260724_hotfish_36hpf_plate02,20260724_hotfish_36hpf_plate02_B04_e01,1
20260724_hotfish_36hpf_plate02,20260724_hotfish_36hpf_plate02_B05_e01,1
20260724_hotfish_36hpf_plate02,20260724_hotfish_36hpf_plate02_B06_e01,1
20260724_hotfish_36hpf_plate02,20260724_hotfish_36hpf_plate02_B07_e01,1
20260724_hotfish_36hpf_plate02,20260724_hotfish_36hpf_plate02_C01_e01,1
20260724_hotfish_36hpf_plate02,20260724_hotfish_36hpf_plate02_C02_e01,1
20260724_hotfish_36hpf_plate02,20260724_hotfish_36hpf_plate02_C03_e01,1
20260724_hotfish_36hpf_plate02,20260724_hotfish_36hpf_plate02_C04_e01,1
20260724_hotfish_36hpf_plate02,20260724_hotfish_36hpf_plate02_C05_e01,1
20260724_hotfish_36hpf_plate02,20260724_hotfish_36hpf_plate02_C06_e01,1
20260724_hotfish_36hpf_plate02,20260724_hotfish_36hpf_plate02_C07_e01,1
20260724_hotfish_36hpf_plate02,20260724_hotfish_36hpf_plate02_D01_e01,1
20260724_hotfish_36hpf_plate02,20260724_hotfish_36hpf_plate02_D02_e01,1
20260724_hotfish_36hpf_plate02,20260724_hotfish_36hpf_plate02_D03_e01,1
20260724_hotfish_36hpf_plate02,20260724_hotfish_36hpf_plate02_D04_e01,1
20260724_hotfish_36hpf_plate02,20260724_hotfish_36hpf_plate02_D05_e01,1
20260724_hotfish_36hpf_plate02,20260724_hotfish_36hpf_plate02_D06_e01,1
20260724_hotfish_36hpf_plate02,20260724_hotfish_36hpf_plate02_D07_e01,1
20260724_hotfish_36hpf_plate02,20260724_hotfish_36hpf_plate02_E01_e01,1
20260724_hotfish_36hpf_plate02,20260724_hotfish_36hpf_plate02_E02_e01,1
20260724_hotfish_36hpf_plate02,20260724_hotfish_36hpf_plate02_E03_e01,1
20260724_hotfish_36hpf_plate02,20260724_hotfish_36hpf_plate02_E04_e01,1
20260724_hotfish_36hpf_plate02,20260724_hotfish_36hpf_plate02_E05_e01,1
20260724_hotfish_36hpf_plate02,20260724_hotfish_36hpf_plate02_E06_e01,1
20260724_hotfish_36hpf_plate02,20260724_hotfish_36hpf_plate02_E07_e01,1
20260724_hotfish_36hpf_plate02,20260724_hotfish_36hpf_plate02_F01_e01,1
20260724_hotfish_36hpf_plate02,20260724_hotfish_36hpf_plate02_F02_e01,1
20260724_hotfish_36hpf_plate02,20260724_hotfish_36hpf_plate02_F03_e01,1
20260724_hotfish_36hpf_plate02,20260724_hotfish_36hpf_plate02_F03_e02,1
20260724_hotfish_36hpf_plate02,20260724_hotfish_36hpf_plate02_F04_e01,1
20260724_hotfish_36hpf_plate02,20260724_hotfish_36hpf_plate02_F05_e01,1
20260724_hotfish_36hpf_plate02,20260724_hotfish_36hpf_plate02_F06_e01,1
20260724_hotfish_36hpf_plate02,20260724_hotfish_36hpf_plate02_G01_e01,1
20260724_hotfish_36hpf_plate02,20260724_hotfish_36hpf_plate02_G02_e01,1
20260724_hotfish_36hpf_plate02,20260724_hotfish_36hpf_plate02_G03_e01,1
20260724_hotfish_36hpf_plate02,20260724_hotfish_36hpf_plate02_G04_e01,1
20260724_hotfish_36hpf_plate02,20260724_hotfish_36hpf_plate02_G05_e01,1
20260724_hotfish_36hpf_plate02,20260724_hotfish_36hpf_plate02_G06_e01,1
20260724_hotfish_36hpf_plate02,20260724_hotfish_36hpf_plate02_G07_e01,1
20260724_hotfish_36hpf_plate02,20260724_hotfish_36hpf_plate02_G07_e02,1
20260724_hotfish_36hpf_plate02,20260724_hotfish_36hpf_plate02_H01_e01,1
20260724_hotfish_36hpf_plate02,20260724_hotfish_36hpf_plate02_H01_e02,1
20260724_hotfish_36hpf_plate02,20260724_hotfish_36hpf_plate02_H02_e01,1
20260724_hotfish_36hpf_plate02,20260724_hotfish_36hpf_plate02_H02_e02,1
20260724_hotfish_36hpf_plate02,20260724_hotfish_36hpf_plate02_H02_e03,1
20260724_hotfish_36hpf_plate02,20260724_hotfish_36hpf_plate02_H03_e01,1
20260724_hotfish_36hpf_plate02,20260724_hotfish_36hpf_plate02_H04_e01,1
20260724_hotfish_36hpf_plate02,20260724_hotfish_36hpf_plate02_H05_e01,1
20260724_hotfish_36hpf_plate02,20260724_hotfish_36hpf_plate02_H06_e01,1
20260724_hotfish_36hpf_plate02,20260724_hotfish_36hpf_plate02_H07_e01,1
