experiment_id,well_id,physical_embryo_id,embryo_id,snip_id,image_id,time_index,channel_id,mask_id,track_id,image_path,processed_snip_path,embryo_mask,embryo_mask_snip_path,crop_x_min_px,crop_y_min_px,crop_x_max_px,crop_y_max_px,crop_width_px,crop_height_px,is_valid_snip,error_message
20250612_24hpf_ctrl_atf6,20250612_24hpf_ctrl_atf6_A01,20250612_24hpf_ctrl_atf6_A01_e01,20250612_24hpf_ctrl_atf6_A01_e01_BF,20250612_24hpf_ctrl_atf6_A01_e01_BF_t0000,20250612_24hpf_ctrl_atf6_A01_BF_t0000,0,BF,20250612_24hpf_ctrl_atf6_A01_BF_t0000_m0000,20250612_24hpf_ctrl_atf6_A01_track0000,/net/trapnell/vol1/home/nlammers/projects/data/morphseq/pipeline/output/acquisition/20250612_24hpf_ctrl_atf6/materialized_images/20250612_24hpf_ctrl_atf6_A01/BF/projection/focus_stack/20250612_24hpf_ctrl_atf6_A01_BF_t0000.png,object_extraction/20250612_24hpf_ctrl_atf6/snips/per_well/20250612_24hpf_ctrl_atf6_A01/snips/20250612_24hpf_ctrl_atf6_A01_e01/20250612_24hpf_ctrl_atf6_A01_e01_BF_t0000.png,object_extraction/20250612_24hpf_ctrl_atf6/snips/per_well/20250612_24hpf_ctrl_atf6_A01/snips/20250612_24hpf_ctrl_atf6_A01_e01/20250612_24hpf_ctrl_atf6_A01_e01_BF_t0000_embryo.png,object_extraction/20250612_24hpf_ctrl_atf6/snips/per_well/20250612_24hpf_ctrl_atf6_A01/snips/20250612_24hpf_ctrl_atf6_A01_e01/20250612_24hpf_ctrl_atf6_A01_e01_BF_t0000_embryo.png,,,,,256,576,True,
20250612_24hpf_ctrl_atf6,20250612_24hpf_ctrl_atf6_A02,20250612_24hpf_ctrl_atf6_A02_e01,20250612_24hpf_ctrl_atf6_A02_e01_BF,20250612_24hpf_ctrl_atf6_A02_e01_BF_t0000,20250612_24hpf_ctrl_atf6_A02_BF_t0000,0,BF,20250612_24hpf_ctrl_atf6_A02_BF_t0000_m0000,20250612_24hpf_ctrl_atf6_A02_track0000,/net/trapnell/vol1/home/nlammers/projects/data/morphseq/pipeline/output/acquisition/20250612_24hpf_ctrl_atf6/materialized_images/20250612_24hpf_ctrl_atf6_A02/BF/projection/focus_stack/20250612_24hpf_ctrl_atf6_A02_BF_t0000.png,object_extraction/20250612_24hpf_ctrl_atf6/snips/per_well/20250612_24hpf_ctrl_atf6_A02/snips/20250612_24hpf_ctrl_atf6_A02_e01/20250612_24hpf_ctrl_atf6_A02_e01_BF_t0000.png,object_extraction/20250612_24hpf_ctrl_atf6/snips/per_well/20250612_24hpf_ctrl_atf6_A02/snips/20250612_24hpf_ctrl_atf6_A02_e01/20250612_24hpf_ctrl_atf6_A02_e01_BF_t0000_embryo.png,object_extraction/20250612_24hpf_ctrl_atf6/snips/per_well/20250612_24hpf_ctrl_atf6_A02/snips/20250612_24hpf_ctrl_atf6_A02_e01/20250612_24hpf_ctrl_atf6_A02_e01_BF_t0000_embryo.png,,,,,256,576,True,
20250612_24hpf_ctrl_atf6,20250612_24hpf_ctrl_atf6_A03,20250612_24hpf_ctrl_atf6_A03_e01,20250612_24hpf_ctrl_atf6_A03_e01_BF,20250612_24hpf_ctrl_atf6_A03_e01_BF_t0000,20250612_24hpf_ctrl_atf6_A03_BF_t0000,0,BF,20250612_24hpf_ctrl_atf6_A03_BF_t0000_m0000,20250612_24hpf_ctrl_atf6_A03_track0000,/net/trapnell/vol1/home/nlammers/projects/data/morphseq/pipeline/output/acquisition/20250612_24hpf_ctrl_atf6/materialized_images/20250612_24hpf_ctrl_atf6_A03/BF/projection/focus_stack/20250612_24hpf_ctrl_atf6_A03_BF_t0000.png,object_extraction/20250612_24hpf_ctrl_atf6/snips/per_well/20250612_24hpf_ctrl_atf6_A03/snips/20250612_24hpf_ctrl_atf6_A03_e01/20250612_24hpf_ctrl_atf6_A03_e01_BF_t0000.png,object_extraction/20250612_24hpf_ctrl_atf6/snips/per_well/20250612_24hpf_ctrl_atf6_A03/snips/20250612_24hpf_ctrl_atf6_A03_e01/20250612_24hpf_ctrl_atf6_A03_e01_BF_t0000_embryo.png,object_extraction/20250612_24hpf_ctrl_atf6/snips/per_well/20250612_24hpf_ctrl_atf6_A03/snips/20250612_24hpf_ctrl_atf6_A03_e01/20250612_24hpf_ctrl_atf6_A03_e01_BF_t0000_embryo.png,,,,,256,576,True,
20250612_24hpf_ctrl_atf6,20250612_24hpf_ctrl_atf6_A04,20250612_24hpf_ctrl_atf6_A04_e01,20250612_24hpf_ctrl_atf6_A04_e01_BF,20250612_24hpf_ctrl_atf6_A04_e01_BF_t0000,20250612_24hpf_ctrl_atf6_A04_BF_t0000,0,BF,20250612_24hpf_ctrl_atf6_A04_BF_t0000_m0000,20250612_24hpf_ctrl_atf6_A04_track0000,/net/trapnell/vol1/home/nlammers/projects/data/morphseq/pipeline/output/acquisition/20250612_24hpf_ctrl_atf6/materialized_images/20250612_24hpf_ctrl_atf6_A04/BF/projection/focus_stack/20250612_24hpf_ctrl_atf6_A04_BF_t0000.png,object_extraction/20250612_24hpf_ctrl_atf6/snips/per_well/20250612_24hpf_ctrl_atf6_A04/snips/20250612_24hpf_ctrl_atf6_A04_e01/20250612_24hpf_ctrl_atf6_A04_e01_BF_t0000.png,object_extraction/20250612_24hpf_ctrl_atf6/snips/per_well/20250612_24hpf_ctrl_atf6_A04/snips/20250612_24hpf_ctrl_atf6_A04_e01/20250612_24hpf_ctrl_atf6_A04_e01_BF_t0000_embryo.png,object_extraction/20250612_24hpf_ctrl_atf6/snips/per_well/20250612_24hpf_ctrl_atf6_A04/snips/20250612_24hpf_ctrl_atf6_A04_e01/20250612_24hpf_ctrl_atf6_A04_e01_BF_t0000_embryo.png,,,,,256,576,True,
20250612_24hpf_ctrl_atf6,20250612_24hpf_ctrl_atf6_A05,20250612_24hpf_ctrl_atf6_A05_e01,20250612_24hpf_ctrl_atf6_A05_e01_BF,20250612_24hpf_ctrl_atf6_A05_e01_BF_t0000,20250612_24hpf_ctrl_atf6_A05_BF_t0000,0,BF,20250612_24hpf_ctrl_atf6_A05_BF_t0000_m0000,20250612_24hpf_ctrl_atf6_A05_track0000,/net/trapnell/vol1/home/nlammers/projects/data/morphseq/pipeline/output/acquisition/20250612_24hpf_ctrl_atf6/materialized_images/20250612_24hpf_ctrl_atf6_A05/BF/projection/focus_stack/20250612_24hpf_ctrl_atf6_A05_BF_t0000.png,object_extraction/20250612_24hpf_ctrl_atf6/snips/per_well/20250612_24hpf_ctrl_atf6_A05/snips/20250612_24hpf_ctrl_atf6_A05_e01/20250612_24hpf_ctrl_atf6_A05_e01_BF_t0000.png,object_extraction/20250612_24hpf_ctrl_atf6/snips/per_well/20250612_24hpf_ctrl_atf6_A05/snips/20250612_24hpf_ctrl_atf6_A05_e01/20250612_24hpf_ctrl_atf6_A05_e01_BF_t0000_embryo.png,object_extraction/20250612_24hpf_ctrl_atf6/snips/per_well/20250612_24hpf_ctrl_atf6_A05/snips/20250612_24hpf_ctrl_atf6_A05_e01/20250612_24hpf_ctrl_atf6_A05_e01_BF_t0000_embryo.png,,,,,256,576,True,
20250612_24hpf_ctrl_atf6,20250612_24hpf_ctrl_atf6_A06,20250612_24hpf_ctrl_atf6_A06_e01,20250612_24hpf_ctrl_atf6_A06_e01_BF,20250612_24hpf_ctrl_atf6_A06_e01_BF_t0000,20250612_24hpf_ctrl_atf6_A06_BF_t0000,0,BF,20250612_24hpf_ctrl_atf6_A06_BF_t0000_m0000,20250612_24hpf_ctrl_atf6_A06_track0000,/net/trapnell/vol1/home/nlammers/projects/data/morphseq/pipeline/output/acquisition/20250612_24hpf_ctrl_atf6/materialized_images/20250612_24hpf_ctrl_atf6_A06/BF/projection/focus_stack/20250612_24hpf_ctrl_atf6_A06_BF_t0000.png,object_extraction/20250612_24hpf_ctrl_atf6/snips/per_well/20250612_24hpf_ctrl_atf6_A06/snips/20250612_24hpf_ctrl_atf6_A06_e01/20250612_24hpf_ctrl_atf6_A06_e01_BF_t0000.png,object_extraction/20250612_24hpf_ctrl_atf6/snips/per_well/20250612_24hpf_ctrl_atf6_A06/snips/20250612_24hpf_ctrl_atf6_A06_e01/20250612_24hpf_ctrl_atf6_A06_e01_BF_t0000_embryo.png,object_extraction/20250612_24hpf_ctrl_atf6/snips/per_well/20250612_24hpf_ctrl_atf6_A06/snips/20250612_24hpf_ctrl_atf6_A06_e01/20250612_24hpf_ctrl_atf6_A06_e01_BF_t0000_embryo.png,,,,,256,576,True,
20250612_24hpf_ctrl_atf6,20250612_24hpf_ctrl_atf6_A07,20250612_24hpf_ctrl_atf6_A07_e01,20250612_24hpf_ctrl_atf6_A07_e01_BF,20250612_24hpf_ctrl_atf6_A07_e01_BF_t0000,20250612_24hpf_ctrl_atf6_A07_BF_t0000,0,BF,20250612_24hpf_ctrl_atf6_A07_BF_t0000_m0000,20250612_24hpf_ctrl_atf6_A07_track0000,/net/trapnell/vol1/home/nlammers/projects/data/morphseq/pipeline/output/acquisition/20250612_24hpf_ctrl_atf6/materialized_images/20250612_24hpf_ctrl_atf6_A07/BF/projection/focus_stack/20250612_24hpf_ctrl_atf6_A07_BF_t0000.png,object_extraction/20250612_24hpf_ctrl_atf6/snips/per_well/20250612_24hpf_ctrl_atf6_A07/snips/20250612_24hpf_ctrl_atf6_A07_e01/20250612_24hpf_ctrl_atf6_A07_e01_BF_t0000.png,object_extraction/20250612_24hpf_ctrl_atf6/snips/per_well/20250612_24hpf_ctrl_atf6_A07/snips/20250612_24hpf_ctrl_atf6_A07_e01/20250612_24hpf_ctrl_atf6_A07_e01_BF_t0000_embryo.png,object_extraction/20250612_24hpf_ctrl_atf6/snips/per_well/20250612_24hpf_ctrl_atf6_A07/snips/20250612_24hpf_ctrl_atf6_A07_e01/20250612_24hpf_ctrl_atf6_A07_e01_BF_t0000_embryo.png,,,,,256,576,True,
20250612_24hpf_ctrl_atf6,20250612_24hpf_ctrl_atf6_A08,20250612_24hpf_ctrl_atf6_A08_e01,20250612_24hpf_ctrl_atf6_A08_e01_BF,20250612_24hpf_ctrl_atf6_A08_e01_BF_t0000,20250612_24hpf_ctrl_atf6_A08_BF_t0000,0,BF,20250612_24hpf_ctrl_atf6_A08_BF_t0000_m0000,20250612_24hpf_ctrl_atf6_A08_track0000,/net/trapnell/vol1/home/nlammers/projects/data/morphseq/pipeline/output/acquisition/20250612_24hpf_ctrl_atf6/materialized_images/20250612_24hpf_ctrl_atf6_A08/BF/projection/focus_stack/20250612_24hpf_ctrl_atf6_A08_BF_t0000.png,object_extraction/20250612_24hpf_ctrl_atf6/snips/per_well/20250612_24hpf_ctrl_atf6_A08/snips/20250612_24hpf_ctrl_atf6_A08_e01/20250612_24hpf_ctrl_atf6_A08_e01_BF_t0000.png,object_extraction/20250612_24hpf_ctrl_atf6/snips/per_well/20250612_24hpf_ctrl_atf6_A08/snips/20250612_24hpf_ctrl_atf6_A08_e01/20250612_24hpf_ctrl_atf6_A08_e01_BF_t0000_embryo.png,object_extraction/20250612_24hpf_ctrl_atf6/snips/per_well/20250612_24hpf_ctrl_atf6_A08/snips/20250612_24hpf_ctrl_atf6_A08_e01/20250612_24hpf_ctrl_atf6_A08_e01_BF_t0000_embryo.png,,,,,256,576,True,
20250612_24hpf_ctrl_atf6,20250612_24hpf_ctrl_atf6_A09,20250612_24hpf_ctrl_atf6_A09_e01,20250612_24hpf_ctrl_atf6_A09_e01_BF,20250612_24hpf_ctrl_atf6_A09_e01_BF_t0000,20250612_24hpf_ctrl_atf6_A09_BF_t0000,0,BF,20250612_24hpf_ctrl_atf6_A09_BF_t0000_m0000,20250612_24hpf_ctrl_atf6_A09_track0000,/net/trapnell/vol1/home/nlammers/projects/data/morphseq/pipeline/output/acquisition/20250612_24hpf_ctrl_atf6/materialized_images/20250612_24hpf_ctrl_atf6_A09/BF/projection/focus_stack/20250612_24hpf_ctrl_atf6_A09_BF_t0000.png,object_extraction/20250612_24hpf_ctrl_atf6/snips/per_well/20250612_24hpf_ctrl_atf6_A09/snips/20250612_24hpf_ctrl_atf6_A09_e01/20250612_24hpf_ctrl_atf6_A09_e01_BF_t0000.png,object_extraction/20250612_24hpf_ctrl_atf6/snips/per_well/20250612_24hpf_ctrl_atf6_A09/snips/20250612_24hpf_ctrl_atf6_A09_e01/20250612_24hpf_ctrl_atf6_A09_e01_BF_t0000_embryo.png,object_extraction/20250612_24hpf_ctrl_atf6/snips/per_well/20250612_24hpf_ctrl_atf6_A09/snips/20250612_24hpf_ctrl_atf6_A09_e01/20250612_24hpf_ctrl_atf6_A09_e01_BF_t0000_embryo.png,,,,,256,576,True,
20250612_24hpf_ctrl_atf6,20250612_24hpf_ctrl_atf6_A10,20250612_24hpf_ctrl_atf6_A10_e01,20250612_24hpf_ctrl_atf6_A10_e01_BF,20250612_24hpf_ctrl_atf6_A10_e01_BF_t0000,20250612_24hpf_ctrl_atf6_A10_BF_t0000,0,BF,20250612_24hpf_ctrl_atf6_A10_BF_t0000_m0000,20250612_24hpf_ctrl_atf6_A10_track0000,/net/trapnell/vol1/home/nlammers/projects/data/morphseq/pipeline/output/acquisition/20250612_24hpf_ctrl_atf6/materialized_images/20250612_24hpf_ctrl_atf6_A10/BF/projection/focus_stack/20250612_24hpf_ctrl_atf6_A10_BF_t0000.png,object_extraction/20250612_24hpf_ctrl_atf6/snips/per_well/20250612_24hpf_ctrl_atf6_A10/snips/20250612_24hpf_ctrl_atf6_A10_e01/20250612_24hpf_ctrl_atf6_A10_e01_BF_t0000.png,object_extraction/20250612_24hpf_ctrl_atf6/snips/per_well/20250612_24hpf_ctrl_atf6_A10/snips/20250612_24hpf_ctrl_atf6_A10_e01/20250612_24hpf_ctrl_atf6_A10_e01_BF_t0000_embryo.png,object_extraction/20250612_24hpf_ctrl_atf6/snips/per_well/20250612_24hpf_ctrl_atf6_A10/snips/20250612_24hpf_ctrl_atf6_A10_e01/20250612_24hpf_ctrl_atf6_A10_e01_BF_t0000_embryo.png,,,,,256,576,True,
20250612_24hpf_ctrl_atf6,20250612_24hpf_ctrl_atf6_A11,20250612_24hpf_ctrl_atf6_A11_e01,20250612_24hpf_ctrl_atf6_A11_e01_BF,20250612_24hpf_ctrl_atf6_A11_e01_BF_t0000,20250612_24hpf_ctrl_atf6_A11_BF_t0000,0,BF,20250612_24hpf_ctrl_atf6_A11_BF_t0000_m0000,20250612_24hpf_ctrl_atf6_A11_track0000,/net/trapnell/vol1/home/nlammers/projects/data/morphseq/pipeline/output/acquisition/20250612_24hpf_ctrl_atf6/materialized_images/20250612_24hpf_ctrl_atf6_A11/BF/projection/focus_stack/20250612_24hpf_ctrl_atf6_A11_BF_t0000.png,object_extraction/20250612_24hpf_ctrl_atf6/snips/per_well/20250612_24hpf_ctrl_atf6_A11/snips/20250612_24hpf_ctrl_atf6_A11_e01/20250612_24hpf_ctrl_atf6_A11_e01_BF_t0000.png,object_extraction/20250612_24hpf_ctrl_atf6/snips/per_well/20250612_24hpf_ctrl_atf6_A11/snips/20250612_24hpf_ctrl_atf6_A11_e01/20250612_24hpf_ctrl_atf6_A11_e01_BF_t0000_embryo.png,object_extraction/20250612_24hpf_ctrl_atf6/snips/per_well/20250612_24hpf_ctrl_atf6_A11/snips/20250612_24hpf_ctrl_atf6_A11_e01/20250612_24hpf_ctrl_atf6_A11_e01_BF_t0000_embryo.png,,,,,256,576,True,
20250612_24hpf_ctrl_atf6,20250612_24hpf_ctrl_atf6_A12,20250612_24hpf_ctrl_atf6_A12_e01,20250612_24hpf_ctrl_atf6_A12_e01_BF,20250612_24hpf_ctrl_atf6_A12_e01_BF_t0000,20250612_24hpf_ctrl_atf6_A12_BF_t0000,0,BF,20250612_24hpf_ctrl_atf6_A12_BF_t0000_m0000,20250612_24hpf_ctrl_atf6_A12_track0000,/net/trapnell/vol1/home/nlammers/projects/data/morphseq/pipeline/output/acquisition/20250612_24hpf_ctrl_atf6/materialized_images/20250612_24hpf_ctrl_atf6_A12/BF/projection/focus_stack/20250612_24hpf_ctrl_atf6_A12_BF_t0000.png,object_extraction/20250612_24hpf_ctrl_atf6/snips/per_well/20250612_24hpf_ctrl_atf6_A12/snips/20250612_24hpf_ctrl_atf6_A12_e01/20250612_24hpf_ctrl_atf6_A12_e01_BF_t0000.png,object_extraction/20250612_24hpf_ctrl_atf6/snips/per_well/20250612_24hpf_ctrl_atf6_A12/snips/20250612_24hpf_ctrl_atf6_A12_e01/20250612_24hpf_ctrl_atf6_A12_e01_BF_t0000_embryo.png,object_extraction/20250612_24hpf_ctrl_atf6/snips/per_well/20250612_24hpf_ctrl_atf6_A12/snips/20250612_24hpf_ctrl_atf6_A12_e01/20250612_24hpf_ctrl_atf6_A12_e01_BF_t0000_embryo.png,,,,,256,576,True,
20250612_24hpf_ctrl_atf6,20250612_24hpf_ctrl_atf6_B01,20250612_24hpf_ctrl_atf6_B01_e01,20250612_24hpf_ctrl_atf6_B01_e01_BF,20250612_24hpf_ctrl_atf6_B01_e01_BF_t0000,20250612_24hpf_ctrl_atf6_B01_BF_t0000,0,BF,20250612_24hpf_ctrl_atf6_B01_BF_t0000_m0000,20250612_24hpf_ctrl_atf6_B01_track0000,/net/trapnell/vol1/home/nlammers/projects/data/morphseq/pipeline/output/acquisition/20250612_24hpf_ctrl_atf6/materialized_images/20250612_24hpf_ctrl_atf6_B01/BF/projection/focus_stack/20250612_24hpf_ctrl_atf6_B01_BF_t0000.png,object_extraction/20250612_24hpf_ctrl_atf6/snips/per_well/20250612_24hpf_ctrl_atf6_B01/snips/20250612_24hpf_ctrl_atf6_B01_e01/20250612_24hpf_ctrl_atf6_B01_e01_BF_t0000.png,object_extraction/20250612_24hpf_ctrl_atf6/snips/per_well/20250612_24hpf_ctrl_atf6_B01/snips/20250612_24hpf_ctrl_atf6_B01_e01/20250612_24hpf_ctrl_atf6_B01_e01_BF_t0000_embryo.png,object_extraction/20250612_24hpf_ctrl_atf6/snips/per_well/20250612_24hpf_ctrl_atf6_B01/snips/20250612_24hpf_ctrl_atf6_B01_e01/20250612_24hpf_ctrl_atf6_B01_e01_BF_t0000_embryo.png,,,,,256,576,True,
20250612_24hpf_ctrl_atf6,20250612_24hpf_ctrl_atf6_B02,20250612_24hpf_ctrl_atf6_B02_e01,20250612_24hpf_ctrl_atf6_B02_e01_BF,20250612_24hpf_ctrl_atf6_B02_e01_BF_t0000,20250612_24hpf_ctrl_atf6_B02_BF_t0000,0,BF,20250612_24hpf_ctrl_atf6_B02_BF_t0000_m0000,20250612_24hpf_ctrl_atf6_B02_track0000,/net/trapnell/vol1/home/nlammers/projects/data/morphseq/pipeline/output/acquisition/20250612_24hpf_ctrl_atf6/materialized_images/20250612_24hpf_ctrl_atf6_B02/BF/projection/focus_stack/20250612_24hpf_ctrl_atf6_B02_BF_t0000.png,object_extraction/20250612_24hpf_ctrl_atf6/snips/per_well/20250612_24hpf_ctrl_atf6_B02/snips/20250612_24hpf_ctrl_atf6_B02_e01/20250612_24hpf_ctrl_atf6_B02_e01_BF_t0000.png,object_extraction/20250612_24hpf_ctrl_atf6/snips/per_well/20250612_24hpf_ctrl_atf6_B02/snips/20250612_24hpf_ctrl_atf6_B02_e01/20250612_24hpf_ctrl_atf6_B02_e01_BF_t0000_embryo.png,object_extraction/20250612_24hpf_ctrl_atf6/snips/per_well/20250612_24hpf_ctrl_atf6_B02/snips/20250612_24hpf_ctrl_atf6_B02_e01/20250612_24hpf_ctrl_atf6_B02_e01_BF_t0000_embryo.png,,,,,256,576,True,
20250612_24hpf_ctrl_atf6,20250612_24hpf_ctrl_atf6_B03,20250612_24hpf_ctrl_atf6_B03_e01,20250612_24hpf_ctrl_atf6_B03_e01_BF,20250612_24hpf_ctrl_atf6_B03_e01_BF_t0000,20250612_24hpf_ctrl_atf6_B03_BF_t0000,0,BF,20250612_24hpf_ctrl_atf6_B03_BF_t0000_m0000,20250612_24hpf_ctrl_atf6_B03_track0000,/net/trapnell/vol1/home/nlammers/projects/data/morphseq/pipeline/output/acquisition/20250612_24hpf_ctrl_atf6/materialized_images/20250612_24hpf_ctrl_atf6_B03/BF/projection/focus_stack/20250612_24hpf_ctrl_atf6_B03_BF_t0000.png,object_extraction/20250612_24hpf_ctrl_atf6/snips/per_well/20250612_24hpf_ctrl_atf6_B03/snips/20250612_24hpf_ctrl_atf6_B03_e01/20250612_24hpf_ctrl_atf6_B03_e01_BF_t0000.png,object_extraction/20250612_24hpf_ctrl_atf6/snips/per_well/20250612_24hpf_ctrl_atf6_B03/snips/20250612_24hpf_ctrl_atf6_B03_e01/20250612_24hpf_ctrl_atf6_B03_e01_BF_t0000_embryo.png,object_extraction/20250612_24hpf_ctrl_atf6/snips/per_well/20250612_24hpf_ctrl_atf6_B03/snips/20250612_24hpf_ctrl_atf6_B03_e01/20250612_24hpf_ctrl_atf6_B03_e01_BF_t0000_embryo.png,,,,,256,576,True,
20250612_24hpf_ctrl_atf6,20250612_24hpf_ctrl_atf6_B04,20250612_24hpf_ctrl_atf6_B04_e01,20250612_24hpf_ctrl_atf6_B04_e01_BF,20250612_24hpf_ctrl_atf6_B04_e01_BF_t0000,20250612_24hpf_ctrl_atf6_B04_BF_t0000,0,BF,20250612_24hpf_ctrl_atf6_B04_BF_t0000_m0000,20250612_24hpf_ctrl_atf6_B04_track0000,/net/trapnell/vol1/home/nlammers/projects/data/morphseq/pipeline/output/acquisition/20250612_24hpf_ctrl_atf6/materialized_images/20250612_24hpf_ctrl_atf6_B04/BF/projection/focus_stack/20250612_24hpf_ctrl_atf6_B04_BF_t0000.png,object_extraction/20250612_24hpf_ctrl_atf6/snips/per_well/20250612_24hpf_ctrl_atf6_B04/snips/20250612_24hpf_ctrl_atf6_B04_e01/20250612_24hpf_ctrl_atf6_B04_e01_BF_t0000.png,object_extraction/20250612_24hpf_ctrl_atf6/snips/per_well/20250612_24hpf_ctrl_atf6_B04/snips/20250612_24hpf_ctrl_atf6_B04_e01/20250612_24hpf_ctrl_atf6_B04_e01_BF_t0000_embryo.png,object_extraction/20250612_24hpf_ctrl_atf6/snips/per_well/20250612_24hpf_ctrl_atf6_B04/snips/20250612_24hpf_ctrl_atf6_B04_e01/20250612_24hpf_ctrl_atf6_B04_e01_BF_t0000_embryo.png,,,,,256,576,True,
20250612_24hpf_ctrl_atf6,20250612_24hpf_ctrl_atf6_B05,20250612_24hpf_ctrl_atf6_B05_e01,20250612_24hpf_ctrl_atf6_B05_e01_BF,20250612_24hpf_ctrl_atf6_B05_e01_BF_t0000,20250612_24hpf_ctrl_atf6_B05_BF_t0000,0,BF,20250612_24hpf_ctrl_atf6_B05_BF_t0000_m0000,20250612_24hpf_ctrl_atf6_B05_track0000,/net/trapnell/vol1/home/nlammers/projects/data/morphseq/pipeline/output/acquisition/20250612_24hpf_ctrl_atf6/materialized_images/20250612_24hpf_ctrl_atf6_B05/BF/projection/focus_stack/20250612_24hpf_ctrl_atf6_B05_BF_t0000.png,object_extraction/20250612_24hpf_ctrl_atf6/snips/per_well/20250612_24hpf_ctrl_atf6_B05/snips/20250612_24hpf_ctrl_atf6_B05_e01/20250612_24hpf_ctrl_atf6_B05_e01_BF_t0000.png,object_extraction/20250612_24hpf_ctrl_atf6/snips/per_well/20250612_24hpf_ctrl_atf6_B05/snips/20250612_24hpf_ctrl_atf6_B05_e01/20250612_24hpf_ctrl_atf6_B05_e01_BF_t0000_embryo.png,object_extraction/20250612_24hpf_ctrl_atf6/snips/per_well/20250612_24hpf_ctrl_atf6_B05/snips/20250612_24hpf_ctrl_atf6_B05_e01/20250612_24hpf_ctrl_atf6_B05_e01_BF_t0000_embryo.png,,,,,256,576,True,
20250612_24hpf_ctrl_atf6,20250612_24hpf_ctrl_atf6_B06,20250612_24hpf_ctrl_atf6_B06_e01,20250612_24hpf_ctrl_atf6_B06_e01_BF,20250612_24hpf_ctrl_atf6_B06_e01_BF_t0000,20250612_24hpf_ctrl_atf6_B06_BF_t0000,0,BF,20250612_24hpf_ctrl_atf6_B06_BF_t0000_m0000,20250612_24hpf_ctrl_atf6_B06_track0000,/net/trapnell/vol1/home/nlammers/projects/data/morphseq/pipeline/output/acquisition/20250612_24hpf_ctrl_atf6/materialized_images/20250612_24hpf_ctrl_atf6_B06/BF/projection/focus_stack/20250612_24hpf_ctrl_atf6_B06_BF_t0000.png,object_extraction/20250612_24hpf_ctrl_atf6/snips/per_well/20250612_24hpf_ctrl_atf6_B06/snips/20250612_24hpf_ctrl_atf6_B06_e01/20250612_24hpf_ctrl_atf6_B06_e01_BF_t0000.png,object_extraction/20250612_24hpf_ctrl_atf6/snips/per_well/20250612_24hpf_ctrl_atf6_B06/snips/20250612_24hpf_ctrl_atf6_B06_e01/20250612_24hpf_ctrl_atf6_B06_e01_BF_t0000_embryo.png,object_extraction/20250612_24hpf_ctrl_atf6/snips/per_well/20250612_24hpf_ctrl_atf6_B06/snips/20250612_24hpf_ctrl_atf6_B06_e01/20250612_24hpf_ctrl_atf6_B06_e01_BF_t0000_embryo.png,,,,,256,576,True,
20250612_24hpf_ctrl_atf6,20250612_24hpf_ctrl_atf6_B07,20250612_24hpf_ctrl_atf6_B07_e01,20250612_24hpf_ctrl_atf6_B07_e01_BF,20250612_24hpf_ctrl_atf6_B07_e01_BF_t0000,20250612_24hpf_ctrl_atf6_B07_BF_t0000,0,BF,20250612_24hpf_ctrl_atf6_B07_BF_t0000_m0000,20250612_24hpf_ctrl_atf6_B07_track0000,/net/trapnell/vol1/home/nlammers/projects/data/morphseq/pipeline/output/acquisition/20250612_24hpf_ctrl_atf6/materialized_images/20250612_24hpf_ctrl_atf6_B07/BF/projection/focus_stack/20250612_24hpf_ctrl_atf6_B07_BF_t0000.png,object_extraction/20250612_24hpf_ctrl_atf6/snips/per_well/20250612_24hpf_ctrl_atf6_B07/snips/20250612_24hpf_ctrl_atf6_B07_e01/20250612_24hpf_ctrl_atf6_B07_e01_BF_t0000.png,object_extraction/20250612_24hpf_ctrl_atf6/snips/per_well/20250612_24hpf_ctrl_atf6_B07/snips/20250612_24hpf_ctrl_atf6_B07_e01/20250612_24hpf_ctrl_atf6_B07_e01_BF_t0000_embryo.png,object_extraction/20250612_24hpf_ctrl_atf6/snips/per_well/20250612_24hpf_ctrl_atf6_B07/snips/20250612_24hpf_ctrl_atf6_B07_e01/20250612_24hpf_ctrl_atf6_B07_e01_BF_t0000_embryo.png,,,,,256,576,True,
20250612_24hpf_ctrl_atf6,20250612_24hpf_ctrl_atf6_B08,20250612_24hpf_ctrl_atf6_B08_e01,20250612_24hpf_ctrl_atf6_B08_e01_BF,20250612_24hpf_ctrl_atf6_B08_e01_BF_t0000,20250612_24hpf_ctrl_atf6_B08_BF_t0000,0,BF,20250612_24hpf_ctrl_atf6_B08_BF_t0000_m0000,20250612_24hpf_ctrl_atf6_B08_track0000,/net/trapnell/vol1/home/nlammers/projects/data/morphseq/pipeline/output/acquisition/20250612_24hpf_ctrl_atf6/materialized_images/20250612_24hpf_ctrl_atf6_B08/BF/projection/focus_stack/20250612_24hpf_ctrl_atf6_B08_BF_t0000.png,object_extraction/20250612_24hpf_ctrl_atf6/snips/per_well/20250612_24hpf_ctrl_atf6_B08/snips/20250612_24hpf_ctrl_atf6_B08_e01/20250612_24hpf_ctrl_atf6_B08_e01_BF_t0000.png,object_extraction/20250612_24hpf_ctrl_atf6/snips/per_well/20250612_24hpf_ctrl_atf6_B08/snips/20250612_24hpf_ctrl_atf6_B08_e01/20250612_24hpf_ctrl_atf6_B08_e01_BF_t0000_embryo.png,object_extraction/20250612_24hpf_ctrl_atf6/snips/per_well/20250612_24hpf_ctrl_atf6_B08/snips/20250612_24hpf_ctrl_atf6_B08_e01/20250612_24hpf_ctrl_atf6_B08_e01_BF_t0000_embryo.png,,,,,256,576,True,
20250612_24hpf_ctrl_atf6,20250612_24hpf_ctrl_atf6_B09,20250612_24hpf_ctrl_atf6_B09_e01,20250612_24hpf_ctrl_atf6_B09_e01_BF,20250612_24hpf_ctrl_atf6_B09_e01_BF_t0000,20250612_24hpf_ctrl_atf6_B09_BF_t0000,0,BF,20250612_24hpf_ctrl_atf6_B09_BF_t0000_m0000,20250612_24hpf_ctrl_atf6_B09_track0000,/net/trapnell/vol1/home/nlammers/projects/data/morphseq/pipeline/output/acquisition/20250612_24hpf_ctrl_atf6/materialized_images/20250612_24hpf_ctrl_atf6_B09/BF/projection/focus_stack/20250612_24hpf_ctrl_atf6_B09_BF_t0000.png,object_extraction/20250612_24hpf_ctrl_atf6/snips/per_well/20250612_24hpf_ctrl_atf6_B09/snips/20250612_24hpf_ctrl_atf6_B09_e01/20250612_24hpf_ctrl_atf6_B09_e01_BF_t0000.png,object_extraction/20250612_24hpf_ctrl_atf6/snips/per_well/20250612_24hpf_ctrl_atf6_B09/snips/20250612_24hpf_ctrl_atf6_B09_e01/20250612_24hpf_ctrl_atf6_B09_e01_BF_t0000_embryo.png,object_extraction/20250612_24hpf_ctrl_atf6/snips/per_well/20250612_24hpf_ctrl_atf6_B09/snips/20250612_24hpf_ctrl_atf6_B09_e01/20250612_24hpf_ctrl_atf6_B09_e01_BF_t0000_embryo.png,,,,,256,576,True,
20250612_24hpf_ctrl_atf6,20250612_24hpf_ctrl_atf6_B10,20250612_24hpf_ctrl_atf6_B10_e01,20250612_24hpf_ctrl_atf6_B10_e01_BF,20250612_24hpf_ctrl_atf6_B10_e01_BF_t0000,20250612_24hpf_ctrl_atf6_B10_BF_t0000,0,BF,20250612_24hpf_ctrl_atf6_B10_BF_t0000_m0000,20250612_24hpf_ctrl_atf6_B10_track0000,/net/trapnell/vol1/home/nlammers/projects/data/morphseq/pipeline/output/acquisition/20250612_24hpf_ctrl_atf6/materialized_images/20250612_24hpf_ctrl_atf6_B10/BF/projection/focus_stack/20250612_24hpf_ctrl_atf6_B10_BF_t0000.png,object_extraction/20250612_24hpf_ctrl_atf6/snips/per_well/20250612_24hpf_ctrl_atf6_B10/snips/20250612_24hpf_ctrl_atf6_B10_e01/20250612_24hpf_ctrl_atf6_B10_e01_BF_t0000.png,object_extraction/20250612_24hpf_ctrl_atf6/snips/per_well/20250612_24hpf_ctrl_atf6_B10/snips/20250612_24hpf_ctrl_atf6_B10_e01/20250612_24hpf_ctrl_atf6_B10_e01_BF_t0000_embryo.png,object_extraction/20250612_24hpf_ctrl_atf6/snips/per_well/20250612_24hpf_ctrl_atf6_B10/snips/20250612_24hpf_ctrl_atf6_B10_e01/20250612_24hpf_ctrl_atf6_B10_e01_BF_t0000_embryo.png,,,,,256,576,True,
20250612_24hpf_ctrl_atf6,20250612_24hpf_ctrl_atf6_B11,20250612_24hpf_ctrl_atf6_B11_e01,20250612_24hpf_ctrl_atf6_B11_e01_BF,20250612_24hpf_ctrl_atf6_B11_e01_BF_t0000,20250612_24hpf_ctrl_atf6_B11_BF_t0000,0,BF,20250612_24hpf_ctrl_atf6_B11_BF_t0000_m0000,20250612_24hpf_ctrl_atf6_B11_track0000,/net/trapnell/vol1/home/nlammers/projects/data/morphseq/pipeline/output/acquisition/20250612_24hpf_ctrl_atf6/materialized_images/20250612_24hpf_ctrl_atf6_B11/BF/projection/focus_stack/20250612_24hpf_ctrl_atf6_B11_BF_t0000.png,object_extraction/20250612_24hpf_ctrl_atf6/snips/per_well/20250612_24hpf_ctrl_atf6_B11/snips/20250612_24hpf_ctrl_atf6_B11_e01/20250612_24hpf_ctrl_atf6_B11_e01_BF_t0000.png,object_extraction/20250612_24hpf_ctrl_atf6/snips/per_well/20250612_24hpf_ctrl_atf6_B11/snips/20250612_24hpf_ctrl_atf6_B11_e01/20250612_24hpf_ctrl_atf6_B11_e01_BF_t0000_embryo.png,object_extraction/20250612_24hpf_ctrl_atf6/snips/per_well/20250612_24hpf_ctrl_atf6_B11/snips/20250612_24hpf_ctrl_atf6_B11_e01/20250612_24hpf_ctrl_atf6_B11_e01_BF_t0000_embryo.png,,,,,256,576,True,
20250612_24hpf_ctrl_atf6,20250612_24hpf_ctrl_atf6_B12,20250612_24hpf_ctrl_atf6_B12_e01,20250612_24hpf_ctrl_atf6_B12_e01_BF,20250612_24hpf_ctrl_atf6_B12_e01_BF_t0000,20250612_24hpf_ctrl_atf6_B12_BF_t0000,0,BF,20250612_24hpf_ctrl_atf6_B12_BF_t0000_m0000,20250612_24hpf_ctrl_atf6_B12_track0000,/net/trapnell/vol1/home/nlammers/projects/data/morphseq/pipeline/output/acquisition/20250612_24hpf_ctrl_atf6/materialized_images/20250612_24hpf_ctrl_atf6_B12/BF/projection/focus_stack/20250612_24hpf_ctrl_atf6_B12_BF_t0000.png,object_extraction/20250612_24hpf_ctrl_atf6/snips/per_well/20250612_24hpf_ctrl_atf6_B12/snips/20250612_24hpf_ctrl_atf6_B12_e01/20250612_24hpf_ctrl_atf6_B12_e01_BF_t0000.png,object_extraction/20250612_24hpf_ctrl_atf6/snips/per_well/20250612_24hpf_ctrl_atf6_B12/snips/20250612_24hpf_ctrl_atf6_B12_e01/20250612_24hpf_ctrl_atf6_B12_e01_BF_t0000_embryo.png,object_extraction/20250612_24hpf_ctrl_atf6/snips/per_well/20250612_24hpf_ctrl_atf6_B12/snips/20250612_24hpf_ctrl_atf6_B12_e01/20250612_24hpf_ctrl_atf6_B12_e01_BF_t0000_embryo.png,,,,,256,576,True,
20250612_24hpf_ctrl_atf6,20250612_24hpf_ctrl_atf6_C01,20250612_24hpf_ctrl_atf6_C01_e01,20250612_24hpf_ctrl_atf6_C01_e01_BF,20250612_24hpf_ctrl_atf6_C01_e01_BF_t0000,20250612_24hpf_ctrl_atf6_C01_BF_t0000,0,BF,20250612_24hpf_ctrl_atf6_C01_BF_t0000_m0000,20250612_24hpf_ctrl_atf6_C01_track0000,/net/trapnell/vol1/home/nlammers/projects/data/morphseq/pipeline/output/acquisition/20250612_24hpf_ctrl_atf6/materialized_images/20250612_24hpf_ctrl_atf6_C01/BF/projection/focus_stack/20250612_24hpf_ctrl_atf6_C01_BF_t0000.png,object_extraction/20250612_24hpf_ctrl_atf6/snips/per_well/20250612_24hpf_ctrl_atf6_C01/snips/20250612_24hpf_ctrl_atf6_C01_e01/20250612_24hpf_ctrl_atf6_C01_e01_BF_t0000.png,object_extraction/20250612_24hpf_ctrl_atf6/snips/per_well/20250612_24hpf_ctrl_atf6_C01/snips/20250612_24hpf_ctrl_atf6_C01_e01/20250612_24hpf_ctrl_atf6_C01_e01_BF_t0000_embryo.png,object_extraction/20250612_24hpf_ctrl_atf6/snips/per_well/20250612_24hpf_ctrl_atf6_C01/snips/20250612_24hpf_ctrl_atf6_C01_e01/20250612_24hpf_ctrl_atf6_C01_e01_BF_t0000_embryo.png,,,,,256,576,True,
20250612_24hpf_ctrl_atf6,20250612_24hpf_ctrl_atf6_C02,20250612_24hpf_ctrl_atf6_C02_e01,20250612_24hpf_ctrl_atf6_C02_e01_BF,20250612_24hpf_ctrl_atf6_C02_e01_BF_t0000,20250612_24hpf_ctrl_atf6_C02_BF_t0000,0,BF,20250612_24hpf_ctrl_atf6_C02_BF_t0000_m0000,20250612_24hpf_ctrl_atf6_C02_track0000,/net/trapnell/vol1/home/nlammers/projects/data/morphseq/pipeline/output/acquisition/20250612_24hpf_ctrl_atf6/materialized_images/20250612_24hpf_ctrl_atf6_C02/BF/projection/focus_stack/20250612_24hpf_ctrl_atf6_C02_BF_t0000.png,object_extraction/20250612_24hpf_ctrl_atf6/snips/per_well/20250612_24hpf_ctrl_atf6_C02/snips/20250612_24hpf_ctrl_atf6_C02_e01/20250612_24hpf_ctrl_atf6_C02_e01_BF_t0000.png,object_extraction/20250612_24hpf_ctrl_atf6/snips/per_well/20250612_24hpf_ctrl_atf6_C02/snips/20250612_24hpf_ctrl_atf6_C02_e01/20250612_24hpf_ctrl_atf6_C02_e01_BF_t0000_embryo.png,object_extraction/20250612_24hpf_ctrl_atf6/snips/per_well/20250612_24hpf_ctrl_atf6_C02/snips/20250612_24hpf_ctrl_atf6_C02_e01/20250612_24hpf_ctrl_atf6_C02_e01_BF_t0000_embryo.png,,,,,256,576,True,
20250612_24hpf_ctrl_atf6,20250612_24hpf_ctrl_atf6_C03,20250612_24hpf_ctrl_atf6_C03_e01,20250612_24hpf_ctrl_atf6_C03_e01_BF,20250612_24hpf_ctrl_atf6_C03_e01_BF_t0000,20250612_24hpf_ctrl_atf6_C03_BF_t0000,0,BF,20250612_24hpf_ctrl_atf6_C03_BF_t0000_m0000,20250612_24hpf_ctrl_atf6_C03_track0000,/net/trapnell/vol1/home/nlammers/projects/data/morphseq/pipeline/output/acquisition/20250612_24hpf_ctrl_atf6/materialized_images/20250612_24hpf_ctrl_atf6_C03/BF/projection/focus_stack/20250612_24hpf_ctrl_atf6_C03_BF_t0000.png,object_extraction/20250612_24hpf_ctrl_atf6/snips/per_well/20250612_24hpf_ctrl_atf6_C03/snips/20250612_24hpf_ctrl_atf6_C03_e01/20250612_24hpf_ctrl_atf6_C03_e01_BF_t0000.png,object_extraction/20250612_24hpf_ctrl_atf6/snips/per_well/20250612_24hpf_ctrl_atf6_C03/snips/20250612_24hpf_ctrl_atf6_C03_e01/20250612_24hpf_ctrl_atf6_C03_e01_BF_t0000_embryo.png,object_extraction/20250612_24hpf_ctrl_atf6/snips/per_well/20250612_24hpf_ctrl_atf6_C03/snips/20250612_24hpf_ctrl_atf6_C03_e01/20250612_24hpf_ctrl_atf6_C03_e01_BF_t0000_embryo.png,,,,,256,576,True,
20250612_24hpf_ctrl_atf6,20250612_24hpf_ctrl_atf6_C04,20250612_24hpf_ctrl_atf6_C04_e01,20250612_24hpf_ctrl_atf6_C04_e01_BF,20250612_24hpf_ctrl_atf6_C04_e01_BF_t0000,20250612_24hpf_ctrl_atf6_C04_BF_t0000,0,BF,20250612_24hpf_ctrl_atf6_C04_BF_t0000_m0000,20250612_24hpf_ctrl_atf6_C04_track0000,/net/trapnell/vol1/home/nlammers/projects/data/morphseq/pipeline/output/acquisition/20250612_24hpf_ctrl_atf6/materialized_images/20250612_24hpf_ctrl_atf6_C04/BF/projection/focus_stack/20250612_24hpf_ctrl_atf6_C04_BF_t0000.png,object_extraction/20250612_24hpf_ctrl_atf6/snips/per_well/20250612_24hpf_ctrl_atf6_C04/snips/20250612_24hpf_ctrl_atf6_C04_e01/20250612_24hpf_ctrl_atf6_C04_e01_BF_t0000.png,object_extraction/20250612_24hpf_ctrl_atf6/snips/per_well/20250612_24hpf_ctrl_atf6_C04/snips/20250612_24hpf_ctrl_atf6_C04_e01/20250612_24hpf_ctrl_atf6_C04_e01_BF_t0000_embryo.png,object_extraction/20250612_24hpf_ctrl_atf6/snips/per_well/20250612_24hpf_ctrl_atf6_C04/snips/20250612_24hpf_ctrl_atf6_C04_e01/20250612_24hpf_ctrl_atf6_C04_e01_BF_t0000_embryo.png,,,,,256,576,True,
20250612_24hpf_ctrl_atf6,20250612_24hpf_ctrl_atf6_C05,20250612_24hpf_ctrl_atf6_C05_e01,20250612_24hpf_ctrl_atf6_C05_e01_BF,20250612_24hpf_ctrl_atf6_C05_e01_BF_t0000,20250612_24hpf_ctrl_atf6_C05_BF_t0000,0,BF,20250612_24hpf_ctrl_atf6_C05_BF_t0000_m0000,20250612_24hpf_ctrl_atf6_C05_track0000,/net/trapnell/vol1/home/nlammers/projects/data/morphseq/pipeline/output/acquisition/20250612_24hpf_ctrl_atf6/materialized_images/20250612_24hpf_ctrl_atf6_C05/BF/projection/focus_stack/20250612_24hpf_ctrl_atf6_C05_BF_t0000.png,object_extraction/20250612_24hpf_ctrl_atf6/snips/per_well/20250612_24hpf_ctrl_atf6_C05/snips/20250612_24hpf_ctrl_atf6_C05_e01/20250612_24hpf_ctrl_atf6_C05_e01_BF_t0000.png,object_extraction/20250612_24hpf_ctrl_atf6/snips/per_well/20250612_24hpf_ctrl_atf6_C05/snips/20250612_24hpf_ctrl_atf6_C05_e01/20250612_24hpf_ctrl_atf6_C05_e01_BF_t0000_embryo.png,object_extraction/20250612_24hpf_ctrl_atf6/snips/per_well/20250612_24hpf_ctrl_atf6_C05/snips/20250612_24hpf_ctrl_atf6_C05_e01/20250612_24hpf_ctrl_atf6_C05_e01_BF_t0000_embryo.png,,,,,256,576,True,
20250612_24hpf_ctrl_atf6,20250612_24hpf_ctrl_atf6_C06,20250612_24hpf_ctrl_atf6_C06_e01,20250612_24hpf_ctrl_atf6_C06_e01_BF,20250612_24hpf_ctrl_atf6_C06_e01_BF_t0000,20250612_24hpf_ctrl_atf6_C06_BF_t0000,0,BF,20250612_24hpf_ctrl_atf6_C06_BF_t0000_m0000,20250612_24hpf_ctrl_atf6_C06_track0000,/net/trapnell/vol1/home/nlammers/projects/data/morphseq/pipeline/output/acquisition/20250612_24hpf_ctrl_atf6/materialized_images/20250612_24hpf_ctrl_atf6_C06/BF/projection/focus_stack/20250612_24hpf_ctrl_atf6_C06_BF_t0000.png,object_extraction/20250612_24hpf_ctrl_atf6/snips/per_well/20250612_24hpf_ctrl_atf6_C06/snips/20250612_24hpf_ctrl_atf6_C06_e01/20250612_24hpf_ctrl_atf6_C06_e01_BF_t0000.png,object_extraction/20250612_24hpf_ctrl_atf6/snips/per_well/20250612_24hpf_ctrl_atf6_C06/snips/20250612_24hpf_ctrl_atf6_C06_e01/20250612_24hpf_ctrl_atf6_C06_e01_BF_t0000_embryo.png,object_extraction/20250612_24hpf_ctrl_atf6/snips/per_well/20250612_24hpf_ctrl_atf6_C06/snips/20250612_24hpf_ctrl_atf6_C06_e01/20250612_24hpf_ctrl_atf6_C06_e01_BF_t0000_embryo.png,,,,,256,576,True,
20250612_24hpf_ctrl_atf6,20250612_24hpf_ctrl_atf6_C07,20250612_24hpf_ctrl_atf6_C07_e01,20250612_24hpf_ctrl_atf6_C07_e01_BF,20250612_24hpf_ctrl_atf6_C07_e01_BF_t0000,20250612_24hpf_ctrl_atf6_C07_BF_t0000,0,BF,20250612_24hpf_ctrl_atf6_C07_BF_t0000_m0000,20250612_24hpf_ctrl_atf6_C07_track0000,/net/trapnell/vol1/home/nlammers/projects/data/morphseq/pipeline/output/acquisition/20250612_24hpf_ctrl_atf6/materialized_images/20250612_24hpf_ctrl_atf6_C07/BF/projection/focus_stack/20250612_24hpf_ctrl_atf6_C07_BF_t0000.png,object_extraction/20250612_24hpf_ctrl_atf6/snips/per_well/20250612_24hpf_ctrl_atf6_C07/snips/20250612_24hpf_ctrl_atf6_C07_e01/20250612_24hpf_ctrl_atf6_C07_e01_BF_t0000.png,object_extraction/20250612_24hpf_ctrl_atf6/snips/per_well/20250612_24hpf_ctrl_atf6_C07/snips/20250612_24hpf_ctrl_atf6_C07_e01/20250612_24hpf_ctrl_atf6_C07_e01_BF_t0000_embryo.png,object_extraction/20250612_24hpf_ctrl_atf6/snips/per_well/20250612_24hpf_ctrl_atf6_C07/snips/20250612_24hpf_ctrl_atf6_C07_e01/20250612_24hpf_ctrl_atf6_C07_e01_BF_t0000_embryo.png,,,,,256,576,True,
20250612_24hpf_ctrl_atf6,20250612_24hpf_ctrl_atf6_C08,20250612_24hpf_ctrl_atf6_C08_e01,20250612_24hpf_ctrl_atf6_C08_e01_BF,20250612_24hpf_ctrl_atf6_C08_e01_BF_t0000,20250612_24hpf_ctrl_atf6_C08_BF_t0000,0,BF,20250612_24hpf_ctrl_atf6_C08_BF_t0000_m0000,20250612_24hpf_ctrl_atf6_C08_track0000,/net/trapnell/vol1/home/nlammers/projects/data/morphseq/pipeline/output/acquisition/20250612_24hpf_ctrl_atf6/materialized_images/20250612_24hpf_ctrl_atf6_C08/BF/projection/focus_stack/20250612_24hpf_ctrl_atf6_C08_BF_t0000.png,object_extraction/20250612_24hpf_ctrl_atf6/snips/per_well/20250612_24hpf_ctrl_atf6_C08/snips/20250612_24hpf_ctrl_atf6_C08_e01/20250612_24hpf_ctrl_atf6_C08_e01_BF_t0000.png,object_extraction/20250612_24hpf_ctrl_atf6/snips/per_well/20250612_24hpf_ctrl_atf6_C08/snips/20250612_24hpf_ctrl_atf6_C08_e01/20250612_24hpf_ctrl_atf6_C08_e01_BF_t0000_embryo.png,object_extraction/20250612_24hpf_ctrl_atf6/snips/per_well/20250612_24hpf_ctrl_atf6_C08/snips/20250612_24hpf_ctrl_atf6_C08_e01/20250612_24hpf_ctrl_atf6_C08_e01_BF_t0000_embryo.png,,,,,256,576,True,
20250612_24hpf_ctrl_atf6,20250612_24hpf_ctrl_atf6_C09,20250612_24hpf_ctrl_atf6_C09_e01,20250612_24hpf_ctrl_atf6_C09_e01_BF,20250612_24hpf_ctrl_atf6_C09_e01_BF_t0000,20250612_24hpf_ctrl_atf6_C09_BF_t0000,0,BF,20250612_24hpf_ctrl_atf6_C09_BF_t0000_m0000,20250612_24hpf_ctrl_atf6_C09_track0000,/net/trapnell/vol1/home/nlammers/projects/data/morphseq/pipeline/output/acquisition/20250612_24hpf_ctrl_atf6/materialized_images/20250612_24hpf_ctrl_atf6_C09/BF/projection/focus_stack/20250612_24hpf_ctrl_atf6_C09_BF_t0000.png,object_extraction/20250612_24hpf_ctrl_atf6/snips/per_well/20250612_24hpf_ctrl_atf6_C09/snips/20250612_24hpf_ctrl_atf6_C09_e01/20250612_24hpf_ctrl_atf6_C09_e01_BF_t0000.png,object_extraction/20250612_24hpf_ctrl_atf6/snips/per_well/20250612_24hpf_ctrl_atf6_C09/snips/20250612_24hpf_ctrl_atf6_C09_e01/20250612_24hpf_ctrl_atf6_C09_e01_BF_t0000_embryo.png,object_extraction/20250612_24hpf_ctrl_atf6/snips/per_well/20250612_24hpf_ctrl_atf6_C09/snips/20250612_24hpf_ctrl_atf6_C09_e01/20250612_24hpf_ctrl_atf6_C09_e01_BF_t0000_embryo.png,,,,,256,576,True,
20250612_24hpf_ctrl_atf6,20250612_24hpf_ctrl_atf6_C10,20250612_24hpf_ctrl_atf6_C10_e01,20250612_24hpf_ctrl_atf6_C10_e01_BF,20250612_24hpf_ctrl_atf6_C10_e01_BF_t0000,20250612_24hpf_ctrl_atf6_C10_BF_t0000,0,BF,20250612_24hpf_ctrl_atf6_C10_BF_t0000_m0000,20250612_24hpf_ctrl_atf6_C10_track0000,/net/trapnell/vol1/home/nlammers/projects/data/morphseq/pipeline/output/acquisition/20250612_24hpf_ctrl_atf6/materialized_images/20250612_24hpf_ctrl_atf6_C10/BF/projection/focus_stack/20250612_24hpf_ctrl_atf6_C10_BF_t0000.png,object_extraction/20250612_24hpf_ctrl_atf6/snips/per_well/20250612_24hpf_ctrl_atf6_C10/snips/20250612_24hpf_ctrl_atf6_C10_e01/20250612_24hpf_ctrl_atf6_C10_e01_BF_t0000.png,object_extraction/20250612_24hpf_ctrl_atf6/snips/per_well/20250612_24hpf_ctrl_atf6_C10/snips/20250612_24hpf_ctrl_atf6_C10_e01/20250612_24hpf_ctrl_atf6_C10_e01_BF_t0000_embryo.png,object_extraction/20250612_24hpf_ctrl_atf6/snips/per_well/20250612_24hpf_ctrl_atf6_C10/snips/20250612_24hpf_ctrl_atf6_C10_e01/20250612_24hpf_ctrl_atf6_C10_e01_BF_t0000_embryo.png,,,,,256,576,True,
20250612_24hpf_ctrl_atf6,20250612_24hpf_ctrl_atf6_C11,20250612_24hpf_ctrl_atf6_C11_e01,20250612_24hpf_ctrl_atf6_C11_e01_BF,20250612_24hpf_ctrl_atf6_C11_e01_BF_t0000,20250612_24hpf_ctrl_atf6_C11_BF_t0000,0,BF,20250612_24hpf_ctrl_atf6_C11_BF_t0000_m0000,20250612_24hpf_ctrl_atf6_C11_track0000,/net/trapnell/vol1/home/nlammers/projects/data/morphseq/pipeline/output/acquisition/20250612_24hpf_ctrl_atf6/materialized_images/20250612_24hpf_ctrl_atf6_C11/BF/projection/focus_stack/20250612_24hpf_ctrl_atf6_C11_BF_t0000.png,object_extraction/20250612_24hpf_ctrl_atf6/snips/per_well/20250612_24hpf_ctrl_atf6_C11/snips/20250612_24hpf_ctrl_atf6_C11_e01/20250612_24hpf_ctrl_atf6_C11_e01_BF_t0000.png,object_extraction/20250612_24hpf_ctrl_atf6/snips/per_well/20250612_24hpf_ctrl_atf6_C11/snips/20250612_24hpf_ctrl_atf6_C11_e01/20250612_24hpf_ctrl_atf6_C11_e01_BF_t0000_embryo.png,object_extraction/20250612_24hpf_ctrl_atf6/snips/per_well/20250612_24hpf_ctrl_atf6_C11/snips/20250612_24hpf_ctrl_atf6_C11_e01/20250612_24hpf_ctrl_atf6_C11_e01_BF_t0000_embryo.png,,,,,256,576,True,
20250612_24hpf_ctrl_atf6,20250612_24hpf_ctrl_atf6_C12,20250612_24hpf_ctrl_atf6_C12_e01,20250612_24hpf_ctrl_atf6_C12_e01_BF,20250612_24hpf_ctrl_atf6_C12_e01_BF_t0000,20250612_24hpf_ctrl_atf6_C12_BF_t0000,0,BF,20250612_24hpf_ctrl_atf6_C12_BF_t0000_m0000,20250612_24hpf_ctrl_atf6_C12_track0000,/net/trapnell/vol1/home/nlammers/projects/data/morphseq/pipeline/output/acquisition/20250612_24hpf_ctrl_atf6/materialized_images/20250612_24hpf_ctrl_atf6_C12/BF/projection/focus_stack/20250612_24hpf_ctrl_atf6_C12_BF_t0000.png,object_extraction/20250612_24hpf_ctrl_atf6/snips/per_well/20250612_24hpf_ctrl_atf6_C12/snips/20250612_24hpf_ctrl_atf6_C12_e01/20250612_24hpf_ctrl_atf6_C12_e01_BF_t0000.png,object_extraction/20250612_24hpf_ctrl_atf6/snips/per_well/20250612_24hpf_ctrl_atf6_C12/snips/20250612_24hpf_ctrl_atf6_C12_e01/20250612_24hpf_ctrl_atf6_C12_e01_BF_t0000_embryo.png,object_extraction/20250612_24hpf_ctrl_atf6/snips/per_well/20250612_24hpf_ctrl_atf6_C12/snips/20250612_24hpf_ctrl_atf6_C12_e01/20250612_24hpf_ctrl_atf6_C12_e01_BF_t0000_embryo.png,,,,,256,576,True,
20250612_24hpf_ctrl_atf6,20250612_24hpf_ctrl_atf6_D01,20250612_24hpf_ctrl_atf6_D01_e01,20250612_24hpf_ctrl_atf6_D01_e01_BF,20250612_24hpf_ctrl_atf6_D01_e01_BF_t0000,20250612_24hpf_ctrl_atf6_D01_BF_t0000,0,BF,20250612_24hpf_ctrl_atf6_D01_BF_t0000_m0000,20250612_24hpf_ctrl_atf6_D01_track0000,/net/trapnell/vol1/home/nlammers/projects/data/morphseq/pipeline/output/acquisition/20250612_24hpf_ctrl_atf6/materialized_images/20250612_24hpf_ctrl_atf6_D01/BF/projection/focus_stack/20250612_24hpf_ctrl_atf6_D01_BF_t0000.png,object_extraction/20250612_24hpf_ctrl_atf6/snips/per_well/20250612_24hpf_ctrl_atf6_D01/snips/20250612_24hpf_ctrl_atf6_D01_e01/20250612_24hpf_ctrl_atf6_D01_e01_BF_t0000.png,object_extraction/20250612_24hpf_ctrl_atf6/snips/per_well/20250612_24hpf_ctrl_atf6_D01/snips/20250612_24hpf_ctrl_atf6_D01_e01/20250612_24hpf_ctrl_atf6_D01_e01_BF_t0000_embryo.png,object_extraction/20250612_24hpf_ctrl_atf6/snips/per_well/20250612_24hpf_ctrl_atf6_D01/snips/20250612_24hpf_ctrl_atf6_D01_e01/20250612_24hpf_ctrl_atf6_D01_e01_BF_t0000_embryo.png,,,,,256,576,True,
20250612_24hpf_ctrl_atf6,20250612_24hpf_ctrl_atf6_D02,20250612_24hpf_ctrl_atf6_D02_e01,20250612_24hpf_ctrl_atf6_D02_e01_BF,20250612_24hpf_ctrl_atf6_D02_e01_BF_t0000,20250612_24hpf_ctrl_atf6_D02_BF_t0000,0,BF,20250612_24hpf_ctrl_atf6_D02_BF_t0000_m0000,20250612_24hpf_ctrl_atf6_D02_track0000,/net/trapnell/vol1/home/nlammers/projects/data/morphseq/pipeline/output/acquisition/20250612_24hpf_ctrl_atf6/materialized_images/20250612_24hpf_ctrl_atf6_D02/BF/projection/focus_stack/20250612_24hpf_ctrl_atf6_D02_BF_t0000.png,object_extraction/20250612_24hpf_ctrl_atf6/snips/per_well/20250612_24hpf_ctrl_atf6_D02/snips/20250612_24hpf_ctrl_atf6_D02_e01/20250612_24hpf_ctrl_atf6_D02_e01_BF_t0000.png,object_extraction/20250612_24hpf_ctrl_atf6/snips/per_well/20250612_24hpf_ctrl_atf6_D02/snips/20250612_24hpf_ctrl_atf6_D02_e01/20250612_24hpf_ctrl_atf6_D02_e01_BF_t0000_embryo.png,object_extraction/20250612_24hpf_ctrl_atf6/snips/per_well/20250612_24hpf_ctrl_atf6_D02/snips/20250612_24hpf_ctrl_atf6_D02_e01/20250612_24hpf_ctrl_atf6_D02_e01_BF_t0000_embryo.png,,,,,256,576,True,
20250612_24hpf_ctrl_atf6,20250612_24hpf_ctrl_atf6_D03,20250612_24hpf_ctrl_atf6_D03_e01,20250612_24hpf_ctrl_atf6_D03_e01_BF,20250612_24hpf_ctrl_atf6_D03_e01_BF_t0000,20250612_24hpf_ctrl_atf6_D03_BF_t0000,0,BF,20250612_24hpf_ctrl_atf6_D03_BF_t0000_m0000,20250612_24hpf_ctrl_atf6_D03_track0000,/net/trapnell/vol1/home/nlammers/projects/data/morphseq/pipeline/output/acquisition/20250612_24hpf_ctrl_atf6/materialized_images/20250612_24hpf_ctrl_atf6_D03/BF/projection/focus_stack/20250612_24hpf_ctrl_atf6_D03_BF_t0000.png,object_extraction/20250612_24hpf_ctrl_atf6/snips/per_well/20250612_24hpf_ctrl_atf6_D03/snips/20250612_24hpf_ctrl_atf6_D03_e01/20250612_24hpf_ctrl_atf6_D03_e01_BF_t0000.png,object_extraction/20250612_24hpf_ctrl_atf6/snips/per_well/20250612_24hpf_ctrl_atf6_D03/snips/20250612_24hpf_ctrl_atf6_D03_e01/20250612_24hpf_ctrl_atf6_D03_e01_BF_t0000_embryo.png,object_extraction/20250612_24hpf_ctrl_atf6/snips/per_well/20250612_24hpf_ctrl_atf6_D03/snips/20250612_24hpf_ctrl_atf6_D03_e01/20250612_24hpf_ctrl_atf6_D03_e01_BF_t0000_embryo.png,,,,,256,576,True,
20250612_24hpf_ctrl_atf6,20250612_24hpf_ctrl_atf6_D04,20250612_24hpf_ctrl_atf6_D04_e01,20250612_24hpf_ctrl_atf6_D04_e01_BF,20250612_24hpf_ctrl_atf6_D04_e01_BF_t0000,20250612_24hpf_ctrl_atf6_D04_BF_t0000,0,BF,20250612_24hpf_ctrl_atf6_D04_BF_t0000_m0000,20250612_24hpf_ctrl_atf6_D04_track0000,/net/trapnell/vol1/home/nlammers/projects/data/morphseq/pipeline/output/acquisition/20250612_24hpf_ctrl_atf6/materialized_images/20250612_24hpf_ctrl_atf6_D04/BF/projection/focus_stack/20250612_24hpf_ctrl_atf6_D04_BF_t0000.png,object_extraction/20250612_24hpf_ctrl_atf6/snips/per_well/20250612_24hpf_ctrl_atf6_D04/snips/20250612_24hpf_ctrl_atf6_D04_e01/20250612_24hpf_ctrl_atf6_D04_e01_BF_t0000.png,object_extraction/20250612_24hpf_ctrl_atf6/snips/per_well/20250612_24hpf_ctrl_atf6_D04/snips/20250612_24hpf_ctrl_atf6_D04_e01/20250612_24hpf_ctrl_atf6_D04_e01_BF_t0000_embryo.png,object_extraction/20250612_24hpf_ctrl_atf6/snips/per_well/20250612_24hpf_ctrl_atf6_D04/snips/20250612_24hpf_ctrl_atf6_D04_e01/20250612_24hpf_ctrl_atf6_D04_e01_BF_t0000_embryo.png,,,,,256,576,True,
20250612_24hpf_ctrl_atf6,20250612_24hpf_ctrl_atf6_D05,20250612_24hpf_ctrl_atf6_D05_e01,20250612_24hpf_ctrl_atf6_D05_e01_BF,20250612_24hpf_ctrl_atf6_D05_e01_BF_t0000,20250612_24hpf_ctrl_atf6_D05_BF_t0000,0,BF,20250612_24hpf_ctrl_atf6_D05_BF_t0000_m0000,20250612_24hpf_ctrl_atf6_D05_track0000,/net/trapnell/vol1/home/nlammers/projects/data/morphseq/pipeline/output/acquisition/20250612_24hpf_ctrl_atf6/materialized_images/20250612_24hpf_ctrl_atf6_D05/BF/projection/focus_stack/20250612_24hpf_ctrl_atf6_D05_BF_t0000.png,object_extraction/20250612_24hpf_ctrl_atf6/snips/per_well/20250612_24hpf_ctrl_atf6_D05/snips/20250612_24hpf_ctrl_atf6_D05_e01/20250612_24hpf_ctrl_atf6_D05_e01_BF_t0000.png,object_extraction/20250612_24hpf_ctrl_atf6/snips/per_well/20250612_24hpf_ctrl_atf6_D05/snips/20250612_24hpf_ctrl_atf6_D05_e01/20250612_24hpf_ctrl_atf6_D05_e01_BF_t0000_embryo.png,object_extraction/20250612_24hpf_ctrl_atf6/snips/per_well/20250612_24hpf_ctrl_atf6_D05/snips/20250612_24hpf_ctrl_atf6_D05_e01/20250612_24hpf_ctrl_atf6_D05_e01_BF_t0000_embryo.png,,,,,256,576,True,
20250612_24hpf_ctrl_atf6,20250612_24hpf_ctrl_atf6_D06,20250612_24hpf_ctrl_atf6_D06_e01,20250612_24hpf_ctrl_atf6_D06_e01_BF,20250612_24hpf_ctrl_atf6_D06_e01_BF_t0000,20250612_24hpf_ctrl_atf6_D06_BF_t0000,0,BF,20250612_24hpf_ctrl_atf6_D06_BF_t0000_m0000,20250612_24hpf_ctrl_atf6_D06_track0000,/net/trapnell/vol1/home/nlammers/projects/data/morphseq/pipeline/output/acquisition/20250612_24hpf_ctrl_atf6/materialized_images/20250612_24hpf_ctrl_atf6_D06/BF/projection/focus_stack/20250612_24hpf_ctrl_atf6_D06_BF_t0000.png,object_extraction/20250612_24hpf_ctrl_atf6/snips/per_well/20250612_24hpf_ctrl_atf6_D06/snips/20250612_24hpf_ctrl_atf6_D06_e01/20250612_24hpf_ctrl_atf6_D06_e01_BF_t0000.png,object_extraction/20250612_24hpf_ctrl_atf6/snips/per_well/20250612_24hpf_ctrl_atf6_D06/snips/20250612_24hpf_ctrl_atf6_D06_e01/20250612_24hpf_ctrl_atf6_D06_e01_BF_t0000_embryo.png,object_extraction/20250612_24hpf_ctrl_atf6/snips/per_well/20250612_24hpf_ctrl_atf6_D06/snips/20250612_24hpf_ctrl_atf6_D06_e01/20250612_24hpf_ctrl_atf6_D06_e01_BF_t0000_embryo.png,,,,,256,576,True,
20250612_24hpf_ctrl_atf6,20250612_24hpf_ctrl_atf6_D07,20250612_24hpf_ctrl_atf6_D07_e01,20250612_24hpf_ctrl_atf6_D07_e01_BF,20250612_24hpf_ctrl_atf6_D07_e01_BF_t0000,20250612_24hpf_ctrl_atf6_D07_BF_t0000,0,BF,20250612_24hpf_ctrl_atf6_D07_BF_t0000_m0000,20250612_24hpf_ctrl_atf6_D07_track0000,/net/trapnell/vol1/home/nlammers/projects/data/morphseq/pipeline/output/acquisition/20250612_24hpf_ctrl_atf6/materialized_images/20250612_24hpf_ctrl_atf6_D07/BF/projection/focus_stack/20250612_24hpf_ctrl_atf6_D07_BF_t0000.png,object_extraction/20250612_24hpf_ctrl_atf6/snips/per_well/20250612_24hpf_ctrl_atf6_D07/snips/20250612_24hpf_ctrl_atf6_D07_e01/20250612_24hpf_ctrl_atf6_D07_e01_BF_t0000.png,object_extraction/20250612_24hpf_ctrl_atf6/snips/per_well/20250612_24hpf_ctrl_atf6_D07/snips/20250612_24hpf_ctrl_atf6_D07_e01/20250612_24hpf_ctrl_atf6_D07_e01_BF_t0000_embryo.png,object_extraction/20250612_24hpf_ctrl_atf6/snips/per_well/20250612_24hpf_ctrl_atf6_D07/snips/20250612_24hpf_ctrl_atf6_D07_e01/20250612_24hpf_ctrl_atf6_D07_e01_BF_t0000_embryo.png,,,,,256,576,True,
20250612_24hpf_ctrl_atf6,20250612_24hpf_ctrl_atf6_D08,20250612_24hpf_ctrl_atf6_D08_e01,20250612_24hpf_ctrl_atf6_D08_e01_BF,20250612_24hpf_ctrl_atf6_D08_e01_BF_t0000,20250612_24hpf_ctrl_atf6_D08_BF_t0000,0,BF,20250612_24hpf_ctrl_atf6_D08_BF_t0000_m0000,20250612_24hpf_ctrl_atf6_D08_track0000,/net/trapnell/vol1/home/nlammers/projects/data/morphseq/pipeline/output/acquisition/20250612_24hpf_ctrl_atf6/materialized_images/20250612_24hpf_ctrl_atf6_D08/BF/projection/focus_stack/20250612_24hpf_ctrl_atf6_D08_BF_t0000.png,object_extraction/20250612_24hpf_ctrl_atf6/snips/per_well/20250612_24hpf_ctrl_atf6_D08/snips/20250612_24hpf_ctrl_atf6_D08_e01/20250612_24hpf_ctrl_atf6_D08_e01_BF_t0000.png,object_extraction/20250612_24hpf_ctrl_atf6/snips/per_well/20250612_24hpf_ctrl_atf6_D08/snips/20250612_24hpf_ctrl_atf6_D08_e01/20250612_24hpf_ctrl_atf6_D08_e01_BF_t0000_embryo.png,object_extraction/20250612_24hpf_ctrl_atf6/snips/per_well/20250612_24hpf_ctrl_atf6_D08/snips/20250612_24hpf_ctrl_atf6_D08_e01/20250612_24hpf_ctrl_atf6_D08_e01_BF_t0000_embryo.png,,,,,256,576,True,
20250612_24hpf_ctrl_atf6,20250612_24hpf_ctrl_atf6_D09,20250612_24hpf_ctrl_atf6_D09_e01,20250612_24hpf_ctrl_atf6_D09_e01_BF,20250612_24hpf_ctrl_atf6_D09_e01_BF_t0000,20250612_24hpf_ctrl_atf6_D09_BF_t0000,0,BF,20250612_24hpf_ctrl_atf6_D09_BF_t0000_m0000,20250612_24hpf_ctrl_atf6_D09_track0000,/net/trapnell/vol1/home/nlammers/projects/data/morphseq/pipeline/output/acquisition/20250612_24hpf_ctrl_atf6/materialized_images/20250612_24hpf_ctrl_atf6_D09/BF/projection/focus_stack/20250612_24hpf_ctrl_atf6_D09_BF_t0000.png,object_extraction/20250612_24hpf_ctrl_atf6/snips/per_well/20250612_24hpf_ctrl_atf6_D09/snips/20250612_24hpf_ctrl_atf6_D09_e01/20250612_24hpf_ctrl_atf6_D09_e01_BF_t0000.png,object_extraction/20250612_24hpf_ctrl_atf6/snips/per_well/20250612_24hpf_ctrl_atf6_D09/snips/20250612_24hpf_ctrl_atf6_D09_e01/20250612_24hpf_ctrl_atf6_D09_e01_BF_t0000_embryo.png,object_extraction/20250612_24hpf_ctrl_atf6/snips/per_well/20250612_24hpf_ctrl_atf6_D09/snips/20250612_24hpf_ctrl_atf6_D09_e01/20250612_24hpf_ctrl_atf6_D09_e01_BF_t0000_embryo.png,,,,,256,576,True,
20250612_24hpf_ctrl_atf6,20250612_24hpf_ctrl_atf6_D10,20250612_24hpf_ctrl_atf6_D10_e01,20250612_24hpf_ctrl_atf6_D10_e01_BF,20250612_24hpf_ctrl_atf6_D10_e01_BF_t0000,20250612_24hpf_ctrl_atf6_D10_BF_t0000,0,BF,20250612_24hpf_ctrl_atf6_D10_BF_t0000_m0000,20250612_24hpf_ctrl_atf6_D10_track0000,/net/trapnell/vol1/home/nlammers/projects/data/morphseq/pipeline/output/acquisition/20250612_24hpf_ctrl_atf6/materialized_images/20250612_24hpf_ctrl_atf6_D10/BF/projection/focus_stack/20250612_24hpf_ctrl_atf6_D10_BF_t0000.png,object_extraction/20250612_24hpf_ctrl_atf6/snips/per_well/20250612_24hpf_ctrl_atf6_D10/snips/20250612_24hpf_ctrl_atf6_D10_e01/20250612_24hpf_ctrl_atf6_D10_e01_BF_t0000.png,object_extraction/20250612_24hpf_ctrl_atf6/snips/per_well/20250612_24hpf_ctrl_atf6_D10/snips/20250612_24hpf_ctrl_atf6_D10_e01/20250612_24hpf_ctrl_atf6_D10_e01_BF_t0000_embryo.png,object_extraction/20250612_24hpf_ctrl_atf6/snips/per_well/20250612_24hpf_ctrl_atf6_D10/snips/20250612_24hpf_ctrl_atf6_D10_e01/20250612_24hpf_ctrl_atf6_D10_e01_BF_t0000_embryo.png,,,,,256,576,True,
20250612_24hpf_ctrl_atf6,20250612_24hpf_ctrl_atf6_D11,20250612_24hpf_ctrl_atf6_D11_e01,20250612_24hpf_ctrl_atf6_D11_e01_BF,20250612_24hpf_ctrl_atf6_D11_e01_BF_t0000,20250612_24hpf_ctrl_atf6_D11_BF_t0000,0,BF,20250612_24hpf_ctrl_atf6_D11_BF_t0000_m0000,20250612_24hpf_ctrl_atf6_D11_track0000,/net/trapnell/vol1/home/nlammers/projects/data/morphseq/pipeline/output/acquisition/20250612_24hpf_ctrl_atf6/materialized_images/20250612_24hpf_ctrl_atf6_D11/BF/projection/focus_stack/20250612_24hpf_ctrl_atf6_D11_BF_t0000.png,object_extraction/20250612_24hpf_ctrl_atf6/snips/per_well/20250612_24hpf_ctrl_atf6_D11/snips/20250612_24hpf_ctrl_atf6_D11_e01/20250612_24hpf_ctrl_atf6_D11_e01_BF_t0000.png,object_extraction/20250612_24hpf_ctrl_atf6/snips/per_well/20250612_24hpf_ctrl_atf6_D11/snips/20250612_24hpf_ctrl_atf6_D11_e01/20250612_24hpf_ctrl_atf6_D11_e01_BF_t0000_embryo.png,object_extraction/20250612_24hpf_ctrl_atf6/snips/per_well/20250612_24hpf_ctrl_atf6_D11/snips/20250612_24hpf_ctrl_atf6_D11_e01/20250612_24hpf_ctrl_atf6_D11_e01_BF_t0000_embryo.png,,,,,256,576,True,
20250612_24hpf_ctrl_atf6,20250612_24hpf_ctrl_atf6_D12,20250612_24hpf_ctrl_atf6_D12_e01,20250612_24hpf_ctrl_atf6_D12_e01_BF,20250612_24hpf_ctrl_atf6_D12_e01_BF_t0000,20250612_24hpf_ctrl_atf6_D12_BF_t0000,0,BF,20250612_24hpf_ctrl_atf6_D12_BF_t0000_m0000,20250612_24hpf_ctrl_atf6_D12_track0000,/net/trapnell/vol1/home/nlammers/projects/data/morphseq/pipeline/output/acquisition/20250612_24hpf_ctrl_atf6/materialized_images/20250612_24hpf_ctrl_atf6_D12/BF/projection/focus_stack/20250612_24hpf_ctrl_atf6_D12_BF_t0000.png,object_extraction/20250612_24hpf_ctrl_atf6/snips/per_well/20250612_24hpf_ctrl_atf6_D12/snips/20250612_24hpf_ctrl_atf6_D12_e01/20250612_24hpf_ctrl_atf6_D12_e01_BF_t0000.png,object_extraction/20250612_24hpf_ctrl_atf6/snips/per_well/20250612_24hpf_ctrl_atf6_D12/snips/20250612_24hpf_ctrl_atf6_D12_e01/20250612_24hpf_ctrl_atf6_D12_e01_BF_t0000_embryo.png,object_extraction/20250612_24hpf_ctrl_atf6/snips/per_well/20250612_24hpf_ctrl_atf6_D12/snips/20250612_24hpf_ctrl_atf6_D12_e01/20250612_24hpf_ctrl_atf6_D12_e01_BF_t0000_embryo.png,,,,,256,576,True,
20250612_24hpf_ctrl_atf6,20250612_24hpf_ctrl_atf6_E01,20250612_24hpf_ctrl_atf6_E01_e01,20250612_24hpf_ctrl_atf6_E01_e01_BF,20250612_24hpf_ctrl_atf6_E01_e01_BF_t0000,20250612_24hpf_ctrl_atf6_E01_BF_t0000,0,BF,20250612_24hpf_ctrl_atf6_E01_BF_t0000_m0000,20250612_24hpf_ctrl_atf6_E01_track0000,/net/trapnell/vol1/home/nlammers/projects/data/morphseq/pipeline/output/acquisition/20250612_24hpf_ctrl_atf6/materialized_images/20250612_24hpf_ctrl_atf6_E01/BF/projection/focus_stack/20250612_24hpf_ctrl_atf6_E01_BF_t0000.png,object_extraction/20250612_24hpf_ctrl_atf6/snips/per_well/20250612_24hpf_ctrl_atf6_E01/snips/20250612_24hpf_ctrl_atf6_E01_e01/20250612_24hpf_ctrl_atf6_E01_e01_BF_t0000.png,object_extraction/20250612_24hpf_ctrl_atf6/snips/per_well/20250612_24hpf_ctrl_atf6_E01/snips/20250612_24hpf_ctrl_atf6_E01_e01/20250612_24hpf_ctrl_atf6_E01_e01_BF_t0000_embryo.png,object_extraction/20250612_24hpf_ctrl_atf6/snips/per_well/20250612_24hpf_ctrl_atf6_E01/snips/20250612_24hpf_ctrl_atf6_E01_e01/20250612_24hpf_ctrl_atf6_E01_e01_BF_t0000_embryo.png,,,,,256,576,True,
20250612_24hpf_ctrl_atf6,20250612_24hpf_ctrl_atf6_E02,20250612_24hpf_ctrl_atf6_E02_e01,20250612_24hpf_ctrl_atf6_E02_e01_BF,20250612_24hpf_ctrl_atf6_E02_e01_BF_t0000,20250612_24hpf_ctrl_atf6_E02_BF_t0000,0,BF,20250612_24hpf_ctrl_atf6_E02_BF_t0000_m0000,20250612_24hpf_ctrl_atf6_E02_track0000,/net/trapnell/vol1/home/nlammers/projects/data/morphseq/pipeline/output/acquisition/20250612_24hpf_ctrl_atf6/materialized_images/20250612_24hpf_ctrl_atf6_E02/BF/projection/focus_stack/20250612_24hpf_ctrl_atf6_E02_BF_t0000.png,object_extraction/20250612_24hpf_ctrl_atf6/snips/per_well/20250612_24hpf_ctrl_atf6_E02/snips/20250612_24hpf_ctrl_atf6_E02_e01/20250612_24hpf_ctrl_atf6_E02_e01_BF_t0000.png,object_extraction/20250612_24hpf_ctrl_atf6/snips/per_well/20250612_24hpf_ctrl_atf6_E02/snips/20250612_24hpf_ctrl_atf6_E02_e01/20250612_24hpf_ctrl_atf6_E02_e01_BF_t0000_embryo.png,object_extraction/20250612_24hpf_ctrl_atf6/snips/per_well/20250612_24hpf_ctrl_atf6_E02/snips/20250612_24hpf_ctrl_atf6_E02_e01/20250612_24hpf_ctrl_atf6_E02_e01_BF_t0000_embryo.png,,,,,256,576,True,
20250612_24hpf_ctrl_atf6,20250612_24hpf_ctrl_atf6_E03,20250612_24hpf_ctrl_atf6_E03_e01,20250612_24hpf_ctrl_atf6_E03_e01_BF,20250612_24hpf_ctrl_atf6_E03_e01_BF_t0000,20250612_24hpf_ctrl_atf6_E03_BF_t0000,0,BF,20250612_24hpf_ctrl_atf6_E03_BF_t0000_m0000,20250612_24hpf_ctrl_atf6_E03_track0000,/net/trapnell/vol1/home/nlammers/projects/data/morphseq/pipeline/output/acquisition/20250612_24hpf_ctrl_atf6/materialized_images/20250612_24hpf_ctrl_atf6_E03/BF/projection/focus_stack/20250612_24hpf_ctrl_atf6_E03_BF_t0000.png,object_extraction/20250612_24hpf_ctrl_atf6/snips/per_well/20250612_24hpf_ctrl_atf6_E03/snips/20250612_24hpf_ctrl_atf6_E03_e01/20250612_24hpf_ctrl_atf6_E03_e01_BF_t0000.png,object_extraction/20250612_24hpf_ctrl_atf6/snips/per_well/20250612_24hpf_ctrl_atf6_E03/snips/20250612_24hpf_ctrl_atf6_E03_e01/20250612_24hpf_ctrl_atf6_E03_e01_BF_t0000_embryo.png,object_extraction/20250612_24hpf_ctrl_atf6/snips/per_well/20250612_24hpf_ctrl_atf6_E03/snips/20250612_24hpf_ctrl_atf6_E03_e01/20250612_24hpf_ctrl_atf6_E03_e01_BF_t0000_embryo.png,,,,,256,576,True,
20250612_24hpf_ctrl_atf6,20250612_24hpf_ctrl_atf6_E04,20250612_24hpf_ctrl_atf6_E04_e01,20250612_24hpf_ctrl_atf6_E04_e01_BF,20250612_24hpf_ctrl_atf6_E04_e01_BF_t0000,20250612_24hpf_ctrl_atf6_E04_BF_t0000,0,BF,20250612_24hpf_ctrl_atf6_E04_BF_t0000_m0000,20250612_24hpf_ctrl_atf6_E04_track0000,/net/trapnell/vol1/home/nlammers/projects/data/morphseq/pipeline/output/acquisition/20250612_24hpf_ctrl_atf6/materialized_images/20250612_24hpf_ctrl_atf6_E04/BF/projection/focus_stack/20250612_24hpf_ctrl_atf6_E04_BF_t0000.png,object_extraction/20250612_24hpf_ctrl_atf6/snips/per_well/20250612_24hpf_ctrl_atf6_E04/snips/20250612_24hpf_ctrl_atf6_E04_e01/20250612_24hpf_ctrl_atf6_E04_e01_BF_t0000.png,object_extraction/20250612_24hpf_ctrl_atf6/snips/per_well/20250612_24hpf_ctrl_atf6_E04/snips/20250612_24hpf_ctrl_atf6_E04_e01/20250612_24hpf_ctrl_atf6_E04_e01_BF_t0000_embryo.png,object_extraction/20250612_24hpf_ctrl_atf6/snips/per_well/20250612_24hpf_ctrl_atf6_E04/snips/20250612_24hpf_ctrl_atf6_E04_e01/20250612_24hpf_ctrl_atf6_E04_e01_BF_t0000_embryo.png,,,,,256,576,True,
20250612_24hpf_ctrl_atf6,20250612_24hpf_ctrl_atf6_E05,20250612_24hpf_ctrl_atf6_E05_e01,20250612_24hpf_ctrl_atf6_E05_e01_BF,20250612_24hpf_ctrl_atf6_E05_e01_BF_t0000,20250612_24hpf_ctrl_atf6_E05_BF_t0000,0,BF,20250612_24hpf_ctrl_atf6_E05_BF_t0000_m0000,20250612_24hpf_ctrl_atf6_E05_track0000,/net/trapnell/vol1/home/nlammers/projects/data/morphseq/pipeline/output/acquisition/20250612_24hpf_ctrl_atf6/materialized_images/20250612_24hpf_ctrl_atf6_E05/BF/projection/focus_stack/20250612_24hpf_ctrl_atf6_E05_BF_t0000.png,object_extraction/20250612_24hpf_ctrl_atf6/snips/per_well/20250612_24hpf_ctrl_atf6_E05/snips/20250612_24hpf_ctrl_atf6_E05_e01/20250612_24hpf_ctrl_atf6_E05_e01_BF_t0000.png,object_extraction/20250612_24hpf_ctrl_atf6/snips/per_well/20250612_24hpf_ctrl_atf6_E05/snips/20250612_24hpf_ctrl_atf6_E05_e01/20250612_24hpf_ctrl_atf6_E05_e01_BF_t0000_embryo.png,object_extraction/20250612_24hpf_ctrl_atf6/snips/per_well/20250612_24hpf_ctrl_atf6_E05/snips/20250612_24hpf_ctrl_atf6_E05_e01/20250612_24hpf_ctrl_atf6_E05_e01_BF_t0000_embryo.png,,,,,256,576,True,
20250612_24hpf_ctrl_atf6,20250612_24hpf_ctrl_atf6_E06,20250612_24hpf_ctrl_atf6_E06_e01,20250612_24hpf_ctrl_atf6_E06_e01_BF,20250612_24hpf_ctrl_atf6_E06_e01_BF_t0000,20250612_24hpf_ctrl_atf6_E06_BF_t0000,0,BF,20250612_24hpf_ctrl_atf6_E06_BF_t0000_m0000,20250612_24hpf_ctrl_atf6_E06_track0000,/net/trapnell/vol1/home/nlammers/projects/data/morphseq/pipeline/output/acquisition/20250612_24hpf_ctrl_atf6/materialized_images/20250612_24hpf_ctrl_atf6_E06/BF/projection/focus_stack/20250612_24hpf_ctrl_atf6_E06_BF_t0000.png,object_extraction/20250612_24hpf_ctrl_atf6/snips/per_well/20250612_24hpf_ctrl_atf6_E06/snips/20250612_24hpf_ctrl_atf6_E06_e01/20250612_24hpf_ctrl_atf6_E06_e01_BF_t0000.png,object_extraction/20250612_24hpf_ctrl_atf6/snips/per_well/20250612_24hpf_ctrl_atf6_E06/snips/20250612_24hpf_ctrl_atf6_E06_e01/20250612_24hpf_ctrl_atf6_E06_e01_BF_t0000_embryo.png,object_extraction/20250612_24hpf_ctrl_atf6/snips/per_well/20250612_24hpf_ctrl_atf6_E06/snips/20250612_24hpf_ctrl_atf6_E06_e01/20250612_24hpf_ctrl_atf6_E06_e01_BF_t0000_embryo.png,,,,,256,576,True,
20250612_24hpf_ctrl_atf6,20250612_24hpf_ctrl_atf6_E07,20250612_24hpf_ctrl_atf6_E07_e01,20250612_24hpf_ctrl_atf6_E07_e01_BF,20250612_24hpf_ctrl_atf6_E07_e01_BF_t0000,20250612_24hpf_ctrl_atf6_E07_BF_t0000,0,BF,20250612_24hpf_ctrl_atf6_E07_BF_t0000_m0000,20250612_24hpf_ctrl_atf6_E07_track0000,/net/trapnell/vol1/home/nlammers/projects/data/morphseq/pipeline/output/acquisition/20250612_24hpf_ctrl_atf6/materialized_images/20250612_24hpf_ctrl_atf6_E07/BF/projection/focus_stack/20250612_24hpf_ctrl_atf6_E07_BF_t0000.png,object_extraction/20250612_24hpf_ctrl_atf6/snips/per_well/20250612_24hpf_ctrl_atf6_E07/snips/20250612_24hpf_ctrl_atf6_E07_e01/20250612_24hpf_ctrl_atf6_E07_e01_BF_t0000.png,object_extraction/20250612_24hpf_ctrl_atf6/snips/per_well/20250612_24hpf_ctrl_atf6_E07/snips/20250612_24hpf_ctrl_atf6_E07_e01/20250612_24hpf_ctrl_atf6_E07_e01_BF_t0000_embryo.png,object_extraction/20250612_24hpf_ctrl_atf6/snips/per_well/20250612_24hpf_ctrl_atf6_E07/snips/20250612_24hpf_ctrl_atf6_E07_e01/20250612_24hpf_ctrl_atf6_E07_e01_BF_t0000_embryo.png,,,,,256,576,True,
20250612_24hpf_ctrl_atf6,20250612_24hpf_ctrl_atf6_E08,20250612_24hpf_ctrl_atf6_E08_e01,20250612_24hpf_ctrl_atf6_E08_e01_BF,20250612_24hpf_ctrl_atf6_E08_e01_BF_t0000,20250612_24hpf_ctrl_atf6_E08_BF_t0000,0,BF,20250612_24hpf_ctrl_atf6_E08_BF_t0000_m0000,20250612_24hpf_ctrl_atf6_E08_track0000,/net/trapnell/vol1/home/nlammers/projects/data/morphseq/pipeline/output/acquisition/20250612_24hpf_ctrl_atf6/materialized_images/20250612_24hpf_ctrl_atf6_E08/BF/projection/focus_stack/20250612_24hpf_ctrl_atf6_E08_BF_t0000.png,object_extraction/20250612_24hpf_ctrl_atf6/snips/per_well/20250612_24hpf_ctrl_atf6_E08/snips/20250612_24hpf_ctrl_atf6_E08_e01/20250612_24hpf_ctrl_atf6_E08_e01_BF_t0000.png,object_extraction/20250612_24hpf_ctrl_atf6/snips/per_well/20250612_24hpf_ctrl_atf6_E08/snips/20250612_24hpf_ctrl_atf6_E08_e01/20250612_24hpf_ctrl_atf6_E08_e01_BF_t0000_embryo.png,object_extraction/20250612_24hpf_ctrl_atf6/snips/per_well/20250612_24hpf_ctrl_atf6_E08/snips/20250612_24hpf_ctrl_atf6_E08_e01/20250612_24hpf_ctrl_atf6_E08_e01_BF_t0000_embryo.png,,,,,256,576,True,
20250612_24hpf_ctrl_atf6,20250612_24hpf_ctrl_atf6_E09,20250612_24hpf_ctrl_atf6_E09_e01,20250612_24hpf_ctrl_atf6_E09_e01_BF,20250612_24hpf_ctrl_atf6_E09_e01_BF_t0000,20250612_24hpf_ctrl_atf6_E09_BF_t0000,0,BF,20250612_24hpf_ctrl_atf6_E09_BF_t0000_m0000,20250612_24hpf_ctrl_atf6_E09_track0000,/net/trapnell/vol1/home/nlammers/projects/data/morphseq/pipeline/output/acquisition/20250612_24hpf_ctrl_atf6/materialized_images/20250612_24hpf_ctrl_atf6_E09/BF/projection/focus_stack/20250612_24hpf_ctrl_atf6_E09_BF_t0000.png,object_extraction/20250612_24hpf_ctrl_atf6/snips/per_well/20250612_24hpf_ctrl_atf6_E09/snips/20250612_24hpf_ctrl_atf6_E09_e01/20250612_24hpf_ctrl_atf6_E09_e01_BF_t0000.png,object_extraction/20250612_24hpf_ctrl_atf6/snips/per_well/20250612_24hpf_ctrl_atf6_E09/snips/20250612_24hpf_ctrl_atf6_E09_e01/20250612_24hpf_ctrl_atf6_E09_e01_BF_t0000_embryo.png,object_extraction/20250612_24hpf_ctrl_atf6/snips/per_well/20250612_24hpf_ctrl_atf6_E09/snips/20250612_24hpf_ctrl_atf6_E09_e01/20250612_24hpf_ctrl_atf6_E09_e01_BF_t0000_embryo.png,,,,,256,576,True,
20250612_24hpf_ctrl_atf6,20250612_24hpf_ctrl_atf6_E10,20250612_24hpf_ctrl_atf6_E10_e01,20250612_24hpf_ctrl_atf6_E10_e01_BF,20250612_24hpf_ctrl_atf6_E10_e01_BF_t0000,20250612_24hpf_ctrl_atf6_E10_BF_t0000,0,BF,20250612_24hpf_ctrl_atf6_E10_BF_t0000_m0000,20250612_24hpf_ctrl_atf6_E10_track0000,/net/trapnell/vol1/home/nlammers/projects/data/morphseq/pipeline/output/acquisition/20250612_24hpf_ctrl_atf6/materialized_images/20250612_24hpf_ctrl_atf6_E10/BF/projection/focus_stack/20250612_24hpf_ctrl_atf6_E10_BF_t0000.png,object_extraction/20250612_24hpf_ctrl_atf6/snips/per_well/20250612_24hpf_ctrl_atf6_E10/snips/20250612_24hpf_ctrl_atf6_E10_e01/20250612_24hpf_ctrl_atf6_E10_e01_BF_t0000.png,object_extraction/20250612_24hpf_ctrl_atf6/snips/per_well/20250612_24hpf_ctrl_atf6_E10/snips/20250612_24hpf_ctrl_atf6_E10_e01/20250612_24hpf_ctrl_atf6_E10_e01_BF_t0000_embryo.png,object_extraction/20250612_24hpf_ctrl_atf6/snips/per_well/20250612_24hpf_ctrl_atf6_E10/snips/20250612_24hpf_ctrl_atf6_E10_e01/20250612_24hpf_ctrl_atf6_E10_e01_BF_t0000_embryo.png,,,,,256,576,True,
20250612_24hpf_ctrl_atf6,20250612_24hpf_ctrl_atf6_E10,20250612_24hpf_ctrl_atf6_E10_e02,20250612_24hpf_ctrl_atf6_E10_e02_BF,20250612_24hpf_ctrl_atf6_E10_e02_BF_t0000,20250612_24hpf_ctrl_atf6_E10_BF_t0000,0,BF,20250612_24hpf_ctrl_atf6_E10_BF_t0000_m0001,20250612_24hpf_ctrl_atf6_E10_track0001,/net/trapnell/vol1/home/nlammers/projects/data/morphseq/pipeline/output/acquisition/20250612_24hpf_ctrl_atf6/materialized_images/20250612_24hpf_ctrl_atf6_E10/BF/projection/focus_stack/20250612_24hpf_ctrl_atf6_E10_BF_t0000.png,object_extraction/20250612_24hpf_ctrl_atf6/snips/per_well/20250612_24hpf_ctrl_atf6_E10/snips/20250612_24hpf_ctrl_atf6_E10_e02/20250612_24hpf_ctrl_atf6_E10_e02_BF_t0000.png,object_extraction/20250612_24hpf_ctrl_atf6/snips/per_well/20250612_24hpf_ctrl_atf6_E10/snips/20250612_24hpf_ctrl_atf6_E10_e02/20250612_24hpf_ctrl_atf6_E10_e02_BF_t0000_embryo.png,object_extraction/20250612_24hpf_ctrl_atf6/snips/per_well/20250612_24hpf_ctrl_atf6_E10/snips/20250612_24hpf_ctrl_atf6_E10_e02/20250612_24hpf_ctrl_atf6_E10_e02_BF_t0000_embryo.png,,,,,256,576,True,
20250612_24hpf_ctrl_atf6,20250612_24hpf_ctrl_atf6_E11,20250612_24hpf_ctrl_atf6_E11_e01,20250612_24hpf_ctrl_atf6_E11_e01_BF,20250612_24hpf_ctrl_atf6_E11_e01_BF_t0000,20250612_24hpf_ctrl_atf6_E11_BF_t0000,0,BF,20250612_24hpf_ctrl_atf6_E11_BF_t0000_m0000,20250612_24hpf_ctrl_atf6_E11_track0000,/net/trapnell/vol1/home/nlammers/projects/data/morphseq/pipeline/output/acquisition/20250612_24hpf_ctrl_atf6/materialized_images/20250612_24hpf_ctrl_atf6_E11/BF/projection/focus_stack/20250612_24hpf_ctrl_atf6_E11_BF_t0000.png,object_extraction/20250612_24hpf_ctrl_atf6/snips/per_well/20250612_24hpf_ctrl_atf6_E11/snips/20250612_24hpf_ctrl_atf6_E11_e01/20250612_24hpf_ctrl_atf6_E11_e01_BF_t0000.png,object_extraction/20250612_24hpf_ctrl_atf6/snips/per_well/20250612_24hpf_ctrl_atf6_E11/snips/20250612_24hpf_ctrl_atf6_E11_e01/20250612_24hpf_ctrl_atf6_E11_e01_BF_t0000_embryo.png,object_extraction/20250612_24hpf_ctrl_atf6/snips/per_well/20250612_24hpf_ctrl_atf6_E11/snips/20250612_24hpf_ctrl_atf6_E11_e01/20250612_24hpf_ctrl_atf6_E11_e01_BF_t0000_embryo.png,,,,,256,576,True,
20250612_24hpf_ctrl_atf6,20250612_24hpf_ctrl_atf6_E12,20250612_24hpf_ctrl_atf6_E12_e01,20250612_24hpf_ctrl_atf6_E12_e01_BF,20250612_24hpf_ctrl_atf6_E12_e01_BF_t0000,20250612_24hpf_ctrl_atf6_E12_BF_t0000,0,BF,20250612_24hpf_ctrl_atf6_E12_BF_t0000_m0000,20250612_24hpf_ctrl_atf6_E12_track0000,/net/trapnell/vol1/home/nlammers/projects/data/morphseq/pipeline/output/acquisition/20250612_24hpf_ctrl_atf6/materialized_images/20250612_24hpf_ctrl_atf6_E12/BF/projection/focus_stack/20250612_24hpf_ctrl_atf6_E12_BF_t0000.png,object_extraction/20250612_24hpf_ctrl_atf6/snips/per_well/20250612_24hpf_ctrl_atf6_E12/snips/20250612_24hpf_ctrl_atf6_E12_e01/20250612_24hpf_ctrl_atf6_E12_e01_BF_t0000.png,object_extraction/20250612_24hpf_ctrl_atf6/snips/per_well/20250612_24hpf_ctrl_atf6_E12/snips/20250612_24hpf_ctrl_atf6_E12_e01/20250612_24hpf_ctrl_atf6_E12_e01_BF_t0000_embryo.png,object_extraction/20250612_24hpf_ctrl_atf6/snips/per_well/20250612_24hpf_ctrl_atf6_E12/snips/20250612_24hpf_ctrl_atf6_E12_e01/20250612_24hpf_ctrl_atf6_E12_e01_BF_t0000_embryo.png,,,,,256,576,True,
20250612_24hpf_ctrl_atf6,20250612_24hpf_ctrl_atf6_F01,20250612_24hpf_ctrl_atf6_F01_e01,20250612_24hpf_ctrl_atf6_F01_e01_BF,20250612_24hpf_ctrl_atf6_F01_e01_BF_t0000,20250612_24hpf_ctrl_atf6_F01_BF_t0000,0,BF,20250612_24hpf_ctrl_atf6_F01_BF_t0000_m0000,20250612_24hpf_ctrl_atf6_F01_track0000,/net/trapnell/vol1/home/nlammers/projects/data/morphseq/pipeline/output/acquisition/20250612_24hpf_ctrl_atf6/materialized_images/20250612_24hpf_ctrl_atf6_F01/BF/projection/focus_stack/20250612_24hpf_ctrl_atf6_F01_BF_t0000.png,object_extraction/20250612_24hpf_ctrl_atf6/snips/per_well/20250612_24hpf_ctrl_atf6_F01/snips/20250612_24hpf_ctrl_atf6_F01_e01/20250612_24hpf_ctrl_atf6_F01_e01_BF_t0000.png,object_extraction/20250612_24hpf_ctrl_atf6/snips/per_well/20250612_24hpf_ctrl_atf6_F01/snips/20250612_24hpf_ctrl_atf6_F01_e01/20250612_24hpf_ctrl_atf6_F01_e01_BF_t0000_embryo.png,object_extraction/20250612_24hpf_ctrl_atf6/snips/per_well/20250612_24hpf_ctrl_atf6_F01/snips/20250612_24hpf_ctrl_atf6_F01_e01/20250612_24hpf_ctrl_atf6_F01_e01_BF_t0000_embryo.png,,,,,256,576,True,
20250612_24hpf_ctrl_atf6,20250612_24hpf_ctrl_atf6_F02,20250612_24hpf_ctrl_atf6_F02_e01,20250612_24hpf_ctrl_atf6_F02_e01_BF,20250612_24hpf_ctrl_atf6_F02_e01_BF_t0000,20250612_24hpf_ctrl_atf6_F02_BF_t0000,0,BF,20250612_24hpf_ctrl_atf6_F02_BF_t0000_m0000,20250612_24hpf_ctrl_atf6_F02_track0000,/net/trapnell/vol1/home/nlammers/projects/data/morphseq/pipeline/output/acquisition/20250612_24hpf_ctrl_atf6/materialized_images/20250612_24hpf_ctrl_atf6_F02/BF/projection/focus_stack/20250612_24hpf_ctrl_atf6_F02_BF_t0000.png,object_extraction/20250612_24hpf_ctrl_atf6/snips/per_well/20250612_24hpf_ctrl_atf6_F02/snips/20250612_24hpf_ctrl_atf6_F02_e01/20250612_24hpf_ctrl_atf6_F02_e01_BF_t0000.png,object_extraction/20250612_24hpf_ctrl_atf6/snips/per_well/20250612_24hpf_ctrl_atf6_F02/snips/20250612_24hpf_ctrl_atf6_F02_e01/20250612_24hpf_ctrl_atf6_F02_e01_BF_t0000_embryo.png,object_extraction/20250612_24hpf_ctrl_atf6/snips/per_well/20250612_24hpf_ctrl_atf6_F02/snips/20250612_24hpf_ctrl_atf6_F02_e01/20250612_24hpf_ctrl_atf6_F02_e01_BF_t0000_embryo.png,,,,,256,576,True,
20250612_24hpf_ctrl_atf6,20250612_24hpf_ctrl_atf6_F03,20250612_24hpf_ctrl_atf6_F03_e01,20250612_24hpf_ctrl_atf6_F03_e01_BF,20250612_24hpf_ctrl_atf6_F03_e01_BF_t0000,20250612_24hpf_ctrl_atf6_F03_BF_t0000,0,BF,20250612_24hpf_ctrl_atf6_F03_BF_t0000_m0000,20250612_24hpf_ctrl_atf6_F03_track0000,/net/trapnell/vol1/home/nlammers/projects/data/morphseq/pipeline/output/acquisition/20250612_24hpf_ctrl_atf6/materialized_images/20250612_24hpf_ctrl_atf6_F03/BF/projection/focus_stack/20250612_24hpf_ctrl_atf6_F03_BF_t0000.png,object_extraction/20250612_24hpf_ctrl_atf6/snips/per_well/20250612_24hpf_ctrl_atf6_F03/snips/20250612_24hpf_ctrl_atf6_F03_e01/20250612_24hpf_ctrl_atf6_F03_e01_BF_t0000.png,object_extraction/20250612_24hpf_ctrl_atf6/snips/per_well/20250612_24hpf_ctrl_atf6_F03/snips/20250612_24hpf_ctrl_atf6_F03_e01/20250612_24hpf_ctrl_atf6_F03_e01_BF_t0000_embryo.png,object_extraction/20250612_24hpf_ctrl_atf6/snips/per_well/20250612_24hpf_ctrl_atf6_F03/snips/20250612_24hpf_ctrl_atf6_F03_e01/20250612_24hpf_ctrl_atf6_F03_e01_BF_t0000_embryo.png,,,,,256,576,True,
20250612_24hpf_ctrl_atf6,20250612_24hpf_ctrl_atf6_F04,20250612_24hpf_ctrl_atf6_F04_e01,20250612_24hpf_ctrl_atf6_F04_e01_BF,20250612_24hpf_ctrl_atf6_F04_e01_BF_t0000,20250612_24hpf_ctrl_atf6_F04_BF_t0000,0,BF,20250612_24hpf_ctrl_atf6_F04_BF_t0000_m0000,20250612_24hpf_ctrl_atf6_F04_track0000,/net/trapnell/vol1/home/nlammers/projects/data/morphseq/pipeline/output/acquisition/20250612_24hpf_ctrl_atf6/materialized_images/20250612_24hpf_ctrl_atf6_F04/BF/projection/focus_stack/20250612_24hpf_ctrl_atf6_F04_BF_t0000.png,object_extraction/20250612_24hpf_ctrl_atf6/snips/per_well/20250612_24hpf_ctrl_atf6_F04/snips/20250612_24hpf_ctrl_atf6_F04_e01/20250612_24hpf_ctrl_atf6_F04_e01_BF_t0000.png,object_extraction/20250612_24hpf_ctrl_atf6/snips/per_well/20250612_24hpf_ctrl_atf6_F04/snips/20250612_24hpf_ctrl_atf6_F04_e01/20250612_24hpf_ctrl_atf6_F04_e01_BF_t0000_embryo.png,object_extraction/20250612_24hpf_ctrl_atf6/snips/per_well/20250612_24hpf_ctrl_atf6_F04/snips/20250612_24hpf_ctrl_atf6_F04_e01/20250612_24hpf_ctrl_atf6_F04_e01_BF_t0000_embryo.png,,,,,256,576,True,
20250612_24hpf_ctrl_atf6,20250612_24hpf_ctrl_atf6_F05,20250612_24hpf_ctrl_atf6_F05_e01,20250612_24hpf_ctrl_atf6_F05_e01_BF,20250612_24hpf_ctrl_atf6_F05_e01_BF_t0000,20250612_24hpf_ctrl_atf6_F05_BF_t0000,0,BF,20250612_24hpf_ctrl_atf6_F05_BF_t0000_m0000,20250612_24hpf_ctrl_atf6_F05_track0000,/net/trapnell/vol1/home/nlammers/projects/data/morphseq/pipeline/output/acquisition/20250612_24hpf_ctrl_atf6/materialized_images/20250612_24hpf_ctrl_atf6_F05/BF/projection/focus_stack/20250612_24hpf_ctrl_atf6_F05_BF_t0000.png,object_extraction/20250612_24hpf_ctrl_atf6/snips/per_well/20250612_24hpf_ctrl_atf6_F05/snips/20250612_24hpf_ctrl_atf6_F05_e01/20250612_24hpf_ctrl_atf6_F05_e01_BF_t0000.png,object_extraction/20250612_24hpf_ctrl_atf6/snips/per_well/20250612_24hpf_ctrl_atf6_F05/snips/20250612_24hpf_ctrl_atf6_F05_e01/20250612_24hpf_ctrl_atf6_F05_e01_BF_t0000_embryo.png,object_extraction/20250612_24hpf_ctrl_atf6/snips/per_well/20250612_24hpf_ctrl_atf6_F05/snips/20250612_24hpf_ctrl_atf6_F05_e01/20250612_24hpf_ctrl_atf6_F05_e01_BF_t0000_embryo.png,,,,,256,576,True,
20250612_24hpf_ctrl_atf6,20250612_24hpf_ctrl_atf6_F06,20250612_24hpf_ctrl_atf6_F06_e01,20250612_24hpf_ctrl_atf6_F06_e01_BF,20250612_24hpf_ctrl_atf6_F06_e01_BF_t0000,20250612_24hpf_ctrl_atf6_F06_BF_t0000,0,BF,20250612_24hpf_ctrl_atf6_F06_BF_t0000_m0000,20250612_24hpf_ctrl_atf6_F06_track0000,/net/trapnell/vol1/home/nlammers/projects/data/morphseq/pipeline/output/acquisition/20250612_24hpf_ctrl_atf6/materialized_images/20250612_24hpf_ctrl_atf6_F06/BF/projection/focus_stack/20250612_24hpf_ctrl_atf6_F06_BF_t0000.png,object_extraction/20250612_24hpf_ctrl_atf6/snips/per_well/20250612_24hpf_ctrl_atf6_F06/snips/20250612_24hpf_ctrl_atf6_F06_e01/20250612_24hpf_ctrl_atf6_F06_e01_BF_t0000.png,object_extraction/20250612_24hpf_ctrl_atf6/snips/per_well/20250612_24hpf_ctrl_atf6_F06/snips/20250612_24hpf_ctrl_atf6_F06_e01/20250612_24hpf_ctrl_atf6_F06_e01_BF_t0000_embryo.png,object_extraction/20250612_24hpf_ctrl_atf6/snips/per_well/20250612_24hpf_ctrl_atf6_F06/snips/20250612_24hpf_ctrl_atf6_F06_e01/20250612_24hpf_ctrl_atf6_F06_e01_BF_t0000_embryo.png,,,,,256,576,True,
20250612_24hpf_ctrl_atf6,20250612_24hpf_ctrl_atf6_F07,20250612_24hpf_ctrl_atf6_F07_e01,20250612_24hpf_ctrl_atf6_F07_e01_BF,20250612_24hpf_ctrl_atf6_F07_e01_BF_t0000,20250612_24hpf_ctrl_atf6_F07_BF_t0000,0,BF,20250612_24hpf_ctrl_atf6_F07_BF_t0000_m0000,20250612_24hpf_ctrl_atf6_F07_track0000,/net/trapnell/vol1/home/nlammers/projects/data/morphseq/pipeline/output/acquisition/20250612_24hpf_ctrl_atf6/materialized_images/20250612_24hpf_ctrl_atf6_F07/BF/projection/focus_stack/20250612_24hpf_ctrl_atf6_F07_BF_t0000.png,object_extraction/20250612_24hpf_ctrl_atf6/snips/per_well/20250612_24hpf_ctrl_atf6_F07/snips/20250612_24hpf_ctrl_atf6_F07_e01/20250612_24hpf_ctrl_atf6_F07_e01_BF_t0000.png,object_extraction/20250612_24hpf_ctrl_atf6/snips/per_well/20250612_24hpf_ctrl_atf6_F07/snips/20250612_24hpf_ctrl_atf6_F07_e01/20250612_24hpf_ctrl_atf6_F07_e01_BF_t0000_embryo.png,object_extraction/20250612_24hpf_ctrl_atf6/snips/per_well/20250612_24hpf_ctrl_atf6_F07/snips/20250612_24hpf_ctrl_atf6_F07_e01/20250612_24hpf_ctrl_atf6_F07_e01_BF_t0000_embryo.png,,,,,256,576,True,
20250612_24hpf_ctrl_atf6,20250612_24hpf_ctrl_atf6_F08,20250612_24hpf_ctrl_atf6_F08_e01,20250612_24hpf_ctrl_atf6_F08_e01_BF,20250612_24hpf_ctrl_atf6_F08_e01_BF_t0000,20250612_24hpf_ctrl_atf6_F08_BF_t0000,0,BF,20250612_24hpf_ctrl_atf6_F08_BF_t0000_m0000,20250612_24hpf_ctrl_atf6_F08_track0000,/net/trapnell/vol1/home/nlammers/projects/data/morphseq/pipeline/output/acquisition/20250612_24hpf_ctrl_atf6/materialized_images/20250612_24hpf_ctrl_atf6_F08/BF/projection/focus_stack/20250612_24hpf_ctrl_atf6_F08_BF_t0000.png,object_extraction/20250612_24hpf_ctrl_atf6/snips/per_well/20250612_24hpf_ctrl_atf6_F08/snips/20250612_24hpf_ctrl_atf6_F08_e01/20250612_24hpf_ctrl_atf6_F08_e01_BF_t0000.png,object_extraction/20250612_24hpf_ctrl_atf6/snips/per_well/20250612_24hpf_ctrl_atf6_F08/snips/20250612_24hpf_ctrl_atf6_F08_e01/20250612_24hpf_ctrl_atf6_F08_e01_BF_t0000_embryo.png,object_extraction/20250612_24hpf_ctrl_atf6/snips/per_well/20250612_24hpf_ctrl_atf6_F08/snips/20250612_24hpf_ctrl_atf6_F08_e01/20250612_24hpf_ctrl_atf6_F08_e01_BF_t0000_embryo.png,,,,,256,576,True,
20250612_24hpf_ctrl_atf6,20250612_24hpf_ctrl_atf6_F09,20250612_24hpf_ctrl_atf6_F09_e01,20250612_24hpf_ctrl_atf6_F09_e01_BF,20250612_24hpf_ctrl_atf6_F09_e01_BF_t0000,20250612_24hpf_ctrl_atf6_F09_BF_t0000,0,BF,20250612_24hpf_ctrl_atf6_F09_BF_t0000_m0000,20250612_24hpf_ctrl_atf6_F09_track0000,/net/trapnell/vol1/home/nlammers/projects/data/morphseq/pipeline/output/acquisition/20250612_24hpf_ctrl_atf6/materialized_images/20250612_24hpf_ctrl_atf6_F09/BF/projection/focus_stack/20250612_24hpf_ctrl_atf6_F09_BF_t0000.png,object_extraction/20250612_24hpf_ctrl_atf6/snips/per_well/20250612_24hpf_ctrl_atf6_F09/snips/20250612_24hpf_ctrl_atf6_F09_e01/20250612_24hpf_ctrl_atf6_F09_e01_BF_t0000.png,object_extraction/20250612_24hpf_ctrl_atf6/snips/per_well/20250612_24hpf_ctrl_atf6_F09/snips/20250612_24hpf_ctrl_atf6_F09_e01/20250612_24hpf_ctrl_atf6_F09_e01_BF_t0000_embryo.png,object_extraction/20250612_24hpf_ctrl_atf6/snips/per_well/20250612_24hpf_ctrl_atf6_F09/snips/20250612_24hpf_ctrl_atf6_F09_e01/20250612_24hpf_ctrl_atf6_F09_e01_BF_t0000_embryo.png,,,,,256,576,True,
20250612_24hpf_ctrl_atf6,20250612_24hpf_ctrl_atf6_F10,20250612_24hpf_ctrl_atf6_F10_e01,20250612_24hpf_ctrl_atf6_F10_e01_BF,20250612_24hpf_ctrl_atf6_F10_e01_BF_t0000,20250612_24hpf_ctrl_atf6_F10_BF_t0000,0,BF,20250612_24hpf_ctrl_atf6_F10_BF_t0000_m0000,20250612_24hpf_ctrl_atf6_F10_track0000,/net/trapnell/vol1/home/nlammers/projects/data/morphseq/pipeline/output/acquisition/20250612_24hpf_ctrl_atf6/materialized_images/20250612_24hpf_ctrl_atf6_F10/BF/projection/focus_stack/20250612_24hpf_ctrl_atf6_F10_BF_t0000.png,object_extraction/20250612_24hpf_ctrl_atf6/snips/per_well/20250612_24hpf_ctrl_atf6_F10/snips/20250612_24hpf_ctrl_atf6_F10_e01/20250612_24hpf_ctrl_atf6_F10_e01_BF_t0000.png,object_extraction/20250612_24hpf_ctrl_atf6/snips/per_well/20250612_24hpf_ctrl_atf6_F10/snips/20250612_24hpf_ctrl_atf6_F10_e01/20250612_24hpf_ctrl_atf6_F10_e01_BF_t0000_embryo.png,object_extraction/20250612_24hpf_ctrl_atf6/snips/per_well/20250612_24hpf_ctrl_atf6_F10/snips/20250612_24hpf_ctrl_atf6_F10_e01/20250612_24hpf_ctrl_atf6_F10_e01_BF_t0000_embryo.png,,,,,256,576,True,
20250612_24hpf_ctrl_atf6,20250612_24hpf_ctrl_atf6_F11,20250612_24hpf_ctrl_atf6_F11_e01,20250612_24hpf_ctrl_atf6_F11_e01_BF,20250612_24hpf_ctrl_atf6_F11_e01_BF_t0000,20250612_24hpf_ctrl_atf6_F11_BF_t0000,0,BF,20250612_24hpf_ctrl_atf6_F11_BF_t0000_m0000,20250612_24hpf_ctrl_atf6_F11_track0000,/net/trapnell/vol1/home/nlammers/projects/data/morphseq/pipeline/output/acquisition/20250612_24hpf_ctrl_atf6/materialized_images/20250612_24hpf_ctrl_atf6_F11/BF/projection/focus_stack/20250612_24hpf_ctrl_atf6_F11_BF_t0000.png,object_extraction/20250612_24hpf_ctrl_atf6/snips/per_well/20250612_24hpf_ctrl_atf6_F11/snips/20250612_24hpf_ctrl_atf6_F11_e01/20250612_24hpf_ctrl_atf6_F11_e01_BF_t0000.png,object_extraction/20250612_24hpf_ctrl_atf6/snips/per_well/20250612_24hpf_ctrl_atf6_F11/snips/20250612_24hpf_ctrl_atf6_F11_e01/20250612_24hpf_ctrl_atf6_F11_e01_BF_t0000_embryo.png,object_extraction/20250612_24hpf_ctrl_atf6/snips/per_well/20250612_24hpf_ctrl_atf6_F11/snips/20250612_24hpf_ctrl_atf6_F11_e01/20250612_24hpf_ctrl_atf6_F11_e01_BF_t0000_embryo.png,,,,,256,576,True,
20250612_24hpf_ctrl_atf6,20250612_24hpf_ctrl_atf6_F12,20250612_24hpf_ctrl_atf6_F12_e01,20250612_24hpf_ctrl_atf6_F12_e01_BF,20250612_24hpf_ctrl_atf6_F12_e01_BF_t0000,20250612_24hpf_ctrl_atf6_F12_BF_t0000,0,BF,20250612_24hpf_ctrl_atf6_F12_BF_t0000_m0000,20250612_24hpf_ctrl_atf6_F12_track0000,/net/trapnell/vol1/home/nlammers/projects/data/morphseq/pipeline/output/acquisition/20250612_24hpf_ctrl_atf6/materialized_images/20250612_24hpf_ctrl_atf6_F12/BF/projection/focus_stack/20250612_24hpf_ctrl_atf6_F12_BF_t0000.png,object_extraction/20250612_24hpf_ctrl_atf6/snips/per_well/20250612_24hpf_ctrl_atf6_F12/snips/20250612_24hpf_ctrl_atf6_F12_e01/20250612_24hpf_ctrl_atf6_F12_e01_BF_t0000.png,object_extraction/20250612_24hpf_ctrl_atf6/snips/per_well/20250612_24hpf_ctrl_atf6_F12/snips/20250612_24hpf_ctrl_atf6_F12_e01/20250612_24hpf_ctrl_atf6_F12_e01_BF_t0000_embryo.png,object_extraction/20250612_24hpf_ctrl_atf6/snips/per_well/20250612_24hpf_ctrl_atf6_F12/snips/20250612_24hpf_ctrl_atf6_F12_e01/20250612_24hpf_ctrl_atf6_F12_e01_BF_t0000_embryo.png,,,,,256,576,True,
20250612_24hpf_ctrl_atf6,20250612_24hpf_ctrl_atf6_G01,20250612_24hpf_ctrl_atf6_G01_e01,20250612_24hpf_ctrl_atf6_G01_e01_BF,20250612_24hpf_ctrl_atf6_G01_e01_BF_t0000,20250612_24hpf_ctrl_atf6_G01_BF_t0000,0,BF,20250612_24hpf_ctrl_atf6_G01_BF_t0000_m0000,20250612_24hpf_ctrl_atf6_G01_track0000,/net/trapnell/vol1/home/nlammers/projects/data/morphseq/pipeline/output/acquisition/20250612_24hpf_ctrl_atf6/materialized_images/20250612_24hpf_ctrl_atf6_G01/BF/projection/focus_stack/20250612_24hpf_ctrl_atf6_G01_BF_t0000.png,object_extraction/20250612_24hpf_ctrl_atf6/snips/per_well/20250612_24hpf_ctrl_atf6_G01/snips/20250612_24hpf_ctrl_atf6_G01_e01/20250612_24hpf_ctrl_atf6_G01_e01_BF_t0000.png,object_extraction/20250612_24hpf_ctrl_atf6/snips/per_well/20250612_24hpf_ctrl_atf6_G01/snips/20250612_24hpf_ctrl_atf6_G01_e01/20250612_24hpf_ctrl_atf6_G01_e01_BF_t0000_embryo.png,object_extraction/20250612_24hpf_ctrl_atf6/snips/per_well/20250612_24hpf_ctrl_atf6_G01/snips/20250612_24hpf_ctrl_atf6_G01_e01/20250612_24hpf_ctrl_atf6_G01_e01_BF_t0000_embryo.png,,,,,256,576,True,
20250612_24hpf_ctrl_atf6,20250612_24hpf_ctrl_atf6_G02,20250612_24hpf_ctrl_atf6_G02_e01,20250612_24hpf_ctrl_atf6_G02_e01_BF,20250612_24hpf_ctrl_atf6_G02_e01_BF_t0000,20250612_24hpf_ctrl_atf6_G02_BF_t0000,0,BF,20250612_24hpf_ctrl_atf6_G02_BF_t0000_m0000,20250612_24hpf_ctrl_atf6_G02_track0000,/net/trapnell/vol1/home/nlammers/projects/data/morphseq/pipeline/output/acquisition/20250612_24hpf_ctrl_atf6/materialized_images/20250612_24hpf_ctrl_atf6_G02/BF/projection/focus_stack/20250612_24hpf_ctrl_atf6_G02_BF_t0000.png,object_extraction/20250612_24hpf_ctrl_atf6/snips/per_well/20250612_24hpf_ctrl_atf6_G02/snips/20250612_24hpf_ctrl_atf6_G02_e01/20250612_24hpf_ctrl_atf6_G02_e01_BF_t0000.png,object_extraction/20250612_24hpf_ctrl_atf6/snips/per_well/20250612_24hpf_ctrl_atf6_G02/snips/20250612_24hpf_ctrl_atf6_G02_e01/20250612_24hpf_ctrl_atf6_G02_e01_BF_t0000_embryo.png,object_extraction/20250612_24hpf_ctrl_atf6/snips/per_well/20250612_24hpf_ctrl_atf6_G02/snips/20250612_24hpf_ctrl_atf6_G02_e01/20250612_24hpf_ctrl_atf6_G02_e01_BF_t0000_embryo.png,,,,,256,576,True,
20250612_24hpf_ctrl_atf6,20250612_24hpf_ctrl_atf6_G03,20250612_24hpf_ctrl_atf6_G03_e01,20250612_24hpf_ctrl_atf6_G03_e01_BF,20250612_24hpf_ctrl_atf6_G03_e01_BF_t0000,20250612_24hpf_ctrl_atf6_G03_BF_t0000,0,BF,20250612_24hpf_ctrl_atf6_G03_BF_t0000_m0000,20250612_24hpf_ctrl_atf6_G03_track0000,/net/trapnell/vol1/home/nlammers/projects/data/morphseq/pipeline/output/acquisition/20250612_24hpf_ctrl_atf6/materialized_images/20250612_24hpf_ctrl_atf6_G03/BF/projection/focus_stack/20250612_24hpf_ctrl_atf6_G03_BF_t0000.png,object_extraction/20250612_24hpf_ctrl_atf6/snips/per_well/20250612_24hpf_ctrl_atf6_G03/snips/20250612_24hpf_ctrl_atf6_G03_e01/20250612_24hpf_ctrl_atf6_G03_e01_BF_t0000.png,object_extraction/20250612_24hpf_ctrl_atf6/snips/per_well/20250612_24hpf_ctrl_atf6_G03/snips/20250612_24hpf_ctrl_atf6_G03_e01/20250612_24hpf_ctrl_atf6_G03_e01_BF_t0000_embryo.png,object_extraction/20250612_24hpf_ctrl_atf6/snips/per_well/20250612_24hpf_ctrl_atf6_G03/snips/20250612_24hpf_ctrl_atf6_G03_e01/20250612_24hpf_ctrl_atf6_G03_e01_BF_t0000_embryo.png,,,,,256,576,True,
20250612_24hpf_ctrl_atf6,20250612_24hpf_ctrl_atf6_G04,20250612_24hpf_ctrl_atf6_G04_e01,20250612_24hpf_ctrl_atf6_G04_e01_BF,20250612_24hpf_ctrl_atf6_G04_e01_BF_t0000,20250612_24hpf_ctrl_atf6_G04_BF_t0000,0,BF,20250612_24hpf_ctrl_atf6_G04_BF_t0000_m0000,20250612_24hpf_ctrl_atf6_G04_track0000,/net/trapnell/vol1/home/nlammers/projects/data/morphseq/pipeline/output/acquisition/20250612_24hpf_ctrl_atf6/materialized_images/20250612_24hpf_ctrl_atf6_G04/BF/projection/focus_stack/20250612_24hpf_ctrl_atf6_G04_BF_t0000.png,object_extraction/20250612_24hpf_ctrl_atf6/snips/per_well/20250612_24hpf_ctrl_atf6_G04/snips/20250612_24hpf_ctrl_atf6_G04_e01/20250612_24hpf_ctrl_atf6_G04_e01_BF_t0000.png,object_extraction/20250612_24hpf_ctrl_atf6/snips/per_well/20250612_24hpf_ctrl_atf6_G04/snips/20250612_24hpf_ctrl_atf6_G04_e01/20250612_24hpf_ctrl_atf6_G04_e01_BF_t0000_embryo.png,object_extraction/20250612_24hpf_ctrl_atf6/snips/per_well/20250612_24hpf_ctrl_atf6_G04/snips/20250612_24hpf_ctrl_atf6_G04_e01/20250612_24hpf_ctrl_atf6_G04_e01_BF_t0000_embryo.png,,,,,256,576,True,
20250612_24hpf_ctrl_atf6,20250612_24hpf_ctrl_atf6_G05,20250612_24hpf_ctrl_atf6_G05_e01,20250612_24hpf_ctrl_atf6_G05_e01_BF,20250612_24hpf_ctrl_atf6_G05_e01_BF_t0000,20250612_24hpf_ctrl_atf6_G05_BF_t0000,0,BF,20250612_24hpf_ctrl_atf6_G05_BF_t0000_m0000,20250612_24hpf_ctrl_atf6_G05_track0000,/net/trapnell/vol1/home/nlammers/projects/data/morphseq/pipeline/output/acquisition/20250612_24hpf_ctrl_atf6/materialized_images/20250612_24hpf_ctrl_atf6_G05/BF/projection/focus_stack/20250612_24hpf_ctrl_atf6_G05_BF_t0000.png,object_extraction/20250612_24hpf_ctrl_atf6/snips/per_well/20250612_24hpf_ctrl_atf6_G05/snips/20250612_24hpf_ctrl_atf6_G05_e01/20250612_24hpf_ctrl_atf6_G05_e01_BF_t0000.png,object_extraction/20250612_24hpf_ctrl_atf6/snips/per_well/20250612_24hpf_ctrl_atf6_G05/snips/20250612_24hpf_ctrl_atf6_G05_e01/20250612_24hpf_ctrl_atf6_G05_e01_BF_t0000_embryo.png,object_extraction/20250612_24hpf_ctrl_atf6/snips/per_well/20250612_24hpf_ctrl_atf6_G05/snips/20250612_24hpf_ctrl_atf6_G05_e01/20250612_24hpf_ctrl_atf6_G05_e01_BF_t0000_embryo.png,,,,,256,576,True,
20250612_24hpf_ctrl_atf6,20250612_24hpf_ctrl_atf6_G06,20250612_24hpf_ctrl_atf6_G06_e01,20250612_24hpf_ctrl_atf6_G06_e01_BF,20250612_24hpf_ctrl_atf6_G06_e01_BF_t0000,20250612_24hpf_ctrl_atf6_G06_BF_t0000,0,BF,20250612_24hpf_ctrl_atf6_G06_BF_t0000_m0000,20250612_24hpf_ctrl_atf6_G06_track0000,/net/trapnell/vol1/home/nlammers/projects/data/morphseq/pipeline/output/acquisition/20250612_24hpf_ctrl_atf6/materialized_images/20250612_24hpf_ctrl_atf6_G06/BF/projection/focus_stack/20250612_24hpf_ctrl_atf6_G06_BF_t0000.png,object_extraction/20250612_24hpf_ctrl_atf6/snips/per_well/20250612_24hpf_ctrl_atf6_G06/snips/20250612_24hpf_ctrl_atf6_G06_e01/20250612_24hpf_ctrl_atf6_G06_e01_BF_t0000.png,object_extraction/20250612_24hpf_ctrl_atf6/snips/per_well/20250612_24hpf_ctrl_atf6_G06/snips/20250612_24hpf_ctrl_atf6_G06_e01/20250612_24hpf_ctrl_atf6_G06_e01_BF_t0000_embryo.png,object_extraction/20250612_24hpf_ctrl_atf6/snips/per_well/20250612_24hpf_ctrl_atf6_G06/snips/20250612_24hpf_ctrl_atf6_G06_e01/20250612_24hpf_ctrl_atf6_G06_e01_BF_t0000_embryo.png,,,,,256,576,True,
20250612_24hpf_ctrl_atf6,20250612_24hpf_ctrl_atf6_G07,20250612_24hpf_ctrl_atf6_G07_e01,20250612_24hpf_ctrl_atf6_G07_e01_BF,20250612_24hpf_ctrl_atf6_G07_e01_BF_t0000,20250612_24hpf_ctrl_atf6_G07_BF_t0000,0,BF,20250612_24hpf_ctrl_atf6_G07_BF_t0000_m0000,20250612_24hpf_ctrl_atf6_G07_track0000,/net/trapnell/vol1/home/nlammers/projects/data/morphseq/pipeline/output/acquisition/20250612_24hpf_ctrl_atf6/materialized_images/20250612_24hpf_ctrl_atf6_G07/BF/projection/focus_stack/20250612_24hpf_ctrl_atf6_G07_BF_t0000.png,object_extraction/20250612_24hpf_ctrl_atf6/snips/per_well/20250612_24hpf_ctrl_atf6_G07/snips/20250612_24hpf_ctrl_atf6_G07_e01/20250612_24hpf_ctrl_atf6_G07_e01_BF_t0000.png,object_extraction/20250612_24hpf_ctrl_atf6/snips/per_well/20250612_24hpf_ctrl_atf6_G07/snips/20250612_24hpf_ctrl_atf6_G07_e01/20250612_24hpf_ctrl_atf6_G07_e01_BF_t0000_embryo.png,object_extraction/20250612_24hpf_ctrl_atf6/snips/per_well/20250612_24hpf_ctrl_atf6_G07/snips/20250612_24hpf_ctrl_atf6_G07_e01/20250612_24hpf_ctrl_atf6_G07_e01_BF_t0000_embryo.png,,,,,256,576,True,
20250612_24hpf_ctrl_atf6,20250612_24hpf_ctrl_atf6_G08,20250612_24hpf_ctrl_atf6_G08_e01,20250612_24hpf_ctrl_atf6_G08_e01_BF,20250612_24hpf_ctrl_atf6_G08_e01_BF_t0000,20250612_24hpf_ctrl_atf6_G08_BF_t0000,0,BF,20250612_24hpf_ctrl_atf6_G08_BF_t0000_m0000,20250612_24hpf_ctrl_atf6_G08_track0000,/net/trapnell/vol1/home/nlammers/projects/data/morphseq/pipeline/output/acquisition/20250612_24hpf_ctrl_atf6/materialized_images/20250612_24hpf_ctrl_atf6_G08/BF/projection/focus_stack/20250612_24hpf_ctrl_atf6_G08_BF_t0000.png,object_extraction/20250612_24hpf_ctrl_atf6/snips/per_well/20250612_24hpf_ctrl_atf6_G08/snips/20250612_24hpf_ctrl_atf6_G08_e01/20250612_24hpf_ctrl_atf6_G08_e01_BF_t0000.png,object_extraction/20250612_24hpf_ctrl_atf6/snips/per_well/20250612_24hpf_ctrl_atf6_G08/snips/20250612_24hpf_ctrl_atf6_G08_e01/20250612_24hpf_ctrl_atf6_G08_e01_BF_t0000_embryo.png,object_extraction/20250612_24hpf_ctrl_atf6/snips/per_well/20250612_24hpf_ctrl_atf6_G08/snips/20250612_24hpf_ctrl_atf6_G08_e01/20250612_24hpf_ctrl_atf6_G08_e01_BF_t0000_embryo.png,,,,,256,576,True,
20250612_24hpf_ctrl_atf6,20250612_24hpf_ctrl_atf6_G09,20250612_24hpf_ctrl_atf6_G09_e01,20250612_24hpf_ctrl_atf6_G09_e01_BF,20250612_24hpf_ctrl_atf6_G09_e01_BF_t0000,20250612_24hpf_ctrl_atf6_G09_BF_t0000,0,BF,20250612_24hpf_ctrl_atf6_G09_BF_t0000_m0000,20250612_24hpf_ctrl_atf6_G09_track0000,/net/trapnell/vol1/home/nlammers/projects/data/morphseq/pipeline/output/acquisition/20250612_24hpf_ctrl_atf6/materialized_images/20250612_24hpf_ctrl_atf6_G09/BF/projection/focus_stack/20250612_24hpf_ctrl_atf6_G09_BF_t0000.png,object_extraction/20250612_24hpf_ctrl_atf6/snips/per_well/20250612_24hpf_ctrl_atf6_G09/snips/20250612_24hpf_ctrl_atf6_G09_e01/20250612_24hpf_ctrl_atf6_G09_e01_BF_t0000.png,object_extraction/20250612_24hpf_ctrl_atf6/snips/per_well/20250612_24hpf_ctrl_atf6_G09/snips/20250612_24hpf_ctrl_atf6_G09_e01/20250612_24hpf_ctrl_atf6_G09_e01_BF_t0000_embryo.png,object_extraction/20250612_24hpf_ctrl_atf6/snips/per_well/20250612_24hpf_ctrl_atf6_G09/snips/20250612_24hpf_ctrl_atf6_G09_e01/20250612_24hpf_ctrl_atf6_G09_e01_BF_t0000_embryo.png,,,,,256,576,True,
20250612_24hpf_ctrl_atf6,20250612_24hpf_ctrl_atf6_G10,20250612_24hpf_ctrl_atf6_G10_e01,20250612_24hpf_ctrl_atf6_G10_e01_BF,20250612_24hpf_ctrl_atf6_G10_e01_BF_t0000,20250612_24hpf_ctrl_atf6_G10_BF_t0000,0,BF,20250612_24hpf_ctrl_atf6_G10_BF_t0000_m0000,20250612_24hpf_ctrl_atf6_G10_track0000,/net/trapnell/vol1/home/nlammers/projects/data/morphseq/pipeline/output/acquisition/20250612_24hpf_ctrl_atf6/materialized_images/20250612_24hpf_ctrl_atf6_G10/BF/projection/focus_stack/20250612_24hpf_ctrl_atf6_G10_BF_t0000.png,object_extraction/20250612_24hpf_ctrl_atf6/snips/per_well/20250612_24hpf_ctrl_atf6_G10/snips/20250612_24hpf_ctrl_atf6_G10_e01/20250612_24hpf_ctrl_atf6_G10_e01_BF_t0000.png,object_extraction/20250612_24hpf_ctrl_atf6/snips/per_well/20250612_24hpf_ctrl_atf6_G10/snips/20250612_24hpf_ctrl_atf6_G10_e01/20250612_24hpf_ctrl_atf6_G10_e01_BF_t0000_embryo.png,object_extraction/20250612_24hpf_ctrl_atf6/snips/per_well/20250612_24hpf_ctrl_atf6_G10/snips/20250612_24hpf_ctrl_atf6_G10_e01/20250612_24hpf_ctrl_atf6_G10_e01_BF_t0000_embryo.png,,,,,256,576,True,
20250612_24hpf_ctrl_atf6,20250612_24hpf_ctrl_atf6_G11,20250612_24hpf_ctrl_atf6_G11_e01,20250612_24hpf_ctrl_atf6_G11_e01_BF,20250612_24hpf_ctrl_atf6_G11_e01_BF_t0000,20250612_24hpf_ctrl_atf6_G11_BF_t0000,0,BF,20250612_24hpf_ctrl_atf6_G11_BF_t0000_m0000,20250612_24hpf_ctrl_atf6_G11_track0000,/net/trapnell/vol1/home/nlammers/projects/data/morphseq/pipeline/output/acquisition/20250612_24hpf_ctrl_atf6/materialized_images/20250612_24hpf_ctrl_atf6_G11/BF/projection/focus_stack/20250612_24hpf_ctrl_atf6_G11_BF_t0000.png,object_extraction/20250612_24hpf_ctrl_atf6/snips/per_well/20250612_24hpf_ctrl_atf6_G11/snips/20250612_24hpf_ctrl_atf6_G11_e01/20250612_24hpf_ctrl_atf6_G11_e01_BF_t0000.png,object_extraction/20250612_24hpf_ctrl_atf6/snips/per_well/20250612_24hpf_ctrl_atf6_G11/snips/20250612_24hpf_ctrl_atf6_G11_e01/20250612_24hpf_ctrl_atf6_G11_e01_BF_t0000_embryo.png,object_extraction/20250612_24hpf_ctrl_atf6/snips/per_well/20250612_24hpf_ctrl_atf6_G11/snips/20250612_24hpf_ctrl_atf6_G11_e01/20250612_24hpf_ctrl_atf6_G11_e01_BF_t0000_embryo.png,,,,,256,576,True,
20250612_24hpf_ctrl_atf6,20250612_24hpf_ctrl_atf6_G12,20250612_24hpf_ctrl_atf6_G12_e01,20250612_24hpf_ctrl_atf6_G12_e01_BF,20250612_24hpf_ctrl_atf6_G12_e01_BF_t0000,20250612_24hpf_ctrl_atf6_G12_BF_t0000,0,BF,20250612_24hpf_ctrl_atf6_G12_BF_t0000_m0000,20250612_24hpf_ctrl_atf6_G12_track0000,/net/trapnell/vol1/home/nlammers/projects/data/morphseq/pipeline/output/acquisition/20250612_24hpf_ctrl_atf6/materialized_images/20250612_24hpf_ctrl_atf6_G12/BF/projection/focus_stack/20250612_24hpf_ctrl_atf6_G12_BF_t0000.png,object_extraction/20250612_24hpf_ctrl_atf6/snips/per_well/20250612_24hpf_ctrl_atf6_G12/snips/20250612_24hpf_ctrl_atf6_G12_e01/20250612_24hpf_ctrl_atf6_G12_e01_BF_t0000.png,object_extraction/20250612_24hpf_ctrl_atf6/snips/per_well/20250612_24hpf_ctrl_atf6_G12/snips/20250612_24hpf_ctrl_atf6_G12_e01/20250612_24hpf_ctrl_atf6_G12_e01_BF_t0000_embryo.png,object_extraction/20250612_24hpf_ctrl_atf6/snips/per_well/20250612_24hpf_ctrl_atf6_G12/snips/20250612_24hpf_ctrl_atf6_G12_e01/20250612_24hpf_ctrl_atf6_G12_e01_BF_t0000_embryo.png,,,,,256,576,True,
20250612_24hpf_ctrl_atf6,20250612_24hpf_ctrl_atf6_H01,20250612_24hpf_ctrl_atf6_H01_e01,20250612_24hpf_ctrl_atf6_H01_e01_BF,20250612_24hpf_ctrl_atf6_H01_e01_BF_t0000,20250612_24hpf_ctrl_atf6_H01_BF_t0000,0,BF,20250612_24hpf_ctrl_atf6_H01_BF_t0000_m0000,20250612_24hpf_ctrl_atf6_H01_track0000,/net/trapnell/vol1/home/nlammers/projects/data/morphseq/pipeline/output/acquisition/20250612_24hpf_ctrl_atf6/materialized_images/20250612_24hpf_ctrl_atf6_H01/BF/projection/focus_stack/20250612_24hpf_ctrl_atf6_H01_BF_t0000.png,object_extraction/20250612_24hpf_ctrl_atf6/snips/per_well/20250612_24hpf_ctrl_atf6_H01/snips/20250612_24hpf_ctrl_atf6_H01_e01/20250612_24hpf_ctrl_atf6_H01_e01_BF_t0000.png,object_extraction/20250612_24hpf_ctrl_atf6/snips/per_well/20250612_24hpf_ctrl_atf6_H01/snips/20250612_24hpf_ctrl_atf6_H01_e01/20250612_24hpf_ctrl_atf6_H01_e01_BF_t0000_embryo.png,object_extraction/20250612_24hpf_ctrl_atf6/snips/per_well/20250612_24hpf_ctrl_atf6_H01/snips/20250612_24hpf_ctrl_atf6_H01_e01/20250612_24hpf_ctrl_atf6_H01_e01_BF_t0000_embryo.png,,,,,256,576,True,
20250612_24hpf_ctrl_atf6,20250612_24hpf_ctrl_atf6_H02,20250612_24hpf_ctrl_atf6_H02_e01,20250612_24hpf_ctrl_atf6_H02_e01_BF,20250612_24hpf_ctrl_atf6_H02_e01_BF_t0000,20250612_24hpf_ctrl_atf6_H02_BF_t0000,0,BF,20250612_24hpf_ctrl_atf6_H02_BF_t0000_m0000,20250612_24hpf_ctrl_atf6_H02_track0000,/net/trapnell/vol1/home/nlammers/projects/data/morphseq/pipeline/output/acquisition/20250612_24hpf_ctrl_atf6/materialized_images/20250612_24hpf_ctrl_atf6_H02/BF/projection/focus_stack/20250612_24hpf_ctrl_atf6_H02_BF_t0000.png,object_extraction/20250612_24hpf_ctrl_atf6/snips/per_well/20250612_24hpf_ctrl_atf6_H02/snips/20250612_24hpf_ctrl_atf6_H02_e01/20250612_24hpf_ctrl_atf6_H02_e01_BF_t0000.png,object_extraction/20250612_24hpf_ctrl_atf6/snips/per_well/20250612_24hpf_ctrl_atf6_H02/snips/20250612_24hpf_ctrl_atf6_H02_e01/20250612_24hpf_ctrl_atf6_H02_e01_BF_t0000_embryo.png,object_extraction/20250612_24hpf_ctrl_atf6/snips/per_well/20250612_24hpf_ctrl_atf6_H02/snips/20250612_24hpf_ctrl_atf6_H02_e01/20250612_24hpf_ctrl_atf6_H02_e01_BF_t0000_embryo.png,,,,,256,576,True,
20250612_24hpf_ctrl_atf6,20250612_24hpf_ctrl_atf6_H03,20250612_24hpf_ctrl_atf6_H03_e01,20250612_24hpf_ctrl_atf6_H03_e01_BF,20250612_24hpf_ctrl_atf6_H03_e01_BF_t0000,20250612_24hpf_ctrl_atf6_H03_BF_t0000,0,BF,20250612_24hpf_ctrl_atf6_H03_BF_t0000_m0000,20250612_24hpf_ctrl_atf6_H03_track0000,/net/trapnell/vol1/home/nlammers/projects/data/morphseq/pipeline/output/acquisition/20250612_24hpf_ctrl_atf6/materialized_images/20250612_24hpf_ctrl_atf6_H03/BF/projection/focus_stack/20250612_24hpf_ctrl_atf6_H03_BF_t0000.png,object_extraction/20250612_24hpf_ctrl_atf6/snips/per_well/20250612_24hpf_ctrl_atf6_H03/snips/20250612_24hpf_ctrl_atf6_H03_e01/20250612_24hpf_ctrl_atf6_H03_e01_BF_t0000.png,object_extraction/20250612_24hpf_ctrl_atf6/snips/per_well/20250612_24hpf_ctrl_atf6_H03/snips/20250612_24hpf_ctrl_atf6_H03_e01/20250612_24hpf_ctrl_atf6_H03_e01_BF_t0000_embryo.png,object_extraction/20250612_24hpf_ctrl_atf6/snips/per_well/20250612_24hpf_ctrl_atf6_H03/snips/20250612_24hpf_ctrl_atf6_H03_e01/20250612_24hpf_ctrl_atf6_H03_e01_BF_t0000_embryo.png,,,,,256,576,True,
20250612_24hpf_ctrl_atf6,20250612_24hpf_ctrl_atf6_H04,20250612_24hpf_ctrl_atf6_H04_e01,20250612_24hpf_ctrl_atf6_H04_e01_BF,20250612_24hpf_ctrl_atf6_H04_e01_BF_t0000,20250612_24hpf_ctrl_atf6_H04_BF_t0000,0,BF,20250612_24hpf_ctrl_atf6_H04_BF_t0000_m0000,20250612_24hpf_ctrl_atf6_H04_track0000,/net/trapnell/vol1/home/nlammers/projects/data/morphseq/pipeline/output/acquisition/20250612_24hpf_ctrl_atf6/materialized_images/20250612_24hpf_ctrl_atf6_H04/BF/projection/focus_stack/20250612_24hpf_ctrl_atf6_H04_BF_t0000.png,object_extraction/20250612_24hpf_ctrl_atf6/snips/per_well/20250612_24hpf_ctrl_atf6_H04/snips/20250612_24hpf_ctrl_atf6_H04_e01/20250612_24hpf_ctrl_atf6_H04_e01_BF_t0000.png,object_extraction/20250612_24hpf_ctrl_atf6/snips/per_well/20250612_24hpf_ctrl_atf6_H04/snips/20250612_24hpf_ctrl_atf6_H04_e01/20250612_24hpf_ctrl_atf6_H04_e01_BF_t0000_embryo.png,object_extraction/20250612_24hpf_ctrl_atf6/snips/per_well/20250612_24hpf_ctrl_atf6_H04/snips/20250612_24hpf_ctrl_atf6_H04_e01/20250612_24hpf_ctrl_atf6_H04_e01_BF_t0000_embryo.png,,,,,256,576,True,
20250612_24hpf_ctrl_atf6,20250612_24hpf_ctrl_atf6_H05,20250612_24hpf_ctrl_atf6_H05_e01,20250612_24hpf_ctrl_atf6_H05_e01_BF,20250612_24hpf_ctrl_atf6_H05_e01_BF_t0000,20250612_24hpf_ctrl_atf6_H05_BF_t0000,0,BF,20250612_24hpf_ctrl_atf6_H05_BF_t0000_m0000,20250612_24hpf_ctrl_atf6_H05_track0000,/net/trapnell/vol1/home/nlammers/projects/data/morphseq/pipeline/output/acquisition/20250612_24hpf_ctrl_atf6/materialized_images/20250612_24hpf_ctrl_atf6_H05/BF/projection/focus_stack/20250612_24hpf_ctrl_atf6_H05_BF_t0000.png,object_extraction/20250612_24hpf_ctrl_atf6/snips/per_well/20250612_24hpf_ctrl_atf6_H05/snips/20250612_24hpf_ctrl_atf6_H05_e01/20250612_24hpf_ctrl_atf6_H05_e01_BF_t0000.png,object_extraction/20250612_24hpf_ctrl_atf6/snips/per_well/20250612_24hpf_ctrl_atf6_H05/snips/20250612_24hpf_ctrl_atf6_H05_e01/20250612_24hpf_ctrl_atf6_H05_e01_BF_t0000_embryo.png,object_extraction/20250612_24hpf_ctrl_atf6/snips/per_well/20250612_24hpf_ctrl_atf6_H05/snips/20250612_24hpf_ctrl_atf6_H05_e01/20250612_24hpf_ctrl_atf6_H05_e01_BF_t0000_embryo.png,,,,,256,576,True,
20250612_24hpf_ctrl_atf6,20250612_24hpf_ctrl_atf6_H06,20250612_24hpf_ctrl_atf6_H06_e01,20250612_24hpf_ctrl_atf6_H06_e01_BF,20250612_24hpf_ctrl_atf6_H06_e01_BF_t0000,20250612_24hpf_ctrl_atf6_H06_BF_t0000,0,BF,20250612_24hpf_ctrl_atf6_H06_BF_t0000_m0000,20250612_24hpf_ctrl_atf6_H06_track0000,/net/trapnell/vol1/home/nlammers/projects/data/morphseq/pipeline/output/acquisition/20250612_24hpf_ctrl_atf6/materialized_images/20250612_24hpf_ctrl_atf6_H06/BF/projection/focus_stack/20250612_24hpf_ctrl_atf6_H06_BF_t0000.png,object_extraction/20250612_24hpf_ctrl_atf6/snips/per_well/20250612_24hpf_ctrl_atf6_H06/snips/20250612_24hpf_ctrl_atf6_H06_e01/20250612_24hpf_ctrl_atf6_H06_e01_BF_t0000.png,object_extraction/20250612_24hpf_ctrl_atf6/snips/per_well/20250612_24hpf_ctrl_atf6_H06/snips/20250612_24hpf_ctrl_atf6_H06_e01/20250612_24hpf_ctrl_atf6_H06_e01_BF_t0000_embryo.png,object_extraction/20250612_24hpf_ctrl_atf6/snips/per_well/20250612_24hpf_ctrl_atf6_H06/snips/20250612_24hpf_ctrl_atf6_H06_e01/20250612_24hpf_ctrl_atf6_H06_e01_BF_t0000_embryo.png,,,,,256,576,True,
20250612_24hpf_ctrl_atf6,20250612_24hpf_ctrl_atf6_H07,20250612_24hpf_ctrl_atf6_H07_e01,20250612_24hpf_ctrl_atf6_H07_e01_BF,20250612_24hpf_ctrl_atf6_H07_e01_BF_t0000,20250612_24hpf_ctrl_atf6_H07_BF_t0000,0,BF,20250612_24hpf_ctrl_atf6_H07_BF_t0000_m0000,20250612_24hpf_ctrl_atf6_H07_track0000,/net/trapnell/vol1/home/nlammers/projects/data/morphseq/pipeline/output/acquisition/20250612_24hpf_ctrl_atf6/materialized_images/20250612_24hpf_ctrl_atf6_H07/BF/projection/focus_stack/20250612_24hpf_ctrl_atf6_H07_BF_t0000.png,object_extraction/20250612_24hpf_ctrl_atf6/snips/per_well/20250612_24hpf_ctrl_atf6_H07/snips/20250612_24hpf_ctrl_atf6_H07_e01/20250612_24hpf_ctrl_atf6_H07_e01_BF_t0000.png,object_extraction/20250612_24hpf_ctrl_atf6/snips/per_well/20250612_24hpf_ctrl_atf6_H07/snips/20250612_24hpf_ctrl_atf6_H07_e01/20250612_24hpf_ctrl_atf6_H07_e01_BF_t0000_embryo.png,object_extraction/20250612_24hpf_ctrl_atf6/snips/per_well/20250612_24hpf_ctrl_atf6_H07/snips/20250612_24hpf_ctrl_atf6_H07_e01/20250612_24hpf_ctrl_atf6_H07_e01_BF_t0000_embryo.png,,,,,256,576,True,
20250612_24hpf_ctrl_atf6,20250612_24hpf_ctrl_atf6_H08,20250612_24hpf_ctrl_atf6_H08_e01,20250612_24hpf_ctrl_atf6_H08_e01_BF,20250612_24hpf_ctrl_atf6_H08_e01_BF_t0000,20250612_24hpf_ctrl_atf6_H08_BF_t0000,0,BF,20250612_24hpf_ctrl_atf6_H08_BF_t0000_m0000,20250612_24hpf_ctrl_atf6_H08_track0000,/net/trapnell/vol1/home/nlammers/projects/data/morphseq/pipeline/output/acquisition/20250612_24hpf_ctrl_atf6/materialized_images/20250612_24hpf_ctrl_atf6_H08/BF/projection/focus_stack/20250612_24hpf_ctrl_atf6_H08_BF_t0000.png,object_extraction/20250612_24hpf_ctrl_atf6/snips/per_well/20250612_24hpf_ctrl_atf6_H08/snips/20250612_24hpf_ctrl_atf6_H08_e01/20250612_24hpf_ctrl_atf6_H08_e01_BF_t0000.png,object_extraction/20250612_24hpf_ctrl_atf6/snips/per_well/20250612_24hpf_ctrl_atf6_H08/snips/20250612_24hpf_ctrl_atf6_H08_e01/20250612_24hpf_ctrl_atf6_H08_e01_BF_t0000_embryo.png,object_extraction/20250612_24hpf_ctrl_atf6/snips/per_well/20250612_24hpf_ctrl_atf6_H08/snips/20250612_24hpf_ctrl_atf6_H08_e01/20250612_24hpf_ctrl_atf6_H08_e01_BF_t0000_embryo.png,,,,,256,576,True,
20250612_24hpf_ctrl_atf6,20250612_24hpf_ctrl_atf6_H09,20250612_24hpf_ctrl_atf6_H09_e01,20250612_24hpf_ctrl_atf6_H09_e01_BF,20250612_24hpf_ctrl_atf6_H09_e01_BF_t0000,20250612_24hpf_ctrl_atf6_H09_BF_t0000,0,BF,20250612_24hpf_ctrl_atf6_H09_BF_t0000_m0000,20250612_24hpf_ctrl_atf6_H09_track0000,/net/trapnell/vol1/home/nlammers/projects/data/morphseq/pipeline/output/acquisition/20250612_24hpf_ctrl_atf6/materialized_images/20250612_24hpf_ctrl_atf6_H09/BF/projection/focus_stack/20250612_24hpf_ctrl_atf6_H09_BF_t0000.png,object_extraction/20250612_24hpf_ctrl_atf6/snips/per_well/20250612_24hpf_ctrl_atf6_H09/snips/20250612_24hpf_ctrl_atf6_H09_e01/20250612_24hpf_ctrl_atf6_H09_e01_BF_t0000.png,object_extraction/20250612_24hpf_ctrl_atf6/snips/per_well/20250612_24hpf_ctrl_atf6_H09/snips/20250612_24hpf_ctrl_atf6_H09_e01/20250612_24hpf_ctrl_atf6_H09_e01_BF_t0000_embryo.png,object_extraction/20250612_24hpf_ctrl_atf6/snips/per_well/20250612_24hpf_ctrl_atf6_H09/snips/20250612_24hpf_ctrl_atf6_H09_e01/20250612_24hpf_ctrl_atf6_H09_e01_BF_t0000_embryo.png,,,,,256,576,True,
20250612_24hpf_ctrl_atf6,20250612_24hpf_ctrl_atf6_H10,20250612_24hpf_ctrl_atf6_H10_e01,20250612_24hpf_ctrl_atf6_H10_e01_BF,20250612_24hpf_ctrl_atf6_H10_e01_BF_t0000,20250612_24hpf_ctrl_atf6_H10_BF_t0000,0,BF,20250612_24hpf_ctrl_atf6_H10_BF_t0000_m0000,20250612_24hpf_ctrl_atf6_H10_track0000,/net/trapnell/vol1/home/nlammers/projects/data/morphseq/pipeline/output/acquisition/20250612_24hpf_ctrl_atf6/materialized_images/20250612_24hpf_ctrl_atf6_H10/BF/projection/focus_stack/20250612_24hpf_ctrl_atf6_H10_BF_t0000.png,object_extraction/20250612_24hpf_ctrl_atf6/snips/per_well/20250612_24hpf_ctrl_atf6_H10/snips/20250612_24hpf_ctrl_atf6_H10_e01/20250612_24hpf_ctrl_atf6_H10_e01_BF_t0000.png,object_extraction/20250612_24hpf_ctrl_atf6/snips/per_well/20250612_24hpf_ctrl_atf6_H10/snips/20250612_24hpf_ctrl_atf6_H10_e01/20250612_24hpf_ctrl_atf6_H10_e01_BF_t0000_embryo.png,object_extraction/20250612_24hpf_ctrl_atf6/snips/per_well/20250612_24hpf_ctrl_atf6_H10/snips/20250612_24hpf_ctrl_atf6_H10_e01/20250612_24hpf_ctrl_atf6_H10_e01_BF_t0000_embryo.png,,,,,256,576,True,
20250612_24hpf_ctrl_atf6,20250612_24hpf_ctrl_atf6_H11,20250612_24hpf_ctrl_atf6_H11_e01,20250612_24hpf_ctrl_atf6_H11_e01_BF,20250612_24hpf_ctrl_atf6_H11_e01_BF_t0000,20250612_24hpf_ctrl_atf6_H11_BF_t0000,0,BF,20250612_24hpf_ctrl_atf6_H11_BF_t0000_m0000,20250612_24hpf_ctrl_atf6_H11_track0000,/net/trapnell/vol1/home/nlammers/projects/data/morphseq/pipeline/output/acquisition/20250612_24hpf_ctrl_atf6/materialized_images/20250612_24hpf_ctrl_atf6_H11/BF/projection/focus_stack/20250612_24hpf_ctrl_atf6_H11_BF_t0000.png,object_extraction/20250612_24hpf_ctrl_atf6/snips/per_well/20250612_24hpf_ctrl_atf6_H11/snips/20250612_24hpf_ctrl_atf6_H11_e01/20250612_24hpf_ctrl_atf6_H11_e01_BF_t0000.png,object_extraction/20250612_24hpf_ctrl_atf6/snips/per_well/20250612_24hpf_ctrl_atf6_H11/snips/20250612_24hpf_ctrl_atf6_H11_e01/20250612_24hpf_ctrl_atf6_H11_e01_BF_t0000_embryo.png,object_extraction/20250612_24hpf_ctrl_atf6/snips/per_well/20250612_24hpf_ctrl_atf6_H11/snips/20250612_24hpf_ctrl_atf6_H11_e01/20250612_24hpf_ctrl_atf6_H11_e01_BF_t0000_embryo.png,,,,,256,576,True,
20250612_24hpf_ctrl_atf6,20250612_24hpf_ctrl_atf6_H12,20250612_24hpf_ctrl_atf6_H12_e01,20250612_24hpf_ctrl_atf6_H12_e01_BF,20250612_24hpf_ctrl_atf6_H12_e01_BF_t0000,20250612_24hpf_ctrl_atf6_H12_BF_t0000,0,BF,20250612_24hpf_ctrl_atf6_H12_BF_t0000_m0000,20250612_24hpf_ctrl_atf6_H12_track0000,/net/trapnell/vol1/home/nlammers/projects/data/morphseq/pipeline/output/acquisition/20250612_24hpf_ctrl_atf6/materialized_images/20250612_24hpf_ctrl_atf6_H12/BF/projection/focus_stack/20250612_24hpf_ctrl_atf6_H12_BF_t0000.png,object_extraction/20250612_24hpf_ctrl_atf6/snips/per_well/20250612_24hpf_ctrl_atf6_H12/snips/20250612_24hpf_ctrl_atf6_H12_e01/20250612_24hpf_ctrl_atf6_H12_e01_BF_t0000.png,object_extraction/20250612_24hpf_ctrl_atf6/snips/per_well/20250612_24hpf_ctrl_atf6_H12/snips/20250612_24hpf_ctrl_atf6_H12_e01/20250612_24hpf_ctrl_atf6_H12_e01_BF_t0000_embryo.png,object_extraction/20250612_24hpf_ctrl_atf6/snips/per_well/20250612_24hpf_ctrl_atf6_H12/snips/20250612_24hpf_ctrl_atf6_H12_e01/20250612_24hpf_ctrl_atf6_H12_e01_BF_t0000_embryo.png,,,,,256,576,True,
