image_id,embryo_id,snip_id,frame_index,area_px,bbox_x_min,bbox_y_min,bbox_x_max,bbox_y_max,mask_confidence,exported_mask_path,experiment_id,video_id,is_seed_frame
20240418_A01_ch00_t0000,20240418_A01_e01,20240418_A01_e01_s0000,0,41642.0,0.5760621288259479,0.5121059844677935,0.6742804933759707,0.6290543627227044,0.85,20240418_A01_ch00_t0000_masks_emnum_2.png,20240418,20240418_A01,False
20240418_A01_ch00_t0000,20240418_A01_e02,20240418_A01_e02_s0000,0,41689.0,0.22567382366377342,0.6473275468250342,0.3362265874828689,0.7492005481955231,0.85,20240418_A01_ch00_t0000_masks_emnum_2.png,20240418,20240418_A01,False
20240418_A01_ch00_t0001,20240418_A01_e01,20240418_A01_e01_s0001,1,40632.0,0.5559616263133851,0.511192325262677,0.654179990863408,0.6258565555047967,0.85,20240418_A01_ch00_t0001_masks_emnum_2.png,20240418,20240418_A01,False
20240418_A01_ch00_t0001,20240418_A01_e02,20240418_A01_e02_s0001,1,42103.0,0.22703755021009467,0.647610304614115,0.33485849885132263,0.7496577090149431,0.85,20240418_A01_ch00_t0001_masks_emnum_2.png,20240418,20240418_A01,False
20240418_A01_ch00_t0008,20240418_A01_e01,20240418_A01_e01_s0008,8,41500.0,0.5377,0.5066,0.6609,0.6322,0.85,20240418_A01_ch00_t0008_masks_emnum_2.png,20240418,20240418_A01,True
20240418_A01_ch00_t0008,20240418_A01_e02,20240418_A01_e02_s0008,8,42000.0,0.1977,0.6186,0.3115,0.7435,0.85,20240418_A01_ch00_t0008_masks_emnum_2.png,20240418,20240418_A01,True
20240418_A04_ch00_t0000,20240418_A04_e01,20240418_A04_e01_s0000,0,38500.0,0.557,0.692,0.6823,0.796,0.85,20240418_A04_ch00_t0000_masks_emnum_1.png,20240418,20240418_A04,False
20240418_A04_ch00_t0007,20240418_A04_e01,20240418_A04_e01_s0007,7,39200.0,0.557,0.692,0.6823,0.796,0.85,20240418_A04_ch00_t0007_masks_emnum_1.png,20240418,20240418_A04,True
