policy,dimension,stratum,rows,eligible_rows,row_recovery_vs_strict,row_loss_vs_strict
strict_exclusion_k0.90,experiment,20230531,7846,4044,0,0
strict_exclusion_k0.90,experiment,20230602,8998,3447,0,0
strict_exclusion_k0.90,experiment,20230613,5421,3611,0,0
strict_exclusion_k0.90,experiment,20230615,4216,2767,0,0
strict_exclusion_k0.90,experiment,20230620,5460,3001,0,0
strict_exclusion_k0.90,experiment,20230622,3582,1906,0,0
strict_exclusion_k0.90,experiment,20230627,4193,2831,0,0
strict_exclusion_k0.90,experiment,20230629,3918,1125,0,0
strict_exclusion_k0.90,experiment,20240509_18ss,25,24,0,0
strict_exclusion_k0.90,experiment,20240509_24hpf,32,29,0,0
strict_exclusion_k0.90,experiment,20240510,59,57,0,0
strict_exclusion_k0.90,experiment,20240717,68,56,0,0
strict_exclusion_k0.90,experiment,20240718,99,93,0,0
strict_exclusion_k0.90,experiment,20240724,56,56,0,0
strict_exclusion_k0.90,experiment,20240725,64,53,0,0
strict_exclusion_k0.90,experiment,20240726,60,49,0,0
strict_exclusion_k0.90,experiment,20240813_24hpf,48,0,0,0
strict_exclusion_k0.90,experiment,20240813_30hpf,50,0,0,0
strict_exclusion_k0.90,experiment,20240813_36hpf,50,38,0,0
strict_exclusion_k0.90,experiment,20250501,24718,2319,0,0
strict_exclusion_k0.90,experiment,20250512,24569,7108,0,0
strict_exclusion_k0.90,experiment,20250515_part2,3510,1351,0,0
strict_exclusion_k0.90,experiment,20250519,4179,2549,0,0
strict_exclusion_k0.90,experiment,20250612_24hpf_ctrl_atf6,97,93,0,0
strict_exclusion_k0.90,experiment,20250612_24hpf_wfs1_ctcf,96,88,0,0
strict_exclusion_k0.90,experiment,20250612_30hpf_ctrl_atf6,97,72,0,0
strict_exclusion_k0.90,experiment,20250612_30hpf_wfs1_ctcf,97,74,0,0
strict_exclusion_k0.90,experiment,20250612_36hpf_ctrl_atf6,102,81,0,0
strict_exclusion_k0.90,experiment,20250612_36hpf_wfs1_ctcf,97,72,0,0
strict_exclusion_k0.90,experiment,20250622_chem_28C_T00_1425,91,76,0,0
strict_exclusion_k0.90,experiment,20250622_chem_28C_T01_1658,86,72,0,0
strict_exclusion_k0.90,experiment,20250622_chem_34C_T00_1256,78,73,0,0
strict_exclusion_k0.90,experiment,20250622_chem_34C_T01_1632,79,69,0,0
strict_exclusion_k0.90,experiment,20250624_chem02_28C_T00_1356,104,57,0,0
strict_exclusion_k0.90,experiment,20250624_chem02_28C_T01_1808,97,45,0,0
strict_exclusion_k0.90,experiment,20250624_chem02_34C_T00_1243,78,38,0,0
strict_exclusion_k0.90,experiment,20250624_chem02_34C_T01_1739,75,22,0,0
strict_exclusion_k0.90,experiment,20250624_chem02_35C_T00_1216,81,49,0,0
strict_exclusion_k0.90,experiment,20250624_chem02_35C_T01_1711,84,29,0,0
strict_exclusion_k0.90,experiment,20250625_chem02_28C_T02_1332,96,46,0,0
strict_exclusion_k0.90,experiment,20250625_chem02_34C_T02_1301,82,23,0,0
strict_exclusion_k0.90,experiment,20250625_chem02_35C_T02_1228,84,14,0,0
strict_exclusion_k0.90,experiment,20250703_chem3_28C_T00_1325,61,53,0,0
strict_exclusion_k0.90,experiment,20250703_chem3_34C_T00_1131,58,54,0,0
strict_exclusion_k0.90,experiment,20250703_chem3_34C_T01_1457,59,50,0,0
strict_exclusion_k0.90,experiment,20250703_chem3_35C_T00_1101,65,54,0,0
strict_exclusion_k0.90,experiment,20250703_chem3_35C_T01_1437,58,50,0,0
strict_exclusion_k0.90,experiment,20250711,19723,10419,0,0
strict_exclusion_k0.90,experiment,20250716_chem4_28C_T00_1158,87,75,0,0
strict_exclusion_k0.90,experiment,20250716_chem4_28C_T01_1400,94,67,0,0
strict_exclusion_k0.90,experiment,20250716_chem4_34C_T00_1014,94,85,0,0
strict_exclusion_k0.90,experiment,20250716_chem4_35C_T00_1045,91,76,0,0
strict_exclusion_k0.90,experiment,20250721_chem5_28C_T00_1257,107,92,0,0
strict_exclusion_k0.90,experiment,20250721_chem5_28C_T01_1401,107,93,0,0
strict_exclusion_k0.90,experiment,20250721_chem5_35C_T00_1023,108,89,0,0
strict_exclusion_k0.90,experiment,20250912,15572,2778,0,0
strict_exclusion_k0.90,experiment,20251017_part1,6794,3903,0,0
strict_exclusion_k0.90,experiment,20251017_part2,7559,2298,0,0
strict_exclusion_k0.90,experiment,20251020,5216,1124,0,0
strict_exclusion_k0.90,experiment,20251112,6991,3418,0,0
strict_exclusion_k0.90,experiment,20251119,10440,3477,0,0
strict_exclusion_k0.90,experiment,20251121,20857,7022,0,0
strict_exclusion_k0.90,experiment,20251125,21934,8231,0,0
strict_exclusion_k0.90,experiment,20251205,12291,6035,0,0
strict_exclusion_k0.90,experiment,20251207_pbx,14760,7240,0,0
strict_exclusion_k0.90,experiment,20251212,11437,4644,0,0
strict_exclusion_k0.90,experiment,20260122,20098,9257,0,0
strict_exclusion_k0.90,experiment,20260202,16943,6148,0,0
strict_exclusion_k0.90,experiment,20260206,14700,11721,0,0
strict_exclusion_k0.90,experiment,20260208,31680,6374,0,0
strict_exclusion_k0.90,experiment,20260210,15892,9000,0,0
strict_exclusion_k0.90,experiment,20260213,29010,2820,0,0
strict_exclusion_k0.90,experiment,20260219,31713,7023,0,0
strict_exclusion_k0.90,experiment,20260228,17012,8683,0,0
strict_exclusion_k0.90,experiment,20260304,37409,6128,0,0
strict_exclusion_k0.90,experiment,20260306,26979,6377,0,0
strict_exclusion_k0.90,experiment,20260319,10269,2587,0,0
strict_exclusion_k0.90,experiment,20260319_cilia_crispant_18hpf,92,55,0,0
strict_exclusion_k0.90,experiment,20260319_cilia_crispant_24hpf,99,69,0,0
strict_exclusion_k0.90,experiment,20260319_cilia_crispant_30hpf,102,80,0,0
strict_exclusion_k0.90,experiment,20260324_cep290_24hpf_plate01,101,91,0,0
strict_exclusion_k0.90,experiment,20260324_cep290_24hpf_plate02,101,74,0,0
strict_exclusion_k0.90,experiment,20260324_cep290_30hpf_plate01,98,91,0,0
strict_exclusion_k0.90,experiment,20260324_cep290_30hpf_plate02,72,55,0,0
strict_exclusion_k0.90,experiment,20260331_b9d2_18hpf_plate02,70,45,0,0
strict_exclusion_k0.90,experiment,20260414_b9d2_14hpf_plate01,107,97,0,0
strict_exclusion_k0.90,experiment,20260414_b9d2_30hpf_plate01,106,93,0,0
strict_exclusion_k0.90,experiment,20260414_b9d2_30hpf_plate02,72,59,0,0
strict_exclusion_k0.90,experiment,20260415_b9d2_30to48hpf_plate01_t02,109,91,0,0
strict_exclusion_k0.90,experiment,20260415_b9d2_30to48hpf_plate02_t02,58,42,0,0
strict_exclusion_k0.90,experiment,20260415_cep290_18hpf_plate03,81,42,0,0
strict_exclusion_k0.90,experiment,20260415_cep290_30to48hpf_plate02_t01,93,51,0,0
strict_exclusion_k0.90,experiment,20260416_cep290_30to48hpf_plate01_t02,109,89,0,0
strict_exclusion_k0.90,experiment,20260416_cep290_30to48hpf_plate02_t02,70,49,0,0
strict_exclusion_k0.90,experiment,20260417_irx_pilot,4968,3611,0,0
strict_exclusion_k0.90,experiment,20260418_irx_pilot,15251,4390,0,0
strict_exclusion_k0.90,experiment,20260702_hotchem_24hpf_plate01,104,89,0,0
strict_exclusion_k0.90,experiment,20260702_hotchem_24hpf_plate02,117,94,0,0
strict_exclusion_k0.90,experiment,20260702_hotchem_30hpf_plate01,124,79,0,0
strict_exclusion_k0.90,experiment,20260702_hotchem_30hpf_plate02,107,78,0,0
strict_exclusion_k0.90,experiment,20260702_hotchem_36hpf_plate01,101,84,0,0
strict_exclusion_k0.90,experiment,20260702_hotchem_36hpf_plate02,99,87,0,0
strict_exclusion_k0.90,experiment,20260724_hotfish_24hpf_plate01,102,98,0,0
strict_exclusion_k0.90,experiment,20260724_hotfish_30hpf_plate01,98,92,0,0
strict_exclusion_k0.90,experiment,20260724_hotfish_36hpf_plate01,101,92,0,0
strict_exclusion_k0.90,nominal_stage_bin,18-<24,46905,16623,0,0
strict_exclusion_k0.90,nominal_stage_bin,24-<36,107676,35509,0,0
strict_exclusion_k0.90,nominal_stage_bin,36-<48,91759,29019,0,0
strict_exclusion_k0.90,nominal_stage_bin,48-<72,123516,39680,0,0
strict_exclusion_k0.90,nominal_stage_bin,<18,45665,35306,0,0
strict_exclusion_k0.90,nominal_stage_bin,>=72,115483,28245,0,0
strict_exclusion_k0.90,nominal_stage_bin,unavailable,898,737,0,0
strict_exclusion_k0.90,genotype_raw,H2B-mScarlet,5460,3001,0,0
strict_exclusion_k0.90,genotype_raw,ab,13478,6416,0,0
strict_exclusion_k0.90,genotype_raw,ab-ctrl-inj,17,16,0,0
strict_exclusion_k0.90,genotype_raw,ab-lmx1b,32,29,0,0
strict_exclusion_k0.90,genotype_raw,ab_inj_ctrl,4137,781,0,0
strict_exclusion_k0.90,genotype_raw,atf6,151,116,0,0
strict_exclusion_k0.90,genotype_raw,b9d2_het,203,175,0,0
strict_exclusion_k0.90,genotype_raw,b9d2_heterozygous,37280,15276,0,0
strict_exclusion_k0.90,genotype_raw,b9d2_homo,94,81,0,0
strict_exclusion_k0.90,genotype_raw,b9d2_homozygous,19055,8429,0,0
strict_exclusion_k0.90,genotype_raw,b9d2_unknown,18501,3667,0,0
strict_exclusion_k0.90,genotype_raw,b9d2_wildtype,22078,8019,0,0
strict_exclusion_k0.90,genotype_raw,b9d2_wt,72,62,0,0
strict_exclusion_k0.90,genotype_raw,cep290_crispant,13589,6286,0,0
strict_exclusion_k0.90,genotype_raw,cep290_het,301,245,0,0
strict_exclusion_k0.90,genotype_raw,cep290_heterozygous,44838,14963,0,0
strict_exclusion_k0.90,genotype_raw,cep290_homo,119,94,0,0
strict_exclusion_k0.90,genotype_raw,cep290_homozygous,20832,10621,0,0
strict_exclusion_k0.90,genotype_raw,cep290_homozyous,6601,4894,0,0
strict_exclusion_k0.90,genotype_raw,cep290_unknown,35836,7765,0,0
strict_exclusion_k0.90,genotype_raw,cep290_unkown,16825,2644,0,0
strict_exclusion_k0.90,genotype_raw,cep290_wildtype,26022,9505,0,0
strict_exclusion_k0.90,genotype_raw,cep290_wt,147,113,0,0
strict_exclusion_k0.90,genotype_raw,crispr-inj-ctrl,1060,320,0,0
strict_exclusion_k0.90,genotype_raw,crispr-pbx1,3979,1380,0,0
strict_exclusion_k0.90,genotype_raw,crispr-pbx1+4,4880,2843,0,0
strict_exclusion_k0.90,genotype_raw,crispr-pbx4,4841,2697,0,0
strict_exclusion_k0.90,genotype_raw,ctcf,146,118,0,0
strict_exclusion_k0.90,genotype_raw,ctrl-inj,52,46,0,0
strict_exclusion_k0.90,genotype_raw,foxj1a_crispant,2945,896,0,0
strict_exclusion_k0.90,genotype_raw,gdf3,6313,4265,0,0
strict_exclusion_k0.90,genotype_raw,if88_ift74_crispant,2698,838,0,0
strict_exclusion_k0.90,genotype_raw,ift88_crispant,2612,1083,0,0
strict_exclusion_k0.90,genotype_raw,inj-ctrl,1756,1416,0,0
strict_exclusion_k0.90,genotype_raw,irx3a_crispant,1785,1230,0,0
strict_exclusion_k0.90,genotype_raw,irx3a_irx5a_crispant,3313,898,0,0
strict_exclusion_k0.90,genotype_raw,irx3a_irx5a_irx6a_crispant,3096,735,0,0
strict_exclusion_k0.90,genotype_raw,irx3a_irx6a_crispant,3472,762,0,0
strict_exclusion_k0.90,genotype_raw,irx5a_crispant,1836,992,0,0
strict_exclusion_k0.90,genotype_raw,irx5a_irx6a_crispant,3384,849,0,0
strict_exclusion_k0.90,genotype_raw,irx6a_crispant,1758,1285,0,0
strict_exclusion_k0.90,genotype_raw,meox1,25,24,0,0
strict_exclusion_k0.90,genotype_raw,meox1:sox1,26,22,0,0
strict_exclusion_k0.90,genotype_raw,meox1:tbx5a,26,21,0,0
strict_exclusion_k0.90,genotype_raw,nfatc1,8,6,0,0
strict_exclusion_k0.90,genotype_raw,nfatc:gata2a,8,8,0,0
strict_exclusion_k0.90,genotype_raw,pbx1b_crispant,13796,1953,0,0
strict_exclusion_k0.90,genotype_raw,pbx1b_pbx4_crispant,20347,5582,0,0
strict_exclusion_k0.90,genotype_raw,pbx4_crispant,13974,2996,0,0
strict_exclusion_k0.90,genotype_raw,scospondin_crispant,6136,2534,0,0
strict_exclusion_k0.90,genotype_raw,smad5,24,24,0,0
strict_exclusion_k0.90,genotype_raw,smyda:smydb,25,23,0,0
strict_exclusion_k0.90,genotype_raw,sox10,27,22,0,0
strict_exclusion_k0.90,genotype_raw,sox10:tbx5a,26,23,0,0
strict_exclusion_k0.90,genotype_raw,sspo_crispant,36,34,0,0
strict_exclusion_k0.90,genotype_raw,tbx2b,18,13,0,0
strict_exclusion_k0.90,genotype_raw,tbx2b:tbx2a,16,15,0,0
strict_exclusion_k0.90,genotype_raw,tbx5a,25,23,0,0
strict_exclusion_k0.90,genotype_raw,tbx6,25,21,0,0
strict_exclusion_k0.90,genotype_raw,tbxta,8,8,0,0
strict_exclusion_k0.90,genotype_raw,tfap2a_cispant,2205,644,0,0
strict_exclusion_k0.90,genotype_raw,tfap2a_crispant,1390,152,0,0
strict_exclusion_k0.90,genotype_raw,tfap2a_tfap2b_cispant,1260,329,0,0
strict_exclusion_k0.90,genotype_raw,tfap2a_tfap2b_crispant,1598,145,0,0
strict_exclusion_k0.90,genotype_raw,tfap2a_tfap2c_crispant,5765,386,0,0
strict_exclusion_k0.90,genotype_raw,tfap2a_tfap2d_crispant,3215,252,0,0
strict_exclusion_k0.90,genotype_raw,tfap2a_tfap2e_crispant,4937,416,0,0
strict_exclusion_k0.90,genotype_raw,tfap2b_crispant,1365,382,0,0
strict_exclusion_k0.90,genotype_raw,tfap2b_tfap2c_crispant,3496,283,0,0
strict_exclusion_k0.90,genotype_raw,tfap2b_tfap2d_crispant,5418,587,0,0
strict_exclusion_k0.90,genotype_raw,tfap2c_crispant,1365,284,0,0
strict_exclusion_k0.90,genotype_raw,tfap2d_crispant,840,211,0,0
strict_exclusion_k0.90,genotype_raw,tfap2e_crispant,1239,329,0,0
strict_exclusion_k0.90,genotype_raw,tmem67_heterozygote,6802,3985,0,0
strict_exclusion_k0.90,genotype_raw,tmem67_heterozygous,9466,4073,0,0
strict_exclusion_k0.90,genotype_raw,tmem67_homozygous,13286,8027,0,0
strict_exclusion_k0.90,genotype_raw,tmem67_unknown,228,31,0,0
strict_exclusion_k0.90,genotype_raw,tmem67_wildtype,13651,4872,0,0
strict_exclusion_k0.90,genotype_raw,unavailable,327,178,0,0
strict_exclusion_k0.90,genotype_raw,uncertain,31,16,0,0
strict_exclusion_k0.90,genotype_raw,wfs1a-wfs1b,144,116,0,0
strict_exclusion_k0.90,genotype_raw,wik,31861,15466,0,0
strict_exclusion_k0.90,genotype_raw,wik-ab,24223,3730,0,0
strict_exclusion_k0.90,genotype_raw,wik-ab_inj_ctrl,7620,1022,0,0
strict_exclusion_k0.90,chem_perturbation_raw,DMSO_6,279,223,0,0
strict_exclusion_k0.90,chem_perturbation_raw,Fgf_025,1032,628,0,0
strict_exclusion_k0.90,chem_perturbation_raw,Fgf_050,905,263,0,0
strict_exclusion_k0.90,chem_perturbation_raw,Fgf_075,1376,664,0,0
strict_exclusion_k0.90,chem_perturbation_raw,Fgf_100,2153,889,0,0
strict_exclusion_k0.90,chem_perturbation_raw,Fgf_150,1214,271,0,0
strict_exclusion_k0.90,chem_perturbation_raw,Shh_025,442,186,0,0
strict_exclusion_k0.90,chem_perturbation_raw,Shh_050,1035,485,0,0
strict_exclusion_k0.90,chem_perturbation_raw,Shh_075,974,521,0,0
strict_exclusion_k0.90,chem_perturbation_raw,Shh_100,797,560,0,0
strict_exclusion_k0.90,chem_perturbation_raw,bmp_i_11,26,23,0,0
strict_exclusion_k0.90,chem_perturbation_raw,bmp_i_12,25,23,0,0
strict_exclusion_k0.90,chem_perturbation_raw,bmp_i_13,225,150,0,0
strict_exclusion_k0.90,chem_perturbation_raw,bmp_i_13_13,9,8,0,0
strict_exclusion_k0.90,chem_perturbation_raw,bmp_i_14,31,21,0,0
strict_exclusion_k0.90,chem_perturbation_raw,dmso,211,182,0,0
strict_exclusion_k0.90,chem_perturbation_raw,ethanol_ctrl,1061,486,0,0
strict_exclusion_k0.90,chem_perturbation_raw,fgf_i_13,113,29,0,0
strict_exclusion_k0.90,chem_perturbation_raw,hsp90,216,178,0,0
strict_exclusion_k0.90,chem_perturbation_raw,hsp90_i_6,188,127,0,0
strict_exclusion_k0.90,chem_perturbation_raw,mTOR_i_6,183,106,0,0
strict_exclusion_k0.90,chem_perturbation_raw,mTor,225,151,0,0
strict_exclusion_k0.90,chem_perturbation_raw,nfkb_i_6,86,43,0,0
strict_exclusion_k0.90,chem_perturbation_raw,notch_i_6,72,49,0,0
strict_exclusion_k0.90,chem_perturbation_raw,pi3k_hi_i_6,43,36,0,0
strict_exclusion_k0.90,chem_perturbation_raw,pi3k_i_6,8,0,0,0
strict_exclusion_k0.90,chem_perturbation_raw,pi3k_lo_i_6,44,32,0,0
strict_exclusion_k0.90,chem_perturbation_raw,ra_hi_i_6,44,40,0,0
strict_exclusion_k0.90,chem_perturbation_raw,ra_i_6,70,42,0,0
strict_exclusion_k0.90,chem_perturbation_raw,ra_lo_i_6,43,41,0,0
strict_exclusion_k0.90,chem_perturbation_raw,shh_i_6,113,92,0,0
strict_exclusion_k0.90,chem_perturbation_raw,sphase_i_13,37,25,0,0
strict_exclusion_k0.90,chem_perturbation_raw,tgfb_hi_i_6,43,39,0,0
strict_exclusion_k0.90,chem_perturbation_raw,tgfb_i_13,70,36,0,0
strict_exclusion_k0.90,chem_perturbation_raw,tgfb_lo_i_6,40,38,0,0
strict_exclusion_k0.90,chem_perturbation_raw,tri_0,1582,126,0,0
strict_exclusion_k0.90,chem_perturbation_raw,tri_1-15,1469,246,0,0
strict_exclusion_k0.90,chem_perturbation_raw,tri_1-20,2486,333,0,0
strict_exclusion_k0.90,chem_perturbation_raw,tri_1-25,2471,478,0,0
strict_exclusion_k0.90,chem_perturbation_raw,tri_1-30,2481,500,0,0
strict_exclusion_k0.90,chem_perturbation_raw,tri_1-35,2711,552,0,0
strict_exclusion_k0.90,chem_perturbation_raw,tri_1-40,2372,543,0,0
strict_exclusion_k0.90,chem_perturbation_raw,unavailable,502588,175426,0,0
strict_exclusion_k0.90,chem_perturbation_raw,wnt_i_11,26,24,0,0
strict_exclusion_k0.90,chem_perturbation_raw,wnt_i_12,25,24,0,0
strict_exclusion_k0.90,chem_perturbation_raw,wnt_i_13,225,150,0,0
strict_exclusion_k0.90,chem_perturbation_raw,wnt_i_13_13,9,6,0,0
strict_exclusion_k0.90,chem_perturbation_raw,wnt_i_14,24,24,0,0
strict_exclusion_k0.90,temperature_raw,19.0,50,25,0,0
strict_exclusion_k0.90,temperature_raw,22.0,44097,23149,0,0
strict_exclusion_k0.90,temperature_raw,24.0,264,150,0,0
strict_exclusion_k0.90,temperature_raw,25.0,25,7,0,0
strict_exclusion_k0.90,temperature_raw,28.0,569,475,0,0
strict_exclusion_k0.90,temperature_raw,28.5,21966,9284,0,0
strict_exclusion_k0.90,temperature_raw,30.0,462687,150351,0,0
strict_exclusion_k0.90,temperature_raw,32.0,190,157,0,0
strict_exclusion_k0.90,temperature_raw,33.5,27,7,0,0
strict_exclusion_k0.90,temperature_raw,34.0,794,581,0,0
strict_exclusion_k0.90,temperature_raw,34.2,89,87,0,0
strict_exclusion_k0.90,temperature_raw,34.4,9,7,0,0
strict_exclusion_k0.90,temperature_raw,35.0,777,525,0,0
strict_exclusion_k0.90,temperature_raw,35.1,50,48,0,0
strict_exclusion_k0.90,temperature_raw,unavailable,308,266,0,0
strict_exclusion_k0.90,segmentation_backend,sam2_video,20316,8094,0,0
strict_exclusion_k0.90,segmentation_backend,unavailable,511586,177025,0,0
strict_exclusion_k0.90,applicability,exclusion,531004,184382,0,0
strict_exclusion_k0.90,applicability,not_applicable,898,737,0,0
lower_diagnostic_upper_strict,experiment,20230531,7846,5216,1172,0
lower_diagnostic_upper_strict,experiment,20230602,8998,4060,613,0
lower_diagnostic_upper_strict,experiment,20230613,5421,3978,367,0
lower_diagnostic_upper_strict,experiment,20230615,4216,3292,525,0
lower_diagnostic_upper_strict,experiment,20230620,5460,3408,407,0
lower_diagnostic_upper_strict,experiment,20230622,3582,2093,187,0
lower_diagnostic_upper_strict,experiment,20230627,4193,3235,404,0
lower_diagnostic_upper_strict,experiment,20230629,3918,1314,189,0
lower_diagnostic_upper_strict,experiment,20240509_18ss,25,25,1,0
lower_diagnostic_upper_strict,experiment,20240509_24hpf,32,29,0,0
lower_diagnostic_upper_strict,experiment,20240510,59,57,0,0
lower_diagnostic_upper_strict,experiment,20240717,68,59,3,0
lower_diagnostic_upper_strict,experiment,20240718,99,93,0,0
lower_diagnostic_upper_strict,experiment,20240724,56,56,0,0
lower_diagnostic_upper_strict,experiment,20240725,64,53,0,0
lower_diagnostic_upper_strict,experiment,20240726,60,52,3,0
lower_diagnostic_upper_strict,experiment,20240813_24hpf,48,0,0,0
lower_diagnostic_upper_strict,experiment,20240813_30hpf,50,0,0,0
lower_diagnostic_upper_strict,experiment,20240813_36hpf,50,48,10,0
lower_diagnostic_upper_strict,experiment,20250501,24718,2831,512,0
lower_diagnostic_upper_strict,experiment,20250512,24569,10074,2966,0
lower_diagnostic_upper_strict,experiment,20250515_part2,3510,1964,613,0
lower_diagnostic_upper_strict,experiment,20250519,4179,3721,1172,0
lower_diagnostic_upper_strict,experiment,20250612_24hpf_ctrl_atf6,97,94,1,0
lower_diagnostic_upper_strict,experiment,20250612_24hpf_wfs1_ctcf,96,92,4,0
lower_diagnostic_upper_strict,experiment,20250612_30hpf_ctrl_atf6,97,92,20,0
lower_diagnostic_upper_strict,experiment,20250612_30hpf_wfs1_ctcf,97,93,19,0
lower_diagnostic_upper_strict,experiment,20250612_36hpf_ctrl_atf6,102,91,10,0
lower_diagnostic_upper_strict,experiment,20250612_36hpf_wfs1_ctcf,97,94,22,0
lower_diagnostic_upper_strict,experiment,20250622_chem_28C_T00_1425,91,79,3,0
lower_diagnostic_upper_strict,experiment,20250622_chem_28C_T01_1658,86,79,7,0
lower_diagnostic_upper_strict,experiment,20250622_chem_34C_T00_1256,78,76,3,0
lower_diagnostic_upper_strict,experiment,20250622_chem_34C_T01_1632,79,74,5,0
lower_diagnostic_upper_strict,experiment,20250624_chem02_28C_T00_1356,104,88,31,0
lower_diagnostic_upper_strict,experiment,20250624_chem02_28C_T01_1808,97,85,40,0
lower_diagnostic_upper_strict,experiment,20250624_chem02_34C_T00_1243,78,51,13,0
lower_diagnostic_upper_strict,experiment,20250624_chem02_34C_T01_1739,75,43,21,0
lower_diagnostic_upper_strict,experiment,20250624_chem02_35C_T00_1216,81,62,13,0
lower_diagnostic_upper_strict,experiment,20250624_chem02_35C_T01_1711,84,51,22,0
lower_diagnostic_upper_strict,experiment,20250625_chem02_28C_T02_1332,96,58,12,0
lower_diagnostic_upper_strict,experiment,20250625_chem02_34C_T02_1301,82,29,6,0
lower_diagnostic_upper_strict,experiment,20250625_chem02_35C_T02_1228,84,23,9,0
lower_diagnostic_upper_strict,experiment,20250703_chem3_28C_T00_1325,61,53,0,0
lower_diagnostic_upper_strict,experiment,20250703_chem3_34C_T00_1131,58,54,0,0
lower_diagnostic_upper_strict,experiment,20250703_chem3_34C_T01_1457,59,50,0,0
lower_diagnostic_upper_strict,experiment,20250703_chem3_35C_T00_1101,65,54,0,0
lower_diagnostic_upper_strict,experiment,20250703_chem3_35C_T01_1437,58,50,0,0
lower_diagnostic_upper_strict,experiment,20250711,19723,11321,902,0
lower_diagnostic_upper_strict,experiment,20250716_chem4_28C_T00_1158,87,77,2,0
lower_diagnostic_upper_strict,experiment,20250716_chem4_28C_T01_1400,94,78,11,0
lower_diagnostic_upper_strict,experiment,20250716_chem4_34C_T00_1014,94,86,1,0
lower_diagnostic_upper_strict,experiment,20250716_chem4_35C_T00_1045,91,79,3,0
lower_diagnostic_upper_strict,experiment,20250721_chem5_28C_T00_1257,107,94,2,0
lower_diagnostic_upper_strict,experiment,20250721_chem5_28C_T01_1401,107,95,2,0
lower_diagnostic_upper_strict,experiment,20250721_chem5_35C_T00_1023,108,95,6,0
lower_diagnostic_upper_strict,experiment,20250912,15572,3333,555,0
lower_diagnostic_upper_strict,experiment,20251017_part1,6794,4476,573,0
lower_diagnostic_upper_strict,experiment,20251017_part2,7559,3386,1088,0
lower_diagnostic_upper_strict,experiment,20251020,5216,1250,126,0
lower_diagnostic_upper_strict,experiment,20251112,6991,3716,298,0
lower_diagnostic_upper_strict,experiment,20251119,10440,6547,3070,0
lower_diagnostic_upper_strict,experiment,20251121,20857,7534,512,0
lower_diagnostic_upper_strict,experiment,20251125,21934,12018,3787,0
lower_diagnostic_upper_strict,experiment,20251205,12291,6705,670,0
lower_diagnostic_upper_strict,experiment,20251207_pbx,14760,7802,562,0
lower_diagnostic_upper_strict,experiment,20251212,11437,4921,277,0
lower_diagnostic_upper_strict,experiment,20260122,20098,10307,1050,0
lower_diagnostic_upper_strict,experiment,20260202,16943,8777,2629,0
lower_diagnostic_upper_strict,experiment,20260206,14700,12129,408,0
lower_diagnostic_upper_strict,experiment,20260208,31680,17074,10700,0
lower_diagnostic_upper_strict,experiment,20260210,15892,9646,646,0
lower_diagnostic_upper_strict,experiment,20260213,29010,4120,1300,0
lower_diagnostic_upper_strict,experiment,20260219,31713,10787,3764,0
lower_diagnostic_upper_strict,experiment,20260228,17012,9955,1272,0
lower_diagnostic_upper_strict,experiment,20260304,37409,7330,1202,0
lower_diagnostic_upper_strict,experiment,20260306,26979,8854,2477,0
lower_diagnostic_upper_strict,experiment,20260319,10269,3102,515,0
lower_diagnostic_upper_strict,experiment,20260319_cilia_crispant_18hpf,92,55,0,0
lower_diagnostic_upper_strict,experiment,20260319_cilia_crispant_24hpf,99,69,0,0
lower_diagnostic_upper_strict,experiment,20260319_cilia_crispant_30hpf,102,80,0,0
lower_diagnostic_upper_strict,experiment,20260324_cep290_24hpf_plate01,101,91,0,0
lower_diagnostic_upper_strict,experiment,20260324_cep290_24hpf_plate02,101,74,0,0
lower_diagnostic_upper_strict,experiment,20260324_cep290_30hpf_plate01,98,91,0,0
lower_diagnostic_upper_strict,experiment,20260324_cep290_30hpf_plate02,72,55,0,0
lower_diagnostic_upper_strict,experiment,20260331_b9d2_18hpf_plate02,70,45,0,0
lower_diagnostic_upper_strict,experiment,20260414_b9d2_14hpf_plate01,107,99,2,0
lower_diagnostic_upper_strict,experiment,20260414_b9d2_30hpf_plate01,106,96,3,0
lower_diagnostic_upper_strict,experiment,20260414_b9d2_30hpf_plate02,72,65,6,0
lower_diagnostic_upper_strict,experiment,20260415_b9d2_30to48hpf_plate01_t02,109,95,4,0
lower_diagnostic_upper_strict,experiment,20260415_b9d2_30to48hpf_plate02_t02,58,50,8,0
lower_diagnostic_upper_strict,experiment,20260415_cep290_18hpf_plate03,81,48,6,0
lower_diagnostic_upper_strict,experiment,20260415_cep290_30to48hpf_plate02_t01,93,53,2,0
lower_diagnostic_upper_strict,experiment,20260416_cep290_30to48hpf_plate01_t02,109,96,7,0
lower_diagnostic_upper_strict,experiment,20260416_cep290_30to48hpf_plate02_t02,70,55,6,0
lower_diagnostic_upper_strict,experiment,20260417_irx_pilot,4968,3786,175,0
lower_diagnostic_upper_strict,experiment,20260418_irx_pilot,15251,7074,2684,0
lower_diagnostic_upper_strict,experiment,20260702_hotchem_24hpf_plate01,104,93,4,0
lower_diagnostic_upper_strict,experiment,20260702_hotchem_24hpf_plate02,117,98,4,0
lower_diagnostic_upper_strict,experiment,20260702_hotchem_30hpf_plate01,124,95,16,0
lower_diagnostic_upper_strict,experiment,20260702_hotchem_30hpf_plate02,107,88,10,0
lower_diagnostic_upper_strict,experiment,20260702_hotchem_36hpf_plate01,101,94,10,0
lower_diagnostic_upper_strict,experiment,20260702_hotchem_36hpf_plate02,99,94,7,0
lower_diagnostic_upper_strict,experiment,20260724_hotfish_24hpf_plate01,102,98,0,0
lower_diagnostic_upper_strict,experiment,20260724_hotfish_30hpf_plate01,98,92,0,0
lower_diagnostic_upper_strict,experiment,20260724_hotfish_36hpf_plate01,101,92,0,0
lower_diagnostic_upper_strict,nominal_stage_bin,18-<24,46905,20785,4162,0
lower_diagnostic_upper_strict,nominal_stage_bin,24-<36,107676,50033,14524,0
lower_diagnostic_upper_strict,nominal_stage_bin,36-<48,91759,43102,14083,0
lower_diagnostic_upper_strict,nominal_stage_bin,48-<72,123516,49507,9827,0
lower_diagnostic_upper_strict,nominal_stage_bin,<18,45665,36799,1493,0
lower_diagnostic_upper_strict,nominal_stage_bin,>=72,115483,34925,6680,0
lower_diagnostic_upper_strict,nominal_stage_bin,unavailable,898,737,0,0
lower_diagnostic_upper_strict,genotype_raw,H2B-mScarlet,5460,3408,407,0
lower_diagnostic_upper_strict,genotype_raw,ab,13478,7193,777,0
lower_diagnostic_upper_strict,genotype_raw,ab-ctrl-inj,17,17,1,0
lower_diagnostic_upper_strict,genotype_raw,ab-lmx1b,32,29,0,0
lower_diagnostic_upper_strict,genotype_raw,ab_inj_ctrl,4137,973,192,0
lower_diagnostic_upper_strict,genotype_raw,atf6,151,137,21,0
lower_diagnostic_upper_strict,genotype_raw,b9d2_het,203,184,9,0
lower_diagnostic_upper_strict,genotype_raw,b9d2_heterozygous,37280,19456,4180,0
lower_diagnostic_upper_strict,genotype_raw,b9d2_homo,94,84,3,0
lower_diagnostic_upper_strict,genotype_raw,b9d2_homozygous,19055,10059,1630,0
lower_diagnostic_upper_strict,genotype_raw,b9d2_unknown,18501,4664,997,0
lower_diagnostic_upper_strict,genotype_raw,b9d2_wildtype,22078,10677,2658,0
lower_diagnostic_upper_strict,genotype_raw,b9d2_wt,72,67,5,0
lower_diagnostic_upper_strict,genotype_raw,cep290_crispant,13589,7132,846,0
lower_diagnostic_upper_strict,genotype_raw,cep290_het,301,257,12,0
lower_diagnostic_upper_strict,genotype_raw,cep290_heterozygous,44838,24246,9283,0
lower_diagnostic_upper_strict,genotype_raw,cep290_homo,119,97,3,0
lower_diagnostic_upper_strict,genotype_raw,cep290_homozygous,20832,13170,2549,0
lower_diagnostic_upper_strict,genotype_raw,cep290_homozyous,6601,4954,60,0
lower_diagnostic_upper_strict,genotype_raw,cep290_unknown,35836,11063,3298,0
lower_diagnostic_upper_strict,genotype_raw,cep290_unkown,16825,4878,2234,0
lower_diagnostic_upper_strict,genotype_raw,cep290_wildtype,26022,13549,4044,0
lower_diagnostic_upper_strict,genotype_raw,cep290_wt,147,115,2,0
lower_diagnostic_upper_strict,genotype_raw,crispr-inj-ctrl,1060,346,26,0
lower_diagnostic_upper_strict,genotype_raw,crispr-pbx1,3979,1532,152,0
lower_diagnostic_upper_strict,genotype_raw,crispr-pbx1+4,4880,3134,291,0
lower_diagnostic_upper_strict,genotype_raw,crispr-pbx4,4841,2790,93,0
lower_diagnostic_upper_strict,genotype_raw,ctcf,146,140,22,0
lower_diagnostic_upper_strict,genotype_raw,ctrl-inj,52,46,0,0
lower_diagnostic_upper_strict,genotype_raw,foxj1a_crispant,2945,1374,478,0
lower_diagnostic_upper_strict,genotype_raw,gdf3,6313,4676,411,0
lower_diagnostic_upper_strict,genotype_raw,if88_ift74_crispant,2698,1192,354,0
lower_diagnostic_upper_strict,genotype_raw,ift88_crispant,2612,1422,339,0
lower_diagnostic_upper_strict,genotype_raw,inj-ctrl,1756,1446,30,0
lower_diagnostic_upper_strict,genotype_raw,irx3a_crispant,1785,1508,278,0
lower_diagnostic_upper_strict,genotype_raw,irx3a_irx5a_crispant,3313,1317,419,0
lower_diagnostic_upper_strict,genotype_raw,irx3a_irx5a_irx6a_crispant,3096,1402,667,0
lower_diagnostic_upper_strict,genotype_raw,irx3a_irx6a_crispant,3472,1348,586,0
lower_diagnostic_upper_strict,genotype_raw,irx5a_crispant,1836,1187,195,0
lower_diagnostic_upper_strict,genotype_raw,irx5a_irx6a_crispant,3384,1372,523,0
lower_diagnostic_upper_strict,genotype_raw,irx6a_crispant,1758,1456,171,0
lower_diagnostic_upper_strict,genotype_raw,meox1,25,24,0,0
lower_diagnostic_upper_strict,genotype_raw,meox1:sox1,26,23,1,0
lower_diagnostic_upper_strict,genotype_raw,meox1:tbx5a,26,21,0,0
lower_diagnostic_upper_strict,genotype_raw,nfatc1,8,6,0,0
lower_diagnostic_upper_strict,genotype_raw,nfatc:gata2a,8,8,0,0
lower_diagnostic_upper_strict,genotype_raw,pbx1b_crispant,13796,2372,419,0
lower_diagnostic_upper_strict,genotype_raw,pbx1b_pbx4_crispant,20347,6614,1032,0
lower_diagnostic_upper_strict,genotype_raw,pbx4_crispant,13974,3797,801,0
lower_diagnostic_upper_strict,genotype_raw,scospondin_crispant,6136,3759,1225,0
lower_diagnostic_upper_strict,genotype_raw,smad5,24,24,0,0
lower_diagnostic_upper_strict,genotype_raw,smyda:smydb,25,24,1,0
lower_diagnostic_upper_strict,genotype_raw,sox10,27,23,1,0
lower_diagnostic_upper_strict,genotype_raw,sox10:tbx5a,26,23,0,0
lower_diagnostic_upper_strict,genotype_raw,sspo_crispant,36,34,0,0
lower_diagnostic_upper_strict,genotype_raw,tbx2b,18,15,2,0
lower_diagnostic_upper_strict,genotype_raw,tbx2b:tbx2a,16,15,0,0
lower_diagnostic_upper_strict,genotype_raw,tbx5a,25,24,1,0
lower_diagnostic_upper_strict,genotype_raw,tbx6,25,21,0,0
lower_diagnostic_upper_strict,genotype_raw,tbxta,8,8,0,0
lower_diagnostic_upper_strict,genotype_raw,tfap2a_cispant,2205,839,195,0
lower_diagnostic_upper_strict,genotype_raw,tfap2a_crispant,1390,156,4,0
lower_diagnostic_upper_strict,genotype_raw,tfap2a_tfap2b_cispant,1260,367,38,0
lower_diagnostic_upper_strict,genotype_raw,tfap2a_tfap2b_crispant,1598,243,98,0
lower_diagnostic_upper_strict,genotype_raw,tfap2a_tfap2c_crispant,5765,875,489,0
lower_diagnostic_upper_strict,genotype_raw,tfap2a_tfap2d_crispant,3215,280,28,0
lower_diagnostic_upper_strict,genotype_raw,tfap2a_tfap2e_crispant,4937,566,150,0
lower_diagnostic_upper_strict,genotype_raw,tfap2b_crispant,1365,502,120,0
lower_diagnostic_upper_strict,genotype_raw,tfap2b_tfap2c_crispant,3496,577,294,0
lower_diagnostic_upper_strict,genotype_raw,tfap2b_tfap2d_crispant,5418,675,88,0
lower_diagnostic_upper_strict,genotype_raw,tfap2c_crispant,1365,294,10,0
lower_diagnostic_upper_strict,genotype_raw,tfap2d_crispant,840,222,11,0
lower_diagnostic_upper_strict,genotype_raw,tfap2e_crispant,1239,362,33,0
lower_diagnostic_upper_strict,genotype_raw,tmem67_heterozygote,6802,4212,227,0
lower_diagnostic_upper_strict,genotype_raw,tmem67_heterozygous,9466,4752,679,0
lower_diagnostic_upper_strict,genotype_raw,tmem67_homozygous,13286,8824,797,0
lower_diagnostic_upper_strict,genotype_raw,tmem67_unknown,228,34,3,0
lower_diagnostic_upper_strict,genotype_raw,tmem67_wildtype,13651,5593,721,0
lower_diagnostic_upper_strict,genotype_raw,unavailable,327,178,0,0
lower_diagnostic_upper_strict,genotype_raw,uncertain,31,20,4,0
lower_diagnostic_upper_strict,genotype_raw,wfs1a-wfs1b,144,139,23,0
lower_diagnostic_upper_strict,genotype_raw,wik,31861,18512,3046,0
lower_diagnostic_upper_strict,genotype_raw,wik-ab,24223,5090,1360,0
lower_diagnostic_upper_strict,genotype_raw,wik-ab_inj_ctrl,7620,1644,622,0
lower_diagnostic_upper_strict,chem_perturbation_raw,DMSO_6,279,236,13,0
lower_diagnostic_upper_strict,chem_perturbation_raw,Fgf_025,1032,679,51,0
lower_diagnostic_upper_strict,chem_perturbation_raw,Fgf_050,905,297,34,0
lower_diagnostic_upper_strict,chem_perturbation_raw,Fgf_075,1376,726,62,0
lower_diagnostic_upper_strict,chem_perturbation_raw,Fgf_100,2153,1043,154,0
lower_diagnostic_upper_strict,chem_perturbation_raw,Fgf_150,1214,320,49,0
lower_diagnostic_upper_strict,chem_perturbation_raw,Shh_025,442,232,46,0
lower_diagnostic_upper_strict,chem_perturbation_raw,Shh_050,1035,589,104,0
lower_diagnostic_upper_strict,chem_perturbation_raw,Shh_075,974,598,77,0
lower_diagnostic_upper_strict,chem_perturbation_raw,Shh_100,797,567,7,0
lower_diagnostic_upper_strict,chem_perturbation_raw,bmp_i_11,26,24,1,0
lower_diagnostic_upper_strict,chem_perturbation_raw,bmp_i_12,25,23,0,0
lower_diagnostic_upper_strict,chem_perturbation_raw,bmp_i_13,225,182,32,0
lower_diagnostic_upper_strict,chem_perturbation_raw,bmp_i_13_13,9,8,0,0
lower_diagnostic_upper_strict,chem_perturbation_raw,bmp_i_14,31,24,3,0
lower_diagnostic_upper_strict,chem_perturbation_raw,dmso,211,187,5,0
lower_diagnostic_upper_strict,chem_perturbation_raw,ethanol_ctrl,1061,636,150,0
lower_diagnostic_upper_strict,chem_perturbation_raw,fgf_i_13,113,71,42,0
lower_diagnostic_upper_strict,chem_perturbation_raw,hsp90,216,186,8,0
lower_diagnostic_upper_strict,chem_perturbation_raw,hsp90_i_6,188,143,16,0
lower_diagnostic_upper_strict,chem_perturbation_raw,mTOR_i_6,183,138,32,0
lower_diagnostic_upper_strict,chem_perturbation_raw,mTor,225,189,38,0
lower_diagnostic_upper_strict,chem_perturbation_raw,nfkb_i_6,86,52,9,0
lower_diagnostic_upper_strict,chem_perturbation_raw,notch_i_6,72,50,1,0
lower_diagnostic_upper_strict,chem_perturbation_raw,pi3k_hi_i_6,43,36,0,0
lower_diagnostic_upper_strict,chem_perturbation_raw,pi3k_i_6,8,2,2,0
lower_diagnostic_upper_strict,chem_perturbation_raw,pi3k_lo_i_6,44,32,0,0
lower_diagnostic_upper_strict,chem_perturbation_raw,ra_hi_i_6,44,40,0,0
lower_diagnostic_upper_strict,chem_perturbation_raw,ra_i_6,70,54,12,0
lower_diagnostic_upper_strict,chem_perturbation_raw,ra_lo_i_6,43,41,0,0
lower_diagnostic_upper_strict,chem_perturbation_raw,shh_i_6,113,93,1,0
lower_diagnostic_upper_strict,chem_perturbation_raw,sphase_i_13,37,26,1,0
lower_diagnostic_upper_strict,chem_perturbation_raw,tgfb_hi_i_6,43,39,0,0
lower_diagnostic_upper_strict,chem_perturbation_raw,tgfb_i_13,70,49,13,0
lower_diagnostic_upper_strict,chem_perturbation_raw,tgfb_lo_i_6,40,38,0,0
lower_diagnostic_upper_strict,chem_perturbation_raw,tri_0,1582,175,49,0
lower_diagnostic_upper_strict,chem_perturbation_raw,tri_1-15,1469,256,10,0
lower_diagnostic_upper_strict,chem_perturbation_raw,tri_1-20,2486,351,18,0
lower_diagnostic_upper_strict,chem_perturbation_raw,tri_1-25,2471,666,188,0
lower_diagnostic_upper_strict,chem_perturbation_raw,tri_1-30,2481,685,185,0
lower_diagnostic_upper_strict,chem_perturbation_raw,tri_1-35,2711,611,59,0
lower_diagnostic_upper_strict,chem_perturbation_raw,tri_1-40,2372,589,46,0
lower_diagnostic_upper_strict,chem_perturbation_raw,unavailable,502588,224644,49218,0
lower_diagnostic_upper_strict,chem_perturbation_raw,wnt_i_11,26,24,0,0
lower_diagnostic_upper_strict,chem_perturbation_raw,wnt_i_12,25,24,0,0
lower_diagnostic_upper_strict,chem_perturbation_raw,wnt_i_13,225,182,32,0
lower_diagnostic_upper_strict,chem_perturbation_raw,wnt_i_13_13,9,7,1,0
lower_diagnostic_upper_strict,chem_perturbation_raw,wnt_i_14,24,24,0,0
lower_diagnostic_upper_strict,temperature_raw,19.0,50,33,8,0
lower_diagnostic_upper_strict,temperature_raw,22.0,44097,27020,3871,0
lower_diagnostic_upper_strict,temperature_raw,24.0,264,232,82,0
lower_diagnostic_upper_strict,temperature_raw,25.0,25,8,1,0
lower_diagnostic_upper_strict,temperature_raw,28.0,569,497,22,0
lower_diagnostic_upper_strict,temperature_raw,28.5,21966,12262,2978,0
lower_diagnostic_upper_strict,temperature_raw,30.0,462687,194024,43673,0
lower_diagnostic_upper_strict,temperature_raw,32.0,190,160,3,0
lower_diagnostic_upper_strict,temperature_raw,33.5,27,8,1,0
lower_diagnostic_upper_strict,temperature_raw,34.0,794,642,61,0
lower_diagnostic_upper_strict,temperature_raw,34.2,89,87,0,0
lower_diagnostic_upper_strict,temperature_raw,34.4,9,7,0,0
lower_diagnostic_upper_strict,temperature_raw,35.0,777,594,69,0
lower_diagnostic_upper_strict,temperature_raw,35.1,50,48,0,0
lower_diagnostic_upper_strict,temperature_raw,unavailable,308,266,0,0
lower_diagnostic_upper_strict,segmentation_backend,sam2_video,20316,10954,2860,0
lower_diagnostic_upper_strict,segmentation_backend,unavailable,511586,224934,47909,0
lower_diagnostic_upper_strict,applicability,exclusion,531004,235151,50769,0
lower_diagnostic_upper_strict,applicability,not_applicable,898,737,0,0
all_surface_area_diagnostic_only,experiment,20230531,7846,5221,1177,0
all_surface_area_diagnostic_only,experiment,20230602,8998,4061,614,0
all_surface_area_diagnostic_only,experiment,20230613,5421,3978,367,0
all_surface_area_diagnostic_only,experiment,20230615,4216,3293,526,0
all_surface_area_diagnostic_only,experiment,20230620,5460,4114,1113,0
all_surface_area_diagnostic_only,experiment,20230622,3582,2093,187,0
all_surface_area_diagnostic_only,experiment,20230627,4193,3252,421,0
all_surface_area_diagnostic_only,experiment,20230629,3918,1343,218,0
all_surface_area_diagnostic_only,experiment,20240509_18ss,25,25,1,0
all_surface_area_diagnostic_only,experiment,20240509_24hpf,32,29,0,0
all_surface_area_diagnostic_only,experiment,20240510,59,57,0,0
all_surface_area_diagnostic_only,experiment,20240717,68,59,3,0
all_surface_area_diagnostic_only,experiment,20240718,99,93,0,0
all_surface_area_diagnostic_only,experiment,20240724,56,56,0,0
all_surface_area_diagnostic_only,experiment,20240725,64,55,2,0
all_surface_area_diagnostic_only,experiment,20240726,60,52,3,0
all_surface_area_diagnostic_only,experiment,20240813_24hpf,48,0,0,0
all_surface_area_diagnostic_only,experiment,20240813_30hpf,50,0,0,0
all_surface_area_diagnostic_only,experiment,20240813_36hpf,50,48,10,0
all_surface_area_diagnostic_only,experiment,20250501,24718,2898,579,0
all_surface_area_diagnostic_only,experiment,20250512,24569,10074,2966,0
all_surface_area_diagnostic_only,experiment,20250515_part2,3510,1964,613,0
all_surface_area_diagnostic_only,experiment,20250519,4179,3761,1212,0
all_surface_area_diagnostic_only,experiment,20250612_24hpf_ctrl_atf6,97,94,1,0
all_surface_area_diagnostic_only,experiment,20250612_24hpf_wfs1_ctcf,96,92,4,0
all_surface_area_diagnostic_only,experiment,20250612_30hpf_ctrl_atf6,97,92,20,0
all_surface_area_diagnostic_only,experiment,20250612_30hpf_wfs1_ctcf,97,93,19,0
all_surface_area_diagnostic_only,experiment,20250612_36hpf_ctrl_atf6,102,91,10,0
all_surface_area_diagnostic_only,experiment,20250612_36hpf_wfs1_ctcf,97,94,22,0
all_surface_area_diagnostic_only,experiment,20250622_chem_28C_T00_1425,91,82,6,0
all_surface_area_diagnostic_only,experiment,20250622_chem_28C_T01_1658,86,80,8,0
all_surface_area_diagnostic_only,experiment,20250622_chem_34C_T00_1256,78,77,4,0
all_surface_area_diagnostic_only,experiment,20250622_chem_34C_T01_1632,79,74,5,0
all_surface_area_diagnostic_only,experiment,20250624_chem02_28C_T00_1356,104,89,32,0
all_surface_area_diagnostic_only,experiment,20250624_chem02_28C_T01_1808,97,85,40,0
all_surface_area_diagnostic_only,experiment,20250624_chem02_34C_T00_1243,78,52,14,0
all_surface_area_diagnostic_only,experiment,20250624_chem02_34C_T01_1739,75,43,21,0
all_surface_area_diagnostic_only,experiment,20250624_chem02_35C_T00_1216,81,62,13,0
all_surface_area_diagnostic_only,experiment,20250624_chem02_35C_T01_1711,84,53,24,0
all_surface_area_diagnostic_only,experiment,20250625_chem02_28C_T02_1332,96,58,12,0
all_surface_area_diagnostic_only,experiment,20250625_chem02_34C_T02_1301,82,29,6,0
all_surface_area_diagnostic_only,experiment,20250625_chem02_35C_T02_1228,84,23,9,0
all_surface_area_diagnostic_only,experiment,20250703_chem3_28C_T00_1325,61,53,0,0
all_surface_area_diagnostic_only,experiment,20250703_chem3_34C_T00_1131,58,54,0,0
all_surface_area_diagnostic_only,experiment,20250703_chem3_34C_T01_1457,59,50,0,0
all_surface_area_diagnostic_only,experiment,20250703_chem3_35C_T00_1101,65,54,0,0
all_surface_area_diagnostic_only,experiment,20250703_chem3_35C_T01_1437,58,50,0,0
all_surface_area_diagnostic_only,experiment,20250711,19723,11403,984,0
all_surface_area_diagnostic_only,experiment,20250716_chem4_28C_T00_1158,87,77,2,0
all_surface_area_diagnostic_only,experiment,20250716_chem4_28C_T01_1400,94,78,11,0
all_surface_area_diagnostic_only,experiment,20250716_chem4_34C_T00_1014,94,86,1,0
all_surface_area_diagnostic_only,experiment,20250716_chem4_35C_T00_1045,91,79,3,0
all_surface_area_diagnostic_only,experiment,20250721_chem5_28C_T00_1257,107,94,2,0
all_surface_area_diagnostic_only,experiment,20250721_chem5_28C_T01_1401,107,95,2,0
all_surface_area_diagnostic_only,experiment,20250721_chem5_35C_T00_1023,108,95,6,0
all_surface_area_diagnostic_only,experiment,20250912,15572,3462,684,0
all_surface_area_diagnostic_only,experiment,20251017_part1,6794,4484,581,0
all_surface_area_diagnostic_only,experiment,20251017_part2,7559,3398,1100,0
all_surface_area_diagnostic_only,experiment,20251020,5216,1250,126,0
all_surface_area_diagnostic_only,experiment,20251112,6991,3716,298,0
all_surface_area_diagnostic_only,experiment,20251119,10440,6547,3070,0
all_surface_area_diagnostic_only,experiment,20251121,20857,7575,553,0
all_surface_area_diagnostic_only,experiment,20251125,21934,12018,3787,0
all_surface_area_diagnostic_only,experiment,20251205,12291,6772,737,0
all_surface_area_diagnostic_only,experiment,20251207_pbx,14760,7803,563,0
all_surface_area_diagnostic_only,experiment,20251212,11437,4921,277,0
all_surface_area_diagnostic_only,experiment,20260122,20098,10672,1415,0
all_surface_area_diagnostic_only,experiment,20260202,16943,8798,2650,0
all_surface_area_diagnostic_only,experiment,20260206,14700,12129,408,0
all_surface_area_diagnostic_only,experiment,20260208,31680,17205,10831,0
all_surface_area_diagnostic_only,experiment,20260210,15892,9646,646,0
all_surface_area_diagnostic_only,experiment,20260213,29010,4174,1354,0
all_surface_area_diagnostic_only,experiment,20260219,31713,10789,3766,0
all_surface_area_diagnostic_only,experiment,20260228,17012,9955,1272,0
all_surface_area_diagnostic_only,experiment,20260304,37409,7349,1221,0
all_surface_area_diagnostic_only,experiment,20260306,26979,8870,2493,0
all_surface_area_diagnostic_only,experiment,20260319,10269,3102,515,0
all_surface_area_diagnostic_only,experiment,20260319_cilia_crispant_18hpf,92,73,18,0
all_surface_area_diagnostic_only,experiment,20260319_cilia_crispant_24hpf,99,69,0,0
all_surface_area_diagnostic_only,experiment,20260319_cilia_crispant_30hpf,102,80,0,0
all_surface_area_diagnostic_only,experiment,20260324_cep290_24hpf_plate01,101,91,0,0
all_surface_area_diagnostic_only,experiment,20260324_cep290_24hpf_plate02,101,74,0,0
all_surface_area_diagnostic_only,experiment,20260324_cep290_30hpf_plate01,98,92,1,0
all_surface_area_diagnostic_only,experiment,20260324_cep290_30hpf_plate02,72,55,0,0
all_surface_area_diagnostic_only,experiment,20260331_b9d2_18hpf_plate02,70,51,6,0
all_surface_area_diagnostic_only,experiment,20260414_b9d2_14hpf_plate01,107,100,3,0
all_surface_area_diagnostic_only,experiment,20260414_b9d2_30hpf_plate01,106,96,3,0
all_surface_area_diagnostic_only,experiment,20260414_b9d2_30hpf_plate02,72,65,6,0
all_surface_area_diagnostic_only,experiment,20260415_b9d2_30to48hpf_plate01_t02,109,95,4,0
all_surface_area_diagnostic_only,experiment,20260415_b9d2_30to48hpf_plate02_t02,58,50,8,0
all_surface_area_diagnostic_only,experiment,20260415_cep290_18hpf_plate03,81,54,12,0
all_surface_area_diagnostic_only,experiment,20260415_cep290_30to48hpf_plate02_t01,93,53,2,0
all_surface_area_diagnostic_only,experiment,20260416_cep290_30to48hpf_plate01_t02,109,96,7,0
all_surface_area_diagnostic_only,experiment,20260416_cep290_30to48hpf_plate02_t02,70,55,6,0
all_surface_area_diagnostic_only,experiment,20260417_irx_pilot,4968,3787,176,0
all_surface_area_diagnostic_only,experiment,20260418_irx_pilot,15251,7074,2684,0
all_surface_area_diagnostic_only,experiment,20260702_hotchem_24hpf_plate01,104,93,4,0
all_surface_area_diagnostic_only,experiment,20260702_hotchem_24hpf_plate02,117,98,4,0
all_surface_area_diagnostic_only,experiment,20260702_hotchem_30hpf_plate01,124,96,17,0
all_surface_area_diagnostic_only,experiment,20260702_hotchem_30hpf_plate02,107,89,11,0
all_surface_area_diagnostic_only,experiment,20260702_hotchem_36hpf_plate01,101,94,10,0
all_surface_area_diagnostic_only,experiment,20260702_hotchem_36hpf_plate02,99,94,7,0
all_surface_area_diagnostic_only,experiment,20260724_hotfish_24hpf_plate01,102,98,0,0
all_surface_area_diagnostic_only,experiment,20260724_hotfish_30hpf_plate01,98,92,0,0
all_surface_area_diagnostic_only,experiment,20260724_hotfish_36hpf_plate01,101,92,0,0
all_surface_area_diagnostic_only,nominal_stage_bin,18-<24,46905,21118,4495,0
all_surface_area_diagnostic_only,nominal_stage_bin,24-<36,107676,50427,14918,0
all_surface_area_diagnostic_only,nominal_stage_bin,36-<48,91759,43218,14199,0
all_surface_area_diagnostic_only,nominal_stage_bin,48-<72,123516,49616,9936,0
all_surface_area_diagnostic_only,nominal_stage_bin,<18,45665,37444,2138,0
all_surface_area_diagnostic_only,nominal_stage_bin,>=72,115483,35188,6943,0
all_surface_area_diagnostic_only,nominal_stage_bin,unavailable,898,737,0,0
all_surface_area_diagnostic_only,genotype_raw,H2B-mScarlet,5460,4114,1113,0
all_surface_area_diagnostic_only,genotype_raw,ab,13478,7438,1022,0
all_surface_area_diagnostic_only,genotype_raw,ab-ctrl-inj,17,17,1,0
all_surface_area_diagnostic_only,genotype_raw,ab-lmx1b,32,29,0,0
all_surface_area_diagnostic_only,genotype_raw,ab_inj_ctrl,4137,973,192,0
all_surface_area_diagnostic_only,genotype_raw,atf6,151,137,21,0
all_surface_area_diagnostic_only,genotype_raw,b9d2_het,203,184,9,0
all_surface_area_diagnostic_only,genotype_raw,b9d2_heterozygous,37280,19505,4229,0
all_surface_area_diagnostic_only,genotype_raw,b9d2_homo,94,84,3,0
all_surface_area_diagnostic_only,genotype_raw,b9d2_homozygous,19055,10100,1671,0
all_surface_area_diagnostic_only,genotype_raw,b9d2_unknown,18501,4674,1007,0
all_surface_area_diagnostic_only,genotype_raw,b9d2_wildtype,22078,10726,2707,0
all_surface_area_diagnostic_only,genotype_raw,b9d2_wt,72,67,5,0
all_surface_area_diagnostic_only,genotype_raw,cep290_crispant,13589,7263,977,0
all_surface_area_diagnostic_only,genotype_raw,cep290_het,301,259,14,0
all_surface_area_diagnostic_only,genotype_raw,cep290_heterozygous,44838,24246,9283,0
all_surface_area_diagnostic_only,genotype_raw,cep290_homo,119,98,4,0
all_surface_area_diagnostic_only,genotype_raw,cep290_homozygous,20832,13182,2561,0
all_surface_area_diagnostic_only,genotype_raw,cep290_homozyous,6601,4954,60,0
all_surface_area_diagnostic_only,genotype_raw,cep290_unknown,35836,11101,3336,0
all_surface_area_diagnostic_only,genotype_raw,cep290_unkown,16825,5009,2365,0
all_surface_area_diagnostic_only,genotype_raw,cep290_wildtype,26022,13557,4052,0
all_surface_area_diagnostic_only,genotype_raw,cep290_wt,147,116,3,0
all_surface_area_diagnostic_only,genotype_raw,crispr-inj-ctrl,1060,346,26,0
all_surface_area_diagnostic_only,genotype_raw,crispr-pbx1,3979,1532,152,0
all_surface_area_diagnostic_only,genotype_raw,crispr-pbx1+4,4880,3135,292,0
all_surface_area_diagnostic_only,genotype_raw,crispr-pbx4,4841,2790,93,0
all_surface_area_diagnostic_only,genotype_raw,ctcf,146,140,22,0
all_surface_area_diagnostic_only,genotype_raw,ctrl-inj,52,46,0,0
all_surface_area_diagnostic_only,genotype_raw,foxj1a_crispant,2945,1392,496,0
all_surface_area_diagnostic_only,genotype_raw,gdf3,6313,4692,427,0
all_surface_area_diagnostic_only,genotype_raw,if88_ift74_crispant,2698,1192,354,0
all_surface_area_diagnostic_only,genotype_raw,ift88_crispant,2612,1422,339,0
all_surface_area_diagnostic_only,genotype_raw,inj-ctrl,1756,1446,30,0
all_surface_area_diagnostic_only,genotype_raw,irx3a_crispant,1785,1508,278,0
all_surface_area_diagnostic_only,genotype_raw,irx3a_irx5a_crispant,3313,1317,419,0
all_surface_area_diagnostic_only,genotype_raw,irx3a_irx5a_irx6a_crispant,3096,1403,668,0
all_surface_area_diagnostic_only,genotype_raw,irx3a_irx6a_crispant,3472,1348,586,0
all_surface_area_diagnostic_only,genotype_raw,irx5a_crispant,1836,1187,195,0
all_surface_area_diagnostic_only,genotype_raw,irx5a_irx6a_crispant,3384,1372,523,0
all_surface_area_diagnostic_only,genotype_raw,irx6a_crispant,1758,1456,171,0
all_surface_area_diagnostic_only,genotype_raw,meox1,25,24,0,0
all_surface_area_diagnostic_only,genotype_raw,meox1:sox1,26,23,1,0
all_surface_area_diagnostic_only,genotype_raw,meox1:tbx5a,26,21,0,0
all_surface_area_diagnostic_only,genotype_raw,nfatc1,8,6,0,0
all_surface_area_diagnostic_only,genotype_raw,nfatc:gata2a,8,8,0,0
all_surface_area_diagnostic_only,genotype_raw,pbx1b_crispant,13796,2378,425,0
all_surface_area_diagnostic_only,genotype_raw,pbx1b_pbx4_crispant,20347,6621,1039,0
all_surface_area_diagnostic_only,genotype_raw,pbx4_crispant,13974,3816,820,0
all_surface_area_diagnostic_only,genotype_raw,scospondin_crispant,6136,3762,1228,0
all_surface_area_diagnostic_only,genotype_raw,smad5,24,24,0,0
all_surface_area_diagnostic_only,genotype_raw,smyda:smydb,25,24,1,0
all_surface_area_diagnostic_only,genotype_raw,sox10,27,25,3,0
all_surface_area_diagnostic_only,genotype_raw,sox10:tbx5a,26,23,0,0
all_surface_area_diagnostic_only,genotype_raw,sspo_crispant,36,34,0,0
all_surface_area_diagnostic_only,genotype_raw,tbx2b,18,15,2,0
all_surface_area_diagnostic_only,genotype_raw,tbx2b:tbx2a,16,15,0,0
all_surface_area_diagnostic_only,genotype_raw,tbx5a,25,24,1,0
all_surface_area_diagnostic_only,genotype_raw,tbx6,25,21,0,0
all_surface_area_diagnostic_only,genotype_raw,tbxta,8,8,0,0
all_surface_area_diagnostic_only,genotype_raw,tfap2a_cispant,2205,839,195,0
all_surface_area_diagnostic_only,genotype_raw,tfap2a_crispant,1390,156,4,0
all_surface_area_diagnostic_only,genotype_raw,tfap2a_tfap2b_cispant,1260,367,38,0
all_surface_area_diagnostic_only,genotype_raw,tfap2a_tfap2b_crispant,1598,243,98,0
all_surface_area_diagnostic_only,genotype_raw,tfap2a_tfap2c_crispant,5765,875,489,0
all_surface_area_diagnostic_only,genotype_raw,tfap2a_tfap2d_crispant,3215,280,28,0
all_surface_area_diagnostic_only,genotype_raw,tfap2a_tfap2e_crispant,4937,620,204,0
all_surface_area_diagnostic_only,genotype_raw,tfap2b_crispant,1365,502,120,0
all_surface_area_diagnostic_only,genotype_raw,tfap2b_tfap2c_crispant,3496,577,294,0
all_surface_area_diagnostic_only,genotype_raw,tfap2b_tfap2d_crispant,5418,675,88,0
all_surface_area_diagnostic_only,genotype_raw,tfap2c_crispant,1365,294,10,0
all_surface_area_diagnostic_only,genotype_raw,tfap2d_crispant,840,222,11,0
all_surface_area_diagnostic_only,genotype_raw,tfap2e_crispant,1239,362,33,0
all_surface_area_diagnostic_only,genotype_raw,tmem67_heterozygote,6802,4239,254,0
all_surface_area_diagnostic_only,genotype_raw,tmem67_heterozygous,9466,4752,679,0
all_surface_area_diagnostic_only,genotype_raw,tmem67_homozygous,13286,8885,858,0
all_surface_area_diagnostic_only,genotype_raw,tmem67_unknown,228,34,3,0
all_surface_area_diagnostic_only,genotype_raw,tmem67_wildtype,13651,5618,746,0
all_surface_area_diagnostic_only,genotype_raw,unavailable,327,202,24,0
all_surface_area_diagnostic_only,genotype_raw,uncertain,31,23,7,0
all_surface_area_diagnostic_only,genotype_raw,wfs1a-wfs1b,144,139,23,0
all_surface_area_diagnostic_only,genotype_raw,wik,31861,18549,3083,0
all_surface_area_diagnostic_only,genotype_raw,wik-ab,24223,5222,1492,0
all_surface_area_diagnostic_only,genotype_raw,wik-ab_inj_ctrl,7620,1644,622,0
all_surface_area_diagnostic_only,chem_perturbation_raw,DMSO_6,279,236,13,0
all_surface_area_diagnostic_only,chem_perturbation_raw,Fgf_025,1032,679,51,0
all_surface_area_diagnostic_only,chem_perturbation_raw,Fgf_050,905,297,34,0
all_surface_area_diagnostic_only,chem_perturbation_raw,Fgf_075,1376,726,62,0
all_surface_area_diagnostic_only,chem_perturbation_raw,Fgf_100,2153,1046,157,0
all_surface_area_diagnostic_only,chem_perturbation_raw,Fgf_150,1214,346,75,0
all_surface_area_diagnostic_only,chem_perturbation_raw,Shh_025,442,260,74,0
all_surface_area_diagnostic_only,chem_perturbation_raw,Shh_050,1035,678,193,0
all_surface_area_diagnostic_only,chem_perturbation_raw,Shh_075,974,776,255,0
all_surface_area_diagnostic_only,chem_perturbation_raw,Shh_100,797,608,48,0
all_surface_area_diagnostic_only,chem_perturbation_raw,bmp_i_11,26,24,1,0
all_surface_area_diagnostic_only,chem_perturbation_raw,bmp_i_12,25,23,0,0
all_surface_area_diagnostic_only,chem_perturbation_raw,bmp_i_13,225,183,33,0
all_surface_area_diagnostic_only,chem_perturbation_raw,bmp_i_13_13,9,8,0,0
all_surface_area_diagnostic_only,chem_perturbation_raw,bmp_i_14,31,24,3,0
all_surface_area_diagnostic_only,chem_perturbation_raw,dmso,211,187,5,0
all_surface_area_diagnostic_only,chem_perturbation_raw,ethanol_ctrl,1061,800,314,0
all_surface_area_diagnostic_only,chem_perturbation_raw,fgf_i_13,113,71,42,0
all_surface_area_diagnostic_only,chem_perturbation_raw,hsp90,216,188,10,0
all_surface_area_diagnostic_only,chem_perturbation_raw,hsp90_i_6,188,143,16,0
all_surface_area_diagnostic_only,chem_perturbation_raw,mTOR_i_6,183,139,33,0
all_surface_area_diagnostic_only,chem_perturbation_raw,mTor,225,189,38,0
all_surface_area_diagnostic_only,chem_perturbation_raw,nfkb_i_6,86,54,11,0
all_surface_area_diagnostic_only,chem_perturbation_raw,notch_i_6,72,51,2,0
all_surface_area_diagnostic_only,chem_perturbation_raw,pi3k_hi_i_6,43,36,0,0
all_surface_area_diagnostic_only,chem_perturbation_raw,pi3k_i_6,8,6,6,0
all_surface_area_diagnostic_only,chem_perturbation_raw,pi3k_lo_i_6,44,32,0,0
all_surface_area_diagnostic_only,chem_perturbation_raw,ra_hi_i_6,44,40,0,0
all_surface_area_diagnostic_only,chem_perturbation_raw,ra_i_6,70,54,12,0
all_surface_area_diagnostic_only,chem_perturbation_raw,ra_lo_i_6,43,41,0,0
all_surface_area_diagnostic_only,chem_perturbation_raw,shh_i_6,113,93,1,0
all_surface_area_diagnostic_only,chem_perturbation_raw,sphase_i_13,37,26,1,0
all_surface_area_diagnostic_only,chem_perturbation_raw,tgfb_hi_i_6,43,39,0,0
all_surface_area_diagnostic_only,chem_perturbation_raw,tgfb_i_13,70,49,13,0
all_surface_area_diagnostic_only,chem_perturbation_raw,tgfb_lo_i_6,40,38,0,0
all_surface_area_diagnostic_only,chem_perturbation_raw,tri_0,1582,264,138,0
all_surface_area_diagnostic_only,chem_perturbation_raw,tri_1-15,1469,256,10,0
all_surface_area_diagnostic_only,chem_perturbation_raw,tri_1-20,2486,351,18,0
all_surface_area_diagnostic_only,chem_perturbation_raw,tri_1-25,2471,666,188,0
all_surface_area_diagnostic_only,chem_perturbation_raw,tri_1-30,2481,725,225,0
all_surface_area_diagnostic_only,chem_perturbation_raw,tri_1-35,2711,611,59,0
all_surface_area_diagnostic_only,chem_perturbation_raw,tri_1-40,2372,589,46,0
all_surface_area_diagnostic_only,chem_perturbation_raw,unavailable,502588,225835,50409,0
all_surface_area_diagnostic_only,chem_perturbation_raw,wnt_i_11,26,24,0,0
all_surface_area_diagnostic_only,chem_perturbation_raw,wnt_i_12,25,24,0,0
all_surface_area_diagnostic_only,chem_perturbation_raw,wnt_i_13,225,182,32,0
all_surface_area_diagnostic_only,chem_perturbation_raw,wnt_i_13_13,9,7,1,0
all_surface_area_diagnostic_only,chem_perturbation_raw,wnt_i_14,24,24,0,0
all_surface_area_diagnostic_only,temperature_raw,19.0,50,33,8,0
all_surface_area_diagnostic_only,temperature_raw,22.0,44097,27781,4632,0
all_surface_area_diagnostic_only,temperature_raw,24.0,264,232,82,0
all_surface_area_diagnostic_only,temperature_raw,25.0,25,8,1,0
all_surface_area_diagnostic_only,temperature_raw,28.0,569,498,23,0
all_surface_area_diagnostic_only,temperature_raw,28.5,21966,12300,3016,0
all_surface_area_diagnostic_only,temperature_raw,30.0,462687,195079,44728,0
all_surface_area_diagnostic_only,temperature_raw,32.0,190,160,3,0
all_surface_area_diagnostic_only,temperature_raw,33.5,27,8,1,0
all_surface_area_diagnostic_only,temperature_raw,34.0,794,645,64,0
all_surface_area_diagnostic_only,temperature_raw,34.2,89,87,0,0
all_surface_area_diagnostic_only,temperature_raw,34.4,9,7,0,0
all_surface_area_diagnostic_only,temperature_raw,35.0,777,596,71,0
all_surface_area_diagnostic_only,temperature_raw,35.1,50,48,0,0
all_surface_area_diagnostic_only,temperature_raw,unavailable,308,266,0,0
all_surface_area_diagnostic_only,segmentation_backend,sam2_video,20316,10955,2861,0
all_surface_area_diagnostic_only,segmentation_backend,unavailable,511586,226793,49768,0
all_surface_area_diagnostic_only,applicability,exclusion,531004,237011,52629,0
all_surface_area_diagnostic_only,applicability,not_applicable,898,737,0,0
isolated_recovered_dips_diagnostic,experiment,20230531,7846,4057,13,0
isolated_recovered_dips_diagnostic,experiment,20230602,8998,3469,22,0
isolated_recovered_dips_diagnostic,experiment,20230613,5421,3611,0,0
isolated_recovered_dips_diagnostic,experiment,20230615,4216,2799,32,0
isolated_recovered_dips_diagnostic,experiment,20230620,5460,3011,10,0
isolated_recovered_dips_diagnostic,experiment,20230622,3582,1910,4,0
isolated_recovered_dips_diagnostic,experiment,20230627,4193,2831,0,0
isolated_recovered_dips_diagnostic,experiment,20230629,3918,1126,1,0
isolated_recovered_dips_diagnostic,experiment,20240509_18ss,25,24,0,0
isolated_recovered_dips_diagnostic,experiment,20240509_24hpf,32,29,0,0
isolated_recovered_dips_diagnostic,experiment,20240510,59,57,0,0
isolated_recovered_dips_diagnostic,experiment,20240717,68,56,0,0
isolated_recovered_dips_diagnostic,experiment,20240718,99,93,0,0
isolated_recovered_dips_diagnostic,experiment,20240724,56,56,0,0
isolated_recovered_dips_diagnostic,experiment,20240725,64,53,0,0
isolated_recovered_dips_diagnostic,experiment,20240726,60,49,0,0
isolated_recovered_dips_diagnostic,experiment,20240813_24hpf,48,0,0,0
isolated_recovered_dips_diagnostic,experiment,20240813_30hpf,50,0,0,0
isolated_recovered_dips_diagnostic,experiment,20240813_36hpf,50,38,0,0
isolated_recovered_dips_diagnostic,experiment,20250501,24718,2320,1,0
isolated_recovered_dips_diagnostic,experiment,20250512,24569,7112,4,0
isolated_recovered_dips_diagnostic,experiment,20250515_part2,3510,1351,0,0
isolated_recovered_dips_diagnostic,experiment,20250519,4179,2557,8,0
isolated_recovered_dips_diagnostic,experiment,20250612_24hpf_ctrl_atf6,97,93,0,0
isolated_recovered_dips_diagnostic,experiment,20250612_24hpf_wfs1_ctcf,96,88,0,0
isolated_recovered_dips_diagnostic,experiment,20250612_30hpf_ctrl_atf6,97,72,0,0
isolated_recovered_dips_diagnostic,experiment,20250612_30hpf_wfs1_ctcf,97,74,0,0
isolated_recovered_dips_diagnostic,experiment,20250612_36hpf_ctrl_atf6,102,81,0,0
isolated_recovered_dips_diagnostic,experiment,20250612_36hpf_wfs1_ctcf,97,72,0,0
isolated_recovered_dips_diagnostic,experiment,20250622_chem_28C_T00_1425,91,76,0,0
isolated_recovered_dips_diagnostic,experiment,20250622_chem_28C_T01_1658,86,72,0,0
isolated_recovered_dips_diagnostic,experiment,20250622_chem_34C_T00_1256,78,73,0,0
isolated_recovered_dips_diagnostic,experiment,20250622_chem_34C_T01_1632,79,69,0,0
isolated_recovered_dips_diagnostic,experiment,20250624_chem02_28C_T00_1356,104,57,0,0
isolated_recovered_dips_diagnostic,experiment,20250624_chem02_28C_T01_1808,97,45,0,0
isolated_recovered_dips_diagnostic,experiment,20250624_chem02_34C_T00_1243,78,38,0,0
isolated_recovered_dips_diagnostic,experiment,20250624_chem02_34C_T01_1739,75,22,0,0
isolated_recovered_dips_diagnostic,experiment,20250624_chem02_35C_T00_1216,81,49,0,0
isolated_recovered_dips_diagnostic,experiment,20250624_chem02_35C_T01_1711,84,29,0,0
isolated_recovered_dips_diagnostic,experiment,20250625_chem02_28C_T02_1332,96,46,0,0
isolated_recovered_dips_diagnostic,experiment,20250625_chem02_34C_T02_1301,82,23,0,0
isolated_recovered_dips_diagnostic,experiment,20250625_chem02_35C_T02_1228,84,14,0,0
isolated_recovered_dips_diagnostic,experiment,20250703_chem3_28C_T00_1325,61,53,0,0
isolated_recovered_dips_diagnostic,experiment,20250703_chem3_34C_T00_1131,58,54,0,0
isolated_recovered_dips_diagnostic,experiment,20250703_chem3_34C_T01_1457,59,50,0,0
isolated_recovered_dips_diagnostic,experiment,20250703_chem3_35C_T00_1101,65,54,0,0
isolated_recovered_dips_diagnostic,experiment,20250703_chem3_35C_T01_1437,58,50,0,0
isolated_recovered_dips_diagnostic,experiment,20250711,19723,10433,14,0
isolated_recovered_dips_diagnostic,experiment,20250716_chem4_28C_T00_1158,87,75,0,0
isolated_recovered_dips_diagnostic,experiment,20250716_chem4_28C_T01_1400,94,67,0,0
isolated_recovered_dips_diagnostic,experiment,20250716_chem4_34C_T00_1014,94,85,0,0
isolated_recovered_dips_diagnostic,experiment,20250716_chem4_35C_T00_1045,91,76,0,0
isolated_recovered_dips_diagnostic,experiment,20250721_chem5_28C_T00_1257,107,92,0,0
isolated_recovered_dips_diagnostic,experiment,20250721_chem5_28C_T01_1401,107,93,0,0
isolated_recovered_dips_diagnostic,experiment,20250721_chem5_35C_T00_1023,108,89,0,0
isolated_recovered_dips_diagnostic,experiment,20250912,15572,2810,32,0
isolated_recovered_dips_diagnostic,experiment,20251017_part1,6794,3973,70,0
isolated_recovered_dips_diagnostic,experiment,20251017_part2,7559,2310,12,0
isolated_recovered_dips_diagnostic,experiment,20251020,5216,1127,3,0
isolated_recovered_dips_diagnostic,experiment,20251112,6991,3438,20,0
isolated_recovered_dips_diagnostic,experiment,20251119,10440,3481,4,0
isolated_recovered_dips_diagnostic,experiment,20251121,20857,7044,22,0
isolated_recovered_dips_diagnostic,experiment,20251125,21934,8323,92,0
isolated_recovered_dips_diagnostic,experiment,20251205,12291,6101,66,0
isolated_recovered_dips_diagnostic,experiment,20251207_pbx,14760,7301,61,0
isolated_recovered_dips_diagnostic,experiment,20251212,11437,4711,67,0
isolated_recovered_dips_diagnostic,experiment,20260122,20098,9289,32,0
isolated_recovered_dips_diagnostic,experiment,20260202,16943,6197,49,0
isolated_recovered_dips_diagnostic,experiment,20260206,14700,11736,15,0
isolated_recovered_dips_diagnostic,experiment,20260208,31680,6396,22,0
isolated_recovered_dips_diagnostic,experiment,20260210,15892,9063,63,0
isolated_recovered_dips_diagnostic,experiment,20260213,29010,2837,17,0
isolated_recovered_dips_diagnostic,experiment,20260219,31713,7217,194,0
isolated_recovered_dips_diagnostic,experiment,20260228,17012,8737,54,0
isolated_recovered_dips_diagnostic,experiment,20260304,37409,6182,54,0
isolated_recovered_dips_diagnostic,experiment,20260306,26979,6404,27,0
isolated_recovered_dips_diagnostic,experiment,20260319,10269,2601,14,0
isolated_recovered_dips_diagnostic,experiment,20260319_cilia_crispant_18hpf,92,55,0,0
isolated_recovered_dips_diagnostic,experiment,20260319_cilia_crispant_24hpf,99,69,0,0
isolated_recovered_dips_diagnostic,experiment,20260319_cilia_crispant_30hpf,102,80,0,0
isolated_recovered_dips_diagnostic,experiment,20260324_cep290_24hpf_plate01,101,91,0,0
isolated_recovered_dips_diagnostic,experiment,20260324_cep290_24hpf_plate02,101,74,0,0
isolated_recovered_dips_diagnostic,experiment,20260324_cep290_30hpf_plate01,98,91,0,0
isolated_recovered_dips_diagnostic,experiment,20260324_cep290_30hpf_plate02,72,55,0,0
isolated_recovered_dips_diagnostic,experiment,20260331_b9d2_18hpf_plate02,70,45,0,0
isolated_recovered_dips_diagnostic,experiment,20260414_b9d2_14hpf_plate01,107,97,0,0
isolated_recovered_dips_diagnostic,experiment,20260414_b9d2_30hpf_plate01,106,93,0,0
isolated_recovered_dips_diagnostic,experiment,20260414_b9d2_30hpf_plate02,72,59,0,0
isolated_recovered_dips_diagnostic,experiment,20260415_b9d2_30to48hpf_plate01_t02,109,91,0,0
isolated_recovered_dips_diagnostic,experiment,20260415_b9d2_30to48hpf_plate02_t02,58,42,0,0
isolated_recovered_dips_diagnostic,experiment,20260415_cep290_18hpf_plate03,81,42,0,0
isolated_recovered_dips_diagnostic,experiment,20260415_cep290_30to48hpf_plate02_t01,93,51,0,0
isolated_recovered_dips_diagnostic,experiment,20260416_cep290_30to48hpf_plate01_t02,109,89,0,0
isolated_recovered_dips_diagnostic,experiment,20260416_cep290_30to48hpf_plate02_t02,70,49,0,0
isolated_recovered_dips_diagnostic,experiment,20260417_irx_pilot,4968,3646,35,0
isolated_recovered_dips_diagnostic,experiment,20260418_irx_pilot,15251,4411,21,0
isolated_recovered_dips_diagnostic,experiment,20260702_hotchem_24hpf_plate01,104,89,0,0
isolated_recovered_dips_diagnostic,experiment,20260702_hotchem_24hpf_plate02,117,94,0,0
isolated_recovered_dips_diagnostic,experiment,20260702_hotchem_30hpf_plate01,124,79,0,0
isolated_recovered_dips_diagnostic,experiment,20260702_hotchem_30hpf_plate02,107,78,0,0
isolated_recovered_dips_diagnostic,experiment,20260702_hotchem_36hpf_plate01,101,84,0,0
isolated_recovered_dips_diagnostic,experiment,20260702_hotchem_36hpf_plate02,99,87,0,0
isolated_recovered_dips_diagnostic,experiment,20260724_hotfish_24hpf_plate01,102,98,0,0
isolated_recovered_dips_diagnostic,experiment,20260724_hotfish_30hpf_plate01,98,92,0,0
isolated_recovered_dips_diagnostic,experiment,20260724_hotfish_36hpf_plate01,101,92,0,0
isolated_recovered_dips_diagnostic,nominal_stage_bin,18-<24,46905,16773,150,0
isolated_recovered_dips_diagnostic,nominal_stage_bin,24-<36,107676,35739,230,0
isolated_recovered_dips_diagnostic,nominal_stage_bin,36-<48,91759,29221,202,0
isolated_recovered_dips_diagnostic,nominal_stage_bin,48-<72,123516,40124,444,0
isolated_recovered_dips_diagnostic,nominal_stage_bin,<18,45665,35324,18,0
isolated_recovered_dips_diagnostic,nominal_stage_bin,>=72,115483,28356,111,0
isolated_recovered_dips_diagnostic,nominal_stage_bin,unavailable,898,737,0,0
isolated_recovered_dips_diagnostic,genotype_raw,H2B-mScarlet,5460,3011,10,0
isolated_recovered_dips_diagnostic,genotype_raw,ab,13478,6445,29,0
isolated_recovered_dips_diagnostic,genotype_raw,ab-ctrl-inj,17,16,0,0
isolated_recovered_dips_diagnostic,genotype_raw,ab-lmx1b,32,29,0,0
isolated_recovered_dips_diagnostic,genotype_raw,ab_inj_ctrl,4137,784,3,0
isolated_recovered_dips_diagnostic,genotype_raw,atf6,151,116,0,0
isolated_recovered_dips_diagnostic,genotype_raw,b9d2_het,203,175,0,0
isolated_recovered_dips_diagnostic,genotype_raw,b9d2_heterozygous,37280,15331,55,0
isolated_recovered_dips_diagnostic,genotype_raw,b9d2_homo,94,81,0,0
isolated_recovered_dips_diagnostic,genotype_raw,b9d2_homozygous,19055,8453,24,0
isolated_recovered_dips_diagnostic,genotype_raw,b9d2_unknown,18501,3684,17,0
isolated_recovered_dips_diagnostic,genotype_raw,b9d2_wildtype,22078,8065,46,0
isolated_recovered_dips_diagnostic,genotype_raw,b9d2_wt,72,62,0,0
isolated_recovered_dips_diagnostic,genotype_raw,cep290_crispant,13589,6296,10,0
isolated_recovered_dips_diagnostic,genotype_raw,cep290_het,301,245,0,0
isolated_recovered_dips_diagnostic,genotype_raw,cep290_heterozygous,44838,15116,153,0
isolated_recovered_dips_diagnostic,genotype_raw,cep290_homo,119,94,0,0
isolated_recovered_dips_diagnostic,genotype_raw,cep290_homozygous,20832,10655,34,0
isolated_recovered_dips_diagnostic,genotype_raw,cep290_homozyous,6601,4905,11,0
isolated_recovered_dips_diagnostic,genotype_raw,cep290_unknown,35836,7972,207,0
isolated_recovered_dips_diagnostic,genotype_raw,cep290_unkown,16825,2653,9,0
isolated_recovered_dips_diagnostic,genotype_raw,cep290_wildtype,26022,9606,101,0
isolated_recovered_dips_diagnostic,genotype_raw,cep290_wt,147,113,0,0
isolated_recovered_dips_diagnostic,genotype_raw,crispr-inj-ctrl,1060,324,4,0
isolated_recovered_dips_diagnostic,genotype_raw,crispr-pbx1,3979,1412,32,0
isolated_recovered_dips_diagnostic,genotype_raw,crispr-pbx1+4,4880,2857,14,0
isolated_recovered_dips_diagnostic,genotype_raw,crispr-pbx4,4841,2708,11,0
isolated_recovered_dips_diagnostic,genotype_raw,ctcf,146,118,0,0
isolated_recovered_dips_diagnostic,genotype_raw,ctrl-inj,52,46,0,0
isolated_recovered_dips_diagnostic,genotype_raw,foxj1a_crispant,2945,910,14,0
isolated_recovered_dips_diagnostic,genotype_raw,gdf3,6313,4265,0,0
isolated_recovered_dips_diagnostic,genotype_raw,if88_ift74_crispant,2698,845,7,0
isolated_recovered_dips_diagnostic,genotype_raw,ift88_crispant,2612,1093,10,0
isolated_recovered_dips_diagnostic,genotype_raw,inj-ctrl,1756,1419,3,0
isolated_recovered_dips_diagnostic,genotype_raw,irx3a_crispant,1785,1241,11,0
isolated_recovered_dips_diagnostic,genotype_raw,irx3a_irx5a_crispant,3313,913,15,0
isolated_recovered_dips_diagnostic,genotype_raw,irx3a_irx5a_irx6a_crispant,3096,747,12,0
isolated_recovered_dips_diagnostic,genotype_raw,irx3a_irx6a_crispant,3472,769,7,0
isolated_recovered_dips_diagnostic,genotype_raw,irx5a_crispant,1836,993,1,0
isolated_recovered_dips_diagnostic,genotype_raw,irx5a_irx6a_crispant,3384,853,4,0
isolated_recovered_dips_diagnostic,genotype_raw,irx6a_crispant,1758,1288,3,0
isolated_recovered_dips_diagnostic,genotype_raw,meox1,25,24,0,0
isolated_recovered_dips_diagnostic,genotype_raw,meox1:sox1,26,22,0,0
isolated_recovered_dips_diagnostic,genotype_raw,meox1:tbx5a,26,21,0,0
isolated_recovered_dips_diagnostic,genotype_raw,nfatc1,8,6,0,0
isolated_recovered_dips_diagnostic,genotype_raw,nfatc:gata2a,8,8,0,0
isolated_recovered_dips_diagnostic,genotype_raw,pbx1b_crispant,13796,1967,14,0
isolated_recovered_dips_diagnostic,genotype_raw,pbx1b_pbx4_crispant,20347,5600,18,0
isolated_recovered_dips_diagnostic,genotype_raw,pbx4_crispant,13974,3008,12,0
isolated_recovered_dips_diagnostic,genotype_raw,scospondin_crispant,6136,2547,13,0
isolated_recovered_dips_diagnostic,genotype_raw,smad5,24,24,0,0
isolated_recovered_dips_diagnostic,genotype_raw,smyda:smydb,25,23,0,0
isolated_recovered_dips_diagnostic,genotype_raw,sox10,27,22,0,0
isolated_recovered_dips_diagnostic,genotype_raw,sox10:tbx5a,26,23,0,0
isolated_recovered_dips_diagnostic,genotype_raw,sspo_crispant,36,34,0,0
isolated_recovered_dips_diagnostic,genotype_raw,tbx2b,18,13,0,0
isolated_recovered_dips_diagnostic,genotype_raw,tbx2b:tbx2a,16,15,0,0
isolated_recovered_dips_diagnostic,genotype_raw,tbx5a,25,23,0,0
isolated_recovered_dips_diagnostic,genotype_raw,tbx6,25,21,0,0
isolated_recovered_dips_diagnostic,genotype_raw,tbxta,8,8,0,0
isolated_recovered_dips_diagnostic,genotype_raw,tfap2a_cispant,2205,647,3,0
isolated_recovered_dips_diagnostic,genotype_raw,tfap2a_crispant,1390,153,1,0
isolated_recovered_dips_diagnostic,genotype_raw,tfap2a_tfap2b_cispant,1260,332,3,0
isolated_recovered_dips_diagnostic,genotype_raw,tfap2a_tfap2b_crispant,1598,145,0,0
isolated_recovered_dips_diagnostic,genotype_raw,tfap2a_tfap2c_crispant,5765,387,1,0
isolated_recovered_dips_diagnostic,genotype_raw,tfap2a_tfap2d_crispant,3215,252,0,0
isolated_recovered_dips_diagnostic,genotype_raw,tfap2a_tfap2e_crispant,4937,417,1,0
isolated_recovered_dips_diagnostic,genotype_raw,tfap2b_crispant,1365,385,3,0
isolated_recovered_dips_diagnostic,genotype_raw,tfap2b_tfap2c_crispant,3496,284,1,0
isolated_recovered_dips_diagnostic,genotype_raw,tfap2b_tfap2d_crispant,5418,596,9,0
isolated_recovered_dips_diagnostic,genotype_raw,tfap2c_crispant,1365,286,2,0
isolated_recovered_dips_diagnostic,genotype_raw,tfap2d_crispant,840,212,1,0
isolated_recovered_dips_diagnostic,genotype_raw,tfap2e_crispant,1239,330,1,0
isolated_recovered_dips_diagnostic,genotype_raw,tmem67_heterozygote,6802,3991,6,0
isolated_recovered_dips_diagnostic,genotype_raw,tmem67_heterozygous,9466,4104,31,0
isolated_recovered_dips_diagnostic,genotype_raw,tmem67_homozygous,13286,8037,10,0
isolated_recovered_dips_diagnostic,genotype_raw,tmem67_unknown,228,31,0,0
isolated_recovered_dips_diagnostic,genotype_raw,tmem67_wildtype,13651,4899,27,0
isolated_recovered_dips_diagnostic,genotype_raw,unavailable,327,178,0,0
isolated_recovered_dips_diagnostic,genotype_raw,uncertain,31,16,0,0
isolated_recovered_dips_diagnostic,genotype_raw,wfs1a-wfs1b,144,116,0,0
isolated_recovered_dips_diagnostic,genotype_raw,wik,31861,15538,72,0
isolated_recovered_dips_diagnostic,genotype_raw,wik-ab,24223,3787,57,0
isolated_recovered_dips_diagnostic,genotype_raw,wik-ab_inj_ctrl,7620,1034,12,0
isolated_recovered_dips_diagnostic,chem_perturbation_raw,DMSO_6,279,223,0,0
isolated_recovered_dips_diagnostic,chem_perturbation_raw,Fgf_025,1032,629,1,0
isolated_recovered_dips_diagnostic,chem_perturbation_raw,Fgf_050,905,263,0,0
isolated_recovered_dips_diagnostic,chem_perturbation_raw,Fgf_075,1376,665,1,0
isolated_recovered_dips_diagnostic,chem_perturbation_raw,Fgf_100,2153,892,3,0
isolated_recovered_dips_diagnostic,chem_perturbation_raw,Fgf_150,1214,271,0,0
isolated_recovered_dips_diagnostic,chem_perturbation_raw,Shh_025,442,187,1,0
isolated_recovered_dips_diagnostic,chem_perturbation_raw,Shh_050,1035,487,2,0
isolated_recovered_dips_diagnostic,chem_perturbation_raw,Shh_075,974,523,2,0
isolated_recovered_dips_diagnostic,chem_perturbation_raw,Shh_100,797,560,0,0
isolated_recovered_dips_diagnostic,chem_perturbation_raw,bmp_i_11,26,23,0,0
isolated_recovered_dips_diagnostic,chem_perturbation_raw,bmp_i_12,25,23,0,0
isolated_recovered_dips_diagnostic,chem_perturbation_raw,bmp_i_13,225,150,0,0
isolated_recovered_dips_diagnostic,chem_perturbation_raw,bmp_i_13_13,9,8,0,0
isolated_recovered_dips_diagnostic,chem_perturbation_raw,bmp_i_14,31,21,0,0
isolated_recovered_dips_diagnostic,chem_perturbation_raw,dmso,211,182,0,0
isolated_recovered_dips_diagnostic,chem_perturbation_raw,ethanol_ctrl,1061,488,2,0
isolated_recovered_dips_diagnostic,chem_perturbation_raw,fgf_i_13,113,29,0,0
isolated_recovered_dips_diagnostic,chem_perturbation_raw,hsp90,216,178,0,0
isolated_recovered_dips_diagnostic,chem_perturbation_raw,hsp90_i_6,188,127,0,0
isolated_recovered_dips_diagnostic,chem_perturbation_raw,mTOR_i_6,183,106,0,0
isolated_recovered_dips_diagnostic,chem_perturbation_raw,mTor,225,151,0,0
isolated_recovered_dips_diagnostic,chem_perturbation_raw,nfkb_i_6,86,43,0,0
isolated_recovered_dips_diagnostic,chem_perturbation_raw,notch_i_6,72,49,0,0
isolated_recovered_dips_diagnostic,chem_perturbation_raw,pi3k_hi_i_6,43,36,0,0
isolated_recovered_dips_diagnostic,chem_perturbation_raw,pi3k_i_6,8,0,0,0
isolated_recovered_dips_diagnostic,chem_perturbation_raw,pi3k_lo_i_6,44,32,0,0
isolated_recovered_dips_diagnostic,chem_perturbation_raw,ra_hi_i_6,44,40,0,0
isolated_recovered_dips_diagnostic,chem_perturbation_raw,ra_i_6,70,42,0,0
isolated_recovered_dips_diagnostic,chem_perturbation_raw,ra_lo_i_6,43,41,0,0
isolated_recovered_dips_diagnostic,chem_perturbation_raw,shh_i_6,113,92,0,0
isolated_recovered_dips_diagnostic,chem_perturbation_raw,sphase_i_13,37,25,0,0
isolated_recovered_dips_diagnostic,chem_perturbation_raw,tgfb_hi_i_6,43,39,0,0
isolated_recovered_dips_diagnostic,chem_perturbation_raw,tgfb_i_13,70,36,0,0
isolated_recovered_dips_diagnostic,chem_perturbation_raw,tgfb_lo_i_6,40,38,0,0
isolated_recovered_dips_diagnostic,chem_perturbation_raw,tri_0,1582,132,6,0
isolated_recovered_dips_diagnostic,chem_perturbation_raw,tri_1-15,1469,246,0,0
isolated_recovered_dips_diagnostic,chem_perturbation_raw,tri_1-20,2486,334,1,0
isolated_recovered_dips_diagnostic,chem_perturbation_raw,tri_1-25,2471,492,14,0
isolated_recovered_dips_diagnostic,chem_perturbation_raw,tri_1-30,2481,503,3,0
isolated_recovered_dips_diagnostic,chem_perturbation_raw,tri_1-35,2711,555,3,0
isolated_recovered_dips_diagnostic,chem_perturbation_raw,tri_1-40,2372,548,5,0
isolated_recovered_dips_diagnostic,chem_perturbation_raw,unavailable,502588,176537,1111,0
isolated_recovered_dips_diagnostic,chem_perturbation_raw,wnt_i_11,26,24,0,0
isolated_recovered_dips_diagnostic,chem_perturbation_raw,wnt_i_12,25,24,0,0
isolated_recovered_dips_diagnostic,chem_perturbation_raw,wnt_i_13,225,150,0,0
isolated_recovered_dips_diagnostic,chem_perturbation_raw,wnt_i_13_13,9,6,0,0
isolated_recovered_dips_diagnostic,chem_perturbation_raw,wnt_i_14,24,24,0,0
isolated_recovered_dips_diagnostic,temperature_raw,19.0,50,25,0,0
isolated_recovered_dips_diagnostic,temperature_raw,22.0,44097,23231,82,0
isolated_recovered_dips_diagnostic,temperature_raw,24.0,264,150,0,0
isolated_recovered_dips_diagnostic,temperature_raw,25.0,25,7,0,0
isolated_recovered_dips_diagnostic,temperature_raw,28.0,569,475,0,0
isolated_recovered_dips_diagnostic,temperature_raw,28.5,21966,9340,56,0
isolated_recovered_dips_diagnostic,temperature_raw,30.0,462687,151368,1017,0
isolated_recovered_dips_diagnostic,temperature_raw,32.0,190,157,0,0
isolated_recovered_dips_diagnostic,temperature_raw,33.5,27,7,0,0
isolated_recovered_dips_diagnostic,temperature_raw,34.0,794,581,0,0
isolated_recovered_dips_diagnostic,temperature_raw,34.2,89,87,0,0
isolated_recovered_dips_diagnostic,temperature_raw,34.4,9,7,0,0
isolated_recovered_dips_diagnostic,temperature_raw,35.0,777,525,0,0
isolated_recovered_dips_diagnostic,temperature_raw,35.1,50,48,0,0
isolated_recovered_dips_diagnostic,temperature_raw,unavailable,308,266,0,0
isolated_recovered_dips_diagnostic,segmentation_backend,sam2_video,20316,8150,56,0
isolated_recovered_dips_diagnostic,segmentation_backend,unavailable,511586,178124,1099,0
isolated_recovered_dips_diagnostic,applicability,exclusion,531004,185537,1155,0
isolated_recovered_dips_diagnostic,applicability,not_applicable,898,737,0,0
aspect_compact_lt2_diagnostic,experiment,20230531,7846,4424,380,0
aspect_compact_lt2_diagnostic,experiment,20230602,8998,3593,146,0
aspect_compact_lt2_diagnostic,experiment,20230613,5421,3631,20,0
aspect_compact_lt2_diagnostic,experiment,20230615,4216,2782,15,0
aspect_compact_lt2_diagnostic,experiment,20230620,5460,3006,5,0
aspect_compact_lt2_diagnostic,experiment,20230622,3582,1915,9,0
aspect_compact_lt2_diagnostic,experiment,20230627,4193,2831,0,0
aspect_compact_lt2_diagnostic,experiment,20230629,3918,1129,4,0
aspect_compact_lt2_diagnostic,experiment,20240509_18ss,25,24,0,0
aspect_compact_lt2_diagnostic,experiment,20240509_24hpf,32,29,0,0
aspect_compact_lt2_diagnostic,experiment,20240510,59,57,0,0
aspect_compact_lt2_diagnostic,experiment,20240717,68,56,0,0
aspect_compact_lt2_diagnostic,experiment,20240718,99,93,0,0
aspect_compact_lt2_diagnostic,experiment,20240724,56,56,0,0
aspect_compact_lt2_diagnostic,experiment,20240725,64,53,0,0
aspect_compact_lt2_diagnostic,experiment,20240726,60,51,2,0
aspect_compact_lt2_diagnostic,experiment,20240813_24hpf,48,0,0,0
aspect_compact_lt2_diagnostic,experiment,20240813_30hpf,50,0,0,0
aspect_compact_lt2_diagnostic,experiment,20240813_36hpf,50,38,0,0
aspect_compact_lt2_diagnostic,experiment,20250501,24718,2484,165,0
aspect_compact_lt2_diagnostic,experiment,20250512,24569,7771,663,0
aspect_compact_lt2_diagnostic,experiment,20250515_part2,3510,1413,62,0
aspect_compact_lt2_diagnostic,experiment,20250519,4179,2557,8,0
aspect_compact_lt2_diagnostic,experiment,20250612_24hpf_ctrl_atf6,97,93,0,0
aspect_compact_lt2_diagnostic,experiment,20250612_24hpf_wfs1_ctcf,96,88,0,0
aspect_compact_lt2_diagnostic,experiment,20250612_30hpf_ctrl_atf6,97,74,2,0
aspect_compact_lt2_diagnostic,experiment,20250612_30hpf_wfs1_ctcf,97,76,2,0
aspect_compact_lt2_diagnostic,experiment,20250612_36hpf_ctrl_atf6,102,89,8,0
aspect_compact_lt2_diagnostic,experiment,20250612_36hpf_wfs1_ctcf,97,81,9,0
aspect_compact_lt2_diagnostic,experiment,20250622_chem_28C_T00_1425,91,76,0,0
aspect_compact_lt2_diagnostic,experiment,20250622_chem_28C_T01_1658,86,74,2,0
aspect_compact_lt2_diagnostic,experiment,20250622_chem_34C_T00_1256,78,74,1,0
aspect_compact_lt2_diagnostic,experiment,20250622_chem_34C_T01_1632,79,71,2,0
aspect_compact_lt2_diagnostic,experiment,20250624_chem02_28C_T00_1356,104,59,2,0
aspect_compact_lt2_diagnostic,experiment,20250624_chem02_28C_T01_1808,97,51,6,0
aspect_compact_lt2_diagnostic,experiment,20250624_chem02_34C_T00_1243,78,38,0,0
aspect_compact_lt2_diagnostic,experiment,20250624_chem02_34C_T01_1739,75,23,1,0
aspect_compact_lt2_diagnostic,experiment,20250624_chem02_35C_T00_1216,81,51,2,0
aspect_compact_lt2_diagnostic,experiment,20250624_chem02_35C_T01_1711,84,32,3,0
aspect_compact_lt2_diagnostic,experiment,20250625_chem02_28C_T02_1332,96,47,1,0
aspect_compact_lt2_diagnostic,experiment,20250625_chem02_34C_T02_1301,82,26,3,0
aspect_compact_lt2_diagnostic,experiment,20250625_chem02_35C_T02_1228,84,17,3,0
aspect_compact_lt2_diagnostic,experiment,20250703_chem3_28C_T00_1325,61,53,0,0
aspect_compact_lt2_diagnostic,experiment,20250703_chem3_34C_T00_1131,58,54,0,0
aspect_compact_lt2_diagnostic,experiment,20250703_chem3_34C_T01_1457,59,50,0,0
aspect_compact_lt2_diagnostic,experiment,20250703_chem3_35C_T00_1101,65,54,0,0
aspect_compact_lt2_diagnostic,experiment,20250703_chem3_35C_T01_1437,58,50,0,0
aspect_compact_lt2_diagnostic,experiment,20250711,19723,10682,263,0
aspect_compact_lt2_diagnostic,experiment,20250716_chem4_28C_T00_1158,87,75,0,0
aspect_compact_lt2_diagnostic,experiment,20250716_chem4_28C_T01_1400,94,72,5,0
aspect_compact_lt2_diagnostic,experiment,20250716_chem4_34C_T00_1014,94,85,0,0
aspect_compact_lt2_diagnostic,experiment,20250716_chem4_35C_T00_1045,91,76,0,0
aspect_compact_lt2_diagnostic,experiment,20250721_chem5_28C_T00_1257,107,92,0,0
aspect_compact_lt2_diagnostic,experiment,20250721_chem5_28C_T01_1401,107,93,0,0
aspect_compact_lt2_diagnostic,experiment,20250721_chem5_35C_T00_1023,108,89,0,0
aspect_compact_lt2_diagnostic,experiment,20250912,15572,3015,237,0
aspect_compact_lt2_diagnostic,experiment,20251017_part1,6794,4156,253,0
aspect_compact_lt2_diagnostic,experiment,20251017_part2,7559,2539,241,0
aspect_compact_lt2_diagnostic,experiment,20251020,5216,1125,1,0
aspect_compact_lt2_diagnostic,experiment,20251112,6991,3506,88,0
aspect_compact_lt2_diagnostic,experiment,20251119,10440,3703,226,0
aspect_compact_lt2_diagnostic,experiment,20251121,20857,7223,201,0
aspect_compact_lt2_diagnostic,experiment,20251125,21934,9239,1008,0
aspect_compact_lt2_diagnostic,experiment,20251205,12291,6421,386,0
aspect_compact_lt2_diagnostic,experiment,20251207_pbx,14760,7690,450,0
aspect_compact_lt2_diagnostic,experiment,20251212,11437,4891,247,0
aspect_compact_lt2_diagnostic,experiment,20260122,20098,9571,314,0
aspect_compact_lt2_diagnostic,experiment,20260202,16943,6350,202,0
aspect_compact_lt2_diagnostic,experiment,20260206,14700,11984,263,0
aspect_compact_lt2_diagnostic,experiment,20260208,31680,7764,1390,0
aspect_compact_lt2_diagnostic,experiment,20260210,15892,9315,315,0
aspect_compact_lt2_diagnostic,experiment,20260213,29010,2912,92,0
aspect_compact_lt2_diagnostic,experiment,20260219,31713,8484,1461,0
aspect_compact_lt2_diagnostic,experiment,20260228,17012,9068,385,0
aspect_compact_lt2_diagnostic,experiment,20260304,37409,6539,411,0
aspect_compact_lt2_diagnostic,experiment,20260306,26979,7068,691,0
aspect_compact_lt2_diagnostic,experiment,20260319,10269,2598,11,0
aspect_compact_lt2_diagnostic,experiment,20260319_cilia_crispant_18hpf,92,55,0,0
aspect_compact_lt2_diagnostic,experiment,20260319_cilia_crispant_24hpf,99,69,0,0
aspect_compact_lt2_diagnostic,experiment,20260319_cilia_crispant_30hpf,102,80,0,0
aspect_compact_lt2_diagnostic,experiment,20260324_cep290_24hpf_plate01,101,91,0,0
aspect_compact_lt2_diagnostic,experiment,20260324_cep290_24hpf_plate02,101,74,0,0
aspect_compact_lt2_diagnostic,experiment,20260324_cep290_30hpf_plate01,98,91,0,0
aspect_compact_lt2_diagnostic,experiment,20260324_cep290_30hpf_plate02,72,55,0,0
aspect_compact_lt2_diagnostic,experiment,20260331_b9d2_18hpf_plate02,70,45,0,0
aspect_compact_lt2_diagnostic,experiment,20260414_b9d2_14hpf_plate01,107,97,0,0
aspect_compact_lt2_diagnostic,experiment,20260414_b9d2_30hpf_plate01,106,93,0,0
aspect_compact_lt2_diagnostic,experiment,20260414_b9d2_30hpf_plate02,72,61,2,0
aspect_compact_lt2_diagnostic,experiment,20260415_b9d2_30to48hpf_plate01_t02,109,92,1,0
aspect_compact_lt2_diagnostic,experiment,20260415_b9d2_30to48hpf_plate02_t02,58,47,5,0
aspect_compact_lt2_diagnostic,experiment,20260415_cep290_18hpf_plate03,81,42,0,0
aspect_compact_lt2_diagnostic,experiment,20260415_cep290_30to48hpf_plate02_t01,93,52,1,0
aspect_compact_lt2_diagnostic,experiment,20260416_cep290_30to48hpf_plate01_t02,109,92,3,0
aspect_compact_lt2_diagnostic,experiment,20260416_cep290_30to48hpf_plate02_t02,70,51,2,0
aspect_compact_lt2_diagnostic,experiment,20260417_irx_pilot,4968,3612,1,0
aspect_compact_lt2_diagnostic,experiment,20260418_irx_pilot,15251,5018,628,0
aspect_compact_lt2_diagnostic,experiment,20260702_hotchem_24hpf_plate01,104,89,0,0
aspect_compact_lt2_diagnostic,experiment,20260702_hotchem_24hpf_plate02,117,96,2,0
aspect_compact_lt2_diagnostic,experiment,20260702_hotchem_30hpf_plate01,124,84,5,0
aspect_compact_lt2_diagnostic,experiment,20260702_hotchem_30hpf_plate02,107,84,6,0
aspect_compact_lt2_diagnostic,experiment,20260702_hotchem_36hpf_plate01,101,92,8,0
aspect_compact_lt2_diagnostic,experiment,20260702_hotchem_36hpf_plate02,99,92,5,0
aspect_compact_lt2_diagnostic,experiment,20260724_hotfish_24hpf_plate01,102,98,0,0
aspect_compact_lt2_diagnostic,experiment,20260724_hotfish_30hpf_plate01,98,92,0,0
aspect_compact_lt2_diagnostic,experiment,20260724_hotfish_36hpf_plate01,101,92,0,0
aspect_compact_lt2_diagnostic,nominal_stage_bin,18-<24,46905,16907,284,0
aspect_compact_lt2_diagnostic,nominal_stage_bin,24-<36,107676,36712,1203,0
aspect_compact_lt2_diagnostic,nominal_stage_bin,36-<48,91759,31734,2715,0
aspect_compact_lt2_diagnostic,nominal_stage_bin,48-<72,123516,44546,4866,0
aspect_compact_lt2_diagnostic,nominal_stage_bin,<18,45665,35464,158,0
aspect_compact_lt2_diagnostic,nominal_stage_bin,>=72,115483,30355,2110,0
aspect_compact_lt2_diagnostic,nominal_stage_bin,unavailable,898,737,0,0
aspect_compact_lt2_diagnostic,genotype_raw,H2B-mScarlet,5460,3006,5,0
aspect_compact_lt2_diagnostic,genotype_raw,ab,13478,6589,173,0
aspect_compact_lt2_diagnostic,genotype_raw,ab-ctrl-inj,17,16,0,0
aspect_compact_lt2_diagnostic,genotype_raw,ab-lmx1b,32,29,0,0
aspect_compact_lt2_diagnostic,genotype_raw,ab_inj_ctrl,4137,784,3,0
aspect_compact_lt2_diagnostic,genotype_raw,atf6,151,124,8,0
aspect_compact_lt2_diagnostic,genotype_raw,b9d2_het,203,179,4,0
aspect_compact_lt2_diagnostic,genotype_raw,b9d2_heterozygous,37280,16067,791,0
aspect_compact_lt2_diagnostic,genotype_raw,b9d2_homo,94,81,0,0
aspect_compact_lt2_diagnostic,genotype_raw,b9d2_homozygous,19055,8717,288,0
aspect_compact_lt2_diagnostic,genotype_raw,b9d2_unknown,18501,4041,374,0
aspect_compact_lt2_diagnostic,genotype_raw,b9d2_wildtype,22078,8438,419,0
aspect_compact_lt2_diagnostic,genotype_raw,b9d2_wt,72,63,1,0
aspect_compact_lt2_diagnostic,genotype_raw,cep290_crispant,13589,6525,239,0
aspect_compact_lt2_diagnostic,genotype_raw,cep290_het,301,249,4,0
aspect_compact_lt2_diagnostic,genotype_raw,cep290_heterozygous,44838,16672,1709,0
aspect_compact_lt2_diagnostic,genotype_raw,cep290_homo,119,95,1,0
aspect_compact_lt2_diagnostic,genotype_raw,cep290_homozygous,20832,11009,388,0
aspect_compact_lt2_diagnostic,genotype_raw,cep290_homozyous,6601,4954,60,0
aspect_compact_lt2_diagnostic,genotype_raw,cep290_unknown,35836,9121,1356,0
aspect_compact_lt2_diagnostic,genotype_raw,cep290_unkown,16825,3284,640,0
aspect_compact_lt2_diagnostic,genotype_raw,cep290_wildtype,26022,10397,892,0
aspect_compact_lt2_diagnostic,genotype_raw,cep290_wt,147,113,0,0
aspect_compact_lt2_diagnostic,genotype_raw,crispr-inj-ctrl,1060,346,26,0
aspect_compact_lt2_diagnostic,genotype_raw,crispr-pbx1,3979,1525,145,0
aspect_compact_lt2_diagnostic,genotype_raw,crispr-pbx1+4,4880,3029,186,0
aspect_compact_lt2_diagnostic,genotype_raw,crispr-pbx4,4841,2790,93,0
aspect_compact_lt2_diagnostic,genotype_raw,ctcf,146,126,8,0
aspect_compact_lt2_diagnostic,genotype_raw,ctrl-inj,52,46,0,0
aspect_compact_lt2_diagnostic,genotype_raw,foxj1a_crispant,2945,940,44,0
aspect_compact_lt2_diagnostic,genotype_raw,gdf3,6313,4265,0,0
aspect_compact_lt2_diagnostic,genotype_raw,if88_ift74_crispant,2698,844,6,0
aspect_compact_lt2_diagnostic,genotype_raw,ift88_crispant,2612,1111,28,0
aspect_compact_lt2_diagnostic,genotype_raw,inj-ctrl,1756,1426,10,0
aspect_compact_lt2_diagnostic,genotype_raw,irx3a_crispant,1785,1283,53,0
aspect_compact_lt2_diagnostic,genotype_raw,irx3a_irx5a_crispant,3313,987,89,0
aspect_compact_lt2_diagnostic,genotype_raw,irx3a_irx5a_irx6a_crispant,3096,795,60,0
aspect_compact_lt2_diagnostic,genotype_raw,irx3a_irx6a_crispant,3472,922,160,0
aspect_compact_lt2_diagnostic,genotype_raw,irx5a_crispant,1836,1076,84,0
aspect_compact_lt2_diagnostic,genotype_raw,irx5a_irx6a_crispant,3384,928,79,0
aspect_compact_lt2_diagnostic,genotype_raw,irx6a_crispant,1758,1381,96,0
aspect_compact_lt2_diagnostic,genotype_raw,meox1,25,24,0,0
aspect_compact_lt2_diagnostic,genotype_raw,meox1:sox1,26,23,1,0
aspect_compact_lt2_diagnostic,genotype_raw,meox1:tbx5a,26,21,0,0
aspect_compact_lt2_diagnostic,genotype_raw,nfatc1,8,6,0,0
aspect_compact_lt2_diagnostic,genotype_raw,nfatc:gata2a,8,8,0,0
aspect_compact_lt2_diagnostic,genotype_raw,pbx1b_crispant,13796,2119,166,0
aspect_compact_lt2_diagnostic,genotype_raw,pbx1b_pbx4_crispant,20347,5965,383,0
aspect_compact_lt2_diagnostic,genotype_raw,pbx4_crispant,13974,3146,150,0
aspect_compact_lt2_diagnostic,genotype_raw,scospondin_crispant,6136,2640,106,0
aspect_compact_lt2_diagnostic,genotype_raw,smad5,24,24,0,0
aspect_compact_lt2_diagnostic,genotype_raw,smyda:smydb,25,23,0,0
aspect_compact_lt2_diagnostic,genotype_raw,sox10,27,23,1,0
aspect_compact_lt2_diagnostic,genotype_raw,sox10:tbx5a,26,23,0,0
aspect_compact_lt2_diagnostic,genotype_raw,sspo_crispant,36,34,0,0
aspect_compact_lt2_diagnostic,genotype_raw,tbx2b,18,13,0,0
aspect_compact_lt2_diagnostic,genotype_raw,tbx2b:tbx2a,16,15,0,0
aspect_compact_lt2_diagnostic,genotype_raw,tbx5a,25,23,0,0
aspect_compact_lt2_diagnostic,genotype_raw,tbx6,25,21,0,0
aspect_compact_lt2_diagnostic,genotype_raw,tbxta,8,8,0,0
aspect_compact_lt2_diagnostic,genotype_raw,tfap2a_cispant,2205,646,2,0
aspect_compact_lt2_diagnostic,genotype_raw,tfap2a_crispant,1390,152,0,0
aspect_compact_lt2_diagnostic,genotype_raw,tfap2a_tfap2b_cispant,1260,337,8,0
aspect_compact_lt2_diagnostic,genotype_raw,tfap2a_tfap2b_crispant,1598,145,0,0
aspect_compact_lt2_diagnostic,genotype_raw,tfap2a_tfap2c_crispant,5765,405,19,0
aspect_compact_lt2_diagnostic,genotype_raw,tfap2a_tfap2d_crispant,3215,253,1,0
aspect_compact_lt2_diagnostic,genotype_raw,tfap2a_tfap2e_crispant,4937,422,6,0
aspect_compact_lt2_diagnostic,genotype_raw,tfap2b_crispant,1365,382,0,0
aspect_compact_lt2_diagnostic,genotype_raw,tfap2b_tfap2c_crispant,3496,313,30,0
aspect_compact_lt2_diagnostic,genotype_raw,tfap2b_tfap2d_crispant,5418,599,12,0
aspect_compact_lt2_diagnostic,genotype_raw,tfap2c_crispant,1365,285,1,0
aspect_compact_lt2_diagnostic,genotype_raw,tfap2d_crispant,840,211,0,0
aspect_compact_lt2_diagnostic,genotype_raw,tfap2e_crispant,1239,329,0,0
aspect_compact_lt2_diagnostic,genotype_raw,tmem67_heterozygote,6802,4012,27,0
aspect_compact_lt2_diagnostic,genotype_raw,tmem67_heterozygous,9466,4317,244,0
aspect_compact_lt2_diagnostic,genotype_raw,tmem67_homozygous,13286,8137,110,0
aspect_compact_lt2_diagnostic,genotype_raw,tmem67_unknown,228,31,0,0
aspect_compact_lt2_diagnostic,genotype_raw,tmem67_wildtype,13651,5201,329,0
aspect_compact_lt2_diagnostic,genotype_raw,unavailable,327,178,0,0
aspect_compact_lt2_diagnostic,genotype_raw,uncertain,31,17,1,0
aspect_compact_lt2_diagnostic,genotype_raw,wfs1a-wfs1b,144,119,3,0
aspect_compact_lt2_diagnostic,genotype_raw,wik,31861,16040,574,0
aspect_compact_lt2_diagnostic,genotype_raw,wik-ab,24223,4107,377,0
aspect_compact_lt2_diagnostic,genotype_raw,wik-ab_inj_ctrl,7620,1285,263,0
aspect_compact_lt2_diagnostic,chem_perturbation_raw,DMSO_6,279,226,3,0
aspect_compact_lt2_diagnostic,chem_perturbation_raw,Fgf_025,1032,628,0,0
aspect_compact_lt2_diagnostic,chem_perturbation_raw,Fgf_050,905,263,0,0
aspect_compact_lt2_diagnostic,chem_perturbation_raw,Fgf_075,1376,665,1,0
aspect_compact_lt2_diagnostic,chem_perturbation_raw,Fgf_100,2153,897,8,0
aspect_compact_lt2_diagnostic,chem_perturbation_raw,Fgf_150,1214,271,0,0
aspect_compact_lt2_diagnostic,chem_perturbation_raw,Shh_025,442,187,1,0
aspect_compact_lt2_diagnostic,chem_perturbation_raw,Shh_050,1035,485,0,0
aspect_compact_lt2_diagnostic,chem_perturbation_raw,Shh_075,974,522,1,0
aspect_compact_lt2_diagnostic,chem_perturbation_raw,Shh_100,797,562,2,0
aspect_compact_lt2_diagnostic,chem_perturbation_raw,bmp_i_11,26,23,0,0
aspect_compact_lt2_diagnostic,chem_perturbation_raw,bmp_i_12,25,23,0,0
aspect_compact_lt2_diagnostic,chem_perturbation_raw,bmp_i_13,225,152,2,0
aspect_compact_lt2_diagnostic,chem_perturbation_raw,bmp_i_13_13,9,8,0,0
aspect_compact_lt2_diagnostic,chem_perturbation_raw,bmp_i_14,31,21,0,0
aspect_compact_lt2_diagnostic,chem_perturbation_raw,dmso,211,184,2,0
aspect_compact_lt2_diagnostic,chem_perturbation_raw,ethanol_ctrl,1061,487,1,0
aspect_compact_lt2_diagnostic,chem_perturbation_raw,fgf_i_13,113,29,0,0
aspect_compact_lt2_diagnostic,chem_perturbation_raw,hsp90,216,182,4,0
aspect_compact_lt2_diagnostic,chem_perturbation_raw,hsp90_i_6,188,130,3,0
aspect_compact_lt2_diagnostic,chem_perturbation_raw,mTOR_i_6,183,122,16,0
aspect_compact_lt2_diagnostic,chem_perturbation_raw,mTor,225,171,20,0
aspect_compact_lt2_diagnostic,chem_perturbation_raw,nfkb_i_6,86,44,1,0
aspect_compact_lt2_diagnostic,chem_perturbation_raw,notch_i_6,72,49,0,0
aspect_compact_lt2_diagnostic,chem_perturbation_raw,pi3k_hi_i_6,43,36,0,0
aspect_compact_lt2_diagnostic,chem_perturbation_raw,pi3k_i_6,8,0,0,0
aspect_compact_lt2_diagnostic,chem_perturbation_raw,pi3k_lo_i_6,44,32,0,0
aspect_compact_lt2_diagnostic,chem_perturbation_raw,ra_hi_i_6,44,40,0,0
aspect_compact_lt2_diagnostic,chem_perturbation_raw,ra_i_6,70,43,1,0
aspect_compact_lt2_diagnostic,chem_perturbation_raw,ra_lo_i_6,43,41,0,0
aspect_compact_lt2_diagnostic,chem_perturbation_raw,shh_i_6,113,93,1,0
aspect_compact_lt2_diagnostic,chem_perturbation_raw,sphase_i_13,37,25,0,0
aspect_compact_lt2_diagnostic,chem_perturbation_raw,tgfb_hi_i_6,43,39,0,0
aspect_compact_lt2_diagnostic,chem_perturbation_raw,tgfb_i_13,70,38,2,0
aspect_compact_lt2_diagnostic,chem_perturbation_raw,tgfb_lo_i_6,40,38,0,0
aspect_compact_lt2_diagnostic,chem_perturbation_raw,tri_0,1582,153,27,0
aspect_compact_lt2_diagnostic,chem_perturbation_raw,tri_1-15,1469,246,0,0
aspect_compact_lt2_diagnostic,chem_perturbation_raw,tri_1-20,2486,333,0,0
aspect_compact_lt2_diagnostic,chem_perturbation_raw,tri_1-25,2471,556,78,0
aspect_compact_lt2_diagnostic,chem_perturbation_raw,tri_1-30,2481,575,75,0
aspect_compact_lt2_diagnostic,chem_perturbation_raw,tri_1-35,2711,575,23,0
aspect_compact_lt2_diagnostic,chem_perturbation_raw,tri_1-40,2372,577,34,0
aspect_compact_lt2_diagnostic,chem_perturbation_raw,unavailable,502588,186454,11028,0
aspect_compact_lt2_diagnostic,chem_perturbation_raw,wnt_i_11,26,24,0,0
aspect_compact_lt2_diagnostic,chem_perturbation_raw,wnt_i_12,25,24,0,0
aspect_compact_lt2_diagnostic,chem_perturbation_raw,wnt_i_13,225,152,2,0
aspect_compact_lt2_diagnostic,chem_perturbation_raw,wnt_i_13_13,9,6,0,0
aspect_compact_lt2_diagnostic,chem_perturbation_raw,wnt_i_14,24,24,0,0
aspect_compact_lt2_diagnostic,temperature_raw,19.0,50,25,0,0
aspect_compact_lt2_diagnostic,temperature_raw,22.0,44097,23730,581,0
aspect_compact_lt2_diagnostic,temperature_raw,24.0,264,171,21,0
aspect_compact_lt2_diagnostic,temperature_raw,25.0,25,7,0,0
aspect_compact_lt2_diagnostic,temperature_raw,28.0,569,482,7,0
aspect_compact_lt2_diagnostic,temperature_raw,28.5,21966,9930,646,0
aspect_compact_lt2_diagnostic,temperature_raw,30.0,462687,160397,10046,0
aspect_compact_lt2_diagnostic,temperature_raw,32.0,190,160,3,0
aspect_compact_lt2_diagnostic,temperature_raw,33.5,27,7,0,0
aspect_compact_lt2_diagnostic,temperature_raw,34.0,794,598,17,0
aspect_compact_lt2_diagnostic,temperature_raw,34.2,89,87,0,0
aspect_compact_lt2_diagnostic,temperature_raw,34.4,9,7,0,0
aspect_compact_lt2_diagnostic,temperature_raw,35.0,777,540,15,0
aspect_compact_lt2_diagnostic,temperature_raw,35.1,50,48,0,0
aspect_compact_lt2_diagnostic,temperature_raw,unavailable,308,266,0,0
aspect_compact_lt2_diagnostic,segmentation_backend,sam2_video,20316,8723,629,0
aspect_compact_lt2_diagnostic,segmentation_backend,unavailable,511586,187732,10707,0
aspect_compact_lt2_diagnostic,applicability,exclusion,531004,195718,11336,0
aspect_compact_lt2_diagnostic,applicability,not_applicable,898,737,0,0
compact_lt2_circularity_ge0.5_diagnostic,experiment,20230531,7846,4987,943,0
compact_lt2_circularity_ge0.5_diagnostic,experiment,20230602,8998,3648,201,0
compact_lt2_circularity_ge0.5_diagnostic,experiment,20230613,5421,3747,136,0
compact_lt2_circularity_ge0.5_diagnostic,experiment,20230615,4216,2881,114,0
compact_lt2_circularity_ge0.5_diagnostic,experiment,20230620,5460,3103,102,0
compact_lt2_circularity_ge0.5_diagnostic,experiment,20230622,3582,1967,61,0
compact_lt2_circularity_ge0.5_diagnostic,experiment,20230627,4193,2897,66,0
compact_lt2_circularity_ge0.5_diagnostic,experiment,20230629,3918,1192,67,0
compact_lt2_circularity_ge0.5_diagnostic,experiment,20240509_18ss,25,25,1,0
compact_lt2_circularity_ge0.5_diagnostic,experiment,20240509_24hpf,32,29,0,0
compact_lt2_circularity_ge0.5_diagnostic,experiment,20240510,59,57,0,0
compact_lt2_circularity_ge0.5_diagnostic,experiment,20240717,68,58,2,0
compact_lt2_circularity_ge0.5_diagnostic,experiment,20240718,99,93,0,0
compact_lt2_circularity_ge0.5_diagnostic,experiment,20240724,56,56,0,0
compact_lt2_circularity_ge0.5_diagnostic,experiment,20240725,64,53,0,0
compact_lt2_circularity_ge0.5_diagnostic,experiment,20240726,60,51,2,0
compact_lt2_circularity_ge0.5_diagnostic,experiment,20240813_24hpf,48,0,0,0
compact_lt2_circularity_ge0.5_diagnostic,experiment,20240813_30hpf,50,0,0,0
compact_lt2_circularity_ge0.5_diagnostic,experiment,20240813_36hpf,50,41,3,0
compact_lt2_circularity_ge0.5_diagnostic,experiment,20250501,24718,2755,436,0
compact_lt2_circularity_ge0.5_diagnostic,experiment,20250512,24569,8195,1087,0
compact_lt2_circularity_ge0.5_diagnostic,experiment,20250515_part2,3510,1725,374,0
compact_lt2_circularity_ge0.5_diagnostic,experiment,20250519,4179,2604,55,0
compact_lt2_circularity_ge0.5_diagnostic,experiment,20250612_24hpf_ctrl_atf6,97,93,0,0
compact_lt2_circularity_ge0.5_diagnostic,experiment,20250612_24hpf_wfs1_ctcf,96,88,0,0
compact_lt2_circularity_ge0.5_diagnostic,experiment,20250612_30hpf_ctrl_atf6,97,86,14,0
compact_lt2_circularity_ge0.5_diagnostic,experiment,20250612_30hpf_wfs1_ctcf,97,89,15,0
compact_lt2_circularity_ge0.5_diagnostic,experiment,20250612_36hpf_ctrl_atf6,102,90,9,0
compact_lt2_circularity_ge0.5_diagnostic,experiment,20250612_36hpf_wfs1_ctcf,97,94,22,0
compact_lt2_circularity_ge0.5_diagnostic,experiment,20250622_chem_28C_T00_1425,91,79,3,0
compact_lt2_circularity_ge0.5_diagnostic,experiment,20250622_chem_28C_T01_1658,86,78,6,0
compact_lt2_circularity_ge0.5_diagnostic,experiment,20250622_chem_34C_T00_1256,78,76,3,0
compact_lt2_circularity_ge0.5_diagnostic,experiment,20250622_chem_34C_T01_1632,79,74,5,0
compact_lt2_circularity_ge0.5_diagnostic,experiment,20250624_chem02_28C_T00_1356,104,78,21,0
compact_lt2_circularity_ge0.5_diagnostic,experiment,20250624_chem02_28C_T01_1808,97,75,30,0
compact_lt2_circularity_ge0.5_diagnostic,experiment,20250624_chem02_34C_T00_1243,78,45,7,0
compact_lt2_circularity_ge0.5_diagnostic,experiment,20250624_chem02_34C_T01_1739,75,40,18,0
compact_lt2_circularity_ge0.5_diagnostic,experiment,20250624_chem02_35C_T00_1216,81,55,6,0
compact_lt2_circularity_ge0.5_diagnostic,experiment,20250624_chem02_35C_T01_1711,84,42,13,0
compact_lt2_circularity_ge0.5_diagnostic,experiment,20250625_chem02_28C_T02_1332,96,52,6,0
compact_lt2_circularity_ge0.5_diagnostic,experiment,20250625_chem02_34C_T02_1301,82,28,5,0
compact_lt2_circularity_ge0.5_diagnostic,experiment,20250625_chem02_35C_T02_1228,84,21,7,0
compact_lt2_circularity_ge0.5_diagnostic,experiment,20250703_chem3_28C_T00_1325,61,53,0,0
compact_lt2_circularity_ge0.5_diagnostic,experiment,20250703_chem3_34C_T00_1131,58,54,0,0
compact_lt2_circularity_ge0.5_diagnostic,experiment,20250703_chem3_34C_T01_1457,59,50,0,0
compact_lt2_circularity_ge0.5_diagnostic,experiment,20250703_chem3_35C_T00_1101,65,54,0,0
compact_lt2_circularity_ge0.5_diagnostic,experiment,20250703_chem3_35C_T01_1437,58,50,0,0
compact_lt2_circularity_ge0.5_diagnostic,experiment,20250711,19723,10926,507,0
compact_lt2_circularity_ge0.5_diagnostic,experiment,20250716_chem4_28C_T00_1158,87,76,1,0
compact_lt2_circularity_ge0.5_diagnostic,experiment,20250716_chem4_28C_T01_1400,94,76,9,0
compact_lt2_circularity_ge0.5_diagnostic,experiment,20250716_chem4_34C_T00_1014,94,85,0,0
compact_lt2_circularity_ge0.5_diagnostic,experiment,20250716_chem4_35C_T00_1045,91,77,1,0
compact_lt2_circularity_ge0.5_diagnostic,experiment,20250721_chem5_28C_T00_1257,107,94,2,0
compact_lt2_circularity_ge0.5_diagnostic,experiment,20250721_chem5_28C_T01_1401,107,95,2,0
compact_lt2_circularity_ge0.5_diagnostic,experiment,20250721_chem5_35C_T00_1023,108,92,3,0
compact_lt2_circularity_ge0.5_diagnostic,experiment,20250912,15572,3114,336,0
compact_lt2_circularity_ge0.5_diagnostic,experiment,20251017_part1,6794,4301,398,0
compact_lt2_circularity_ge0.5_diagnostic,experiment,20251017_part2,7559,2948,650,0
compact_lt2_circularity_ge0.5_diagnostic,experiment,20251020,5216,1134,10,0
compact_lt2_circularity_ge0.5_diagnostic,experiment,20251112,6991,3550,132,0
compact_lt2_circularity_ge0.5_diagnostic,experiment,20251119,10440,4389,912,0
compact_lt2_circularity_ge0.5_diagnostic,experiment,20251121,20857,7328,306,0
compact_lt2_circularity_ge0.5_diagnostic,experiment,20251125,21934,10191,1960,0
compact_lt2_circularity_ge0.5_diagnostic,experiment,20251205,12291,6531,496,0
compact_lt2_circularity_ge0.5_diagnostic,experiment,20251207_pbx,14760,7801,561,0
compact_lt2_circularity_ge0.5_diagnostic,experiment,20251212,11437,4895,251,0
compact_lt2_circularity_ge0.5_diagnostic,experiment,20260122,20098,9698,441,0
compact_lt2_circularity_ge0.5_diagnostic,experiment,20260202,16943,6731,583,0
compact_lt2_circularity_ge0.5_diagnostic,experiment,20260206,14700,12009,288,0
compact_lt2_circularity_ge0.5_diagnostic,experiment,20260208,31680,8821,2447,0
compact_lt2_circularity_ge0.5_diagnostic,experiment,20260210,15892,9610,610,0
compact_lt2_circularity_ge0.5_diagnostic,experiment,20260213,29010,3054,234,0
compact_lt2_circularity_ge0.5_diagnostic,experiment,20260219,31713,9140,2117,0
compact_lt2_circularity_ge0.5_diagnostic,experiment,20260228,17012,9475,792,0
compact_lt2_circularity_ge0.5_diagnostic,experiment,20260304,37409,6805,677,0
compact_lt2_circularity_ge0.5_diagnostic,experiment,20260306,26979,7837,1460,0
compact_lt2_circularity_ge0.5_diagnostic,experiment,20260319,10269,2831,244,0
compact_lt2_circularity_ge0.5_diagnostic,experiment,20260319_cilia_crispant_18hpf,92,55,0,0
compact_lt2_circularity_ge0.5_diagnostic,experiment,20260319_cilia_crispant_24hpf,99,69,0,0
compact_lt2_circularity_ge0.5_diagnostic,experiment,20260319_cilia_crispant_30hpf,102,80,0,0
compact_lt2_circularity_ge0.5_diagnostic,experiment,20260324_cep290_24hpf_plate01,101,91,0,0
compact_lt2_circularity_ge0.5_diagnostic,experiment,20260324_cep290_24hpf_plate02,101,74,0,0
compact_lt2_circularity_ge0.5_diagnostic,experiment,20260324_cep290_30hpf_plate01,98,91,0,0
compact_lt2_circularity_ge0.5_diagnostic,experiment,20260324_cep290_30hpf_plate02,72,55,0,0
compact_lt2_circularity_ge0.5_diagnostic,experiment,20260331_b9d2_18hpf_plate02,70,45,0,0
compact_lt2_circularity_ge0.5_diagnostic,experiment,20260414_b9d2_14hpf_plate01,107,99,2,0
compact_lt2_circularity_ge0.5_diagnostic,experiment,20260414_b9d2_30hpf_plate01,106,94,1,0
compact_lt2_circularity_ge0.5_diagnostic,experiment,20260414_b9d2_30hpf_plate02,72,62,3,0
compact_lt2_circularity_ge0.5_diagnostic,experiment,20260415_b9d2_30to48hpf_plate01_t02,109,94,3,0
compact_lt2_circularity_ge0.5_diagnostic,experiment,20260415_b9d2_30to48hpf_plate02_t02,58,48,6,0
compact_lt2_circularity_ge0.5_diagnostic,experiment,20260415_cep290_18hpf_plate03,81,43,1,0
compact_lt2_circularity_ge0.5_diagnostic,experiment,20260415_cep290_30to48hpf_plate02_t01,93,52,1,0
compact_lt2_circularity_ge0.5_diagnostic,experiment,20260416_cep290_30to48hpf_plate01_t02,109,94,5,0
compact_lt2_circularity_ge0.5_diagnostic,experiment,20260416_cep290_30to48hpf_plate02_t02,70,54,5,0
compact_lt2_circularity_ge0.5_diagnostic,experiment,20260417_irx_pilot,4968,3682,71,0
compact_lt2_circularity_ge0.5_diagnostic,experiment,20260418_irx_pilot,15251,6818,2428,0
compact_lt2_circularity_ge0.5_diagnostic,experiment,20260702_hotchem_24hpf_plate01,104,92,3,0
compact_lt2_circularity_ge0.5_diagnostic,experiment,20260702_hotchem_24hpf_plate02,117,97,3,0
compact_lt2_circularity_ge0.5_diagnostic,experiment,20260702_hotchem_30hpf_plate01,124,91,12,0
compact_lt2_circularity_ge0.5_diagnostic,experiment,20260702_hotchem_30hpf_plate02,107,88,10,0
compact_lt2_circularity_ge0.5_diagnostic,experiment,20260702_hotchem_36hpf_plate01,101,94,10,0
compact_lt2_circularity_ge0.5_diagnostic,experiment,20260702_hotchem_36hpf_plate02,99,94,7,0
compact_lt2_circularity_ge0.5_diagnostic,experiment,20260724_hotfish_24hpf_plate01,102,98,0,0
compact_lt2_circularity_ge0.5_diagnostic,experiment,20260724_hotfish_30hpf_plate01,98,92,0,0
compact_lt2_circularity_ge0.5_diagnostic,experiment,20260724_hotfish_36hpf_plate01,101,92,0,0
compact_lt2_circularity_ge0.5_diagnostic,nominal_stage_bin,18-<24,46905,17454,831,0
compact_lt2_circularity_ge0.5_diagnostic,nominal_stage_bin,24-<36,107676,40064,4555,0
compact_lt2_circularity_ge0.5_diagnostic,nominal_stage_bin,36-<48,91759,34730,5711,0
compact_lt2_circularity_ge0.5_diagnostic,nominal_stage_bin,48-<72,123516,46594,6914,0
compact_lt2_circularity_ge0.5_diagnostic,nominal_stage_bin,<18,45665,35775,469,0
compact_lt2_circularity_ge0.5_diagnostic,nominal_stage_bin,>=72,115483,32606,4361,0
compact_lt2_circularity_ge0.5_diagnostic,nominal_stage_bin,unavailable,898,737,0,0
compact_lt2_circularity_ge0.5_diagnostic,genotype_raw,H2B-mScarlet,5460,3103,102,0
compact_lt2_circularity_ge0.5_diagnostic,genotype_raw,ab,13478,6762,346,0
compact_lt2_circularity_ge0.5_diagnostic,genotype_raw,ab-ctrl-inj,17,17,1,0
compact_lt2_circularity_ge0.5_diagnostic,genotype_raw,ab-lmx1b,32,29,0,0
compact_lt2_circularity_ge0.5_diagnostic,genotype_raw,ab_inj_ctrl,4137,794,13,0
compact_lt2_circularity_ge0.5_diagnostic,genotype_raw,atf6,151,133,17,0
compact_lt2_circularity_ge0.5_diagnostic,genotype_raw,b9d2_het,203,183,8,0
compact_lt2_circularity_ge0.5_diagnostic,genotype_raw,b9d2_heterozygous,37280,16787,1511,0
compact_lt2_circularity_ge0.5_diagnostic,genotype_raw,b9d2_homo,94,81,0,0
compact_lt2_circularity_ge0.5_diagnostic,genotype_raw,b9d2_homozygous,19055,9069,640,0
compact_lt2_circularity_ge0.5_diagnostic,genotype_raw,b9d2_unknown,18501,4242,575,0
compact_lt2_circularity_ge0.5_diagnostic,genotype_raw,b9d2_wildtype,22078,9252,1233,0
compact_lt2_circularity_ge0.5_diagnostic,genotype_raw,b9d2_wt,72,65,3,0
compact_lt2_circularity_ge0.5_diagnostic,genotype_raw,cep290_crispant,13589,6631,345,0
compact_lt2_circularity_ge0.5_diagnostic,genotype_raw,cep290_het,301,253,8,0
compact_lt2_circularity_ge0.5_diagnostic,genotype_raw,cep290_heterozygous,44838,18257,3294,0
compact_lt2_circularity_ge0.5_diagnostic,genotype_raw,cep290_homo,119,95,1,0
compact_lt2_circularity_ge0.5_diagnostic,genotype_raw,cep290_homozygous,20832,11559,938,0
compact_lt2_circularity_ge0.5_diagnostic,genotype_raw,cep290_homozyous,6601,4954,60,0
compact_lt2_circularity_ge0.5_diagnostic,genotype_raw,cep290_unknown,35836,9808,2043,0
compact_lt2_circularity_ge0.5_diagnostic,genotype_raw,cep290_unkown,16825,3406,762,0
compact_lt2_circularity_ge0.5_diagnostic,genotype_raw,cep290_wildtype,26022,10905,1400,0
compact_lt2_circularity_ge0.5_diagnostic,genotype_raw,cep290_wt,147,113,0,0
compact_lt2_circularity_ge0.5_diagnostic,genotype_raw,crispr-inj-ctrl,1060,346,26,0
compact_lt2_circularity_ge0.5_diagnostic,genotype_raw,crispr-pbx1,3979,1531,151,0
compact_lt2_circularity_ge0.5_diagnostic,genotype_raw,crispr-pbx1+4,4880,3134,291,0
compact_lt2_circularity_ge0.5_diagnostic,genotype_raw,crispr-pbx4,4841,2790,93,0
compact_lt2_circularity_ge0.5_diagnostic,genotype_raw,ctcf,146,139,21,0
compact_lt2_circularity_ge0.5_diagnostic,genotype_raw,ctrl-inj,52,46,0,0
compact_lt2_circularity_ge0.5_diagnostic,genotype_raw,foxj1a_crispant,2945,1060,164,0
compact_lt2_circularity_ge0.5_diagnostic,genotype_raw,gdf3,6313,4384,119,0
compact_lt2_circularity_ge0.5_diagnostic,genotype_raw,if88_ift74_crispant,2698,875,37,0
compact_lt2_circularity_ge0.5_diagnostic,genotype_raw,ift88_crispant,2612,1168,85,0
compact_lt2_circularity_ge0.5_diagnostic,genotype_raw,inj-ctrl,1756,1431,15,0
compact_lt2_circularity_ge0.5_diagnostic,genotype_raw,irx3a_crispant,1785,1468,238,0
compact_lt2_circularity_ge0.5_diagnostic,genotype_raw,irx3a_irx5a_crispant,3313,1262,364,0
compact_lt2_circularity_ge0.5_diagnostic,genotype_raw,irx3a_irx5a_irx6a_crispant,3096,1312,577,0
compact_lt2_circularity_ge0.5_diagnostic,genotype_raw,irx3a_irx6a_crispant,3472,1227,465,0
compact_lt2_circularity_ge0.5_diagnostic,genotype_raw,irx5a_crispant,1836,1184,192,0
compact_lt2_circularity_ge0.5_diagnostic,genotype_raw,irx5a_irx6a_crispant,3384,1345,496,0
compact_lt2_circularity_ge0.5_diagnostic,genotype_raw,irx6a_crispant,1758,1443,158,0
compact_lt2_circularity_ge0.5_diagnostic,genotype_raw,meox1,25,24,0,0
compact_lt2_circularity_ge0.5_diagnostic,genotype_raw,meox1:sox1,26,23,1,0
compact_lt2_circularity_ge0.5_diagnostic,genotype_raw,meox1:tbx5a,26,21,0,0
compact_lt2_circularity_ge0.5_diagnostic,genotype_raw,nfatc1,8,6,0,0
compact_lt2_circularity_ge0.5_diagnostic,genotype_raw,nfatc:gata2a,8,8,0,0
compact_lt2_circularity_ge0.5_diagnostic,genotype_raw,pbx1b_crispant,13796,2290,337,0
compact_lt2_circularity_ge0.5_diagnostic,genotype_raw,pbx1b_pbx4_crispant,20347,6287,705,0
compact_lt2_circularity_ge0.5_diagnostic,genotype_raw,pbx4_crispant,13974,3345,349,0
compact_lt2_circularity_ge0.5_diagnostic,genotype_raw,scospondin_crispant,6136,2802,268,0
compact_lt2_circularity_ge0.5_diagnostic,genotype_raw,smad5,24,24,0,0
compact_lt2_circularity_ge0.5_diagnostic,genotype_raw,smyda:smydb,25,24,1,0
compact_lt2_circularity_ge0.5_diagnostic,genotype_raw,sox10,27,23,1,0
compact_lt2_circularity_ge0.5_diagnostic,genotype_raw,sox10:tbx5a,26,23,0,0
compact_lt2_circularity_ge0.5_diagnostic,genotype_raw,sspo_crispant,36,34,0,0
compact_lt2_circularity_ge0.5_diagnostic,genotype_raw,tbx2b,18,14,1,0
compact_lt2_circularity_ge0.5_diagnostic,genotype_raw,tbx2b:tbx2a,16,15,0,0
compact_lt2_circularity_ge0.5_diagnostic,genotype_raw,tbx5a,25,23,0,0
compact_lt2_circularity_ge0.5_diagnostic,genotype_raw,tbx6,25,21,0,0
compact_lt2_circularity_ge0.5_diagnostic,genotype_raw,tbxta,8,8,0,0
compact_lt2_circularity_ge0.5_diagnostic,genotype_raw,tfap2a_cispant,2205,822,178,0
compact_lt2_circularity_ge0.5_diagnostic,genotype_raw,tfap2a_crispant,1390,156,4,0
compact_lt2_circularity_ge0.5_diagnostic,genotype_raw,tfap2a_tfap2b_cispant,1260,359,30,0
compact_lt2_circularity_ge0.5_diagnostic,genotype_raw,tfap2a_tfap2b_crispant,1598,145,0,0
compact_lt2_circularity_ge0.5_diagnostic,genotype_raw,tfap2a_tfap2c_crispant,5765,443,57,0
compact_lt2_circularity_ge0.5_diagnostic,genotype_raw,tfap2a_tfap2d_crispant,3215,253,1,0
compact_lt2_circularity_ge0.5_diagnostic,genotype_raw,tfap2a_tfap2e_crispant,4937,442,26,0
compact_lt2_circularity_ge0.5_diagnostic,genotype_raw,tfap2b_crispant,1365,389,7,0
compact_lt2_circularity_ge0.5_diagnostic,genotype_raw,tfap2b_tfap2c_crispant,3496,368,85,0
compact_lt2_circularity_ge0.5_diagnostic,genotype_raw,tfap2b_tfap2d_crispant,5418,617,30,0
compact_lt2_circularity_ge0.5_diagnostic,genotype_raw,tfap2c_crispant,1365,286,2,0
compact_lt2_circularity_ge0.5_diagnostic,genotype_raw,tfap2d_crispant,840,216,5,0
compact_lt2_circularity_ge0.5_diagnostic,genotype_raw,tfap2e_crispant,1239,346,17,0
compact_lt2_circularity_ge0.5_diagnostic,genotype_raw,tmem67_heterozygote,6802,4013,28,0
compact_lt2_circularity_ge0.5_diagnostic,genotype_raw,tmem67_heterozygous,9466,4444,371,0
compact_lt2_circularity_ge0.5_diagnostic,genotype_raw,tmem67_homozygous,13286,8389,362,0
compact_lt2_circularity_ge0.5_diagnostic,genotype_raw,tmem67_unknown,228,31,0,0
compact_lt2_circularity_ge0.5_diagnostic,genotype_raw,tmem67_wildtype,13651,5485,613,0
compact_lt2_circularity_ge0.5_diagnostic,genotype_raw,unavailable,327,178,0,0
compact_lt2_circularity_ge0.5_diagnostic,genotype_raw,uncertain,31,19,3,0
compact_lt2_circularity_ge0.5_diagnostic,genotype_raw,wfs1a-wfs1b,144,132,16,0
compact_lt2_circularity_ge0.5_diagnostic,genotype_raw,wik,31861,16935,1469,0
compact_lt2_circularity_ge0.5_diagnostic,genotype_raw,wik-ab,24223,4528,798,0
compact_lt2_circularity_ge0.5_diagnostic,genotype_raw,wik-ab_inj_ctrl,7620,1306,284,0
compact_lt2_circularity_ge0.5_diagnostic,chem_perturbation_raw,DMSO_6,279,234,11,0
compact_lt2_circularity_ge0.5_diagnostic,chem_perturbation_raw,Fgf_025,1032,632,4,0
compact_lt2_circularity_ge0.5_diagnostic,chem_perturbation_raw,Fgf_050,905,281,18,0
compact_lt2_circularity_ge0.5_diagnostic,chem_perturbation_raw,Fgf_075,1376,672,8,0
compact_lt2_circularity_ge0.5_diagnostic,chem_perturbation_raw,Fgf_100,2153,977,88,0
compact_lt2_circularity_ge0.5_diagnostic,chem_perturbation_raw,Fgf_150,1214,271,0,0
compact_lt2_circularity_ge0.5_diagnostic,chem_perturbation_raw,Shh_025,442,194,8,0
compact_lt2_circularity_ge0.5_diagnostic,chem_perturbation_raw,Shh_050,1035,510,25,0
compact_lt2_circularity_ge0.5_diagnostic,chem_perturbation_raw,Shh_075,974,558,37,0
compact_lt2_circularity_ge0.5_diagnostic,chem_perturbation_raw,Shh_100,797,562,2,0
compact_lt2_circularity_ge0.5_diagnostic,chem_perturbation_raw,bmp_i_11,26,23,0,0
compact_lt2_circularity_ge0.5_diagnostic,chem_perturbation_raw,bmp_i_12,25,23,0,0
compact_lt2_circularity_ge0.5_diagnostic,chem_perturbation_raw,bmp_i_13,225,172,22,0
compact_lt2_circularity_ge0.5_diagnostic,chem_perturbation_raw,bmp_i_13_13,9,8,0,0
compact_lt2_circularity_ge0.5_diagnostic,chem_perturbation_raw,bmp_i_14,31,24,3,0
compact_lt2_circularity_ge0.5_diagnostic,chem_perturbation_raw,dmso,211,186,4,0
compact_lt2_circularity_ge0.5_diagnostic,chem_perturbation_raw,ethanol_ctrl,1061,505,19,0
compact_lt2_circularity_ge0.5_diagnostic,chem_perturbation_raw,fgf_i_13,113,52,23,0
compact_lt2_circularity_ge0.5_diagnostic,chem_perturbation_raw,hsp90,216,184,6,0
compact_lt2_circularity_ge0.5_diagnostic,chem_perturbation_raw,hsp90_i_6,188,134,7,0
compact_lt2_circularity_ge0.5_diagnostic,chem_perturbation_raw,mTOR_i_6,183,135,29,0
compact_lt2_circularity_ge0.5_diagnostic,chem_perturbation_raw,mTor,225,186,35,0
compact_lt2_circularity_ge0.5_diagnostic,chem_perturbation_raw,nfkb_i_6,86,48,5,0
compact_lt2_circularity_ge0.5_diagnostic,chem_perturbation_raw,notch_i_6,72,50,1,0
compact_lt2_circularity_ge0.5_diagnostic,chem_perturbation_raw,pi3k_hi_i_6,43,36,0,0
compact_lt2_circularity_ge0.5_diagnostic,chem_perturbation_raw,pi3k_i_6,8,0,0,0
compact_lt2_circularity_ge0.5_diagnostic,chem_perturbation_raw,pi3k_lo_i_6,44,32,0,0
compact_lt2_circularity_ge0.5_diagnostic,chem_perturbation_raw,ra_hi_i_6,44,40,0,0
compact_lt2_circularity_ge0.5_diagnostic,chem_perturbation_raw,ra_i_6,70,49,7,0
compact_lt2_circularity_ge0.5_diagnostic,chem_perturbation_raw,ra_lo_i_6,43,41,0,0
compact_lt2_circularity_ge0.5_diagnostic,chem_perturbation_raw,shh_i_6,113,93,1,0
compact_lt2_circularity_ge0.5_diagnostic,chem_perturbation_raw,sphase_i_13,37,25,0,0
compact_lt2_circularity_ge0.5_diagnostic,chem_perturbation_raw,tgfb_hi_i_6,43,39,0,0
compact_lt2_circularity_ge0.5_diagnostic,chem_perturbation_raw,tgfb_i_13,70,46,10,0
compact_lt2_circularity_ge0.5_diagnostic,chem_perturbation_raw,tgfb_lo_i_6,40,38,0,0
compact_lt2_circularity_ge0.5_diagnostic,chem_perturbation_raw,tri_0,1582,170,44,0
compact_lt2_circularity_ge0.5_diagnostic,chem_perturbation_raw,tri_1-15,1469,246,0,0
compact_lt2_circularity_ge0.5_diagnostic,chem_perturbation_raw,tri_1-20,2486,333,0,0
compact_lt2_circularity_ge0.5_diagnostic,chem_perturbation_raw,tri_1-25,2471,587,109,0
compact_lt2_circularity_ge0.5_diagnostic,chem_perturbation_raw,tri_1-30,2481,612,112,0
compact_lt2_circularity_ge0.5_diagnostic,chem_perturbation_raw,tri_1-35,2711,583,31,0
compact_lt2_circularity_ge0.5_diagnostic,chem_perturbation_raw,tri_1-40,2372,583,40,0
compact_lt2_circularity_ge0.5_diagnostic,chem_perturbation_raw,unavailable,502588,197529,22103,0
compact_lt2_circularity_ge0.5_diagnostic,chem_perturbation_raw,wnt_i_11,26,24,0,0
compact_lt2_circularity_ge0.5_diagnostic,chem_perturbation_raw,wnt_i_12,25,24,0,0
compact_lt2_circularity_ge0.5_diagnostic,chem_perturbation_raw,wnt_i_13,225,179,29,0
compact_lt2_circularity_ge0.5_diagnostic,chem_perturbation_raw,wnt_i_13_13,9,6,0,0
compact_lt2_circularity_ge0.5_diagnostic,chem_perturbation_raw,wnt_i_14,24,24,0,0
compact_lt2_circularity_ge0.5_diagnostic,temperature_raw,19.0,50,26,1,0
compact_lt2_circularity_ge0.5_diagnostic,temperature_raw,22.0,44097,24844,1695,0
compact_lt2_circularity_ge0.5_diagnostic,temperature_raw,24.0,264,215,65,0
compact_lt2_circularity_ge0.5_diagnostic,temperature_raw,25.0,25,8,1,0
compact_lt2_circularity_ge0.5_diagnostic,temperature_raw,28.0,569,491,16,0
compact_lt2_circularity_ge0.5_diagnostic,temperature_raw,28.5,21966,11864,2580,0
compact_lt2_circularity_ge0.5_diagnostic,temperature_raw,30.0,462687,168735,18384,0
compact_lt2_circularity_ge0.5_diagnostic,temperature_raw,32.0,190,160,3,0
compact_lt2_circularity_ge0.5_diagnostic,temperature_raw,33.5,27,8,1,0
compact_lt2_circularity_ge0.5_diagnostic,temperature_raw,34.0,794,630,49,0
compact_lt2_circularity_ge0.5_diagnostic,temperature_raw,34.2,89,87,0,0
compact_lt2_circularity_ge0.5_diagnostic,temperature_raw,34.4,9,7,0,0
compact_lt2_circularity_ge0.5_diagnostic,temperature_raw,35.0,777,571,46,0
compact_lt2_circularity_ge0.5_diagnostic,temperature_raw,35.1,50,48,0,0
compact_lt2_circularity_ge0.5_diagnostic,temperature_raw,unavailable,308,266,0,0
compact_lt2_circularity_ge0.5_diagnostic,segmentation_backend,sam2_video,20316,10593,2499,0
compact_lt2_circularity_ge0.5_diagnostic,segmentation_backend,unavailable,511586,197367,20342,0
compact_lt2_circularity_ge0.5_diagnostic,applicability,exclusion,531004,207223,22841,0
compact_lt2_circularity_ge0.5_diagnostic,applicability,not_applicable,898,737,0,0
