physical_embryo_id,experiment_id,observation_count,any_sa_outlier,any_too_small,any_too_large,all_currently_usable,any_currently_usable
20260804_seahub_CHEM13_shard001_A01_e01,20260804_seahub_CHEM13_shard001,1,False,False,False,True,True
20260804_seahub_CHEM13_shard001_A02_e01,20260804_seahub_CHEM13_shard001,1,False,False,False,True,True
20260804_seahub_CHEM13_shard001_A03_e01,20260804_seahub_CHEM13_shard001,1,False,False,False,True,True
20260804_seahub_CHEM13_shard001_A04_e01,20260804_seahub_CHEM13_shard001,1,False,False,False,True,True
20260804_seahub_CHEM13_shard001_A05_e01,20260804_seahub_CHEM13_shard001,1,False,False,False,True,True
20260804_seahub_CHEM13_shard001_A06_e01,20260804_seahub_CHEM13_shard001,1,False,False,False,True,True
20260804_seahub_CHEM13_shard001_A07_e01,20260804_seahub_CHEM13_shard001,1,True,True,False,True,True
20260804_seahub_CHEM13_shard001_A08_e01,20260804_seahub_CHEM13_shard001,1,True,True,False,True,True
20260804_seahub_CHEM13_shard001_A09_e01,20260804_seahub_CHEM13_shard001,1,True,True,False,True,True
20260804_seahub_CHEM13_shard001_A10_e01,20260804_seahub_CHEM13_shard001,1,False,False,False,True,True
20260804_seahub_CHEM13_shard001_A11_e01,20260804_seahub_CHEM13_shard001,1,True,True,False,True,True
20260804_seahub_CHEM13_shard001_A12_e01,20260804_seahub_CHEM13_shard001,1,False,False,False,True,True
20260804_seahub_CHEM13_shard001_B01_e01,20260804_seahub_CHEM13_shard001,1,True,True,False,True,True
20260804_seahub_CHEM13_shard001_B02_e01,20260804_seahub_CHEM13_shard001,1,True,True,False,True,True
20260804_seahub_CHEM13_shard001_B03_e01,20260804_seahub_CHEM13_shard001,1,True,True,False,True,True
20260804_seahub_CHEM13_shard001_B04_e01,20260804_seahub_CHEM13_shard001,1,True,True,False,True,True
20260804_seahub_CHEM13_shard001_B05_e01,20260804_seahub_CHEM13_shard001,1,True,True,False,True,True
20260804_seahub_CHEM13_shard001_B06_e01,20260804_seahub_CHEM13_shard001,1,False,False,False,True,True
20260804_seahub_CHEM13_shard001_B07_e01,20260804_seahub_CHEM13_shard001,1,True,True,False,True,True
20260804_seahub_CHEM13_shard001_B08_e01,20260804_seahub_CHEM13_shard001,1,False,False,False,True,True
20260804_seahub_CHEM13_shard001_B09_e01,20260804_seahub_CHEM13_shard001,1,False,False,False,True,True
20260804_seahub_CHEM13_shard001_B10_e01,20260804_seahub_CHEM13_shard001,1,True,True,False,True,True
20260804_seahub_CHEM13_shard001_B11_e01,20260804_seahub_CHEM13_shard001,1,False,False,False,True,True
20260804_seahub_CHEM13_shard001_B12_e01,20260804_seahub_CHEM13_shard001,1,True,True,False,True,True
20260804_seahub_CHEM13_shard001_C01_e01,20260804_seahub_CHEM13_shard001,1,False,False,False,True,True
20260804_seahub_CHEM13_shard001_C02_e01,20260804_seahub_CHEM13_shard001,1,False,False,False,True,True
20260804_seahub_CHEM13_shard001_C03_e01,20260804_seahub_CHEM13_shard001,1,False,False,False,True,True
20260804_seahub_CHEM13_shard001_C04_e01,20260804_seahub_CHEM13_shard001,1,False,False,False,True,True
20260804_seahub_CHEM13_shard001_C05_e01,20260804_seahub_CHEM13_shard001,1,True,True,False,True,True
20260804_seahub_CHEM13_shard001_C06_e01,20260804_seahub_CHEM13_shard001,1,False,False,False,True,True
20260804_seahub_CHEM13_shard001_C07_e01,20260804_seahub_CHEM13_shard001,1,False,False,False,True,True
20260804_seahub_CHEM13_shard001_C08_e01,20260804_seahub_CHEM13_shard001,1,True,True,False,True,True
20260804_seahub_CHEM13_shard001_C09_e01,20260804_seahub_CHEM13_shard001,1,False,False,False,True,True
20260804_seahub_CHEM13_shard001_C10_e01,20260804_seahub_CHEM13_shard001,1,True,False,True,True,True
20260804_seahub_CHEM13_shard001_C11_e01,20260804_seahub_CHEM13_shard001,1,True,True,False,True,True
20260804_seahub_CHEM13_shard001_C12_e01,20260804_seahub_CHEM13_shard001,1,False,False,False,True,True
20260804_seahub_CHEM13_shard001_D01_e01,20260804_seahub_CHEM13_shard001,1,False,False,False,True,True
20260804_seahub_CHEM13_shard001_D02_e01,20260804_seahub_CHEM13_shard001,1,True,True,False,True,True
20260804_seahub_CHEM13_shard001_D03_e01,20260804_seahub_CHEM13_shard001,1,True,True,False,True,True
20260804_seahub_CHEM13_shard001_D04_e01,20260804_seahub_CHEM13_shard001,1,True,True,False,True,True
20260804_seahub_CHEM13_shard001_D05_e01,20260804_seahub_CHEM13_shard001,1,True,True,False,True,True
20260804_seahub_CHEM13_shard001_D06_e01,20260804_seahub_CHEM13_shard001,1,True,True,False,True,True
20260804_seahub_CHEM13_shard001_D07_e01,20260804_seahub_CHEM13_shard001,1,True,True,False,True,True
20260804_seahub_CHEM13_shard001_D08_e01,20260804_seahub_CHEM13_shard001,1,False,False,False,True,True
20260804_seahub_CHEM13_shard001_D09_e01,20260804_seahub_CHEM13_shard001,1,False,False,False,True,True
20260804_seahub_CHEM13_shard001_D10_e01,20260804_seahub_CHEM13_shard001,1,False,False,False,True,True
20260804_seahub_CHEM13_shard001_D11_e01,20260804_seahub_CHEM13_shard001,1,True,True,False,True,True
20260804_seahub_CHEM13_shard001_D12_e01,20260804_seahub_CHEM13_shard001,1,False,False,False,True,True
20260804_seahub_CHEM13_shard001_E01_e01,20260804_seahub_CHEM13_shard001,1,False,False,False,True,True
20260804_seahub_CHEM13_shard001_E02_e01,20260804_seahub_CHEM13_shard001,1,True,True,False,True,True
20260804_seahub_CHEM13_shard001_E03_e01,20260804_seahub_CHEM13_shard001,1,False,False,False,True,True
20260804_seahub_CHEM13_shard001_E04_e01,20260804_seahub_CHEM13_shard001,1,False,False,False,True,True
20260804_seahub_CHEM13_shard001_E05_e01,20260804_seahub_CHEM13_shard001,1,False,False,False,True,True
20260804_seahub_CHEM13_shard001_E06_e01,20260804_seahub_CHEM13_shard001,1,False,False,False,True,True
20260804_seahub_CHEM13_shard001_E07_e01,20260804_seahub_CHEM13_shard001,1,False,False,False,True,True
20260804_seahub_CHEM13_shard001_E08_e01,20260804_seahub_CHEM13_shard001,1,False,False,False,True,True
20260804_seahub_CHEM13_shard001_E09_e01,20260804_seahub_CHEM13_shard001,1,False,False,False,True,True
20260804_seahub_CHEM13_shard001_E10_e01,20260804_seahub_CHEM13_shard001,1,True,True,False,True,True
20260804_seahub_CHEM13_shard001_E11_e01,20260804_seahub_CHEM13_shard001,1,False,False,False,True,True
20260804_seahub_CHEM13_shard001_E12_e01,20260804_seahub_CHEM13_shard001,1,False,False,False,True,True
20260804_seahub_CHEM13_shard001_F01_e01,20260804_seahub_CHEM13_shard001,1,False,False,False,True,True
20260804_seahub_CHEM13_shard001_F02_e01,20260804_seahub_CHEM13_shard001,1,False,False,False,True,True
20260804_seahub_CHEM13_shard001_F03_e01,20260804_seahub_CHEM13_shard001,1,False,False,False,True,True
20260804_seahub_CHEM13_shard001_F04_e01,20260804_seahub_CHEM13_shard001,1,True,True,False,True,True
20260804_seahub_CHEM13_shard001_F05_e01,20260804_seahub_CHEM13_shard001,1,False,False,False,True,True
20260804_seahub_CHEM13_shard001_F06_e01,20260804_seahub_CHEM13_shard001,1,True,True,False,True,True
20260804_seahub_CHEM13_shard001_F07_e01,20260804_seahub_CHEM13_shard001,1,False,False,False,True,True
20260804_seahub_CHEM13_shard001_F08_e01,20260804_seahub_CHEM13_shard001,1,True,True,False,True,True
20260804_seahub_CHEM13_shard001_F09_e01,20260804_seahub_CHEM13_shard001,1,False,False,False,True,True
20260804_seahub_CHEM13_shard001_F10_e01,20260804_seahub_CHEM13_shard001,1,True,True,False,True,True
20260804_seahub_CHEM13_shard001_F11_e01,20260804_seahub_CHEM13_shard001,1,True,True,False,True,True
20260804_seahub_CHEM13_shard001_F12_e01,20260804_seahub_CHEM13_shard001,1,True,True,False,True,True
20260804_seahub_CHEM13_shard001_G01_e01,20260804_seahub_CHEM13_shard001,1,False,False,False,True,True
20260804_seahub_CHEM13_shard001_G02_e01,20260804_seahub_CHEM13_shard001,1,False,False,False,True,True
20260804_seahub_CHEM13_shard001_G03_e01,20260804_seahub_CHEM13_shard001,1,True,True,False,True,True
20260804_seahub_CHEM13_shard001_G04_e01,20260804_seahub_CHEM13_shard001,1,True,True,False,True,True
20260804_seahub_CHEM13_shard001_G05_e01,20260804_seahub_CHEM13_shard001,1,False,False,False,True,True
20260804_seahub_CHEM13_shard001_G06_e01,20260804_seahub_CHEM13_shard001,1,True,True,False,True,True
20260804_seahub_CHEM13_shard001_G07_e01,20260804_seahub_CHEM13_shard001,1,True,False,True,True,True
20260804_seahub_CHEM13_shard001_G08_e01,20260804_seahub_CHEM13_shard001,1,True,True,False,True,True
20260804_seahub_CHEM13_shard001_G09_e01,20260804_seahub_CHEM13_shard001,1,False,False,False,True,True
20260804_seahub_CHEM13_shard001_G10_e01,20260804_seahub_CHEM13_shard001,1,False,False,False,True,True
20260804_seahub_CHEM13_shard001_G11_e01,20260804_seahub_CHEM13_shard001,1,True,True,False,True,True
20260804_seahub_CHEM13_shard001_G12_e01,20260804_seahub_CHEM13_shard001,1,True,True,False,True,True
20260804_seahub_CHEM13_shard001_H01_e01,20260804_seahub_CHEM13_shard001,1,False,False,False,True,True
20260804_seahub_CHEM13_shard001_H02_e01,20260804_seahub_CHEM13_shard001,1,True,True,False,True,True
20260804_seahub_CHEM13_shard001_H03_e01,20260804_seahub_CHEM13_shard001,1,True,True,False,True,True
20260804_seahub_CHEM13_shard001_H04_e01,20260804_seahub_CHEM13_shard001,1,True,True,False,True,True
20260804_seahub_CHEM13_shard001_H05_e01,20260804_seahub_CHEM13_shard001,1,False,False,False,True,True
20260804_seahub_CHEM13_shard001_H06_e01,20260804_seahub_CHEM13_shard001,1,False,False,False,True,True
20260804_seahub_CHEM13_shard001_H07_e01,20260804_seahub_CHEM13_shard001,1,False,False,False,True,True
20260804_seahub_CHEM13_shard001_H08_e01,20260804_seahub_CHEM13_shard001,1,False,False,False,True,True
20260804_seahub_CHEM13_shard001_H09_e01,20260804_seahub_CHEM13_shard001,1,False,False,False,True,True
20260804_seahub_CHEM13_shard001_H10_e01,20260804_seahub_CHEM13_shard001,1,False,False,False,True,True
20260804_seahub_CHEM13_shard001_H11_e01,20260804_seahub_CHEM13_shard001,1,False,False,False,True,True
20260804_seahub_CHEM13_shard001_H12_e01,20260804_seahub_CHEM13_shard001,1,False,False,False,True,True
20260804_seahub_CHEM13_shard002_A01_e01,20260804_seahub_CHEM13_shard002,1,False,False,False,True,True
20260804_seahub_CHEM13_shard002_A02_e01,20260804_seahub_CHEM13_shard002,1,False,False,False,True,True
20260804_seahub_CHEM13_shard002_A03_e01,20260804_seahub_CHEM13_shard002,1,True,True,False,True,True
20260804_seahub_CHEM13_shard002_A04_e01,20260804_seahub_CHEM13_shard002,1,True,True,False,True,True
20260804_seahub_CHEM13_shard002_A05_e01,20260804_seahub_CHEM13_shard002,1,False,False,False,True,True
20260804_seahub_CHEM13_shard002_A06_e01,20260804_seahub_CHEM13_shard002,1,False,False,False,True,True
20260804_seahub_CHEM13_shard002_A07_e01,20260804_seahub_CHEM13_shard002,1,False,False,False,True,True
20260804_seahub_CHEM13_shard002_A08_e01,20260804_seahub_CHEM13_shard002,1,False,False,False,True,True
20260804_seahub_CHEM13_shard002_A09_e01,20260804_seahub_CHEM13_shard002,1,True,True,False,True,True
20260804_seahub_CHEM13_shard002_A10_e01,20260804_seahub_CHEM13_shard002,1,False,False,False,True,True
20260804_seahub_CHEM13_shard002_A11_e01,20260804_seahub_CHEM13_shard002,1,True,True,False,True,True
20260804_seahub_CHEM13_shard002_A12_e01,20260804_seahub_CHEM13_shard002,1,True,True,False,True,True
20260804_seahub_CHEM13_shard002_B01_e01,20260804_seahub_CHEM13_shard002,1,False,False,False,True,True
20260804_seahub_CHEM13_shard002_B02_e01,20260804_seahub_CHEM13_shard002,1,True,True,False,True,True
20260804_seahub_CHEM13_shard002_B03_e01,20260804_seahub_CHEM13_shard002,1,False,False,False,True,True
20260804_seahub_CHEM13_shard002_B04_e01,20260804_seahub_CHEM13_shard002,1,True,True,False,True,True
20260804_seahub_CHEM13_shard002_B05_e01,20260804_seahub_CHEM13_shard002,1,False,False,False,True,True
20260804_seahub_CHEM13_shard002_B06_e01,20260804_seahub_CHEM13_shard002,1,True,True,False,True,True
20260804_seahub_CHEM13_shard002_B07_e01,20260804_seahub_CHEM13_shard002,1,False,False,False,True,True
20260804_seahub_CHEM13_shard002_B08_e01,20260804_seahub_CHEM13_shard002,1,False,False,False,True,True
20260804_seahub_CHEM13_shard002_B09_e01,20260804_seahub_CHEM13_shard002,1,False,False,False,True,True
20260804_seahub_CHEM13_shard002_B10_e01,20260804_seahub_CHEM13_shard002,1,False,False,False,True,True
20260804_seahub_CHEM13_shard002_B11_e01,20260804_seahub_CHEM13_shard002,1,False,False,False,True,True
20260804_seahub_CHEM13_shard002_B12_e01,20260804_seahub_CHEM13_shard002,1,False,False,False,True,True
20260804_seahub_CHEM13_shard002_C01_e01,20260804_seahub_CHEM13_shard002,1,True,True,False,True,True
20260804_seahub_CHEM13_shard002_C02_e01,20260804_seahub_CHEM13_shard002,1,False,False,False,True,True
20260804_seahub_CHEM13_shard002_C03_e01,20260804_seahub_CHEM13_shard002,1,True,True,False,True,True
20260804_seahub_CHEM13_shard002_C04_e01,20260804_seahub_CHEM13_shard002,1,True,True,False,True,True
20260804_seahub_CHEM13_shard002_C05_e01,20260804_seahub_CHEM13_shard002,1,False,False,False,True,True
20260804_seahub_CHEM13_shard002_C06_e01,20260804_seahub_CHEM13_shard002,1,True,True,False,True,True
20260804_seahub_CHEM13_shard002_C07_e01,20260804_seahub_CHEM13_shard002,1,True,True,False,True,True
20260804_seahub_CHEM13_shard002_C08_e01,20260804_seahub_CHEM13_shard002,1,True,True,False,True,True
20260804_seahub_CHEM13_shard002_C09_e01,20260804_seahub_CHEM13_shard002,1,False,False,False,True,True
20260804_seahub_CHEM13_shard002_C10_e01,20260804_seahub_CHEM13_shard002,1,False,False,False,True,True
20260804_seahub_CHEM13_shard002_C11_e01,20260804_seahub_CHEM13_shard002,1,False,False,False,True,True
20260804_seahub_CHEM13_shard002_C12_e01,20260804_seahub_CHEM13_shard002,1,False,False,False,True,True
20260804_seahub_CHEM13_shard002_D01_e01,20260804_seahub_CHEM13_shard002,1,False,False,False,True,True
20260804_seahub_CHEM13_shard002_D02_e01,20260804_seahub_CHEM13_shard002,1,False,False,False,True,True
20260804_seahub_CHEM13_shard002_D03_e01,20260804_seahub_CHEM13_shard002,1,False,False,False,True,True
20260804_seahub_CHEM13_shard002_D04_e01,20260804_seahub_CHEM13_shard002,1,False,False,False,True,True
20260804_seahub_CHEM13_shard002_D05_e01,20260804_seahub_CHEM13_shard002,1,True,True,False,True,True
20260804_seahub_CHEM13_shard002_D06_e01,20260804_seahub_CHEM13_shard002,1,True,True,False,True,True
20260804_seahub_CHEM13_shard002_D07_e01,20260804_seahub_CHEM13_shard002,1,False,False,False,True,True
20260804_seahub_CHEM13_shard002_D08_e01,20260804_seahub_CHEM13_shard002,1,True,True,False,True,True
20260804_seahub_CHEM13_shard002_D09_e01,20260804_seahub_CHEM13_shard002,1,True,True,False,True,True
20260804_seahub_CHEM13_shard002_D10_e01,20260804_seahub_CHEM13_shard002,1,True,True,False,True,True
20260804_seahub_CHEM13_shard002_D11_e01,20260804_seahub_CHEM13_shard002,1,True,True,False,True,True
20260804_seahub_CHEM13_shard002_D12_e01,20260804_seahub_CHEM13_shard002,1,True,True,False,True,True
20260804_seahub_CHEM13_shard002_E01_e01,20260804_seahub_CHEM13_shard002,1,False,False,False,True,True
20260804_seahub_CHEM13_shard002_E02_e01,20260804_seahub_CHEM13_shard002,1,True,True,False,True,True
20260804_seahub_CHEM13_shard002_E03_e01,20260804_seahub_CHEM13_shard002,1,False,False,False,True,True
20260804_seahub_CHEM13_shard002_E04_e01,20260804_seahub_CHEM13_shard002,1,False,False,False,True,True
20260804_seahub_CHEM13_shard002_E05_e01,20260804_seahub_CHEM13_shard002,1,False,False,False,True,True
20260804_seahub_CHEM13_shard002_E06_e01,20260804_seahub_CHEM13_shard002,1,False,False,False,True,True
20260804_seahub_CHEM13_shard002_E07_e01,20260804_seahub_CHEM13_shard002,1,False,False,False,True,True
20260804_seahub_CHEM13_shard002_E08_e01,20260804_seahub_CHEM13_shard002,1,True,True,False,True,True
20260804_seahub_CHEM13_shard002_E09_e01,20260804_seahub_CHEM13_shard002,1,False,False,False,True,True
20260804_seahub_CHEM13_shard002_E10_e01,20260804_seahub_CHEM13_shard002,1,False,False,False,True,True
20260804_seahub_CHEM13_shard002_E11_e01,20260804_seahub_CHEM13_shard002,1,False,False,False,True,True
20260804_seahub_CHEM13_shard002_E12_e01,20260804_seahub_CHEM13_shard002,1,False,False,False,True,True
20260804_seahub_CHEM13_shard002_F01_e01,20260804_seahub_CHEM13_shard002,1,False,False,False,True,True
20260804_seahub_CHEM13_shard002_F02_e01,20260804_seahub_CHEM13_shard002,1,False,False,False,True,True
20260804_seahub_CHEM13_shard002_F03_e01,20260804_seahub_CHEM13_shard002,1,False,False,False,True,True
20260804_seahub_CHEM13_shard002_F04_e01,20260804_seahub_CHEM13_shard002,1,False,False,False,True,True
20260804_seahub_CHEM13_shard002_F05_e01,20260804_seahub_CHEM13_shard002,1,False,False,False,True,True
20260804_seahub_CHEM13_shard002_F06_e01,20260804_seahub_CHEM13_shard002,1,False,False,False,True,True
20260804_seahub_CHEM13_shard002_F07_e01,20260804_seahub_CHEM13_shard002,1,True,True,False,True,True
20260804_seahub_CHEM13_shard002_F08_e01,20260804_seahub_CHEM13_shard002,1,True,True,False,True,True
20260804_seahub_CHEM13_shard002_F09_e01,20260804_seahub_CHEM13_shard002,1,True,True,False,True,True
20260804_seahub_CHEM13_shard002_F10_e01,20260804_seahub_CHEM13_shard002,1,False,False,False,True,True
20260804_seahub_CHEM13_shard002_F11_e01,20260804_seahub_CHEM13_shard002,1,True,True,False,True,True
20260804_seahub_CHEM13_shard002_F12_e01,20260804_seahub_CHEM13_shard002,1,True,True,False,True,True
20260804_seahub_CHEM13_shard002_G01_e01,20260804_seahub_CHEM13_shard002,1,True,True,False,True,True
20260804_seahub_CHEM13_shard002_G02_e01,20260804_seahub_CHEM13_shard002,1,False,False,False,True,True
20260804_seahub_CHEM13_shard002_G03_e01,20260804_seahub_CHEM13_shard002,1,False,False,False,True,True
20260804_seahub_CHEM13_shard002_G04_e01,20260804_seahub_CHEM13_shard002,1,False,False,False,True,True
20260804_seahub_CHEM13_shard002_G05_e01,20260804_seahub_CHEM13_shard002,1,False,False,False,True,True
20260804_seahub_CHEM13_shard002_G06_e01,20260804_seahub_CHEM13_shard002,1,False,False,False,True,True
20260804_seahub_CHEM13_shard002_G07_e01,20260804_seahub_CHEM13_shard002,1,True,True,False,True,True
20260804_seahub_CHEM13_shard002_G08_e01,20260804_seahub_CHEM13_shard002,1,True,True,False,True,True
20260804_seahub_CHEM13_shard002_G09_e01,20260804_seahub_CHEM13_shard002,1,True,True,False,True,True
20260804_seahub_CHEM13_shard002_G10_e01,20260804_seahub_CHEM13_shard002,1,False,False,False,True,True
20260804_seahub_CHEM13_shard002_G11_e01,20260804_seahub_CHEM13_shard002,1,False,False,False,True,True
20260804_seahub_CHEM13_shard002_G12_e01,20260804_seahub_CHEM13_shard002,1,False,False,False,True,True
20260804_seahub_CHEM13_shard002_H01_e01,20260804_seahub_CHEM13_shard002,1,False,False,False,True,True
20260804_seahub_CHEM13_shard002_H02_e01,20260804_seahub_CHEM13_shard002,1,False,False,False,True,True
20260804_seahub_CHEM13_shard002_H03_e01,20260804_seahub_CHEM13_shard002,1,False,False,False,True,True
20260804_seahub_CHEM13_shard002_H04_e01,20260804_seahub_CHEM13_shard002,1,False,False,False,True,True
20260804_seahub_CHEM15_shard001_A01_e01,20260804_seahub_CHEM15_shard001,1,False,False,False,True,True
20260804_seahub_CHEM15_shard001_A02_e01,20260804_seahub_CHEM15_shard001,1,False,False,False,True,True
20260804_seahub_CHEM15_shard001_A03_e01,20260804_seahub_CHEM15_shard001,1,False,False,False,True,True
20260804_seahub_CHEM15_shard001_A04_e01,20260804_seahub_CHEM15_shard001,1,False,False,False,True,True
20260804_seahub_CHEM15_shard001_A05_e01,20260804_seahub_CHEM15_shard001,1,False,False,False,True,True
20260804_seahub_CHEM15_shard001_A06_e01,20260804_seahub_CHEM15_shard001,1,False,False,False,True,True
20260804_seahub_CHEM15_shard001_A07_e01,20260804_seahub_CHEM15_shard001,1,False,False,False,True,True
20260804_seahub_CHEM15_shard001_A08_e01,20260804_seahub_CHEM15_shard001,1,False,False,False,True,True
20260804_seahub_CHEM15_shard001_A09_e01,20260804_seahub_CHEM15_shard001,1,False,False,False,True,True
20260804_seahub_CHEM15_shard001_A10_e01,20260804_seahub_CHEM15_shard001,1,False,False,False,True,True
20260804_seahub_CHEM15_shard001_A11_e01,20260804_seahub_CHEM15_shard001,1,False,False,False,True,True
20260804_seahub_CHEM15_shard001_A12_e01,20260804_seahub_CHEM15_shard001,1,False,False,False,True,True
20260804_seahub_CHEM15_shard001_B01_e01,20260804_seahub_CHEM15_shard001,1,False,False,False,True,True
20260804_seahub_CHEM15_shard001_B02_e01,20260804_seahub_CHEM15_shard001,1,False,False,False,True,True
20260804_seahub_CHEM15_shard001_B03_e01,20260804_seahub_CHEM15_shard001,1,False,False,False,True,True
20260804_seahub_CHEM15_shard001_B04_e01,20260804_seahub_CHEM15_shard001,1,False,False,False,True,True
20260804_seahub_CHEM15_shard001_B05_e01,20260804_seahub_CHEM15_shard001,1,False,False,False,True,True
20260804_seahub_CHEM15_shard001_B06_e01,20260804_seahub_CHEM15_shard001,1,False,False,False,True,True
20260804_seahub_CHEM15_shard001_B07_e01,20260804_seahub_CHEM15_shard001,1,False,False,False,True,True
20260804_seahub_CHEM15_shard001_B08_e01,20260804_seahub_CHEM15_shard001,1,False,False,False,True,True
20260804_seahub_CHEM15_shard001_B09_e01,20260804_seahub_CHEM15_shard001,1,False,False,False,True,True
20260804_seahub_CHEM15_shard001_B10_e01,20260804_seahub_CHEM15_shard001,1,False,False,False,True,True
20260804_seahub_CHEM15_shard001_B11_e01,20260804_seahub_CHEM15_shard001,1,False,False,False,True,True
20260804_seahub_CHEM15_shard001_B12_e01,20260804_seahub_CHEM15_shard001,1,False,False,False,True,True
20260804_seahub_CHEM15_shard001_C01_e01,20260804_seahub_CHEM15_shard001,1,False,False,False,True,True
20260804_seahub_CHEM15_shard001_C02_e01,20260804_seahub_CHEM15_shard001,1,False,False,False,True,True
20260804_seahub_CHEM15_shard001_C03_e01,20260804_seahub_CHEM15_shard001,1,True,True,False,True,True
20260804_seahub_CHEM15_shard001_C04_e01,20260804_seahub_CHEM15_shard001,1,True,True,False,True,True
20260804_seahub_CHEM15_shard001_C05_e01,20260804_seahub_CHEM15_shard001,1,False,False,False,True,True
20260804_seahub_CHEM15_shard001_C06_e01,20260804_seahub_CHEM15_shard001,1,False,False,False,True,True
20260804_seahub_CHEM15_shard001_C07_e01,20260804_seahub_CHEM15_shard001,1,False,False,False,True,True
20260804_seahub_CHEM15_shard001_C08_e01,20260804_seahub_CHEM15_shard001,1,False,False,False,True,True
20260804_seahub_CHEM15_shard001_C09_e01,20260804_seahub_CHEM15_shard001,1,False,False,False,True,True
20260804_seahub_CHEM15_shard001_C10_e01,20260804_seahub_CHEM15_shard001,1,False,False,False,True,True
20260804_seahub_CHEM15_shard001_C11_e01,20260804_seahub_CHEM15_shard001,1,False,False,False,True,True
20260804_seahub_CHEM15_shard001_C12_e01,20260804_seahub_CHEM15_shard001,1,False,False,False,True,True
20260804_seahub_CHEM15_shard001_D01_e01,20260804_seahub_CHEM15_shard001,1,False,False,False,True,True
20260804_seahub_CHEM15_shard001_D02_e01,20260804_seahub_CHEM15_shard001,1,False,False,False,True,True
20260804_seahub_CHEM15_shard001_D03_e01,20260804_seahub_CHEM15_shard001,1,False,False,False,True,True
20260804_seahub_CHEM15_shard001_D04_e01,20260804_seahub_CHEM15_shard001,1,False,False,False,True,True
20260804_seahub_CHEM15_shard001_D05_e01,20260804_seahub_CHEM15_shard001,1,False,False,False,True,True
20260804_seahub_CHEM15_shard001_D06_e01,20260804_seahub_CHEM15_shard001,1,True,True,False,True,True
20260804_seahub_CHEM15_shard001_D07_e01,20260804_seahub_CHEM15_shard001,1,False,False,False,True,True
20260804_seahub_CHEM15_shard001_D08_e01,20260804_seahub_CHEM15_shard001,1,True,True,False,True,True
20260804_seahub_CHEM15_shard001_D09_e01,20260804_seahub_CHEM15_shard001,1,False,False,False,True,True
20260804_seahub_CHEM15_shard001_D10_e01,20260804_seahub_CHEM15_shard001,1,True,True,False,True,True
20260804_seahub_CHEM15_shard001_D11_e01,20260804_seahub_CHEM15_shard001,1,False,False,False,True,True
20260804_seahub_CHEM15_shard001_D12_e01,20260804_seahub_CHEM15_shard001,1,False,False,False,True,True
20260804_seahub_CHEM15_shard001_E01_e01,20260804_seahub_CHEM15_shard001,1,False,False,False,True,True
20260804_seahub_CHEM15_shard001_E02_e01,20260804_seahub_CHEM15_shard001,1,False,False,False,True,True
20260804_seahub_CHEM15_shard001_E03_e01,20260804_seahub_CHEM15_shard001,1,False,False,False,True,True
20260804_seahub_CHEM15_shard001_E04_e01,20260804_seahub_CHEM15_shard001,1,False,False,False,True,True
20260804_seahub_CHEM15_shard001_E05_e01,20260804_seahub_CHEM15_shard001,1,False,False,False,True,True
20260804_seahub_CHEM15_shard001_E06_e01,20260804_seahub_CHEM15_shard001,1,False,False,False,True,True
20260804_seahub_CHEM15_shard001_E07_e01,20260804_seahub_CHEM15_shard001,1,False,False,False,True,True
20260804_seahub_CHEM15_shard001_E08_e01,20260804_seahub_CHEM15_shard001,1,False,False,False,True,True
20260804_seahub_CHEM15_shard001_E09_e01,20260804_seahub_CHEM15_shard001,1,False,False,False,True,True
20260804_seahub_CHEM15_shard001_E10_e01,20260804_seahub_CHEM15_shard001,1,False,False,False,True,True
20260804_seahub_CHEM15_shard001_E11_e01,20260804_seahub_CHEM15_shard001,1,False,False,False,True,True
20260804_seahub_CHEM15_shard001_E12_e01,20260804_seahub_CHEM15_shard001,1,False,False,False,True,True
20260804_seahub_CHEM15_shard001_F01_e01,20260804_seahub_CHEM15_shard001,1,False,False,False,True,True
20260804_seahub_CHEM15_shard001_F02_e01,20260804_seahub_CHEM15_shard001,1,False,False,False,True,True
20260804_seahub_CHEM15_shard001_F03_e01,20260804_seahub_CHEM15_shard001,1,False,False,False,True,True
20260804_seahub_CHEM15_shard001_F04_e01,20260804_seahub_CHEM15_shard001,1,False,False,False,True,True
20260804_seahub_CHEM15_shard001_F05_e01,20260804_seahub_CHEM15_shard001,1,False,False,False,True,True
20260804_seahub_CHEM15_shard001_F06_e01,20260804_seahub_CHEM15_shard001,1,False,False,False,True,True
20260804_seahub_CHEM15_shard001_F07_e01,20260804_seahub_CHEM15_shard001,1,False,False,False,True,True
20260804_seahub_CHEM15_shard001_F08_e01,20260804_seahub_CHEM15_shard001,1,False,False,False,True,True
20260804_seahub_CHEM15_shard001_F09_e01,20260804_seahub_CHEM15_shard001,1,False,False,False,True,True
20260804_seahub_CHEM15_shard001_F10_e01,20260804_seahub_CHEM15_shard001,1,False,False,False,True,True
20260804_seahub_CHEM15_shard001_F11_e01,20260804_seahub_CHEM15_shard001,1,False,False,False,True,True
20260804_seahub_CHEM15_shard001_F12_e01,20260804_seahub_CHEM15_shard001,1,False,False,False,True,True
20260804_seahub_CHEM15_shard001_G01_e01,20260804_seahub_CHEM15_shard001,1,False,False,False,True,True
20260804_seahub_CHEM15_shard001_G02_e01,20260804_seahub_CHEM15_shard001,1,False,False,False,True,True
20260804_seahub_CHEM15_shard001_G03_e01,20260804_seahub_CHEM15_shard001,1,False,False,False,True,True
20260804_seahub_CHEM15_shard001_G04_e01,20260804_seahub_CHEM15_shard001,1,False,False,False,True,True
20260804_seahub_CHEM15_shard001_G05_e01,20260804_seahub_CHEM15_shard001,1,False,False,False,True,True
20260804_seahub_CHEM15_shard001_G06_e01,20260804_seahub_CHEM15_shard001,1,False,False,False,True,True
20260804_seahub_CHEM15_shard001_G07_e01,20260804_seahub_CHEM15_shard001,1,False,False,False,True,True
20260804_seahub_CHEM15_shard001_G08_e01,20260804_seahub_CHEM15_shard001,1,False,False,False,True,True
20260804_seahub_CHEM15_shard001_G09_e01,20260804_seahub_CHEM15_shard001,1,False,False,False,True,True
20260804_seahub_CHEM15_shard001_G10_e01,20260804_seahub_CHEM15_shard001,1,False,False,False,True,True
20260804_seahub_CHEM15_shard001_G11_e01,20260804_seahub_CHEM15_shard001,1,False,False,False,True,True
20260804_seahub_CHEM15_shard001_G12_e01,20260804_seahub_CHEM15_shard001,1,False,False,False,True,True
20260804_seahub_CHEM15_shard001_H01_e01,20260804_seahub_CHEM15_shard001,1,False,False,False,True,True
20260804_seahub_CHEM15_shard001_H02_e01,20260804_seahub_CHEM15_shard001,1,False,False,False,True,True
20260804_seahub_CHEM15_shard001_H03_e01,20260804_seahub_CHEM15_shard001,1,False,False,False,True,True
20260804_seahub_CHEM15_shard001_H04_e01,20260804_seahub_CHEM15_shard001,1,False,False,False,True,True
20260804_seahub_CHEM15_shard001_H05_e01,20260804_seahub_CHEM15_shard001,1,False,False,False,True,True
20260804_seahub_CHEM15_shard001_H06_e01,20260804_seahub_CHEM15_shard001,1,False,False,False,True,True
20260804_seahub_CHEM15_shard001_H07_e01,20260804_seahub_CHEM15_shard001,1,False,False,False,True,True
20260804_seahub_CHEM15_shard001_H08_e01,20260804_seahub_CHEM15_shard001,1,False,False,False,True,True
20260804_seahub_CHEM15_shard001_H09_e01,20260804_seahub_CHEM15_shard001,1,False,False,False,True,True
20260804_seahub_CHEM15_shard001_H10_e01,20260804_seahub_CHEM15_shard001,1,False,False,False,True,True
20260804_seahub_CHEM15_shard001_H11_e01,20260804_seahub_CHEM15_shard001,1,False,False,False,True,True
20260804_seahub_CHEM15_shard001_H12_e01,20260804_seahub_CHEM15_shard001,1,False,False,False,True,True
20260804_seahub_CHEM15_shard002_A01_e01,20260804_seahub_CHEM15_shard002,1,False,False,False,True,True
20260804_seahub_CHEM15_shard002_A02_e01,20260804_seahub_CHEM15_shard002,1,False,False,False,True,True
20260804_seahub_CHEM15_shard002_A03_e01,20260804_seahub_CHEM15_shard002,1,False,False,False,True,True
20260804_seahub_CHEM15_shard002_A04_e01,20260804_seahub_CHEM15_shard002,1,False,False,False,True,True
20260804_seahub_CHEM15_shard002_A05_e01,20260804_seahub_CHEM15_shard002,1,False,False,False,True,True
20260804_seahub_CHEM15_shard002_A06_e01,20260804_seahub_CHEM15_shard002,1,False,False,False,True,True
20260804_seahub_CHEM15_shard002_A07_e01,20260804_seahub_CHEM15_shard002,1,False,False,False,True,True
20260804_seahub_CHEM15_shard002_A08_e01,20260804_seahub_CHEM15_shard002,1,False,False,False,True,True
20260804_seahub_CHEM15_shard002_A09_e01,20260804_seahub_CHEM15_shard002,1,False,False,False,True,True
20260804_seahub_CHEM15_shard002_A10_e01,20260804_seahub_CHEM15_shard002,1,False,False,False,True,True
20260804_seahub_CHEM15_shard002_A11_e01,20260804_seahub_CHEM15_shard002,1,False,False,False,True,True
20260804_seahub_CHEM15_shard002_A12_e01,20260804_seahub_CHEM15_shard002,1,False,False,False,True,True
20260804_seahub_CHEM15_shard002_B01_e01,20260804_seahub_CHEM15_shard002,1,False,False,False,True,True
20260804_seahub_CHEM15_shard002_B02_e01,20260804_seahub_CHEM15_shard002,1,False,False,False,True,True
20260804_seahub_CHEM15_shard002_B03_e01,20260804_seahub_CHEM15_shard002,1,False,False,False,True,True
20260804_seahub_CHEM15_shard002_B04_e01,20260804_seahub_CHEM15_shard002,1,False,False,False,True,True
20260804_seahub_CHEM15_shard002_B05_e01,20260804_seahub_CHEM15_shard002,1,False,False,False,True,True
20260804_seahub_CHEM15_shard002_B06_e01,20260804_seahub_CHEM15_shard002,1,False,False,False,True,True
20260804_seahub_CHEM15_shard002_B07_e01,20260804_seahub_CHEM15_shard002,1,True,False,True,True,True
20260804_seahub_CHEM15_shard002_B08_e01,20260804_seahub_CHEM15_shard002,1,False,False,False,True,True
20260804_seahub_CHEM15_shard002_B09_e01,20260804_seahub_CHEM15_shard002,1,False,False,False,True,True
20260804_seahub_CHEM15_shard002_B10_e01,20260804_seahub_CHEM15_shard002,1,False,False,False,True,True
20260804_seahub_CHEM15_shard002_B11_e01,20260804_seahub_CHEM15_shard002,1,False,False,False,True,True
20260804_seahub_CHEM15_shard002_B12_e01,20260804_seahub_CHEM15_shard002,1,False,False,False,True,True
20260804_seahub_CHEM15_shard002_C01_e01,20260804_seahub_CHEM15_shard002,1,False,False,False,True,True
20260804_seahub_CHEM15_shard002_C02_e01,20260804_seahub_CHEM15_shard002,1,False,False,False,True,True
20260804_seahub_CHEM15_shard002_C03_e01,20260804_seahub_CHEM15_shard002,1,True,True,False,True,True
20260804_seahub_CHEM15_shard002_C04_e01,20260804_seahub_CHEM15_shard002,1,False,False,False,True,True
20260804_seahub_CHEM15_shard002_C05_e01,20260804_seahub_CHEM15_shard002,1,False,False,False,True,True
20260804_seahub_CHEM15_shard002_C06_e01,20260804_seahub_CHEM15_shard002,1,False,False,False,True,True
20260804_seahub_CHEM15_shard002_C07_e01,20260804_seahub_CHEM15_shard002,1,False,False,False,True,True
20260804_seahub_CHEM15_shard002_C08_e01,20260804_seahub_CHEM15_shard002,1,False,False,False,True,True
20260804_seahub_CHEM15_shard002_C09_e01,20260804_seahub_CHEM15_shard002,1,False,False,False,True,True
20260804_seahub_CHEM15_shard002_C10_e01,20260804_seahub_CHEM15_shard002,1,False,False,False,True,True
20260804_seahub_CHEM15_shard002_C11_e01,20260804_seahub_CHEM15_shard002,1,False,False,False,True,True
20260804_seahub_CHEM15_shard002_C12_e01,20260804_seahub_CHEM15_shard002,1,False,False,False,True,True
20260804_seahub_CHEM15_shard002_D01_e01,20260804_seahub_CHEM15_shard002,1,False,False,False,True,True
20260804_seahub_CHEM15_shard002_D02_e01,20260804_seahub_CHEM15_shard002,1,False,False,False,True,True
20260804_seahub_CHEM15_shard002_D03_e01,20260804_seahub_CHEM15_shard002,1,False,False,False,True,True
20260804_seahub_CHEM15_shard002_D04_e01,20260804_seahub_CHEM15_shard002,1,False,False,False,True,True
20260804_seahub_CHEM15_shard002_D05_e01,20260804_seahub_CHEM15_shard002,1,False,False,False,True,True
20260804_seahub_CHEM15_shard002_D06_e01,20260804_seahub_CHEM15_shard002,1,False,False,False,True,True
20260804_seahub_CHEM15_shard002_D07_e01,20260804_seahub_CHEM15_shard002,1,True,True,False,True,True
20260804_seahub_CHEM15_shard002_D08_e01,20260804_seahub_CHEM15_shard002,1,False,False,False,True,True
20260804_seahub_CHEM15_shard002_D09_e01,20260804_seahub_CHEM15_shard002,1,False,False,False,True,True
20260804_seahub_CHEM15_shard002_D10_e01,20260804_seahub_CHEM15_shard002,1,False,False,False,True,True
20260804_seahub_CHEM15_shard002_D11_e01,20260804_seahub_CHEM15_shard002,1,False,False,False,True,True
20260804_seahub_CHEM15_shard002_D12_e01,20260804_seahub_CHEM15_shard002,1,False,False,False,True,True
20260804_seahub_CHEM15_shard002_E01_e01,20260804_seahub_CHEM15_shard002,1,False,False,False,True,True
20260804_seahub_CHEM15_shard002_E02_e01,20260804_seahub_CHEM15_shard002,1,False,False,False,True,True
20260804_seahub_CHEM15_shard002_E03_e01,20260804_seahub_CHEM15_shard002,1,False,False,False,True,True
20260804_seahub_CHEM15_shard002_E04_e01,20260804_seahub_CHEM15_shard002,1,False,False,False,True,True
20260804_seahub_CHEM15_shard002_E05_e01,20260804_seahub_CHEM15_shard002,1,False,False,False,True,True
20260804_seahub_CHEM15_shard002_E06_e01,20260804_seahub_CHEM15_shard002,1,False,False,False,True,True
20260804_seahub_CHEM15_shard002_E07_e01,20260804_seahub_CHEM15_shard002,1,False,False,False,True,True
20260804_seahub_CHEM15_shard002_E08_e01,20260804_seahub_CHEM15_shard002,1,False,False,False,True,True
20260804_seahub_CHEM15_shard002_E09_e01,20260804_seahub_CHEM15_shard002,1,False,False,False,True,True
20260804_seahub_CHEM15_shard002_E10_e01,20260804_seahub_CHEM15_shard002,1,False,False,False,True,True
20260804_seahub_CHEM15_shard002_E11_e01,20260804_seahub_CHEM15_shard002,1,False,False,False,True,True
20260804_seahub_CHEM15_shard002_E12_e01,20260804_seahub_CHEM15_shard002,1,False,False,False,True,True
20260804_seahub_CHEM15_shard002_F01_e01,20260804_seahub_CHEM15_shard002,1,False,False,False,True,True
20260804_seahub_CHEM15_shard002_F02_e01,20260804_seahub_CHEM15_shard002,1,False,False,False,True,True
20260804_seahub_CHEM15_shard002_F03_e01,20260804_seahub_CHEM15_shard002,1,False,False,False,True,True
20260804_seahub_CHEM15_shard002_F04_e01,20260804_seahub_CHEM15_shard002,1,False,False,False,True,True
20260804_seahub_CHEM15_shard002_F05_e01,20260804_seahub_CHEM15_shard002,1,False,False,False,True,True
20260804_seahub_CHEM15_shard002_F06_e01,20260804_seahub_CHEM15_shard002,1,False,False,False,True,True
20260804_seahub_CHEM15_shard002_F07_e01,20260804_seahub_CHEM15_shard002,1,False,False,False,True,True
20260804_seahub_CHEM15_shard002_F08_e01,20260804_seahub_CHEM15_shard002,1,False,False,False,True,True
20260804_seahub_CHEM15_shard002_F09_e01,20260804_seahub_CHEM15_shard002,1,False,False,False,True,True
20260804_seahub_CHEM15_shard002_F10_e01,20260804_seahub_CHEM15_shard002,1,False,False,False,True,True
20260804_seahub_CHEM15_shard002_F11_e01,20260804_seahub_CHEM15_shard002,1,False,False,False,True,True
20260804_seahub_CHEM15_shard002_F12_e01,20260804_seahub_CHEM15_shard002,1,False,False,False,True,True
20260804_seahub_CHEM15_shard002_G01_e01,20260804_seahub_CHEM15_shard002,1,False,False,False,True,True
20260804_seahub_CHEM15_shard002_G02_e01,20260804_seahub_CHEM15_shard002,1,False,False,False,True,True
20260804_seahub_CHEM15_shard002_G03_e01,20260804_seahub_CHEM15_shard002,1,False,False,False,True,True
20260804_seahub_CHEM15_shard002_G04_e01,20260804_seahub_CHEM15_shard002,1,False,False,False,True,True
20260804_seahub_CHEM15_shard002_G05_e01,20260804_seahub_CHEM15_shard002,1,False,False,False,True,True
20260804_seahub_CHEM15_shard002_G06_e01,20260804_seahub_CHEM15_shard002,1,False,False,False,True,True
20260804_seahub_CHEM15_shard002_G07_e01,20260804_seahub_CHEM15_shard002,1,False,False,False,True,True
20260804_seahub_CHEM15_shard002_G08_e01,20260804_seahub_CHEM15_shard002,1,False,False,False,True,True
20260804_seahub_CHEM15_shard002_G09_e01,20260804_seahub_CHEM15_shard002,1,False,False,False,True,True
20260804_seahub_CHEM15_shard002_G10_e01,20260804_seahub_CHEM15_shard002,1,False,False,False,True,True
20260804_seahub_CHEM15_shard002_G11_e01,20260804_seahub_CHEM15_shard002,1,False,False,False,True,True
20260804_seahub_CHEM15_shard002_G12_e01,20260804_seahub_CHEM15_shard002,1,False,False,False,True,True
20260804_seahub_CHEM15_shard002_H01_e01,20260804_seahub_CHEM15_shard002,1,False,False,False,True,True
20260804_seahub_CHEM15_shard002_H02_e01,20260804_seahub_CHEM15_shard002,1,False,False,False,True,True
20260804_seahub_CHEM15_shard002_H03_e01,20260804_seahub_CHEM15_shard002,1,False,False,False,True,True
20260804_seahub_CHEM15_shard002_H04_e01,20260804_seahub_CHEM15_shard002,1,False,False,False,True,True
20260804_seahub_CHEM15_shard002_H05_e01,20260804_seahub_CHEM15_shard002,1,False,False,False,True,True
20260804_seahub_CHEM15_shard002_H06_e01,20260804_seahub_CHEM15_shard002,1,False,False,False,True,True
20260804_seahub_CHEM15_shard002_H07_e01,20260804_seahub_CHEM15_shard002,1,False,False,False,True,True
20260804_seahub_CHEM15_shard002_H08_e01,20260804_seahub_CHEM15_shard002,1,False,False,False,True,True
20260804_seahub_CHEM15_shard002_H09_e01,20260804_seahub_CHEM15_shard002,1,False,False,False,True,True
20260804_seahub_CHEM15_shard002_H10_e01,20260804_seahub_CHEM15_shard002,1,False,False,False,True,True
20260804_seahub_CHEM15_shard002_H11_e01,20260804_seahub_CHEM15_shard002,1,False,False,False,True,True
20260804_seahub_CHEM15_shard002_H12_e01,20260804_seahub_CHEM15_shard002,1,False,False,False,True,True
20260804_seahub_CHEM15_shard003_A01_e01,20260804_seahub_CHEM15_shard003,1,False,False,False,True,True
20260804_seahub_CHEM15_shard003_A02_e01,20260804_seahub_CHEM15_shard003,1,False,False,False,True,True
20260804_seahub_CHEM15_shard003_A03_e01,20260804_seahub_CHEM15_shard003,1,False,False,False,True,True
20260804_seahub_CHEM15_shard003_A04_e01,20260804_seahub_CHEM15_shard003,1,False,False,False,True,True
20260804_seahub_CHEM15_shard003_A05_e01,20260804_seahub_CHEM15_shard003,1,False,False,False,True,True
20260804_seahub_CHEM15_shard003_A06_e01,20260804_seahub_CHEM15_shard003,1,False,False,False,True,True
20260804_seahub_CHEM15_shard003_A07_e01,20260804_seahub_CHEM15_shard003,1,False,False,False,True,True
20260804_seahub_CHEM15_shard003_A08_e01,20260804_seahub_CHEM15_shard003,1,False,False,False,True,True
20260804_seahub_CHEM15_shard003_A09_e01,20260804_seahub_CHEM15_shard003,1,False,False,False,True,True
20260804_seahub_CHEM15_shard003_A10_e01,20260804_seahub_CHEM15_shard003,1,False,False,False,True,True
20260804_seahub_CHEM15_shard003_A11_e01,20260804_seahub_CHEM15_shard003,1,False,False,False,True,True
20260804_seahub_CHEM15_shard003_A12_e01,20260804_seahub_CHEM15_shard003,1,False,False,False,True,True
20260804_seahub_CHEM15_shard003_B01_e01,20260804_seahub_CHEM15_shard003,1,False,False,False,True,True
20260804_seahub_CHEM15_shard003_B02_e01,20260804_seahub_CHEM15_shard003,1,False,False,False,True,True
20260804_seahub_CHEM15_shard003_B03_e01,20260804_seahub_CHEM15_shard003,1,False,False,False,True,True
20260804_seahub_CHEM15_shard003_B04_e01,20260804_seahub_CHEM15_shard003,1,False,False,False,True,True
20260804_seahub_CHEM15_shard003_B05_e01,20260804_seahub_CHEM15_shard003,1,False,False,False,True,True
20260804_seahub_CHEM15_shard003_B06_e01,20260804_seahub_CHEM15_shard003,1,False,False,False,True,True
20260804_seahub_CHEM15_shard003_B07_e01,20260804_seahub_CHEM15_shard003,1,False,False,False,True,True
20260804_seahub_CHEM15_shard003_B08_e01,20260804_seahub_CHEM15_shard003,1,False,False,False,True,True
20260804_seahub_CHEM15_shard003_B09_e01,20260804_seahub_CHEM15_shard003,1,False,False,False,True,True
20260804_seahub_CHEM15_shard003_B10_e01,20260804_seahub_CHEM15_shard003,1,False,False,False,True,True
20260804_seahub_CHEM15_shard003_B11_e01,20260804_seahub_CHEM15_shard003,1,False,False,False,True,True
20260804_seahub_CHEM15_shard003_B12_e01,20260804_seahub_CHEM15_shard003,1,False,False,False,True,True
20260804_seahub_CHEM15_shard003_C01_e01,20260804_seahub_CHEM15_shard003,1,False,False,False,True,True
20260804_seahub_CHEM15_shard003_C02_e01,20260804_seahub_CHEM15_shard003,1,False,False,False,True,True
20260804_seahub_CHEM15_shard003_C03_e01,20260804_seahub_CHEM15_shard003,1,False,False,False,True,True
20260804_seahub_CHEM15_shard003_C04_e01,20260804_seahub_CHEM15_shard003,1,False,False,False,True,True
20260804_seahub_CHEM15_shard003_C05_e01,20260804_seahub_CHEM15_shard003,1,False,False,False,True,True
20260804_seahub_CHEM15_shard003_C06_e01,20260804_seahub_CHEM15_shard003,1,False,False,False,True,True
20260804_seahub_CHEM15_shard003_C07_e01,20260804_seahub_CHEM15_shard003,1,False,False,False,True,True
20260804_seahub_CHEM15_shard003_C08_e01,20260804_seahub_CHEM15_shard003,1,False,False,False,True,True
20260804_seahub_CHEM15_shard003_C09_e01,20260804_seahub_CHEM15_shard003,1,False,False,False,True,True
20260804_seahub_CHEM15_shard003_C10_e01,20260804_seahub_CHEM15_shard003,1,False,False,False,True,True
20260804_seahub_CHEM15_shard003_C11_e01,20260804_seahub_CHEM15_shard003,1,False,False,False,True,True
20260804_seahub_CHEM15_shard003_C12_e01,20260804_seahub_CHEM15_shard003,1,False,False,False,True,True
20260804_seahub_CHEM15_shard003_D01_e01,20260804_seahub_CHEM15_shard003,1,False,False,False,True,True
20260804_seahub_CHEM15_shard003_D02_e01,20260804_seahub_CHEM15_shard003,1,False,False,False,True,True
20260804_seahub_CHEM15_shard003_D03_e01,20260804_seahub_CHEM15_shard003,1,False,False,False,True,True
20260804_seahub_CHEM15_shard003_D04_e01,20260804_seahub_CHEM15_shard003,1,False,False,False,True,True
20260804_seahub_CHEM15_shard003_D05_e01,20260804_seahub_CHEM15_shard003,1,False,False,False,True,True
20260804_seahub_CHEM15_shard003_D06_e01,20260804_seahub_CHEM15_shard003,1,False,False,False,True,True
20260804_seahub_CHEM15_shard003_D07_e01,20260804_seahub_CHEM15_shard003,1,False,False,False,True,True
20260804_seahub_CHEM15_shard003_D08_e01,20260804_seahub_CHEM15_shard003,1,False,False,False,True,True
20260804_seahub_CHEM15_shard003_D09_e01,20260804_seahub_CHEM15_shard003,1,False,False,False,True,True
20260804_seahub_CHEM15_shard003_D10_e01,20260804_seahub_CHEM15_shard003,1,False,False,False,True,True
20260804_seahub_CHEM15_shard003_D11_e01,20260804_seahub_CHEM15_shard003,1,False,False,False,True,True
20260804_seahub_CHEM15_shard003_D12_e01,20260804_seahub_CHEM15_shard003,1,False,False,False,True,True
20260804_seahub_CHEM15_shard003_E01_e01,20260804_seahub_CHEM15_shard003,1,False,False,False,True,True
20260804_seahub_CHEM15_shard003_E02_e01,20260804_seahub_CHEM15_shard003,1,False,False,False,True,True
20260804_seahub_CHEM15_shard003_E03_e01,20260804_seahub_CHEM15_shard003,1,False,False,False,True,True
20260804_seahub_CHEM15_shard003_E04_e01,20260804_seahub_CHEM15_shard003,1,False,False,False,True,True
20260804_seahub_CHEM15_shard003_E05_e01,20260804_seahub_CHEM15_shard003,1,False,False,False,True,True
20260804_seahub_CHEM15_shard003_E06_e01,20260804_seahub_CHEM15_shard003,1,False,False,False,True,True
20260804_seahub_CHEM15_shard003_E07_e01,20260804_seahub_CHEM15_shard003,1,False,False,False,True,True
20260804_seahub_CHEM15_shard003_E08_e01,20260804_seahub_CHEM15_shard003,1,False,False,False,True,True
20260804_seahub_CHEM15_shard003_E09_e01,20260804_seahub_CHEM15_shard003,1,False,False,False,True,True
20260804_seahub_CHEM15_shard003_E10_e01,20260804_seahub_CHEM15_shard003,1,False,False,False,True,True
20260804_seahub_CHEM15_shard003_E11_e01,20260804_seahub_CHEM15_shard003,1,False,False,False,True,True
20260804_seahub_CHEM15_shard003_E12_e01,20260804_seahub_CHEM15_shard003,1,False,False,False,True,True
20260804_seahub_CHEM15_shard003_F01_e01,20260804_seahub_CHEM15_shard003,1,False,False,False,True,True
20260804_seahub_CHEM15_shard003_F02_e01,20260804_seahub_CHEM15_shard003,1,False,False,False,True,True
20260804_seahub_CHEM15_shard003_F03_e01,20260804_seahub_CHEM15_shard003,1,False,False,False,True,True
20260804_seahub_CHEM15_shard003_F04_e01,20260804_seahub_CHEM15_shard003,1,False,False,False,True,True
20260804_seahub_CHEM15_shard003_F05_e01,20260804_seahub_CHEM15_shard003,1,False,False,False,True,True
20260804_seahub_CHEM15_shard003_F06_e01,20260804_seahub_CHEM15_shard003,1,False,False,False,True,True
20260804_seahub_CHEM15_shard003_F07_e01,20260804_seahub_CHEM15_shard003,1,False,False,False,True,True
20260804_seahub_CHEM15_shard003_F08_e01,20260804_seahub_CHEM15_shard003,1,False,False,False,True,True
20260804_seahub_CHEM15_shard003_F09_e01,20260804_seahub_CHEM15_shard003,1,False,False,False,True,True
20260804_seahub_CHEM15_shard003_F10_e01,20260804_seahub_CHEM15_shard003,1,False,False,False,True,True
20260804_seahub_CHEM15_shard003_F11_e01,20260804_seahub_CHEM15_shard003,1,False,False,False,True,True
20260804_seahub_CHEM15_shard003_F12_e01,20260804_seahub_CHEM15_shard003,1,False,False,False,True,True
20260804_seahub_CHEM15_shard003_G01_e01,20260804_seahub_CHEM15_shard003,1,False,False,False,True,True
20260804_seahub_CHEM15_shard003_G02_e01,20260804_seahub_CHEM15_shard003,1,False,False,False,True,True
20260804_seahub_CHEM15_shard003_G03_e01,20260804_seahub_CHEM15_shard003,1,False,False,False,True,True
20260804_seahub_CHEM15_shard003_G04_e01,20260804_seahub_CHEM15_shard003,1,False,False,False,True,True
20260804_seahub_CHEM15_shard003_G05_e01,20260804_seahub_CHEM15_shard003,1,False,False,False,True,True
20260804_seahub_CHEM15_shard003_G06_e01,20260804_seahub_CHEM15_shard003,1,False,False,False,True,True
20260804_seahub_CHEM15_shard003_G07_e01,20260804_seahub_CHEM15_shard003,1,False,False,False,True,True
20260804_seahub_CHEM15_shard003_G08_e01,20260804_seahub_CHEM15_shard003,1,False,False,False,True,True
20260804_seahub_CHEM15_shard003_G09_e01,20260804_seahub_CHEM15_shard003,1,False,False,False,True,True
20260804_seahub_CHEM15_shard003_G10_e01,20260804_seahub_CHEM15_shard003,1,False,False,False,True,True
20260804_seahub_CHEM15_shard003_G11_e01,20260804_seahub_CHEM15_shard003,1,False,False,False,True,True
20260804_seahub_CHEM15_shard003_G12_e01,20260804_seahub_CHEM15_shard003,1,False,False,False,True,True
20260804_seahub_CHEM15_shard003_H01_e01,20260804_seahub_CHEM15_shard003,1,False,False,False,True,True
20260804_seahub_CHEM15_shard003_H02_e01,20260804_seahub_CHEM15_shard003,1,False,False,False,True,True
20260804_seahub_CHEM15_shard003_H03_e01,20260804_seahub_CHEM15_shard003,1,False,False,False,True,True
20260804_seahub_CHEM15_shard003_H04_e01,20260804_seahub_CHEM15_shard003,1,False,False,False,True,True
20260804_seahub_CHEM15_shard003_H05_e01,20260804_seahub_CHEM15_shard003,1,False,False,False,True,True
20260804_seahub_CHEM15_shard003_H06_e01,20260804_seahub_CHEM15_shard003,1,False,False,False,True,True
20260804_seahub_CHEM15_shard003_H07_e01,20260804_seahub_CHEM15_shard003,1,False,False,False,True,True
20260804_seahub_CHEM15_shard003_H08_e01,20260804_seahub_CHEM15_shard003,1,False,False,False,True,True
20260804_seahub_CHEM15_shard003_H09_e01,20260804_seahub_CHEM15_shard003,1,False,False,False,True,True
20260804_seahub_CHEM15_shard003_H10_e01,20260804_seahub_CHEM15_shard003,1,False,False,False,True,True
20260804_seahub_CHEM15_shard003_H11_e01,20260804_seahub_CHEM15_shard003,1,False,False,False,True,True
20260804_seahub_CHEM15_shard003_H12_e01,20260804_seahub_CHEM15_shard003,1,False,False,False,True,True
20260804_seahub_CHEM15_shard004_A01_e01,20260804_seahub_CHEM15_shard004,1,False,False,False,True,True
20260804_seahub_CHEM15_shard004_A02_e01,20260804_seahub_CHEM15_shard004,1,False,False,False,True,True
20260804_seahub_CHEM15_shard004_A03_e01,20260804_seahub_CHEM15_shard004,1,False,False,False,True,True
20260804_seahub_CHEM15_shard004_A04_e01,20260804_seahub_CHEM15_shard004,1,False,False,False,True,True
20260804_seahub_CHEM15_shard004_A05_e01,20260804_seahub_CHEM15_shard004,1,False,False,False,True,True
20260804_seahub_CHEM15_shard004_A06_e01,20260804_seahub_CHEM15_shard004,1,False,False,False,True,True
20260804_seahub_CHEM15_shard004_A07_e01,20260804_seahub_CHEM15_shard004,1,False,False,False,True,True
20260804_seahub_CHEM15_shard004_A08_e01,20260804_seahub_CHEM15_shard004,1,False,False,False,True,True
20260804_seahub_CHEM15_shard004_A09_e01,20260804_seahub_CHEM15_shard004,1,False,False,False,True,True
20260804_seahub_CHEM15_shard004_A10_e01,20260804_seahub_CHEM15_shard004,1,False,False,False,True,True
20260804_seahub_CHEM15_shard004_A11_e01,20260804_seahub_CHEM15_shard004,1,False,False,False,True,True
20260804_seahub_CHEM15_shard004_A12_e01,20260804_seahub_CHEM15_shard004,1,False,False,False,True,True
20260804_seahub_CHEM15_shard004_B01_e01,20260804_seahub_CHEM15_shard004,1,False,False,False,True,True
20260804_seahub_CHEM15_shard004_B02_e01,20260804_seahub_CHEM15_shard004,1,False,False,False,True,True
20260804_seahub_CHEM15_shard004_B03_e01,20260804_seahub_CHEM15_shard004,1,False,False,False,True,True
20260804_seahub_CHEM15_shard004_B04_e01,20260804_seahub_CHEM15_shard004,1,False,False,False,True,True
20260804_seahub_CHEM15_shard004_B05_e01,20260804_seahub_CHEM15_shard004,1,False,False,False,True,True
20260804_seahub_CHEM15_shard004_B06_e01,20260804_seahub_CHEM15_shard004,1,False,False,False,True,True
20260804_seahub_CHEM15_shard004_B07_e01,20260804_seahub_CHEM15_shard004,1,False,False,False,True,True
20260804_seahub_CHEM15_shard004_B08_e01,20260804_seahub_CHEM15_shard004,1,False,False,False,True,True
20260804_seahub_CHEM15_shard004_B09_e01,20260804_seahub_CHEM15_shard004,1,False,False,False,True,True
20260804_seahub_CHEM15_shard004_B10_e01,20260804_seahub_CHEM15_shard004,1,False,False,False,True,True
20260804_seahub_CHEM15_shard004_B11_e01,20260804_seahub_CHEM15_shard004,1,False,False,False,True,True
20260804_seahub_CHEM15_shard004_B12_e01,20260804_seahub_CHEM15_shard004,1,False,False,False,True,True
20260804_seahub_CHEM15_shard004_C01_e01,20260804_seahub_CHEM15_shard004,1,False,False,False,True,True
20260804_seahub_CHEM15_shard004_C02_e01,20260804_seahub_CHEM15_shard004,1,False,False,False,True,True
20260804_seahub_CHEM15_shard004_C03_e01,20260804_seahub_CHEM15_shard004,1,False,False,False,True,True
20260804_seahub_CHEM15_shard004_C04_e01,20260804_seahub_CHEM15_shard004,1,False,False,False,True,True
20260804_seahub_CHEM15_shard004_C05_e01,20260804_seahub_CHEM15_shard004,1,False,False,False,True,True
20260804_seahub_CHEM15_shard004_C06_e01,20260804_seahub_CHEM15_shard004,1,False,False,False,True,True
20260804_seahub_CHEM15_shard004_C07_e01,20260804_seahub_CHEM15_shard004,1,False,False,False,True,True
20260804_seahub_CHEM15_shard004_C08_e01,20260804_seahub_CHEM15_shard004,1,False,False,False,True,True
20260804_seahub_CHEM15_shard004_C09_e01,20260804_seahub_CHEM15_shard004,1,False,False,False,True,True
20260804_seahub_CHEM15_shard004_C10_e01,20260804_seahub_CHEM15_shard004,1,False,False,False,True,True
20260804_seahub_CHEM15_shard004_C11_e01,20260804_seahub_CHEM15_shard004,1,False,False,False,True,True
20260804_seahub_CHEM15_shard004_C12_e01,20260804_seahub_CHEM15_shard004,1,False,False,False,True,True
20260804_seahub_CHEM15_shard004_D01_e01,20260804_seahub_CHEM15_shard004,1,False,False,False,True,True
20260804_seahub_CHEM15_shard004_D02_e01,20260804_seahub_CHEM15_shard004,1,False,False,False,True,True
20260804_seahub_CHEM15_shard004_D03_e01,20260804_seahub_CHEM15_shard004,1,False,False,False,True,True
20260804_seahub_CHEM15_shard004_D04_e01,20260804_seahub_CHEM15_shard004,1,False,False,False,True,True
20260804_seahub_CHEM15_shard004_D05_e01,20260804_seahub_CHEM15_shard004,1,False,False,False,True,True
20260804_seahub_CHEM15_shard004_D06_e01,20260804_seahub_CHEM15_shard004,1,False,False,False,True,True
20260804_seahub_CHEM15_shard004_D07_e01,20260804_seahub_CHEM15_shard004,1,False,False,False,True,True
20260804_seahub_CHEM15_shard004_D08_e01,20260804_seahub_CHEM15_shard004,1,False,False,False,True,True
20260804_seahub_CHEM15_shard004_D09_e01,20260804_seahub_CHEM15_shard004,1,False,False,False,True,True
20260804_seahub_CHEM15_shard004_D10_e01,20260804_seahub_CHEM15_shard004,1,False,False,False,True,True
20260804_seahub_CHEM15_shard004_D11_e01,20260804_seahub_CHEM15_shard004,1,False,False,False,True,True
20260804_seahub_CHEM15_shard004_D12_e01,20260804_seahub_CHEM15_shard004,1,False,False,False,True,True
20260804_seahub_CHEM15_shard004_E01_e01,20260804_seahub_CHEM15_shard004,1,False,False,False,True,True
20260804_seahub_CHEM15_shard004_E02_e01,20260804_seahub_CHEM15_shard004,1,False,False,False,True,True
20260804_seahub_CHEM15_shard004_E03_e01,20260804_seahub_CHEM15_shard004,1,False,False,False,True,True
20260804_seahub_CHEM15_shard004_E04_e01,20260804_seahub_CHEM15_shard004,1,False,False,False,True,True
20260804_seahub_CHEM15_shard004_E05_e01,20260804_seahub_CHEM15_shard004,1,False,False,False,True,True
20260804_seahub_CHEM15_shard004_E06_e01,20260804_seahub_CHEM15_shard004,1,False,False,False,True,True
20260804_seahub_CHEM15_shard004_E07_e01,20260804_seahub_CHEM15_shard004,1,False,False,False,True,True
20260804_seahub_CHEM15_shard004_E08_e01,20260804_seahub_CHEM15_shard004,1,False,False,False,True,True
20260804_seahub_CHEM15_shard004_E09_e01,20260804_seahub_CHEM15_shard004,1,True,True,False,True,True
20260804_seahub_CHEM15_shard004_E10_e01,20260804_seahub_CHEM15_shard004,1,False,False,False,True,True
20260804_seahub_CHEM15_shard004_E11_e01,20260804_seahub_CHEM15_shard004,1,False,False,False,True,True
20260804_seahub_CHEM15_shard004_E12_e01,20260804_seahub_CHEM15_shard004,1,True,True,False,True,True
20260804_seahub_CHEM15_shard004_F01_e01,20260804_seahub_CHEM15_shard004,1,False,False,False,True,True
20260804_seahub_CHEM15_shard004_F02_e01,20260804_seahub_CHEM15_shard004,1,False,False,False,True,True
20260804_seahub_CHEM15_shard004_F03_e01,20260804_seahub_CHEM15_shard004,1,False,False,False,True,True
20260804_seahub_CHEM15_shard004_F04_e01,20260804_seahub_CHEM15_shard004,1,True,True,False,True,True
20260804_seahub_CHEM15_shard004_F05_e01,20260804_seahub_CHEM15_shard004,1,False,False,False,True,True
20260804_seahub_CHEM15_shard004_F06_e01,20260804_seahub_CHEM15_shard004,1,False,False,False,True,True
20260804_seahub_CHEM15_shard004_F07_e01,20260804_seahub_CHEM15_shard004,1,False,False,False,True,True
20260804_seahub_CHEM15_shard004_F08_e01,20260804_seahub_CHEM15_shard004,1,False,False,False,True,True
20260804_seahub_CHEM15_shard004_F09_e01,20260804_seahub_CHEM15_shard004,1,False,False,False,True,True
20260804_seahub_CHEM15_shard004_F10_e01,20260804_seahub_CHEM15_shard004,1,False,False,False,True,True
20260804_seahub_CHEM15_shard004_F11_e01,20260804_seahub_CHEM15_shard004,1,False,False,False,True,True
20260804_seahub_CHEM15_shard004_F12_e01,20260804_seahub_CHEM15_shard004,1,False,False,False,True,True
20260804_seahub_CHEM15_shard004_G01_e01,20260804_seahub_CHEM15_shard004,1,False,False,False,True,True
20260804_seahub_CHEM15_shard004_G02_e01,20260804_seahub_CHEM15_shard004,1,False,False,False,True,True
20260804_seahub_CHEM15_shard004_G03_e01,20260804_seahub_CHEM15_shard004,1,False,False,False,True,True
20260804_seahub_CHEM15_shard004_G04_e01,20260804_seahub_CHEM15_shard004,1,False,False,False,True,True
20260804_seahub_CHEM15_shard004_G05_e01,20260804_seahub_CHEM15_shard004,1,False,False,False,True,True
20260804_seahub_CHEM15_shard004_G06_e01,20260804_seahub_CHEM15_shard004,1,False,False,False,True,True
20260804_seahub_CHEM15_shard004_G07_e01,20260804_seahub_CHEM15_shard004,1,False,False,False,True,True
20260804_seahub_CHEM15_shard004_G08_e01,20260804_seahub_CHEM15_shard004,1,False,False,False,True,True
20260804_seahub_CHEM15_shard004_G09_e01,20260804_seahub_CHEM15_shard004,1,False,False,False,True,True
20260804_seahub_CHEM15_shard004_G10_e01,20260804_seahub_CHEM15_shard004,1,False,False,False,True,True
20260804_seahub_CHEM15_shard004_G11_e01,20260804_seahub_CHEM15_shard004,1,False,False,False,True,True
20260804_seahub_CHEM15_shard004_G12_e01,20260804_seahub_CHEM15_shard004,1,False,False,False,True,True
20260804_seahub_CHEM15_shard004_H01_e01,20260804_seahub_CHEM15_shard004,1,True,True,False,True,True
20260804_seahub_CHEM15_shard004_H02_e01,20260804_seahub_CHEM15_shard004,1,False,False,False,True,True
20260804_seahub_CHEM15_shard004_H03_e01,20260804_seahub_CHEM15_shard004,1,False,False,False,True,True
20260804_seahub_CHEM15_shard004_H04_e01,20260804_seahub_CHEM15_shard004,1,True,True,False,True,True
20260804_seahub_CHEM15_shard004_H05_e01,20260804_seahub_CHEM15_shard004,1,False,False,False,True,True
20260804_seahub_CHEM15_shard004_H06_e01,20260804_seahub_CHEM15_shard004,1,False,False,False,True,True
20260804_seahub_CHEM15_shard004_H07_e01,20260804_seahub_CHEM15_shard004,1,False,False,False,True,True
20260804_seahub_CHEM15_shard004_H08_e01,20260804_seahub_CHEM15_shard004,1,False,False,False,True,True
20260804_seahub_CHEM15_shard004_H09_e01,20260804_seahub_CHEM15_shard004,1,False,False,False,True,True
20260804_seahub_CHEM15_shard004_H10_e01,20260804_seahub_CHEM15_shard004,1,False,False,False,True,True
20260804_seahub_CHEM15_shard004_H11_e01,20260804_seahub_CHEM15_shard004,1,False,False,False,True,True
20260804_seahub_CHEM15_shard004_H12_e01,20260804_seahub_CHEM15_shard004,1,False,False,False,True,True
20260804_seahub_CHEM15_shard005_A01_e01,20260804_seahub_CHEM15_shard005,1,False,False,False,True,True
20260804_seahub_CHEM15_shard005_A02_e01,20260804_seahub_CHEM15_shard005,1,False,False,False,True,True
20260804_seahub_CHEM15_shard005_A03_e01,20260804_seahub_CHEM15_shard005,1,False,False,False,True,True
20260804_seahub_CHEM15_shard005_A04_e01,20260804_seahub_CHEM15_shard005,1,False,False,False,True,True
20260804_seahub_CHEM15_shard005_A05_e01,20260804_seahub_CHEM15_shard005,1,False,False,False,True,True
20260804_seahub_CHEM15_shard005_A06_e01,20260804_seahub_CHEM15_shard005,1,False,False,False,True,True
20260804_seahub_CHEM15_shard005_A07_e01,20260804_seahub_CHEM15_shard005,1,False,False,False,True,True
20260804_seahub_CHEM15_shard005_A08_e01,20260804_seahub_CHEM15_shard005,1,True,True,False,True,True
20260804_seahub_CHEM15_shard005_A09_e01,20260804_seahub_CHEM15_shard005,1,False,False,False,True,True
20260804_seahub_CHEM15_shard005_A10_e01,20260804_seahub_CHEM15_shard005,1,False,False,False,True,True
20260804_seahub_CHEM15_shard005_A11_e01,20260804_seahub_CHEM15_shard005,1,False,False,False,True,True
20260804_seahub_CHEM15_shard005_A12_e01,20260804_seahub_CHEM15_shard005,1,False,False,False,True,True
20260804_seahub_CHEM15_shard005_B01_e01,20260804_seahub_CHEM15_shard005,1,False,False,False,True,True
20260804_seahub_CHEM15_shard005_B02_e01,20260804_seahub_CHEM15_shard005,1,False,False,False,True,True
20260804_seahub_CHEM15_shard005_B03_e01,20260804_seahub_CHEM15_shard005,1,False,False,False,True,True
20260804_seahub_CHEM15_shard005_B04_e01,20260804_seahub_CHEM15_shard005,1,False,False,False,True,True
20260804_seahub_CHEM15_shard005_B05_e01,20260804_seahub_CHEM15_shard005,1,False,False,False,True,True
20260804_seahub_CHEM15_shard005_B06_e01,20260804_seahub_CHEM15_shard005,1,True,True,False,True,True
20260804_seahub_CHEM15_shard005_B07_e01,20260804_seahub_CHEM15_shard005,1,False,False,False,True,True
20260804_seahub_CHEM15_shard005_B08_e01,20260804_seahub_CHEM15_shard005,1,True,True,False,True,True
20260804_seahub_CHEM15_shard005_B09_e01,20260804_seahub_CHEM15_shard005,1,False,False,False,True,True
20260804_seahub_CHEM15_shard005_B10_e01,20260804_seahub_CHEM15_shard005,1,True,True,False,True,True
20260804_seahub_CHEM15_shard005_B11_e01,20260804_seahub_CHEM15_shard005,1,False,False,False,True,True
20260804_seahub_CHEM15_shard005_B12_e01,20260804_seahub_CHEM15_shard005,1,False,False,False,True,True
20260804_seahub_CHEM15_shard005_C01_e01,20260804_seahub_CHEM15_shard005,1,False,False,False,True,True
20260804_seahub_CHEM15_shard005_C02_e01,20260804_seahub_CHEM15_shard005,1,False,False,False,True,True
20260804_seahub_CHEM15_shard005_C03_e01,20260804_seahub_CHEM15_shard005,1,False,False,False,True,True
20260804_seahub_CHEM15_shard005_C04_e01,20260804_seahub_CHEM15_shard005,1,False,False,False,True,True
20260804_seahub_CHEM15_shard005_C05_e01,20260804_seahub_CHEM15_shard005,1,True,False,True,True,True
20260804_seahub_CHEM15_shard005_C06_e01,20260804_seahub_CHEM15_shard005,1,False,False,False,True,True
20260804_seahub_CHEM15_shard005_C07_e01,20260804_seahub_CHEM15_shard005,1,False,False,False,True,True
20260804_seahub_CHEM15_shard005_C08_e01,20260804_seahub_CHEM15_shard005,1,True,False,True,True,True
20260804_seahub_CHEM15_shard005_C09_e01,20260804_seahub_CHEM15_shard005,1,False,False,False,True,True
20260804_seahub_CHEM15_shard005_C10_e01,20260804_seahub_CHEM15_shard005,1,False,False,False,True,True
20260804_seahub_CHEM15_shard005_C11_e01,20260804_seahub_CHEM15_shard005,1,False,False,False,True,True
20260804_seahub_CHEM15_shard005_C12_e01,20260804_seahub_CHEM15_shard005,1,False,False,False,True,True
20260804_seahub_CHEM15_shard005_D01_e01,20260804_seahub_CHEM15_shard005,1,False,False,False,True,True
20260804_seahub_CHEM15_shard005_D02_e01,20260804_seahub_CHEM15_shard005,1,False,False,False,True,True
20260804_seahub_CHEM15_shard005_D03_e01,20260804_seahub_CHEM15_shard005,1,False,False,False,True,True
20260804_seahub_CHEM15_shard005_D04_e01,20260804_seahub_CHEM15_shard005,1,False,False,False,True,True
20260804_seahub_CHEM15_shard005_D05_e01,20260804_seahub_CHEM15_shard005,1,False,False,False,True,True
20260804_seahub_CHEM15_shard005_D06_e01,20260804_seahub_CHEM15_shard005,1,True,False,True,True,True
20260804_seahub_CHEM15_shard005_D07_e01,20260804_seahub_CHEM15_shard005,1,False,False,False,True,True
20260804_seahub_CHEM15_shard005_D08_e01,20260804_seahub_CHEM15_shard005,1,True,False,True,True,True
20260804_seahub_CHEM15_shard005_D09_e01,20260804_seahub_CHEM15_shard005,1,False,False,False,True,True
20260804_seahub_CHEM15_shard005_D10_e01,20260804_seahub_CHEM15_shard005,1,True,False,True,True,True
20260804_seahub_CHEM15_shard005_D11_e01,20260804_seahub_CHEM15_shard005,1,False,False,False,True,True
20260804_seahub_CHEM15_shard005_D12_e01,20260804_seahub_CHEM15_shard005,1,False,False,False,True,True
20260804_seahub_CHEM16_shard001_A01_e01,20260804_seahub_CHEM16_shard001,1,False,False,False,True,True
20260804_seahub_CHEM16_shard001_A02_e01,20260804_seahub_CHEM16_shard001,1,False,False,False,True,True
20260804_seahub_CHEM16_shard001_A03_e01,20260804_seahub_CHEM16_shard001,1,False,False,False,True,True
20260804_seahub_CHEM16_shard001_A04_e01,20260804_seahub_CHEM16_shard001,1,False,False,False,True,True
20260804_seahub_CHEM16_shard001_A05_e01,20260804_seahub_CHEM16_shard001,1,False,False,False,True,True
20260804_seahub_CHEM16_shard001_A06_e01,20260804_seahub_CHEM16_shard001,1,False,False,False,True,True
20260804_seahub_CHEM16_shard001_A07_e01,20260804_seahub_CHEM16_shard001,1,False,False,False,True,True
20260804_seahub_CHEM16_shard001_A08_e01,20260804_seahub_CHEM16_shard001,1,False,False,False,True,True
20260804_seahub_CHEM16_shard001_A09_e01,20260804_seahub_CHEM16_shard001,1,True,True,False,True,True
20260804_seahub_CHEM16_shard001_A10_e01,20260804_seahub_CHEM16_shard001,1,False,False,False,True,True
20260804_seahub_CHEM16_shard001_A11_e01,20260804_seahub_CHEM16_shard001,1,True,True,False,True,True
20260804_seahub_CHEM16_shard001_A12_e01,20260804_seahub_CHEM16_shard001,1,False,False,False,True,True
20260804_seahub_CHEM16_shard001_B01_e01,20260804_seahub_CHEM16_shard001,1,False,False,False,True,True
20260804_seahub_CHEM16_shard001_B02_e01,20260804_seahub_CHEM16_shard001,1,False,False,False,True,True
20260804_seahub_CHEM16_shard001_B03_e01,20260804_seahub_CHEM16_shard001,1,True,True,False,True,True
20260804_seahub_CHEM16_shard001_B04_e01,20260804_seahub_CHEM16_shard001,1,False,False,False,True,True
20260804_seahub_CHEM16_shard001_B05_e01,20260804_seahub_CHEM16_shard001,1,True,True,False,True,True
20260804_seahub_CHEM16_shard001_B06_e01,20260804_seahub_CHEM16_shard001,1,True,True,False,True,True
20260804_seahub_CHEM16_shard001_B07_e01,20260804_seahub_CHEM16_shard001,1,True,True,False,True,True
20260804_seahub_CHEM16_shard001_B08_e01,20260804_seahub_CHEM16_shard001,1,True,True,False,True,True
20260804_seahub_CHEM16_shard001_B09_e01,20260804_seahub_CHEM16_shard001,1,True,True,False,True,True
20260804_seahub_CHEM16_shard001_B10_e01,20260804_seahub_CHEM16_shard001,1,True,True,False,True,True
20260804_seahub_CHEM16_shard001_B11_e01,20260804_seahub_CHEM16_shard001,1,True,True,False,True,True
20260804_seahub_CHEM16_shard001_B12_e01,20260804_seahub_CHEM16_shard001,1,True,True,False,True,True
20260804_seahub_CHEM16_shard001_C01_e01,20260804_seahub_CHEM16_shard001,1,True,True,False,True,True
20260804_seahub_CHEM16_shard001_C02_e01,20260804_seahub_CHEM16_shard001,1,True,True,False,True,True
20260804_seahub_CHEM16_shard001_C03_e01,20260804_seahub_CHEM16_shard001,1,True,True,False,True,True
20260804_seahub_CHEM16_shard001_C04_e01,20260804_seahub_CHEM16_shard001,1,True,True,False,True,True
20260804_seahub_CHEM16_shard001_C05_e01,20260804_seahub_CHEM16_shard001,1,True,True,False,True,True
20260804_seahub_CHEM16_shard001_C06_e01,20260804_seahub_CHEM16_shard001,1,True,True,False,True,True
20260804_seahub_CHEM16_shard001_C07_e01,20260804_seahub_CHEM16_shard001,1,True,True,False,True,True
20260804_seahub_CHEM16_shard001_C08_e01,20260804_seahub_CHEM16_shard001,1,True,True,False,True,True
20260804_seahub_CHEM16_shard001_C09_e01,20260804_seahub_CHEM16_shard001,1,False,False,False,True,True
20260804_seahub_CHEM16_shard001_C10_e01,20260804_seahub_CHEM16_shard001,1,False,False,False,True,True
20260804_seahub_CHEM16_shard001_C11_e01,20260804_seahub_CHEM16_shard001,1,False,False,False,True,True
20260804_seahub_CHEM16_shard001_C12_e01,20260804_seahub_CHEM16_shard001,1,False,False,False,True,True
20260804_seahub_CHEM16_shard001_D01_e01,20260804_seahub_CHEM16_shard001,1,False,False,False,True,True
20260804_seahub_CHEM16_shard001_D02_e01,20260804_seahub_CHEM16_shard001,1,False,False,False,True,True
20260804_seahub_CHEM16_shard001_D03_e01,20260804_seahub_CHEM16_shard001,1,False,False,False,True,True
20260804_seahub_CHEM16_shard001_D04_e01,20260804_seahub_CHEM16_shard001,1,False,False,False,True,True
20260804_seahub_CHEM16_shard001_D05_e01,20260804_seahub_CHEM16_shard001,1,True,True,False,True,True
20260804_seahub_CHEM16_shard001_D06_e01,20260804_seahub_CHEM16_shard001,1,True,True,False,True,True
20260804_seahub_CHEM16_shard001_D07_e01,20260804_seahub_CHEM16_shard001,1,True,True,False,True,True
20260804_seahub_CHEM16_shard001_D08_e01,20260804_seahub_CHEM16_shard001,1,True,True,False,True,True
20260804_seahub_CHEM16_shard001_D09_e01,20260804_seahub_CHEM16_shard001,1,True,True,False,True,True
20260804_seahub_CHEM16_shard001_D10_e01,20260804_seahub_CHEM16_shard001,1,True,True,False,True,True
20260804_seahub_CHEM16_shard001_D11_e01,20260804_seahub_CHEM16_shard001,1,True,True,False,True,True
20260804_seahub_CHEM16_shard001_D12_e01,20260804_seahub_CHEM16_shard001,1,True,True,False,True,True
20260804_seahub_CHEM16_shard001_E01_e01,20260804_seahub_CHEM16_shard001,1,False,False,False,True,True
20260804_seahub_CHEM16_shard001_E02_e01,20260804_seahub_CHEM16_shard001,1,False,False,False,True,True
20260804_seahub_CHEM16_shard001_E03_e01,20260804_seahub_CHEM16_shard001,1,False,False,False,True,True
20260804_seahub_CHEM16_shard001_E04_e01,20260804_seahub_CHEM16_shard001,1,False,False,False,True,True
20260804_seahub_CHEM16_shard001_E05_e01,20260804_seahub_CHEM16_shard001,1,False,False,False,True,True
20260804_seahub_CHEM16_shard001_E06_e01,20260804_seahub_CHEM16_shard001,1,False,False,False,True,True
20260804_seahub_CHEM16_shard001_E07_e01,20260804_seahub_CHEM16_shard001,1,False,False,False,True,True
20260804_seahub_CHEM16_shard001_E08_e01,20260804_seahub_CHEM16_shard001,1,False,False,False,True,True
20260804_seahub_CHEM16_shard001_E09_e01,20260804_seahub_CHEM16_shard001,1,False,False,False,True,True
20260804_seahub_CHEM16_shard001_E10_e01,20260804_seahub_CHEM16_shard001,1,False,False,False,True,True
20260804_seahub_CHEM16_shard001_E11_e01,20260804_seahub_CHEM16_shard001,1,False,False,False,True,True
20260804_seahub_CHEM16_shard001_E12_e01,20260804_seahub_CHEM16_shard001,1,False,False,False,True,True
20260804_seahub_CHEM16_shard001_F01_e01,20260804_seahub_CHEM16_shard001,1,False,False,False,True,True
20260804_seahub_CHEM16_shard001_F02_e01,20260804_seahub_CHEM16_shard001,1,False,False,False,True,True
20260804_seahub_CHEM16_shard001_F03_e01,20260804_seahub_CHEM16_shard001,1,False,False,False,True,True
20260804_seahub_CHEM16_shard001_F04_e01,20260804_seahub_CHEM16_shard001,1,False,False,False,True,True
20260804_seahub_CHEM16_shard001_F05_e01,20260804_seahub_CHEM16_shard001,1,False,False,False,True,True
20260804_seahub_CHEM16_shard001_F06_e01,20260804_seahub_CHEM16_shard001,1,False,False,False,True,True
20260804_seahub_CHEM16_shard001_F07_e01,20260804_seahub_CHEM16_shard001,1,False,False,False,True,True
20260804_seahub_CHEM16_shard001_F08_e01,20260804_seahub_CHEM16_shard001,1,False,False,False,True,True
20260804_seahub_CHEM16_shard001_F09_e01,20260804_seahub_CHEM16_shard001,1,False,False,False,True,True
20260804_seahub_CHEM16_shard001_F10_e01,20260804_seahub_CHEM16_shard001,1,False,False,False,True,True
20260804_seahub_CHEM16_shard001_F11_e01,20260804_seahub_CHEM16_shard001,1,False,False,False,True,True
20260804_seahub_CHEM16_shard001_F12_e01,20260804_seahub_CHEM16_shard001,1,False,False,False,True,True
20260804_seahub_CHEM16_shard001_G01_e01,20260804_seahub_CHEM16_shard001,1,False,False,False,True,True
20260804_seahub_CHEM16_shard001_G02_e01,20260804_seahub_CHEM16_shard001,1,False,False,False,True,True
20260804_seahub_CHEM16_shard001_G03_e01,20260804_seahub_CHEM16_shard001,1,False,False,False,True,True
20260804_seahub_CHEM16_shard001_G04_e01,20260804_seahub_CHEM16_shard001,1,False,False,False,True,True
20260804_seahub_CHEM16_shard001_G05_e01,20260804_seahub_CHEM16_shard001,1,False,False,False,True,True
20260804_seahub_CHEM16_shard001_G06_e01,20260804_seahub_CHEM16_shard001,1,False,False,False,True,True
20260804_seahub_CHEM16_shard001_G07_e01,20260804_seahub_CHEM16_shard001,1,False,False,False,True,True
20260804_seahub_CHEM16_shard001_G08_e01,20260804_seahub_CHEM16_shard001,1,False,False,False,True,True
20260804_seahub_CHEM16_shard001_G09_e01,20260804_seahub_CHEM16_shard001,1,False,False,False,True,True
20260804_seahub_CHEM16_shard001_G10_e01,20260804_seahub_CHEM16_shard001,1,False,False,False,True,True
20260804_seahub_CHEM16_shard001_G11_e01,20260804_seahub_CHEM16_shard001,1,False,False,False,True,True
20260804_seahub_CHEM16_shard001_G12_e01,20260804_seahub_CHEM16_shard001,1,False,False,False,True,True
20260804_seahub_CHEM16_shard001_H01_e01,20260804_seahub_CHEM16_shard001,1,False,False,False,True,True
20260804_seahub_CHEM16_shard001_H02_e01,20260804_seahub_CHEM16_shard001,1,False,False,False,True,True
20260804_seahub_CHEM16_shard001_H03_e01,20260804_seahub_CHEM16_shard001,1,False,False,False,True,True
20260804_seahub_CHEM16_shard001_H04_e01,20260804_seahub_CHEM16_shard001,1,False,False,False,True,True
20260804_seahub_CHEM16_shard001_H05_e01,20260804_seahub_CHEM16_shard001,1,False,False,False,True,True
20260804_seahub_CHEM16_shard001_H06_e01,20260804_seahub_CHEM16_shard001,1,False,False,False,True,True
20260804_seahub_CHEM16_shard001_H07_e01,20260804_seahub_CHEM16_shard001,1,False,False,False,True,True
20260804_seahub_CHEM16_shard001_H08_e01,20260804_seahub_CHEM16_shard001,1,False,False,False,True,True
20260804_seahub_CHEM16_shard001_H09_e01,20260804_seahub_CHEM16_shard001,1,False,False,False,True,True
20260804_seahub_CHEM16_shard001_H10_e01,20260804_seahub_CHEM16_shard001,1,False,False,False,True,True
20260804_seahub_CHEM16_shard001_H11_e01,20260804_seahub_CHEM16_shard001,1,False,False,False,True,True
20260804_seahub_CHEM16_shard001_H12_e01,20260804_seahub_CHEM16_shard001,1,False,False,False,True,True
20260804_seahub_CHEM16_shard002_A01_e01,20260804_seahub_CHEM16_shard002,1,True,True,False,True,True
20260804_seahub_CHEM16_shard002_A02_e01,20260804_seahub_CHEM16_shard002,1,True,True,False,True,True
20260804_seahub_CHEM16_shard002_A03_e01,20260804_seahub_CHEM16_shard002,1,False,False,False,True,True
20260804_seahub_CHEM16_shard002_A04_e01,20260804_seahub_CHEM16_shard002,1,True,True,False,True,True
20260804_seahub_CHEM16_shard002_A05_e01,20260804_seahub_CHEM16_shard002,1,True,True,False,True,True
20260804_seahub_CHEM16_shard002_A06_e01,20260804_seahub_CHEM16_shard002,1,False,False,False,True,True
20260804_seahub_CHEM16_shard002_A07_e01,20260804_seahub_CHEM16_shard002,1,False,False,False,True,True
20260804_seahub_CHEM16_shard002_A08_e01,20260804_seahub_CHEM16_shard002,1,False,False,False,True,True
20260804_seahub_CHEM16_shard002_A09_e01,20260804_seahub_CHEM16_shard002,1,False,False,False,True,True
20260804_seahub_CHEM16_shard002_A10_e01,20260804_seahub_CHEM16_shard002,1,False,False,False,True,True
20260804_seahub_CHEM16_shard002_A11_e01,20260804_seahub_CHEM16_shard002,1,False,False,False,True,True
20260804_seahub_CHEM16_shard002_A12_e01,20260804_seahub_CHEM16_shard002,1,False,False,False,True,True
20260804_seahub_CHEM16_shard002_B01_e01,20260804_seahub_CHEM16_shard002,1,False,False,False,True,True
20260804_seahub_CHEM16_shard002_B02_e01,20260804_seahub_CHEM16_shard002,1,False,False,False,True,True
20260804_seahub_CHEM16_shard002_B03_e01,20260804_seahub_CHEM16_shard002,1,False,False,False,True,True
20260804_seahub_CHEM16_shard002_B04_e01,20260804_seahub_CHEM16_shard002,1,False,False,False,True,True
20260804_seahub_CHEM16_shard002_B05_e01,20260804_seahub_CHEM16_shard002,1,True,True,False,True,True
20260804_seahub_CHEM16_shard002_B06_e01,20260804_seahub_CHEM16_shard002,1,False,False,False,True,True
20260804_seahub_CHEM16_shard002_B07_e01,20260804_seahub_CHEM16_shard002,1,False,False,False,True,True
20260804_seahub_CHEM16_shard002_B08_e01,20260804_seahub_CHEM16_shard002,1,False,False,False,True,True
20260804_seahub_CHEM16_shard002_B09_e01,20260804_seahub_CHEM16_shard002,1,False,False,False,True,True
20260804_seahub_CHEM16_shard002_B10_e01,20260804_seahub_CHEM16_shard002,1,False,False,False,True,True
20260804_seahub_CHEM16_shard002_B11_e01,20260804_seahub_CHEM16_shard002,1,False,False,False,True,True
20260804_seahub_CHEM16_shard002_B12_e01,20260804_seahub_CHEM16_shard002,1,False,False,False,True,True
20260804_seahub_CHEM16_shard002_C01_e01,20260804_seahub_CHEM16_shard002,1,False,False,False,True,True
20260804_seahub_CHEM16_shard002_C02_e01,20260804_seahub_CHEM16_shard002,1,True,True,False,True,True
20260804_seahub_CHEM16_shard002_C03_e01,20260804_seahub_CHEM16_shard002,1,True,True,False,True,True
20260804_seahub_CHEM16_shard002_C04_e01,20260804_seahub_CHEM16_shard002,1,False,False,False,True,True
20260804_seahub_CHEM16_shard002_C05_e01,20260804_seahub_CHEM16_shard002,1,False,False,False,True,True
20260804_seahub_CHEM16_shard002_C06_e01,20260804_seahub_CHEM16_shard002,1,False,False,False,True,True
20260804_seahub_CHEM16_shard002_C07_e01,20260804_seahub_CHEM16_shard002,1,False,False,False,True,True
20260804_seahub_CHEM16_shard002_C08_e01,20260804_seahub_CHEM16_shard002,1,False,False,False,True,True
20260804_seahub_CHEM16_shard002_C09_e01,20260804_seahub_CHEM16_shard002,1,False,False,False,True,True
20260804_seahub_CHEM16_shard002_C10_e01,20260804_seahub_CHEM16_shard002,1,False,False,False,True,True
20260804_seahub_CHEM16_shard002_C11_e01,20260804_seahub_CHEM16_shard002,1,False,False,False,True,True
20260804_seahub_CHEM16_shard002_C12_e01,20260804_seahub_CHEM16_shard002,1,False,False,False,True,True
20260804_seahub_CHEM16_shard002_D01_e01,20260804_seahub_CHEM16_shard002,1,False,False,False,True,True
20260804_seahub_CHEM16_shard002_D02_e01,20260804_seahub_CHEM16_shard002,1,False,False,False,True,True
20260804_seahub_CHEM16_shard002_D03_e01,20260804_seahub_CHEM16_shard002,1,False,False,False,True,True
20260804_seahub_CHEM16_shard002_D04_e01,20260804_seahub_CHEM16_shard002,1,False,False,False,True,True
20260804_seahub_CHEM16_shard002_D05_e01,20260804_seahub_CHEM16_shard002,1,False,False,False,True,True
20260804_seahub_CHEM16_shard002_D06_e01,20260804_seahub_CHEM16_shard002,1,False,False,False,True,True
20260804_seahub_CHEM16_shard002_D07_e01,20260804_seahub_CHEM16_shard002,1,True,True,False,True,True
20260804_seahub_CHEM16_shard002_D08_e01,20260804_seahub_CHEM16_shard002,1,False,False,False,True,True
20260804_seahub_CHEM16_shard002_D09_e01,20260804_seahub_CHEM16_shard002,1,True,True,False,True,True
20260804_seahub_CHEM16_shard002_D10_e01,20260804_seahub_CHEM16_shard002,1,False,False,False,True,True
20260804_seahub_CHEM16_shard002_D11_e01,20260804_seahub_CHEM16_shard002,1,False,False,False,True,True
20260804_seahub_CHEM16_shard002_D12_e01,20260804_seahub_CHEM16_shard002,1,False,False,False,True,True
20260804_seahub_CHEM16_shard002_E01_e01,20260804_seahub_CHEM16_shard002,1,True,True,False,True,True
20260804_seahub_CHEM16_shard002_E02_e01,20260804_seahub_CHEM16_shard002,1,True,True,False,True,True
20260804_seahub_CHEM16_shard002_E03_e01,20260804_seahub_CHEM16_shard002,1,True,True,False,True,True
20260804_seahub_CHEM16_shard002_E04_e01,20260804_seahub_CHEM16_shard002,1,True,True,False,True,True
20260804_seahub_CHEM16_shard002_E05_e01,20260804_seahub_CHEM16_shard002,1,True,True,False,True,True
20260804_seahub_CHEM16_shard002_E06_e01,20260804_seahub_CHEM16_shard002,1,True,True,False,True,True
20260804_seahub_CHEM16_shard002_E07_e01,20260804_seahub_CHEM16_shard002,1,True,True,False,True,True
20260804_seahub_CHEM16_shard002_E08_e01,20260804_seahub_CHEM16_shard002,1,True,True,False,True,True
20260804_seahub_CHEM16_shard002_E09_e01,20260804_seahub_CHEM16_shard002,1,True,True,False,True,True
20260804_seahub_CHEM16_shard002_E10_e01,20260804_seahub_CHEM16_shard002,1,True,True,False,True,True
20260804_seahub_CHEM16_shard002_E11_e01,20260804_seahub_CHEM16_shard002,1,True,True,False,True,True
20260804_seahub_CHEM16_shard002_E12_e01,20260804_seahub_CHEM16_shard002,1,True,True,False,True,True
20260804_seahub_CHEM16_shard002_F01_e01,20260804_seahub_CHEM16_shard002,1,True,True,False,True,True
20260804_seahub_CHEM16_shard002_F02_e01,20260804_seahub_CHEM16_shard002,1,True,True,False,True,True
20260804_seahub_CHEM16_shard002_F03_e01,20260804_seahub_CHEM16_shard002,1,True,True,False,True,True
20260804_seahub_CHEM16_shard002_F04_e01,20260804_seahub_CHEM16_shard002,1,True,True,False,True,True
20260804_seahub_CHEM16_shard002_F05_e01,20260804_seahub_CHEM16_shard002,1,True,True,False,True,True
20260804_seahub_CHEM16_shard002_F06_e01,20260804_seahub_CHEM16_shard002,1,True,True,False,True,True
20260804_seahub_CHEM16_shard002_F07_e01,20260804_seahub_CHEM16_shard002,1,True,True,False,True,True
20260804_seahub_CHEM16_shard002_F08_e01,20260804_seahub_CHEM16_shard002,1,True,True,False,True,True
20260804_seahub_CHEM16_shard002_F09_e01,20260804_seahub_CHEM16_shard002,1,True,True,False,True,True
20260804_seahub_CHEM16_shard002_F10_e01,20260804_seahub_CHEM16_shard002,1,True,True,False,True,True
20260804_seahub_CHEM16_shard002_F11_e01,20260804_seahub_CHEM16_shard002,1,True,True,False,True,True
20260804_seahub_CHEM16_shard002_F12_e01,20260804_seahub_CHEM16_shard002,1,True,True,False,True,True
20260804_seahub_CHEM16_shard002_G01_e01,20260804_seahub_CHEM16_shard002,1,False,False,False,True,True
20260804_seahub_CHEM16_shard002_G02_e01,20260804_seahub_CHEM16_shard002,1,False,False,False,True,True
20260804_seahub_CHEM16_shard002_G03_e01,20260804_seahub_CHEM16_shard002,1,False,False,False,True,True
20260804_seahub_CHEM16_shard002_G04_e01,20260804_seahub_CHEM16_shard002,1,True,True,False,True,True
20260804_seahub_CHEM16_shard002_G05_e01,20260804_seahub_CHEM16_shard002,1,False,False,False,True,True
20260804_seahub_CHEM16_shard002_G06_e01,20260804_seahub_CHEM16_shard002,1,False,False,False,True,True
20260804_seahub_CHEM16_shard002_G07_e01,20260804_seahub_CHEM16_shard002,1,False,False,False,True,True
20260804_seahub_CHEM16_shard002_G08_e01,20260804_seahub_CHEM16_shard002,1,False,False,False,True,True
20260804_seahub_CHEM16_shard002_G09_e01,20260804_seahub_CHEM16_shard002,1,False,False,False,True,True
20260804_seahub_CHEM16_shard002_G10_e01,20260804_seahub_CHEM16_shard002,1,False,False,False,True,True
20260804_seahub_CHEM16_shard002_G11_e01,20260804_seahub_CHEM16_shard002,1,False,False,False,True,True
20260804_seahub_CHEM16_shard002_G12_e01,20260804_seahub_CHEM16_shard002,1,False,False,False,True,True
20260804_seahub_CHEM16_shard002_H01_e01,20260804_seahub_CHEM16_shard002,1,False,False,False,True,True
20260804_seahub_CHEM16_shard002_H02_e01,20260804_seahub_CHEM16_shard002,1,False,False,False,True,True
20260804_seahub_CHEM16_shard002_H03_e01,20260804_seahub_CHEM16_shard002,1,False,False,False,True,True
20260804_seahub_CHEM16_shard002_H04_e01,20260804_seahub_CHEM16_shard002,1,False,False,False,True,True
20260804_seahub_CHEM16_shard002_H05_e01,20260804_seahub_CHEM16_shard002,1,False,False,False,True,True
20260804_seahub_CHEM16_shard002_H06_e01,20260804_seahub_CHEM16_shard002,1,False,False,False,True,True
20260804_seahub_CHEM16_shard002_H07_e01,20260804_seahub_CHEM16_shard002,1,False,False,False,True,True
20260804_seahub_CHEM16_shard002_H08_e01,20260804_seahub_CHEM16_shard002,1,False,False,False,True,True
20260804_seahub_CHEM16_shard002_H09_e01,20260804_seahub_CHEM16_shard002,1,False,False,False,True,True
20260804_seahub_CHEM16_shard002_H10_e01,20260804_seahub_CHEM16_shard002,1,False,False,False,True,True
20260804_seahub_CHEM16_shard002_H11_e01,20260804_seahub_CHEM16_shard002,1,False,False,False,True,True
20260804_seahub_CHEM16_shard002_H12_e01,20260804_seahub_CHEM16_shard002,1,False,False,False,True,True
20260804_seahub_CHEM16_shard003_A01_e01,20260804_seahub_CHEM16_shard003,1,True,True,False,True,True
20260804_seahub_CHEM16_shard003_A02_e01,20260804_seahub_CHEM16_shard003,1,True,True,False,True,True
20260804_seahub_CHEM16_shard003_A03_e01,20260804_seahub_CHEM16_shard003,1,True,True,False,True,True
20260804_seahub_CHEM16_shard003_A04_e01,20260804_seahub_CHEM16_shard003,1,True,True,False,True,True
20260804_seahub_CHEM16_shard003_A05_e01,20260804_seahub_CHEM16_shard003,1,True,True,False,True,True
20260804_seahub_CHEM16_shard003_A06_e01,20260804_seahub_CHEM16_shard003,1,True,True,False,True,True
20260804_seahub_CHEM16_shard003_A07_e01,20260804_seahub_CHEM16_shard003,1,True,True,False,True,True
20260804_seahub_CHEM16_shard003_A08_e01,20260804_seahub_CHEM16_shard003,1,True,True,False,True,True
20260804_seahub_CHEM16_shard003_A09_e01,20260804_seahub_CHEM16_shard003,1,True,True,False,True,True
20260804_seahub_CHEM16_shard003_A10_e01,20260804_seahub_CHEM16_shard003,1,True,True,False,True,True
20260804_seahub_CHEM16_shard003_A11_e01,20260804_seahub_CHEM16_shard003,1,True,True,False,True,True
20260804_seahub_CHEM16_shard003_A12_e01,20260804_seahub_CHEM16_shard003,1,True,True,False,True,True
20260804_seahub_CHEM16_shard003_B01_e01,20260804_seahub_CHEM16_shard003,1,True,True,False,True,True
20260804_seahub_CHEM16_shard003_B02_e01,20260804_seahub_CHEM16_shard003,1,True,True,False,True,True
20260804_seahub_CHEM16_shard003_B03_e01,20260804_seahub_CHEM16_shard003,1,True,True,False,True,True
20260804_seahub_CHEM16_shard003_B04_e01,20260804_seahub_CHEM16_shard003,1,True,True,False,True,True
20260804_seahub_CHEM16_shard003_B05_e01,20260804_seahub_CHEM16_shard003,1,True,True,False,True,True
20260804_seahub_CHEM16_shard003_B06_e01,20260804_seahub_CHEM16_shard003,1,True,True,False,True,True
20260804_seahub_CHEM16_shard003_B07_e01,20260804_seahub_CHEM16_shard003,1,True,True,False,True,True
20260804_seahub_CHEM16_shard003_B08_e01,20260804_seahub_CHEM16_shard003,1,True,True,False,True,True
20260804_seahub_CHEM16_shard003_B09_e01,20260804_seahub_CHEM16_shard003,1,True,True,False,True,True
20260804_seahub_CHEM16_shard003_B10_e01,20260804_seahub_CHEM16_shard003,1,True,True,False,True,True
20260804_seahub_CHEM16_shard003_B11_e01,20260804_seahub_CHEM16_shard003,1,True,True,False,True,True
20260804_seahub_CHEM16_shard003_B12_e01,20260804_seahub_CHEM16_shard003,1,True,True,False,True,True
20260804_seahub_CHEM16_shard003_C01_e01,20260804_seahub_CHEM16_shard003,1,False,False,False,True,True
20260804_seahub_CHEM16_shard003_C02_e01,20260804_seahub_CHEM16_shard003,1,False,False,False,True,True
20260804_seahub_CHEM16_shard003_C03_e01,20260804_seahub_CHEM16_shard003,1,False,False,False,True,True
20260804_seahub_CHEM16_shard003_C04_e01,20260804_seahub_CHEM16_shard003,1,False,False,False,True,True
20260804_seahub_CHEM16_shard003_C05_e01,20260804_seahub_CHEM16_shard003,1,False,False,False,True,True
20260804_seahub_CHEM16_shard003_C06_e01,20260804_seahub_CHEM16_shard003,1,False,False,False,True,True
20260804_seahub_CHEM16_shard003_C07_e01,20260804_seahub_CHEM16_shard003,1,False,False,False,True,True
20260804_seahub_CHEM16_shard003_C08_e01,20260804_seahub_CHEM16_shard003,1,False,False,False,True,True
20260804_seahub_CHEM16_shard003_C09_e01,20260804_seahub_CHEM16_shard003,1,False,False,False,True,True
20260804_seahub_CHEM16_shard003_C10_e01,20260804_seahub_CHEM16_shard003,1,False,False,False,True,True
20260804_seahub_CHEM16_shard003_C11_e01,20260804_seahub_CHEM16_shard003,1,False,False,False,True,True
20260804_seahub_CHEM16_shard003_C12_e01,20260804_seahub_CHEM16_shard003,1,False,False,False,True,True
20260804_seahub_CHEM16_shard003_D01_e01,20260804_seahub_CHEM16_shard003,1,False,False,False,True,True
20260804_seahub_CHEM16_shard003_D02_e01,20260804_seahub_CHEM16_shard003,1,False,False,False,True,True
20260804_seahub_CHEM16_shard003_D03_e01,20260804_seahub_CHEM16_shard003,1,False,False,False,True,True
20260804_seahub_CHEM16_shard003_D04_e01,20260804_seahub_CHEM16_shard003,1,False,False,False,True,True
20260804_seahub_CHEM16_shard003_D05_e01,20260804_seahub_CHEM16_shard003,1,False,False,False,True,True
20260804_seahub_CHEM16_shard003_D06_e01,20260804_seahub_CHEM16_shard003,1,False,False,False,True,True
20260804_seahub_CHEM16_shard003_D07_e01,20260804_seahub_CHEM16_shard003,1,False,False,False,True,True
20260804_seahub_CHEM16_shard003_D08_e01,20260804_seahub_CHEM16_shard003,1,False,False,False,True,True
20260804_seahub_CHEM16_shard003_D09_e01,20260804_seahub_CHEM16_shard003,1,False,False,False,True,True
20260804_seahub_CHEM16_shard003_D10_e01,20260804_seahub_CHEM16_shard003,1,False,False,False,True,True
20260804_seahub_CHEM16_shard003_D11_e01,20260804_seahub_CHEM16_shard003,1,False,False,False,True,True
20260804_seahub_CHEM16_shard003_D12_e01,20260804_seahub_CHEM16_shard003,1,False,False,False,True,True
20260804_seahub_CHEM16_shard003_E01_e01,20260804_seahub_CHEM16_shard003,1,False,False,False,True,True
20260804_seahub_CHEM16_shard003_E02_e01,20260804_seahub_CHEM16_shard003,1,False,False,False,True,True
20260804_seahub_CHEM16_shard003_E03_e01,20260804_seahub_CHEM16_shard003,1,False,False,False,True,True
20260804_seahub_CHEM16_shard003_E04_e01,20260804_seahub_CHEM16_shard003,1,False,False,False,True,True
20260804_seahub_CHEM16_shard003_E05_e01,20260804_seahub_CHEM16_shard003,1,False,False,False,True,True
20260804_seahub_CHEM16_shard003_E06_e01,20260804_seahub_CHEM16_shard003,1,False,False,False,True,True
20260804_seahub_CHEM16_shard003_E07_e01,20260804_seahub_CHEM16_shard003,1,False,False,False,True,True
20260804_seahub_CHEM16_shard003_E08_e01,20260804_seahub_CHEM16_shard003,1,False,False,False,True,True
20260804_seahub_CHEM16_shard003_E09_e01,20260804_seahub_CHEM16_shard003,1,False,False,False,True,True
20260804_seahub_CHEM16_shard003_E10_e01,20260804_seahub_CHEM16_shard003,1,False,False,False,True,True
20260804_seahub_CHEM16_shard003_E11_e01,20260804_seahub_CHEM16_shard003,1,False,False,False,True,True
20260804_seahub_CHEM16_shard003_E12_e01,20260804_seahub_CHEM16_shard003,1,False,False,False,True,True
20260804_seahub_CHEM16_shard003_F01_e01,20260804_seahub_CHEM16_shard003,1,False,False,False,True,True
20260804_seahub_CHEM16_shard003_F02_e01,20260804_seahub_CHEM16_shard003,1,False,False,False,True,True
20260804_seahub_CHEM16_shard003_F03_e01,20260804_seahub_CHEM16_shard003,1,False,False,False,True,True
20260804_seahub_CHEM16_shard003_F04_e01,20260804_seahub_CHEM16_shard003,1,False,False,False,True,True
20260804_seahub_CHEM16_shard003_F05_e01,20260804_seahub_CHEM16_shard003,1,False,False,False,True,True
20260804_seahub_CHEM16_shard003_F06_e01,20260804_seahub_CHEM16_shard003,1,False,False,False,True,True
20260804_seahub_CHEM16_shard003_F07_e01,20260804_seahub_CHEM16_shard003,1,False,False,False,True,True
20260804_seahub_CHEM16_shard003_F08_e01,20260804_seahub_CHEM16_shard003,1,False,False,False,True,True
20260804_seahub_CHEM16_shard003_F09_e01,20260804_seahub_CHEM16_shard003,1,False,False,False,True,True
20260804_seahub_CHEM16_shard003_F10_e01,20260804_seahub_CHEM16_shard003,1,False,False,False,True,True
20260804_seahub_CHEM16_shard003_F11_e01,20260804_seahub_CHEM16_shard003,1,False,False,False,True,True
20260804_seahub_CHEM16_shard003_F12_e01,20260804_seahub_CHEM16_shard003,1,False,False,False,True,True
20260804_seahub_CHEM16_shard003_G01_e01,20260804_seahub_CHEM16_shard003,1,False,False,False,True,True
20260804_seahub_CHEM16_shard003_G02_e01,20260804_seahub_CHEM16_shard003,1,False,False,False,True,True
20260804_seahub_CHEM16_shard003_G03_e01,20260804_seahub_CHEM16_shard003,1,False,False,False,True,True
20260804_seahub_CHEM16_shard003_G04_e01,20260804_seahub_CHEM16_shard003,1,False,False,False,True,True
20260804_seahub_CHEM16_shard003_G05_e01,20260804_seahub_CHEM16_shard003,1,False,False,False,True,True
20260804_seahub_CHEM16_shard003_G06_e01,20260804_seahub_CHEM16_shard003,1,False,False,False,True,True
20260804_seahub_CHEM16_shard003_G07_e01,20260804_seahub_CHEM16_shard003,1,False,False,False,True,True
20260804_seahub_CHEM16_shard003_G08_e01,20260804_seahub_CHEM16_shard003,1,False,False,False,True,True
20260804_seahub_CHEM16_shard003_G09_e01,20260804_seahub_CHEM16_shard003,1,False,False,False,True,True
20260804_seahub_CHEM16_shard003_G10_e01,20260804_seahub_CHEM16_shard003,1,False,False,False,True,True
20260804_seahub_CHEM16_shard003_G11_e01,20260804_seahub_CHEM16_shard003,1,False,False,False,True,True
20260804_seahub_CHEM16_shard003_G12_e01,20260804_seahub_CHEM16_shard003,1,False,False,False,True,True
20260804_seahub_CHEM16_shard003_H01_e01,20260804_seahub_CHEM16_shard003,1,False,False,False,True,True
20260804_seahub_CHEM16_shard003_H02_e01,20260804_seahub_CHEM16_shard003,1,False,False,False,True,True
20260804_seahub_CHEM16_shard003_H03_e01,20260804_seahub_CHEM16_shard003,1,False,False,False,True,True
20260804_seahub_CHEM16_shard003_H04_e01,20260804_seahub_CHEM16_shard003,1,False,False,False,True,True
20260804_seahub_CHEM16_shard003_H05_e01,20260804_seahub_CHEM16_shard003,1,False,False,False,True,True
20260804_seahub_CHEM16_shard003_H06_e01,20260804_seahub_CHEM16_shard003,1,False,False,False,True,True
20260804_seahub_CHEM16_shard003_H07_e01,20260804_seahub_CHEM16_shard003,1,False,False,False,True,True
20260804_seahub_CHEM16_shard003_H08_e01,20260804_seahub_CHEM16_shard003,1,False,False,False,True,True
20260804_seahub_CHEM16_shard003_H09_e01,20260804_seahub_CHEM16_shard003,1,False,False,False,True,True
20260804_seahub_CHEM16_shard003_H10_e01,20260804_seahub_CHEM16_shard003,1,False,False,False,True,True
20260804_seahub_CHEM16_shard003_H11_e01,20260804_seahub_CHEM16_shard003,1,False,False,False,True,True
20260804_seahub_CHEM16_shard003_H12_e01,20260804_seahub_CHEM16_shard003,1,False,False,False,True,True
20260804_seahub_CHEM16_shard004_A01_e01,20260804_seahub_CHEM16_shard004,1,False,False,False,True,True
20260804_seahub_CHEM16_shard004_A02_e01,20260804_seahub_CHEM16_shard004,1,False,False,False,True,True
20260804_seahub_CHEM16_shard004_A03_e01,20260804_seahub_CHEM16_shard004,1,False,False,False,True,True
20260804_seahub_CHEM16_shard004_A04_e01,20260804_seahub_CHEM16_shard004,1,False,False,False,True,True
20260804_seahub_CHEM16_shard004_A05_e01,20260804_seahub_CHEM16_shard004,1,False,False,False,True,True
20260804_seahub_CHEM16_shard004_A06_e01,20260804_seahub_CHEM16_shard004,1,False,False,False,True,True
20260804_seahub_CHEM16_shard004_A07_e01,20260804_seahub_CHEM16_shard004,1,False,False,False,True,True
20260804_seahub_CHEM16_shard004_A08_e01,20260804_seahub_CHEM16_shard004,1,False,False,False,True,True
20260804_seahub_CHEM16_shard004_A09_e01,20260804_seahub_CHEM16_shard004,1,False,False,False,True,True
20260804_seahub_CHEM16_shard004_A10_e01,20260804_seahub_CHEM16_shard004,1,False,False,False,True,True
20260804_seahub_CHEM16_shard004_A11_e01,20260804_seahub_CHEM16_shard004,1,False,False,False,True,True
20260804_seahub_CHEM16_shard004_A12_e01,20260804_seahub_CHEM16_shard004,1,False,False,False,True,True
20260804_seahub_CHEM16_shard004_B01_e01,20260804_seahub_CHEM16_shard004,1,False,False,False,True,True
20260804_seahub_CHEM16_shard004_B02_e01,20260804_seahub_CHEM16_shard004,1,False,False,False,True,True
20260804_seahub_CHEM16_shard004_B03_e01,20260804_seahub_CHEM16_shard004,1,False,False,False,True,True
20260804_seahub_CHEM16_shard004_B04_e01,20260804_seahub_CHEM16_shard004,1,False,False,False,True,True
20260804_seahub_CHEM16_shard004_B05_e01,20260804_seahub_CHEM16_shard004,1,False,False,False,True,True
20260804_seahub_CHEM16_shard004_B06_e01,20260804_seahub_CHEM16_shard004,1,False,False,False,True,True
20260804_seahub_CHEM16_shard004_B07_e01,20260804_seahub_CHEM16_shard004,1,False,False,False,True,True
20260804_seahub_CHEM16_shard004_B08_e01,20260804_seahub_CHEM16_shard004,1,False,False,False,True,True
20260804_seahub_CHEM16_shard004_B09_e01,20260804_seahub_CHEM16_shard004,1,False,False,False,True,True
20260804_seahub_CHEM16_shard004_B10_e01,20260804_seahub_CHEM16_shard004,1,False,False,False,True,True
20260804_seahub_CHEM16_shard004_B11_e01,20260804_seahub_CHEM16_shard004,1,False,False,False,True,True
20260804_seahub_CHEM16_shard004_B12_e01,20260804_seahub_CHEM16_shard004,1,False,False,False,True,True
20260804_seahub_CHEM16_shard004_C01_e01,20260804_seahub_CHEM16_shard004,1,False,False,False,True,True
20260804_seahub_CHEM16_shard004_C02_e01,20260804_seahub_CHEM16_shard004,1,False,False,False,True,True
20260804_seahub_CHEM16_shard004_C03_e01,20260804_seahub_CHEM16_shard004,1,False,False,False,True,True
20260804_seahub_CHEM16_shard004_C04_e01,20260804_seahub_CHEM16_shard004,1,False,False,False,True,True
20260804_seahub_CHEM16_shard004_C05_e01,20260804_seahub_CHEM16_shard004,1,False,False,False,True,True
20260804_seahub_CHEM16_shard004_C06_e01,20260804_seahub_CHEM16_shard004,1,False,False,False,True,True
20260804_seahub_CHEM16_shard004_C07_e01,20260804_seahub_CHEM16_shard004,1,False,False,False,True,True
20260804_seahub_CHEM16_shard004_C08_e01,20260804_seahub_CHEM16_shard004,1,False,False,False,True,True
20260804_seahub_CHEM16_shard004_C09_e01,20260804_seahub_CHEM16_shard004,1,False,False,False,True,True
20260804_seahub_CHEM16_shard004_C10_e01,20260804_seahub_CHEM16_shard004,1,False,False,False,True,True
20260804_seahub_CHEM16_shard004_C11_e01,20260804_seahub_CHEM16_shard004,1,False,False,False,True,True
20260804_seahub_CHEM16_shard004_C12_e01,20260804_seahub_CHEM16_shard004,1,False,False,False,True,True
20260804_seahub_CHEM16_shard004_D01_e01,20260804_seahub_CHEM16_shard004,1,False,False,False,True,True
20260804_seahub_CHEM16_shard004_D02_e01,20260804_seahub_CHEM16_shard004,1,False,False,False,True,True
20260804_seahub_CHEM16_shard004_D03_e01,20260804_seahub_CHEM16_shard004,1,False,False,False,True,True
20260804_seahub_CHEM16_shard004_D04_e01,20260804_seahub_CHEM16_shard004,1,False,False,False,True,True
20260804_seahub_CHEM16_shard004_D05_e01,20260804_seahub_CHEM16_shard004,1,False,False,False,True,True
20260804_seahub_CHEM16_shard004_D06_e01,20260804_seahub_CHEM16_shard004,1,False,False,False,True,True
20260804_seahub_CHEM16_shard004_D07_e01,20260804_seahub_CHEM16_shard004,1,False,False,False,True,True
20260804_seahub_CHEM16_shard004_D08_e01,20260804_seahub_CHEM16_shard004,1,False,False,False,True,True
20260804_seahub_CHEM16_shard004_D09_e01,20260804_seahub_CHEM16_shard004,1,False,False,False,True,True
20260804_seahub_CHEM16_shard004_D10_e01,20260804_seahub_CHEM16_shard004,1,False,False,False,True,True
20260804_seahub_CHEM16_shard004_D11_e01,20260804_seahub_CHEM16_shard004,1,False,False,False,True,True
20260804_seahub_CHEM16_shard004_D12_e01,20260804_seahub_CHEM16_shard004,1,False,False,False,True,True
20260804_seahub_CHEM16_shard004_E01_e01,20260804_seahub_CHEM16_shard004,1,False,False,False,True,True
20260804_seahub_CHEM16_shard004_E02_e01,20260804_seahub_CHEM16_shard004,1,False,False,False,True,True
20260804_seahub_CHEM16_shard004_E03_e01,20260804_seahub_CHEM16_shard004,1,False,False,False,True,True
20260804_seahub_CHEM16_shard004_E04_e01,20260804_seahub_CHEM16_shard004,1,False,False,False,True,True
20260804_seahub_CHEM16_shard004_E05_e01,20260804_seahub_CHEM16_shard004,1,False,False,False,True,True
20260804_seahub_CHEM16_shard004_E06_e01,20260804_seahub_CHEM16_shard004,1,False,False,False,True,True
20260804_seahub_CHEM16_shard004_E07_e01,20260804_seahub_CHEM16_shard004,1,False,False,False,True,True
20260804_seahub_CHEM16_shard004_E08_e01,20260804_seahub_CHEM16_shard004,1,False,False,False,True,True
20260804_seahub_CHEM16_shard004_E09_e01,20260804_seahub_CHEM16_shard004,1,False,False,False,True,True
20260804_seahub_CHEM16_shard004_E10_e01,20260804_seahub_CHEM16_shard004,1,False,False,False,True,True
20260804_seahub_CHEM16_shard004_E11_e01,20260804_seahub_CHEM16_shard004,1,False,False,False,True,True
20260804_seahub_CHEM16_shard004_E12_e01,20260804_seahub_CHEM16_shard004,1,False,False,False,True,True
20260804_seahub_CHEM16_shard004_F01_e01,20260804_seahub_CHEM16_shard004,1,False,False,False,True,True
20260804_seahub_CHEM16_shard004_F02_e01,20260804_seahub_CHEM16_shard004,1,False,False,False,True,True
20260804_seahub_CHEM16_shard004_F03_e01,20260804_seahub_CHEM16_shard004,1,False,False,False,True,True
20260804_seahub_CHEM16_shard004_F04_e01,20260804_seahub_CHEM16_shard004,1,False,False,False,True,True
20260804_seahub_CHEM16_shard004_F05_e01,20260804_seahub_CHEM16_shard004,1,False,False,False,True,True
20260804_seahub_CHEM16_shard004_F06_e01,20260804_seahub_CHEM16_shard004,1,False,False,False,True,True
20260804_seahub_CHEM16_shard004_F07_e01,20260804_seahub_CHEM16_shard004,1,False,False,False,True,True
20260804_seahub_CHEM16_shard004_F08_e01,20260804_seahub_CHEM16_shard004,1,False,False,False,True,True
20260804_seahub_CHEM16_shard004_F09_e01,20260804_seahub_CHEM16_shard004,1,False,False,False,True,True
20260804_seahub_CHEM16_shard004_F10_e01,20260804_seahub_CHEM16_shard004,1,False,False,False,True,True
20260804_seahub_CHEM16_shard004_F11_e01,20260804_seahub_CHEM16_shard004,1,False,False,False,True,True
20260804_seahub_CHEM16_shard004_F12_e01,20260804_seahub_CHEM16_shard004,1,False,False,False,True,True
20260804_seahub_CHEM16_shard004_G01_e01,20260804_seahub_CHEM16_shard004,1,False,False,False,True,True
20260804_seahub_CHEM16_shard004_G02_e01,20260804_seahub_CHEM16_shard004,1,False,False,False,True,True
20260804_seahub_CHEM16_shard004_G03_e01,20260804_seahub_CHEM16_shard004,1,False,False,False,True,True
20260804_seahub_CHEM16_shard004_G04_e01,20260804_seahub_CHEM16_shard004,1,False,False,False,True,True
20260804_seahub_CHEM16_shard004_G05_e01,20260804_seahub_CHEM16_shard004,1,False,False,False,True,True
20260804_seahub_CHEM16_shard004_G06_e01,20260804_seahub_CHEM16_shard004,1,False,False,False,True,True
20260804_seahub_CHEM16_shard004_G07_e01,20260804_seahub_CHEM16_shard004,1,False,False,False,True,True
20260804_seahub_CHEM16_shard004_G08_e01,20260804_seahub_CHEM16_shard004,1,False,False,False,True,True
20260804_seahub_CHEM16_shard004_G09_e01,20260804_seahub_CHEM16_shard004,1,False,False,False,True,True
20260804_seahub_CHEM16_shard004_G10_e01,20260804_seahub_CHEM16_shard004,1,False,False,False,True,True
20260804_seahub_CHEM16_shard004_G11_e01,20260804_seahub_CHEM16_shard004,1,False,False,False,True,True
20260804_seahub_CHEM16_shard004_G12_e01,20260804_seahub_CHEM16_shard004,1,False,False,False,True,True
20260804_seahub_CHEM16_shard004_H01_e01,20260804_seahub_CHEM16_shard004,1,False,False,False,True,True
20260804_seahub_CHEM16_shard004_H02_e01,20260804_seahub_CHEM16_shard004,1,False,False,False,True,True
20260804_seahub_CHEM16_shard004_H03_e01,20260804_seahub_CHEM16_shard004,1,False,False,False,True,True
20260804_seahub_CHEM16_shard004_H04_e01,20260804_seahub_CHEM16_shard004,1,False,False,False,True,True
20260804_seahub_CHEM16_shard004_H05_e01,20260804_seahub_CHEM16_shard004,1,False,False,False,True,True
20260804_seahub_CHEM16_shard004_H06_e01,20260804_seahub_CHEM16_shard004,1,False,False,False,True,True
20260804_seahub_CHEM16_shard004_H07_e01,20260804_seahub_CHEM16_shard004,1,False,False,False,True,True
20260804_seahub_CHEM16_shard004_H08_e01,20260804_seahub_CHEM16_shard004,1,False,False,False,True,True
20260804_seahub_CHEM16_shard004_H09_e01,20260804_seahub_CHEM16_shard004,1,False,False,False,True,True
20260804_seahub_CHEM16_shard004_H10_e01,20260804_seahub_CHEM16_shard004,1,False,False,False,True,True
20260804_seahub_CHEM16_shard004_H11_e01,20260804_seahub_CHEM16_shard004,1,False,False,False,True,True
20260804_seahub_CHEM16_shard004_H12_e01,20260804_seahub_CHEM16_shard004,1,False,False,False,True,True
20260804_seahub_CHEM16_shard005_A01_e01,20260804_seahub_CHEM16_shard005,1,False,False,False,True,True
20260804_seahub_CHEM16_shard005_A02_e01,20260804_seahub_CHEM16_shard005,1,False,False,False,True,True
20260804_seahub_CHEM16_shard005_A03_e01,20260804_seahub_CHEM16_shard005,1,False,False,False,True,True
20260804_seahub_CHEM16_shard005_A04_e01,20260804_seahub_CHEM16_shard005,1,False,False,False,True,True
20260804_seahub_CHEM16_shard005_A05_e01,20260804_seahub_CHEM16_shard005,1,False,False,False,True,True
20260804_seahub_CHEM16_shard005_A06_e01,20260804_seahub_CHEM16_shard005,1,False,False,False,True,True
20260804_seahub_CHEM16_shard005_A07_e01,20260804_seahub_CHEM16_shard005,1,False,False,False,True,True
20260804_seahub_CHEM16_shard005_A08_e01,20260804_seahub_CHEM16_shard005,1,False,False,False,True,True
20260804_seahub_CHEM16_shard005_A09_e01,20260804_seahub_CHEM16_shard005,1,False,False,False,True,True
20260804_seahub_CHEM16_shard005_A10_e01,20260804_seahub_CHEM16_shard005,1,False,False,False,True,True
20260804_seahub_CHEM16_shard005_A11_e01,20260804_seahub_CHEM16_shard005,1,False,False,False,True,True
20260804_seahub_CHEM16_shard005_A12_e01,20260804_seahub_CHEM16_shard005,1,False,False,False,True,True
20260804_seahub_CHEM16_shard005_B01_e01,20260804_seahub_CHEM16_shard005,1,False,False,False,True,True
20260804_seahub_CHEM16_shard005_B02_e01,20260804_seahub_CHEM16_shard005,1,False,False,False,True,True
20260804_seahub_CHEM16_shard005_B03_e01,20260804_seahub_CHEM16_shard005,1,False,False,False,True,True
20260804_seahub_CHEM16_shard005_B04_e01,20260804_seahub_CHEM16_shard005,1,False,False,False,True,True
20260804_seahub_CHEM16_shard005_B05_e01,20260804_seahub_CHEM16_shard005,1,False,False,False,True,True
20260804_seahub_CHEM16_shard005_B06_e01,20260804_seahub_CHEM16_shard005,1,False,False,False,True,True
20260804_seahub_CHEM16_shard005_B07_e01,20260804_seahub_CHEM16_shard005,1,False,False,False,True,True
20260804_seahub_CHEM16_shard005_B08_e01,20260804_seahub_CHEM16_shard005,1,False,False,False,True,True
20260804_seahub_CHEM16_shard005_B09_e01,20260804_seahub_CHEM16_shard005,1,False,False,False,True,True
20260804_seahub_CHEM16_shard005_B10_e01,20260804_seahub_CHEM16_shard005,1,False,False,False,True,True
20260804_seahub_CHEM16_shard005_B11_e01,20260804_seahub_CHEM16_shard005,1,False,False,False,True,True
20260804_seahub_CHEM16_shard005_B12_e01,20260804_seahub_CHEM16_shard005,1,False,False,False,True,True
20260804_seahub_CHEM16_shard005_C01_e01,20260804_seahub_CHEM16_shard005,1,False,False,False,True,True
20260804_seahub_CHEM16_shard005_C02_e01,20260804_seahub_CHEM16_shard005,1,False,False,False,True,True
20260804_seahub_CHEM16_shard005_C03_e01,20260804_seahub_CHEM16_shard005,1,False,False,False,True,True
20260804_seahub_CHEM16_shard005_C04_e01,20260804_seahub_CHEM16_shard005,1,False,False,False,True,True
20260804_seahub_CHEM16_shard005_C05_e01,20260804_seahub_CHEM16_shard005,1,False,False,False,True,True
20260804_seahub_CHEM16_shard005_C06_e01,20260804_seahub_CHEM16_shard005,1,False,False,False,True,True
20260804_seahub_CHEM16_shard005_C07_e01,20260804_seahub_CHEM16_shard005,1,False,False,False,True,True
20260804_seahub_CHEM16_shard005_C08_e01,20260804_seahub_CHEM16_shard005,1,False,False,False,True,True
20260804_seahub_CHEM16_shard005_C09_e01,20260804_seahub_CHEM16_shard005,1,False,False,False,True,True
20260804_seahub_CHEM16_shard005_C10_e01,20260804_seahub_CHEM16_shard005,1,False,False,False,True,True
20260804_seahub_CHEM16_shard005_C11_e01,20260804_seahub_CHEM16_shard005,1,False,False,False,True,True
20260804_seahub_CHEM16_shard005_C12_e01,20260804_seahub_CHEM16_shard005,1,False,False,False,True,True
20260804_seahub_CHEM16_shard005_D01_e01,20260804_seahub_CHEM16_shard005,1,False,False,False,True,True
20260804_seahub_CHEM16_shard005_D02_e01,20260804_seahub_CHEM16_shard005,1,False,False,False,True,True
20260804_seahub_CHEM16_shard005_D03_e01,20260804_seahub_CHEM16_shard005,1,False,False,False,True,True
20260804_seahub_CHEM16_shard005_D04_e01,20260804_seahub_CHEM16_shard005,1,False,False,False,True,True
20260804_seahub_CHEM16_shard005_D05_e01,20260804_seahub_CHEM16_shard005,1,False,False,False,True,True
20260804_seahub_CHEM16_shard005_D06_e01,20260804_seahub_CHEM16_shard005,1,False,False,False,True,True
20260804_seahub_CHEM16_shard005_D07_e01,20260804_seahub_CHEM16_shard005,1,False,False,False,True,True
20260804_seahub_CHEM16_shard005_D08_e01,20260804_seahub_CHEM16_shard005,1,False,False,False,True,True
20260804_seahub_CHEM16_shard005_D09_e01,20260804_seahub_CHEM16_shard005,1,False,False,False,True,True
20260804_seahub_CHEM16_shard005_D10_e01,20260804_seahub_CHEM16_shard005,1,False,False,False,True,True
20260804_seahub_CHEM16_shard005_D11_e01,20260804_seahub_CHEM16_shard005,1,False,False,False,True,True
20260804_seahub_CHEM16_shard005_D12_e01,20260804_seahub_CHEM16_shard005,1,False,False,False,True,True
20260804_seahub_CHEM16_shard005_E01_e01,20260804_seahub_CHEM16_shard005,1,True,True,False,True,True
20260804_seahub_CHEM16_shard005_E02_e01,20260804_seahub_CHEM16_shard005,1,False,False,False,True,True
20260804_seahub_CHEM16_shard005_E03_e01,20260804_seahub_CHEM16_shard005,1,False,False,False,True,True
20260804_seahub_CHEM16_shard005_E04_e01,20260804_seahub_CHEM16_shard005,1,False,False,False,True,True
20260804_seahub_CHEM16_shard005_E05_e01,20260804_seahub_CHEM16_shard005,1,False,False,False,True,True
20260804_seahub_CHEM16_shard005_E06_e01,20260804_seahub_CHEM16_shard005,1,False,False,False,True,True
20260804_seahub_CHEM16_shard005_E07_e01,20260804_seahub_CHEM16_shard005,1,False,False,False,True,True
20260804_seahub_CHEM16_shard005_E08_e01,20260804_seahub_CHEM16_shard005,1,False,False,False,True,True
20260804_seahub_CHEM16_shard005_E09_e01,20260804_seahub_CHEM16_shard005,1,True,True,False,True,True
20260804_seahub_CHEM16_shard005_E10_e01,20260804_seahub_CHEM16_shard005,1,False,False,False,True,True
20260804_seahub_CHEM16_shard005_E11_e01,20260804_seahub_CHEM16_shard005,1,False,False,False,True,True
20260804_seahub_CHEM16_shard005_E12_e01,20260804_seahub_CHEM16_shard005,1,False,False,False,True,True
20260804_seahub_CHEM16_shard005_F01_e01,20260804_seahub_CHEM16_shard005,1,False,False,False,True,True
20260804_seahub_CHEM16_shard005_F02_e01,20260804_seahub_CHEM16_shard005,1,False,False,False,True,True
20260804_seahub_CHEM16_shard005_F03_e01,20260804_seahub_CHEM16_shard005,1,False,False,False,True,True
20260804_seahub_CHEM16_shard005_F04_e01,20260804_seahub_CHEM16_shard005,1,False,False,False,True,True
20260804_seahub_CHEM16_shard005_F05_e01,20260804_seahub_CHEM16_shard005,1,True,True,False,True,True
20260804_seahub_CHEM16_shard005_F06_e01,20260804_seahub_CHEM16_shard005,1,False,False,False,True,True
20260804_seahub_CHEM16_shard005_F07_e01,20260804_seahub_CHEM16_shard005,1,False,False,False,True,True
20260804_seahub_CHEM16_shard005_F08_e01,20260804_seahub_CHEM16_shard005,1,False,False,False,True,True
20260804_seahub_CHEM16_shard005_F09_e01,20260804_seahub_CHEM16_shard005,1,False,False,False,True,True
20260804_seahub_CHEM16_shard005_F10_e01,20260804_seahub_CHEM16_shard005,1,False,False,False,True,True
20260804_seahub_CHEM16_shard005_F11_e01,20260804_seahub_CHEM16_shard005,1,False,False,False,True,True
20260804_seahub_CHEM16_shard005_F12_e01,20260804_seahub_CHEM16_shard005,1,False,False,False,True,True
20260804_seahub_CHEM16_shard005_G01_e01,20260804_seahub_CHEM16_shard005,1,False,False,False,True,True
20260804_seahub_CHEM16_shard005_G02_e01,20260804_seahub_CHEM16_shard005,1,False,False,False,True,True
20260804_seahub_CHEM16_shard005_G03_e01,20260804_seahub_CHEM16_shard005,1,False,False,False,True,True
20260804_seahub_CHEM16_shard005_G04_e01,20260804_seahub_CHEM16_shard005,1,False,False,False,True,True
20260804_seahub_CHEM16_shard005_G05_e01,20260804_seahub_CHEM16_shard005,1,False,False,False,True,True
20260804_seahub_CHEM16_shard005_G06_e01,20260804_seahub_CHEM16_shard005,1,False,False,False,True,True
20260804_seahub_CHEM16_shard005_G07_e01,20260804_seahub_CHEM16_shard005,1,False,False,False,True,True
20260804_seahub_CHEM16_shard005_G08_e01,20260804_seahub_CHEM16_shard005,1,True,True,False,True,True
20260804_seahub_CHEM16_shard005_G09_e01,20260804_seahub_CHEM16_shard005,1,False,False,False,True,True
20260804_seahub_CHEM16_shard005_G10_e01,20260804_seahub_CHEM16_shard005,1,False,False,False,True,True
20260804_seahub_CHEM16_shard005_G11_e01,20260804_seahub_CHEM16_shard005,1,False,False,False,True,True
20260804_seahub_CHEM16_shard005_G12_e01,20260804_seahub_CHEM16_shard005,1,False,False,False,True,True
20260804_seahub_CHEM16_shard005_H01_e01,20260804_seahub_CHEM16_shard005,1,False,False,False,True,True
20260804_seahub_CHEM16_shard005_H02_e01,20260804_seahub_CHEM16_shard005,1,False,False,False,True,True
20260804_seahub_CHEM16_shard005_H03_e01,20260804_seahub_CHEM16_shard005,1,False,False,False,True,True
20260804_seahub_CHEM16_shard005_H04_e01,20260804_seahub_CHEM16_shard005,1,True,True,False,True,True
20260804_seahub_CHEM16_shard005_H05_e01,20260804_seahub_CHEM16_shard005,1,False,False,False,True,True
20260804_seahub_CHEM16_shard005_H06_e01,20260804_seahub_CHEM16_shard005,1,False,False,False,True,True
20260804_seahub_CHEM16_shard005_H07_e01,20260804_seahub_CHEM16_shard005,1,False,False,False,True,True
20260804_seahub_CHEM16_shard005_H08_e01,20260804_seahub_CHEM16_shard005,1,False,False,False,True,True
20260804_seahub_CHEM16_shard005_H09_e01,20260804_seahub_CHEM16_shard005,1,False,False,False,True,True
20260804_seahub_CHEM16_shard005_H10_e01,20260804_seahub_CHEM16_shard005,1,False,False,False,True,True
20260804_seahub_CHEM16_shard005_H11_e01,20260804_seahub_CHEM16_shard005,1,True,True,False,True,True
20260804_seahub_CHEM16_shard005_H12_e01,20260804_seahub_CHEM16_shard005,1,False,False,False,True,True
20260804_seahub_CHEM16_shard006_A01_e01,20260804_seahub_CHEM16_shard006,1,False,False,False,True,True
20260804_seahub_CHEM16_shard006_A02_e01,20260804_seahub_CHEM16_shard006,1,False,False,False,True,True
20260804_seahub_CHEM16_shard006_A03_e01,20260804_seahub_CHEM16_shard006,1,False,False,False,True,True
20260804_seahub_CHEM16_shard006_A04_e01,20260804_seahub_CHEM16_shard006,1,False,False,False,True,True
20260804_seahub_CHEM16_shard006_A05_e01,20260804_seahub_CHEM16_shard006,1,False,False,False,True,True
20260804_seahub_CHEM16_shard006_A06_e01,20260804_seahub_CHEM16_shard006,1,False,False,False,True,True
20260804_seahub_CHEM16_shard006_A07_e01,20260804_seahub_CHEM16_shard006,1,False,False,False,True,True
20260804_seahub_CHEM16_shard006_A08_e01,20260804_seahub_CHEM16_shard006,1,False,False,False,True,True
20260804_seahub_CHEM16_shard006_A09_e01,20260804_seahub_CHEM16_shard006,1,False,False,False,True,True
20260804_seahub_CHEM16_shard006_A10_e01,20260804_seahub_CHEM16_shard006,1,False,False,False,True,True
20260804_seahub_CHEM16_shard006_A11_e01,20260804_seahub_CHEM16_shard006,1,False,False,False,True,True
20260804_seahub_CHEM16_shard006_A12_e01,20260804_seahub_CHEM16_shard006,1,False,False,False,True,True
20260804_seahub_CHEM16_shard006_B01_e01,20260804_seahub_CHEM16_shard006,1,False,False,False,True,True
20260804_seahub_CHEM16_shard006_B02_e01,20260804_seahub_CHEM16_shard006,1,False,False,False,True,True
20260804_seahub_CHEM16_shard006_B03_e01,20260804_seahub_CHEM16_shard006,1,False,False,False,True,True
20260804_seahub_CHEM16_shard006_B04_e01,20260804_seahub_CHEM16_shard006,1,False,False,False,True,True
20260804_seahub_CHEM16_shard006_B05_e01,20260804_seahub_CHEM16_shard006,1,False,False,False,True,True
20260804_seahub_CHEM16_shard006_B06_e01,20260804_seahub_CHEM16_shard006,1,False,False,False,True,True
20260804_seahub_CHEM16_shard006_B07_e01,20260804_seahub_CHEM16_shard006,1,False,False,False,True,True
20260804_seahub_CHEM16_shard006_B08_e01,20260804_seahub_CHEM16_shard006,1,False,False,False,True,True
20260804_seahub_CHEM16_shard006_B09_e01,20260804_seahub_CHEM16_shard006,1,False,False,False,True,True
20260804_seahub_CHEM16_shard006_B10_e01,20260804_seahub_CHEM16_shard006,1,False,False,False,True,True
20260804_seahub_CHEM16_shard006_B11_e01,20260804_seahub_CHEM16_shard006,1,False,False,False,True,True
20260804_seahub_CHEM16_shard006_B12_e01,20260804_seahub_CHEM16_shard006,1,False,False,False,True,True
20260804_seahub_CHEM16_shard006_C01_e01,20260804_seahub_CHEM16_shard006,1,False,False,False,True,True
20260804_seahub_CHEM16_shard006_C02_e01,20260804_seahub_CHEM16_shard006,1,False,False,False,True,True
20260804_seahub_CHEM16_shard006_C03_e01,20260804_seahub_CHEM16_shard006,1,False,False,False,True,True
20260804_seahub_CHEM16_shard006_C04_e01,20260804_seahub_CHEM16_shard006,1,False,False,False,True,True
20260804_seahub_CHEM16_shard006_C05_e01,20260804_seahub_CHEM16_shard006,1,False,False,False,True,True
20260804_seahub_CHEM16_shard006_C06_e01,20260804_seahub_CHEM16_shard006,1,False,False,False,True,True
20260804_seahub_CHEM16_shard006_C07_e01,20260804_seahub_CHEM16_shard006,1,False,False,False,True,True
20260804_seahub_CHEM16_shard006_C08_e01,20260804_seahub_CHEM16_shard006,1,False,False,False,True,True
20260804_seahub_CHEM16_shard006_C09_e01,20260804_seahub_CHEM16_shard006,1,False,False,False,True,True
20260804_seahub_CHEM16_shard006_C10_e01,20260804_seahub_CHEM16_shard006,1,False,False,False,True,True
20260804_seahub_CHEM16_shard006_C11_e01,20260804_seahub_CHEM16_shard006,1,False,False,False,True,True
20260804_seahub_CHEM16_shard006_C12_e01,20260804_seahub_CHEM16_shard006,1,False,False,False,True,True
20260804_seahub_CHEM16_shard006_D01_e01,20260804_seahub_CHEM16_shard006,1,False,False,False,True,True
20260804_seahub_CHEM16_shard006_D02_e01,20260804_seahub_CHEM16_shard006,1,False,False,False,True,True
20260804_seahub_CHEM16_shard006_D03_e01,20260804_seahub_CHEM16_shard006,1,False,False,False,True,True
20260804_seahub_CHEM16_shard006_D04_e01,20260804_seahub_CHEM16_shard006,1,False,False,False,True,True
20260804_seahub_CHEM16_shard006_D05_e01,20260804_seahub_CHEM16_shard006,1,False,False,False,True,True
20260804_seahub_CHEM16_shard006_D06_e01,20260804_seahub_CHEM16_shard006,1,False,False,False,True,True
20260804_seahub_CHEM16_shard006_D07_e01,20260804_seahub_CHEM16_shard006,1,False,False,False,True,True
20260804_seahub_CHEM16_shard006_D08_e01,20260804_seahub_CHEM16_shard006,1,False,False,False,True,True
20260804_seahub_CHEM16_shard006_D09_e01,20260804_seahub_CHEM16_shard006,1,False,False,False,True,True
20260804_seahub_CHEM16_shard006_D10_e01,20260804_seahub_CHEM16_shard006,1,False,False,False,True,True
20260804_seahub_CHEM16_shard006_D11_e01,20260804_seahub_CHEM16_shard006,1,False,False,False,True,True
20260804_seahub_CHEM16_shard006_D12_e01,20260804_seahub_CHEM16_shard006,1,False,False,False,True,True
20260804_seahub_CHEM16_shard006_E01_e01,20260804_seahub_CHEM16_shard006,1,False,False,False,True,True
20260804_seahub_CHEM16_shard006_E02_e01,20260804_seahub_CHEM16_shard006,1,False,False,False,True,True
20260804_seahub_CHEM16_shard006_E03_e01,20260804_seahub_CHEM16_shard006,1,False,False,False,True,True
20260804_seahub_CHEM16_shard006_E04_e01,20260804_seahub_CHEM16_shard006,1,True,True,False,True,True
20260804_seahub_CHEM16_shard006_E05_e01,20260804_seahub_CHEM16_shard006,1,False,False,False,True,True
20260804_seahub_CHEM16_shard006_E06_e01,20260804_seahub_CHEM16_shard006,1,False,False,False,True,True
20260804_seahub_CHEM16_shard006_E07_e01,20260804_seahub_CHEM16_shard006,1,False,False,False,True,True
20260804_seahub_CHEM16_shard006_E08_e01,20260804_seahub_CHEM16_shard006,1,False,False,False,True,True
20260804_seahub_CHEM16_shard006_E09_e01,20260804_seahub_CHEM16_shard006,1,False,False,False,True,True
20260804_seahub_CHEM16_shard006_E10_e01,20260804_seahub_CHEM16_shard006,1,False,False,False,True,True
20260804_seahub_CHEM16_shard006_E11_e01,20260804_seahub_CHEM16_shard006,1,False,False,False,True,True
20260804_seahub_CHEM16_shard006_E12_e01,20260804_seahub_CHEM16_shard006,1,True,True,False,True,True
20260804_seahub_CHEM16_shard006_F01_e01,20260804_seahub_CHEM16_shard006,1,False,False,False,True,True
20260804_seahub_CHEM16_shard006_F02_e01,20260804_seahub_CHEM16_shard006,1,False,False,False,True,True
20260804_seahub_CHEM16_shard006_F03_e01,20260804_seahub_CHEM16_shard006,1,False,False,False,True,True
20260804_seahub_CHEM16_shard006_F04_e01,20260804_seahub_CHEM16_shard006,1,False,False,False,True,True
20260804_seahub_CHEM16_shard006_F05_e01,20260804_seahub_CHEM16_shard006,1,False,False,False,True,True
20260804_seahub_CHEM16_shard006_F06_e01,20260804_seahub_CHEM16_shard006,1,False,False,False,True,True
20260804_seahub_CHEM16_shard006_F07_e01,20260804_seahub_CHEM16_shard006,1,False,False,False,True,True
20260804_seahub_CHEM16_shard006_F08_e01,20260804_seahub_CHEM16_shard006,1,True,True,False,True,True
20260804_seahub_CHEM16_shard006_F09_e01,20260804_seahub_CHEM16_shard006,1,False,False,False,True,True
20260804_seahub_CHEM16_shard006_F10_e01,20260804_seahub_CHEM16_shard006,1,False,False,False,True,True
20260804_seahub_CHEM16_shard006_F11_e01,20260804_seahub_CHEM16_shard006,1,False,False,False,True,True
20260804_seahub_CHEM16_shard006_F12_e01,20260804_seahub_CHEM16_shard006,1,False,False,False,True,True
20260804_seahub_CHEM16_shard006_G01_e01,20260804_seahub_CHEM16_shard006,1,False,False,False,True,True
20260804_seahub_CHEM16_shard006_G02_e01,20260804_seahub_CHEM16_shard006,1,False,False,False,True,True
20260804_seahub_CHEM16_shard006_G03_e01,20260804_seahub_CHEM16_shard006,1,False,False,False,True,True
20260804_seahub_CHEM16_shard006_G04_e01,20260804_seahub_CHEM16_shard006,1,False,False,False,True,True
20260804_seahub_CHEM16_shard006_G05_e01,20260804_seahub_CHEM16_shard006,1,False,False,False,True,True
20260804_seahub_CHEM16_shard006_G06_e01,20260804_seahub_CHEM16_shard006,1,False,False,False,True,True
20260804_seahub_CHEM16_shard006_G07_e01,20260804_seahub_CHEM16_shard006,1,True,True,False,True,True
20260804_seahub_CHEM16_shard006_G08_e01,20260804_seahub_CHEM16_shard006,1,True,True,False,True,True
20260804_seahub_CHEM16_shard006_G09_e01,20260804_seahub_CHEM16_shard006,1,False,False,False,True,True
20260804_seahub_CHEM16_shard006_G10_e01,20260804_seahub_CHEM16_shard006,1,False,False,False,True,True
20260804_seahub_CHEM16_shard006_G11_e01,20260804_seahub_CHEM16_shard006,1,False,False,False,True,True
20260804_seahub_CHEM16_shard006_G12_e01,20260804_seahub_CHEM16_shard006,1,False,False,False,True,True
20260804_seahub_CHEM16_shard006_H01_e01,20260804_seahub_CHEM16_shard006,1,True,True,False,True,True
20260804_seahub_CHEM16_shard006_H02_e01,20260804_seahub_CHEM16_shard006,1,False,False,False,True,True
20260804_seahub_CHEM16_shard006_H03_e01,20260804_seahub_CHEM16_shard006,1,True,True,False,True,True
20260804_seahub_CHEM16_shard006_H04_e01,20260804_seahub_CHEM16_shard006,1,True,True,False,True,True
20260804_seahub_CHEM16_shard006_H05_e01,20260804_seahub_CHEM16_shard006,1,False,False,False,True,True
20260804_seahub_CHEM16_shard006_H06_e01,20260804_seahub_CHEM16_shard006,1,False,False,False,True,True
20260804_seahub_CHEM16_shard006_H07_e01,20260804_seahub_CHEM16_shard006,1,False,False,False,True,True
20260804_seahub_CHEM16_shard006_H08_e01,20260804_seahub_CHEM16_shard006,1,False,False,False,True,True
20260804_seahub_CHEM16_shard006_H09_e01,20260804_seahub_CHEM16_shard006,1,True,True,False,True,True
20260804_seahub_CHEM16_shard006_H10_e01,20260804_seahub_CHEM16_shard006,1,False,False,False,True,True
20260804_seahub_CHEM16_shard006_H11_e01,20260804_seahub_CHEM16_shard006,1,True,True,False,True,True
20260804_seahub_CHEM16_shard006_H12_e01,20260804_seahub_CHEM16_shard006,1,True,True,False,True,True
20260804_seahub_CHEM16_shard007_A01_e01,20260804_seahub_CHEM16_shard007,1,False,False,False,True,True
20260804_seahub_CHEM16_shard007_A02_e01,20260804_seahub_CHEM16_shard007,1,False,False,False,True,True
20260804_seahub_CHEM16_shard007_A03_e01,20260804_seahub_CHEM16_shard007,1,False,False,False,True,True
20260804_seahub_CHEM16_shard007_A04_e01,20260804_seahub_CHEM16_shard007,1,True,True,False,True,True
20260804_seahub_CHEM16_shard007_A05_e01,20260804_seahub_CHEM16_shard007,1,True,True,False,True,True
20260804_seahub_CHEM16_shard007_A06_e01,20260804_seahub_CHEM16_shard007,1,False,False,False,True,True
20260804_seahub_CHEM16_shard007_A07_e01,20260804_seahub_CHEM16_shard007,1,True,True,False,True,True
20260804_seahub_CHEM16_shard007_A08_e01,20260804_seahub_CHEM16_shard007,1,True,True,False,True,True
20260804_seahub_CHEM16_shard007_A09_e01,20260804_seahub_CHEM16_shard007,1,False,False,False,True,True
20260804_seahub_CHEM16_shard007_A10_e01,20260804_seahub_CHEM16_shard007,1,False,False,False,True,True
20260804_seahub_CHEM16_shard007_A11_e01,20260804_seahub_CHEM16_shard007,1,False,False,False,True,True
20260804_seahub_CHEM16_shard007_A12_e01,20260804_seahub_CHEM16_shard007,1,True,True,False,True,True
20260804_seahub_CHEM16_shard007_B01_e01,20260804_seahub_CHEM16_shard007,1,True,True,False,True,True
20260804_seahub_CHEM16_shard007_B02_e01,20260804_seahub_CHEM16_shard007,1,False,False,False,True,True
20260804_seahub_CHEM16_shard007_B03_e01,20260804_seahub_CHEM16_shard007,1,True,True,False,True,True
20260804_seahub_CHEM16_shard007_B04_e01,20260804_seahub_CHEM16_shard007,1,True,True,False,True,True
20260804_seahub_CHEM16_shard007_B05_e01,20260804_seahub_CHEM16_shard007,1,False,False,False,True,True
20260804_seahub_CHEM16_shard007_B06_e01,20260804_seahub_CHEM16_shard007,1,False,False,False,True,True
20260804_seahub_CHEM16_shard007_B07_e01,20260804_seahub_CHEM16_shard007,1,False,False,False,True,True
20260804_seahub_CHEM16_shard007_B08_e01,20260804_seahub_CHEM16_shard007,1,True,True,False,True,True
20260804_seahub_CHEM16_shard007_B09_e01,20260804_seahub_CHEM16_shard007,1,True,True,False,True,True
20260804_seahub_CHEM16_shard007_B10_e01,20260804_seahub_CHEM16_shard007,1,False,False,False,True,True
20260804_seahub_CHEM16_shard007_B11_e01,20260804_seahub_CHEM16_shard007,1,True,True,False,True,True
20260804_seahub_CHEM16_shard007_B12_e01,20260804_seahub_CHEM16_shard007,1,True,True,False,True,True
20260804_seahub_CHEM16_shard007_C01_e01,20260804_seahub_CHEM16_shard007,1,True,True,False,True,True
20260804_seahub_CHEM16_shard007_C02_e01,20260804_seahub_CHEM16_shard007,1,False,False,False,True,True
20260804_seahub_CHEM16_shard007_C03_e01,20260804_seahub_CHEM16_shard007,1,False,False,False,True,True
20260804_seahub_CHEM16_shard007_C04_e01,20260804_seahub_CHEM16_shard007,1,False,False,False,True,True
20260804_seahub_CHEM16_shard007_C05_e01,20260804_seahub_CHEM16_shard007,1,False,False,False,True,True
20260804_seahub_CHEM16_shard007_C06_e01,20260804_seahub_CHEM16_shard007,1,False,False,False,True,True
20260804_seahub_CHEM16_shard007_C07_e01,20260804_seahub_CHEM16_shard007,1,False,False,False,True,True
20260804_seahub_CHEM16_shard007_C08_e01,20260804_seahub_CHEM16_shard007,1,False,False,False,True,True
20260804_seahub_CHEM16_shard007_C09_e01,20260804_seahub_CHEM16_shard007,1,True,True,False,True,True
20260804_seahub_CHEM16_shard007_C10_e01,20260804_seahub_CHEM16_shard007,1,False,False,False,True,True
20260804_seahub_CHEM16_shard007_C11_e01,20260804_seahub_CHEM16_shard007,1,False,False,False,True,True
20260804_seahub_CHEM16_shard007_C12_e01,20260804_seahub_CHEM16_shard007,1,False,False,False,True,True
20260804_seahub_CHEM16_shard007_D01_e01,20260804_seahub_CHEM16_shard007,1,False,False,False,True,True
20260804_seahub_CHEM16_shard007_D02_e01,20260804_seahub_CHEM16_shard007,1,False,False,False,True,True
20260804_seahub_CHEM16_shard007_D03_e01,20260804_seahub_CHEM16_shard007,1,False,False,False,True,True
20260804_seahub_CHEM16_shard007_D04_e01,20260804_seahub_CHEM16_shard007,1,False,False,False,True,True
20260804_seahub_CHEM16_shard007_D05_e01,20260804_seahub_CHEM16_shard007,1,True,True,False,True,True
20260804_seahub_CHEM16_shard007_D06_e01,20260804_seahub_CHEM16_shard007,1,False,False,False,True,True
20260804_seahub_CHEM16_shard007_D07_e01,20260804_seahub_CHEM16_shard007,1,False,False,False,True,True
20260804_seahub_CHEM16_shard007_D08_e01,20260804_seahub_CHEM16_shard007,1,False,False,False,True,True
20260804_seahub_CHEM16_shard007_D09_e01,20260804_seahub_CHEM16_shard007,1,False,False,False,True,True
20260804_seahub_CHEM16_shard007_D10_e01,20260804_seahub_CHEM16_shard007,1,False,False,False,True,True
20260804_seahub_CHEM16_shard007_D11_e01,20260804_seahub_CHEM16_shard007,1,False,False,False,True,True
20260804_seahub_CHEM16_shard007_D12_e01,20260804_seahub_CHEM16_shard007,1,False,False,False,True,True
20260804_seahub_CHEM17_shard001_A01_e01,20260804_seahub_CHEM17_shard001,1,False,False,False,True,True
20260804_seahub_CHEM17_shard001_A02_e01,20260804_seahub_CHEM17_shard001,1,False,False,False,True,True
20260804_seahub_CHEM17_shard001_A03_e01,20260804_seahub_CHEM17_shard001,1,False,False,False,True,True
20260804_seahub_CHEM17_shard001_A04_e01,20260804_seahub_CHEM17_shard001,1,False,False,False,True,True
20260804_seahub_CHEM17_shard001_A05_e01,20260804_seahub_CHEM17_shard001,1,False,False,False,True,True
20260804_seahub_CHEM17_shard001_A06_e01,20260804_seahub_CHEM17_shard001,1,False,False,False,True,True
20260804_seahub_CHEM17_shard001_A07_e01,20260804_seahub_CHEM17_shard001,1,False,False,False,True,True
20260804_seahub_CHEM17_shard001_A08_e01,20260804_seahub_CHEM17_shard001,1,False,False,False,True,True
20260804_seahub_CHEM17_shard001_A09_e01,20260804_seahub_CHEM17_shard001,1,False,False,False,True,True
20260804_seahub_CHEM17_shard001_A10_e01,20260804_seahub_CHEM17_shard001,1,False,False,False,True,True
20260804_seahub_CHEM17_shard001_A11_e01,20260804_seahub_CHEM17_shard001,1,False,False,False,True,True
20260804_seahub_CHEM17_shard001_A12_e01,20260804_seahub_CHEM17_shard001,1,False,False,False,True,True
20260804_seahub_CHEM17_shard001_B01_e01,20260804_seahub_CHEM17_shard001,1,False,False,False,True,True
20260804_seahub_CHEM17_shard001_B02_e01,20260804_seahub_CHEM17_shard001,1,False,False,False,True,True
20260804_seahub_CHEM17_shard001_B03_e01,20260804_seahub_CHEM17_shard001,1,False,False,False,True,True
20260804_seahub_CHEM17_shard001_B04_e01,20260804_seahub_CHEM17_shard001,1,False,False,False,True,True
20260804_seahub_CHEM17_shard001_B05_e01,20260804_seahub_CHEM17_shard001,1,False,False,False,True,True
20260804_seahub_CHEM17_shard001_B06_e01,20260804_seahub_CHEM17_shard001,1,False,False,False,True,True
20260804_seahub_CHEM17_shard001_B07_e01,20260804_seahub_CHEM17_shard001,1,False,False,False,True,True
20260804_seahub_CHEM17_shard001_B08_e01,20260804_seahub_CHEM17_shard001,1,False,False,False,True,True
20260804_seahub_CHEM17_shard001_B09_e01,20260804_seahub_CHEM17_shard001,1,False,False,False,True,True
20260804_seahub_CHEM17_shard001_B10_e01,20260804_seahub_CHEM17_shard001,1,False,False,False,True,True
20260804_seahub_CHEM17_shard001_B11_e01,20260804_seahub_CHEM17_shard001,1,False,False,False,True,True
20260804_seahub_CHEM17_shard001_B12_e01,20260804_seahub_CHEM17_shard001,1,False,False,False,True,True
20260804_seahub_CHEM17_shard001_C01_e01,20260804_seahub_CHEM17_shard001,1,False,False,False,True,True
20260804_seahub_CHEM17_shard001_C02_e01,20260804_seahub_CHEM17_shard001,1,False,False,False,True,True
20260804_seahub_CHEM17_shard001_C03_e01,20260804_seahub_CHEM17_shard001,1,False,False,False,True,True
20260804_seahub_CHEM17_shard001_C04_e01,20260804_seahub_CHEM17_shard001,1,False,False,False,True,True
20260804_seahub_CHEM17_shard001_C05_e01,20260804_seahub_CHEM17_shard001,1,False,False,False,True,True
20260804_seahub_CHEM17_shard001_C06_e01,20260804_seahub_CHEM17_shard001,1,False,False,False,True,True
20260804_seahub_CHEM17_shard001_C07_e01,20260804_seahub_CHEM17_shard001,1,False,False,False,True,True
20260804_seahub_CHEM17_shard001_C08_e01,20260804_seahub_CHEM17_shard001,1,False,False,False,True,True
20260804_seahub_CHEM17_shard001_C09_e01,20260804_seahub_CHEM17_shard001,1,False,False,False,True,True
20260804_seahub_CHEM17_shard001_C10_e01,20260804_seahub_CHEM17_shard001,1,False,False,False,True,True
20260804_seahub_CHEM17_shard001_C11_e01,20260804_seahub_CHEM17_shard001,1,False,False,False,True,True
20260804_seahub_CHEM17_shard001_C12_e01,20260804_seahub_CHEM17_shard001,1,False,False,False,True,True
20260804_seahub_CHEM17_shard001_D01_e01,20260804_seahub_CHEM17_shard001,1,False,False,False,True,True
20260804_seahub_CHEM17_shard001_D02_e01,20260804_seahub_CHEM17_shard001,1,False,False,False,True,True
20260804_seahub_CHEM17_shard001_D03_e01,20260804_seahub_CHEM17_shard001,1,False,False,False,True,True
20260804_seahub_CHEM17_shard001_D04_e01,20260804_seahub_CHEM17_shard001,1,False,False,False,True,True
20260804_seahub_CHEM17_shard001_D05_e01,20260804_seahub_CHEM17_shard001,1,False,False,False,True,True
20260804_seahub_CHEM17_shard001_D06_e01,20260804_seahub_CHEM17_shard001,1,False,False,False,True,True
20260804_seahub_CHEM17_shard001_D07_e01,20260804_seahub_CHEM17_shard001,1,False,False,False,True,True
20260804_seahub_CHEM17_shard001_D08_e01,20260804_seahub_CHEM17_shard001,1,False,False,False,True,True
20260804_seahub_CHEM17_shard001_D09_e01,20260804_seahub_CHEM17_shard001,1,False,False,False,True,True
20260804_seahub_CHEM17_shard001_D10_e01,20260804_seahub_CHEM17_shard001,1,False,False,False,True,True
20260804_seahub_CHEM17_shard001_D11_e01,20260804_seahub_CHEM17_shard001,1,False,False,False,True,True
20260804_seahub_CHEM17_shard001_D12_e01,20260804_seahub_CHEM17_shard001,1,False,False,False,True,True
20260804_seahub_CHEM17_shard001_E01_e01,20260804_seahub_CHEM17_shard001,1,False,False,False,True,True
20260804_seahub_CHEM17_shard001_E02_e01,20260804_seahub_CHEM17_shard001,1,False,False,False,True,True
20260804_seahub_CHEM17_shard001_E03_e01,20260804_seahub_CHEM17_shard001,1,False,False,False,True,True
20260804_seahub_CHEM17_shard001_E04_e01,20260804_seahub_CHEM17_shard001,1,False,False,False,True,True
20260804_seahub_CHEM17_shard001_E05_e01,20260804_seahub_CHEM17_shard001,1,False,False,False,True,True
20260804_seahub_CHEM17_shard001_E06_e01,20260804_seahub_CHEM17_shard001,1,False,False,False,True,True
20260804_seahub_CHEM17_shard001_E07_e01,20260804_seahub_CHEM17_shard001,1,False,False,False,True,True
20260804_seahub_CHEM17_shard001_E08_e01,20260804_seahub_CHEM17_shard001,1,False,False,False,True,True
20260804_seahub_CHEM17_shard001_E09_e01,20260804_seahub_CHEM17_shard001,1,False,False,False,True,True
20260804_seahub_CHEM17_shard001_E10_e01,20260804_seahub_CHEM17_shard001,1,False,False,False,True,True
20260804_seahub_CHEM17_shard001_E11_e01,20260804_seahub_CHEM17_shard001,1,False,False,False,True,True
20260804_seahub_CHEM17_shard001_E12_e01,20260804_seahub_CHEM17_shard001,1,False,False,False,True,True
20260804_seahub_CHEM17_shard001_F01_e01,20260804_seahub_CHEM17_shard001,1,False,False,False,True,True
20260804_seahub_CHEM17_shard001_F02_e01,20260804_seahub_CHEM17_shard001,1,False,False,False,True,True
20260804_seahub_CHEM17_shard001_F03_e01,20260804_seahub_CHEM17_shard001,1,False,False,False,True,True
20260804_seahub_CHEM17_shard001_F04_e01,20260804_seahub_CHEM17_shard001,1,False,False,False,True,True
20260804_seahub_CHEM17_shard001_F05_e01,20260804_seahub_CHEM17_shard001,1,False,False,False,True,True
20260804_seahub_CHEM17_shard001_F06_e01,20260804_seahub_CHEM17_shard001,1,False,False,False,True,True
20260804_seahub_CHEM17_shard001_F07_e01,20260804_seahub_CHEM17_shard001,1,False,False,False,True,True
20260804_seahub_CHEM17_shard001_F08_e01,20260804_seahub_CHEM17_shard001,1,False,False,False,True,True
20260804_seahub_CHEM17_shard001_F09_e01,20260804_seahub_CHEM17_shard001,1,False,False,False,True,True
20260804_seahub_CHEM17_shard001_F10_e01,20260804_seahub_CHEM17_shard001,1,False,False,False,True,True
20260804_seahub_CHEM17_shard001_F11_e01,20260804_seahub_CHEM17_shard001,1,False,False,False,True,True
20260804_seahub_CHEM17_shard001_F12_e01,20260804_seahub_CHEM17_shard001,1,False,False,False,True,True
20260804_seahub_CHEM17_shard001_G01_e01,20260804_seahub_CHEM17_shard001,1,False,False,False,True,True
20260804_seahub_CHEM17_shard001_G02_e01,20260804_seahub_CHEM17_shard001,1,False,False,False,True,True
20260804_seahub_CHEM17_shard001_G03_e01,20260804_seahub_CHEM17_shard001,1,False,False,False,True,True
20260804_seahub_CHEM17_shard001_G04_e01,20260804_seahub_CHEM17_shard001,1,False,False,False,True,True
20260804_seahub_CHEM17_shard001_G05_e01,20260804_seahub_CHEM17_shard001,1,False,False,False,True,True
20260804_seahub_CHEM17_shard001_G06_e01,20260804_seahub_CHEM17_shard001,1,False,False,False,True,True
20260804_seahub_CHEM17_shard001_G07_e01,20260804_seahub_CHEM17_shard001,1,False,False,False,True,True
20260804_seahub_CHEM17_shard001_G08_e01,20260804_seahub_CHEM17_shard001,1,False,False,False,True,True
20260804_seahub_CHEM17_shard001_G09_e01,20260804_seahub_CHEM17_shard001,1,False,False,False,True,True
20260804_seahub_CHEM17_shard001_G10_e01,20260804_seahub_CHEM17_shard001,1,False,False,False,True,True
20260804_seahub_CHEM17_shard001_G11_e01,20260804_seahub_CHEM17_shard001,1,False,False,False,True,True
20260804_seahub_CHEM17_shard001_G12_e01,20260804_seahub_CHEM17_shard001,1,False,False,False,True,True
20260804_seahub_CHEM17_shard001_H01_e01,20260804_seahub_CHEM17_shard001,1,False,False,False,True,True
20260804_seahub_CHEM17_shard001_H02_e01,20260804_seahub_CHEM17_shard001,1,False,False,False,True,True
20260804_seahub_CHEM17_shard001_H03_e01,20260804_seahub_CHEM17_shard001,1,False,False,False,True,True
20260804_seahub_CHEM17_shard001_H04_e01,20260804_seahub_CHEM17_shard001,1,False,False,False,True,True
20260804_seahub_CHEM17_shard001_H05_e01,20260804_seahub_CHEM17_shard001,1,False,False,False,True,True
20260804_seahub_CHEM17_shard001_H06_e01,20260804_seahub_CHEM17_shard001,1,False,False,False,True,True
20260804_seahub_CHEM17_shard001_H07_e01,20260804_seahub_CHEM17_shard001,1,False,False,False,True,True
20260804_seahub_CHEM17_shard001_H08_e01,20260804_seahub_CHEM17_shard001,1,False,False,False,True,True
20260804_seahub_CHEM17_shard001_H09_e01,20260804_seahub_CHEM17_shard001,1,False,False,False,True,True
20260804_seahub_CHEM17_shard001_H10_e01,20260804_seahub_CHEM17_shard001,1,False,False,False,True,True
20260804_seahub_CHEM17_shard001_H11_e01,20260804_seahub_CHEM17_shard001,1,False,False,False,True,True
20260804_seahub_CHEM17_shard001_H12_e01,20260804_seahub_CHEM17_shard001,1,False,False,False,True,True
20260804_seahub_CHEM17_shard002_A01_e01,20260804_seahub_CHEM17_shard002,1,False,False,False,True,True
20260804_seahub_CHEM17_shard002_A02_e01,20260804_seahub_CHEM17_shard002,1,False,False,False,True,True
20260804_seahub_CHEM17_shard002_A03_e01,20260804_seahub_CHEM17_shard002,1,False,False,False,True,True
20260804_seahub_CHEM17_shard002_A04_e01,20260804_seahub_CHEM17_shard002,1,False,False,False,True,True
20260804_seahub_CHEM17_shard002_A05_e01,20260804_seahub_CHEM17_shard002,1,False,False,False,True,True
20260804_seahub_CHEM17_shard002_A06_e01,20260804_seahub_CHEM17_shard002,1,False,False,False,True,True
20260804_seahub_CHEM17_shard002_A07_e01,20260804_seahub_CHEM17_shard002,1,False,False,False,True,True
20260804_seahub_CHEM17_shard002_A08_e01,20260804_seahub_CHEM17_shard002,1,False,False,False,True,True
20260804_seahub_CHEM17_shard002_A09_e01,20260804_seahub_CHEM17_shard002,1,False,False,False,True,True
20260804_seahub_CHEM17_shard002_A10_e01,20260804_seahub_CHEM17_shard002,1,False,False,False,True,True
20260804_seahub_CHEM17_shard002_A11_e01,20260804_seahub_CHEM17_shard002,1,False,False,False,True,True
20260804_seahub_CHEM17_shard002_A12_e01,20260804_seahub_CHEM17_shard002,1,False,False,False,True,True
20260804_seahub_CHEM17_shard002_B01_e01,20260804_seahub_CHEM17_shard002,1,False,False,False,True,True
20260804_seahub_CHEM17_shard002_B02_e01,20260804_seahub_CHEM17_shard002,1,False,False,False,True,True
20260804_seahub_CHEM17_shard002_B03_e01,20260804_seahub_CHEM17_shard002,1,False,False,False,True,True
20260804_seahub_CHEM17_shard002_B04_e01,20260804_seahub_CHEM17_shard002,1,False,False,False,True,True
20260804_seahub_CHEM17_shard002_B05_e01,20260804_seahub_CHEM17_shard002,1,False,False,False,True,True
20260804_seahub_CHEM17_shard002_B06_e01,20260804_seahub_CHEM17_shard002,1,False,False,False,True,True
20260804_seahub_CHEM17_shard002_B07_e01,20260804_seahub_CHEM17_shard002,1,False,False,False,True,True
20260804_seahub_CHEM17_shard002_B08_e01,20260804_seahub_CHEM17_shard002,1,False,False,False,True,True
20260804_seahub_CHEM17_shard002_B09_e01,20260804_seahub_CHEM17_shard002,1,False,False,False,True,True
20260804_seahub_CHEM17_shard002_B10_e01,20260804_seahub_CHEM17_shard002,1,False,False,False,True,True
20260804_seahub_CHEM17_shard002_B11_e01,20260804_seahub_CHEM17_shard002,1,False,False,False,True,True
20260804_seahub_CHEM17_shard002_B12_e01,20260804_seahub_CHEM17_shard002,1,False,False,False,True,True
20260804_seahub_CHEM17_shard002_C01_e01,20260804_seahub_CHEM17_shard002,1,False,False,False,True,True
20260804_seahub_CHEM17_shard002_C02_e01,20260804_seahub_CHEM17_shard002,1,False,False,False,True,True
20260804_seahub_CHEM17_shard002_C03_e01,20260804_seahub_CHEM17_shard002,1,False,False,False,True,True
20260804_seahub_CHEM17_shard002_C04_e01,20260804_seahub_CHEM17_shard002,1,False,False,False,True,True
20260804_seahub_CHEM17_shard002_C05_e01,20260804_seahub_CHEM17_shard002,1,False,False,False,True,True
20260804_seahub_CHEM17_shard002_C06_e01,20260804_seahub_CHEM17_shard002,1,False,False,False,True,True
20260804_seahub_CHEM17_shard002_C07_e01,20260804_seahub_CHEM17_shard002,1,False,False,False,True,True
20260804_seahub_CHEM17_shard002_C08_e01,20260804_seahub_CHEM17_shard002,1,False,False,False,True,True
20260804_seahub_CHEM17_shard002_C09_e01,20260804_seahub_CHEM17_shard002,1,False,False,False,True,True
20260804_seahub_CHEM17_shard002_C10_e01,20260804_seahub_CHEM17_shard002,1,False,False,False,True,True
20260804_seahub_CHEM17_shard002_C11_e01,20260804_seahub_CHEM17_shard002,1,False,False,False,True,True
20260804_seahub_CHEM17_shard002_C12_e01,20260804_seahub_CHEM17_shard002,1,False,False,False,True,True
20260804_seahub_CHEM17_shard002_D01_e01,20260804_seahub_CHEM17_shard002,1,False,False,False,True,True
20260804_seahub_CHEM17_shard002_D02_e01,20260804_seahub_CHEM17_shard002,1,False,False,False,True,True
20260804_seahub_CHEM17_shard002_D03_e01,20260804_seahub_CHEM17_shard002,1,False,False,False,True,True
20260804_seahub_CHEM17_shard002_D04_e01,20260804_seahub_CHEM17_shard002,1,False,False,False,True,True
20260804_seahub_CHEM17_shard002_D05_e01,20260804_seahub_CHEM17_shard002,1,False,False,False,True,True
20260804_seahub_CHEM17_shard002_D06_e01,20260804_seahub_CHEM17_shard002,1,False,False,False,True,True
20260804_seahub_CHEM17_shard002_D07_e01,20260804_seahub_CHEM17_shard002,1,False,False,False,True,True
20260804_seahub_CHEM17_shard002_D08_e01,20260804_seahub_CHEM17_shard002,1,False,False,False,True,True
20260804_seahub_CHEM17_shard002_D09_e01,20260804_seahub_CHEM17_shard002,1,False,False,False,True,True
20260804_seahub_CHEM17_shard002_D10_e01,20260804_seahub_CHEM17_shard002,1,False,False,False,True,True
20260804_seahub_CHEM17_shard002_D11_e01,20260804_seahub_CHEM17_shard002,1,False,False,False,True,True
20260804_seahub_CHEM17_shard002_D12_e01,20260804_seahub_CHEM17_shard002,1,False,False,False,True,True
20260804_seahub_CHEM17_shard002_E01_e01,20260804_seahub_CHEM17_shard002,1,False,False,False,True,True
20260804_seahub_CHEM17_shard002_E02_e01,20260804_seahub_CHEM17_shard002,1,False,False,False,True,True
20260804_seahub_CHEM17_shard002_E03_e01,20260804_seahub_CHEM17_shard002,1,False,False,False,True,True
20260804_seahub_CHEM17_shard002_E04_e01,20260804_seahub_CHEM17_shard002,1,False,False,False,True,True
20260804_seahub_CHEM17_shard002_E05_e01,20260804_seahub_CHEM17_shard002,1,False,False,False,True,True
20260804_seahub_CHEM17_shard002_E06_e01,20260804_seahub_CHEM17_shard002,1,False,False,False,True,True
20260804_seahub_CHEM17_shard002_E07_e01,20260804_seahub_CHEM17_shard002,1,False,False,False,True,True
20260804_seahub_CHEM17_shard002_E08_e01,20260804_seahub_CHEM17_shard002,1,False,False,False,True,True
20260804_seahub_CHEM17_shard002_E09_e01,20260804_seahub_CHEM17_shard002,1,False,False,False,True,True
20260804_seahub_CHEM17_shard002_E10_e01,20260804_seahub_CHEM17_shard002,1,False,False,False,True,True
20260804_seahub_CHEM17_shard002_E11_e01,20260804_seahub_CHEM17_shard002,1,False,False,False,True,True
20260804_seahub_CHEM17_shard002_E12_e01,20260804_seahub_CHEM17_shard002,1,False,False,False,True,True
20260804_seahub_CHEM17_shard002_F01_e01,20260804_seahub_CHEM17_shard002,1,False,False,False,True,True
20260804_seahub_CHEM17_shard002_F02_e01,20260804_seahub_CHEM17_shard002,1,False,False,False,True,True
20260804_seahub_CHEM17_shard002_F03_e01,20260804_seahub_CHEM17_shard002,1,False,False,False,True,True
20260804_seahub_CHEM17_shard002_F04_e01,20260804_seahub_CHEM17_shard002,1,False,False,False,True,True
20260804_seahub_CHEM17_shard002_F05_e01,20260804_seahub_CHEM17_shard002,1,False,False,False,True,True
20260804_seahub_CHEM17_shard002_F06_e01,20260804_seahub_CHEM17_shard002,1,True,False,True,True,True
20260804_seahub_CHEM17_shard002_F07_e01,20260804_seahub_CHEM17_shard002,1,True,False,True,True,True
20260804_seahub_CHEM17_shard002_F08_e01,20260804_seahub_CHEM17_shard002,1,True,False,True,True,True
20260804_seahub_CHEM17_shard002_F09_e01,20260804_seahub_CHEM17_shard002,1,False,False,False,True,True
20260804_seahub_CHEM17_shard002_F10_e01,20260804_seahub_CHEM17_shard002,1,False,False,False,True,True
20260804_seahub_CHEM17_shard002_F11_e01,20260804_seahub_CHEM17_shard002,1,True,False,True,True,True
20260804_seahub_CHEM17_shard002_F12_e01,20260804_seahub_CHEM17_shard002,1,False,False,False,True,True
20260804_seahub_CHEM17_shard002_G01_e01,20260804_seahub_CHEM17_shard002,1,False,False,False,True,True
20260804_seahub_CHEM17_shard002_G02_e01,20260804_seahub_CHEM17_shard002,1,False,False,False,True,True
20260804_seahub_CHEM17_shard002_G03_e01,20260804_seahub_CHEM17_shard002,1,False,False,False,True,True
20260804_seahub_CHEM17_shard002_G04_e01,20260804_seahub_CHEM17_shard002,1,False,False,False,True,True
20260804_seahub_CHEM17_shard002_G05_e01,20260804_seahub_CHEM17_shard002,1,False,False,False,True,True
20260804_seahub_CHEM17_shard002_G06_e01,20260804_seahub_CHEM17_shard002,1,False,False,False,True,True
20260804_seahub_CHEM17_shard002_G07_e01,20260804_seahub_CHEM17_shard002,1,False,False,False,True,True
20260804_seahub_CHEM17_shard002_G08_e01,20260804_seahub_CHEM17_shard002,1,False,False,False,True,True
20260804_seahub_CHEM17_shard002_G09_e01,20260804_seahub_CHEM17_shard002,1,False,False,False,True,True
20260804_seahub_CHEM17_shard002_G10_e01,20260804_seahub_CHEM17_shard002,1,False,False,False,True,True
20260804_seahub_CHEM17_shard002_G11_e01,20260804_seahub_CHEM17_shard002,1,False,False,False,True,True
20260804_seahub_CHEM17_shard002_G12_e01,20260804_seahub_CHEM17_shard002,1,False,False,False,True,True
20260804_seahub_CHEM17_shard002_H01_e01,20260804_seahub_CHEM17_shard002,1,False,False,False,True,True
20260804_seahub_CHEM17_shard002_H02_e01,20260804_seahub_CHEM17_shard002,1,False,False,False,True,True
20260804_seahub_CHEM17_shard002_H03_e01,20260804_seahub_CHEM17_shard002,1,False,False,False,True,True
20260804_seahub_CHEM17_shard002_H04_e01,20260804_seahub_CHEM17_shard002,1,False,False,False,True,True
20260804_seahub_CHEM17_shard002_H05_e01,20260804_seahub_CHEM17_shard002,1,False,False,False,True,True
20260804_seahub_CHEM17_shard002_H06_e01,20260804_seahub_CHEM17_shard002,1,False,False,False,True,True
20260804_seahub_CHEM17_shard002_H07_e01,20260804_seahub_CHEM17_shard002,1,False,False,False,True,True
20260804_seahub_CHEM17_shard002_H08_e01,20260804_seahub_CHEM17_shard002,1,False,False,False,True,True
20260804_seahub_CHEM17_shard002_H09_e01,20260804_seahub_CHEM17_shard002,1,False,False,False,True,True
20260804_seahub_CHEM17_shard002_H10_e01,20260804_seahub_CHEM17_shard002,1,False,False,False,True,True
20260804_seahub_CHEM17_shard002_H11_e01,20260804_seahub_CHEM17_shard002,1,False,False,False,True,True
20260804_seahub_CHEM17_shard002_H12_e01,20260804_seahub_CHEM17_shard002,1,False,False,False,True,True
20260804_seahub_CHEM17_shard003_A01_e01,20260804_seahub_CHEM17_shard003,1,False,False,False,True,True
20260804_seahub_CHEM17_shard003_A02_e01,20260804_seahub_CHEM17_shard003,1,False,False,False,True,True
20260804_seahub_CHEM17_shard003_A03_e01,20260804_seahub_CHEM17_shard003,1,False,False,False,True,True
20260804_seahub_CHEM17_shard003_A04_e01,20260804_seahub_CHEM17_shard003,1,False,False,False,True,True
20260804_seahub_CHEM17_shard003_A05_e01,20260804_seahub_CHEM17_shard003,1,False,False,False,True,True
20260804_seahub_CHEM17_shard003_A06_e01,20260804_seahub_CHEM17_shard003,1,False,False,False,True,True
20260804_seahub_CHEM17_shard003_A07_e01,20260804_seahub_CHEM17_shard003,1,False,False,False,True,True
20260804_seahub_CHEM17_shard003_A08_e01,20260804_seahub_CHEM17_shard003,1,False,False,False,True,True
20260804_seahub_CHEM17_shard003_A09_e01,20260804_seahub_CHEM17_shard003,1,False,False,False,True,True
20260804_seahub_CHEM17_shard003_A10_e01,20260804_seahub_CHEM17_shard003,1,False,False,False,True,True
20260804_seahub_CHEM17_shard003_A11_e01,20260804_seahub_CHEM17_shard003,1,False,False,False,True,True
20260804_seahub_CHEM17_shard003_A12_e01,20260804_seahub_CHEM17_shard003,1,False,False,False,True,True
20260804_seahub_CHEM17_shard003_B01_e01,20260804_seahub_CHEM17_shard003,1,False,False,False,True,True
20260804_seahub_CHEM17_shard003_B02_e01,20260804_seahub_CHEM17_shard003,1,False,False,False,True,True
20260804_seahub_CHEM17_shard003_B03_e01,20260804_seahub_CHEM17_shard003,1,False,False,False,True,True
20260804_seahub_CHEM17_shard003_B04_e01,20260804_seahub_CHEM17_shard003,1,False,False,False,True,True
20260804_seahub_CHEM17_shard003_B05_e01,20260804_seahub_CHEM17_shard003,1,True,True,False,True,True
20260804_seahub_CHEM17_shard003_B06_e01,20260804_seahub_CHEM17_shard003,1,False,False,False,True,True
20260804_seahub_CHEM17_shard003_B07_e01,20260804_seahub_CHEM17_shard003,1,True,True,False,True,True
20260804_seahub_CHEM17_shard003_B08_e01,20260804_seahub_CHEM17_shard003,1,False,False,False,True,True
20260804_seahub_CHEM17_shard003_B09_e01,20260804_seahub_CHEM17_shard003,1,True,True,False,True,True
20260804_seahub_CHEM17_shard003_B10_e01,20260804_seahub_CHEM17_shard003,1,False,False,False,True,True
20260804_seahub_CHEM17_shard003_B11_e01,20260804_seahub_CHEM17_shard003,1,True,True,False,True,True
20260804_seahub_CHEM17_shard003_B12_e01,20260804_seahub_CHEM17_shard003,1,False,False,False,True,True
20260804_seahub_CHEM17_shard003_C01_e01,20260804_seahub_CHEM17_shard003,1,False,False,False,True,True
20260804_seahub_CHEM17_shard003_C02_e01,20260804_seahub_CHEM17_shard003,1,False,False,False,True,True
20260804_seahub_CHEM17_shard003_C03_e01,20260804_seahub_CHEM17_shard003,1,False,False,False,True,True
20260804_seahub_CHEM17_shard003_C04_e01,20260804_seahub_CHEM17_shard003,1,False,False,False,True,True
20260804_seahub_CHEM17_shard003_C05_e01,20260804_seahub_CHEM17_shard003,1,False,False,False,True,True
20260804_seahub_CHEM17_shard003_C06_e01,20260804_seahub_CHEM17_shard003,1,False,False,False,True,True
20260804_seahub_CHEM17_shard003_C07_e01,20260804_seahub_CHEM17_shard003,1,False,False,False,True,True
20260804_seahub_CHEM17_shard003_C08_e01,20260804_seahub_CHEM17_shard003,1,False,False,False,True,True
20260804_seahub_GENE10_shard001_A01_e01,20260804_seahub_GENE10_shard001,1,False,False,False,True,True
20260804_seahub_GENE10_shard001_A02_e01,20260804_seahub_GENE10_shard001,1,False,False,False,True,True
20260804_seahub_GENE10_shard001_A03_e01,20260804_seahub_GENE10_shard001,1,False,False,False,True,True
20260804_seahub_GENE10_shard001_A04_e01,20260804_seahub_GENE10_shard001,1,False,False,False,True,True
20260804_seahub_GENE10_shard001_A05_e01,20260804_seahub_GENE10_shard001,1,False,False,False,True,True
20260804_seahub_GENE10_shard001_A06_e01,20260804_seahub_GENE10_shard001,1,False,False,False,True,True
20260804_seahub_GENE10_shard001_A07_e01,20260804_seahub_GENE10_shard001,1,False,False,False,True,True
20260804_seahub_GENE10_shard001_A08_e01,20260804_seahub_GENE10_shard001,1,False,False,False,True,True
20260804_seahub_GENE10_shard001_A09_e01,20260804_seahub_GENE10_shard001,1,True,True,False,True,True
20260804_seahub_GENE10_shard001_A10_e01,20260804_seahub_GENE10_shard001,1,False,False,False,True,True
20260804_seahub_GENE10_shard001_A11_e01,20260804_seahub_GENE10_shard001,1,True,True,False,True,True
20260804_seahub_GENE10_shard001_A12_e01,20260804_seahub_GENE10_shard001,1,False,False,False,True,True
20260804_seahub_GENE10_shard001_B01_e01,20260804_seahub_GENE10_shard001,1,False,False,False,True,True
20260804_seahub_GENE10_shard001_B02_e01,20260804_seahub_GENE10_shard001,1,False,False,False,True,True
20260804_seahub_GENE10_shard001_B03_e01,20260804_seahub_GENE10_shard001,1,True,True,False,True,True
20260804_seahub_GENE10_shard001_B04_e01,20260804_seahub_GENE10_shard001,1,False,False,False,True,True
20260804_seahub_GENE10_shard001_B05_e01,20260804_seahub_GENE10_shard001,1,False,False,False,True,True
20260804_seahub_GENE10_shard001_B06_e01,20260804_seahub_GENE10_shard001,1,False,False,False,True,True
20260804_seahub_GENE10_shard001_B07_e01,20260804_seahub_GENE10_shard001,1,False,False,False,True,True
20260804_seahub_GENE10_shard001_B08_e01,20260804_seahub_GENE10_shard001,1,False,False,False,True,True
20260804_seahub_GENE10_shard001_B09_e01,20260804_seahub_GENE10_shard001,1,False,False,False,True,True
20260804_seahub_GENE10_shard001_B10_e01,20260804_seahub_GENE10_shard001,1,False,False,False,True,True
20260804_seahub_GENE10_shard001_B11_e01,20260804_seahub_GENE10_shard001,1,False,False,False,True,True
20260804_seahub_GENE10_shard001_B12_e01,20260804_seahub_GENE10_shard001,1,False,False,False,True,True
20260804_seahub_GENE10_shard001_C01_e01,20260804_seahub_GENE10_shard001,1,False,False,False,True,True
20260804_seahub_GENE10_shard001_C02_e01,20260804_seahub_GENE10_shard001,1,False,False,False,True,True
20260804_seahub_GENE10_shard001_C03_e01,20260804_seahub_GENE10_shard001,1,False,False,False,True,True
20260804_seahub_GENE10_shard001_C04_e01,20260804_seahub_GENE10_shard001,1,False,False,False,True,True
20260804_seahub_GENE10_shard001_C05_e01,20260804_seahub_GENE10_shard001,1,False,False,False,True,True
20260804_seahub_GENE10_shard001_C06_e01,20260804_seahub_GENE10_shard001,1,False,False,False,True,True
20260804_seahub_GENE10_shard001_C07_e01,20260804_seahub_GENE10_shard001,1,False,False,False,True,True
20260804_seahub_GENE10_shard001_C08_e01,20260804_seahub_GENE10_shard001,1,False,False,False,True,True
20260804_seahub_GENE10_shard001_C09_e01,20260804_seahub_GENE10_shard001,1,False,False,False,True,True
20260804_seahub_GENE10_shard001_C10_e01,20260804_seahub_GENE10_shard001,1,False,False,False,True,True
20260804_seahub_GENE10_shard001_C11_e01,20260804_seahub_GENE10_shard001,1,False,False,False,True,True
20260804_seahub_GENE10_shard001_C12_e01,20260804_seahub_GENE10_shard001,1,False,False,False,True,True
20260804_seahub_GENE10_shard001_D01_e01,20260804_seahub_GENE10_shard001,1,False,False,False,True,True
20260804_seahub_GENE10_shard001_D02_e01,20260804_seahub_GENE10_shard001,1,False,False,False,True,True
20260804_seahub_GENE10_shard001_D03_e01,20260804_seahub_GENE10_shard001,1,False,False,False,True,True
20260804_seahub_GENE10_shard001_D04_e01,20260804_seahub_GENE10_shard001,1,False,False,False,True,True
20260804_seahub_GENE10_shard001_D05_e01,20260804_seahub_GENE10_shard001,1,False,False,False,True,True
20260804_seahub_GENE10_shard001_D06_e01,20260804_seahub_GENE10_shard001,1,False,False,False,True,True
20260804_seahub_GENE10_shard001_D07_e01,20260804_seahub_GENE10_shard001,1,False,False,False,True,True
20260804_seahub_GENE10_shard001_D08_e01,20260804_seahub_GENE10_shard001,1,False,False,False,True,True
20260804_seahub_GENE10_shard001_D09_e01,20260804_seahub_GENE10_shard001,1,False,False,False,True,True
20260804_seahub_GENE10_shard001_D10_e01,20260804_seahub_GENE10_shard001,1,False,False,False,True,True
20260804_seahub_GENE10_shard001_D11_e01,20260804_seahub_GENE10_shard001,1,False,False,False,True,True
20260804_seahub_GENE10_shard001_D12_e01,20260804_seahub_GENE10_shard001,1,False,False,False,True,True
20260804_seahub_GENE10_shard001_E01_e01,20260804_seahub_GENE10_shard001,1,False,False,False,True,True
20260804_seahub_GENE10_shard001_E02_e01,20260804_seahub_GENE10_shard001,1,False,False,False,True,True
20260804_seahub_GENE10_shard001_E03_e01,20260804_seahub_GENE10_shard001,1,False,False,False,True,True
20260804_seahub_GENE10_shard001_E04_e01,20260804_seahub_GENE10_shard001,1,False,False,False,True,True
20260804_seahub_GENE10_shard001_E05_e01,20260804_seahub_GENE10_shard001,1,False,False,False,True,True
20260804_seahub_GENE10_shard001_E06_e01,20260804_seahub_GENE10_shard001,1,False,False,False,True,True
20260804_seahub_GENE10_shard001_E07_e01,20260804_seahub_GENE10_shard001,1,False,False,False,True,True
20260804_seahub_GENE10_shard001_E08_e01,20260804_seahub_GENE10_shard001,1,False,False,False,True,True
20260804_seahub_GENE10_shard001_E09_e01,20260804_seahub_GENE10_shard001,1,False,False,False,True,True
20260804_seahub_GENE10_shard001_E10_e01,20260804_seahub_GENE10_shard001,1,False,False,False,True,True
20260804_seahub_GENE10_shard001_E11_e01,20260804_seahub_GENE10_shard001,1,False,False,False,True,True
20260804_seahub_GENE10_shard001_E12_e01,20260804_seahub_GENE10_shard001,1,False,False,False,True,True
20260804_seahub_GENE10_shard001_F01_e01,20260804_seahub_GENE10_shard001,1,False,False,False,True,True
20260804_seahub_GENE10_shard001_F02_e01,20260804_seahub_GENE10_shard001,1,False,False,False,True,True
20260804_seahub_GENE10_shard001_F03_e01,20260804_seahub_GENE10_shard001,1,False,False,False,True,True
20260804_seahub_GENE10_shard001_F04_e01,20260804_seahub_GENE10_shard001,1,False,False,False,True,True
20260804_seahub_GENE10_shard001_F05_e01,20260804_seahub_GENE10_shard001,1,False,False,False,True,True
20260804_seahub_GENE10_shard001_F06_e01,20260804_seahub_GENE10_shard001,1,False,False,False,True,True
20260804_seahub_GENE10_shard001_F07_e01,20260804_seahub_GENE10_shard001,1,False,False,False,True,True
20260804_seahub_GENE10_shard001_F08_e01,20260804_seahub_GENE10_shard001,1,False,False,False,True,True
20260804_seahub_GENE10_shard001_F09_e01,20260804_seahub_GENE10_shard001,1,False,False,False,True,True
20260804_seahub_GENE10_shard001_F10_e01,20260804_seahub_GENE10_shard001,1,False,False,False,True,True
20260804_seahub_GENE10_shard001_F11_e01,20260804_seahub_GENE10_shard001,1,False,False,False,True,True
20260804_seahub_GENE10_shard001_F12_e01,20260804_seahub_GENE10_shard001,1,False,False,False,True,True
20260804_seahub_GENE10_shard001_G01_e01,20260804_seahub_GENE10_shard001,1,False,False,False,True,True
20260804_seahub_GENE10_shard001_G02_e01,20260804_seahub_GENE10_shard001,1,False,False,False,True,True
20260804_seahub_GENE10_shard001_G03_e01,20260804_seahub_GENE10_shard001,1,False,False,False,True,True
20260804_seahub_GENE10_shard001_G04_e01,20260804_seahub_GENE10_shard001,1,False,False,False,True,True
20260804_seahub_GENE10_shard001_G05_e01,20260804_seahub_GENE10_shard001,1,False,False,False,True,True
20260804_seahub_GENE10_shard001_G06_e01,20260804_seahub_GENE10_shard001,1,False,False,False,True,True
20260804_seahub_GENE10_shard001_G07_e01,20260804_seahub_GENE10_shard001,1,False,False,False,True,True
20260804_seahub_GENE10_shard001_G08_e01,20260804_seahub_GENE10_shard001,1,False,False,False,True,True
20260804_seahub_GENE10_shard001_G09_e01,20260804_seahub_GENE10_shard001,1,False,False,False,True,True
20260804_seahub_GENE10_shard001_G10_e01,20260804_seahub_GENE10_shard001,1,False,False,False,True,True
20260804_seahub_GENE10_shard001_G11_e01,20260804_seahub_GENE10_shard001,1,False,False,False,True,True
20260804_seahub_GENE10_shard001_G12_e01,20260804_seahub_GENE10_shard001,1,False,False,False,True,True
20260804_seahub_GENE10_shard001_H01_e01,20260804_seahub_GENE10_shard001,1,False,False,False,True,True
20260804_seahub_GENE10_shard001_H02_e01,20260804_seahub_GENE10_shard001,1,False,False,False,True,True
20260804_seahub_GENE10_shard001_H03_e01,20260804_seahub_GENE10_shard001,1,False,False,False,True,True
20260804_seahub_GENE10_shard001_H04_e01,20260804_seahub_GENE10_shard001,1,False,False,False,True,True
20260804_seahub_GENE10_shard001_H05_e01,20260804_seahub_GENE10_shard001,1,False,False,False,True,True
20260804_seahub_GENE10_shard001_H06_e01,20260804_seahub_GENE10_shard001,1,False,False,False,True,True
20260804_seahub_GENE10_shard001_H07_e01,20260804_seahub_GENE10_shard001,1,False,False,False,True,True
20260804_seahub_GENE10_shard001_H08_e01,20260804_seahub_GENE10_shard001,1,False,False,False,True,True
20260804_seahub_GENE10_shard001_H09_e01,20260804_seahub_GENE10_shard001,1,False,False,False,True,True
20260804_seahub_GENE10_shard001_H10_e01,20260804_seahub_GENE10_shard001,1,False,False,False,True,True
20260804_seahub_GENE10_shard001_H11_e01,20260804_seahub_GENE10_shard001,1,False,False,False,True,True
20260804_seahub_GENE10_shard001_H12_e01,20260804_seahub_GENE10_shard001,1,False,False,False,True,True
20260804_seahub_GENE10_shard002_A01_e01,20260804_seahub_GENE10_shard002,1,False,False,False,True,True
20260804_seahub_GENE10_shard002_A02_e01,20260804_seahub_GENE10_shard002,1,False,False,False,True,True
20260804_seahub_GENE10_shard002_A03_e01,20260804_seahub_GENE10_shard002,1,False,False,False,True,True
20260804_seahub_GENE10_shard002_A04_e01,20260804_seahub_GENE10_shard002,1,False,False,False,True,True
20260804_seahub_GENE10_shard002_A05_e01,20260804_seahub_GENE10_shard002,1,False,False,False,True,True
20260804_seahub_GENE10_shard002_A06_e01,20260804_seahub_GENE10_shard002,1,False,False,False,True,True
20260804_seahub_GENE10_shard002_A07_e01,20260804_seahub_GENE10_shard002,1,False,False,False,True,True
20260804_seahub_GENE10_shard002_A08_e01,20260804_seahub_GENE10_shard002,1,False,False,False,True,True
20260804_seahub_GENE10_shard002_A09_e01,20260804_seahub_GENE10_shard002,1,False,False,False,True,True
20260804_seahub_GENE10_shard002_A10_e01,20260804_seahub_GENE10_shard002,1,False,False,False,True,True
20260804_seahub_GENE10_shard002_A11_e01,20260804_seahub_GENE10_shard002,1,False,False,False,True,True
20260804_seahub_GENE10_shard002_A12_e01,20260804_seahub_GENE10_shard002,1,False,False,False,True,True
20260804_seahub_GENE10_shard002_B01_e01,20260804_seahub_GENE10_shard002,1,False,False,False,True,True
20260804_seahub_GENE10_shard002_B02_e01,20260804_seahub_GENE10_shard002,1,False,False,False,True,True
20260804_seahub_GENE10_shard002_B03_e01,20260804_seahub_GENE10_shard002,1,False,False,False,True,True
20260804_seahub_GENE10_shard002_B04_e01,20260804_seahub_GENE10_shard002,1,False,False,False,True,True
20260804_seahub_GENE10_shard002_B05_e01,20260804_seahub_GENE10_shard002,1,False,False,False,True,True
20260804_seahub_GENE10_shard002_B06_e01,20260804_seahub_GENE10_shard002,1,False,False,False,True,True
20260804_seahub_GENE10_shard002_B07_e01,20260804_seahub_GENE10_shard002,1,False,False,False,True,True
20260804_seahub_GENE10_shard002_B08_e01,20260804_seahub_GENE10_shard002,1,False,False,False,True,True
20260804_seahub_GENE10_shard002_B09_e01,20260804_seahub_GENE10_shard002,1,False,False,False,True,True
20260804_seahub_GENE10_shard002_B10_e01,20260804_seahub_GENE10_shard002,1,False,False,False,True,True
20260804_seahub_GENE10_shard002_B11_e01,20260804_seahub_GENE10_shard002,1,False,False,False,True,True
20260804_seahub_GENE10_shard002_B12_e01,20260804_seahub_GENE10_shard002,1,False,False,False,True,True
20260804_seahub_GENE10_shard002_C01_e01,20260804_seahub_GENE10_shard002,1,False,False,False,True,True
20260804_seahub_GENE10_shard002_C02_e01,20260804_seahub_GENE10_shard002,1,False,False,False,True,True
20260804_seahub_GENE10_shard002_C03_e01,20260804_seahub_GENE10_shard002,1,False,False,False,True,True
20260804_seahub_GENE10_shard002_C04_e01,20260804_seahub_GENE10_shard002,1,False,False,False,True,True
20260804_seahub_GENE10_shard002_C05_e01,20260804_seahub_GENE10_shard002,1,False,False,False,True,True
20260804_seahub_GENE10_shard002_C06_e01,20260804_seahub_GENE10_shard002,1,False,False,False,True,True
20260804_seahub_GENE10_shard002_C07_e01,20260804_seahub_GENE10_shard002,1,False,False,False,True,True
20260804_seahub_GENE10_shard002_C08_e01,20260804_seahub_GENE10_shard002,1,False,False,False,True,True
20260804_seahub_GENE10_shard002_C09_e01,20260804_seahub_GENE10_shard002,1,False,False,False,True,True
20260804_seahub_GENE10_shard002_C10_e01,20260804_seahub_GENE10_shard002,1,False,False,False,True,True
20260804_seahub_GENE10_shard002_C11_e01,20260804_seahub_GENE10_shard002,1,False,False,False,True,True
20260804_seahub_GENE10_shard002_C12_e01,20260804_seahub_GENE10_shard002,1,False,False,False,True,True
20260804_seahub_GENE10_shard002_D01_e01,20260804_seahub_GENE10_shard002,1,False,False,False,True,True
20260804_seahub_GENE10_shard002_D02_e01,20260804_seahub_GENE10_shard002,1,False,False,False,True,True
20260804_seahub_GENE10_shard002_D03_e01,20260804_seahub_GENE10_shard002,1,False,False,False,True,True
20260804_seahub_GENE10_shard002_D04_e01,20260804_seahub_GENE10_shard002,1,False,False,False,True,True
20260804_seahub_GENE10_shard002_D05_e01,20260804_seahub_GENE10_shard002,1,False,False,False,True,True
20260804_seahub_GENE10_shard002_D06_e01,20260804_seahub_GENE10_shard002,1,False,False,False,True,True
20260804_seahub_GENE10_shard002_D07_e01,20260804_seahub_GENE10_shard002,1,False,False,False,True,True
20260804_seahub_GENE10_shard002_D08_e01,20260804_seahub_GENE10_shard002,1,False,False,False,True,True
20260804_seahub_GENE10_shard002_D09_e01,20260804_seahub_GENE10_shard002,1,False,False,False,True,True
20260804_seahub_GENE10_shard002_D10_e01,20260804_seahub_GENE10_shard002,1,False,False,False,True,True
20260804_seahub_GENE10_shard002_D11_e01,20260804_seahub_GENE10_shard002,1,False,False,False,True,True
20260804_seahub_GENE10_shard002_D12_e01,20260804_seahub_GENE10_shard002,1,False,False,False,True,True
20260804_seahub_GENE10_shard002_E01_e01,20260804_seahub_GENE10_shard002,1,False,False,False,True,True
20260804_seahub_GENE10_shard002_E02_e01,20260804_seahub_GENE10_shard002,1,False,False,False,True,True
20260804_seahub_GENE10_shard002_E03_e01,20260804_seahub_GENE10_shard002,1,False,False,False,True,True
20260804_seahub_GENE10_shard002_E04_e01,20260804_seahub_GENE10_shard002,1,False,False,False,True,True
20260804_seahub_GENE10_shard002_E05_e01,20260804_seahub_GENE10_shard002,1,False,False,False,True,True
20260804_seahub_GENE10_shard002_E06_e01,20260804_seahub_GENE10_shard002,1,False,False,False,True,True
20260804_seahub_GENE10_shard002_E07_e01,20260804_seahub_GENE10_shard002,1,False,False,False,True,True
20260804_seahub_GENE10_shard002_E08_e01,20260804_seahub_GENE10_shard002,1,False,False,False,True,True
20260804_seahub_GENE10_shard002_E09_e01,20260804_seahub_GENE10_shard002,1,False,False,False,True,True
20260804_seahub_GENE10_shard002_E10_e01,20260804_seahub_GENE10_shard002,1,False,False,False,True,True
20260804_seahub_GENE10_shard002_E11_e01,20260804_seahub_GENE10_shard002,1,False,False,False,True,True
20260804_seahub_GENE10_shard002_E12_e01,20260804_seahub_GENE10_shard002,1,False,False,False,True,True
20260804_seahub_GENE10_shard002_F01_e01,20260804_seahub_GENE10_shard002,1,False,False,False,True,True
20260804_seahub_GENE10_shard002_F02_e01,20260804_seahub_GENE10_shard002,1,False,False,False,True,True
20260804_seahub_GENE10_shard002_F03_e01,20260804_seahub_GENE10_shard002,1,False,False,False,True,True
20260804_seahub_GENE10_shard002_F04_e01,20260804_seahub_GENE10_shard002,1,False,False,False,True,True
20260804_seahub_GENE10_shard002_F05_e01,20260804_seahub_GENE10_shard002,1,False,False,False,True,True
20260804_seahub_GENE10_shard002_F06_e01,20260804_seahub_GENE10_shard002,1,False,False,False,True,True
20260804_seahub_GENE10_shard002_F07_e01,20260804_seahub_GENE10_shard002,1,False,False,False,True,True
20260804_seahub_GENE10_shard002_F08_e01,20260804_seahub_GENE10_shard002,1,False,False,False,True,True
20260804_seahub_GENE10_shard002_F09_e01,20260804_seahub_GENE10_shard002,1,False,False,False,True,True
20260804_seahub_GENE10_shard002_F10_e01,20260804_seahub_GENE10_shard002,1,False,False,False,True,True
20260804_seahub_GENE10_shard002_F11_e01,20260804_seahub_GENE10_shard002,1,False,False,False,True,True
20260804_seahub_GENE10_shard002_F12_e01,20260804_seahub_GENE10_shard002,1,False,False,False,True,True
20260804_seahub_GENE10_shard002_G01_e01,20260804_seahub_GENE10_shard002,1,False,False,False,True,True
20260804_seahub_GENE10_shard002_G02_e01,20260804_seahub_GENE10_shard002,1,False,False,False,True,True
20260804_seahub_GENE10_shard002_G03_e01,20260804_seahub_GENE10_shard002,1,False,False,False,True,True
20260804_seahub_GENE10_shard002_G04_e01,20260804_seahub_GENE10_shard002,1,False,False,False,True,True
20260804_seahub_GENE10_shard002_G05_e01,20260804_seahub_GENE10_shard002,1,False,False,False,True,True
20260804_seahub_GENE10_shard002_G06_e01,20260804_seahub_GENE10_shard002,1,False,False,False,True,True
20260804_seahub_GENE10_shard002_G07_e01,20260804_seahub_GENE10_shard002,1,False,False,False,True,True
20260804_seahub_GENE10_shard002_G08_e01,20260804_seahub_GENE10_shard002,1,False,False,False,True,True
20260804_seahub_GENE10_shard002_G09_e01,20260804_seahub_GENE10_shard002,1,False,False,False,True,True
20260804_seahub_GENE10_shard002_G10_e01,20260804_seahub_GENE10_shard002,1,False,False,False,True,True
20260804_seahub_GENE10_shard002_G11_e01,20260804_seahub_GENE10_shard002,1,False,False,False,True,True
20260804_seahub_GENE10_shard002_G12_e01,20260804_seahub_GENE10_shard002,1,False,False,False,True,True
20260804_seahub_GENE10_shard002_H01_e01,20260804_seahub_GENE10_shard002,1,False,False,False,True,True
20260804_seahub_GENE10_shard002_H02_e01,20260804_seahub_GENE10_shard002,1,False,False,False,True,True
20260804_seahub_GENE10_shard002_H03_e01,20260804_seahub_GENE10_shard002,1,False,False,False,True,True
20260804_seahub_GENE10_shard002_H04_e01,20260804_seahub_GENE10_shard002,1,False,False,False,True,True
20260804_seahub_GENE10_shard002_H05_e01,20260804_seahub_GENE10_shard002,1,False,False,False,True,True
20260804_seahub_GENE10_shard002_H06_e01,20260804_seahub_GENE10_shard002,1,False,False,False,True,True
20260804_seahub_GENE10_shard002_H07_e01,20260804_seahub_GENE10_shard002,1,False,False,False,True,True
20260804_seahub_GENE10_shard002_H08_e01,20260804_seahub_GENE10_shard002,1,False,False,False,True,True
20260804_seahub_GENE10_shard002_H09_e01,20260804_seahub_GENE10_shard002,1,False,False,False,True,True
20260804_seahub_GENE10_shard002_H10_e01,20260804_seahub_GENE10_shard002,1,False,False,False,True,True
20260804_seahub_GENE10_shard002_H11_e01,20260804_seahub_GENE10_shard002,1,False,False,False,True,True
20260804_seahub_GENE10_shard002_H12_e01,20260804_seahub_GENE10_shard002,1,False,False,False,True,True
20260804_seahub_GENE10_shard003_A01_e01,20260804_seahub_GENE10_shard003,1,False,False,False,True,True
20260804_seahub_GENE10_shard003_A02_e01,20260804_seahub_GENE10_shard003,1,False,False,False,True,True
20260804_seahub_GENE10_shard003_A03_e01,20260804_seahub_GENE10_shard003,1,False,False,False,True,True
20260804_seahub_GENE10_shard003_A04_e01,20260804_seahub_GENE10_shard003,1,False,False,False,True,True
20260804_seahub_GENE10_shard003_A05_e01,20260804_seahub_GENE10_shard003,1,False,False,False,True,True
20260804_seahub_GENE10_shard003_A06_e01,20260804_seahub_GENE10_shard003,1,False,False,False,True,True
20260804_seahub_GENE10_shard003_A07_e01,20260804_seahub_GENE10_shard003,1,False,False,False,True,True
20260804_seahub_GENE10_shard003_A08_e01,20260804_seahub_GENE10_shard003,1,False,False,False,True,True
20260804_seahub_GENE10_shard003_A09_e01,20260804_seahub_GENE10_shard003,1,False,False,False,True,True
20260804_seahub_GENE10_shard003_A10_e01,20260804_seahub_GENE10_shard003,1,False,False,False,True,True
20260804_seahub_GENE10_shard003_A11_e01,20260804_seahub_GENE10_shard003,1,False,False,False,True,True
20260804_seahub_GENE10_shard003_A12_e01,20260804_seahub_GENE10_shard003,1,False,False,False,True,True
20260804_seahub_GENE10_shard003_B01_e01,20260804_seahub_GENE10_shard003,1,False,False,False,True,True
20260804_seahub_GENE10_shard003_B02_e01,20260804_seahub_GENE10_shard003,1,False,False,False,True,True
20260804_seahub_GENE10_shard003_B03_e01,20260804_seahub_GENE10_shard003,1,False,False,False,True,True
20260804_seahub_GENE10_shard003_B04_e01,20260804_seahub_GENE10_shard003,1,False,False,False,True,True
20260804_seahub_GENE10_shard003_B05_e01,20260804_seahub_GENE10_shard003,1,False,False,False,True,True
20260804_seahub_GENE10_shard003_B06_e01,20260804_seahub_GENE10_shard003,1,False,False,False,True,True
20260804_seahub_GENE10_shard003_B07_e01,20260804_seahub_GENE10_shard003,1,False,False,False,True,True
20260804_seahub_GENE10_shard003_B08_e01,20260804_seahub_GENE10_shard003,1,False,False,False,True,True
20260804_seahub_GENE10_shard003_B09_e01,20260804_seahub_GENE10_shard003,1,False,False,False,True,True
20260804_seahub_GENE10_shard003_B10_e01,20260804_seahub_GENE10_shard003,1,False,False,False,True,True
20260804_seahub_GENE10_shard003_B11_e01,20260804_seahub_GENE10_shard003,1,False,False,False,True,True
20260804_seahub_GENE10_shard003_B12_e01,20260804_seahub_GENE10_shard003,1,False,False,False,True,True
20260804_seahub_GENE10_shard003_C01_e01,20260804_seahub_GENE10_shard003,1,False,False,False,True,True
20260804_seahub_GENE10_shard003_C02_e01,20260804_seahub_GENE10_shard003,1,False,False,False,True,True
20260804_seahub_GENE10_shard003_C03_e01,20260804_seahub_GENE10_shard003,1,False,False,False,True,True
20260804_seahub_GENE10_shard003_C04_e01,20260804_seahub_GENE10_shard003,1,False,False,False,True,True
20260804_seahub_GENE10_shard003_C05_e01,20260804_seahub_GENE10_shard003,1,False,False,False,True,True
20260804_seahub_GENE10_shard003_C06_e01,20260804_seahub_GENE10_shard003,1,False,False,False,True,True
20260804_seahub_GENE10_shard003_C07_e01,20260804_seahub_GENE10_shard003,1,False,False,False,True,True
20260804_seahub_GENE10_shard003_C08_e01,20260804_seahub_GENE10_shard003,1,False,False,False,True,True
20260804_seahub_GENE10_shard003_C09_e01,20260804_seahub_GENE10_shard003,1,False,False,False,True,True
20260804_seahub_GENE10_shard003_C10_e01,20260804_seahub_GENE10_shard003,1,False,False,False,True,True
20260804_seahub_GENE10_shard003_C11_e01,20260804_seahub_GENE10_shard003,1,False,False,False,True,True
20260804_seahub_GENE10_shard003_C12_e01,20260804_seahub_GENE10_shard003,1,False,False,False,True,True
20260804_seahub_GENE10_shard003_D01_e01,20260804_seahub_GENE10_shard003,1,False,False,False,True,True
20260804_seahub_GENE10_shard003_D02_e01,20260804_seahub_GENE10_shard003,1,False,False,False,True,True
20260804_seahub_GENE10_shard003_D03_e01,20260804_seahub_GENE10_shard003,1,False,False,False,True,True
20260804_seahub_GENE10_shard003_D04_e01,20260804_seahub_GENE10_shard003,1,False,False,False,True,True
20260804_seahub_GENE10_shard003_D05_e01,20260804_seahub_GENE10_shard003,1,False,False,False,True,True
20260804_seahub_GENE10_shard003_D06_e01,20260804_seahub_GENE10_shard003,1,False,False,False,True,True
20260804_seahub_GENE10_shard003_D07_e01,20260804_seahub_GENE10_shard003,1,False,False,False,True,True
20260804_seahub_GENE10_shard003_D08_e01,20260804_seahub_GENE10_shard003,1,False,False,False,True,True
20260804_seahub_GENE10_shard003_D09_e01,20260804_seahub_GENE10_shard003,1,False,False,False,True,True
20260804_seahub_GENE10_shard003_D10_e01,20260804_seahub_GENE10_shard003,1,False,False,False,True,True
20260804_seahub_GENE10_shard003_D11_e01,20260804_seahub_GENE10_shard003,1,False,False,False,True,True
20260804_seahub_GENE10_shard003_D12_e01,20260804_seahub_GENE10_shard003,1,False,False,False,True,True
20260804_seahub_GENE10_shard003_E01_e01,20260804_seahub_GENE10_shard003,1,False,False,False,True,True
20260804_seahub_GENE10_shard003_E02_e01,20260804_seahub_GENE10_shard003,1,False,False,False,True,True
20260804_seahub_GENE10_shard003_E03_e01,20260804_seahub_GENE10_shard003,1,False,False,False,True,True
20260804_seahub_GENE10_shard003_E04_e01,20260804_seahub_GENE10_shard003,1,False,False,False,True,True
20260804_seahub_GENE10_shard003_E05_e01,20260804_seahub_GENE10_shard003,1,False,False,False,True,True
20260804_seahub_GENE10_shard003_E06_e01,20260804_seahub_GENE10_shard003,1,False,False,False,True,True
20260804_seahub_GENE10_shard003_E07_e01,20260804_seahub_GENE10_shard003,1,False,False,False,True,True
20260804_seahub_GENE10_shard003_E08_e01,20260804_seahub_GENE10_shard003,1,False,False,False,True,True
20260804_seahub_GENE10_shard003_E09_e01,20260804_seahub_GENE10_shard003,1,False,False,False,True,True
20260804_seahub_GENE10_shard003_E10_e01,20260804_seahub_GENE10_shard003,1,False,False,False,True,True
20260804_seahub_GENE10_shard003_E11_e01,20260804_seahub_GENE10_shard003,1,False,False,False,True,True
20260804_seahub_GENE10_shard003_E12_e01,20260804_seahub_GENE10_shard003,1,False,False,False,True,True
20260804_seahub_GENE10_shard003_F01_e01,20260804_seahub_GENE10_shard003,1,False,False,False,True,True
20260804_seahub_GENE10_shard003_F02_e01,20260804_seahub_GENE10_shard003,1,False,False,False,True,True
20260804_seahub_GENE10_shard003_F03_e01,20260804_seahub_GENE10_shard003,1,False,False,False,True,True
20260804_seahub_GENE10_shard003_F04_e01,20260804_seahub_GENE10_shard003,1,False,False,False,True,True
20260804_seahub_GENE10_shard003_F05_e01,20260804_seahub_GENE10_shard003,1,False,False,False,True,True
20260804_seahub_GENE10_shard003_F06_e01,20260804_seahub_GENE10_shard003,1,False,False,False,True,True
20260804_seahub_GENE10_shard003_F07_e01,20260804_seahub_GENE10_shard003,1,False,False,False,True,True
20260804_seahub_GENE10_shard003_F08_e01,20260804_seahub_GENE10_shard003,1,False,False,False,True,True
20260804_seahub_GENE10_shard003_F09_e01,20260804_seahub_GENE10_shard003,1,False,False,False,True,True
20260804_seahub_GENE10_shard003_F10_e01,20260804_seahub_GENE10_shard003,1,False,False,False,True,True
20260804_seahub_GENE10_shard003_F11_e01,20260804_seahub_GENE10_shard003,1,False,False,False,True,True
20260804_seahub_GENE10_shard003_F12_e01,20260804_seahub_GENE10_shard003,1,False,False,False,True,True
20260804_seahub_GENE10_shard003_G01_e01,20260804_seahub_GENE10_shard003,1,False,False,False,True,True
20260804_seahub_GENE10_shard003_G02_e01,20260804_seahub_GENE10_shard003,1,False,False,False,True,True
20260804_seahub_GENE10_shard003_G03_e01,20260804_seahub_GENE10_shard003,1,False,False,False,True,True
20260804_seahub_GENE10_shard003_G04_e01,20260804_seahub_GENE10_shard003,1,False,False,False,True,True
20260804_seahub_GENE10_shard003_G05_e01,20260804_seahub_GENE10_shard003,1,False,False,False,True,True
20260804_seahub_GENE10_shard003_G06_e01,20260804_seahub_GENE10_shard003,1,False,False,False,True,True
20260804_seahub_GENE10_shard003_G07_e01,20260804_seahub_GENE10_shard003,1,False,False,False,True,True
20260804_seahub_GENE10_shard003_G08_e01,20260804_seahub_GENE10_shard003,1,False,False,False,True,True
20260804_seahub_GENE10_shard003_G09_e01,20260804_seahub_GENE10_shard003,1,False,False,False,True,True
20260804_seahub_GENE10_shard003_G10_e01,20260804_seahub_GENE10_shard003,1,False,False,False,True,True
20260804_seahub_GENE10_shard003_G11_e01,20260804_seahub_GENE10_shard003,1,False,False,False,True,True
20260804_seahub_GENE10_shard003_G12_e01,20260804_seahub_GENE10_shard003,1,False,False,False,True,True
20260804_seahub_GENE10_shard003_H01_e01,20260804_seahub_GENE10_shard003,1,False,False,False,True,True
20260804_seahub_GENE10_shard003_H02_e01,20260804_seahub_GENE10_shard003,1,False,False,False,True,True
20260804_seahub_GENE10_shard003_H03_e01,20260804_seahub_GENE10_shard003,1,False,False,False,True,True
20260804_seahub_GENE10_shard003_H04_e01,20260804_seahub_GENE10_shard003,1,False,False,False,True,True
20260804_seahub_GENE10_shard003_H05_e01,20260804_seahub_GENE10_shard003,1,False,False,False,True,True
20260804_seahub_GENE10_shard003_H06_e01,20260804_seahub_GENE10_shard003,1,False,False,False,True,True
20260804_seahub_GENE10_shard003_H07_e01,20260804_seahub_GENE10_shard003,1,False,False,False,True,True
20260804_seahub_GENE10_shard003_H08_e01,20260804_seahub_GENE10_shard003,1,False,False,False,True,True
20260804_seahub_GENE10_shard003_H09_e01,20260804_seahub_GENE10_shard003,1,False,False,False,True,True
20260804_seahub_GENE10_shard003_H10_e01,20260804_seahub_GENE10_shard003,1,False,False,False,True,True
20260804_seahub_GENE10_shard003_H11_e01,20260804_seahub_GENE10_shard003,1,False,False,False,True,True
20260804_seahub_GENE10_shard003_H12_e01,20260804_seahub_GENE10_shard003,1,False,False,False,True,True
