experiment_id,physical_embryo_id,n_rows,n_too_small_rows,too_small_fraction,n_too_small_runs,max_consecutive_run,isolated_or_edge_rows,persistent_run_rows,neighbor_recovery_rows,median_lower_normalized_distance_when_failed,minimum_lower_normalized_distance
20250612_24hpf_ctrl_atf6,20250612_24hpf_ctrl_atf6_A01_e01,1,0,0.0,0,0,0,0,0,,
20250612_24hpf_ctrl_atf6,20250612_24hpf_ctrl_atf6_A02_e01,1,0,0.0,0,0,0,0,0,,
20250612_24hpf_ctrl_atf6,20250612_24hpf_ctrl_atf6_A03_e01,1,0,0.0,0,0,0,0,0,,
20250612_24hpf_ctrl_atf6,20250612_24hpf_ctrl_atf6_A04_e01,1,0,0.0,0,0,0,0,0,,
20250612_24hpf_ctrl_atf6,20250612_24hpf_ctrl_atf6_A05_e01,1,0,0.0,0,0,0,0,0,,
20250612_24hpf_ctrl_atf6,20250612_24hpf_ctrl_atf6_A06_e01,1,0,0.0,0,0,0,0,0,,
20250612_24hpf_ctrl_atf6,20250612_24hpf_ctrl_atf6_A07_e01,1,0,0.0,0,0,0,0,0,,
20250612_24hpf_ctrl_atf6,20250612_24hpf_ctrl_atf6_A08_e01,1,1,1.0,1,1,1,0,0,-0.06124275097829282,-0.06124275097829282
20250612_24hpf_ctrl_atf6,20250612_24hpf_ctrl_atf6_A09_e01,1,0,0.0,0,0,0,0,0,,
20250612_24hpf_ctrl_atf6,20250612_24hpf_ctrl_atf6_A10_e01,1,0,0.0,0,0,0,0,0,,
20250612_24hpf_ctrl_atf6,20250612_24hpf_ctrl_atf6_A11_e01,1,0,0.0,0,0,0,0,0,,
20250612_24hpf_ctrl_atf6,20250612_24hpf_ctrl_atf6_A12_e01,1,0,0.0,0,0,0,0,0,,
20250612_24hpf_ctrl_atf6,20250612_24hpf_ctrl_atf6_B01_e01,1,0,0.0,0,0,0,0,0,,
20250612_24hpf_ctrl_atf6,20250612_24hpf_ctrl_atf6_B02_e01,1,0,0.0,0,0,0,0,0,,
20250612_24hpf_ctrl_atf6,20250612_24hpf_ctrl_atf6_B03_e01,1,0,0.0,0,0,0,0,0,,
20250612_24hpf_ctrl_atf6,20250612_24hpf_ctrl_atf6_B04_e01,1,0,0.0,0,0,0,0,0,,
20250612_24hpf_ctrl_atf6,20250612_24hpf_ctrl_atf6_B05_e01,1,0,0.0,0,0,0,0,0,,
20250612_24hpf_ctrl_atf6,20250612_24hpf_ctrl_atf6_B06_e01,1,0,0.0,0,0,0,0,0,,
20250612_24hpf_ctrl_atf6,20250612_24hpf_ctrl_atf6_B07_e01,1,0,0.0,0,0,0,0,0,,
20250612_24hpf_ctrl_atf6,20250612_24hpf_ctrl_atf6_B08_e01,1,0,0.0,0,0,0,0,0,,
20250612_24hpf_ctrl_atf6,20250612_24hpf_ctrl_atf6_B09_e01,1,0,0.0,0,0,0,0,0,,
20250612_24hpf_ctrl_atf6,20250612_24hpf_ctrl_atf6_B10_e01,1,0,0.0,0,0,0,0,0,,
20250612_24hpf_ctrl_atf6,20250612_24hpf_ctrl_atf6_B11_e01,1,0,0.0,0,0,0,0,0,,
20250612_24hpf_ctrl_atf6,20250612_24hpf_ctrl_atf6_B12_e01,1,0,0.0,0,0,0,0,0,,
20250612_24hpf_ctrl_atf6,20250612_24hpf_ctrl_atf6_C01_e01,1,0,0.0,0,0,0,0,0,,
20250612_24hpf_ctrl_atf6,20250612_24hpf_ctrl_atf6_C02_e01,1,0,0.0,0,0,0,0,0,,
20250612_24hpf_ctrl_atf6,20250612_24hpf_ctrl_atf6_C03_e01,1,0,0.0,0,0,0,0,0,,
20250612_24hpf_ctrl_atf6,20250612_24hpf_ctrl_atf6_C04_e01,1,0,0.0,0,0,0,0,0,,
20250612_24hpf_ctrl_atf6,20250612_24hpf_ctrl_atf6_C05_e01,1,0,0.0,0,0,0,0,0,,
20250612_24hpf_ctrl_atf6,20250612_24hpf_ctrl_atf6_C06_e01,1,0,0.0,0,0,0,0,0,,
20250612_24hpf_ctrl_atf6,20250612_24hpf_ctrl_atf6_C07_e01,1,0,0.0,0,0,0,0,0,,
20250612_24hpf_ctrl_atf6,20250612_24hpf_ctrl_atf6_C08_e01,1,0,0.0,0,0,0,0,0,,
20250612_24hpf_ctrl_atf6,20250612_24hpf_ctrl_atf6_C09_e01,1,0,0.0,0,0,0,0,0,,
20250612_24hpf_ctrl_atf6,20250612_24hpf_ctrl_atf6_C10_e01,1,0,0.0,0,0,0,0,0,,
20250612_24hpf_ctrl_atf6,20250612_24hpf_ctrl_atf6_C11_e01,1,0,0.0,0,0,0,0,0,,
20250612_24hpf_ctrl_atf6,20250612_24hpf_ctrl_atf6_C12_e01,1,0,0.0,0,0,0,0,0,,
20250612_24hpf_ctrl_atf6,20250612_24hpf_ctrl_atf6_D01_e01,1,0,0.0,0,0,0,0,0,,
20250612_24hpf_ctrl_atf6,20250612_24hpf_ctrl_atf6_D02_e01,1,0,0.0,0,0,0,0,0,,
20250612_24hpf_ctrl_atf6,20250612_24hpf_ctrl_atf6_D03_e01,1,0,0.0,0,0,0,0,0,,
20250612_24hpf_ctrl_atf6,20250612_24hpf_ctrl_atf6_D04_e01,1,0,0.0,0,0,0,0,0,,
20250612_24hpf_ctrl_atf6,20250612_24hpf_ctrl_atf6_D05_e01,1,0,0.0,0,0,0,0,0,,
20250612_24hpf_ctrl_atf6,20250612_24hpf_ctrl_atf6_D06_e01,1,0,0.0,0,0,0,0,0,,
20250612_24hpf_ctrl_atf6,20250612_24hpf_ctrl_atf6_D07_e01,1,0,0.0,0,0,0,0,0,,
20250612_24hpf_ctrl_atf6,20250612_24hpf_ctrl_atf6_D08_e01,1,0,0.0,0,0,0,0,0,,
20250612_24hpf_ctrl_atf6,20250612_24hpf_ctrl_atf6_D09_e01,1,0,0.0,0,0,0,0,0,,
20250612_24hpf_ctrl_atf6,20250612_24hpf_ctrl_atf6_D10_e01,1,0,0.0,0,0,0,0,0,,
20250612_24hpf_ctrl_atf6,20250612_24hpf_ctrl_atf6_D11_e01,1,0,0.0,0,0,0,0,0,,
20250612_24hpf_ctrl_atf6,20250612_24hpf_ctrl_atf6_D12_e01,1,0,0.0,0,0,0,0,0,,
20250612_24hpf_ctrl_atf6,20250612_24hpf_ctrl_atf6_E01_e01,1,0,0.0,0,0,0,0,0,,
20250612_24hpf_ctrl_atf6,20250612_24hpf_ctrl_atf6_E02_e01,1,0,0.0,0,0,0,0,0,,
20250612_24hpf_ctrl_atf6,20250612_24hpf_ctrl_atf6_E03_e01,1,0,0.0,0,0,0,0,0,,
20250612_24hpf_ctrl_atf6,20250612_24hpf_ctrl_atf6_E04_e01,1,0,0.0,0,0,0,0,0,,
20250612_24hpf_ctrl_atf6,20250612_24hpf_ctrl_atf6_E05_e01,1,0,0.0,0,0,0,0,0,,
20250612_24hpf_ctrl_atf6,20250612_24hpf_ctrl_atf6_E06_e01,1,0,0.0,0,0,0,0,0,,
20250612_24hpf_ctrl_atf6,20250612_24hpf_ctrl_atf6_E07_e01,1,0,0.0,0,0,0,0,0,,
20250612_24hpf_ctrl_atf6,20250612_24hpf_ctrl_atf6_E08_e01,1,0,0.0,0,0,0,0,0,,
20250612_24hpf_ctrl_atf6,20250612_24hpf_ctrl_atf6_E09_e01,1,0,0.0,0,0,0,0,0,,
20250612_24hpf_ctrl_atf6,20250612_24hpf_ctrl_atf6_E10_e01,1,0,0.0,0,0,0,0,0,,
20250612_24hpf_ctrl_atf6,20250612_24hpf_ctrl_atf6_E10_e02,1,0,0.0,0,0,0,0,0,,
20250612_24hpf_ctrl_atf6,20250612_24hpf_ctrl_atf6_E11_e01,1,0,0.0,0,0,0,0,0,,
20250612_24hpf_ctrl_atf6,20250612_24hpf_ctrl_atf6_E12_e01,1,0,0.0,0,0,0,0,0,,
20250612_24hpf_ctrl_atf6,20250612_24hpf_ctrl_atf6_F01_e01,1,0,0.0,0,0,0,0,0,,
20250612_24hpf_ctrl_atf6,20250612_24hpf_ctrl_atf6_F02_e01,1,0,0.0,0,0,0,0,0,,
20250612_24hpf_ctrl_atf6,20250612_24hpf_ctrl_atf6_F03_e01,1,0,0.0,0,0,0,0,0,,
20250612_24hpf_ctrl_atf6,20250612_24hpf_ctrl_atf6_F04_e01,1,0,0.0,0,0,0,0,0,,
20250612_24hpf_ctrl_atf6,20250612_24hpf_ctrl_atf6_F05_e01,1,0,0.0,0,0,0,0,0,,
20250612_24hpf_ctrl_atf6,20250612_24hpf_ctrl_atf6_F06_e01,1,0,0.0,0,0,0,0,0,,
20250612_24hpf_ctrl_atf6,20250612_24hpf_ctrl_atf6_F07_e01,1,0,0.0,0,0,0,0,0,,
20250612_24hpf_ctrl_atf6,20250612_24hpf_ctrl_atf6_F08_e01,1,0,0.0,0,0,0,0,0,,
20250612_24hpf_ctrl_atf6,20250612_24hpf_ctrl_atf6_F09_e01,1,0,0.0,0,0,0,0,0,,
20250612_24hpf_ctrl_atf6,20250612_24hpf_ctrl_atf6_F10_e01,1,0,0.0,0,0,0,0,0,,
20250612_24hpf_ctrl_atf6,20250612_24hpf_ctrl_atf6_F11_e01,1,0,0.0,0,0,0,0,0,,
20250612_24hpf_ctrl_atf6,20250612_24hpf_ctrl_atf6_F12_e01,1,0,0.0,0,0,0,0,0,,
20250612_24hpf_ctrl_atf6,20250612_24hpf_ctrl_atf6_G01_e01,1,0,0.0,0,0,0,0,0,,
20250612_24hpf_ctrl_atf6,20250612_24hpf_ctrl_atf6_G02_e01,1,0,0.0,0,0,0,0,0,,
20250612_24hpf_ctrl_atf6,20250612_24hpf_ctrl_atf6_G03_e01,1,0,0.0,0,0,0,0,0,,
20250612_24hpf_ctrl_atf6,20250612_24hpf_ctrl_atf6_G04_e01,1,0,0.0,0,0,0,0,0,,
20250612_24hpf_ctrl_atf6,20250612_24hpf_ctrl_atf6_G05_e01,1,0,0.0,0,0,0,0,0,,
20250612_24hpf_ctrl_atf6,20250612_24hpf_ctrl_atf6_G06_e01,1,0,0.0,0,0,0,0,0,,
20250612_24hpf_ctrl_atf6,20250612_24hpf_ctrl_atf6_G07_e01,1,0,0.0,0,0,0,0,0,,
20250612_24hpf_ctrl_atf6,20250612_24hpf_ctrl_atf6_G08_e01,1,0,0.0,0,0,0,0,0,,
20250612_24hpf_ctrl_atf6,20250612_24hpf_ctrl_atf6_G09_e01,1,0,0.0,0,0,0,0,0,,
20250612_24hpf_ctrl_atf6,20250612_24hpf_ctrl_atf6_G10_e01,1,0,0.0,0,0,0,0,0,,
20250612_24hpf_ctrl_atf6,20250612_24hpf_ctrl_atf6_G11_e01,1,0,0.0,0,0,0,0,0,,
20250612_24hpf_ctrl_atf6,20250612_24hpf_ctrl_atf6_G12_e01,1,0,0.0,0,0,0,0,0,,
20250612_24hpf_ctrl_atf6,20250612_24hpf_ctrl_atf6_H01_e01,1,0,0.0,0,0,0,0,0,,
20250612_24hpf_ctrl_atf6,20250612_24hpf_ctrl_atf6_H02_e01,1,0,0.0,0,0,0,0,0,,
20250612_24hpf_ctrl_atf6,20250612_24hpf_ctrl_atf6_H03_e01,1,0,0.0,0,0,0,0,0,,
20250612_24hpf_ctrl_atf6,20250612_24hpf_ctrl_atf6_H04_e01,1,0,0.0,0,0,0,0,0,,
20250612_24hpf_ctrl_atf6,20250612_24hpf_ctrl_atf6_H05_e01,1,0,0.0,0,0,0,0,0,,
20250612_24hpf_ctrl_atf6,20250612_24hpf_ctrl_atf6_H06_e01,1,0,0.0,0,0,0,0,0,,
20250612_24hpf_ctrl_atf6,20250612_24hpf_ctrl_atf6_H07_e01,1,0,0.0,0,0,0,0,0,,
20250612_24hpf_ctrl_atf6,20250612_24hpf_ctrl_atf6_H08_e01,1,0,0.0,0,0,0,0,0,,
20250612_24hpf_ctrl_atf6,20250612_24hpf_ctrl_atf6_H09_e01,1,0,0.0,0,0,0,0,0,,
20250612_24hpf_ctrl_atf6,20250612_24hpf_ctrl_atf6_H10_e01,1,0,0.0,0,0,0,0,0,,
20250612_24hpf_ctrl_atf6,20250612_24hpf_ctrl_atf6_H11_e01,1,0,0.0,0,0,0,0,0,,
20250612_24hpf_ctrl_atf6,20250612_24hpf_ctrl_atf6_H12_e01,1,0,0.0,0,0,0,0,0,,
20250612_24hpf_wfs1_ctcf,20250612_24hpf_wfs1_ctcf_A01_e01,1,0,0.0,0,0,0,0,0,,
20250612_24hpf_wfs1_ctcf,20250612_24hpf_wfs1_ctcf_A02_e01,1,0,0.0,0,0,0,0,0,,
20250612_24hpf_wfs1_ctcf,20250612_24hpf_wfs1_ctcf_A03_e01,1,0,0.0,0,0,0,0,0,,
20250612_24hpf_wfs1_ctcf,20250612_24hpf_wfs1_ctcf_A04_e01,1,0,0.0,0,0,0,0,0,,
20250612_24hpf_wfs1_ctcf,20250612_24hpf_wfs1_ctcf_A05_e01,1,0,0.0,0,0,0,0,0,,
20250612_24hpf_wfs1_ctcf,20250612_24hpf_wfs1_ctcf_A06_e01,1,0,0.0,0,0,0,0,0,,
20250612_24hpf_wfs1_ctcf,20250612_24hpf_wfs1_ctcf_A07_e01,1,0,0.0,0,0,0,0,0,,
20250612_24hpf_wfs1_ctcf,20250612_24hpf_wfs1_ctcf_A08_e01,1,0,0.0,0,0,0,0,0,,
20250612_24hpf_wfs1_ctcf,20250612_24hpf_wfs1_ctcf_A09_e01,1,0,0.0,0,0,0,0,0,,
20250612_24hpf_wfs1_ctcf,20250612_24hpf_wfs1_ctcf_A10_e01,1,0,0.0,0,0,0,0,0,,
20250612_24hpf_wfs1_ctcf,20250612_24hpf_wfs1_ctcf_A11_e01,1,0,0.0,0,0,0,0,0,,
20250612_24hpf_wfs1_ctcf,20250612_24hpf_wfs1_ctcf_A12_e01,1,0,0.0,0,0,0,0,0,,
20250612_24hpf_wfs1_ctcf,20250612_24hpf_wfs1_ctcf_B01_e01,1,0,0.0,0,0,0,0,0,,
20250612_24hpf_wfs1_ctcf,20250612_24hpf_wfs1_ctcf_B02_e01,1,0,0.0,0,0,0,0,0,,
20250612_24hpf_wfs1_ctcf,20250612_24hpf_wfs1_ctcf_B03_e01,1,0,0.0,0,0,0,0,0,,
20250612_24hpf_wfs1_ctcf,20250612_24hpf_wfs1_ctcf_B04_e01,1,0,0.0,0,0,0,0,0,,
20250612_24hpf_wfs1_ctcf,20250612_24hpf_wfs1_ctcf_B05_e01,1,0,0.0,0,0,0,0,0,,
20250612_24hpf_wfs1_ctcf,20250612_24hpf_wfs1_ctcf_B06_e01,1,0,0.0,0,0,0,0,0,,
20250612_24hpf_wfs1_ctcf,20250612_24hpf_wfs1_ctcf_B07_e01,1,0,0.0,0,0,0,0,0,,
20250612_24hpf_wfs1_ctcf,20250612_24hpf_wfs1_ctcf_B08_e01,1,0,0.0,0,0,0,0,0,,
20250612_24hpf_wfs1_ctcf,20250612_24hpf_wfs1_ctcf_B09_e01,1,0,0.0,0,0,0,0,0,,
20250612_24hpf_wfs1_ctcf,20250612_24hpf_wfs1_ctcf_B10_e01,1,0,0.0,0,0,0,0,0,,
20250612_24hpf_wfs1_ctcf,20250612_24hpf_wfs1_ctcf_B11_e01,1,0,0.0,0,0,0,0,0,,
20250612_24hpf_wfs1_ctcf,20250612_24hpf_wfs1_ctcf_B12_e01,1,0,0.0,0,0,0,0,0,,
20250612_24hpf_wfs1_ctcf,20250612_24hpf_wfs1_ctcf_C01_e01,1,1,1.0,1,1,1,0,0,-0.0009629010591862537,-0.0009629010591862537
20250612_24hpf_wfs1_ctcf,20250612_24hpf_wfs1_ctcf_C02_e01,1,1,1.0,1,1,1,0,0,-0.04588472689573427,-0.04588472689573427
20250612_24hpf_wfs1_ctcf,20250612_24hpf_wfs1_ctcf_C03_e01,1,0,0.0,0,0,0,0,0,,
20250612_24hpf_wfs1_ctcf,20250612_24hpf_wfs1_ctcf_C04_e01,1,0,0.0,0,0,0,0,0,,
20250612_24hpf_wfs1_ctcf,20250612_24hpf_wfs1_ctcf_C05_e01,1,0,0.0,0,0,0,0,0,,
20250612_24hpf_wfs1_ctcf,20250612_24hpf_wfs1_ctcf_C06_e01,1,0,0.0,0,0,0,0,0,,
20250612_24hpf_wfs1_ctcf,20250612_24hpf_wfs1_ctcf_C07_e01,1,0,0.0,0,0,0,0,0,,
20250612_24hpf_wfs1_ctcf,20250612_24hpf_wfs1_ctcf_C08_e01,1,0,0.0,0,0,0,0,0,,
20250612_24hpf_wfs1_ctcf,20250612_24hpf_wfs1_ctcf_C09_e01,1,0,0.0,0,0,0,0,0,,
20250612_24hpf_wfs1_ctcf,20250612_24hpf_wfs1_ctcf_C10_e01,1,0,0.0,0,0,0,0,0,,
20250612_24hpf_wfs1_ctcf,20250612_24hpf_wfs1_ctcf_C11_e01,1,0,0.0,0,0,0,0,0,,
20250612_24hpf_wfs1_ctcf,20250612_24hpf_wfs1_ctcf_C12_e01,1,0,0.0,0,0,0,0,0,,
20250612_24hpf_wfs1_ctcf,20250612_24hpf_wfs1_ctcf_D01_e01,1,0,0.0,0,0,0,0,0,,
20250612_24hpf_wfs1_ctcf,20250612_24hpf_wfs1_ctcf_D02_e01,1,0,0.0,0,0,0,0,0,,
20250612_24hpf_wfs1_ctcf,20250612_24hpf_wfs1_ctcf_D03_e01,1,0,0.0,0,0,0,0,0,,
20250612_24hpf_wfs1_ctcf,20250612_24hpf_wfs1_ctcf_D04_e01,1,0,0.0,0,0,0,0,0,,
20250612_24hpf_wfs1_ctcf,20250612_24hpf_wfs1_ctcf_D05_e01,1,0,0.0,0,0,0,0,0,,
20250612_24hpf_wfs1_ctcf,20250612_24hpf_wfs1_ctcf_D07_e01,1,0,0.0,0,0,0,0,0,,
20250612_24hpf_wfs1_ctcf,20250612_24hpf_wfs1_ctcf_D08_e01,1,0,0.0,0,0,0,0,0,,
20250612_24hpf_wfs1_ctcf,20250612_24hpf_wfs1_ctcf_D09_e01,1,0,0.0,0,0,0,0,0,,
20250612_24hpf_wfs1_ctcf,20250612_24hpf_wfs1_ctcf_D09_e02,1,1,1.0,1,1,1,0,0,-0.7230741484928609,-0.7230741484928609
20250612_24hpf_wfs1_ctcf,20250612_24hpf_wfs1_ctcf_D10_e01,1,0,0.0,0,0,0,0,0,,
20250612_24hpf_wfs1_ctcf,20250612_24hpf_wfs1_ctcf_D11_e01,1,0,0.0,0,0,0,0,0,,
20250612_24hpf_wfs1_ctcf,20250612_24hpf_wfs1_ctcf_D12_e01,1,0,0.0,0,0,0,0,0,,
20250612_24hpf_wfs1_ctcf,20250612_24hpf_wfs1_ctcf_E01_e01,1,0,0.0,0,0,0,0,0,,
20250612_24hpf_wfs1_ctcf,20250612_24hpf_wfs1_ctcf_E02_e01,1,0,0.0,0,0,0,0,0,,
20250612_24hpf_wfs1_ctcf,20250612_24hpf_wfs1_ctcf_E03_e01,1,0,0.0,0,0,0,0,0,,
20250612_24hpf_wfs1_ctcf,20250612_24hpf_wfs1_ctcf_E04_e01,1,0,0.0,0,0,0,0,0,,
20250612_24hpf_wfs1_ctcf,20250612_24hpf_wfs1_ctcf_E05_e01,1,0,0.0,0,0,0,0,0,,
20250612_24hpf_wfs1_ctcf,20250612_24hpf_wfs1_ctcf_E06_e01,1,0,0.0,0,0,0,0,0,,
20250612_24hpf_wfs1_ctcf,20250612_24hpf_wfs1_ctcf_E07_e01,1,0,0.0,0,0,0,0,0,,
20250612_24hpf_wfs1_ctcf,20250612_24hpf_wfs1_ctcf_E08_e01,1,0,0.0,0,0,0,0,0,,
20250612_24hpf_wfs1_ctcf,20250612_24hpf_wfs1_ctcf_E09_e01,1,0,0.0,0,0,0,0,0,,
20250612_24hpf_wfs1_ctcf,20250612_24hpf_wfs1_ctcf_E10_e01,1,0,0.0,0,0,0,0,0,,
20250612_24hpf_wfs1_ctcf,20250612_24hpf_wfs1_ctcf_E11_e01,1,0,0.0,0,0,0,0,0,,
20250612_24hpf_wfs1_ctcf,20250612_24hpf_wfs1_ctcf_E12_e01,1,0,0.0,0,0,0,0,0,,
20250612_24hpf_wfs1_ctcf,20250612_24hpf_wfs1_ctcf_F01_e01,1,1,1.0,1,1,1,0,0,-0.005358800038623487,-0.005358800038623487
20250612_24hpf_wfs1_ctcf,20250612_24hpf_wfs1_ctcf_F02_e01,1,0,0.0,0,0,0,0,0,,
20250612_24hpf_wfs1_ctcf,20250612_24hpf_wfs1_ctcf_F03_e01,1,0,0.0,0,0,0,0,0,,
20250612_24hpf_wfs1_ctcf,20250612_24hpf_wfs1_ctcf_F04_e01,1,0,0.0,0,0,0,0,0,,
20250612_24hpf_wfs1_ctcf,20250612_24hpf_wfs1_ctcf_F05_e01,1,0,0.0,0,0,0,0,0,,
20250612_24hpf_wfs1_ctcf,20250612_24hpf_wfs1_ctcf_F06_e01,1,0,0.0,0,0,0,0,0,,
20250612_24hpf_wfs1_ctcf,20250612_24hpf_wfs1_ctcf_F07_e01,1,0,0.0,0,0,0,0,0,,
20250612_24hpf_wfs1_ctcf,20250612_24hpf_wfs1_ctcf_F08_e01,1,0,0.0,0,0,0,0,0,,
20250612_24hpf_wfs1_ctcf,20250612_24hpf_wfs1_ctcf_F09_e01,1,0,0.0,0,0,0,0,0,,
20250612_24hpf_wfs1_ctcf,20250612_24hpf_wfs1_ctcf_F10_e01,1,0,0.0,0,0,0,0,0,,
20250612_24hpf_wfs1_ctcf,20250612_24hpf_wfs1_ctcf_F11_e01,1,0,0.0,0,0,0,0,0,,
20250612_24hpf_wfs1_ctcf,20250612_24hpf_wfs1_ctcf_F12_e01,1,0,0.0,0,0,0,0,0,,
20250612_24hpf_wfs1_ctcf,20250612_24hpf_wfs1_ctcf_G01_e01,1,1,1.0,1,1,1,0,0,-0.06934004425100851,-0.06934004425100851
20250612_24hpf_wfs1_ctcf,20250612_24hpf_wfs1_ctcf_G02_e01,1,0,0.0,0,0,0,0,0,,
20250612_24hpf_wfs1_ctcf,20250612_24hpf_wfs1_ctcf_G03_e01,1,0,0.0,0,0,0,0,0,,
20250612_24hpf_wfs1_ctcf,20250612_24hpf_wfs1_ctcf_G04_e01,1,0,0.0,0,0,0,0,0,,
20250612_24hpf_wfs1_ctcf,20250612_24hpf_wfs1_ctcf_G05_e01,1,0,0.0,0,0,0,0,0,,
20250612_24hpf_wfs1_ctcf,20250612_24hpf_wfs1_ctcf_G06_e01,1,0,0.0,0,0,0,0,0,,
20250612_24hpf_wfs1_ctcf,20250612_24hpf_wfs1_ctcf_G07_e01,1,0,0.0,0,0,0,0,0,,
20250612_24hpf_wfs1_ctcf,20250612_24hpf_wfs1_ctcf_G08_e01,1,0,0.0,0,0,0,0,0,,
20250612_24hpf_wfs1_ctcf,20250612_24hpf_wfs1_ctcf_G09_e01,1,0,0.0,0,0,0,0,0,,
20250612_24hpf_wfs1_ctcf,20250612_24hpf_wfs1_ctcf_G10_e01,1,0,0.0,0,0,0,0,0,,
20250612_24hpf_wfs1_ctcf,20250612_24hpf_wfs1_ctcf_G11_e01,1,0,0.0,0,0,0,0,0,,
20250612_24hpf_wfs1_ctcf,20250612_24hpf_wfs1_ctcf_G12_e01,1,0,0.0,0,0,0,0,0,,
20250612_24hpf_wfs1_ctcf,20250612_24hpf_wfs1_ctcf_H01_e01,1,0,0.0,0,0,0,0,0,,
20250612_24hpf_wfs1_ctcf,20250612_24hpf_wfs1_ctcf_H02_e01,1,0,0.0,0,0,0,0,0,,
20250612_24hpf_wfs1_ctcf,20250612_24hpf_wfs1_ctcf_H03_e01,1,0,0.0,0,0,0,0,0,,
20250612_24hpf_wfs1_ctcf,20250612_24hpf_wfs1_ctcf_H04_e01,1,0,0.0,0,0,0,0,0,,
20250612_24hpf_wfs1_ctcf,20250612_24hpf_wfs1_ctcf_H05_e01,1,0,0.0,0,0,0,0,0,,
20250612_24hpf_wfs1_ctcf,20250612_24hpf_wfs1_ctcf_H06_e01,1,0,0.0,0,0,0,0,0,,
20250612_24hpf_wfs1_ctcf,20250612_24hpf_wfs1_ctcf_H07_e01,1,0,0.0,0,0,0,0,0,,
20250612_24hpf_wfs1_ctcf,20250612_24hpf_wfs1_ctcf_H08_e01,1,0,0.0,0,0,0,0,0,,
20250612_24hpf_wfs1_ctcf,20250612_24hpf_wfs1_ctcf_H09_e01,1,0,0.0,0,0,0,0,0,,
20250612_24hpf_wfs1_ctcf,20250612_24hpf_wfs1_ctcf_H10_e01,1,0,0.0,0,0,0,0,0,,
20250612_24hpf_wfs1_ctcf,20250612_24hpf_wfs1_ctcf_H11_e01,1,0,0.0,0,0,0,0,0,,
20250612_24hpf_wfs1_ctcf,20250612_24hpf_wfs1_ctcf_H12_e01,1,0,0.0,0,0,0,0,0,,
20250612_30hpf_ctrl_atf6,20250612_30hpf_ctrl_atf6_A01_e01,1,0,0.0,0,0,0,0,0,,
20250612_30hpf_ctrl_atf6,20250612_30hpf_ctrl_atf6_A02_e01,1,1,1.0,1,1,1,0,0,-0.14178923483978292,-0.14178923483978292
20250612_30hpf_ctrl_atf6,20250612_30hpf_ctrl_atf6_A03_e01,1,0,0.0,0,0,0,0,0,,
20250612_30hpf_ctrl_atf6,20250612_30hpf_ctrl_atf6_A04_e01,1,0,0.0,0,0,0,0,0,,
20250612_30hpf_ctrl_atf6,20250612_30hpf_ctrl_atf6_A05_e01,1,0,0.0,0,0,0,0,0,,
20250612_30hpf_ctrl_atf6,20250612_30hpf_ctrl_atf6_A06_e01,1,0,0.0,0,0,0,0,0,,
20250612_30hpf_ctrl_atf6,20250612_30hpf_ctrl_atf6_A07_e01,1,1,1.0,1,1,1,0,0,-0.05025239245610733,-0.05025239245610733
20250612_30hpf_ctrl_atf6,20250612_30hpf_ctrl_atf6_A08_e01,1,1,1.0,1,1,1,0,0,-0.08367693450670101,-0.08367693450670101
20250612_30hpf_ctrl_atf6,20250612_30hpf_ctrl_atf6_A09_e01,1,0,0.0,0,0,0,0,0,,
20250612_30hpf_ctrl_atf6,20250612_30hpf_ctrl_atf6_A10_e01,1,0,0.0,0,0,0,0,0,,
20250612_30hpf_ctrl_atf6,20250612_30hpf_ctrl_atf6_A11_e01,1,0,0.0,0,0,0,0,0,,
20250612_30hpf_ctrl_atf6,20250612_30hpf_ctrl_atf6_A12_e01,1,0,0.0,0,0,0,0,0,,
20250612_30hpf_ctrl_atf6,20250612_30hpf_ctrl_atf6_B01_e01,1,1,1.0,1,1,1,0,0,-0.039219635083659075,-0.039219635083659075
20250612_30hpf_ctrl_atf6,20250612_30hpf_ctrl_atf6_B02_e01,1,0,0.0,0,0,0,0,0,,
20250612_30hpf_ctrl_atf6,20250612_30hpf_ctrl_atf6_B03_e01,1,0,0.0,0,0,0,0,0,,
20250612_30hpf_ctrl_atf6,20250612_30hpf_ctrl_atf6_B04_e01,1,0,0.0,0,0,0,0,0,,
20250612_30hpf_ctrl_atf6,20250612_30hpf_ctrl_atf6_B05_e01,1,0,0.0,0,0,0,0,0,,
20250612_30hpf_ctrl_atf6,20250612_30hpf_ctrl_atf6_B07_e01,1,1,1.0,1,1,1,0,0,-0.025214196097166557,-0.025214196097166557
20250612_30hpf_ctrl_atf6,20250612_30hpf_ctrl_atf6_B08_e01,1,0,0.0,0,0,0,0,0,,
20250612_30hpf_ctrl_atf6,20250612_30hpf_ctrl_atf6_B09_e01,1,0,0.0,0,0,0,0,0,,
20250612_30hpf_ctrl_atf6,20250612_30hpf_ctrl_atf6_B10_e01,1,0,0.0,0,0,0,0,0,,
20250612_30hpf_ctrl_atf6,20250612_30hpf_ctrl_atf6_B11_e01,1,0,0.0,0,0,0,0,0,,
20250612_30hpf_ctrl_atf6,20250612_30hpf_ctrl_atf6_B12_e01,1,0,0.0,0,0,0,0,0,,
20250612_30hpf_ctrl_atf6,20250612_30hpf_ctrl_atf6_C01_e01,1,1,1.0,1,1,1,0,0,-0.112171175343758,-0.112171175343758
20250612_30hpf_ctrl_atf6,20250612_30hpf_ctrl_atf6_C02_e01,1,0,0.0,0,0,0,0,0,,
20250612_30hpf_ctrl_atf6,20250612_30hpf_ctrl_atf6_C03_e01,1,0,0.0,0,0,0,0,0,,
20250612_30hpf_ctrl_atf6,20250612_30hpf_ctrl_atf6_C04_e01,1,0,0.0,0,0,0,0,0,,
20250612_30hpf_ctrl_atf6,20250612_30hpf_ctrl_atf6_C05_e01,1,0,0.0,0,0,0,0,0,,
20250612_30hpf_ctrl_atf6,20250612_30hpf_ctrl_atf6_C06_e01,1,0,0.0,0,0,0,0,0,,
20250612_30hpf_ctrl_atf6,20250612_30hpf_ctrl_atf6_C07_e01,1,0,0.0,0,0,0,0,0,,
20250612_30hpf_ctrl_atf6,20250612_30hpf_ctrl_atf6_C08_e01,1,1,1.0,1,1,1,0,0,-0.030102203060096925,-0.030102203060096925
20250612_30hpf_ctrl_atf6,20250612_30hpf_ctrl_atf6_C09_e01,1,0,0.0,0,0,0,0,0,,
20250612_30hpf_ctrl_atf6,20250612_30hpf_ctrl_atf6_C10_e01,1,0,0.0,0,0,0,0,0,,
20250612_30hpf_ctrl_atf6,20250612_30hpf_ctrl_atf6_C11_e01,1,0,0.0,0,0,0,0,0,,
20250612_30hpf_ctrl_atf6,20250612_30hpf_ctrl_atf6_C12_e01,1,1,1.0,1,1,1,0,0,-0.12124027108091295,-0.12124027108091295
20250612_30hpf_ctrl_atf6,20250612_30hpf_ctrl_atf6_D01_e01,1,1,1.0,1,1,1,0,0,-0.04541272177958426,-0.04541272177958426
20250612_30hpf_ctrl_atf6,20250612_30hpf_ctrl_atf6_D02_e01,1,1,1.0,1,1,1,0,0,-0.3259746541945004,-0.3259746541945004
20250612_30hpf_ctrl_atf6,20250612_30hpf_ctrl_atf6_D03_e01,1,0,0.0,0,0,0,0,0,,
20250612_30hpf_ctrl_atf6,20250612_30hpf_ctrl_atf6_D04_e01,1,0,0.0,0,0,0,0,0,,
20250612_30hpf_ctrl_atf6,20250612_30hpf_ctrl_atf6_D05_e01,1,0,0.0,0,0,0,0,0,,
20250612_30hpf_ctrl_atf6,20250612_30hpf_ctrl_atf6_D06_e01,1,0,0.0,0,0,0,0,0,,
20250612_30hpf_ctrl_atf6,20250612_30hpf_ctrl_atf6_D07_e01,1,1,1.0,1,1,1,0,0,-0.030023656594685096,-0.030023656594685096
20250612_30hpf_ctrl_atf6,20250612_30hpf_ctrl_atf6_D08_e01,1,1,1.0,1,1,1,0,0,-0.09915058819281279,-0.09915058819281279
20250612_30hpf_ctrl_atf6,20250612_30hpf_ctrl_atf6_D09_e01,1,0,0.0,0,0,0,0,0,,
20250612_30hpf_ctrl_atf6,20250612_30hpf_ctrl_atf6_D10_e01,1,0,0.0,0,0,0,0,0,,
20250612_30hpf_ctrl_atf6,20250612_30hpf_ctrl_atf6_D11_e01,1,0,0.0,0,0,0,0,0,,
20250612_30hpf_ctrl_atf6,20250612_30hpf_ctrl_atf6_D12_e01,1,0,0.0,0,0,0,0,0,,
20250612_30hpf_ctrl_atf6,20250612_30hpf_ctrl_atf6_E01_e01,1,1,1.0,1,1,1,0,0,-0.08765863609949591,-0.08765863609949591
20250612_30hpf_ctrl_atf6,20250612_30hpf_ctrl_atf6_E02_e01,1,0,0.0,0,0,0,0,0,,
20250612_30hpf_ctrl_atf6,20250612_30hpf_ctrl_atf6_E03_e01,1,0,0.0,0,0,0,0,0,,
20250612_30hpf_ctrl_atf6,20250612_30hpf_ctrl_atf6_E04_e01,1,0,0.0,0,0,0,0,0,,
20250612_30hpf_ctrl_atf6,20250612_30hpf_ctrl_atf6_E05_e01,1,0,0.0,0,0,0,0,0,,
20250612_30hpf_ctrl_atf6,20250612_30hpf_ctrl_atf6_E06_e01,1,0,0.0,0,0,0,0,0,,
20250612_30hpf_ctrl_atf6,20250612_30hpf_ctrl_atf6_E07_e01,1,1,1.0,1,1,1,0,0,-0.005341940347997758,-0.005341940347997758
20250612_30hpf_ctrl_atf6,20250612_30hpf_ctrl_atf6_E08_e01,1,0,0.0,0,0,0,0,0,,
20250612_30hpf_ctrl_atf6,20250612_30hpf_ctrl_atf6_E09_e01,1,1,1.0,1,1,1,0,0,-0.20491038285181332,-0.20491038285181332
20250612_30hpf_ctrl_atf6,20250612_30hpf_ctrl_atf6_E09_e02,1,0,0.0,0,0,0,0,0,,
20250612_30hpf_ctrl_atf6,20250612_30hpf_ctrl_atf6_E10_e01,1,0,0.0,0,0,0,0,0,,
20250612_30hpf_ctrl_atf6,20250612_30hpf_ctrl_atf6_E11_e01,1,0,0.0,0,0,0,0,0,,
20250612_30hpf_ctrl_atf6,20250612_30hpf_ctrl_atf6_E12_e01,1,0,0.0,0,0,0,0,0,,
20250612_30hpf_ctrl_atf6,20250612_30hpf_ctrl_atf6_F01_e01,1,0,0.0,0,0,0,0,0,,
20250612_30hpf_ctrl_atf6,20250612_30hpf_ctrl_atf6_F02_e01,1,0,0.0,0,0,0,0,0,,
20250612_30hpf_ctrl_atf6,20250612_30hpf_ctrl_atf6_F03_e01,1,0,0.0,0,0,0,0,0,,
20250612_30hpf_ctrl_atf6,20250612_30hpf_ctrl_atf6_F04_e01,1,0,0.0,0,0,0,0,0,,
20250612_30hpf_ctrl_atf6,20250612_30hpf_ctrl_atf6_F05_e01,1,0,0.0,0,0,0,0,0,,
20250612_30hpf_ctrl_atf6,20250612_30hpf_ctrl_atf6_F06_e01,1,0,0.0,0,0,0,0,0,,
20250612_30hpf_ctrl_atf6,20250612_30hpf_ctrl_atf6_F07_e01,1,0,0.0,0,0,0,0,0,,
20250612_30hpf_ctrl_atf6,20250612_30hpf_ctrl_atf6_F08_e01,1,1,1.0,1,1,1,0,0,-0.0416908277262282,-0.0416908277262282
20250612_30hpf_ctrl_atf6,20250612_30hpf_ctrl_atf6_F09_e01,1,0,0.0,0,0,0,0,0,,
20250612_30hpf_ctrl_atf6,20250612_30hpf_ctrl_atf6_F10_e01,1,0,0.0,0,0,0,0,0,,
20250612_30hpf_ctrl_atf6,20250612_30hpf_ctrl_atf6_F11_e01,1,0,0.0,0,0,0,0,0,,
20250612_30hpf_ctrl_atf6,20250612_30hpf_ctrl_atf6_F12_e01,1,0,0.0,0,0,0,0,0,,
20250612_30hpf_ctrl_atf6,20250612_30hpf_ctrl_atf6_F12_e02,1,1,1.0,1,1,1,0,0,-0.5444969630057477,-0.5444969630057477
20250612_30hpf_ctrl_atf6,20250612_30hpf_ctrl_atf6_G01_e01,1,1,1.0,1,1,1,0,0,-0.08127220425794174,-0.08127220425794174
20250612_30hpf_ctrl_atf6,20250612_30hpf_ctrl_atf6_G02_e01,1,0,0.0,0,0,0,0,0,,
20250612_30hpf_ctrl_atf6,20250612_30hpf_ctrl_atf6_G03_e01,1,0,0.0,0,0,0,0,0,,
20250612_30hpf_ctrl_atf6,20250612_30hpf_ctrl_atf6_G04_e01,1,0,0.0,0,0,0,0,0,,
20250612_30hpf_ctrl_atf6,20250612_30hpf_ctrl_atf6_G05_e01,1,0,0.0,0,0,0,0,0,,
20250612_30hpf_ctrl_atf6,20250612_30hpf_ctrl_atf6_G06_e01,1,0,0.0,0,0,0,0,0,,
20250612_30hpf_ctrl_atf6,20250612_30hpf_ctrl_atf6_G07_e01,1,1,1.0,1,1,1,0,0,-0.12920367426650267,-0.12920367426650267
20250612_30hpf_ctrl_atf6,20250612_30hpf_ctrl_atf6_G08_e01,1,0,0.0,0,0,0,0,0,,
20250612_30hpf_ctrl_atf6,20250612_30hpf_ctrl_atf6_G09_e01,1,0,0.0,0,0,0,0,0,,
20250612_30hpf_ctrl_atf6,20250612_30hpf_ctrl_atf6_G10_e01,1,0,0.0,0,0,0,0,0,,
20250612_30hpf_ctrl_atf6,20250612_30hpf_ctrl_atf6_G11_e01,1,0,0.0,0,0,0,0,0,,
20250612_30hpf_ctrl_atf6,20250612_30hpf_ctrl_atf6_G12_e01,1,0,0.0,0,0,0,0,0,,
20250612_30hpf_ctrl_atf6,20250612_30hpf_ctrl_atf6_H01_e01,1,1,1.0,1,1,1,0,0,-0.018114804031105904,-0.018114804031105904
20250612_30hpf_ctrl_atf6,20250612_30hpf_ctrl_atf6_H02_e01,1,0,0.0,0,0,0,0,0,,
20250612_30hpf_ctrl_atf6,20250612_30hpf_ctrl_atf6_H03_e01,1,0,0.0,0,0,0,0,0,,
20250612_30hpf_ctrl_atf6,20250612_30hpf_ctrl_atf6_H04_e01,1,0,0.0,0,0,0,0,0,,
20250612_30hpf_ctrl_atf6,20250612_30hpf_ctrl_atf6_H05_e01,1,0,0.0,0,0,0,0,0,,
20250612_30hpf_ctrl_atf6,20250612_30hpf_ctrl_atf6_H06_e01,1,0,0.0,0,0,0,0,0,,
20250612_30hpf_ctrl_atf6,20250612_30hpf_ctrl_atf6_H07_e01,1,1,1.0,1,1,1,0,0,-0.02381244379135715,-0.02381244379135715
20250612_30hpf_ctrl_atf6,20250612_30hpf_ctrl_atf6_H08_e01,1,0,0.0,0,0,0,0,0,,
20250612_30hpf_ctrl_atf6,20250612_30hpf_ctrl_atf6_H09_e01,1,0,0.0,0,0,0,0,0,,
20250612_30hpf_ctrl_atf6,20250612_30hpf_ctrl_atf6_H10_e01,1,0,0.0,0,0,0,0,0,,
20250612_30hpf_ctrl_atf6,20250612_30hpf_ctrl_atf6_H11_e01,1,0,0.0,0,0,0,0,0,,
20250612_30hpf_ctrl_atf6,20250612_30hpf_ctrl_atf6_H12_e01,1,0,0.0,0,0,0,0,0,,
20250612_30hpf_wfs1_ctcf,20250612_30hpf_wfs1_ctcf_A01_e01,1,1,1.0,1,1,1,0,0,-0.05518269366964401,-0.05518269366964401
20250612_30hpf_wfs1_ctcf,20250612_30hpf_wfs1_ctcf_A02_e01,1,1,1.0,1,1,1,0,0,-0.10737984095364224,-0.10737984095364224
20250612_30hpf_wfs1_ctcf,20250612_30hpf_wfs1_ctcf_A03_e01,1,0,0.0,0,0,0,0,0,,
20250612_30hpf_wfs1_ctcf,20250612_30hpf_wfs1_ctcf_A04_e01,1,0,0.0,0,0,0,0,0,,
20250612_30hpf_wfs1_ctcf,20250612_30hpf_wfs1_ctcf_A05_e01,1,0,0.0,0,0,0,0,0,,
20250612_30hpf_wfs1_ctcf,20250612_30hpf_wfs1_ctcf_A06_e01,1,0,0.0,0,0,0,0,0,,
20250612_30hpf_wfs1_ctcf,20250612_30hpf_wfs1_ctcf_A07_e01,1,0,0.0,0,0,0,0,0,,
20250612_30hpf_wfs1_ctcf,20250612_30hpf_wfs1_ctcf_A08_e01,1,0,0.0,0,0,0,0,0,,
20250612_30hpf_wfs1_ctcf,20250612_30hpf_wfs1_ctcf_A09_e01,1,0,0.0,0,0,0,0,0,,
20250612_30hpf_wfs1_ctcf,20250612_30hpf_wfs1_ctcf_A10_e01,1,0,0.0,0,0,0,0,0,,
20250612_30hpf_wfs1_ctcf,20250612_30hpf_wfs1_ctcf_A11_e01,1,0,0.0,0,0,0,0,0,,
20250612_30hpf_wfs1_ctcf,20250612_30hpf_wfs1_ctcf_A12_e01,1,0,0.0,0,0,0,0,0,,
20250612_30hpf_wfs1_ctcf,20250612_30hpf_wfs1_ctcf_B01_e01,1,1,1.0,1,1,1,0,0,-0.12162091933636984,-0.12162091933636984
20250612_30hpf_wfs1_ctcf,20250612_30hpf_wfs1_ctcf_B02_e01,1,1,1.0,1,1,1,0,0,-0.15171629966066613,-0.15171629966066613
20250612_30hpf_wfs1_ctcf,20250612_30hpf_wfs1_ctcf_B03_e01,1,0,0.0,0,0,0,0,0,,
20250612_30hpf_wfs1_ctcf,20250612_30hpf_wfs1_ctcf_B04_e01,1,0,0.0,0,0,0,0,0,,
20250612_30hpf_wfs1_ctcf,20250612_30hpf_wfs1_ctcf_B05_e01,1,0,0.0,0,0,0,0,0,,
20250612_30hpf_wfs1_ctcf,20250612_30hpf_wfs1_ctcf_B06_e01,1,0,0.0,0,0,0,0,0,,
20250612_30hpf_wfs1_ctcf,20250612_30hpf_wfs1_ctcf_B07_e01,1,1,1.0,1,1,1,0,0,-0.16282760349852612,-0.16282760349852612
20250612_30hpf_wfs1_ctcf,20250612_30hpf_wfs1_ctcf_B08_e01,1,0,0.0,0,0,0,0,0,,
20250612_30hpf_wfs1_ctcf,20250612_30hpf_wfs1_ctcf_B09_e01,1,0,0.0,0,0,0,0,0,,
20250612_30hpf_wfs1_ctcf,20250612_30hpf_wfs1_ctcf_B10_e01,1,0,0.0,0,0,0,0,0,,
20250612_30hpf_wfs1_ctcf,20250612_30hpf_wfs1_ctcf_B11_e01,1,1,1.0,1,1,1,0,0,-0.006755776725408942,-0.006755776725408942
20250612_30hpf_wfs1_ctcf,20250612_30hpf_wfs1_ctcf_B12_e01,1,0,0.0,0,0,0,0,0,,
20250612_30hpf_wfs1_ctcf,20250612_30hpf_wfs1_ctcf_C01_e01,1,1,1.0,1,1,1,0,0,-0.07761073056259475,-0.07761073056259475
20250612_30hpf_wfs1_ctcf,20250612_30hpf_wfs1_ctcf_C02_e01,1,0,0.0,0,0,0,0,0,,
20250612_30hpf_wfs1_ctcf,20250612_30hpf_wfs1_ctcf_C03_e01,1,0,0.0,0,0,0,0,0,,
20250612_30hpf_wfs1_ctcf,20250612_30hpf_wfs1_ctcf_C04_e01,1,0,0.0,0,0,0,0,0,,
20250612_30hpf_wfs1_ctcf,20250612_30hpf_wfs1_ctcf_C05_e01,1,0,0.0,0,0,0,0,0,,
20250612_30hpf_wfs1_ctcf,20250612_30hpf_wfs1_ctcf_C06_e01,1,0,0.0,0,0,0,0,0,,
20250612_30hpf_wfs1_ctcf,20250612_30hpf_wfs1_ctcf_C07_e01,1,1,1.0,1,1,1,0,0,-0.09452843080512226,-0.09452843080512226
20250612_30hpf_wfs1_ctcf,20250612_30hpf_wfs1_ctcf_C08_e01,1,1,1.0,1,1,1,0,0,-0.09133823590224566,-0.09133823590224566
20250612_30hpf_wfs1_ctcf,20250612_30hpf_wfs1_ctcf_C09_e01,1,0,0.0,0,0,0,0,0,,
20250612_30hpf_wfs1_ctcf,20250612_30hpf_wfs1_ctcf_C10_e01,1,0,0.0,0,0,0,0,0,,
20250612_30hpf_wfs1_ctcf,20250612_30hpf_wfs1_ctcf_C11_e01,1,0,0.0,0,0,0,0,0,,
20250612_30hpf_wfs1_ctcf,20250612_30hpf_wfs1_ctcf_C12_e01,1,0,0.0,0,0,0,0,0,,
20250612_30hpf_wfs1_ctcf,20250612_30hpf_wfs1_ctcf_D01_e01,1,1,1.0,1,1,1,0,0,-0.06472911023507023,-0.06472911023507023
20250612_30hpf_wfs1_ctcf,20250612_30hpf_wfs1_ctcf_D02_e01,1,1,1.0,1,1,1,0,0,-0.1504716402856802,-0.1504716402856802
20250612_30hpf_wfs1_ctcf,20250612_30hpf_wfs1_ctcf_D03_e01,1,0,0.0,0,0,0,0,0,,
20250612_30hpf_wfs1_ctcf,20250612_30hpf_wfs1_ctcf_D04_e01,1,0,0.0,0,0,0,0,0,,
20250612_30hpf_wfs1_ctcf,20250612_30hpf_wfs1_ctcf_D05_e01,1,0,0.0,0,0,0,0,0,,
20250612_30hpf_wfs1_ctcf,20250612_30hpf_wfs1_ctcf_D06_e01,1,0,0.0,0,0,0,0,0,,
20250612_30hpf_wfs1_ctcf,20250612_30hpf_wfs1_ctcf_D07_e01,1,1,1.0,1,1,1,0,0,-0.14813941446653167,-0.14813941446653167
20250612_30hpf_wfs1_ctcf,20250612_30hpf_wfs1_ctcf_D08_e01,1,0,0.0,0,0,0,0,0,,
20250612_30hpf_wfs1_ctcf,20250612_30hpf_wfs1_ctcf_D09_e01,1,0,0.0,0,0,0,0,0,,
20250612_30hpf_wfs1_ctcf,20250612_30hpf_wfs1_ctcf_D09_e02,1,1,1.0,1,1,1,0,0,-0.3118121222771844,-0.3118121222771844
20250612_30hpf_wfs1_ctcf,20250612_30hpf_wfs1_ctcf_D10_e01,1,0,0.0,0,0,0,0,0,,
20250612_30hpf_wfs1_ctcf,20250612_30hpf_wfs1_ctcf_D11_e01,1,0,0.0,0,0,0,0,0,,
20250612_30hpf_wfs1_ctcf,20250612_30hpf_wfs1_ctcf_D12_e01,1,0,0.0,0,0,0,0,0,,
20250612_30hpf_wfs1_ctcf,20250612_30hpf_wfs1_ctcf_E01_e01,1,1,1.0,1,1,1,0,0,-0.0734235997525691,-0.0734235997525691
20250612_30hpf_wfs1_ctcf,20250612_30hpf_wfs1_ctcf_E02_e01,1,0,0.0,0,0,0,0,0,,
20250612_30hpf_wfs1_ctcf,20250612_30hpf_wfs1_ctcf_E03_e01,1,0,0.0,0,0,0,0,0,,
20250612_30hpf_wfs1_ctcf,20250612_30hpf_wfs1_ctcf_E04_e01,1,0,0.0,0,0,0,0,0,,
20250612_30hpf_wfs1_ctcf,20250612_30hpf_wfs1_ctcf_E05_e01,1,0,0.0,0,0,0,0,0,,
20250612_30hpf_wfs1_ctcf,20250612_30hpf_wfs1_ctcf_E06_e01,1,0,0.0,0,0,0,0,0,,
20250612_30hpf_wfs1_ctcf,20250612_30hpf_wfs1_ctcf_E07_e01,1,0,0.0,0,0,0,0,0,,
20250612_30hpf_wfs1_ctcf,20250612_30hpf_wfs1_ctcf_E08_e01,1,0,0.0,0,0,0,0,0,,
20250612_30hpf_wfs1_ctcf,20250612_30hpf_wfs1_ctcf_E09_e01,1,0,0.0,0,0,0,0,0,,
20250612_30hpf_wfs1_ctcf,20250612_30hpf_wfs1_ctcf_E10_e01,1,0,0.0,0,0,0,0,0,,
20250612_30hpf_wfs1_ctcf,20250612_30hpf_wfs1_ctcf_E11_e01,1,1,1.0,1,1,1,0,0,-0.010266199525733452,-0.010266199525733452
20250612_30hpf_wfs1_ctcf,20250612_30hpf_wfs1_ctcf_E12_e01,1,0,0.0,0,0,0,0,0,,
20250612_30hpf_wfs1_ctcf,20250612_30hpf_wfs1_ctcf_F01_e01,1,1,1.0,1,1,1,0,0,-0.09319314089312271,-0.09319314089312271
20250612_30hpf_wfs1_ctcf,20250612_30hpf_wfs1_ctcf_F02_e01,1,0,0.0,0,0,0,0,0,,
20250612_30hpf_wfs1_ctcf,20250612_30hpf_wfs1_ctcf_F03_e01,1,0,0.0,0,0,0,0,0,,
20250612_30hpf_wfs1_ctcf,20250612_30hpf_wfs1_ctcf_F04_e01,1,0,0.0,0,0,0,0,0,,
20250612_30hpf_wfs1_ctcf,20250612_30hpf_wfs1_ctcf_F05_e01,1,0,0.0,0,0,0,0,0,,
20250612_30hpf_wfs1_ctcf,20250612_30hpf_wfs1_ctcf_F06_e01,1,0,0.0,0,0,0,0,0,,
20250612_30hpf_wfs1_ctcf,20250612_30hpf_wfs1_ctcf_F07_e01,1,0,0.0,0,0,0,0,0,,
20250612_30hpf_wfs1_ctcf,20250612_30hpf_wfs1_ctcf_F08_e01,1,0,0.0,0,0,0,0,0,,
20250612_30hpf_wfs1_ctcf,20250612_30hpf_wfs1_ctcf_F09_e01,1,1,1.0,1,1,1,0,0,-0.005009628378948068,-0.005009628378948068
20250612_30hpf_wfs1_ctcf,20250612_30hpf_wfs1_ctcf_F10_e01,1,0,0.0,0,0,0,0,0,,
20250612_30hpf_wfs1_ctcf,20250612_30hpf_wfs1_ctcf_F11_e01,1,0,0.0,0,0,0,0,0,,
20250612_30hpf_wfs1_ctcf,20250612_30hpf_wfs1_ctcf_F12_e01,1,0,0.0,0,0,0,0,0,,
20250612_30hpf_wfs1_ctcf,20250612_30hpf_wfs1_ctcf_G01_e01,1,0,0.0,0,0,0,0,0,,
20250612_30hpf_wfs1_ctcf,20250612_30hpf_wfs1_ctcf_G02_e01,1,0,0.0,0,0,0,0,0,,
20250612_30hpf_wfs1_ctcf,20250612_30hpf_wfs1_ctcf_G03_e01,1,0,0.0,0,0,0,0,0,,
20250612_30hpf_wfs1_ctcf,20250612_30hpf_wfs1_ctcf_G04_e01,1,0,0.0,0,0,0,0,0,,
20250612_30hpf_wfs1_ctcf,20250612_30hpf_wfs1_ctcf_G05_e01,1,0,0.0,0,0,0,0,0,,
20250612_30hpf_wfs1_ctcf,20250612_30hpf_wfs1_ctcf_G06_e01,1,0,0.0,0,0,0,0,0,,
20250612_30hpf_wfs1_ctcf,20250612_30hpf_wfs1_ctcf_G07_e01,1,1,1.0,1,1,1,0,0,-0.06911562822652548,-0.06911562822652548
20250612_30hpf_wfs1_ctcf,20250612_30hpf_wfs1_ctcf_G08_e01,1,1,1.0,1,1,1,0,0,-0.0174622641646085,-0.0174622641646085
20250612_30hpf_wfs1_ctcf,20250612_30hpf_wfs1_ctcf_G09_e01,1,0,0.0,0,0,0,0,0,,
20250612_30hpf_wfs1_ctcf,20250612_30hpf_wfs1_ctcf_G10_e01,1,0,0.0,0,0,0,0,0,,
20250612_30hpf_wfs1_ctcf,20250612_30hpf_wfs1_ctcf_G11_e01,1,0,0.0,0,0,0,0,0,,
20250612_30hpf_wfs1_ctcf,20250612_30hpf_wfs1_ctcf_G12_e01,1,0,0.0,0,0,0,0,0,,
20250612_30hpf_wfs1_ctcf,20250612_30hpf_wfs1_ctcf_H01_e01,1,0,0.0,0,0,0,0,0,,
20250612_30hpf_wfs1_ctcf,20250612_30hpf_wfs1_ctcf_H02_e01,1,0,0.0,0,0,0,0,0,,
20250612_30hpf_wfs1_ctcf,20250612_30hpf_wfs1_ctcf_H03_e01,1,0,0.0,0,0,0,0,0,,
20250612_30hpf_wfs1_ctcf,20250612_30hpf_wfs1_ctcf_H04_e01,1,0,0.0,0,0,0,0,0,,
20250612_30hpf_wfs1_ctcf,20250612_30hpf_wfs1_ctcf_H05_e01,1,0,0.0,0,0,0,0,0,,
20250612_30hpf_wfs1_ctcf,20250612_30hpf_wfs1_ctcf_H06_e01,1,0,0.0,0,0,0,0,0,,
20250612_30hpf_wfs1_ctcf,20250612_30hpf_wfs1_ctcf_H07_e01,1,0,0.0,0,0,0,0,0,,
20250612_30hpf_wfs1_ctcf,20250612_30hpf_wfs1_ctcf_H08_e01,1,0,0.0,0,0,0,0,0,,
20250612_30hpf_wfs1_ctcf,20250612_30hpf_wfs1_ctcf_H09_e01,1,0,0.0,0,0,0,0,0,,
20250612_30hpf_wfs1_ctcf,20250612_30hpf_wfs1_ctcf_H10_e01,1,0,0.0,0,0,0,0,0,,
20250612_30hpf_wfs1_ctcf,20250612_30hpf_wfs1_ctcf_H11_e01,1,1,1.0,1,1,1,0,0,-0.04933400301437009,-0.04933400301437009
20250612_30hpf_wfs1_ctcf,20250612_30hpf_wfs1_ctcf_H12_e01,1,0,0.0,0,0,0,0,0,,
20250612_36hpf_ctrl_atf6,20250612_36hpf_ctrl_atf6_A01_e01,1,0,0.0,0,0,0,0,0,,
20250612_36hpf_ctrl_atf6,20250612_36hpf_ctrl_atf6_A02_e01,1,0,0.0,0,0,0,0,0,,
20250612_36hpf_ctrl_atf6,20250612_36hpf_ctrl_atf6_A03_e01,1,0,0.0,0,0,0,0,0,,
20250612_36hpf_ctrl_atf6,20250612_36hpf_ctrl_atf6_A04_e01,1,0,0.0,0,0,0,0,0,,
20250612_36hpf_ctrl_atf6,20250612_36hpf_ctrl_atf6_A05_e01,1,0,0.0,0,0,0,0,0,,
20250612_36hpf_ctrl_atf6,20250612_36hpf_ctrl_atf6_A06_e01,1,0,0.0,0,0,0,0,0,,
20250612_36hpf_ctrl_atf6,20250612_36hpf_ctrl_atf6_A07_e01,1,0,0.0,0,0,0,0,0,,
20250612_36hpf_ctrl_atf6,20250612_36hpf_ctrl_atf6_A08_e01,1,1,1.0,1,1,1,0,0,-0.08017346336990706,-0.08017346336990706
20250612_36hpf_ctrl_atf6,20250612_36hpf_ctrl_atf6_A08_e02,1,0,0.0,0,0,0,0,0,,
20250612_36hpf_ctrl_atf6,20250612_36hpf_ctrl_atf6_A09_e01,1,0,0.0,0,0,0,0,0,,
20250612_36hpf_ctrl_atf6,20250612_36hpf_ctrl_atf6_A10_e01,1,0,0.0,0,0,0,0,0,,
20250612_36hpf_ctrl_atf6,20250612_36hpf_ctrl_atf6_A11_e01,1,1,1.0,1,1,1,0,0,-0.0714008464623529,-0.0714008464623529
20250612_36hpf_ctrl_atf6,20250612_36hpf_ctrl_atf6_A12_e01,1,0,0.0,0,0,0,0,0,,
20250612_36hpf_ctrl_atf6,20250612_36hpf_ctrl_atf6_B01_e01,1,0,0.0,0,0,0,0,0,,
20250612_36hpf_ctrl_atf6,20250612_36hpf_ctrl_atf6_B02_e01,1,1,1.0,1,1,1,0,0,-0.06745181086372015,-0.06745181086372015
20250612_36hpf_ctrl_atf6,20250612_36hpf_ctrl_atf6_B03_e01,1,0,0.0,0,0,0,0,0,,
20250612_36hpf_ctrl_atf6,20250612_36hpf_ctrl_atf6_B03_e02,1,1,1.0,1,1,1,0,0,-0.2830680681568823,-0.2830680681568823
20250612_36hpf_ctrl_atf6,20250612_36hpf_ctrl_atf6_B04_e01,1,0,0.0,0,0,0,0,0,,
20250612_36hpf_ctrl_atf6,20250612_36hpf_ctrl_atf6_B05_e01,1,0,0.0,0,0,0,0,0,,
20250612_36hpf_ctrl_atf6,20250612_36hpf_ctrl_atf6_B06_e01,1,0,0.0,0,0,0,0,0,,
20250612_36hpf_ctrl_atf6,20250612_36hpf_ctrl_atf6_B07_e01,1,0,0.0,0,0,0,0,0,,
20250612_36hpf_ctrl_atf6,20250612_36hpf_ctrl_atf6_B08_e01,1,1,1.0,1,1,1,0,0,-0.14049538953609267,-0.14049538953609267
20250612_36hpf_ctrl_atf6,20250612_36hpf_ctrl_atf6_B09_e01,1,0,0.0,0,0,0,0,0,,
20250612_36hpf_ctrl_atf6,20250612_36hpf_ctrl_atf6_B10_e01,1,0,0.0,0,0,0,0,0,,
20250612_36hpf_ctrl_atf6,20250612_36hpf_ctrl_atf6_B11_e01,1,0,0.0,0,0,0,0,0,,
20250612_36hpf_ctrl_atf6,20250612_36hpf_ctrl_atf6_B12_e01,1,0,0.0,0,0,0,0,0,,
20250612_36hpf_ctrl_atf6,20250612_36hpf_ctrl_atf6_C01_e01,1,0,0.0,0,0,0,0,0,,
20250612_36hpf_ctrl_atf6,20250612_36hpf_ctrl_atf6_C01_e02,1,1,1.0,1,1,1,0,0,-0.7297056239505278,-0.7297056239505278
20250612_36hpf_ctrl_atf6,20250612_36hpf_ctrl_atf6_C02_e01,1,0,0.0,0,0,0,0,0,,
20250612_36hpf_ctrl_atf6,20250612_36hpf_ctrl_atf6_C03_e01,1,0,0.0,0,0,0,0,0,,
20250612_36hpf_ctrl_atf6,20250612_36hpf_ctrl_atf6_C04_e01,1,0,0.0,0,0,0,0,0,,
20250612_36hpf_ctrl_atf6,20250612_36hpf_ctrl_atf6_C05_e01,1,0,0.0,0,0,0,0,0,,
20250612_36hpf_ctrl_atf6,20250612_36hpf_ctrl_atf6_C06_e01,1,0,0.0,0,0,0,0,0,,
20250612_36hpf_ctrl_atf6,20250612_36hpf_ctrl_atf6_C07_e01,1,1,1.0,1,1,1,0,0,-0.032828491873781805,-0.032828491873781805
20250612_36hpf_ctrl_atf6,20250612_36hpf_ctrl_atf6_C08_e01,1,0,0.0,0,0,0,0,0,,
20250612_36hpf_ctrl_atf6,20250612_36hpf_ctrl_atf6_C09_e01,1,0,0.0,0,0,0,0,0,,
20250612_36hpf_ctrl_atf6,20250612_36hpf_ctrl_atf6_C10_e01,1,0,0.0,0,0,0,0,0,,
20250612_36hpf_ctrl_atf6,20250612_36hpf_ctrl_atf6_C11_e01,1,0,0.0,0,0,0,0,0,,
20250612_36hpf_ctrl_atf6,20250612_36hpf_ctrl_atf6_C12_e01,1,0,0.0,0,0,0,0,0,,
20250612_36hpf_ctrl_atf6,20250612_36hpf_ctrl_atf6_D01_e01,1,0,0.0,0,0,0,0,0,,
20250612_36hpf_ctrl_atf6,20250612_36hpf_ctrl_atf6_D02_e01,1,0,0.0,0,0,0,0,0,,
20250612_36hpf_ctrl_atf6,20250612_36hpf_ctrl_atf6_D03_e01,1,0,0.0,0,0,0,0,0,,
20250612_36hpf_ctrl_atf6,20250612_36hpf_ctrl_atf6_D04_e01,1,0,0.0,0,0,0,0,0,,
20250612_36hpf_ctrl_atf6,20250612_36hpf_ctrl_atf6_D05_e01,1,0,0.0,0,0,0,0,0,,
20250612_36hpf_ctrl_atf6,20250612_36hpf_ctrl_atf6_D06_e01,1,0,0.0,0,0,0,0,0,,
20250612_36hpf_ctrl_atf6,20250612_36hpf_ctrl_atf6_D07_e01,1,1,1.0,1,1,1,0,0,-0.003675157543847678,-0.003675157543847678
20250612_36hpf_ctrl_atf6,20250612_36hpf_ctrl_atf6_D08_e01,1,1,1.0,1,1,1,0,0,-0.003973915395188572,-0.003973915395188572
20250612_36hpf_ctrl_atf6,20250612_36hpf_ctrl_atf6_D08_e02,1,1,1.0,1,1,1,0,0,-0.36818146402342516,-0.36818146402342516
20250612_36hpf_ctrl_atf6,20250612_36hpf_ctrl_atf6_D09_e01,1,0,0.0,0,0,0,0,0,,
20250612_36hpf_ctrl_atf6,20250612_36hpf_ctrl_atf6_D10_e01,1,0,0.0,0,0,0,0,0,,
20250612_36hpf_ctrl_atf6,20250612_36hpf_ctrl_atf6_D11_e01,1,0,0.0,0,0,0,0,0,,
20250612_36hpf_ctrl_atf6,20250612_36hpf_ctrl_atf6_D12_e01,1,0,0.0,0,0,0,0,0,,
20250612_36hpf_ctrl_atf6,20250612_36hpf_ctrl_atf6_E01_e01,1,0,0.0,0,0,0,0,0,,
20250612_36hpf_ctrl_atf6,20250612_36hpf_ctrl_atf6_E02_e01,1,0,0.0,0,0,0,0,0,,
20250612_36hpf_ctrl_atf6,20250612_36hpf_ctrl_atf6_E03_e01,1,0,0.0,0,0,0,0,0,,
20250612_36hpf_ctrl_atf6,20250612_36hpf_ctrl_atf6_E04_e01,1,0,0.0,0,0,0,0,0,,
20250612_36hpf_ctrl_atf6,20250612_36hpf_ctrl_atf6_E05_e01,1,0,0.0,0,0,0,0,0,,
20250612_36hpf_ctrl_atf6,20250612_36hpf_ctrl_atf6_E06_e01,1,0,0.0,0,0,0,0,0,,
20250612_36hpf_ctrl_atf6,20250612_36hpf_ctrl_atf6_E07_e01,1,1,1.0,1,1,1,0,0,-0.09983716194906885,-0.09983716194906885
20250612_36hpf_ctrl_atf6,20250612_36hpf_ctrl_atf6_E08_e01,1,1,1.0,1,1,1,0,0,-0.09596960576443822,-0.09596960576443822
20250612_36hpf_ctrl_atf6,20250612_36hpf_ctrl_atf6_E09_e01,1,1,1.0,1,1,1,0,0,-0.19128965622497143,-0.19128965622497143
20250612_36hpf_ctrl_atf6,20250612_36hpf_ctrl_atf6_E10_e01,1,0,0.0,0,0,0,0,0,,
20250612_36hpf_ctrl_atf6,20250612_36hpf_ctrl_atf6_E11_e01,1,0,0.0,0,0,0,0,0,,
20250612_36hpf_ctrl_atf6,20250612_36hpf_ctrl_atf6_E12_e01,1,0,0.0,0,0,0,0,0,,
20250612_36hpf_ctrl_atf6,20250612_36hpf_ctrl_atf6_F01_e01,1,0,0.0,0,0,0,0,0,,
20250612_36hpf_ctrl_atf6,20250612_36hpf_ctrl_atf6_F02_e01,1,0,0.0,0,0,0,0,0,,
20250612_36hpf_ctrl_atf6,20250612_36hpf_ctrl_atf6_F03_e01,1,0,0.0,0,0,0,0,0,,
20250612_36hpf_ctrl_atf6,20250612_36hpf_ctrl_atf6_F04_e01,1,0,0.0,0,0,0,0,0,,
20250612_36hpf_ctrl_atf6,20250612_36hpf_ctrl_atf6_F05_e01,1,0,0.0,0,0,0,0,0,,
20250612_36hpf_ctrl_atf6,20250612_36hpf_ctrl_atf6_F06_e01,1,1,1.0,1,1,1,0,0,-0.5996210235157858,-0.5996210235157858
20250612_36hpf_ctrl_atf6,20250612_36hpf_ctrl_atf6_F07_e01,1,0,0.0,0,0,0,0,0,,
20250612_36hpf_ctrl_atf6,20250612_36hpf_ctrl_atf6_F08_e01,1,0,0.0,0,0,0,0,0,,
20250612_36hpf_ctrl_atf6,20250612_36hpf_ctrl_atf6_F09_e01,1,0,0.0,0,0,0,0,0,,
20250612_36hpf_ctrl_atf6,20250612_36hpf_ctrl_atf6_F10_e01,1,0,0.0,0,0,0,0,0,,
20250612_36hpf_ctrl_atf6,20250612_36hpf_ctrl_atf6_F11_e01,1,0,0.0,0,0,0,0,0,,
20250612_36hpf_ctrl_atf6,20250612_36hpf_ctrl_atf6_F12_e01,1,0,0.0,0,0,0,0,0,,
20250612_36hpf_ctrl_atf6,20250612_36hpf_ctrl_atf6_G01_e01,1,0,0.0,0,0,0,0,0,,
20250612_36hpf_ctrl_atf6,20250612_36hpf_ctrl_atf6_G02_e01,1,0,0.0,0,0,0,0,0,,
20250612_36hpf_ctrl_atf6,20250612_36hpf_ctrl_atf6_G03_e01,1,0,0.0,0,0,0,0,0,,
20250612_36hpf_ctrl_atf6,20250612_36hpf_ctrl_atf6_G04_e01,1,0,0.0,0,0,0,0,0,,
20250612_36hpf_ctrl_atf6,20250612_36hpf_ctrl_atf6_G05_e01,1,0,0.0,0,0,0,0,0,,
20250612_36hpf_ctrl_atf6,20250612_36hpf_ctrl_atf6_G06_e01,1,0,0.0,0,0,0,0,0,,
20250612_36hpf_ctrl_atf6,20250612_36hpf_ctrl_atf6_G07_e01,1,1,1.0,1,1,1,0,0,-0.10715944528738655,-0.10715944528738655
20250612_36hpf_ctrl_atf6,20250612_36hpf_ctrl_atf6_G08_e01,1,0,0.0,0,0,0,0,0,,
20250612_36hpf_ctrl_atf6,20250612_36hpf_ctrl_atf6_G09_e01,1,0,0.0,0,0,0,0,0,,
20250612_36hpf_ctrl_atf6,20250612_36hpf_ctrl_atf6_G10_e01,1,0,0.0,0,0,0,0,0,,
20250612_36hpf_ctrl_atf6,20250612_36hpf_ctrl_atf6_G11_e01,1,0,0.0,0,0,0,0,0,,
20250612_36hpf_ctrl_atf6,20250612_36hpf_ctrl_atf6_G12_e01,1,0,0.0,0,0,0,0,0,,
20250612_36hpf_ctrl_atf6,20250612_36hpf_ctrl_atf6_H01_e01,1,0,0.0,0,0,0,0,0,,
20250612_36hpf_ctrl_atf6,20250612_36hpf_ctrl_atf6_H02_e01,1,0,0.0,0,0,0,0,0,,
20250612_36hpf_ctrl_atf6,20250612_36hpf_ctrl_atf6_H03_e01,1,0,0.0,0,0,0,0,0,,
20250612_36hpf_ctrl_atf6,20250612_36hpf_ctrl_atf6_H04_e01,1,0,0.0,0,0,0,0,0,,
20250612_36hpf_ctrl_atf6,20250612_36hpf_ctrl_atf6_H05_e01,1,0,0.0,0,0,0,0,0,,
20250612_36hpf_ctrl_atf6,20250612_36hpf_ctrl_atf6_H06_e01,1,0,0.0,0,0,0,0,0,,
20250612_36hpf_ctrl_atf6,20250612_36hpf_ctrl_atf6_H07_e01,1,0,0.0,0,0,0,0,0,,
20250612_36hpf_ctrl_atf6,20250612_36hpf_ctrl_atf6_H08_e01,1,0,0.0,0,0,0,0,0,,
20250612_36hpf_ctrl_atf6,20250612_36hpf_ctrl_atf6_H09_e01,1,0,0.0,0,0,0,0,0,,
20250612_36hpf_ctrl_atf6,20250612_36hpf_ctrl_atf6_H10_e01,1,0,0.0,0,0,0,0,0,,
20250612_36hpf_ctrl_atf6,20250612_36hpf_ctrl_atf6_H11_e01,1,0,0.0,0,0,0,0,0,,
20250612_36hpf_ctrl_atf6,20250612_36hpf_ctrl_atf6_H11_e02,1,1,1.0,1,1,1,0,0,-0.4826926324619085,-0.4826926324619085
20250612_36hpf_ctrl_atf6,20250612_36hpf_ctrl_atf6_H11_e03,1,0,0.0,0,0,0,0,0,,
20250612_36hpf_ctrl_atf6,20250612_36hpf_ctrl_atf6_H12_e01,1,0,0.0,0,0,0,0,0,,
20250612_36hpf_wfs1_ctcf,20250612_36hpf_wfs1_ctcf_A01_e01,1,1,1.0,1,1,1,0,0,-0.13755126671015172,-0.13755126671015172
20250612_36hpf_wfs1_ctcf,20250612_36hpf_wfs1_ctcf_A02_e01,1,1,1.0,1,1,1,0,0,-0.07405164339788631,-0.07405164339788631
20250612_36hpf_wfs1_ctcf,20250612_36hpf_wfs1_ctcf_A03_e01,1,0,0.0,0,0,0,0,0,,
20250612_36hpf_wfs1_ctcf,20250612_36hpf_wfs1_ctcf_A04_e01,1,0,0.0,0,0,0,0,0,,
20250612_36hpf_wfs1_ctcf,20250612_36hpf_wfs1_ctcf_A05_e01,1,0,0.0,0,0,0,0,0,,
20250612_36hpf_wfs1_ctcf,20250612_36hpf_wfs1_ctcf_A06_e01,1,0,0.0,0,0,0,0,0,,
20250612_36hpf_wfs1_ctcf,20250612_36hpf_wfs1_ctcf_A07_e01,1,1,1.0,1,1,1,0,0,-0.06701182202810904,-0.06701182202810904
20250612_36hpf_wfs1_ctcf,20250612_36hpf_wfs1_ctcf_A08_e01,1,1,1.0,1,1,1,0,0,-0.10391113264917153,-0.10391113264917153
20250612_36hpf_wfs1_ctcf,20250612_36hpf_wfs1_ctcf_A09_e01,1,0,0.0,0,0,0,0,0,,
20250612_36hpf_wfs1_ctcf,20250612_36hpf_wfs1_ctcf_A10_e01,1,0,0.0,0,0,0,0,0,,
20250612_36hpf_wfs1_ctcf,20250612_36hpf_wfs1_ctcf_A11_e01,1,0,0.0,0,0,0,0,0,,
20250612_36hpf_wfs1_ctcf,20250612_36hpf_wfs1_ctcf_A12_e01,1,0,0.0,0,0,0,0,0,,
20250612_36hpf_wfs1_ctcf,20250612_36hpf_wfs1_ctcf_B01_e01,1,1,1.0,1,1,1,0,0,-0.006847422728994309,-0.006847422728994309
20250612_36hpf_wfs1_ctcf,20250612_36hpf_wfs1_ctcf_B02_e01,1,1,1.0,1,1,1,0,0,-0.15697052704730735,-0.15697052704730735
20250612_36hpf_wfs1_ctcf,20250612_36hpf_wfs1_ctcf_B03_e01,1,0,0.0,0,0,0,0,0,,
20250612_36hpf_wfs1_ctcf,20250612_36hpf_wfs1_ctcf_B04_e01,1,0,0.0,0,0,0,0,0,,
20250612_36hpf_wfs1_ctcf,20250612_36hpf_wfs1_ctcf_B05_e01,1,0,0.0,0,0,0,0,0,,
20250612_36hpf_wfs1_ctcf,20250612_36hpf_wfs1_ctcf_B06_e01,1,0,0.0,0,0,0,0,0,,
20250612_36hpf_wfs1_ctcf,20250612_36hpf_wfs1_ctcf_B07_e01,1,0,0.0,0,0,0,0,0,,
20250612_36hpf_wfs1_ctcf,20250612_36hpf_wfs1_ctcf_B08_e01,1,1,1.0,1,1,1,0,0,-0.11615477259321304,-0.11615477259321304
20250612_36hpf_wfs1_ctcf,20250612_36hpf_wfs1_ctcf_B09_e01,1,1,1.0,1,1,1,0,0,-0.2193077107198102,-0.2193077107198102
20250612_36hpf_wfs1_ctcf,20250612_36hpf_wfs1_ctcf_B10_e01,1,0,0.0,0,0,0,0,0,,
20250612_36hpf_wfs1_ctcf,20250612_36hpf_wfs1_ctcf_B11_e01,1,0,0.0,0,0,0,0,0,,
20250612_36hpf_wfs1_ctcf,20250612_36hpf_wfs1_ctcf_B12_e01,1,0,0.0,0,0,0,0,0,,
20250612_36hpf_wfs1_ctcf,20250612_36hpf_wfs1_ctcf_C01_e01,1,1,1.0,1,1,1,0,0,-0.004278105207462833,-0.004278105207462833
20250612_36hpf_wfs1_ctcf,20250612_36hpf_wfs1_ctcf_C02_e01,1,1,1.0,1,1,1,0,0,-0.04708738932414065,-0.04708738932414065
20250612_36hpf_wfs1_ctcf,20250612_36hpf_wfs1_ctcf_C02_e02,1,1,1.0,1,1,1,0,0,-0.3581323362965056,-0.3581323362965056
20250612_36hpf_wfs1_ctcf,20250612_36hpf_wfs1_ctcf_C03_e01,1,0,0.0,0,0,0,0,0,,
20250612_36hpf_wfs1_ctcf,20250612_36hpf_wfs1_ctcf_C04_e01,1,0,0.0,0,0,0,0,0,,
20250612_36hpf_wfs1_ctcf,20250612_36hpf_wfs1_ctcf_C05_e01,1,0,0.0,0,0,0,0,0,,
20250612_36hpf_wfs1_ctcf,20250612_36hpf_wfs1_ctcf_C06_e01,1,0,0.0,0,0,0,0,0,,
20250612_36hpf_wfs1_ctcf,20250612_36hpf_wfs1_ctcf_C07_e01,1,0,0.0,0,0,0,0,0,,
20250612_36hpf_wfs1_ctcf,20250612_36hpf_wfs1_ctcf_C08_e01,1,1,1.0,1,1,1,0,0,-0.05130802296944692,-0.05130802296944692
20250612_36hpf_wfs1_ctcf,20250612_36hpf_wfs1_ctcf_C09_e01,1,0,0.0,0,0,0,0,0,,
20250612_36hpf_wfs1_ctcf,20250612_36hpf_wfs1_ctcf_C10_e01,1,0,0.0,0,0,0,0,0,,
20250612_36hpf_wfs1_ctcf,20250612_36hpf_wfs1_ctcf_C11_e01,1,0,0.0,0,0,0,0,0,,
20250612_36hpf_wfs1_ctcf,20250612_36hpf_wfs1_ctcf_C12_e01,1,0,0.0,0,0,0,0,0,,
20250612_36hpf_wfs1_ctcf,20250612_36hpf_wfs1_ctcf_D01_e01,1,1,1.0,1,1,1,0,0,-0.008308620220097688,-0.008308620220097688
20250612_36hpf_wfs1_ctcf,20250612_36hpf_wfs1_ctcf_D02_e01,1,0,0.0,0,0,0,0,0,,
20250612_36hpf_wfs1_ctcf,20250612_36hpf_wfs1_ctcf_D03_e01,1,0,0.0,0,0,0,0,0,,
20250612_36hpf_wfs1_ctcf,20250612_36hpf_wfs1_ctcf_D04_e01,1,0,0.0,0,0,0,0,0,,
20250612_36hpf_wfs1_ctcf,20250612_36hpf_wfs1_ctcf_D05_e01,1,0,0.0,0,0,0,0,0,,
20250612_36hpf_wfs1_ctcf,20250612_36hpf_wfs1_ctcf_D06_e01,1,0,0.0,0,0,0,0,0,,
20250612_36hpf_wfs1_ctcf,20250612_36hpf_wfs1_ctcf_D07_e01,1,1,1.0,1,1,1,0,0,-0.06758217792612346,-0.06758217792612346
20250612_36hpf_wfs1_ctcf,20250612_36hpf_wfs1_ctcf_D08_e01,1,0,0.0,0,0,0,0,0,,
20250612_36hpf_wfs1_ctcf,20250612_36hpf_wfs1_ctcf_D09_e01,1,0,0.0,0,0,0,0,0,,
20250612_36hpf_wfs1_ctcf,20250612_36hpf_wfs1_ctcf_D10_e01,1,0,0.0,0,0,0,0,0,,
20250612_36hpf_wfs1_ctcf,20250612_36hpf_wfs1_ctcf_D11_e01,1,0,0.0,0,0,0,0,0,,
20250612_36hpf_wfs1_ctcf,20250612_36hpf_wfs1_ctcf_D12_e01,1,0,0.0,0,0,0,0,0,,
20250612_36hpf_wfs1_ctcf,20250612_36hpf_wfs1_ctcf_E01_e01,1,0,0.0,0,0,0,0,0,,
20250612_36hpf_wfs1_ctcf,20250612_36hpf_wfs1_ctcf_E02_e01,1,1,1.0,1,1,1,0,0,-0.037472818471898726,-0.037472818471898726
20250612_36hpf_wfs1_ctcf,20250612_36hpf_wfs1_ctcf_E03_e01,1,0,0.0,0,0,0,0,0,,
20250612_36hpf_wfs1_ctcf,20250612_36hpf_wfs1_ctcf_E04_e01,1,0,0.0,0,0,0,0,0,,
20250612_36hpf_wfs1_ctcf,20250612_36hpf_wfs1_ctcf_E05_e01,1,0,0.0,0,0,0,0,0,,
20250612_36hpf_wfs1_ctcf,20250612_36hpf_wfs1_ctcf_E06_e01,1,0,0.0,0,0,0,0,0,,
20250612_36hpf_wfs1_ctcf,20250612_36hpf_wfs1_ctcf_E07_e01,1,0,0.0,0,0,0,0,0,,
20250612_36hpf_wfs1_ctcf,20250612_36hpf_wfs1_ctcf_E08_e01,1,0,0.0,0,0,0,0,0,,
20250612_36hpf_wfs1_ctcf,20250612_36hpf_wfs1_ctcf_E09_e01,1,1,1.0,1,1,1,0,0,-0.07074901115033655,-0.07074901115033655
20250612_36hpf_wfs1_ctcf,20250612_36hpf_wfs1_ctcf_E10_e01,1,0,0.0,0,0,0,0,0,,
20250612_36hpf_wfs1_ctcf,20250612_36hpf_wfs1_ctcf_E11_e01,1,0,0.0,0,0,0,0,0,,
20250612_36hpf_wfs1_ctcf,20250612_36hpf_wfs1_ctcf_E12_e01,1,0,0.0,0,0,0,0,0,,
20250612_36hpf_wfs1_ctcf,20250612_36hpf_wfs1_ctcf_F01_e01,1,1,1.0,1,1,1,0,0,-0.18184347616166693,-0.18184347616166693
20250612_36hpf_wfs1_ctcf,20250612_36hpf_wfs1_ctcf_F02_e01,1,0,0.0,0,0,0,0,0,,
20250612_36hpf_wfs1_ctcf,20250612_36hpf_wfs1_ctcf_F03_e01,1,0,0.0,0,0,0,0,0,,
20250612_36hpf_wfs1_ctcf,20250612_36hpf_wfs1_ctcf_F04_e01,1,0,0.0,0,0,0,0,0,,
20250612_36hpf_wfs1_ctcf,20250612_36hpf_wfs1_ctcf_F05_e01,1,0,0.0,0,0,0,0,0,,
20250612_36hpf_wfs1_ctcf,20250612_36hpf_wfs1_ctcf_F06_e01,1,0,0.0,0,0,0,0,0,,
20250612_36hpf_wfs1_ctcf,20250612_36hpf_wfs1_ctcf_F07_e01,1,1,1.0,1,1,1,0,0,-0.14339062471363223,-0.14339062471363223
20250612_36hpf_wfs1_ctcf,20250612_36hpf_wfs1_ctcf_F08_e01,1,0,0.0,0,0,0,0,0,,
20250612_36hpf_wfs1_ctcf,20250612_36hpf_wfs1_ctcf_F09_e01,1,1,1.0,1,1,1,0,0,-0.07488273342070716,-0.07488273342070716
20250612_36hpf_wfs1_ctcf,20250612_36hpf_wfs1_ctcf_F10_e01,1,0,0.0,0,0,0,0,0,,
20250612_36hpf_wfs1_ctcf,20250612_36hpf_wfs1_ctcf_F11_e01,1,0,0.0,0,0,0,0,0,,
20250612_36hpf_wfs1_ctcf,20250612_36hpf_wfs1_ctcf_F12_e01,1,0,0.0,0,0,0,0,0,,
20250612_36hpf_wfs1_ctcf,20250612_36hpf_wfs1_ctcf_G01_e01,1,1,1.0,1,1,1,0,0,-0.014539079410787923,-0.014539079410787923
20250612_36hpf_wfs1_ctcf,20250612_36hpf_wfs1_ctcf_G02_e01,1,0,0.0,0,0,0,0,0,,
20250612_36hpf_wfs1_ctcf,20250612_36hpf_wfs1_ctcf_G03_e01,1,0,0.0,0,0,0,0,0,,
20250612_36hpf_wfs1_ctcf,20250612_36hpf_wfs1_ctcf_G04_e01,1,0,0.0,0,0,0,0,0,,
20250612_36hpf_wfs1_ctcf,20250612_36hpf_wfs1_ctcf_G05_e01,1,0,0.0,0,0,0,0,0,,
20250612_36hpf_wfs1_ctcf,20250612_36hpf_wfs1_ctcf_G06_e01,1,0,0.0,0,0,0,0,0,,
20250612_36hpf_wfs1_ctcf,20250612_36hpf_wfs1_ctcf_G07_e01,1,1,1.0,1,1,1,0,0,-5.203960122319958e-05,-5.203960122319958e-05
20250612_36hpf_wfs1_ctcf,20250612_36hpf_wfs1_ctcf_G08_e01,1,1,1.0,1,1,1,0,0,-0.048043414448431444,-0.048043414448431444
20250612_36hpf_wfs1_ctcf,20250612_36hpf_wfs1_ctcf_G09_e01,1,0,0.0,0,0,0,0,0,,
20250612_36hpf_wfs1_ctcf,20250612_36hpf_wfs1_ctcf_G10_e01,1,0,0.0,0,0,0,0,0,,
20250612_36hpf_wfs1_ctcf,20250612_36hpf_wfs1_ctcf_G11_e01,1,0,0.0,0,0,0,0,0,,
20250612_36hpf_wfs1_ctcf,20250612_36hpf_wfs1_ctcf_G12_e01,1,0,0.0,0,0,0,0,0,,
20250612_36hpf_wfs1_ctcf,20250612_36hpf_wfs1_ctcf_H01_e01,1,1,1.0,1,1,1,0,0,-0.08331856875038633,-0.08331856875038633
20250612_36hpf_wfs1_ctcf,20250612_36hpf_wfs1_ctcf_H02_e01,1,0,0.0,0,0,0,0,0,,
20250612_36hpf_wfs1_ctcf,20250612_36hpf_wfs1_ctcf_H03_e01,1,0,0.0,0,0,0,0,0,,
20250612_36hpf_wfs1_ctcf,20250612_36hpf_wfs1_ctcf_H04_e01,1,0,0.0,0,0,0,0,0,,
20250612_36hpf_wfs1_ctcf,20250612_36hpf_wfs1_ctcf_H05_e01,1,0,0.0,0,0,0,0,0,,
20250612_36hpf_wfs1_ctcf,20250612_36hpf_wfs1_ctcf_H06_e01,1,0,0.0,0,0,0,0,0,,
20250612_36hpf_wfs1_ctcf,20250612_36hpf_wfs1_ctcf_H07_e01,1,1,1.0,1,1,1,0,0,-0.06037396576740861,-0.06037396576740861
20250612_36hpf_wfs1_ctcf,20250612_36hpf_wfs1_ctcf_H08_e01,1,0,0.0,0,0,0,0,0,,
20250612_36hpf_wfs1_ctcf,20250612_36hpf_wfs1_ctcf_H09_e01,1,0,0.0,0,0,0,0,0,,
20250612_36hpf_wfs1_ctcf,20250612_36hpf_wfs1_ctcf_H10_e01,1,0,0.0,0,0,0,0,0,,
20250612_36hpf_wfs1_ctcf,20250612_36hpf_wfs1_ctcf_H11_e01,1,0,0.0,0,0,0,0,0,,
20250612_36hpf_wfs1_ctcf,20250612_36hpf_wfs1_ctcf_H12_e01,1,0,0.0,0,0,0,0,0,,
20240813_24hpf,20240813_24hpf_A02_e01,1,0,0.0,0,0,0,0,0,,
20240813_24hpf,20240813_24hpf_A03_e01,1,0,0.0,0,0,0,0,0,,
20240813_24hpf,20240813_24hpf_A04_e01,1,0,0.0,0,0,0,0,0,,
20240813_24hpf,20240813_24hpf_A05_e01,1,0,0.0,0,0,0,0,0,,
20240813_24hpf,20240813_24hpf_A06_e01,1,0,0.0,0,0,0,0,0,,
20240813_24hpf,20240813_24hpf_A07_e01,1,0,0.0,0,0,0,0,0,,
20240813_24hpf,20240813_24hpf_B02_e01,1,0,0.0,0,0,0,0,0,,
20240813_24hpf,20240813_24hpf_B03_e01,1,0,0.0,0,0,0,0,0,,
20240813_24hpf,20240813_24hpf_B04_e01,1,0,0.0,0,0,0,0,0,,
20240813_24hpf,20240813_24hpf_B05_e01,1,0,0.0,0,0,0,0,0,,
20240813_24hpf,20240813_24hpf_B06_e01,1,0,0.0,0,0,0,0,0,,
20240813_24hpf,20240813_24hpf_B07_e01,1,0,0.0,0,0,0,0,0,,
20240813_24hpf,20240813_24hpf_C02_e01,1,0,0.0,0,0,0,0,0,,
20240813_24hpf,20240813_24hpf_C03_e01,1,0,0.0,0,0,0,0,0,,
20240813_24hpf,20240813_24hpf_C04_e01,1,0,0.0,0,0,0,0,0,,
20240813_24hpf,20240813_24hpf_C05_e01,1,0,0.0,0,0,0,0,0,,
20240813_24hpf,20240813_24hpf_C06_e01,1,0,0.0,0,0,0,0,0,,
20240813_24hpf,20240813_24hpf_C07_e01,1,0,0.0,0,0,0,0,0,,
20240813_24hpf,20240813_24hpf_D02_e01,1,0,0.0,0,0,0,0,0,,
20240813_24hpf,20240813_24hpf_D03_e01,1,0,0.0,0,0,0,0,0,,
20240813_24hpf,20240813_24hpf_D04_e01,1,0,0.0,0,0,0,0,0,,
20240813_24hpf,20240813_24hpf_D05_e01,1,0,0.0,0,0,0,0,0,,
20240813_24hpf,20240813_24hpf_D06_e01,1,0,0.0,0,0,0,0,0,,
20240813_24hpf,20240813_24hpf_D07_e01,1,0,0.0,0,0,0,0,0,,
20240813_24hpf,20240813_24hpf_E02_e01,1,0,0.0,0,0,0,0,0,,
20240813_24hpf,20240813_24hpf_E03_e01,1,0,0.0,0,0,0,0,0,,
20240813_24hpf,20240813_24hpf_E04_e01,1,0,0.0,0,0,0,0,0,,
20240813_24hpf,20240813_24hpf_E05_e01,1,0,0.0,0,0,0,0,0,,
20240813_24hpf,20240813_24hpf_E06_e01,1,0,0.0,0,0,0,0,0,,
20240813_24hpf,20240813_24hpf_E07_e01,1,0,0.0,0,0,0,0,0,,
20240813_24hpf,20240813_24hpf_F02_e01,1,0,0.0,0,0,0,0,0,,
20240813_24hpf,20240813_24hpf_F03_e01,1,0,0.0,0,0,0,0,0,,
20240813_24hpf,20240813_24hpf_F04_e01,1,0,0.0,0,0,0,0,0,,
20240813_24hpf,20240813_24hpf_F05_e01,1,0,0.0,0,0,0,0,0,,
20240813_24hpf,20240813_24hpf_F06_e01,1,0,0.0,0,0,0,0,0,,
20240813_24hpf,20240813_24hpf_F07_e01,1,0,0.0,0,0,0,0,0,,
20240813_24hpf,20240813_24hpf_G02_e01,1,0,0.0,0,0,0,0,0,,
20240813_24hpf,20240813_24hpf_G03_e01,1,0,0.0,0,0,0,0,0,,
20240813_24hpf,20240813_24hpf_G04_e01,1,0,0.0,0,0,0,0,0,,
20240813_24hpf,20240813_24hpf_G05_e01,1,0,0.0,0,0,0,0,0,,
20240813_24hpf,20240813_24hpf_G06_e01,1,0,0.0,0,0,0,0,0,,
20240813_24hpf,20240813_24hpf_G07_e01,1,0,0.0,0,0,0,0,0,,
20240813_24hpf,20240813_24hpf_H02_e01,1,0,0.0,0,0,0,0,0,,
20240813_24hpf,20240813_24hpf_H03_e01,1,0,0.0,0,0,0,0,0,,
20240813_24hpf,20240813_24hpf_H04_e01,1,0,0.0,0,0,0,0,0,,
20240813_24hpf,20240813_24hpf_H05_e01,1,0,0.0,0,0,0,0,0,,
20240813_24hpf,20240813_24hpf_H06_e01,1,0,0.0,0,0,0,0,0,,
20240813_24hpf,20240813_24hpf_H07_e01,1,0,0.0,0,0,0,0,0,,
20240813_30hpf,20240813_30hpf_A02_e01,1,1,1.0,1,1,1,0,0,-0.15432041709085517,-0.15432041709085517
20240813_30hpf,20240813_30hpf_A03_e01,1,0,0.0,0,0,0,0,0,,
20240813_30hpf,20240813_30hpf_A04_e01,1,0,0.0,0,0,0,0,0,,
20240813_30hpf,20240813_30hpf_A05_e01,1,0,0.0,0,0,0,0,0,,
20240813_30hpf,20240813_30hpf_A06_e01,1,0,0.0,0,0,0,0,0,,
20240813_30hpf,20240813_30hpf_A07_e01,1,0,0.0,0,0,0,0,0,,
20240813_30hpf,20240813_30hpf_B02_e01,1,1,1.0,1,1,1,0,0,-0.1652262917114845,-0.1652262917114845
20240813_30hpf,20240813_30hpf_B03_e01,1,0,0.0,0,0,0,0,0,,
20240813_30hpf,20240813_30hpf_B04_e01,1,0,0.0,0,0,0,0,0,,
20240813_30hpf,20240813_30hpf_B05_e01,1,0,0.0,0,0,0,0,0,,
20240813_30hpf,20240813_30hpf_B06_e01,1,0,0.0,0,0,0,0,0,,
20240813_30hpf,20240813_30hpf_B07_e01,1,0,0.0,0,0,0,0,0,,
20240813_30hpf,20240813_30hpf_C02_e01,1,1,1.0,1,1,1,0,0,-0.14276200260372834,-0.14276200260372834
20240813_30hpf,20240813_30hpf_C03_e01,1,0,0.0,0,0,0,0,0,,
20240813_30hpf,20240813_30hpf_C04_e01,1,0,0.0,0,0,0,0,0,,
20240813_30hpf,20240813_30hpf_C05_e01,1,0,0.0,0,0,0,0,0,,
20240813_30hpf,20240813_30hpf_C06_e01,1,0,0.0,0,0,0,0,0,,
20240813_30hpf,20240813_30hpf_C06_e02,1,1,1.0,1,1,1,0,0,-0.42109442380811124,-0.42109442380811124
20240813_30hpf,20240813_30hpf_C07_e01,1,0,0.0,0,0,0,0,0,,
20240813_30hpf,20240813_30hpf_D02_e01,1,1,1.0,1,1,1,0,0,-0.10559139835657505,-0.10559139835657505
20240813_30hpf,20240813_30hpf_D03_e01,1,0,0.0,0,0,0,0,0,,
20240813_30hpf,20240813_30hpf_D04_e01,1,0,0.0,0,0,0,0,0,,
20240813_30hpf,20240813_30hpf_D05_e01,1,0,0.0,0,0,0,0,0,,
20240813_30hpf,20240813_30hpf_D06_e01,1,0,0.0,0,0,0,0,0,,
20240813_30hpf,20240813_30hpf_D07_e01,1,0,0.0,0,0,0,0,0,,
20240813_30hpf,20240813_30hpf_E02_e01,1,1,1.0,1,1,1,0,0,-0.16270676278250798,-0.16270676278250798
20240813_30hpf,20240813_30hpf_E03_e01,1,0,0.0,0,0,0,0,0,,
20240813_30hpf,20240813_30hpf_E04_e01,1,0,0.0,0,0,0,0,0,,
20240813_30hpf,20240813_30hpf_E05_e01,1,0,0.0,0,0,0,0,0,,
20240813_30hpf,20240813_30hpf_E06_e01,1,0,0.0,0,0,0,0,0,,
20240813_30hpf,20240813_30hpf_E07_e01,1,0,0.0,0,0,0,0,0,,
20240813_30hpf,20240813_30hpf_F02_e01,1,1,1.0,1,1,1,0,0,-0.16573382271876033,-0.16573382271876033
20240813_30hpf,20240813_30hpf_F03_e01,1,0,0.0,0,0,0,0,0,,
20240813_30hpf,20240813_30hpf_F04_e01,1,0,0.0,0,0,0,0,0,,
20240813_30hpf,20240813_30hpf_F05_e01,1,0,0.0,0,0,0,0,0,,
20240813_30hpf,20240813_30hpf_F06_e01,1,0,0.0,0,0,0,0,0,,
20240813_30hpf,20240813_30hpf_F07_e01,1,0,0.0,0,0,0,0,0,,
20240813_30hpf,20240813_30hpf_G02_e01,1,1,1.0,1,1,1,0,0,-0.22851057469013916,-0.22851057469013916
20240813_30hpf,20240813_30hpf_G03_e01,1,0,0.0,0,0,0,0,0,,
20240813_30hpf,20240813_30hpf_G04_e01,1,0,0.0,0,0,0,0,0,,
20240813_30hpf,20240813_30hpf_G05_e01,1,0,0.0,0,0,0,0,0,,
20240813_30hpf,20240813_30hpf_G06_e01,1,0,0.0,0,0,0,0,0,,
20240813_30hpf,20240813_30hpf_G07_e01,1,0,0.0,0,0,0,0,0,,
20240813_30hpf,20240813_30hpf_H02_e01,1,1,1.0,1,1,1,0,0,-0.23043798411062716,-0.23043798411062716
20240813_30hpf,20240813_30hpf_H03_e01,1,0,0.0,0,0,0,0,0,,
20240813_30hpf,20240813_30hpf_H03_e02,1,1,1.0,1,1,1,0,0,-0.31711098767457613,-0.31711098767457613
20240813_30hpf,20240813_30hpf_H04_e01,1,0,0.0,0,0,0,0,0,,
20240813_30hpf,20240813_30hpf_H05_e01,1,0,0.0,0,0,0,0,0,,
20240813_30hpf,20240813_30hpf_H06_e01,1,0,0.0,0,0,0,0,0,,
20240813_30hpf,20240813_30hpf_H07_e01,1,0,0.0,0,0,0,0,0,,
20240813_36hpf,20240813_36hpf_A02_e01,1,1,1.0,1,1,1,0,0,-0.15538439445473404,-0.15538439445473404
20240813_36hpf,20240813_36hpf_A03_e01,1,0,0.0,0,0,0,0,0,,
20240813_36hpf,20240813_36hpf_A04_e01,1,0,0.0,0,0,0,0,0,,
20240813_36hpf,20240813_36hpf_A05_e01,1,0,0.0,0,0,0,0,0,,
20240813_36hpf,20240813_36hpf_A06_e01,1,0,0.0,0,0,0,0,0,,
20240813_36hpf,20240813_36hpf_A06_e02,1,1,1.0,1,1,1,0,0,-0.7834114216997466,-0.7834114216997466
20240813_36hpf,20240813_36hpf_A07_e01,1,0,0.0,0,0,0,0,0,,
20240813_36hpf,20240813_36hpf_B02_e01,1,1,1.0,1,1,1,0,0,-0.1930984992158171,-0.1930984992158171
20240813_36hpf,20240813_36hpf_B03_e01,1,0,0.0,0,0,0,0,0,,
20240813_36hpf,20240813_36hpf_B04_e01,1,0,0.0,0,0,0,0,0,,
20240813_36hpf,20240813_36hpf_B05_e01,1,0,0.0,0,0,0,0,0,,
20240813_36hpf,20240813_36hpf_B06_e01,1,0,0.0,0,0,0,0,0,,
20240813_36hpf,20240813_36hpf_B07_e01,1,0,0.0,0,0,0,0,0,,
20240813_36hpf,20240813_36hpf_C02_e01,1,1,1.0,1,1,1,0,0,-0.1550530448377924,-0.1550530448377924
20240813_36hpf,20240813_36hpf_C03_e01,1,1,1.0,1,1,1,0,0,-0.03477313388796394,-0.03477313388796394
20240813_36hpf,20240813_36hpf_C04_e01,1,0,0.0,0,0,0,0,0,,
20240813_36hpf,20240813_36hpf_C05_e01,1,0,0.0,0,0,0,0,0,,
20240813_36hpf,20240813_36hpf_C06_e01,1,0,0.0,0,0,0,0,0,,
20240813_36hpf,20240813_36hpf_C07_e01,1,0,0.0,0,0,0,0,0,,
20240813_36hpf,20240813_36hpf_D02_e01,1,1,1.0,1,1,1,0,0,-0.17611275737685608,-0.17611275737685608
20240813_36hpf,20240813_36hpf_D03_e01,1,0,0.0,0,0,0,0,0,,
20240813_36hpf,20240813_36hpf_D04_e01,1,0,0.0,0,0,0,0,0,,
20240813_36hpf,20240813_36hpf_D05_e01,1,0,0.0,0,0,0,0,0,,
20240813_36hpf,20240813_36hpf_D06_e01,1,0,0.0,0,0,0,0,0,,
20240813_36hpf,20240813_36hpf_D07_e01,1,0,0.0,0,0,0,0,0,,
20240813_36hpf,20240813_36hpf_E02_e01,1,1,1.0,1,1,1,0,0,-0.1302181194499671,-0.1302181194499671
20240813_36hpf,20240813_36hpf_E03_e01,1,0,0.0,0,0,0,0,0,,
20240813_36hpf,20240813_36hpf_E04_e01,1,0,0.0,0,0,0,0,0,,
20240813_36hpf,20240813_36hpf_E05_e01,1,0,0.0,0,0,0,0,0,,
20240813_36hpf,20240813_36hpf_E06_e01,1,0,0.0,0,0,0,0,0,,
20240813_36hpf,20240813_36hpf_E07_e01,1,0,0.0,0,0,0,0,0,,
20240813_36hpf,20240813_36hpf_F02_e01,1,1,1.0,1,1,1,0,0,-0.16956181249109112,-0.16956181249109112
20240813_36hpf,20240813_36hpf_F03_e01,1,0,0.0,0,0,0,0,0,,
20240813_36hpf,20240813_36hpf_F04_e01,1,0,0.0,0,0,0,0,0,,
20240813_36hpf,20240813_36hpf_F05_e01,1,0,0.0,0,0,0,0,0,,
20240813_36hpf,20240813_36hpf_F06_e01,1,0,0.0,0,0,0,0,0,,
20240813_36hpf,20240813_36hpf_F07_e01,1,0,0.0,0,0,0,0,0,,
20240813_36hpf,20240813_36hpf_G02_e01,1,1,1.0,1,1,1,0,0,-0.15567228838420802,-0.15567228838420802
20240813_36hpf,20240813_36hpf_G03_e01,1,0,0.0,0,0,0,0,0,,
20240813_36hpf,20240813_36hpf_G04_e01,1,0,0.0,0,0,0,0,0,,
20240813_36hpf,20240813_36hpf_G05_e01,1,0,0.0,0,0,0,0,0,,
20240813_36hpf,20240813_36hpf_G06_e01,1,0,0.0,0,0,0,0,0,,
20240813_36hpf,20240813_36hpf_G07_e01,1,0,0.0,0,0,0,0,0,,
20240813_36hpf,20240813_36hpf_H02_e01,1,1,1.0,1,1,1,0,0,-0.13127735183199382,-0.13127735183199382
20240813_36hpf,20240813_36hpf_H03_e01,1,0,0.0,0,0,0,0,0,,
20240813_36hpf,20240813_36hpf_H04_e01,1,0,0.0,0,0,0,0,0,,
20240813_36hpf,20240813_36hpf_H05_e01,1,0,0.0,0,0,0,0,0,,
20240813_36hpf,20240813_36hpf_H06_e01,1,0,0.0,0,0,0,0,0,,
20240813_36hpf,20240813_36hpf_H06_e02,1,1,1.0,1,1,1,0,0,-0.7966762702992808,-0.7966762702992808
20240813_36hpf,20240813_36hpf_H07_e01,1,0,0.0,0,0,0,0,0,,
20260702_hotchem_24hpf_plate01,20260702_hotchem_24hpf_plate01_A01_e01,1,0,0.0,0,0,0,0,0,,
20260702_hotchem_24hpf_plate01,20260702_hotchem_24hpf_plate01_A02_e01,1,0,0.0,0,0,0,0,0,,
20260702_hotchem_24hpf_plate01,20260702_hotchem_24hpf_plate01_A03_e01,1,0,0.0,0,0,0,0,0,,
20260702_hotchem_24hpf_plate01,20260702_hotchem_24hpf_plate01_A04_e01,1,0,0.0,0,0,0,0,0,,
20260702_hotchem_24hpf_plate01,20260702_hotchem_24hpf_plate01_A05_e01,1,0,0.0,0,0,0,0,0,,
20260702_hotchem_24hpf_plate01,20260702_hotchem_24hpf_plate01_A06_e01,1,0,0.0,0,0,0,0,0,,
20260702_hotchem_24hpf_plate01,20260702_hotchem_24hpf_plate01_A07_e01,1,0,0.0,0,0,0,0,0,,
20260702_hotchem_24hpf_plate01,20260702_hotchem_24hpf_plate01_A08_e01,1,0,0.0,0,0,0,0,0,,
20260702_hotchem_24hpf_plate01,20260702_hotchem_24hpf_plate01_A09_e01,1,0,0.0,0,0,0,0,0,,
20260702_hotchem_24hpf_plate01,20260702_hotchem_24hpf_plate01_A10_e01,1,0,0.0,0,0,0,0,0,,
20260702_hotchem_24hpf_plate01,20260702_hotchem_24hpf_plate01_A11_e01,1,0,0.0,0,0,0,0,0,,
20260702_hotchem_24hpf_plate01,20260702_hotchem_24hpf_plate01_A12_e01,1,0,0.0,0,0,0,0,0,,
20260702_hotchem_24hpf_plate01,20260702_hotchem_24hpf_plate01_B01_e01,1,0,0.0,0,0,0,0,0,,
20260702_hotchem_24hpf_plate01,20260702_hotchem_24hpf_plate01_B02_e01,1,0,0.0,0,0,0,0,0,,
20260702_hotchem_24hpf_plate01,20260702_hotchem_24hpf_plate01_B03_e01,1,0,0.0,0,0,0,0,0,,
20260702_hotchem_24hpf_plate01,20260702_hotchem_24hpf_plate01_B04_e01,1,0,0.0,0,0,0,0,0,,
20260702_hotchem_24hpf_plate01,20260702_hotchem_24hpf_plate01_B05_e01,1,0,0.0,0,0,0,0,0,,
20260702_hotchem_24hpf_plate01,20260702_hotchem_24hpf_plate01_B06_e01,1,0,0.0,0,0,0,0,0,,
20260702_hotchem_24hpf_plate01,20260702_hotchem_24hpf_plate01_B07_e01,1,0,0.0,0,0,0,0,0,,
20260702_hotchem_24hpf_plate01,20260702_hotchem_24hpf_plate01_B08_e01,1,0,0.0,0,0,0,0,0,,
20260702_hotchem_24hpf_plate01,20260702_hotchem_24hpf_plate01_B09_e01,1,0,0.0,0,0,0,0,0,,
20260702_hotchem_24hpf_plate01,20260702_hotchem_24hpf_plate01_B10_e01,1,0,0.0,0,0,0,0,0,,
20260702_hotchem_24hpf_plate01,20260702_hotchem_24hpf_plate01_B11_e01,1,0,0.0,0,0,0,0,0,,
20260702_hotchem_24hpf_plate01,20260702_hotchem_24hpf_plate01_B12_e01,1,0,0.0,0,0,0,0,0,,
20260702_hotchem_24hpf_plate01,20260702_hotchem_24hpf_plate01_C01_e01,1,0,0.0,0,0,0,0,0,,
20260702_hotchem_24hpf_plate01,20260702_hotchem_24hpf_plate01_C01_e02,1,1,1.0,1,1,1,0,0,-0.4346625735020979,-0.4346625735020979
20260702_hotchem_24hpf_plate01,20260702_hotchem_24hpf_plate01_C02_e01,1,0,0.0,0,0,0,0,0,,
20260702_hotchem_24hpf_plate01,20260702_hotchem_24hpf_plate01_C03_e01,1,0,0.0,0,0,0,0,0,,
20260702_hotchem_24hpf_plate01,20260702_hotchem_24hpf_plate01_C04_e01,1,0,0.0,0,0,0,0,0,,
20260702_hotchem_24hpf_plate01,20260702_hotchem_24hpf_plate01_C05_e01,1,0,0.0,0,0,0,0,0,,
20260702_hotchem_24hpf_plate01,20260702_hotchem_24hpf_plate01_C06_e01,1,0,0.0,0,0,0,0,0,,
20260702_hotchem_24hpf_plate01,20260702_hotchem_24hpf_plate01_C07_e01,1,0,0.0,0,0,0,0,0,,
20260702_hotchem_24hpf_plate01,20260702_hotchem_24hpf_plate01_C08_e01,1,0,0.0,0,0,0,0,0,,
20260702_hotchem_24hpf_plate01,20260702_hotchem_24hpf_plate01_C09_e01,1,0,0.0,0,0,0,0,0,,
20260702_hotchem_24hpf_plate01,20260702_hotchem_24hpf_plate01_C10_e01,1,0,0.0,0,0,0,0,0,,
20260702_hotchem_24hpf_plate01,20260702_hotchem_24hpf_plate01_C11_e01,1,0,0.0,0,0,0,0,0,,
20260702_hotchem_24hpf_plate01,20260702_hotchem_24hpf_plate01_C12_e01,1,0,0.0,0,0,0,0,0,,
20260702_hotchem_24hpf_plate01,20260702_hotchem_24hpf_plate01_D01_e01,1,0,0.0,0,0,0,0,0,,
20260702_hotchem_24hpf_plate01,20260702_hotchem_24hpf_plate01_D02_e01,1,1,1.0,1,1,1,0,0,-0.24887204320783154,-0.24887204320783154
20260702_hotchem_24hpf_plate01,20260702_hotchem_24hpf_plate01_D02_e02,1,1,1.0,1,1,1,0,0,-0.6916422072116362,-0.6916422072116362
20260702_hotchem_24hpf_plate01,20260702_hotchem_24hpf_plate01_D03_e01,1,1,1.0,1,1,1,0,0,-0.009393557634077718,-0.009393557634077718
20260702_hotchem_24hpf_plate01,20260702_hotchem_24hpf_plate01_D04_e01,1,0,0.0,0,0,0,0,0,,
20260702_hotchem_24hpf_plate01,20260702_hotchem_24hpf_plate01_D05_e01,1,0,0.0,0,0,0,0,0,,
20260702_hotchem_24hpf_plate01,20260702_hotchem_24hpf_plate01_D06_e01,1,0,0.0,0,0,0,0,0,,
20260702_hotchem_24hpf_plate01,20260702_hotchem_24hpf_plate01_D06_e02,1,1,1.0,1,1,1,0,0,-0.5463915615161665,-0.5463915615161665
20260702_hotchem_24hpf_plate01,20260702_hotchem_24hpf_plate01_D07_e01,1,0,0.0,0,0,0,0,0,,
20260702_hotchem_24hpf_plate01,20260702_hotchem_24hpf_plate01_D07_e02,1,1,1.0,1,1,1,0,0,-0.5333915546944925,-0.5333915546944925
20260702_hotchem_24hpf_plate01,20260702_hotchem_24hpf_plate01_D08_e01,1,0,0.0,0,0,0,0,0,,
20260702_hotchem_24hpf_plate01,20260702_hotchem_24hpf_plate01_D09_e01,1,0,0.0,0,0,0,0,0,,
20260702_hotchem_24hpf_plate01,20260702_hotchem_24hpf_plate01_D10_e01,1,0,0.0,0,0,0,0,0,,
20260702_hotchem_24hpf_plate01,20260702_hotchem_24hpf_plate01_D11_e01,1,0,0.0,0,0,0,0,0,,
20260702_hotchem_24hpf_plate01,20260702_hotchem_24hpf_plate01_D12_e01,1,0,0.0,0,0,0,0,0,,
20260702_hotchem_24hpf_plate01,20260702_hotchem_24hpf_plate01_E01_e01,1,0,0.0,0,0,0,0,0,,
20260702_hotchem_24hpf_plate01,20260702_hotchem_24hpf_plate01_E02_e01,1,0,0.0,0,0,0,0,0,,
20260702_hotchem_24hpf_plate01,20260702_hotchem_24hpf_plate01_E03_e01,1,0,0.0,0,0,0,0,0,,
20260702_hotchem_24hpf_plate01,20260702_hotchem_24hpf_plate01_E04_e01,1,0,0.0,0,0,0,0,0,,
20260702_hotchem_24hpf_plate01,20260702_hotchem_24hpf_plate01_E05_e01,1,0,0.0,0,0,0,0,0,,
20260702_hotchem_24hpf_plate01,20260702_hotchem_24hpf_plate01_E06_e01,1,0,0.0,0,0,0,0,0,,
20260702_hotchem_24hpf_plate01,20260702_hotchem_24hpf_plate01_E06_e02,1,1,1.0,1,1,1,0,0,-0.5583847340965263,-0.5583847340965263
20260702_hotchem_24hpf_plate01,20260702_hotchem_24hpf_plate01_E07_e01,1,0,0.0,0,0,0,0,0,,
20260702_hotchem_24hpf_plate01,20260702_hotchem_24hpf_plate01_E08_e01,1,0,0.0,0,0,0,0,0,,
20260702_hotchem_24hpf_plate01,20260702_hotchem_24hpf_plate01_E09_e01,1,0,0.0,0,0,0,0,0,,
20260702_hotchem_24hpf_plate01,20260702_hotchem_24hpf_plate01_E10_e01,1,0,0.0,0,0,0,0,0,,
20260702_hotchem_24hpf_plate01,20260702_hotchem_24hpf_plate01_E10_e02,1,1,1.0,1,1,1,0,0,-0.24982481519579047,-0.24982481519579047
20260702_hotchem_24hpf_plate01,20260702_hotchem_24hpf_plate01_E11_e01,1,0,0.0,0,0,0,0,0,,
20260702_hotchem_24hpf_plate01,20260702_hotchem_24hpf_plate01_E12_e01,1,0,0.0,0,0,0,0,0,,
20260702_hotchem_24hpf_plate01,20260702_hotchem_24hpf_plate01_F01_e01,1,0,0.0,0,0,0,0,0,,
20260702_hotchem_24hpf_plate01,20260702_hotchem_24hpf_plate01_F02_e01,1,0,0.0,0,0,0,0,0,,
20260702_hotchem_24hpf_plate01,20260702_hotchem_24hpf_plate01_F03_e01,1,1,1.0,1,1,1,0,0,-0.07519313658113853,-0.07519313658113853
20260702_hotchem_24hpf_plate01,20260702_hotchem_24hpf_plate01_F04_e01,1,0,0.0,0,0,0,0,0,,
20260702_hotchem_24hpf_plate01,20260702_hotchem_24hpf_plate01_F05_e01,1,0,0.0,0,0,0,0,0,,
20260702_hotchem_24hpf_plate01,20260702_hotchem_24hpf_plate01_F06_e01,1,0,0.0,0,0,0,0,0,,
20260702_hotchem_24hpf_plate01,20260702_hotchem_24hpf_plate01_F07_e01,1,0,0.0,0,0,0,0,0,,
20260702_hotchem_24hpf_plate01,20260702_hotchem_24hpf_plate01_F08_e01,1,0,0.0,0,0,0,0,0,,
20260702_hotchem_24hpf_plate01,20260702_hotchem_24hpf_plate01_F09_e01,1,0,0.0,0,0,0,0,0,,
20260702_hotchem_24hpf_plate01,20260702_hotchem_24hpf_plate01_F10_e01,1,0,0.0,0,0,0,0,0,,
20260702_hotchem_24hpf_plate01,20260702_hotchem_24hpf_plate01_F11_e01,1,0,0.0,0,0,0,0,0,,
20260702_hotchem_24hpf_plate01,20260702_hotchem_24hpf_plate01_F12_e01,1,0,0.0,0,0,0,0,0,,
20260702_hotchem_24hpf_plate01,20260702_hotchem_24hpf_plate01_G01_e01,1,0,0.0,0,0,0,0,0,,
20260702_hotchem_24hpf_plate01,20260702_hotchem_24hpf_plate01_G02_e01,1,0,0.0,0,0,0,0,0,,
20260702_hotchem_24hpf_plate01,20260702_hotchem_24hpf_plate01_G02_e02,1,1,1.0,1,1,1,0,0,-0.6423369421590455,-0.6423369421590455
20260702_hotchem_24hpf_plate01,20260702_hotchem_24hpf_plate01_G03_e01,1,0,0.0,0,0,0,0,0,,
20260702_hotchem_24hpf_plate01,20260702_hotchem_24hpf_plate01_G04_e01,1,0,0.0,0,0,0,0,0,,
20260702_hotchem_24hpf_plate01,20260702_hotchem_24hpf_plate01_G05_e01,1,0,0.0,0,0,0,0,0,,
20260702_hotchem_24hpf_plate01,20260702_hotchem_24hpf_plate01_G05_e02,1,1,1.0,1,1,1,0,0,-0.12873302800160935,-0.12873302800160935
20260702_hotchem_24hpf_plate01,20260702_hotchem_24hpf_plate01_G06_e01,1,0,0.0,0,0,0,0,0,,
20260702_hotchem_24hpf_plate01,20260702_hotchem_24hpf_plate01_G07_e01,1,0,0.0,0,0,0,0,0,,
20260702_hotchem_24hpf_plate01,20260702_hotchem_24hpf_plate01_G08_e01,1,0,0.0,0,0,0,0,0,,
20260702_hotchem_24hpf_plate01,20260702_hotchem_24hpf_plate01_G09_e01,1,0,0.0,0,0,0,0,0,,
20260702_hotchem_24hpf_plate01,20260702_hotchem_24hpf_plate01_G10_e01,1,0,0.0,0,0,0,0,0,,
20260702_hotchem_24hpf_plate01,20260702_hotchem_24hpf_plate01_G11_e01,1,0,0.0,0,0,0,0,0,,
20260702_hotchem_24hpf_plate01,20260702_hotchem_24hpf_plate01_G12_e01,1,0,0.0,0,0,0,0,0,,
20260702_hotchem_24hpf_plate01,20260702_hotchem_24hpf_plate01_H01_e01,1,0,0.0,0,0,0,0,0,,
20260702_hotchem_24hpf_plate01,20260702_hotchem_24hpf_plate01_H02_e01,1,0,0.0,0,0,0,0,0,,
20260702_hotchem_24hpf_plate01,20260702_hotchem_24hpf_plate01_H03_e01,1,0,0.0,0,0,0,0,0,,
20260702_hotchem_24hpf_plate01,20260702_hotchem_24hpf_plate01_H04_e01,1,0,0.0,0,0,0,0,0,,
20260702_hotchem_24hpf_plate01,20260702_hotchem_24hpf_plate01_H05_e01,1,0,0.0,0,0,0,0,0,,
20260702_hotchem_24hpf_plate01,20260702_hotchem_24hpf_plate01_H06_e01,1,0,0.0,0,0,0,0,0,,
20260702_hotchem_24hpf_plate01,20260702_hotchem_24hpf_plate01_H07_e01,1,0,0.0,0,0,0,0,0,,
20260702_hotchem_24hpf_plate01,20260702_hotchem_24hpf_plate01_H08_e01,1,0,0.0,0,0,0,0,0,,
20260702_hotchem_24hpf_plate01,20260702_hotchem_24hpf_plate01_H09_e01,1,0,0.0,0,0,0,0,0,,
20260702_hotchem_24hpf_plate01,20260702_hotchem_24hpf_plate01_H10_e01,1,0,0.0,0,0,0,0,0,,
20260702_hotchem_24hpf_plate01,20260702_hotchem_24hpf_plate01_H11_e01,1,0,0.0,0,0,0,0,0,,
20260702_hotchem_24hpf_plate01,20260702_hotchem_24hpf_plate01_H12_e01,1,0,0.0,0,0,0,0,0,,
20260702_hotchem_24hpf_plate02,20260702_hotchem_24hpf_plate02_A01_e01,1,0,0.0,0,0,0,0,0,,
20260702_hotchem_24hpf_plate02,20260702_hotchem_24hpf_plate02_A02_e01,1,0,0.0,0,0,0,0,0,,
20260702_hotchem_24hpf_plate02,20260702_hotchem_24hpf_plate02_A03_e01,1,0,0.0,0,0,0,0,0,,
20260702_hotchem_24hpf_plate02,20260702_hotchem_24hpf_plate02_A04_e01,1,0,0.0,0,0,0,0,0,,
20260702_hotchem_24hpf_plate02,20260702_hotchem_24hpf_plate02_A05_e01,1,0,0.0,0,0,0,0,0,,
20260702_hotchem_24hpf_plate02,20260702_hotchem_24hpf_plate02_A05_e02,1,1,1.0,1,1,1,0,0,-0.38144124770073207,-0.38144124770073207
20260702_hotchem_24hpf_plate02,20260702_hotchem_24hpf_plate02_A06_e01,1,0,0.0,0,0,0,0,0,,
20260702_hotchem_24hpf_plate02,20260702_hotchem_24hpf_plate02_A06_e02,1,0,0.0,0,0,0,0,0,,
20260702_hotchem_24hpf_plate02,20260702_hotchem_24hpf_plate02_A06_e03,1,1,1.0,1,1,1,0,0,-0.7071608202493258,-0.7071608202493258
20260702_hotchem_24hpf_plate02,20260702_hotchem_24hpf_plate02_A07_e01,1,0,0.0,0,0,0,0,0,,
20260702_hotchem_24hpf_plate02,20260702_hotchem_24hpf_plate02_A08_e01,1,0,0.0,0,0,0,0,0,,
20260702_hotchem_24hpf_plate02,20260702_hotchem_24hpf_plate02_A09_e01,1,0,0.0,0,0,0,0,0,,
20260702_hotchem_24hpf_plate02,20260702_hotchem_24hpf_plate02_A10_e01,1,0,0.0,0,0,0,0,0,,
20260702_hotchem_24hpf_plate02,20260702_hotchem_24hpf_plate02_A11_e01,1,0,0.0,0,0,0,0,0,,
20260702_hotchem_24hpf_plate02,20260702_hotchem_24hpf_plate02_A12_e01,1,0,0.0,0,0,0,0,0,,
20260702_hotchem_24hpf_plate02,20260702_hotchem_24hpf_plate02_B01_e01,1,0,0.0,0,0,0,0,0,,
20260702_hotchem_24hpf_plate02,20260702_hotchem_24hpf_plate02_B02_e01,1,0,0.0,0,0,0,0,0,,
20260702_hotchem_24hpf_plate02,20260702_hotchem_24hpf_plate02_B03_e01,1,0,0.0,0,0,0,0,0,,
20260702_hotchem_24hpf_plate02,20260702_hotchem_24hpf_plate02_B04_e01,1,0,0.0,0,0,0,0,0,,
20260702_hotchem_24hpf_plate02,20260702_hotchem_24hpf_plate02_B05_e01,1,0,0.0,0,0,0,0,0,,
20260702_hotchem_24hpf_plate02,20260702_hotchem_24hpf_plate02_B06_e01,1,0,0.0,0,0,0,0,0,,
20260702_hotchem_24hpf_plate02,20260702_hotchem_24hpf_plate02_B06_e02,1,1,1.0,1,1,1,0,0,-0.5487820786572232,-0.5487820786572232
20260702_hotchem_24hpf_plate02,20260702_hotchem_24hpf_plate02_B07_e01,1,0,0.0,0,0,0,0,0,,
20260702_hotchem_24hpf_plate02,20260702_hotchem_24hpf_plate02_B08_e01,1,0,0.0,0,0,0,0,0,,
20260702_hotchem_24hpf_plate02,20260702_hotchem_24hpf_plate02_B09_e01,1,0,0.0,0,0,0,0,0,,
20260702_hotchem_24hpf_plate02,20260702_hotchem_24hpf_plate02_B10_e01,1,0,0.0,0,0,0,0,0,,
20260702_hotchem_24hpf_plate02,20260702_hotchem_24hpf_plate02_B11_e01,1,0,0.0,0,0,0,0,0,,
20260702_hotchem_24hpf_plate02,20260702_hotchem_24hpf_plate02_B12_e01,1,0,0.0,0,0,0,0,0,,
20260702_hotchem_24hpf_plate02,20260702_hotchem_24hpf_plate02_B12_e02,1,0,0.0,0,0,0,0,0,,
20260702_hotchem_24hpf_plate02,20260702_hotchem_24hpf_plate02_C01_e01,1,0,0.0,0,0,0,0,0,,
20260702_hotchem_24hpf_plate02,20260702_hotchem_24hpf_plate02_C02_e01,1,0,0.0,0,0,0,0,0,,
20260702_hotchem_24hpf_plate02,20260702_hotchem_24hpf_plate02_C03_e01,1,0,0.0,0,0,0,0,0,,
20260702_hotchem_24hpf_plate02,20260702_hotchem_24hpf_plate02_C04_e01,1,0,0.0,0,0,0,0,0,,
20260702_hotchem_24hpf_plate02,20260702_hotchem_24hpf_plate02_C05_e01,1,0,0.0,0,0,0,0,0,,
20260702_hotchem_24hpf_plate02,20260702_hotchem_24hpf_plate02_C06_e01,1,0,0.0,0,0,0,0,0,,
20260702_hotchem_24hpf_plate02,20260702_hotchem_24hpf_plate02_C06_e02,1,1,1.0,1,1,1,0,0,-0.6220791666731164,-0.6220791666731164
20260702_hotchem_24hpf_plate02,20260702_hotchem_24hpf_plate02_C06_e03,1,1,1.0,1,1,1,0,0,-0.5630108504078273,-0.5630108504078273
20260702_hotchem_24hpf_plate02,20260702_hotchem_24hpf_plate02_C06_e04,1,1,1.0,1,1,1,0,0,-0.6221082643658579,-0.6221082643658579
20260702_hotchem_24hpf_plate02,20260702_hotchem_24hpf_plate02_C07_e01,1,0,0.0,0,0,0,0,0,,
20260702_hotchem_24hpf_plate02,20260702_hotchem_24hpf_plate02_C08_e01,1,0,0.0,0,0,0,0,0,,
20260702_hotchem_24hpf_plate02,20260702_hotchem_24hpf_plate02_C09_e01,1,0,0.0,0,0,0,0,0,,
20260702_hotchem_24hpf_plate02,20260702_hotchem_24hpf_plate02_C10_e01,1,0,0.0,0,0,0,0,0,,
20260702_hotchem_24hpf_plate02,20260702_hotchem_24hpf_plate02_C11_e01,1,0,0.0,0,0,0,0,0,,
20260702_hotchem_24hpf_plate02,20260702_hotchem_24hpf_plate02_C12_e01,1,0,0.0,0,0,0,0,0,,
20260702_hotchem_24hpf_plate02,20260702_hotchem_24hpf_plate02_D01_e01,1,0,0.0,0,0,0,0,0,,
20260702_hotchem_24hpf_plate02,20260702_hotchem_24hpf_plate02_D01_e02,1,0,0.0,0,0,0,0,0,,
20260702_hotchem_24hpf_plate02,20260702_hotchem_24hpf_plate02_D02_e01,1,0,0.0,0,0,0,0,0,,
20260702_hotchem_24hpf_plate02,20260702_hotchem_24hpf_plate02_D03_e01,1,0,0.0,0,0,0,0,0,,
20260702_hotchem_24hpf_plate02,20260702_hotchem_24hpf_plate02_D04_e01,1,0,0.0,0,0,0,0,0,,
20260702_hotchem_24hpf_plate02,20260702_hotchem_24hpf_plate02_D05_e01,1,0,0.0,0,0,0,0,0,,
20260702_hotchem_24hpf_plate02,20260702_hotchem_24hpf_plate02_D06_e01,1,0,0.0,0,0,0,0,0,,
20260702_hotchem_24hpf_plate02,20260702_hotchem_24hpf_plate02_D07_e01,1,0,0.0,0,0,0,0,0,,
20260702_hotchem_24hpf_plate02,20260702_hotchem_24hpf_plate02_D08_e01,1,0,0.0,0,0,0,0,0,,
20260702_hotchem_24hpf_plate02,20260702_hotchem_24hpf_plate02_D09_e01,1,0,0.0,0,0,0,0,0,,
20260702_hotchem_24hpf_plate02,20260702_hotchem_24hpf_plate02_D10_e01,1,0,0.0,0,0,0,0,0,,
20260702_hotchem_24hpf_plate02,20260702_hotchem_24hpf_plate02_D11_e01,1,0,0.0,0,0,0,0,0,,
20260702_hotchem_24hpf_plate02,20260702_hotchem_24hpf_plate02_D11_e02,1,0,0.0,0,0,0,0,0,,
20260702_hotchem_24hpf_plate02,20260702_hotchem_24hpf_plate02_D12_e01,1,0,0.0,0,0,0,0,0,,
20260702_hotchem_24hpf_plate02,20260702_hotchem_24hpf_plate02_D12_e02,1,0,0.0,0,0,0,0,0,,
20260702_hotchem_24hpf_plate02,20260702_hotchem_24hpf_plate02_E01_e01,1,0,0.0,0,0,0,0,0,,
20260702_hotchem_24hpf_plate02,20260702_hotchem_24hpf_plate02_E02_e01,1,0,0.0,0,0,0,0,0,,
20260702_hotchem_24hpf_plate02,20260702_hotchem_24hpf_plate02_E03_e01,1,0,0.0,0,0,0,0,0,,
20260702_hotchem_24hpf_plate02,20260702_hotchem_24hpf_plate02_E04_e01,1,0,0.0,0,0,0,0,0,,
20260702_hotchem_24hpf_plate02,20260702_hotchem_24hpf_plate02_E05_e01,1,0,0.0,0,0,0,0,0,,
20260702_hotchem_24hpf_plate02,20260702_hotchem_24hpf_plate02_E06_e01,1,0,0.0,0,0,0,0,0,,
20260702_hotchem_24hpf_plate02,20260702_hotchem_24hpf_plate02_E06_e02,1,0,0.0,0,0,0,0,0,,
20260702_hotchem_24hpf_plate02,20260702_hotchem_24hpf_plate02_E07_e01,1,0,0.0,0,0,0,0,0,,
20260702_hotchem_24hpf_plate02,20260702_hotchem_24hpf_plate02_E08_e01,1,0,0.0,0,0,0,0,0,,
20260702_hotchem_24hpf_plate02,20260702_hotchem_24hpf_plate02_E09_e01,1,0,0.0,0,0,0,0,0,,
20260702_hotchem_24hpf_plate02,20260702_hotchem_24hpf_plate02_E09_e02,1,1,1.0,1,1,1,0,0,-0.6493146070791807,-0.6493146070791807
20260702_hotchem_24hpf_plate02,20260702_hotchem_24hpf_plate02_E10_e01,1,0,0.0,0,0,0,0,0,,
20260702_hotchem_24hpf_plate02,20260702_hotchem_24hpf_plate02_E11_e01,1,0,0.0,0,0,0,0,0,,
20260702_hotchem_24hpf_plate02,20260702_hotchem_24hpf_plate02_E12_e01,1,0,0.0,0,0,0,0,0,,
20260702_hotchem_24hpf_plate02,20260702_hotchem_24hpf_plate02_E12_e02,1,0,0.0,0,0,0,0,0,,
20260702_hotchem_24hpf_plate02,20260702_hotchem_24hpf_plate02_F01_e01,1,0,0.0,0,0,0,0,0,,
20260702_hotchem_24hpf_plate02,20260702_hotchem_24hpf_plate02_F02_e01,1,0,0.0,0,0,0,0,0,,
20260702_hotchem_24hpf_plate02,20260702_hotchem_24hpf_plate02_F03_e01,1,0,0.0,0,0,0,0,0,,
20260702_hotchem_24hpf_plate02,20260702_hotchem_24hpf_plate02_F04_e01,1,0,0.0,0,0,0,0,0,,
20260702_hotchem_24hpf_plate02,20260702_hotchem_24hpf_plate02_F05_e01,1,0,0.0,0,0,0,0,0,,
20260702_hotchem_24hpf_plate02,20260702_hotchem_24hpf_plate02_F06_e01,1,0,0.0,0,0,0,0,0,,
20260702_hotchem_24hpf_plate02,20260702_hotchem_24hpf_plate02_F07_e01,1,0,0.0,0,0,0,0,0,,
20260702_hotchem_24hpf_plate02,20260702_hotchem_24hpf_plate02_F08_e01,1,0,0.0,0,0,0,0,0,,
20260702_hotchem_24hpf_plate02,20260702_hotchem_24hpf_plate02_F08_e02,1,0,0.0,0,0,0,0,0,,
20260702_hotchem_24hpf_plate02,20260702_hotchem_24hpf_plate02_F08_e03,1,1,1.0,1,1,1,0,0,-0.3192594783121002,-0.3192594783121002
20260702_hotchem_24hpf_plate02,20260702_hotchem_24hpf_plate02_F09_e01,1,0,0.0,0,0,0,0,0,,
20260702_hotchem_24hpf_plate02,20260702_hotchem_24hpf_plate02_F09_e02,1,0,0.0,0,0,0,0,0,,
20260702_hotchem_24hpf_plate02,20260702_hotchem_24hpf_plate02_F10_e01,1,0,0.0,0,0,0,0,0,,
20260702_hotchem_24hpf_plate02,20260702_hotchem_24hpf_plate02_F11_e01,1,0,0.0,0,0,0,0,0,,
20260702_hotchem_24hpf_plate02,20260702_hotchem_24hpf_plate02_F12_e01,1,0,0.0,0,0,0,0,0,,
20260702_hotchem_24hpf_plate02,20260702_hotchem_24hpf_plate02_G01_e01,1,0,0.0,0,0,0,0,0,,
20260702_hotchem_24hpf_plate02,20260702_hotchem_24hpf_plate02_G02_e01,1,0,0.0,0,0,0,0,0,,
20260702_hotchem_24hpf_plate02,20260702_hotchem_24hpf_plate02_G03_e01,1,0,0.0,0,0,0,0,0,,
20260702_hotchem_24hpf_plate02,20260702_hotchem_24hpf_plate02_G04_e01,1,0,0.0,0,0,0,0,0,,
20260702_hotchem_24hpf_plate02,20260702_hotchem_24hpf_plate02_G05_e01,1,0,0.0,0,0,0,0,0,,
20260702_hotchem_24hpf_plate02,20260702_hotchem_24hpf_plate02_G05_e02,1,0,0.0,0,0,0,0,0,,
20260702_hotchem_24hpf_plate02,20260702_hotchem_24hpf_plate02_G06_e01,1,0,0.0,0,0,0,0,0,,
20260702_hotchem_24hpf_plate02,20260702_hotchem_24hpf_plate02_G07_e01,1,0,0.0,0,0,0,0,0,,
20260702_hotchem_24hpf_plate02,20260702_hotchem_24hpf_plate02_G08_e01,1,0,0.0,0,0,0,0,0,,
20260702_hotchem_24hpf_plate02,20260702_hotchem_24hpf_plate02_G09_e01,1,1,1.0,1,1,1,0,0,-0.8869845613919297,-0.8869845613919297
20260702_hotchem_24hpf_plate02,20260702_hotchem_24hpf_plate02_G09_e02,1,1,1.0,1,1,1,0,0,-0.4941366116886455,-0.4941366116886455
20260702_hotchem_24hpf_plate02,20260702_hotchem_24hpf_plate02_G10_e01,1,0,0.0,0,0,0,0,0,,
20260702_hotchem_24hpf_plate02,20260702_hotchem_24hpf_plate02_G11_e01,1,0,0.0,0,0,0,0,0,,
20260702_hotchem_24hpf_plate02,20260702_hotchem_24hpf_plate02_G11_e02,1,1,1.0,1,1,1,0,0,-0.6659875850200726,-0.6659875850200726
20260702_hotchem_24hpf_plate02,20260702_hotchem_24hpf_plate02_G11_e03,1,1,1.0,1,1,1,0,0,-0.5688012912633902,-0.5688012912633902
20260702_hotchem_24hpf_plate02,20260702_hotchem_24hpf_plate02_G12_e01,1,0,0.0,0,0,0,0,0,,
20260702_hotchem_24hpf_plate02,20260702_hotchem_24hpf_plate02_H01_e01,1,0,0.0,0,0,0,0,0,,
20260702_hotchem_24hpf_plate02,20260702_hotchem_24hpf_plate02_H02_e01,1,0,0.0,0,0,0,0,0,,
20260702_hotchem_24hpf_plate02,20260702_hotchem_24hpf_plate02_H03_e01,1,0,0.0,0,0,0,0,0,,
20260702_hotchem_24hpf_plate02,20260702_hotchem_24hpf_plate02_H04_e01,1,0,0.0,0,0,0,0,0,,
20260702_hotchem_24hpf_plate02,20260702_hotchem_24hpf_plate02_H05_e01,1,0,0.0,0,0,0,0,0,,
20260702_hotchem_24hpf_plate02,20260702_hotchem_24hpf_plate02_H06_e01,1,0,0.0,0,0,0,0,0,,
20260702_hotchem_24hpf_plate02,20260702_hotchem_24hpf_plate02_H07_e01,1,0,0.0,0,0,0,0,0,,
20260702_hotchem_24hpf_plate02,20260702_hotchem_24hpf_plate02_H08_e01,1,0,0.0,0,0,0,0,0,,
20260702_hotchem_24hpf_plate02,20260702_hotchem_24hpf_plate02_H09_e01,1,0,0.0,0,0,0,0,0,,
20260702_hotchem_24hpf_plate02,20260702_hotchem_24hpf_plate02_H10_e01,1,0,0.0,0,0,0,0,0,,
20260702_hotchem_24hpf_plate02,20260702_hotchem_24hpf_plate02_H11_e01,1,0,0.0,0,0,0,0,0,,
20260702_hotchem_24hpf_plate02,20260702_hotchem_24hpf_plate02_H12_e01,1,0,0.0,0,0,0,0,0,,
20260702_hotchem_30hpf_plate01,20260702_hotchem_30hpf_plate01_A01_e01,1,0,0.0,0,0,0,0,0,,
20260702_hotchem_30hpf_plate01,20260702_hotchem_30hpf_plate01_A02_e01,1,0,0.0,0,0,0,0,0,,
20260702_hotchem_30hpf_plate01,20260702_hotchem_30hpf_plate01_A02_e02,1,1,1.0,1,1,1,0,0,-0.6360919702784806,-0.6360919702784806
20260702_hotchem_30hpf_plate01,20260702_hotchem_30hpf_plate01_A03_e01,1,1,1.0,1,1,1,0,0,-0.11993361926014247,-0.11993361926014247
20260702_hotchem_30hpf_plate01,20260702_hotchem_30hpf_plate01_A04_e01,1,0,0.0,0,0,0,0,0,,
20260702_hotchem_30hpf_plate01,20260702_hotchem_30hpf_plate01_A05_e01,1,0,0.0,0,0,0,0,0,,
20260702_hotchem_30hpf_plate01,20260702_hotchem_30hpf_plate01_A06_e01,1,0,0.0,0,0,0,0,0,,
20260702_hotchem_30hpf_plate01,20260702_hotchem_30hpf_plate01_A07_e01,1,0,0.0,0,0,0,0,0,,
20260702_hotchem_30hpf_plate01,20260702_hotchem_30hpf_plate01_A07_e02,1,1,1.0,1,1,1,0,0,-0.27929887615818694,-0.27929887615818694
20260702_hotchem_30hpf_plate01,20260702_hotchem_30hpf_plate01_A08_e01,1,0,0.0,0,0,0,0,0,,
20260702_hotchem_30hpf_plate01,20260702_hotchem_30hpf_plate01_A09_e01,1,0,0.0,0,0,0,0,0,,
20260702_hotchem_30hpf_plate01,20260702_hotchem_30hpf_plate01_A10_e01,1,0,0.0,0,0,0,0,0,,
20260702_hotchem_30hpf_plate01,20260702_hotchem_30hpf_plate01_A11_e01,1,0,0.0,0,0,0,0,0,,
20260702_hotchem_30hpf_plate01,20260702_hotchem_30hpf_plate01_A12_e01,1,1,1.0,1,1,1,0,0,-0.005423457670509428,-0.005423457670509428
20260702_hotchem_30hpf_plate01,20260702_hotchem_30hpf_plate01_B01_e01,1,1,1.0,1,1,1,0,0,-0.02560259398506707,-0.02560259398506707
20260702_hotchem_30hpf_plate01,20260702_hotchem_30hpf_plate01_B02_e01,1,0,0.0,0,0,0,0,0,,
20260702_hotchem_30hpf_plate01,20260702_hotchem_30hpf_plate01_B02_e02,1,1,1.0,1,1,1,0,0,-0.7375146797312483,-0.7375146797312483
20260702_hotchem_30hpf_plate01,20260702_hotchem_30hpf_plate01_B02_e03,1,1,1.0,1,1,1,0,0,-0.6103061415799205,-0.6103061415799205
20260702_hotchem_30hpf_plate01,20260702_hotchem_30hpf_plate01_B03_e01,1,1,1.0,1,1,1,0,0,-0.02148709201965217,-0.02148709201965217
20260702_hotchem_30hpf_plate01,20260702_hotchem_30hpf_plate01_B04_e01,1,0,0.0,0,0,0,0,0,,
20260702_hotchem_30hpf_plate01,20260702_hotchem_30hpf_plate01_B05_e01,1,0,0.0,0,0,0,0,0,,
20260702_hotchem_30hpf_plate01,20260702_hotchem_30hpf_plate01_B06_e01,1,0,0.0,0,0,0,0,0,,
20260702_hotchem_30hpf_plate01,20260702_hotchem_30hpf_plate01_B07_e01,1,0,0.0,0,0,0,0,0,,
20260702_hotchem_30hpf_plate01,20260702_hotchem_30hpf_plate01_B08_e01,1,0,0.0,0,0,0,0,0,,
20260702_hotchem_30hpf_plate01,20260702_hotchem_30hpf_plate01_B08_e02,1,1,1.0,1,1,1,0,0,-0.34140342841594534,-0.34140342841594534
20260702_hotchem_30hpf_plate01,20260702_hotchem_30hpf_plate01_B09_e01,1,0,0.0,0,0,0,0,0,,
20260702_hotchem_30hpf_plate01,20260702_hotchem_30hpf_plate01_B10_e01,1,0,0.0,0,0,0,0,0,,
20260702_hotchem_30hpf_plate01,20260702_hotchem_30hpf_plate01_B11_e01,1,0,0.0,0,0,0,0,0,,
20260702_hotchem_30hpf_plate01,20260702_hotchem_30hpf_plate01_B12_e01,1,0,0.0,0,0,0,0,0,,
20260702_hotchem_30hpf_plate01,20260702_hotchem_30hpf_plate01_C01_e01,1,0,0.0,0,0,0,0,0,,
20260702_hotchem_30hpf_plate01,20260702_hotchem_30hpf_plate01_C01_e02,1,0,0.0,0,0,0,0,0,,
20260702_hotchem_30hpf_plate01,20260702_hotchem_30hpf_plate01_C02_e01,1,0,0.0,0,0,0,0,0,,
20260702_hotchem_30hpf_plate01,20260702_hotchem_30hpf_plate01_C02_e02,1,0,0.0,0,0,0,0,0,,
20260702_hotchem_30hpf_plate01,20260702_hotchem_30hpf_plate01_C03_e01,1,1,1.0,1,1,1,0,0,-0.04736592641234606,-0.04736592641234606
20260702_hotchem_30hpf_plate01,20260702_hotchem_30hpf_plate01_C03_e02,1,0,0.0,0,0,0,0,0,,
20260702_hotchem_30hpf_plate01,20260702_hotchem_30hpf_plate01_C04_e01,1,0,0.0,0,0,0,0,0,,
20260702_hotchem_30hpf_plate01,20260702_hotchem_30hpf_plate01_C04_e02,1,0,0.0,0,0,0,0,0,,
20260702_hotchem_30hpf_plate01,20260702_hotchem_30hpf_plate01_C05_e01,1,0,0.0,0,0,0,0,0,,
20260702_hotchem_30hpf_plate01,20260702_hotchem_30hpf_plate01_C05_e02,1,1,1.0,1,1,1,0,0,-0.31552459402325167,-0.31552459402325167
20260702_hotchem_30hpf_plate01,20260702_hotchem_30hpf_plate01_C06_e01,1,0,0.0,0,0,0,0,0,,
20260702_hotchem_30hpf_plate01,20260702_hotchem_30hpf_plate01_C07_e01,1,0,0.0,0,0,0,0,0,,
20260702_hotchem_30hpf_plate01,20260702_hotchem_30hpf_plate01_C07_e02,1,0,0.0,0,0,0,0,0,,
20260702_hotchem_30hpf_plate01,20260702_hotchem_30hpf_plate01_C08_e01,1,0,0.0,0,0,0,0,0,,
20260702_hotchem_30hpf_plate01,20260702_hotchem_30hpf_plate01_C08_e02,1,0,0.0,0,0,0,0,0,,
20260702_hotchem_30hpf_plate01,20260702_hotchem_30hpf_plate01_C09_e01,1,0,0.0,0,0,0,0,0,,
20260702_hotchem_30hpf_plate01,20260702_hotchem_30hpf_plate01_C10_e01,1,0,0.0,0,0,0,0,0,,
20260702_hotchem_30hpf_plate01,20260702_hotchem_30hpf_plate01_C11_e01,1,0,0.0,0,0,0,0,0,,
20260702_hotchem_30hpf_plate01,20260702_hotchem_30hpf_plate01_C12_e01,1,0,0.0,0,0,0,0,0,,
20260702_hotchem_30hpf_plate01,20260702_hotchem_30hpf_plate01_D01_e01,1,1,1.0,1,1,1,0,0,-0.07066385279283051,-0.07066385279283051
20260702_hotchem_30hpf_plate01,20260702_hotchem_30hpf_plate01_D02_e01,1,1,1.0,1,1,1,0,0,-0.0011885992749785638,-0.0011885992749785638
20260702_hotchem_30hpf_plate01,20260702_hotchem_30hpf_plate01_D03_e01,1,1,1.0,1,1,1,0,0,-0.09923985231540082,-0.09923985231540082
20260702_hotchem_30hpf_plate01,20260702_hotchem_30hpf_plate01_D05_e01,1,0,0.0,0,0,0,0,0,,
20260702_hotchem_30hpf_plate01,20260702_hotchem_30hpf_plate01_D06_e01,1,0,0.0,0,0,0,0,0,,
20260702_hotchem_30hpf_plate01,20260702_hotchem_30hpf_plate01_D06_e02,1,1,1.0,1,1,1,0,0,-0.7949224444352564,-0.7949224444352564
20260702_hotchem_30hpf_plate01,20260702_hotchem_30hpf_plate01_D07_e01,1,0,0.0,0,0,0,0,0,,
20260702_hotchem_30hpf_plate01,20260702_hotchem_30hpf_plate01_D07_e02,1,1,1.0,1,1,1,0,0,-0.3499832036997765,-0.3499832036997765
20260702_hotchem_30hpf_plate01,20260702_hotchem_30hpf_plate01_D07_e03,1,1,1.0,1,1,1,0,0,-0.7760887913731881,-0.7760887913731881
20260702_hotchem_30hpf_plate01,20260702_hotchem_30hpf_plate01_D08_e01,1,0,0.0,0,0,0,0,0,,
20260702_hotchem_30hpf_plate01,20260702_hotchem_30hpf_plate01_D09_e01,1,0,0.0,0,0,0,0,0,,
20260702_hotchem_30hpf_plate01,20260702_hotchem_30hpf_plate01_D10_e01,1,0,0.0,0,0,0,0,0,,
20260702_hotchem_30hpf_plate01,20260702_hotchem_30hpf_plate01_D11_e01,1,0,0.0,0,0,0,0,0,,
20260702_hotchem_30hpf_plate01,20260702_hotchem_30hpf_plate01_D12_e01,1,0,0.0,0,0,0,0,0,,
20260702_hotchem_30hpf_plate01,20260702_hotchem_30hpf_plate01_E01_e01,1,0,0.0,0,0,0,0,0,,
20260702_hotchem_30hpf_plate01,20260702_hotchem_30hpf_plate01_E02_e01,1,1,1.0,1,1,1,0,0,-0.006071398216996379,-0.006071398216996379
20260702_hotchem_30hpf_plate01,20260702_hotchem_30hpf_plate01_E02_e02,1,0,0.0,0,0,0,0,0,,
20260702_hotchem_30hpf_plate01,20260702_hotchem_30hpf_plate01_E02_e03,1,1,1.0,1,1,1,0,0,-0.8295205626529819,-0.8295205626529819
20260702_hotchem_30hpf_plate01,20260702_hotchem_30hpf_plate01_E03_e01,1,1,1.0,1,1,1,0,0,-0.010210151605944634,-0.010210151605944634
20260702_hotchem_30hpf_plate01,20260702_hotchem_30hpf_plate01_E03_e02,1,1,1.0,1,1,1,0,0,-0.6893144787464736,-0.6893144787464736
20260702_hotchem_30hpf_plate01,20260702_hotchem_30hpf_plate01_E03_e03,1,0,0.0,0,0,0,0,0,,
20260702_hotchem_30hpf_plate01,20260702_hotchem_30hpf_plate01_E04_e01,1,0,0.0,0,0,0,0,0,,
20260702_hotchem_30hpf_plate01,20260702_hotchem_30hpf_plate01_E05_e01,1,0,0.0,0,0,0,0,0,,
20260702_hotchem_30hpf_plate01,20260702_hotchem_30hpf_plate01_E05_e02,1,1,1.0,1,1,1,0,0,-0.15539204014860428,-0.15539204014860428
20260702_hotchem_30hpf_plate01,20260702_hotchem_30hpf_plate01_E06_e01,1,0,0.0,0,0,0,0,0,,
20260702_hotchem_30hpf_plate01,20260702_hotchem_30hpf_plate01_E07_e01,1,0,0.0,0,0,0,0,0,,
20260702_hotchem_30hpf_plate01,20260702_hotchem_30hpf_plate01_E08_e01,1,0,0.0,0,0,0,0,0,,
20260702_hotchem_30hpf_plate01,20260702_hotchem_30hpf_plate01_E08_e02,1,0,0.0,0,0,0,0,0,,
20260702_hotchem_30hpf_plate01,20260702_hotchem_30hpf_plate01_E08_e03,1,1,1.0,1,1,1,0,0,-0.826521129017171,-0.826521129017171
20260702_hotchem_30hpf_plate01,20260702_hotchem_30hpf_plate01_E09_e01,1,0,0.0,0,0,0,0,0,,
20260702_hotchem_30hpf_plate01,20260702_hotchem_30hpf_plate01_E10_e01,1,0,0.0,0,0,0,0,0,,
20260702_hotchem_30hpf_plate01,20260702_hotchem_30hpf_plate01_E11_e01,1,0,0.0,0,0,0,0,0,,
20260702_hotchem_30hpf_plate01,20260702_hotchem_30hpf_plate01_E12_e01,1,0,0.0,0,0,0,0,0,,
20260702_hotchem_30hpf_plate01,20260702_hotchem_30hpf_plate01_F01_e01,1,0,0.0,0,0,0,0,0,,
20260702_hotchem_30hpf_plate01,20260702_hotchem_30hpf_plate01_F02_e01,1,0,0.0,0,0,0,0,0,,
20260702_hotchem_30hpf_plate01,20260702_hotchem_30hpf_plate01_F02_e02,1,0,0.0,0,0,0,0,0,,
20260702_hotchem_30hpf_plate01,20260702_hotchem_30hpf_plate01_F03_e01,1,0,0.0,0,0,0,0,0,,
20260702_hotchem_30hpf_plate01,20260702_hotchem_30hpf_plate01_F04_e01,1,0,0.0,0,0,0,0,0,,
20260702_hotchem_30hpf_plate01,20260702_hotchem_30hpf_plate01_F05_e01,1,0,0.0,0,0,0,0,0,,
20260702_hotchem_30hpf_plate01,20260702_hotchem_30hpf_plate01_F06_e01,1,0,0.0,0,0,0,0,0,,
20260702_hotchem_30hpf_plate01,20260702_hotchem_30hpf_plate01_F07_e01,1,0,0.0,0,0,0,0,0,,
20260702_hotchem_30hpf_plate01,20260702_hotchem_30hpf_plate01_F08_e01,1,0,0.0,0,0,0,0,0,,
20260702_hotchem_30hpf_plate01,20260702_hotchem_30hpf_plate01_F09_e01,1,0,0.0,0,0,0,0,0,,
20260702_hotchem_30hpf_plate01,20260702_hotchem_30hpf_plate01_F10_e01,1,0,0.0,0,0,0,0,0,,
20260702_hotchem_30hpf_plate01,20260702_hotchem_30hpf_plate01_F10_e02,1,1,1.0,1,1,1,0,0,-0.4524570771241067,-0.4524570771241067
20260702_hotchem_30hpf_plate01,20260702_hotchem_30hpf_plate01_F11_e01,1,0,0.0,0,0,0,0,0,,
20260702_hotchem_30hpf_plate01,20260702_hotchem_30hpf_plate01_F12_e01,1,0,0.0,0,0,0,0,0,,
20260702_hotchem_30hpf_plate01,20260702_hotchem_30hpf_plate01_F12_e02,1,0,0.0,0,0,0,0,0,,
20260702_hotchem_30hpf_plate01,20260702_hotchem_30hpf_plate01_G01_e01,1,0,0.0,0,0,0,0,0,,
20260702_hotchem_30hpf_plate01,20260702_hotchem_30hpf_plate01_G02_e01,1,0,0.0,0,0,0,0,0,,
20260702_hotchem_30hpf_plate01,20260702_hotchem_30hpf_plate01_G03_e01,1,1,1.0,1,1,1,0,0,-0.08610279801901985,-0.08610279801901985
20260702_hotchem_30hpf_plate01,20260702_hotchem_30hpf_plate01_G04_e01,1,0,0.0,0,0,0,0,0,,
20260702_hotchem_30hpf_plate01,20260702_hotchem_30hpf_plate01_G04_e02,1,0,0.0,0,0,0,0,0,,
20260702_hotchem_30hpf_plate01,20260702_hotchem_30hpf_plate01_G04_e03,1,1,1.0,1,1,1,0,0,-0.6860127766047283,-0.6860127766047283
20260702_hotchem_30hpf_plate01,20260702_hotchem_30hpf_plate01_G05_e01,1,1,1.0,1,1,1,0,0,-0.001258353545578829,-0.001258353545578829
20260702_hotchem_30hpf_plate01,20260702_hotchem_30hpf_plate01_G05_e02,1,0,0.0,0,0,0,0,0,,
20260702_hotchem_30hpf_plate01,20260702_hotchem_30hpf_plate01_G06_e01,1,0,0.0,0,0,0,0,0,,
20260702_hotchem_30hpf_plate01,20260702_hotchem_30hpf_plate01_G07_e01,1,0,0.0,0,0,0,0,0,,
20260702_hotchem_30hpf_plate01,20260702_hotchem_30hpf_plate01_G07_e02,1,1,1.0,1,1,1,0,0,-0.15764742823134584,-0.15764742823134584
20260702_hotchem_30hpf_plate01,20260702_hotchem_30hpf_plate01_G08_e01,1,0,0.0,0,0,0,0,0,,
20260702_hotchem_30hpf_plate01,20260702_hotchem_30hpf_plate01_G09_e01,1,0,0.0,0,0,0,0,0,,
20260702_hotchem_30hpf_plate01,20260702_hotchem_30hpf_plate01_G10_e01,1,0,0.0,0,0,0,0,0,,
20260702_hotchem_30hpf_plate01,20260702_hotchem_30hpf_plate01_G11_e01,1,0,0.0,0,0,0,0,0,,
20260702_hotchem_30hpf_plate01,20260702_hotchem_30hpf_plate01_G12_e01,1,0,0.0,0,0,0,0,0,,
20260702_hotchem_30hpf_plate01,20260702_hotchem_30hpf_plate01_H01_e01,1,0,0.0,0,0,0,0,0,,
20260702_hotchem_30hpf_plate01,20260702_hotchem_30hpf_plate01_H02_e01,1,0,0.0,0,0,0,0,0,,
20260702_hotchem_30hpf_plate01,20260702_hotchem_30hpf_plate01_H03_e01,1,1,1.0,1,1,1,0,0,-0.07001281293389476,-0.07001281293389476
20260702_hotchem_30hpf_plate01,20260702_hotchem_30hpf_plate01_H04_e01,1,0,0.0,0,0,0,0,0,,
20260702_hotchem_30hpf_plate01,20260702_hotchem_30hpf_plate01_H05_e01,1,0,0.0,0,0,0,0,0,,
20260702_hotchem_30hpf_plate01,20260702_hotchem_30hpf_plate01_H06_e01,1,0,0.0,0,0,0,0,0,,
20260702_hotchem_30hpf_plate01,20260702_hotchem_30hpf_plate01_H07_e01,1,1,1.0,1,1,1,0,0,-0.34816959266416997,-0.34816959266416997
20260702_hotchem_30hpf_plate01,20260702_hotchem_30hpf_plate01_H08_e01,1,0,0.0,0,0,0,0,0,,
20260702_hotchem_30hpf_plate01,20260702_hotchem_30hpf_plate01_H09_e01,1,0,0.0,0,0,0,0,0,,
20260702_hotchem_30hpf_plate01,20260702_hotchem_30hpf_plate01_H10_e01,1,0,0.0,0,0,0,0,0,,
20260702_hotchem_30hpf_plate01,20260702_hotchem_30hpf_plate01_H11_e01,1,0,0.0,0,0,0,0,0,,
20260702_hotchem_30hpf_plate01,20260702_hotchem_30hpf_plate01_H12_e01,1,0,0.0,0,0,0,0,0,,
20260702_hotchem_30hpf_plate02,20260702_hotchem_30hpf_plate02_A01_e01,1,0,0.0,0,0,0,0,0,,
20260702_hotchem_30hpf_plate02,20260702_hotchem_30hpf_plate02_A02_e01,1,0,0.0,0,0,0,0,0,,
20260702_hotchem_30hpf_plate02,20260702_hotchem_30hpf_plate02_A03_e01,1,0,0.0,0,0,0,0,0,,
20260702_hotchem_30hpf_plate02,20260702_hotchem_30hpf_plate02_A04_e01,1,0,0.0,0,0,0,0,0,,
20260702_hotchem_30hpf_plate02,20260702_hotchem_30hpf_plate02_A05_e01,1,0,0.0,0,0,0,0,0,,
20260702_hotchem_30hpf_plate02,20260702_hotchem_30hpf_plate02_A06_e01,1,0,0.0,0,0,0,0,0,,
20260702_hotchem_30hpf_plate02,20260702_hotchem_30hpf_plate02_A07_e01,1,0,0.0,0,0,0,0,0,,
20260702_hotchem_30hpf_plate02,20260702_hotchem_30hpf_plate02_A07_e02,1,1,1.0,1,1,1,0,0,-0.2597999737923888,-0.2597999737923888
20260702_hotchem_30hpf_plate02,20260702_hotchem_30hpf_plate02_A08_e01,1,0,0.0,0,0,0,0,0,,
20260702_hotchem_30hpf_plate02,20260702_hotchem_30hpf_plate02_A09_e01,1,0,0.0,0,0,0,0,0,,
20260702_hotchem_30hpf_plate02,20260702_hotchem_30hpf_plate02_A10_e01,1,0,0.0,0,0,0,0,0,,
20260702_hotchem_30hpf_plate02,20260702_hotchem_30hpf_plate02_A11_e01,1,1,1.0,1,1,1,0,0,-0.04410953158711799,-0.04410953158711799
20260702_hotchem_30hpf_plate02,20260702_hotchem_30hpf_plate02_A12_e01,1,0,0.0,0,0,0,0,0,,
20260702_hotchem_30hpf_plate02,20260702_hotchem_30hpf_plate02_B01_e01,1,0,0.0,0,0,0,0,0,,
20260702_hotchem_30hpf_plate02,20260702_hotchem_30hpf_plate02_B02_e01,1,0,0.0,0,0,0,0,0,,
20260702_hotchem_30hpf_plate02,20260702_hotchem_30hpf_plate02_B03_e01,1,0,0.0,0,0,0,0,0,,
20260702_hotchem_30hpf_plate02,20260702_hotchem_30hpf_plate02_B04_e01,1,0,0.0,0,0,0,0,0,,
20260702_hotchem_30hpf_plate02,20260702_hotchem_30hpf_plate02_B05_e01,1,0,0.0,0,0,0,0,0,,
20260702_hotchem_30hpf_plate02,20260702_hotchem_30hpf_plate02_B06_e01,1,1,1.0,1,1,1,0,0,-0.16935943138058865,-0.16935943138058865
20260702_hotchem_30hpf_plate02,20260702_hotchem_30hpf_plate02_B07_e01,1,0,0.0,0,0,0,0,0,,
20260702_hotchem_30hpf_plate02,20260702_hotchem_30hpf_plate02_B08_e01,1,1,1.0,1,1,1,0,0,-0.371882459602479,-0.371882459602479
20260702_hotchem_30hpf_plate02,20260702_hotchem_30hpf_plate02_B11_e01,1,0,0.0,0,0,0,0,0,,
20260702_hotchem_30hpf_plate02,20260702_hotchem_30hpf_plate02_B12_e01,1,0,0.0,0,0,0,0,0,,
20260702_hotchem_30hpf_plate02,20260702_hotchem_30hpf_plate02_C01_e01,1,0,0.0,0,0,0,0,0,,
20260702_hotchem_30hpf_plate02,20260702_hotchem_30hpf_plate02_C02_e01,1,0,0.0,0,0,0,0,0,,
20260702_hotchem_30hpf_plate02,20260702_hotchem_30hpf_plate02_C03_e01,1,0,0.0,0,0,0,0,0,,
20260702_hotchem_30hpf_plate02,20260702_hotchem_30hpf_plate02_C04_e01,1,0,0.0,0,0,0,0,0,,
20260702_hotchem_30hpf_plate02,20260702_hotchem_30hpf_plate02_C05_e01,1,0,0.0,0,0,0,0,0,,
20260702_hotchem_30hpf_plate02,20260702_hotchem_30hpf_plate02_C06_e01,1,0,0.0,0,0,0,0,0,,
20260702_hotchem_30hpf_plate02,20260702_hotchem_30hpf_plate02_C07_e01,1,0,0.0,0,0,0,0,0,,
20260702_hotchem_30hpf_plate02,20260702_hotchem_30hpf_plate02_C08_e01,1,0,0.0,0,0,0,0,0,,
20260702_hotchem_30hpf_plate02,20260702_hotchem_30hpf_plate02_C09_e01,1,0,0.0,0,0,0,0,0,,
20260702_hotchem_30hpf_plate02,20260702_hotchem_30hpf_plate02_C10_e01,1,0,0.0,0,0,0,0,0,,
20260702_hotchem_30hpf_plate02,20260702_hotchem_30hpf_plate02_C11_e01,1,0,0.0,0,0,0,0,0,,
20260702_hotchem_30hpf_plate02,20260702_hotchem_30hpf_plate02_C12_e01,1,0,0.0,0,0,0,0,0,,
20260702_hotchem_30hpf_plate02,20260702_hotchem_30hpf_plate02_D01_e01,1,0,0.0,0,0,0,0,0,,
20260702_hotchem_30hpf_plate02,20260702_hotchem_30hpf_plate02_D01_e02,1,0,0.0,0,0,0,0,0,,
20260702_hotchem_30hpf_plate02,20260702_hotchem_30hpf_plate02_D02_e01,1,0,0.0,0,0,0,0,0,,
20260702_hotchem_30hpf_plate02,20260702_hotchem_30hpf_plate02_D03_e01,1,0,0.0,0,0,0,0,0,,
20260702_hotchem_30hpf_plate02,20260702_hotchem_30hpf_plate02_D04_e01,1,0,0.0,0,0,0,0,0,,
20260702_hotchem_30hpf_plate02,20260702_hotchem_30hpf_plate02_D05_e01,1,1,1.0,1,1,1,0,0,-0.007272665823923692,-0.007272665823923692
20260702_hotchem_30hpf_plate02,20260702_hotchem_30hpf_plate02_D06_e01,1,0,0.0,0,0,0,0,0,,
20260702_hotchem_30hpf_plate02,20260702_hotchem_30hpf_plate02_D07_e01,1,0,0.0,0,0,0,0,0,,
20260702_hotchem_30hpf_plate02,20260702_hotchem_30hpf_plate02_D08_e01,1,1,1.0,1,1,1,0,0,-0.3195089565786178,-0.3195089565786178
20260702_hotchem_30hpf_plate02,20260702_hotchem_30hpf_plate02_D08_e02,1,0,0.0,0,0,0,0,0,,
20260702_hotchem_30hpf_plate02,20260702_hotchem_30hpf_plate02_D10_e01,1,0,0.0,0,0,0,0,0,,
20260702_hotchem_30hpf_plate02,20260702_hotchem_30hpf_plate02_D11_e01,1,0,0.0,0,0,0,0,0,,
20260702_hotchem_30hpf_plate02,20260702_hotchem_30hpf_plate02_D11_e02,1,0,0.0,0,0,0,0,0,,
20260702_hotchem_30hpf_plate02,20260702_hotchem_30hpf_plate02_D12_e01,1,0,0.0,0,0,0,0,0,,
20260702_hotchem_30hpf_plate02,20260702_hotchem_30hpf_plate02_E01_e01,1,0,0.0,0,0,0,0,0,,
20260702_hotchem_30hpf_plate02,20260702_hotchem_30hpf_plate02_E01_e02,1,0,0.0,0,0,0,0,0,,
20260702_hotchem_30hpf_plate02,20260702_hotchem_30hpf_plate02_E02_e01,1,0,0.0,0,0,0,0,0,,
20260702_hotchem_30hpf_plate02,20260702_hotchem_30hpf_plate02_E03_e01,1,0,0.0,0,0,0,0,0,,
20260702_hotchem_30hpf_plate02,20260702_hotchem_30hpf_plate02_E04_e01,1,0,0.0,0,0,0,0,0,,
20260702_hotchem_30hpf_plate02,20260702_hotchem_30hpf_plate02_E04_e02,1,1,1.0,1,1,1,0,0,-0.6727282538317573,-0.6727282538317573
20260702_hotchem_30hpf_plate02,20260702_hotchem_30hpf_plate02_E04_e03,1,1,1.0,1,1,1,0,0,-0.6710880223320975,-0.6710880223320975
20260702_hotchem_30hpf_plate02,20260702_hotchem_30hpf_plate02_E04_e04,1,1,1.0,1,1,1,0,0,-0.6702679065822675,-0.6702679065822675
20260702_hotchem_30hpf_plate02,20260702_hotchem_30hpf_plate02_E05_e01,1,1,1.0,1,1,1,0,0,-0.0016685415334191183,-0.0016685415334191183
20260702_hotchem_30hpf_plate02,20260702_hotchem_30hpf_plate02_E06_e01,1,0,0.0,0,0,0,0,0,,
20260702_hotchem_30hpf_plate02,20260702_hotchem_30hpf_plate02_E06_e02,1,0,0.0,0,0,0,0,0,,
20260702_hotchem_30hpf_plate02,20260702_hotchem_30hpf_plate02_E07_e01,1,0,0.0,0,0,0,0,0,,
20260702_hotchem_30hpf_plate02,20260702_hotchem_30hpf_plate02_E09_e01,1,1,1.0,1,1,1,0,0,-0.06511360717998443,-0.06511360717998443
20260702_hotchem_30hpf_plate02,20260702_hotchem_30hpf_plate02_E09_e02,1,0,0.0,0,0,0,0,0,,
20260702_hotchem_30hpf_plate02,20260702_hotchem_30hpf_plate02_E09_e03,1,1,1.0,1,1,1,0,0,-0.6868524695232727,-0.6868524695232727
20260702_hotchem_30hpf_plate02,20260702_hotchem_30hpf_plate02_E09_e04,1,0,0.0,0,0,0,0,0,,
20260702_hotchem_30hpf_plate02,20260702_hotchem_30hpf_plate02_E10_e01,1,0,0.0,0,0,0,0,0,,
20260702_hotchem_30hpf_plate02,20260702_hotchem_30hpf_plate02_E11_e01,1,1,1.0,1,1,1,0,0,-0.01697736886357789,-0.01697736886357789
20260702_hotchem_30hpf_plate02,20260702_hotchem_30hpf_plate02_E12_e01,1,0,0.0,0,0,0,0,0,,
20260702_hotchem_30hpf_plate02,20260702_hotchem_30hpf_plate02_F01_e01,1,1,1.0,1,1,1,0,0,-0.5447287021146694,-0.5447287021146694
20260702_hotchem_30hpf_plate02,20260702_hotchem_30hpf_plate02_F01_e02,1,0,0.0,0,0,0,0,0,,
20260702_hotchem_30hpf_plate02,20260702_hotchem_30hpf_plate02_F02_e01,1,0,0.0,0,0,0,0,0,,
20260702_hotchem_30hpf_plate02,20260702_hotchem_30hpf_plate02_F03_e01,1,0,0.0,0,0,0,0,0,,
20260702_hotchem_30hpf_plate02,20260702_hotchem_30hpf_plate02_F04_e01,1,0,0.0,0,0,0,0,0,,
20260702_hotchem_30hpf_plate02,20260702_hotchem_30hpf_plate02_F05_e01,1,1,1.0,1,1,1,0,0,-0.03759416757458025,-0.03759416757458025
20260702_hotchem_30hpf_plate02,20260702_hotchem_30hpf_plate02_F06_e01,1,0,0.0,0,0,0,0,0,,
20260702_hotchem_30hpf_plate02,20260702_hotchem_30hpf_plate02_F07_e01,1,0,0.0,0,0,0,0,0,,
20260702_hotchem_30hpf_plate02,20260702_hotchem_30hpf_plate02_F07_e02,1,1,1.0,1,1,1,0,0,-0.5485946226977775,-0.5485946226977775
20260702_hotchem_30hpf_plate02,20260702_hotchem_30hpf_plate02_F08_e01,1,0,0.0,0,0,0,0,0,,
20260702_hotchem_30hpf_plate02,20260702_hotchem_30hpf_plate02_F09_e01,1,0,0.0,0,0,0,0,0,,
20260702_hotchem_30hpf_plate02,20260702_hotchem_30hpf_plate02_F10_e01,1,0,0.0,0,0,0,0,0,,
20260702_hotchem_30hpf_plate02,20260702_hotchem_30hpf_plate02_F11_e01,1,1,1.0,1,1,1,0,0,-0.039963390851866634,-0.039963390851866634
20260702_hotchem_30hpf_plate02,20260702_hotchem_30hpf_plate02_F12_e01,1,0,0.0,0,0,0,0,0,,
20260702_hotchem_30hpf_plate02,20260702_hotchem_30hpf_plate02_G01_e01,1,0,0.0,0,0,0,0,0,,
20260702_hotchem_30hpf_plate02,20260702_hotchem_30hpf_plate02_G02_e01,1,0,0.0,0,0,0,0,0,,
20260702_hotchem_30hpf_plate02,20260702_hotchem_30hpf_plate02_G03_e01,1,0,0.0,0,0,0,0,0,,
20260702_hotchem_30hpf_plate02,20260702_hotchem_30hpf_plate02_G04_e01,1,0,0.0,0,0,0,0,0,,
20260702_hotchem_30hpf_plate02,20260702_hotchem_30hpf_plate02_G05_e01,1,1,1.0,1,1,1,0,0,-0.05019205673168992,-0.05019205673168992
20260702_hotchem_30hpf_plate02,20260702_hotchem_30hpf_plate02_G05_e02,1,0,0.0,0,0,0,0,0,,
20260702_hotchem_30hpf_plate02,20260702_hotchem_30hpf_plate02_G06_e01,1,1,1.0,1,1,1,0,0,-0.028231179430688584,-0.028231179430688584
20260702_hotchem_30hpf_plate02,20260702_hotchem_30hpf_plate02_G07_e01,1,0,0.0,0,0,0,0,0,,
20260702_hotchem_30hpf_plate02,20260702_hotchem_30hpf_plate02_G08_e01,1,0,0.0,0,0,0,0,0,,
20260702_hotchem_30hpf_plate02,20260702_hotchem_30hpf_plate02_G09_e01,1,0,0.0,0,0,0,0,0,,
20260702_hotchem_30hpf_plate02,20260702_hotchem_30hpf_plate02_G10_e01,1,0,0.0,0,0,0,0,0,,
20260702_hotchem_30hpf_plate02,20260702_hotchem_30hpf_plate02_G11_e01,1,0,0.0,0,0,0,0,0,,
20260702_hotchem_30hpf_plate02,20260702_hotchem_30hpf_plate02_G12_e01,1,0,0.0,0,0,0,0,0,,
20260702_hotchem_30hpf_plate02,20260702_hotchem_30hpf_plate02_H01_e01,1,0,0.0,0,0,0,0,0,,
20260702_hotchem_30hpf_plate02,20260702_hotchem_30hpf_plate02_H02_e01,1,0,0.0,0,0,0,0,0,,
20260702_hotchem_30hpf_plate02,20260702_hotchem_30hpf_plate02_H03_e01,1,0,0.0,0,0,0,0,0,,
20260702_hotchem_30hpf_plate02,20260702_hotchem_30hpf_plate02_H04_e01,1,0,0.0,0,0,0,0,0,,
20260702_hotchem_30hpf_plate02,20260702_hotchem_30hpf_plate02_H05_e01,1,0,0.0,0,0,0,0,0,,
20260702_hotchem_30hpf_plate02,20260702_hotchem_30hpf_plate02_H06_e01,1,0,0.0,0,0,0,0,0,,
20260702_hotchem_30hpf_plate02,20260702_hotchem_30hpf_plate02_H07_e01,1,0,0.0,0,0,0,0,0,,
20260702_hotchem_30hpf_plate02,20260702_hotchem_30hpf_plate02_H08_e01,1,0,0.0,0,0,0,0,0,,
20260702_hotchem_30hpf_plate02,20260702_hotchem_30hpf_plate02_H09_e01,1,0,0.0,0,0,0,0,0,,
20260702_hotchem_30hpf_plate02,20260702_hotchem_30hpf_plate02_H10_e01,1,0,0.0,0,0,0,0,0,,
20260702_hotchem_30hpf_plate02,20260702_hotchem_30hpf_plate02_H11_e01,1,0,0.0,0,0,0,0,0,,
20260702_hotchem_30hpf_plate02,20260702_hotchem_30hpf_plate02_H12_e01,1,0,0.0,0,0,0,0,0,,
20260702_hotchem_36hpf_plate01,20260702_hotchem_36hpf_plate01_A01_e01,1,0,0.0,0,0,0,0,0,,
20260702_hotchem_36hpf_plate01,20260702_hotchem_36hpf_plate01_A02_e01,1,0,0.0,0,0,0,0,0,,
20260702_hotchem_36hpf_plate01,20260702_hotchem_36hpf_plate01_A03_e01,1,1,1.0,1,1,1,0,0,-0.09039532700084982,-0.09039532700084982
20260702_hotchem_36hpf_plate01,20260702_hotchem_36hpf_plate01_A04_e01,1,0,0.0,0,0,0,0,0,,
20260702_hotchem_36hpf_plate01,20260702_hotchem_36hpf_plate01_A05_e01,1,0,0.0,0,0,0,0,0,,
20260702_hotchem_36hpf_plate01,20260702_hotchem_36hpf_plate01_A06_e01,1,0,0.0,0,0,0,0,0,,
20260702_hotchem_36hpf_plate01,20260702_hotchem_36hpf_plate01_A07_e01,1,0,0.0,0,0,0,0,0,,
20260702_hotchem_36hpf_plate01,20260702_hotchem_36hpf_plate01_A08_e01,1,1,1.0,1,1,1,0,0,-0.05612983924831776,-0.05612983924831776
20260702_hotchem_36hpf_plate01,20260702_hotchem_36hpf_plate01_A09_e01,1,0,0.0,0,0,0,0,0,,
20260702_hotchem_36hpf_plate01,20260702_hotchem_36hpf_plate01_A10_e01,1,0,0.0,0,0,0,0,0,,
20260702_hotchem_36hpf_plate01,20260702_hotchem_36hpf_plate01_A11_e01,1,0,0.0,0,0,0,0,0,,
20260702_hotchem_36hpf_plate01,20260702_hotchem_36hpf_plate01_A12_e01,1,0,0.0,0,0,0,0,0,,
20260702_hotchem_36hpf_plate01,20260702_hotchem_36hpf_plate01_B01_e01,1,0,0.0,0,0,0,0,0,,
20260702_hotchem_36hpf_plate01,20260702_hotchem_36hpf_plate01_B02_e01,1,0,0.0,0,0,0,0,0,,
20260702_hotchem_36hpf_plate01,20260702_hotchem_36hpf_plate01_B03_e01,1,1,1.0,1,1,1,0,0,-0.04832659454683147,-0.04832659454683147
20260702_hotchem_36hpf_plate01,20260702_hotchem_36hpf_plate01_B04_e01,1,0,0.0,0,0,0,0,0,,
20260702_hotchem_36hpf_plate01,20260702_hotchem_36hpf_plate01_B05_e01,1,0,0.0,0,0,0,0,0,,
20260702_hotchem_36hpf_plate01,20260702_hotchem_36hpf_plate01_B06_e01,1,0,0.0,0,0,0,0,0,,
20260702_hotchem_36hpf_plate01,20260702_hotchem_36hpf_plate01_B07_e01,1,0,0.0,0,0,0,0,0,,
20260702_hotchem_36hpf_plate01,20260702_hotchem_36hpf_plate01_B08_e01,1,0,0.0,0,0,0,0,0,,
20260702_hotchem_36hpf_plate01,20260702_hotchem_36hpf_plate01_B09_e01,1,0,0.0,0,0,0,0,0,,
20260702_hotchem_36hpf_plate01,20260702_hotchem_36hpf_plate01_B10_e01,1,0,0.0,0,0,0,0,0,,
20260702_hotchem_36hpf_plate01,20260702_hotchem_36hpf_plate01_B11_e01,1,0,0.0,0,0,0,0,0,,
20260702_hotchem_36hpf_plate01,20260702_hotchem_36hpf_plate01_B12_e01,1,0,0.0,0,0,0,0,0,,
20260702_hotchem_36hpf_plate01,20260702_hotchem_36hpf_plate01_C01_e01,1,0,0.0,0,0,0,0,0,,
20260702_hotchem_36hpf_plate01,20260702_hotchem_36hpf_plate01_C02_e01,1,0,0.0,0,0,0,0,0,,
20260702_hotchem_36hpf_plate01,20260702_hotchem_36hpf_plate01_C03_e01,1,0,0.0,0,0,0,0,0,,
20260702_hotchem_36hpf_plate01,20260702_hotchem_36hpf_plate01_C04_e01,1,0,0.0,0,0,0,0,0,,
20260702_hotchem_36hpf_plate01,20260702_hotchem_36hpf_plate01_C05_e01,1,0,0.0,0,0,0,0,0,,
20260702_hotchem_36hpf_plate01,20260702_hotchem_36hpf_plate01_C06_e01,1,0,0.0,0,0,0,0,0,,
20260702_hotchem_36hpf_plate01,20260702_hotchem_36hpf_plate01_C07_e01,1,0,0.0,0,0,0,0,0,,
20260702_hotchem_36hpf_plate01,20260702_hotchem_36hpf_plate01_C08_e01,1,0,0.0,0,0,0,0,0,,
20260702_hotchem_36hpf_plate01,20260702_hotchem_36hpf_plate01_C09_e01,1,0,0.0,0,0,0,0,0,,
20260702_hotchem_36hpf_plate01,20260702_hotchem_36hpf_plate01_C10_e01,1,0,0.0,0,0,0,0,0,,
20260702_hotchem_36hpf_plate01,20260702_hotchem_36hpf_plate01_C11_e01,1,0,0.0,0,0,0,0,0,,
20260702_hotchem_36hpf_plate01,20260702_hotchem_36hpf_plate01_C12_e01,1,0,0.0,0,0,0,0,0,,
20260702_hotchem_36hpf_plate01,20260702_hotchem_36hpf_plate01_D01_e01,1,0,0.0,0,0,0,0,0,,
20260702_hotchem_36hpf_plate01,20260702_hotchem_36hpf_plate01_D02_e01,1,0,0.0,0,0,0,0,0,,
20260702_hotchem_36hpf_plate01,20260702_hotchem_36hpf_plate01_D03_e01,1,1,1.0,1,1,1,0,0,-0.10636725761573787,-0.10636725761573787
20260702_hotchem_36hpf_plate01,20260702_hotchem_36hpf_plate01_D04_e01,1,0,0.0,0,0,0,0,0,,
20260702_hotchem_36hpf_plate01,20260702_hotchem_36hpf_plate01_D05_e01,1,0,0.0,0,0,0,0,0,,
20260702_hotchem_36hpf_plate01,20260702_hotchem_36hpf_plate01_D06_e01,1,0,0.0,0,0,0,0,0,,
20260702_hotchem_36hpf_plate01,20260702_hotchem_36hpf_plate01_D07_e01,1,0,0.0,0,0,0,0,0,,
20260702_hotchem_36hpf_plate01,20260702_hotchem_36hpf_plate01_D08_e01,1,0,0.0,0,0,0,0,0,,
20260702_hotchem_36hpf_plate01,20260702_hotchem_36hpf_plate01_D09_e01,1,0,0.0,0,0,0,0,0,,
20260702_hotchem_36hpf_plate01,20260702_hotchem_36hpf_plate01_D10_e01,1,0,0.0,0,0,0,0,0,,
20260702_hotchem_36hpf_plate01,20260702_hotchem_36hpf_plate01_D11_e01,1,0,0.0,0,0,0,0,0,,
20260702_hotchem_36hpf_plate01,20260702_hotchem_36hpf_plate01_D12_e01,1,0,0.0,0,0,0,0,0,,
20260702_hotchem_36hpf_plate01,20260702_hotchem_36hpf_plate01_E01_e01,1,0,0.0,0,0,0,0,0,,
20260702_hotchem_36hpf_plate01,20260702_hotchem_36hpf_plate01_E02_e01,1,0,0.0,0,0,0,0,0,,
20260702_hotchem_36hpf_plate01,20260702_hotchem_36hpf_plate01_E03_e01,1,1,1.0,1,1,1,0,0,-0.18620541414830025,-0.18620541414830025
20260702_hotchem_36hpf_plate01,20260702_hotchem_36hpf_plate01_E04_e01,1,0,0.0,0,0,0,0,0,,
20260702_hotchem_36hpf_plate01,20260702_hotchem_36hpf_plate01_E05_e01,1,0,0.0,0,0,0,0,0,,
20260702_hotchem_36hpf_plate01,20260702_hotchem_36hpf_plate01_E06_e01,1,0,0.0,0,0,0,0,0,,
20260702_hotchem_36hpf_plate01,20260702_hotchem_36hpf_plate01_E07_e01,1,0,0.0,0,0,0,0,0,,
20260702_hotchem_36hpf_plate01,20260702_hotchem_36hpf_plate01_E08_e01,1,0,0.0,0,0,0,0,0,,
20260702_hotchem_36hpf_plate01,20260702_hotchem_36hpf_plate01_E09_e01,1,0,0.0,0,0,0,0,0,,
20260702_hotchem_36hpf_plate01,20260702_hotchem_36hpf_plate01_E09_e02,1,0,0.0,0,0,0,0,0,,
20260702_hotchem_36hpf_plate01,20260702_hotchem_36hpf_plate01_E10_e01,1,0,0.0,0,0,0,0,0,,
20260702_hotchem_36hpf_plate01,20260702_hotchem_36hpf_plate01_E11_e01,1,0,0.0,0,0,0,0,0,,
20260702_hotchem_36hpf_plate01,20260702_hotchem_36hpf_plate01_E11_e02,1,0,0.0,0,0,0,0,0,,
20260702_hotchem_36hpf_plate01,20260702_hotchem_36hpf_plate01_E12_e01,1,1,1.0,1,1,1,0,0,-0.04226916763617264,-0.04226916763617264
20260702_hotchem_36hpf_plate01,20260702_hotchem_36hpf_plate01_F01_e01,1,0,0.0,0,0,0,0,0,,
20260702_hotchem_36hpf_plate01,20260702_hotchem_36hpf_plate01_F02_e01,1,0,0.0,0,0,0,0,0,,
20260702_hotchem_36hpf_plate01,20260702_hotchem_36hpf_plate01_F02_e02,1,1,1.0,1,1,1,0,0,-0.3720215221363102,-0.3720215221363102
20260702_hotchem_36hpf_plate01,20260702_hotchem_36hpf_plate01_F03_e01,1,1,1.0,1,1,1,0,0,-0.08856812094127323,-0.08856812094127323
20260702_hotchem_36hpf_plate01,20260702_hotchem_36hpf_plate01_F04_e01,1,0,0.0,0,0,0,0,0,,
20260702_hotchem_36hpf_plate01,20260702_hotchem_36hpf_plate01_F04_e02,1,1,1.0,1,1,1,0,0,-0.5563758652766587,-0.5563758652766587
20260702_hotchem_36hpf_plate01,20260702_hotchem_36hpf_plate01_F05_e01,1,0,0.0,0,0,0,0,0,,
20260702_hotchem_36hpf_plate01,20260702_hotchem_36hpf_plate01_F06_e01,1,0,0.0,0,0,0,0,0,,
20260702_hotchem_36hpf_plate01,20260702_hotchem_36hpf_plate01_F07_e01,1,0,0.0,0,0,0,0,0,,
20260702_hotchem_36hpf_plate01,20260702_hotchem_36hpf_plate01_F08_e01,1,0,0.0,0,0,0,0,0,,
20260702_hotchem_36hpf_plate01,20260702_hotchem_36hpf_plate01_F09_e01,1,0,0.0,0,0,0,0,0,,
20260702_hotchem_36hpf_plate01,20260702_hotchem_36hpf_plate01_F10_e01,1,0,0.0,0,0,0,0,0,,
20260702_hotchem_36hpf_plate01,20260702_hotchem_36hpf_plate01_F11_e01,1,0,0.0,0,0,0,0,0,,
20260702_hotchem_36hpf_plate01,20260702_hotchem_36hpf_plate01_F12_e01,1,0,0.0,0,0,0,0,0,,
20260702_hotchem_36hpf_plate01,20260702_hotchem_36hpf_plate01_G01_e01,1,0,0.0,0,0,0,0,0,,
20260702_hotchem_36hpf_plate01,20260702_hotchem_36hpf_plate01_G02_e01,1,0,0.0,0,0,0,0,0,,
20260702_hotchem_36hpf_plate01,20260702_hotchem_36hpf_plate01_G03_e01,1,1,1.0,1,1,1,0,0,-0.07435890676032982,-0.07435890676032982
20260702_hotchem_36hpf_plate01,20260702_hotchem_36hpf_plate01_G04_e01,1,0,0.0,0,0,0,0,0,,
20260702_hotchem_36hpf_plate01,20260702_hotchem_36hpf_plate01_G05_e01,1,0,0.0,0,0,0,0,0,,
20260702_hotchem_36hpf_plate01,20260702_hotchem_36hpf_plate01_G06_e01,1,0,0.0,0,0,0,0,0,,
20260702_hotchem_36hpf_plate01,20260702_hotchem_36hpf_plate01_G07_e01,1,0,0.0,0,0,0,0,0,,
20260702_hotchem_36hpf_plate01,20260702_hotchem_36hpf_plate01_G08_e01,1,0,0.0,0,0,0,0,0,,
20260702_hotchem_36hpf_plate01,20260702_hotchem_36hpf_plate01_G09_e01,1,0,0.0,0,0,0,0,0,,
20260702_hotchem_36hpf_plate01,20260702_hotchem_36hpf_plate01_G10_e01,1,0,0.0,0,0,0,0,0,,
20260702_hotchem_36hpf_plate01,20260702_hotchem_36hpf_plate01_G11_e01,1,1,1.0,1,1,1,0,0,-0.0769410876753121,-0.0769410876753121
20260702_hotchem_36hpf_plate01,20260702_hotchem_36hpf_plate01_G12_e01,1,0,0.0,0,0,0,0,0,,
20260702_hotchem_36hpf_plate01,20260702_hotchem_36hpf_plate01_G12_e02,1,0,0.0,0,0,0,0,0,,
20260702_hotchem_36hpf_plate01,20260702_hotchem_36hpf_plate01_H01_e01,1,0,0.0,0,0,0,0,0,,
20260702_hotchem_36hpf_plate01,20260702_hotchem_36hpf_plate01_H02_e01,1,0,0.0,0,0,0,0,0,,
20260702_hotchem_36hpf_plate01,20260702_hotchem_36hpf_plate01_H03_e01,1,1,1.0,1,1,1,0,0,-0.051658558537824195,-0.051658558537824195
20260702_hotchem_36hpf_plate01,20260702_hotchem_36hpf_plate01_H04_e01,1,0,0.0,0,0,0,0,0,,
20260702_hotchem_36hpf_plate01,20260702_hotchem_36hpf_plate01_H05_e01,1,0,0.0,0,0,0,0,0,,
20260702_hotchem_36hpf_plate01,20260702_hotchem_36hpf_plate01_H06_e01,1,0,0.0,0,0,0,0,0,,
20260702_hotchem_36hpf_plate01,20260702_hotchem_36hpf_plate01_H07_e01,1,0,0.0,0,0,0,0,0,,
20260702_hotchem_36hpf_plate01,20260702_hotchem_36hpf_plate01_H08_e01,1,0,0.0,0,0,0,0,0,,
20260702_hotchem_36hpf_plate01,20260702_hotchem_36hpf_plate01_H09_e01,1,0,0.0,0,0,0,0,0,,
20260702_hotchem_36hpf_plate01,20260702_hotchem_36hpf_plate01_H10_e01,1,0,0.0,0,0,0,0,0,,
20260702_hotchem_36hpf_plate01,20260702_hotchem_36hpf_plate01_H11_e01,1,0,0.0,0,0,0,0,0,,
20260702_hotchem_36hpf_plate01,20260702_hotchem_36hpf_plate01_H12_e01,1,0,0.0,0,0,0,0,0,,
20260702_hotchem_36hpf_plate02,20260702_hotchem_36hpf_plate02_A01_e01,1,0,0.0,0,0,0,0,0,,
20260702_hotchem_36hpf_plate02,20260702_hotchem_36hpf_plate02_A02_e01,1,0,0.0,0,0,0,0,0,,
20260702_hotchem_36hpf_plate02,20260702_hotchem_36hpf_plate02_A03_e01,1,0,0.0,0,0,0,0,0,,
20260702_hotchem_36hpf_plate02,20260702_hotchem_36hpf_plate02_A04_e01,1,0,0.0,0,0,0,0,0,,
20260702_hotchem_36hpf_plate02,20260702_hotchem_36hpf_plate02_A05_e01,1,1,1.0,1,1,1,0,0,-0.01267030320769687,-0.01267030320769687
20260702_hotchem_36hpf_plate02,20260702_hotchem_36hpf_plate02_A06_e01,1,0,0.0,0,0,0,0,0,,
20260702_hotchem_36hpf_plate02,20260702_hotchem_36hpf_plate02_A07_e01,1,0,0.0,0,0,0,0,0,,
20260702_hotchem_36hpf_plate02,20260702_hotchem_36hpf_plate02_A08_e01,1,0,0.0,0,0,0,0,0,,
20260702_hotchem_36hpf_plate02,20260702_hotchem_36hpf_plate02_A09_e01,1,0,0.0,0,0,0,0,0,,
20260702_hotchem_36hpf_plate02,20260702_hotchem_36hpf_plate02_A10_e01,1,0,0.0,0,0,0,0,0,,
20260702_hotchem_36hpf_plate02,20260702_hotchem_36hpf_plate02_A11_e01,1,0,0.0,0,0,0,0,0,,
20260702_hotchem_36hpf_plate02,20260702_hotchem_36hpf_plate02_A11_e02,1,1,1.0,1,1,1,0,0,-0.3504686519831267,-0.3504686519831267
20260702_hotchem_36hpf_plate02,20260702_hotchem_36hpf_plate02_A12_e01,1,0,0.0,0,0,0,0,0,,
20260702_hotchem_36hpf_plate02,20260702_hotchem_36hpf_plate02_B01_e01,1,0,0.0,0,0,0,0,0,,
20260702_hotchem_36hpf_plate02,20260702_hotchem_36hpf_plate02_B02_e01,1,0,0.0,0,0,0,0,0,,
20260702_hotchem_36hpf_plate02,20260702_hotchem_36hpf_plate02_B03_e01,1,0,0.0,0,0,0,0,0,,
20260702_hotchem_36hpf_plate02,20260702_hotchem_36hpf_plate02_B04_e01,1,0,0.0,0,0,0,0,0,,
20260702_hotchem_36hpf_plate02,20260702_hotchem_36hpf_plate02_B05_e01,1,0,0.0,0,0,0,0,0,,
20260702_hotchem_36hpf_plate02,20260702_hotchem_36hpf_plate02_B06_e01,1,1,1.0,1,1,1,0,0,-0.1053900074759178,-0.1053900074759178
20260702_hotchem_36hpf_plate02,20260702_hotchem_36hpf_plate02_B07_e01,1,0,0.0,0,0,0,0,0,,
20260702_hotchem_36hpf_plate02,20260702_hotchem_36hpf_plate02_B08_e01,1,0,0.0,0,0,0,0,0,,
20260702_hotchem_36hpf_plate02,20260702_hotchem_36hpf_plate02_B09_e01,1,0,0.0,0,0,0,0,0,,
20260702_hotchem_36hpf_plate02,20260702_hotchem_36hpf_plate02_B10_e01,1,0,0.0,0,0,0,0,0,,
20260702_hotchem_36hpf_plate02,20260702_hotchem_36hpf_plate02_B11_e01,1,0,0.0,0,0,0,0,0,,
20260702_hotchem_36hpf_plate02,20260702_hotchem_36hpf_plate02_B12_e01,1,1,1.0,1,1,1,0,0,-0.10388830009535906,-0.10388830009535906
20260702_hotchem_36hpf_plate02,20260702_hotchem_36hpf_plate02_C01_e01,1,0,0.0,0,0,0,0,0,,
20260702_hotchem_36hpf_plate02,20260702_hotchem_36hpf_plate02_C02_e01,1,0,0.0,0,0,0,0,0,,
20260702_hotchem_36hpf_plate02,20260702_hotchem_36hpf_plate02_C03_e01,1,0,0.0,0,0,0,0,0,,
20260702_hotchem_36hpf_plate02,20260702_hotchem_36hpf_plate02_C04_e01,1,0,0.0,0,0,0,0,0,,
20260702_hotchem_36hpf_plate02,20260702_hotchem_36hpf_plate02_C05_e01,1,0,0.0,0,0,0,0,0,,
20260702_hotchem_36hpf_plate02,20260702_hotchem_36hpf_plate02_C06_e01,1,0,0.0,0,0,0,0,0,,
20260702_hotchem_36hpf_plate02,20260702_hotchem_36hpf_plate02_C07_e01,1,0,0.0,0,0,0,0,0,,
20260702_hotchem_36hpf_plate02,20260702_hotchem_36hpf_plate02_C08_e01,1,0,0.0,0,0,0,0,0,,
20260702_hotchem_36hpf_plate02,20260702_hotchem_36hpf_plate02_C09_e01,1,0,0.0,0,0,0,0,0,,
20260702_hotchem_36hpf_plate02,20260702_hotchem_36hpf_plate02_C10_e01,1,0,0.0,0,0,0,0,0,,
20260702_hotchem_36hpf_plate02,20260702_hotchem_36hpf_plate02_C11_e01,1,1,1.0,1,1,1,0,0,-0.07750115612268149,-0.07750115612268149
20260702_hotchem_36hpf_plate02,20260702_hotchem_36hpf_plate02_C12_e01,1,1,1.0,1,1,1,0,0,-0.08582490560349358,-0.08582490560349358
20260702_hotchem_36hpf_plate02,20260702_hotchem_36hpf_plate02_D01_e01,1,0,0.0,0,0,0,0,0,,
20260702_hotchem_36hpf_plate02,20260702_hotchem_36hpf_plate02_D02_e01,1,0,0.0,0,0,0,0,0,,
20260702_hotchem_36hpf_plate02,20260702_hotchem_36hpf_plate02_D03_e01,1,0,0.0,0,0,0,0,0,,
20260702_hotchem_36hpf_plate02,20260702_hotchem_36hpf_plate02_D04_e01,1,0,0.0,0,0,0,0,0,,
20260702_hotchem_36hpf_plate02,20260702_hotchem_36hpf_plate02_D05_e01,1,0,0.0,0,0,0,0,0,,
20260702_hotchem_36hpf_plate02,20260702_hotchem_36hpf_plate02_D06_e01,1,0,0.0,0,0,0,0,0,,
20260702_hotchem_36hpf_plate02,20260702_hotchem_36hpf_plate02_D07_e01,1,0,0.0,0,0,0,0,0,,
20260702_hotchem_36hpf_plate02,20260702_hotchem_36hpf_plate02_D08_e01,1,0,0.0,0,0,0,0,0,,
20260702_hotchem_36hpf_plate02,20260702_hotchem_36hpf_plate02_D09_e01,1,0,0.0,0,0,0,0,0,,
20260702_hotchem_36hpf_plate02,20260702_hotchem_36hpf_plate02_D10_e01,1,0,0.0,0,0,0,0,0,,
20260702_hotchem_36hpf_plate02,20260702_hotchem_36hpf_plate02_D11_e01,1,0,0.0,0,0,0,0,0,,
20260702_hotchem_36hpf_plate02,20260702_hotchem_36hpf_plate02_D12_e01,1,0,0.0,0,0,0,0,0,,
20260702_hotchem_36hpf_plate02,20260702_hotchem_36hpf_plate02_E01_e01,1,0,0.0,0,0,0,0,0,,
20260702_hotchem_36hpf_plate02,20260702_hotchem_36hpf_plate02_E02_e01,1,0,0.0,0,0,0,0,0,,
20260702_hotchem_36hpf_plate02,20260702_hotchem_36hpf_plate02_E03_e01,1,0,0.0,0,0,0,0,0,,
20260702_hotchem_36hpf_plate02,20260702_hotchem_36hpf_plate02_E04_e01,1,0,0.0,0,0,0,0,0,,
20260702_hotchem_36hpf_plate02,20260702_hotchem_36hpf_plate02_E05_e01,1,0,0.0,0,0,0,0,0,,
20260702_hotchem_36hpf_plate02,20260702_hotchem_36hpf_plate02_E06_e01,1,0,0.0,0,0,0,0,0,,
20260702_hotchem_36hpf_plate02,20260702_hotchem_36hpf_plate02_E07_e01,1,0,0.0,0,0,0,0,0,,
20260702_hotchem_36hpf_plate02,20260702_hotchem_36hpf_plate02_E08_e01,1,0,0.0,0,0,0,0,0,,
20260702_hotchem_36hpf_plate02,20260702_hotchem_36hpf_plate02_E09_e01,1,0,0.0,0,0,0,0,0,,
20260702_hotchem_36hpf_plate02,20260702_hotchem_36hpf_plate02_E10_e01,1,0,0.0,0,0,0,0,0,,
20260702_hotchem_36hpf_plate02,20260702_hotchem_36hpf_plate02_E11_e01,1,0,0.0,0,0,0,0,0,,
20260702_hotchem_36hpf_plate02,20260702_hotchem_36hpf_plate02_E12_e01,1,0,0.0,0,0,0,0,0,,
20260702_hotchem_36hpf_plate02,20260702_hotchem_36hpf_plate02_F01_e01,1,0,0.0,0,0,0,0,0,,
20260702_hotchem_36hpf_plate02,20260702_hotchem_36hpf_plate02_F02_e01,1,0,0.0,0,0,0,0,0,,
20260702_hotchem_36hpf_plate02,20260702_hotchem_36hpf_plate02_F02_e02,1,1,1.0,1,1,1,0,0,-0.814514376645908,-0.814514376645908
20260702_hotchem_36hpf_plate02,20260702_hotchem_36hpf_plate02_F03_e01,1,0,0.0,0,0,0,0,0,,
20260702_hotchem_36hpf_plate02,20260702_hotchem_36hpf_plate02_F04_e01,1,0,0.0,0,0,0,0,0,,
20260702_hotchem_36hpf_plate02,20260702_hotchem_36hpf_plate02_F05_e01,1,1,1.0,1,1,1,0,0,-0.02333242560966493,-0.02333242560966493
20260702_hotchem_36hpf_plate02,20260702_hotchem_36hpf_plate02_F06_e01,1,0,0.0,0,0,0,0,0,,
20260702_hotchem_36hpf_plate02,20260702_hotchem_36hpf_plate02_F07_e01,1,0,0.0,0,0,0,0,0,,
20260702_hotchem_36hpf_plate02,20260702_hotchem_36hpf_plate02_F08_e01,1,0,0.0,0,0,0,0,0,,
20260702_hotchem_36hpf_plate02,20260702_hotchem_36hpf_plate02_F09_e01,1,0,0.0,0,0,0,0,0,,
20260702_hotchem_36hpf_plate02,20260702_hotchem_36hpf_plate02_F10_e01,1,0,0.0,0,0,0,0,0,,
20260702_hotchem_36hpf_plate02,20260702_hotchem_36hpf_plate02_F11_e01,1,0,0.0,0,0,0,0,0,,
20260702_hotchem_36hpf_plate02,20260702_hotchem_36hpf_plate02_F12_e01,1,0,0.0,0,0,0,0,0,,
20260702_hotchem_36hpf_plate02,20260702_hotchem_36hpf_plate02_G01_e01,1,0,0.0,0,0,0,0,0,,
20260702_hotchem_36hpf_plate02,20260702_hotchem_36hpf_plate02_G02_e01,1,0,0.0,0,0,0,0,0,,
20260702_hotchem_36hpf_plate02,20260702_hotchem_36hpf_plate02_G03_e01,1,0,0.0,0,0,0,0,0,,
20260702_hotchem_36hpf_plate02,20260702_hotchem_36hpf_plate02_G04_e01,1,0,0.0,0,0,0,0,0,,
20260702_hotchem_36hpf_plate02,20260702_hotchem_36hpf_plate02_G05_e01,1,0,0.0,0,0,0,0,0,,
20260702_hotchem_36hpf_plate02,20260702_hotchem_36hpf_plate02_G06_e01,1,0,0.0,0,0,0,0,0,,
20260702_hotchem_36hpf_plate02,20260702_hotchem_36hpf_plate02_G07_e01,1,0,0.0,0,0,0,0,0,,
20260702_hotchem_36hpf_plate02,20260702_hotchem_36hpf_plate02_G08_e01,1,0,0.0,0,0,0,0,0,,
20260702_hotchem_36hpf_plate02,20260702_hotchem_36hpf_plate02_G09_e01,1,0,0.0,0,0,0,0,0,,
20260702_hotchem_36hpf_plate02,20260702_hotchem_36hpf_plate02_G10_e01,1,0,0.0,0,0,0,0,0,,
20260702_hotchem_36hpf_plate02,20260702_hotchem_36hpf_plate02_G11_e01,1,1,1.0,1,1,1,0,0,-0.11566597655145654,-0.11566597655145654
20260702_hotchem_36hpf_plate02,20260702_hotchem_36hpf_plate02_G12_e01,1,0,0.0,0,0,0,0,0,,
20260702_hotchem_36hpf_plate02,20260702_hotchem_36hpf_plate02_H01_e01,1,0,0.0,0,0,0,0,0,,
20260702_hotchem_36hpf_plate02,20260702_hotchem_36hpf_plate02_H02_e01,1,0,0.0,0,0,0,0,0,,
20260702_hotchem_36hpf_plate02,20260702_hotchem_36hpf_plate02_H03_e01,1,0,0.0,0,0,0,0,0,,
20260702_hotchem_36hpf_plate02,20260702_hotchem_36hpf_plate02_H04_e01,1,0,0.0,0,0,0,0,0,,
20260702_hotchem_36hpf_plate02,20260702_hotchem_36hpf_plate02_H05_e01,1,0,0.0,0,0,0,0,0,,
20260702_hotchem_36hpf_plate02,20260702_hotchem_36hpf_plate02_H06_e01,1,0,0.0,0,0,0,0,0,,
20260702_hotchem_36hpf_plate02,20260702_hotchem_36hpf_plate02_H07_e01,1,0,0.0,0,0,0,0,0,,
20260702_hotchem_36hpf_plate02,20260702_hotchem_36hpf_plate02_H07_e02,1,1,1.0,1,1,1,0,0,-0.6554010620868965,-0.6554010620868965
20260702_hotchem_36hpf_plate02,20260702_hotchem_36hpf_plate02_H08_e01,1,0,0.0,0,0,0,0,0,,
20260702_hotchem_36hpf_plate02,20260702_hotchem_36hpf_plate02_H09_e01,1,0,0.0,0,0,0,0,0,,
20260702_hotchem_36hpf_plate02,20260702_hotchem_36hpf_plate02_H10_e01,1,0,0.0,0,0,0,0,0,,
20260702_hotchem_36hpf_plate02,20260702_hotchem_36hpf_plate02_H11_e01,1,0,0.0,0,0,0,0,0,,
20260702_hotchem_36hpf_plate02,20260702_hotchem_36hpf_plate02_H12_e01,1,0,0.0,0,0,0,0,0,,
20260324_cep290_24hpf_plate01,20260324_cep290_24hpf_plate01_A01_e01,1,0,0.0,0,0,0,0,0,,
20260324_cep290_24hpf_plate01,20260324_cep290_24hpf_plate01_A02_e01,1,0,0.0,0,0,0,0,0,,
20260324_cep290_24hpf_plate01,20260324_cep290_24hpf_plate01_A03_e01,1,0,0.0,0,0,0,0,0,,
20260324_cep290_24hpf_plate01,20260324_cep290_24hpf_plate01_A04_e01,1,0,0.0,0,0,0,0,0,,
20260324_cep290_24hpf_plate01,20260324_cep290_24hpf_plate01_A05_e01,1,0,0.0,0,0,0,0,0,,
20260324_cep290_24hpf_plate01,20260324_cep290_24hpf_plate01_A06_e01,1,0,0.0,0,0,0,0,0,,
20260324_cep290_24hpf_plate01,20260324_cep290_24hpf_plate01_A07_e01,1,0,0.0,0,0,0,0,0,,
20260324_cep290_24hpf_plate01,20260324_cep290_24hpf_plate01_A09_e01,1,0,0.0,0,0,0,0,0,,
20260324_cep290_24hpf_plate01,20260324_cep290_24hpf_plate01_A09_e02,1,1,1.0,1,1,1,0,0,-0.08284342513757446,-0.08284342513757446
20260324_cep290_24hpf_plate01,20260324_cep290_24hpf_plate01_A10_e01,1,0,0.0,0,0,0,0,0,,
20260324_cep290_24hpf_plate01,20260324_cep290_24hpf_plate01_A11_e01,1,0,0.0,0,0,0,0,0,,
20260324_cep290_24hpf_plate01,20260324_cep290_24hpf_plate01_A12_e01,1,0,0.0,0,0,0,0,0,,
20260324_cep290_24hpf_plate01,20260324_cep290_24hpf_plate01_B01_e01,1,0,0.0,0,0,0,0,0,,
20260324_cep290_24hpf_plate01,20260324_cep290_24hpf_plate01_B02_e01,1,0,0.0,0,0,0,0,0,,
20260324_cep290_24hpf_plate01,20260324_cep290_24hpf_plate01_B02_e02,1,0,0.0,0,0,0,0,0,,
20260324_cep290_24hpf_plate01,20260324_cep290_24hpf_plate01_B03_e01,1,0,0.0,0,0,0,0,0,,
20260324_cep290_24hpf_plate01,20260324_cep290_24hpf_plate01_B04_e01,1,0,0.0,0,0,0,0,0,,
20260324_cep290_24hpf_plate01,20260324_cep290_24hpf_plate01_B05_e01,1,0,0.0,0,0,0,0,0,,
20260324_cep290_24hpf_plate01,20260324_cep290_24hpf_plate01_B06_e01,1,0,0.0,0,0,0,0,0,,
20260324_cep290_24hpf_plate01,20260324_cep290_24hpf_plate01_B07_e01,1,0,0.0,0,0,0,0,0,,
20260324_cep290_24hpf_plate01,20260324_cep290_24hpf_plate01_B08_e01,1,0,0.0,0,0,0,0,0,,
20260324_cep290_24hpf_plate01,20260324_cep290_24hpf_plate01_B09_e01,1,0,0.0,0,0,0,0,0,,
20260324_cep290_24hpf_plate01,20260324_cep290_24hpf_plate01_B10_e01,1,0,0.0,0,0,0,0,0,,
20260324_cep290_24hpf_plate01,20260324_cep290_24hpf_plate01_B11_e01,1,0,0.0,0,0,0,0,0,,
20260324_cep290_24hpf_plate01,20260324_cep290_24hpf_plate01_B12_e01,1,0,0.0,0,0,0,0,0,,
20260324_cep290_24hpf_plate01,20260324_cep290_24hpf_plate01_C01_e01,1,0,0.0,0,0,0,0,0,,
20260324_cep290_24hpf_plate01,20260324_cep290_24hpf_plate01_C02_e01,1,0,0.0,0,0,0,0,0,,
20260324_cep290_24hpf_plate01,20260324_cep290_24hpf_plate01_C03_e01,1,0,0.0,0,0,0,0,0,,
20260324_cep290_24hpf_plate01,20260324_cep290_24hpf_plate01_C04_e01,1,0,0.0,0,0,0,0,0,,
20260324_cep290_24hpf_plate01,20260324_cep290_24hpf_plate01_C05_e01,1,0,0.0,0,0,0,0,0,,
20260324_cep290_24hpf_plate01,20260324_cep290_24hpf_plate01_C06_e01,1,0,0.0,0,0,0,0,0,,
20260324_cep290_24hpf_plate01,20260324_cep290_24hpf_plate01_C07_e01,1,0,0.0,0,0,0,0,0,,
20260324_cep290_24hpf_plate01,20260324_cep290_24hpf_plate01_C08_e01,1,0,0.0,0,0,0,0,0,,
20260324_cep290_24hpf_plate01,20260324_cep290_24hpf_plate01_C09_e01,1,0,0.0,0,0,0,0,0,,
20260324_cep290_24hpf_plate01,20260324_cep290_24hpf_plate01_C10_e01,1,0,0.0,0,0,0,0,0,,
20260324_cep290_24hpf_plate01,20260324_cep290_24hpf_plate01_C11_e01,1,0,0.0,0,0,0,0,0,,
20260324_cep290_24hpf_plate01,20260324_cep290_24hpf_plate01_C12_e01,1,0,0.0,0,0,0,0,0,,
20260324_cep290_24hpf_plate01,20260324_cep290_24hpf_plate01_D01_e01,1,0,0.0,0,0,0,0,0,,
20260324_cep290_24hpf_plate01,20260324_cep290_24hpf_plate01_D02_e01,1,0,0.0,0,0,0,0,0,,
20260324_cep290_24hpf_plate01,20260324_cep290_24hpf_plate01_D03_e01,1,0,0.0,0,0,0,0,0,,
20260324_cep290_24hpf_plate01,20260324_cep290_24hpf_plate01_D04_e01,1,1,1.0,1,1,1,0,0,-0.5574742413375045,-0.5574742413375045
20260324_cep290_24hpf_plate01,20260324_cep290_24hpf_plate01_D05_e01,1,0,0.0,0,0,0,0,0,,
20260324_cep290_24hpf_plate01,20260324_cep290_24hpf_plate01_D06_e01,1,0,0.0,0,0,0,0,0,,
20260324_cep290_24hpf_plate01,20260324_cep290_24hpf_plate01_D07_e01,1,0,0.0,0,0,0,0,0,,
20260324_cep290_24hpf_plate01,20260324_cep290_24hpf_plate01_D08_e01,1,0,0.0,0,0,0,0,0,,
20260324_cep290_24hpf_plate01,20260324_cep290_24hpf_plate01_D09_e01,1,0,0.0,0,0,0,0,0,,
20260324_cep290_24hpf_plate01,20260324_cep290_24hpf_plate01_D10_e01,1,0,0.0,0,0,0,0,0,,
20260324_cep290_24hpf_plate01,20260324_cep290_24hpf_plate01_D11_e01,1,0,0.0,0,0,0,0,0,,
20260324_cep290_24hpf_plate01,20260324_cep290_24hpf_plate01_D11_e03,1,0,0.0,0,0,0,0,0,,
20260324_cep290_24hpf_plate01,20260324_cep290_24hpf_plate01_D12_e01,1,0,0.0,0,0,0,0,0,,
20260324_cep290_24hpf_plate01,20260324_cep290_24hpf_plate01_D12_e02,1,0,0.0,0,0,0,0,0,,
20260324_cep290_24hpf_plate01,20260324_cep290_24hpf_plate01_E01_e01,1,0,0.0,0,0,0,0,0,,
20260324_cep290_24hpf_plate01,20260324_cep290_24hpf_plate01_E02_e01,1,0,0.0,0,0,0,0,0,,
20260324_cep290_24hpf_plate01,20260324_cep290_24hpf_plate01_E03_e01,1,0,0.0,0,0,0,0,0,,
20260324_cep290_24hpf_plate01,20260324_cep290_24hpf_plate01_E04_e01,1,0,0.0,0,0,0,0,0,,
20260324_cep290_24hpf_plate01,20260324_cep290_24hpf_plate01_E05_e01,1,0,0.0,0,0,0,0,0,,
20260324_cep290_24hpf_plate01,20260324_cep290_24hpf_plate01_E06_e01,1,0,0.0,0,0,0,0,0,,
20260324_cep290_24hpf_plate01,20260324_cep290_24hpf_plate01_E07_e01,1,0,0.0,0,0,0,0,0,,
20260324_cep290_24hpf_plate01,20260324_cep290_24hpf_plate01_E08_e01,1,0,0.0,0,0,0,0,0,,
20260324_cep290_24hpf_plate01,20260324_cep290_24hpf_plate01_E09_e01,1,0,0.0,0,0,0,0,0,,
20260324_cep290_24hpf_plate01,20260324_cep290_24hpf_plate01_E10_e01,1,0,0.0,0,0,0,0,0,,
20260324_cep290_24hpf_plate01,20260324_cep290_24hpf_plate01_E11_e01,1,0,0.0,0,0,0,0,0,,
20260324_cep290_24hpf_plate01,20260324_cep290_24hpf_plate01_E12_e01,1,0,0.0,0,0,0,0,0,,
20260324_cep290_24hpf_plate01,20260324_cep290_24hpf_plate01_F01_e01,1,0,0.0,0,0,0,0,0,,
20260324_cep290_24hpf_plate01,20260324_cep290_24hpf_plate01_F02_e01,1,0,0.0,0,0,0,0,0,,
20260324_cep290_24hpf_plate01,20260324_cep290_24hpf_plate01_F03_e01,1,0,0.0,0,0,0,0,0,,
20260324_cep290_24hpf_plate01,20260324_cep290_24hpf_plate01_F04_e01,1,0,0.0,0,0,0,0,0,,
20260324_cep290_24hpf_plate01,20260324_cep290_24hpf_plate01_F05_e01,1,0,0.0,0,0,0,0,0,,
20260324_cep290_24hpf_plate01,20260324_cep290_24hpf_plate01_F06_e01,1,0,0.0,0,0,0,0,0,,
20260324_cep290_24hpf_plate01,20260324_cep290_24hpf_plate01_F07_e01,1,0,0.0,0,0,0,0,0,,
20260324_cep290_24hpf_plate01,20260324_cep290_24hpf_plate01_F08_e01,1,0,0.0,0,0,0,0,0,,
20260324_cep290_24hpf_plate01,20260324_cep290_24hpf_plate01_F09_e01,1,0,0.0,0,0,0,0,0,,
20260324_cep290_24hpf_plate01,20260324_cep290_24hpf_plate01_F10_e01,1,0,0.0,0,0,0,0,0,,
20260324_cep290_24hpf_plate01,20260324_cep290_24hpf_plate01_F11_e01,1,0,0.0,0,0,0,0,0,,
20260324_cep290_24hpf_plate01,20260324_cep290_24hpf_plate01_F12_e01,1,0,0.0,0,0,0,0,0,,
20260324_cep290_24hpf_plate01,20260324_cep290_24hpf_plate01_G01_e01,1,0,0.0,0,0,0,0,0,,
20260324_cep290_24hpf_plate01,20260324_cep290_24hpf_plate01_G02_e01,1,0,0.0,0,0,0,0,0,,
20260324_cep290_24hpf_plate01,20260324_cep290_24hpf_plate01_G03_e01,1,0,0.0,0,0,0,0,0,,
20260324_cep290_24hpf_plate01,20260324_cep290_24hpf_plate01_G04_e01,1,0,0.0,0,0,0,0,0,,
20260324_cep290_24hpf_plate01,20260324_cep290_24hpf_plate01_G05_e01,1,0,0.0,0,0,0,0,0,,
20260324_cep290_24hpf_plate01,20260324_cep290_24hpf_plate01_G06_e01,1,0,0.0,0,0,0,0,0,,
20260324_cep290_24hpf_plate01,20260324_cep290_24hpf_plate01_G07_e01,1,0,0.0,0,0,0,0,0,,
20260324_cep290_24hpf_plate01,20260324_cep290_24hpf_plate01_G08_e01,1,0,0.0,0,0,0,0,0,,
20260324_cep290_24hpf_plate01,20260324_cep290_24hpf_plate01_G09_e01,1,0,0.0,0,0,0,0,0,,
20260324_cep290_24hpf_plate01,20260324_cep290_24hpf_plate01_G10_e01,1,0,0.0,0,0,0,0,0,,
20260324_cep290_24hpf_plate01,20260324_cep290_24hpf_plate01_G11_e01,1,0,0.0,0,0,0,0,0,,
20260324_cep290_24hpf_plate01,20260324_cep290_24hpf_plate01_G12_e01,1,0,0.0,0,0,0,0,0,,
20260324_cep290_24hpf_plate01,20260324_cep290_24hpf_plate01_H01_e01,1,0,0.0,0,0,0,0,0,,
20260324_cep290_24hpf_plate01,20260324_cep290_24hpf_plate01_H02_e01,1,0,0.0,0,0,0,0,0,,
20260324_cep290_24hpf_plate01,20260324_cep290_24hpf_plate01_H03_e01,1,0,0.0,0,0,0,0,0,,
20260324_cep290_24hpf_plate01,20260324_cep290_24hpf_plate01_H04_e01,1,0,0.0,0,0,0,0,0,,
20260324_cep290_24hpf_plate01,20260324_cep290_24hpf_plate01_H04_e02,1,1,1.0,1,1,1,0,0,-0.8901104176127731,-0.8901104176127731
20260324_cep290_24hpf_plate01,20260324_cep290_24hpf_plate01_H05_e01,1,0,0.0,0,0,0,0,0,,
20260324_cep290_24hpf_plate01,20260324_cep290_24hpf_plate01_H06_e01,1,0,0.0,0,0,0,0,0,,
20260324_cep290_24hpf_plate01,20260324_cep290_24hpf_plate01_H07_e01,1,0,0.0,0,0,0,0,0,,
20260324_cep290_24hpf_plate01,20260324_cep290_24hpf_plate01_H08_e01,1,0,0.0,0,0,0,0,0,,
20260324_cep290_24hpf_plate01,20260324_cep290_24hpf_plate01_H09_e01,1,0,0.0,0,0,0,0,0,,
20260324_cep290_24hpf_plate01,20260324_cep290_24hpf_plate01_H10_e01,1,0,0.0,0,0,0,0,0,,
20260324_cep290_24hpf_plate01,20260324_cep290_24hpf_plate01_H10_e02,1,1,1.0,1,1,1,0,0,-0.060240454442586126,-0.060240454442586126
20260324_cep290_24hpf_plate01,20260324_cep290_24hpf_plate01_H11_e01,1,0,0.0,0,0,0,0,0,,
20260324_cep290_24hpf_plate01,20260324_cep290_24hpf_plate01_H12_e01,1,0,0.0,0,0,0,0,0,,
20260324_cep290_24hpf_plate02,20260324_cep290_24hpf_plate02_A01_e01,1,0,0.0,0,0,0,0,0,,
20260324_cep290_24hpf_plate02,20260324_cep290_24hpf_plate02_A01_e02,1,1,1.0,1,1,1,0,0,-0.1307011116928851,-0.1307011116928851
20260324_cep290_24hpf_plate02,20260324_cep290_24hpf_plate02_A02_e01,1,0,0.0,0,0,0,0,0,,
20260324_cep290_24hpf_plate02,20260324_cep290_24hpf_plate02_A03_e01,1,0,0.0,0,0,0,0,0,,
20260324_cep290_24hpf_plate02,20260324_cep290_24hpf_plate02_A04_e01,1,0,0.0,0,0,0,0,0,,
20260324_cep290_24hpf_plate02,20260324_cep290_24hpf_plate02_A05_e01,1,0,0.0,0,0,0,0,0,,
20260324_cep290_24hpf_plate02,20260324_cep290_24hpf_plate02_A05_e02,1,1,1.0,1,1,1,0,0,-0.07065802473496895,-0.07065802473496895
20260324_cep290_24hpf_plate02,20260324_cep290_24hpf_plate02_A06_e01,1,0,0.0,0,0,0,0,0,,
20260324_cep290_24hpf_plate02,20260324_cep290_24hpf_plate02_A07_e01,1,0,0.0,0,0,0,0,0,,
20260324_cep290_24hpf_plate02,20260324_cep290_24hpf_plate02_A08_e01,1,0,0.0,0,0,0,0,0,,
20260324_cep290_24hpf_plate02,20260324_cep290_24hpf_plate02_A09_e01,1,0,0.0,0,0,0,0,0,,
20260324_cep290_24hpf_plate02,20260324_cep290_24hpf_plate02_A10_e01,1,0,0.0,0,0,0,0,0,,
20260324_cep290_24hpf_plate02,20260324_cep290_24hpf_plate02_A11_e01,1,0,0.0,0,0,0,0,0,,
20260324_cep290_24hpf_plate02,20260324_cep290_24hpf_plate02_A12_e01,1,0,0.0,0,0,0,0,0,,
20260324_cep290_24hpf_plate02,20260324_cep290_24hpf_plate02_B01_e01,1,0,0.0,0,0,0,0,0,,
20260324_cep290_24hpf_plate02,20260324_cep290_24hpf_plate02_B02_e01,1,0,0.0,0,0,0,0,0,,
20260324_cep290_24hpf_plate02,20260324_cep290_24hpf_plate02_B03_e01,1,0,0.0,0,0,0,0,0,,
20260324_cep290_24hpf_plate02,20260324_cep290_24hpf_plate02_B04_e01,1,0,0.0,0,0,0,0,0,,
20260324_cep290_24hpf_plate02,20260324_cep290_24hpf_plate02_B05_e01,1,0,0.0,0,0,0,0,0,,
20260324_cep290_24hpf_plate02,20260324_cep290_24hpf_plate02_B06_e01,1,0,0.0,0,0,0,0,0,,
20260324_cep290_24hpf_plate02,20260324_cep290_24hpf_plate02_B07_e01,1,0,0.0,0,0,0,0,0,,
20260324_cep290_24hpf_plate02,20260324_cep290_24hpf_plate02_B08_e01,1,0,0.0,0,0,0,0,0,,
20260324_cep290_24hpf_plate02,20260324_cep290_24hpf_plate02_B09_e01,1,0,0.0,0,0,0,0,0,,
20260324_cep290_24hpf_plate02,20260324_cep290_24hpf_plate02_B10_e01,1,0,0.0,0,0,0,0,0,,
20260324_cep290_24hpf_plate02,20260324_cep290_24hpf_plate02_B11_e01,1,0,0.0,0,0,0,0,0,,
20260324_cep290_24hpf_plate02,20260324_cep290_24hpf_plate02_B12_e01,1,0,0.0,0,0,0,0,0,,
20260324_cep290_24hpf_plate02,20260324_cep290_24hpf_plate02_C01_e01,1,0,0.0,0,0,0,0,0,,
20260324_cep290_24hpf_plate02,20260324_cep290_24hpf_plate02_C02_e01,1,0,0.0,0,0,0,0,0,,
20260324_cep290_24hpf_plate02,20260324_cep290_24hpf_plate02_C03_e01,1,0,0.0,0,0,0,0,0,,
20260324_cep290_24hpf_plate02,20260324_cep290_24hpf_plate02_C04_e01,1,0,0.0,0,0,0,0,0,,
20260324_cep290_24hpf_plate02,20260324_cep290_24hpf_plate02_C05_e01,1,0,0.0,0,0,0,0,0,,
20260324_cep290_24hpf_plate02,20260324_cep290_24hpf_plate02_C06_e01,1,0,0.0,0,0,0,0,0,,
20260324_cep290_24hpf_plate02,20260324_cep290_24hpf_plate02_C07_e01,1,0,0.0,0,0,0,0,0,,
20260324_cep290_24hpf_plate02,20260324_cep290_24hpf_plate02_C08_e01,1,0,0.0,0,0,0,0,0,,
20260324_cep290_24hpf_plate02,20260324_cep290_24hpf_plate02_C09_e01,1,0,0.0,0,0,0,0,0,,
20260324_cep290_24hpf_plate02,20260324_cep290_24hpf_plate02_C09_e02,1,0,0.0,0,0,0,0,0,,
20260324_cep290_24hpf_plate02,20260324_cep290_24hpf_plate02_C11_e01,1,0,0.0,0,0,0,0,0,,
20260324_cep290_24hpf_plate02,20260324_cep290_24hpf_plate02_C12_e01,1,0,0.0,0,0,0,0,0,,
20260324_cep290_24hpf_plate02,20260324_cep290_24hpf_plate02_D01_e01,1,1,1.0,1,1,1,0,0,-0.12890171318783705,-0.12890171318783705
20260324_cep290_24hpf_plate02,20260324_cep290_24hpf_plate02_D01_e02,1,0,0.0,0,0,0,0,0,,
20260324_cep290_24hpf_plate02,20260324_cep290_24hpf_plate02_D02_e01,1,0,0.0,0,0,0,0,0,,
20260324_cep290_24hpf_plate02,20260324_cep290_24hpf_plate02_D03_e01,1,0,0.0,0,0,0,0,0,,
20260324_cep290_24hpf_plate02,20260324_cep290_24hpf_plate02_D04_e01,1,0,0.0,0,0,0,0,0,,
20260324_cep290_24hpf_plate02,20260324_cep290_24hpf_plate02_D05_e01,1,0,0.0,0,0,0,0,0,,
20260324_cep290_24hpf_plate02,20260324_cep290_24hpf_plate02_D06_e01,1,0,0.0,0,0,0,0,0,,
20260324_cep290_24hpf_plate02,20260324_cep290_24hpf_plate02_D07_e01,1,0,0.0,0,0,0,0,0,,
20260324_cep290_24hpf_plate02,20260324_cep290_24hpf_plate02_D08_e01,1,0,0.0,0,0,0,0,0,,
20260324_cep290_24hpf_plate02,20260324_cep290_24hpf_plate02_D09_e01,1,0,0.0,0,0,0,0,0,,
20260324_cep290_24hpf_plate02,20260324_cep290_24hpf_plate02_D10_e01,1,0,0.0,0,0,0,0,0,,
20260324_cep290_24hpf_plate02,20260324_cep290_24hpf_plate02_D11_e01,1,0,0.0,0,0,0,0,0,,
20260324_cep290_24hpf_plate02,20260324_cep290_24hpf_plate02_D12_e01,1,0,0.0,0,0,0,0,0,,
20260324_cep290_24hpf_plate02,20260324_cep290_24hpf_plate02_E01_e01,1,0,0.0,0,0,0,0,0,,
20260324_cep290_24hpf_plate02,20260324_cep290_24hpf_plate02_E02_e01,1,0,0.0,0,0,0,0,0,,
20260324_cep290_24hpf_plate02,20260324_cep290_24hpf_plate02_E03_e01,1,0,0.0,0,0,0,0,0,,
20260324_cep290_24hpf_plate02,20260324_cep290_24hpf_plate02_E04_e01,1,0,0.0,0,0,0,0,0,,
20260324_cep290_24hpf_plate02,20260324_cep290_24hpf_plate02_E06_e01,1,0,0.0,0,0,0,0,0,,
20260324_cep290_24hpf_plate02,20260324_cep290_24hpf_plate02_E07_e01,1,0,0.0,0,0,0,0,0,,
20260324_cep290_24hpf_plate02,20260324_cep290_24hpf_plate02_E08_e01,1,0,0.0,0,0,0,0,0,,
20260324_cep290_24hpf_plate02,20260324_cep290_24hpf_plate02_E09_e01,1,0,0.0,0,0,0,0,0,,
20260324_cep290_24hpf_plate02,20260324_cep290_24hpf_plate02_E10_e01,1,0,0.0,0,0,0,0,0,,
20260324_cep290_24hpf_plate02,20260324_cep290_24hpf_plate02_E11_e01,1,0,0.0,0,0,0,0,0,,
20260324_cep290_24hpf_plate02,20260324_cep290_24hpf_plate02_E12_e01,1,0,0.0,0,0,0,0,0,,
20260324_cep290_24hpf_plate02,20260324_cep290_24hpf_plate02_F01_e01,1,0,0.0,0,0,0,0,0,,
20260324_cep290_24hpf_plate02,20260324_cep290_24hpf_plate02_F02_e01,1,0,0.0,0,0,0,0,0,,
20260324_cep290_24hpf_plate02,20260324_cep290_24hpf_plate02_F02_e02,1,1,1.0,1,1,1,0,0,-0.11646376562662844,-0.11646376562662844
20260324_cep290_24hpf_plate02,20260324_cep290_24hpf_plate02_F03_e01,1,0,0.0,0,0,0,0,0,,
20260324_cep290_24hpf_plate02,20260324_cep290_24hpf_plate02_F04_e01,1,0,0.0,0,0,0,0,0,,
20260324_cep290_24hpf_plate02,20260324_cep290_24hpf_plate02_F05_e01,1,0,0.0,0,0,0,0,0,,
20260324_cep290_24hpf_plate02,20260324_cep290_24hpf_plate02_F06_e01,1,0,0.0,0,0,0,0,0,,
20260324_cep290_24hpf_plate02,20260324_cep290_24hpf_plate02_F07_e01,1,0,0.0,0,0,0,0,0,,
20260324_cep290_24hpf_plate02,20260324_cep290_24hpf_plate02_F08_e01,1,0,0.0,0,0,0,0,0,,
20260324_cep290_24hpf_plate02,20260324_cep290_24hpf_plate02_F09_e01,1,0,0.0,0,0,0,0,0,,
20260324_cep290_24hpf_plate02,20260324_cep290_24hpf_plate02_F10_e01,1,0,0.0,0,0,0,0,0,,
20260324_cep290_24hpf_plate02,20260324_cep290_24hpf_plate02_F11_e01,1,0,0.0,0,0,0,0,0,,
20260324_cep290_24hpf_plate02,20260324_cep290_24hpf_plate02_F12_e01,1,0,0.0,0,0,0,0,0,,
20260324_cep290_24hpf_plate02,20260324_cep290_24hpf_plate02_G01_e01,1,0,0.0,0,0,0,0,0,,
20260324_cep290_24hpf_plate02,20260324_cep290_24hpf_plate02_G01_e02,1,1,1.0,1,1,1,0,0,-0.10241582992932426,-0.10241582992932426
20260324_cep290_24hpf_plate02,20260324_cep290_24hpf_plate02_G02_e01,1,0,0.0,0,0,0,0,0,,
20260324_cep290_24hpf_plate02,20260324_cep290_24hpf_plate02_G03_e01,1,0,0.0,0,0,0,0,0,,
20260324_cep290_24hpf_plate02,20260324_cep290_24hpf_plate02_G04_e01,1,0,0.0,0,0,0,0,0,,
20260324_cep290_24hpf_plate02,20260324_cep290_24hpf_plate02_G05_e01,1,0,0.0,0,0,0,0,0,,
20260324_cep290_24hpf_plate02,20260324_cep290_24hpf_plate02_G06_e01,1,0,0.0,0,0,0,0,0,,
20260324_cep290_24hpf_plate02,20260324_cep290_24hpf_plate02_G07_e01,1,0,0.0,0,0,0,0,0,,
20260324_cep290_24hpf_plate02,20260324_cep290_24hpf_plate02_G08_e01,1,0,0.0,0,0,0,0,0,,
20260324_cep290_24hpf_plate02,20260324_cep290_24hpf_plate02_G09_e01,1,0,0.0,0,0,0,0,0,,
20260324_cep290_24hpf_plate02,20260324_cep290_24hpf_plate02_G10_e01,1,0,0.0,0,0,0,0,0,,
20260324_cep290_24hpf_plate02,20260324_cep290_24hpf_plate02_G11_e01,1,0,0.0,0,0,0,0,0,,
20260324_cep290_24hpf_plate02,20260324_cep290_24hpf_plate02_G12_e01,1,0,0.0,0,0,0,0,0,,
20260324_cep290_24hpf_plate02,20260324_cep290_24hpf_plate02_H01_e01,1,0,0.0,0,0,0,0,0,,
20260324_cep290_24hpf_plate02,20260324_cep290_24hpf_plate02_H01_e02,1,0,0.0,0,0,0,0,0,,
20260324_cep290_24hpf_plate02,20260324_cep290_24hpf_plate02_H02_e01,1,0,0.0,0,0,0,0,0,,
20260324_cep290_24hpf_plate02,20260324_cep290_24hpf_plate02_H03_e01,1,0,0.0,0,0,0,0,0,,
20260324_cep290_24hpf_plate02,20260324_cep290_24hpf_plate02_H04_e01,1,0,0.0,0,0,0,0,0,,
20260324_cep290_24hpf_plate02,20260324_cep290_24hpf_plate02_H05_e01,1,0,0.0,0,0,0,0,0,,
20260324_cep290_24hpf_plate02,20260324_cep290_24hpf_plate02_H06_e01,1,0,0.0,0,0,0,0,0,,
20260324_cep290_24hpf_plate02,20260324_cep290_24hpf_plate02_H07_e01,1,0,0.0,0,0,0,0,0,,
20260324_cep290_24hpf_plate02,20260324_cep290_24hpf_plate02_H08_e01,1,0,0.0,0,0,0,0,0,,
20260324_cep290_24hpf_plate02,20260324_cep290_24hpf_plate02_H09_e01,1,0,0.0,0,0,0,0,0,,
20260324_cep290_24hpf_plate02,20260324_cep290_24hpf_plate02_H10_e01,1,0,0.0,0,0,0,0,0,,
20260324_cep290_24hpf_plate02,20260324_cep290_24hpf_plate02_H11_e01,1,0,0.0,0,0,0,0,0,,
20260324_cep290_24hpf_plate02,20260324_cep290_24hpf_plate02_H12_e01,1,0,0.0,0,0,0,0,0,,
20260324_cep290_30hpf_plate01,20260324_cep290_30hpf_plate01_A01_e01,1,0,0.0,0,0,0,0,0,,
20260324_cep290_30hpf_plate01,20260324_cep290_30hpf_plate01_A02_e01,1,0,0.0,0,0,0,0,0,,
20260324_cep290_30hpf_plate01,20260324_cep290_30hpf_plate01_A03_e01,1,0,0.0,0,0,0,0,0,,
20260324_cep290_30hpf_plate01,20260324_cep290_30hpf_plate01_A04_e01,1,0,0.0,0,0,0,0,0,,
20260324_cep290_30hpf_plate01,20260324_cep290_30hpf_plate01_A05_e01,1,0,0.0,0,0,0,0,0,,
20260324_cep290_30hpf_plate01,20260324_cep290_30hpf_plate01_A06_e01,1,0,0.0,0,0,0,0,0,,
20260324_cep290_30hpf_plate01,20260324_cep290_30hpf_plate01_A07_e01,1,0,0.0,0,0,0,0,0,,
20260324_cep290_30hpf_plate01,20260324_cep290_30hpf_plate01_A08_e01,1,0,0.0,0,0,0,0,0,,
20260324_cep290_30hpf_plate01,20260324_cep290_30hpf_plate01_A10_e01,1,0,0.0,0,0,0,0,0,,
20260324_cep290_30hpf_plate01,20260324_cep290_30hpf_plate01_A11_e01,1,0,0.0,0,0,0,0,0,,
20260324_cep290_30hpf_plate01,20260324_cep290_30hpf_plate01_A12_e01,1,0,0.0,0,0,0,0,0,,
20260324_cep290_30hpf_plate01,20260324_cep290_30hpf_plate01_B01_e01,1,0,0.0,0,0,0,0,0,,
20260324_cep290_30hpf_plate01,20260324_cep290_30hpf_plate01_B02_e01,1,0,0.0,0,0,0,0,0,,
20260324_cep290_30hpf_plate01,20260324_cep290_30hpf_plate01_B03_e01,1,0,0.0,0,0,0,0,0,,
20260324_cep290_30hpf_plate01,20260324_cep290_30hpf_plate01_B04_e01,1,0,0.0,0,0,0,0,0,,
20260324_cep290_30hpf_plate01,20260324_cep290_30hpf_plate01_B05_e01,1,0,0.0,0,0,0,0,0,,
20260324_cep290_30hpf_plate01,20260324_cep290_30hpf_plate01_B06_e01,1,0,0.0,0,0,0,0,0,,
20260324_cep290_30hpf_plate01,20260324_cep290_30hpf_plate01_B07_e01,1,0,0.0,0,0,0,0,0,,
20260324_cep290_30hpf_plate01,20260324_cep290_30hpf_plate01_B07_e02,1,1,1.0,1,1,1,0,0,-0.4207862799822653,-0.4207862799822653
20260324_cep290_30hpf_plate01,20260324_cep290_30hpf_plate01_B08_e01,1,0,0.0,0,0,0,0,0,,
20260324_cep290_30hpf_plate01,20260324_cep290_30hpf_plate01_B09_e01,1,0,0.0,0,0,0,0,0,,
20260324_cep290_30hpf_plate01,20260324_cep290_30hpf_plate01_B10_e01,1,0,0.0,0,0,0,0,0,,
20260324_cep290_30hpf_plate01,20260324_cep290_30hpf_plate01_B11_e01,1,0,0.0,0,0,0,0,0,,
20260324_cep290_30hpf_plate01,20260324_cep290_30hpf_plate01_B12_e01,1,0,0.0,0,0,0,0,0,,
20260324_cep290_30hpf_plate01,20260324_cep290_30hpf_plate01_C01_e01,1,0,0.0,0,0,0,0,0,,
20260324_cep290_30hpf_plate01,20260324_cep290_30hpf_plate01_C02_e01,1,0,0.0,0,0,0,0,0,,
20260324_cep290_30hpf_plate01,20260324_cep290_30hpf_plate01_C03_e01,1,0,0.0,0,0,0,0,0,,
20260324_cep290_30hpf_plate01,20260324_cep290_30hpf_plate01_C04_e01,1,0,0.0,0,0,0,0,0,,
20260324_cep290_30hpf_plate01,20260324_cep290_30hpf_plate01_C05_e01,1,0,0.0,0,0,0,0,0,,
20260324_cep290_30hpf_plate01,20260324_cep290_30hpf_plate01_C06_e01,1,0,0.0,0,0,0,0,0,,
20260324_cep290_30hpf_plate01,20260324_cep290_30hpf_plate01_C07_e01,1,0,0.0,0,0,0,0,0,,
20260324_cep290_30hpf_plate01,20260324_cep290_30hpf_plate01_C08_e01,1,0,0.0,0,0,0,0,0,,
20260324_cep290_30hpf_plate01,20260324_cep290_30hpf_plate01_C09_e01,1,0,0.0,0,0,0,0,0,,
20260324_cep290_30hpf_plate01,20260324_cep290_30hpf_plate01_C10_e01,1,0,0.0,0,0,0,0,0,,
20260324_cep290_30hpf_plate01,20260324_cep290_30hpf_plate01_C11_e01,1,0,0.0,0,0,0,0,0,,
20260324_cep290_30hpf_plate01,20260324_cep290_30hpf_plate01_C12_e01,1,0,0.0,0,0,0,0,0,,
20260324_cep290_30hpf_plate01,20260324_cep290_30hpf_plate01_D01_e01,1,0,0.0,0,0,0,0,0,,
20260324_cep290_30hpf_plate01,20260324_cep290_30hpf_plate01_D02_e01,1,0,0.0,0,0,0,0,0,,
20260324_cep290_30hpf_plate01,20260324_cep290_30hpf_plate01_D03_e01,1,0,0.0,0,0,0,0,0,,
20260324_cep290_30hpf_plate01,20260324_cep290_30hpf_plate01_D04_e01,1,0,0.0,0,0,0,0,0,,
20260324_cep290_30hpf_plate01,20260324_cep290_30hpf_plate01_D05_e01,1,0,0.0,0,0,0,0,0,,
20260324_cep290_30hpf_plate01,20260324_cep290_30hpf_plate01_D06_e01,1,0,0.0,0,0,0,0,0,,
20260324_cep290_30hpf_plate01,20260324_cep290_30hpf_plate01_D07_e01,1,0,0.0,0,0,0,0,0,,
20260324_cep290_30hpf_plate01,20260324_cep290_30hpf_plate01_D08_e01,1,0,0.0,0,0,0,0,0,,
20260324_cep290_30hpf_plate01,20260324_cep290_30hpf_plate01_D09_e01,1,0,0.0,0,0,0,0,0,,
20260324_cep290_30hpf_plate01,20260324_cep290_30hpf_plate01_D09_e02,1,1,1.0,1,1,1,0,0,-0.2104025933948338,-0.2104025933948338
20260324_cep290_30hpf_plate01,20260324_cep290_30hpf_plate01_D10_e01,1,0,0.0,0,0,0,0,0,,
20260324_cep290_30hpf_plate01,20260324_cep290_30hpf_plate01_D11_e01,1,0,0.0,0,0,0,0,0,,
20260324_cep290_30hpf_plate01,20260324_cep290_30hpf_plate01_D12_e01,1,0,0.0,0,0,0,0,0,,
20260324_cep290_30hpf_plate01,20260324_cep290_30hpf_plate01_E01_e01,1,0,0.0,0,0,0,0,0,,
20260324_cep290_30hpf_plate01,20260324_cep290_30hpf_plate01_E02_e01,1,0,0.0,0,0,0,0,0,,
20260324_cep290_30hpf_plate01,20260324_cep290_30hpf_plate01_E03_e01,1,0,0.0,0,0,0,0,0,,
20260324_cep290_30hpf_plate01,20260324_cep290_30hpf_plate01_E04_e01,1,0,0.0,0,0,0,0,0,,
20260324_cep290_30hpf_plate01,20260324_cep290_30hpf_plate01_E05_e01,1,0,0.0,0,0,0,0,0,,
20260324_cep290_30hpf_plate01,20260324_cep290_30hpf_plate01_E06_e01,1,0,0.0,0,0,0,0,0,,
20260324_cep290_30hpf_plate01,20260324_cep290_30hpf_plate01_E07_e01,1,0,0.0,0,0,0,0,0,,
20260324_cep290_30hpf_plate01,20260324_cep290_30hpf_plate01_E08_e01,1,0,0.0,0,0,0,0,0,,
20260324_cep290_30hpf_plate01,20260324_cep290_30hpf_plate01_E09_e01,1,0,0.0,0,0,0,0,0,,
20260324_cep290_30hpf_plate01,20260324_cep290_30hpf_plate01_E10_e01,1,0,0.0,0,0,0,0,0,,
20260324_cep290_30hpf_plate01,20260324_cep290_30hpf_plate01_E10_e02,1,1,1.0,1,1,1,0,0,-0.22231748799421408,-0.22231748799421408
20260324_cep290_30hpf_plate01,20260324_cep290_30hpf_plate01_E11_e01,1,0,0.0,0,0,0,0,0,,
20260324_cep290_30hpf_plate01,20260324_cep290_30hpf_plate01_E12_e01,1,0,0.0,0,0,0,0,0,,
20260324_cep290_30hpf_plate01,20260324_cep290_30hpf_plate01_F01_e01,1,0,0.0,0,0,0,0,0,,
20260324_cep290_30hpf_plate01,20260324_cep290_30hpf_plate01_F02_e01,1,0,0.0,0,0,0,0,0,,
20260324_cep290_30hpf_plate01,20260324_cep290_30hpf_plate01_F03_e01,1,0,0.0,0,0,0,0,0,,
20260324_cep290_30hpf_plate01,20260324_cep290_30hpf_plate01_F04_e01,1,0,0.0,0,0,0,0,0,,
20260324_cep290_30hpf_plate01,20260324_cep290_30hpf_plate01_F05_e01,1,0,0.0,0,0,0,0,0,,
20260324_cep290_30hpf_plate01,20260324_cep290_30hpf_plate01_F06_e01,1,0,0.0,0,0,0,0,0,,
20260324_cep290_30hpf_plate01,20260324_cep290_30hpf_plate01_F07_e01,1,0,0.0,0,0,0,0,0,,
20260324_cep290_30hpf_plate01,20260324_cep290_30hpf_plate01_F08_e01,1,0,0.0,0,0,0,0,0,,
20260324_cep290_30hpf_plate01,20260324_cep290_30hpf_plate01_F09_e01,1,0,0.0,0,0,0,0,0,,
20260324_cep290_30hpf_plate01,20260324_cep290_30hpf_plate01_F10_e01,1,0,0.0,0,0,0,0,0,,
20260324_cep290_30hpf_plate01,20260324_cep290_30hpf_plate01_F11_e01,1,0,0.0,0,0,0,0,0,,
20260324_cep290_30hpf_plate01,20260324_cep290_30hpf_plate01_F12_e01,1,0,0.0,0,0,0,0,0,,
20260324_cep290_30hpf_plate01,20260324_cep290_30hpf_plate01_G01_e01,1,0,0.0,0,0,0,0,0,,
20260324_cep290_30hpf_plate01,20260324_cep290_30hpf_plate01_G02_e01,1,0,0.0,0,0,0,0,0,,
20260324_cep290_30hpf_plate01,20260324_cep290_30hpf_plate01_G03_e01,1,0,0.0,0,0,0,0,0,,
20260324_cep290_30hpf_plate01,20260324_cep290_30hpf_plate01_G04_e01,1,0,0.0,0,0,0,0,0,,
20260324_cep290_30hpf_plate01,20260324_cep290_30hpf_plate01_G05_e01,1,0,0.0,0,0,0,0,0,,
20260324_cep290_30hpf_plate01,20260324_cep290_30hpf_plate01_G06_e01,1,0,0.0,0,0,0,0,0,,
20260324_cep290_30hpf_plate01,20260324_cep290_30hpf_plate01_G07_e01,1,0,0.0,0,0,0,0,0,,
20260324_cep290_30hpf_plate01,20260324_cep290_30hpf_plate01_G08_e01,1,0,0.0,0,0,0,0,0,,
20260324_cep290_30hpf_plate01,20260324_cep290_30hpf_plate01_G09_e01,1,0,0.0,0,0,0,0,0,,
20260324_cep290_30hpf_plate01,20260324_cep290_30hpf_plate01_G10_e01,1,0,0.0,0,0,0,0,0,,
20260324_cep290_30hpf_plate01,20260324_cep290_30hpf_plate01_G11_e01,1,0,0.0,0,0,0,0,0,,
20260324_cep290_30hpf_plate01,20260324_cep290_30hpf_plate01_G12_e01,1,0,0.0,0,0,0,0,0,,
20260324_cep290_30hpf_plate01,20260324_cep290_30hpf_plate01_H01_e01,1,0,0.0,0,0,0,0,0,,
20260324_cep290_30hpf_plate01,20260324_cep290_30hpf_plate01_H02_e01,1,0,0.0,0,0,0,0,0,,
20260324_cep290_30hpf_plate01,20260324_cep290_30hpf_plate01_H03_e01,1,0,0.0,0,0,0,0,0,,
20260324_cep290_30hpf_plate01,20260324_cep290_30hpf_plate01_H04_e01,1,0,0.0,0,0,0,0,0,,
20260324_cep290_30hpf_plate01,20260324_cep290_30hpf_plate01_H05_e01,1,0,0.0,0,0,0,0,0,,
20260324_cep290_30hpf_plate01,20260324_cep290_30hpf_plate01_H06_e01,1,0,0.0,0,0,0,0,0,,
20260324_cep290_30hpf_plate01,20260324_cep290_30hpf_plate01_H07_e01,1,0,0.0,0,0,0,0,0,,
20260324_cep290_30hpf_plate01,20260324_cep290_30hpf_plate01_H08_e01,1,0,0.0,0,0,0,0,0,,
20260324_cep290_30hpf_plate01,20260324_cep290_30hpf_plate01_H09_e01,1,0,0.0,0,0,0,0,0,,
20260324_cep290_30hpf_plate01,20260324_cep290_30hpf_plate01_H10_e01,1,0,0.0,0,0,0,0,0,,
20260324_cep290_30hpf_plate01,20260324_cep290_30hpf_plate01_H11_e01,1,0,0.0,0,0,0,0,0,,
20260324_cep290_30hpf_plate01,20260324_cep290_30hpf_plate01_H12_e01,1,0,0.0,0,0,0,0,0,,
20260324_cep290_30hpf_plate02,20260324_cep290_30hpf_plate02_A01_e01,1,0,0.0,0,0,0,0,0,,
20260324_cep290_30hpf_plate02,20260324_cep290_30hpf_plate02_A02_e01,1,0,0.0,0,0,0,0,0,,
20260324_cep290_30hpf_plate02,20260324_cep290_30hpf_plate02_A02_e02,1,1,1.0,1,1,1,0,0,-0.465255663476909,-0.465255663476909
20260324_cep290_30hpf_plate02,20260324_cep290_30hpf_plate02_A03_e01,1,0,0.0,0,0,0,0,0,,
20260324_cep290_30hpf_plate02,20260324_cep290_30hpf_plate02_A04_e01,1,0,0.0,0,0,0,0,0,,
20260324_cep290_30hpf_plate02,20260324_cep290_30hpf_plate02_A05_e01,1,0,0.0,0,0,0,0,0,,
20260324_cep290_30hpf_plate02,20260324_cep290_30hpf_plate02_A06_e01,1,0,0.0,0,0,0,0,0,,
20260324_cep290_30hpf_plate02,20260324_cep290_30hpf_plate02_A07_e01,1,0,0.0,0,0,0,0,0,,
20260324_cep290_30hpf_plate02,20260324_cep290_30hpf_plate02_A08_e01,1,0,0.0,0,0,0,0,0,,
20260324_cep290_30hpf_plate02,20260324_cep290_30hpf_plate02_B01_e01,1,0,0.0,0,0,0,0,0,,
20260324_cep290_30hpf_plate02,20260324_cep290_30hpf_plate02_B01_e02,1,1,1.0,1,1,1,0,0,-0.8391851751231743,-0.8391851751231743
20260324_cep290_30hpf_plate02,20260324_cep290_30hpf_plate02_B01_e03,1,1,1.0,1,1,1,0,0,-0.8390643344071562,-0.8390643344071562
20260324_cep290_30hpf_plate02,20260324_cep290_30hpf_plate02_B02_e01,1,0,0.0,0,0,0,0,0,,
20260324_cep290_30hpf_plate02,20260324_cep290_30hpf_plate02_B03_e01,1,0,0.0,0,0,0,0,0,,
20260324_cep290_30hpf_plate02,20260324_cep290_30hpf_plate02_B04_e01,1,0,0.0,0,0,0,0,0,,
20260324_cep290_30hpf_plate02,20260324_cep290_30hpf_plate02_B05_e01,1,0,0.0,0,0,0,0,0,,
20260324_cep290_30hpf_plate02,20260324_cep290_30hpf_plate02_B05_e02,1,1,1.0,1,1,1,0,0,-0.23401486930476162,-0.23401486930476162
20260324_cep290_30hpf_plate02,20260324_cep290_30hpf_plate02_B06_e01,1,0,0.0,0,0,0,0,0,,
20260324_cep290_30hpf_plate02,20260324_cep290_30hpf_plate02_B07_e01,1,0,0.0,0,0,0,0,0,,
20260324_cep290_30hpf_plate02,20260324_cep290_30hpf_plate02_B08_e01,1,0,0.0,0,0,0,0,0,,
20260324_cep290_30hpf_plate02,20260324_cep290_30hpf_plate02_C01_e01,1,0,0.0,0,0,0,0,0,,
20260324_cep290_30hpf_plate02,20260324_cep290_30hpf_plate02_C02_e01,1,0,0.0,0,0,0,0,0,,
20260324_cep290_30hpf_plate02,20260324_cep290_30hpf_plate02_C03_e01,1,0,0.0,0,0,0,0,0,,
20260324_cep290_30hpf_plate02,20260324_cep290_30hpf_plate02_C04_e01,1,0,0.0,0,0,0,0,0,,
20260324_cep290_30hpf_plate02,20260324_cep290_30hpf_plate02_C05_e01,1,0,0.0,0,0,0,0,0,,
20260324_cep290_30hpf_plate02,20260324_cep290_30hpf_plate02_C05_e02,1,1,1.0,1,1,1,0,0,-0.43200029842874066,-0.43200029842874066
20260324_cep290_30hpf_plate02,20260324_cep290_30hpf_plate02_C06_e01,1,0,0.0,0,0,0,0,0,,
20260324_cep290_30hpf_plate02,20260324_cep290_30hpf_plate02_C07_e01,1,0,0.0,0,0,0,0,0,,
20260324_cep290_30hpf_plate02,20260324_cep290_30hpf_plate02_C08_e01,1,0,0.0,0,0,0,0,0,,
20260324_cep290_30hpf_plate02,20260324_cep290_30hpf_plate02_D01_e01,1,0,0.0,0,0,0,0,0,,
20260324_cep290_30hpf_plate02,20260324_cep290_30hpf_plate02_D02_e01,1,0,0.0,0,0,0,0,0,,
20260324_cep290_30hpf_plate02,20260324_cep290_30hpf_plate02_D03_e01,1,0,0.0,0,0,0,0,0,,
20260324_cep290_30hpf_plate02,20260324_cep290_30hpf_plate02_D04_e01,1,0,0.0,0,0,0,0,0,,
20260324_cep290_30hpf_plate02,20260324_cep290_30hpf_plate02_D05_e01,1,0,0.0,0,0,0,0,0,,
20260324_cep290_30hpf_plate02,20260324_cep290_30hpf_plate02_D06_e01,1,0,0.0,0,0,0,0,0,,
20260324_cep290_30hpf_plate02,20260324_cep290_30hpf_plate02_D07_e01,1,0,0.0,0,0,0,0,0,,
20260324_cep290_30hpf_plate02,20260324_cep290_30hpf_plate02_D08_e01,1,0,0.0,0,0,0,0,0,,
20260324_cep290_30hpf_plate02,20260324_cep290_30hpf_plate02_E01_e01,1,0,0.0,0,0,0,0,0,,
20260324_cep290_30hpf_plate02,20260324_cep290_30hpf_plate02_E02_e01,1,0,0.0,0,0,0,0,0,,
20260324_cep290_30hpf_plate02,20260324_cep290_30hpf_plate02_E03_e01,1,0,0.0,0,0,0,0,0,,
20260324_cep290_30hpf_plate02,20260324_cep290_30hpf_plate02_E03_e02,1,1,1.0,1,1,1,0,0,-0.6695973142634377,-0.6695973142634377
20260324_cep290_30hpf_plate02,20260324_cep290_30hpf_plate02_E04_e01,1,0,0.0,0,0,0,0,0,,
20260324_cep290_30hpf_plate02,20260324_cep290_30hpf_plate02_E05_e01,1,0,0.0,0,0,0,0,0,,
20260324_cep290_30hpf_plate02,20260324_cep290_30hpf_plate02_E06_e01,1,0,0.0,0,0,0,0,0,,
20260324_cep290_30hpf_plate02,20260324_cep290_30hpf_plate02_E07_e01,1,0,0.0,0,0,0,0,0,,
20260324_cep290_30hpf_plate02,20260324_cep290_30hpf_plate02_E08_e01,1,0,0.0,0,0,0,0,0,,
20260324_cep290_30hpf_plate02,20260324_cep290_30hpf_plate02_F01_e01,1,0,0.0,0,0,0,0,0,,
20260324_cep290_30hpf_plate02,20260324_cep290_30hpf_plate02_F01_e02,1,1,1.0,1,1,1,0,0,-0.2967795372045386,-0.2967795372045386
20260324_cep290_30hpf_plate02,20260324_cep290_30hpf_plate02_F02_e01,1,0,0.0,0,0,0,0,0,,
20260324_cep290_30hpf_plate02,20260324_cep290_30hpf_plate02_F03_e01,1,0,0.0,0,0,0,0,0,,
20260324_cep290_30hpf_plate02,20260324_cep290_30hpf_plate02_F04_e01,1,0,0.0,0,0,0,0,0,,
20260324_cep290_30hpf_plate02,20260324_cep290_30hpf_plate02_F05_e01,1,1,1.0,1,1,1,0,0,-0.38537995018897553,-0.38537995018897553
20260324_cep290_30hpf_plate02,20260324_cep290_30hpf_plate02_F06_e01,1,0,0.0,0,0,0,0,0,,
20260324_cep290_30hpf_plate02,20260324_cep290_30hpf_plate02_F07_e01,1,0,0.0,0,0,0,0,0,,
20260324_cep290_30hpf_plate02,20260324_cep290_30hpf_plate02_F08_e01,1,0,0.0,0,0,0,0,0,,
20260324_cep290_30hpf_plate02,20260324_cep290_30hpf_plate02_G01_e01,1,0,0.0,0,0,0,0,0,,
20260324_cep290_30hpf_plate02,20260324_cep290_30hpf_plate02_G02_e01,1,0,0.0,0,0,0,0,0,,
20260324_cep290_30hpf_plate02,20260324_cep290_30hpf_plate02_G03_e01,1,0,0.0,0,0,0,0,0,,
20260324_cep290_30hpf_plate02,20260324_cep290_30hpf_plate02_G04_e01,1,0,0.0,0,0,0,0,0,,
20260324_cep290_30hpf_plate02,20260324_cep290_30hpf_plate02_G04_e02,1,1,1.0,1,1,1,0,0,-0.23428071888000115,-0.23428071888000115
20260324_cep290_30hpf_plate02,20260324_cep290_30hpf_plate02_G05_e01,1,0,0.0,0,0,0,0,0,,
20260324_cep290_30hpf_plate02,20260324_cep290_30hpf_plate02_G06_e01,1,0,0.0,0,0,0,0,0,,
20260324_cep290_30hpf_plate02,20260324_cep290_30hpf_plate02_G07_e01,1,0,0.0,0,0,0,0,0,,
20260324_cep290_30hpf_plate02,20260324_cep290_30hpf_plate02_G08_e01,1,0,0.0,0,0,0,0,0,,
20260324_cep290_30hpf_plate02,20260324_cep290_30hpf_plate02_H01_e01,1,0,0.0,0,0,0,0,0,,
20260324_cep290_30hpf_plate02,20260324_cep290_30hpf_plate02_H02_e01,1,0,0.0,0,0,0,0,0,,
20260324_cep290_30hpf_plate02,20260324_cep290_30hpf_plate02_H03_e01,1,0,0.0,0,0,0,0,0,,
20260324_cep290_30hpf_plate02,20260324_cep290_30hpf_plate02_H04_e01,1,0,0.0,0,0,0,0,0,,
20260324_cep290_30hpf_plate02,20260324_cep290_30hpf_plate02_H05_e01,1,0,0.0,0,0,0,0,0,,
20260324_cep290_30hpf_plate02,20260324_cep290_30hpf_plate02_H06_e01,1,0,0.0,0,0,0,0,0,,
20260324_cep290_30hpf_plate02,20260324_cep290_30hpf_plate02_H07_e01,1,0,0.0,0,0,0,0,0,,
20260324_cep290_30hpf_plate02,20260324_cep290_30hpf_plate02_H08_e01,1,0,0.0,0,0,0,0,0,,
20260331_b9d2_18hpf_plate02,20260331_b9d2_18hpf_plate02_A01_e01,1,0,0.0,0,0,0,0,0,,
20260331_b9d2_18hpf_plate02,20260331_b9d2_18hpf_plate02_A02_e01,1,0,0.0,0,0,0,0,0,,
20260331_b9d2_18hpf_plate02,20260331_b9d2_18hpf_plate02_A03_e01,1,0,0.0,0,0,0,0,0,,
20260331_b9d2_18hpf_plate02,20260331_b9d2_18hpf_plate02_A04_e01,1,0,0.0,0,0,0,0,0,,
20260331_b9d2_18hpf_plate02,20260331_b9d2_18hpf_plate02_A05_e01,1,0,0.0,0,0,0,0,0,,
20260331_b9d2_18hpf_plate02,20260331_b9d2_18hpf_plate02_A06_e01,1,0,0.0,0,0,0,0,0,,
20260331_b9d2_18hpf_plate02,20260331_b9d2_18hpf_plate02_A06_e02,1,0,0.0,0,0,0,0,0,,
20260331_b9d2_18hpf_plate02,20260331_b9d2_18hpf_plate02_A07_e01,1,0,0.0,0,0,0,0,0,,
20260331_b9d2_18hpf_plate02,20260331_b9d2_18hpf_plate02_A08_e01,1,0,0.0,0,0,0,0,0,,
20260331_b9d2_18hpf_plate02,20260331_b9d2_18hpf_plate02_B01_e01,1,0,0.0,0,0,0,0,0,,
20260331_b9d2_18hpf_plate02,20260331_b9d2_18hpf_plate02_B03_e01,1,0,0.0,0,0,0,0,0,,
20260331_b9d2_18hpf_plate02,20260331_b9d2_18hpf_plate02_B04_e01,1,0,0.0,0,0,0,0,0,,
20260331_b9d2_18hpf_plate02,20260331_b9d2_18hpf_plate02_B05_e01,1,0,0.0,0,0,0,0,0,,
20260331_b9d2_18hpf_plate02,20260331_b9d2_18hpf_plate02_B06_e01,1,0,0.0,0,0,0,0,0,,
20260331_b9d2_18hpf_plate02,20260331_b9d2_18hpf_plate02_B06_e02,1,1,1.0,1,1,1,0,0,-0.7391358827419999,-0.7391358827419999
20260331_b9d2_18hpf_plate02,20260331_b9d2_18hpf_plate02_B06_e03,1,0,0.0,0,0,0,0,0,,
20260331_b9d2_18hpf_plate02,20260331_b9d2_18hpf_plate02_B07_e01,1,0,0.0,0,0,0,0,0,,
20260331_b9d2_18hpf_plate02,20260331_b9d2_18hpf_plate02_B08_e01,1,0,0.0,0,0,0,0,0,,
20260331_b9d2_18hpf_plate02,20260331_b9d2_18hpf_plate02_C01_e01,1,0,0.0,0,0,0,0,0,,
20260331_b9d2_18hpf_plate02,20260331_b9d2_18hpf_plate02_C02_e01,1,0,0.0,0,0,0,0,0,,
20260331_b9d2_18hpf_plate02,20260331_b9d2_18hpf_plate02_C03_e01,1,0,0.0,0,0,0,0,0,,
20260331_b9d2_18hpf_plate02,20260331_b9d2_18hpf_plate02_C03_e02,1,0,0.0,0,0,0,0,0,,
20260331_b9d2_18hpf_plate02,20260331_b9d2_18hpf_plate02_C04_e01,1,0,0.0,0,0,0,0,0,,
20260331_b9d2_18hpf_plate02,20260331_b9d2_18hpf_plate02_C05_e01,1,0,0.0,0,0,0,0,0,,
20260331_b9d2_18hpf_plate02,20260331_b9d2_18hpf_plate02_C05_e02,1,0,0.0,0,0,0,0,0,,
20260331_b9d2_18hpf_plate02,20260331_b9d2_18hpf_plate02_C06_e01,1,0,0.0,0,0,0,0,0,,
20260331_b9d2_18hpf_plate02,20260331_b9d2_18hpf_plate02_C07_e01,1,0,0.0,0,0,0,0,0,,
20260331_b9d2_18hpf_plate02,20260331_b9d2_18hpf_plate02_C08_e01,1,0,0.0,0,0,0,0,0,,
20260331_b9d2_18hpf_plate02,20260331_b9d2_18hpf_plate02_D01_e01,1,0,0.0,0,0,0,0,0,,
20260331_b9d2_18hpf_plate02,20260331_b9d2_18hpf_plate02_D02_e01,1,0,0.0,0,0,0,0,0,,
20260331_b9d2_18hpf_plate02,20260331_b9d2_18hpf_plate02_D02_e02,1,1,1.0,1,1,1,0,0,-0.6675229293975258,-0.6675229293975258
20260331_b9d2_18hpf_plate02,20260331_b9d2_18hpf_plate02_D03_e01,1,0,0.0,0,0,0,0,0,,
20260331_b9d2_18hpf_plate02,20260331_b9d2_18hpf_plate02_D04_e01,1,0,0.0,0,0,0,0,0,,
20260331_b9d2_18hpf_plate02,20260331_b9d2_18hpf_plate02_D05_e01,1,0,0.0,0,0,0,0,0,,
20260331_b9d2_18hpf_plate02,20260331_b9d2_18hpf_plate02_D07_e01,1,0,0.0,0,0,0,0,0,,
20260331_b9d2_18hpf_plate02,20260331_b9d2_18hpf_plate02_D08_e01,1,0,0.0,0,0,0,0,0,,
20260331_b9d2_18hpf_plate02,20260331_b9d2_18hpf_plate02_E01_e01,1,0,0.0,0,0,0,0,0,,
20260331_b9d2_18hpf_plate02,20260331_b9d2_18hpf_plate02_E02_e01,1,0,0.0,0,0,0,0,0,,
20260331_b9d2_18hpf_plate02,20260331_b9d2_18hpf_plate02_E03_e01,1,0,0.0,0,0,0,0,0,,
20260331_b9d2_18hpf_plate02,20260331_b9d2_18hpf_plate02_E04_e01,1,0,0.0,0,0,0,0,0,,
20260331_b9d2_18hpf_plate02,20260331_b9d2_18hpf_plate02_E05_e01,1,0,0.0,0,0,0,0,0,,
20260331_b9d2_18hpf_plate02,20260331_b9d2_18hpf_plate02_E06_e01,1,0,0.0,0,0,0,0,0,,
20260331_b9d2_18hpf_plate02,20260331_b9d2_18hpf_plate02_E07_e01,1,0,0.0,0,0,0,0,0,,
20260331_b9d2_18hpf_plate02,20260331_b9d2_18hpf_plate02_E08_e01,1,0,0.0,0,0,0,0,0,,
20260331_b9d2_18hpf_plate02,20260331_b9d2_18hpf_plate02_F02_e01,1,0,0.0,0,0,0,0,0,,
20260331_b9d2_18hpf_plate02,20260331_b9d2_18hpf_plate02_F03_e01,1,0,0.0,0,0,0,0,0,,
20260331_b9d2_18hpf_plate02,20260331_b9d2_18hpf_plate02_F04_e01,1,0,0.0,0,0,0,0,0,,
20260331_b9d2_18hpf_plate02,20260331_b9d2_18hpf_plate02_F04_e02,1,0,0.0,0,0,0,0,0,,
20260331_b9d2_18hpf_plate02,20260331_b9d2_18hpf_plate02_F05_e01,1,0,0.0,0,0,0,0,0,,
20260331_b9d2_18hpf_plate02,20260331_b9d2_18hpf_plate02_F06_e01,1,0,0.0,0,0,0,0,0,,
20260331_b9d2_18hpf_plate02,20260331_b9d2_18hpf_plate02_F06_e02,1,0,0.0,0,0,0,0,0,,
20260331_b9d2_18hpf_plate02,20260331_b9d2_18hpf_plate02_F07_e01,1,0,0.0,0,0,0,0,0,,
20260331_b9d2_18hpf_plate02,20260331_b9d2_18hpf_plate02_F08_e01,1,0,0.0,0,0,0,0,0,,
20260331_b9d2_18hpf_plate02,20260331_b9d2_18hpf_plate02_G01_e01,1,0,0.0,0,0,0,0,0,,
20260331_b9d2_18hpf_plate02,20260331_b9d2_18hpf_plate02_G02_e01,1,0,0.0,0,0,0,0,0,,
20260331_b9d2_18hpf_plate02,20260331_b9d2_18hpf_plate02_G03_e01,1,0,0.0,0,0,0,0,0,,
20260331_b9d2_18hpf_plate02,20260331_b9d2_18hpf_plate02_G04_e01,1,0,0.0,0,0,0,0,0,,
20260331_b9d2_18hpf_plate02,20260331_b9d2_18hpf_plate02_G04_e02,1,0,0.0,0,0,0,0,0,,
20260331_b9d2_18hpf_plate02,20260331_b9d2_18hpf_plate02_G05_e01,1,0,0.0,0,0,0,0,0,,
20260331_b9d2_18hpf_plate02,20260331_b9d2_18hpf_plate02_G06_e01,1,0,0.0,0,0,0,0,0,,
20260331_b9d2_18hpf_plate02,20260331_b9d2_18hpf_plate02_G07_e01,1,0,0.0,0,0,0,0,0,,
20260331_b9d2_18hpf_plate02,20260331_b9d2_18hpf_plate02_G08_e01,1,0,0.0,0,0,0,0,0,,
20260331_b9d2_18hpf_plate02,20260331_b9d2_18hpf_plate02_H01_e01,1,0,0.0,0,0,0,0,0,,
20260331_b9d2_18hpf_plate02,20260331_b9d2_18hpf_plate02_H02_e01,1,0,0.0,0,0,0,0,0,,
20260331_b9d2_18hpf_plate02,20260331_b9d2_18hpf_plate02_H03_e01,1,0,0.0,0,0,0,0,0,,
20260331_b9d2_18hpf_plate02,20260331_b9d2_18hpf_plate02_H04_e01,1,0,0.0,0,0,0,0,0,,
20260331_b9d2_18hpf_plate02,20260331_b9d2_18hpf_plate02_H05_e01,1,0,0.0,0,0,0,0,0,,
20260331_b9d2_18hpf_plate02,20260331_b9d2_18hpf_plate02_H06_e01,1,0,0.0,0,0,0,0,0,,
20260331_b9d2_18hpf_plate02,20260331_b9d2_18hpf_plate02_H07_e01,1,0,0.0,0,0,0,0,0,,
20260331_b9d2_18hpf_plate02,20260331_b9d2_18hpf_plate02_H08_e01,1,0,0.0,0,0,0,0,0,,
20260414_b9d2_14hpf_plate01,20260414_b9d2_14hpf_plate01_A01_e01,1,0,0.0,0,0,0,0,0,,
20260414_b9d2_14hpf_plate01,20260414_b9d2_14hpf_plate01_A02_e01,1,0,0.0,0,0,0,0,0,,
20260414_b9d2_14hpf_plate01,20260414_b9d2_14hpf_plate01_A03_e01,1,0,0.0,0,0,0,0,0,,
20260414_b9d2_14hpf_plate01,20260414_b9d2_14hpf_plate01_A04_e01,1,0,0.0,0,0,0,0,0,,
20260414_b9d2_14hpf_plate01,20260414_b9d2_14hpf_plate01_A05_e01,1,0,0.0,0,0,0,0,0,,
20260414_b9d2_14hpf_plate01,20260414_b9d2_14hpf_plate01_A06_e01,1,0,0.0,0,0,0,0,0,,
20260414_b9d2_14hpf_plate01,20260414_b9d2_14hpf_plate01_A06_e02,1,0,0.0,0,0,0,0,0,,
20260414_b9d2_14hpf_plate01,20260414_b9d2_14hpf_plate01_A07_e01,1,0,0.0,0,0,0,0,0,,
20260414_b9d2_14hpf_plate01,20260414_b9d2_14hpf_plate01_A08_e01,1,0,0.0,0,0,0,0,0,,
20260414_b9d2_14hpf_plate01,20260414_b9d2_14hpf_plate01_A09_e01,1,0,0.0,0,0,0,0,0,,
20260414_b9d2_14hpf_plate01,20260414_b9d2_14hpf_plate01_A10_e01,1,0,0.0,0,0,0,0,0,,
20260414_b9d2_14hpf_plate01,20260414_b9d2_14hpf_plate01_A11_e01,1,0,0.0,0,0,0,0,0,,
20260414_b9d2_14hpf_plate01,20260414_b9d2_14hpf_plate01_A12_e01,1,0,0.0,0,0,0,0,0,,
20260414_b9d2_14hpf_plate01,20260414_b9d2_14hpf_plate01_B01_e01,1,0,0.0,0,0,0,0,0,,
20260414_b9d2_14hpf_plate01,20260414_b9d2_14hpf_plate01_B02_e01,1,0,0.0,0,0,0,0,0,,
20260414_b9d2_14hpf_plate01,20260414_b9d2_14hpf_plate01_B03_e01,1,0,0.0,0,0,0,0,0,,
20260414_b9d2_14hpf_plate01,20260414_b9d2_14hpf_plate01_B04_e01,1,0,0.0,0,0,0,0,0,,
20260414_b9d2_14hpf_plate01,20260414_b9d2_14hpf_plate01_B05_e01,1,0,0.0,0,0,0,0,0,,
20260414_b9d2_14hpf_plate01,20260414_b9d2_14hpf_plate01_B06_e01,1,0,0.0,0,0,0,0,0,,
20260414_b9d2_14hpf_plate01,20260414_b9d2_14hpf_plate01_B07_e01,1,0,0.0,0,0,0,0,0,,
20260414_b9d2_14hpf_plate01,20260414_b9d2_14hpf_plate01_B08_e01,1,0,0.0,0,0,0,0,0,,
20260414_b9d2_14hpf_plate01,20260414_b9d2_14hpf_plate01_B09_e01,1,0,0.0,0,0,0,0,0,,
20260414_b9d2_14hpf_plate01,20260414_b9d2_14hpf_plate01_B10_e01,1,0,0.0,0,0,0,0,0,,
20260414_b9d2_14hpf_plate01,20260414_b9d2_14hpf_plate01_B11_e01,1,0,0.0,0,0,0,0,0,,
20260414_b9d2_14hpf_plate01,20260414_b9d2_14hpf_plate01_B12_e01,1,0,0.0,0,0,0,0,0,,
20260414_b9d2_14hpf_plate01,20260414_b9d2_14hpf_plate01_C01_e01,1,0,0.0,0,0,0,0,0,,
20260414_b9d2_14hpf_plate01,20260414_b9d2_14hpf_plate01_C02_e01,1,0,0.0,0,0,0,0,0,,
20260414_b9d2_14hpf_plate01,20260414_b9d2_14hpf_plate01_C03_e01,1,0,0.0,0,0,0,0,0,,
20260414_b9d2_14hpf_plate01,20260414_b9d2_14hpf_plate01_C03_e02,1,0,0.0,0,0,0,0,0,,
20260414_b9d2_14hpf_plate01,20260414_b9d2_14hpf_plate01_C04_e01,1,0,0.0,0,0,0,0,0,,
20260414_b9d2_14hpf_plate01,20260414_b9d2_14hpf_plate01_C05_e01,1,0,0.0,0,0,0,0,0,,
20260414_b9d2_14hpf_plate01,20260414_b9d2_14hpf_plate01_C06_e01,1,0,0.0,0,0,0,0,0,,
20260414_b9d2_14hpf_plate01,20260414_b9d2_14hpf_plate01_C07_e01,1,0,0.0,0,0,0,0,0,,
20260414_b9d2_14hpf_plate01,20260414_b9d2_14hpf_plate01_C07_e02,1,0,0.0,0,0,0,0,0,,
20260414_b9d2_14hpf_plate01,20260414_b9d2_14hpf_plate01_C08_e01,1,0,0.0,0,0,0,0,0,,
20260414_b9d2_14hpf_plate01,20260414_b9d2_14hpf_plate01_C09_e01,1,0,0.0,0,0,0,0,0,,
20260414_b9d2_14hpf_plate01,20260414_b9d2_14hpf_plate01_C10_e01,1,0,0.0,0,0,0,0,0,,
20260414_b9d2_14hpf_plate01,20260414_b9d2_14hpf_plate01_C11_e01,1,0,0.0,0,0,0,0,0,,
20260414_b9d2_14hpf_plate01,20260414_b9d2_14hpf_plate01_C12_e01,1,0,0.0,0,0,0,0,0,,
20260414_b9d2_14hpf_plate01,20260414_b9d2_14hpf_plate01_D01_e01,1,0,0.0,0,0,0,0,0,,
20260414_b9d2_14hpf_plate01,20260414_b9d2_14hpf_plate01_D02_e01,1,0,0.0,0,0,0,0,0,,
20260414_b9d2_14hpf_plate01,20260414_b9d2_14hpf_plate01_D03_e01,1,0,0.0,0,0,0,0,0,,
20260414_b9d2_14hpf_plate01,20260414_b9d2_14hpf_plate01_D04_e01,1,0,0.0,0,0,0,0,0,,
20260414_b9d2_14hpf_plate01,20260414_b9d2_14hpf_plate01_D05_e01,1,0,0.0,0,0,0,0,0,,
20260414_b9d2_14hpf_plate01,20260414_b9d2_14hpf_plate01_D06_e01,1,0,0.0,0,0,0,0,0,,
20260414_b9d2_14hpf_plate01,20260414_b9d2_14hpf_plate01_D07_e01,1,0,0.0,0,0,0,0,0,,
20260414_b9d2_14hpf_plate01,20260414_b9d2_14hpf_plate01_D08_e01,1,0,0.0,0,0,0,0,0,,
20260414_b9d2_14hpf_plate01,20260414_b9d2_14hpf_plate01_D09_e01,1,0,0.0,0,0,0,0,0,,
20260414_b9d2_14hpf_plate01,20260414_b9d2_14hpf_plate01_D10_e01,1,0,0.0,0,0,0,0,0,,
20260414_b9d2_14hpf_plate01,20260414_b9d2_14hpf_plate01_D11_e01,1,0,0.0,0,0,0,0,0,,
20260414_b9d2_14hpf_plate01,20260414_b9d2_14hpf_plate01_D12_e01,1,0,0.0,0,0,0,0,0,,
20260414_b9d2_14hpf_plate01,20260414_b9d2_14hpf_plate01_E01_e01,1,0,0.0,0,0,0,0,0,,
20260414_b9d2_14hpf_plate01,20260414_b9d2_14hpf_plate01_E02_e01,1,0,0.0,0,0,0,0,0,,
20260414_b9d2_14hpf_plate01,20260414_b9d2_14hpf_plate01_E03_e01,1,0,0.0,0,0,0,0,0,,
20260414_b9d2_14hpf_plate01,20260414_b9d2_14hpf_plate01_E04_e01,1,0,0.0,0,0,0,0,0,,
20260414_b9d2_14hpf_plate01,20260414_b9d2_14hpf_plate01_E05_e01,1,0,0.0,0,0,0,0,0,,
20260414_b9d2_14hpf_plate01,20260414_b9d2_14hpf_plate01_E06_e01,1,0,0.0,0,0,0,0,0,,
20260414_b9d2_14hpf_plate01,20260414_b9d2_14hpf_plate01_E07_e01,1,0,0.0,0,0,0,0,0,,
20260414_b9d2_14hpf_plate01,20260414_b9d2_14hpf_plate01_E08_e01,1,0,0.0,0,0,0,0,0,,
20260414_b9d2_14hpf_plate01,20260414_b9d2_14hpf_plate01_E09_e01,1,0,0.0,0,0,0,0,0,,
20260414_b9d2_14hpf_plate01,20260414_b9d2_14hpf_plate01_E10_e01,1,0,0.0,0,0,0,0,0,,
20260414_b9d2_14hpf_plate01,20260414_b9d2_14hpf_plate01_E11_e01,1,0,0.0,0,0,0,0,0,,
20260414_b9d2_14hpf_plate01,20260414_b9d2_14hpf_plate01_E12_e01,1,0,0.0,0,0,0,0,0,,
20260414_b9d2_14hpf_plate01,20260414_b9d2_14hpf_plate01_F01_e01,1,0,0.0,0,0,0,0,0,,
20260414_b9d2_14hpf_plate01,20260414_b9d2_14hpf_plate01_F02_e01,1,0,0.0,0,0,0,0,0,,
20260414_b9d2_14hpf_plate01,20260414_b9d2_14hpf_plate01_F02_e02,1,1,1.0,1,1,1,0,0,-0.6194086033164034,-0.6194086033164034
20260414_b9d2_14hpf_plate01,20260414_b9d2_14hpf_plate01_F03_e01,1,0,0.0,0,0,0,0,0,,
20260414_b9d2_14hpf_plate01,20260414_b9d2_14hpf_plate01_F04_e01,1,0,0.0,0,0,0,0,0,,
20260414_b9d2_14hpf_plate01,20260414_b9d2_14hpf_plate01_F05_e01,1,0,0.0,0,0,0,0,0,,
20260414_b9d2_14hpf_plate01,20260414_b9d2_14hpf_plate01_F05_e02,1,0,0.0,0,0,0,0,0,,
20260414_b9d2_14hpf_plate01,20260414_b9d2_14hpf_plate01_F06_e01,1,0,0.0,0,0,0,0,0,,
20260414_b9d2_14hpf_plate01,20260414_b9d2_14hpf_plate01_F06_e02,1,1,1.0,1,1,1,0,0,-0.36054338301384736,-0.36054338301384736
20260414_b9d2_14hpf_plate01,20260414_b9d2_14hpf_plate01_F06_e03,1,1,1.0,1,1,1,0,0,-0.7618692255447325,-0.7618692255447325
20260414_b9d2_14hpf_plate01,20260414_b9d2_14hpf_plate01_F07_e01,1,0,0.0,0,0,0,0,0,,
20260414_b9d2_14hpf_plate01,20260414_b9d2_14hpf_plate01_F07_e02,1,0,0.0,0,0,0,0,0,,
20260414_b9d2_14hpf_plate01,20260414_b9d2_14hpf_plate01_F08_e01,1,0,0.0,0,0,0,0,0,,
20260414_b9d2_14hpf_plate01,20260414_b9d2_14hpf_plate01_F08_e02,1,0,0.0,0,0,0,0,0,,
20260414_b9d2_14hpf_plate01,20260414_b9d2_14hpf_plate01_F09_e01,1,0,0.0,0,0,0,0,0,,
20260414_b9d2_14hpf_plate01,20260414_b9d2_14hpf_plate01_F10_e01,1,0,0.0,0,0,0,0,0,,
20260414_b9d2_14hpf_plate01,20260414_b9d2_14hpf_plate01_F11_e01,1,0,0.0,0,0,0,0,0,,
20260414_b9d2_14hpf_plate01,20260414_b9d2_14hpf_plate01_F12_e01,1,0,0.0,0,0,0,0,0,,
20260414_b9d2_14hpf_plate01,20260414_b9d2_14hpf_plate01_G01_e01,1,0,0.0,0,0,0,0,0,,
20260414_b9d2_14hpf_plate01,20260414_b9d2_14hpf_plate01_G02_e01,1,0,0.0,0,0,0,0,0,,
20260414_b9d2_14hpf_plate01,20260414_b9d2_14hpf_plate01_G02_e02,1,1,1.0,1,1,1,0,0,-0.551371239186327,-0.551371239186327
20260414_b9d2_14hpf_plate01,20260414_b9d2_14hpf_plate01_G03_e01,1,0,0.0,0,0,0,0,0,,
20260414_b9d2_14hpf_plate01,20260414_b9d2_14hpf_plate01_G04_e01,1,0,0.0,0,0,0,0,0,,
20260414_b9d2_14hpf_plate01,20260414_b9d2_14hpf_plate01_G05_e01,1,0,0.0,0,0,0,0,0,,
20260414_b9d2_14hpf_plate01,20260414_b9d2_14hpf_plate01_G06_e01,1,0,0.0,0,0,0,0,0,,
20260414_b9d2_14hpf_plate01,20260414_b9d2_14hpf_plate01_G07_e01,1,0,0.0,0,0,0,0,0,,
20260414_b9d2_14hpf_plate01,20260414_b9d2_14hpf_plate01_G08_e01,1,0,0.0,0,0,0,0,0,,
20260414_b9d2_14hpf_plate01,20260414_b9d2_14hpf_plate01_G09_e01,1,0,0.0,0,0,0,0,0,,
20260414_b9d2_14hpf_plate01,20260414_b9d2_14hpf_plate01_G10_e01,1,0,0.0,0,0,0,0,0,,
20260414_b9d2_14hpf_plate01,20260414_b9d2_14hpf_plate01_G11_e01,1,0,0.0,0,0,0,0,0,,
20260414_b9d2_14hpf_plate01,20260414_b9d2_14hpf_plate01_G12_e01,1,0,0.0,0,0,0,0,0,,
20260414_b9d2_14hpf_plate01,20260414_b9d2_14hpf_plate01_H01_e01,1,0,0.0,0,0,0,0,0,,
20260414_b9d2_14hpf_plate01,20260414_b9d2_14hpf_plate01_H02_e01,1,0,0.0,0,0,0,0,0,,
20260414_b9d2_14hpf_plate01,20260414_b9d2_14hpf_plate01_H02_e02,1,0,0.0,0,0,0,0,0,,
20260414_b9d2_14hpf_plate01,20260414_b9d2_14hpf_plate01_H03_e01,1,0,0.0,0,0,0,0,0,,
20260414_b9d2_14hpf_plate01,20260414_b9d2_14hpf_plate01_H04_e01,1,0,0.0,0,0,0,0,0,,
20260414_b9d2_14hpf_plate01,20260414_b9d2_14hpf_plate01_H05_e01,1,0,0.0,0,0,0,0,0,,
20260414_b9d2_14hpf_plate01,20260414_b9d2_14hpf_plate01_H06_e01,1,0,0.0,0,0,0,0,0,,
20260414_b9d2_14hpf_plate01,20260414_b9d2_14hpf_plate01_H07_e01,1,0,0.0,0,0,0,0,0,,
20260414_b9d2_14hpf_plate01,20260414_b9d2_14hpf_plate01_H08_e01,1,0,0.0,0,0,0,0,0,,
20260414_b9d2_14hpf_plate01,20260414_b9d2_14hpf_plate01_H09_e01,1,0,0.0,0,0,0,0,0,,
20260414_b9d2_14hpf_plate01,20260414_b9d2_14hpf_plate01_H10_e01,1,0,0.0,0,0,0,0,0,,
20260414_b9d2_14hpf_plate01,20260414_b9d2_14hpf_plate01_H11_e01,1,0,0.0,0,0,0,0,0,,
20260414_b9d2_14hpf_plate01,20260414_b9d2_14hpf_plate01_H12_e01,1,0,0.0,0,0,0,0,0,,
20260414_b9d2_30hpf_plate01,20260414_b9d2_30hpf_plate01_A01_e01,1,0,0.0,0,0,0,0,0,,
20260414_b9d2_30hpf_plate01,20260414_b9d2_30hpf_plate01_A02_e01,1,0,0.0,0,0,0,0,0,,
20260414_b9d2_30hpf_plate01,20260414_b9d2_30hpf_plate01_A03_e01,1,0,0.0,0,0,0,0,0,,
20260414_b9d2_30hpf_plate01,20260414_b9d2_30hpf_plate01_A04_e01,1,0,0.0,0,0,0,0,0,,
20260414_b9d2_30hpf_plate01,20260414_b9d2_30hpf_plate01_A05_e01,1,0,0.0,0,0,0,0,0,,
20260414_b9d2_30hpf_plate01,20260414_b9d2_30hpf_plate01_A06_e01,1,0,0.0,0,0,0,0,0,,
20260414_b9d2_30hpf_plate01,20260414_b9d2_30hpf_plate01_A07_e01,1,0,0.0,0,0,0,0,0,,
20260414_b9d2_30hpf_plate01,20260414_b9d2_30hpf_plate01_A08_e01,1,0,0.0,0,0,0,0,0,,
20260414_b9d2_30hpf_plate01,20260414_b9d2_30hpf_plate01_A09_e01,1,0,0.0,0,0,0,0,0,,
20260414_b9d2_30hpf_plate01,20260414_b9d2_30hpf_plate01_A10_e01,1,0,0.0,0,0,0,0,0,,
20260414_b9d2_30hpf_plate01,20260414_b9d2_30hpf_plate01_A11_e01,1,0,0.0,0,0,0,0,0,,
20260414_b9d2_30hpf_plate01,20260414_b9d2_30hpf_plate01_A12_e01,1,0,0.0,0,0,0,0,0,,
20260414_b9d2_30hpf_plate01,20260414_b9d2_30hpf_plate01_B01_e01,1,0,0.0,0,0,0,0,0,,
20260414_b9d2_30hpf_plate01,20260414_b9d2_30hpf_plate01_B02_e01,1,0,0.0,0,0,0,0,0,,
20260414_b9d2_30hpf_plate01,20260414_b9d2_30hpf_plate01_B03_e01,1,0,0.0,0,0,0,0,0,,
20260414_b9d2_30hpf_plate01,20260414_b9d2_30hpf_plate01_B04_e01,1,0,0.0,0,0,0,0,0,,
20260414_b9d2_30hpf_plate01,20260414_b9d2_30hpf_plate01_B05_e01,1,0,0.0,0,0,0,0,0,,
20260414_b9d2_30hpf_plate01,20260414_b9d2_30hpf_plate01_B06_e01,1,0,0.0,0,0,0,0,0,,
20260414_b9d2_30hpf_plate01,20260414_b9d2_30hpf_plate01_B07_e01,1,0,0.0,0,0,0,0,0,,
20260414_b9d2_30hpf_plate01,20260414_b9d2_30hpf_plate01_B08_e01,1,0,0.0,0,0,0,0,0,,
20260414_b9d2_30hpf_plate01,20260414_b9d2_30hpf_plate01_B09_e01,1,0,0.0,0,0,0,0,0,,
20260414_b9d2_30hpf_plate01,20260414_b9d2_30hpf_plate01_B10_e01,1,0,0.0,0,0,0,0,0,,
20260414_b9d2_30hpf_plate01,20260414_b9d2_30hpf_plate01_B11_e01,1,0,0.0,0,0,0,0,0,,
20260414_b9d2_30hpf_plate01,20260414_b9d2_30hpf_plate01_B12_e01,1,0,0.0,0,0,0,0,0,,
20260414_b9d2_30hpf_plate01,20260414_b9d2_30hpf_plate01_C01_e01,1,0,0.0,0,0,0,0,0,,
20260414_b9d2_30hpf_plate01,20260414_b9d2_30hpf_plate01_C02_e01,1,0,0.0,0,0,0,0,0,,
20260414_b9d2_30hpf_plate01,20260414_b9d2_30hpf_plate01_C03_e01,1,0,0.0,0,0,0,0,0,,
20260414_b9d2_30hpf_plate01,20260414_b9d2_30hpf_plate01_C04_e01,1,0,0.0,0,0,0,0,0,,
20260414_b9d2_30hpf_plate01,20260414_b9d2_30hpf_plate01_C05_e01,1,0,0.0,0,0,0,0,0,,
20260414_b9d2_30hpf_plate01,20260414_b9d2_30hpf_plate01_C05_e02,1,1,1.0,1,1,1,0,0,-0.8181830586792365,-0.8181830586792365
20260414_b9d2_30hpf_plate01,20260414_b9d2_30hpf_plate01_C06_e01,1,0,0.0,0,0,0,0,0,,
20260414_b9d2_30hpf_plate01,20260414_b9d2_30hpf_plate01_C07_e01,1,0,0.0,0,0,0,0,0,,
20260414_b9d2_30hpf_plate01,20260414_b9d2_30hpf_plate01_C08_e01,1,0,0.0,0,0,0,0,0,,
20260414_b9d2_30hpf_plate01,20260414_b9d2_30hpf_plate01_C09_e01,1,0,0.0,0,0,0,0,0,,
20260414_b9d2_30hpf_plate01,20260414_b9d2_30hpf_plate01_C10_e01,1,0,0.0,0,0,0,0,0,,
20260414_b9d2_30hpf_plate01,20260414_b9d2_30hpf_plate01_C10_e02,1,1,1.0,1,1,1,0,0,-0.36677047992219525,-0.36677047992219525
20260414_b9d2_30hpf_plate01,20260414_b9d2_30hpf_plate01_C11_e01,1,0,0.0,0,0,0,0,0,,
20260414_b9d2_30hpf_plate01,20260414_b9d2_30hpf_plate01_C12_e01,1,0,0.0,0,0,0,0,0,,
20260414_b9d2_30hpf_plate01,20260414_b9d2_30hpf_plate01_D01_e01,1,0,0.0,0,0,0,0,0,,
20260414_b9d2_30hpf_plate01,20260414_b9d2_30hpf_plate01_D02_e01,1,0,0.0,0,0,0,0,0,,
20260414_b9d2_30hpf_plate01,20260414_b9d2_30hpf_plate01_D03_e01,1,1,1.0,1,1,1,0,0,-0.798534358254701,-0.798534358254701
20260414_b9d2_30hpf_plate01,20260414_b9d2_30hpf_plate01_D04_e01,1,0,0.0,0,0,0,0,0,,
20260414_b9d2_30hpf_plate01,20260414_b9d2_30hpf_plate01_D05_e01,1,0,0.0,0,0,0,0,0,,
20260414_b9d2_30hpf_plate01,20260414_b9d2_30hpf_plate01_D06_e01,1,0,0.0,0,0,0,0,0,,
20260414_b9d2_30hpf_plate01,20260414_b9d2_30hpf_plate01_D07_e01,1,0,0.0,0,0,0,0,0,,
20260414_b9d2_30hpf_plate01,20260414_b9d2_30hpf_plate01_D08_e01,1,0,0.0,0,0,0,0,0,,
20260414_b9d2_30hpf_plate01,20260414_b9d2_30hpf_plate01_D08_e02,1,1,1.0,1,1,1,0,0,-0.7671882765196179,-0.7671882765196179
20260414_b9d2_30hpf_plate01,20260414_b9d2_30hpf_plate01_D09_e01,1,0,0.0,0,0,0,0,0,,
20260414_b9d2_30hpf_plate01,20260414_b9d2_30hpf_plate01_D10_e01,1,0,0.0,0,0,0,0,0,,
20260414_b9d2_30hpf_plate01,20260414_b9d2_30hpf_plate01_D10_e02,1,1,1.0,1,1,1,0,0,-0.19904356608913684,-0.19904356608913684
20260414_b9d2_30hpf_plate01,20260414_b9d2_30hpf_plate01_D11_e01,1,0,0.0,0,0,0,0,0,,
20260414_b9d2_30hpf_plate01,20260414_b9d2_30hpf_plate01_D12_e01,1,0,0.0,0,0,0,0,0,,
20260414_b9d2_30hpf_plate01,20260414_b9d2_30hpf_plate01_E01_e01,1,0,0.0,0,0,0,0,0,,
20260414_b9d2_30hpf_plate01,20260414_b9d2_30hpf_plate01_E02_e01,1,0,0.0,0,0,0,0,0,,
20260414_b9d2_30hpf_plate01,20260414_b9d2_30hpf_plate01_E03_e01,1,0,0.0,0,0,0,0,0,,
20260414_b9d2_30hpf_plate01,20260414_b9d2_30hpf_plate01_E04_e01,1,0,0.0,0,0,0,0,0,,
20260414_b9d2_30hpf_plate01,20260414_b9d2_30hpf_plate01_E05_e01,1,0,0.0,0,0,0,0,0,,
20260414_b9d2_30hpf_plate01,20260414_b9d2_30hpf_plate01_E06_e01,1,0,0.0,0,0,0,0,0,,
20260414_b9d2_30hpf_plate01,20260414_b9d2_30hpf_plate01_E07_e01,1,0,0.0,0,0,0,0,0,,
20260414_b9d2_30hpf_plate01,20260414_b9d2_30hpf_plate01_E08_e01,1,0,0.0,0,0,0,0,0,,
20260414_b9d2_30hpf_plate01,20260414_b9d2_30hpf_plate01_E09_e01,1,0,0.0,0,0,0,0,0,,
20260414_b9d2_30hpf_plate01,20260414_b9d2_30hpf_plate01_E10_e01,1,0,0.0,0,0,0,0,0,,
20260414_b9d2_30hpf_plate01,20260414_b9d2_30hpf_plate01_E11_e01,1,0,0.0,0,0,0,0,0,,
20260414_b9d2_30hpf_plate01,20260414_b9d2_30hpf_plate01_E12_e01,1,0,0.0,0,0,0,0,0,,
20260414_b9d2_30hpf_plate01,20260414_b9d2_30hpf_plate01_F01_e01,1,0,0.0,0,0,0,0,0,,
20260414_b9d2_30hpf_plate01,20260414_b9d2_30hpf_plate01_F02_e01,1,0,0.0,0,0,0,0,0,,
20260414_b9d2_30hpf_plate01,20260414_b9d2_30hpf_plate01_F03_e01,1,0,0.0,0,0,0,0,0,,
20260414_b9d2_30hpf_plate01,20260414_b9d2_30hpf_plate01_F04_e01,1,0,0.0,0,0,0,0,0,,
20260414_b9d2_30hpf_plate01,20260414_b9d2_30hpf_plate01_F05_e01,1,0,0.0,0,0,0,0,0,,
20260414_b9d2_30hpf_plate01,20260414_b9d2_30hpf_plate01_F06_e01,1,0,0.0,0,0,0,0,0,,
20260414_b9d2_30hpf_plate01,20260414_b9d2_30hpf_plate01_F07_e01,1,0,0.0,0,0,0,0,0,,
20260414_b9d2_30hpf_plate01,20260414_b9d2_30hpf_plate01_F08_e01,1,0,0.0,0,0,0,0,0,,
20260414_b9d2_30hpf_plate01,20260414_b9d2_30hpf_plate01_F09_e01,1,0,0.0,0,0,0,0,0,,
20260414_b9d2_30hpf_plate01,20260414_b9d2_30hpf_plate01_F10_e01,1,0,0.0,0,0,0,0,0,,
20260414_b9d2_30hpf_plate01,20260414_b9d2_30hpf_plate01_F11_e01,1,0,0.0,0,0,0,0,0,,
20260414_b9d2_30hpf_plate01,20260414_b9d2_30hpf_plate01_F12_e01,1,0,0.0,0,0,0,0,0,,
20260414_b9d2_30hpf_plate01,20260414_b9d2_30hpf_plate01_G01_e01,1,0,0.0,0,0,0,0,0,,
20260414_b9d2_30hpf_plate01,20260414_b9d2_30hpf_plate01_G02_e01,1,1,1.0,1,1,1,0,0,-0.204868088601207,-0.204868088601207
20260414_b9d2_30hpf_plate01,20260414_b9d2_30hpf_plate01_G03_e01,1,0,0.0,0,0,0,0,0,,
20260414_b9d2_30hpf_plate01,20260414_b9d2_30hpf_plate01_G04_e01,1,0,0.0,0,0,0,0,0,,
20260414_b9d2_30hpf_plate01,20260414_b9d2_30hpf_plate01_G05_e01,1,0,0.0,0,0,0,0,0,,
20260414_b9d2_30hpf_plate01,20260414_b9d2_30hpf_plate01_G05_e02,1,1,1.0,1,1,1,0,0,-0.16629573204824422,-0.16629573204824422
20260414_b9d2_30hpf_plate01,20260414_b9d2_30hpf_plate01_G06_e01,1,0,0.0,0,0,0,0,0,,
20260414_b9d2_30hpf_plate01,20260414_b9d2_30hpf_plate01_G07_e01,1,0,0.0,0,0,0,0,0,,
20260414_b9d2_30hpf_plate01,20260414_b9d2_30hpf_plate01_G08_e01,1,0,0.0,0,0,0,0,0,,
20260414_b9d2_30hpf_plate01,20260414_b9d2_30hpf_plate01_G09_e01,1,0,0.0,0,0,0,0,0,,
20260414_b9d2_30hpf_plate01,20260414_b9d2_30hpf_plate01_G09_e02,1,1,1.0,1,1,1,0,0,-0.6388554361084448,-0.6388554361084448
20260414_b9d2_30hpf_plate01,20260414_b9d2_30hpf_plate01_G10_e01,1,0,0.0,0,0,0,0,0,,
20260414_b9d2_30hpf_plate01,20260414_b9d2_30hpf_plate01_G11_e01,1,0,0.0,0,0,0,0,0,,
20260414_b9d2_30hpf_plate01,20260414_b9d2_30hpf_plate01_G12_e01,1,0,0.0,0,0,0,0,0,,
20260414_b9d2_30hpf_plate01,20260414_b9d2_30hpf_plate01_H01_e01,1,0,0.0,0,0,0,0,0,,
20260414_b9d2_30hpf_plate01,20260414_b9d2_30hpf_plate01_H02_e01,1,0,0.0,0,0,0,0,0,,
20260414_b9d2_30hpf_plate01,20260414_b9d2_30hpf_plate01_H02_e02,1,1,1.0,1,1,1,0,0,-0.7267791410831806,-0.7267791410831806
20260414_b9d2_30hpf_plate01,20260414_b9d2_30hpf_plate01_H03_e01,1,0,0.0,0,0,0,0,0,,
20260414_b9d2_30hpf_plate01,20260414_b9d2_30hpf_plate01_H04_e01,1,0,0.0,0,0,0,0,0,,
20260414_b9d2_30hpf_plate01,20260414_b9d2_30hpf_plate01_H05_e01,1,0,0.0,0,0,0,0,0,,
20260414_b9d2_30hpf_plate01,20260414_b9d2_30hpf_plate01_H06_e01,1,0,0.0,0,0,0,0,0,,
20260414_b9d2_30hpf_plate01,20260414_b9d2_30hpf_plate01_H06_e02,1,1,1.0,1,1,1,0,0,-0.8257476875019666,-0.8257476875019666
20260414_b9d2_30hpf_plate01,20260414_b9d2_30hpf_plate01_H06_e03,1,1,1.0,1,1,1,0,0,-0.8037305090434773,-0.8037305090434773
20260414_b9d2_30hpf_plate01,20260414_b9d2_30hpf_plate01_H07_e01,1,0,0.0,0,0,0,0,0,,
20260414_b9d2_30hpf_plate01,20260414_b9d2_30hpf_plate01_H07_e02,1,0,0.0,0,0,0,0,0,,
20260414_b9d2_30hpf_plate01,20260414_b9d2_30hpf_plate01_H08_e01,1,0,0.0,0,0,0,0,0,,
20260414_b9d2_30hpf_plate01,20260414_b9d2_30hpf_plate01_H09_e01,1,0,0.0,0,0,0,0,0,,
20260414_b9d2_30hpf_plate01,20260414_b9d2_30hpf_plate01_H10_e01,1,0,0.0,0,0,0,0,0,,
20260414_b9d2_30hpf_plate01,20260414_b9d2_30hpf_plate01_H11_e01,1,0,0.0,0,0,0,0,0,,
20260414_b9d2_30hpf_plate01,20260414_b9d2_30hpf_plate01_H12_e01,1,0,0.0,0,0,0,0,0,,
20260414_b9d2_30hpf_plate02,20260414_b9d2_30hpf_plate02_A01_e01,1,0,0.0,0,0,0,0,0,,
20260414_b9d2_30hpf_plate02,20260414_b9d2_30hpf_plate02_A02_e01,1,1,1.0,1,1,1,0,0,-0.12315559642979908,-0.12315559642979908
20260414_b9d2_30hpf_plate02,20260414_b9d2_30hpf_plate02_A03_e01,1,0,0.0,0,0,0,0,0,,
20260414_b9d2_30hpf_plate02,20260414_b9d2_30hpf_plate02_A03_e02,1,1,1.0,1,1,1,0,0,-0.8886331961177617,-0.8886331961177617
20260414_b9d2_30hpf_plate02,20260414_b9d2_30hpf_plate02_A04_e01,1,0,0.0,0,0,0,0,0,,
20260414_b9d2_30hpf_plate02,20260414_b9d2_30hpf_plate02_A05_e01,1,0,0.0,0,0,0,0,0,,
20260414_b9d2_30hpf_plate02,20260414_b9d2_30hpf_plate02_A06_e01,1,0,0.0,0,0,0,0,0,,
20260414_b9d2_30hpf_plate02,20260414_b9d2_30hpf_plate02_A07_e01,1,0,0.0,0,0,0,0,0,,
20260414_b9d2_30hpf_plate02,20260414_b9d2_30hpf_plate02_A08_e01,1,0,0.0,0,0,0,0,0,,
20260414_b9d2_30hpf_plate02,20260414_b9d2_30hpf_plate02_B01_e01,1,0,0.0,0,0,0,0,0,,
20260414_b9d2_30hpf_plate02,20260414_b9d2_30hpf_plate02_B02_e01,1,0,0.0,0,0,0,0,0,,
20260414_b9d2_30hpf_plate02,20260414_b9d2_30hpf_plate02_B03_e01,1,0,0.0,0,0,0,0,0,,
20260414_b9d2_30hpf_plate02,20260414_b9d2_30hpf_plate02_B04_e01,1,0,0.0,0,0,0,0,0,,
20260414_b9d2_30hpf_plate02,20260414_b9d2_30hpf_plate02_B05_e01,1,0,0.0,0,0,0,0,0,,
20260414_b9d2_30hpf_plate02,20260414_b9d2_30hpf_plate02_B06_e01,1,0,0.0,0,0,0,0,0,,
20260414_b9d2_30hpf_plate02,20260414_b9d2_30hpf_plate02_B07_e01,1,0,0.0,0,0,0,0,0,,
20260414_b9d2_30hpf_plate02,20260414_b9d2_30hpf_plate02_B08_e01,1,0,0.0,0,0,0,0,0,,
20260414_b9d2_30hpf_plate02,20260414_b9d2_30hpf_plate02_B08_e03,1,0,0.0,0,0,0,0,0,,
20260414_b9d2_30hpf_plate02,20260414_b9d2_30hpf_plate02_C01_e01,1,0,0.0,0,0,0,0,0,,
20260414_b9d2_30hpf_plate02,20260414_b9d2_30hpf_plate02_C02_e01,1,0,0.0,0,0,0,0,0,,
20260414_b9d2_30hpf_plate02,20260414_b9d2_30hpf_plate02_C03_e01,1,0,0.0,0,0,0,0,0,,
20260414_b9d2_30hpf_plate02,20260414_b9d2_30hpf_plate02_C03_e02,1,1,1.0,1,1,1,0,0,-0.07414260201287655,-0.07414260201287655
20260414_b9d2_30hpf_plate02,20260414_b9d2_30hpf_plate02_C03_e03,1,1,1.0,1,1,1,0,0,-0.9434465449035508,-0.9434465449035508
20260414_b9d2_30hpf_plate02,20260414_b9d2_30hpf_plate02_C04_e01,1,0,0.0,0,0,0,0,0,,
20260414_b9d2_30hpf_plate02,20260414_b9d2_30hpf_plate02_C05_e01,1,0,0.0,0,0,0,0,0,,
20260414_b9d2_30hpf_plate02,20260414_b9d2_30hpf_plate02_C06_e01,1,0,0.0,0,0,0,0,0,,
20260414_b9d2_30hpf_plate02,20260414_b9d2_30hpf_plate02_C07_e01,1,0,0.0,0,0,0,0,0,,
20260414_b9d2_30hpf_plate02,20260414_b9d2_30hpf_plate02_D01_e01,1,0,0.0,0,0,0,0,0,,
20260414_b9d2_30hpf_plate02,20260414_b9d2_30hpf_plate02_D02_e01,1,0,0.0,0,0,0,0,0,,
20260414_b9d2_30hpf_plate02,20260414_b9d2_30hpf_plate02_D03_e01,1,0,0.0,0,0,0,0,0,,
20260414_b9d2_30hpf_plate02,20260414_b9d2_30hpf_plate02_D04_e01,1,0,0.0,0,0,0,0,0,,
20260414_b9d2_30hpf_plate02,20260414_b9d2_30hpf_plate02_D04_e02,1,1,1.0,1,1,1,0,0,-0.2637416854452026,-0.2637416854452026
20260414_b9d2_30hpf_plate02,20260414_b9d2_30hpf_plate02_D05_e01,1,0,0.0,0,0,0,0,0,,
20260414_b9d2_30hpf_plate02,20260414_b9d2_30hpf_plate02_D06_e01,1,0,0.0,0,0,0,0,0,,
20260414_b9d2_30hpf_plate02,20260414_b9d2_30hpf_plate02_D07_e01,1,0,0.0,0,0,0,0,0,,
20260414_b9d2_30hpf_plate02,20260414_b9d2_30hpf_plate02_D08_e01,1,0,0.0,0,0,0,0,0,,
20260414_b9d2_30hpf_plate02,20260414_b9d2_30hpf_plate02_D08_e03,1,0,0.0,0,0,0,0,0,,
20260414_b9d2_30hpf_plate02,20260414_b9d2_30hpf_plate02_E01_e01,1,0,0.0,0,0,0,0,0,,
20260414_b9d2_30hpf_plate02,20260414_b9d2_30hpf_plate02_E02_e01,1,0,0.0,0,0,0,0,0,,
20260414_b9d2_30hpf_plate02,20260414_b9d2_30hpf_plate02_E03_e01,1,0,0.0,0,0,0,0,0,,
20260414_b9d2_30hpf_plate02,20260414_b9d2_30hpf_plate02_E04_e01,1,0,0.0,0,0,0,0,0,,
20260414_b9d2_30hpf_plate02,20260414_b9d2_30hpf_plate02_E05_e01,1,0,0.0,0,0,0,0,0,,
20260414_b9d2_30hpf_plate02,20260414_b9d2_30hpf_plate02_E06_e01,1,0,0.0,0,0,0,0,0,,
20260414_b9d2_30hpf_plate02,20260414_b9d2_30hpf_plate02_E07_e01,1,0,0.0,0,0,0,0,0,,
20260414_b9d2_30hpf_plate02,20260414_b9d2_30hpf_plate02_E08_e01,1,0,0.0,0,0,0,0,0,,
20260414_b9d2_30hpf_plate02,20260414_b9d2_30hpf_plate02_E08_e02,1,0,0.0,0,0,0,0,0,,
20260414_b9d2_30hpf_plate02,20260414_b9d2_30hpf_plate02_E08_e03,1,0,0.0,0,0,0,0,0,,
20260414_b9d2_30hpf_plate02,20260414_b9d2_30hpf_plate02_F01_e01,1,0,0.0,0,0,0,0,0,,
20260414_b9d2_30hpf_plate02,20260414_b9d2_30hpf_plate02_F02_e01,1,0,0.0,0,0,0,0,0,,
20260414_b9d2_30hpf_plate02,20260414_b9d2_30hpf_plate02_F03_e01,1,0,0.0,0,0,0,0,0,,
20260414_b9d2_30hpf_plate02,20260414_b9d2_30hpf_plate02_F04_e01,1,0,0.0,0,0,0,0,0,,
20260414_b9d2_30hpf_plate02,20260414_b9d2_30hpf_plate02_F05_e01,1,0,0.0,0,0,0,0,0,,
20260414_b9d2_30hpf_plate02,20260414_b9d2_30hpf_plate02_F06_e01,1,0,0.0,0,0,0,0,0,,
20260414_b9d2_30hpf_plate02,20260414_b9d2_30hpf_plate02_F07_e01,1,0,0.0,0,0,0,0,0,,
20260414_b9d2_30hpf_plate02,20260414_b9d2_30hpf_plate02_G01_e01,1,0,0.0,0,0,0,0,0,,
20260414_b9d2_30hpf_plate02,20260414_b9d2_30hpf_plate02_G02_e01,1,0,0.0,0,0,0,0,0,,
20260414_b9d2_30hpf_plate02,20260414_b9d2_30hpf_plate02_G03_e01,1,0,0.0,0,0,0,0,0,,
20260414_b9d2_30hpf_plate02,20260414_b9d2_30hpf_plate02_G04_e01,1,0,0.0,0,0,0,0,0,,
20260414_b9d2_30hpf_plate02,20260414_b9d2_30hpf_plate02_G05_e01,1,0,0.0,0,0,0,0,0,,
20260414_b9d2_30hpf_plate02,20260414_b9d2_30hpf_plate02_G06_e01,1,0,0.0,0,0,0,0,0,,
20260414_b9d2_30hpf_plate02,20260414_b9d2_30hpf_plate02_G07_e01,1,0,0.0,0,0,0,0,0,,
20260414_b9d2_30hpf_plate02,20260414_b9d2_30hpf_plate02_G08_e01,1,0,0.0,0,0,0,0,0,,
20260414_b9d2_30hpf_plate02,20260414_b9d2_30hpf_plate02_H01_e01,1,0,0.0,0,0,0,0,0,,
20260414_b9d2_30hpf_plate02,20260414_b9d2_30hpf_plate02_H02_e01,1,1,1.0,1,1,1,0,0,-0.03827707749871828,-0.03827707749871828
20260414_b9d2_30hpf_plate02,20260414_b9d2_30hpf_plate02_H02_e02,1,1,1.0,1,1,1,0,0,-0.7543791606217041,-0.7543791606217041
20260414_b9d2_30hpf_plate02,20260414_b9d2_30hpf_plate02_H03_e01,1,0,0.0,0,0,0,0,0,,
20260414_b9d2_30hpf_plate02,20260414_b9d2_30hpf_plate02_H04_e01,1,0,0.0,0,0,0,0,0,,
20260414_b9d2_30hpf_plate02,20260414_b9d2_30hpf_plate02_H04_e02,1,1,1.0,1,1,1,0,0,-0.19007718496059717,-0.19007718496059717
20260414_b9d2_30hpf_plate02,20260414_b9d2_30hpf_plate02_H05_e01,1,0,0.0,0,0,0,0,0,,
20260414_b9d2_30hpf_plate02,20260414_b9d2_30hpf_plate02_H06_e01,1,0,0.0,0,0,0,0,0,,
20260414_b9d2_30hpf_plate02,20260414_b9d2_30hpf_plate02_H06_e02,1,0,0.0,0,0,0,0,0,,
20260414_b9d2_30hpf_plate02,20260414_b9d2_30hpf_plate02_H07_e01,1,0,0.0,0,0,0,0,0,,
20260415_b9d2_30to48hpf_plate01_t02,20260415_b9d2_30to48hpf_plate01_t02_A01_e01,1,0,0.0,0,0,0,0,0,,
20260415_b9d2_30to48hpf_plate01_t02,20260415_b9d2_30to48hpf_plate01_t02_A02_e01,1,0,0.0,0,0,0,0,0,,
20260415_b9d2_30to48hpf_plate01_t02,20260415_b9d2_30to48hpf_plate01_t02_A03_e01,1,0,0.0,0,0,0,0,0,,
20260415_b9d2_30to48hpf_plate01_t02,20260415_b9d2_30to48hpf_plate01_t02_A04_e01,1,0,0.0,0,0,0,0,0,,
20260415_b9d2_30to48hpf_plate01_t02,20260415_b9d2_30to48hpf_plate01_t02_A05_e01,1,0,0.0,0,0,0,0,0,,
20260415_b9d2_30to48hpf_plate01_t02,20260415_b9d2_30to48hpf_plate01_t02_A05_e02,1,0,0.0,0,0,0,0,0,,
20260415_b9d2_30to48hpf_plate01_t02,20260415_b9d2_30to48hpf_plate01_t02_A06_e01,1,0,0.0,0,0,0,0,0,,
20260415_b9d2_30to48hpf_plate01_t02,20260415_b9d2_30to48hpf_plate01_t02_A06_e02,1,1,1.0,1,1,1,0,0,-0.48612662674613344,-0.48612662674613344
20260415_b9d2_30to48hpf_plate01_t02,20260415_b9d2_30to48hpf_plate01_t02_A07_e01,1,0,0.0,0,0,0,0,0,,
20260415_b9d2_30to48hpf_plate01_t02,20260415_b9d2_30to48hpf_plate01_t02_A08_e01,1,0,0.0,0,0,0,0,0,,
20260415_b9d2_30to48hpf_plate01_t02,20260415_b9d2_30to48hpf_plate01_t02_A09_e01,1,0,0.0,0,0,0,0,0,,
20260415_b9d2_30to48hpf_plate01_t02,20260415_b9d2_30to48hpf_plate01_t02_A10_e01,1,0,0.0,0,0,0,0,0,,
20260415_b9d2_30to48hpf_plate01_t02,20260415_b9d2_30to48hpf_plate01_t02_A11_e01,1,0,0.0,0,0,0,0,0,,
20260415_b9d2_30to48hpf_plate01_t02,20260415_b9d2_30to48hpf_plate01_t02_A11_e02,1,1,1.0,1,1,1,0,0,-0.6006310196994407,-0.6006310196994407
20260415_b9d2_30to48hpf_plate01_t02,20260415_b9d2_30to48hpf_plate01_t02_A12_e01,1,0,0.0,0,0,0,0,0,,
20260415_b9d2_30to48hpf_plate01_t02,20260415_b9d2_30to48hpf_plate01_t02_A12_e02,1,1,1.0,1,1,1,0,0,-0.9563759120394006,-0.9563759120394006
20260415_b9d2_30to48hpf_plate01_t02,20260415_b9d2_30to48hpf_plate01_t02_B01_e01,1,0,0.0,0,0,0,0,0,,
20260415_b9d2_30to48hpf_plate01_t02,20260415_b9d2_30to48hpf_plate01_t02_B02_e01,1,0,0.0,0,0,0,0,0,,
20260415_b9d2_30to48hpf_plate01_t02,20260415_b9d2_30to48hpf_plate01_t02_B03_e01,1,0,0.0,0,0,0,0,0,,
20260415_b9d2_30to48hpf_plate01_t02,20260415_b9d2_30to48hpf_plate01_t02_B04_e01,1,0,0.0,0,0,0,0,0,,
20260415_b9d2_30to48hpf_plate01_t02,20260415_b9d2_30to48hpf_plate01_t02_B05_e01,1,0,0.0,0,0,0,0,0,,
20260415_b9d2_30to48hpf_plate01_t02,20260415_b9d2_30to48hpf_plate01_t02_B06_e01,1,0,0.0,0,0,0,0,0,,
20260415_b9d2_30to48hpf_plate01_t02,20260415_b9d2_30to48hpf_plate01_t02_B06_e02,1,0,0.0,0,0,0,0,0,,
20260415_b9d2_30to48hpf_plate01_t02,20260415_b9d2_30to48hpf_plate01_t02_B07_e01,1,0,0.0,0,0,0,0,0,,
20260415_b9d2_30to48hpf_plate01_t02,20260415_b9d2_30to48hpf_plate01_t02_B08_e01,1,0,0.0,0,0,0,0,0,,
20260415_b9d2_30to48hpf_plate01_t02,20260415_b9d2_30to48hpf_plate01_t02_B08_e02,1,1,1.0,1,1,1,0,0,-0.5467372416638381,-0.5467372416638381
20260415_b9d2_30to48hpf_plate01_t02,20260415_b9d2_30to48hpf_plate01_t02_B09_e01,1,0,0.0,0,0,0,0,0,,
20260415_b9d2_30to48hpf_plate01_t02,20260415_b9d2_30to48hpf_plate01_t02_B10_e01,1,0,0.0,0,0,0,0,0,,
20260415_b9d2_30to48hpf_plate01_t02,20260415_b9d2_30to48hpf_plate01_t02_B11_e01,1,0,0.0,0,0,0,0,0,,
20260415_b9d2_30to48hpf_plate01_t02,20260415_b9d2_30to48hpf_plate01_t02_B12_e01,1,0,0.0,0,0,0,0,0,,
20260415_b9d2_30to48hpf_plate01_t02,20260415_b9d2_30to48hpf_plate01_t02_C01_e01,1,0,0.0,0,0,0,0,0,,
20260415_b9d2_30to48hpf_plate01_t02,20260415_b9d2_30to48hpf_plate01_t02_C02_e01,1,0,0.0,0,0,0,0,0,,
20260415_b9d2_30to48hpf_plate01_t02,20260415_b9d2_30to48hpf_plate01_t02_C03_e01,1,0,0.0,0,0,0,0,0,,
20260415_b9d2_30to48hpf_plate01_t02,20260415_b9d2_30to48hpf_plate01_t02_C04_e01,1,0,0.0,0,0,0,0,0,,
20260415_b9d2_30to48hpf_plate01_t02,20260415_b9d2_30to48hpf_plate01_t02_C05_e01,1,0,0.0,0,0,0,0,0,,
20260415_b9d2_30to48hpf_plate01_t02,20260415_b9d2_30to48hpf_plate01_t02_C06_e01,1,0,0.0,0,0,0,0,0,,
20260415_b9d2_30to48hpf_plate01_t02,20260415_b9d2_30to48hpf_plate01_t02_C07_e01,1,0,0.0,0,0,0,0,0,,
20260415_b9d2_30to48hpf_plate01_t02,20260415_b9d2_30to48hpf_plate01_t02_C08_e01,1,0,0.0,0,0,0,0,0,,
20260415_b9d2_30to48hpf_plate01_t02,20260415_b9d2_30to48hpf_plate01_t02_C09_e01,1,0,0.0,0,0,0,0,0,,
20260415_b9d2_30to48hpf_plate01_t02,20260415_b9d2_30to48hpf_plate01_t02_C10_e01,1,0,0.0,0,0,0,0,0,,
20260415_b9d2_30to48hpf_plate01_t02,20260415_b9d2_30to48hpf_plate01_t02_C11_e01,1,0,0.0,0,0,0,0,0,,
20260415_b9d2_30to48hpf_plate01_t02,20260415_b9d2_30to48hpf_plate01_t02_C12_e01,1,0,0.0,0,0,0,0,0,,
20260415_b9d2_30to48hpf_plate01_t02,20260415_b9d2_30to48hpf_plate01_t02_D01_e01,1,0,0.0,0,0,0,0,0,,
20260415_b9d2_30to48hpf_plate01_t02,20260415_b9d2_30to48hpf_plate01_t02_D02_e01,1,0,0.0,0,0,0,0,0,,
20260415_b9d2_30to48hpf_plate01_t02,20260415_b9d2_30to48hpf_plate01_t02_D03_e01,1,0,0.0,0,0,0,0,0,,
20260415_b9d2_30to48hpf_plate01_t02,20260415_b9d2_30to48hpf_plate01_t02_D04_e01,1,0,0.0,0,0,0,0,0,,
20260415_b9d2_30to48hpf_plate01_t02,20260415_b9d2_30to48hpf_plate01_t02_D05_e01,1,0,0.0,0,0,0,0,0,,
20260415_b9d2_30to48hpf_plate01_t02,20260415_b9d2_30to48hpf_plate01_t02_D06_e01,1,0,0.0,0,0,0,0,0,,
20260415_b9d2_30to48hpf_plate01_t02,20260415_b9d2_30to48hpf_plate01_t02_D07_e01,1,0,0.0,0,0,0,0,0,,
20260415_b9d2_30to48hpf_plate01_t02,20260415_b9d2_30to48hpf_plate01_t02_D08_e01,1,0,0.0,0,0,0,0,0,,
20260415_b9d2_30to48hpf_plate01_t02,20260415_b9d2_30to48hpf_plate01_t02_D09_e01,1,0,0.0,0,0,0,0,0,,
20260415_b9d2_30to48hpf_plate01_t02,20260415_b9d2_30to48hpf_plate01_t02_D10_e01,1,0,0.0,0,0,0,0,0,,
20260415_b9d2_30to48hpf_plate01_t02,20260415_b9d2_30to48hpf_plate01_t02_D11_e01,1,0,0.0,0,0,0,0,0,,
20260415_b9d2_30to48hpf_plate01_t02,20260415_b9d2_30to48hpf_plate01_t02_D11_e02,1,1,1.0,1,1,1,0,0,-0.9641533021134135,-0.9641533021134135
20260415_b9d2_30to48hpf_plate01_t02,20260415_b9d2_30to48hpf_plate01_t02_D12_e01,1,0,0.0,0,0,0,0,0,,
20260415_b9d2_30to48hpf_plate01_t02,20260415_b9d2_30to48hpf_plate01_t02_E01_e01,1,0,0.0,0,0,0,0,0,,
20260415_b9d2_30to48hpf_plate01_t02,20260415_b9d2_30to48hpf_plate01_t02_E02_e01,1,0,0.0,0,0,0,0,0,,
20260415_b9d2_30to48hpf_plate01_t02,20260415_b9d2_30to48hpf_plate01_t02_E02_e02,1,1,1.0,1,1,1,0,0,-0.6130218161582657,-0.6130218161582657
20260415_b9d2_30to48hpf_plate01_t02,20260415_b9d2_30to48hpf_plate01_t02_E03_e01,1,0,0.0,0,0,0,0,0,,
20260415_b9d2_30to48hpf_plate01_t02,20260415_b9d2_30to48hpf_plate01_t02_E04_e01,1,0,0.0,0,0,0,0,0,,
20260415_b9d2_30to48hpf_plate01_t02,20260415_b9d2_30to48hpf_plate01_t02_E05_e01,1,0,0.0,0,0,0,0,0,,
20260415_b9d2_30to48hpf_plate01_t02,20260415_b9d2_30to48hpf_plate01_t02_E05_e02,1,1,1.0,1,1,1,0,0,-0.9743169368692257,-0.9743169368692257
20260415_b9d2_30to48hpf_plate01_t02,20260415_b9d2_30to48hpf_plate01_t02_E05_e03,1,1,1.0,1,1,1,0,0,-0.756002062314379,-0.756002062314379
20260415_b9d2_30to48hpf_plate01_t02,20260415_b9d2_30to48hpf_plate01_t02_E06_e01,1,0,0.0,0,0,0,0,0,,
20260415_b9d2_30to48hpf_plate01_t02,20260415_b9d2_30to48hpf_plate01_t02_E07_e01,1,0,0.0,0,0,0,0,0,,
20260415_b9d2_30to48hpf_plate01_t02,20260415_b9d2_30to48hpf_plate01_t02_E08_e01,1,0,0.0,0,0,0,0,0,,
20260415_b9d2_30to48hpf_plate01_t02,20260415_b9d2_30to48hpf_plate01_t02_E09_e01,1,0,0.0,0,0,0,0,0,,
20260415_b9d2_30to48hpf_plate01_t02,20260415_b9d2_30to48hpf_plate01_t02_E10_e01,1,0,0.0,0,0,0,0,0,,
20260415_b9d2_30to48hpf_plate01_t02,20260415_b9d2_30to48hpf_plate01_t02_E11_e01,1,0,0.0,0,0,0,0,0,,
20260415_b9d2_30to48hpf_plate01_t02,20260415_b9d2_30to48hpf_plate01_t02_E12_e01,1,0,0.0,0,0,0,0,0,,
20260415_b9d2_30to48hpf_plate01_t02,20260415_b9d2_30to48hpf_plate01_t02_F01_e01,1,0,0.0,0,0,0,0,0,,
20260415_b9d2_30to48hpf_plate01_t02,20260415_b9d2_30to48hpf_plate01_t02_F02_e01,1,0,0.0,0,0,0,0,0,,
20260415_b9d2_30to48hpf_plate01_t02,20260415_b9d2_30to48hpf_plate01_t02_F03_e01,1,0,0.0,0,0,0,0,0,,
20260415_b9d2_30to48hpf_plate01_t02,20260415_b9d2_30to48hpf_plate01_t02_F04_e01,1,0,0.0,0,0,0,0,0,,
20260415_b9d2_30to48hpf_plate01_t02,20260415_b9d2_30to48hpf_plate01_t02_F05_e01,1,0,0.0,0,0,0,0,0,,
20260415_b9d2_30to48hpf_plate01_t02,20260415_b9d2_30to48hpf_plate01_t02_F06_e01,1,0,0.0,0,0,0,0,0,,
20260415_b9d2_30to48hpf_plate01_t02,20260415_b9d2_30to48hpf_plate01_t02_F07_e01,1,0,0.0,0,0,0,0,0,,
20260415_b9d2_30to48hpf_plate01_t02,20260415_b9d2_30to48hpf_plate01_t02_F08_e01,1,0,0.0,0,0,0,0,0,,
20260415_b9d2_30to48hpf_plate01_t02,20260415_b9d2_30to48hpf_plate01_t02_F09_e01,1,1,1.0,1,1,1,0,0,-0.07822019325069178,-0.07822019325069178
20260415_b9d2_30to48hpf_plate01_t02,20260415_b9d2_30to48hpf_plate01_t02_F10_e01,1,0,0.0,0,0,0,0,0,,
20260415_b9d2_30to48hpf_plate01_t02,20260415_b9d2_30to48hpf_plate01_t02_F11_e01,1,0,0.0,0,0,0,0,0,,
20260415_b9d2_30to48hpf_plate01_t02,20260415_b9d2_30to48hpf_plate01_t02_F12_e01,1,0,0.0,0,0,0,0,0,,
20260415_b9d2_30to48hpf_plate01_t02,20260415_b9d2_30to48hpf_plate01_t02_F12_e02,1,1,1.0,1,1,1,0,0,-0.8170899261684436,-0.8170899261684436
20260415_b9d2_30to48hpf_plate01_t02,20260415_b9d2_30to48hpf_plate01_t02_G01_e01,1,0,0.0,0,0,0,0,0,,
20260415_b9d2_30to48hpf_plate01_t02,20260415_b9d2_30to48hpf_plate01_t02_G02_e01,1,0,0.0,0,0,0,0,0,,
20260415_b9d2_30to48hpf_plate01_t02,20260415_b9d2_30to48hpf_plate01_t02_G03_e01,1,0,0.0,0,0,0,0,0,,
20260415_b9d2_30to48hpf_plate01_t02,20260415_b9d2_30to48hpf_plate01_t02_G04_e01,1,0,0.0,0,0,0,0,0,,
20260415_b9d2_30to48hpf_plate01_t02,20260415_b9d2_30to48hpf_plate01_t02_G05_e01,1,0,0.0,0,0,0,0,0,,
20260415_b9d2_30to48hpf_plate01_t02,20260415_b9d2_30to48hpf_plate01_t02_G06_e01,1,0,0.0,0,0,0,0,0,,
20260415_b9d2_30to48hpf_plate01_t02,20260415_b9d2_30to48hpf_plate01_t02_G07_e01,1,0,0.0,0,0,0,0,0,,
20260415_b9d2_30to48hpf_plate01_t02,20260415_b9d2_30to48hpf_plate01_t02_G08_e01,1,0,0.0,0,0,0,0,0,,
20260415_b9d2_30to48hpf_plate01_t02,20260415_b9d2_30to48hpf_plate01_t02_G09_e01,1,0,0.0,0,0,0,0,0,,
20260415_b9d2_30to48hpf_plate01_t02,20260415_b9d2_30to48hpf_plate01_t02_G09_e02,1,1,1.0,1,1,1,0,0,-0.5663574757141886,-0.5663574757141886
20260415_b9d2_30to48hpf_plate01_t02,20260415_b9d2_30to48hpf_plate01_t02_G10_e01,1,0,0.0,0,0,0,0,0,,
20260415_b9d2_30to48hpf_plate01_t02,20260415_b9d2_30to48hpf_plate01_t02_G11_e01,1,0,0.0,0,0,0,0,0,,
20260415_b9d2_30to48hpf_plate01_t02,20260415_b9d2_30to48hpf_plate01_t02_G12_e01,1,0,0.0,0,0,0,0,0,,
20260415_b9d2_30to48hpf_plate01_t02,20260415_b9d2_30to48hpf_plate01_t02_H01_e01,1,0,0.0,0,0,0,0,0,,
20260415_b9d2_30to48hpf_plate01_t02,20260415_b9d2_30to48hpf_plate01_t02_H02_e01,1,0,0.0,0,0,0,0,0,,
20260415_b9d2_30to48hpf_plate01_t02,20260415_b9d2_30to48hpf_plate01_t02_H03_e01,1,1,1.0,1,1,1,0,0,-0.7785564935290161,-0.7785564935290161
20260415_b9d2_30to48hpf_plate01_t02,20260415_b9d2_30to48hpf_plate01_t02_H03_e02,1,1,1.0,1,1,1,0,0,-0.9749532687843724,-0.9749532687843724
20260415_b9d2_30to48hpf_plate01_t02,20260415_b9d2_30to48hpf_plate01_t02_H04_e01,1,0,0.0,0,0,0,0,0,,
20260415_b9d2_30to48hpf_plate01_t02,20260415_b9d2_30to48hpf_plate01_t02_H05_e01,1,0,0.0,0,0,0,0,0,,
20260415_b9d2_30to48hpf_plate01_t02,20260415_b9d2_30to48hpf_plate01_t02_H06_e01,1,0,0.0,0,0,0,0,0,,
20260415_b9d2_30to48hpf_plate01_t02,20260415_b9d2_30to48hpf_plate01_t02_H07_e01,1,0,0.0,0,0,0,0,0,,
20260415_b9d2_30to48hpf_plate01_t02,20260415_b9d2_30to48hpf_plate01_t02_H08_e01,1,0,0.0,0,0,0,0,0,,
20260415_b9d2_30to48hpf_plate01_t02,20260415_b9d2_30to48hpf_plate01_t02_H09_e01,1,0,0.0,0,0,0,0,0,,
20260415_b9d2_30to48hpf_plate01_t02,20260415_b9d2_30to48hpf_plate01_t02_H10_e01,1,0,0.0,0,0,0,0,0,,
20260415_b9d2_30to48hpf_plate01_t02,20260415_b9d2_30to48hpf_plate01_t02_H11_e01,1,0,0.0,0,0,0,0,0,,
20260415_b9d2_30to48hpf_plate01_t02,20260415_b9d2_30to48hpf_plate01_t02_H12_e01,1,0,0.0,0,0,0,0,0,,
20260415_b9d2_30to48hpf_plate02_t02,20260415_b9d2_30to48hpf_plate02_t02_A01_e01,1,0,0.0,0,0,0,0,0,,
20260415_b9d2_30to48hpf_plate02_t02,20260415_b9d2_30to48hpf_plate02_t02_A02_e01,1,0,0.0,0,0,0,0,0,,
20260415_b9d2_30to48hpf_plate02_t02,20260415_b9d2_30to48hpf_plate02_t02_A03_e01,1,0,0.0,0,0,0,0,0,,
20260415_b9d2_30to48hpf_plate02_t02,20260415_b9d2_30to48hpf_plate02_t02_A04_e01,1,0,0.0,0,0,0,0,0,,
20260415_b9d2_30to48hpf_plate02_t02,20260415_b9d2_30to48hpf_plate02_t02_A05_e01,1,0,0.0,0,0,0,0,0,,
20260415_b9d2_30to48hpf_plate02_t02,20260415_b9d2_30to48hpf_plate02_t02_A06_e01,1,0,0.0,0,0,0,0,0,,
20260415_b9d2_30to48hpf_plate02_t02,20260415_b9d2_30to48hpf_plate02_t02_A06_e02,1,1,1.0,1,1,1,0,0,-0.07666471523588927,-0.07666471523588927
20260415_b9d2_30to48hpf_plate02_t02,20260415_b9d2_30to48hpf_plate02_t02_A06_e03,1,1,1.0,1,1,1,0,0,-0.5829197813945295,-0.5829197813945295
20260415_b9d2_30to48hpf_plate02_t02,20260415_b9d2_30to48hpf_plate02_t02_B01_e01,1,1,1.0,1,1,1,0,0,-0.08852523509875886,-0.08852523509875886
20260415_b9d2_30to48hpf_plate02_t02,20260415_b9d2_30to48hpf_plate02_t02_B02_e01,1,0,0.0,0,0,0,0,0,,
20260415_b9d2_30to48hpf_plate02_t02,20260415_b9d2_30to48hpf_plate02_t02_B03_e01,1,0,0.0,0,0,0,0,0,,
20260415_b9d2_30to48hpf_plate02_t02,20260415_b9d2_30to48hpf_plate02_t02_B04_e01,1,0,0.0,0,0,0,0,0,,
20260415_b9d2_30to48hpf_plate02_t02,20260415_b9d2_30to48hpf_plate02_t02_B05_e01,1,0,0.0,0,0,0,0,0,,
20260415_b9d2_30to48hpf_plate02_t02,20260415_b9d2_30to48hpf_plate02_t02_B06_e01,1,1,1.0,1,1,1,0,0,-0.08147255637255164,-0.08147255637255164
20260415_b9d2_30to48hpf_plate02_t02,20260415_b9d2_30to48hpf_plate02_t02_C01_e01,1,0,0.0,0,0,0,0,0,,
20260415_b9d2_30to48hpf_plate02_t02,20260415_b9d2_30to48hpf_plate02_t02_C02_e01,1,0,0.0,0,0,0,0,0,,
20260415_b9d2_30to48hpf_plate02_t02,20260415_b9d2_30to48hpf_plate02_t02_C03_e01,1,0,0.0,0,0,0,0,0,,
20260415_b9d2_30to48hpf_plate02_t02,20260415_b9d2_30to48hpf_plate02_t02_C04_e01,1,0,0.0,0,0,0,0,0,,
20260415_b9d2_30to48hpf_plate02_t02,20260415_b9d2_30to48hpf_plate02_t02_C05_e01,1,0,0.0,0,0,0,0,0,,
20260415_b9d2_30to48hpf_plate02_t02,20260415_b9d2_30to48hpf_plate02_t02_C06_e01,1,1,1.0,1,1,1,0,0,-0.05167101167985702,-0.05167101167985702
20260415_b9d2_30to48hpf_plate02_t02,20260415_b9d2_30to48hpf_plate02_t02_C07_e01,1,0,0.0,0,0,0,0,0,,
20260415_b9d2_30to48hpf_plate02_t02,20260415_b9d2_30to48hpf_plate02_t02_C08_e01,1,0,0.0,0,0,0,0,0,,
20260415_b9d2_30to48hpf_plate02_t02,20260415_b9d2_30to48hpf_plate02_t02_D01_e01,1,0,0.0,0,0,0,0,0,,
20260415_b9d2_30to48hpf_plate02_t02,20260415_b9d2_30to48hpf_plate02_t02_D01_e02,1,1,1.0,1,1,1,0,0,-0.9618377609777414,-0.9618377609777414
20260415_b9d2_30to48hpf_plate02_t02,20260415_b9d2_30to48hpf_plate02_t02_D02_e01,1,0,0.0,0,0,0,0,0,,
20260415_b9d2_30to48hpf_plate02_t02,20260415_b9d2_30to48hpf_plate02_t02_D02_e02,1,1,1.0,1,1,1,0,0,-0.4800107700061142,-0.4800107700061142
20260415_b9d2_30to48hpf_plate02_t02,20260415_b9d2_30to48hpf_plate02_t02_D03_e01,1,0,0.0,0,0,0,0,0,,
20260415_b9d2_30to48hpf_plate02_t02,20260415_b9d2_30to48hpf_plate02_t02_D04_e01,1,0,0.0,0,0,0,0,0,,
20260415_b9d2_30to48hpf_plate02_t02,20260415_b9d2_30to48hpf_plate02_t02_D05_e01,1,0,0.0,0,0,0,0,0,,
20260415_b9d2_30to48hpf_plate02_t02,20260415_b9d2_30to48hpf_plate02_t02_D06_e01,1,0,0.0,0,0,0,0,0,,
20260415_b9d2_30to48hpf_plate02_t02,20260415_b9d2_30to48hpf_plate02_t02_D08_e02,1,0,0.0,0,0,0,0,0,,
20260415_b9d2_30to48hpf_plate02_t02,20260415_b9d2_30to48hpf_plate02_t02_E01_e01,1,0,0.0,0,0,0,0,0,,
20260415_b9d2_30to48hpf_plate02_t02,20260415_b9d2_30to48hpf_plate02_t02_E02_e01,1,1,1.0,1,1,1,0,0,-0.18026308619904657,-0.18026308619904657
20260415_b9d2_30to48hpf_plate02_t02,20260415_b9d2_30to48hpf_plate02_t02_E03_e01,1,0,0.0,0,0,0,0,0,,
20260415_b9d2_30to48hpf_plate02_t02,20260415_b9d2_30to48hpf_plate02_t02_E04_e01,1,0,0.0,0,0,0,0,0,,
20260415_b9d2_30to48hpf_plate02_t02,20260415_b9d2_30to48hpf_plate02_t02_E05_e01,1,0,0.0,0,0,0,0,0,,
20260415_b9d2_30to48hpf_plate02_t02,20260415_b9d2_30to48hpf_plate02_t02_E06_e01,1,0,0.0,0,0,0,0,0,,
20260415_b9d2_30to48hpf_plate02_t02,20260415_b9d2_30to48hpf_plate02_t02_E08_e02,1,0,0.0,0,0,0,0,0,,
20260415_b9d2_30to48hpf_plate02_t02,20260415_b9d2_30to48hpf_plate02_t02_E08_e03,1,0,0.0,0,0,0,0,0,,
20260415_b9d2_30to48hpf_plate02_t02,20260415_b9d2_30to48hpf_plate02_t02_E08_e04,1,0,0.0,0,0,0,0,0,,
20260415_b9d2_30to48hpf_plate02_t02,20260415_b9d2_30to48hpf_plate02_t02_F01_e01,1,0,0.0,0,0,0,0,0,,
20260415_b9d2_30to48hpf_plate02_t02,20260415_b9d2_30to48hpf_plate02_t02_F02_e01,1,0,0.0,0,0,0,0,0,,
20260415_b9d2_30to48hpf_plate02_t02,20260415_b9d2_30to48hpf_plate02_t02_F03_e01,1,0,0.0,0,0,0,0,0,,
20260415_b9d2_30to48hpf_plate02_t02,20260415_b9d2_30to48hpf_plate02_t02_F04_e01,1,0,0.0,0,0,0,0,0,,
20260415_b9d2_30to48hpf_plate02_t02,20260415_b9d2_30to48hpf_plate02_t02_F05_e01,1,1,1.0,1,1,1,0,0,-0.04171948756242701,-0.04171948756242701
20260415_b9d2_30to48hpf_plate02_t02,20260415_b9d2_30to48hpf_plate02_t02_F08_e02,1,0,0.0,0,0,0,0,0,,
20260415_b9d2_30to48hpf_plate02_t02,20260415_b9d2_30to48hpf_plate02_t02_G01_e01,1,0,0.0,0,0,0,0,0,,
20260415_b9d2_30to48hpf_plate02_t02,20260415_b9d2_30to48hpf_plate02_t02_G02_e01,1,0,0.0,0,0,0,0,0,,
20260415_b9d2_30to48hpf_plate02_t02,20260415_b9d2_30to48hpf_plate02_t02_G03_e01,1,0,0.0,0,0,0,0,0,,
20260415_b9d2_30to48hpf_plate02_t02,20260415_b9d2_30to48hpf_plate02_t02_G04_e01,1,0,0.0,0,0,0,0,0,,
20260415_b9d2_30to48hpf_plate02_t02,20260415_b9d2_30to48hpf_plate02_t02_G06_e01,1,0,0.0,0,0,0,0,0,,
20260415_b9d2_30to48hpf_plate02_t02,20260415_b9d2_30to48hpf_plate02_t02_H01_e01,1,0,0.0,0,0,0,0,0,,
20260415_b9d2_30to48hpf_plate02_t02,20260415_b9d2_30to48hpf_plate02_t02_H02_e01,1,0,0.0,0,0,0,0,0,,
20260415_b9d2_30to48hpf_plate02_t02,20260415_b9d2_30to48hpf_plate02_t02_H03_e01,1,0,0.0,0,0,0,0,0,,
20260415_b9d2_30to48hpf_plate02_t02,20260415_b9d2_30to48hpf_plate02_t02_H04_e01,1,0,0.0,0,0,0,0,0,,
20260415_b9d2_30to48hpf_plate02_t02,20260415_b9d2_30to48hpf_plate02_t02_H05_e01,1,0,0.0,0,0,0,0,0,,
20260415_b9d2_30to48hpf_plate02_t02,20260415_b9d2_30to48hpf_plate02_t02_H05_e02,1,1,1.0,1,1,1,0,0,-0.9613605120413816,-0.9613605120413816
20260415_b9d2_30to48hpf_plate02_t02,20260415_b9d2_30to48hpf_plate02_t02_H06_e01,1,0,0.0,0,0,0,0,0,,
20260415_cep290_18hpf_plate03,20260415_cep290_18hpf_plate03_A01_e01,1,0,0.0,0,0,0,0,0,,
20260415_cep290_18hpf_plate03,20260415_cep290_18hpf_plate03_A02_e01,1,0,0.0,0,0,0,0,0,,
20260415_cep290_18hpf_plate03,20260415_cep290_18hpf_plate03_A03_e01,1,0,0.0,0,0,0,0,0,,
20260415_cep290_18hpf_plate03,20260415_cep290_18hpf_plate03_A03_e02,1,1,1.0,1,1,1,0,0,-0.4530426230676947,-0.4530426230676947
20260415_cep290_18hpf_plate03,20260415_cep290_18hpf_plate03_A04_e02,1,0,0.0,0,0,0,0,0,,
20260415_cep290_18hpf_plate03,20260415_cep290_18hpf_plate03_A05_e01,1,0,0.0,0,0,0,0,0,,
20260415_cep290_18hpf_plate03,20260415_cep290_18hpf_plate03_A06_e01,1,0,0.0,0,0,0,0,0,,
20260415_cep290_18hpf_plate03,20260415_cep290_18hpf_plate03_A07_e01,1,0,0.0,0,0,0,0,0,,
20260415_cep290_18hpf_plate03,20260415_cep290_18hpf_plate03_A08_e01,1,0,0.0,0,0,0,0,0,,
20260415_cep290_18hpf_plate03,20260415_cep290_18hpf_plate03_B01_e01,1,0,0.0,0,0,0,0,0,,
20260415_cep290_18hpf_plate03,20260415_cep290_18hpf_plate03_B02_e01,1,0,0.0,0,0,0,0,0,,
20260415_cep290_18hpf_plate03,20260415_cep290_18hpf_plate03_B03_e01,1,0,0.0,0,0,0,0,0,,
20260415_cep290_18hpf_plate03,20260415_cep290_18hpf_plate03_B04_e01,1,0,0.0,0,0,0,0,0,,
20260415_cep290_18hpf_plate03,20260415_cep290_18hpf_plate03_B05_e01,1,0,0.0,0,0,0,0,0,,
20260415_cep290_18hpf_plate03,20260415_cep290_18hpf_plate03_B05_e02,1,0,0.0,0,0,0,0,0,,
20260415_cep290_18hpf_plate03,20260415_cep290_18hpf_plate03_B06_e01,1,0,0.0,0,0,0,0,0,,
20260415_cep290_18hpf_plate03,20260415_cep290_18hpf_plate03_B07_e01,1,0,0.0,0,0,0,0,0,,
20260415_cep290_18hpf_plate03,20260415_cep290_18hpf_plate03_B08_e01,1,0,0.0,0,0,0,0,0,,
20260415_cep290_18hpf_plate03,20260415_cep290_18hpf_plate03_C01_e01,1,0,0.0,0,0,0,0,0,,
20260415_cep290_18hpf_plate03,20260415_cep290_18hpf_plate03_C02_e01,1,0,0.0,0,0,0,0,0,,
20260415_cep290_18hpf_plate03,20260415_cep290_18hpf_plate03_C03_e01,1,0,0.0,0,0,0,0,0,,
20260415_cep290_18hpf_plate03,20260415_cep290_18hpf_plate03_C04_e01,1,0,0.0,0,0,0,0,0,,
20260415_cep290_18hpf_plate03,20260415_cep290_18hpf_plate03_C05_e01,1,0,0.0,0,0,0,0,0,,
20260415_cep290_18hpf_plate03,20260415_cep290_18hpf_plate03_C05_e02,1,1,1.0,1,1,1,0,0,-0.6588524489288732,-0.6588524489288732
20260415_cep290_18hpf_plate03,20260415_cep290_18hpf_plate03_C05_e03,1,1,1.0,1,1,1,0,0,-0.7511311339166774,-0.7511311339166774
20260415_cep290_18hpf_plate03,20260415_cep290_18hpf_plate03_C06_e01,1,0,0.0,0,0,0,0,0,,
20260415_cep290_18hpf_plate03,20260415_cep290_18hpf_plate03_C07_e01,1,0,0.0,0,0,0,0,0,,
20260415_cep290_18hpf_plate03,20260415_cep290_18hpf_plate03_C07_e02,1,0,0.0,0,0,0,0,0,,
20260415_cep290_18hpf_plate03,20260415_cep290_18hpf_plate03_C08_e01,1,0,0.0,0,0,0,0,0,,
20260415_cep290_18hpf_plate03,20260415_cep290_18hpf_plate03_D01_e01,1,0,0.0,0,0,0,0,0,,
20260415_cep290_18hpf_plate03,20260415_cep290_18hpf_plate03_D02_e01,1,0,0.0,0,0,0,0,0,,
20260415_cep290_18hpf_plate03,20260415_cep290_18hpf_plate03_D03_e01,1,0,0.0,0,0,0,0,0,,
20260415_cep290_18hpf_plate03,20260415_cep290_18hpf_plate03_D04_e01,1,0,0.0,0,0,0,0,0,,
20260415_cep290_18hpf_plate03,20260415_cep290_18hpf_plate03_D05_e01,1,0,0.0,0,0,0,0,0,,
20260415_cep290_18hpf_plate03,20260415_cep290_18hpf_plate03_D05_e02,1,1,1.0,1,1,1,0,0,-0.6101217410317459,-0.6101217410317459
20260415_cep290_18hpf_plate03,20260415_cep290_18hpf_plate03_D05_e03,1,1,1.0,1,1,1,0,0,-0.6783121362964886,-0.6783121362964886
20260415_cep290_18hpf_plate03,20260415_cep290_18hpf_plate03_D06_e01,1,0,0.0,0,0,0,0,0,,
20260415_cep290_18hpf_plate03,20260415_cep290_18hpf_plate03_D07_e01,1,0,0.0,0,0,0,0,0,,
20260415_cep290_18hpf_plate03,20260415_cep290_18hpf_plate03_D08_e01,1,0,0.0,0,0,0,0,0,,
20260415_cep290_18hpf_plate03,20260415_cep290_18hpf_plate03_E01_e01,1,0,0.0,0,0,0,0,0,,
20260415_cep290_18hpf_plate03,20260415_cep290_18hpf_plate03_E02_e01,1,0,0.0,0,0,0,0,0,,
20260415_cep290_18hpf_plate03,20260415_cep290_18hpf_plate03_E03_e01,1,0,0.0,0,0,0,0,0,,
20260415_cep290_18hpf_plate03,20260415_cep290_18hpf_plate03_E04_e01,1,0,0.0,0,0,0,0,0,,
20260415_cep290_18hpf_plate03,20260415_cep290_18hpf_plate03_E05_e01,1,1,1.0,1,1,1,0,0,-0.07998379237697714,-0.07998379237697714
20260415_cep290_18hpf_plate03,20260415_cep290_18hpf_plate03_E07_e01,1,0,0.0,0,0,0,0,0,,
20260415_cep290_18hpf_plate03,20260415_cep290_18hpf_plate03_E08_e01,1,0,0.0,0,0,0,0,0,,
20260415_cep290_18hpf_plate03,20260415_cep290_18hpf_plate03_F01_e01,1,0,0.0,0,0,0,0,0,,
20260415_cep290_18hpf_plate03,20260415_cep290_18hpf_plate03_F02_e01,1,0,0.0,0,0,0,0,0,,
20260415_cep290_18hpf_plate03,20260415_cep290_18hpf_plate03_F02_e02,1,0,0.0,0,0,0,0,0,,
20260415_cep290_18hpf_plate03,20260415_cep290_18hpf_plate03_F02_e03,1,1,1.0,1,1,1,0,0,-0.6754437066677613,-0.6754437066677613
20260415_cep290_18hpf_plate03,20260415_cep290_18hpf_plate03_F02_e04,1,1,1.0,1,1,1,0,0,-0.7996336712751562,-0.7996336712751562
20260415_cep290_18hpf_plate03,20260415_cep290_18hpf_plate03_F02_e05,1,1,1.0,1,1,1,0,0,-0.7514570918290329,-0.7514570918290329
20260415_cep290_18hpf_plate03,20260415_cep290_18hpf_plate03_F02_e06,1,1,1.0,1,1,1,0,0,-0.7592148901430905,-0.7592148901430905
20260415_cep290_18hpf_plate03,20260415_cep290_18hpf_plate03_F03_e01,1,0,0.0,0,0,0,0,0,,
20260415_cep290_18hpf_plate03,20260415_cep290_18hpf_plate03_F04_e01,1,0,0.0,0,0,0,0,0,,
20260415_cep290_18hpf_plate03,20260415_cep290_18hpf_plate03_F05_e01,1,0,0.0,0,0,0,0,0,,
20260415_cep290_18hpf_plate03,20260415_cep290_18hpf_plate03_F06_e01,1,0,0.0,0,0,0,0,0,,
20260415_cep290_18hpf_plate03,20260415_cep290_18hpf_plate03_F08_e01,1,0,0.0,0,0,0,0,0,,
20260415_cep290_18hpf_plate03,20260415_cep290_18hpf_plate03_F08_e02,1,0,0.0,0,0,0,0,0,,
20260415_cep290_18hpf_plate03,20260415_cep290_18hpf_plate03_G01_e01,1,0,0.0,0,0,0,0,0,,
20260415_cep290_18hpf_plate03,20260415_cep290_18hpf_plate03_G02_e01,1,0,0.0,0,0,0,0,0,,
20260415_cep290_18hpf_plate03,20260415_cep290_18hpf_plate03_G02_e02,1,0,0.0,0,0,0,0,0,,
20260415_cep290_18hpf_plate03,20260415_cep290_18hpf_plate03_G02_e03,1,1,1.0,1,1,1,0,0,-0.6891013431954511,-0.6891013431954511
20260415_cep290_18hpf_plate03,20260415_cep290_18hpf_plate03_G02_e04,1,1,1.0,1,1,1,0,0,-0.6451948124011833,-0.6451948124011833
20260415_cep290_18hpf_plate03,20260415_cep290_18hpf_plate03_G02_e05,1,1,1.0,1,1,1,0,0,-0.7020744681071948,-0.7020744681071948
20260415_cep290_18hpf_plate03,20260415_cep290_18hpf_plate03_G03_e01,1,0,0.0,0,0,0,0,0,,
20260415_cep290_18hpf_plate03,20260415_cep290_18hpf_plate03_G04_e01,1,0,0.0,0,0,0,0,0,,
20260415_cep290_18hpf_plate03,20260415_cep290_18hpf_plate03_G05_e01,1,0,0.0,0,0,0,0,0,,
20260415_cep290_18hpf_plate03,20260415_cep290_18hpf_plate03_G05_e02,1,1,1.0,1,1,1,0,0,-0.9626126274528394,-0.9626126274528394
20260415_cep290_18hpf_plate03,20260415_cep290_18hpf_plate03_G06_e01,1,0,0.0,0,0,0,0,0,,
20260415_cep290_18hpf_plate03,20260415_cep290_18hpf_plate03_G06_e02,1,0,0.0,0,0,0,0,0,,
20260415_cep290_18hpf_plate03,20260415_cep290_18hpf_plate03_G07_e01,1,0,0.0,0,0,0,0,0,,
20260415_cep290_18hpf_plate03,20260415_cep290_18hpf_plate03_G08_e01,1,0,0.0,0,0,0,0,0,,
20260415_cep290_18hpf_plate03,20260415_cep290_18hpf_plate03_H01_e01,1,0,0.0,0,0,0,0,0,,
20260415_cep290_18hpf_plate03,20260415_cep290_18hpf_plate03_H02_e01,1,0,0.0,0,0,0,0,0,,
20260415_cep290_18hpf_plate03,20260415_cep290_18hpf_plate03_H03_e01,1,1,1.0,1,1,1,0,0,-0.001427935499333932,-0.001427935499333932
20260415_cep290_18hpf_plate03,20260415_cep290_18hpf_plate03_H04_e01,1,0,0.0,0,0,0,0,0,,
20260415_cep290_18hpf_plate03,20260415_cep290_18hpf_plate03_H05_e01,1,0,0.0,0,0,0,0,0,,
20260415_cep290_18hpf_plate03,20260415_cep290_18hpf_plate03_H06_e01,1,0,0.0,0,0,0,0,0,,
20260415_cep290_18hpf_plate03,20260415_cep290_18hpf_plate03_H07_e01,1,0,0.0,0,0,0,0,0,,
20260415_cep290_18hpf_plate03,20260415_cep290_18hpf_plate03_H08_e01,1,0,0.0,0,0,0,0,0,,
20260415_cep290_30to48hpf_plate02_t01,20260415_cep290_30to48hpf_plate02_t01_A01_e01,1,0,0.0,0,0,0,0,0,,
20260415_cep290_30to48hpf_plate02_t01,20260415_cep290_30to48hpf_plate02_t01_A01_e02,1,1,1.0,1,1,1,0,0,-0.6350127013390708,-0.6350127013390708
20260415_cep290_30to48hpf_plate02_t01,20260415_cep290_30to48hpf_plate02_t01_A02_e01,1,0,0.0,0,0,0,0,0,,
20260415_cep290_30to48hpf_plate02_t01,20260415_cep290_30to48hpf_plate02_t01_A02_e02,1,1,1.0,1,1,1,0,0,-0.17888733465732545,-0.17888733465732545
20260415_cep290_30to48hpf_plate02_t01,20260415_cep290_30to48hpf_plate02_t01_A03_e01,1,0,0.0,0,0,0,0,0,,
20260415_cep290_30to48hpf_plate02_t01,20260415_cep290_30to48hpf_plate02_t01_A04_e01,1,0,0.0,0,0,0,0,0,,
20260415_cep290_30to48hpf_plate02_t01,20260415_cep290_30to48hpf_plate02_t01_A05_e01,1,0,0.0,0,0,0,0,0,,
20260415_cep290_30to48hpf_plate02_t01,20260415_cep290_30to48hpf_plate02_t01_A06_e01,1,0,0.0,0,0,0,0,0,,
20260415_cep290_30to48hpf_plate02_t01,20260415_cep290_30to48hpf_plate02_t01_A07_e01,1,0,0.0,0,0,0,0,0,,
20260415_cep290_30to48hpf_plate02_t01,20260415_cep290_30to48hpf_plate02_t01_A09_e02,1,0,0.0,0,0,0,0,0,,
20260415_cep290_30to48hpf_plate02_t01,20260415_cep290_30to48hpf_plate02_t01_A11_e02,1,0,0.0,0,0,0,0,0,,
20260415_cep290_30to48hpf_plate02_t01,20260415_cep290_30to48hpf_plate02_t01_B01_e01,1,1,1.0,1,1,1,0,0,-0.027957280350776503,-0.027957280350776503
20260415_cep290_30to48hpf_plate02_t01,20260415_cep290_30to48hpf_plate02_t01_B02_e01,1,0,0.0,0,0,0,0,0,,
20260415_cep290_30to48hpf_plate02_t01,20260415_cep290_30to48hpf_plate02_t01_B03_e01,1,0,0.0,0,0,0,0,0,,
20260415_cep290_30to48hpf_plate02_t01,20260415_cep290_30to48hpf_plate02_t01_B04_e01,1,0,0.0,0,0,0,0,0,,
20260415_cep290_30to48hpf_plate02_t01,20260415_cep290_30to48hpf_plate02_t01_B05_e01,1,0,0.0,0,0,0,0,0,,
20260415_cep290_30to48hpf_plate02_t01,20260415_cep290_30to48hpf_plate02_t01_B06_e01,1,0,0.0,0,0,0,0,0,,
20260415_cep290_30to48hpf_plate02_t01,20260415_cep290_30to48hpf_plate02_t01_B07_e01,1,0,0.0,0,0,0,0,0,,
20260415_cep290_30to48hpf_plate02_t01,20260415_cep290_30to48hpf_plate02_t01_B11_e01,1,0,0.0,0,0,0,0,0,,
20260415_cep290_30to48hpf_plate02_t01,20260415_cep290_30to48hpf_plate02_t01_B12_e01,1,0,0.0,0,0,0,0,0,,
20260415_cep290_30to48hpf_plate02_t01,20260415_cep290_30to48hpf_plate02_t01_C01_e01,1,0,0.0,0,0,0,0,0,,
20260415_cep290_30to48hpf_plate02_t01,20260415_cep290_30to48hpf_plate02_t01_C02_e01,1,0,0.0,0,0,0,0,0,,
20260415_cep290_30to48hpf_plate02_t01,20260415_cep290_30to48hpf_plate02_t01_C03_e01,1,0,0.0,0,0,0,0,0,,
20260415_cep290_30to48hpf_plate02_t01,20260415_cep290_30to48hpf_plate02_t01_C04_e01,1,0,0.0,0,0,0,0,0,,
20260415_cep290_30to48hpf_plate02_t01,20260415_cep290_30to48hpf_plate02_t01_C05_e01,1,0,0.0,0,0,0,0,0,,
20260415_cep290_30to48hpf_plate02_t01,20260415_cep290_30to48hpf_plate02_t01_C06_e01,1,0,0.0,0,0,0,0,0,,
20260415_cep290_30to48hpf_plate02_t01,20260415_cep290_30to48hpf_plate02_t01_C06_e02,1,0,0.0,0,0,0,0,0,,
20260415_cep290_30to48hpf_plate02_t01,20260415_cep290_30to48hpf_plate02_t01_C07_e01,1,0,0.0,0,0,0,0,0,,
20260415_cep290_30to48hpf_plate02_t01,20260415_cep290_30to48hpf_plate02_t01_C10_e02,1,0,0.0,0,0,0,0,0,,
20260415_cep290_30to48hpf_plate02_t01,20260415_cep290_30to48hpf_plate02_t01_C11_e01,1,0,0.0,0,0,0,0,0,,
20260415_cep290_30to48hpf_plate02_t01,20260415_cep290_30to48hpf_plate02_t01_D01_e01,1,0,0.0,0,0,0,0,0,,
20260415_cep290_30to48hpf_plate02_t01,20260415_cep290_30to48hpf_plate02_t01_D02_e01,1,0,0.0,0,0,0,0,0,,
20260415_cep290_30to48hpf_plate02_t01,20260415_cep290_30to48hpf_plate02_t01_D03_e01,1,0,0.0,0,0,0,0,0,,
20260415_cep290_30to48hpf_plate02_t01,20260415_cep290_30to48hpf_plate02_t01_D04_e01,1,0,0.0,0,0,0,0,0,,
20260415_cep290_30to48hpf_plate02_t01,20260415_cep290_30to48hpf_plate02_t01_D05_e01,1,0,0.0,0,0,0,0,0,,
20260415_cep290_30to48hpf_plate02_t01,20260415_cep290_30to48hpf_plate02_t01_D06_e01,1,0,0.0,0,0,0,0,0,,
20260415_cep290_30to48hpf_plate02_t01,20260415_cep290_30to48hpf_plate02_t01_D06_e02,1,1,1.0,1,1,1,0,0,-0.39869659709416505,-0.39869659709416505
20260415_cep290_30to48hpf_plate02_t01,20260415_cep290_30to48hpf_plate02_t01_D07_e01,1,0,0.0,0,0,0,0,0,,
20260415_cep290_30to48hpf_plate02_t01,20260415_cep290_30to48hpf_plate02_t01_D07_e02,1,0,0.0,0,0,0,0,0,,
20260415_cep290_30to48hpf_plate02_t01,20260415_cep290_30to48hpf_plate02_t01_D10_e01,1,0,0.0,0,0,0,0,0,,
20260415_cep290_30to48hpf_plate02_t01,20260415_cep290_30to48hpf_plate02_t01_D10_e02,1,0,0.0,0,0,0,0,0,,
20260415_cep290_30to48hpf_plate02_t01,20260415_cep290_30to48hpf_plate02_t01_E01_e01,1,0,0.0,0,0,0,0,0,,
20260415_cep290_30to48hpf_plate02_t01,20260415_cep290_30to48hpf_plate02_t01_E02_e01,1,0,0.0,0,0,0,0,0,,
20260415_cep290_30to48hpf_plate02_t01,20260415_cep290_30to48hpf_plate02_t01_E03_e01,1,0,0.0,0,0,0,0,0,,
20260415_cep290_30to48hpf_plate02_t01,20260415_cep290_30to48hpf_plate02_t01_E04_e01,1,0,0.0,0,0,0,0,0,,
20260415_cep290_30to48hpf_plate02_t01,20260415_cep290_30to48hpf_plate02_t01_E05_e01,1,0,0.0,0,0,0,0,0,,
20260415_cep290_30to48hpf_plate02_t01,20260415_cep290_30to48hpf_plate02_t01_E06_e01,1,0,0.0,0,0,0,0,0,,
20260415_cep290_30to48hpf_plate02_t01,20260415_cep290_30to48hpf_plate02_t01_E07_e01,1,0,0.0,0,0,0,0,0,,
20260415_cep290_30to48hpf_plate02_t01,20260415_cep290_30to48hpf_plate02_t01_E11_e01,1,0,0.0,0,0,0,0,0,,
20260415_cep290_30to48hpf_plate02_t01,20260415_cep290_30to48hpf_plate02_t01_E12_e02,1,0,0.0,0,0,0,0,0,,
20260415_cep290_30to48hpf_plate02_t01,20260415_cep290_30to48hpf_plate02_t01_F01_e01,1,0,0.0,0,0,0,0,0,,
20260415_cep290_30to48hpf_plate02_t01,20260415_cep290_30to48hpf_plate02_t01_F01_e02,1,1,1.0,1,1,1,0,0,-0.21151432798219985,-0.21151432798219985
20260415_cep290_30to48hpf_plate02_t01,20260415_cep290_30to48hpf_plate02_t01_F02_e01,1,0,0.0,0,0,0,0,0,,
20260415_cep290_30to48hpf_plate02_t01,20260415_cep290_30to48hpf_plate02_t01_F03_e01,1,0,0.0,0,0,0,0,0,,
20260415_cep290_30to48hpf_plate02_t01,20260415_cep290_30to48hpf_plate02_t01_F03_e02,1,1,1.0,1,1,1,0,0,-0.6347710199070346,-0.6347710199070346
20260415_cep290_30to48hpf_plate02_t01,20260415_cep290_30to48hpf_plate02_t01_F04_e01,1,0,0.0,0,0,0,0,0,,
20260415_cep290_30to48hpf_plate02_t01,20260415_cep290_30to48hpf_plate02_t01_F04_e02,1,0,0.0,0,0,0,0,0,,
20260415_cep290_30to48hpf_plate02_t01,20260415_cep290_30to48hpf_plate02_t01_F05_e01,1,0,0.0,0,0,0,0,0,,
20260415_cep290_30to48hpf_plate02_t01,20260415_cep290_30to48hpf_plate02_t01_F06_e01,1,0,0.0,0,0,0,0,0,,
20260415_cep290_30to48hpf_plate02_t01,20260415_cep290_30to48hpf_plate02_t01_F07_e01,1,0,0.0,0,0,0,0,0,,
20260415_cep290_30to48hpf_plate02_t01,20260415_cep290_30to48hpf_plate02_t01_F08_e01,1,0,0.0,0,0,0,0,0,,
20260415_cep290_30to48hpf_plate02_t01,20260415_cep290_30to48hpf_plate02_t01_F08_e03,1,0,0.0,0,0,0,0,0,,
20260415_cep290_30to48hpf_plate02_t01,20260415_cep290_30to48hpf_plate02_t01_F11_e01,1,0,0.0,0,0,0,0,0,,
20260415_cep290_30to48hpf_plate02_t01,20260415_cep290_30to48hpf_plate02_t01_F11_e02,1,0,0.0,0,0,0,0,0,,
20260415_cep290_30to48hpf_plate02_t01,20260415_cep290_30to48hpf_plate02_t01_F12_e02,1,0,0.0,0,0,0,0,0,,
20260415_cep290_30to48hpf_plate02_t01,20260415_cep290_30to48hpf_plate02_t01_G01_e01,1,0,0.0,0,0,0,0,0,,
20260415_cep290_30to48hpf_plate02_t01,20260415_cep290_30to48hpf_plate02_t01_G02_e01,1,0,0.0,0,0,0,0,0,,
20260415_cep290_30to48hpf_plate02_t01,20260415_cep290_30to48hpf_plate02_t01_G02_e02,1,1,1.0,1,1,1,0,0,-0.2524068262827093,-0.2524068262827093
20260415_cep290_30to48hpf_plate02_t01,20260415_cep290_30to48hpf_plate02_t01_G03_e01,1,0,0.0,0,0,0,0,0,,
20260415_cep290_30to48hpf_plate02_t01,20260415_cep290_30to48hpf_plate02_t01_G03_e02,1,1,1.0,1,1,1,0,0,-0.7619921257308415,-0.7619921257308415
20260415_cep290_30to48hpf_plate02_t01,20260415_cep290_30to48hpf_plate02_t01_G04_e01,1,0,0.0,0,0,0,0,0,,
20260415_cep290_30to48hpf_plate02_t01,20260415_cep290_30to48hpf_plate02_t01_G04_e02,1,0,0.0,0,0,0,0,0,,
20260415_cep290_30to48hpf_plate02_t01,20260415_cep290_30to48hpf_plate02_t01_G04_e03,1,0,0.0,0,0,0,0,0,,
20260415_cep290_30to48hpf_plate02_t01,20260415_cep290_30to48hpf_plate02_t01_G05_e01,1,0,0.0,0,0,0,0,0,,
20260415_cep290_30to48hpf_plate02_t01,20260415_cep290_30to48hpf_plate02_t01_G06_e01,1,0,0.0,0,0,0,0,0,,
20260415_cep290_30to48hpf_plate02_t01,20260415_cep290_30to48hpf_plate02_t01_G07_e01,1,0,0.0,0,0,0,0,0,,
20260415_cep290_30to48hpf_plate02_t01,20260415_cep290_30to48hpf_plate02_t01_G07_e02,1,0,0.0,0,0,0,0,0,,
20260415_cep290_30to48hpf_plate02_t01,20260415_cep290_30to48hpf_plate02_t01_G08_e01,1,0,0.0,0,0,0,0,0,,
20260415_cep290_30to48hpf_plate02_t01,20260415_cep290_30to48hpf_plate02_t01_G09_e01,1,0,0.0,0,0,0,0,0,,
20260415_cep290_30to48hpf_plate02_t01,20260415_cep290_30to48hpf_plate02_t01_G09_e02,1,0,0.0,0,0,0,0,0,,
20260415_cep290_30to48hpf_plate02_t01,20260415_cep290_30to48hpf_plate02_t01_G10_e02,1,0,0.0,0,0,0,0,0,,
20260415_cep290_30to48hpf_plate02_t01,20260415_cep290_30to48hpf_plate02_t01_G11_e01,1,0,0.0,0,0,0,0,0,,
20260415_cep290_30to48hpf_plate02_t01,20260415_cep290_30to48hpf_plate02_t01_G12_e02,1,0,0.0,0,0,0,0,0,,
20260415_cep290_30to48hpf_plate02_t01,20260415_cep290_30to48hpf_plate02_t01_H01_e02,1,1,1.0,1,1,1,0,0,-0.7386215312529499,-0.7386215312529499
20260415_cep290_30to48hpf_plate02_t01,20260415_cep290_30to48hpf_plate02_t01_H01_e03,1,1,1.0,1,1,1,0,0,-0.9649320242115609,-0.9649320242115609
20260415_cep290_30to48hpf_plate02_t01,20260415_cep290_30to48hpf_plate02_t01_H02_e01,1,0,0.0,0,0,0,0,0,,
20260415_cep290_30to48hpf_plate02_t01,20260415_cep290_30to48hpf_plate02_t01_H03_e01,1,0,0.0,0,0,0,0,0,,
20260415_cep290_30to48hpf_plate02_t01,20260415_cep290_30to48hpf_plate02_t01_H04_e01,1,0,0.0,0,0,0,0,0,,
20260415_cep290_30to48hpf_plate02_t01,20260415_cep290_30to48hpf_plate02_t01_H05_e01,1,0,0.0,0,0,0,0,0,,
20260415_cep290_30to48hpf_plate02_t01,20260415_cep290_30to48hpf_plate02_t01_H06_e01,1,0,0.0,0,0,0,0,0,,
20260415_cep290_30to48hpf_plate02_t01,20260415_cep290_30to48hpf_plate02_t01_H09_e01,1,0,0.0,0,0,0,0,0,,
20260415_cep290_30to48hpf_plate02_t01,20260415_cep290_30to48hpf_plate02_t01_H10_e02,1,0,0.0,0,0,0,0,0,,
20260415_cep290_30to48hpf_plate02_t01,20260415_cep290_30to48hpf_plate02_t01_H11_e01,1,0,0.0,0,0,0,0,0,,
20230531,20230531_A01_e01,66,0,0.0,0,0,0,0,0,,
20230531,20230531_A02_e01,66,49,0.7424242424242424,1,49,0,49,0,-0.4773122945363206,-0.6258172670290602
20230531,20230531_A03_e01,66,14,0.21212121212121213,1,14,0,14,0,-0.19683405865945075,-0.24105383179205253
20230531,20230531_A03_e02,66,8,0.12121212121212122,1,8,0,8,0,-0.24701070368317138,-0.3860479261475533
20230531,20230531_A04_e01,66,46,0.696969696969697,1,46,0,46,0,-0.5827316792820937,-0.6339531084643774
20230531,20230531_A05_e01,63,26,0.4126984126984127,8,9,4,22,3,-0.36877980310375924,-0.8861981637468371
20230531,20230531_A06_e01,66,0,0.0,0,0,0,0,0,,
20230531,20230531_A07_e01,66,0,0.0,0,0,0,0,0,,
20230531,20230531_A08_e01,66,52,0.7878787878787878,2,49,0,52,0,-0.665930740495996,-0.7252293838449442
20230531,20230531_A09_e01,66,8,0.12121212121212122,5,3,3,5,3,-0.143868219391454,-0.47825898899909786
20230531,20230531_A10_e01,66,0,0.0,0,0,0,0,0,,
20230531,20230531_A10_e02,64,53,0.828125,2,39,0,53,0,-0.9881654263280656,-0.9905657673046457
20230531,20230531_A11_e01,66,0,0.0,0,0,0,0,0,,
20230531,20230531_A12_e01,66,1,0.015151515151515152,1,1,1,0,1,-0.09139436235050533,-0.09139436235050533
20230531,20230531_B01_e01,66,2,0.030303030303030304,2,1,2,0,2,-0.08362154457155899,-0.1611767200522926
20230531,20230531_B02_e01,66,0,0.0,0,0,0,0,0,,
20230531,20230531_B03_e01,66,0,0.0,0,0,0,0,0,,
20230531,20230531_B04_e01,66,1,0.015151515151515152,1,1,1,0,1,-0.0741017692475949,-0.0741017692475949
20230531,20230531_B05_e01,66,0,0.0,0,0,0,0,0,,
20230531,20230531_B06_e01,66,0,0.0,0,0,0,0,0,,
20230531,20230531_B07_e01,66,0,0.0,0,0,0,0,0,,
20230531,20230531_B08_e01,66,0,0.0,0,0,0,0,0,,
20230531,20230531_B09_e01,66,16,0.24242424242424243,1,16,0,16,0,-0.2587081811046871,-0.29692529231185194
20230531,20230531_B10_e01,66,27,0.4090909090909091,5,17,3,24,3,-0.35815721232046266,-0.8637158027352354
20230531,20230531_B11_e01,66,27,0.4090909090909091,5,11,1,26,1,-0.2245699375927486,-0.5617008805954731
20230531,20230531_B12_e01,66,3,0.045454545454545456,3,1,3,0,3,-0.04368727841352823,-0.12982368079444292
20230531,20230531_B12_e02,66,52,0.7878787878787878,2,46,0,52,0,-0.3113384201065075,-0.5305555607759663
20230531,20230531_C01_e01,66,0,0.0,0,0,0,0,0,,
20230531,20230531_C02_e01,66,1,0.015151515151515152,1,1,1,0,1,-0.05688354454213749,-0.05688354454213749
20230531,20230531_C03_e01,66,4,0.06060606060606061,3,2,2,2,2,-0.07311970131465084,-0.12563834114096364
20230531,20230531_C03_e02,2,0,0.0,0,0,0,0,0,,
20230531,20230531_C04_e01,66,49,0.7424242424242424,2,45,0,49,0,-0.557370231849655,-0.6380968807407804
20230531,20230531_C05_e01,66,0,0.0,0,0,0,0,0,,
20230531,20230531_C06_e01,66,40,0.6060606060606061,2,34,0,40,0,-0.41992031642652533,-0.5641697787735683
20230531,20230531_C06_e02,14,14,1.0,1,14,0,14,0,-0.3492694339599789,-0.5661049247558134
20230531,20230531_C07_e01,66,48,0.7272727272727273,2,46,0,48,0,-0.5394253418339652,-0.6630326635184312
20230531,20230531_C08_e01,66,0,0.0,0,0,0,0,0,,
20230531,20230531_C09_e01,66,0,0.0,0,0,0,0,0,,
20230531,20230531_C09_e02,53,19,0.3584905660377358,1,19,0,19,0,-0.3223179196502762,-0.8910643472789451
20230531,20230531_C10_e01,66,28,0.42424242424242425,1,28,0,28,0,-0.289950714064805,-0.39191010101628443
20230531,20230531_C11_e01,66,0,0.0,0,0,0,0,0,,
20230531,20230531_C12_e01,66,11,0.16666666666666666,1,11,0,11,0,-0.24284485617002582,-0.26957132999316247
20230531,20230531_D01_e01,66,49,0.7424242424242424,2,47,0,49,0,-0.5641558202026087,-0.6445183329628627
20230531,20230531_D01_e02,66,66,1.0,1,66,0,66,0,-0.4018705758250496,-0.5430531550263326
20230531,20230531_D02_e01,66,11,0.16666666666666666,1,11,0,11,0,-0.16161439495954907,-0.19986496556427905
20230531,20230531_D02_e02,66,0,0.0,0,0,0,0,0,,
20230531,20230531_D03_e01,66,10,0.15151515151515152,1,10,0,10,0,-0.17939605968203845,-0.2324433532764173
20230531,20230531_D04_e01,66,0,0.0,0,0,0,0,0,,
20230531,20230531_D05_e01,66,53,0.803030303030303,1,53,0,53,0,-0.5725568931757677,-0.6935797812681965
20230531,20230531_D06_e01,66,42,0.6363636363636364,1,42,0,42,0,-0.68360529906572,-0.8144811448704162
20230531,20230531_D06_e02,66,31,0.4696969696969697,1,31,0,31,0,-0.08977312355356397,-0.2119117394174187
20230531,20230531_D07_e01,64,8,0.125,5,3,3,5,0,-0.30052911928849113,-0.6335289068922496
20230531,20230531_D07_e02,48,21,0.4375,1,21,0,21,0,-0.5131741466004263,-0.9772576060619759
20230531,20230531_D07_e03,66,38,0.5757575757575758,1,38,0,38,0,-0.41553449032436574,-0.6479178727595545
20230531,20230531_D07_e04,40,40,1.0,1,40,0,40,0,-0.39894217095143636,-0.9878639179677609
20230531,20230531_D07_e05,63,61,0.9682539682539683,4,50,0,61,0,-0.9121152017543165,-0.9835583479507861
20230531,20230531_D08_e01,66,0,0.0,0,0,0,0,0,,
20230531,20230531_D09_e01,66,5,0.07575757575757576,4,2,3,2,3,-0.4023556294709161,-0.5313368542458907
20230531,20230531_D10_e01,66,0,0.0,0,0,0,0,0,,
20230531,20230531_D10_e02,66,45,0.6818181818181818,2,36,0,45,0,-0.1715446390891521,-0.7981030126244297
20230531,20230531_D10_e03,66,66,1.0,1,66,0,66,0,-0.8266308486059246,-0.917447445530862
20230531,20230531_D11_e01,66,0,0.0,0,0,0,0,0,,
20230531,20230531_D11_e02,66,56,0.8484848484848485,2,44,0,56,0,-0.2782255171631588,-0.4896886951545731
20230531,20230531_D12_e01,66,0,0.0,0,0,0,0,0,,
20230531,20230531_E01_e01,66,0,0.0,0,0,0,0,0,,
20230531,20230531_E02_e01,66,0,0.0,0,0,0,0,0,,
20230531,20230531_E02_e02,66,66,1.0,1,66,0,66,0,-0.8040935249007299,-0.861227173601163
20230531,20230531_E03_e01,66,0,0.0,0,0,0,0,0,,
20230531,20230531_E04_e01,66,22,0.3333333333333333,2,21,1,21,1,-0.2509308318295707,-0.30786541942857426
20230531,20230531_E05_e01,66,0,0.0,0,0,0,0,0,,
20230531,20230531_E06_e01,66,0,0.0,0,0,0,0,0,,
20230531,20230531_E07_e01,66,0,0.0,0,0,0,0,0,,
20230531,20230531_E08_e01,66,0,0.0,0,0,0,0,0,,
20230531,20230531_E08_e02,66,49,0.7424242424242424,2,47,0,49,0,-0.758955959831401,-0.9863574064528897
20230531,20230531_E09_e01,66,11,0.16666666666666666,1,11,0,11,0,-0.22452304083512895,-0.2472547495685174
20230531,20230531_E10_e01,66,0,0.0,0,0,0,0,0,,
20230531,20230531_E11_e01,66,0,0.0,0,0,0,0,0,,
20230531,20230531_E11_e02,66,62,0.9393939393939394,1,62,0,62,0,-0.62651464554839,-0.6817464012280969
20230531,20230531_E11_e03,23,23,1.0,3,17,1,22,0,-0.5822767520569545,-0.7222956098232814
20230531,20230531_E12_e01,66,0,0.0,0,0,0,0,0,,
20230531,20230531_E12_e02,66,66,1.0,1,66,0,66,0,-0.9169243681636471,-0.9379111547120353
20230531,20230531_F01_e01,66,10,0.15151515151515152,1,10,0,10,0,-0.21465625222227608,-0.24235091795390892
20230531,20230531_F01_e02,66,66,1.0,1,66,0,66,0,-0.7271472584666705,-0.7863234190543834
20230531,20230531_F01_e03,66,17,0.25757575757575757,1,17,0,17,0,-0.9353267440886811,-0.9874986048990066
20230531,20230531_F02_e01,66,0,0.0,0,0,0,0,0,,
20230531,20230531_F03_e01,66,0,0.0,0,0,0,0,0,,
20230531,20230531_F03_e02,66,43,0.6515151515151515,1,43,0,43,0,-0.30847454949900943,-0.7444956769355017
20230531,20230531_F04_e01,66,22,0.3333333333333333,1,22,0,22,0,-0.3908335650677922,-0.44446132581559067
20230531,20230531_F04_e02,66,6,0.09090909090909091,1,6,0,6,0,-0.15123380387982305,-0.30143040077932937
20230531,20230531_F05_e01,66,23,0.3484848484848485,2,22,1,22,1,-0.21782380632560244,-0.3165362208557215
20230531,20230531_F06_e01,66,11,0.16666666666666666,2,10,1,10,1,-0.13664295840579438,-0.1892796873518545
20230531,20230531_F06_e02,66,59,0.8939393939393939,1,59,0,59,0,-0.46537636719876657,-0.7910230725417738
20230531,20230531_F07_e01,66,0,0.0,0,0,0,0,0,,
20230531,20230531_F07_e02,66,64,0.9696969696969697,1,64,0,64,0,-0.726096091329735,-0.8806827076926339
20230531,20230531_F08_e01,66,0,0.0,0,0,0,0,0,,
20230531,20230531_F09_e01,66,0,0.0,0,0,0,0,0,,
20230531,20230531_F10_e01,66,0,0.0,0,0,0,0,0,,
20230531,20230531_F11_e01,66,18,0.2727272727272727,1,18,0,18,0,-0.25170635107715433,-0.2717847431349119
20230531,20230531_F12_e01,66,32,0.48484848484848486,1,32,0,32,0,-0.28562182939084246,-0.42635627609336385
20230531,20230531_G01_e01,66,0,0.0,0,0,0,0,0,,
20230531,20230531_G01_e02,4,0,0.0,0,0,0,0,0,,
20230531,20230531_G02_e01,66,47,0.7121212121212122,1,47,0,47,0,-0.5312096176350812,-0.631736103244481
20230531,20230531_G02_e02,66,66,1.0,1,66,0,66,0,-0.7805945094036719,-0.8573415936819521
20230531,20230531_G02_e03,16,0,0.0,0,0,0,0,0,,
20230531,20230531_G02_e04,66,66,1.0,1,66,0,66,0,-0.7829323756258733,-0.8642403735888917
20230531,20230531_G03_e01,66,0,0.0,0,0,0,0,0,,
20230531,20230531_G03_e02,66,57,0.8636363636363636,1,57,0,57,0,-0.6136536381255698,-0.8079213259463112
20230531,20230531_G04_e01,66,28,0.42424242424242425,1,28,0,28,0,-0.327323704081854,-0.5065607014217626
20230531,20230531_G04_e02,66,66,1.0,1,66,0,66,0,-0.6244364137074727,-0.7108905389323209
20230531,20230531_G05_e01,66,0,0.0,0,0,0,0,0,,
20230531,20230531_G06_e01,66,0,0.0,0,0,0,0,0,,
20230531,20230531_G07_e01,66,35,0.5303030303030303,1,35,0,35,0,-0.5602228592064873,-0.6534301974984869
20230531,20230531_G07_e02,66,45,0.6818181818181818,2,43,0,45,0,-0.2782496864919591,-0.42714016750675227
20230531,20230531_G08_e01,66,0,0.0,0,0,0,0,0,,
20230531,20230531_G08_e02,66,66,1.0,1,66,0,66,0,-0.5651913481316184,-0.6642249916997971
20230531,20230531_G08_e03,66,66,1.0,1,66,0,66,0,-0.7703630191164816,-0.8346104684561175
20230531,20230531_G08_e04,66,66,1.0,1,66,0,66,0,-0.6673091654929376,-0.7572854535795631
20230531,20230531_G09_e01,66,0,0.0,0,0,0,0,0,,
20230531,20230531_G10_e01,66,35,0.5303030303030303,1,35,0,35,0,-0.5112839484947411,-0.623075650719543
20230531,20230531_G10_e02,66,66,1.0,1,66,0,66,0,-0.611587844354614,-0.6807327419738692
20230531,20230531_G10_e03,66,66,1.0,1,66,0,66,0,-0.8723958946760437,-0.9025917264295342
20230531,20230531_G10_e04,66,66,1.0,1,66,0,66,0,-0.9237188867321833,-0.9459891012567088
20230531,20230531_G11_e01,66,0,0.0,0,0,0,0,0,,
20230531,20230531_G11_e02,66,0,0.0,0,0,0,0,0,,
20230602,20230602_A01_e01,98,18,0.1836734693877551,3,14,0,18,0,-0.6619966288045103,-0.8491437280138703
20230602,20230602_A01_e02,98,98,1.0,1,98,0,98,0,-0.5129307122330801,-0.6452474778509444
20230602,20230602_A02_e01,98,49,0.5,4,44,1,48,1,-0.7378111158959163,-0.811923393610496
20230602,20230602_A03_e01,98,4,0.04081632653061224,4,1,4,0,4,-0.03161400359457556,-0.3051974093310338
20230602,20230602_A04_e01,98,7,0.07142857142857142,4,3,2,5,2,-0.2064869884556768,-0.27612632456670066
20230602,20230602_A05_e01,98,69,0.7040816326530612,1,69,0,69,0,-0.5242876309084352,-0.6680388323818504
20230602,20230602_A06_e01,98,79,0.8061224489795918,2,78,1,78,1,-0.5348021984616096,-0.6752786081073997
20230602,20230602_A06_e02,98,24,0.24489795918367346,3,13,1,23,1,-0.02185311709502243,-0.05216568440369519
20230602,20230602_A07_e01,98,66,0.673469387755102,1,66,0,66,0,-0.40035821194240295,-0.5669356217967766
20230602,20230602_A07_e02,98,0,0.0,0,0,0,0,0,,
20230602,20230602_A08_e01,98,68,0.6938775510204082,1,68,0,68,0,-0.5577732338666882,-0.6523925463979761
20230602,20230602_A08_e02,98,59,0.6020408163265306,1,59,0,59,0,-0.15357490911628544,-0.26592346879813
20230602,20230602_A09_e01,91,15,0.16483516483516483,8,4,4,11,2,-0.5133599849650728,-0.9394468887393416
20230602,20230602_A09_e02,98,80,0.8163265306122449,2,76,0,80,0,-0.34426362864871124,-0.4798848194890312
20230602,20230602_A10_e01,98,89,0.9081632653061225,2,86,0,89,0,-0.5449184326577284,-0.6856235303502465
20230602,20230602_A10_e02,98,98,1.0,1,98,0,98,0,-0.5181671715995688,-0.6339346905504852
20230602,20230602_A11_e01,96,6,0.0625,4,3,3,3,1,-0.26236068832245585,-0.4579907105490905
20230602,20230602_A11_e02,98,53,0.5408163265306123,3,49,1,52,1,-0.21920053720494181,-0.25974379260666197
20230602,20230602_A12_e01,98,70,0.7142857142857143,2,69,1,69,1,-0.732574209791552,-0.8945247033945809
20230602,20230602_B01_e01,98,84,0.8571428571428571,2,82,0,84,0,-0.6653330840913455,-0.7289766746938628
20230602,20230602_B02_e01,98,73,0.7448979591836735,1,73,0,73,0,-0.5846929727641903,-0.7542823749200832
20230602,20230602_B03_e01,98,89,0.9081632653061225,2,72,0,89,0,-0.6050353803228067,-0.7361607208388505
20230602,20230602_B03_e02,98,72,0.7346938775510204,1,72,0,72,0,-0.6423141513690762,-0.7345691485488738
20230602,20230602_B04_e01,93,20,0.21505376344086022,8,5,2,18,2,-0.3006995586515213,-0.8818901939860464
20230602,20230602_B05_e01,90,20,0.2222222222222222,12,4,7,13,3,-0.3573293186220262,-0.869024111762843
20230602,20230602_B06_e01,98,88,0.8979591836734694,4,82,1,87,1,-0.6224279769716866,-0.716919271249081
20230602,20230602_B06_e02,98,72,0.7346938775510204,1,72,0,72,0,-0.6666665098082643,-0.7499079787140488
20230602,20230602_B06_e03,98,98,1.0,1,98,0,98,0,-0.8059833836198422,-0.8828302062551808
20230602,20230602_B07_e01,98,0,0.0,0,0,0,0,0,,
20230602,20230602_B07_e02,71,36,0.5070422535211268,1,36,0,36,0,-0.43563672055421376,-0.9727235022690371
20230602,20230602_B08_e01,85,25,0.29411764705882354,8,11,4,21,3,-0.40621865753780007,-0.933224260827192
20230602,20230602_B09_e01,98,80,0.8163265306122449,1,80,0,80,0,-0.6225665754392696,-0.7285282103678056
20230602,20230602_B10_e01,98,64,0.6530612244897959,1,64,0,64,0,-0.38225442696479917,-0.576940139871426
20230602,20230602_B11_e01,98,13,0.1326530612244898,5,6,2,11,1,-0.17469905427451668,-0.7378800020423119
20230602,20230602_B12_e01,98,29,0.29591836734693877,2,28,1,28,1,-0.16083671655993764,-0.20709270397111312
20230602,20230602_C01_e01,96,24,0.25,9,9,5,19,5,-0.3452719570941794,-0.9126825165280306
20230602,20230602_C02_e01,98,92,0.9387755102040817,1,92,0,92,0,-0.7301111951432498,-0.8667452532351952
20230602,20230602_C03_e01,98,93,0.9489795918367347,1,93,0,93,0,-0.7718850191695773,-0.8365831054918798
20230602,20230602_C04_e01,97,14,0.14432989690721648,7,4,4,10,3,-0.28220156836614185,-0.929355332953706
20230602,20230602_C05_e01,96,28,0.2916666666666667,13,7,7,21,6,-0.26705459069271126,-0.6918008423237523
20230602,20230602_C06_e01,98,66,0.673469387755102,1,66,0,66,0,-0.3975790992645466,-0.587805016402696
20230602,20230602_C07_e01,98,86,0.8775510204081632,2,83,0,86,0,-0.6453240384918952,-0.7610237005331448
20230602,20230602_C08_e01,95,3,0.031578947368421054,2,2,1,2,0,-0.15478899333563548,-0.19850306773901863
20230602,20230602_C09_e01,98,86,0.8775510204081632,2,77,0,86,0,-0.8921885032180719,-0.9387282003257352
20230602,20230602_C10_e01,98,26,0.2653061224489796,10,10,4,22,4,-0.2546078011854127,-0.859733494880091
20230602,20230602_C10_e02,98,47,0.47959183673469385,1,47,0,47,0,-0.9601469704790021,-0.9918707026139505
20230602,20230602_C11_e01,97,54,0.5567010309278351,1,54,0,54,0,-0.4706491363654326,-0.561386289724809
20230602,20230602_C11_e02,43,6,0.13953488372093023,1,6,0,6,0,-0.14127837874470422,-0.22646496720279802
20230602,20230602_C12_e01,97,33,0.3402061855670103,13,10,7,26,6,-0.26980183833812427,-0.7153561087344696
20230602,20230602_D01_e01,97,83,0.8556701030927835,2,81,0,83,0,-0.700172015445673,-0.8323182132518037
20230602,20230602_D02_e01,97,16,0.16494845360824742,6,6,3,13,2,-0.21256737488762978,-0.4101836893649556
20230602,20230602_D03_e01,97,0,0.0,0,0,0,0,0,,
20230602,20230602_D04_e01,97,1,0.010309278350515464,1,1,1,0,1,-0.00978767762414628,-0.00978767762414628
20230602,20230602_D05_e01,97,72,0.7422680412371134,1,72,0,72,0,-0.6095307356139196,-0.7852619884504155
20230602,20230602_D05_e02,49,13,0.2653061224489796,1,13,0,13,0,-0.5679607718581577,-0.742727345597837
20230602,20230602_D06_e01,97,20,0.20618556701030927,10,6,6,14,6,-0.15954287354278562,-0.5854934799515598
20230602,20230602_D07_e01,97,79,0.8144329896907216,2,78,1,78,1,-0.6050940362897853,-0.7129234815890605
20230602,20230602_D08_e01,97,53,0.5463917525773195,1,53,0,53,0,-0.4351821327408945,-0.6499886796164537
20230602,20230602_D09_e01,97,13,0.13402061855670103,5,7,2,11,2,-0.11509480103022347,-0.6376723294125252
20230602,20230602_D10_e01,97,74,0.7628865979381443,1,74,0,74,0,-0.6140168993433937,-0.6907516815287856
20230602,20230602_D11_e01,97,68,0.7010309278350515,1,68,0,68,0,-0.5917044284529182,-0.6819262642063684
20230602,20230602_D12_e01,97,69,0.711340206185567,1,69,0,69,0,-0.5989101497410736,-0.7101382792521903
20230602,20230602_E01_e01,97,68,0.7010309278350515,1,68,0,68,0,-0.4991321386506216,-0.6422617238823449
20230602,20230602_E02_e01,97,18,0.18556701030927836,6,12,4,14,4,-0.1719498915561837,-0.537203955279522
20230602,20230602_E03_e01,97,9,0.09278350515463918,6,2,3,6,3,-0.2001555927913269,-0.3759889775802904
20230602,20230602_E04_e01,97,68,0.7010309278350515,1,68,0,68,0,-0.48299737363391926,-0.6365337100855838
20230602,20230602_E05_e01,97,59,0.6082474226804123,2,57,0,59,0,-0.5299193333824899,-0.6507841212783841
20230602,20230602_E06_e01,97,23,0.23711340206185566,2,19,0,23,0,-0.6363715244719352,-0.7258330833376327
20230602,20230602_E07_e01,95,91,0.9578947368421052,3,83,1,90,0,-0.9473716997340362,-0.9661453691586549
20230602,20230602_E08_e01,97,71,0.7319587628865979,1,71,0,71,0,-0.5738146379757993,-0.6667705590354427
20230602,20230602_E09_e01,97,42,0.4329896907216495,5,37,3,39,2,-0.45617572228938597,-0.759311292327194
20230602,20230602_E10_e01,97,11,0.1134020618556701,4,7,2,9,2,-0.2254589803684857,-0.5454115408902775
20230602,20230602_E11_e01,97,91,0.9381443298969072,1,91,0,91,0,-0.6647842925547248,-0.7659468358075043
20230602,20230602_E12_e01,97,62,0.6391752577319587,1,62,0,62,0,-0.39015069534915514,-0.5526546913574208
20230602,20230602_F01_e01,97,16,0.16494845360824742,7,4,2,14,2,-0.18109023391726914,-0.6750652788548552
20230602,20230602_F02_e01,97,66,0.6804123711340206,1,66,0,66,0,-0.514646738292672,-0.6372551800998704
20230602,20230602_F03_e01,97,6,0.061855670103092786,5,2,4,2,4,-0.03267856849637503,-0.07056805341356104
20230602,20230602_F04_e01,97,47,0.4845360824742268,3,39,0,47,0,-0.2947199814151433,-0.56722386212888
20230602,20230602_F05_e01,97,7,0.07216494845360824,5,2,3,4,3,-0.2380876357499617,-0.3472010636354309
20230602,20230602_F06_e01,97,84,0.865979381443299,2,82,0,84,0,-0.628388697822196,-0.740318682199934
20230602,20230602_F07_e01,97,5,0.05154639175257732,5,1,5,0,5,-0.19727231106064202,-0.5367416131795646
20230602,20230602_F07_e02,52,28,0.5384615384615384,2,26,0,28,0,-0.7089411307114581,-0.9851662802567662
20230602,20230602_F08_e01,97,1,0.010309278350515464,1,1,1,0,1,-0.078374161045645,-0.078374161045645
20230602,20230602_F08_e02,53,45,0.8490566037735849,4,21,1,44,0,-0.5822709615693827,-0.7290057515859245
20230602,20230602_F09_e01,97,3,0.030927835051546393,3,1,3,0,3,-0.10325567034637272,-0.12394775020881327
20230602,20230602_F10_e01,97,63,0.6494845360824743,1,63,0,63,0,-0.43103432545109893,-0.7247125778129637
20230602,20230602_F11_e01,97,15,0.15463917525773196,4,6,0,15,0,-0.28184963144890296,-0.5412703668346672
20230602,20230602_F12_e01,97,1,0.010309278350515464,1,1,1,0,0,-0.024799018386037586,-0.024799018386037586
20230602,20230602_G01_e01,97,63,0.6494845360824743,1,63,0,63,0,-0.6823392621861091,-0.9162613423593933
20230602,20230602_G02_e01,97,5,0.05154639175257732,4,2,3,2,3,-0.5925823466137708,-0.6538552963562312
20230602,20230602_G03_e01,97,65,0.6701030927835051,1,65,0,65,0,-0.5410089266837562,-0.7535393771065283
20230602,20230602_G04_e01,97,2,0.020618556701030927,2,1,2,0,2,-0.29027285189576046,-0.2912692414770418
20230602,20230602_G05_e01,97,0,0.0,0,0,0,0,0,,
20230602,20230602_G06_e01,97,0,0.0,0,0,0,0,0,,
20230602,20230602_G07_e01,97,0,0.0,0,0,0,0,0,,
20230613,20230613_A01_e01,66,47,0.7121212121212122,3,41,1,46,1,-0.6102195557322628,-0.7003575489005734
20230613,20230613_A02_e01,66,0,0.0,0,0,0,0,0,,
20230613,20230613_A03_e01,66,37,0.5606060606060606,1,37,0,37,0,-0.5521057718493833,-0.7091783390060736
20230613,20230613_A04_e01,66,0,0.0,0,0,0,0,0,,
20230613,20230613_A05_e01,66,0,0.0,0,0,0,0,0,,
20230613,20230613_A06_e01,66,3,0.045454545454545456,1,3,0,3,0,-0.0166188015370087,-0.01866298323529115
20230613,20230613_A07_e01,66,0,0.0,0,0,0,0,0,,
20230613,20230613_A08_e01,66,0,0.0,0,0,0,0,0,,
20230613,20230613_A09_e01,66,12,0.18181818181818182,1,12,0,12,0,-0.02334687048345043,-0.03636070214666725
20230613,20230613_A10_e01,66,0,0.0,0,0,0,0,0,,
20230613,20230613_A11_e01,66,0,0.0,0,0,0,0,0,,
20230613,20230613_A12_e01,66,31,0.4696969696969697,3,29,2,29,2,-0.4233439217017202,-0.5940423757076856
20230613,20230613_A12_e02,66,66,1.0,1,66,0,66,0,-0.6950160369856508,-0.7629519887342202
20230613,20230613_B01_e01,66,0,0.0,0,0,0,0,0,,
20230613,20230613_B02_e01,66,0,0.0,0,0,0,0,0,,
20230613,20230613_B03_e01,66,0,0.0,0,0,0,0,0,,
20230613,20230613_B04_e01,66,33,0.5,1,33,0,33,0,-0.37866888226764783,-0.5493964447100441
20230613,20230613_B05_e01,66,0,0.0,0,0,0,0,0,,
20230613,20230613_B06_e01,66,0,0.0,0,0,0,0,0,,
20230613,20230613_B07_e01,62,40,0.6451612903225806,3,35,1,39,0,-0.9218626021067216,-0.9641601302883209
20230613,20230613_B08_e01,66,0,0.0,0,0,0,0,0,,
20230613,20230613_B09_e01,40,28,0.7,3,21,1,27,0,-0.2981820204533575,-0.5628982346490826
20230613,20230613_B10_e01,66,0,0.0,0,0,0,0,0,,
20230613,20230613_B11_e01,66,0,0.0,0,0,0,0,0,,
20230613,20230613_B11_e02,66,66,1.0,1,66,0,66,0,-0.4476329758047472,-0.8232406842866329
20230613,20230613_B12_e01,66,0,0.0,0,0,0,0,0,,
20230613,20230613_C01_e01,66,0,0.0,0,0,0,0,0,,
20230613,20230613_C02_e01,66,0,0.0,0,0,0,0,0,,
20230613,20230613_C03_e01,66,0,0.0,0,0,0,0,0,,
20230613,20230613_C04_e01,66,0,0.0,0,0,0,0,0,,
20230613,20230613_C05_e01,66,38,0.5757575757575758,1,38,0,38,0,-0.5184894393727567,-0.5925126326791925
20230613,20230613_C06_e01,66,0,0.0,0,0,0,0,0,,
20230613,20230613_C07_e01,66,44,0.6666666666666666,2,34,0,44,0,-0.09662618659529112,-0.14323434736929427
20230613,20230613_C08_e01,66,0,0.0,0,0,0,0,0,,
20230613,20230613_C09_e01,66,0,0.0,0,0,0,0,0,,
20230613,20230613_C10_e01,66,46,0.696969696969697,2,45,1,45,1,-0.5123438649049095,-0.6138332721338375
20230613,20230613_C11_e01,66,0,0.0,0,0,0,0,0,,
20230613,20230613_C12_e01,66,0,0.0,0,0,0,0,0,,
20230613,20230613_D01_e01,66,0,0.0,0,0,0,0,0,,
20230613,20230613_D02_e01,66,0,0.0,0,0,0,0,0,,
20230613,20230613_D03_e01,66,0,0.0,0,0,0,0,0,,
20230613,20230613_D04_e01,66,47,0.7121212121212122,1,47,0,47,0,-0.6308562713065732,-0.9849177867324268
20230613,20230613_D05_e01,66,27,0.4090909090909091,1,27,0,27,0,-0.12722328949964304,-0.18843324582928828
20230613,20230613_D06_e01,66,48,0.7272727272727273,1,48,0,48,0,-0.47583280273798934,-0.9180802301793878
20230613,20230613_D07_e01,66,3,0.045454545454545456,1,3,0,3,0,-0.02266918064913607,-0.026748100693613636
20230613,20230613_D07_e02,66,61,0.9242424242424242,1,61,0,61,0,-0.6793414195741019,-0.7888040685252031
20230613,20230613_D08_e01,66,53,0.803030303030303,2,52,1,52,1,-0.403658889895089,-0.574241592297799
20230613,20230613_D09_e01,66,0,0.0,0,0,0,0,0,,
20230613,20230613_D10_e01,66,0,0.0,0,0,0,0,0,,
20230613,20230613_D10_e02,66,10,0.15151515151515152,1,10,0,10,0,-0.25451802766328313,-0.5589801018130255
20230613,20230613_D11_e01,66,0,0.0,0,0,0,0,0,,
20230613,20230613_D12_e01,66,50,0.7575757575757576,2,38,0,50,0,-0.45410997132671266,-0.6460169706735867
20230613,20230613_E01_e01,66,35,0.5303030303030303,1,35,0,35,0,-0.40588377698536665,-0.6674732331010113
20230613,20230613_E02_e01,66,0,0.0,0,0,0,0,0,,
20230613,20230613_E03_e01,66,23,0.3484848484848485,1,23,0,23,0,-0.25242604399676977,-0.3306820681663939
20230613,20230613_E04_e01,66,33,0.5,2,32,1,32,1,-0.4140307410083291,-0.4782722737299796
20230613,20230613_E05_e01,65,1,0.015384615384615385,1,1,1,0,0,-0.026373074066917367,-0.026373074066917367
20230613,20230613_E06_e01,65,19,0.2923076923076923,1,19,0,19,0,-0.4458750306249204,-0.5443068377904365
20230613,20230613_E07_e01,65,18,0.27692307692307694,1,18,0,18,0,-0.5391937461017113,-0.610804462615538
20230613,20230613_E07_e02,65,65,1.0,1,65,0,65,0,-0.8370437370230367,-0.9355693178288853
20230613,20230613_E07_e03,65,65,1.0,1,65,0,65,0,-0.8679925284438424,-0.9275064401480475
20230613,20230613_E08_e01,65,0,0.0,0,0,0,0,0,,
20230613,20230613_E09_e01,65,0,0.0,0,0,0,0,0,,
20230613,20230613_E10_e01,65,0,0.0,0,0,0,0,0,,
20230613,20230613_E11_e01,65,0,0.0,0,0,0,0,0,,
20230613,20230613_E12_e01,65,20,0.3076923076923077,1,20,0,20,0,-0.2771876570791303,-0.3788141748964035
20230613,20230613_F01_e01,65,0,0.0,0,0,0,0,0,,
20230613,20230613_F01_e02,65,65,1.0,1,65,0,65,0,-0.6594740040077562,-0.7576323067757332
20230613,20230613_F01_e03,65,65,1.0,1,65,0,65,0,-0.7709166340184785,-0.8447600146083106
20230613,20230613_F02_e01,65,29,0.4461538461538462,1,29,0,29,0,-0.2741499398298294,-0.389518885409834
20230613,20230613_F03_e01,65,20,0.3076923076923077,1,20,0,20,0,-0.1794154505445747,-0.28662781316106195
20230613,20230613_F04_e01,65,44,0.676923076923077,1,44,0,44,0,-0.5610409915056884,-0.6545153598344001
20230613,20230613_F05_e01,65,0,0.0,0,0,0,0,0,,
20230613,20230613_F06_e01,65,0,0.0,0,0,0,0,0,,
20230613,20230613_F07_e01,65,19,0.2923076923076923,1,19,0,19,0,-0.26476732516697554,-0.3672515708224956
20230613,20230613_F08_e01,65,45,0.6923076923076923,2,40,0,45,0,-0.5051601014676675,-0.6316156620771326
20230613,20230613_F09_e01,65,23,0.35384615384615387,1,23,0,23,0,-0.21462803004845438,-0.32294887308854064
20230613,20230613_F10_e01,65,0,0.0,0,0,0,0,0,,
20230613,20230613_F11_e01,65,0,0.0,0,0,0,0,0,,
20230613,20230613_F12_e01,65,0,0.0,0,0,0,0,0,,
20230613,20230613_G01_e01,65,0,0.0,0,0,0,0,0,,
20230613,20230613_G02_e01,65,11,0.16923076923076924,1,11,0,11,0,-0.10888573367396318,-0.22926547074464307
20230613,20230613_G03_e01,65,0,0.0,0,0,0,0,0,,
20230615,20230615_A01_e01,50,6,0.12,5,2,4,2,4,-0.29271121686017687,-0.5784037626800755
20230615,20230615_A02_e01,50,3,0.06,1,3,0,3,0,-0.07934854117783831,-0.08876970601092837
20230615,20230615_A03_e01,50,2,0.04,2,1,2,0,2,-0.17666796605322663,-0.30226943174147036
20230615,20230615_A03_e02,50,0,0.0,0,0,0,0,0,,
20230615,20230615_A04_e01,50,35,0.7,3,32,1,34,1,-0.4644824193315194,-0.6382720012863596
20230615,20230615_A05_e01,50,0,0.0,0,0,0,0,0,,
20230615,20230615_A06_e01,48,5,0.10416666666666667,5,1,5,0,3,-0.3564779057471485,-0.5036504454872626
20230615,20230615_A07_e01,50,6,0.12,5,2,4,2,3,-0.206223916062181,-0.5905694309230466
20230615,20230615_A08_e01,50,30,0.6,3,27,1,29,1,-0.16364349448605686,-0.37271058676642155
20230615,20230615_A09_e01,49,0,0.0,0,0,0,0,0,,
20230615,20230615_A10_e01,50,14,0.28,8,5,5,9,4,-0.3233286475263021,-0.6480262460766358
20230615,20230615_A10_e02,50,50,1.0,1,50,0,50,0,-0.4956467851535155,-0.7216054432456451
20230615,20230615_A11_e01,50,24,0.48,7,11,3,21,3,-0.40632973312971465,-0.6862168469810903
20230615,20230615_A12_e01,49,2,0.04081632653061224,2,1,2,0,1,-0.29537633723094847,-0.4309651575405103
20230615,20230615_B01_e01,50,0,0.0,0,0,0,0,0,,
20230615,20230615_B02_e01,40,0,0.0,0,0,0,0,0,,
20230615,20230615_B03_e01,50,3,0.06,3,1,3,0,2,-0.021581027295685708,-0.1702176318299971
20230615,20230615_B04_e01,49,6,0.12244897959183673,6,1,6,0,4,-0.30812311909273826,-0.6849773619959885
20230615,20230615_B05_e01,50,4,0.08,3,2,2,2,2,-0.2256927273936607,-0.45394289438771096
20230615,20230615_B06_e01,50,25,0.5,5,15,2,23,2,-0.511513676158143,-0.936524001138982
20230615,20230615_B07_e01,50,18,0.36,10,5,5,13,5,-0.3814908264004908,-0.8688754645096048
20230615,20230615_B08_e01,48,25,0.5208333333333334,5,15,1,24,1,-0.5602194518182848,-0.9103681335014844
20230615,20230615_B09_e01,49,7,0.14285714285714285,4,3,2,5,1,-0.5854988631275524,-0.966400069191684
20230615,20230615_B10_e01,48,13,0.2708333333333333,5,3,1,12,1,-0.44180060716426506,-0.8799847195758477
20230615,20230615_B11_e01,48,18,0.375,8,5,5,13,3,-0.3964754104727124,-0.7394407293098614
20230615,20230615_B12_e01,50,31,0.62,1,31,0,31,0,-0.40561200008055115,-0.589005347675039
20230615,20230615_C01_e01,50,28,0.56,2,27,1,27,1,-0.42480043129983575,-0.6036783582263601
20230615,20230615_C01_e02,50,0,0.0,0,0,0,0,0,,
20230615,20230615_C02_e01,50,31,0.62,2,26,0,31,0,-0.3899452861678043,-0.5796594529904953
20230615,20230615_C03_e01,50,1,0.02,1,1,1,0,1,-0.11521203073408777,-0.11521203073408777
20230615,20230615_C04_e01,50,0,0.0,0,0,0,0,0,,
20230615,20230615_C05_e01,50,0,0.0,0,0,0,0,0,,
20230615,20230615_C06_e01,50,36,0.72,2,33,0,36,0,-0.46494721947115114,-0.6610073953777067
20230615,20230615_C07_e01,50,0,0.0,0,0,0,0,0,,
20230615,20230615_C08_e01,50,0,0.0,0,0,0,0,0,,
20230615,20230615_C09_e01,50,18,0.36,9,5,5,13,5,-0.32556440607686754,-0.5515070121185482
20230615,20230615_C09_e02,50,50,1.0,1,50,0,50,0,-0.7011474340352883,-0.9593994111422741
20230615,20230615_C10_e01,50,0,0.0,0,0,0,0,0,,
20230615,20230615_C11_e01,50,36,0.72,1,36,0,36,0,-0.5495028736586235,-0.7109936669370284
20230615,20230615_C12_e01,50,2,0.04,1,2,0,2,0,-0.015170504143390266,-0.02401076177290594
20230615,20230615_D01_e01,50,4,0.08,2,3,1,3,1,-0.2618300113087214,-0.5234647438605913
20230615,20230615_D02_e01,50,0,0.0,0,0,0,0,0,,
20230615,20230615_D03_e01,50,0,0.0,0,0,0,0,0,,
20230615,20230615_D04_e01,50,2,0.04,2,1,2,0,2,-0.1754523596230547,-0.26907553974073295
20230615,20230615_D05_e01,50,0,0.0,0,0,0,0,0,,
20230615,20230615_D06_e01,50,30,0.6,2,28,0,30,0,-0.3948692315774396,-0.5648822199495591
20230615,20230615_D07_e01,50,1,0.02,1,1,1,0,1,-0.10086577435997952,-0.10086577435997952
20230615,20230615_D08_e01,50,5,0.1,2,3,0,5,0,-0.19578241368918858,-0.3766702534164274
20230615,20230615_D08_e02,50,48,0.96,2,43,0,48,0,-0.6017580338028796,-0.8110676018455881
20230615,20230615_D09_e01,43,16,0.37209302325581395,6,7,2,14,1,-0.7060077729883038,-0.9498030330558695
20230615,20230615_D10_e01,49,10,0.20408163265306123,4,6,2,8,1,-0.3897824657152907,-0.9514949337524
20230615,20230615_D11_e01,50,32,0.64,3,27,0,32,0,-0.44397165293246066,-0.5992931183827566
20230615,20230615_D12_e01,48,31,0.6458333333333334,3,22,1,30,1,-0.4824870140393332,-0.9231685176212585
20230615,20230615_D12_e02,48,48,1.0,2,43,0,48,0,-0.8678846092182286,-0.9862404131303779
20230615,20230615_E01_e01,50,3,0.06,2,2,1,2,1,-0.2475587352936113,-0.318420850702909
20230615,20230615_E02_e01,50,14,0.28,3,10,0,14,0,-0.2972056896532069,-0.5826371904579736
20230615,20230615_E03_e01,50,31,0.62,2,29,0,31,0,-0.5339584506856705,-0.6702438009306804
20230615,20230615_E04_e01,50,0,0.0,0,0,0,0,0,,
20230615,20230615_E05_e01,50,34,0.68,1,34,0,34,0,-0.47499480907742775,-0.5826041912250909
20230615,20230615_E06_e01,50,0,0.0,0,0,0,0,0,,
20230615,20230615_E07_e01,50,4,0.08,3,2,2,2,2,-0.20528790677175038,-0.23999773601632554
20230615,20230615_E08_e01,50,0,0.0,0,0,0,0,0,,
20230615,20230615_E09_e01,50,33,0.66,3,19,1,32,1,-0.11948942074705637,-0.21987517832633674
20230615,20230615_E10_e01,50,4,0.08,1,4,0,4,0,-0.07396275448283587,-0.10275739262770249
20230615,20230615_E11_e01,50,0,0.0,0,0,0,0,0,,
20230615,20230615_E12_e01,50,0,0.0,0,0,0,0,0,,
20230615,20230615_F01_e01,50,0,0.0,0,0,0,0,0,,
20230615,20230615_F02_e01,50,26,0.52,2,18,0,26,0,-0.4770961252750294,-0.6090426643936603
20230615,20230615_F03_e01,50,33,0.66,1,33,0,33,0,-0.43644317001722005,-0.6166547592298849
20230615,20230615_F04_e01,50,0,0.0,0,0,0,0,0,,
20230615,20230615_F05_e01,50,0,0.0,0,0,0,0,0,,
20230615,20230615_F06_e01,50,0,0.0,0,0,0,0,0,,
20230615,20230615_F07_e01,50,0,0.0,0,0,0,0,0,,
20230615,20230615_F08_e01,50,34,0.68,1,34,0,34,0,-0.4132290482671019,-0.5778330650562901
20230615,20230615_F09_e01,50,0,0.0,0,0,0,0,0,,
20230615,20230615_F10_e01,50,0,0.0,0,0,0,0,0,,
20230615,20230615_F11_e01,50,0,0.0,0,0,0,0,0,,
20230615,20230615_F12_e01,50,0,0.0,0,0,0,0,0,,
20230615,20230615_G01_e01,50,0,0.0,0,0,0,0,0,,
20230615,20230615_G02_e01,50,0,0.0,0,0,0,0,0,,
20230615,20230615_G03_e01,50,1,0.02,1,1,1,0,1,-0.0957467368943218,-0.0957467368943218
20230615,20230615_G04_e01,50,0,0.0,0,0,0,0,0,,
20230615,20230615_G05_e01,50,0,0.0,0,0,0,0,0,,
20230615,20230615_G06_e01,50,0,0.0,0,0,0,0,0,,
20230615,20230615_G07_e01,50,26,0.52,2,19,0,26,0,-0.16872735535297836,-0.5042811909954384
20230620,20230620_A01_e01,89,0,0.0,0,0,0,0,0,,
20230620,20230620_A02_e01,89,9,0.10112359550561797,1,9,0,9,0,-0.19579220145464224,-0.25002769581964873
20230620,20230620_A03_e01,89,0,0.0,0,0,0,0,0,,
20230620,20230620_A04_e01,89,0,0.0,0,0,0,0,0,,
20230620,20230620_A05_e01,89,28,0.3146067415730337,1,28,0,28,0,-0.34316410077598264,-0.559198353469777
20230620,20230620_A05_e02,89,72,0.8089887640449438,2,71,1,71,1,-0.5145603169107673,-0.681444249033784
20230620,20230620_A06_e01,89,77,0.8651685393258427,2,39,0,77,0,-0.26630568434608476,-0.655864657790393
20230620,20230620_A07_e01,89,0,0.0,0,0,0,0,0,,
20230620,20230620_A08_e01,89,3,0.033707865168539325,1,3,0,3,0,-0.10252186369235095,-0.13171403026577158
20230620,20230620_A09_e01,89,12,0.1348314606741573,1,12,0,12,0,-0.10146569573496013,-0.13574834587589973
20230620,20230620_A09_e02,89,0,0.0,0,0,0,0,0,,
20230620,20230620_A10_e01,89,0,0.0,0,0,0,0,0,,
20230620,20230620_A10_e02,89,0,0.0,0,0,0,0,0,,
20230620,20230620_A11_e01,89,0,0.0,0,0,0,0,0,,
20230620,20230620_A11_e02,89,0,0.0,0,0,0,0,0,,
20230620,20230620_A12_e01,89,0,0.0,0,0,0,0,0,,
20230620,20230620_B01_e01,89,9,0.10112359550561797,1,9,0,9,0,-0.2941988851962244,-0.34971505764250055
20230620,20230620_B02_e01,89,0,0.0,0,0,0,0,0,,
20230620,20230620_B02_e02,89,0,0.0,0,0,0,0,0,,
20230620,20230620_B03_e01,89,0,0.0,0,0,0,0,0,,
20230620,20230620_B03_e02,89,0,0.0,0,0,0,0,0,,
20230620,20230620_B04_e01,89,24,0.2696629213483146,1,24,0,24,0,-0.3158195558052791,-0.41802599328235535
20230620,20230620_B04_e02,89,0,0.0,0,0,0,0,0,,
20230620,20230620_B05_e01,89,2,0.02247191011235955,1,2,0,2,0,-0.007139146321164522,-0.01324076077483631
20230620,20230620_B05_e02,89,23,0.25842696629213485,1,23,0,23,0,-0.2222556798937752,-0.2985018681773865
20230620,20230620_B06_e01,89,0,0.0,0,0,0,0,0,,
20230620,20230620_B06_e02,89,0,0.0,0,0,0,0,0,,
20230620,20230620_B07_e01,89,38,0.42696629213483145,2,23,0,38,0,-0.081313186917006,-0.14477570205340723
20230620,20230620_B07_e02,89,0,0.0,0,0,0,0,0,,
20230620,20230620_B08_e01,89,10,0.11235955056179775,2,9,1,9,1,-0.025935856904907996,-0.03181406273487554
20230620,20230620_B08_e02,89,0,0.0,0,0,0,0,0,,
20230620,20230620_B08_e03,89,0,0.0,0,0,0,0,0,,
20230620,20230620_B09_e01,88,1,0.011363636363636364,1,1,1,0,0,-0.023149522927733354,-0.023149522927733354
20230620,20230620_B10_e01,88,39,0.4431818181818182,2,38,1,38,1,-0.37355145125468253,-0.4390305956849046
20230620,20230620_B10_e02,88,0,0.0,0,0,0,0,0,,
20230620,20230620_B11_e01,88,3,0.03409090909090909,1,3,0,3,0,-0.05936765007648457,-0.09034878066882587
20230620,20230620_B12_e01,88,11,0.125,1,11,0,11,0,-0.03988575742808333,-0.04897930215027328
20230620,20230620_C01_e01,88,0,0.0,0,0,0,0,0,,
20230620,20230620_C02_e01,88,44,0.5,4,31,1,43,1,-0.4832702847466507,-0.6697422896110126
20230620,20230620_C03_e01,88,3,0.03409090909090909,2,2,1,2,1,-0.5378204086583814,-0.5399085797034712
20230620,20230620_C04_e01,88,50,0.5681818181818182,2,49,1,49,1,-0.39576031727609806,-0.6183936657567853
20230620,20230620_C04_e02,88,76,0.8636363636363636,1,76,0,76,0,-0.4329299535398028,-0.9846081487668961
20230620,20230620_C05_e01,88,32,0.36363636363636365,2,31,1,31,1,-0.5614107023908204,-0.6284000555082803
20230620,20230620_C06_e01,88,53,0.6022727272727273,2,52,1,52,1,-0.42444029501179514,-0.5705118148551624
20230620,20230620_C07_e01,88,11,0.125,1,11,0,11,0,-0.1268032851952373,-0.19208574839812856
20230620,20230620_C07_e02,88,0,0.0,0,0,0,0,0,,
20230620,20230620_C08_e01,88,4,0.045454545454545456,3,2,2,2,2,-0.25851633324339673,-0.5685904541688301
20230620,20230620_C09_e02,88,0,0.0,0,0,0,0,0,,
20230620,20230620_C10_e01,88,56,0.6363636363636364,1,56,0,56,0,-0.42988484523075315,-0.563028440781649
20230620,20230620_C11_e01,88,0,0.0,0,0,0,0,0,,
20230620,20230620_C12_e01,88,0,0.0,0,0,0,0,0,,
20230620,20230620_D01_e01,88,0,0.0,0,0,0,0,0,,
20230620,20230620_D02_e01,88,0,0.0,0,0,0,0,0,,
20230620,20230620_D03_e01,88,24,0.2727272727272727,3,20,1,23,1,-0.18893332835085935,-0.33368598545983696
20230620,20230620_D04_e01,88,0,0.0,0,0,0,0,0,,
20230620,20230620_D05_e01,88,0,0.0,0,0,0,0,0,,
20230620,20230620_D06_e01,88,0,0.0,0,0,0,0,0,,
20230620,20230620_D06_e02,60,0,0.0,0,0,0,0,0,,
20230620,20230620_D07_e01,88,3,0.03409090909090909,2,2,1,2,1,-0.1973348882091862,-0.23177911241850033
20230620,20230620_D08_e01,88,70,0.7954545454545454,2,37,0,70,0,-0.2704927935891427,-0.68074065748232
20230620,20230620_D09_e01,88,48,0.5454545454545454,3,36,1,47,1,-0.3934842701030311,-0.6146816368142706
20230620,20230620_D10_e01,88,29,0.32954545454545453,2,28,1,28,1,-0.40344447952061846,-0.5420050633549294
20230622,20230622_A01_e01,44,17,0.38636363636363635,1,17,0,17,0,-0.25954748934079863,-0.3944284002353507
20230622,20230622_A02_e01,44,0,0.0,0,0,0,0,0,,
20230622,20230622_A03_e01,44,11,0.25,1,11,0,11,0,-0.16918779915163837,-0.27788737529501684
20230622,20230622_A04_e01,44,0,0.0,0,0,0,0,0,,
20230622,20230622_A05_e01,44,12,0.2727272727272727,1,12,0,12,0,-0.1660697159708267,-0.2527316770482776
20230622,20230622_A06_e01,44,0,0.0,0,0,0,0,0,,
20230622,20230622_A07_e01,44,17,0.38636363636363635,1,17,0,17,0,-0.24628055238653052,-0.2861078555076456
20230622,20230622_A08_e01,44,26,0.5909090909090909,3,16,1,25,1,-0.2163889827940046,-0.6069411558550823
20230622,20230622_A09_e01,44,6,0.13636363636363635,1,6,0,6,0,-0.16078371289817156,-0.22367073482813513
20230622,20230622_A09_e02,44,0,0.0,0,0,0,0,0,,
20230622,20230622_A10_e01,44,0,0.0,0,0,0,0,0,,
20230622,20230622_A11_e01,44,1,0.022727272727272728,1,1,1,0,0,-0.017454368796076487,-0.017454368796076487
20230622,20230622_A12_e01,44,0,0.0,0,0,0,0,0,,
20230622,20230622_B01_e01,43,13,0.3023255813953488,1,13,0,13,0,-0.16629591010219308,-0.2839659813957006
20230622,20230622_B02_e01,43,0,0.0,0,0,0,0,0,,
20230622,20230622_B03_e01,43,0,0.0,0,0,0,0,0,,
20230622,20230622_B04_e01,43,0,0.0,0,0,0,0,0,,
20230622,20230622_B05_e01,43,8,0.18604651162790697,1,8,0,8,0,-0.10096174873973254,-0.15323029812674915
20230622,20230622_B06_e01,43,0,0.0,0,0,0,0,0,,
20230622,20230622_B06_e02,43,41,0.9534883720930233,1,41,0,41,0,-0.3777684800594525,-0.5431408406672135
20230622,20230622_B06_e03,43,0,0.0,0,0,0,0,0,,
20230622,20230622_B07_e01,43,31,0.7209302325581395,2,28,0,31,0,-0.37177906988376247,-0.5405431547977201
20230622,20230622_B08_e01,43,29,0.6744186046511628,2,28,1,28,1,-0.12172931648230755,-0.5652602720884413
20230622,20230622_B09_e01,43,8,0.18604651162790697,1,8,0,8,0,-0.15087014712541455,-0.23389065790619043
20230622,20230622_B10_e01,43,6,0.13953488372093023,2,5,1,5,1,-0.19759489767262434,-0.2688894787266972
20230622,20230622_B11_e01,43,36,0.8372093023255814,2,32,0,36,0,-0.48284613188292824,-0.6345518591272682
20230622,20230622_B12_e01,43,0,0.0,0,0,0,0,0,,
20230622,20230622_C01_e01,43,10,0.23255813953488372,1,10,0,10,0,-0.14829168144064309,-0.2394175509304117
20230622,20230622_C01_e02,43,0,0.0,0,0,0,0,0,,
20230622,20230622_C02_e01,43,0,0.0,0,0,0,0,0,,
20230622,20230622_C03_e01,43,10,0.23255813953488372,1,10,0,10,0,-0.22224755052766898,-0.3183421157255605
20230622,20230622_C04_e01,43,0,0.0,0,0,0,0,0,,
20230622,20230622_C05_e01,43,0,0.0,0,0,0,0,0,,
20230622,20230622_C06_e01,43,3,0.06976744186046512,1,3,0,3,0,-0.09271105254202502,-0.14094574981678135
20230622,20230622_C06_e02,43,43,1.0,1,43,0,43,0,-0.6390440966056193,-0.7504773236742344
20230622,20230622_C06_e03,43,43,1.0,1,43,0,43,0,-0.8616018470322382,-0.9033643569567802
20230622,20230622_C06_e04,43,43,1.0,1,43,0,43,0,-0.8194435047089584,-0.8640945184878167
20230622,20230622_C07_e01,43,0,0.0,0,0,0,0,0,,
20230622,20230622_C08_e01,43,5,0.11627906976744186,2,3,0,5,0,-0.002860752583317438,-0.018854694286306633
20230622,20230622_C09_e01,43,0,0.0,0,0,0,0,0,,
20230622,20230622_C10_e01,43,7,0.16279069767441862,2,6,1,6,1,-0.0937352253832412,-0.15503765176058618
20230622,20230622_C11_e01,43,0,0.0,0,0,0,0,0,,
20230622,20230622_C12_e01,43,0,0.0,0,0,0,0,0,,
20230622,20230622_D01_e01,43,0,0.0,0,0,0,0,0,,
20230622,20230622_D02_e01,43,23,0.5348837209302325,3,17,0,23,0,-0.25942965680040764,-0.38878138071443896
20230622,20230622_D02_e02,43,43,1.0,1,43,0,43,0,-0.5469838113632677,-0.8292531172279335
20230622,20230622_D02_e03,43,0,0.0,0,0,0,0,0,,
20230622,20230622_D03_e01,43,29,0.6744186046511628,2,25,0,29,0,-0.4012690313424106,-0.5577362969882215
20230622,20230622_D04_e01,43,14,0.32558139534883723,1,14,0,14,0,-0.2477124408963554,-0.3738048578484584
20230622,20230622_D05_e01,43,37,0.8604651162790697,1,37,0,37,0,-0.5295974207824066,-0.7013973943487886
20230622,20230622_D06_e01,43,36,0.8372093023255814,2,32,0,36,0,-0.40819042031039676,-0.5445578523026053
20230622,20230622_D06_e02,43,8,0.18604651162790697,1,8,0,8,0,-0.2622841550343922,-0.35963566873987635
20230622,20230622_D07_e01,43,13,0.3023255813953488,1,13,0,13,0,-0.1391291053561667,-0.23424912270607043
20230622,20230622_D08_e01,43,0,0.0,0,0,0,0,0,,
20230622,20230622_D09_e01,43,0,0.0,0,0,0,0,0,,
20230622,20230622_D10_e01,43,10,0.23255813953488372,1,10,0,10,0,-0.1757507949424535,-0.2479155961479295
20230622,20230622_D10_e02,43,0,0.0,0,0,0,0,0,,
20230622,20230622_D11_e01,43,8,0.18604651162790697,1,8,0,8,0,-0.2482005698533563,-0.3020585833245788
20230622,20230622_D12_e01,43,8,0.18604651162790697,1,8,0,8,0,-0.10884461733288317,-0.1851666598136751
20230622,20230622_E01_e01,43,0,0.0,0,0,0,0,0,,
20230622,20230622_E02_e01,43,0,0.0,0,0,0,0,0,,
20230622,20230622_E03_e01,43,2,0.046511627906976744,1,2,0,2,0,-0.1499014188022322,-0.1937157837897747
20230622,20230622_E04_e01,43,0,0.0,0,0,0,0,0,,
20230622,20230622_E05_e01,43,8,0.18604651162790697,1,8,0,8,0,-0.12910656079360125,-0.18993080095924472
20230622,20230622_E06_e01,43,0,0.0,0,0,0,0,0,,
20230622,20230622_E07_e01,43,0,0.0,0,0,0,0,0,,
20230622,20230622_E08_e01,43,0,0.0,0,0,0,0,0,,
20230622,20230622_E09_e01,43,23,0.5348837209302325,2,12,0,23,0,-0.1480244105151157,-0.2356977687611207
20230622,20230622_E10_e01,43,0,0.0,0,0,0,0,0,,
20230622,20230622_E11_e01,43,6,0.13953488372093023,1,6,0,6,0,-0.19114483642473085,-0.2779202113542977
20230622,20230622_E11_e02,43,34,0.7906976744186046,2,31,0,34,0,-0.49450964089410443,-0.6277895467361685
20230622,20230622_E12_e01,43,24,0.5581395348837209,1,24,0,24,0,-0.2567301415654994,-0.4257111408441831
20230622,20230622_F01_e01,43,29,0.6744186046511628,2,28,1,28,1,-0.22192259382786422,-0.3882158685243226
20230622,20230622_F02_e01,43,6,0.13953488372093023,1,6,0,6,0,-0.13228007693434604,-0.1915797994078521
20230622,20230622_F03_e01,43,9,0.20930232558139536,3,7,2,7,2,-0.1529460054517015,-0.2590280107226269
20230622,20230622_F03_e02,43,43,1.0,1,43,0,43,0,-0.8150314446130313,-0.9152014036905308
20230622,20230622_F04_e01,43,0,0.0,0,0,0,0,0,,
20230622,20230622_F05_e01,43,0,0.0,0,0,0,0,0,,
20230622,20230622_F06_e01,43,0,0.0,0,0,0,0,0,,
20230622,20230622_F07_e01,43,0,0.0,0,0,0,0,0,,
20230622,20230622_F08_e01,43,12,0.27906976744186046,1,12,0,12,0,-0.16400075673018202,-0.2711800272518904
20230622,20230622_F09_e01,43,5,0.11627906976744186,2,3,0,5,0,-0.19391947397476203,-0.3702499900885895
20230622,20230622_F10_e01,43,0,0.0,0,0,0,0,0,,
20230627,20230627_A01_e01,45,8,0.17777777777777778,1,8,0,8,0,-0.39027206023093586,-0.412744361217962
20230627,20230627_A02_e01,45,0,0.0,0,0,0,0,0,,
20230627,20230627_A03_e01,45,0,0.0,0,0,0,0,0,,
20230627,20230627_A03_e02,36,0,0.0,0,0,0,0,0,,
20230627,20230627_A04_e01,45,0,0.0,0,0,0,0,0,,
20230627,20230627_A04_e02,45,25,0.5555555555555556,2,19,0,25,0,-0.06215599062054298,-0.09726880077983782
20230627,20230627_A05_e01,45,0,0.0,0,0,0,0,0,,
20230627,20230627_A06_e01,45,0,0.0,0,0,0,0,0,,
20230627,20230627_A07_e01,45,0,0.0,0,0,0,0,0,,
20230627,20230627_A08_e01,45,0,0.0,0,0,0,0,0,,
20230627,20230627_A08_e02,45,45,1.0,1,45,0,45,0,-0.5686249567890515,-0.6653249413343728
20230627,20230627_A09_e01,45,0,0.0,0,0,0,0,0,,
20230627,20230627_A09_e02,45,37,0.8222222222222222,1,37,0,37,0,-0.31225744008952655,-0.4757230876646881
20230627,20230627_A09_e03,45,45,1.0,1,45,0,45,0,-0.6993171835303755,-0.776194872082789
20230627,20230627_A10_e01,45,38,0.8444444444444444,1,38,0,38,0,-0.5074365188508585,-0.6918050974276472
20230627,20230627_A10_e02,45,25,0.5555555555555556,3,23,2,23,2,-0.45508483183355103,-0.6492962132251023
20230627,20230627_A11_e01,45,0,0.0,0,0,0,0,0,,
20230627,20230627_A11_e02,45,0,0.0,0,0,0,0,0,,
20230627,20230627_A12_e01,45,39,0.8666666666666667,1,39,0,39,0,-0.6807791211781418,-0.8114513341347954
20230627,20230627_B01_e01,45,30,0.6666666666666666,1,30,0,30,0,-0.4512418914110875,-0.5984251751759716
20230627,20230627_B02_e01,45,0,0.0,0,0,0,0,0,,
20230627,20230627_B03_e01,45,0,0.0,0,0,0,0,0,,
20230627,20230627_B04_e01,45,0,0.0,0,0,0,0,0,,
20230627,20230627_B05_e01,45,37,0.8222222222222222,2,35,0,37,0,-0.3939992548408496,-0.5468814163948879
20230627,20230627_B06_e01,45,0,0.0,0,0,0,0,0,,
20230627,20230627_B07_e01,45,0,0.0,0,0,0,0,0,,
20230627,20230627_B08_e01,45,0,0.0,0,0,0,0,0,,
20230627,20230627_B09_e01,45,37,0.8222222222222222,2,31,0,37,0,-0.3415010385437976,-0.5619743667278256
20230627,20230627_B10_e01,45,0,0.0,0,0,0,0,0,,
20230627,20230627_B11_e01,45,0,0.0,0,0,0,0,0,,
20230627,20230627_B12_e01,45,0,0.0,0,0,0,0,0,,
20230627,20230627_C01_e01,45,0,0.0,0,0,0,0,0,,
20230627,20230627_C02_e01,45,0,0.0,0,0,0,0,0,,
20230627,20230627_C03_e01,45,0,0.0,0,0,0,0,0,,
20230627,20230627_C04_e01,45,0,0.0,0,0,0,0,0,,
20230627,20230627_C05_e01,45,3,0.06666666666666667,1,3,0,3,0,-0.12003976780006377,-0.25058408447537966
20230627,20230627_C05_e02,45,45,1.0,1,45,0,45,0,-0.6201032057575806,-0.743923401892447
20230627,20230627_C06_e01,45,0,0.0,0,0,0,0,0,,
20230627,20230627_C06_e02,45,45,1.0,1,45,0,45,0,-0.7584817726979532,-0.8271122991765177
20230627,20230627_C06_e03,45,45,1.0,1,45,0,45,0,-0.6487114445713783,-0.7422405577246213
20230627,20230627_C07_e01,45,0,0.0,0,0,0,0,0,,
20230627,20230627_C07_e02,45,10,0.2222222222222222,1,10,0,10,0,-0.08133582663150879,-0.11265287066577194
20230627,20230627_C08_e01,45,0,0.0,0,0,0,0,0,,
20230627,20230627_C09_e01,45,0,0.0,0,0,0,0,0,,
20230627,20230627_C10_e01,10,0,0.0,0,0,0,0,0,,
20230627,20230627_C10_e02,45,22,0.4888888888888889,2,12,0,22,0,-0.08163545523350008,-0.1210087104349545
20230627,20230627_C11_e01,45,11,0.24444444444444444,2,6,0,11,0,-0.03941925317679682,-0.08135436979420468
20230627,20230627_C12_e01,45,31,0.6888888888888889,3,19,0,31,0,-0.12442364014862407,-0.21874840978796475
20230627,20230627_D01_e01,45,0,0.0,0,0,0,0,0,,
20230627,20230627_D02_e01,45,0,0.0,0,0,0,0,0,,
20230627,20230627_D03_e01,45,0,0.0,0,0,0,0,0,,
20230627,20230627_D04_e01,45,0,0.0,0,0,0,0,0,,
20230627,20230627_D04_e02,45,23,0.5111111111111111,2,20,0,23,0,-0.48275974974323005,-0.9402180332683376
20230627,20230627_D05_e01,45,14,0.3111111111111111,2,9,0,14,0,-0.03656418174120679,-0.06464051199805708
20230627,20230627_D05_e02,39,12,0.3076923076923077,1,12,0,12,0,-0.5219306032088809,-0.9467111648558437
20230627,20230627_D06_e01,45,7,0.15555555555555556,1,7,0,7,0,-0.041364748451445395,-0.05717721282472009
20230627,20230627_D06_e02,45,6,0.13333333333333333,1,6,0,6,0,-0.12046469531929432,-0.22221898837225754
20230627,20230627_D07_e01,45,0,0.0,0,0,0,0,0,,
20230627,20230627_D07_e02,45,0,0.0,0,0,0,0,0,,
20230627,20230627_D08_e01,45,33,0.7333333333333333,1,33,0,33,0,-0.3887003156481928,-0.5257866727915183
20230627,20230627_D09_e01,45,0,0.0,0,0,0,0,0,,
20230627,20230627_D09_e02,45,6,0.13333333333333333,1,6,0,6,0,-0.4022924702246583,-0.6819536941420326
20230627,20230627_D10_e01,45,15,0.3333333333333333,2,13,0,15,0,-0.30292878488432917,-0.3877016456312783
20230627,20230627_D10_e02,45,45,1.0,1,45,0,45,0,-0.7536255385610637,-0.8030452038451956
20230627,20230627_D11_e01,45,0,0.0,0,0,0,0,0,,
20230627,20230627_D12_e01,45,16,0.35555555555555557,1,16,0,16,0,-0.23717061642455534,-0.3357412019925266
20230627,20230627_E01_e01,45,1,0.022222222222222223,1,1,1,0,0,-0.0018979444518335614,-0.0018979444518335614
20230627,20230627_E02_e01,45,0,0.0,0,0,0,0,0,,
20230627,20230627_E03_e01,45,33,0.7333333333333333,1,33,0,33,0,-0.4484019094043895,-0.5954995646449837
20230627,20230627_E04_e01,45,0,0.0,0,0,0,0,0,,
20230627,20230627_E05_e01,45,0,0.0,0,0,0,0,0,,
20230627,20230627_E06_e01,45,0,0.0,0,0,0,0,0,,
20230627,20230627_E07_e01,45,0,0.0,0,0,0,0,0,,
20230627,20230627_E08_e01,45,0,0.0,0,0,0,0,0,,
20230627,20230627_E09_e01,45,0,0.0,0,0,0,0,0,,
20230627,20230627_E09_e02,13,8,0.6153846153846154,1,8,0,8,0,-0.36775160535308515,-0.9627129518521473
20230627,20230627_E10_e01,45,2,0.044444444444444446,1,2,0,2,0,-0.02503531787545874,-0.03784216479413003
20230627,20230627_E11_e01,45,10,0.2222222222222222,1,10,0,10,0,-0.3994320795236038,-0.4640495561159345
20230627,20230627_E12_e01,45,23,0.5111111111111111,2,16,0,23,0,-0.20289804629814137,-0.3600628028985266
20230627,20230627_F01_e01,45,0,0.0,0,0,0,0,0,,
20230627,20230627_F02_e01,45,0,0.0,0,0,0,0,0,,
20230627,20230627_F03_e01,45,0,0.0,0,0,0,0,0,,
20230627,20230627_F04_e01,45,15,0.3333333333333333,1,15,0,15,0,-0.2740145930872037,-0.35566880938431333
20230627,20230627_F05_e01,45,0,0.0,0,0,0,0,0,,
20230627,20230627_F06_e01,45,19,0.4222222222222222,1,19,0,19,0,-0.47877717421355587,-0.545626597671554
20230627,20230627_F07_e01,45,0,0.0,0,0,0,0,0,,
20230627,20230627_F08_e01,45,0,0.0,0,0,0,0,0,,
20230627,20230627_F09_e01,45,0,0.0,0,0,0,0,0,,
20230627,20230627_F10_e01,45,0,0.0,0,0,0,0,0,,
20230627,20230627_F11_e01,45,0,0.0,0,0,0,0,0,,
20230627,20230627_F12_e01,45,3,0.06666666666666667,1,3,0,3,0,-0.03141618235044831,-0.03658050693999172
20230627,20230627_F12_e02,45,45,1.0,1,45,0,45,0,-0.7894620077760921,-0.8464915215997212
20230627,20230627_G01_e01,45,1,0.022222222222222223,1,1,1,0,0,-0.006907827591189272,-0.006907827591189272
20230627,20230627_G02_e01,45,0,0.0,0,0,0,0,0,,
20230627,20230627_G03_e01,45,0,0.0,0,0,0,0,0,,
20230629,20230629_A01_e01,42,15,0.35714285714285715,1,15,0,15,0,-0.48100653571549384,-0.5812866505812339
20230629,20230629_A01_e02,42,38,0.9047619047619048,1,38,0,38,0,-0.6110623846607233,-0.7241756572599827
20230629,20230629_A02_e01,42,18,0.42857142857142855,1,18,0,18,0,-0.24615267060939838,-0.3380916515485154
20230629,20230629_A03_e01,42,17,0.40476190476190477,1,17,0,17,0,-0.3403051176149848,-0.4161827948980617
20230629,20230629_A04_e01,42,35,0.8333333333333334,2,31,0,35,0,-0.3507559534946213,-0.48596809196732876
20230629,20230629_A04_e02,42,18,0.42857142857142855,1,18,0,18,0,-0.3966504334528863,-0.48656135782681764
20230629,20230629_A05_e01,42,13,0.30952380952380953,1,13,0,13,0,-0.16434980351660175,-0.24859548811828225
20230629,20230629_A06_e01,42,13,0.30952380952380953,1,13,0,13,0,-0.18898553149868783,-0.2541979467148522
20230629,20230629_A07_e01,42,25,0.5952380952380952,3,21,1,24,1,-0.2149345130937438,-0.3496359414974776
20230629,20230629_A08_e01,42,33,0.7857142857142857,2,30,0,33,0,-0.43144865761778534,-0.556236631611654
20230629,20230629_A09_e01,42,0,0.0,0,0,0,0,0,,
20230629,20230629_A10_e01,42,26,0.6190476190476191,3,14,1,25,1,-0.1452607543945592,-0.27399545747457266
20230629,20230629_A11_e01,41,16,0.3902439024390244,1,16,0,16,0,-0.26161622563826814,-0.3362648640042206
20230629,20230629_A12_e01,41,5,0.12195121951219512,1,5,0,5,0,-0.06390109696562987,-0.0774055449275617
20230629,20230629_B01_e01,41,6,0.14634146341463414,1,6,0,6,0,-0.0800432727013051,-0.14765841677221
20230629,20230629_B02_e01,41,11,0.2682926829268293,1,11,0,11,0,-0.4460750915157631,-0.5339653331204943
20230629,20230629_B02_e02,41,30,0.7317073170731707,2,28,0,30,0,-0.25149984454595004,-0.408907348419986
20230629,20230629_B03_e01,41,19,0.4634146341463415,1,19,0,19,0,-0.25890504159389344,-0.36742699595924805
20230629,20230629_B04_e01,41,20,0.4878048780487805,2,12,0,20,0,-0.07938635413865242,-0.14325640452429692
20230629,20230629_B05_e01,41,1,0.024390243902439025,1,1,1,0,1,-0.12368843441010405,-0.12368843441010405
20230629,20230629_B06_e01,18,10,0.5555555555555556,2,6,0,10,0,-0.27606710950841534,-0.9744312831765867
20230629,20230629_B07_e01,41,0,0.0,0,0,0,0,0,,
20230629,20230629_B07_e02,41,33,0.8048780487804879,1,33,0,33,0,-0.5100782277526161,-0.643195995449673
20230629,20230629_B08_e01,41,0,0.0,0,0,0,0,0,,
20230629,20230629_B08_e02,41,41,1.0,1,41,0,41,0,-0.7774692687078362,-0.8254491968061395
20230629,20230629_B09_e01,41,10,0.24390243902439024,1,10,0,10,0,-0.1243777221533511,-0.17321796929639235
20230629,20230629_B10_e01,41,0,0.0,0,0,0,0,0,,
20230629,20230629_B11_e01,41,0,0.0,0,0,0,0,0,,
20230629,20230629_B12_e01,41,30,0.7317073170731707,2,29,1,29,1,-0.41341145885809527,-0.542682517586567
20230629,20230629_C01_e01,41,15,0.36585365853658536,2,14,1,14,1,-0.2450630471882307,-0.3359251139877976
20230629,20230629_C02_e01,41,16,0.3902439024390244,1,16,0,16,0,-0.33033893825308835,-0.4260555921908191
20230629,20230629_C02_e02,41,0,0.0,0,0,0,0,0,,
20230629,20230629_C02_e03,41,41,1.0,1,41,0,41,0,-0.42009255504982734,-0.5728286491974784
20230629,20230629_C03_e01,41,28,0.6829268292682927,3,23,0,28,0,-0.2070473107859832,-0.39086145013840035
20230629,20230629_C04_e01,41,0,0.0,0,0,0,0,0,,
20230629,20230629_C04_e02,41,15,0.36585365853658536,2,13,0,15,0,-0.12773069508612717,-0.18771137929852014
20230629,20230629_C04_e03,41,41,1.0,1,41,0,41,0,-0.7415826486587136,-0.8045531494687975
20230629,20230629_C05_e01,41,33,0.8048780487804879,1,33,0,33,0,-0.4645611009028767,-0.6017572851435529
20230629,20230629_C06_e01,41,20,0.4878048780487805,2,19,1,19,1,-0.3414840204489848,-0.4420347085200181
20230629,20230629_C07_e01,41,35,0.8536585365853658,1,35,0,35,0,-0.1666979130008986,-0.6097469722720718
20230629,20230629_C08_e01,41,17,0.4146341463414634,1,17,0,17,0,-0.3291927431712399,-0.4188584862400014
20230629,20230629_C08_e02,41,13,0.3170731707317073,1,13,0,13,0,-0.24160215592886639,-0.31717255539964967
20230629,20230629_C09_e01,41,0,0.0,0,0,0,0,0,,
20230629,20230629_C10_e01,41,5,0.12195121951219512,1,5,0,5,0,-0.15402906679437967,-0.2224350621588937
20230629,20230629_C11_e01,41,17,0.4146341463414634,1,17,0,17,0,-0.2571236591431358,-0.4135774156520107
20230629,20230629_C12_e01,41,21,0.5121951219512195,1,21,0,21,0,-0.3781065039029208,-0.5110689136373363
20230629,20230629_D01_e01,41,17,0.4146341463414634,2,15,0,17,0,-0.35800144431230924,-0.5095854483832366
20230629,20230629_D02_e01,41,0,0.0,0,0,0,0,0,,
20230629,20230629_D03_e01,41,31,0.7560975609756098,2,29,0,31,0,-0.3518113340857275,-0.5320959680844779
20230629,20230629_D04_e01,41,6,0.14634146341463414,1,6,0,6,0,-0.08257862869248475,-0.1291349534978053
20230629,20230629_D05_e01,41,15,0.36585365853658536,1,15,0,15,0,-0.4286621615627138,-0.548386729587087
20230629,20230629_D06_e01,41,15,0.36585365853658536,2,14,1,14,1,-0.2984330661833166,-0.4040245583715394
20230629,20230629_D07_e01,41,12,0.2926829268292683,1,12,0,12,0,-0.24520005915258597,-0.32356479690396467
20230629,20230629_D08_e01,41,20,0.4878048780487805,4,16,2,18,2,-0.26417698802158024,-0.40774299892019605
20230629,20230629_D09_e01,41,31,0.7560975609756098,2,29,0,31,0,-0.43278675092686586,-0.5669796776020172
20230629,20230629_D10_e01,41,5,0.12195121951219512,1,5,0,5,0,-0.24037561153528014,-0.28485143019159304
20230629,20230629_D10_e02,40,0,0.0,0,0,0,0,0,,
20230629,20230629_D11_e01,41,15,0.36585365853658536,1,15,0,15,0,-0.24134840541979186,-0.3498387182396767
20230629,20230629_D12_e02,41,0,0.0,0,0,0,0,0,,
20230629,20230629_E01_e01,41,30,0.7317073170731707,2,29,1,29,1,-0.44648685862049203,-0.590309756982717
20230629,20230629_E01_e03,41,41,1.0,1,41,0,41,0,-0.894250051182506,-0.9223516466311183
20230629,20230629_E01_e04,2,2,1.0,1,2,0,2,0,-0.8010127163454797,-0.8528809475714927
20230629,20230629_E02_e01,36,6,0.16666666666666666,1,6,0,6,0,-0.6012639806145794,-0.8940810507807327
20230629,20230629_E02_e02,41,26,0.6341463414634146,3,15,1,25,1,-0.2200431579034967,-0.433020914658244
20230629,20230629_E03_e01,41,16,0.3902439024390244,1,16,0,16,0,-0.30983959667191646,-0.3634960534087838
20230629,20230629_E03_e02,24,0,0.0,0,0,0,0,0,,
20230629,20230629_E04_e01,41,19,0.4634146341463415,1,19,0,19,0,-0.3990894981618009,-0.5200767743855697
20230629,20230629_E04_e02,41,0,0.0,0,0,0,0,0,,
20230629,20230629_E05_e01,41,33,0.8048780487804879,1,33,0,33,0,-0.38410551546701327,-0.5189035946053512
20230629,20230629_E05_e02,14,14,1.0,1,14,0,14,0,-0.5008860578554885,-0.8416821720911831
20230629,20230629_E06_e01,41,19,0.4634146341463415,1,19,0,19,0,-0.33347350329972775,-0.4131931651499633
20230629,20230629_E07_e01,41,28,0.6829268292682927,2,27,1,27,1,-0.3222205482110258,-0.49417906301400305
20230629,20230629_E08_e01,41,18,0.43902439024390244,1,18,0,18,0,-0.34656954124294737,-0.4675510835288746
20230629,20230629_E09_e01,41,20,0.4878048780487805,1,20,0,20,0,-0.32417018235520306,-0.44010422464845744
20230629,20230629_E09_e02,41,32,0.7804878048780488,2,29,0,32,0,-0.23720608291138384,-0.47614881158714384
20230629,20230629_E10_e01,41,31,0.7560975609756098,2,27,0,31,0,-0.3382710965437345,-0.5063089241733504
20230629,20230629_E11_e01,41,29,0.7073170731707317,2,28,1,28,1,-0.2992423965207914,-0.4969017162515112
20230629,20230629_E12_e01,41,0,0.0,0,0,0,0,0,,
20230629,20230629_F01_e01,41,15,0.36585365853658536,1,15,0,15,0,-0.29100912685265296,-0.38549828614342013
20230629,20230629_F02_e01,41,21,0.5121951219512195,1,21,0,21,0,-0.2642055161960902,-0.3895491844736957
20230629,20230629_F03_e01,41,31,0.7560975609756098,2,27,0,31,0,-0.29720176193306047,-0.47653825967650854
20230629,20230629_F04_e01,41,7,0.17073170731707318,1,7,0,7,0,-0.19902467384285238,-0.25539124664067664
20230629,20230629_F05_e01,41,16,0.3902439024390244,1,16,0,16,0,-0.3855780600151306,-0.46319119520193536
20230629,20230629_F06_e01,41,16,0.3902439024390244,1,16,0,16,0,-0.2298741283227566,-0.30920043357629723
20230629,20230629_F07_e01,41,16,0.3902439024390244,1,16,0,16,0,-0.25345366212222137,-0.3434426011907328
20230629,20230629_F08_e01,41,16,0.3902439024390244,1,16,0,16,0,-0.22470534444509432,-0.32620236845461914
20230629,20230629_F09_e01,41,18,0.43902439024390244,1,18,0,18,0,-0.34023748521254116,-0.4095834087077759
20230629,20230629_F10_e01,41,0,0.0,0,0,0,0,0,,
20230629,20230629_F10_e02,41,41,1.0,1,41,0,41,0,-0.7090640687673895,-0.9740973293680812
20230629,20230629_F11_e01,41,17,0.4146341463414634,1,17,0,17,0,-0.34547331039556106,-0.47669536736796814
20230629,20230629_F12_e01,41,26,0.6341463414634146,2,23,0,26,0,-0.20801742838083148,-0.3735041359155692
20230629,20230629_G01_e01,41,11,0.2682926829268293,1,11,0,11,0,-0.21875139232361546,-0.29483787123811667
20230629,20230629_G02_e01,41,14,0.34146341463414637,1,14,0,14,0,-0.3255269009978385,-0.41781733233041224
20230629,20230629_G02_e02,41,0,0.0,0,0,0,0,0,,
20230629,20230629_G03_e01,41,14,0.34146341463414637,1,14,0,14,0,-0.2977852568222389,-0.4065950119637215
20230629,20230629_G03_e02,41,0,0.0,0,0,0,0,0,,
20230629,20230629_G04_e01,41,15,0.36585365853658536,1,15,0,15,0,-0.2648832806587968,-0.40825501309023193
20230629,20230629_G05_e01,41,27,0.6585365853658537,1,27,0,27,0,-0.36266445050378904,-0.547259942078823
20240509_18ss,20240509_18ss_A01_e01,1,0,0.0,0,0,0,0,0,,
20240509_18ss,20240509_18ss_A02_e01,1,0,0.0,0,0,0,0,0,,
20240509_18ss,20240509_18ss_A03_e01,1,0,0.0,0,0,0,0,0,,
20240509_18ss,20240509_18ss_B01_e01,1,0,0.0,0,0,0,0,0,,
20240509_18ss,20240509_18ss_B02_e01,1,0,0.0,0,0,0,0,0,,
20240509_18ss,20240509_18ss_B03_e01,1,0,0.0,0,0,0,0,0,,
20240509_18ss,20240509_18ss_C01_e01,1,0,0.0,0,0,0,0,0,,
20240509_18ss,20240509_18ss_C02_e01,1,0,0.0,0,0,0,0,0,,
20240509_18ss,20240509_18ss_C03_e01,1,0,0.0,0,0,0,0,0,,
20240509_18ss,20240509_18ss_D01_e01,1,0,0.0,0,0,0,0,0,,
20240509_18ss,20240509_18ss_D02_e01,1,0,0.0,0,0,0,0,0,,
20240509_18ss,20240509_18ss_D03_e01,1,0,0.0,0,0,0,0,0,,
20240509_18ss,20240509_18ss_D03_e02,1,1,1.0,1,1,1,0,0,-0.926276469173025,-0.926276469173025
20240509_18ss,20240509_18ss_E01_e01,1,0,0.0,0,0,0,0,0,,
20240509_18ss,20240509_18ss_E02_e01,1,0,0.0,0,0,0,0,0,,
20240509_18ss,20240509_18ss_E03_e01,1,0,0.0,0,0,0,0,0,,
20240509_18ss,20240509_18ss_F01_e01,1,0,0.0,0,0,0,0,0,,
20240509_18ss,20240509_18ss_F02_e01,1,0,0.0,0,0,0,0,0,,
20240509_18ss,20240509_18ss_F03_e01,1,0,0.0,0,0,0,0,0,,
20240509_18ss,20240509_18ss_G01_e01,1,0,0.0,0,0,0,0,0,,
20240509_18ss,20240509_18ss_G02_e01,1,0,0.0,0,0,0,0,0,,
20240509_18ss,20240509_18ss_G03_e01,1,0,0.0,0,0,0,0,0,,
20240509_18ss,20240509_18ss_H01_e01,1,0,0.0,0,0,0,0,0,,
20240509_18ss,20240509_18ss_H02_e01,1,0,0.0,0,0,0,0,0,,
20240509_18ss,20240509_18ss_H03_e01,1,0,0.0,0,0,0,0,0,,
20240509_24hpf,20240509_24hpf_A04_e01,1,0,0.0,0,0,0,0,0,,
20240509_24hpf,20240509_24hpf_A05_e01,1,0,0.0,0,0,0,0,0,,
20240509_24hpf,20240509_24hpf_A06_e01,1,0,0.0,0,0,0,0,0,,
20240509_24hpf,20240509_24hpf_A07_e01,1,0,0.0,0,0,0,0,0,,
20240509_24hpf,20240509_24hpf_B04_e01,1,0,0.0,0,0,0,0,0,,
20240509_24hpf,20240509_24hpf_B05_e01,1,0,0.0,0,0,0,0,0,,
20240509_24hpf,20240509_24hpf_B06_e01,1,0,0.0,0,0,0,0,0,,
20240509_24hpf,20240509_24hpf_B07_e01,1,0,0.0,0,0,0,0,0,,
20240509_24hpf,20240509_24hpf_C04_e01,1,0,0.0,0,0,0,0,0,,
20240509_24hpf,20240509_24hpf_C05_e01,1,0,0.0,0,0,0,0,0,,
20240509_24hpf,20240509_24hpf_C06_e01,1,0,0.0,0,0,0,0,0,,
20240509_24hpf,20240509_24hpf_C07_e01,1,0,0.0,0,0,0,0,0,,
20240509_24hpf,20240509_24hpf_D04_e01,1,0,0.0,0,0,0,0,0,,
20240509_24hpf,20240509_24hpf_D05_e01,1,0,0.0,0,0,0,0,0,,
20240509_24hpf,20240509_24hpf_D06_e01,1,0,0.0,0,0,0,0,0,,
20240509_24hpf,20240509_24hpf_D07_e01,1,0,0.0,0,0,0,0,0,,
20240509_24hpf,20240509_24hpf_E04_e01,1,0,0.0,0,0,0,0,0,,
20240509_24hpf,20240509_24hpf_E05_e01,1,0,0.0,0,0,0,0,0,,
20240509_24hpf,20240509_24hpf_E06_e01,1,0,0.0,0,0,0,0,0,,
20240509_24hpf,20240509_24hpf_E07_e01,1,0,0.0,0,0,0,0,0,,
20240509_24hpf,20240509_24hpf_F04_e01,1,0,0.0,0,0,0,0,0,,
20240509_24hpf,20240509_24hpf_F05_e01,1,0,0.0,0,0,0,0,0,,
20240509_24hpf,20240509_24hpf_F06_e01,1,0,0.0,0,0,0,0,0,,
20240509_24hpf,20240509_24hpf_F07_e01,1,0,0.0,0,0,0,0,0,,
20240509_24hpf,20240509_24hpf_G04_e01,1,0,0.0,0,0,0,0,0,,
20240509_24hpf,20240509_24hpf_G05_e01,1,0,0.0,0,0,0,0,0,,
20240509_24hpf,20240509_24hpf_G06_e01,1,0,0.0,0,0,0,0,0,,
20240509_24hpf,20240509_24hpf_G07_e01,1,0,0.0,0,0,0,0,0,,
20240509_24hpf,20240509_24hpf_H04_e01,1,0,0.0,0,0,0,0,0,,
20240509_24hpf,20240509_24hpf_H05_e01,1,0,0.0,0,0,0,0,0,,
20240509_24hpf,20240509_24hpf_H06_e01,1,0,0.0,0,0,0,0,0,,
20240509_24hpf,20240509_24hpf_H07_e01,1,0,0.0,0,0,0,0,0,,
20240510,20240510_A02_e01,1,0,0.0,0,0,0,0,0,,
20240510,20240510_A03_e01,1,0,0.0,0,0,0,0,0,,
20240510,20240510_A04_e01,1,0,0.0,0,0,0,0,0,,
20240510,20240510_A05_e01,1,0,0.0,0,0,0,0,0,,
20240510,20240510_A05_e02,1,0,0.0,0,0,0,0,0,,
20240510,20240510_A06_e01,1,0,0.0,0,0,0,0,0,,
20240510,20240510_A06_e02,1,0,0.0,0,0,0,0,0,,
20240510,20240510_A07_e01,1,0,0.0,0,0,0,0,0,,
20240510,20240510_A08_e01,1,0,0.0,0,0,0,0,0,,
20240510,20240510_B02_e01,1,0,0.0,0,0,0,0,0,,
20240510,20240510_B03_e01,1,0,0.0,0,0,0,0,0,,
20240510,20240510_B04_e01,1,0,0.0,0,0,0,0,0,,
20240510,20240510_B05_e01,1,0,0.0,0,0,0,0,0,,
20240510,20240510_B06_e01,1,0,0.0,0,0,0,0,0,,
20240510,20240510_B07_e01,1,0,0.0,0,0,0,0,0,,
20240510,20240510_B08_e01,1,0,0.0,0,0,0,0,0,,
20240510,20240510_C02_e01,1,0,0.0,0,0,0,0,0,,
20240510,20240510_C03_e01,1,0,0.0,0,0,0,0,0,,
20240510,20240510_C04_e01,1,0,0.0,0,0,0,0,0,,
20240510,20240510_C05_e01,1,0,0.0,0,0,0,0,0,,
20240510,20240510_C06_e01,1,0,0.0,0,0,0,0,0,,
20240510,20240510_C06_e02,1,0,0.0,0,0,0,0,0,,
20240510,20240510_C07_e01,1,0,0.0,0,0,0,0,0,,
20240510,20240510_C08_e01,1,0,0.0,0,0,0,0,0,,
20240510,20240510_D02_e01,1,0,0.0,0,0,0,0,0,,
20240510,20240510_D03_e01,1,0,0.0,0,0,0,0,0,,
20240510,20240510_D04_e01,1,0,0.0,0,0,0,0,0,,
20240510,20240510_D05_e01,1,0,0.0,0,0,0,0,0,,
20240510,20240510_D06_e01,1,0,0.0,0,0,0,0,0,,
20240510,20240510_D07_e01,1,0,0.0,0,0,0,0,0,,
20240510,20240510_D08_e01,1,0,0.0,0,0,0,0,0,,
20240510,20240510_E02_e01,1,0,0.0,0,0,0,0,0,,
20240510,20240510_E03_e01,1,0,0.0,0,0,0,0,0,,
20240510,20240510_E04_e01,1,0,0.0,0,0,0,0,0,,
20240510,20240510_E05_e01,1,0,0.0,0,0,0,0,0,,
20240510,20240510_E06_e01,1,0,0.0,0,0,0,0,0,,
20240510,20240510_E07_e01,1,0,0.0,0,0,0,0,0,,
20240510,20240510_E08_e01,1,0,0.0,0,0,0,0,0,,
20240510,20240510_F02_e01,1,0,0.0,0,0,0,0,0,,
20240510,20240510_F03_e01,1,0,0.0,0,0,0,0,0,,
20240510,20240510_F04_e01,1,0,0.0,0,0,0,0,0,,
20240510,20240510_F05_e01,1,0,0.0,0,0,0,0,0,,
20240510,20240510_F06_e01,1,0,0.0,0,0,0,0,0,,
20240510,20240510_F07_e01,1,0,0.0,0,0,0,0,0,,
20240510,20240510_F08_e01,1,0,0.0,0,0,0,0,0,,
20240510,20240510_G02_e01,1,0,0.0,0,0,0,0,0,,
20240510,20240510_G03_e01,1,0,0.0,0,0,0,0,0,,
20240510,20240510_G04_e01,1,0,0.0,0,0,0,0,0,,
20240510,20240510_G05_e01,1,0,0.0,0,0,0,0,0,,
20240510,20240510_G06_e01,1,0,0.0,0,0,0,0,0,,
20240510,20240510_G07_e01,1,0,0.0,0,0,0,0,0,,
20240510,20240510_G08_e01,1,0,0.0,0,0,0,0,0,,
20240510,20240510_H02_e01,1,0,0.0,0,0,0,0,0,,
20240510,20240510_H03_e01,1,0,0.0,0,0,0,0,0,,
20240510,20240510_H04_e01,1,0,0.0,0,0,0,0,0,,
20240510,20240510_H05_e01,1,0,0.0,0,0,0,0,0,,
20240510,20240510_H06_e01,1,0,0.0,0,0,0,0,0,,
20240510,20240510_H07_e01,1,0,0.0,0,0,0,0,0,,
20240510,20240510_H08_e01,1,0,0.0,0,0,0,0,0,,
20240717,20240717_A01_e01,1,0,0.0,0,0,0,0,0,,
20240717,20240717_A02_e01,1,0,0.0,0,0,0,0,0,,
20240717,20240717_A03_e01,1,0,0.0,0,0,0,0,0,,
20240717,20240717_A04_e01,1,0,0.0,0,0,0,0,0,,
20240717,20240717_A05_e02,1,0,0.0,0,0,0,0,0,,
20240717,20240717_A05_e03,1,1,1.0,1,1,1,0,0,-0.012106544432553299,-0.012106544432553299
20240717,20240717_A06_e01,1,0,0.0,0,0,0,0,0,,
20240717,20240717_A07_e01,1,0,0.0,0,0,0,0,0,,
20240717,20240717_A08_e01,1,0,0.0,0,0,0,0,0,,
20240717,20240717_B01_e01,1,0,0.0,0,0,0,0,0,,
20240717,20240717_B02_e01,1,0,0.0,0,0,0,0,0,,
20240717,20240717_B03_e01,1,0,0.0,0,0,0,0,0,,
20240717,20240717_B04_e01,1,0,0.0,0,0,0,0,0,,
20240717,20240717_B05_e01,1,0,0.0,0,0,0,0,0,,
20240717,20240717_B06_e01,1,0,0.0,0,0,0,0,0,,
20240717,20240717_B07_e01,1,0,0.0,0,0,0,0,0,,
20240717,20240717_B08_e01,1,0,0.0,0,0,0,0,0,,
20240717,20240717_C01_e01,1,0,0.0,0,0,0,0,0,,
20240717,20240717_C02_e01,1,0,0.0,0,0,0,0,0,,
20240717,20240717_C03_e01,1,0,0.0,0,0,0,0,0,,
20240717,20240717_C04_e01,1,0,0.0,0,0,0,0,0,,
20240717,20240717_C05_e01,1,0,0.0,0,0,0,0,0,,
20240717,20240717_C06_e01,1,0,0.0,0,0,0,0,0,,
20240717,20240717_C07_e01,1,0,0.0,0,0,0,0,0,,
20240717,20240717_C08_e01,1,0,0.0,0,0,0,0,0,,
20240717,20240717_D01_e01,1,0,0.0,0,0,0,0,0,,
20240717,20240717_D02_e01,1,0,0.0,0,0,0,0,0,,
20240717,20240717_D03_e01,1,0,0.0,0,0,0,0,0,,
20240717,20240717_D04_e01,1,0,0.0,0,0,0,0,0,,
20240717,20240717_D05_e01,1,0,0.0,0,0,0,0,0,,
20240717,20240717_D06_e01,1,0,0.0,0,0,0,0,0,,
20240717,20240717_D07_e01,1,0,0.0,0,0,0,0,0,,
20240717,20240717_D08_e01,1,0,0.0,0,0,0,0,0,,
20240717,20240717_E01_e01,1,0,0.0,0,0,0,0,0,,
20240717,20240717_E02_e01,1,0,0.0,0,0,0,0,0,,
20240717,20240717_E03_e01,1,0,0.0,0,0,0,0,0,,
20240717,20240717_E04_e01,1,0,0.0,0,0,0,0,0,,
20240717,20240717_E05_e01,1,0,0.0,0,0,0,0,0,,
20240717,20240717_E06_e01,1,0,0.0,0,0,0,0,0,,
20240717,20240717_E07_e01,1,0,0.0,0,0,0,0,0,,
20240717,20240717_E08_e01,1,0,0.0,0,0,0,0,0,,
20240717,20240717_F01_e01,1,0,0.0,0,0,0,0,0,,
20240717,20240717_F02_e01,1,0,0.0,0,0,0,0,0,,
20240717,20240717_F03_e01,1,0,0.0,0,0,0,0,0,,
20240717,20240717_F04_e01,1,0,0.0,0,0,0,0,0,,
20240717,20240717_F05_e01,1,0,0.0,0,0,0,0,0,,
20240717,20240717_F06_e01,1,1,1.0,1,1,1,0,0,-0.1131017315777231,-0.1131017315777231
20240717,20240717_F06_e02,1,1,1.0,1,1,1,0,0,-0.58397590879343,-0.58397590879343
20240717,20240717_F07_e01,1,0,0.0,0,0,0,0,0,,
20240717,20240717_F08_e01,1,0,0.0,0,0,0,0,0,,
20240717,20240717_G01_e01,1,0,0.0,0,0,0,0,0,,
20240717,20240717_G02_e01,1,0,0.0,0,0,0,0,0,,
20240717,20240717_G03_e01,1,0,0.0,0,0,0,0,0,,
20240717,20240717_G04_e01,1,0,0.0,0,0,0,0,0,,
20240717,20240717_G05_e01,1,0,0.0,0,0,0,0,0,,
20240717,20240717_G06_e01,1,0,0.0,0,0,0,0,0,,
20240717,20240717_G07_e01,1,0,0.0,0,0,0,0,0,,
20240717,20240717_G08_e01,1,0,0.0,0,0,0,0,0,,
20240717,20240717_H01_e01,1,1,1.0,1,1,1,0,0,-0.10854799062415874,-0.10854799062415874
20240717,20240717_H01_e02,1,1,1.0,1,1,1,0,0,-0.6822404297862025,-0.6822404297862025
20240717,20240717_H01_e03,1,1,1.0,1,1,1,0,0,-0.7358041037062045,-0.7358041037062045
20240717,20240717_H02_e01,1,0,0.0,0,0,0,0,0,,
20240717,20240717_H03_e01,1,0,0.0,0,0,0,0,0,,
20240717,20240717_H04_e01,1,0,0.0,0,0,0,0,0,,
20240717,20240717_H05_e01,1,0,0.0,0,0,0,0,0,,
20240717,20240717_H06_e01,1,0,0.0,0,0,0,0,0,,
20240717,20240717_H07_e01,1,0,0.0,0,0,0,0,0,,
20240717,20240717_H08_e01,1,0,0.0,0,0,0,0,0,,
20240718,20240718_A01_e01,1,0,0.0,0,0,0,0,0,,
20240718,20240718_A02_e01,1,0,0.0,0,0,0,0,0,,
20240718,20240718_A03_e01,1,0,0.0,0,0,0,0,0,,
20240718,20240718_A04_e01,1,0,0.0,0,0,0,0,0,,
20240718,20240718_A05_e01,1,0,0.0,0,0,0,0,0,,
20240718,20240718_A06_e01,1,0,0.0,0,0,0,0,0,,
20240718,20240718_A07_e01,1,0,0.0,0,0,0,0,0,,
20240718,20240718_A08_e01,1,0,0.0,0,0,0,0,0,,
20240718,20240718_A09_e01,1,0,0.0,0,0,0,0,0,,
20240718,20240718_A10_e01,1,0,0.0,0,0,0,0,0,,
20240718,20240718_A10_e02,1,0,0.0,0,0,0,0,0,,
20240718,20240718_A11_e01,1,0,0.0,0,0,0,0,0,,
20240718,20240718_A12_e01,1,0,0.0,0,0,0,0,0,,
20240718,20240718_B01_e01,1,0,0.0,0,0,0,0,0,,
20240718,20240718_B02_e01,1,0,0.0,0,0,0,0,0,,
20240718,20240718_B03_e01,1,0,0.0,0,0,0,0,0,,
20240718,20240718_B04_e01,1,0,0.0,0,0,0,0,0,,
20240718,20240718_B05_e01,1,0,0.0,0,0,0,0,0,,
20240718,20240718_B06_e01,1,0,0.0,0,0,0,0,0,,
20240718,20240718_B07_e01,1,0,0.0,0,0,0,0,0,,
20240718,20240718_B08_e01,1,0,0.0,0,0,0,0,0,,
20240718,20240718_B09_e01,1,0,0.0,0,0,0,0,0,,
20240718,20240718_B10_e01,1,0,0.0,0,0,0,0,0,,
20240718,20240718_B11_e01,1,0,0.0,0,0,0,0,0,,
20240718,20240718_B12_e01,1,0,0.0,0,0,0,0,0,,
20240718,20240718_C01_e01,1,0,0.0,0,0,0,0,0,,
20240718,20240718_C02_e01,1,0,0.0,0,0,0,0,0,,
20240718,20240718_C03_e01,1,0,0.0,0,0,0,0,0,,
20240718,20240718_C04_e01,1,0,0.0,0,0,0,0,0,,
20240718,20240718_C05_e01,1,0,0.0,0,0,0,0,0,,
20240718,20240718_C06_e01,1,0,0.0,0,0,0,0,0,,
20240718,20240718_C07_e01,1,0,0.0,0,0,0,0,0,,
20240718,20240718_C08_e01,1,0,0.0,0,0,0,0,0,,
20240718,20240718_C09_e01,1,0,0.0,0,0,0,0,0,,
20240718,20240718_C10_e01,1,0,0.0,0,0,0,0,0,,
20240718,20240718_C11_e01,1,0,0.0,0,0,0,0,0,,
20240718,20240718_C12_e01,1,0,0.0,0,0,0,0,0,,
20240718,20240718_D01_e01,1,0,0.0,0,0,0,0,0,,
20240718,20240718_D02_e01,1,0,0.0,0,0,0,0,0,,
20240718,20240718_D03_e01,1,0,0.0,0,0,0,0,0,,
20240718,20240718_D04_e01,1,0,0.0,0,0,0,0,0,,
20240718,20240718_D05_e01,1,0,0.0,0,0,0,0,0,,
20240718,20240718_D06_e01,1,0,0.0,0,0,0,0,0,,
20240718,20240718_D07_e01,1,0,0.0,0,0,0,0,0,,
20240718,20240718_D08_e01,1,0,0.0,0,0,0,0,0,,
20240718,20240718_D09_e01,1,0,0.0,0,0,0,0,0,,
20240718,20240718_D10_e01,1,0,0.0,0,0,0,0,0,,
20240718,20240718_D11_e01,1,0,0.0,0,0,0,0,0,,
20240718,20240718_D12_e01,1,0,0.0,0,0,0,0,0,,
20240718,20240718_E01_e01,1,0,0.0,0,0,0,0,0,,
20240718,20240718_E02_e01,1,0,0.0,0,0,0,0,0,,
20240718,20240718_E04_e01,1,0,0.0,0,0,0,0,0,,
20240718,20240718_E05_e01,1,0,0.0,0,0,0,0,0,,
20240718,20240718_E06_e01,1,0,0.0,0,0,0,0,0,,
20240718,20240718_E07_e01,1,0,0.0,0,0,0,0,0,,
20240718,20240718_E08_e01,1,0,0.0,0,0,0,0,0,,
20240718,20240718_E09_e01,1,0,0.0,0,0,0,0,0,,
20240718,20240718_E10_e01,1,0,0.0,0,0,0,0,0,,
20240718,20240718_E11_e01,1,0,0.0,0,0,0,0,0,,
20240718,20240718_E12_e01,1,0,0.0,0,0,0,0,0,,
20240718,20240718_F01_e01,1,0,0.0,0,0,0,0,0,,
20240718,20240718_F02_e01,1,0,0.0,0,0,0,0,0,,
20240718,20240718_F03_e01,1,0,0.0,0,0,0,0,0,,
20240718,20240718_F04_e01,1,0,0.0,0,0,0,0,0,,
20240718,20240718_F05_e01,1,0,0.0,0,0,0,0,0,,
20240718,20240718_F06_e01,1,0,0.0,0,0,0,0,0,,
20240718,20240718_F07_e01,1,0,0.0,0,0,0,0,0,,
20240718,20240718_F08_e01,1,0,0.0,0,0,0,0,0,,
20240718,20240718_F09_e01,1,0,0.0,0,0,0,0,0,,
20240718,20240718_F10_e01,1,0,0.0,0,0,0,0,0,,
20240718,20240718_F11_e01,1,0,0.0,0,0,0,0,0,,
20240718,20240718_F12_e01,1,0,0.0,0,0,0,0,0,,
20240718,20240718_G01_e01,1,0,0.0,0,0,0,0,0,,
20240718,20240718_G02_e01,1,0,0.0,0,0,0,0,0,,
20240718,20240718_G03_e01,1,0,0.0,0,0,0,0,0,,
20240718,20240718_G04_e01,1,0,0.0,0,0,0,0,0,,
20240718,20240718_G05_e01,1,0,0.0,0,0,0,0,0,,
20240718,20240718_G06_e01,1,0,0.0,0,0,0,0,0,,
20240718,20240718_G07_e01,1,0,0.0,0,0,0,0,0,,
20240718,20240718_G08_e01,1,0,0.0,0,0,0,0,0,,
20240718,20240718_G09_e01,1,0,0.0,0,0,0,0,0,,
20240718,20240718_G10_e01,1,0,0.0,0,0,0,0,0,,
20240718,20240718_G11_e01,1,0,0.0,0,0,0,0,0,,
20240718,20240718_G12_e01,1,0,0.0,0,0,0,0,0,,
20240718,20240718_H01_e01,1,0,0.0,0,0,0,0,0,,
20240718,20240718_H02_e01,1,0,0.0,0,0,0,0,0,,
20240718,20240718_H03_e01,1,0,0.0,0,0,0,0,0,,
20240718,20240718_H03_e02,1,1,1.0,1,1,1,0,0,-0.30558212692690984,-0.30558212692690984
20240718,20240718_H04_e01,1,0,0.0,0,0,0,0,0,,
20240718,20240718_H05_e01,1,0,0.0,0,0,0,0,0,,
20240718,20240718_H06_e01,1,0,0.0,0,0,0,0,0,,
20240718,20240718_H07_e01,1,0,0.0,0,0,0,0,0,,
20240718,20240718_H08_e01,1,0,0.0,0,0,0,0,0,,
20240718,20240718_H09_e01,1,0,0.0,0,0,0,0,0,,
20240718,20240718_H10_e01,1,0,0.0,0,0,0,0,0,,
20240718,20240718_H10_e02,1,0,0.0,0,0,0,0,0,,
20240718,20240718_H10_e03,1,0,0.0,0,0,0,0,0,,
20240718,20240718_H11_e01,1,0,0.0,0,0,0,0,0,,
20240718,20240718_H12_e01,1,0,0.0,0,0,0,0,0,,
20240724,20240724_A01_e01,1,0,0.0,0,0,0,0,0,,
20240724,20240724_A02_e01,1,0,0.0,0,0,0,0,0,,
20240724,20240724_A03_e01,1,0,0.0,0,0,0,0,0,,
20240724,20240724_A04_e01,1,0,0.0,0,0,0,0,0,,
20240724,20240724_A05_e01,1,0,0.0,0,0,0,0,0,,
20240724,20240724_A06_e01,1,0,0.0,0,0,0,0,0,,
20240724,20240724_A07_e01,1,0,0.0,0,0,0,0,0,,
20240724,20240724_B01_e01,1,0,0.0,0,0,0,0,0,,
20240724,20240724_B02_e01,1,0,0.0,0,0,0,0,0,,
20240724,20240724_B03_e01,1,0,0.0,0,0,0,0,0,,
20240724,20240724_B04_e01,1,0,0.0,0,0,0,0,0,,
20240724,20240724_B05_e01,1,0,0.0,0,0,0,0,0,,
20240724,20240724_B06_e01,1,0,0.0,0,0,0,0,0,,
20240724,20240724_B07_e01,1,0,0.0,0,0,0,0,0,,
20240724,20240724_C01_e01,1,0,0.0,0,0,0,0,0,,
20240724,20240724_C02_e01,1,0,0.0,0,0,0,0,0,,
20240724,20240724_C03_e01,1,0,0.0,0,0,0,0,0,,
20240724,20240724_C04_e01,1,0,0.0,0,0,0,0,0,,
20240724,20240724_C05_e01,1,0,0.0,0,0,0,0,0,,
20240724,20240724_C06_e01,1,0,0.0,0,0,0,0,0,,
20240724,20240724_C07_e01,1,0,0.0,0,0,0,0,0,,
20240724,20240724_D01_e01,1,0,0.0,0,0,0,0,0,,
20240724,20240724_D02_e01,1,0,0.0,0,0,0,0,0,,
20240724,20240724_D03_e01,1,0,0.0,0,0,0,0,0,,
20240724,20240724_D04_e01,1,0,0.0,0,0,0,0,0,,
20240724,20240724_D05_e01,1,0,0.0,0,0,0,0,0,,
20240724,20240724_D06_e01,1,0,0.0,0,0,0,0,0,,
20240724,20240724_D07_e01,1,0,0.0,0,0,0,0,0,,
20240724,20240724_E01_e01,1,0,0.0,0,0,0,0,0,,
20240724,20240724_E02_e01,1,0,0.0,0,0,0,0,0,,
20240724,20240724_E03_e01,1,0,0.0,0,0,0,0,0,,
20240724,20240724_E04_e01,1,0,0.0,0,0,0,0,0,,
20240724,20240724_E05_e01,1,0,0.0,0,0,0,0,0,,
20240724,20240724_E06_e01,1,0,0.0,0,0,0,0,0,,
20240724,20240724_E07_e01,1,0,0.0,0,0,0,0,0,,
20240724,20240724_F01_e01,1,0,0.0,0,0,0,0,0,,
20240724,20240724_F02_e01,1,0,0.0,0,0,0,0,0,,
20240724,20240724_F03_e01,1,0,0.0,0,0,0,0,0,,
20240724,20240724_F04_e01,1,0,0.0,0,0,0,0,0,,
20240724,20240724_F05_e01,1,0,0.0,0,0,0,0,0,,
20240724,20240724_F06_e01,1,0,0.0,0,0,0,0,0,,
20240724,20240724_F07_e01,1,0,0.0,0,0,0,0,0,,
20240724,20240724_G01_e01,1,0,0.0,0,0,0,0,0,,
20240724,20240724_G02_e01,1,0,0.0,0,0,0,0,0,,
20240724,20240724_G03_e01,1,0,0.0,0,0,0,0,0,,
20240724,20240724_G04_e01,1,0,0.0,0,0,0,0,0,,
20240724,20240724_G05_e01,1,0,0.0,0,0,0,0,0,,
20240724,20240724_G06_e01,1,0,0.0,0,0,0,0,0,,
20240724,20240724_G07_e01,1,0,0.0,0,0,0,0,0,,
20240724,20240724_H01_e01,1,0,0.0,0,0,0,0,0,,
20240724,20240724_H02_e01,1,0,0.0,0,0,0,0,0,,
20240724,20240724_H03_e01,1,0,0.0,0,0,0,0,0,,
20240724,20240724_H04_e01,1,0,0.0,0,0,0,0,0,,
20240724,20240724_H05_e01,1,0,0.0,0,0,0,0,0,,
20240724,20240724_H06_e01,1,0,0.0,0,0,0,0,0,,
20240724,20240724_H07_e01,1,0,0.0,0,0,0,0,0,,
20240725,20240725_A01_e01,1,0,0.0,0,0,0,0,0,,
20240725,20240725_A02_e01,1,0,0.0,0,0,0,0,0,,
20240725,20240725_A03_e01,1,0,0.0,0,0,0,0,0,,
20240725,20240725_A04_e01,1,0,0.0,0,0,0,0,0,,
20240725,20240725_A05_e01,1,0,0.0,0,0,0,0,0,,
20240725,20240725_A06_e01,1,0,0.0,0,0,0,0,0,,
20240725,20240725_A07_e01,1,0,0.0,0,0,0,0,0,,
20240725,20240725_B01_e01,1,0,0.0,0,0,0,0,0,,
20240725,20240725_B02_e01,1,0,0.0,0,0,0,0,0,,
20240725,20240725_B03_e01,1,0,0.0,0,0,0,0,0,,
20240725,20240725_B04_e01,1,0,0.0,0,0,0,0,0,,
20240725,20240725_B05_e01,1,0,0.0,0,0,0,0,0,,
20240725,20240725_B06_e01,1,0,0.0,0,0,0,0,0,,
20240725,20240725_B07_e01,1,0,0.0,0,0,0,0,0,,
20240725,20240725_C01_e01,1,0,0.0,0,0,0,0,0,,
20240725,20240725_C02_e01,1,0,0.0,0,0,0,0,0,,
20240725,20240725_C03_e01,1,0,0.0,0,0,0,0,0,,
20240725,20240725_C04_e01,1,0,0.0,0,0,0,0,0,,
20240725,20240725_C05_e01,1,0,0.0,0,0,0,0,0,,
20240725,20240725_C06_e01,1,0,0.0,0,0,0,0,0,,
20240725,20240725_C07_e01,1,0,0.0,0,0,0,0,0,,
20240725,20240725_D01_e01,1,0,0.0,0,0,0,0,0,,
20240725,20240725_D01_e02,1,1,1.0,1,1,1,0,0,-0.8208681469146258,-0.8208681469146258
20240725,20240725_D02_e01,1,0,0.0,0,0,0,0,0,,
20240725,20240725_D02_e02,1,1,1.0,1,1,1,0,0,-0.16550372094495405,-0.16550372094495405
20240725,20240725_D03_e01,1,0,0.0,0,0,0,0,0,,
20240725,20240725_D04_e01,1,0,0.0,0,0,0,0,0,,
20240725,20240725_D05_e01,1,0,0.0,0,0,0,0,0,,
20240725,20240725_D06_e01,1,0,0.0,0,0,0,0,0,,
20240725,20240725_D07_e01,1,0,0.0,0,0,0,0,0,,
20240725,20240725_E01_e01,1,0,0.0,0,0,0,0,0,,
20240725,20240725_E02_e01,1,0,0.0,0,0,0,0,0,,
20240725,20240725_E03_e01,1,0,0.0,0,0,0,0,0,,
20240725,20240725_E04_e01,1,0,0.0,0,0,0,0,0,,
20240725,20240725_E05_e01,1,0,0.0,0,0,0,0,0,,
20240725,20240725_E06_e01,1,0,0.0,0,0,0,0,0,,
20240725,20240725_E07_e01,1,0,0.0,0,0,0,0,0,,
20240725,20240725_F01_e01,1,0,0.0,0,0,0,0,0,,
20240725,20240725_F02_e01,1,0,0.0,0,0,0,0,0,,
20240725,20240725_F02_e02,1,0,0.0,0,0,0,0,0,,
20240725,20240725_F03_e01,1,0,0.0,0,0,0,0,0,,
20240725,20240725_F04_e01,1,1,1.0,1,1,1,0,0,-0.5948289099453618,-0.5948289099453618
20240725,20240725_F04_e02,1,1,1.0,1,1,1,0,0,-0.8290520823788712,-0.8290520823788712
20240725,20240725_F04_e03,1,1,1.0,1,1,1,0,0,-0.11820304858573058,-0.11820304858573058
20240725,20240725_F05_e01,1,0,0.0,0,0,0,0,0,,
20240725,20240725_F06_e01,1,0,0.0,0,0,0,0,0,,
20240725,20240725_F07_e01,1,0,0.0,0,0,0,0,0,,
20240725,20240725_G01_e01,1,0,0.0,0,0,0,0,0,,
20240725,20240725_G02_e01,1,0,0.0,0,0,0,0,0,,
20240725,20240725_G02_e02,1,0,0.0,0,0,0,0,0,,
20240725,20240725_G03_e01,1,0,0.0,0,0,0,0,0,,
20240725,20240725_G04_e01,1,0,0.0,0,0,0,0,0,,
20240725,20240725_G05_e01,1,0,0.0,0,0,0,0,0,,
20240725,20240725_G06_e01,1,0,0.0,0,0,0,0,0,,
20240725,20240725_G07_e01,1,0,0.0,0,0,0,0,0,,
20240725,20240725_H01_e01,1,0,0.0,0,0,0,0,0,,
20240725,20240725_H02_e01,1,0,0.0,0,0,0,0,0,,
20240725,20240725_H03_e01,1,0,0.0,0,0,0,0,0,,
20240725,20240725_H04_e01,1,0,0.0,0,0,0,0,0,,
20240725,20240725_H05_e01,1,0,0.0,0,0,0,0,0,,
20240725,20240725_H06_e01,1,0,0.0,0,0,0,0,0,,
20240725,20240725_H06_e02,1,1,1.0,1,1,1,0,0,-0.22795262806197086,-0.22795262806197086
20240725,20240725_H06_e03,1,1,1.0,1,1,1,0,0,-0.664980084618631,-0.664980084618631
20240725,20240725_H07_e01,1,0,0.0,0,0,0,0,0,,
20240726,20240726_A01_e01,1,0,0.0,0,0,0,0,0,,
20240726,20240726_A02_e01,1,0,0.0,0,0,0,0,0,,
20240726,20240726_A03_e01,1,0,0.0,0,0,0,0,0,,
20240726,20240726_A04_e01,1,1,1.0,1,1,1,0,0,-0.12481344752057828,-0.12481344752057828
20240726,20240726_A05_e01,1,0,0.0,0,0,0,0,0,,
20240726,20240726_A06_e01,1,0,0.0,0,0,0,0,0,,
20240726,20240726_A07_e01,1,0,0.0,0,0,0,0,0,,
20240726,20240726_A07_e02,1,1,1.0,1,1,1,0,0,-0.3446831470756283,-0.3446831470756283
20240726,20240726_B01_e01,1,0,0.0,0,0,0,0,0,,
20240726,20240726_B02_e01,1,0,0.0,0,0,0,0,0,,
20240726,20240726_B03_e01,1,0,0.0,0,0,0,0,0,,
20240726,20240726_B04_e01,1,0,0.0,0,0,0,0,0,,
20240726,20240726_B05_e01,1,0,0.0,0,0,0,0,0,,
20240726,20240726_B06_e01,1,0,0.0,0,0,0,0,0,,
20240726,20240726_B07_e01,1,0,0.0,0,0,0,0,0,,
20240726,20240726_C01_e01,1,0,0.0,0,0,0,0,0,,
20240726,20240726_C02_e01,1,0,0.0,0,0,0,0,0,,
20240726,20240726_C03_e01,1,0,0.0,0,0,0,0,0,,
20240726,20240726_C04_e01,1,0,0.0,0,0,0,0,0,,
20240726,20240726_C05_e01,1,0,0.0,0,0,0,0,0,,
20240726,20240726_C06_e01,1,0,0.0,0,0,0,0,0,,
20240726,20240726_C07_e01,1,0,0.0,0,0,0,0,0,,
20240726,20240726_D01_e01,1,0,0.0,0,0,0,0,0,,
20240726,20240726_D02_e01,1,0,0.0,0,0,0,0,0,,
20240726,20240726_D03_e01,1,0,0.0,0,0,0,0,0,,
20240726,20240726_D04_e01,1,0,0.0,0,0,0,0,0,,
20240726,20240726_D05_e01,1,0,0.0,0,0,0,0,0,,
20240726,20240726_D05_e02,1,0,0.0,0,0,0,0,0,,
20240726,20240726_D06_e01,1,0,0.0,0,0,0,0,0,,
20240726,20240726_D07_e01,1,0,0.0,0,0,0,0,0,,
20240726,20240726_E01_e01,1,0,0.0,0,0,0,0,0,,
20240726,20240726_E02_e01,1,1,1.0,1,1,1,0,0,-0.14706328810188962,-0.14706328810188962
20240726,20240726_E03_e01,1,1,1.0,1,1,1,0,0,-0.2951026082948081,-0.2951026082948081
20240726,20240726_E03_e02,1,0,0.0,0,0,0,0,0,,
20240726,20240726_E04_e01,1,0,0.0,0,0,0,0,0,,
20240726,20240726_E05_e01,1,0,0.0,0,0,0,0,0,,
20240726,20240726_E06_e01,1,0,0.0,0,0,0,0,0,,
20240726,20240726_E07_e01,1,0,0.0,0,0,0,0,0,,
20240726,20240726_F01_e01,1,0,0.0,0,0,0,0,0,,
20240726,20240726_F02_e01,1,0,0.0,0,0,0,0,0,,
20240726,20240726_F03_e01,1,0,0.0,0,0,0,0,0,,
20240726,20240726_F04_e01,1,0,0.0,0,0,0,0,0,,
20240726,20240726_F05_e01,1,1,1.0,1,1,1,0,0,-0.3523495530879511,-0.3523495530879511
20240726,20240726_F05_e02,1,0,0.0,0,0,0,0,0,,
20240726,20240726_F06_e01,1,0,0.0,0,0,0,0,0,,
20240726,20240726_F07_e01,1,0,0.0,0,0,0,0,0,,
20240726,20240726_G01_e01,1,0,0.0,0,0,0,0,0,,
20240726,20240726_G02_e01,1,0,0.0,0,0,0,0,0,,
20240726,20240726_G03_e01,1,0,0.0,0,0,0,0,0,,
20240726,20240726_G04_e01,1,0,0.0,0,0,0,0,0,,
20240726,20240726_G05_e01,1,1,1.0,1,1,1,0,0,-0.11948541304527921,-0.11948541304527921
20240726,20240726_G06_e01,1,0,0.0,0,0,0,0,0,,
20240726,20240726_G07_e01,1,0,0.0,0,0,0,0,0,,
20240726,20240726_H01_e01,1,0,0.0,0,0,0,0,0,,
20240726,20240726_H02_e01,1,0,0.0,0,0,0,0,0,,
20240726,20240726_H03_e01,1,0,0.0,0,0,0,0,0,,
20240726,20240726_H04_e01,1,0,0.0,0,0,0,0,0,,
20240726,20240726_H05_e01,1,0,0.0,0,0,0,0,0,,
20240726,20240726_H06_e01,1,0,0.0,0,0,0,0,0,,
20240726,20240726_H07_e01,1,0,0.0,0,0,0,0,0,,
20250622_chem_28C_T00_1425,20250622_chem_28C_T00_1425_A01_e01,1,0,0.0,0,0,0,0,0,,
20250622_chem_28C_T00_1425,20250622_chem_28C_T00_1425_A02_e01,1,0,0.0,0,0,0,0,0,,
20250622_chem_28C_T00_1425,20250622_chem_28C_T00_1425_A03_e01,1,0,0.0,0,0,0,0,0,,
20250622_chem_28C_T00_1425,20250622_chem_28C_T00_1425_A03_e02,1,1,1.0,1,1,1,0,0,-0.78184047280702,-0.78184047280702
20250622_chem_28C_T00_1425,20250622_chem_28C_T00_1425_A04_e01,1,0,0.0,0,0,0,0,0,,
20250622_chem_28C_T00_1425,20250622_chem_28C_T00_1425_A05_e01,1,0,0.0,0,0,0,0,0,,
20250622_chem_28C_T00_1425,20250622_chem_28C_T00_1425_A06_e01,1,0,0.0,0,0,0,0,0,,
20250622_chem_28C_T00_1425,20250622_chem_28C_T00_1425_A07_e01,1,0,0.0,0,0,0,0,0,,
20250622_chem_28C_T00_1425,20250622_chem_28C_T00_1425_A08_e01,1,0,0.0,0,0,0,0,0,,
20250622_chem_28C_T00_1425,20250622_chem_28C_T00_1425_A10_e01,1,1,1.0,1,1,1,0,0,-0.007480081472062175,-0.007480081472062175
20250622_chem_28C_T00_1425,20250622_chem_28C_T00_1425_A12_e01,1,0,0.0,0,0,0,0,0,,
20250622_chem_28C_T00_1425,20250622_chem_28C_T00_1425_B01_e01,1,0,0.0,0,0,0,0,0,,
20250622_chem_28C_T00_1425,20250622_chem_28C_T00_1425_B02_e01,1,0,0.0,0,0,0,0,0,,
20250622_chem_28C_T00_1425,20250622_chem_28C_T00_1425_B03_e01,1,0,0.0,0,0,0,0,0,,
20250622_chem_28C_T00_1425,20250622_chem_28C_T00_1425_B04_e01,1,0,0.0,0,0,0,0,0,,
20250622_chem_28C_T00_1425,20250622_chem_28C_T00_1425_B05_e01,1,0,0.0,0,0,0,0,0,,
20250622_chem_28C_T00_1425,20250622_chem_28C_T00_1425_B05_e02,1,1,1.0,1,1,1,0,0,-0.7999938622860032,-0.7999938622860032
20250622_chem_28C_T00_1425,20250622_chem_28C_T00_1425_B06_e01,1,0,0.0,0,0,0,0,0,,
20250622_chem_28C_T00_1425,20250622_chem_28C_T00_1425_B07_e01,1,0,0.0,0,0,0,0,0,,
20250622_chem_28C_T00_1425,20250622_chem_28C_T00_1425_B08_e01,1,0,0.0,0,0,0,0,0,,
20250622_chem_28C_T00_1425,20250622_chem_28C_T00_1425_B10_e01,1,0,0.0,0,0,0,0,0,,
20250622_chem_28C_T00_1425,20250622_chem_28C_T00_1425_B10_e02,1,1,1.0,1,1,1,0,0,-0.779069990650001,-0.779069990650001
20250622_chem_28C_T00_1425,20250622_chem_28C_T00_1425_B12_e01,1,0,0.0,0,0,0,0,0,,
20250622_chem_28C_T00_1425,20250622_chem_28C_T00_1425_C01_e01,1,0,0.0,0,0,0,0,0,,
20250622_chem_28C_T00_1425,20250622_chem_28C_T00_1425_C02_e01,1,0,0.0,0,0,0,0,0,,
20250622_chem_28C_T00_1425,20250622_chem_28C_T00_1425_C03_e01,1,0,0.0,0,0,0,0,0,,
20250622_chem_28C_T00_1425,20250622_chem_28C_T00_1425_C04_e01,1,0,0.0,0,0,0,0,0,,
20250622_chem_28C_T00_1425,20250622_chem_28C_T00_1425_C05_e01,1,0,0.0,0,0,0,0,0,,
20250622_chem_28C_T00_1425,20250622_chem_28C_T00_1425_C06_e01,1,0,0.0,0,0,0,0,0,,
20250622_chem_28C_T00_1425,20250622_chem_28C_T00_1425_C07_e01,1,0,0.0,0,0,0,0,0,,
20250622_chem_28C_T00_1425,20250622_chem_28C_T00_1425_C08_e01,1,0,0.0,0,0,0,0,0,,
20250622_chem_28C_T00_1425,20250622_chem_28C_T00_1425_C10_e01,1,1,1.0,1,1,1,0,0,-0.06787092398938223,-0.06787092398938223
20250622_chem_28C_T00_1425,20250622_chem_28C_T00_1425_C11_e02,1,0,0.0,0,0,0,0,0,,
20250622_chem_28C_T00_1425,20250622_chem_28C_T00_1425_C12_e01,1,0,0.0,0,0,0,0,0,,
20250622_chem_28C_T00_1425,20250622_chem_28C_T00_1425_D01_e01,1,0,0.0,0,0,0,0,0,,
20250622_chem_28C_T00_1425,20250622_chem_28C_T00_1425_D01_e02,1,1,1.0,1,1,1,0,0,-0.7628509787384504,-0.7628509787384504
20250622_chem_28C_T00_1425,20250622_chem_28C_T00_1425_D02_e01,1,0,0.0,0,0,0,0,0,,
20250622_chem_28C_T00_1425,20250622_chem_28C_T00_1425_D03_e01,1,0,0.0,0,0,0,0,0,,
20250622_chem_28C_T00_1425,20250622_chem_28C_T00_1425_D04_e01,1,0,0.0,0,0,0,0,0,,
20250622_chem_28C_T00_1425,20250622_chem_28C_T00_1425_D05_e01,1,0,0.0,0,0,0,0,0,,
20250622_chem_28C_T00_1425,20250622_chem_28C_T00_1425_D06_e01,1,0,0.0,0,0,0,0,0,,
20250622_chem_28C_T00_1425,20250622_chem_28C_T00_1425_D07_e01,1,0,0.0,0,0,0,0,0,,
20250622_chem_28C_T00_1425,20250622_chem_28C_T00_1425_D08_e01,1,0,0.0,0,0,0,0,0,,
20250622_chem_28C_T00_1425,20250622_chem_28C_T00_1425_D10_e01,1,0,0.0,0,0,0,0,0,,
20250622_chem_28C_T00_1425,20250622_chem_28C_T00_1425_D12_e01,1,0,0.0,0,0,0,0,0,,
20250622_chem_28C_T00_1425,20250622_chem_28C_T00_1425_E01_e01,1,0,0.0,0,0,0,0,0,,
20250622_chem_28C_T00_1425,20250622_chem_28C_T00_1425_E02_e01,1,0,0.0,0,0,0,0,0,,
20250622_chem_28C_T00_1425,20250622_chem_28C_T00_1425_E03_e01,1,0,0.0,0,0,0,0,0,,
20250622_chem_28C_T00_1425,20250622_chem_28C_T00_1425_E04_e01,1,0,0.0,0,0,0,0,0,,
20250622_chem_28C_T00_1425,20250622_chem_28C_T00_1425_E05_e01,1,0,0.0,0,0,0,0,0,,
20250622_chem_28C_T00_1425,20250622_chem_28C_T00_1425_E06_e01,1,0,0.0,0,0,0,0,0,,
20250622_chem_28C_T00_1425,20250622_chem_28C_T00_1425_E07_e01,1,0,0.0,0,0,0,0,0,,
20250622_chem_28C_T00_1425,20250622_chem_28C_T00_1425_E08_e01,1,0,0.0,0,0,0,0,0,,
20250622_chem_28C_T00_1425,20250622_chem_28C_T00_1425_E09_e02,1,0,0.0,0,0,0,0,0,,
20250622_chem_28C_T00_1425,20250622_chem_28C_T00_1425_E10_e01,1,0,0.0,0,0,0,0,0,,
20250622_chem_28C_T00_1425,20250622_chem_28C_T00_1425_E12_e01,1,0,0.0,0,0,0,0,0,,
20250622_chem_28C_T00_1425,20250622_chem_28C_T00_1425_F01_e01,1,0,0.0,0,0,0,0,0,,
20250622_chem_28C_T00_1425,20250622_chem_28C_T00_1425_F02_e01,1,0,0.0,0,0,0,0,0,,
20250622_chem_28C_T00_1425,20250622_chem_28C_T00_1425_F03_e01,1,0,0.0,0,0,0,0,0,,
20250622_chem_28C_T00_1425,20250622_chem_28C_T00_1425_F03_e02,1,1,1.0,1,1,1,0,0,-0.8556515025504112,-0.8556515025504112
20250622_chem_28C_T00_1425,20250622_chem_28C_T00_1425_F04_e01,1,1,1.0,1,1,1,0,0,-0.15357873005408998,-0.15357873005408998
20250622_chem_28C_T00_1425,20250622_chem_28C_T00_1425_F05_e01,1,0,0.0,0,0,0,0,0,,
20250622_chem_28C_T00_1425,20250622_chem_28C_T00_1425_F06_e01,1,0,0.0,0,0,0,0,0,,
20250622_chem_28C_T00_1425,20250622_chem_28C_T00_1425_F07_e01,1,1,1.0,1,1,1,0,0,-0.028999146205735786,-0.028999146205735786
20250622_chem_28C_T00_1425,20250622_chem_28C_T00_1425_F08_e01,1,0,0.0,0,0,0,0,0,,
20250622_chem_28C_T00_1425,20250622_chem_28C_T00_1425_F09_e02,1,0,0.0,0,0,0,0,0,,
20250622_chem_28C_T00_1425,20250622_chem_28C_T00_1425_F10_e01,1,0,0.0,0,0,0,0,0,,
20250622_chem_28C_T00_1425,20250622_chem_28C_T00_1425_F12_e01,1,0,0.0,0,0,0,0,0,,
20250622_chem_28C_T00_1425,20250622_chem_28C_T00_1425_G01_e01,1,0,0.0,0,0,0,0,0,,
20250622_chem_28C_T00_1425,20250622_chem_28C_T00_1425_G02_e01,1,0,0.0,0,0,0,0,0,,
20250622_chem_28C_T00_1425,20250622_chem_28C_T00_1425_G03_e01,1,0,0.0,0,0,0,0,0,,
20250622_chem_28C_T00_1425,20250622_chem_28C_T00_1425_G04_e01,1,0,0.0,0,0,0,0,0,,
20250622_chem_28C_T00_1425,20250622_chem_28C_T00_1425_G04_e02,1,1,1.0,1,1,1,0,0,-0.7099567349989463,-0.7099567349989463
20250622_chem_28C_T00_1425,20250622_chem_28C_T00_1425_G05_e01,1,0,0.0,0,0,0,0,0,,
20250622_chem_28C_T00_1425,20250622_chem_28C_T00_1425_G06_e01,1,0,0.0,0,0,0,0,0,,
20250622_chem_28C_T00_1425,20250622_chem_28C_T00_1425_G07_e01,1,0,0.0,0,0,0,0,0,,
20250622_chem_28C_T00_1425,20250622_chem_28C_T00_1425_G08_e01,1,0,0.0,0,0,0,0,0,,
20250622_chem_28C_T00_1425,20250622_chem_28C_T00_1425_G10_e01,1,0,0.0,0,0,0,0,0,,
20250622_chem_28C_T00_1425,20250622_chem_28C_T00_1425_G12_e01,1,0,0.0,0,0,0,0,0,,
20250622_chem_28C_T00_1425,20250622_chem_28C_T00_1425_H01_e01,1,0,0.0,0,0,0,0,0,,
20250622_chem_28C_T00_1425,20250622_chem_28C_T00_1425_H02_e01,1,0,0.0,0,0,0,0,0,,
20250622_chem_28C_T00_1425,20250622_chem_28C_T00_1425_H03_e01,1,0,0.0,0,0,0,0,0,,
20250622_chem_28C_T00_1425,20250622_chem_28C_T00_1425_H04_e01,1,0,0.0,0,0,0,0,0,,
20250622_chem_28C_T00_1425,20250622_chem_28C_T00_1425_H05_e01,1,0,0.0,0,0,0,0,0,,
20250622_chem_28C_T00_1425,20250622_chem_28C_T00_1425_H05_e02,1,1,1.0,1,1,1,0,0,-0.7269480808110468,-0.7269480808110468
20250622_chem_28C_T00_1425,20250622_chem_28C_T00_1425_H06_e01,1,0,0.0,0,0,0,0,0,,
20250622_chem_28C_T00_1425,20250622_chem_28C_T00_1425_H07_e01,1,0,0.0,0,0,0,0,0,,
20250622_chem_28C_T00_1425,20250622_chem_28C_T00_1425_H07_e02,1,1,1.0,1,1,1,0,0,-0.821101960356999,-0.821101960356999
20250622_chem_28C_T00_1425,20250622_chem_28C_T00_1425_H08_e01,1,0,0.0,0,0,0,0,0,,
20250622_chem_28C_T00_1425,20250622_chem_28C_T00_1425_H10_e01,1,0,0.0,0,0,0,0,0,,
20250622_chem_28C_T00_1425,20250622_chem_28C_T00_1425_H12_e01,1,0,0.0,0,0,0,0,0,,
20250622_chem_28C_T01_1658,20250622_chem_28C_T01_1658_A01_e01,1,0,0.0,0,0,0,0,0,,
20250622_chem_28C_T01_1658,20250622_chem_28C_T01_1658_A02_e01,1,0,0.0,0,0,0,0,0,,
20250622_chem_28C_T01_1658,20250622_chem_28C_T01_1658_A03_e01,1,0,0.0,0,0,0,0,0,,
20250622_chem_28C_T01_1658,20250622_chem_28C_T01_1658_A04_e01,1,0,0.0,0,0,0,0,0,,
20250622_chem_28C_T01_1658,20250622_chem_28C_T01_1658_A05_e01,1,0,0.0,0,0,0,0,0,,
20250622_chem_28C_T01_1658,20250622_chem_28C_T01_1658_A06_e01,1,0,0.0,0,0,0,0,0,,
20250622_chem_28C_T01_1658,20250622_chem_28C_T01_1658_A07_e01,1,0,0.0,0,0,0,0,0,,
20250622_chem_28C_T01_1658,20250622_chem_28C_T01_1658_A08_e01,1,0,0.0,0,0,0,0,0,,
20250622_chem_28C_T01_1658,20250622_chem_28C_T01_1658_A10_e01,1,1,1.0,1,1,1,0,0,-0.015278859144725031,-0.015278859144725031
20250622_chem_28C_T01_1658,20250622_chem_28C_T01_1658_A12_e01,1,0,0.0,0,0,0,0,0,,
20250622_chem_28C_T01_1658,20250622_chem_28C_T01_1658_B01_e01,1,0,0.0,0,0,0,0,0,,
20250622_chem_28C_T01_1658,20250622_chem_28C_T01_1658_B02_e01,1,0,0.0,0,0,0,0,0,,
20250622_chem_28C_T01_1658,20250622_chem_28C_T01_1658_B03_e01,1,0,0.0,0,0,0,0,0,,
20250622_chem_28C_T01_1658,20250622_chem_28C_T01_1658_B04_e01,1,0,0.0,0,0,0,0,0,,
20250622_chem_28C_T01_1658,20250622_chem_28C_T01_1658_B05_e01,1,0,0.0,0,0,0,0,0,,
20250622_chem_28C_T01_1658,20250622_chem_28C_T01_1658_B06_e01,1,0,0.0,0,0,0,0,0,,
20250622_chem_28C_T01_1658,20250622_chem_28C_T01_1658_B07_e01,1,1,1.0,1,1,1,0,0,-0.04476811525122857,-0.04476811525122857
20250622_chem_28C_T01_1658,20250622_chem_28C_T01_1658_B08_e01,1,0,0.0,0,0,0,0,0,,
20250622_chem_28C_T01_1658,20250622_chem_28C_T01_1658_B10_e01,1,1,1.0,1,1,1,0,0,-0.026867049229815733,-0.026867049229815733
20250622_chem_28C_T01_1658,20250622_chem_28C_T01_1658_B10_e02,1,1,1.0,1,1,1,0,0,-0.8090573792290011,-0.8090573792290011
20250622_chem_28C_T01_1658,20250622_chem_28C_T01_1658_B12_e01,1,0,0.0,0,0,0,0,0,,
20250622_chem_28C_T01_1658,20250622_chem_28C_T01_1658_C01_e01,1,0,0.0,0,0,0,0,0,,
20250622_chem_28C_T01_1658,20250622_chem_28C_T01_1658_C02_e01,1,0,0.0,0,0,0,0,0,,
20250622_chem_28C_T01_1658,20250622_chem_28C_T01_1658_C03_e01,1,0,0.0,0,0,0,0,0,,
20250622_chem_28C_T01_1658,20250622_chem_28C_T01_1658_C04_e01,1,0,0.0,0,0,0,0,0,,
20250622_chem_28C_T01_1658,20250622_chem_28C_T01_1658_C05_e01,1,0,0.0,0,0,0,0,0,,
20250622_chem_28C_T01_1658,20250622_chem_28C_T01_1658_C06_e01,1,0,0.0,0,0,0,0,0,,
20250622_chem_28C_T01_1658,20250622_chem_28C_T01_1658_C07_e01,1,0,0.0,0,0,0,0,0,,
20250622_chem_28C_T01_1658,20250622_chem_28C_T01_1658_C08_e01,1,0,0.0,0,0,0,0,0,,
20250622_chem_28C_T01_1658,20250622_chem_28C_T01_1658_C10_e01,1,0,0.0,0,0,0,0,0,,
20250622_chem_28C_T01_1658,20250622_chem_28C_T01_1658_C12_e01,1,0,0.0,0,0,0,0,0,,
20250622_chem_28C_T01_1658,20250622_chem_28C_T01_1658_D01_e01,1,0,0.0,0,0,0,0,0,,
20250622_chem_28C_T01_1658,20250622_chem_28C_T01_1658_D01_e02,1,1,1.0,1,1,1,0,0,-0.8037820650802329,-0.8037820650802329
20250622_chem_28C_T01_1658,20250622_chem_28C_T01_1658_D02_e01,1,0,0.0,0,0,0,0,0,,
20250622_chem_28C_T01_1658,20250622_chem_28C_T01_1658_D03_e01,1,0,0.0,0,0,0,0,0,,
20250622_chem_28C_T01_1658,20250622_chem_28C_T01_1658_D04_e01,1,0,0.0,0,0,0,0,0,,
20250622_chem_28C_T01_1658,20250622_chem_28C_T01_1658_D05_e01,1,0,0.0,0,0,0,0,0,,
20250622_chem_28C_T01_1658,20250622_chem_28C_T01_1658_D06_e01,1,0,0.0,0,0,0,0,0,,
20250622_chem_28C_T01_1658,20250622_chem_28C_T01_1658_D07_e01,1,1,1.0,1,1,1,0,0,-0.02647952615253651,-0.02647952615253651
20250622_chem_28C_T01_1658,20250622_chem_28C_T01_1658_D08_e01,1,0,0.0,0,0,0,0,0,,
20250622_chem_28C_T01_1658,20250622_chem_28C_T01_1658_D10_e01,1,0,0.0,0,0,0,0,0,,
20250622_chem_28C_T01_1658,20250622_chem_28C_T01_1658_D12_e01,1,0,0.0,0,0,0,0,0,,
20250622_chem_28C_T01_1658,20250622_chem_28C_T01_1658_E01_e01,1,0,0.0,0,0,0,0,0,,
20250622_chem_28C_T01_1658,20250622_chem_28C_T01_1658_E02_e01,1,0,0.0,0,0,0,0,0,,
20250622_chem_28C_T01_1658,20250622_chem_28C_T01_1658_E03_e01,1,0,0.0,0,0,0,0,0,,
20250622_chem_28C_T01_1658,20250622_chem_28C_T01_1658_E04_e01,1,0,0.0,0,0,0,0,0,,
20250622_chem_28C_T01_1658,20250622_chem_28C_T01_1658_E05_e01,1,0,0.0,0,0,0,0,0,,
20250622_chem_28C_T01_1658,20250622_chem_28C_T01_1658_E06_e01,1,0,0.0,0,0,0,0,0,,
20250622_chem_28C_T01_1658,20250622_chem_28C_T01_1658_E07_e01,1,0,0.0,0,0,0,0,0,,
20250622_chem_28C_T01_1658,20250622_chem_28C_T01_1658_E08_e01,1,0,0.0,0,0,0,0,0,,
20250622_chem_28C_T01_1658,20250622_chem_28C_T01_1658_E09_e02,1,0,0.0,0,0,0,0,0,,
20250622_chem_28C_T01_1658,20250622_chem_28C_T01_1658_E10_e01,1,0,0.0,0,0,0,0,0,,
20250622_chem_28C_T01_1658,20250622_chem_28C_T01_1658_E12_e01,1,0,0.0,0,0,0,0,0,,
20250622_chem_28C_T01_1658,20250622_chem_28C_T01_1658_F01_e01,1,0,0.0,0,0,0,0,0,,
20250622_chem_28C_T01_1658,20250622_chem_28C_T01_1658_F02_e01,1,0,0.0,0,0,0,0,0,,
20250622_chem_28C_T01_1658,20250622_chem_28C_T01_1658_F03_e01,1,0,0.0,0,0,0,0,0,,
20250622_chem_28C_T01_1658,20250622_chem_28C_T01_1658_F03_e02,1,1,1.0,1,1,1,0,0,-0.8745675304058265,-0.8745675304058265
20250622_chem_28C_T01_1658,20250622_chem_28C_T01_1658_F04_e01,1,1,1.0,1,1,1,0,0,-0.15674978384048566,-0.15674978384048566
20250622_chem_28C_T01_1658,20250622_chem_28C_T01_1658_F05_e01,1,0,0.0,0,0,0,0,0,,
20250622_chem_28C_T01_1658,20250622_chem_28C_T01_1658_F06_e01,1,0,0.0,0,0,0,0,0,,
20250622_chem_28C_T01_1658,20250622_chem_28C_T01_1658_F07_e01,1,1,1.0,1,1,1,0,0,-0.10393413863066078,-0.10393413863066078
20250622_chem_28C_T01_1658,20250622_chem_28C_T01_1658_F08_e01,1,0,0.0,0,0,0,0,0,,
20250622_chem_28C_T01_1658,20250622_chem_28C_T01_1658_F10_e01,1,0,0.0,0,0,0,0,0,,
20250622_chem_28C_T01_1658,20250622_chem_28C_T01_1658_F12_e01,1,0,0.0,0,0,0,0,0,,
20250622_chem_28C_T01_1658,20250622_chem_28C_T01_1658_G01_e01,1,0,0.0,0,0,0,0,0,,
20250622_chem_28C_T01_1658,20250622_chem_28C_T01_1658_G02_e01,1,0,0.0,0,0,0,0,0,,
20250622_chem_28C_T01_1658,20250622_chem_28C_T01_1658_G03_e01,1,0,0.0,0,0,0,0,0,,
20250622_chem_28C_T01_1658,20250622_chem_28C_T01_1658_G04_e01,1,0,0.0,0,0,0,0,0,,
20250622_chem_28C_T01_1658,20250622_chem_28C_T01_1658_G04_e02,1,1,1.0,1,1,1,0,0,-0.7488412933175864,-0.7488412933175864
20250622_chem_28C_T01_1658,20250622_chem_28C_T01_1658_G05_e01,1,0,0.0,0,0,0,0,0,,
20250622_chem_28C_T01_1658,20250622_chem_28C_T01_1658_G06_e01,1,0,0.0,0,0,0,0,0,,
20250622_chem_28C_T01_1658,20250622_chem_28C_T01_1658_G07_e01,1,0,0.0,0,0,0,0,0,,
20250622_chem_28C_T01_1658,20250622_chem_28C_T01_1658_G08_e01,1,0,0.0,0,0,0,0,0,,
20250622_chem_28C_T01_1658,20250622_chem_28C_T01_1658_G10_e01,1,0,0.0,0,0,0,0,0,,
20250622_chem_28C_T01_1658,20250622_chem_28C_T01_1658_G12_e01,1,0,0.0,0,0,0,0,0,,
20250622_chem_28C_T01_1658,20250622_chem_28C_T01_1658_H01_e01,1,0,0.0,0,0,0,0,0,,
20250622_chem_28C_T01_1658,20250622_chem_28C_T01_1658_H02_e01,1,0,0.0,0,0,0,0,0,,
20250622_chem_28C_T01_1658,20250622_chem_28C_T01_1658_H03_e01,1,0,0.0,0,0,0,0,0,,
20250622_chem_28C_T01_1658,20250622_chem_28C_T01_1658_H04_e01,1,0,0.0,0,0,0,0,0,,
20250622_chem_28C_T01_1658,20250622_chem_28C_T01_1658_H05_e01,1,0,0.0,0,0,0,0,0,,
20250622_chem_28C_T01_1658,20250622_chem_28C_T01_1658_H05_e02,1,1,1.0,1,1,1,0,0,-0.7459786228434919,-0.7459786228434919
20250622_chem_28C_T01_1658,20250622_chem_28C_T01_1658_H06_e01,1,0,0.0,0,0,0,0,0,,
20250622_chem_28C_T01_1658,20250622_chem_28C_T01_1658_H07_e01,1,1,1.0,1,1,1,0,0,-0.02453566039392633,-0.02453566039392633
20250622_chem_28C_T01_1658,20250622_chem_28C_T01_1658_H08_e01,1,0,0.0,0,0,0,0,0,,
20250622_chem_28C_T01_1658,20250622_chem_28C_T01_1658_H10_e01,1,0,0.0,0,0,0,0,0,,
20250622_chem_28C_T01_1658,20250622_chem_28C_T01_1658_H12_e01,1,0,0.0,0,0,0,0,0,,
20250622_chem_34C_T00_1256,20250622_chem_34C_T00_1256_A01_e01,1,0,0.0,0,0,0,0,0,,
20250622_chem_34C_T00_1256,20250622_chem_34C_T00_1256_A02_e01,1,0,0.0,0,0,0,0,0,,
20250622_chem_34C_T00_1256,20250622_chem_34C_T00_1256_A03_e01,1,0,0.0,0,0,0,0,0,,
20250622_chem_34C_T00_1256,20250622_chem_34C_T00_1256_A04_e01,1,0,0.0,0,0,0,0,0,,
20250622_chem_34C_T00_1256,20250622_chem_34C_T00_1256_A05_e01,1,0,0.0,0,0,0,0,0,,
20250622_chem_34C_T00_1256,20250622_chem_34C_T00_1256_A06_e01,1,0,0.0,0,0,0,0,0,,
20250622_chem_34C_T00_1256,20250622_chem_34C_T00_1256_A07_e01,1,0,0.0,0,0,0,0,0,,
20250622_chem_34C_T00_1256,20250622_chem_34C_T00_1256_A08_e01,1,0,0.0,0,0,0,0,0,,
20250622_chem_34C_T00_1256,20250622_chem_34C_T00_1256_A10_e01,1,0,0.0,0,0,0,0,0,,
20250622_chem_34C_T00_1256,20250622_chem_34C_T00_1256_A12_e01,1,0,0.0,0,0,0,0,0,,
20250622_chem_34C_T00_1256,20250622_chem_34C_T00_1256_B01_e01,1,0,0.0,0,0,0,0,0,,
20250622_chem_34C_T00_1256,20250622_chem_34C_T00_1256_B02_e01,1,0,0.0,0,0,0,0,0,,
20250622_chem_34C_T00_1256,20250622_chem_34C_T00_1256_B03_e01,1,0,0.0,0,0,0,0,0,,
20250622_chem_34C_T00_1256,20250622_chem_34C_T00_1256_B04_e01,1,0,0.0,0,0,0,0,0,,
20250622_chem_34C_T00_1256,20250622_chem_34C_T00_1256_B05_e01,1,0,0.0,0,0,0,0,0,,
20250622_chem_34C_T00_1256,20250622_chem_34C_T00_1256_B06_e01,1,0,0.0,0,0,0,0,0,,
20250622_chem_34C_T00_1256,20250622_chem_34C_T00_1256_B07_e01,1,0,0.0,0,0,0,0,0,,
20250622_chem_34C_T00_1256,20250622_chem_34C_T00_1256_B08_e01,1,0,0.0,0,0,0,0,0,,
20250622_chem_34C_T00_1256,20250622_chem_34C_T00_1256_B10_e01,1,0,0.0,0,0,0,0,0,,
20250622_chem_34C_T00_1256,20250622_chem_34C_T00_1256_B12_e01,1,0,0.0,0,0,0,0,0,,
20250622_chem_34C_T00_1256,20250622_chem_34C_T00_1256_C01_e01,1,0,0.0,0,0,0,0,0,,
20250622_chem_34C_T00_1256,20250622_chem_34C_T00_1256_C02_e01,1,0,0.0,0,0,0,0,0,,
20250622_chem_34C_T00_1256,20250622_chem_34C_T00_1256_C03_e01,1,0,0.0,0,0,0,0,0,,
20250622_chem_34C_T00_1256,20250622_chem_34C_T00_1256_C04_e01,1,0,0.0,0,0,0,0,0,,
20250622_chem_34C_T00_1256,20250622_chem_34C_T00_1256_C05_e01,1,0,0.0,0,0,0,0,0,,
20250622_chem_34C_T00_1256,20250622_chem_34C_T00_1256_C06_e01,1,0,0.0,0,0,0,0,0,,
20250622_chem_34C_T00_1256,20250622_chem_34C_T00_1256_C07_e01,1,0,0.0,0,0,0,0,0,,
20250622_chem_34C_T00_1256,20250622_chem_34C_T00_1256_C08_e01,1,0,0.0,0,0,0,0,0,,
20250622_chem_34C_T00_1256,20250622_chem_34C_T00_1256_C10_e01,1,0,0.0,0,0,0,0,0,,
20250622_chem_34C_T00_1256,20250622_chem_34C_T00_1256_C11_e02,1,0,0.0,0,0,0,0,0,,
20250622_chem_34C_T00_1256,20250622_chem_34C_T00_1256_C12_e01,1,0,0.0,0,0,0,0,0,,
20250622_chem_34C_T00_1256,20250622_chem_34C_T00_1256_D01_e01,1,0,0.0,0,0,0,0,0,,
20250622_chem_34C_T00_1256,20250622_chem_34C_T00_1256_D02_e01,1,0,0.0,0,0,0,0,0,,
20250622_chem_34C_T00_1256,20250622_chem_34C_T00_1256_D03_e01,1,0,0.0,0,0,0,0,0,,
20250622_chem_34C_T00_1256,20250622_chem_34C_T00_1256_D04_e01,1,1,1.0,1,1,1,0,0,-0.17866895337379327,-0.17866895337379327
20250622_chem_34C_T00_1256,20250622_chem_34C_T00_1256_D05_e01,1,0,0.0,0,0,0,0,0,,
20250622_chem_34C_T00_1256,20250622_chem_34C_T00_1256_D06_e01,1,0,0.0,0,0,0,0,0,,
20250622_chem_34C_T00_1256,20250622_chem_34C_T00_1256_D07_e01,1,0,0.0,0,0,0,0,0,,
20250622_chem_34C_T00_1256,20250622_chem_34C_T00_1256_D08_e01,1,0,0.0,0,0,0,0,0,,
20250622_chem_34C_T00_1256,20250622_chem_34C_T00_1256_D10_e01,1,0,0.0,0,0,0,0,0,,
20250622_chem_34C_T00_1256,20250622_chem_34C_T00_1256_D12_e01,1,0,0.0,0,0,0,0,0,,
20250622_chem_34C_T00_1256,20250622_chem_34C_T00_1256_E01_e01,1,0,0.0,0,0,0,0,0,,
20250622_chem_34C_T00_1256,20250622_chem_34C_T00_1256_E02_e01,1,0,0.0,0,0,0,0,0,,
20250622_chem_34C_T00_1256,20250622_chem_34C_T00_1256_E03_e01,1,0,0.0,0,0,0,0,0,,
20250622_chem_34C_T00_1256,20250622_chem_34C_T00_1256_E04_e01,1,1,1.0,1,1,1,0,0,-0.02936051344360794,-0.02936051344360794
20250622_chem_34C_T00_1256,20250622_chem_34C_T00_1256_E05_e01,1,0,0.0,0,0,0,0,0,,
20250622_chem_34C_T00_1256,20250622_chem_34C_T00_1256_E06_e01,1,0,0.0,0,0,0,0,0,,
20250622_chem_34C_T00_1256,20250622_chem_34C_T00_1256_E07_e01,1,0,0.0,0,0,0,0,0,,
20250622_chem_34C_T00_1256,20250622_chem_34C_T00_1256_E08_e01,1,0,0.0,0,0,0,0,0,,
20250622_chem_34C_T00_1256,20250622_chem_34C_T00_1256_E10_e01,1,0,0.0,0,0,0,0,0,,
20250622_chem_34C_T00_1256,20250622_chem_34C_T00_1256_E12_e01,1,0,0.0,0,0,0,0,0,,
20250622_chem_34C_T00_1256,20250622_chem_34C_T00_1256_F01_e01,1,0,0.0,0,0,0,0,0,,
20250622_chem_34C_T00_1256,20250622_chem_34C_T00_1256_F02_e01,1,0,0.0,0,0,0,0,0,,
20250622_chem_34C_T00_1256,20250622_chem_34C_T00_1256_F03_e01,1,0,0.0,0,0,0,0,0,,
20250622_chem_34C_T00_1256,20250622_chem_34C_T00_1256_F05_e01,1,0,0.0,0,0,0,0,0,,
20250622_chem_34C_T00_1256,20250622_chem_34C_T00_1256_F06_e01,1,0,0.0,0,0,0,0,0,,
20250622_chem_34C_T00_1256,20250622_chem_34C_T00_1256_F07_e01,1,0,0.0,0,0,0,0,0,,
20250622_chem_34C_T00_1256,20250622_chem_34C_T00_1256_F08_e01,1,0,0.0,0,0,0,0,0,,
20250622_chem_34C_T00_1256,20250622_chem_34C_T00_1256_F10_e01,1,1,1.0,1,1,1,0,0,-0.04261064549891574,-0.04261064549891574
20250622_chem_34C_T00_1256,20250622_chem_34C_T00_1256_F12_e01,1,0,0.0,0,0,0,0,0,,
20250622_chem_34C_T00_1256,20250622_chem_34C_T00_1256_G01_e01,1,0,0.0,0,0,0,0,0,,
20250622_chem_34C_T00_1256,20250622_chem_34C_T00_1256_G02_e01,1,0,0.0,0,0,0,0,0,,
20250622_chem_34C_T00_1256,20250622_chem_34C_T00_1256_G03_e01,1,0,0.0,0,0,0,0,0,,
20250622_chem_34C_T00_1256,20250622_chem_34C_T00_1256_G05_e01,1,0,0.0,0,0,0,0,0,,
20250622_chem_34C_T00_1256,20250622_chem_34C_T00_1256_G06_e01,1,0,0.0,0,0,0,0,0,,
20250622_chem_34C_T00_1256,20250622_chem_34C_T00_1256_G07_e01,1,0,0.0,0,0,0,0,0,,
20250622_chem_34C_T00_1256,20250622_chem_34C_T00_1256_G08_e01,1,0,0.0,0,0,0,0,0,,
20250622_chem_34C_T00_1256,20250622_chem_34C_T00_1256_G10_e01,1,0,0.0,0,0,0,0,0,,
20250622_chem_34C_T00_1256,20250622_chem_34C_T00_1256_G12_e01,1,0,0.0,0,0,0,0,0,,
20250622_chem_34C_T00_1256,20250622_chem_34C_T00_1256_H01_e01,1,0,0.0,0,0,0,0,0,,
20250622_chem_34C_T00_1256,20250622_chem_34C_T00_1256_H02_e01,1,0,0.0,0,0,0,0,0,,
20250622_chem_34C_T00_1256,20250622_chem_34C_T00_1256_H03_e01,1,0,0.0,0,0,0,0,0,,
20250622_chem_34C_T00_1256,20250622_chem_34C_T00_1256_H05_e01,1,0,0.0,0,0,0,0,0,,
20250622_chem_34C_T00_1256,20250622_chem_34C_T00_1256_H06_e01,1,0,0.0,0,0,0,0,0,,
20250622_chem_34C_T00_1256,20250622_chem_34C_T00_1256_H07_e01,1,0,0.0,0,0,0,0,0,,
20250622_chem_34C_T00_1256,20250622_chem_34C_T00_1256_H08_e01,1,0,0.0,0,0,0,0,0,,
20250622_chem_34C_T00_1256,20250622_chem_34C_T00_1256_H10_e01,1,0,0.0,0,0,0,0,0,,
20250622_chem_34C_T00_1256,20250622_chem_34C_T00_1256_H12_e01,1,0,0.0,0,0,0,0,0,,
20250622_chem_34C_T01_1632,20250622_chem_34C_T01_1632_A01_e01,1,0,0.0,0,0,0,0,0,,
20250622_chem_34C_T01_1632,20250622_chem_34C_T01_1632_A02_e01,1,0,0.0,0,0,0,0,0,,
20250622_chem_34C_T01_1632,20250622_chem_34C_T01_1632_A03_e01,1,0,0.0,0,0,0,0,0,,
20250622_chem_34C_T01_1632,20250622_chem_34C_T01_1632_A04_e01,1,0,0.0,0,0,0,0,0,,
20250622_chem_34C_T01_1632,20250622_chem_34C_T01_1632_A05_e01,1,0,0.0,0,0,0,0,0,,
20250622_chem_34C_T01_1632,20250622_chem_34C_T01_1632_A06_e01,1,0,0.0,0,0,0,0,0,,
20250622_chem_34C_T01_1632,20250622_chem_34C_T01_1632_A07_e01,1,0,0.0,0,0,0,0,0,,
20250622_chem_34C_T01_1632,20250622_chem_34C_T01_1632_A08_e01,1,0,0.0,0,0,0,0,0,,
20250622_chem_34C_T01_1632,20250622_chem_34C_T01_1632_A10_e01,1,0,0.0,0,0,0,0,0,,
20250622_chem_34C_T01_1632,20250622_chem_34C_T01_1632_A12_e01,1,0,0.0,0,0,0,0,0,,
20250622_chem_34C_T01_1632,20250622_chem_34C_T01_1632_B01_e01,1,0,0.0,0,0,0,0,0,,
20250622_chem_34C_T01_1632,20250622_chem_34C_T01_1632_B02_e01,1,0,0.0,0,0,0,0,0,,
20250622_chem_34C_T01_1632,20250622_chem_34C_T01_1632_B03_e01,1,0,0.0,0,0,0,0,0,,
20250622_chem_34C_T01_1632,20250622_chem_34C_T01_1632_B04_e01,1,1,1.0,1,1,1,0,0,-0.015716385199717776,-0.015716385199717776
20250622_chem_34C_T01_1632,20250622_chem_34C_T01_1632_B05_e01,1,0,0.0,0,0,0,0,0,,
20250622_chem_34C_T01_1632,20250622_chem_34C_T01_1632_B06_e01,1,0,0.0,0,0,0,0,0,,
20250622_chem_34C_T01_1632,20250622_chem_34C_T01_1632_B07_e01,1,0,0.0,0,0,0,0,0,,
20250622_chem_34C_T01_1632,20250622_chem_34C_T01_1632_B08_e01,1,0,0.0,0,0,0,0,0,,
20250622_chem_34C_T01_1632,20250622_chem_34C_T01_1632_B10_e01,1,0,0.0,0,0,0,0,0,,
20250622_chem_34C_T01_1632,20250622_chem_34C_T01_1632_B12_e01,1,0,0.0,0,0,0,0,0,,
20250622_chem_34C_T01_1632,20250622_chem_34C_T01_1632_C01_e01,1,0,0.0,0,0,0,0,0,,
20250622_chem_34C_T01_1632,20250622_chem_34C_T01_1632_C02_e01,1,0,0.0,0,0,0,0,0,,
20250622_chem_34C_T01_1632,20250622_chem_34C_T01_1632_C02_e02,1,1,1.0,1,1,1,0,0,-0.7899749928591081,-0.7899749928591081
20250622_chem_34C_T01_1632,20250622_chem_34C_T01_1632_C03_e01,1,0,0.0,0,0,0,0,0,,
20250622_chem_34C_T01_1632,20250622_chem_34C_T01_1632_C04_e01,1,0,0.0,0,0,0,0,0,,
20250622_chem_34C_T01_1632,20250622_chem_34C_T01_1632_C05_e01,1,0,0.0,0,0,0,0,0,,
20250622_chem_34C_T01_1632,20250622_chem_34C_T01_1632_C06_e01,1,0,0.0,0,0,0,0,0,,
20250622_chem_34C_T01_1632,20250622_chem_34C_T01_1632_C07_e01,1,0,0.0,0,0,0,0,0,,
20250622_chem_34C_T01_1632,20250622_chem_34C_T01_1632_C08_e01,1,0,0.0,0,0,0,0,0,,
20250622_chem_34C_T01_1632,20250622_chem_34C_T01_1632_C10_e01,1,0,0.0,0,0,0,0,0,,
20250622_chem_34C_T01_1632,20250622_chem_34C_T01_1632_C12_e01,1,0,0.0,0,0,0,0,0,,
20250622_chem_34C_T01_1632,20250622_chem_34C_T01_1632_D01_e01,1,0,0.0,0,0,0,0,0,,
20250622_chem_34C_T01_1632,20250622_chem_34C_T01_1632_D02_e01,1,0,0.0,0,0,0,0,0,,
20250622_chem_34C_T01_1632,20250622_chem_34C_T01_1632_D03_e01,1,0,0.0,0,0,0,0,0,,
20250622_chem_34C_T01_1632,20250622_chem_34C_T01_1632_D04_e01,1,1,1.0,1,1,1,0,0,-0.25719951569457983,-0.25719951569457983
20250622_chem_34C_T01_1632,20250622_chem_34C_T01_1632_D05_e01,1,0,0.0,0,0,0,0,0,,
20250622_chem_34C_T01_1632,20250622_chem_34C_T01_1632_D06_e01,1,0,0.0,0,0,0,0,0,,
20250622_chem_34C_T01_1632,20250622_chem_34C_T01_1632_D07_e01,1,0,0.0,0,0,0,0,0,,
20250622_chem_34C_T01_1632,20250622_chem_34C_T01_1632_D08_e01,1,0,0.0,0,0,0,0,0,,
20250622_chem_34C_T01_1632,20250622_chem_34C_T01_1632_D10_e01,1,0,0.0,0,0,0,0,0,,
20250622_chem_34C_T01_1632,20250622_chem_34C_T01_1632_D12_e01,1,0,0.0,0,0,0,0,0,,
20250622_chem_34C_T01_1632,20250622_chem_34C_T01_1632_E01_e01,1,0,0.0,0,0,0,0,0,,
20250622_chem_34C_T01_1632,20250622_chem_34C_T01_1632_E02_e01,1,0,0.0,0,0,0,0,0,,
20250622_chem_34C_T01_1632,20250622_chem_34C_T01_1632_E03_e01,1,0,0.0,0,0,0,0,0,,
20250622_chem_34C_T01_1632,20250622_chem_34C_T01_1632_E04_e01,1,1,1.0,1,1,1,0,0,-0.04194294701041904,-0.04194294701041904
20250622_chem_34C_T01_1632,20250622_chem_34C_T01_1632_E05_e01,1,0,0.0,0,0,0,0,0,,
20250622_chem_34C_T01_1632,20250622_chem_34C_T01_1632_E06_e01,1,1,1.0,1,1,1,0,0,-0.01841029562402954,-0.01841029562402954
20250622_chem_34C_T01_1632,20250622_chem_34C_T01_1632_E07_e01,1,0,0.0,0,0,0,0,0,,
20250622_chem_34C_T01_1632,20250622_chem_34C_T01_1632_E08_e01,1,0,0.0,0,0,0,0,0,,
20250622_chem_34C_T01_1632,20250622_chem_34C_T01_1632_E10_e01,1,0,0.0,0,0,0,0,0,,
20250622_chem_34C_T01_1632,20250622_chem_34C_T01_1632_E12_e01,1,0,0.0,0,0,0,0,0,,
20250622_chem_34C_T01_1632,20250622_chem_34C_T01_1632_F01_e01,1,0,0.0,0,0,0,0,0,,
20250622_chem_34C_T01_1632,20250622_chem_34C_T01_1632_F02_e01,1,0,0.0,0,0,0,0,0,,
20250622_chem_34C_T01_1632,20250622_chem_34C_T01_1632_F03_e01,1,0,0.0,0,0,0,0,0,,
20250622_chem_34C_T01_1632,20250622_chem_34C_T01_1632_F04_e02,1,1,1.0,1,1,1,0,0,-0.7165456200869161,-0.7165456200869161
20250622_chem_34C_T01_1632,20250622_chem_34C_T01_1632_F05_e01,1,0,0.0,0,0,0,0,0,,
20250622_chem_34C_T01_1632,20250622_chem_34C_T01_1632_F06_e01,1,0,0.0,0,0,0,0,0,,
20250622_chem_34C_T01_1632,20250622_chem_34C_T01_1632_F07_e01,1,0,0.0,0,0,0,0,0,,
20250622_chem_34C_T01_1632,20250622_chem_34C_T01_1632_F08_e01,1,0,0.0,0,0,0,0,0,,
20250622_chem_34C_T01_1632,20250622_chem_34C_T01_1632_F10_e01,1,1,1.0,1,1,1,0,0,-0.06806950286569326,-0.06806950286569326
20250622_chem_34C_T01_1632,20250622_chem_34C_T01_1632_F12_e01,1,0,0.0,0,0,0,0,0,,
20250622_chem_34C_T01_1632,20250622_chem_34C_T01_1632_G01_e01,1,0,0.0,0,0,0,0,0,,
20250622_chem_34C_T01_1632,20250622_chem_34C_T01_1632_G02_e01,1,0,0.0,0,0,0,0,0,,
20250622_chem_34C_T01_1632,20250622_chem_34C_T01_1632_G03_e01,1,0,0.0,0,0,0,0,0,,
20250622_chem_34C_T01_1632,20250622_chem_34C_T01_1632_G05_e01,1,0,0.0,0,0,0,0,0,,
20250622_chem_34C_T01_1632,20250622_chem_34C_T01_1632_G06_e01,1,0,0.0,0,0,0,0,0,,
20250622_chem_34C_T01_1632,20250622_chem_34C_T01_1632_G07_e01,1,0,0.0,0,0,0,0,0,,
20250622_chem_34C_T01_1632,20250622_chem_34C_T01_1632_G08_e01,1,0,0.0,0,0,0,0,0,,
20250622_chem_34C_T01_1632,20250622_chem_34C_T01_1632_G10_e01,1,0,0.0,0,0,0,0,0,,
20250622_chem_34C_T01_1632,20250622_chem_34C_T01_1632_G12_e01,1,0,0.0,0,0,0,0,0,,
20250622_chem_34C_T01_1632,20250622_chem_34C_T01_1632_H01_e01,1,0,0.0,0,0,0,0,0,,
20250622_chem_34C_T01_1632,20250622_chem_34C_T01_1632_H02_e01,1,0,0.0,0,0,0,0,0,,
20250622_chem_34C_T01_1632,20250622_chem_34C_T01_1632_H03_e01,1,0,0.0,0,0,0,0,0,,
20250622_chem_34C_T01_1632,20250622_chem_34C_T01_1632_H05_e01,1,0,0.0,0,0,0,0,0,,
20250622_chem_34C_T01_1632,20250622_chem_34C_T01_1632_H06_e01,1,0,0.0,0,0,0,0,0,,
20250622_chem_34C_T01_1632,20250622_chem_34C_T01_1632_H07_e01,1,0,0.0,0,0,0,0,0,,
20250622_chem_34C_T01_1632,20250622_chem_34C_T01_1632_H08_e01,1,0,0.0,0,0,0,0,0,,
20250622_chem_34C_T01_1632,20250622_chem_34C_T01_1632_H10_e01,1,0,0.0,0,0,0,0,0,,
20250622_chem_34C_T01_1632,20250622_chem_34C_T01_1632_H12_e01,1,0,0.0,0,0,0,0,0,,
20250624_chem02_28C_T00_1356,20250624_chem02_28C_T00_1356_A01_e01,1,0,0.0,0,0,0,0,0,,
20250624_chem02_28C_T00_1356,20250624_chem02_28C_T00_1356_A01_e02,1,1,1.0,1,1,1,0,0,-0.870700574907929,-0.870700574907929
20250624_chem02_28C_T00_1356,20250624_chem02_28C_T00_1356_A02_e01,1,0,0.0,0,0,0,0,0,,
20250624_chem02_28C_T00_1356,20250624_chem02_28C_T00_1356_A03_e01,1,0,0.0,0,0,0,0,0,,
20250624_chem02_28C_T00_1356,20250624_chem02_28C_T00_1356_A04_e01,1,0,0.0,0,0,0,0,0,,
20250624_chem02_28C_T00_1356,20250624_chem02_28C_T00_1356_A05_e01,1,1,1.0,1,1,1,0,0,-0.004081708206361407,-0.004081708206361407
20250624_chem02_28C_T00_1356,20250624_chem02_28C_T00_1356_A06_e01,1,0,0.0,0,0,0,0,0,,
20250624_chem02_28C_T00_1356,20250624_chem02_28C_T00_1356_A07_e01,1,1,1.0,1,1,1,0,0,-0.19944042319088068,-0.19944042319088068
20250624_chem02_28C_T00_1356,20250624_chem02_28C_T00_1356_A08_e01,1,1,1.0,1,1,1,0,0,-0.08680146573716851,-0.08680146573716851
20250624_chem02_28C_T00_1356,20250624_chem02_28C_T00_1356_A09_e02,1,0,0.0,0,0,0,0,0,,
20250624_chem02_28C_T00_1356,20250624_chem02_28C_T00_1356_A10_e01,1,0,0.0,0,0,0,0,0,,
20250624_chem02_28C_T00_1356,20250624_chem02_28C_T00_1356_A11_e01,1,0,0.0,0,0,0,0,0,,
20250624_chem02_28C_T00_1356,20250624_chem02_28C_T00_1356_A12_e01,1,0,0.0,0,0,0,0,0,,
20250624_chem02_28C_T00_1356,20250624_chem02_28C_T00_1356_B01_e01,1,0,0.0,0,0,0,0,0,,
20250624_chem02_28C_T00_1356,20250624_chem02_28C_T00_1356_B02_e01,1,0,0.0,0,0,0,0,0,,
20250624_chem02_28C_T00_1356,20250624_chem02_28C_T00_1356_B03_e01,1,0,0.0,0,0,0,0,0,,
20250624_chem02_28C_T00_1356,20250624_chem02_28C_T00_1356_B04_e01,1,0,0.0,0,0,0,0,0,,
20250624_chem02_28C_T00_1356,20250624_chem02_28C_T00_1356_B05_e01,1,0,0.0,0,0,0,0,0,,
20250624_chem02_28C_T00_1356,20250624_chem02_28C_T00_1356_B06_e01,1,1,1.0,1,1,1,0,0,-0.13095036571293242,-0.13095036571293242
20250624_chem02_28C_T00_1356,20250624_chem02_28C_T00_1356_B07_e01,1,1,1.0,1,1,1,0,0,-0.1288477182698275,-0.1288477182698275
20250624_chem02_28C_T00_1356,20250624_chem02_28C_T00_1356_B08_e01,1,0,0.0,0,0,0,0,0,,
20250624_chem02_28C_T00_1356,20250624_chem02_28C_T00_1356_B08_e02,1,1,1.0,1,1,1,0,0,-0.745947957503336,-0.745947957503336
20250624_chem02_28C_T00_1356,20250624_chem02_28C_T00_1356_B10_e01,1,0,0.0,0,0,0,0,0,,
20250624_chem02_28C_T00_1356,20250624_chem02_28C_T00_1356_B10_e02,1,1,1.0,1,1,1,0,0,-0.8962269827203985,-0.8962269827203985
20250624_chem02_28C_T00_1356,20250624_chem02_28C_T00_1356_B10_e03,1,1,1.0,1,1,1,0,0,-0.7939472469051675,-0.7939472469051675
20250624_chem02_28C_T00_1356,20250624_chem02_28C_T00_1356_B11_e01,1,0,0.0,0,0,0,0,0,,
20250624_chem02_28C_T00_1356,20250624_chem02_28C_T00_1356_B12_e01,1,0,0.0,0,0,0,0,0,,
20250624_chem02_28C_T00_1356,20250624_chem02_28C_T00_1356_B12_e02,1,1,1.0,1,1,1,0,0,-0.7680592373031194,-0.7680592373031194
20250624_chem02_28C_T00_1356,20250624_chem02_28C_T00_1356_C01_e01,1,0,0.0,0,0,0,0,0,,
20250624_chem02_28C_T00_1356,20250624_chem02_28C_T00_1356_C02_e01,1,0,0.0,0,0,0,0,0,,
20250624_chem02_28C_T00_1356,20250624_chem02_28C_T00_1356_C03_e01,1,0,0.0,0,0,0,0,0,,
20250624_chem02_28C_T00_1356,20250624_chem02_28C_T00_1356_C04_e01,1,0,0.0,0,0,0,0,0,,
20250624_chem02_28C_T00_1356,20250624_chem02_28C_T00_1356_C05_e01,1,1,1.0,1,1,1,0,0,-0.06641114260260142,-0.06641114260260142
20250624_chem02_28C_T00_1356,20250624_chem02_28C_T00_1356_C06_e01,1,1,1.0,1,1,1,0,0,-0.06430849515949663,-0.06430849515949663
20250624_chem02_28C_T00_1356,20250624_chem02_28C_T00_1356_C07_e01,1,1,1.0,1,1,1,0,0,-0.16717750796515188,-0.16717750796515188
20250624_chem02_28C_T00_1356,20250624_chem02_28C_T00_1356_C08_e01,1,0,0.0,0,0,0,0,0,,
20250624_chem02_28C_T00_1356,20250624_chem02_28C_T00_1356_C10_e01,1,0,0.0,0,0,0,0,0,,
20250624_chem02_28C_T00_1356,20250624_chem02_28C_T00_1356_C11_e01,1,0,0.0,0,0,0,0,0,,
20250624_chem02_28C_T00_1356,20250624_chem02_28C_T00_1356_C12_e01,1,0,0.0,0,0,0,0,0,,
20250624_chem02_28C_T00_1356,20250624_chem02_28C_T00_1356_D01_e01,1,0,0.0,0,0,0,0,0,,
20250624_chem02_28C_T00_1356,20250624_chem02_28C_T00_1356_D02_e01,1,0,0.0,0,0,0,0,0,,
20250624_chem02_28C_T00_1356,20250624_chem02_28C_T00_1356_D03_e02,1,1,1.0,1,1,1,0,0,-0.9909264736133535,-0.9909264736133535
20250624_chem02_28C_T00_1356,20250624_chem02_28C_T00_1356_D04_e01,1,0,0.0,0,0,0,0,0,,
20250624_chem02_28C_T00_1356,20250624_chem02_28C_T00_1356_D05_e01,1,1,1.0,1,1,1,0,0,-0.01736052947921745,-0.01736052947921745
20250624_chem02_28C_T00_1356,20250624_chem02_28C_T00_1356_D06_e01,1,1,1.0,1,1,1,0,0,-0.19962122408566993,-0.19962122408566993
20250624_chem02_28C_T00_1356,20250624_chem02_28C_T00_1356_D07_e01,1,1,1.0,1,1,1,0,0,-0.1367493870050622,-0.1367493870050622
20250624_chem02_28C_T00_1356,20250624_chem02_28C_T00_1356_D07_e02,1,1,1.0,1,1,1,0,0,-0.7668137200279046,-0.7668137200279046
20250624_chem02_28C_T00_1356,20250624_chem02_28C_T00_1356_D08_e01,1,1,1.0,1,1,1,0,0,-0.03724862790603655,-0.03724862790603655
20250624_chem02_28C_T00_1356,20250624_chem02_28C_T00_1356_D10_e01,1,0,0.0,0,0,0,0,0,,
20250624_chem02_28C_T00_1356,20250624_chem02_28C_T00_1356_D11_e01,1,0,0.0,0,0,0,0,0,,
20250624_chem02_28C_T00_1356,20250624_chem02_28C_T00_1356_D12_e01,1,0,0.0,0,0,0,0,0,,
20250624_chem02_28C_T00_1356,20250624_chem02_28C_T00_1356_E01_e01,1,1,1.0,1,1,1,0,0,-0.7471934747785509,-0.7471934747785509
20250624_chem02_28C_T00_1356,20250624_chem02_28C_T00_1356_E01_e02,1,0,0.0,0,0,0,0,0,,
20250624_chem02_28C_T00_1356,20250624_chem02_28C_T00_1356_E01_e03,1,1,1.0,1,1,1,0,0,-0.19646055659157616,-0.19646055659157616
20250624_chem02_28C_T00_1356,20250624_chem02_28C_T00_1356_E02_e01,1,0,0.0,0,0,0,0,0,,
20250624_chem02_28C_T00_1356,20250624_chem02_28C_T00_1356_E02_e02,1,0,0.0,0,0,0,0,0,,
20250624_chem02_28C_T00_1356,20250624_chem02_28C_T00_1356_E04_e01,1,0,0.0,0,0,0,0,0,,
20250624_chem02_28C_T00_1356,20250624_chem02_28C_T00_1356_E05_e01,1,0,0.0,0,0,0,0,0,,
20250624_chem02_28C_T00_1356,20250624_chem02_28C_T00_1356_E06_e01,1,0,0.0,0,0,0,0,0,,
20250624_chem02_28C_T00_1356,20250624_chem02_28C_T00_1356_E07_e01,1,1,1.0,1,1,1,0,0,-0.15831156779104116,-0.15831156779104116
20250624_chem02_28C_T00_1356,20250624_chem02_28C_T00_1356_E08_e01,1,0,0.0,0,0,0,0,0,,
20250624_chem02_28C_T00_1356,20250624_chem02_28C_T00_1356_E08_e02,1,1,1.0,1,1,1,0,0,-0.7869428863144428,-0.7869428863144428
20250624_chem02_28C_T00_1356,20250624_chem02_28C_T00_1356_E10_e01,1,1,1.0,1,1,1,0,0,-0.02131806017627136,-0.02131806017627136
20250624_chem02_28C_T00_1356,20250624_chem02_28C_T00_1356_E10_e02,1,1,1.0,1,1,1,0,0,-0.7040490242182829,-0.7040490242182829
20250624_chem02_28C_T00_1356,20250624_chem02_28C_T00_1356_E10_e03,1,1,1.0,1,1,1,0,0,-0.3484672348032916,-0.3484672348032916
20250624_chem02_28C_T00_1356,20250624_chem02_28C_T00_1356_E11_e01,1,0,0.0,0,0,0,0,0,,
20250624_chem02_28C_T00_1356,20250624_chem02_28C_T00_1356_E11_e02,1,1,1.0,1,1,1,0,0,-0.7499657551653197,-0.7499657551653197
20250624_chem02_28C_T00_1356,20250624_chem02_28C_T00_1356_E12_e01,1,0,0.0,0,0,0,0,0,,
20250624_chem02_28C_T00_1356,20250624_chem02_28C_T00_1356_F01_e01,1,0,0.0,0,0,0,0,0,,
20250624_chem02_28C_T00_1356,20250624_chem02_28C_T00_1356_F02_e01,1,0,0.0,0,0,0,0,0,,
20250624_chem02_28C_T00_1356,20250624_chem02_28C_T00_1356_F02_e02,1,1,1.0,1,1,1,0,0,-0.7903312290093822,-0.7903312290093822
20250624_chem02_28C_T00_1356,20250624_chem02_28C_T00_1356_F04_e01,1,0,0.0,0,0,0,0,0,,
20250624_chem02_28C_T00_1356,20250624_chem02_28C_T00_1356_F05_e01,1,1,1.0,1,1,1,0,0,-0.010175367993703334,-0.010175367993703334
20250624_chem02_28C_T00_1356,20250624_chem02_28C_T00_1356_F06_e01,1,0,0.0,0,0,0,0,0,,
20250624_chem02_28C_T00_1356,20250624_chem02_28C_T00_1356_F06_e02,1,0,0.0,0,0,0,0,0,,
20250624_chem02_28C_T00_1356,20250624_chem02_28C_T00_1356_F07_e01,1,1,1.0,1,1,1,0,0,-0.14858180111960395,-0.14858180111960395
20250624_chem02_28C_T00_1356,20250624_chem02_28C_T00_1356_F07_e02,1,1,1.0,1,1,1,0,0,-0.741508291086844,-0.741508291086844
20250624_chem02_28C_T00_1356,20250624_chem02_28C_T00_1356_F08_e01,1,0,0.0,0,0,0,0,0,,
20250624_chem02_28C_T00_1356,20250624_chem02_28C_T00_1356_F10_e01,1,1,1.0,1,1,1,0,0,-0.1415171735639495,-0.1415171735639495
20250624_chem02_28C_T00_1356,20250624_chem02_28C_T00_1356_F11_e01,1,0,0.0,0,0,0,0,0,,
20250624_chem02_28C_T00_1356,20250624_chem02_28C_T00_1356_F11_e02,1,1,1.0,1,1,1,0,0,-0.7059039074722321,-0.7059039074722321
20250624_chem02_28C_T00_1356,20250624_chem02_28C_T00_1356_F12_e01,1,0,0.0,0,0,0,0,0,,
20250624_chem02_28C_T00_1356,20250624_chem02_28C_T00_1356_G01_e01,1,0,0.0,0,0,0,0,0,,
20250624_chem02_28C_T00_1356,20250624_chem02_28C_T00_1356_G02_e01,1,0,0.0,0,0,0,0,0,,
20250624_chem02_28C_T00_1356,20250624_chem02_28C_T00_1356_G02_e02,1,1,1.0,1,1,1,0,0,-0.7356289138414746,-0.7356289138414746
20250624_chem02_28C_T00_1356,20250624_chem02_28C_T00_1356_G04_e01,1,0,0.0,0,0,0,0,0,,
20250624_chem02_28C_T00_1356,20250624_chem02_28C_T00_1356_G05_e01,1,0,0.0,0,0,0,0,0,,
20250624_chem02_28C_T00_1356,20250624_chem02_28C_T00_1356_G07_e01,1,1,1.0,1,1,1,0,0,-0.08165198840039287,-0.08165198840039287
20250624_chem02_28C_T00_1356,20250624_chem02_28C_T00_1356_G08_e01,1,1,1.0,1,1,1,0,0,-0.06750264430077361,-0.06750264430077361
20250624_chem02_28C_T00_1356,20250624_chem02_28C_T00_1356_G10_e01,1,0,0.0,0,0,0,0,0,,
20250624_chem02_28C_T00_1356,20250624_chem02_28C_T00_1356_G11_e01,1,0,0.0,0,0,0,0,0,,
20250624_chem02_28C_T00_1356,20250624_chem02_28C_T00_1356_G12_e01,1,0,0.0,0,0,0,0,0,,
20250624_chem02_28C_T00_1356,20250624_chem02_28C_T00_1356_G12_e02,1,1,1.0,1,1,1,0,0,-0.6096843497971599,-0.6096843497971599
20250624_chem02_28C_T00_1356,20250624_chem02_28C_T00_1356_H01_e01,1,0,0.0,0,0,0,0,0,,
20250624_chem02_28C_T00_1356,20250624_chem02_28C_T00_1356_H02_e01,1,0,0.0,0,0,0,0,0,,
20250624_chem02_28C_T00_1356,20250624_chem02_28C_T00_1356_H04_e01,1,0,0.0,0,0,0,0,0,,
20250624_chem02_28C_T00_1356,20250624_chem02_28C_T00_1356_H04_e02,1,1,1.0,1,1,1,0,0,-0.5427076627718921,-0.5427076627718921
20250624_chem02_28C_T00_1356,20250624_chem02_28C_T00_1356_H05_e01,1,0,0.0,0,0,0,0,0,,
20250624_chem02_28C_T00_1356,20250624_chem02_28C_T00_1356_H06_e01,1,0,0.0,0,0,0,0,0,,
20250624_chem02_28C_T00_1356,20250624_chem02_28C_T00_1356_H07_e01,1,1,1.0,1,1,1,0,0,-0.0826430451570155,-0.0826430451570155
20250624_chem02_28C_T00_1356,20250624_chem02_28C_T00_1356_H08_e01,1,0,0.0,0,0,0,0,0,,
20250624_chem02_28C_T00_1356,20250624_chem02_28C_T00_1356_H10_e01,1,0,0.0,0,0,0,0,0,,
20250624_chem02_28C_T00_1356,20250624_chem02_28C_T00_1356_H11_e01,1,0,0.0,0,0,0,0,0,,
20250624_chem02_28C_T00_1356,20250624_chem02_28C_T00_1356_H12_e01,1,0,0.0,0,0,0,0,0,,
20250624_chem02_28C_T01_1808,20250624_chem02_28C_T01_1808_A01_e01,1,0,0.0,0,0,0,0,0,,
20250624_chem02_28C_T01_1808,20250624_chem02_28C_T01_1808_A02_e01,1,0,0.0,0,0,0,0,0,,
20250624_chem02_28C_T01_1808,20250624_chem02_28C_T01_1808_A03_e01,1,0,0.0,0,0,0,0,0,,
20250624_chem02_28C_T01_1808,20250624_chem02_28C_T01_1808_A04_e01,1,1,1.0,1,1,1,0,0,-0.06674766016423742,-0.06674766016423742
20250624_chem02_28C_T01_1808,20250624_chem02_28C_T01_1808_A05_e01,1,1,1.0,1,1,1,0,0,-0.14626551254423126,-0.14626551254423126
20250624_chem02_28C_T01_1808,20250624_chem02_28C_T01_1808_A06_e01,1,1,1.0,1,1,1,0,0,-0.06744563317806307,-0.06744563317806307
20250624_chem02_28C_T01_1808,20250624_chem02_28C_T01_1808_A07_e01,1,1,1.0,1,1,1,0,0,-0.34755979481608734,-0.34755979481608734
20250624_chem02_28C_T01_1808,20250624_chem02_28C_T01_1808_A08_e01,1,1,1.0,1,1,1,0,0,-0.1908222938821111,-0.1908222938821111
20250624_chem02_28C_T01_1808,20250624_chem02_28C_T01_1808_A10_e01,1,1,1.0,1,1,1,0,0,-0.023915950340203024,-0.023915950340203024
20250624_chem02_28C_T01_1808,20250624_chem02_28C_T01_1808_A11_e01,1,0,0.0,0,0,0,0,0,,
20250624_chem02_28C_T01_1808,20250624_chem02_28C_T01_1808_A12_e01,1,0,0.0,0,0,0,0,0,,
20250624_chem02_28C_T01_1808,20250624_chem02_28C_T01_1808_B01_e01,1,0,0.0,0,0,0,0,0,,
20250624_chem02_28C_T01_1808,20250624_chem02_28C_T01_1808_B02_e01,1,0,0.0,0,0,0,0,0,,
20250624_chem02_28C_T01_1808,20250624_chem02_28C_T01_1808_B03_e01,1,0,0.0,0,0,0,0,0,,
20250624_chem02_28C_T01_1808,20250624_chem02_28C_T01_1808_B04_e01,1,0,0.0,0,0,0,0,0,,
20250624_chem02_28C_T01_1808,20250624_chem02_28C_T01_1808_B05_e01,1,1,1.0,1,1,1,0,0,-0.067700989158731,-0.067700989158731
20250624_chem02_28C_T01_1808,20250624_chem02_28C_T01_1808_B06_e01,1,1,1.0,1,1,1,0,0,-0.24623454168705222,-0.24623454168705222
20250624_chem02_28C_T01_1808,20250624_chem02_28C_T01_1808_B07_e01,1,1,1.0,1,1,1,0,0,-0.21370218974995775,-0.21370218974995775
20250624_chem02_28C_T01_1808,20250624_chem02_28C_T01_1808_B08_e01,1,0,0.0,0,0,0,0,0,,
20250624_chem02_28C_T01_1808,20250624_chem02_28C_T01_1808_B08_e02,1,1,1.0,1,1,1,0,0,-0.7927928081313442,-0.7927928081313442
20250624_chem02_28C_T01_1808,20250624_chem02_28C_T01_1808_B10_e01,1,1,1.0,1,1,1,0,0,-0.006704957243184398,-0.006704957243184398
20250624_chem02_28C_T01_1808,20250624_chem02_28C_T01_1808_B11_e01,1,0,0.0,0,0,0,0,0,,
20250624_chem02_28C_T01_1808,20250624_chem02_28C_T01_1808_B11_e02,1,1,1.0,1,1,1,0,0,-0.692244972099009,-0.692244972099009
20250624_chem02_28C_T01_1808,20250624_chem02_28C_T01_1808_B11_e03,1,0,0.0,0,0,0,0,0,,
20250624_chem02_28C_T01_1808,20250624_chem02_28C_T01_1808_B12_e01,1,0,0.0,0,0,0,0,0,,
20250624_chem02_28C_T01_1808,20250624_chem02_28C_T01_1808_B12_e02,1,1,1.0,1,1,1,0,0,-0.7961748562308573,-0.7961748562308573
20250624_chem02_28C_T01_1808,20250624_chem02_28C_T01_1808_C01_e01,1,0,0.0,0,0,0,0,0,,
20250624_chem02_28C_T01_1808,20250624_chem02_28C_T01_1808_C02_e01,1,0,0.0,0,0,0,0,0,,
20250624_chem02_28C_T01_1808,20250624_chem02_28C_T01_1808_C03_e01,1,0,0.0,0,0,0,0,0,,
20250624_chem02_28C_T01_1808,20250624_chem02_28C_T01_1808_C04_e01,1,0,0.0,0,0,0,0,0,,
20250624_chem02_28C_T01_1808,20250624_chem02_28C_T01_1808_C05_e01,1,1,1.0,1,1,1,0,0,-0.18755373732956165,-0.18755373732956165
20250624_chem02_28C_T01_1808,20250624_chem02_28C_T01_1808_C06_e01,1,1,1.0,1,1,1,0,0,-0.1652356246191845,-0.1652356246191845
20250624_chem02_28C_T01_1808,20250624_chem02_28C_T01_1808_C07_e01,1,1,1.0,1,1,1,0,0,-0.2868418171906014,-0.2868418171906014
20250624_chem02_28C_T01_1808,20250624_chem02_28C_T01_1808_C08_e01,1,0,0.0,0,0,0,0,0,,
20250624_chem02_28C_T01_1808,20250624_chem02_28C_T01_1808_C10_e01,1,0,0.0,0,0,0,0,0,,
20250624_chem02_28C_T01_1808,20250624_chem02_28C_T01_1808_C11_e01,1,0,0.0,0,0,0,0,0,,
20250624_chem02_28C_T01_1808,20250624_chem02_28C_T01_1808_C12_e01,1,0,0.0,0,0,0,0,0,,
20250624_chem02_28C_T01_1808,20250624_chem02_28C_T01_1808_D01_e01,1,0,0.0,0,0,0,0,0,,
20250624_chem02_28C_T01_1808,20250624_chem02_28C_T01_1808_D02_e01,1,0,0.0,0,0,0,0,0,,
20250624_chem02_28C_T01_1808,20250624_chem02_28C_T01_1808_D04_e01,1,0,0.0,0,0,0,0,0,,
20250624_chem02_28C_T01_1808,20250624_chem02_28C_T01_1808_D05_e01,1,1,1.0,1,1,1,0,0,-0.17548958588733884,-0.17548958588733884
20250624_chem02_28C_T01_1808,20250624_chem02_28C_T01_1808_D06_e01,1,1,1.0,1,1,1,0,0,-0.2327290475983927,-0.2327290475983927
20250624_chem02_28C_T01_1808,20250624_chem02_28C_T01_1808_D07_e01,1,1,1.0,1,1,1,0,0,-0.21239136238252904,-0.21239136238252904
20250624_chem02_28C_T01_1808,20250624_chem02_28C_T01_1808_D08_e01,1,1,1.0,1,1,1,0,0,-0.10111857516214093,-0.10111857516214093
20250624_chem02_28C_T01_1808,20250624_chem02_28C_T01_1808_D10_e01,1,0,0.0,0,0,0,0,0,,
20250624_chem02_28C_T01_1808,20250624_chem02_28C_T01_1808_D11_e01,1,0,0.0,0,0,0,0,0,,
20250624_chem02_28C_T01_1808,20250624_chem02_28C_T01_1808_D12_e01,1,0,0.0,0,0,0,0,0,,
20250624_chem02_28C_T01_1808,20250624_chem02_28C_T01_1808_E01_e01,1,0,0.0,0,0,0,0,0,,
20250624_chem02_28C_T01_1808,20250624_chem02_28C_T01_1808_E01_e02,1,1,1.0,1,1,1,0,0,-0.7779935104073006,-0.7779935104073006
20250624_chem02_28C_T01_1808,20250624_chem02_28C_T01_1808_E02_e01,1,0,0.0,0,0,0,0,0,,
20250624_chem02_28C_T01_1808,20250624_chem02_28C_T01_1808_E02_e02,1,0,0.0,0,0,0,0,0,,
20250624_chem02_28C_T01_1808,20250624_chem02_28C_T01_1808_E04_e01,1,0,0.0,0,0,0,0,0,,
20250624_chem02_28C_T01_1808,20250624_chem02_28C_T01_1808_E05_e01,1,1,1.0,1,1,1,0,0,-0.07697892312299921,-0.07697892312299921
20250624_chem02_28C_T01_1808,20250624_chem02_28C_T01_1808_E06_e01,1,1,1.0,1,1,1,0,0,-0.07968569651807916,-0.07968569651807916
20250624_chem02_28C_T01_1808,20250624_chem02_28C_T01_1808_E07_e01,1,1,1.0,1,1,1,0,0,-0.2678490068062555,-0.2678490068062555
20250624_chem02_28C_T01_1808,20250624_chem02_28C_T01_1808_E08_e01,1,1,1.0,1,1,1,0,0,-0.08426508043805751,-0.08426508043805751
20250624_chem02_28C_T01_1808,20250624_chem02_28C_T01_1808_E08_e02,1,1,1.0,1,1,1,0,0,-0.8208933151595129,-0.8208933151595129
20250624_chem02_28C_T01_1808,20250624_chem02_28C_T01_1808_E10_e01,1,1,1.0,1,1,1,0,0,-0.04271582509471104,-0.04271582509471104
20250624_chem02_28C_T01_1808,20250624_chem02_28C_T01_1808_E10_e02,1,1,1.0,1,1,1,0,0,-0.7511697832824713,-0.7511697832824713
20250624_chem02_28C_T01_1808,20250624_chem02_28C_T01_1808_E10_e03,1,1,1.0,1,1,1,0,0,-0.6680258759769929,-0.6680258759769929
20250624_chem02_28C_T01_1808,20250624_chem02_28C_T01_1808_E11_e01,1,0,0.0,0,0,0,0,0,,
20250624_chem02_28C_T01_1808,20250624_chem02_28C_T01_1808_E12_e01,1,0,0.0,0,0,0,0,0,,
20250624_chem02_28C_T01_1808,20250624_chem02_28C_T01_1808_F01_e01,1,0,0.0,0,0,0,0,0,,
20250624_chem02_28C_T01_1808,20250624_chem02_28C_T01_1808_F02_e01,1,0,0.0,0,0,0,0,0,,
20250624_chem02_28C_T01_1808,20250624_chem02_28C_T01_1808_F04_e01,1,0,0.0,0,0,0,0,0,,
20250624_chem02_28C_T01_1808,20250624_chem02_28C_T01_1808_F05_e01,1,1,1.0,1,1,1,0,0,-0.13746424307720978,-0.13746424307720978
20250624_chem02_28C_T01_1808,20250624_chem02_28C_T01_1808_F06_e01,1,0,0.0,0,0,0,0,0,,
20250624_chem02_28C_T01_1808,20250624_chem02_28C_T01_1808_F07_e01,1,1,1.0,1,1,1,0,0,-0.2420807510681872,-0.2420807510681872
20250624_chem02_28C_T01_1808,20250624_chem02_28C_T01_1808_F07_e02,1,1,1.0,1,1,1,0,0,-0.7700831495839427,-0.7700831495839427
20250624_chem02_28C_T01_1808,20250624_chem02_28C_T01_1808_F08_e01,1,1,1.0,1,1,1,0,0,-0.009542245917272535,-0.009542245917272535
20250624_chem02_28C_T01_1808,20250624_chem02_28C_T01_1808_F10_e01,1,1,1.0,1,1,1,0,0,-0.39013047408210544,-0.39013047408210544
20250624_chem02_28C_T01_1808,20250624_chem02_28C_T01_1808_F10_e02,1,0,0.0,0,0,0,0,0,,
20250624_chem02_28C_T01_1808,20250624_chem02_28C_T01_1808_F11_e01,1,0,0.0,0,0,0,0,0,,
20250624_chem02_28C_T01_1808,20250624_chem02_28C_T01_1808_F11_e02,1,1,1.0,1,1,1,0,0,-0.7147843933259653,-0.7147843933259653
20250624_chem02_28C_T01_1808,20250624_chem02_28C_T01_1808_F12_e01,1,0,0.0,0,0,0,0,0,,
20250624_chem02_28C_T01_1808,20250624_chem02_28C_T01_1808_G01_e01,1,0,0.0,0,0,0,0,0,,
20250624_chem02_28C_T01_1808,20250624_chem02_28C_T01_1808_G02_e01,1,0,0.0,0,0,0,0,0,,
20250624_chem02_28C_T01_1808,20250624_chem02_28C_T01_1808_G04_e01,1,0,0.0,0,0,0,0,0,,
20250624_chem02_28C_T01_1808,20250624_chem02_28C_T01_1808_G04_e02,1,1,1.0,1,1,1,0,0,-0.7518791054509935,-0.7518791054509935
20250624_chem02_28C_T01_1808,20250624_chem02_28C_T01_1808_G05_e01,1,1,1.0,1,1,1,0,0,-0.09236837689125317,-0.09236837689125317
20250624_chem02_28C_T01_1808,20250624_chem02_28C_T01_1808_G07_e01,1,1,1.0,1,1,1,0,0,-0.16818073026288782,-0.16818073026288782
20250624_chem02_28C_T01_1808,20250624_chem02_28C_T01_1808_G08_e01,1,1,1.0,1,1,1,0,0,-0.1393652264888489,-0.1393652264888489
20250624_chem02_28C_T01_1808,20250624_chem02_28C_T01_1808_G10_e01,1,0,0.0,0,0,0,0,0,,
20250624_chem02_28C_T01_1808,20250624_chem02_28C_T01_1808_G11_e01,1,0,0.0,0,0,0,0,0,,
20250624_chem02_28C_T01_1808,20250624_chem02_28C_T01_1808_G12_e01,1,0,0.0,0,0,0,0,0,,
20250624_chem02_28C_T01_1808,20250624_chem02_28C_T01_1808_G12_e02,1,1,1.0,1,1,1,0,0,-0.6704489205046642,-0.6704489205046642
20250624_chem02_28C_T01_1808,20250624_chem02_28C_T01_1808_H01_e01,1,0,0.0,0,0,0,0,0,,
20250624_chem02_28C_T01_1808,20250624_chem02_28C_T01_1808_H02_e01,1,0,0.0,0,0,0,0,0,,
20250624_chem02_28C_T01_1808,20250624_chem02_28C_T01_1808_H04_e01,1,0,0.0,0,0,0,0,0,,
20250624_chem02_28C_T01_1808,20250624_chem02_28C_T01_1808_H04_e02,1,1,1.0,1,1,1,0,0,-0.6533343952225646,-0.6533343952225646
20250624_chem02_28C_T01_1808,20250624_chem02_28C_T01_1808_H05_e01,1,1,1.0,1,1,1,0,0,-0.04502537807541874,-0.04502537807541874
20250624_chem02_28C_T01_1808,20250624_chem02_28C_T01_1808_H06_e01,1,1,1.0,1,1,1,0,0,-0.09498435704876235,-0.09498435704876235
20250624_chem02_28C_T01_1808,20250624_chem02_28C_T01_1808_H07_e01,1,1,1.0,1,1,1,0,0,-0.16847580828499306,-0.16847580828499306
20250624_chem02_28C_T01_1808,20250624_chem02_28C_T01_1808_H08_e01,1,1,1.0,1,1,1,0,0,-0.03027715154750864,-0.03027715154750864
20250624_chem02_28C_T01_1808,20250624_chem02_28C_T01_1808_H10_e01,1,0,0.0,0,0,0,0,0,,
20250624_chem02_28C_T01_1808,20250624_chem02_28C_T01_1808_H11_e01,1,0,0.0,0,0,0,0,0,,
20250624_chem02_28C_T01_1808,20250624_chem02_28C_T01_1808_H12_e01,1,0,0.0,0,0,0,0,0,,
20250624_chem02_34C_T00_1243,20250624_chem02_34C_T00_1243_A01_e01,1,0,0.0,0,0,0,0,0,,
20250624_chem02_34C_T00_1243,20250624_chem02_34C_T00_1243_A02_e01,1,0,0.0,0,0,0,0,0,,
20250624_chem02_34C_T00_1243,20250624_chem02_34C_T00_1243_A03_e01,1,0,0.0,0,0,0,0,0,,
20250624_chem02_34C_T00_1243,20250624_chem02_34C_T00_1243_A03_e02,1,0,0.0,0,0,0,0,0,,
20250624_chem02_34C_T00_1243,20250624_chem02_34C_T00_1243_A03_e03,1,1,1.0,1,1,1,0,0,-0.6259832156459403,-0.6259832156459403
20250624_chem02_34C_T00_1243,20250624_chem02_34C_T00_1243_A04_e01,1,0,0.0,0,0,0,0,0,,
20250624_chem02_34C_T00_1243,20250624_chem02_34C_T00_1243_A05_e01,1,0,0.0,0,0,0,0,0,,
20250624_chem02_34C_T00_1243,20250624_chem02_34C_T00_1243_A06_e01,1,0,0.0,0,0,0,0,0,,
20250624_chem02_34C_T00_1243,20250624_chem02_34C_T00_1243_A07_e01,1,1,1.0,1,1,1,0,0,-0.07660965233460328,-0.07660965233460328
20250624_chem02_34C_T00_1243,20250624_chem02_34C_T00_1243_A08_e01,1,0,0.0,0,0,0,0,0,,
20250624_chem02_34C_T00_1243,20250624_chem02_34C_T00_1243_A10_e01,1,0,0.0,0,0,0,0,0,,
20250624_chem02_34C_T00_1243,20250624_chem02_34C_T00_1243_A11_e01,1,1,1.0,1,1,1,0,0,-0.012385156707794418,-0.012385156707794418
20250624_chem02_34C_T00_1243,20250624_chem02_34C_T00_1243_A12_e01,1,0,0.0,0,0,0,0,0,,
20250624_chem02_34C_T00_1243,20250624_chem02_34C_T00_1243_B01_e01,1,0,0.0,0,0,0,0,0,,
20250624_chem02_34C_T00_1243,20250624_chem02_34C_T00_1243_B02_e01,1,0,0.0,0,0,0,0,0,,
20250624_chem02_34C_T00_1243,20250624_chem02_34C_T00_1243_B03_e01,1,0,0.0,0,0,0,0,0,,
20250624_chem02_34C_T00_1243,20250624_chem02_34C_T00_1243_B04_e01,1,0,0.0,0,0,0,0,0,,
20250624_chem02_34C_T00_1243,20250624_chem02_34C_T00_1243_B05_e01,1,0,0.0,0,0,0,0,0,,
20250624_chem02_34C_T00_1243,20250624_chem02_34C_T00_1243_B07_e01,1,1,1.0,1,1,1,0,0,-0.1182139471244442,-0.1182139471244442
20250624_chem02_34C_T00_1243,20250624_chem02_34C_T00_1243_B08_e01,1,0,0.0,0,0,0,0,0,,
20250624_chem02_34C_T00_1243,20250624_chem02_34C_T00_1243_B10_e01,1,0,0.0,0,0,0,0,0,,
20250624_chem02_34C_T00_1243,20250624_chem02_34C_T00_1243_B11_e01,1,0,0.0,0,0,0,0,0,,
20250624_chem02_34C_T00_1243,20250624_chem02_34C_T00_1243_B12_e01,1,0,0.0,0,0,0,0,0,,
20250624_chem02_34C_T00_1243,20250624_chem02_34C_T00_1243_C01_e01,1,0,0.0,0,0,0,0,0,,
20250624_chem02_34C_T00_1243,20250624_chem02_34C_T00_1243_C02_e01,1,0,0.0,0,0,0,0,0,,
20250624_chem02_34C_T00_1243,20250624_chem02_34C_T00_1243_C03_e01,1,0,0.0,0,0,0,0,0,,
20250624_chem02_34C_T00_1243,20250624_chem02_34C_T00_1243_C04_e01,1,1,1.0,1,1,1,0,0,-0.12442144451220893,-0.12442144451220893
20250624_chem02_34C_T00_1243,20250624_chem02_34C_T00_1243_C04_e02,1,1,1.0,1,1,1,0,0,-0.5312435467763654,-0.5312435467763654
20250624_chem02_34C_T00_1243,20250624_chem02_34C_T00_1243_C05_e01,1,1,1.0,1,1,1,0,0,-0.1255598205164377,-0.1255598205164377
20250624_chem02_34C_T00_1243,20250624_chem02_34C_T00_1243_C07_e01,1,1,1.0,1,1,1,0,0,-0.061998261503856095,-0.061998261503856095
20250624_chem02_34C_T00_1243,20250624_chem02_34C_T00_1243_C08_e01,1,0,0.0,0,0,0,0,0,,
20250624_chem02_34C_T00_1243,20250624_chem02_34C_T00_1243_C10_e01,1,0,0.0,0,0,0,0,0,,
20250624_chem02_34C_T00_1243,20250624_chem02_34C_T00_1243_C11_e01,1,0,0.0,0,0,0,0,0,,
20250624_chem02_34C_T00_1243,20250624_chem02_34C_T00_1243_C12_e01,1,0,0.0,0,0,0,0,0,,
20250624_chem02_34C_T00_1243,20250624_chem02_34C_T00_1243_D01_e01,1,0,0.0,0,0,0,0,0,,
20250624_chem02_34C_T00_1243,20250624_chem02_34C_T00_1243_D01_e02,1,1,1.0,1,1,1,0,0,-0.16672215756346034,-0.16672215756346034
20250624_chem02_34C_T00_1243,20250624_chem02_34C_T00_1243_D02_e01,1,0,0.0,0,0,0,0,0,,
20250624_chem02_34C_T00_1243,20250624_chem02_34C_T00_1243_D05_e01,1,1,1.0,1,1,1,0,0,-0.03777763793153114,-0.03777763793153114
20250624_chem02_34C_T00_1243,20250624_chem02_34C_T00_1243_D07_e01,1,1,1.0,1,1,1,0,0,-0.09173666053197181,-0.09173666053197181
20250624_chem02_34C_T00_1243,20250624_chem02_34C_T00_1243_D08_e01,1,0,0.0,0,0,0,0,0,,
20250624_chem02_34C_T00_1243,20250624_chem02_34C_T00_1243_D10_e01,1,0,0.0,0,0,0,0,0,,
20250624_chem02_34C_T00_1243,20250624_chem02_34C_T00_1243_D11_e01,1,0,0.0,0,0,0,0,0,,
20250624_chem02_34C_T00_1243,20250624_chem02_34C_T00_1243_D12_e01,1,0,0.0,0,0,0,0,0,,
20250624_chem02_34C_T00_1243,20250624_chem02_34C_T00_1243_E01_e01,1,0,0.0,0,0,0,0,0,,
20250624_chem02_34C_T00_1243,20250624_chem02_34C_T00_1243_E01_e02,1,1,1.0,1,1,1,0,0,-0.4362159357410149,-0.4362159357410149
20250624_chem02_34C_T00_1243,20250624_chem02_34C_T00_1243_E02_e01,1,0,0.0,0,0,0,0,0,,
20250624_chem02_34C_T00_1243,20250624_chem02_34C_T00_1243_E05_e01,1,0,0.0,0,0,0,0,0,,
20250624_chem02_34C_T00_1243,20250624_chem02_34C_T00_1243_E07_e01,1,1,1.0,1,1,1,0,0,-0.011708827434693694,-0.011708827434693694
20250624_chem02_34C_T00_1243,20250624_chem02_34C_T00_1243_E08_e01,1,1,1.0,1,1,1,0,0,-0.021103777634298895,-0.021103777634298895
20250624_chem02_34C_T00_1243,20250624_chem02_34C_T00_1243_E10_e01,1,0,0.0,0,0,0,0,0,,
20250624_chem02_34C_T00_1243,20250624_chem02_34C_T00_1243_E11_e01,1,0,0.0,0,0,0,0,0,,
20250624_chem02_34C_T00_1243,20250624_chem02_34C_T00_1243_E12_e01,1,0,0.0,0,0,0,0,0,,
20250624_chem02_34C_T00_1243,20250624_chem02_34C_T00_1243_F01_e01,1,0,0.0,0,0,0,0,0,,
20250624_chem02_34C_T00_1243,20250624_chem02_34C_T00_1243_F02_e01,1,0,0.0,0,0,0,0,0,,
20250624_chem02_34C_T00_1243,20250624_chem02_34C_T00_1243_F06_e01,1,0,0.0,0,0,0,0,0,,
20250624_chem02_34C_T00_1243,20250624_chem02_34C_T00_1243_F07_e01,1,1,1.0,1,1,1,0,0,-0.07729267793714052,-0.07729267793714052
20250624_chem02_34C_T00_1243,20250624_chem02_34C_T00_1243_F08_e01,1,0,0.0,0,0,0,0,0,,
20250624_chem02_34C_T00_1243,20250624_chem02_34C_T00_1243_F10_e01,1,0,0.0,0,0,0,0,0,,
20250624_chem02_34C_T00_1243,20250624_chem02_34C_T00_1243_F11_e01,1,0,0.0,0,0,0,0,0,,
20250624_chem02_34C_T00_1243,20250624_chem02_34C_T00_1243_F12_e01,1,0,0.0,0,0,0,0,0,,
20250624_chem02_34C_T00_1243,20250624_chem02_34C_T00_1243_G01_e01,1,0,0.0,0,0,0,0,0,,
20250624_chem02_34C_T00_1243,20250624_chem02_34C_T00_1243_G02_e01,1,0,0.0,0,0,0,0,0,,
20250624_chem02_34C_T00_1243,20250624_chem02_34C_T00_1243_G05_e01,1,0,0.0,0,0,0,0,0,,
20250624_chem02_34C_T00_1243,20250624_chem02_34C_T00_1243_G06_e01,1,1,1.0,1,1,1,0,0,-0.9721432695435799,-0.9721432695435799
20250624_chem02_34C_T00_1243,20250624_chem02_34C_T00_1243_G07_e01,1,1,1.0,1,1,1,0,0,-0.11074084347315456,-0.11074084347315456
20250624_chem02_34C_T00_1243,20250624_chem02_34C_T00_1243_G08_e01,1,0,0.0,0,0,0,0,0,,
20250624_chem02_34C_T00_1243,20250624_chem02_34C_T00_1243_G10_e01,1,0,0.0,0,0,0,0,0,,
20250624_chem02_34C_T00_1243,20250624_chem02_34C_T00_1243_G11_e01,1,0,0.0,0,0,0,0,0,,
20250624_chem02_34C_T00_1243,20250624_chem02_34C_T00_1243_G12_e01,1,0,0.0,0,0,0,0,0,,
20250624_chem02_34C_T00_1243,20250624_chem02_34C_T00_1243_H01_e01,1,0,0.0,0,0,0,0,0,,
20250624_chem02_34C_T00_1243,20250624_chem02_34C_T00_1243_H02_e01,1,0,0.0,0,0,0,0,0,,
20250624_chem02_34C_T00_1243,20250624_chem02_34C_T00_1243_H05_e01,1,1,1.0,1,1,1,0,0,-0.025623800004030507,-0.025623800004030507
20250624_chem02_34C_T00_1243,20250624_chem02_34C_T00_1243_H07_e01,1,1,1.0,1,1,1,0,0,-0.07531726075333188,-0.07531726075333188
20250624_chem02_34C_T00_1243,20250624_chem02_34C_T00_1243_H08_e01,1,0,0.0,0,0,0,0,0,,
20250624_chem02_34C_T00_1243,20250624_chem02_34C_T00_1243_H09_e02,1,1,1.0,1,1,1,0,0,-0.7197653094060757,-0.7197653094060757
20250624_chem02_34C_T00_1243,20250624_chem02_34C_T00_1243_H10_e01,1,0,0.0,0,0,0,0,0,,
20250624_chem02_34C_T00_1243,20250624_chem02_34C_T00_1243_H11_e01,1,0,0.0,0,0,0,0,0,,
20250624_chem02_34C_T00_1243,20250624_chem02_34C_T00_1243_H12_e01,1,0,0.0,0,0,0,0,0,,
20250624_chem02_34C_T01_1739,20250624_chem02_34C_T01_1739_A01_e01,1,0,0.0,0,0,0,0,0,,
20250624_chem02_34C_T01_1739,20250624_chem02_34C_T01_1739_A02_e01,1,0,0.0,0,0,0,0,0,,
20250624_chem02_34C_T01_1739,20250624_chem02_34C_T01_1739_A03_e01,1,1,1.0,1,1,1,0,0,-0.14929935282747564,-0.14929935282747564
20250624_chem02_34C_T01_1739,20250624_chem02_34C_T01_1739_A04_e01,1,1,1.0,1,1,1,0,0,-0.026923653522623145,-0.026923653522623145
20250624_chem02_34C_T01_1739,20250624_chem02_34C_T01_1739_A05_e01,1,1,1.0,1,1,1,0,0,-0.0744239475361928,-0.0744239475361928
20250624_chem02_34C_T01_1739,20250624_chem02_34C_T01_1739_A06_e02,1,0,0.0,0,0,0,0,0,,
20250624_chem02_34C_T01_1739,20250624_chem02_34C_T01_1739_A07_e01,1,1,1.0,1,1,1,0,0,-0.1947163975572951,-0.1947163975572951
20250624_chem02_34C_T01_1739,20250624_chem02_34C_T01_1739_A08_e01,1,0,0.0,0,0,0,0,0,,
20250624_chem02_34C_T01_1739,20250624_chem02_34C_T01_1739_A10_e01,1,0,0.0,0,0,0,0,0,,
20250624_chem02_34C_T01_1739,20250624_chem02_34C_T01_1739_A11_e01,1,1,1.0,1,1,1,0,0,-0.10492669566961581,-0.10492669566961581
20250624_chem02_34C_T01_1739,20250624_chem02_34C_T01_1739_A12_e01,1,0,0.0,0,0,0,0,0,,
20250624_chem02_34C_T01_1739,20250624_chem02_34C_T01_1739_B01_e01,1,0,0.0,0,0,0,0,0,,
20250624_chem02_34C_T01_1739,20250624_chem02_34C_T01_1739_B02_e01,1,0,0.0,0,0,0,0,0,,
20250624_chem02_34C_T01_1739,20250624_chem02_34C_T01_1739_B03_e01,1,0,0.0,0,0,0,0,0,,
20250624_chem02_34C_T01_1739,20250624_chem02_34C_T01_1739_B04_e01,1,0,0.0,0,0,0,0,0,,
20250624_chem02_34C_T01_1739,20250624_chem02_34C_T01_1739_B05_e01,1,1,1.0,1,1,1,0,0,-0.10678891054660183,-0.10678891054660183
20250624_chem02_34C_T01_1739,20250624_chem02_34C_T01_1739_B07_e01,1,1,1.0,1,1,1,0,0,-0.2490466547398702,-0.2490466547398702
20250624_chem02_34C_T01_1739,20250624_chem02_34C_T01_1739_B08_e01,1,1,1.0,1,1,1,0,0,-0.03274791014085281,-0.03274791014085281
20250624_chem02_34C_T01_1739,20250624_chem02_34C_T01_1739_B10_e01,1,0,0.0,0,0,0,0,0,,
20250624_chem02_34C_T01_1739,20250624_chem02_34C_T01_1739_B11_e01,1,0,0.0,0,0,0,0,0,,
20250624_chem02_34C_T01_1739,20250624_chem02_34C_T01_1739_B12_e01,1,0,0.0,0,0,0,0,0,,
20250624_chem02_34C_T01_1739,20250624_chem02_34C_T01_1739_C01_e01,1,0,0.0,0,0,0,0,0,,
20250624_chem02_34C_T01_1739,20250624_chem02_34C_T01_1739_C02_e01,1,0,0.0,0,0,0,0,0,,
20250624_chem02_34C_T01_1739,20250624_chem02_34C_T01_1739_C03_e01,1,0,0.0,0,0,0,0,0,,
20250624_chem02_34C_T01_1739,20250624_chem02_34C_T01_1739_C04_e01,1,1,1.0,1,1,1,0,0,-0.5079111002214522,-0.5079111002214522
20250624_chem02_34C_T01_1739,20250624_chem02_34C_T01_1739_C05_e01,1,1,1.0,1,1,1,0,0,-0.3360457972421549,-0.3360457972421549
20250624_chem02_34C_T01_1739,20250624_chem02_34C_T01_1739_C05_e02,1,0,0.0,0,0,0,0,0,,
20250624_chem02_34C_T01_1739,20250624_chem02_34C_T01_1739_C07_e01,1,1,1.0,1,1,1,0,0,-0.18102884191843843,-0.18102884191843843
20250624_chem02_34C_T01_1739,20250624_chem02_34C_T01_1739_C08_e01,1,1,1.0,1,1,1,0,0,-0.08590115910741007,-0.08590115910741007
20250624_chem02_34C_T01_1739,20250624_chem02_34C_T01_1739_C09_e02,1,1,1.0,1,1,1,0,0,-0.995170398212208,-0.995170398212208
20250624_chem02_34C_T01_1739,20250624_chem02_34C_T01_1739_C10_e01,1,0,0.0,0,0,0,0,0,,
20250624_chem02_34C_T01_1739,20250624_chem02_34C_T01_1739_C11_e01,1,0,0.0,0,0,0,0,0,,
20250624_chem02_34C_T01_1739,20250624_chem02_34C_T01_1739_C12_e01,1,0,0.0,0,0,0,0,0,,
20250624_chem02_34C_T01_1739,20250624_chem02_34C_T01_1739_D01_e01,1,0,0.0,0,0,0,0,0,,
20250624_chem02_34C_T01_1739,20250624_chem02_34C_T01_1739_D02_e01,1,0,0.0,0,0,0,0,0,,
20250624_chem02_34C_T01_1739,20250624_chem02_34C_T01_1739_D05_e01,1,1,1.0,1,1,1,0,0,-0.20761375519197073,-0.20761375519197073
20250624_chem02_34C_T01_1739,20250624_chem02_34C_T01_1739_D07_e01,1,1,1.0,1,1,1,0,0,-0.20504975607350903,-0.20504975607350903
20250624_chem02_34C_T01_1739,20250624_chem02_34C_T01_1739_D08_e01,1,0,0.0,0,0,0,0,0,,
20250624_chem02_34C_T01_1739,20250624_chem02_34C_T01_1739_D10_e01,1,1,1.0,1,1,1,0,0,-0.3392121151190483,-0.3392121151190483
20250624_chem02_34C_T01_1739,20250624_chem02_34C_T01_1739_D11_e01,1,0,0.0,0,0,0,0,0,,
20250624_chem02_34C_T01_1739,20250624_chem02_34C_T01_1739_D12_e01,1,0,0.0,0,0,0,0,0,,
20250624_chem02_34C_T01_1739,20250624_chem02_34C_T01_1739_E01_e01,1,0,0.0,0,0,0,0,0,,
20250624_chem02_34C_T01_1739,20250624_chem02_34C_T01_1739_E02_e01,1,0,0.0,0,0,0,0,0,,
20250624_chem02_34C_T01_1739,20250624_chem02_34C_T01_1739_E05_e01,1,1,1.0,1,1,1,0,0,-0.009152487218802878,-0.009152487218802878
20250624_chem02_34C_T01_1739,20250624_chem02_34C_T01_1739_E07_e01,1,1,1.0,1,1,1,0,0,-0.14621592285311882,-0.14621592285311882
20250624_chem02_34C_T01_1739,20250624_chem02_34C_T01_1739_E08_e01,1,1,1.0,1,1,1,0,0,-0.11669677782979536,-0.11669677782979536
20250624_chem02_34C_T01_1739,20250624_chem02_34C_T01_1739_E10_e01,1,0,0.0,0,0,0,0,0,,
20250624_chem02_34C_T01_1739,20250624_chem02_34C_T01_1739_E11_e01,1,0,0.0,0,0,0,0,0,,
20250624_chem02_34C_T01_1739,20250624_chem02_34C_T01_1739_E12_e01,1,0,0.0,0,0,0,0,0,,
20250624_chem02_34C_T01_1739,20250624_chem02_34C_T01_1739_F01_e01,1,0,0.0,0,0,0,0,0,,
20250624_chem02_34C_T01_1739,20250624_chem02_34C_T01_1739_F02_e01,1,0,0.0,0,0,0,0,0,,
20250624_chem02_34C_T01_1739,20250624_chem02_34C_T01_1739_F06_e01,1,1,1.0,1,1,1,0,0,-0.02622186928114772,-0.02622186928114772
20250624_chem02_34C_T01_1739,20250624_chem02_34C_T01_1739_F07_e01,1,1,1.0,1,1,1,0,0,-0.19556185416316726,-0.19556185416316726
20250624_chem02_34C_T01_1739,20250624_chem02_34C_T01_1739_F08_e01,1,1,1.0,1,1,1,0,0,-0.10373310987309053,-0.10373310987309053
20250624_chem02_34C_T01_1739,20250624_chem02_34C_T01_1739_F10_e01,1,0,0.0,0,0,0,0,0,,
20250624_chem02_34C_T01_1739,20250624_chem02_34C_T01_1739_F11_e01,1,0,0.0,0,0,0,0,0,,
20250624_chem02_34C_T01_1739,20250624_chem02_34C_T01_1739_F11_e02,1,1,1.0,1,1,1,0,0,-0.7857016167821963,-0.7857016167821963
20250624_chem02_34C_T01_1739,20250624_chem02_34C_T01_1739_F12_e01,1,0,0.0,0,0,0,0,0,,
20250624_chem02_34C_T01_1739,20250624_chem02_34C_T01_1739_G01_e01,1,0,0.0,0,0,0,0,0,,
20250624_chem02_34C_T01_1739,20250624_chem02_34C_T01_1739_G02_e01,1,0,0.0,0,0,0,0,0,,
20250624_chem02_34C_T01_1739,20250624_chem02_34C_T01_1739_G05_e01,1,1,1.0,1,1,1,0,0,-0.07340718926507858,-0.07340718926507858
20250624_chem02_34C_T01_1739,20250624_chem02_34C_T01_1739_G06_e01,1,1,1.0,1,1,1,0,0,-0.9758188359000255,-0.9758188359000255
20250624_chem02_34C_T01_1739,20250624_chem02_34C_T01_1739_G07_e01,1,1,1.0,1,1,1,0,0,-0.2763057229540325,-0.2763057229540325
20250624_chem02_34C_T01_1739,20250624_chem02_34C_T01_1739_G08_e01,1,0,0.0,0,0,0,0,0,,
20250624_chem02_34C_T01_1739,20250624_chem02_34C_T01_1739_G10_e01,1,1,1.0,1,1,1,0,0,-0.007610772231624475,-0.007610772231624475
20250624_chem02_34C_T01_1739,20250624_chem02_34C_T01_1739_G11_e01,1,0,0.0,0,0,0,0,0,,
20250624_chem02_34C_T01_1739,20250624_chem02_34C_T01_1739_G12_e01,1,0,0.0,0,0,0,0,0,,
20250624_chem02_34C_T01_1739,20250624_chem02_34C_T01_1739_H01_e01,1,0,0.0,0,0,0,0,0,,
20250624_chem02_34C_T01_1739,20250624_chem02_34C_T01_1739_H02_e01,1,0,0.0,0,0,0,0,0,,
20250624_chem02_34C_T01_1739,20250624_chem02_34C_T01_1739_H05_e01,1,1,1.0,1,1,1,0,0,-0.19662834517580313,-0.19662834517580313
20250624_chem02_34C_T01_1739,20250624_chem02_34C_T01_1739_H07_e01,1,1,1.0,1,1,1,0,0,-0.2161346315727204,-0.2161346315727204
20250624_chem02_34C_T01_1739,20250624_chem02_34C_T01_1739_H08_e01,1,1,1.0,1,1,1,0,0,-0.05500607490198108,-0.05500607490198108
20250624_chem02_34C_T01_1739,20250624_chem02_34C_T01_1739_H10_e01,1,0,0.0,0,0,0,0,0,,
20250624_chem02_34C_T01_1739,20250624_chem02_34C_T01_1739_H11_e01,1,0,0.0,0,0,0,0,0,,
20250624_chem02_34C_T01_1739,20250624_chem02_34C_T01_1739_H12_e01,1,0,0.0,0,0,0,0,0,,
20250624_chem02_35C_T00_1216,20250624_chem02_35C_T00_1216_A01_e01,1,0,0.0,0,0,0,0,0,,
20250624_chem02_35C_T00_1216,20250624_chem02_35C_T00_1216_A02_e01,1,0,0.0,0,0,0,0,0,,
20250624_chem02_35C_T00_1216,20250624_chem02_35C_T00_1216_A03_e01,1,0,0.0,0,0,0,0,0,,
20250624_chem02_35C_T00_1216,20250624_chem02_35C_T00_1216_A05_e01,1,0,0.0,0,0,0,0,0,,
20250624_chem02_35C_T00_1216,20250624_chem02_35C_T00_1216_A06_e02,1,0,0.0,0,0,0,0,0,,
20250624_chem02_35C_T00_1216,20250624_chem02_35C_T00_1216_A07_e01,1,1,1.0,1,1,1,0,0,-0.08196671588391488,-0.08196671588391488
20250624_chem02_35C_T00_1216,20250624_chem02_35C_T00_1216_A07_e02,1,1,1.0,1,1,1,0,0,-0.8153554121141038,-0.8153554121141038
20250624_chem02_35C_T00_1216,20250624_chem02_35C_T00_1216_A08_e01,1,1,1.0,1,1,1,0,0,-0.025998794452482345,-0.025998794452482345
20250624_chem02_35C_T00_1216,20250624_chem02_35C_T00_1216_A10_e01,1,0,0.0,0,0,0,0,0,,
20250624_chem02_35C_T00_1216,20250624_chem02_35C_T00_1216_A10_e02,1,1,1.0,1,1,1,0,0,-0.7355217725704883,-0.7355217725704883
20250624_chem02_35C_T00_1216,20250624_chem02_35C_T00_1216_A11_e01,1,0,0.0,0,0,0,0,0,,
20250624_chem02_35C_T00_1216,20250624_chem02_35C_T00_1216_A12_e01,1,0,0.0,0,0,0,0,0,,
20250624_chem02_35C_T00_1216,20250624_chem02_35C_T00_1216_B01_e01,1,0,0.0,0,0,0,0,0,,
20250624_chem02_35C_T00_1216,20250624_chem02_35C_T00_1216_B02_e01,1,0,0.0,0,0,0,0,0,,
20250624_chem02_35C_T00_1216,20250624_chem02_35C_T00_1216_B03_e01,1,0,0.0,0,0,0,0,0,,
20250624_chem02_35C_T00_1216,20250624_chem02_35C_T00_1216_B05_e01,1,0,0.0,0,0,0,0,0,,
20250624_chem02_35C_T00_1216,20250624_chem02_35C_T00_1216_B06_e02,1,1,1.0,1,1,1,0,0,-0.9721633585318898,-0.9721633585318898
20250624_chem02_35C_T00_1216,20250624_chem02_35C_T00_1216_B07_e01,1,1,1.0,1,1,1,0,0,-0.20310331539272244,-0.20310331539272244
20250624_chem02_35C_T00_1216,20250624_chem02_35C_T00_1216_B08_e01,1,0,0.0,0,0,0,0,0,,
20250624_chem02_35C_T00_1216,20250624_chem02_35C_T00_1216_B10_e01,1,1,1.0,1,1,1,0,0,-0.09292860717169367,-0.09292860717169367
20250624_chem02_35C_T00_1216,20250624_chem02_35C_T00_1216_B11_e01,1,0,0.0,0,0,0,0,0,,
20250624_chem02_35C_T00_1216,20250624_chem02_35C_T00_1216_B12_e01,1,0,0.0,0,0,0,0,0,,
20250624_chem02_35C_T00_1216,20250624_chem02_35C_T00_1216_C01_e01,1,0,0.0,0,0,0,0,0,,
20250624_chem02_35C_T00_1216,20250624_chem02_35C_T00_1216_C02_e01,1,0,0.0,0,0,0,0,0,,
20250624_chem02_35C_T00_1216,20250624_chem02_35C_T00_1216_C02_e02,1,0,0.0,0,0,0,0,0,,
20250624_chem02_35C_T00_1216,20250624_chem02_35C_T00_1216_C03_e01,1,0,0.0,0,0,0,0,0,,
20250624_chem02_35C_T00_1216,20250624_chem02_35C_T00_1216_C05_e01,1,0,0.0,0,0,0,0,0,,
20250624_chem02_35C_T00_1216,20250624_chem02_35C_T00_1216_C07_e01,1,1,1.0,1,1,1,0,0,-0.035299996039974614,-0.035299996039974614
20250624_chem02_35C_T00_1216,20250624_chem02_35C_T00_1216_C08_e01,1,0,0.0,0,0,0,0,0,,
20250624_chem02_35C_T00_1216,20250624_chem02_35C_T00_1216_C10_e01,1,0,0.0,0,0,0,0,0,,
20250624_chem02_35C_T00_1216,20250624_chem02_35C_T00_1216_C11_e01,1,0,0.0,0,0,0,0,0,,
20250624_chem02_35C_T00_1216,20250624_chem02_35C_T00_1216_C12_e01,1,0,0.0,0,0,0,0,0,,
20250624_chem02_35C_T00_1216,20250624_chem02_35C_T00_1216_D01_e01,1,0,0.0,0,0,0,0,0,,
20250624_chem02_35C_T00_1216,20250624_chem02_35C_T00_1216_D01_e02,1,1,1.0,1,1,1,0,0,-0.7453586805129117,-0.7453586805129117
20250624_chem02_35C_T00_1216,20250624_chem02_35C_T00_1216_D02_e01,1,0,0.0,0,0,0,0,0,,
20250624_chem02_35C_T00_1216,20250624_chem02_35C_T00_1216_D03_e01,1,0,0.0,0,0,0,0,0,,
20250624_chem02_35C_T00_1216,20250624_chem02_35C_T00_1216_D05_e01,1,0,0.0,0,0,0,0,0,,
20250624_chem02_35C_T00_1216,20250624_chem02_35C_T00_1216_D05_e02,1,0,0.0,0,0,0,0,0,,
20250624_chem02_35C_T00_1216,20250624_chem02_35C_T00_1216_D07_e01,1,1,1.0,1,1,1,0,0,-0.14596353630987804,-0.14596353630987804
20250624_chem02_35C_T00_1216,20250624_chem02_35C_T00_1216_D07_e02,1,1,1.0,1,1,1,0,0,-0.7875522522931769,-0.7875522522931769
20250624_chem02_35C_T00_1216,20250624_chem02_35C_T00_1216_D08_e01,1,0,0.0,0,0,0,0,0,,
20250624_chem02_35C_T00_1216,20250624_chem02_35C_T00_1216_D10_e01,1,0,0.0,0,0,0,0,0,,
20250624_chem02_35C_T00_1216,20250624_chem02_35C_T00_1216_D11_e01,1,0,0.0,0,0,0,0,0,,
20250624_chem02_35C_T00_1216,20250624_chem02_35C_T00_1216_D12_e01,1,0,0.0,0,0,0,0,0,,
20250624_chem02_35C_T00_1216,20250624_chem02_35C_T00_1216_E01_e01,1,0,0.0,0,0,0,0,0,,
20250624_chem02_35C_T00_1216,20250624_chem02_35C_T00_1216_E02_e01,1,0,0.0,0,0,0,0,0,,
20250624_chem02_35C_T00_1216,20250624_chem02_35C_T00_1216_E03_e01,1,0,0.0,0,0,0,0,0,,
20250624_chem02_35C_T00_1216,20250624_chem02_35C_T00_1216_E05_e01,1,1,1.0,1,1,1,0,0,-0.07755383478516945,-0.07755383478516945
20250624_chem02_35C_T00_1216,20250624_chem02_35C_T00_1216_E07_e01,1,1,1.0,1,1,1,0,0,-0.057109941015109265,-0.057109941015109265
20250624_chem02_35C_T00_1216,20250624_chem02_35C_T00_1216_E08_e01,1,1,1.0,1,1,1,0,0,-0.00047238664001284794,-0.00047238664001284794
20250624_chem02_35C_T00_1216,20250624_chem02_35C_T00_1216_E10_e01,1,0,0.0,0,0,0,0,0,,
20250624_chem02_35C_T00_1216,20250624_chem02_35C_T00_1216_E11_e01,1,0,0.0,0,0,0,0,0,,
20250624_chem02_35C_T00_1216,20250624_chem02_35C_T00_1216_E12_e01,1,0,0.0,0,0,0,0,0,,
20250624_chem02_35C_T00_1216,20250624_chem02_35C_T00_1216_F01_e01,1,0,0.0,0,0,0,0,0,,
20250624_chem02_35C_T00_1216,20250624_chem02_35C_T00_1216_F02_e01,1,0,0.0,0,0,0,0,0,,
20250624_chem02_35C_T00_1216,20250624_chem02_35C_T00_1216_F04_e02,1,1,1.0,1,1,1,0,0,-0.775458681330606,-0.775458681330606
20250624_chem02_35C_T00_1216,20250624_chem02_35C_T00_1216_F05_e01,1,0,0.0,0,0,0,0,0,,
20250624_chem02_35C_T00_1216,20250624_chem02_35C_T00_1216_F07_e01,1,1,1.0,1,1,1,0,0,-0.09034382400915085,-0.09034382400915085
20250624_chem02_35C_T00_1216,20250624_chem02_35C_T00_1216_F08_e01,1,1,1.0,1,1,1,0,0,-0.03705443435237406,-0.03705443435237406
20250624_chem02_35C_T00_1216,20250624_chem02_35C_T00_1216_F10_e01,1,0,0.0,0,0,0,0,0,,
20250624_chem02_35C_T00_1216,20250624_chem02_35C_T00_1216_F11_e01,1,0,0.0,0,0,0,0,0,,
20250624_chem02_35C_T00_1216,20250624_chem02_35C_T00_1216_F11_e02,1,1,1.0,1,1,1,0,0,-0.12856647243348882,-0.12856647243348882
20250624_chem02_35C_T00_1216,20250624_chem02_35C_T00_1216_F12_e01,1,1,1.0,1,1,1,0,0,-0.7561933415413943,-0.7561933415413943
20250624_chem02_35C_T00_1216,20250624_chem02_35C_T00_1216_F12_e02,1,1,1.0,1,1,1,0,0,-0.02887151978080069,-0.02887151978080069
20250624_chem02_35C_T00_1216,20250624_chem02_35C_T00_1216_F12_e03,1,1,1.0,1,1,1,0,0,-0.7878201054706424,-0.7878201054706424
20250624_chem02_35C_T00_1216,20250624_chem02_35C_T00_1216_G01_e01,1,0,0.0,0,0,0,0,0,,
20250624_chem02_35C_T00_1216,20250624_chem02_35C_T00_1216_G02_e01,1,0,0.0,0,0,0,0,0,,
20250624_chem02_35C_T00_1216,20250624_chem02_35C_T00_1216_G05_e01,1,0,0.0,0,0,0,0,0,,
20250624_chem02_35C_T00_1216,20250624_chem02_35C_T00_1216_G07_e01,1,1,1.0,1,1,1,0,0,-0.23185735399365215,-0.23185735399365215
20250624_chem02_35C_T00_1216,20250624_chem02_35C_T00_1216_G08_e01,1,0,0.0,0,0,0,0,0,,
20250624_chem02_35C_T00_1216,20250624_chem02_35C_T00_1216_G10_e01,1,1,1.0,1,1,1,0,0,-0.9202266274213143,-0.9202266274213143
20250624_chem02_35C_T00_1216,20250624_chem02_35C_T00_1216_G11_e01,1,0,0.0,0,0,0,0,0,,
20250624_chem02_35C_T00_1216,20250624_chem02_35C_T00_1216_G12_e01,1,0,0.0,0,0,0,0,0,,
20250624_chem02_35C_T00_1216,20250624_chem02_35C_T00_1216_H01_e01,1,0,0.0,0,0,0,0,0,,
20250624_chem02_35C_T00_1216,20250624_chem02_35C_T00_1216_H02_e01,1,0,0.0,0,0,0,0,0,,
20250624_chem02_35C_T00_1216,20250624_chem02_35C_T00_1216_H05_e01,1,1,1.0,1,1,1,0,0,-0.06370582551019907,-0.06370582551019907
20250624_chem02_35C_T00_1216,20250624_chem02_35C_T00_1216_H07_e01,1,1,1.0,1,1,1,0,0,-0.09079917441084227,-0.09079917441084227
20250624_chem02_35C_T00_1216,20250624_chem02_35C_T00_1216_H08_e01,1,0,0.0,0,0,0,0,0,,
20250624_chem02_35C_T00_1216,20250624_chem02_35C_T00_1216_H10_e01,1,0,0.0,0,0,0,0,0,,
20250624_chem02_35C_T00_1216,20250624_chem02_35C_T00_1216_H11_e01,1,0,0.0,0,0,0,0,0,,
20250624_chem02_35C_T00_1216,20250624_chem02_35C_T00_1216_H12_e01,1,0,0.0,0,0,0,0,0,,
20250624_chem02_35C_T01_1711,20250624_chem02_35C_T01_1711_A01_e01,1,0,0.0,0,0,0,0,0,,
20250624_chem02_35C_T01_1711,20250624_chem02_35C_T01_1711_A02_e01,1,0,0.0,0,0,0,0,0,,
20250624_chem02_35C_T01_1711,20250624_chem02_35C_T01_1711_A03_e01,1,0,0.0,0,0,0,0,0,,
20250624_chem02_35C_T01_1711,20250624_chem02_35C_T01_1711_A05_e01,1,1,1.0,1,1,1,0,0,-0.027144687929387238,-0.027144687929387238
20250624_chem02_35C_T01_1711,20250624_chem02_35C_T01_1711_A06_e02,1,0,0.0,0,0,0,0,0,,
20250624_chem02_35C_T01_1711,20250624_chem02_35C_T01_1711_A07_e01,1,1,1.0,1,1,1,0,0,-0.20022015428571707,-0.20022015428571707
20250624_chem02_35C_T01_1711,20250624_chem02_35C_T01_1711_A07_e02,1,1,1.0,1,1,1,0,0,-0.8465026562227856,-0.8465026562227856
20250624_chem02_35C_T01_1711,20250624_chem02_35C_T01_1711_A08_e01,1,1,1.0,1,1,1,0,0,-0.12662674855366504,-0.12662674855366504
20250624_chem02_35C_T01_1711,20250624_chem02_35C_T01_1711_A10_e01,1,0,0.0,0,0,0,0,0,,
20250624_chem02_35C_T01_1711,20250624_chem02_35C_T01_1711_A10_e02,1,1,1.0,1,1,1,0,0,-0.7106272805248259,-0.7106272805248259
20250624_chem02_35C_T01_1711,20250624_chem02_35C_T01_1711_A10_e03,1,1,1.0,1,1,1,0,0,-0.5639930550776315,-0.5639930550776315
20250624_chem02_35C_T01_1711,20250624_chem02_35C_T01_1711_A11_e01,1,0,0.0,0,0,0,0,0,,
20250624_chem02_35C_T01_1711,20250624_chem02_35C_T01_1711_A12_e01,1,1,1.0,1,1,1,0,0,-0.5943189756856435,-0.5943189756856435
20250624_chem02_35C_T01_1711,20250624_chem02_35C_T01_1711_A12_e02,1,1,1.0,1,1,1,0,0,-0.24706287093916388,-0.24706287093916388
20250624_chem02_35C_T01_1711,20250624_chem02_35C_T01_1711_B01_e01,1,0,0.0,0,0,0,0,0,,
20250624_chem02_35C_T01_1711,20250624_chem02_35C_T01_1711_B02_e01,1,0,0.0,0,0,0,0,0,,
20250624_chem02_35C_T01_1711,20250624_chem02_35C_T01_1711_B03_e01,1,0,0.0,0,0,0,0,0,,
20250624_chem02_35C_T01_1711,20250624_chem02_35C_T01_1711_B05_e01,1,1,1.0,1,1,1,0,0,-0.11185059846149606,-0.11185059846149606
20250624_chem02_35C_T01_1711,20250624_chem02_35C_T01_1711_B06_e01,1,1,1.0,1,1,1,0,0,-0.9766587666457285,-0.9766587666457285
20250624_chem02_35C_T01_1711,20250624_chem02_35C_T01_1711_B07_e01,1,1,1.0,1,1,1,0,0,-0.5363913835329852,-0.5363913835329852
20250624_chem02_35C_T01_1711,20250624_chem02_35C_T01_1711_B08_e01,1,1,1.0,1,1,1,0,0,-0.024978550743100594,-0.024978550743100594
20250624_chem02_35C_T01_1711,20250624_chem02_35C_T01_1711_B10_e01,1,0,0.0,0,0,0,0,0,,
20250624_chem02_35C_T01_1711,20250624_chem02_35C_T01_1711_B11_e01,1,0,0.0,0,0,0,0,0,,
20250624_chem02_35C_T01_1711,20250624_chem02_35C_T01_1711_B12_e01,1,0,0.0,0,0,0,0,0,,
20250624_chem02_35C_T01_1711,20250624_chem02_35C_T01_1711_C01_e01,1,0,0.0,0,0,0,0,0,,
20250624_chem02_35C_T01_1711,20250624_chem02_35C_T01_1711_C02_e01,1,0,0.0,0,0,0,0,0,,
20250624_chem02_35C_T01_1711,20250624_chem02_35C_T01_1711_C02_e02,1,1,1.0,1,1,1,0,0,-0.157018979483706,-0.157018979483706
20250624_chem02_35C_T01_1711,20250624_chem02_35C_T01_1711_C03_e01,1,0,0.0,0,0,0,0,0,,
20250624_chem02_35C_T01_1711,20250624_chem02_35C_T01_1711_C05_e01,1,1,1.0,1,1,1,0,0,-0.11481798537230181,-0.11481798537230181
20250624_chem02_35C_T01_1711,20250624_chem02_35C_T01_1711_C07_e01,1,1,1.0,1,1,1,0,0,-0.1613457279961101,-0.1613457279961101
20250624_chem02_35C_T01_1711,20250624_chem02_35C_T01_1711_C08_e01,1,1,1.0,1,1,1,0,0,-0.08562486609895513,-0.08562486609895513
20250624_chem02_35C_T01_1711,20250624_chem02_35C_T01_1711_C10_e01,1,1,1.0,1,1,1,0,0,-0.5036064551497247,-0.5036064551497247
20250624_chem02_35C_T01_1711,20250624_chem02_35C_T01_1711_C11_e01,1,1,1.0,1,1,1,0,0,-0.017380493010590265,-0.017380493010590265
20250624_chem02_35C_T01_1711,20250624_chem02_35C_T01_1711_C12_e01,1,0,0.0,0,0,0,0,0,,
20250624_chem02_35C_T01_1711,20250624_chem02_35C_T01_1711_D01_e01,1,0,0.0,0,0,0,0,0,,
20250624_chem02_35C_T01_1711,20250624_chem02_35C_T01_1711_D01_e02,1,1,1.0,1,1,1,0,0,-0.7439758466453346,-0.7439758466453346
20250624_chem02_35C_T01_1711,20250624_chem02_35C_T01_1711_D02_e01,1,0,0.0,0,0,0,0,0,,
20250624_chem02_35C_T01_1711,20250624_chem02_35C_T01_1711_D03_e01,1,0,0.0,0,0,0,0,0,,
20250624_chem02_35C_T01_1711,20250624_chem02_35C_T01_1711_D05_e01,1,0,0.0,0,0,0,0,0,,
20250624_chem02_35C_T01_1711,20250624_chem02_35C_T01_1711_D05_e02,1,1,1.0,1,1,1,0,0,-0.6560317820541341,-0.6560317820541341
20250624_chem02_35C_T01_1711,20250624_chem02_35C_T01_1711_D05_e03,1,1,1.0,1,1,1,0,0,-0.8418388302400666,-0.8418388302400666
20250624_chem02_35C_T01_1711,20250624_chem02_35C_T01_1711_D07_e01,1,1,1.0,1,1,1,0,0,-0.27353726700931424,-0.27353726700931424
20250624_chem02_35C_T01_1711,20250624_chem02_35C_T01_1711_D08_e01,1,1,1.0,1,1,1,0,0,-0.1326112551167986,-0.1326112551167986
20250624_chem02_35C_T01_1711,20250624_chem02_35C_T01_1711_D10_e01,1,0,0.0,0,0,0,0,0,,
20250624_chem02_35C_T01_1711,20250624_chem02_35C_T01_1711_D11_e01,1,0,0.0,0,0,0,0,0,,
20250624_chem02_35C_T01_1711,20250624_chem02_35C_T01_1711_D12_e01,1,1,1.0,1,1,1,0,0,-0.11323206350377056,-0.11323206350377056
20250624_chem02_35C_T01_1711,20250624_chem02_35C_T01_1711_D12_e02,1,1,1.0,1,1,1,0,0,-0.8349701860498774,-0.8349701860498774
20250624_chem02_35C_T01_1711,20250624_chem02_35C_T01_1711_E01_e01,1,1,1.0,1,1,1,0,0,-0.10382152363579607,-0.10382152363579607
20250624_chem02_35C_T01_1711,20250624_chem02_35C_T01_1711_E02_e01,1,0,0.0,0,0,0,0,0,,
20250624_chem02_35C_T01_1711,20250624_chem02_35C_T01_1711_E03_e01,1,1,1.0,1,1,1,0,0,-0.030874643543528625,-0.030874643543528625
20250624_chem02_35C_T01_1711,20250624_chem02_35C_T01_1711_E05_e01,1,1,1.0,1,1,1,0,0,-0.21971538896229606,-0.21971538896229606
20250624_chem02_35C_T01_1711,20250624_chem02_35C_T01_1711_E07_e01,1,1,1.0,1,1,1,0,0,-0.21110609881884085,-0.21110609881884085
20250624_chem02_35C_T01_1711,20250624_chem02_35C_T01_1711_E08_e01,1,1,1.0,1,1,1,0,0,-0.14065690752300575,-0.14065690752300575
20250624_chem02_35C_T01_1711,20250624_chem02_35C_T01_1711_E10_e01,1,1,1.0,1,1,1,0,0,-0.2822239191951368,-0.2822239191951368
20250624_chem02_35C_T01_1711,20250624_chem02_35C_T01_1711_E11_e01,1,0,0.0,0,0,0,0,0,,
20250624_chem02_35C_T01_1711,20250624_chem02_35C_T01_1711_E12_e01,1,0,0.0,0,0,0,0,0,,
20250624_chem02_35C_T01_1711,20250624_chem02_35C_T01_1711_F01_e01,1,0,0.0,0,0,0,0,0,,
20250624_chem02_35C_T01_1711,20250624_chem02_35C_T01_1711_F02_e01,1,0,0.0,0,0,0,0,0,,
20250624_chem02_35C_T01_1711,20250624_chem02_35C_T01_1711_F04_e02,1,1,1.0,1,1,1,0,0,-0.8303726703891875,-0.8303726703891875
20250624_chem02_35C_T01_1711,20250624_chem02_35C_T01_1711_F05_e01,1,1,1.0,1,1,1,0,0,-0.07903251491722085,-0.07903251491722085
20250624_chem02_35C_T01_1711,20250624_chem02_35C_T01_1711_F07_e01,1,1,1.0,1,1,1,0,0,-0.3884143740647001,-0.3884143740647001
20250624_chem02_35C_T01_1711,20250624_chem02_35C_T01_1711_F08_e01,1,1,1.0,1,1,1,0,0,-0.12639466242656297,-0.12639466242656297
20250624_chem02_35C_T01_1711,20250624_chem02_35C_T01_1711_F10_e01,1,1,1.0,1,1,1,0,0,-0.2133717014881712,-0.2133717014881712
20250624_chem02_35C_T01_1711,20250624_chem02_35C_T01_1711_F11_e01,1,0,0.0,0,0,0,0,0,,
20250624_chem02_35C_T01_1711,20250624_chem02_35C_T01_1711_F11_e02,1,1,1.0,1,1,1,0,0,-0.24540511288843436,-0.24540511288843436
20250624_chem02_35C_T01_1711,20250624_chem02_35C_T01_1711_F12_e01,1,1,1.0,1,1,1,0,0,-0.770743113304447,-0.770743113304447
20250624_chem02_35C_T01_1711,20250624_chem02_35C_T01_1711_F12_e02,1,0,0.0,0,0,0,0,0,,
20250624_chem02_35C_T01_1711,20250624_chem02_35C_T01_1711_F12_e03,1,1,1.0,1,1,1,0,0,-0.8396782189139491,-0.8396782189139491
20250624_chem02_35C_T01_1711,20250624_chem02_35C_T01_1711_G01_e01,1,0,0.0,0,0,0,0,0,,
20250624_chem02_35C_T01_1711,20250624_chem02_35C_T01_1711_G02_e01,1,0,0.0,0,0,0,0,0,,
20250624_chem02_35C_T01_1711,20250624_chem02_35C_T01_1711_G05_e01,1,0,0.0,0,0,0,0,0,,
20250624_chem02_35C_T01_1711,20250624_chem02_35C_T01_1711_G07_e01,1,1,1.0,1,1,1,0,0,-0.4321405055827755,-0.4321405055827755
20250624_chem02_35C_T01_1711,20250624_chem02_35C_T01_1711_G08_e01,1,1,1.0,1,1,1,0,0,-0.05324885136820776,-0.05324885136820776
20250624_chem02_35C_T01_1711,20250624_chem02_35C_T01_1711_G10_e01,1,1,1.0,1,1,1,0,0,-0.9309212220261013,-0.9309212220261013
20250624_chem02_35C_T01_1711,20250624_chem02_35C_T01_1711_G11_e01,1,0,0.0,0,0,0,0,0,,
20250624_chem02_35C_T01_1711,20250624_chem02_35C_T01_1711_G12_e01,1,0,0.0,0,0,0,0,0,,
20250624_chem02_35C_T01_1711,20250624_chem02_35C_T01_1711_H01_e01,1,0,0.0,0,0,0,0,0,,
20250624_chem02_35C_T01_1711,20250624_chem02_35C_T01_1711_H02_e01,1,0,0.0,0,0,0,0,0,,
20250624_chem02_35C_T01_1711,20250624_chem02_35C_T01_1711_H05_e01,1,1,1.0,1,1,1,0,0,-0.17296108607155475,-0.17296108607155475
20250624_chem02_35C_T01_1711,20250624_chem02_35C_T01_1711_H07_e01,1,1,1.0,1,1,1,0,0,-0.22031770772072787,-0.22031770772072787
20250624_chem02_35C_T01_1711,20250624_chem02_35C_T01_1711_H08_e01,1,1,1.0,1,1,1,0,0,-0.10034023172926411,-0.10034023172926411
20250624_chem02_35C_T01_1711,20250624_chem02_35C_T01_1711_H10_e01,1,0,0.0,0,0,0,0,0,,
20250624_chem02_35C_T01_1711,20250624_chem02_35C_T01_1711_H11_e01,1,0,0.0,0,0,0,0,0,,
20250624_chem02_35C_T01_1711,20250624_chem02_35C_T01_1711_H12_e01,1,0,0.0,0,0,0,0,0,,
20250625_chem02_28C_T02_1332,20250625_chem02_28C_T02_1332_A01_e01,1,0,0.0,0,0,0,0,0,,
20250625_chem02_28C_T02_1332,20250625_chem02_28C_T02_1332_A02_e01,1,0,0.0,0,0,0,0,0,,
20250625_chem02_28C_T02_1332,20250625_chem02_28C_T02_1332_A03_e01,1,1,1.0,1,1,1,0,0,-0.305557155773306,-0.305557155773306
20250625_chem02_28C_T02_1332,20250625_chem02_28C_T02_1332_A04_e01,1,0,0.0,0,0,0,0,0,,
20250625_chem02_28C_T02_1332,20250625_chem02_28C_T02_1332_A05_e01,1,0,0.0,0,0,0,0,0,,
20250625_chem02_28C_T02_1332,20250625_chem02_28C_T02_1332_A06_e01,1,0,0.0,0,0,0,0,0,,
20250625_chem02_28C_T02_1332,20250625_chem02_28C_T02_1332_A07_e01,1,0,0.0,0,0,0,0,0,,
20250625_chem02_28C_T02_1332,20250625_chem02_28C_T02_1332_A08_e01,1,0,0.0,0,0,0,0,0,,
20250625_chem02_28C_T02_1332,20250625_chem02_28C_T02_1332_A10_e01,1,0,0.0,0,0,0,0,0,,
20250625_chem02_28C_T02_1332,20250625_chem02_28C_T02_1332_A11_e01,1,0,0.0,0,0,0,0,0,,
20250625_chem02_28C_T02_1332,20250625_chem02_28C_T02_1332_A12_e01,1,0,0.0,0,0,0,0,0,,
20250625_chem02_28C_T02_1332,20250625_chem02_28C_T02_1332_B01_e01,1,0,0.0,0,0,0,0,0,,
20250625_chem02_28C_T02_1332,20250625_chem02_28C_T02_1332_B02_e01,1,0,0.0,0,0,0,0,0,,
20250625_chem02_28C_T02_1332,20250625_chem02_28C_T02_1332_B03_e01,1,1,1.0,1,1,1,0,0,-0.4518250796578215,-0.4518250796578215
20250625_chem02_28C_T02_1332,20250625_chem02_28C_T02_1332_B04_e01,1,0,0.0,0,0,0,0,0,,
20250625_chem02_28C_T02_1332,20250625_chem02_28C_T02_1332_B05_e01,1,0,0.0,0,0,0,0,0,,
20250625_chem02_28C_T02_1332,20250625_chem02_28C_T02_1332_B06_e01,1,1,1.0,1,1,1,0,0,-0.042378016254502444,-0.042378016254502444
20250625_chem02_28C_T02_1332,20250625_chem02_28C_T02_1332_B07_e01,1,0,0.0,0,0,0,0,0,,
20250625_chem02_28C_T02_1332,20250625_chem02_28C_T02_1332_B08_e01,1,1,1.0,1,1,1,0,0,-0.1528808446179266,-0.1528808446179266
20250625_chem02_28C_T02_1332,20250625_chem02_28C_T02_1332_B08_e02,1,1,1.0,1,1,1,0,0,-0.6794467098680695,-0.6794467098680695
20250625_chem02_28C_T02_1332,20250625_chem02_28C_T02_1332_B10_e01,1,0,0.0,0,0,0,0,0,,
20250625_chem02_28C_T02_1332,20250625_chem02_28C_T02_1332_B10_e02,1,1,1.0,1,1,1,0,0,-0.8338707630064119,-0.8338707630064119
20250625_chem02_28C_T02_1332,20250625_chem02_28C_T02_1332_B11_e01,1,1,1.0,1,1,1,0,0,-0.6070526923285606,-0.6070526923285606
20250625_chem02_28C_T02_1332,20250625_chem02_28C_T02_1332_B11_e02,1,1,1.0,1,1,1,0,0,-0.692866154059095,-0.692866154059095
20250625_chem02_28C_T02_1332,20250625_chem02_28C_T02_1332_B11_e03,1,0,0.0,0,0,0,0,0,,
20250625_chem02_28C_T02_1332,20250625_chem02_28C_T02_1332_B12_e01,1,0,0.0,0,0,0,0,0,,
20250625_chem02_28C_T02_1332,20250625_chem02_28C_T02_1332_C01_e01,1,0,0.0,0,0,0,0,0,,
20250625_chem02_28C_T02_1332,20250625_chem02_28C_T02_1332_C02_e01,1,0,0.0,0,0,0,0,0,,
20250625_chem02_28C_T02_1332,20250625_chem02_28C_T02_1332_C03_e01,1,0,0.0,0,0,0,0,0,,
20250625_chem02_28C_T02_1332,20250625_chem02_28C_T02_1332_C04_e01,1,0,0.0,0,0,0,0,0,,
20250625_chem02_28C_T02_1332,20250625_chem02_28C_T02_1332_C05_e01,1,0,0.0,0,0,0,0,0,,
20250625_chem02_28C_T02_1332,20250625_chem02_28C_T02_1332_C06_e01,1,0,0.0,0,0,0,0,0,,
20250625_chem02_28C_T02_1332,20250625_chem02_28C_T02_1332_C07_e01,1,1,1.0,1,1,1,0,0,-0.059138928834411,-0.059138928834411
20250625_chem02_28C_T02_1332,20250625_chem02_28C_T02_1332_C08_e01,1,0,0.0,0,0,0,0,0,,
20250625_chem02_28C_T02_1332,20250625_chem02_28C_T02_1332_C10_e01,1,0,0.0,0,0,0,0,0,,
20250625_chem02_28C_T02_1332,20250625_chem02_28C_T02_1332_C11_e01,1,0,0.0,0,0,0,0,0,,
20250625_chem02_28C_T02_1332,20250625_chem02_28C_T02_1332_C11_e02,1,1,1.0,1,1,1,0,0,-0.23597559659718553,-0.23597559659718553
20250625_chem02_28C_T02_1332,20250625_chem02_28C_T02_1332_C12_e01,1,0,0.0,0,0,0,0,0,,
20250625_chem02_28C_T02_1332,20250625_chem02_28C_T02_1332_D01_e01,1,0,0.0,0,0,0,0,0,,
20250625_chem02_28C_T02_1332,20250625_chem02_28C_T02_1332_D02_e01,1,0,0.0,0,0,0,0,0,,
20250625_chem02_28C_T02_1332,20250625_chem02_28C_T02_1332_D04_e01,1,0,0.0,0,0,0,0,0,,
20250625_chem02_28C_T02_1332,20250625_chem02_28C_T02_1332_D05_e01,1,0,0.0,0,0,0,0,0,,
20250625_chem02_28C_T02_1332,20250625_chem02_28C_T02_1332_D06_e01,1,1,1.0,1,1,1,0,0,-0.3701298605308202,-0.3701298605308202
20250625_chem02_28C_T02_1332,20250625_chem02_28C_T02_1332_D07_e01,1,0,0.0,0,0,0,0,0,,
20250625_chem02_28C_T02_1332,20250625_chem02_28C_T02_1332_D08_e01,1,0,0.0,0,0,0,0,0,,
20250625_chem02_28C_T02_1332,20250625_chem02_28C_T02_1332_D10_e01,1,0,0.0,0,0,0,0,0,,
20250625_chem02_28C_T02_1332,20250625_chem02_28C_T02_1332_D11_e01,1,0,0.0,0,0,0,0,0,,
20250625_chem02_28C_T02_1332,20250625_chem02_28C_T02_1332_D12_e01,1,0,0.0,0,0,0,0,0,,
20250625_chem02_28C_T02_1332,20250625_chem02_28C_T02_1332_E01_e01,1,0,0.0,0,0,0,0,0,,
20250625_chem02_28C_T02_1332,20250625_chem02_28C_T02_1332_E01_e02,1,1,1.0,1,1,1,0,0,-0.746483663858267,-0.746483663858267
20250625_chem02_28C_T02_1332,20250625_chem02_28C_T02_1332_E02_e01,1,0,0.0,0,0,0,0,0,,
20250625_chem02_28C_T02_1332,20250625_chem02_28C_T02_1332_E04_e01,1,0,0.0,0,0,0,0,0,,
20250625_chem02_28C_T02_1332,20250625_chem02_28C_T02_1332_E05_e01,1,0,0.0,0,0,0,0,0,,
20250625_chem02_28C_T02_1332,20250625_chem02_28C_T02_1332_E06_e01,1,0,0.0,0,0,0,0,0,,
20250625_chem02_28C_T02_1332,20250625_chem02_28C_T02_1332_E07_e01,1,1,1.0,1,1,1,0,0,-0.010985623855536725,-0.010985623855536725
20250625_chem02_28C_T02_1332,20250625_chem02_28C_T02_1332_E08_e01,1,0,0.0,0,0,0,0,0,,
20250625_chem02_28C_T02_1332,20250625_chem02_28C_T02_1332_E10_e01,1,0,0.0,0,0,0,0,0,,
20250625_chem02_28C_T02_1332,20250625_chem02_28C_T02_1332_E10_e02,1,1,1.0,1,1,1,0,0,-0.6720070878639631,-0.6720070878639631
20250625_chem02_28C_T02_1332,20250625_chem02_28C_T02_1332_E10_e03,1,1,1.0,1,1,1,0,0,-0.723066599818339,-0.723066599818339
20250625_chem02_28C_T02_1332,20250625_chem02_28C_T02_1332_E11_e01,1,0,0.0,0,0,0,0,0,,
20250625_chem02_28C_T02_1332,20250625_chem02_28C_T02_1332_E12_e01,1,0,0.0,0,0,0,0,0,,
20250625_chem02_28C_T02_1332,20250625_chem02_28C_T02_1332_F01_e01,1,0,0.0,0,0,0,0,0,,
20250625_chem02_28C_T02_1332,20250625_chem02_28C_T02_1332_F02_e01,1,0,0.0,0,0,0,0,0,,
20250625_chem02_28C_T02_1332,20250625_chem02_28C_T02_1332_F04_e01,1,0,0.0,0,0,0,0,0,,
20250625_chem02_28C_T02_1332,20250625_chem02_28C_T02_1332_F05_e01,1,0,0.0,0,0,0,0,0,,
20250625_chem02_28C_T02_1332,20250625_chem02_28C_T02_1332_F06_e01,1,1,1.0,1,1,1,0,0,-0.5151053928340643,-0.5151053928340643
20250625_chem02_28C_T02_1332,20250625_chem02_28C_T02_1332_F07_e01,1,1,1.0,1,1,1,0,0,-0.004309383407207225,-0.004309383407207225
20250625_chem02_28C_T02_1332,20250625_chem02_28C_T02_1332_F07_e02,1,1,1.0,1,1,1,0,0,-0.7326088692655502,-0.7326088692655502
20250625_chem02_28C_T02_1332,20250625_chem02_28C_T02_1332_F08_e01,1,0,0.0,0,0,0,0,0,,
20250625_chem02_28C_T02_1332,20250625_chem02_28C_T02_1332_F10_e01,1,1,1.0,1,1,1,0,0,-0.5858454170027235,-0.5858454170027235
20250625_chem02_28C_T02_1332,20250625_chem02_28C_T02_1332_F10_e02,1,0,0.0,0,0,0,0,0,,
20250625_chem02_28C_T02_1332,20250625_chem02_28C_T02_1332_F11_e01,1,0,0.0,0,0,0,0,0,,
20250625_chem02_28C_T02_1332,20250625_chem02_28C_T02_1332_F11_e02,1,1,1.0,1,1,1,0,0,-0.640139256074996,-0.640139256074996
20250625_chem02_28C_T02_1332,20250625_chem02_28C_T02_1332_F12_e01,1,0,0.0,0,0,0,0,0,,
20250625_chem02_28C_T02_1332,20250625_chem02_28C_T02_1332_G01_e01,1,0,0.0,0,0,0,0,0,,
20250625_chem02_28C_T02_1332,20250625_chem02_28C_T02_1332_G02_e01,1,0,0.0,0,0,0,0,0,,
20250625_chem02_28C_T02_1332,20250625_chem02_28C_T02_1332_G02_e02,1,1,1.0,1,1,1,0,0,-0.7220286687556599,-0.7220286687556599
20250625_chem02_28C_T02_1332,20250625_chem02_28C_T02_1332_G04_e01,1,0,0.0,0,0,0,0,0,,
20250625_chem02_28C_T02_1332,20250625_chem02_28C_T02_1332_G05_e01,1,0,0.0,0,0,0,0,0,,
20250625_chem02_28C_T02_1332,20250625_chem02_28C_T02_1332_G07_e01,1,0,0.0,0,0,0,0,0,,
20250625_chem02_28C_T02_1332,20250625_chem02_28C_T02_1332_G08_e01,1,0,0.0,0,0,0,0,0,,
20250625_chem02_28C_T02_1332,20250625_chem02_28C_T02_1332_G10_e01,1,0,0.0,0,0,0,0,0,,
20250625_chem02_28C_T02_1332,20250625_chem02_28C_T02_1332_G11_e01,1,0,0.0,0,0,0,0,0,,
20250625_chem02_28C_T02_1332,20250625_chem02_28C_T02_1332_G12_e01,1,0,0.0,0,0,0,0,0,,
20250625_chem02_28C_T02_1332,20250625_chem02_28C_T02_1332_G12_e02,1,1,1.0,1,1,1,0,0,-0.6125771641137879,-0.6125771641137879
20250625_chem02_28C_T02_1332,20250625_chem02_28C_T02_1332_H01_e01,1,0,0.0,0,0,0,0,0,,
20250625_chem02_28C_T02_1332,20250625_chem02_28C_T02_1332_H02_e01,1,0,0.0,0,0,0,0,0,,
20250625_chem02_28C_T02_1332,20250625_chem02_28C_T02_1332_H04_e01,1,0,0.0,0,0,0,0,0,,
20250625_chem02_28C_T02_1332,20250625_chem02_28C_T02_1332_H04_e02,1,1,1.0,1,1,1,0,0,-0.6108562074485717,-0.6108562074485717
20250625_chem02_28C_T02_1332,20250625_chem02_28C_T02_1332_H05_e01,1,0,0.0,0,0,0,0,0,,
20250625_chem02_28C_T02_1332,20250625_chem02_28C_T02_1332_H06_e01,1,0,0.0,0,0,0,0,0,,
20250625_chem02_28C_T02_1332,20250625_chem02_28C_T02_1332_H07_e01,1,0,0.0,0,0,0,0,0,,
20250625_chem02_28C_T02_1332,20250625_chem02_28C_T02_1332_H08_e01,1,0,0.0,0,0,0,0,0,,
20250625_chem02_28C_T02_1332,20250625_chem02_28C_T02_1332_H10_e01,1,0,0.0,0,0,0,0,0,,
20250625_chem02_28C_T02_1332,20250625_chem02_28C_T02_1332_H11_e01,1,0,0.0,0,0,0,0,0,,
20250625_chem02_28C_T02_1332,20250625_chem02_28C_T02_1332_H12_e01,1,0,0.0,0,0,0,0,0,,
20250625_chem02_34C_T02_1301,20250625_chem02_34C_T02_1301_A01_e01,1,0,0.0,0,0,0,0,0,,
20250625_chem02_34C_T02_1301,20250625_chem02_34C_T02_1301_A02_e01,1,0,0.0,0,0,0,0,0,,
20250625_chem02_34C_T02_1301,20250625_chem02_34C_T02_1301_A03_e01,1,1,1.0,1,1,1,0,0,-0.6339610627724743,-0.6339610627724743
20250625_chem02_34C_T02_1301,20250625_chem02_34C_T02_1301_A04_e01,1,1,1.0,1,1,1,0,0,-0.5434044159368207,-0.5434044159368207
20250625_chem02_34C_T02_1301,20250625_chem02_34C_T02_1301_A05_e01,1,1,1.0,1,1,1,0,0,-0.5451033533451661,-0.5451033533451661
20250625_chem02_34C_T02_1301,20250625_chem02_34C_T02_1301_A06_e02,1,0,0.0,0,0,0,0,0,,
20250625_chem02_34C_T02_1301,20250625_chem02_34C_T02_1301_A07_e01,1,1,1.0,1,1,1,0,0,-0.29546625087058925,-0.29546625087058925
20250625_chem02_34C_T02_1301,20250625_chem02_34C_T02_1301_A08_e01,1,1,1.0,1,1,1,0,0,-0.09245964542748612,-0.09245964542748612
20250625_chem02_34C_T02_1301,20250625_chem02_34C_T02_1301_A09_e01,1,1,1.0,1,1,1,0,0,-0.9805114643665873,-0.9805114643665873
20250625_chem02_34C_T02_1301,20250625_chem02_34C_T02_1301_A10_e01,1,1,1.0,1,1,1,0,0,-0.05780788823891216,-0.05780788823891216
20250625_chem02_34C_T02_1301,20250625_chem02_34C_T02_1301_A11_e01,1,1,1.0,1,1,1,0,0,-0.5154252969752269,-0.5154252969752269
20250625_chem02_34C_T02_1301,20250625_chem02_34C_T02_1301_A12_e01,1,0,0.0,0,0,0,0,0,,
20250625_chem02_34C_T02_1301,20250625_chem02_34C_T02_1301_B01_e01,1,0,0.0,0,0,0,0,0,,
20250625_chem02_34C_T02_1301,20250625_chem02_34C_T02_1301_B02_e01,1,0,0.0,0,0,0,0,0,,
20250625_chem02_34C_T02_1301,20250625_chem02_34C_T02_1301_B03_e01,1,1,1.0,1,1,1,0,0,-0.5195290105219552,-0.5195290105219552
20250625_chem02_34C_T02_1301,20250625_chem02_34C_T02_1301_B04_e01,1,1,1.0,1,1,1,0,0,-0.5866329344380568,-0.5866329344380568
20250625_chem02_34C_T02_1301,20250625_chem02_34C_T02_1301_B05_e01,1,0,0.0,0,0,0,0,0,,
20250625_chem02_34C_T02_1301,20250625_chem02_34C_T02_1301_B05_e02,1,1,1.0,1,1,1,0,0,-0.5293943378882902,-0.5293943378882902
20250625_chem02_34C_T02_1301,20250625_chem02_34C_T02_1301_B07_e01,1,1,1.0,1,1,1,0,0,-0.7177876193914937,-0.7177876193914937
20250625_chem02_34C_T02_1301,20250625_chem02_34C_T02_1301_B08_e01,1,1,1.0,1,1,1,0,0,-0.1259049108333218,-0.1259049108333218
20250625_chem02_34C_T02_1301,20250625_chem02_34C_T02_1301_B10_e01,1,0,0.0,0,0,0,0,0,,
20250625_chem02_34C_T02_1301,20250625_chem02_34C_T02_1301_B11_e01,1,0,0.0,0,0,0,0,0,,
20250625_chem02_34C_T02_1301,20250625_chem02_34C_T02_1301_B12_e01,1,1,1.0,1,1,1,0,0,-0.49546893799748715,-0.49546893799748715
20250625_chem02_34C_T02_1301,20250625_chem02_34C_T02_1301_C01_e01,1,0,0.0,0,0,0,0,0,,
20250625_chem02_34C_T02_1301,20250625_chem02_34C_T02_1301_C02_e01,1,0,0.0,0,0,0,0,0,,
20250625_chem02_34C_T02_1301,20250625_chem02_34C_T02_1301_C03_e01,1,1,1.0,1,1,1,0,0,-0.6141565411959635,-0.6141565411959635
20250625_chem02_34C_T02_1301,20250625_chem02_34C_T02_1301_C04_e01,1,1,1.0,1,1,1,0,0,-0.7468706372971573,-0.7468706372971573
20250625_chem02_34C_T02_1301,20250625_chem02_34C_T02_1301_C04_e02,1,0,0.0,0,0,0,0,0,,
20250625_chem02_34C_T02_1301,20250625_chem02_34C_T02_1301_C05_e01,1,0,0.0,0,0,0,0,0,,
20250625_chem02_34C_T02_1301,20250625_chem02_34C_T02_1301_C05_e02,1,1,1.0,1,1,1,0,0,-0.7120547315667142,-0.7120547315667142
20250625_chem02_34C_T02_1301,20250625_chem02_34C_T02_1301_C07_e01,1,1,1.0,1,1,1,0,0,-0.37250936899686665,-0.37250936899686665
20250625_chem02_34C_T02_1301,20250625_chem02_34C_T02_1301_C08_e01,1,1,1.0,1,1,1,0,0,-0.22254326114522702,-0.22254326114522702
20250625_chem02_34C_T02_1301,20250625_chem02_34C_T02_1301_C10_e01,1,0,0.0,0,0,0,0,0,,
20250625_chem02_34C_T02_1301,20250625_chem02_34C_T02_1301_C11_e01,1,0,0.0,0,0,0,0,0,,
20250625_chem02_34C_T02_1301,20250625_chem02_34C_T02_1301_C12_e01,1,0,0.0,0,0,0,0,0,,
20250625_chem02_34C_T02_1301,20250625_chem02_34C_T02_1301_D01_e01,1,0,0.0,0,0,0,0,0,,
20250625_chem02_34C_T02_1301,20250625_chem02_34C_T02_1301_D02_e01,1,0,0.0,0,0,0,0,0,,
20250625_chem02_34C_T02_1301,20250625_chem02_34C_T02_1301_D05_e01,1,1,1.0,1,1,1,0,0,-0.344604116879114,-0.344604116879114
20250625_chem02_34C_T02_1301,20250625_chem02_34C_T02_1301_D07_e01,1,1,1.0,1,1,1,0,0,-0.38354015101047234,-0.38354015101047234
20250625_chem02_34C_T02_1301,20250625_chem02_34C_T02_1301_D08_e01,1,1,1.0,1,1,1,0,0,-0.09996123379090543,-0.09996123379090543
20250625_chem02_34C_T02_1301,20250625_chem02_34C_T02_1301_D10_e01,1,1,1.0,1,1,1,0,0,-0.7044710689323602,-0.7044710689323602
20250625_chem02_34C_T02_1301,20250625_chem02_34C_T02_1301_D11_e01,1,0,0.0,0,0,0,0,0,,
20250625_chem02_34C_T02_1301,20250625_chem02_34C_T02_1301_D12_e01,1,0,0.0,0,0,0,0,0,,
20250625_chem02_34C_T02_1301,20250625_chem02_34C_T02_1301_E01_e01,1,0,0.0,0,0,0,0,0,,
20250625_chem02_34C_T02_1301,20250625_chem02_34C_T02_1301_E02_e01,1,0,0.0,0,0,0,0,0,,
20250625_chem02_34C_T02_1301,20250625_chem02_34C_T02_1301_E05_e01,1,1,1.0,1,1,1,0,0,-0.17241229645839382,-0.17241229645839382
20250625_chem02_34C_T02_1301,20250625_chem02_34C_T02_1301_E07_e01,1,1,1.0,1,1,1,0,0,-0.2673845390703273,-0.2673845390703273
20250625_chem02_34C_T02_1301,20250625_chem02_34C_T02_1301_E08_e01,1,1,1.0,1,1,1,0,0,-0.4266127283969327,-0.4266127283969327
20250625_chem02_34C_T02_1301,20250625_chem02_34C_T02_1301_E10_e01,1,1,1.0,1,1,1,0,0,-0.10795116406638545,-0.10795116406638545
20250625_chem02_34C_T02_1301,20250625_chem02_34C_T02_1301_E11_e01,1,1,1.0,1,1,1,0,0,-0.0346752549760047,-0.0346752549760047
20250625_chem02_34C_T02_1301,20250625_chem02_34C_T02_1301_E12_e01,1,0,0.0,0,0,0,0,0,,
20250625_chem02_34C_T02_1301,20250625_chem02_34C_T02_1301_F01_e01,1,0,0.0,0,0,0,0,0,,
20250625_chem02_34C_T02_1301,20250625_chem02_34C_T02_1301_F02_e01,1,1,1.0,1,1,1,0,0,-0.03872562024662551,-0.03872562024662551
20250625_chem02_34C_T02_1301,20250625_chem02_34C_T02_1301_F06_e01,1,1,1.0,1,1,1,0,0,-0.21249326666928942,-0.21249326666928942
20250625_chem02_34C_T02_1301,20250625_chem02_34C_T02_1301_F07_e01,1,1,1.0,1,1,1,0,0,-0.27522673565812505,-0.27522673565812505
20250625_chem02_34C_T02_1301,20250625_chem02_34C_T02_1301_F08_e01,1,1,1.0,1,1,1,0,0,-0.2688454610929626,-0.2688454610929626
20250625_chem02_34C_T02_1301,20250625_chem02_34C_T02_1301_F08_e02,1,0,0.0,0,0,0,0,0,,
20250625_chem02_34C_T02_1301,20250625_chem02_34C_T02_1301_F10_e01,1,0,0.0,0,0,0,0,0,,
20250625_chem02_34C_T02_1301,20250625_chem02_34C_T02_1301_F11_e01,1,1,1.0,1,1,1,0,0,-0.13048465515147062,-0.13048465515147062
20250625_chem02_34C_T02_1301,20250625_chem02_34C_T02_1301_F12_e01,1,1,1.0,1,1,1,0,0,-0.011456443728615838,-0.011456443728615838
20250625_chem02_34C_T02_1301,20250625_chem02_34C_T02_1301_G01_e01,1,0,0.0,0,0,0,0,0,,
20250625_chem02_34C_T02_1301,20250625_chem02_34C_T02_1301_G02_e01,1,0,0.0,0,0,0,0,0,,
20250625_chem02_34C_T02_1301,20250625_chem02_34C_T02_1301_G05_e01,1,0,0.0,0,0,0,0,0,,
20250625_chem02_34C_T02_1301,20250625_chem02_34C_T02_1301_G05_e02,1,1,1.0,1,1,1,0,0,-0.5694794118127323,-0.5694794118127323
20250625_chem02_34C_T02_1301,20250625_chem02_34C_T02_1301_G06_e01,1,1,1.0,1,1,1,0,0,-0.9816728153003114,-0.9816728153003114
20250625_chem02_34C_T02_1301,20250625_chem02_34C_T02_1301_G06_e02,1,1,1.0,1,1,1,0,0,-0.581039572873866,-0.581039572873866
20250625_chem02_34C_T02_1301,20250625_chem02_34C_T02_1301_G07_e01,1,1,1.0,1,1,1,0,0,-0.31565241780694575,-0.31565241780694575
20250625_chem02_34C_T02_1301,20250625_chem02_34C_T02_1301_G08_e01,1,0,0.0,0,0,0,0,0,,
20250625_chem02_34C_T02_1301,20250625_chem02_34C_T02_1301_G10_e01,1,0,0.0,0,0,0,0,0,,
20250625_chem02_34C_T02_1301,20250625_chem02_34C_T02_1301_G10_e02,1,1,1.0,1,1,1,0,0,-0.6626419167505585,-0.6626419167505585
20250625_chem02_34C_T02_1301,20250625_chem02_34C_T02_1301_G11_e01,1,0,0.0,0,0,0,0,0,,
20250625_chem02_34C_T02_1301,20250625_chem02_34C_T02_1301_G12_e01,1,1,1.0,1,1,1,0,0,-0.0686498994293684,-0.0686498994293684
20250625_chem02_34C_T02_1301,20250625_chem02_34C_T02_1301_H01_e01,1,0,0.0,0,0,0,0,0,,
20250625_chem02_34C_T02_1301,20250625_chem02_34C_T02_1301_H02_e01,1,0,0.0,0,0,0,0,0,,
20250625_chem02_34C_T02_1301,20250625_chem02_34C_T02_1301_H05_e01,1,1,1.0,1,1,1,0,0,-0.678194991092659,-0.678194991092659
20250625_chem02_34C_T02_1301,20250625_chem02_34C_T02_1301_H07_e01,1,1,1.0,1,1,1,0,0,-0.3832036464996405,-0.3832036464996405
20250625_chem02_34C_T02_1301,20250625_chem02_34C_T02_1301_H08_e01,1,1,1.0,1,1,1,0,0,-0.34199415506339476,-0.34199415506339476
20250625_chem02_34C_T02_1301,20250625_chem02_34C_T02_1301_H08_e02,1,0,0.0,0,0,0,0,0,,
20250625_chem02_34C_T02_1301,20250625_chem02_34C_T02_1301_H09_e02,1,1,1.0,1,1,1,0,0,-0.8274757787819949,-0.8274757787819949
20250625_chem02_34C_T02_1301,20250625_chem02_34C_T02_1301_H10_e01,1,0,0.0,0,0,0,0,0,,
20250625_chem02_34C_T02_1301,20250625_chem02_34C_T02_1301_H11_e01,1,0,0.0,0,0,0,0,0,,
20250625_chem02_34C_T02_1301,20250625_chem02_34C_T02_1301_H12_e01,1,1,1.0,1,1,1,0,0,-0.04623951975068504,-0.04623951975068504
20250625_chem02_35C_T02_1228,20250625_chem02_35C_T02_1228_A01_e01,1,0,0.0,0,0,0,0,0,,
20250625_chem02_35C_T02_1228,20250625_chem02_35C_T02_1228_A02_e01,1,0,0.0,0,0,0,0,0,,
20250625_chem02_35C_T02_1228,20250625_chem02_35C_T02_1228_A03_e01,1,1,1.0,1,1,1,0,0,-0.6425045618945149,-0.6425045618945149
20250625_chem02_35C_T02_1228,20250625_chem02_35C_T02_1228_A03_e02,1,0,0.0,0,0,0,0,0,,
20250625_chem02_35C_T02_1228,20250625_chem02_35C_T02_1228_A05_e01,1,1,1.0,1,1,1,0,0,-0.24130978235893166,-0.24130978235893166
20250625_chem02_35C_T02_1228,20250625_chem02_35C_T02_1228_A06_e01,1,0,0.0,0,0,0,0,0,,
20250625_chem02_35C_T02_1228,20250625_chem02_35C_T02_1228_A07_e01,1,1,1.0,1,1,1,0,0,-0.354747650328603,-0.354747650328603
20250625_chem02_35C_T02_1228,20250625_chem02_35C_T02_1228_A07_e02,1,1,1.0,1,1,1,0,0,-0.8822152748319052,-0.8822152748319052
20250625_chem02_35C_T02_1228,20250625_chem02_35C_T02_1228_A08_e01,1,1,1.0,1,1,1,0,0,-0.19220624008755058,-0.19220624008755058
20250625_chem02_35C_T02_1228,20250625_chem02_35C_T02_1228_A10_e01,1,1,1.0,1,1,1,0,0,-0.7863536470207245,-0.7863536470207245
20250625_chem02_35C_T02_1228,20250625_chem02_35C_T02_1228_A10_e02,1,1,1.0,1,1,1,0,0,-0.8094557664555896,-0.8094557664555896
20250625_chem02_35C_T02_1228,20250625_chem02_35C_T02_1228_A11_e01,1,1,1.0,1,1,1,0,0,-0.565708686119663,-0.565708686119663
20250625_chem02_35C_T02_1228,20250625_chem02_35C_T02_1228_A12_e01,1,1,1.0,1,1,1,0,0,-0.6582094716374678,-0.6582094716374678
20250625_chem02_35C_T02_1228,20250625_chem02_35C_T02_1228_A12_e02,1,1,1.0,1,1,1,0,0,-0.6334458121923947,-0.6334458121923947
20250625_chem02_35C_T02_1228,20250625_chem02_35C_T02_1228_B01_e01,1,1,1.0,1,1,1,0,0,-0.42652533960797734,-0.42652533960797734
20250625_chem02_35C_T02_1228,20250625_chem02_35C_T02_1228_B01_e02,1,0,0.0,0,0,0,0,0,,
20250625_chem02_35C_T02_1228,20250625_chem02_35C_T02_1228_B02_e01,1,0,0.0,0,0,0,0,0,,
20250625_chem02_35C_T02_1228,20250625_chem02_35C_T02_1228_B03_e01,1,1,1.0,1,1,1,0,0,-0.03853057237571518,-0.03853057237571518
20250625_chem02_35C_T02_1228,20250625_chem02_35C_T02_1228_B05_e01,1,1,1.0,1,1,1,0,0,-0.5569897968741764,-0.5569897968741764
20250625_chem02_35C_T02_1228,20250625_chem02_35C_T02_1228_B06_e01,1,1,1.0,1,1,1,0,0,-0.9830699142899236,-0.9830699142899236
20250625_chem02_35C_T02_1228,20250625_chem02_35C_T02_1228_B07_e01,1,1,1.0,1,1,1,0,0,-0.788094907384958,-0.788094907384958
20250625_chem02_35C_T02_1228,20250625_chem02_35C_T02_1228_B08_e01,1,1,1.0,1,1,1,0,0,-0.44259108884809684,-0.44259108884809684
20250625_chem02_35C_T02_1228,20250625_chem02_35C_T02_1228_B10_e01,1,1,1.0,1,1,1,0,0,-0.7726543335527197,-0.7726543335527197
20250625_chem02_35C_T02_1228,20250625_chem02_35C_T02_1228_B10_e02,1,0,0.0,0,0,0,0,0,,
20250625_chem02_35C_T02_1228,20250625_chem02_35C_T02_1228_B11_e01,1,1,1.0,1,1,1,0,0,-0.6167381043119674,-0.6167381043119674
20250625_chem02_35C_T02_1228,20250625_chem02_35C_T02_1228_B12_e01,1,0,0.0,0,0,0,0,0,,
20250625_chem02_35C_T02_1228,20250625_chem02_35C_T02_1228_C01_e01,1,0,0.0,0,0,0,0,0,,
20250625_chem02_35C_T02_1228,20250625_chem02_35C_T02_1228_C02_e01,1,0,0.0,0,0,0,0,0,,
20250625_chem02_35C_T02_1228,20250625_chem02_35C_T02_1228_C02_e02,1,1,1.0,1,1,1,0,0,-0.35900219974868164,-0.35900219974868164
20250625_chem02_35C_T02_1228,20250625_chem02_35C_T02_1228_C03_e01,1,1,1.0,1,1,1,0,0,-0.5697786199830519,-0.5697786199830519
20250625_chem02_35C_T02_1228,20250625_chem02_35C_T02_1228_C05_e01,1,1,1.0,1,1,1,0,0,-0.2637573557291692,-0.2637573557291692
20250625_chem02_35C_T02_1228,20250625_chem02_35C_T02_1228_C07_e01,1,1,1.0,1,1,1,0,0,-0.5851478650774781,-0.5851478650774781
20250625_chem02_35C_T02_1228,20250625_chem02_35C_T02_1228_C08_e01,1,1,1.0,1,1,1,0,0,-0.11303973273247736,-0.11303973273247736
20250625_chem02_35C_T02_1228,20250625_chem02_35C_T02_1228_C10_e01,1,1,1.0,1,1,1,0,0,-0.7650305502230522,-0.7650305502230522
20250625_chem02_35C_T02_1228,20250625_chem02_35C_T02_1228_C11_e01,1,1,1.0,1,1,1,0,0,-0.6188863580625396,-0.6188863580625396
20250625_chem02_35C_T02_1228,20250625_chem02_35C_T02_1228_C12_e01,1,0,0.0,0,0,0,0,0,,
20250625_chem02_35C_T02_1228,20250625_chem02_35C_T02_1228_D01_e01,1,0,0.0,0,0,0,0,0,,
20250625_chem02_35C_T02_1228,20250625_chem02_35C_T02_1228_D01_e02,1,1,1.0,1,1,1,0,0,-0.8191145167169516,-0.8191145167169516
20250625_chem02_35C_T02_1228,20250625_chem02_35C_T02_1228_D02_e01,1,1,1.0,1,1,1,0,0,-0.5824373730406232,-0.5824373730406232
20250625_chem02_35C_T02_1228,20250625_chem02_35C_T02_1228_D03_e01,1,1,1.0,1,1,1,0,0,-0.5559030825745704,-0.5559030825745704
20250625_chem02_35C_T02_1228,20250625_chem02_35C_T02_1228_D05_e01,1,1,1.0,1,1,1,0,0,-0.7148360978439586,-0.7148360978439586
20250625_chem02_35C_T02_1228,20250625_chem02_35C_T02_1228_D07_e01,1,1,1.0,1,1,1,0,0,-0.2790217056209307,-0.2790217056209307
20250625_chem02_35C_T02_1228,20250625_chem02_35C_T02_1228_D08_e01,1,1,1.0,1,1,1,0,0,-0.26192798339469753,-0.26192798339469753
20250625_chem02_35C_T02_1228,20250625_chem02_35C_T02_1228_D10_e01,1,1,1.0,1,1,1,0,0,-0.1319880021418218,-0.1319880021418218
20250625_chem02_35C_T02_1228,20250625_chem02_35C_T02_1228_D11_e01,1,0,0.0,0,0,0,0,0,,
20250625_chem02_35C_T02_1228,20250625_chem02_35C_T02_1228_D12_e01,1,1,1.0,1,1,1,0,0,-0.7391214351648809,-0.7391214351648809
20250625_chem02_35C_T02_1228,20250625_chem02_35C_T02_1228_D12_e02,1,1,1.0,1,1,1,0,0,-0.6359758844806662,-0.6359758844806662
20250625_chem02_35C_T02_1228,20250625_chem02_35C_T02_1228_E01_e01,1,1,1.0,1,1,1,0,0,-0.3471658250800013,-0.3471658250800013
20250625_chem02_35C_T02_1228,20250625_chem02_35C_T02_1228_E02_e01,1,0,0.0,0,0,0,0,0,,
20250625_chem02_35C_T02_1228,20250625_chem02_35C_T02_1228_E03_e01,1,1,1.0,1,1,1,0,0,-0.6241017475390266,-0.6241017475390266
20250625_chem02_35C_T02_1228,20250625_chem02_35C_T02_1228_E05_e01,1,1,1.0,1,1,1,0,0,-0.6884738355102759,-0.6884738355102759
20250625_chem02_35C_T02_1228,20250625_chem02_35C_T02_1228_E07_e01,1,1,1.0,1,1,1,0,0,-0.4414204583863592,-0.4414204583863592
20250625_chem02_35C_T02_1228,20250625_chem02_35C_T02_1228_E08_e01,1,1,1.0,1,1,1,0,0,-0.38390851666937875,-0.38390851666937875
20250625_chem02_35C_T02_1228,20250625_chem02_35C_T02_1228_E10_e01,1,1,1.0,1,1,1,0,0,-0.7360794742876058,-0.7360794742876058
20250625_chem02_35C_T02_1228,20250625_chem02_35C_T02_1228_E11_e01,1,0,0.0,0,0,0,0,0,,
20250625_chem02_35C_T02_1228,20250625_chem02_35C_T02_1228_E12_e01,1,1,1.0,1,1,1,0,0,-0.1307460429422722,-0.1307460429422722
20250625_chem02_35C_T02_1228,20250625_chem02_35C_T02_1228_F01_e01,1,1,1.0,1,1,1,0,0,-0.030818677075809302,-0.030818677075809302
20250625_chem02_35C_T02_1228,20250625_chem02_35C_T02_1228_F02_e01,1,0,0.0,0,0,0,0,0,,
20250625_chem02_35C_T02_1228,20250625_chem02_35C_T02_1228_F05_e01,1,1,1.0,1,1,1,0,0,-0.5492569225337376,-0.5492569225337376
20250625_chem02_35C_T02_1228,20250625_chem02_35C_T02_1228_F05_e02,1,0,0.0,0,0,0,0,0,,
20250625_chem02_35C_T02_1228,20250625_chem02_35C_T02_1228_F07_e01,1,1,1.0,1,1,1,0,0,-0.7816165796683884,-0.7816165796683884
20250625_chem02_35C_T02_1228,20250625_chem02_35C_T02_1228_F08_e01,1,1,1.0,1,1,1,0,0,-0.2027545016675088,-0.2027545016675088
20250625_chem02_35C_T02_1228,20250625_chem02_35C_T02_1228_F10_e01,1,1,1.0,1,1,1,0,0,-0.6790500505028827,-0.6790500505028827
20250625_chem02_35C_T02_1228,20250625_chem02_35C_T02_1228_F10_e02,1,1,1.0,1,1,1,0,0,-0.9412335116591501,-0.9412335116591501
20250625_chem02_35C_T02_1228,20250625_chem02_35C_T02_1228_F11_e01,1,1,1.0,1,1,1,0,0,-0.010099776645485491,-0.010099776645485491
20250625_chem02_35C_T02_1228,20250625_chem02_35C_T02_1228_F12_e01,1,1,1.0,1,1,1,0,0,-0.8492110482654961,-0.8492110482654961
20250625_chem02_35C_T02_1228,20250625_chem02_35C_T02_1228_F12_e02,1,1,1.0,1,1,1,0,0,-0.7181549820562685,-0.7181549820562685
20250625_chem02_35C_T02_1228,20250625_chem02_35C_T02_1228_G01_e01,1,1,1.0,1,1,1,0,0,-0.0009487191650203556,-0.0009487191650203556
20250625_chem02_35C_T02_1228,20250625_chem02_35C_T02_1228_G02_e01,1,0,0.0,0,0,0,0,0,,
20250625_chem02_35C_T02_1228,20250625_chem02_35C_T02_1228_G05_e01,1,1,1.0,1,1,1,0,0,-0.2118887759155475,-0.2118887759155475
20250625_chem02_35C_T02_1228,20250625_chem02_35C_T02_1228_G07_e01,1,1,1.0,1,1,1,0,0,-0.8236837517450242,-0.8236837517450242
20250625_chem02_35C_T02_1228,20250625_chem02_35C_T02_1228_G08_e01,1,1,1.0,1,1,1,0,0,-0.08583411296937081,-0.08583411296937081
20250625_chem02_35C_T02_1228,20250625_chem02_35C_T02_1228_G10_e01,1,1,1.0,1,1,1,0,0,-0.9482195321566166,-0.9482195321566166
20250625_chem02_35C_T02_1228,20250625_chem02_35C_T02_1228_G11_e01,1,1,1.0,1,1,1,0,0,-0.24649999698677913,-0.24649999698677913
20250625_chem02_35C_T02_1228,20250625_chem02_35C_T02_1228_G12_e01,1,1,1.0,1,1,1,0,0,-0.47961489958061576,-0.47961489958061576
20250625_chem02_35C_T02_1228,20250625_chem02_35C_T02_1228_G12_e02,1,1,1.0,1,1,1,0,0,-0.5671100860272629,-0.5671100860272629
20250625_chem02_35C_T02_1228,20250625_chem02_35C_T02_1228_H01_e01,1,0,0.0,0,0,0,0,0,,
20250625_chem02_35C_T02_1228,20250625_chem02_35C_T02_1228_H02_e01,1,0,0.0,0,0,0,0,0,,
20250625_chem02_35C_T02_1228,20250625_chem02_35C_T02_1228_H05_e01,1,1,1.0,1,1,1,0,0,-0.6476696016737226,-0.6476696016737226
20250625_chem02_35C_T02_1228,20250625_chem02_35C_T02_1228_H07_e01,1,1,1.0,1,1,1,0,0,-0.7601004756978132,-0.7601004756978132
20250625_chem02_35C_T02_1228,20250625_chem02_35C_T02_1228_H08_e01,1,1,1.0,1,1,1,0,0,-0.22031815440167968,-0.22031815440167968
20250625_chem02_35C_T02_1228,20250625_chem02_35C_T02_1228_H10_e01,1,1,1.0,1,1,1,0,0,-0.5347562097173748,-0.5347562097173748
20250625_chem02_35C_T02_1228,20250625_chem02_35C_T02_1228_H11_e01,1,0,0.0,0,0,0,0,0,,
20250625_chem02_35C_T02_1228,20250625_chem02_35C_T02_1228_H12_e01,1,1,1.0,1,1,1,0,0,-0.5015925424429154,-0.5015925424429154
20250703_chem3_28C_T00_1325,20250703_chem3_28C_T00_1325_A01_e01,1,0,0.0,0,0,0,0,0,,
20250703_chem3_28C_T00_1325,20250703_chem3_28C_T00_1325_A02_e01,1,0,0.0,0,0,0,0,0,,
20250703_chem3_28C_T00_1325,20250703_chem3_28C_T00_1325_A03_e01,1,0,0.0,0,0,0,0,0,,
20250703_chem3_28C_T00_1325,20250703_chem3_28C_T00_1325_A04_e01,1,0,0.0,0,0,0,0,0,,
20250703_chem3_28C_T00_1325,20250703_chem3_28C_T00_1325_A05_e01,1,0,0.0,0,0,0,0,0,,
20250703_chem3_28C_T00_1325,20250703_chem3_28C_T00_1325_A06_e01,1,0,0.0,0,0,0,0,0,,
20250703_chem3_28C_T00_1325,20250703_chem3_28C_T00_1325_A07_e01,1,0,0.0,0,0,0,0,0,,
20250703_chem3_28C_T00_1325,20250703_chem3_28C_T00_1325_B01_e01,1,0,0.0,0,0,0,0,0,,
20250703_chem3_28C_T00_1325,20250703_chem3_28C_T00_1325_B02_e01,1,0,0.0,0,0,0,0,0,,
20250703_chem3_28C_T00_1325,20250703_chem3_28C_T00_1325_B03_e01,1,0,0.0,0,0,0,0,0,,
20250703_chem3_28C_T00_1325,20250703_chem3_28C_T00_1325_B04_e01,1,0,0.0,0,0,0,0,0,,
20250703_chem3_28C_T00_1325,20250703_chem3_28C_T00_1325_B05_e01,1,0,0.0,0,0,0,0,0,,
20250703_chem3_28C_T00_1325,20250703_chem3_28C_T00_1325_B06_e01,1,0,0.0,0,0,0,0,0,,
20250703_chem3_28C_T00_1325,20250703_chem3_28C_T00_1325_B07_e01,1,0,0.0,0,0,0,0,0,,
20250703_chem3_28C_T00_1325,20250703_chem3_28C_T00_1325_C01_e01,1,0,0.0,0,0,0,0,0,,
20250703_chem3_28C_T00_1325,20250703_chem3_28C_T00_1325_C02_e01,1,0,0.0,0,0,0,0,0,,
20250703_chem3_28C_T00_1325,20250703_chem3_28C_T00_1325_C03_e01,1,0,0.0,0,0,0,0,0,,
20250703_chem3_28C_T00_1325,20250703_chem3_28C_T00_1325_C04_e01,1,0,0.0,0,0,0,0,0,,
20250703_chem3_28C_T00_1325,20250703_chem3_28C_T00_1325_C05_e01,1,0,0.0,0,0,0,0,0,,
20250703_chem3_28C_T00_1325,20250703_chem3_28C_T00_1325_C06_e01,1,0,0.0,0,0,0,0,0,,
20250703_chem3_28C_T00_1325,20250703_chem3_28C_T00_1325_C07_e01,1,0,0.0,0,0,0,0,0,,
20250703_chem3_28C_T00_1325,20250703_chem3_28C_T00_1325_D01_e01,1,0,0.0,0,0,0,0,0,,
20250703_chem3_28C_T00_1325,20250703_chem3_28C_T00_1325_D02_e01,1,0,0.0,0,0,0,0,0,,
20250703_chem3_28C_T00_1325,20250703_chem3_28C_T00_1325_D03_e01,1,0,0.0,0,0,0,0,0,,
20250703_chem3_28C_T00_1325,20250703_chem3_28C_T00_1325_D04_e01,1,0,0.0,0,0,0,0,0,,
20250703_chem3_28C_T00_1325,20250703_chem3_28C_T00_1325_D05_e01,1,0,0.0,0,0,0,0,0,,
20250703_chem3_28C_T00_1325,20250703_chem3_28C_T00_1325_D06_e01,1,0,0.0,0,0,0,0,0,,
20250703_chem3_28C_T00_1325,20250703_chem3_28C_T00_1325_D07_e01,1,0,0.0,0,0,0,0,0,,
20250703_chem3_28C_T00_1325,20250703_chem3_28C_T00_1325_E01_e01,1,0,0.0,0,0,0,0,0,,
20250703_chem3_28C_T00_1325,20250703_chem3_28C_T00_1325_E01_e02,1,0,0.0,0,0,0,0,0,,
20250703_chem3_28C_T00_1325,20250703_chem3_28C_T00_1325_E02_e01,1,0,0.0,0,0,0,0,0,,
20250703_chem3_28C_T00_1325,20250703_chem3_28C_T00_1325_E03_e01,1,0,0.0,0,0,0,0,0,,
20250703_chem3_28C_T00_1325,20250703_chem3_28C_T00_1325_E04_e01,1,0,0.0,0,0,0,0,0,,
20250703_chem3_28C_T00_1325,20250703_chem3_28C_T00_1325_E05_e01,1,0,0.0,0,0,0,0,0,,
20250703_chem3_28C_T00_1325,20250703_chem3_28C_T00_1325_E06_e01,1,0,0.0,0,0,0,0,0,,
20250703_chem3_28C_T00_1325,20250703_chem3_28C_T00_1325_E07_e01,1,0,0.0,0,0,0,0,0,,
20250703_chem3_28C_T00_1325,20250703_chem3_28C_T00_1325_F01_e01,1,0,0.0,0,0,0,0,0,,
20250703_chem3_28C_T00_1325,20250703_chem3_28C_T00_1325_F01_e02,1,0,0.0,0,0,0,0,0,,
20250703_chem3_28C_T00_1325,20250703_chem3_28C_T00_1325_F02_e01,1,0,0.0,0,0,0,0,0,,
20250703_chem3_28C_T00_1325,20250703_chem3_28C_T00_1325_F03_e01,1,0,0.0,0,0,0,0,0,,
20250703_chem3_28C_T00_1325,20250703_chem3_28C_T00_1325_F04_e01,1,0,0.0,0,0,0,0,0,,
20250703_chem3_28C_T00_1325,20250703_chem3_28C_T00_1325_F04_e02,1,0,0.0,0,0,0,0,0,,
20250703_chem3_28C_T00_1325,20250703_chem3_28C_T00_1325_F05_e01,1,0,0.0,0,0,0,0,0,,
20250703_chem3_28C_T00_1325,20250703_chem3_28C_T00_1325_F06_e01,1,0,0.0,0,0,0,0,0,,
20250703_chem3_28C_T00_1325,20250703_chem3_28C_T00_1325_F07_e01,1,0,0.0,0,0,0,0,0,,
20250703_chem3_28C_T00_1325,20250703_chem3_28C_T00_1325_G01_e01,1,0,0.0,0,0,0,0,0,,
20250703_chem3_28C_T00_1325,20250703_chem3_28C_T00_1325_G02_e01,1,0,0.0,0,0,0,0,0,,
20250703_chem3_28C_T00_1325,20250703_chem3_28C_T00_1325_G03_e01,1,0,0.0,0,0,0,0,0,,
20250703_chem3_28C_T00_1325,20250703_chem3_28C_T00_1325_G04_e01,1,0,0.0,0,0,0,0,0,,
20250703_chem3_28C_T00_1325,20250703_chem3_28C_T00_1325_G05_e01,1,0,0.0,0,0,0,0,0,,
20250703_chem3_28C_T00_1325,20250703_chem3_28C_T00_1325_G06_e01,1,0,0.0,0,0,0,0,0,,
20250703_chem3_28C_T00_1325,20250703_chem3_28C_T00_1325_G07_e01,1,0,0.0,0,0,0,0,0,,
20250703_chem3_28C_T00_1325,20250703_chem3_28C_T00_1325_H01_e01,1,0,0.0,0,0,0,0,0,,
20250703_chem3_28C_T00_1325,20250703_chem3_28C_T00_1325_H02_e01,1,0,0.0,0,0,0,0,0,,
20250703_chem3_28C_T00_1325,20250703_chem3_28C_T00_1325_H02_e02,1,0,0.0,0,0,0,0,0,,
20250703_chem3_28C_T00_1325,20250703_chem3_28C_T00_1325_H03_e01,1,0,0.0,0,0,0,0,0,,
20250703_chem3_28C_T00_1325,20250703_chem3_28C_T00_1325_H04_e01,1,0,0.0,0,0,0,0,0,,
20250703_chem3_28C_T00_1325,20250703_chem3_28C_T00_1325_H05_e01,1,0,0.0,0,0,0,0,0,,
20250703_chem3_28C_T00_1325,20250703_chem3_28C_T00_1325_H06_e01,1,0,0.0,0,0,0,0,0,,
20250703_chem3_28C_T00_1325,20250703_chem3_28C_T00_1325_H07_e01,1,0,0.0,0,0,0,0,0,,
20250703_chem3_28C_T00_1325,20250703_chem3_28C_T00_1325_H07_e02,1,0,0.0,0,0,0,0,0,,
20250703_chem3_34C_T00_1131,20250703_chem3_34C_T00_1131_A01_e01,1,0,0.0,0,0,0,0,0,,
20250703_chem3_34C_T00_1131,20250703_chem3_34C_T00_1131_A02_e01,1,0,0.0,0,0,0,0,0,,
20250703_chem3_34C_T00_1131,20250703_chem3_34C_T00_1131_A03_e01,1,0,0.0,0,0,0,0,0,,
20250703_chem3_34C_T00_1131,20250703_chem3_34C_T00_1131_A04_e01,1,0,0.0,0,0,0,0,0,,
20250703_chem3_34C_T00_1131,20250703_chem3_34C_T00_1131_A05_e01,1,0,0.0,0,0,0,0,0,,
20250703_chem3_34C_T00_1131,20250703_chem3_34C_T00_1131_A06_e01,1,0,0.0,0,0,0,0,0,,
20250703_chem3_34C_T00_1131,20250703_chem3_34C_T00_1131_A07_e01,1,0,0.0,0,0,0,0,0,,
20250703_chem3_34C_T00_1131,20250703_chem3_34C_T00_1131_B01_e01,1,0,0.0,0,0,0,0,0,,
20250703_chem3_34C_T00_1131,20250703_chem3_34C_T00_1131_B02_e01,1,0,0.0,0,0,0,0,0,,
20250703_chem3_34C_T00_1131,20250703_chem3_34C_T00_1131_B03_e01,1,0,0.0,0,0,0,0,0,,
20250703_chem3_34C_T00_1131,20250703_chem3_34C_T00_1131_B04_e01,1,0,0.0,0,0,0,0,0,,
20250703_chem3_34C_T00_1131,20250703_chem3_34C_T00_1131_B05_e01,1,0,0.0,0,0,0,0,0,,
20250703_chem3_34C_T00_1131,20250703_chem3_34C_T00_1131_B06_e01,1,0,0.0,0,0,0,0,0,,
20250703_chem3_34C_T00_1131,20250703_chem3_34C_T00_1131_B07_e01,1,0,0.0,0,0,0,0,0,,
20250703_chem3_34C_T00_1131,20250703_chem3_34C_T00_1131_C01_e01,1,0,0.0,0,0,0,0,0,,
20250703_chem3_34C_T00_1131,20250703_chem3_34C_T00_1131_C02_e01,1,0,0.0,0,0,0,0,0,,
20250703_chem3_34C_T00_1131,20250703_chem3_34C_T00_1131_C03_e01,1,0,0.0,0,0,0,0,0,,
20250703_chem3_34C_T00_1131,20250703_chem3_34C_T00_1131_C03_e02,1,0,0.0,0,0,0,0,0,,
20250703_chem3_34C_T00_1131,20250703_chem3_34C_T00_1131_C04_e01,1,0,0.0,0,0,0,0,0,,
20250703_chem3_34C_T00_1131,20250703_chem3_34C_T00_1131_C05_e01,1,0,0.0,0,0,0,0,0,,
20250703_chem3_34C_T00_1131,20250703_chem3_34C_T00_1131_C06_e01,1,0,0.0,0,0,0,0,0,,
20250703_chem3_34C_T00_1131,20250703_chem3_34C_T00_1131_C07_e01,1,0,0.0,0,0,0,0,0,,
20250703_chem3_34C_T00_1131,20250703_chem3_34C_T00_1131_D01_e01,1,0,0.0,0,0,0,0,0,,
20250703_chem3_34C_T00_1131,20250703_chem3_34C_T00_1131_D02_e01,1,0,0.0,0,0,0,0,0,,
20250703_chem3_34C_T00_1131,20250703_chem3_34C_T00_1131_D03_e01,1,0,0.0,0,0,0,0,0,,
20250703_chem3_34C_T00_1131,20250703_chem3_34C_T00_1131_D04_e01,1,0,0.0,0,0,0,0,0,,
20250703_chem3_34C_T00_1131,20250703_chem3_34C_T00_1131_D05_e01,1,0,0.0,0,0,0,0,0,,
20250703_chem3_34C_T00_1131,20250703_chem3_34C_T00_1131_D05_e02,1,0,0.0,0,0,0,0,0,,
20250703_chem3_34C_T00_1131,20250703_chem3_34C_T00_1131_D06_e01,1,0,0.0,0,0,0,0,0,,
20250703_chem3_34C_T00_1131,20250703_chem3_34C_T00_1131_D07_e01,1,0,0.0,0,0,0,0,0,,
20250703_chem3_34C_T00_1131,20250703_chem3_34C_T00_1131_E01_e01,1,0,0.0,0,0,0,0,0,,
20250703_chem3_34C_T00_1131,20250703_chem3_34C_T00_1131_E02_e01,1,0,0.0,0,0,0,0,0,,
20250703_chem3_34C_T00_1131,20250703_chem3_34C_T00_1131_E03_e01,1,0,0.0,0,0,0,0,0,,
20250703_chem3_34C_T00_1131,20250703_chem3_34C_T00_1131_E04_e01,1,0,0.0,0,0,0,0,0,,
20250703_chem3_34C_T00_1131,20250703_chem3_34C_T00_1131_E05_e01,1,0,0.0,0,0,0,0,0,,
20250703_chem3_34C_T00_1131,20250703_chem3_34C_T00_1131_E06_e01,1,0,0.0,0,0,0,0,0,,
20250703_chem3_34C_T00_1131,20250703_chem3_34C_T00_1131_E07_e01,1,0,0.0,0,0,0,0,0,,
20250703_chem3_34C_T00_1131,20250703_chem3_34C_T00_1131_F01_e01,1,0,0.0,0,0,0,0,0,,
20250703_chem3_34C_T00_1131,20250703_chem3_34C_T00_1131_F02_e01,1,0,0.0,0,0,0,0,0,,
20250703_chem3_34C_T00_1131,20250703_chem3_34C_T00_1131_F03_e01,1,0,0.0,0,0,0,0,0,,
20250703_chem3_34C_T00_1131,20250703_chem3_34C_T00_1131_F04_e01,1,0,0.0,0,0,0,0,0,,
20250703_chem3_34C_T00_1131,20250703_chem3_34C_T00_1131_F05_e01,1,0,0.0,0,0,0,0,0,,
20250703_chem3_34C_T00_1131,20250703_chem3_34C_T00_1131_F06_e01,1,0,0.0,0,0,0,0,0,,
20250703_chem3_34C_T00_1131,20250703_chem3_34C_T00_1131_F07_e01,1,0,0.0,0,0,0,0,0,,
20250703_chem3_34C_T00_1131,20250703_chem3_34C_T00_1131_G01_e01,1,0,0.0,0,0,0,0,0,,
20250703_chem3_34C_T00_1131,20250703_chem3_34C_T00_1131_G02_e01,1,0,0.0,0,0,0,0,0,,
20250703_chem3_34C_T00_1131,20250703_chem3_34C_T00_1131_G03_e01,1,0,0.0,0,0,0,0,0,,
20250703_chem3_34C_T00_1131,20250703_chem3_34C_T00_1131_G04_e01,1,0,0.0,0,0,0,0,0,,
20250703_chem3_34C_T00_1131,20250703_chem3_34C_T00_1131_G05_e01,1,0,0.0,0,0,0,0,0,,
20250703_chem3_34C_T00_1131,20250703_chem3_34C_T00_1131_G06_e01,1,0,0.0,0,0,0,0,0,,
20250703_chem3_34C_T00_1131,20250703_chem3_34C_T00_1131_G07_e01,1,0,0.0,0,0,0,0,0,,
20250703_chem3_34C_T00_1131,20250703_chem3_34C_T00_1131_H01_e01,1,0,0.0,0,0,0,0,0,,
20250703_chem3_34C_T00_1131,20250703_chem3_34C_T00_1131_H02_e01,1,0,0.0,0,0,0,0,0,,
20250703_chem3_34C_T00_1131,20250703_chem3_34C_T00_1131_H03_e01,1,0,0.0,0,0,0,0,0,,
20250703_chem3_34C_T00_1131,20250703_chem3_34C_T00_1131_H04_e01,1,0,0.0,0,0,0,0,0,,
20250703_chem3_34C_T00_1131,20250703_chem3_34C_T00_1131_H05_e01,1,0,0.0,0,0,0,0,0,,
20250703_chem3_34C_T00_1131,20250703_chem3_34C_T00_1131_H06_e01,1,0,0.0,0,0,0,0,0,,
20250703_chem3_34C_T00_1131,20250703_chem3_34C_T00_1131_H07_e01,1,0,0.0,0,0,0,0,0,,
20250703_chem3_34C_T01_1457,20250703_chem3_34C_T01_1457_A01_e01,1,0,0.0,0,0,0,0,0,,
20250703_chem3_34C_T01_1457,20250703_chem3_34C_T01_1457_A02_e01,1,0,0.0,0,0,0,0,0,,
20250703_chem3_34C_T01_1457,20250703_chem3_34C_T01_1457_A03_e01,1,0,0.0,0,0,0,0,0,,
20250703_chem3_34C_T01_1457,20250703_chem3_34C_T01_1457_A04_e01,1,0,0.0,0,0,0,0,0,,
20250703_chem3_34C_T01_1457,20250703_chem3_34C_T01_1457_A05_e01,1,0,0.0,0,0,0,0,0,,
20250703_chem3_34C_T01_1457,20250703_chem3_34C_T01_1457_A06_e01,1,0,0.0,0,0,0,0,0,,
20250703_chem3_34C_T01_1457,20250703_chem3_34C_T01_1457_A07_e01,1,0,0.0,0,0,0,0,0,,
20250703_chem3_34C_T01_1457,20250703_chem3_34C_T01_1457_B01_e01,1,0,0.0,0,0,0,0,0,,
20250703_chem3_34C_T01_1457,20250703_chem3_34C_T01_1457_B02_e01,1,0,0.0,0,0,0,0,0,,
20250703_chem3_34C_T01_1457,20250703_chem3_34C_T01_1457_B03_e01,1,0,0.0,0,0,0,0,0,,
20250703_chem3_34C_T01_1457,20250703_chem3_34C_T01_1457_B04_e01,1,0,0.0,0,0,0,0,0,,
20250703_chem3_34C_T01_1457,20250703_chem3_34C_T01_1457_B05_e01,1,0,0.0,0,0,0,0,0,,
20250703_chem3_34C_T01_1457,20250703_chem3_34C_T01_1457_B06_e01,1,0,0.0,0,0,0,0,0,,
20250703_chem3_34C_T01_1457,20250703_chem3_34C_T01_1457_B07_e01,1,0,0.0,0,0,0,0,0,,
20250703_chem3_34C_T01_1457,20250703_chem3_34C_T01_1457_C01_e01,1,0,0.0,0,0,0,0,0,,
20250703_chem3_34C_T01_1457,20250703_chem3_34C_T01_1457_C02_e01,1,0,0.0,0,0,0,0,0,,
20250703_chem3_34C_T01_1457,20250703_chem3_34C_T01_1457_C03_e01,1,0,0.0,0,0,0,0,0,,
20250703_chem3_34C_T01_1457,20250703_chem3_34C_T01_1457_C04_e01,1,0,0.0,0,0,0,0,0,,
20250703_chem3_34C_T01_1457,20250703_chem3_34C_T01_1457_C05_e01,1,0,0.0,0,0,0,0,0,,
20250703_chem3_34C_T01_1457,20250703_chem3_34C_T01_1457_C06_e01,1,0,0.0,0,0,0,0,0,,
20250703_chem3_34C_T01_1457,20250703_chem3_34C_T01_1457_C07_e01,1,0,0.0,0,0,0,0,0,,
20250703_chem3_34C_T01_1457,20250703_chem3_34C_T01_1457_D01_e01,1,0,0.0,0,0,0,0,0,,
20250703_chem3_34C_T01_1457,20250703_chem3_34C_T01_1457_D02_e01,1,0,0.0,0,0,0,0,0,,
20250703_chem3_34C_T01_1457,20250703_chem3_34C_T01_1457_D03_e01,1,0,0.0,0,0,0,0,0,,
20250703_chem3_34C_T01_1457,20250703_chem3_34C_T01_1457_D04_e01,1,0,0.0,0,0,0,0,0,,
20250703_chem3_34C_T01_1457,20250703_chem3_34C_T01_1457_D05_e01,1,0,0.0,0,0,0,0,0,,
20250703_chem3_34C_T01_1457,20250703_chem3_34C_T01_1457_D05_e02,1,0,0.0,0,0,0,0,0,,
20250703_chem3_34C_T01_1457,20250703_chem3_34C_T01_1457_D06_e01,1,0,0.0,0,0,0,0,0,,
20250703_chem3_34C_T01_1457,20250703_chem3_34C_T01_1457_D07_e01,1,0,0.0,0,0,0,0,0,,
20250703_chem3_34C_T01_1457,20250703_chem3_34C_T01_1457_E01_e01,1,0,0.0,0,0,0,0,0,,
20250703_chem3_34C_T01_1457,20250703_chem3_34C_T01_1457_E02_e01,1,0,0.0,0,0,0,0,0,,
20250703_chem3_34C_T01_1457,20250703_chem3_34C_T01_1457_E03_e01,1,0,0.0,0,0,0,0,0,,
20250703_chem3_34C_T01_1457,20250703_chem3_34C_T01_1457_E03_e02,1,0,0.0,0,0,0,0,0,,
20250703_chem3_34C_T01_1457,20250703_chem3_34C_T01_1457_E04_e01,1,0,0.0,0,0,0,0,0,,
20250703_chem3_34C_T01_1457,20250703_chem3_34C_T01_1457_E05_e01,1,0,0.0,0,0,0,0,0,,
20250703_chem3_34C_T01_1457,20250703_chem3_34C_T01_1457_E06_e01,1,0,0.0,0,0,0,0,0,,
20250703_chem3_34C_T01_1457,20250703_chem3_34C_T01_1457_E07_e01,1,0,0.0,0,0,0,0,0,,
20250703_chem3_34C_T01_1457,20250703_chem3_34C_T01_1457_F01_e01,1,0,0.0,0,0,0,0,0,,
20250703_chem3_34C_T01_1457,20250703_chem3_34C_T01_1457_F02_e01,1,0,0.0,0,0,0,0,0,,
20250703_chem3_34C_T01_1457,20250703_chem3_34C_T01_1457_F03_e01,1,0,0.0,0,0,0,0,0,,
20250703_chem3_34C_T01_1457,20250703_chem3_34C_T01_1457_F04_e01,1,0,0.0,0,0,0,0,0,,
20250703_chem3_34C_T01_1457,20250703_chem3_34C_T01_1457_F05_e01,1,0,0.0,0,0,0,0,0,,
20250703_chem3_34C_T01_1457,20250703_chem3_34C_T01_1457_F06_e01,1,0,0.0,0,0,0,0,0,,
20250703_chem3_34C_T01_1457,20250703_chem3_34C_T01_1457_F07_e01,1,0,0.0,0,0,0,0,0,,
20250703_chem3_34C_T01_1457,20250703_chem3_34C_T01_1457_F07_e02,1,0,0.0,0,0,0,0,0,,
20250703_chem3_34C_T01_1457,20250703_chem3_34C_T01_1457_G01_e01,1,0,0.0,0,0,0,0,0,,
20250703_chem3_34C_T01_1457,20250703_chem3_34C_T01_1457_G02_e01,1,0,0.0,0,0,0,0,0,,
20250703_chem3_34C_T01_1457,20250703_chem3_34C_T01_1457_G03_e01,1,0,0.0,0,0,0,0,0,,
20250703_chem3_34C_T01_1457,20250703_chem3_34C_T01_1457_G04_e01,1,0,0.0,0,0,0,0,0,,
20250703_chem3_34C_T01_1457,20250703_chem3_34C_T01_1457_G05_e01,1,0,0.0,0,0,0,0,0,,
20250703_chem3_34C_T01_1457,20250703_chem3_34C_T01_1457_G06_e01,1,0,0.0,0,0,0,0,0,,
20250703_chem3_34C_T01_1457,20250703_chem3_34C_T01_1457_G07_e01,1,0,0.0,0,0,0,0,0,,
20250703_chem3_34C_T01_1457,20250703_chem3_34C_T01_1457_H01_e01,1,0,0.0,0,0,0,0,0,,
20250703_chem3_34C_T01_1457,20250703_chem3_34C_T01_1457_H02_e01,1,0,0.0,0,0,0,0,0,,
20250703_chem3_34C_T01_1457,20250703_chem3_34C_T01_1457_H03_e01,1,0,0.0,0,0,0,0,0,,
20250703_chem3_34C_T01_1457,20250703_chem3_34C_T01_1457_H04_e01,1,0,0.0,0,0,0,0,0,,
20250703_chem3_34C_T01_1457,20250703_chem3_34C_T01_1457_H05_e01,1,0,0.0,0,0,0,0,0,,
20250703_chem3_34C_T01_1457,20250703_chem3_34C_T01_1457_H06_e01,1,0,0.0,0,0,0,0,0,,
20250703_chem3_34C_T01_1457,20250703_chem3_34C_T01_1457_H07_e01,1,0,0.0,0,0,0,0,0,,
20250703_chem3_35C_T00_1101,20250703_chem3_35C_T00_1101_A01_e01,1,0,0.0,0,0,0,0,0,,
20250703_chem3_35C_T00_1101,20250703_chem3_35C_T00_1101_A01_e02,1,0,0.0,0,0,0,0,0,,
20250703_chem3_35C_T00_1101,20250703_chem3_35C_T00_1101_A02_e01,1,0,0.0,0,0,0,0,0,,
20250703_chem3_35C_T00_1101,20250703_chem3_35C_T00_1101_A03_e01,1,0,0.0,0,0,0,0,0,,
20250703_chem3_35C_T00_1101,20250703_chem3_35C_T00_1101_A04_e01,1,0,0.0,0,0,0,0,0,,
20250703_chem3_35C_T00_1101,20250703_chem3_35C_T00_1101_A04_e02,1,0,0.0,0,0,0,0,0,,
20250703_chem3_35C_T00_1101,20250703_chem3_35C_T00_1101_A05_e01,1,0,0.0,0,0,0,0,0,,
20250703_chem3_35C_T00_1101,20250703_chem3_35C_T00_1101_A06_e01,1,0,0.0,0,0,0,0,0,,
20250703_chem3_35C_T00_1101,20250703_chem3_35C_T00_1101_A07_e01,1,0,0.0,0,0,0,0,0,,
20250703_chem3_35C_T00_1101,20250703_chem3_35C_T00_1101_B01_e01,1,0,0.0,0,0,0,0,0,,
20250703_chem3_35C_T00_1101,20250703_chem3_35C_T00_1101_B01_e02,1,0,0.0,0,0,0,0,0,,
20250703_chem3_35C_T00_1101,20250703_chem3_35C_T00_1101_B02_e01,1,0,0.0,0,0,0,0,0,,
20250703_chem3_35C_T00_1101,20250703_chem3_35C_T00_1101_B03_e01,1,0,0.0,0,0,0,0,0,,
20250703_chem3_35C_T00_1101,20250703_chem3_35C_T00_1101_B04_e01,1,0,0.0,0,0,0,0,0,,
20250703_chem3_35C_T00_1101,20250703_chem3_35C_T00_1101_B05_e01,1,0,0.0,0,0,0,0,0,,
20250703_chem3_35C_T00_1101,20250703_chem3_35C_T00_1101_B06_e01,1,0,0.0,0,0,0,0,0,,
20250703_chem3_35C_T00_1101,20250703_chem3_35C_T00_1101_B07_e01,1,0,0.0,0,0,0,0,0,,
20250703_chem3_35C_T00_1101,20250703_chem3_35C_T00_1101_C01_e01,1,0,0.0,0,0,0,0,0,,
20250703_chem3_35C_T00_1101,20250703_chem3_35C_T00_1101_C02_e01,1,0,0.0,0,0,0,0,0,,
20250703_chem3_35C_T00_1101,20250703_chem3_35C_T00_1101_C03_e01,1,0,0.0,0,0,0,0,0,,
20250703_chem3_35C_T00_1101,20250703_chem3_35C_T00_1101_C04_e01,1,0,0.0,0,0,0,0,0,,
20250703_chem3_35C_T00_1101,20250703_chem3_35C_T00_1101_C05_e01,1,0,0.0,0,0,0,0,0,,
20250703_chem3_35C_T00_1101,20250703_chem3_35C_T00_1101_C06_e01,1,0,0.0,0,0,0,0,0,,
20250703_chem3_35C_T00_1101,20250703_chem3_35C_T00_1101_C07_e01,1,0,0.0,0,0,0,0,0,,
20250703_chem3_35C_T00_1101,20250703_chem3_35C_T00_1101_C07_e02,1,0,0.0,0,0,0,0,0,,
20250703_chem3_35C_T00_1101,20250703_chem3_35C_T00_1101_D01_e01,1,0,0.0,0,0,0,0,0,,
20250703_chem3_35C_T00_1101,20250703_chem3_35C_T00_1101_D02_e01,1,0,0.0,0,0,0,0,0,,
20250703_chem3_35C_T00_1101,20250703_chem3_35C_T00_1101_D03_e01,1,0,0.0,0,0,0,0,0,,
20250703_chem3_35C_T00_1101,20250703_chem3_35C_T00_1101_D04_e01,1,0,0.0,0,0,0,0,0,,
20250703_chem3_35C_T00_1101,20250703_chem3_35C_T00_1101_D05_e01,1,0,0.0,0,0,0,0,0,,
20250703_chem3_35C_T00_1101,20250703_chem3_35C_T00_1101_D05_e02,1,0,0.0,0,0,0,0,0,,
20250703_chem3_35C_T00_1101,20250703_chem3_35C_T00_1101_D06_e01,1,0,0.0,0,0,0,0,0,,
20250703_chem3_35C_T00_1101,20250703_chem3_35C_T00_1101_D07_e01,1,0,0.0,0,0,0,0,0,,
20250703_chem3_35C_T00_1101,20250703_chem3_35C_T00_1101_E01_e01,1,0,0.0,0,0,0,0,0,,
20250703_chem3_35C_T00_1101,20250703_chem3_35C_T00_1101_E02_e01,1,0,0.0,0,0,0,0,0,,
20250703_chem3_35C_T00_1101,20250703_chem3_35C_T00_1101_E02_e02,1,0,0.0,0,0,0,0,0,,
20250703_chem3_35C_T00_1101,20250703_chem3_35C_T00_1101_E03_e01,1,0,0.0,0,0,0,0,0,,
20250703_chem3_35C_T00_1101,20250703_chem3_35C_T00_1101_E04_e01,1,0,0.0,0,0,0,0,0,,
20250703_chem3_35C_T00_1101,20250703_chem3_35C_T00_1101_E05_e01,1,0,0.0,0,0,0,0,0,,
20250703_chem3_35C_T00_1101,20250703_chem3_35C_T00_1101_E06_e01,1,0,0.0,0,0,0,0,0,,
20250703_chem3_35C_T00_1101,20250703_chem3_35C_T00_1101_E07_e01,1,0,0.0,0,0,0,0,0,,
20250703_chem3_35C_T00_1101,20250703_chem3_35C_T00_1101_F01_e01,1,0,0.0,0,0,0,0,0,,
20250703_chem3_35C_T00_1101,20250703_chem3_35C_T00_1101_F02_e01,1,0,0.0,0,0,0,0,0,,
20250703_chem3_35C_T00_1101,20250703_chem3_35C_T00_1101_F03_e01,1,0,0.0,0,0,0,0,0,,
20250703_chem3_35C_T00_1101,20250703_chem3_35C_T00_1101_F04_e01,1,0,0.0,0,0,0,0,0,,
20250703_chem3_35C_T00_1101,20250703_chem3_35C_T00_1101_F05_e01,1,0,0.0,0,0,0,0,0,,
20250703_chem3_35C_T00_1101,20250703_chem3_35C_T00_1101_F05_e02,1,0,0.0,0,0,0,0,0,,
20250703_chem3_35C_T00_1101,20250703_chem3_35C_T00_1101_F06_e01,1,0,0.0,0,0,0,0,0,,
20250703_chem3_35C_T00_1101,20250703_chem3_35C_T00_1101_F07_e01,1,0,0.0,0,0,0,0,0,,
20250703_chem3_35C_T00_1101,20250703_chem3_35C_T00_1101_G01_e01,1,0,0.0,0,0,0,0,0,,
20250703_chem3_35C_T00_1101,20250703_chem3_35C_T00_1101_G02_e01,1,0,0.0,0,0,0,0,0,,
20250703_chem3_35C_T00_1101,20250703_chem3_35C_T00_1101_G03_e01,1,0,0.0,0,0,0,0,0,,
20250703_chem3_35C_T00_1101,20250703_chem3_35C_T00_1101_G04_e01,1,0,0.0,0,0,0,0,0,,
20250703_chem3_35C_T00_1101,20250703_chem3_35C_T00_1101_G04_e02,1,0,0.0,0,0,0,0,0,,
20250703_chem3_35C_T00_1101,20250703_chem3_35C_T00_1101_G05_e01,1,0,0.0,0,0,0,0,0,,
20250703_chem3_35C_T00_1101,20250703_chem3_35C_T00_1101_G06_e01,1,0,0.0,0,0,0,0,0,,
20250703_chem3_35C_T00_1101,20250703_chem3_35C_T00_1101_G07_e01,1,0,0.0,0,0,0,0,0,,
20250703_chem3_35C_T00_1101,20250703_chem3_35C_T00_1101_H01_e01,1,0,0.0,0,0,0,0,0,,
20250703_chem3_35C_T00_1101,20250703_chem3_35C_T00_1101_H02_e01,1,0,0.0,0,0,0,0,0,,
20250703_chem3_35C_T00_1101,20250703_chem3_35C_T00_1101_H02_e02,1,0,0.0,0,0,0,0,0,,
20250703_chem3_35C_T00_1101,20250703_chem3_35C_T00_1101_H03_e01,1,0,0.0,0,0,0,0,0,,
20250703_chem3_35C_T00_1101,20250703_chem3_35C_T00_1101_H04_e01,1,0,0.0,0,0,0,0,0,,
20250703_chem3_35C_T00_1101,20250703_chem3_35C_T00_1101_H05_e01,1,0,0.0,0,0,0,0,0,,
20250703_chem3_35C_T00_1101,20250703_chem3_35C_T00_1101_H06_e01,1,0,0.0,0,0,0,0,0,,
20250703_chem3_35C_T00_1101,20250703_chem3_35C_T00_1101_H07_e01,1,0,0.0,0,0,0,0,0,,
20250703_chem3_35C_T01_1437,20250703_chem3_35C_T01_1437_A01_e01,1,0,0.0,0,0,0,0,0,,
20250703_chem3_35C_T01_1437,20250703_chem3_35C_T01_1437_A02_e01,1,0,0.0,0,0,0,0,0,,
20250703_chem3_35C_T01_1437,20250703_chem3_35C_T01_1437_A03_e01,1,0,0.0,0,0,0,0,0,,
20250703_chem3_35C_T01_1437,20250703_chem3_35C_T01_1437_A04_e01,1,0,0.0,0,0,0,0,0,,
20250703_chem3_35C_T01_1437,20250703_chem3_35C_T01_1437_A05_e01,1,0,0.0,0,0,0,0,0,,
20250703_chem3_35C_T01_1437,20250703_chem3_35C_T01_1437_A06_e01,1,0,0.0,0,0,0,0,0,,
20250703_chem3_35C_T01_1437,20250703_chem3_35C_T01_1437_A07_e01,1,0,0.0,0,0,0,0,0,,
20250703_chem3_35C_T01_1437,20250703_chem3_35C_T01_1437_B01_e01,1,0,0.0,0,0,0,0,0,,
20250703_chem3_35C_T01_1437,20250703_chem3_35C_T01_1437_B02_e01,1,0,0.0,0,0,0,0,0,,
20250703_chem3_35C_T01_1437,20250703_chem3_35C_T01_1437_B02_e02,1,0,0.0,0,0,0,0,0,,
20250703_chem3_35C_T01_1437,20250703_chem3_35C_T01_1437_B03_e01,1,0,0.0,0,0,0,0,0,,
20250703_chem3_35C_T01_1437,20250703_chem3_35C_T01_1437_B04_e01,1,0,0.0,0,0,0,0,0,,
20250703_chem3_35C_T01_1437,20250703_chem3_35C_T01_1437_B05_e01,1,0,0.0,0,0,0,0,0,,
20250703_chem3_35C_T01_1437,20250703_chem3_35C_T01_1437_B06_e01,1,0,0.0,0,0,0,0,0,,
20250703_chem3_35C_T01_1437,20250703_chem3_35C_T01_1437_B07_e01,1,0,0.0,0,0,0,0,0,,
20250703_chem3_35C_T01_1437,20250703_chem3_35C_T01_1437_C01_e01,1,0,0.0,0,0,0,0,0,,
20250703_chem3_35C_T01_1437,20250703_chem3_35C_T01_1437_C02_e01,1,0,0.0,0,0,0,0,0,,
20250703_chem3_35C_T01_1437,20250703_chem3_35C_T01_1437_C03_e01,1,0,0.0,0,0,0,0,0,,
20250703_chem3_35C_T01_1437,20250703_chem3_35C_T01_1437_C04_e01,1,0,0.0,0,0,0,0,0,,
20250703_chem3_35C_T01_1437,20250703_chem3_35C_T01_1437_C05_e01,1,0,0.0,0,0,0,0,0,,
20250703_chem3_35C_T01_1437,20250703_chem3_35C_T01_1437_C06_e01,1,0,0.0,0,0,0,0,0,,
20250703_chem3_35C_T01_1437,20250703_chem3_35C_T01_1437_C07_e01,1,0,0.0,0,0,0,0,0,,
20250703_chem3_35C_T01_1437,20250703_chem3_35C_T01_1437_D01_e01,1,0,0.0,0,0,0,0,0,,
20250703_chem3_35C_T01_1437,20250703_chem3_35C_T01_1437_D02_e01,1,0,0.0,0,0,0,0,0,,
20250703_chem3_35C_T01_1437,20250703_chem3_35C_T01_1437_D03_e01,1,0,0.0,0,0,0,0,0,,
20250703_chem3_35C_T01_1437,20250703_chem3_35C_T01_1437_D04_e01,1,0,0.0,0,0,0,0,0,,
20250703_chem3_35C_T01_1437,20250703_chem3_35C_T01_1437_D05_e01,1,0,0.0,0,0,0,0,0,,
20250703_chem3_35C_T01_1437,20250703_chem3_35C_T01_1437_D06_e01,1,0,0.0,0,0,0,0,0,,
20250703_chem3_35C_T01_1437,20250703_chem3_35C_T01_1437_D07_e01,1,0,0.0,0,0,0,0,0,,
20250703_chem3_35C_T01_1437,20250703_chem3_35C_T01_1437_E01_e01,1,0,0.0,0,0,0,0,0,,
20250703_chem3_35C_T01_1437,20250703_chem3_35C_T01_1437_E02_e01,1,0,0.0,0,0,0,0,0,,
20250703_chem3_35C_T01_1437,20250703_chem3_35C_T01_1437_E03_e01,1,0,0.0,0,0,0,0,0,,
20250703_chem3_35C_T01_1437,20250703_chem3_35C_T01_1437_E04_e01,1,0,0.0,0,0,0,0,0,,
20250703_chem3_35C_T01_1437,20250703_chem3_35C_T01_1437_E05_e01,1,0,0.0,0,0,0,0,0,,
20250703_chem3_35C_T01_1437,20250703_chem3_35C_T01_1437_E06_e01,1,0,0.0,0,0,0,0,0,,
20250703_chem3_35C_T01_1437,20250703_chem3_35C_T01_1437_E07_e01,1,0,0.0,0,0,0,0,0,,
20250703_chem3_35C_T01_1437,20250703_chem3_35C_T01_1437_F01_e01,1,0,0.0,0,0,0,0,0,,
20250703_chem3_35C_T01_1437,20250703_chem3_35C_T01_1437_F02_e01,1,0,0.0,0,0,0,0,0,,
20250703_chem3_35C_T01_1437,20250703_chem3_35C_T01_1437_F03_e01,1,0,0.0,0,0,0,0,0,,
20250703_chem3_35C_T01_1437,20250703_chem3_35C_T01_1437_F04_e01,1,0,0.0,0,0,0,0,0,,
20250703_chem3_35C_T01_1437,20250703_chem3_35C_T01_1437_F05_e01,1,0,0.0,0,0,0,0,0,,
20250703_chem3_35C_T01_1437,20250703_chem3_35C_T01_1437_F06_e01,1,0,0.0,0,0,0,0,0,,
20250703_chem3_35C_T01_1437,20250703_chem3_35C_T01_1437_F07_e01,1,0,0.0,0,0,0,0,0,,
20250703_chem3_35C_T01_1437,20250703_chem3_35C_T01_1437_G01_e01,1,0,0.0,0,0,0,0,0,,
20250703_chem3_35C_T01_1437,20250703_chem3_35C_T01_1437_G02_e01,1,0,0.0,0,0,0,0,0,,
20250703_chem3_35C_T01_1437,20250703_chem3_35C_T01_1437_G03_e01,1,0,0.0,0,0,0,0,0,,
20250703_chem3_35C_T01_1437,20250703_chem3_35C_T01_1437_G03_e02,1,0,0.0,0,0,0,0,0,,
20250703_chem3_35C_T01_1437,20250703_chem3_35C_T01_1437_G04_e01,1,0,0.0,0,0,0,0,0,,
20250703_chem3_35C_T01_1437,20250703_chem3_35C_T01_1437_G05_e01,1,0,0.0,0,0,0,0,0,,
20250703_chem3_35C_T01_1437,20250703_chem3_35C_T01_1437_G06_e01,1,0,0.0,0,0,0,0,0,,
20250703_chem3_35C_T01_1437,20250703_chem3_35C_T01_1437_G07_e01,1,0,0.0,0,0,0,0,0,,
20250703_chem3_35C_T01_1437,20250703_chem3_35C_T01_1437_H01_e01,1,0,0.0,0,0,0,0,0,,
20250703_chem3_35C_T01_1437,20250703_chem3_35C_T01_1437_H02_e01,1,0,0.0,0,0,0,0,0,,
20250703_chem3_35C_T01_1437,20250703_chem3_35C_T01_1437_H03_e01,1,0,0.0,0,0,0,0,0,,
20250703_chem3_35C_T01_1437,20250703_chem3_35C_T01_1437_H04_e01,1,0,0.0,0,0,0,0,0,,
20250703_chem3_35C_T01_1437,20250703_chem3_35C_T01_1437_H05_e01,1,0,0.0,0,0,0,0,0,,
20250703_chem3_35C_T01_1437,20250703_chem3_35C_T01_1437_H06_e01,1,0,0.0,0,0,0,0,0,,
20250703_chem3_35C_T01_1437,20250703_chem3_35C_T01_1437_H07_e01,1,0,0.0,0,0,0,0,0,,
20250716_chem4_28C_T00_1158,20250716_chem4_28C_T00_1158_A01_e01,1,0,0.0,0,0,0,0,0,,
20250716_chem4_28C_T00_1158,20250716_chem4_28C_T00_1158_A02_e01,1,0,0.0,0,0,0,0,0,,
20250716_chem4_28C_T00_1158,20250716_chem4_28C_T00_1158_A03_e01,1,0,0.0,0,0,0,0,0,,
20250716_chem4_28C_T00_1158,20250716_chem4_28C_T00_1158_A04_e01,1,0,0.0,0,0,0,0,0,,
20250716_chem4_28C_T00_1158,20250716_chem4_28C_T00_1158_A05_e01,1,1,1.0,1,1,1,0,0,-0.02545639176811462,-0.02545639176811462
20250716_chem4_28C_T00_1158,20250716_chem4_28C_T00_1158_A06_e01,1,0,0.0,0,0,0,0,0,,
20250716_chem4_28C_T00_1158,20250716_chem4_28C_T00_1158_A07_e01,1,0,0.0,0,0,0,0,0,,
20250716_chem4_28C_T00_1158,20250716_chem4_28C_T00_1158_A08_e01,1,0,0.0,0,0,0,0,0,,
20250716_chem4_28C_T00_1158,20250716_chem4_28C_T00_1158_A09_e01,1,0,0.0,0,0,0,0,0,,
20250716_chem4_28C_T00_1158,20250716_chem4_28C_T00_1158_A10_e01,1,0,0.0,0,0,0,0,0,,
20250716_chem4_28C_T00_1158,20250716_chem4_28C_T00_1158_A11_e01,1,0,0.0,0,0,0,0,0,,
20250716_chem4_28C_T00_1158,20250716_chem4_28C_T00_1158_B01_e01,1,0,0.0,0,0,0,0,0,,
20250716_chem4_28C_T00_1158,20250716_chem4_28C_T00_1158_B02_e01,1,0,0.0,0,0,0,0,0,,
20250716_chem4_28C_T00_1158,20250716_chem4_28C_T00_1158_B03_e01,1,0,0.0,0,0,0,0,0,,
20250716_chem4_28C_T00_1158,20250716_chem4_28C_T00_1158_B04_e01,1,0,0.0,0,0,0,0,0,,
20250716_chem4_28C_T00_1158,20250716_chem4_28C_T00_1158_B05_e01,1,0,0.0,0,0,0,0,0,,
20250716_chem4_28C_T00_1158,20250716_chem4_28C_T00_1158_B06_e01,1,0,0.0,0,0,0,0,0,,
20250716_chem4_28C_T00_1158,20250716_chem4_28C_T00_1158_B07_e01,1,0,0.0,0,0,0,0,0,,
20250716_chem4_28C_T00_1158,20250716_chem4_28C_T00_1158_B08_e01,1,0,0.0,0,0,0,0,0,,
20250716_chem4_28C_T00_1158,20250716_chem4_28C_T00_1158_B09_e01,1,0,0.0,0,0,0,0,0,,
20250716_chem4_28C_T00_1158,20250716_chem4_28C_T00_1158_B10_e01,1,0,0.0,0,0,0,0,0,,
20250716_chem4_28C_T00_1158,20250716_chem4_28C_T00_1158_B11_e01,1,0,0.0,0,0,0,0,0,,
20250716_chem4_28C_T00_1158,20250716_chem4_28C_T00_1158_C01_e01,1,0,0.0,0,0,0,0,0,,
20250716_chem4_28C_T00_1158,20250716_chem4_28C_T00_1158_C02_e01,1,0,0.0,0,0,0,0,0,,
20250716_chem4_28C_T00_1158,20250716_chem4_28C_T00_1158_C03_e01,1,0,0.0,0,0,0,0,0,,
20250716_chem4_28C_T00_1158,20250716_chem4_28C_T00_1158_C03_e02,1,1,1.0,1,1,1,0,0,-0.21487546254233472,-0.21487546254233472
20250716_chem4_28C_T00_1158,20250716_chem4_28C_T00_1158_C04_e01,1,0,0.0,0,0,0,0,0,,
20250716_chem4_28C_T00_1158,20250716_chem4_28C_T00_1158_C05_e01,1,0,0.0,0,0,0,0,0,,
20250716_chem4_28C_T00_1158,20250716_chem4_28C_T00_1158_C06_e01,1,0,0.0,0,0,0,0,0,,
20250716_chem4_28C_T00_1158,20250716_chem4_28C_T00_1158_C07_e01,1,0,0.0,0,0,0,0,0,,
20250716_chem4_28C_T00_1158,20250716_chem4_28C_T00_1158_C08_e01,1,0,0.0,0,0,0,0,0,,
20250716_chem4_28C_T00_1158,20250716_chem4_28C_T00_1158_C09_e01,1,0,0.0,0,0,0,0,0,,
20250716_chem4_28C_T00_1158,20250716_chem4_28C_T00_1158_C10_e01,1,0,0.0,0,0,0,0,0,,
20250716_chem4_28C_T00_1158,20250716_chem4_28C_T00_1158_C11_e01,1,0,0.0,0,0,0,0,0,,
20250716_chem4_28C_T00_1158,20250716_chem4_28C_T00_1158_C11_e02,1,1,1.0,1,1,1,0,0,-0.30627366302302644,-0.30627366302302644
20250716_chem4_28C_T00_1158,20250716_chem4_28C_T00_1158_D01_e01,1,0,0.0,0,0,0,0,0,,
20250716_chem4_28C_T00_1158,20250716_chem4_28C_T00_1158_D02_e01,1,0,0.0,0,0,0,0,0,,
20250716_chem4_28C_T00_1158,20250716_chem4_28C_T00_1158_D03_e01,1,0,0.0,0,0,0,0,0,,
20250716_chem4_28C_T00_1158,20250716_chem4_28C_T00_1158_D04_e01,1,0,0.0,0,0,0,0,0,,
20250716_chem4_28C_T00_1158,20250716_chem4_28C_T00_1158_D05_e01,1,0,0.0,0,0,0,0,0,,
20250716_chem4_28C_T00_1158,20250716_chem4_28C_T00_1158_D05_e02,1,1,1.0,1,1,1,0,0,-0.9401682964836265,-0.9401682964836265
20250716_chem4_28C_T00_1158,20250716_chem4_28C_T00_1158_D06_e01,1,0,0.0,0,0,0,0,0,,
20250716_chem4_28C_T00_1158,20250716_chem4_28C_T00_1158_D07_e01,1,0,0.0,0,0,0,0,0,,
20250716_chem4_28C_T00_1158,20250716_chem4_28C_T00_1158_D08_e01,1,0,0.0,0,0,0,0,0,,
20250716_chem4_28C_T00_1158,20250716_chem4_28C_T00_1158_D09_e01,1,0,0.0,0,0,0,0,0,,
20250716_chem4_28C_T00_1158,20250716_chem4_28C_T00_1158_D10_e01,1,0,0.0,0,0,0,0,0,,
20250716_chem4_28C_T00_1158,20250716_chem4_28C_T00_1158_D11_e01,1,0,0.0,0,0,0,0,0,,
20250716_chem4_28C_T00_1158,20250716_chem4_28C_T00_1158_E01_e01,1,0,0.0,0,0,0,0,0,,
20250716_chem4_28C_T00_1158,20250716_chem4_28C_T00_1158_E02_e01,1,0,0.0,0,0,0,0,0,,
20250716_chem4_28C_T00_1158,20250716_chem4_28C_T00_1158_E03_e01,1,0,0.0,0,0,0,0,0,,
20250716_chem4_28C_T00_1158,20250716_chem4_28C_T00_1158_E04_e01,1,0,0.0,0,0,0,0,0,,
20250716_chem4_28C_T00_1158,20250716_chem4_28C_T00_1158_E05_e01,1,0,0.0,0,0,0,0,0,,
20250716_chem4_28C_T00_1158,20250716_chem4_28C_T00_1158_E06_e01,1,0,0.0,0,0,0,0,0,,
20250716_chem4_28C_T00_1158,20250716_chem4_28C_T00_1158_E07_e01,1,0,0.0,0,0,0,0,0,,
20250716_chem4_28C_T00_1158,20250716_chem4_28C_T00_1158_E08_e01,1,0,0.0,0,0,0,0,0,,
20250716_chem4_28C_T00_1158,20250716_chem4_28C_T00_1158_E09_e01,1,0,0.0,0,0,0,0,0,,
20250716_chem4_28C_T00_1158,20250716_chem4_28C_T00_1158_E10_e01,1,0,0.0,0,0,0,0,0,,
20250716_chem4_28C_T00_1158,20250716_chem4_28C_T00_1158_E11_e01,1,0,0.0,0,0,0,0,0,,
20250716_chem4_28C_T00_1158,20250716_chem4_28C_T00_1158_F01_e01,1,0,0.0,0,0,0,0,0,,
20250716_chem4_28C_T00_1158,20250716_chem4_28C_T00_1158_F02_e01,1,0,0.0,0,0,0,0,0,,
20250716_chem4_28C_T00_1158,20250716_chem4_28C_T00_1158_F02_e02,1,1,1.0,1,1,1,0,0,-0.8387389945068487,-0.8387389945068487
20250716_chem4_28C_T00_1158,20250716_chem4_28C_T00_1158_F03_e01,1,0,0.0,0,0,0,0,0,,
20250716_chem4_28C_T00_1158,20250716_chem4_28C_T00_1158_F04_e01,1,0,0.0,0,0,0,0,0,,
20250716_chem4_28C_T00_1158,20250716_chem4_28C_T00_1158_F05_e01,1,0,0.0,0,0,0,0,0,,
20250716_chem4_28C_T00_1158,20250716_chem4_28C_T00_1158_F07_e01,1,0,0.0,0,0,0,0,0,,
20250716_chem4_28C_T00_1158,20250716_chem4_28C_T00_1158_F08_e01,1,0,0.0,0,0,0,0,0,,
20250716_chem4_28C_T00_1158,20250716_chem4_28C_T00_1158_F09_e01,1,0,0.0,0,0,0,0,0,,
20250716_chem4_28C_T00_1158,20250716_chem4_28C_T00_1158_F11_e01,1,0,0.0,0,0,0,0,0,,
20250716_chem4_28C_T00_1158,20250716_chem4_28C_T00_1158_G01_e01,1,0,0.0,0,0,0,0,0,,
20250716_chem4_28C_T00_1158,20250716_chem4_28C_T00_1158_G02_e01,1,0,0.0,0,0,0,0,0,,
20250716_chem4_28C_T00_1158,20250716_chem4_28C_T00_1158_G03_e01,1,0,0.0,0,0,0,0,0,,
20250716_chem4_28C_T00_1158,20250716_chem4_28C_T00_1158_G04_e01,1,0,0.0,0,0,0,0,0,,
20250716_chem4_28C_T00_1158,20250716_chem4_28C_T00_1158_G05_e01,1,0,0.0,0,0,0,0,0,,
20250716_chem4_28C_T00_1158,20250716_chem4_28C_T00_1158_G06_e01,1,0,0.0,0,0,0,0,0,,
20250716_chem4_28C_T00_1158,20250716_chem4_28C_T00_1158_G07_e01,1,0,0.0,0,0,0,0,0,,
20250716_chem4_28C_T00_1158,20250716_chem4_28C_T00_1158_G08_e01,1,0,0.0,0,0,0,0,0,,
20250716_chem4_28C_T00_1158,20250716_chem4_28C_T00_1158_G09_e01,1,0,0.0,0,0,0,0,0,,
20250716_chem4_28C_T00_1158,20250716_chem4_28C_T00_1158_G11_e01,1,0,0.0,0,0,0,0,0,,
20250716_chem4_28C_T00_1158,20250716_chem4_28C_T00_1158_H01_e01,1,0,0.0,0,0,0,0,0,,
20250716_chem4_28C_T00_1158,20250716_chem4_28C_T00_1158_H02_e01,1,0,0.0,0,0,0,0,0,,
20250716_chem4_28C_T00_1158,20250716_chem4_28C_T00_1158_H03_e01,1,0,0.0,0,0,0,0,0,,
20250716_chem4_28C_T00_1158,20250716_chem4_28C_T00_1158_H05_e01,1,0,0.0,0,0,0,0,0,,
20250716_chem4_28C_T00_1158,20250716_chem4_28C_T00_1158_H07_e01,1,0,0.0,0,0,0,0,0,,
20250716_chem4_28C_T00_1158,20250716_chem4_28C_T00_1158_H08_e01,1,0,0.0,0,0,0,0,0,,
20250716_chem4_28C_T00_1158,20250716_chem4_28C_T00_1158_H09_e01,1,0,0.0,0,0,0,0,0,,
20250716_chem4_28C_T00_1158,20250716_chem4_28C_T00_1158_H11_e01,1,0,0.0,0,0,0,0,0,,
20250716_chem4_28C_T00_1158,20250716_chem4_28C_T00_1158_H12_e01,1,1,1.0,1,1,1,0,0,-0.2944278562496112,-0.2944278562496112
20250716_chem4_28C_T01_1400,20250716_chem4_28C_T01_1400_A01_e01,1,0,0.0,0,0,0,0,0,,
20250716_chem4_28C_T01_1400,20250716_chem4_28C_T01_1400_A02_e01,1,0,0.0,0,0,0,0,0,,
20250716_chem4_28C_T01_1400,20250716_chem4_28C_T01_1400_A03_e01,1,0,0.0,0,0,0,0,0,,
20250716_chem4_28C_T01_1400,20250716_chem4_28C_T01_1400_A03_e02,1,1,1.0,1,1,1,0,0,-0.8091985514432942,-0.8091985514432942
20250716_chem4_28C_T01_1400,20250716_chem4_28C_T01_1400_A04_e01,1,0,0.0,0,0,0,0,0,,
20250716_chem4_28C_T01_1400,20250716_chem4_28C_T01_1400_A05_e01,1,1,1.0,1,1,1,0,0,-0.026452813436351714,-0.026452813436351714
20250716_chem4_28C_T01_1400,20250716_chem4_28C_T01_1400_A06_e01,1,1,1.0,1,1,1,0,0,-0.06497079166710633,-0.06497079166710633
20250716_chem4_28C_T01_1400,20250716_chem4_28C_T01_1400_A07_e01,1,0,0.0,0,0,0,0,0,,
20250716_chem4_28C_T01_1400,20250716_chem4_28C_T01_1400_A07_e02,1,1,1.0,1,1,1,0,0,-0.30790292511400047,-0.30790292511400047
20250716_chem4_28C_T01_1400,20250716_chem4_28C_T01_1400_A08_e01,1,0,0.0,0,0,0,0,0,,
20250716_chem4_28C_T01_1400,20250716_chem4_28C_T01_1400_A09_e01,1,0,0.0,0,0,0,0,0,,
20250716_chem4_28C_T01_1400,20250716_chem4_28C_T01_1400_A10_e01,1,0,0.0,0,0,0,0,0,,
20250716_chem4_28C_T01_1400,20250716_chem4_28C_T01_1400_A11_e01,1,0,0.0,0,0,0,0,0,,
20250716_chem4_28C_T01_1400,20250716_chem4_28C_T01_1400_B01_e01,1,0,0.0,0,0,0,0,0,,
20250716_chem4_28C_T01_1400,20250716_chem4_28C_T01_1400_B02_e01,1,0,0.0,0,0,0,0,0,,
20250716_chem4_28C_T01_1400,20250716_chem4_28C_T01_1400_B03_e01,1,0,0.0,0,0,0,0,0,,
20250716_chem4_28C_T01_1400,20250716_chem4_28C_T01_1400_B04_e01,1,0,0.0,0,0,0,0,0,,
20250716_chem4_28C_T01_1400,20250716_chem4_28C_T01_1400_B05_e01,1,1,1.0,1,1,1,0,0,-0.0032030596744781234,-0.0032030596744781234
20250716_chem4_28C_T01_1400,20250716_chem4_28C_T01_1400_B06_e01,1,0,0.0,0,0,0,0,0,,
20250716_chem4_28C_T01_1400,20250716_chem4_28C_T01_1400_B07_e01,1,0,0.0,0,0,0,0,0,,
20250716_chem4_28C_T01_1400,20250716_chem4_28C_T01_1400_B08_e01,1,0,0.0,0,0,0,0,0,,
20250716_chem4_28C_T01_1400,20250716_chem4_28C_T01_1400_B09_e01,1,0,0.0,0,0,0,0,0,,
20250716_chem4_28C_T01_1400,20250716_chem4_28C_T01_1400_B09_e02,1,1,1.0,1,1,1,0,0,-0.2839039589128149,-0.2839039589128149
20250716_chem4_28C_T01_1400,20250716_chem4_28C_T01_1400_B10_e01,1,0,0.0,0,0,0,0,0,,
20250716_chem4_28C_T01_1400,20250716_chem4_28C_T01_1400_B11_e01,1,0,0.0,0,0,0,0,0,,
20250716_chem4_28C_T01_1400,20250716_chem4_28C_T01_1400_C01_e01,1,0,0.0,0,0,0,0,0,,
20250716_chem4_28C_T01_1400,20250716_chem4_28C_T01_1400_C02_e01,1,0,0.0,0,0,0,0,0,,
20250716_chem4_28C_T01_1400,20250716_chem4_28C_T01_1400_C03_e01,1,0,0.0,0,0,0,0,0,,
20250716_chem4_28C_T01_1400,20250716_chem4_28C_T01_1400_C04_e01,1,0,0.0,0,0,0,0,0,,
20250716_chem4_28C_T01_1400,20250716_chem4_28C_T01_1400_C05_e01,1,0,0.0,0,0,0,0,0,,
20250716_chem4_28C_T01_1400,20250716_chem4_28C_T01_1400_C06_e01,1,0,0.0,0,0,0,0,0,,
20250716_chem4_28C_T01_1400,20250716_chem4_28C_T01_1400_C07_e01,1,0,0.0,0,0,0,0,0,,
20250716_chem4_28C_T01_1400,20250716_chem4_28C_T01_1400_C08_e01,1,0,0.0,0,0,0,0,0,,
20250716_chem4_28C_T01_1400,20250716_chem4_28C_T01_1400_C09_e01,1,0,0.0,0,0,0,0,0,,
20250716_chem4_28C_T01_1400,20250716_chem4_28C_T01_1400_C09_e02,1,1,1.0,1,1,1,0,0,-0.23965813074280468,-0.23965813074280468
20250716_chem4_28C_T01_1400,20250716_chem4_28C_T01_1400_C10_e01,1,0,0.0,0,0,0,0,0,,
20250716_chem4_28C_T01_1400,20250716_chem4_28C_T01_1400_C11_e01,1,0,0.0,0,0,0,0,0,,
20250716_chem4_28C_T01_1400,20250716_chem4_28C_T01_1400_C11_e02,1,1,1.0,1,1,1,0,0,-0.028446685250649657,-0.028446685250649657
20250716_chem4_28C_T01_1400,20250716_chem4_28C_T01_1400_D01_e01,1,0,0.0,0,0,0,0,0,,
20250716_chem4_28C_T01_1400,20250716_chem4_28C_T01_1400_D02_e01,1,0,0.0,0,0,0,0,0,,
20250716_chem4_28C_T01_1400,20250716_chem4_28C_T01_1400_D03_e01,1,0,0.0,0,0,0,0,0,,
20250716_chem4_28C_T01_1400,20250716_chem4_28C_T01_1400_D04_e01,1,0,0.0,0,0,0,0,0,,
20250716_chem4_28C_T01_1400,20250716_chem4_28C_T01_1400_D05_e01,1,1,1.0,1,1,1,0,0,-0.0032997322472925177,-0.0032997322472925177
20250716_chem4_28C_T01_1400,20250716_chem4_28C_T01_1400_D06_e01,1,1,1.0,1,1,1,0,0,-0.11597765789832669,-0.11597765789832669
20250716_chem4_28C_T01_1400,20250716_chem4_28C_T01_1400_D07_e01,1,0,0.0,0,0,0,0,0,,
20250716_chem4_28C_T01_1400,20250716_chem4_28C_T01_1400_D08_e01,1,0,0.0,0,0,0,0,0,,
20250716_chem4_28C_T01_1400,20250716_chem4_28C_T01_1400_D09_e01,1,0,0.0,0,0,0,0,0,,
20250716_chem4_28C_T01_1400,20250716_chem4_28C_T01_1400_D10_e01,1,0,0.0,0,0,0,0,0,,
20250716_chem4_28C_T01_1400,20250716_chem4_28C_T01_1400_D11_e01,1,0,0.0,0,0,0,0,0,,
20250716_chem4_28C_T01_1400,20250716_chem4_28C_T01_1400_E01_e01,1,0,0.0,0,0,0,0,0,,
20250716_chem4_28C_T01_1400,20250716_chem4_28C_T01_1400_E01_e02,1,1,1.0,1,1,1,0,0,-0.853226866324472,-0.853226866324472
20250716_chem4_28C_T01_1400,20250716_chem4_28C_T01_1400_E02_e01,1,0,0.0,0,0,0,0,0,,
20250716_chem4_28C_T01_1400,20250716_chem4_28C_T01_1400_E03_e01,1,0,0.0,0,0,0,0,0,,
20250716_chem4_28C_T01_1400,20250716_chem4_28C_T01_1400_E03_e02,1,1,1.0,1,1,1,0,0,-0.47320698259089694,-0.47320698259089694
20250716_chem4_28C_T01_1400,20250716_chem4_28C_T01_1400_E04_e01,1,0,0.0,0,0,0,0,0,,
20250716_chem4_28C_T01_1400,20250716_chem4_28C_T01_1400_E05_e01,1,0,0.0,0,0,0,0,0,,
20250716_chem4_28C_T01_1400,20250716_chem4_28C_T01_1400_E06_e01,1,0,0.0,0,0,0,0,0,,
20250716_chem4_28C_T01_1400,20250716_chem4_28C_T01_1400_E07_e01,1,0,0.0,0,0,0,0,0,,
20250716_chem4_28C_T01_1400,20250716_chem4_28C_T01_1400_E07_e02,1,1,1.0,1,1,1,0,0,-0.26800736272064,-0.26800736272064
20250716_chem4_28C_T01_1400,20250716_chem4_28C_T01_1400_E08_e01,1,0,0.0,0,0,0,0,0,,
20250716_chem4_28C_T01_1400,20250716_chem4_28C_T01_1400_E09_e01,1,0,0.0,0,0,0,0,0,,
20250716_chem4_28C_T01_1400,20250716_chem4_28C_T01_1400_E10_e01,1,0,0.0,0,0,0,0,0,,
20250716_chem4_28C_T01_1400,20250716_chem4_28C_T01_1400_E11_e01,1,0,0.0,0,0,0,0,0,,
20250716_chem4_28C_T01_1400,20250716_chem4_28C_T01_1400_F01_e01,1,0,0.0,0,0,0,0,0,,
20250716_chem4_28C_T01_1400,20250716_chem4_28C_T01_1400_F02_e01,1,0,0.0,0,0,0,0,0,,
20250716_chem4_28C_T01_1400,20250716_chem4_28C_T01_1400_F02_e02,1,1,1.0,1,1,1,0,0,-0.857510669707312,-0.857510669707312
20250716_chem4_28C_T01_1400,20250716_chem4_28C_T01_1400_F03_e01,1,0,0.0,0,0,0,0,0,,
20250716_chem4_28C_T01_1400,20250716_chem4_28C_T01_1400_F04_e01,1,0,0.0,0,0,0,0,0,,
20250716_chem4_28C_T01_1400,20250716_chem4_28C_T01_1400_F05_e01,1,0,0.0,0,0,0,0,0,,
20250716_chem4_28C_T01_1400,20250716_chem4_28C_T01_1400_F07_e01,1,0,0.0,0,0,0,0,0,,
20250716_chem4_28C_T01_1400,20250716_chem4_28C_T01_1400_F08_e01,1,0,0.0,0,0,0,0,0,,
20250716_chem4_28C_T01_1400,20250716_chem4_28C_T01_1400_F09_e01,1,0,0.0,0,0,0,0,0,,
20250716_chem4_28C_T01_1400,20250716_chem4_28C_T01_1400_F11_e01,1,0,0.0,0,0,0,0,0,,
20250716_chem4_28C_T01_1400,20250716_chem4_28C_T01_1400_G01_e01,1,0,0.0,0,0,0,0,0,,
20250716_chem4_28C_T01_1400,20250716_chem4_28C_T01_1400_G02_e01,1,0,0.0,0,0,0,0,0,,
20250716_chem4_28C_T01_1400,20250716_chem4_28C_T01_1400_G03_e01,1,0,0.0,0,0,0,0,0,,
20250716_chem4_28C_T01_1400,20250716_chem4_28C_T01_1400_G04_e01,1,0,0.0,0,0,0,0,0,,
20250716_chem4_28C_T01_1400,20250716_chem4_28C_T01_1400_G05_e01,1,0,0.0,0,0,0,0,0,,
20250716_chem4_28C_T01_1400,20250716_chem4_28C_T01_1400_G06_e01,1,0,0.0,0,0,0,0,0,,
20250716_chem4_28C_T01_1400,20250716_chem4_28C_T01_1400_G07_e01,1,0,0.0,0,0,0,0,0,,
20250716_chem4_28C_T01_1400,20250716_chem4_28C_T01_1400_G08_e01,1,0,0.0,0,0,0,0,0,,
20250716_chem4_28C_T01_1400,20250716_chem4_28C_T01_1400_G09_e01,1,0,0.0,0,0,0,0,0,,
20250716_chem4_28C_T01_1400,20250716_chem4_28C_T01_1400_G11_e01,1,0,0.0,0,0,0,0,0,,
20250716_chem4_28C_T01_1400,20250716_chem4_28C_T01_1400_G12_e01,1,1,1.0,1,1,1,0,0,-0.6790651843634522,-0.6790651843634522
20250716_chem4_28C_T01_1400,20250716_chem4_28C_T01_1400_H01_e01,1,0,0.0,0,0,0,0,0,,
20250716_chem4_28C_T01_1400,20250716_chem4_28C_T01_1400_H02_e01,1,0,0.0,0,0,0,0,0,,
20250716_chem4_28C_T01_1400,20250716_chem4_28C_T01_1400_H03_e01,1,0,0.0,0,0,0,0,0,,
20250716_chem4_28C_T01_1400,20250716_chem4_28C_T01_1400_H05_e01,1,1,1.0,1,1,1,0,0,-0.02408433540239777,-0.02408433540239777
20250716_chem4_28C_T01_1400,20250716_chem4_28C_T01_1400_H05_e02,1,1,1.0,1,1,1,0,0,-0.8300919112428157,-0.8300919112428157
20250716_chem4_28C_T01_1400,20250716_chem4_28C_T01_1400_H07_e01,1,0,0.0,0,0,0,0,0,,
20250716_chem4_28C_T01_1400,20250716_chem4_28C_T01_1400_H08_e01,1,0,0.0,0,0,0,0,0,,
20250716_chem4_28C_T01_1400,20250716_chem4_28C_T01_1400_H09_e01,1,0,0.0,0,0,0,0,0,,
20250716_chem4_28C_T01_1400,20250716_chem4_28C_T01_1400_H11_e01,1,0,0.0,0,0,0,0,0,,
20250716_chem4_28C_T01_1400,20250716_chem4_28C_T01_1400_H12_e01,1,1,1.0,1,1,1,0,0,-0.31256133471649644,-0.31256133471649644
20250716_chem4_34C_T00_1014,20250716_chem4_34C_T00_1014_A01_e01,1,0,0.0,0,0,0,0,0,,
20250716_chem4_34C_T00_1014,20250716_chem4_34C_T00_1014_A02_e01,1,0,0.0,0,0,0,0,0,,
20250716_chem4_34C_T00_1014,20250716_chem4_34C_T00_1014_A03_e01,1,0,0.0,0,0,0,0,0,,
20250716_chem4_34C_T00_1014,20250716_chem4_34C_T00_1014_A04_e01,1,0,0.0,0,0,0,0,0,,
20250716_chem4_34C_T00_1014,20250716_chem4_34C_T00_1014_A04_e02,1,0,0.0,0,0,0,0,0,,
20250716_chem4_34C_T00_1014,20250716_chem4_34C_T00_1014_A04_e03,1,1,1.0,1,1,1,0,0,-0.8440223984323573,-0.8440223984323573
20250716_chem4_34C_T00_1014,20250716_chem4_34C_T00_1014_A05_e01,1,0,0.0,0,0,0,0,0,,
20250716_chem4_34C_T00_1014,20250716_chem4_34C_T00_1014_A05_e02,1,1,1.0,1,1,1,0,0,-0.874396948756954,-0.874396948756954
20250716_chem4_34C_T00_1014,20250716_chem4_34C_T00_1014_A06_e01,1,0,0.0,0,0,0,0,0,,
20250716_chem4_34C_T00_1014,20250716_chem4_34C_T00_1014_A07_e01,1,0,0.0,0,0,0,0,0,,
20250716_chem4_34C_T00_1014,20250716_chem4_34C_T00_1014_A08_e01,1,0,0.0,0,0,0,0,0,,
20250716_chem4_34C_T00_1014,20250716_chem4_34C_T00_1014_A09_e01,1,0,0.0,0,0,0,0,0,,
20250716_chem4_34C_T00_1014,20250716_chem4_34C_T00_1014_A10_e01,1,0,0.0,0,0,0,0,0,,
20250716_chem4_34C_T00_1014,20250716_chem4_34C_T00_1014_A11_e01,1,0,0.0,0,0,0,0,0,,
20250716_chem4_34C_T00_1014,20250716_chem4_34C_T00_1014_B01_e01,1,0,0.0,0,0,0,0,0,,
20250716_chem4_34C_T00_1014,20250716_chem4_34C_T00_1014_B02_e01,1,0,0.0,0,0,0,0,0,,
20250716_chem4_34C_T00_1014,20250716_chem4_34C_T00_1014_B03_e01,1,0,0.0,0,0,0,0,0,,
20250716_chem4_34C_T00_1014,20250716_chem4_34C_T00_1014_B04_e01,1,0,0.0,0,0,0,0,0,,
20250716_chem4_34C_T00_1014,20250716_chem4_34C_T00_1014_B05_e01,1,0,0.0,0,0,0,0,0,,
20250716_chem4_34C_T00_1014,20250716_chem4_34C_T00_1014_B06_e01,1,0,0.0,0,0,0,0,0,,
20250716_chem4_34C_T00_1014,20250716_chem4_34C_T00_1014_B07_e01,1,0,0.0,0,0,0,0,0,,
20250716_chem4_34C_T00_1014,20250716_chem4_34C_T00_1014_B08_e01,1,0,0.0,0,0,0,0,0,,
20250716_chem4_34C_T00_1014,20250716_chem4_34C_T00_1014_B09_e01,1,0,0.0,0,0,0,0,0,,
20250716_chem4_34C_T00_1014,20250716_chem4_34C_T00_1014_B10_e01,1,0,0.0,0,0,0,0,0,,
20250716_chem4_34C_T00_1014,20250716_chem4_34C_T00_1014_B11_e01,1,0,0.0,0,0,0,0,0,,
20250716_chem4_34C_T00_1014,20250716_chem4_34C_T00_1014_C01_e01,1,0,0.0,0,0,0,0,0,,
20250716_chem4_34C_T00_1014,20250716_chem4_34C_T00_1014_C02_e01,1,0,0.0,0,0,0,0,0,,
20250716_chem4_34C_T00_1014,20250716_chem4_34C_T00_1014_C03_e01,1,0,0.0,0,0,0,0,0,,
20250716_chem4_34C_T00_1014,20250716_chem4_34C_T00_1014_C04_e01,1,0,0.0,0,0,0,0,0,,
20250716_chem4_34C_T00_1014,20250716_chem4_34C_T00_1014_C05_e01,1,0,0.0,0,0,0,0,0,,
20250716_chem4_34C_T00_1014,20250716_chem4_34C_T00_1014_C06_e01,1,0,0.0,0,0,0,0,0,,
20250716_chem4_34C_T00_1014,20250716_chem4_34C_T00_1014_C07_e01,1,0,0.0,0,0,0,0,0,,
20250716_chem4_34C_T00_1014,20250716_chem4_34C_T00_1014_C08_e01,1,0,0.0,0,0,0,0,0,,
20250716_chem4_34C_T00_1014,20250716_chem4_34C_T00_1014_C09_e01,1,0,0.0,0,0,0,0,0,,
20250716_chem4_34C_T00_1014,20250716_chem4_34C_T00_1014_C10_e01,1,0,0.0,0,0,0,0,0,,
20250716_chem4_34C_T00_1014,20250716_chem4_34C_T00_1014_C11_e01,1,0,0.0,0,0,0,0,0,,
20250716_chem4_34C_T00_1014,20250716_chem4_34C_T00_1014_D01_e01,1,0,0.0,0,0,0,0,0,,
20250716_chem4_34C_T00_1014,20250716_chem4_34C_T00_1014_D02_e01,1,0,0.0,0,0,0,0,0,,
20250716_chem4_34C_T00_1014,20250716_chem4_34C_T00_1014_D03_e01,1,0,0.0,0,0,0,0,0,,
20250716_chem4_34C_T00_1014,20250716_chem4_34C_T00_1014_D04_e01,1,0,0.0,0,0,0,0,0,,
20250716_chem4_34C_T00_1014,20250716_chem4_34C_T00_1014_D05_e01,1,0,0.0,0,0,0,0,0,,
20250716_chem4_34C_T00_1014,20250716_chem4_34C_T00_1014_D06_e01,1,0,0.0,0,0,0,0,0,,
20250716_chem4_34C_T00_1014,20250716_chem4_34C_T00_1014_D07_e01,1,0,0.0,0,0,0,0,0,,
20250716_chem4_34C_T00_1014,20250716_chem4_34C_T00_1014_D08_e01,1,0,0.0,0,0,0,0,0,,
20250716_chem4_34C_T00_1014,20250716_chem4_34C_T00_1014_D09_e01,1,0,0.0,0,0,0,0,0,,
20250716_chem4_34C_T00_1014,20250716_chem4_34C_T00_1014_D10_e01,1,0,0.0,0,0,0,0,0,,
20250716_chem4_34C_T00_1014,20250716_chem4_34C_T00_1014_D10_e02,1,1,1.0,1,1,1,0,0,-0.7494903157753183,-0.7494903157753183
20250716_chem4_34C_T00_1014,20250716_chem4_34C_T00_1014_D11_e01,1,0,0.0,0,0,0,0,0,,
20250716_chem4_34C_T00_1014,20250716_chem4_34C_T00_1014_D11_e02,1,1,1.0,1,1,1,0,0,-0.855359284168588,-0.855359284168588
20250716_chem4_34C_T00_1014,20250716_chem4_34C_T00_1014_E01_e01,1,0,0.0,0,0,0,0,0,,
20250716_chem4_34C_T00_1014,20250716_chem4_34C_T00_1014_E02_e01,1,0,0.0,0,0,0,0,0,,
20250716_chem4_34C_T00_1014,20250716_chem4_34C_T00_1014_E03_e01,1,0,0.0,0,0,0,0,0,,
20250716_chem4_34C_T00_1014,20250716_chem4_34C_T00_1014_E04_e01,1,0,0.0,0,0,0,0,0,,
20250716_chem4_34C_T00_1014,20250716_chem4_34C_T00_1014_E05_e01,1,0,0.0,0,0,0,0,0,,
20250716_chem4_34C_T00_1014,20250716_chem4_34C_T00_1014_E05_e02,1,0,0.0,0,0,0,0,0,,
20250716_chem4_34C_T00_1014,20250716_chem4_34C_T00_1014_E06_e01,1,0,0.0,0,0,0,0,0,,
20250716_chem4_34C_T00_1014,20250716_chem4_34C_T00_1014_E07_e01,1,0,0.0,0,0,0,0,0,,
20250716_chem4_34C_T00_1014,20250716_chem4_34C_T00_1014_E08_e01,1,0,0.0,0,0,0,0,0,,
20250716_chem4_34C_T00_1014,20250716_chem4_34C_T00_1014_E09_e01,1,0,0.0,0,0,0,0,0,,
20250716_chem4_34C_T00_1014,20250716_chem4_34C_T00_1014_E10_e01,1,0,0.0,0,0,0,0,0,,
20250716_chem4_34C_T00_1014,20250716_chem4_34C_T00_1014_E11_e01,1,0,0.0,0,0,0,0,0,,
20250716_chem4_34C_T00_1014,20250716_chem4_34C_T00_1014_F01_e01,1,0,0.0,0,0,0,0,0,,
20250716_chem4_34C_T00_1014,20250716_chem4_34C_T00_1014_F02_e01,1,0,0.0,0,0,0,0,0,,
20250716_chem4_34C_T00_1014,20250716_chem4_34C_T00_1014_F03_e01,1,0,0.0,0,0,0,0,0,,
20250716_chem4_34C_T00_1014,20250716_chem4_34C_T00_1014_F04_e01,1,0,0.0,0,0,0,0,0,,
20250716_chem4_34C_T00_1014,20250716_chem4_34C_T00_1014_F05_e01,1,0,0.0,0,0,0,0,0,,
20250716_chem4_34C_T00_1014,20250716_chem4_34C_T00_1014_F06_e01,1,0,0.0,0,0,0,0,0,,
20250716_chem4_34C_T00_1014,20250716_chem4_34C_T00_1014_F07_e01,1,0,0.0,0,0,0,0,0,,
20250716_chem4_34C_T00_1014,20250716_chem4_34C_T00_1014_F08_e01,1,0,0.0,0,0,0,0,0,,
20250716_chem4_34C_T00_1014,20250716_chem4_34C_T00_1014_F09_e01,1,0,0.0,0,0,0,0,0,,
20250716_chem4_34C_T00_1014,20250716_chem4_34C_T00_1014_F10_e01,1,0,0.0,0,0,0,0,0,,
20250716_chem4_34C_T00_1014,20250716_chem4_34C_T00_1014_F11_e01,1,0,0.0,0,0,0,0,0,,
20250716_chem4_34C_T00_1014,20250716_chem4_34C_T00_1014_G01_e01,1,0,0.0,0,0,0,0,0,,
20250716_chem4_34C_T00_1014,20250716_chem4_34C_T00_1014_G02_e01,1,0,0.0,0,0,0,0,0,,
20250716_chem4_34C_T00_1014,20250716_chem4_34C_T00_1014_G03_e01,1,0,0.0,0,0,0,0,0,,
20250716_chem4_34C_T00_1014,20250716_chem4_34C_T00_1014_G04_e01,1,0,0.0,0,0,0,0,0,,
20250716_chem4_34C_T00_1014,20250716_chem4_34C_T00_1014_G04_e02,1,1,1.0,1,1,1,0,0,-0.8449330992357402,-0.8449330992357402
20250716_chem4_34C_T00_1014,20250716_chem4_34C_T00_1014_G04_e03,1,1,1.0,1,1,1,0,0,-0.7912620188010752,-0.7912620188010752
20250716_chem4_34C_T00_1014,20250716_chem4_34C_T00_1014_G05_e01,1,0,0.0,0,0,0,0,0,,
20250716_chem4_34C_T00_1014,20250716_chem4_34C_T00_1014_G06_e01,1,0,0.0,0,0,0,0,0,,
20250716_chem4_34C_T00_1014,20250716_chem4_34C_T00_1014_G07_e01,1,0,0.0,0,0,0,0,0,,
20250716_chem4_34C_T00_1014,20250716_chem4_34C_T00_1014_G09_e01,1,0,0.0,0,0,0,0,0,,
20250716_chem4_34C_T00_1014,20250716_chem4_34C_T00_1014_G10_e01,1,0,0.0,0,0,0,0,0,,
20250716_chem4_34C_T00_1014,20250716_chem4_34C_T00_1014_G11_e01,1,0,0.0,0,0,0,0,0,,
20250716_chem4_34C_T00_1014,20250716_chem4_34C_T00_1014_H01_e01,1,0,0.0,0,0,0,0,0,,
20250716_chem4_34C_T00_1014,20250716_chem4_34C_T00_1014_H02_e01,1,0,0.0,0,0,0,0,0,,
20250716_chem4_34C_T00_1014,20250716_chem4_34C_T00_1014_H05_e01,1,0,0.0,0,0,0,0,0,,
20250716_chem4_34C_T00_1014,20250716_chem4_34C_T00_1014_H06_e01,1,0,0.0,0,0,0,0,0,,
20250716_chem4_34C_T00_1014,20250716_chem4_34C_T00_1014_H07_e01,1,0,0.0,0,0,0,0,0,,
20250716_chem4_34C_T00_1014,20250716_chem4_34C_T00_1014_H07_e02,1,1,1.0,1,1,1,0,0,-0.27413128172715706,-0.27413128172715706
20250716_chem4_34C_T00_1014,20250716_chem4_34C_T00_1014_H09_e01,1,0,0.0,0,0,0,0,0,,
20250716_chem4_34C_T00_1014,20250716_chem4_34C_T00_1014_H10_e01,1,0,0.0,0,0,0,0,0,,
20250716_chem4_34C_T00_1014,20250716_chem4_34C_T00_1014_H10_e02,1,1,1.0,1,1,1,0,0,-0.9089232233322669,-0.9089232233322669
20250716_chem4_34C_T00_1014,20250716_chem4_34C_T00_1014_H11_e01,1,0,0.0,0,0,0,0,0,,
20250716_chem4_35C_T00_1045,20250716_chem4_35C_T00_1045_A01_e01,1,0,0.0,0,0,0,0,0,,
20250716_chem4_35C_T00_1045,20250716_chem4_35C_T00_1045_A02_e01,1,0,0.0,0,0,0,0,0,,
20250716_chem4_35C_T00_1045,20250716_chem4_35C_T00_1045_A03_e01,1,0,0.0,0,0,0,0,0,,
20250716_chem4_35C_T00_1045,20250716_chem4_35C_T00_1045_A04_e01,1,0,0.0,0,0,0,0,0,,
20250716_chem4_35C_T00_1045,20250716_chem4_35C_T00_1045_A05_e01,1,0,0.0,0,0,0,0,0,,
20250716_chem4_35C_T00_1045,20250716_chem4_35C_T00_1045_A06_e01,1,0,0.0,0,0,0,0,0,,
20250716_chem4_35C_T00_1045,20250716_chem4_35C_T00_1045_A07_e01,1,0,0.0,0,0,0,0,0,,
20250716_chem4_35C_T00_1045,20250716_chem4_35C_T00_1045_A08_e01,1,0,0.0,0,0,0,0,0,,
20250716_chem4_35C_T00_1045,20250716_chem4_35C_T00_1045_A08_e02,1,1,1.0,1,1,1,0,0,-0.17665281411799655,-0.17665281411799655
20250716_chem4_35C_T00_1045,20250716_chem4_35C_T00_1045_A08_e03,1,1,1.0,1,1,1,0,0,-0.6983303588793929,-0.6983303588793929
20250716_chem4_35C_T00_1045,20250716_chem4_35C_T00_1045_A09_e01,1,0,0.0,0,0,0,0,0,,
20250716_chem4_35C_T00_1045,20250716_chem4_35C_T00_1045_A10_e01,1,0,0.0,0,0,0,0,0,,
20250716_chem4_35C_T00_1045,20250716_chem4_35C_T00_1045_A11_e01,1,0,0.0,0,0,0,0,0,,
20250716_chem4_35C_T00_1045,20250716_chem4_35C_T00_1045_B01_e01,1,0,0.0,0,0,0,0,0,,
20250716_chem4_35C_T00_1045,20250716_chem4_35C_T00_1045_B02_e01,1,0,0.0,0,0,0,0,0,,
20250716_chem4_35C_T00_1045,20250716_chem4_35C_T00_1045_B03_e01,1,0,0.0,0,0,0,0,0,,
20250716_chem4_35C_T00_1045,20250716_chem4_35C_T00_1045_B04_e01,1,0,0.0,0,0,0,0,0,,
20250716_chem4_35C_T00_1045,20250716_chem4_35C_T00_1045_B05_e01,1,0,0.0,0,0,0,0,0,,
20250716_chem4_35C_T00_1045,20250716_chem4_35C_T00_1045_B07_e01,1,0,0.0,0,0,0,0,0,,
20250716_chem4_35C_T00_1045,20250716_chem4_35C_T00_1045_B08_e01,1,0,0.0,0,0,0,0,0,,
20250716_chem4_35C_T00_1045,20250716_chem4_35C_T00_1045_B09_e01,1,0,0.0,0,0,0,0,0,,
20250716_chem4_35C_T00_1045,20250716_chem4_35C_T00_1045_B10_e01,1,0,0.0,0,0,0,0,0,,
20250716_chem4_35C_T00_1045,20250716_chem4_35C_T00_1045_B11_e01,1,0,0.0,0,0,0,0,0,,
20250716_chem4_35C_T00_1045,20250716_chem4_35C_T00_1045_B11_e02,1,1,1.0,1,1,1,0,0,-0.8763656696113259,-0.8763656696113259
20250716_chem4_35C_T00_1045,20250716_chem4_35C_T00_1045_C01_e01,1,0,0.0,0,0,0,0,0,,
20250716_chem4_35C_T00_1045,20250716_chem4_35C_T00_1045_C02_e01,1,0,0.0,0,0,0,0,0,,
20250716_chem4_35C_T00_1045,20250716_chem4_35C_T00_1045_C03_e01,1,0,0.0,0,0,0,0,0,,
20250716_chem4_35C_T00_1045,20250716_chem4_35C_T00_1045_C04_e01,1,0,0.0,0,0,0,0,0,,
20250716_chem4_35C_T00_1045,20250716_chem4_35C_T00_1045_C05_e01,1,0,0.0,0,0,0,0,0,,
20250716_chem4_35C_T00_1045,20250716_chem4_35C_T00_1045_C05_e02,1,1,1.0,1,1,1,0,0,-0.8600400184447989,-0.8600400184447989
20250716_chem4_35C_T00_1045,20250716_chem4_35C_T00_1045_C07_e01,1,0,0.0,0,0,0,0,0,,
20250716_chem4_35C_T00_1045,20250716_chem4_35C_T00_1045_C08_e01,1,0,0.0,0,0,0,0,0,,
20250716_chem4_35C_T00_1045,20250716_chem4_35C_T00_1045_C09_e01,1,1,1.0,1,1,1,0,0,-0.0833729450656092,-0.0833729450656092
20250716_chem4_35C_T00_1045,20250716_chem4_35C_T00_1045_C09_e02,1,1,1.0,1,1,1,0,0,-0.8822718321744419,-0.8822718321744419
20250716_chem4_35C_T00_1045,20250716_chem4_35C_T00_1045_C10_e01,1,0,0.0,0,0,0,0,0,,
20250716_chem4_35C_T00_1045,20250716_chem4_35C_T00_1045_C11_e01,1,0,0.0,0,0,0,0,0,,
20250716_chem4_35C_T00_1045,20250716_chem4_35C_T00_1045_D01_e01,1,0,0.0,0,0,0,0,0,,
20250716_chem4_35C_T00_1045,20250716_chem4_35C_T00_1045_D02_e01,1,0,0.0,0,0,0,0,0,,
20250716_chem4_35C_T00_1045,20250716_chem4_35C_T00_1045_D03_e01,1,0,0.0,0,0,0,0,0,,
20250716_chem4_35C_T00_1045,20250716_chem4_35C_T00_1045_D04_e01,1,0,0.0,0,0,0,0,0,,
20250716_chem4_35C_T00_1045,20250716_chem4_35C_T00_1045_D05_e01,1,0,0.0,0,0,0,0,0,,
20250716_chem4_35C_T00_1045,20250716_chem4_35C_T00_1045_D07_e01,1,0,0.0,0,0,0,0,0,,
20250716_chem4_35C_T00_1045,20250716_chem4_35C_T00_1045_D08_e01,1,0,0.0,0,0,0,0,0,,
20250716_chem4_35C_T00_1045,20250716_chem4_35C_T00_1045_D09_e01,1,0,0.0,0,0,0,0,0,,
20250716_chem4_35C_T00_1045,20250716_chem4_35C_T00_1045_D09_e02,1,1,1.0,1,1,1,0,0,-0.9420164834081389,-0.9420164834081389
20250716_chem4_35C_T00_1045,20250716_chem4_35C_T00_1045_D10_e01,1,0,0.0,0,0,0,0,0,,
20250716_chem4_35C_T00_1045,20250716_chem4_35C_T00_1045_D11_e01,1,0,0.0,0,0,0,0,0,,
20250716_chem4_35C_T00_1045,20250716_chem4_35C_T00_1045_E01_e01,1,0,0.0,0,0,0,0,0,,
20250716_chem4_35C_T00_1045,20250716_chem4_35C_T00_1045_E01_e02,1,1,1.0,1,1,1,0,0,-0.8745107863573767,-0.8745107863573767
20250716_chem4_35C_T00_1045,20250716_chem4_35C_T00_1045_E02_e01,1,0,0.0,0,0,0,0,0,,
20250716_chem4_35C_T00_1045,20250716_chem4_35C_T00_1045_E03_e01,1,0,0.0,0,0,0,0,0,,
20250716_chem4_35C_T00_1045,20250716_chem4_35C_T00_1045_E04_e01,1,0,0.0,0,0,0,0,0,,
20250716_chem4_35C_T00_1045,20250716_chem4_35C_T00_1045_E05_e01,1,0,0.0,0,0,0,0,0,,
20250716_chem4_35C_T00_1045,20250716_chem4_35C_T00_1045_E07_e01,1,0,0.0,0,0,0,0,0,,
20250716_chem4_35C_T00_1045,20250716_chem4_35C_T00_1045_E08_e01,1,0,0.0,0,0,0,0,0,,
20250716_chem4_35C_T00_1045,20250716_chem4_35C_T00_1045_E09_e01,1,0,0.0,0,0,0,0,0,,
20250716_chem4_35C_T00_1045,20250716_chem4_35C_T00_1045_E10_e01,1,0,0.0,0,0,0,0,0,,
20250716_chem4_35C_T00_1045,20250716_chem4_35C_T00_1045_E11_e01,1,0,0.0,0,0,0,0,0,,
20250716_chem4_35C_T00_1045,20250716_chem4_35C_T00_1045_F01_e01,1,0,0.0,0,0,0,0,0,,
20250716_chem4_35C_T00_1045,20250716_chem4_35C_T00_1045_F02_e01,1,0,0.0,0,0,0,0,0,,
20250716_chem4_35C_T00_1045,20250716_chem4_35C_T00_1045_F03_e01,1,0,0.0,0,0,0,0,0,,
20250716_chem4_35C_T00_1045,20250716_chem4_35C_T00_1045_F04_e01,1,0,0.0,0,0,0,0,0,,
20250716_chem4_35C_T00_1045,20250716_chem4_35C_T00_1045_F04_e02,1,1,1.0,1,1,1,0,0,-0.3215145088208179,-0.3215145088208179
20250716_chem4_35C_T00_1045,20250716_chem4_35C_T00_1045_F05_e01,1,0,0.0,0,0,0,0,0,,
20250716_chem4_35C_T00_1045,20250716_chem4_35C_T00_1045_F07_e01,1,0,0.0,0,0,0,0,0,,
20250716_chem4_35C_T00_1045,20250716_chem4_35C_T00_1045_F08_e01,1,0,0.0,0,0,0,0,0,,
20250716_chem4_35C_T00_1045,20250716_chem4_35C_T00_1045_F09_e01,1,0,0.0,0,0,0,0,0,,
20250716_chem4_35C_T00_1045,20250716_chem4_35C_T00_1045_F10_e01,1,0,0.0,0,0,0,0,0,,
20250716_chem4_35C_T00_1045,20250716_chem4_35C_T00_1045_F11_e01,1,0,0.0,0,0,0,0,0,,
20250716_chem4_35C_T00_1045,20250716_chem4_35C_T00_1045_F11_e02,1,1,1.0,1,1,1,0,0,-0.8370515194888156,-0.8370515194888156
20250716_chem4_35C_T00_1045,20250716_chem4_35C_T00_1045_G01_e01,1,0,0.0,0,0,0,0,0,,
20250716_chem4_35C_T00_1045,20250716_chem4_35C_T00_1045_G02_e01,1,0,0.0,0,0,0,0,0,,
20250716_chem4_35C_T00_1045,20250716_chem4_35C_T00_1045_G03_e01,1,0,0.0,0,0,0,0,0,,
20250716_chem4_35C_T00_1045,20250716_chem4_35C_T00_1045_G04_e01,1,0,0.0,0,0,0,0,0,,
20250716_chem4_35C_T00_1045,20250716_chem4_35C_T00_1045_G05_e01,1,0,0.0,0,0,0,0,0,,
20250716_chem4_35C_T00_1045,20250716_chem4_35C_T00_1045_G07_e01,1,0,0.0,0,0,0,0,0,,
20250716_chem4_35C_T00_1045,20250716_chem4_35C_T00_1045_G08_e01,1,0,0.0,0,0,0,0,0,,
20250716_chem4_35C_T00_1045,20250716_chem4_35C_T00_1045_G09_e01,1,0,0.0,0,0,0,0,0,,
20250716_chem4_35C_T00_1045,20250716_chem4_35C_T00_1045_G10_e01,1,0,0.0,0,0,0,0,0,,
20250716_chem4_35C_T00_1045,20250716_chem4_35C_T00_1045_G11_e01,1,0,0.0,0,0,0,0,0,,
20250716_chem4_35C_T00_1045,20250716_chem4_35C_T00_1045_H01_e01,1,0,0.0,0,0,0,0,0,,
20250716_chem4_35C_T00_1045,20250716_chem4_35C_T00_1045_H03_e01,1,0,0.0,0,0,0,0,0,,
20250716_chem4_35C_T00_1045,20250716_chem4_35C_T00_1045_H04_e01,1,0,0.0,0,0,0,0,0,,
20250716_chem4_35C_T00_1045,20250716_chem4_35C_T00_1045_H04_e02,1,1,1.0,1,1,1,0,0,-0.7099350977930889,-0.7099350977930889
20250716_chem4_35C_T00_1045,20250716_chem4_35C_T00_1045_H05_e01,1,0,0.0,0,0,0,0,0,,
20250716_chem4_35C_T00_1045,20250716_chem4_35C_T00_1045_H06_e02,1,1,1.0,1,1,1,0,0,-0.7502670899899685,-0.7502670899899685
20250716_chem4_35C_T00_1045,20250716_chem4_35C_T00_1045_H07_e01,1,0,0.0,0,0,0,0,0,,
20250716_chem4_35C_T00_1045,20250716_chem4_35C_T00_1045_H08_e01,1,0,0.0,0,0,0,0,0,,
20250716_chem4_35C_T00_1045,20250716_chem4_35C_T00_1045_H09_e01,1,0,0.0,0,0,0,0,0,,
20250716_chem4_35C_T00_1045,20250716_chem4_35C_T00_1045_H10_e01,1,0,0.0,0,0,0,0,0,,
20250716_chem4_35C_T00_1045,20250716_chem4_35C_T00_1045_H11_e01,1,0,0.0,0,0,0,0,0,,
20250721_chem5_28C_T00_1257,20250721_chem5_28C_T00_1257_A01_e01,1,0,0.0,0,0,0,0,0,,
20250721_chem5_28C_T00_1257,20250721_chem5_28C_T00_1257_A02_e01,1,0,0.0,0,0,0,0,0,,
20250721_chem5_28C_T00_1257,20250721_chem5_28C_T00_1257_A03_e01,1,0,0.0,0,0,0,0,0,,
20250721_chem5_28C_T00_1257,20250721_chem5_28C_T00_1257_A04_e01,1,0,0.0,0,0,0,0,0,,
20250721_chem5_28C_T00_1257,20250721_chem5_28C_T00_1257_A05_e01,1,0,0.0,0,0,0,0,0,,
20250721_chem5_28C_T00_1257,20250721_chem5_28C_T00_1257_A06_e01,1,0,0.0,0,0,0,0,0,,
20250721_chem5_28C_T00_1257,20250721_chem5_28C_T00_1257_A07_e01,1,0,0.0,0,0,0,0,0,,
20250721_chem5_28C_T00_1257,20250721_chem5_28C_T00_1257_A08_e01,1,0,0.0,0,0,0,0,0,,
20250721_chem5_28C_T00_1257,20250721_chem5_28C_T00_1257_A09_e01,1,0,0.0,0,0,0,0,0,,
20250721_chem5_28C_T00_1257,20250721_chem5_28C_T00_1257_A10_e01,1,0,0.0,0,0,0,0,0,,
20250721_chem5_28C_T00_1257,20250721_chem5_28C_T00_1257_A11_e01,1,0,0.0,0,0,0,0,0,,
20250721_chem5_28C_T00_1257,20250721_chem5_28C_T00_1257_A11_e02,1,1,1.0,1,1,1,0,0,-0.16385916879380552,-0.16385916879380552
20250721_chem5_28C_T00_1257,20250721_chem5_28C_T00_1257_A12_e01,1,0,0.0,0,0,0,0,0,,
20250721_chem5_28C_T00_1257,20250721_chem5_28C_T00_1257_B01_e01,1,0,0.0,0,0,0,0,0,,
20250721_chem5_28C_T00_1257,20250721_chem5_28C_T00_1257_B02_e01,1,0,0.0,0,0,0,0,0,,
20250721_chem5_28C_T00_1257,20250721_chem5_28C_T00_1257_B02_e02,1,1,1.0,1,1,1,0,0,-0.6409068611316262,-0.6409068611316262
20250721_chem5_28C_T00_1257,20250721_chem5_28C_T00_1257_B03_e01,1,0,0.0,0,0,0,0,0,,
20250721_chem5_28C_T00_1257,20250721_chem5_28C_T00_1257_B04_e01,1,0,0.0,0,0,0,0,0,,
20250721_chem5_28C_T00_1257,20250721_chem5_28C_T00_1257_B05_e01,1,0,0.0,0,0,0,0,0,,
20250721_chem5_28C_T00_1257,20250721_chem5_28C_T00_1257_B05_e02,1,1,1.0,1,1,1,0,0,-0.1811514022861596,-0.1811514022861596
20250721_chem5_28C_T00_1257,20250721_chem5_28C_T00_1257_B06_e01,1,0,0.0,0,0,0,0,0,,
20250721_chem5_28C_T00_1257,20250721_chem5_28C_T00_1257_B07_e01,1,0,0.0,0,0,0,0,0,,
20250721_chem5_28C_T00_1257,20250721_chem5_28C_T00_1257_B08_e01,1,0,0.0,0,0,0,0,0,,
20250721_chem5_28C_T00_1257,20250721_chem5_28C_T00_1257_B09_e01,1,0,0.0,0,0,0,0,0,,
20250721_chem5_28C_T00_1257,20250721_chem5_28C_T00_1257_B10_e01,1,0,0.0,0,0,0,0,0,,
20250721_chem5_28C_T00_1257,20250721_chem5_28C_T00_1257_B12_e01,1,0,0.0,0,0,0,0,0,,
20250721_chem5_28C_T00_1257,20250721_chem5_28C_T00_1257_C01_e01,1,0,0.0,0,0,0,0,0,,
20250721_chem5_28C_T00_1257,20250721_chem5_28C_T00_1257_C01_e02,1,1,1.0,1,1,1,0,0,-0.7427411874215178,-0.7427411874215178
20250721_chem5_28C_T00_1257,20250721_chem5_28C_T00_1257_C02_e01,1,0,0.0,0,0,0,0,0,,
20250721_chem5_28C_T00_1257,20250721_chem5_28C_T00_1257_C03_e01,1,0,0.0,0,0,0,0,0,,
20250721_chem5_28C_T00_1257,20250721_chem5_28C_T00_1257_C04_e01,1,0,0.0,0,0,0,0,0,,
20250721_chem5_28C_T00_1257,20250721_chem5_28C_T00_1257_C05_e01,1,0,0.0,0,0,0,0,0,,
20250721_chem5_28C_T00_1257,20250721_chem5_28C_T00_1257_C06_e01,1,0,0.0,0,0,0,0,0,,
20250721_chem5_28C_T00_1257,20250721_chem5_28C_T00_1257_C07_e01,1,0,0.0,0,0,0,0,0,,
20250721_chem5_28C_T00_1257,20250721_chem5_28C_T00_1257_C08_e01,1,0,0.0,0,0,0,0,0,,
20250721_chem5_28C_T00_1257,20250721_chem5_28C_T00_1257_C09_e01,1,0,0.0,0,0,0,0,0,,
20250721_chem5_28C_T00_1257,20250721_chem5_28C_T00_1257_C10_e01,1,0,0.0,0,0,0,0,0,,
20250721_chem5_28C_T00_1257,20250721_chem5_28C_T00_1257_C11_e01,1,0,0.0,0,0,0,0,0,,
20250721_chem5_28C_T00_1257,20250721_chem5_28C_T00_1257_C12_e01,1,0,0.0,0,0,0,0,0,,
20250721_chem5_28C_T00_1257,20250721_chem5_28C_T00_1257_C12_e02,1,1,1.0,1,1,1,0,0,-0.7232625795795559,-0.7232625795795559
20250721_chem5_28C_T00_1257,20250721_chem5_28C_T00_1257_D01_e01,1,0,0.0,0,0,0,0,0,,
20250721_chem5_28C_T00_1257,20250721_chem5_28C_T00_1257_D02_e01,1,0,0.0,0,0,0,0,0,,
20250721_chem5_28C_T00_1257,20250721_chem5_28C_T00_1257_D03_e01,1,0,0.0,0,0,0,0,0,,
20250721_chem5_28C_T00_1257,20250721_chem5_28C_T00_1257_D04_e01,1,0,0.0,0,0,0,0,0,,
20250721_chem5_28C_T00_1257,20250721_chem5_28C_T00_1257_D05_e01,1,0,0.0,0,0,0,0,0,,
20250721_chem5_28C_T00_1257,20250721_chem5_28C_T00_1257_D06_e01,1,0,0.0,0,0,0,0,0,,
20250721_chem5_28C_T00_1257,20250721_chem5_28C_T00_1257_D07_e01,1,0,0.0,0,0,0,0,0,,
20250721_chem5_28C_T00_1257,20250721_chem5_28C_T00_1257_D08_e01,1,0,0.0,0,0,0,0,0,,
20250721_chem5_28C_T00_1257,20250721_chem5_28C_T00_1257_D09_e01,1,0,0.0,0,0,0,0,0,,
20250721_chem5_28C_T00_1257,20250721_chem5_28C_T00_1257_D10_e01,1,0,0.0,0,0,0,0,0,,
20250721_chem5_28C_T00_1257,20250721_chem5_28C_T00_1257_D10_e02,1,0,0.0,0,0,0,0,0,,
20250721_chem5_28C_T00_1257,20250721_chem5_28C_T00_1257_D11_e01,1,0,0.0,0,0,0,0,0,,
20250721_chem5_28C_T00_1257,20250721_chem5_28C_T00_1257_D12_e01,1,0,0.0,0,0,0,0,0,,
20250721_chem5_28C_T00_1257,20250721_chem5_28C_T00_1257_E01_e01,1,0,0.0,0,0,0,0,0,,
20250721_chem5_28C_T00_1257,20250721_chem5_28C_T00_1257_E02_e01,1,0,0.0,0,0,0,0,0,,
20250721_chem5_28C_T00_1257,20250721_chem5_28C_T00_1257_E03_e01,1,0,0.0,0,0,0,0,0,,
20250721_chem5_28C_T00_1257,20250721_chem5_28C_T00_1257_E03_e02,1,1,1.0,1,1,1,0,0,-0.8930390028213722,-0.8930390028213722
20250721_chem5_28C_T00_1257,20250721_chem5_28C_T00_1257_E04_e01,1,0,0.0,0,0,0,0,0,,
20250721_chem5_28C_T00_1257,20250721_chem5_28C_T00_1257_E05_e01,1,0,0.0,0,0,0,0,0,,
20250721_chem5_28C_T00_1257,20250721_chem5_28C_T00_1257_E05_e02,1,1,1.0,1,1,1,0,0,-0.7111929707091492,-0.7111929707091492
20250721_chem5_28C_T00_1257,20250721_chem5_28C_T00_1257_E06_e01,1,0,0.0,0,0,0,0,0,,
20250721_chem5_28C_T00_1257,20250721_chem5_28C_T00_1257_E07_e01,1,0,0.0,0,0,0,0,0,,
20250721_chem5_28C_T00_1257,20250721_chem5_28C_T00_1257_E08_e01,1,0,0.0,0,0,0,0,0,,
20250721_chem5_28C_T00_1257,20250721_chem5_28C_T00_1257_E09_e01,1,0,0.0,0,0,0,0,0,,
20250721_chem5_28C_T00_1257,20250721_chem5_28C_T00_1257_E09_e02,1,1,1.0,1,1,1,0,0,-0.7129269917450453,-0.7129269917450453
20250721_chem5_28C_T00_1257,20250721_chem5_28C_T00_1257_E10_e01,1,0,0.0,0,0,0,0,0,,
20250721_chem5_28C_T00_1257,20250721_chem5_28C_T00_1257_E11_e01,1,0,0.0,0,0,0,0,0,,
20250721_chem5_28C_T00_1257,20250721_chem5_28C_T00_1257_E12_e01,1,0,0.0,0,0,0,0,0,,
20250721_chem5_28C_T00_1257,20250721_chem5_28C_T00_1257_F01_e01,1,0,0.0,0,0,0,0,0,,
20250721_chem5_28C_T00_1257,20250721_chem5_28C_T00_1257_F02_e01,1,0,0.0,0,0,0,0,0,,
20250721_chem5_28C_T00_1257,20250721_chem5_28C_T00_1257_F03_e01,1,0,0.0,0,0,0,0,0,,
20250721_chem5_28C_T00_1257,20250721_chem5_28C_T00_1257_F04_e01,1,0,0.0,0,0,0,0,0,,
20250721_chem5_28C_T00_1257,20250721_chem5_28C_T00_1257_F05_e01,1,0,0.0,0,0,0,0,0,,
20250721_chem5_28C_T00_1257,20250721_chem5_28C_T00_1257_F06_e01,1,0,0.0,0,0,0,0,0,,
20250721_chem5_28C_T00_1257,20250721_chem5_28C_T00_1257_F07_e01,1,0,0.0,0,0,0,0,0,,
20250721_chem5_28C_T00_1257,20250721_chem5_28C_T00_1257_F08_e01,1,0,0.0,0,0,0,0,0,,
20250721_chem5_28C_T00_1257,20250721_chem5_28C_T00_1257_F09_e01,1,0,0.0,0,0,0,0,0,,
20250721_chem5_28C_T00_1257,20250721_chem5_28C_T00_1257_F10_e01,1,0,0.0,0,0,0,0,0,,
20250721_chem5_28C_T00_1257,20250721_chem5_28C_T00_1257_F11_e01,1,0,0.0,0,0,0,0,0,,
20250721_chem5_28C_T00_1257,20250721_chem5_28C_T00_1257_F11_e02,1,1,1.0,1,1,1,0,0,-0.719534091660475,-0.719534091660475
20250721_chem5_28C_T00_1257,20250721_chem5_28C_T00_1257_F12_e01,1,0,0.0,0,0,0,0,0,,
20250721_chem5_28C_T00_1257,20250721_chem5_28C_T00_1257_G01_e01,1,0,0.0,0,0,0,0,0,,
20250721_chem5_28C_T00_1257,20250721_chem5_28C_T00_1257_G02_e01,1,0,0.0,0,0,0,0,0,,
20250721_chem5_28C_T00_1257,20250721_chem5_28C_T00_1257_G03_e01,1,0,0.0,0,0,0,0,0,,
20250721_chem5_28C_T00_1257,20250721_chem5_28C_T00_1257_G04_e01,1,0,0.0,0,0,0,0,0,,
20250721_chem5_28C_T00_1257,20250721_chem5_28C_T00_1257_G05_e01,1,0,0.0,0,0,0,0,0,,
20250721_chem5_28C_T00_1257,20250721_chem5_28C_T00_1257_G06_e01,1,0,0.0,0,0,0,0,0,,
20250721_chem5_28C_T00_1257,20250721_chem5_28C_T00_1257_G07_e01,1,0,0.0,0,0,0,0,0,,
20250721_chem5_28C_T00_1257,20250721_chem5_28C_T00_1257_G07_e02,1,1,1.0,1,1,1,0,0,-0.7072794291617318,-0.7072794291617318
20250721_chem5_28C_T00_1257,20250721_chem5_28C_T00_1257_G07_e03,1,1,1.0,1,1,1,0,0,-0.6608857991539059,-0.6608857991539059
20250721_chem5_28C_T00_1257,20250721_chem5_28C_T00_1257_G08_e01,1,0,0.0,0,0,0,0,0,,
20250721_chem5_28C_T00_1257,20250721_chem5_28C_T00_1257_G09_e01,1,0,0.0,0,0,0,0,0,,
20250721_chem5_28C_T00_1257,20250721_chem5_28C_T00_1257_G10_e01,1,0,0.0,0,0,0,0,0,,
20250721_chem5_28C_T00_1257,20250721_chem5_28C_T00_1257_G11_e01,1,0,0.0,0,0,0,0,0,,
20250721_chem5_28C_T00_1257,20250721_chem5_28C_T00_1257_G12_e01,1,0,0.0,0,0,0,0,0,,
20250721_chem5_28C_T00_1257,20250721_chem5_28C_T00_1257_H01_e01,1,0,0.0,0,0,0,0,0,,
20250721_chem5_28C_T00_1257,20250721_chem5_28C_T00_1257_H03_e01,1,0,0.0,0,0,0,0,0,,
20250721_chem5_28C_T00_1257,20250721_chem5_28C_T00_1257_H04_e01,1,0,0.0,0,0,0,0,0,,
20250721_chem5_28C_T00_1257,20250721_chem5_28C_T00_1257_H05_e01,1,0,0.0,0,0,0,0,0,,
20250721_chem5_28C_T00_1257,20250721_chem5_28C_T00_1257_H06_e01,1,0,0.0,0,0,0,0,0,,
20250721_chem5_28C_T00_1257,20250721_chem5_28C_T00_1257_H07_e01,1,0,0.0,0,0,0,0,0,,
20250721_chem5_28C_T00_1257,20250721_chem5_28C_T00_1257_H08_e01,1,0,0.0,0,0,0,0,0,,
20250721_chem5_28C_T00_1257,20250721_chem5_28C_T00_1257_H09_e01,1,0,0.0,0,0,0,0,0,,
20250721_chem5_28C_T00_1257,20250721_chem5_28C_T00_1257_H10_e01,1,0,0.0,0,0,0,0,0,,
20250721_chem5_28C_T00_1257,20250721_chem5_28C_T00_1257_H11_e01,1,0,0.0,0,0,0,0,0,,
20250721_chem5_28C_T00_1257,20250721_chem5_28C_T00_1257_H11_e02,1,1,1.0,1,1,1,0,0,-0.7958241634018122,-0.7958241634018122
20250721_chem5_28C_T00_1257,20250721_chem5_28C_T00_1257_H12_e01,1,0,0.0,0,0,0,0,0,,
20250721_chem5_28C_T01_1401,20250721_chem5_28C_T01_1401_A01_e01,1,0,0.0,0,0,0,0,0,,
20250721_chem5_28C_T01_1401,20250721_chem5_28C_T01_1401_A02_e01,1,0,0.0,0,0,0,0,0,,
20250721_chem5_28C_T01_1401,20250721_chem5_28C_T01_1401_A03_e01,1,0,0.0,0,0,0,0,0,,
20250721_chem5_28C_T01_1401,20250721_chem5_28C_T01_1401_A04_e01,1,0,0.0,0,0,0,0,0,,
20250721_chem5_28C_T01_1401,20250721_chem5_28C_T01_1401_A05_e01,1,0,0.0,0,0,0,0,0,,
20250721_chem5_28C_T01_1401,20250721_chem5_28C_T01_1401_A06_e01,1,0,0.0,0,0,0,0,0,,
20250721_chem5_28C_T01_1401,20250721_chem5_28C_T01_1401_A07_e01,1,0,0.0,0,0,0,0,0,,
20250721_chem5_28C_T01_1401,20250721_chem5_28C_T01_1401_A08_e01,1,0,0.0,0,0,0,0,0,,
20250721_chem5_28C_T01_1401,20250721_chem5_28C_T01_1401_A09_e01,1,0,0.0,0,0,0,0,0,,
20250721_chem5_28C_T01_1401,20250721_chem5_28C_T01_1401_A10_e01,1,0,0.0,0,0,0,0,0,,
20250721_chem5_28C_T01_1401,20250721_chem5_28C_T01_1401_A11_e01,1,0,0.0,0,0,0,0,0,,
20250721_chem5_28C_T01_1401,20250721_chem5_28C_T01_1401_A12_e01,1,0,0.0,0,0,0,0,0,,
20250721_chem5_28C_T01_1401,20250721_chem5_28C_T01_1401_B01_e01,1,0,0.0,0,0,0,0,0,,
20250721_chem5_28C_T01_1401,20250721_chem5_28C_T01_1401_B02_e01,1,0,0.0,0,0,0,0,0,,
20250721_chem5_28C_T01_1401,20250721_chem5_28C_T01_1401_B02_e02,1,1,1.0,1,1,1,0,0,-0.5487410555943043,-0.5487410555943043
20250721_chem5_28C_T01_1401,20250721_chem5_28C_T01_1401_B03_e01,1,0,0.0,0,0,0,0,0,,
20250721_chem5_28C_T01_1401,20250721_chem5_28C_T01_1401_B04_e01,1,0,0.0,0,0,0,0,0,,
20250721_chem5_28C_T01_1401,20250721_chem5_28C_T01_1401_B05_e01,1,0,0.0,0,0,0,0,0,,
20250721_chem5_28C_T01_1401,20250721_chem5_28C_T01_1401_B06_e01,1,0,0.0,0,0,0,0,0,,
20250721_chem5_28C_T01_1401,20250721_chem5_28C_T01_1401_B07_e01,1,0,0.0,0,0,0,0,0,,
20250721_chem5_28C_T01_1401,20250721_chem5_28C_T01_1401_B08_e01,1,0,0.0,0,0,0,0,0,,
20250721_chem5_28C_T01_1401,20250721_chem5_28C_T01_1401_B09_e01,1,0,0.0,0,0,0,0,0,,
20250721_chem5_28C_T01_1401,20250721_chem5_28C_T01_1401_B10_e01,1,0,0.0,0,0,0,0,0,,
20250721_chem5_28C_T01_1401,20250721_chem5_28C_T01_1401_B12_e01,1,0,0.0,0,0,0,0,0,,
20250721_chem5_28C_T01_1401,20250721_chem5_28C_T01_1401_C01_e01,1,0,0.0,0,0,0,0,0,,
20250721_chem5_28C_T01_1401,20250721_chem5_28C_T01_1401_C01_e02,1,1,1.0,1,1,1,0,0,-0.7498050432588403,-0.7498050432588403
20250721_chem5_28C_T01_1401,20250721_chem5_28C_T01_1401_C02_e01,1,0,0.0,0,0,0,0,0,,
20250721_chem5_28C_T01_1401,20250721_chem5_28C_T01_1401_C03_e01,1,0,0.0,0,0,0,0,0,,
20250721_chem5_28C_T01_1401,20250721_chem5_28C_T01_1401_C04_e01,1,0,0.0,0,0,0,0,0,,
20250721_chem5_28C_T01_1401,20250721_chem5_28C_T01_1401_C05_e01,1,0,0.0,0,0,0,0,0,,
20250721_chem5_28C_T01_1401,20250721_chem5_28C_T01_1401_C06_e01,1,0,0.0,0,0,0,0,0,,
20250721_chem5_28C_T01_1401,20250721_chem5_28C_T01_1401_C07_e01,1,0,0.0,0,0,0,0,0,,
20250721_chem5_28C_T01_1401,20250721_chem5_28C_T01_1401_C07_e02,1,1,1.0,1,1,1,0,0,-0.22476594112025108,-0.22476594112025108
20250721_chem5_28C_T01_1401,20250721_chem5_28C_T01_1401_C08_e01,1,0,0.0,0,0,0,0,0,,
20250721_chem5_28C_T01_1401,20250721_chem5_28C_T01_1401_C09_e01,1,0,0.0,0,0,0,0,0,,
20250721_chem5_28C_T01_1401,20250721_chem5_28C_T01_1401_C10_e01,1,0,0.0,0,0,0,0,0,,
20250721_chem5_28C_T01_1401,20250721_chem5_28C_T01_1401_C11_e01,1,0,0.0,0,0,0,0,0,,
20250721_chem5_28C_T01_1401,20250721_chem5_28C_T01_1401_C12_e01,1,0,0.0,0,0,0,0,0,,
20250721_chem5_28C_T01_1401,20250721_chem5_28C_T01_1401_C12_e02,1,1,1.0,1,1,1,0,0,-0.7255844196865154,-0.7255844196865154
20250721_chem5_28C_T01_1401,20250721_chem5_28C_T01_1401_D01_e01,1,0,0.0,0,0,0,0,0,,
20250721_chem5_28C_T01_1401,20250721_chem5_28C_T01_1401_D02_e01,1,0,0.0,0,0,0,0,0,,
20250721_chem5_28C_T01_1401,20250721_chem5_28C_T01_1401_D03_e01,1,0,0.0,0,0,0,0,0,,
20250721_chem5_28C_T01_1401,20250721_chem5_28C_T01_1401_D04_e01,1,0,0.0,0,0,0,0,0,,
20250721_chem5_28C_T01_1401,20250721_chem5_28C_T01_1401_D05_e01,1,0,0.0,0,0,0,0,0,,
20250721_chem5_28C_T01_1401,20250721_chem5_28C_T01_1401_D06_e01,1,0,0.0,0,0,0,0,0,,
20250721_chem5_28C_T01_1401,20250721_chem5_28C_T01_1401_D07_e01,1,0,0.0,0,0,0,0,0,,
20250721_chem5_28C_T01_1401,20250721_chem5_28C_T01_1401_D08_e01,1,0,0.0,0,0,0,0,0,,
20250721_chem5_28C_T01_1401,20250721_chem5_28C_T01_1401_D09_e01,1,0,0.0,0,0,0,0,0,,
20250721_chem5_28C_T01_1401,20250721_chem5_28C_T01_1401_D10_e01,1,0,0.0,0,0,0,0,0,,
20250721_chem5_28C_T01_1401,20250721_chem5_28C_T01_1401_D11_e01,1,0,0.0,0,0,0,0,0,,
20250721_chem5_28C_T01_1401,20250721_chem5_28C_T01_1401_D12_e01,1,0,0.0,0,0,0,0,0,,
20250721_chem5_28C_T01_1401,20250721_chem5_28C_T01_1401_E01_e01,1,0,0.0,0,0,0,0,0,,
20250721_chem5_28C_T01_1401,20250721_chem5_28C_T01_1401_E02_e01,1,0,0.0,0,0,0,0,0,,
20250721_chem5_28C_T01_1401,20250721_chem5_28C_T01_1401_E03_e01,1,0,0.0,0,0,0,0,0,,
20250721_chem5_28C_T01_1401,20250721_chem5_28C_T01_1401_E03_e02,1,1,1.0,1,1,1,0,0,-0.8968430450285694,-0.8968430450285694
20250721_chem5_28C_T01_1401,20250721_chem5_28C_T01_1401_E04_e01,1,0,0.0,0,0,0,0,0,,
20250721_chem5_28C_T01_1401,20250721_chem5_28C_T01_1401_E05_e01,1,0,0.0,0,0,0,0,0,,
20250721_chem5_28C_T01_1401,20250721_chem5_28C_T01_1401_E05_e02,1,1,1.0,1,1,1,0,0,-0.7229393695590428,-0.7229393695590428
20250721_chem5_28C_T01_1401,20250721_chem5_28C_T01_1401_E06_e01,1,0,0.0,0,0,0,0,0,,
20250721_chem5_28C_T01_1401,20250721_chem5_28C_T01_1401_E07_e01,1,0,0.0,0,0,0,0,0,,
20250721_chem5_28C_T01_1401,20250721_chem5_28C_T01_1401_E08_e01,1,0,0.0,0,0,0,0,0,,
20250721_chem5_28C_T01_1401,20250721_chem5_28C_T01_1401_E09_e01,1,0,0.0,0,0,0,0,0,,
20250721_chem5_28C_T01_1401,20250721_chem5_28C_T01_1401_E09_e02,1,1,1.0,1,1,1,0,0,-0.7193300479926942,-0.7193300479926942
20250721_chem5_28C_T01_1401,20250721_chem5_28C_T01_1401_E10_e01,1,0,0.0,0,0,0,0,0,,
20250721_chem5_28C_T01_1401,20250721_chem5_28C_T01_1401_E11_e01,1,0,0.0,0,0,0,0,0,,
20250721_chem5_28C_T01_1401,20250721_chem5_28C_T01_1401_E12_e01,1,0,0.0,0,0,0,0,0,,
20250721_chem5_28C_T01_1401,20250721_chem5_28C_T01_1401_F01_e01,1,0,0.0,0,0,0,0,0,,
20250721_chem5_28C_T01_1401,20250721_chem5_28C_T01_1401_F02_e01,1,0,0.0,0,0,0,0,0,,
20250721_chem5_28C_T01_1401,20250721_chem5_28C_T01_1401_F03_e01,1,0,0.0,0,0,0,0,0,,
20250721_chem5_28C_T01_1401,20250721_chem5_28C_T01_1401_F04_e01,1,0,0.0,0,0,0,0,0,,
20250721_chem5_28C_T01_1401,20250721_chem5_28C_T01_1401_F05_e01,1,0,0.0,0,0,0,0,0,,
20250721_chem5_28C_T01_1401,20250721_chem5_28C_T01_1401_F06_e01,1,0,0.0,0,0,0,0,0,,
20250721_chem5_28C_T01_1401,20250721_chem5_28C_T01_1401_F07_e01,1,0,0.0,0,0,0,0,0,,
20250721_chem5_28C_T01_1401,20250721_chem5_28C_T01_1401_F08_e01,1,0,0.0,0,0,0,0,0,,
20250721_chem5_28C_T01_1401,20250721_chem5_28C_T01_1401_F09_e01,1,0,0.0,0,0,0,0,0,,
20250721_chem5_28C_T01_1401,20250721_chem5_28C_T01_1401_F10_e01,1,0,0.0,0,0,0,0,0,,
20250721_chem5_28C_T01_1401,20250721_chem5_28C_T01_1401_F11_e01,1,0,0.0,0,0,0,0,0,,
20250721_chem5_28C_T01_1401,20250721_chem5_28C_T01_1401_F11_e02,1,1,1.0,1,1,1,0,0,-0.7135176340416911,-0.7135176340416911
20250721_chem5_28C_T01_1401,20250721_chem5_28C_T01_1401_F12_e01,1,0,0.0,0,0,0,0,0,,
20250721_chem5_28C_T01_1401,20250721_chem5_28C_T01_1401_G01_e01,1,0,0.0,0,0,0,0,0,,
20250721_chem5_28C_T01_1401,20250721_chem5_28C_T01_1401_G02_e01,1,0,0.0,0,0,0,0,0,,
20250721_chem5_28C_T01_1401,20250721_chem5_28C_T01_1401_G03_e01,1,0,0.0,0,0,0,0,0,,
20250721_chem5_28C_T01_1401,20250721_chem5_28C_T01_1401_G04_e01,1,0,0.0,0,0,0,0,0,,
20250721_chem5_28C_T01_1401,20250721_chem5_28C_T01_1401_G05_e01,1,0,0.0,0,0,0,0,0,,
20250721_chem5_28C_T01_1401,20250721_chem5_28C_T01_1401_G06_e01,1,0,0.0,0,0,0,0,0,,
20250721_chem5_28C_T01_1401,20250721_chem5_28C_T01_1401_G07_e01,1,0,0.0,0,0,0,0,0,,
20250721_chem5_28C_T01_1401,20250721_chem5_28C_T01_1401_G07_e02,1,1,1.0,1,1,1,0,0,-0.7221826843327025,-0.7221826843327025
20250721_chem5_28C_T01_1401,20250721_chem5_28C_T01_1401_G07_e03,1,1,1.0,1,1,1,0,0,-0.6813752527458218,-0.6813752527458218
20250721_chem5_28C_T01_1401,20250721_chem5_28C_T01_1401_G08_e01,1,0,0.0,0,0,0,0,0,,
20250721_chem5_28C_T01_1401,20250721_chem5_28C_T01_1401_G09_e01,1,0,0.0,0,0,0,0,0,,
20250721_chem5_28C_T01_1401,20250721_chem5_28C_T01_1401_G10_e01,1,0,0.0,0,0,0,0,0,,
20250721_chem5_28C_T01_1401,20250721_chem5_28C_T01_1401_G11_e01,1,0,0.0,0,0,0,0,0,,
20250721_chem5_28C_T01_1401,20250721_chem5_28C_T01_1401_G12_e01,1,0,0.0,0,0,0,0,0,,
20250721_chem5_28C_T01_1401,20250721_chem5_28C_T01_1401_H01_e01,1,0,0.0,0,0,0,0,0,,
20250721_chem5_28C_T01_1401,20250721_chem5_28C_T01_1401_H02_e01,1,0,0.0,0,0,0,0,0,,
20250721_chem5_28C_T01_1401,20250721_chem5_28C_T01_1401_H03_e01,1,0,0.0,0,0,0,0,0,,
20250721_chem5_28C_T01_1401,20250721_chem5_28C_T01_1401_H04_e01,1,0,0.0,0,0,0,0,0,,
20250721_chem5_28C_T01_1401,20250721_chem5_28C_T01_1401_H04_e02,1,1,1.0,1,1,1,0,0,-0.9595809555204443,-0.9595809555204443
20250721_chem5_28C_T01_1401,20250721_chem5_28C_T01_1401_H05_e01,1,0,0.0,0,0,0,0,0,,
20250721_chem5_28C_T01_1401,20250721_chem5_28C_T01_1401_H06_e01,1,0,0.0,0,0,0,0,0,,
20250721_chem5_28C_T01_1401,20250721_chem5_28C_T01_1401_H07_e01,1,0,0.0,0,0,0,0,0,,
20250721_chem5_28C_T01_1401,20250721_chem5_28C_T01_1401_H08_e01,1,0,0.0,0,0,0,0,0,,
20250721_chem5_28C_T01_1401,20250721_chem5_28C_T01_1401_H09_e01,1,0,0.0,0,0,0,0,0,,
20250721_chem5_28C_T01_1401,20250721_chem5_28C_T01_1401_H10_e01,1,0,0.0,0,0,0,0,0,,
20250721_chem5_28C_T01_1401,20250721_chem5_28C_T01_1401_H11_e01,1,0,0.0,0,0,0,0,0,,
20250721_chem5_28C_T01_1401,20250721_chem5_28C_T01_1401_H11_e02,1,1,1.0,1,1,1,0,0,-0.7987351224523648,-0.7987351224523648
20250721_chem5_28C_T01_1401,20250721_chem5_28C_T01_1401_H12_e01,1,0,0.0,0,0,0,0,0,,
20250721_chem5_35C_T00_1023,20250721_chem5_35C_T00_1023_A01_e01,1,0,0.0,0,0,0,0,0,,
20250721_chem5_35C_T00_1023,20250721_chem5_35C_T00_1023_A02_e01,1,0,0.0,0,0,0,0,0,,
20250721_chem5_35C_T00_1023,20250721_chem5_35C_T00_1023_A03_e01,1,0,0.0,0,0,0,0,0,,
20250721_chem5_35C_T00_1023,20250721_chem5_35C_T00_1023_A04_e01,1,0,0.0,0,0,0,0,0,,
20250721_chem5_35C_T00_1023,20250721_chem5_35C_T00_1023_A05_e01,1,0,0.0,0,0,0,0,0,,
20250721_chem5_35C_T00_1023,20250721_chem5_35C_T00_1023_A06_e01,1,0,0.0,0,0,0,0,0,,
20250721_chem5_35C_T00_1023,20250721_chem5_35C_T00_1023_A07_e01,1,0,0.0,0,0,0,0,0,,
20250721_chem5_35C_T00_1023,20250721_chem5_35C_T00_1023_A08_e01,1,0,0.0,0,0,0,0,0,,
20250721_chem5_35C_T00_1023,20250721_chem5_35C_T00_1023_A09_e01,1,0,0.0,0,0,0,0,0,,
20250721_chem5_35C_T00_1023,20250721_chem5_35C_T00_1023_A10_e01,1,0,0.0,0,0,0,0,0,,
20250721_chem5_35C_T00_1023,20250721_chem5_35C_T00_1023_A11_e01,1,0,0.0,0,0,0,0,0,,
20250721_chem5_35C_T00_1023,20250721_chem5_35C_T00_1023_A12_e01,1,0,0.0,0,0,0,0,0,,
20250721_chem5_35C_T00_1023,20250721_chem5_35C_T00_1023_B01_e01,1,0,0.0,0,0,0,0,0,,
20250721_chem5_35C_T00_1023,20250721_chem5_35C_T00_1023_B02_e01,1,0,0.0,0,0,0,0,0,,
20250721_chem5_35C_T00_1023,20250721_chem5_35C_T00_1023_B03_e01,1,0,0.0,0,0,0,0,0,,
20250721_chem5_35C_T00_1023,20250721_chem5_35C_T00_1023_B04_e01,1,0,0.0,0,0,0,0,0,,
20250721_chem5_35C_T00_1023,20250721_chem5_35C_T00_1023_B05_e01,1,0,0.0,0,0,0,0,0,,
20250721_chem5_35C_T00_1023,20250721_chem5_35C_T00_1023_B06_e01,1,0,0.0,0,0,0,0,0,,
20250721_chem5_35C_T00_1023,20250721_chem5_35C_T00_1023_B07_e01,1,0,0.0,0,0,0,0,0,,
20250721_chem5_35C_T00_1023,20250721_chem5_35C_T00_1023_B08_e01,1,0,0.0,0,0,0,0,0,,
20250721_chem5_35C_T00_1023,20250721_chem5_35C_T00_1023_B09_e01,1,0,0.0,0,0,0,0,0,,
20250721_chem5_35C_T00_1023,20250721_chem5_35C_T00_1023_B10_e01,1,0,0.0,0,0,0,0,0,,
20250721_chem5_35C_T00_1023,20250721_chem5_35C_T00_1023_B11_e01,1,0,0.0,0,0,0,0,0,,
20250721_chem5_35C_T00_1023,20250721_chem5_35C_T00_1023_B12_e01,1,0,0.0,0,0,0,0,0,,
20250721_chem5_35C_T00_1023,20250721_chem5_35C_T00_1023_C01_e01,1,0,0.0,0,0,0,0,0,,
20250721_chem5_35C_T00_1023,20250721_chem5_35C_T00_1023_C02_e01,1,0,0.0,0,0,0,0,0,,
20250721_chem5_35C_T00_1023,20250721_chem5_35C_T00_1023_C03_e01,1,0,0.0,0,0,0,0,0,,
20250721_chem5_35C_T00_1023,20250721_chem5_35C_T00_1023_C04_e01,1,0,0.0,0,0,0,0,0,,
20250721_chem5_35C_T00_1023,20250721_chem5_35C_T00_1023_C05_e01,1,0,0.0,0,0,0,0,0,,
20250721_chem5_35C_T00_1023,20250721_chem5_35C_T00_1023_C06_e01,1,0,0.0,0,0,0,0,0,,
20250721_chem5_35C_T00_1023,20250721_chem5_35C_T00_1023_C07_e01,1,0,0.0,0,0,0,0,0,,
20250721_chem5_35C_T00_1023,20250721_chem5_35C_T00_1023_C08_e01,1,0,0.0,0,0,0,0,0,,
20250721_chem5_35C_T00_1023,20250721_chem5_35C_T00_1023_C09_e01,1,0,0.0,0,0,0,0,0,,
20250721_chem5_35C_T00_1023,20250721_chem5_35C_T00_1023_C10_e01,1,0,0.0,0,0,0,0,0,,
20250721_chem5_35C_T00_1023,20250721_chem5_35C_T00_1023_C11_e01,1,0,0.0,0,0,0,0,0,,
20250721_chem5_35C_T00_1023,20250721_chem5_35C_T00_1023_C12_e01,1,0,0.0,0,0,0,0,0,,
20250721_chem5_35C_T00_1023,20250721_chem5_35C_T00_1023_C12_e02,1,1,1.0,1,1,1,0,0,-0.651174806986578,-0.651174806986578
20250721_chem5_35C_T00_1023,20250721_chem5_35C_T00_1023_D01_e01,1,0,0.0,0,0,0,0,0,,
20250721_chem5_35C_T00_1023,20250721_chem5_35C_T00_1023_D02_e01,1,0,0.0,0,0,0,0,0,,
20250721_chem5_35C_T00_1023,20250721_chem5_35C_T00_1023_D03_e01,1,0,0.0,0,0,0,0,0,,
20250721_chem5_35C_T00_1023,20250721_chem5_35C_T00_1023_D04_e01,1,0,0.0,0,0,0,0,0,,
20250721_chem5_35C_T00_1023,20250721_chem5_35C_T00_1023_D05_e01,1,0,0.0,0,0,0,0,0,,
20250721_chem5_35C_T00_1023,20250721_chem5_35C_T00_1023_D06_e01,1,0,0.0,0,0,0,0,0,,
20250721_chem5_35C_T00_1023,20250721_chem5_35C_T00_1023_D07_e01,1,0,0.0,0,0,0,0,0,,
20250721_chem5_35C_T00_1023,20250721_chem5_35C_T00_1023_D09_e01,1,0,0.0,0,0,0,0,0,,
20250721_chem5_35C_T00_1023,20250721_chem5_35C_T00_1023_D10_e01,1,0,0.0,0,0,0,0,0,,
20250721_chem5_35C_T00_1023,20250721_chem5_35C_T00_1023_D11_e01,1,0,0.0,0,0,0,0,0,,
20250721_chem5_35C_T00_1023,20250721_chem5_35C_T00_1023_D12_e01,1,0,0.0,0,0,0,0,0,,
20250721_chem5_35C_T00_1023,20250721_chem5_35C_T00_1023_E01_e01,1,0,0.0,0,0,0,0,0,,
20250721_chem5_35C_T00_1023,20250721_chem5_35C_T00_1023_E02_e01,1,0,0.0,0,0,0,0,0,,
20250721_chem5_35C_T00_1023,20250721_chem5_35C_T00_1023_E03_e01,1,0,0.0,0,0,0,0,0,,
20250721_chem5_35C_T00_1023,20250721_chem5_35C_T00_1023_E04_e01,1,0,0.0,0,0,0,0,0,,
20250721_chem5_35C_T00_1023,20250721_chem5_35C_T00_1023_E05_e01,1,0,0.0,0,0,0,0,0,,
20250721_chem5_35C_T00_1023,20250721_chem5_35C_T00_1023_E06_e01,1,0,0.0,0,0,0,0,0,,
20250721_chem5_35C_T00_1023,20250721_chem5_35C_T00_1023_E07_e01,1,0,0.0,0,0,0,0,0,,
20250721_chem5_35C_T00_1023,20250721_chem5_35C_T00_1023_E08_e01,1,0,0.0,0,0,0,0,0,,
20250721_chem5_35C_T00_1023,20250721_chem5_35C_T00_1023_E08_e02,1,0,0.0,0,0,0,0,0,,
20250721_chem5_35C_T00_1023,20250721_chem5_35C_T00_1023_E08_e03,1,1,1.0,1,1,1,0,0,-0.7796840652051256,-0.7796840652051256
20250721_chem5_35C_T00_1023,20250721_chem5_35C_T00_1023_E09_e01,1,0,0.0,0,0,0,0,0,,
20250721_chem5_35C_T00_1023,20250721_chem5_35C_T00_1023_E10_e01,1,0,0.0,0,0,0,0,0,,
20250721_chem5_35C_T00_1023,20250721_chem5_35C_T00_1023_E10_e02,1,1,1.0,1,1,1,0,0,-0.6367442170506198,-0.6367442170506198
20250721_chem5_35C_T00_1023,20250721_chem5_35C_T00_1023_E11_e01,1,0,0.0,0,0,0,0,0,,
20250721_chem5_35C_T00_1023,20250721_chem5_35C_T00_1023_E11_e02,1,1,1.0,1,1,1,0,0,-0.7436176348593855,-0.7436176348593855
20250721_chem5_35C_T00_1023,20250721_chem5_35C_T00_1023_E12_e01,1,0,0.0,0,0,0,0,0,,
20250721_chem5_35C_T00_1023,20250721_chem5_35C_T00_1023_F01_e01,1,0,0.0,0,0,0,0,0,,
20250721_chem5_35C_T00_1023,20250721_chem5_35C_T00_1023_F02_e01,1,0,0.0,0,0,0,0,0,,
20250721_chem5_35C_T00_1023,20250721_chem5_35C_T00_1023_F03_e01,1,0,0.0,0,0,0,0,0,,
20250721_chem5_35C_T00_1023,20250721_chem5_35C_T00_1023_F04_e01,1,0,0.0,0,0,0,0,0,,
20250721_chem5_35C_T00_1023,20250721_chem5_35C_T00_1023_F05_e01,1,0,0.0,0,0,0,0,0,,
20250721_chem5_35C_T00_1023,20250721_chem5_35C_T00_1023_F05_e02,1,1,1.0,1,1,1,0,0,-0.3765650331194308,-0.3765650331194308
20250721_chem5_35C_T00_1023,20250721_chem5_35C_T00_1023_F06_e01,1,0,0.0,0,0,0,0,0,,
20250721_chem5_35C_T00_1023,20250721_chem5_35C_T00_1023_F07_e01,1,0,0.0,0,0,0,0,0,,
20250721_chem5_35C_T00_1023,20250721_chem5_35C_T00_1023_F08_e01,1,0,0.0,0,0,0,0,0,,
20250721_chem5_35C_T00_1023,20250721_chem5_35C_T00_1023_F08_e02,1,1,1.0,1,1,1,0,0,-0.7602513171799978,-0.7602513171799978
20250721_chem5_35C_T00_1023,20250721_chem5_35C_T00_1023_F09_e01,1,0,0.0,0,0,0,0,0,,
20250721_chem5_35C_T00_1023,20250721_chem5_35C_T00_1023_F10_e01,1,0,0.0,0,0,0,0,0,,
20250721_chem5_35C_T00_1023,20250721_chem5_35C_T00_1023_F11_e01,1,0,0.0,0,0,0,0,0,,
20250721_chem5_35C_T00_1023,20250721_chem5_35C_T00_1023_F11_e02,1,1,1.0,1,1,1,0,0,-0.7936325194216455,-0.7936325194216455
20250721_chem5_35C_T00_1023,20250721_chem5_35C_T00_1023_F12_e01,1,0,0.0,0,0,0,0,0,,
20250721_chem5_35C_T00_1023,20250721_chem5_35C_T00_1023_G01_e01,1,0,0.0,0,0,0,0,0,,
20250721_chem5_35C_T00_1023,20250721_chem5_35C_T00_1023_G01_e02,1,1,1.0,1,1,1,0,0,-0.7231469557715787,-0.7231469557715787
20250721_chem5_35C_T00_1023,20250721_chem5_35C_T00_1023_G02_e01,1,0,0.0,0,0,0,0,0,,
20250721_chem5_35C_T00_1023,20250721_chem5_35C_T00_1023_G03_e01,1,0,0.0,0,0,0,0,0,,
20250721_chem5_35C_T00_1023,20250721_chem5_35C_T00_1023_G04_e01,1,0,0.0,0,0,0,0,0,,
20250721_chem5_35C_T00_1023,20250721_chem5_35C_T00_1023_G05_e01,1,0,0.0,0,0,0,0,0,,
20250721_chem5_35C_T00_1023,20250721_chem5_35C_T00_1023_G06_e01,1,0,0.0,0,0,0,0,0,,
20250721_chem5_35C_T00_1023,20250721_chem5_35C_T00_1023_G07_e01,1,0,0.0,0,0,0,0,0,,
20250721_chem5_35C_T00_1023,20250721_chem5_35C_T00_1023_G07_e02,1,1,1.0,1,1,1,0,0,-0.22102938929460614,-0.22102938929460614
20250721_chem5_35C_T00_1023,20250721_chem5_35C_T00_1023_G08_e01,1,0,0.0,0,0,0,0,0,,
20250721_chem5_35C_T00_1023,20250721_chem5_35C_T00_1023_G09_e01,1,0,0.0,0,0,0,0,0,,
20250721_chem5_35C_T00_1023,20250721_chem5_35C_T00_1023_G10_e01,1,0,0.0,0,0,0,0,0,,
20250721_chem5_35C_T00_1023,20250721_chem5_35C_T00_1023_G10_e02,1,1,1.0,1,1,1,0,0,-0.778652830471883,-0.778652830471883
20250721_chem5_35C_T00_1023,20250721_chem5_35C_T00_1023_G11_e01,1,0,0.0,0,0,0,0,0,,
20250721_chem5_35C_T00_1023,20250721_chem5_35C_T00_1023_G11_e02,1,1,1.0,1,1,1,0,0,-0.7549612169250527,-0.7549612169250527
20250721_chem5_35C_T00_1023,20250721_chem5_35C_T00_1023_G12_e01,1,0,0.0,0,0,0,0,0,,
20250721_chem5_35C_T00_1023,20250721_chem5_35C_T00_1023_H01_e01,1,0,0.0,0,0,0,0,0,,
20250721_chem5_35C_T00_1023,20250721_chem5_35C_T00_1023_H03_e01,1,0,0.0,0,0,0,0,0,,
20250721_chem5_35C_T00_1023,20250721_chem5_35C_T00_1023_H04_e01,1,0,0.0,0,0,0,0,0,,
20250721_chem5_35C_T00_1023,20250721_chem5_35C_T00_1023_H05_e01,1,0,0.0,0,0,0,0,0,,
20250721_chem5_35C_T00_1023,20250721_chem5_35C_T00_1023_H05_e02,1,0,0.0,0,0,0,0,0,,
20250721_chem5_35C_T00_1023,20250721_chem5_35C_T00_1023_H06_e01,1,0,0.0,0,0,0,0,0,,
20250721_chem5_35C_T00_1023,20250721_chem5_35C_T00_1023_H07_e02,1,1,1.0,1,1,1,0,0,-0.7551888921258985,-0.7551888921258985
20250721_chem5_35C_T00_1023,20250721_chem5_35C_T00_1023_H08_e01,1,0,0.0,0,0,0,0,0,,
20250721_chem5_35C_T00_1023,20250721_chem5_35C_T00_1023_H10_e01,1,0,0.0,0,0,0,0,0,,
20250721_chem5_35C_T00_1023,20250721_chem5_35C_T00_1023_H10_e02,1,1,1.0,1,1,1,0,0,-0.8461518311932087,-0.8461518311932087
20250721_chem5_35C_T00_1023,20250721_chem5_35C_T00_1023_H11_e01,1,0,0.0,0,0,0,0,0,,
20250721_chem5_35C_T00_1023,20250721_chem5_35C_T00_1023_H11_e02,1,1,1.0,1,1,1,0,0,-0.7610414840535213,-0.7610414840535213
20250721_chem5_35C_T00_1023,20250721_chem5_35C_T00_1023_H12_e01,1,0,0.0,0,0,0,0,0,,
20260319_cilia_crispant_18hpf,20260319_cilia_crispant_18hpf_A01_e01,1,0,0.0,0,0,0,0,0,,
20260319_cilia_crispant_18hpf,20260319_cilia_crispant_18hpf_A02_e01,1,0,0.0,0,0,0,0,0,,
20260319_cilia_crispant_18hpf,20260319_cilia_crispant_18hpf_A03_e01,1,0,0.0,0,0,0,0,0,,
20260319_cilia_crispant_18hpf,20260319_cilia_crispant_18hpf_A04_e01,1,0,0.0,0,0,0,0,0,,
20260319_cilia_crispant_18hpf,20260319_cilia_crispant_18hpf_A05_e01,1,0,0.0,0,0,0,0,0,,
20260319_cilia_crispant_18hpf,20260319_cilia_crispant_18hpf_A06_e01,1,0,0.0,0,0,0,0,0,,
20260319_cilia_crispant_18hpf,20260319_cilia_crispant_18hpf_A07_e01,1,0,0.0,0,0,0,0,0,,
20260319_cilia_crispant_18hpf,20260319_cilia_crispant_18hpf_A08_e01,1,0,0.0,0,0,0,0,0,,
20260319_cilia_crispant_18hpf,20260319_cilia_crispant_18hpf_A09_e01,1,0,0.0,0,0,0,0,0,,
20260319_cilia_crispant_18hpf,20260319_cilia_crispant_18hpf_A10_e01,1,0,0.0,0,0,0,0,0,,
20260319_cilia_crispant_18hpf,20260319_cilia_crispant_18hpf_A12_e01,1,0,0.0,0,0,0,0,0,,
20260319_cilia_crispant_18hpf,20260319_cilia_crispant_18hpf_B01_e01,1,0,0.0,0,0,0,0,0,,
20260319_cilia_crispant_18hpf,20260319_cilia_crispant_18hpf_B02_e01,1,0,0.0,0,0,0,0,0,,
20260319_cilia_crispant_18hpf,20260319_cilia_crispant_18hpf_B03_e01,1,0,0.0,0,0,0,0,0,,
20260319_cilia_crispant_18hpf,20260319_cilia_crispant_18hpf_B04_e01,1,0,0.0,0,0,0,0,0,,
20260319_cilia_crispant_18hpf,20260319_cilia_crispant_18hpf_B05_e01,1,0,0.0,0,0,0,0,0,,
20260319_cilia_crispant_18hpf,20260319_cilia_crispant_18hpf_B06_e01,1,0,0.0,0,0,0,0,0,,
20260319_cilia_crispant_18hpf,20260319_cilia_crispant_18hpf_B07_e01,1,0,0.0,0,0,0,0,0,,
20260319_cilia_crispant_18hpf,20260319_cilia_crispant_18hpf_B08_e01,1,0,0.0,0,0,0,0,0,,
20260319_cilia_crispant_18hpf,20260319_cilia_crispant_18hpf_B09_e01,1,0,0.0,0,0,0,0,0,,
20260319_cilia_crispant_18hpf,20260319_cilia_crispant_18hpf_B10_e01,1,0,0.0,0,0,0,0,0,,
20260319_cilia_crispant_18hpf,20260319_cilia_crispant_18hpf_B12_e01,1,0,0.0,0,0,0,0,0,,
20260319_cilia_crispant_18hpf,20260319_cilia_crispant_18hpf_C01_e01,1,0,0.0,0,0,0,0,0,,
20260319_cilia_crispant_18hpf,20260319_cilia_crispant_18hpf_C02_e01,1,0,0.0,0,0,0,0,0,,
20260319_cilia_crispant_18hpf,20260319_cilia_crispant_18hpf_C03_e01,1,0,0.0,0,0,0,0,0,,
20260319_cilia_crispant_18hpf,20260319_cilia_crispant_18hpf_C04_e01,1,0,0.0,0,0,0,0,0,,
20260319_cilia_crispant_18hpf,20260319_cilia_crispant_18hpf_C05_e01,1,0,0.0,0,0,0,0,0,,
20260319_cilia_crispant_18hpf,20260319_cilia_crispant_18hpf_C06_e01,1,0,0.0,0,0,0,0,0,,
20260319_cilia_crispant_18hpf,20260319_cilia_crispant_18hpf_C07_e01,1,0,0.0,0,0,0,0,0,,
20260319_cilia_crispant_18hpf,20260319_cilia_crispant_18hpf_C08_e01,1,0,0.0,0,0,0,0,0,,
20260319_cilia_crispant_18hpf,20260319_cilia_crispant_18hpf_C09_e01,1,0,0.0,0,0,0,0,0,,
20260319_cilia_crispant_18hpf,20260319_cilia_crispant_18hpf_C10_e01,1,0,0.0,0,0,0,0,0,,
20260319_cilia_crispant_18hpf,20260319_cilia_crispant_18hpf_D01_e01,1,0,0.0,0,0,0,0,0,,
20260319_cilia_crispant_18hpf,20260319_cilia_crispant_18hpf_D02_e01,1,0,0.0,0,0,0,0,0,,
20260319_cilia_crispant_18hpf,20260319_cilia_crispant_18hpf_D03_e01,1,0,0.0,0,0,0,0,0,,
20260319_cilia_crispant_18hpf,20260319_cilia_crispant_18hpf_D04_e01,1,0,0.0,0,0,0,0,0,,
20260319_cilia_crispant_18hpf,20260319_cilia_crispant_18hpf_D05_e01,1,0,0.0,0,0,0,0,0,,
20260319_cilia_crispant_18hpf,20260319_cilia_crispant_18hpf_D06_e01,1,0,0.0,0,0,0,0,0,,
20260319_cilia_crispant_18hpf,20260319_cilia_crispant_18hpf_D07_e01,1,0,0.0,0,0,0,0,0,,
20260319_cilia_crispant_18hpf,20260319_cilia_crispant_18hpf_D08_e01,1,0,0.0,0,0,0,0,0,,
20260319_cilia_crispant_18hpf,20260319_cilia_crispant_18hpf_D09_e01,1,0,0.0,0,0,0,0,0,,
20260319_cilia_crispant_18hpf,20260319_cilia_crispant_18hpf_D10_e01,1,0,0.0,0,0,0,0,0,,
20260319_cilia_crispant_18hpf,20260319_cilia_crispant_18hpf_D12_e01,1,0,0.0,0,0,0,0,0,,
20260319_cilia_crispant_18hpf,20260319_cilia_crispant_18hpf_E01_e01,1,0,0.0,0,0,0,0,0,,
20260319_cilia_crispant_18hpf,20260319_cilia_crispant_18hpf_E02_e01,1,0,0.0,0,0,0,0,0,,
20260319_cilia_crispant_18hpf,20260319_cilia_crispant_18hpf_E03_e01,1,0,0.0,0,0,0,0,0,,
20260319_cilia_crispant_18hpf,20260319_cilia_crispant_18hpf_E04_e01,1,0,0.0,0,0,0,0,0,,
20260319_cilia_crispant_18hpf,20260319_cilia_crispant_18hpf_E05_e01,1,0,0.0,0,0,0,0,0,,
20260319_cilia_crispant_18hpf,20260319_cilia_crispant_18hpf_E06_e01,1,0,0.0,0,0,0,0,0,,
20260319_cilia_crispant_18hpf,20260319_cilia_crispant_18hpf_E07_e01,1,0,0.0,0,0,0,0,0,,
20260319_cilia_crispant_18hpf,20260319_cilia_crispant_18hpf_E08_e01,1,0,0.0,0,0,0,0,0,,
20260319_cilia_crispant_18hpf,20260319_cilia_crispant_18hpf_E09_e01,1,0,0.0,0,0,0,0,0,,
20260319_cilia_crispant_18hpf,20260319_cilia_crispant_18hpf_E10_e01,1,0,0.0,0,0,0,0,0,,
20260319_cilia_crispant_18hpf,20260319_cilia_crispant_18hpf_E11_e01,1,0,0.0,0,0,0,0,0,,
20260319_cilia_crispant_18hpf,20260319_cilia_crispant_18hpf_E12_e01,1,0,0.0,0,0,0,0,0,,
20260319_cilia_crispant_18hpf,20260319_cilia_crispant_18hpf_F01_e01,1,0,0.0,0,0,0,0,0,,
20260319_cilia_crispant_18hpf,20260319_cilia_crispant_18hpf_F02_e01,1,0,0.0,0,0,0,0,0,,
20260319_cilia_crispant_18hpf,20260319_cilia_crispant_18hpf_F03_e01,1,0,0.0,0,0,0,0,0,,
20260319_cilia_crispant_18hpf,20260319_cilia_crispant_18hpf_F04_e01,1,0,0.0,0,0,0,0,0,,
20260319_cilia_crispant_18hpf,20260319_cilia_crispant_18hpf_F05_e01,1,0,0.0,0,0,0,0,0,,
20260319_cilia_crispant_18hpf,20260319_cilia_crispant_18hpf_F06_e01,1,0,0.0,0,0,0,0,0,,
20260319_cilia_crispant_18hpf,20260319_cilia_crispant_18hpf_F07_e01,1,0,0.0,0,0,0,0,0,,
20260319_cilia_crispant_18hpf,20260319_cilia_crispant_18hpf_F08_e01,1,0,0.0,0,0,0,0,0,,
20260319_cilia_crispant_18hpf,20260319_cilia_crispant_18hpf_F09_e01,1,0,0.0,0,0,0,0,0,,
20260319_cilia_crispant_18hpf,20260319_cilia_crispant_18hpf_F10_e01,1,0,0.0,0,0,0,0,0,,
20260319_cilia_crispant_18hpf,20260319_cilia_crispant_18hpf_F12_e01,1,0,0.0,0,0,0,0,0,,
20260319_cilia_crispant_18hpf,20260319_cilia_crispant_18hpf_G01_e01,1,0,0.0,0,0,0,0,0,,
20260319_cilia_crispant_18hpf,20260319_cilia_crispant_18hpf_G02_e01,1,0,0.0,0,0,0,0,0,,
20260319_cilia_crispant_18hpf,20260319_cilia_crispant_18hpf_G03_e01,1,0,0.0,0,0,0,0,0,,
20260319_cilia_crispant_18hpf,20260319_cilia_crispant_18hpf_G04_e01,1,0,0.0,0,0,0,0,0,,
20260319_cilia_crispant_18hpf,20260319_cilia_crispant_18hpf_G05_e01,1,0,0.0,0,0,0,0,0,,
20260319_cilia_crispant_18hpf,20260319_cilia_crispant_18hpf_G06_e01,1,0,0.0,0,0,0,0,0,,
20260319_cilia_crispant_18hpf,20260319_cilia_crispant_18hpf_G07_e01,1,0,0.0,0,0,0,0,0,,
20260319_cilia_crispant_18hpf,20260319_cilia_crispant_18hpf_G08_e01,1,0,0.0,0,0,0,0,0,,
20260319_cilia_crispant_18hpf,20260319_cilia_crispant_18hpf_G09_e01,1,0,0.0,0,0,0,0,0,,
20260319_cilia_crispant_18hpf,20260319_cilia_crispant_18hpf_G10_e01,1,0,0.0,0,0,0,0,0,,
20260319_cilia_crispant_18hpf,20260319_cilia_crispant_18hpf_G11_e01,1,0,0.0,0,0,0,0,0,,
20260319_cilia_crispant_18hpf,20260319_cilia_crispant_18hpf_G12_e01,1,0,0.0,0,0,0,0,0,,
20260319_cilia_crispant_18hpf,20260319_cilia_crispant_18hpf_H01_e01,1,0,0.0,0,0,0,0,0,,
20260319_cilia_crispant_18hpf,20260319_cilia_crispant_18hpf_H02_e01,1,0,0.0,0,0,0,0,0,,
20260319_cilia_crispant_18hpf,20260319_cilia_crispant_18hpf_H02_e02,1,0,0.0,0,0,0,0,0,,
20260319_cilia_crispant_18hpf,20260319_cilia_crispant_18hpf_H03_e01,1,0,0.0,0,0,0,0,0,,
20260319_cilia_crispant_18hpf,20260319_cilia_crispant_18hpf_H04_e01,1,0,0.0,0,0,0,0,0,,
20260319_cilia_crispant_18hpf,20260319_cilia_crispant_18hpf_H05_e01,1,0,0.0,0,0,0,0,0,,
20260319_cilia_crispant_18hpf,20260319_cilia_crispant_18hpf_H06_e01,1,0,0.0,0,0,0,0,0,,
20260319_cilia_crispant_18hpf,20260319_cilia_crispant_18hpf_H07_e01,1,0,0.0,0,0,0,0,0,,
20260319_cilia_crispant_18hpf,20260319_cilia_crispant_18hpf_H07_e02,1,1,1.0,1,1,1,0,0,-0.6439887681254683,-0.6439887681254683
20260319_cilia_crispant_18hpf,20260319_cilia_crispant_18hpf_H08_e01,1,0,0.0,0,0,0,0,0,,
20260319_cilia_crispant_18hpf,20260319_cilia_crispant_18hpf_H09_e01,1,0,0.0,0,0,0,0,0,,
20260319_cilia_crispant_18hpf,20260319_cilia_crispant_18hpf_H10_e01,1,0,0.0,0,0,0,0,0,,
20260319_cilia_crispant_18hpf,20260319_cilia_crispant_18hpf_H11_e01,1,0,0.0,0,0,0,0,0,,
20260319_cilia_crispant_18hpf,20260319_cilia_crispant_18hpf_H12_e01,1,0,0.0,0,0,0,0,0,,
20260319_cilia_crispant_24hpf,20260319_cilia_crispant_24hpf_A01_e01,1,0,0.0,0,0,0,0,0,,
20260319_cilia_crispant_24hpf,20260319_cilia_crispant_24hpf_A02_e01,1,0,0.0,0,0,0,0,0,,
20260319_cilia_crispant_24hpf,20260319_cilia_crispant_24hpf_A03_e01,1,0,0.0,0,0,0,0,0,,
20260319_cilia_crispant_24hpf,20260319_cilia_crispant_24hpf_A04_e01,1,0,0.0,0,0,0,0,0,,
20260319_cilia_crispant_24hpf,20260319_cilia_crispant_24hpf_A05_e01,1,0,0.0,0,0,0,0,0,,
20260319_cilia_crispant_24hpf,20260319_cilia_crispant_24hpf_A06_e01,1,0,0.0,0,0,0,0,0,,
20260319_cilia_crispant_24hpf,20260319_cilia_crispant_24hpf_A07_e01,1,0,0.0,0,0,0,0,0,,
20260319_cilia_crispant_24hpf,20260319_cilia_crispant_24hpf_A08_e01,1,0,0.0,0,0,0,0,0,,
20260319_cilia_crispant_24hpf,20260319_cilia_crispant_24hpf_A08_e02,1,0,0.0,0,0,0,0,0,,
20260319_cilia_crispant_24hpf,20260319_cilia_crispant_24hpf_A09_e01,1,0,0.0,0,0,0,0,0,,
20260319_cilia_crispant_24hpf,20260319_cilia_crispant_24hpf_A10_e01,1,0,0.0,0,0,0,0,0,,
20260319_cilia_crispant_24hpf,20260319_cilia_crispant_24hpf_A11_e01,1,0,0.0,0,0,0,0,0,,
20260319_cilia_crispant_24hpf,20260319_cilia_crispant_24hpf_A12_e01,1,0,0.0,0,0,0,0,0,,
20260319_cilia_crispant_24hpf,20260319_cilia_crispant_24hpf_B01_e01,1,0,0.0,0,0,0,0,0,,
20260319_cilia_crispant_24hpf,20260319_cilia_crispant_24hpf_B02_e01,1,0,0.0,0,0,0,0,0,,
20260319_cilia_crispant_24hpf,20260319_cilia_crispant_24hpf_B02_e02,1,1,1.0,1,1,1,0,0,-0.09322942703513197,-0.09322942703513197
20260319_cilia_crispant_24hpf,20260319_cilia_crispant_24hpf_B03_e01,1,0,0.0,0,0,0,0,0,,
20260319_cilia_crispant_24hpf,20260319_cilia_crispant_24hpf_B04_e01,1,0,0.0,0,0,0,0,0,,
20260319_cilia_crispant_24hpf,20260319_cilia_crispant_24hpf_B05_e01,1,0,0.0,0,0,0,0,0,,
20260319_cilia_crispant_24hpf,20260319_cilia_crispant_24hpf_B06_e01,1,0,0.0,0,0,0,0,0,,
20260319_cilia_crispant_24hpf,20260319_cilia_crispant_24hpf_B07_e01,1,0,0.0,0,0,0,0,0,,
20260319_cilia_crispant_24hpf,20260319_cilia_crispant_24hpf_B07_e02,1,1,1.0,1,1,1,0,0,-0.03624847437528024,-0.03624847437528024
20260319_cilia_crispant_24hpf,20260319_cilia_crispant_24hpf_B08_e01,1,0,0.0,0,0,0,0,0,,
20260319_cilia_crispant_24hpf,20260319_cilia_crispant_24hpf_B09_e01,1,0,0.0,0,0,0,0,0,,
20260319_cilia_crispant_24hpf,20260319_cilia_crispant_24hpf_B10_e01,1,0,0.0,0,0,0,0,0,,
20260319_cilia_crispant_24hpf,20260319_cilia_crispant_24hpf_B11_e01,1,0,0.0,0,0,0,0,0,,
20260319_cilia_crispant_24hpf,20260319_cilia_crispant_24hpf_B12_e01,1,0,0.0,0,0,0,0,0,,
20260319_cilia_crispant_24hpf,20260319_cilia_crispant_24hpf_C01_e01,1,0,0.0,0,0,0,0,0,,
20260319_cilia_crispant_24hpf,20260319_cilia_crispant_24hpf_C02_e01,1,0,0.0,0,0,0,0,0,,
20260319_cilia_crispant_24hpf,20260319_cilia_crispant_24hpf_C03_e01,1,0,0.0,0,0,0,0,0,,
20260319_cilia_crispant_24hpf,20260319_cilia_crispant_24hpf_C04_e01,1,0,0.0,0,0,0,0,0,,
20260319_cilia_crispant_24hpf,20260319_cilia_crispant_24hpf_C05_e01,1,0,0.0,0,0,0,0,0,,
20260319_cilia_crispant_24hpf,20260319_cilia_crispant_24hpf_C06_e01,1,0,0.0,0,0,0,0,0,,
20260319_cilia_crispant_24hpf,20260319_cilia_crispant_24hpf_C07_e01,1,0,0.0,0,0,0,0,0,,
20260319_cilia_crispant_24hpf,20260319_cilia_crispant_24hpf_C08_e01,1,0,0.0,0,0,0,0,0,,
20260319_cilia_crispant_24hpf,20260319_cilia_crispant_24hpf_C09_e01,1,0,0.0,0,0,0,0,0,,
20260319_cilia_crispant_24hpf,20260319_cilia_crispant_24hpf_C10_e01,1,0,0.0,0,0,0,0,0,,
20260319_cilia_crispant_24hpf,20260319_cilia_crispant_24hpf_C11_e01,1,0,0.0,0,0,0,0,0,,
20260319_cilia_crispant_24hpf,20260319_cilia_crispant_24hpf_C12_e01,1,0,0.0,0,0,0,0,0,,
20260319_cilia_crispant_24hpf,20260319_cilia_crispant_24hpf_D02_e01,1,0,0.0,0,0,0,0,0,,
20260319_cilia_crispant_24hpf,20260319_cilia_crispant_24hpf_D03_e01,1,0,0.0,0,0,0,0,0,,
20260319_cilia_crispant_24hpf,20260319_cilia_crispant_24hpf_D03_e02,1,1,1.0,1,1,1,0,0,-0.1198731522677719,-0.1198731522677719
20260319_cilia_crispant_24hpf,20260319_cilia_crispant_24hpf_D04_e01,1,0,0.0,0,0,0,0,0,,
20260319_cilia_crispant_24hpf,20260319_cilia_crispant_24hpf_D05_e01,1,0,0.0,0,0,0,0,0,,
20260319_cilia_crispant_24hpf,20260319_cilia_crispant_24hpf_D06_e01,1,0,0.0,0,0,0,0,0,,
20260319_cilia_crispant_24hpf,20260319_cilia_crispant_24hpf_D07_e01,1,0,0.0,0,0,0,0,0,,
20260319_cilia_crispant_24hpf,20260319_cilia_crispant_24hpf_D08_e01,1,0,0.0,0,0,0,0,0,,
20260319_cilia_crispant_24hpf,20260319_cilia_crispant_24hpf_D09_e01,1,0,0.0,0,0,0,0,0,,
20260319_cilia_crispant_24hpf,20260319_cilia_crispant_24hpf_D10_e01,1,0,0.0,0,0,0,0,0,,
20260319_cilia_crispant_24hpf,20260319_cilia_crispant_24hpf_D11_e01,1,0,0.0,0,0,0,0,0,,
20260319_cilia_crispant_24hpf,20260319_cilia_crispant_24hpf_D12_e01,1,0,0.0,0,0,0,0,0,,
20260319_cilia_crispant_24hpf,20260319_cilia_crispant_24hpf_E01_e01,1,0,0.0,0,0,0,0,0,,
20260319_cilia_crispant_24hpf,20260319_cilia_crispant_24hpf_E03_e01,1,0,0.0,0,0,0,0,0,,
20260319_cilia_crispant_24hpf,20260319_cilia_crispant_24hpf_E04_e01,1,0,0.0,0,0,0,0,0,,
20260319_cilia_crispant_24hpf,20260319_cilia_crispant_24hpf_E05_e01,1,0,0.0,0,0,0,0,0,,
20260319_cilia_crispant_24hpf,20260319_cilia_crispant_24hpf_E06_e01,1,0,0.0,0,0,0,0,0,,
20260319_cilia_crispant_24hpf,20260319_cilia_crispant_24hpf_E07_e01,1,0,0.0,0,0,0,0,0,,
20260319_cilia_crispant_24hpf,20260319_cilia_crispant_24hpf_E08_e01,1,0,0.0,0,0,0,0,0,,
20260319_cilia_crispant_24hpf,20260319_cilia_crispant_24hpf_E09_e01,1,0,0.0,0,0,0,0,0,,
20260319_cilia_crispant_24hpf,20260319_cilia_crispant_24hpf_E10_e01,1,0,0.0,0,0,0,0,0,,
20260319_cilia_crispant_24hpf,20260319_cilia_crispant_24hpf_E11_e01,1,0,0.0,0,0,0,0,0,,
20260319_cilia_crispant_24hpf,20260319_cilia_crispant_24hpf_E12_e01,1,0,0.0,0,0,0,0,0,,
20260319_cilia_crispant_24hpf,20260319_cilia_crispant_24hpf_F01_e01,1,0,0.0,0,0,0,0,0,,
20260319_cilia_crispant_24hpf,20260319_cilia_crispant_24hpf_F02_e01,1,0,0.0,0,0,0,0,0,,
20260319_cilia_crispant_24hpf,20260319_cilia_crispant_24hpf_F03_e01,1,0,0.0,0,0,0,0,0,,
20260319_cilia_crispant_24hpf,20260319_cilia_crispant_24hpf_F04_e01,1,0,0.0,0,0,0,0,0,,
20260319_cilia_crispant_24hpf,20260319_cilia_crispant_24hpf_F05_e01,1,0,0.0,0,0,0,0,0,,
20260319_cilia_crispant_24hpf,20260319_cilia_crispant_24hpf_F06_e01,1,0,0.0,0,0,0,0,0,,
20260319_cilia_crispant_24hpf,20260319_cilia_crispant_24hpf_F07_e01,1,0,0.0,0,0,0,0,0,,
20260319_cilia_crispant_24hpf,20260319_cilia_crispant_24hpf_F08_e01,1,0,0.0,0,0,0,0,0,,
20260319_cilia_crispant_24hpf,20260319_cilia_crispant_24hpf_F09_e01,1,0,0.0,0,0,0,0,0,,
20260319_cilia_crispant_24hpf,20260319_cilia_crispant_24hpf_F10_e01,1,0,0.0,0,0,0,0,0,,
20260319_cilia_crispant_24hpf,20260319_cilia_crispant_24hpf_F11_e01,1,0,0.0,0,0,0,0,0,,
20260319_cilia_crispant_24hpf,20260319_cilia_crispant_24hpf_F12_e01,1,0,0.0,0,0,0,0,0,,
20260319_cilia_crispant_24hpf,20260319_cilia_crispant_24hpf_G01_e01,1,0,0.0,0,0,0,0,0,,
20260319_cilia_crispant_24hpf,20260319_cilia_crispant_24hpf_G02_e01,1,0,0.0,0,0,0,0,0,,
20260319_cilia_crispant_24hpf,20260319_cilia_crispant_24hpf_G03_e01,1,0,0.0,0,0,0,0,0,,
20260319_cilia_crispant_24hpf,20260319_cilia_crispant_24hpf_G04_e01,1,0,0.0,0,0,0,0,0,,
20260319_cilia_crispant_24hpf,20260319_cilia_crispant_24hpf_G05_e01,1,0,0.0,0,0,0,0,0,,
20260319_cilia_crispant_24hpf,20260319_cilia_crispant_24hpf_G06_e01,1,0,0.0,0,0,0,0,0,,
20260319_cilia_crispant_24hpf,20260319_cilia_crispant_24hpf_G07_e01,1,0,0.0,0,0,0,0,0,,
20260319_cilia_crispant_24hpf,20260319_cilia_crispant_24hpf_G08_e01,1,0,0.0,0,0,0,0,0,,
20260319_cilia_crispant_24hpf,20260319_cilia_crispant_24hpf_G09_e01,1,0,0.0,0,0,0,0,0,,
20260319_cilia_crispant_24hpf,20260319_cilia_crispant_24hpf_G10_e01,1,0,0.0,0,0,0,0,0,,
20260319_cilia_crispant_24hpf,20260319_cilia_crispant_24hpf_G11_e01,1,0,0.0,0,0,0,0,0,,
20260319_cilia_crispant_24hpf,20260319_cilia_crispant_24hpf_G12_e01,1,0,0.0,0,0,0,0,0,,
20260319_cilia_crispant_24hpf,20260319_cilia_crispant_24hpf_H01_e01,1,0,0.0,0,0,0,0,0,,
20260319_cilia_crispant_24hpf,20260319_cilia_crispant_24hpf_H02_e01,1,1,1.0,1,1,1,0,0,-0.08442184487884472,-0.08442184487884472
20260319_cilia_crispant_24hpf,20260319_cilia_crispant_24hpf_H02_e02,1,0,0.0,0,0,0,0,0,,
20260319_cilia_crispant_24hpf,20260319_cilia_crispant_24hpf_H03_e01,1,0,0.0,0,0,0,0,0,,
20260319_cilia_crispant_24hpf,20260319_cilia_crispant_24hpf_H04_e01,1,0,0.0,0,0,0,0,0,,
20260319_cilia_crispant_24hpf,20260319_cilia_crispant_24hpf_H05_e01,1,0,0.0,0,0,0,0,0,,
20260319_cilia_crispant_24hpf,20260319_cilia_crispant_24hpf_H06_e01,1,0,0.0,0,0,0,0,0,,
20260319_cilia_crispant_24hpf,20260319_cilia_crispant_24hpf_H07_e01,1,0,0.0,0,0,0,0,0,,
20260319_cilia_crispant_24hpf,20260319_cilia_crispant_24hpf_H08_e01,1,0,0.0,0,0,0,0,0,,
20260319_cilia_crispant_24hpf,20260319_cilia_crispant_24hpf_H09_e01,1,0,0.0,0,0,0,0,0,,
20260319_cilia_crispant_24hpf,20260319_cilia_crispant_24hpf_H10_e01,1,0,0.0,0,0,0,0,0,,
20260319_cilia_crispant_24hpf,20260319_cilia_crispant_24hpf_H11_e01,1,0,0.0,0,0,0,0,0,,
20260319_cilia_crispant_24hpf,20260319_cilia_crispant_24hpf_H12_e01,1,0,0.0,0,0,0,0,0,,
20260319_cilia_crispant_30hpf,20260319_cilia_crispant_30hpf_A01_e01,1,0,0.0,0,0,0,0,0,,
20260319_cilia_crispant_30hpf,20260319_cilia_crispant_30hpf_A02_e01,1,0,0.0,0,0,0,0,0,,
20260319_cilia_crispant_30hpf,20260319_cilia_crispant_30hpf_A03_e01,1,0,0.0,0,0,0,0,0,,
20260319_cilia_crispant_30hpf,20260319_cilia_crispant_30hpf_A04_e01,1,0,0.0,0,0,0,0,0,,
20260319_cilia_crispant_30hpf,20260319_cilia_crispant_30hpf_A05_e01,1,0,0.0,0,0,0,0,0,,
20260319_cilia_crispant_30hpf,20260319_cilia_crispant_30hpf_A05_e02,1,1,1.0,1,1,1,0,0,-0.2957886433331905,-0.2957886433331905
20260319_cilia_crispant_30hpf,20260319_cilia_crispant_30hpf_A06_e01,1,0,0.0,0,0,0,0,0,,
20260319_cilia_crispant_30hpf,20260319_cilia_crispant_30hpf_A07_e01,1,0,0.0,0,0,0,0,0,,
20260319_cilia_crispant_30hpf,20260319_cilia_crispant_30hpf_A07_e02,1,1,1.0,1,1,1,0,0,-0.24943414466866523,-0.24943414466866523
20260319_cilia_crispant_30hpf,20260319_cilia_crispant_30hpf_A08_e01,1,0,0.0,0,0,0,0,0,,
20260319_cilia_crispant_30hpf,20260319_cilia_crispant_30hpf_A09_e01,1,0,0.0,0,0,0,0,0,,
20260319_cilia_crispant_30hpf,20260319_cilia_crispant_30hpf_A09_e02,1,0,0.0,0,0,0,0,0,,
20260319_cilia_crispant_30hpf,20260319_cilia_crispant_30hpf_A09_e03,1,0,0.0,0,0,0,0,0,,
20260319_cilia_crispant_30hpf,20260319_cilia_crispant_30hpf_A10_e01,1,0,0.0,0,0,0,0,0,,
20260319_cilia_crispant_30hpf,20260319_cilia_crispant_30hpf_A10_e02,1,0,0.0,0,0,0,0,0,,
20260319_cilia_crispant_30hpf,20260319_cilia_crispant_30hpf_A11_e01,1,0,0.0,0,0,0,0,0,,
20260319_cilia_crispant_30hpf,20260319_cilia_crispant_30hpf_A12_e01,1,0,0.0,0,0,0,0,0,,
20260319_cilia_crispant_30hpf,20260319_cilia_crispant_30hpf_A12_e02,1,0,0.0,0,0,0,0,0,,
20260319_cilia_crispant_30hpf,20260319_cilia_crispant_30hpf_B01_e01,1,0,0.0,0,0,0,0,0,,
20260319_cilia_crispant_30hpf,20260319_cilia_crispant_30hpf_B02_e01,1,0,0.0,0,0,0,0,0,,
20260319_cilia_crispant_30hpf,20260319_cilia_crispant_30hpf_B03_e01,1,0,0.0,0,0,0,0,0,,
20260319_cilia_crispant_30hpf,20260319_cilia_crispant_30hpf_B04_e01,1,0,0.0,0,0,0,0,0,,
20260319_cilia_crispant_30hpf,20260319_cilia_crispant_30hpf_B05_e01,1,0,0.0,0,0,0,0,0,,
20260319_cilia_crispant_30hpf,20260319_cilia_crispant_30hpf_B06_e01,1,0,0.0,0,0,0,0,0,,
20260319_cilia_crispant_30hpf,20260319_cilia_crispant_30hpf_B07_e01,1,0,0.0,0,0,0,0,0,,
20260319_cilia_crispant_30hpf,20260319_cilia_crispant_30hpf_B08_e01,1,0,0.0,0,0,0,0,0,,
20260319_cilia_crispant_30hpf,20260319_cilia_crispant_30hpf_B09_e01,1,0,0.0,0,0,0,0,0,,
20260319_cilia_crispant_30hpf,20260319_cilia_crispant_30hpf_B10_e01,1,0,0.0,0,0,0,0,0,,
20260319_cilia_crispant_30hpf,20260319_cilia_crispant_30hpf_B11_e01,1,0,0.0,0,0,0,0,0,,
20260319_cilia_crispant_30hpf,20260319_cilia_crispant_30hpf_B12_e01,1,0,0.0,0,0,0,0,0,,
20260319_cilia_crispant_30hpf,20260319_cilia_crispant_30hpf_C01_e01,1,0,0.0,0,0,0,0,0,,
20260319_cilia_crispant_30hpf,20260319_cilia_crispant_30hpf_C02_e01,1,0,0.0,0,0,0,0,0,,
20260319_cilia_crispant_30hpf,20260319_cilia_crispant_30hpf_C03_e01,1,0,0.0,0,0,0,0,0,,
20260319_cilia_crispant_30hpf,20260319_cilia_crispant_30hpf_C04_e01,1,0,0.0,0,0,0,0,0,,
20260319_cilia_crispant_30hpf,20260319_cilia_crispant_30hpf_C05_e01,1,0,0.0,0,0,0,0,0,,
20260319_cilia_crispant_30hpf,20260319_cilia_crispant_30hpf_C06_e01,1,0,0.0,0,0,0,0,0,,
20260319_cilia_crispant_30hpf,20260319_cilia_crispant_30hpf_C07_e01,1,0,0.0,0,0,0,0,0,,
20260319_cilia_crispant_30hpf,20260319_cilia_crispant_30hpf_C08_e01,1,0,0.0,0,0,0,0,0,,
20260319_cilia_crispant_30hpf,20260319_cilia_crispant_30hpf_C09_e01,1,0,0.0,0,0,0,0,0,,
20260319_cilia_crispant_30hpf,20260319_cilia_crispant_30hpf_C10_e01,1,0,0.0,0,0,0,0,0,,
20260319_cilia_crispant_30hpf,20260319_cilia_crispant_30hpf_C11_e01,1,0,0.0,0,0,0,0,0,,
20260319_cilia_crispant_30hpf,20260319_cilia_crispant_30hpf_C12_e01,1,0,0.0,0,0,0,0,0,,
20260319_cilia_crispant_30hpf,20260319_cilia_crispant_30hpf_D01_e01,1,0,0.0,0,0,0,0,0,,
20260319_cilia_crispant_30hpf,20260319_cilia_crispant_30hpf_D02_e01,1,0,0.0,0,0,0,0,0,,
20260319_cilia_crispant_30hpf,20260319_cilia_crispant_30hpf_D03_e01,1,0,0.0,0,0,0,0,0,,
20260319_cilia_crispant_30hpf,20260319_cilia_crispant_30hpf_D04_e01,1,0,0.0,0,0,0,0,0,,
20260319_cilia_crispant_30hpf,20260319_cilia_crispant_30hpf_D05_e01,1,0,0.0,0,0,0,0,0,,
20260319_cilia_crispant_30hpf,20260319_cilia_crispant_30hpf_D06_e01,1,0,0.0,0,0,0,0,0,,
20260319_cilia_crispant_30hpf,20260319_cilia_crispant_30hpf_D07_e01,1,0,0.0,0,0,0,0,0,,
20260319_cilia_crispant_30hpf,20260319_cilia_crispant_30hpf_D08_e01,1,0,0.0,0,0,0,0,0,,
20260319_cilia_crispant_30hpf,20260319_cilia_crispant_30hpf_D09_e01,1,0,0.0,0,0,0,0,0,,
20260319_cilia_crispant_30hpf,20260319_cilia_crispant_30hpf_D10_e01,1,0,0.0,0,0,0,0,0,,
20260319_cilia_crispant_30hpf,20260319_cilia_crispant_30hpf_D11_e01,1,0,0.0,0,0,0,0,0,,
20260319_cilia_crispant_30hpf,20260319_cilia_crispant_30hpf_D12_e01,1,0,0.0,0,0,0,0,0,,
20260319_cilia_crispant_30hpf,20260319_cilia_crispant_30hpf_E01_e01,1,0,0.0,0,0,0,0,0,,
20260319_cilia_crispant_30hpf,20260319_cilia_crispant_30hpf_E02_e01,1,0,0.0,0,0,0,0,0,,
20260319_cilia_crispant_30hpf,20260319_cilia_crispant_30hpf_E03_e01,1,0,0.0,0,0,0,0,0,,
20260319_cilia_crispant_30hpf,20260319_cilia_crispant_30hpf_E04_e01,1,0,0.0,0,0,0,0,0,,
20260319_cilia_crispant_30hpf,20260319_cilia_crispant_30hpf_E05_e01,1,0,0.0,0,0,0,0,0,,
20260319_cilia_crispant_30hpf,20260319_cilia_crispant_30hpf_E06_e01,1,0,0.0,0,0,0,0,0,,
20260319_cilia_crispant_30hpf,20260319_cilia_crispant_30hpf_E07_e01,1,0,0.0,0,0,0,0,0,,
20260319_cilia_crispant_30hpf,20260319_cilia_crispant_30hpf_E08_e01,1,0,0.0,0,0,0,0,0,,
20260319_cilia_crispant_30hpf,20260319_cilia_crispant_30hpf_E09_e01,1,0,0.0,0,0,0,0,0,,
20260319_cilia_crispant_30hpf,20260319_cilia_crispant_30hpf_E10_e01,1,0,0.0,0,0,0,0,0,,
20260319_cilia_crispant_30hpf,20260319_cilia_crispant_30hpf_E11_e01,1,0,0.0,0,0,0,0,0,,
20260319_cilia_crispant_30hpf,20260319_cilia_crispant_30hpf_E12_e01,1,0,0.0,0,0,0,0,0,,
20260319_cilia_crispant_30hpf,20260319_cilia_crispant_30hpf_F01_e01,1,0,0.0,0,0,0,0,0,,
20260319_cilia_crispant_30hpf,20260319_cilia_crispant_30hpf_F02_e01,1,0,0.0,0,0,0,0,0,,
20260319_cilia_crispant_30hpf,20260319_cilia_crispant_30hpf_F03_e01,1,0,0.0,0,0,0,0,0,,
20260319_cilia_crispant_30hpf,20260319_cilia_crispant_30hpf_F04_e01,1,0,0.0,0,0,0,0,0,,
20260319_cilia_crispant_30hpf,20260319_cilia_crispant_30hpf_F05_e01,1,0,0.0,0,0,0,0,0,,
20260319_cilia_crispant_30hpf,20260319_cilia_crispant_30hpf_F06_e01,1,0,0.0,0,0,0,0,0,,
20260319_cilia_crispant_30hpf,20260319_cilia_crispant_30hpf_F07_e01,1,0,0.0,0,0,0,0,0,,
20260319_cilia_crispant_30hpf,20260319_cilia_crispant_30hpf_F08_e01,1,0,0.0,0,0,0,0,0,,
20260319_cilia_crispant_30hpf,20260319_cilia_crispant_30hpf_F09_e01,1,0,0.0,0,0,0,0,0,,
20260319_cilia_crispant_30hpf,20260319_cilia_crispant_30hpf_F10_e01,1,0,0.0,0,0,0,0,0,,
20260319_cilia_crispant_30hpf,20260319_cilia_crispant_30hpf_F11_e01,1,0,0.0,0,0,0,0,0,,
20260319_cilia_crispant_30hpf,20260319_cilia_crispant_30hpf_F12_e01,1,0,0.0,0,0,0,0,0,,
20260319_cilia_crispant_30hpf,20260319_cilia_crispant_30hpf_G01_e01,1,0,0.0,0,0,0,0,0,,
20260319_cilia_crispant_30hpf,20260319_cilia_crispant_30hpf_G02_e01,1,0,0.0,0,0,0,0,0,,
20260319_cilia_crispant_30hpf,20260319_cilia_crispant_30hpf_G03_e01,1,0,0.0,0,0,0,0,0,,
20260319_cilia_crispant_30hpf,20260319_cilia_crispant_30hpf_G04_e01,1,0,0.0,0,0,0,0,0,,
20260319_cilia_crispant_30hpf,20260319_cilia_crispant_30hpf_G05_e01,1,0,0.0,0,0,0,0,0,,
20260319_cilia_crispant_30hpf,20260319_cilia_crispant_30hpf_G06_e01,1,0,0.0,0,0,0,0,0,,
20260319_cilia_crispant_30hpf,20260319_cilia_crispant_30hpf_G07_e01,1,0,0.0,0,0,0,0,0,,
20260319_cilia_crispant_30hpf,20260319_cilia_crispant_30hpf_G08_e01,1,0,0.0,0,0,0,0,0,,
20260319_cilia_crispant_30hpf,20260319_cilia_crispant_30hpf_G09_e01,1,0,0.0,0,0,0,0,0,,
20260319_cilia_crispant_30hpf,20260319_cilia_crispant_30hpf_G10_e01,1,0,0.0,0,0,0,0,0,,
20260319_cilia_crispant_30hpf,20260319_cilia_crispant_30hpf_G11_e01,1,0,0.0,0,0,0,0,0,,
20260319_cilia_crispant_30hpf,20260319_cilia_crispant_30hpf_G12_e01,1,0,0.0,0,0,0,0,0,,
20260319_cilia_crispant_30hpf,20260319_cilia_crispant_30hpf_H01_e01,1,0,0.0,0,0,0,0,0,,
20260319_cilia_crispant_30hpf,20260319_cilia_crispant_30hpf_H02_e01,1,0,0.0,0,0,0,0,0,,
20260319_cilia_crispant_30hpf,20260319_cilia_crispant_30hpf_H03_e01,1,0,0.0,0,0,0,0,0,,
20260319_cilia_crispant_30hpf,20260319_cilia_crispant_30hpf_H04_e01,1,0,0.0,0,0,0,0,0,,
20260319_cilia_crispant_30hpf,20260319_cilia_crispant_30hpf_H05_e01,1,0,0.0,0,0,0,0,0,,
20260319_cilia_crispant_30hpf,20260319_cilia_crispant_30hpf_H06_e01,1,0,0.0,0,0,0,0,0,,
20260319_cilia_crispant_30hpf,20260319_cilia_crispant_30hpf_H07_e01,1,1,1.0,1,1,1,0,0,-0.5458564210609508,-0.5458564210609508
20260319_cilia_crispant_30hpf,20260319_cilia_crispant_30hpf_H08_e01,1,0,0.0,0,0,0,0,0,,
20260319_cilia_crispant_30hpf,20260319_cilia_crispant_30hpf_H09_e01,1,0,0.0,0,0,0,0,0,,
20260319_cilia_crispant_30hpf,20260319_cilia_crispant_30hpf_H10_e01,1,0,0.0,0,0,0,0,0,,
20260319_cilia_crispant_30hpf,20260319_cilia_crispant_30hpf_H11_e01,1,0,0.0,0,0,0,0,0,,
20260319_cilia_crispant_30hpf,20260319_cilia_crispant_30hpf_H12_e01,1,0,0.0,0,0,0,0,0,,
20260416_cep290_30to48hpf_plate01_t02,20260416_cep290_30to48hpf_plate01_t02_A01_e01,1,0,0.0,0,0,0,0,0,,
20260416_cep290_30to48hpf_plate01_t02,20260416_cep290_30to48hpf_plate01_t02_A02_e01,1,0,0.0,0,0,0,0,0,,
20260416_cep290_30to48hpf_plate01_t02,20260416_cep290_30to48hpf_plate01_t02_A03_e01,1,0,0.0,0,0,0,0,0,,
20260416_cep290_30to48hpf_plate01_t02,20260416_cep290_30to48hpf_plate01_t02_A04_e01,1,1,1.0,1,1,1,0,0,-0.08629807339574598,-0.08629807339574598
20260416_cep290_30to48hpf_plate01_t02,20260416_cep290_30to48hpf_plate01_t02_A05_e01,1,0,0.0,0,0,0,0,0,,
20260416_cep290_30to48hpf_plate01_t02,20260416_cep290_30to48hpf_plate01_t02_A06_e01,1,0,0.0,0,0,0,0,0,,
20260416_cep290_30to48hpf_plate01_t02,20260416_cep290_30to48hpf_plate01_t02_A07_e01,1,0,0.0,0,0,0,0,0,,
20260416_cep290_30to48hpf_plate01_t02,20260416_cep290_30to48hpf_plate01_t02_A08_e01,1,0,0.0,0,0,0,0,0,,
20260416_cep290_30to48hpf_plate01_t02,20260416_cep290_30to48hpf_plate01_t02_A09_e01,1,0,0.0,0,0,0,0,0,,
20260416_cep290_30to48hpf_plate01_t02,20260416_cep290_30to48hpf_plate01_t02_A10_e01,1,0,0.0,0,0,0,0,0,,
20260416_cep290_30to48hpf_plate01_t02,20260416_cep290_30to48hpf_plate01_t02_A11_e01,1,0,0.0,0,0,0,0,0,,
20260416_cep290_30to48hpf_plate01_t02,20260416_cep290_30to48hpf_plate01_t02_A12_e01,1,0,0.0,0,0,0,0,0,,
20260416_cep290_30to48hpf_plate01_t02,20260416_cep290_30to48hpf_plate01_t02_B01_e01,1,0,0.0,0,0,0,0,0,,
20260416_cep290_30to48hpf_plate01_t02,20260416_cep290_30to48hpf_plate01_t02_B01_e02,1,0,0.0,0,0,0,0,0,,
20260416_cep290_30to48hpf_plate01_t02,20260416_cep290_30to48hpf_plate01_t02_B02_e01,1,0,0.0,0,0,0,0,0,,
20260416_cep290_30to48hpf_plate01_t02,20260416_cep290_30to48hpf_plate01_t02_B03_e01,1,1,1.0,1,1,1,0,0,-0.09423454644854547,-0.09423454644854547
20260416_cep290_30to48hpf_plate01_t02,20260416_cep290_30to48hpf_plate01_t02_B04_e01,1,0,0.0,0,0,0,0,0,,
20260416_cep290_30to48hpf_plate01_t02,20260416_cep290_30to48hpf_plate01_t02_B05_e01,1,0,0.0,0,0,0,0,0,,
20260416_cep290_30to48hpf_plate01_t02,20260416_cep290_30to48hpf_plate01_t02_B06_e01,1,0,0.0,0,0,0,0,0,,
20260416_cep290_30to48hpf_plate01_t02,20260416_cep290_30to48hpf_plate01_t02_B06_e02,1,1,1.0,1,1,1,0,0,-0.4390557409118239,-0.4390557409118239
20260416_cep290_30to48hpf_plate01_t02,20260416_cep290_30to48hpf_plate01_t02_B07_e01,1,0,0.0,0,0,0,0,0,,
20260416_cep290_30to48hpf_plate01_t02,20260416_cep290_30to48hpf_plate01_t02_B08_e01,1,0,0.0,0,0,0,0,0,,
20260416_cep290_30to48hpf_plate01_t02,20260416_cep290_30to48hpf_plate01_t02_B09_e01,1,0,0.0,0,0,0,0,0,,
20260416_cep290_30to48hpf_plate01_t02,20260416_cep290_30to48hpf_plate01_t02_B10_e01,1,0,0.0,0,0,0,0,0,,
20260416_cep290_30to48hpf_plate01_t02,20260416_cep290_30to48hpf_plate01_t02_B11_e01,1,0,0.0,0,0,0,0,0,,
20260416_cep290_30to48hpf_plate01_t02,20260416_cep290_30to48hpf_plate01_t02_B12_e01,1,0,0.0,0,0,0,0,0,,
20260416_cep290_30to48hpf_plate01_t02,20260416_cep290_30to48hpf_plate01_t02_C02_e01,1,0,0.0,0,0,0,0,0,,
20260416_cep290_30to48hpf_plate01_t02,20260416_cep290_30to48hpf_plate01_t02_C03_e01,1,0,0.0,0,0,0,0,0,,
20260416_cep290_30to48hpf_plate01_t02,20260416_cep290_30to48hpf_plate01_t02_C03_e02,1,1,1.0,1,1,1,0,0,-0.547797794855749,-0.547797794855749
20260416_cep290_30to48hpf_plate01_t02,20260416_cep290_30to48hpf_plate01_t02_C04_e01,1,0,0.0,0,0,0,0,0,,
20260416_cep290_30to48hpf_plate01_t02,20260416_cep290_30to48hpf_plate01_t02_C05_e01,1,0,0.0,0,0,0,0,0,,
20260416_cep290_30to48hpf_plate01_t02,20260416_cep290_30to48hpf_plate01_t02_C06_e01,1,0,0.0,0,0,0,0,0,,
20260416_cep290_30to48hpf_plate01_t02,20260416_cep290_30to48hpf_plate01_t02_C06_e02,1,1,1.0,1,1,1,0,0,-0.44151268913975067,-0.44151268913975067
20260416_cep290_30to48hpf_plate01_t02,20260416_cep290_30to48hpf_plate01_t02_C07_e01,1,0,0.0,0,0,0,0,0,,
20260416_cep290_30to48hpf_plate01_t02,20260416_cep290_30to48hpf_plate01_t02_C07_e02,1,1,1.0,1,1,1,0,0,-0.9139184325899034,-0.9139184325899034
20260416_cep290_30to48hpf_plate01_t02,20260416_cep290_30to48hpf_plate01_t02_C08_e01,1,0,0.0,0,0,0,0,0,,
20260416_cep290_30to48hpf_plate01_t02,20260416_cep290_30to48hpf_plate01_t02_C09_e01,1,0,0.0,0,0,0,0,0,,
20260416_cep290_30to48hpf_plate01_t02,20260416_cep290_30to48hpf_plate01_t02_C10_e01,1,0,0.0,0,0,0,0,0,,
20260416_cep290_30to48hpf_plate01_t02,20260416_cep290_30to48hpf_plate01_t02_C11_e01,1,0,0.0,0,0,0,0,0,,
20260416_cep290_30to48hpf_plate01_t02,20260416_cep290_30to48hpf_plate01_t02_C12_e01,1,0,0.0,0,0,0,0,0,,
20260416_cep290_30to48hpf_plate01_t02,20260416_cep290_30to48hpf_plate01_t02_C12_e02,1,1,1.0,1,1,1,0,0,-0.22934902309798672,-0.22934902309798672
20260416_cep290_30to48hpf_plate01_t02,20260416_cep290_30to48hpf_plate01_t02_D01_e01,1,0,0.0,0,0,0,0,0,,
20260416_cep290_30to48hpf_plate01_t02,20260416_cep290_30to48hpf_plate01_t02_D01_e02,1,1,1.0,1,1,1,0,0,-0.4487951543908718,-0.4487951543908718
20260416_cep290_30to48hpf_plate01_t02,20260416_cep290_30to48hpf_plate01_t02_D02_e01,1,0,0.0,0,0,0,0,0,,
20260416_cep290_30to48hpf_plate01_t02,20260416_cep290_30to48hpf_plate01_t02_D03_e01,1,0,0.0,0,0,0,0,0,,
20260416_cep290_30to48hpf_plate01_t02,20260416_cep290_30to48hpf_plate01_t02_D04_e01,1,0,0.0,0,0,0,0,0,,
20260416_cep290_30to48hpf_plate01_t02,20260416_cep290_30to48hpf_plate01_t02_D05_e01,1,0,0.0,0,0,0,0,0,,
20260416_cep290_30to48hpf_plate01_t02,20260416_cep290_30to48hpf_plate01_t02_D06_e01,1,0,0.0,0,0,0,0,0,,
20260416_cep290_30to48hpf_plate01_t02,20260416_cep290_30to48hpf_plate01_t02_D06_e02,1,1,1.0,1,1,1,0,0,-0.5304577501680066,-0.5304577501680066
20260416_cep290_30to48hpf_plate01_t02,20260416_cep290_30to48hpf_plate01_t02_D07_e01,1,0,0.0,0,0,0,0,0,,
20260416_cep290_30to48hpf_plate01_t02,20260416_cep290_30to48hpf_plate01_t02_D08_e01,1,0,0.0,0,0,0,0,0,,
20260416_cep290_30to48hpf_plate01_t02,20260416_cep290_30to48hpf_plate01_t02_D09_e01,1,0,0.0,0,0,0,0,0,,
20260416_cep290_30to48hpf_plate01_t02,20260416_cep290_30to48hpf_plate01_t02_D10_e01,1,1,1.0,1,1,1,0,0,-0.09568396914415701,-0.09568396914415701
20260416_cep290_30to48hpf_plate01_t02,20260416_cep290_30to48hpf_plate01_t02_D11_e01,1,0,0.0,0,0,0,0,0,,
20260416_cep290_30to48hpf_plate01_t02,20260416_cep290_30to48hpf_plate01_t02_D12_e01,1,0,0.0,0,0,0,0,0,,
20260416_cep290_30to48hpf_plate01_t02,20260416_cep290_30to48hpf_plate01_t02_E01_e01,1,0,0.0,0,0,0,0,0,,
20260416_cep290_30to48hpf_plate01_t02,20260416_cep290_30to48hpf_plate01_t02_E02_e01,1,0,0.0,0,0,0,0,0,,
20260416_cep290_30to48hpf_plate01_t02,20260416_cep290_30to48hpf_plate01_t02_E02_e02,1,1,1.0,1,1,1,0,0,-0.6884978516492539,-0.6884978516492539
20260416_cep290_30to48hpf_plate01_t02,20260416_cep290_30to48hpf_plate01_t02_E03_e01,1,0,0.0,0,0,0,0,0,,
20260416_cep290_30to48hpf_plate01_t02,20260416_cep290_30to48hpf_plate01_t02_E04_e01,1,0,0.0,0,0,0,0,0,,
20260416_cep290_30to48hpf_plate01_t02,20260416_cep290_30to48hpf_plate01_t02_E05_e01,1,0,0.0,0,0,0,0,0,,
20260416_cep290_30to48hpf_plate01_t02,20260416_cep290_30to48hpf_plate01_t02_E06_e01,1,0,0.0,0,0,0,0,0,,
20260416_cep290_30to48hpf_plate01_t02,20260416_cep290_30to48hpf_plate01_t02_E07_e01,1,1,1.0,1,1,1,0,0,-0.02273558542722287,-0.02273558542722287
20260416_cep290_30to48hpf_plate01_t02,20260416_cep290_30to48hpf_plate01_t02_E07_e02,1,1,1.0,1,1,1,0,0,-0.8980101347112408,-0.8980101347112408
20260416_cep290_30to48hpf_plate01_t02,20260416_cep290_30to48hpf_plate01_t02_E07_e03,1,1,1.0,1,1,1,0,0,-0.7817558289912806,-0.7817558289912806
20260416_cep290_30to48hpf_plate01_t02,20260416_cep290_30to48hpf_plate01_t02_E08_e01,1,0,0.0,0,0,0,0,0,,
20260416_cep290_30to48hpf_plate01_t02,20260416_cep290_30to48hpf_plate01_t02_E09_e01,1,0,0.0,0,0,0,0,0,,
20260416_cep290_30to48hpf_plate01_t02,20260416_cep290_30to48hpf_plate01_t02_E10_e01,1,0,0.0,0,0,0,0,0,,
20260416_cep290_30to48hpf_plate01_t02,20260416_cep290_30to48hpf_plate01_t02_E11_e01,1,0,0.0,0,0,0,0,0,,
20260416_cep290_30to48hpf_plate01_t02,20260416_cep290_30to48hpf_plate01_t02_E12_e01,1,0,0.0,0,0,0,0,0,,
20260416_cep290_30to48hpf_plate01_t02,20260416_cep290_30to48hpf_plate01_t02_F01_e01,1,0,0.0,0,0,0,0,0,,
20260416_cep290_30to48hpf_plate01_t02,20260416_cep290_30to48hpf_plate01_t02_F02_e01,1,0,0.0,0,0,0,0,0,,
20260416_cep290_30to48hpf_plate01_t02,20260416_cep290_30to48hpf_plate01_t02_F03_e01,1,0,0.0,0,0,0,0,0,,
20260416_cep290_30to48hpf_plate01_t02,20260416_cep290_30to48hpf_plate01_t02_F04_e01,1,0,0.0,0,0,0,0,0,,
20260416_cep290_30to48hpf_plate01_t02,20260416_cep290_30to48hpf_plate01_t02_F05_e01,1,0,0.0,0,0,0,0,0,,
20260416_cep290_30to48hpf_plate01_t02,20260416_cep290_30to48hpf_plate01_t02_F06_e01,1,0,0.0,0,0,0,0,0,,
20260416_cep290_30to48hpf_plate01_t02,20260416_cep290_30to48hpf_plate01_t02_F07_e01,1,0,0.0,0,0,0,0,0,,
20260416_cep290_30to48hpf_plate01_t02,20260416_cep290_30to48hpf_plate01_t02_F08_e01,1,0,0.0,0,0,0,0,0,,
20260416_cep290_30to48hpf_plate01_t02,20260416_cep290_30to48hpf_plate01_t02_F09_e01,1,0,0.0,0,0,0,0,0,,
20260416_cep290_30to48hpf_plate01_t02,20260416_cep290_30to48hpf_plate01_t02_F10_e01,1,0,0.0,0,0,0,0,0,,
20260416_cep290_30to48hpf_plate01_t02,20260416_cep290_30to48hpf_plate01_t02_F11_e01,1,0,0.0,0,0,0,0,0,,
20260416_cep290_30to48hpf_plate01_t02,20260416_cep290_30to48hpf_plate01_t02_F12_e01,1,0,0.0,0,0,0,0,0,,
20260416_cep290_30to48hpf_plate01_t02,20260416_cep290_30to48hpf_plate01_t02_G01_e01,1,0,0.0,0,0,0,0,0,,
20260416_cep290_30to48hpf_plate01_t02,20260416_cep290_30to48hpf_plate01_t02_G02_e01,1,0,0.0,0,0,0,0,0,,
20260416_cep290_30to48hpf_plate01_t02,20260416_cep290_30to48hpf_plate01_t02_G03_e01,1,0,0.0,0,0,0,0,0,,
20260416_cep290_30to48hpf_plate01_t02,20260416_cep290_30to48hpf_plate01_t02_G04_e01,1,0,0.0,0,0,0,0,0,,
20260416_cep290_30to48hpf_plate01_t02,20260416_cep290_30to48hpf_plate01_t02_G05_e01,1,0,0.0,0,0,0,0,0,,
20260416_cep290_30to48hpf_plate01_t02,20260416_cep290_30to48hpf_plate01_t02_G06_e01,1,0,0.0,0,0,0,0,0,,
20260416_cep290_30to48hpf_plate01_t02,20260416_cep290_30to48hpf_plate01_t02_G07_e01,1,0,0.0,0,0,0,0,0,,
20260416_cep290_30to48hpf_plate01_t02,20260416_cep290_30to48hpf_plate01_t02_G08_e01,1,0,0.0,0,0,0,0,0,,
20260416_cep290_30to48hpf_plate01_t02,20260416_cep290_30to48hpf_plate01_t02_G08_e02,1,1,1.0,1,1,1,0,0,-0.9452401035243368,-0.9452401035243368
20260416_cep290_30to48hpf_plate01_t02,20260416_cep290_30to48hpf_plate01_t02_G09_e01,1,0,0.0,0,0,0,0,0,,
20260416_cep290_30to48hpf_plate01_t02,20260416_cep290_30to48hpf_plate01_t02_G10_e01,1,0,0.0,0,0,0,0,0,,
20260416_cep290_30to48hpf_plate01_t02,20260416_cep290_30to48hpf_plate01_t02_G11_e01,1,0,0.0,0,0,0,0,0,,
20260416_cep290_30to48hpf_plate01_t02,20260416_cep290_30to48hpf_plate01_t02_G12_e01,1,0,0.0,0,0,0,0,0,,
20260416_cep290_30to48hpf_plate01_t02,20260416_cep290_30to48hpf_plate01_t02_H01_e01,1,0,0.0,0,0,0,0,0,,
20260416_cep290_30to48hpf_plate01_t02,20260416_cep290_30to48hpf_plate01_t02_H02_e01,1,0,0.0,0,0,0,0,0,,
20260416_cep290_30to48hpf_plate01_t02,20260416_cep290_30to48hpf_plate01_t02_H03_e01,1,0,0.0,0,0,0,0,0,,
20260416_cep290_30to48hpf_plate01_t02,20260416_cep290_30to48hpf_plate01_t02_H04_e01,1,0,0.0,0,0,0,0,0,,
20260416_cep290_30to48hpf_plate01_t02,20260416_cep290_30to48hpf_plate01_t02_H05_e01,1,1,1.0,1,1,1,0,0,-0.006933342867751394,-0.006933342867751394
20260416_cep290_30to48hpf_plate01_t02,20260416_cep290_30to48hpf_plate01_t02_H06_e01,1,0,0.0,0,0,0,0,0,,
20260416_cep290_30to48hpf_plate01_t02,20260416_cep290_30to48hpf_plate01_t02_H06_e02,1,1,1.0,1,1,1,0,0,-0.906194070175486,-0.906194070175486
20260416_cep290_30to48hpf_plate01_t02,20260416_cep290_30to48hpf_plate01_t02_H07_e01,1,0,0.0,0,0,0,0,0,,
20260416_cep290_30to48hpf_plate01_t02,20260416_cep290_30to48hpf_plate01_t02_H08_e01,1,0,0.0,0,0,0,0,0,,
20260416_cep290_30to48hpf_plate01_t02,20260416_cep290_30to48hpf_plate01_t02_H08_e02,1,1,1.0,1,1,1,0,0,-0.935147172314652,-0.935147172314652
20260416_cep290_30to48hpf_plate01_t02,20260416_cep290_30to48hpf_plate01_t02_H09_e01,1,0,0.0,0,0,0,0,0,,
20260416_cep290_30to48hpf_plate01_t02,20260416_cep290_30to48hpf_plate01_t02_H10_e01,1,0,0.0,0,0,0,0,0,,
20260416_cep290_30to48hpf_plate01_t02,20260416_cep290_30to48hpf_plate01_t02_H11_e01,1,0,0.0,0,0,0,0,0,,
20260416_cep290_30to48hpf_plate01_t02,20260416_cep290_30to48hpf_plate01_t02_H12_e01,1,0,0.0,0,0,0,0,0,,
20260416_cep290_30to48hpf_plate02_t02,20260416_cep290_30to48hpf_plate02_t02_A01_e01,1,0,0.0,0,0,0,0,0,,
20260416_cep290_30to48hpf_plate02_t02,20260416_cep290_30to48hpf_plate02_t02_A02_e01,1,0,0.0,0,0,0,0,0,,
20260416_cep290_30to48hpf_plate02_t02,20260416_cep290_30to48hpf_plate02_t02_A03_e01,1,0,0.0,0,0,0,0,0,,
20260416_cep290_30to48hpf_plate02_t02,20260416_cep290_30to48hpf_plate02_t02_A04_e01,1,0,0.0,0,0,0,0,0,,
20260416_cep290_30to48hpf_plate02_t02,20260416_cep290_30to48hpf_plate02_t02_A05_e01,1,0,0.0,0,0,0,0,0,,
20260416_cep290_30to48hpf_plate02_t02,20260416_cep290_30to48hpf_plate02_t02_A06_e01,1,0,0.0,0,0,0,0,0,,
20260416_cep290_30to48hpf_plate02_t02,20260416_cep290_30to48hpf_plate02_t02_A07_e01,1,0,0.0,0,0,0,0,0,,
20260416_cep290_30to48hpf_plate02_t02,20260416_cep290_30to48hpf_plate02_t02_B01_e01,1,0,0.0,0,0,0,0,0,,
20260416_cep290_30to48hpf_plate02_t02,20260416_cep290_30to48hpf_plate02_t02_B02_e01,1,0,0.0,0,0,0,0,0,,
20260416_cep290_30to48hpf_plate02_t02,20260416_cep290_30to48hpf_plate02_t02_B03_e01,1,0,0.0,0,0,0,0,0,,
20260416_cep290_30to48hpf_plate02_t02,20260416_cep290_30to48hpf_plate02_t02_B04_e01,1,0,0.0,0,0,0,0,0,,
20260416_cep290_30to48hpf_plate02_t02,20260416_cep290_30to48hpf_plate02_t02_B05_e01,1,0,0.0,0,0,0,0,0,,
20260416_cep290_30to48hpf_plate02_t02,20260416_cep290_30to48hpf_plate02_t02_B06_e01,1,0,0.0,0,0,0,0,0,,
20260416_cep290_30to48hpf_plate02_t02,20260416_cep290_30to48hpf_plate02_t02_B07_e01,1,0,0.0,0,0,0,0,0,,
20260416_cep290_30to48hpf_plate02_t02,20260416_cep290_30to48hpf_plate02_t02_C01_e01,1,0,0.0,0,0,0,0,0,,
20260416_cep290_30to48hpf_plate02_t02,20260416_cep290_30to48hpf_plate02_t02_C02_e01,1,0,0.0,0,0,0,0,0,,
20260416_cep290_30to48hpf_plate02_t02,20260416_cep290_30to48hpf_plate02_t02_C03_e01,1,1,1.0,1,1,1,0,0,-0.14464617483737424,-0.14464617483737424
20260416_cep290_30to48hpf_plate02_t02,20260416_cep290_30to48hpf_plate02_t02_C04_e01,1,0,0.0,0,0,0,0,0,,
20260416_cep290_30to48hpf_plate02_t02,20260416_cep290_30to48hpf_plate02_t02_C05_e01,1,0,0.0,0,0,0,0,0,,
20260416_cep290_30to48hpf_plate02_t02,20260416_cep290_30to48hpf_plate02_t02_C06_e01,1,0,0.0,0,0,0,0,0,,
20260416_cep290_30to48hpf_plate02_t02,20260416_cep290_30to48hpf_plate02_t02_C07_e01,1,0,0.0,0,0,0,0,0,,
20260416_cep290_30to48hpf_plate02_t02,20260416_cep290_30to48hpf_plate02_t02_D01_e01,1,0,0.0,0,0,0,0,0,,
20260416_cep290_30to48hpf_plate02_t02,20260416_cep290_30to48hpf_plate02_t02_D01_e02,1,1,1.0,1,1,1,0,0,-0.615408060840065,-0.615408060840065
20260416_cep290_30to48hpf_plate02_t02,20260416_cep290_30to48hpf_plate02_t02_D02_e01,1,0,0.0,0,0,0,0,0,,
20260416_cep290_30to48hpf_plate02_t02,20260416_cep290_30to48hpf_plate02_t02_D03_e01,1,0,0.0,0,0,0,0,0,,
20260416_cep290_30to48hpf_plate02_t02,20260416_cep290_30to48hpf_plate02_t02_D04_e01,1,0,0.0,0,0,0,0,0,,
20260416_cep290_30to48hpf_plate02_t02,20260416_cep290_30to48hpf_plate02_t02_D05_e01,1,0,0.0,0,0,0,0,0,,
20260416_cep290_30to48hpf_plate02_t02,20260416_cep290_30to48hpf_plate02_t02_D05_e02,1,1,1.0,1,1,1,0,0,-0.9559340148761044,-0.9559340148761044
20260416_cep290_30to48hpf_plate02_t02,20260416_cep290_30to48hpf_plate02_t02_D06_e01,1,0,0.0,0,0,0,0,0,,
20260416_cep290_30to48hpf_plate02_t02,20260416_cep290_30to48hpf_plate02_t02_D06_e02,1,0,0.0,0,0,0,0,0,,
20260416_cep290_30to48hpf_plate02_t02,20260416_cep290_30to48hpf_plate02_t02_D07_e01,1,0,0.0,0,0,0,0,0,,
20260416_cep290_30to48hpf_plate02_t02,20260416_cep290_30to48hpf_plate02_t02_E01_e01,1,0,0.0,0,0,0,0,0,,
20260416_cep290_30to48hpf_plate02_t02,20260416_cep290_30to48hpf_plate02_t02_E01_e02,1,1,1.0,1,1,1,0,0,-0.5071962834920954,-0.5071962834920954
20260416_cep290_30to48hpf_plate02_t02,20260416_cep290_30to48hpf_plate02_t02_E02_e01,1,0,0.0,0,0,0,0,0,,
20260416_cep290_30to48hpf_plate02_t02,20260416_cep290_30to48hpf_plate02_t02_E03_e01,1,0,0.0,0,0,0,0,0,,
20260416_cep290_30to48hpf_plate02_t02,20260416_cep290_30to48hpf_plate02_t02_E04_e01,1,0,0.0,0,0,0,0,0,,
20260416_cep290_30to48hpf_plate02_t02,20260416_cep290_30to48hpf_plate02_t02_E05_e01,1,0,0.0,0,0,0,0,0,,
20260416_cep290_30to48hpf_plate02_t02,20260416_cep290_30to48hpf_plate02_t02_E06_e01,1,0,0.0,0,0,0,0,0,,
20260416_cep290_30to48hpf_plate02_t02,20260416_cep290_30to48hpf_plate02_t02_E07_e01,1,0,0.0,0,0,0,0,0,,
20260416_cep290_30to48hpf_plate02_t02,20260416_cep290_30to48hpf_plate02_t02_F01_e01,1,0,0.0,0,0,0,0,0,,
20260416_cep290_30to48hpf_plate02_t02,20260416_cep290_30to48hpf_plate02_t02_F02_e01,1,0,0.0,0,0,0,0,0,,
20260416_cep290_30to48hpf_plate02_t02,20260416_cep290_30to48hpf_plate02_t02_F03_e01,1,0,0.0,0,0,0,0,0,,
20260416_cep290_30to48hpf_plate02_t02,20260416_cep290_30to48hpf_plate02_t02_F03_e02,1,1,1.0,1,1,1,0,0,-0.6777685885244225,-0.6777685885244225
20260416_cep290_30to48hpf_plate02_t02,20260416_cep290_30to48hpf_plate02_t02_F04_e01,1,0,0.0,0,0,0,0,0,,
20260416_cep290_30to48hpf_plate02_t02,20260416_cep290_30to48hpf_plate02_t02_F05_e01,1,1,1.0,1,1,1,0,0,-0.12384165638938983,-0.12384165638938983
20260416_cep290_30to48hpf_plate02_t02,20260416_cep290_30to48hpf_plate02_t02_F06_e01,1,0,0.0,0,0,0,0,0,,
20260416_cep290_30to48hpf_plate02_t02,20260416_cep290_30to48hpf_plate02_t02_F06_e02,1,1,1.0,1,1,1,0,0,-0.8805817105908392,-0.8805817105908392
20260416_cep290_30to48hpf_plate02_t02,20260416_cep290_30to48hpf_plate02_t02_F07_e01,1,0,0.0,0,0,0,0,0,,
20260416_cep290_30to48hpf_plate02_t02,20260416_cep290_30to48hpf_plate02_t02_F08_e01,1,0,0.0,0,0,0,0,0,,
20260416_cep290_30to48hpf_plate02_t02,20260416_cep290_30to48hpf_plate02_t02_G01_e01,1,0,0.0,0,0,0,0,0,,
20260416_cep290_30to48hpf_plate02_t02,20260416_cep290_30to48hpf_plate02_t02_G02_e01,1,0,0.0,0,0,0,0,0,,
20260416_cep290_30to48hpf_plate02_t02,20260416_cep290_30to48hpf_plate02_t02_G03_e01,1,0,0.0,0,0,0,0,0,,
20260416_cep290_30to48hpf_plate02_t02,20260416_cep290_30to48hpf_plate02_t02_G03_e02,1,1,1.0,1,1,1,0,0,-0.8510983318557178,-0.8510983318557178
20260416_cep290_30to48hpf_plate02_t02,20260416_cep290_30to48hpf_plate02_t02_G04_e01,1,0,0.0,0,0,0,0,0,,
20260416_cep290_30to48hpf_plate02_t02,20260416_cep290_30to48hpf_plate02_t02_G04_e02,1,1,1.0,1,1,1,0,0,-0.2548199755903788,-0.2548199755903788
20260416_cep290_30to48hpf_plate02_t02,20260416_cep290_30to48hpf_plate02_t02_G05_e01,1,0,0.0,0,0,0,0,0,,
20260416_cep290_30to48hpf_plate02_t02,20260416_cep290_30to48hpf_plate02_t02_G06_e01,1,0,0.0,0,0,0,0,0,,
20260416_cep290_30to48hpf_plate02_t02,20260416_cep290_30to48hpf_plate02_t02_G06_e02,1,0,0.0,0,0,0,0,0,,
20260416_cep290_30to48hpf_plate02_t02,20260416_cep290_30to48hpf_plate02_t02_G07_e01,1,0,0.0,0,0,0,0,0,,
20260416_cep290_30to48hpf_plate02_t02,20260416_cep290_30to48hpf_plate02_t02_G07_e02,1,0,0.0,0,0,0,0,0,,
20260416_cep290_30to48hpf_plate02_t02,20260416_cep290_30to48hpf_plate02_t02_G08_e01,1,0,0.0,0,0,0,0,0,,
20260416_cep290_30to48hpf_plate02_t02,20260416_cep290_30to48hpf_plate02_t02_G08_e02,1,0,0.0,0,0,0,0,0,,
20260416_cep290_30to48hpf_plate02_t02,20260416_cep290_30to48hpf_plate02_t02_H01_e01,1,0,0.0,0,0,0,0,0,,
20260416_cep290_30to48hpf_plate02_t02,20260416_cep290_30to48hpf_plate02_t02_H01_e02,1,1,1.0,1,1,1,0,0,-0.8094362673001536,-0.8094362673001536
20260416_cep290_30to48hpf_plate02_t02,20260416_cep290_30to48hpf_plate02_t02_H02_e01,1,0,0.0,0,0,0,0,0,,
20260416_cep290_30to48hpf_plate02_t02,20260416_cep290_30to48hpf_plate02_t02_H04_e01,1,1,1.0,1,1,1,0,0,-0.845618807030845,-0.845618807030845
20260416_cep290_30to48hpf_plate02_t02,20260416_cep290_30to48hpf_plate02_t02_H04_e02,1,1,1.0,1,1,1,0,0,-0.9711352772934932,-0.9711352772934932
20260416_cep290_30to48hpf_plate02_t02,20260416_cep290_30to48hpf_plate02_t02_H04_e03,1,1,1.0,1,1,1,0,0,-0.17197309541561018,-0.17197309541561018
20260416_cep290_30to48hpf_plate02_t02,20260416_cep290_30to48hpf_plate02_t02_H05_e01,1,0,0.0,0,0,0,0,0,,
20260416_cep290_30to48hpf_plate02_t02,20260416_cep290_30to48hpf_plate02_t02_H06_e01,1,0,0.0,0,0,0,0,0,,
20250501,20250501_A01_e01,176,0,0.0,0,0,0,0,0,,
20250501,20250501_A02_e01,176,8,0.045454545454545456,2,6,0,8,0,-0.5730249381398933,-0.6165706535855878
20250501,20250501_A03_e01,176,0,0.0,0,0,0,0,0,,
20250501,20250501_A04_e01,176,0,0.0,0,0,0,0,0,,
20250501,20250501_A05_e01,176,134,0.7613636363636364,1,134,0,134,0,-0.4203123417758462,-0.6648546297556472
20250501,20250501_A06_e01,176,4,0.022727272727272728,1,4,0,4,0,-0.0427908667964324,-0.060241485414549434
20250501,20250501_A07_e01,154,1,0.006493506493506494,1,1,1,0,1,-0.6788113834280396,-0.6788113834280396
20250501,20250501_A07_e02,176,0,0.0,0,0,0,0,0,,
20250501,20250501_A08_e01,176,0,0.0,0,0,0,0,0,,
20250501,20250501_A09_e01,176,0,0.0,0,0,0,0,0,,
20250501,20250501_A10_e01,176,0,0.0,0,0,0,0,0,,
20250501,20250501_A11_e01,176,164,0.9318181818181818,1,164,0,164,0,-0.6134725935967713,-0.9340556597608389
20250501,20250501_A12_e01,176,145,0.8238636363636364,1,145,0,145,0,-0.4197182700314027,-0.6268165979881295
20250501,20250501_B01_e01,176,1,0.005681818181818182,1,1,1,0,0,-0.10117036011926969,-0.10117036011926969
20250501,20250501_B01_e02,139,139,1.0,1,139,0,139,0,-0.9765362672010036,-0.9896985033675187
20250501,20250501_B02_e01,176,0,0.0,0,0,0,0,0,,
20250501,20250501_B03_e01,176,0,0.0,0,0,0,0,0,,
20250501,20250501_B04_e01,161,12,0.07453416149068323,1,12,0,12,0,-0.21188748723002732,-0.2860272732609335
20250501,20250501_B05_e01,176,2,0.011363636363636364,1,2,0,2,0,-0.0165814546946887,-0.028569725638882465
20250501,20250501_B06_e01,176,0,0.0,0,0,0,0,0,,
20250501,20250501_B07_e01,176,0,0.0,0,0,0,0,0,,
20250501,20250501_B08_e01,176,123,0.6988636363636364,3,119,1,122,1,-0.3595573997351992,-0.6131833021213164
20250501,20250501_B09_e01,176,0,0.0,0,0,0,0,0,,
20250501,20250501_B10_e01,173,2,0.011560693641618497,1,2,0,2,0,-0.03982996060310645,-0.04350682852946457
20250501,20250501_B11_e01,176,11,0.0625,1,11,0,11,0,-0.177659123810976,-0.852046643587378
20250501,20250501_B12_e01,176,0,0.0,0,0,0,0,0,,
20250501,20250501_C01_e01,176,59,0.3352272727272727,1,59,0,59,0,-0.2235884048577702,-0.3473298634880872
20250501,20250501_C02_e01,176,0,0.0,0,0,0,0,0,,
20250501,20250501_C03_e01,176,0,0.0,0,0,0,0,0,,
20250501,20250501_C03_e02,151,10,0.06622516556291391,1,10,0,10,0,-0.2836388866150121,-0.6010097450591938
20250501,20250501_C04_e01,176,0,0.0,0,0,0,0,0,,
20250501,20250501_C05_e01,176,0,0.0,0,0,0,0,0,,
20250501,20250501_C06_e01,176,0,0.0,0,0,0,0,0,,
20250501,20250501_C07_e01,176,0,0.0,0,0,0,0,0,,
20250501,20250501_C08_e01,176,0,0.0,0,0,0,0,0,,
20250501,20250501_C09_e01,176,0,0.0,0,0,0,0,0,,
20250501,20250501_C10_e01,176,0,0.0,0,0,0,0,0,,
20250501,20250501_C11_e01,176,6,0.03409090909090909,2,5,1,5,1,-0.13635272305055693,-0.23168706125928698
20250501,20250501_C12_e01,176,0,0.0,0,0,0,0,0,,
20250501,20250501_D01_e01,176,0,0.0,0,0,0,0,0,,
20250501,20250501_D02_e01,176,29,0.16477272727272727,3,12,0,29,0,-0.027701008522750616,-0.21234842388769684
20250501,20250501_D03_e01,176,54,0.3068181818181818,1,54,0,54,0,-0.1907695178616532,-0.3622777043894832
20250501,20250501_D03_e02,176,0,0.0,0,0,0,0,0,,
20250501,20250501_D04_e01,176,0,0.0,0,0,0,0,0,,
20250501,20250501_D04_e02,176,0,0.0,0,0,0,0,0,,
20250501,20250501_D05_e01,176,14,0.07954545454545454,3,11,1,13,1,-0.1645312526753061,-0.22838082173486432
20250501,20250501_D05_e02,176,0,0.0,0,0,0,0,0,,
20250501,20250501_D06_e01,176,0,0.0,0,0,0,0,0,,
20250501,20250501_D06_e02,176,0,0.0,0,0,0,0,0,,
20250501,20250501_D07_e01,176,0,0.0,0,0,0,0,0,,
20250501,20250501_D07_e02,176,0,0.0,0,0,0,0,0,,
20250501,20250501_D08_e01,176,0,0.0,0,0,0,0,0,,
20250501,20250501_D09_e01,176,0,0.0,0,0,0,0,0,,
20250501,20250501_D09_e02,176,0,0.0,0,0,0,0,0,,
20250501,20250501_D10_e01,176,166,0.9431818181818182,2,164,0,166,0,-0.6240900353918593,-0.731561744354647
20250501,20250501_D10_e02,176,0,0.0,0,0,0,0,0,,
20250501,20250501_D11_e01,176,0,0.0,0,0,0,0,0,,
20250501,20250501_D12_e01,176,24,0.13636363636363635,7,14,5,19,5,-0.11939032578163204,-0.25037001882958865
20250501,20250501_E01_e01,163,4,0.024539877300613498,1,4,0,4,0,-0.0289388144572658,-0.07650986436292395
20250501,20250501_E01_e02,176,0,0.0,0,0,0,0,0,,
20250501,20250501_E02_e01,176,0,0.0,0,0,0,0,0,,
20250501,20250501_E02_e02,176,0,0.0,0,0,0,0,0,,
20250501,20250501_E03_e01,176,0,0.0,0,0,0,0,0,,
20250501,20250501_E03_e02,176,0,0.0,0,0,0,0,0,,
20250501,20250501_E04_e01,176,8,0.045454545454545456,2,7,1,7,1,-0.10853581933486715,-0.1159684324287476
20250501,20250501_E04_e02,176,0,0.0,0,0,0,0,0,,
20250501,20250501_E05_e01,176,0,0.0,0,0,0,0,0,,
20250501,20250501_E06_e01,176,0,0.0,0,0,0,0,0,,
20250501,20250501_E07_e01,176,0,0.0,0,0,0,0,0,,
20250501,20250501_E07_e02,176,0,0.0,0,0,0,0,0,,
20250501,20250501_E08_e01,176,0,0.0,0,0,0,0,0,,
20250501,20250501_E08_e02,176,0,0.0,0,0,0,0,0,,
20250501,20250501_E09_e01,176,0,0.0,0,0,0,0,0,,
20250501,20250501_E09_e02,176,0,0.0,0,0,0,0,0,,
20250501,20250501_E10_e01,176,6,0.03409090909090909,1,6,0,6,0,-0.026055958760500347,-0.03981176964635149
20250501,20250501_E10_e02,176,0,0.0,0,0,0,0,0,,
20250501,20250501_E11_e01,176,159,0.9034090909090909,1,159,0,159,0,-0.6233309473590081,-0.6687956375816061
20250501,20250501_E11_e02,176,0,0.0,0,0,0,0,0,,
20250501,20250501_E12_e01,176,25,0.14204545454545456,2,22,0,25,0,-0.16345789122362067,-0.38915613587208725
20250501,20250501_F01_e01,176,0,0.0,0,0,0,0,0,,
20250501,20250501_F02_e01,176,0,0.0,0,0,0,0,0,,
20250501,20250501_F02_e02,176,0,0.0,0,0,0,0,0,,
20250501,20250501_F03_e01,176,0,0.0,0,0,0,0,0,,
20250501,20250501_F03_e02,176,0,0.0,0,0,0,0,0,,
20250501,20250501_F04_e01,176,0,0.0,0,0,0,0,0,,
20250501,20250501_F04_e02,176,0,0.0,0,0,0,0,0,,
20250501,20250501_F05_e01,176,0,0.0,0,0,0,0,0,,
20250501,20250501_F05_e02,176,0,0.0,0,0,0,0,0,,
20250501,20250501_F06_e01,176,14,0.07954545454545454,4,9,1,13,1,-0.048795299226899416,-0.1324051218786761
20250501,20250501_F06_e02,176,0,0.0,0,0,0,0,0,,
20250501,20250501_F07_e01,176,0,0.0,0,0,0,0,0,,
20250501,20250501_F07_e02,176,142,0.8068181818181818,3,137,1,141,1,-0.4978843597854783,-0.6755994762306998
20250501,20250501_F08_e01,176,0,0.0,0,0,0,0,0,,
20250501,20250501_F08_e02,176,0,0.0,0,0,0,0,0,,
20250501,20250501_F09_e01,176,0,0.0,0,0,0,0,0,,
20250501,20250501_F10_e01,176,0,0.0,0,0,0,0,0,,
20250501,20250501_F10_e02,176,0,0.0,0,0,0,0,0,,
20250501,20250501_F11_e01,176,0,0.0,0,0,0,0,0,,
20250501,20250501_F11_e02,176,0,0.0,0,0,0,0,0,,
20250501,20250501_F12_e01,176,1,0.005681818181818182,1,1,1,0,0,-0.07092627286205946,-0.07092627286205946
20250501,20250501_G01_e01,176,0,0.0,0,0,0,0,0,,
20250501,20250501_G02_e01,176,43,0.24431818181818182,4,22,0,43,0,-0.0891211156405947,-0.33545741238587157
20250501,20250501_G03_e01,176,0,0.0,0,0,0,0,0,,
20250501,20250501_G03_e02,44,44,1.0,1,44,0,44,0,-0.6077678700115225,-0.7177358350706874
20250501,20250501_G04_e01,176,0,0.0,0,0,0,0,0,,
20250501,20250501_G04_e02,176,0,0.0,0,0,0,0,0,,
20250501,20250501_G05_e01,176,0,0.0,0,0,0,0,0,,
20250501,20250501_G05_e02,176,176,1.0,1,176,0,176,0,-0.9055260028804959,-0.9533455605738188
20250501,20250501_G05_e03,176,0,0.0,0,0,0,0,0,,
20250501,20250501_G06_e01,176,0,0.0,0,0,0,0,0,,
20250501,20250501_G06_e02,176,132,0.75,1,132,0,132,0,-0.4784099245412307,-0.6173951592891449
20250501,20250501_G07_e01,176,0,0.0,0,0,0,0,0,,
20250501,20250501_G07_e02,176,0,0.0,0,0,0,0,0,,
20250501,20250501_G08_e01,176,0,0.0,0,0,0,0,0,,
20250501,20250501_G08_e02,176,0,0.0,0,0,0,0,0,,
20250501,20250501_G09_e01,176,147,0.8352272727272727,1,147,0,147,0,-0.602586635748123,-0.6622110136983569
20250501,20250501_G09_e02,176,0,0.0,0,0,0,0,0,,
20250501,20250501_G10_e01,176,0,0.0,0,0,0,0,0,,
20250501,20250501_G10_e02,176,157,0.8920454545454546,1,157,0,157,0,-0.5773870251199983,-0.668407672496899
20250501,20250501_G11_e01,176,0,0.0,0,0,0,0,0,,
20250501,20250501_G11_e02,176,150,0.8522727272727273,1,150,0,150,0,-0.5712867068576502,-0.6723473944458493
20250501,20250501_G12_e01,176,4,0.022727272727272728,1,4,0,4,0,-0.05641513908413617,-0.08686358356113072
20250501,20250501_H01_e01,172,0,0.0,0,0,0,0,0,,
20250501,20250501_H02_e01,176,0,0.0,0,0,0,0,0,,
20250501,20250501_H02_e02,176,0,0.0,0,0,0,0,0,,
20250501,20250501_H03_e01,176,52,0.29545454545454547,5,29,1,51,1,-0.2060149051208306,-0.5813111756542363
20250501,20250501_H03_e02,176,0,0.0,0,0,0,0,0,,
20250501,20250501_H04_e01,176,0,0.0,0,0,0,0,0,,
20250501,20250501_H04_e02,176,0,0.0,0,0,0,0,0,,
20250501,20250501_H05_e01,176,0,0.0,0,0,0,0,0,,
20250501,20250501_H05_e02,153,153,1.0,1,153,0,153,0,-0.8362554250873933,-0.9276225519014534
20250501,20250501_H06_e01,176,0,0.0,0,0,0,0,0,,
20250501,20250501_H06_e02,176,24,0.13636363636363635,2,15,0,24,0,-0.039633476385638355,-0.10395796117290025
20250501,20250501_H07_e01,176,0,0.0,0,0,0,0,0,,
20250501,20250501_H07_e02,176,0,0.0,0,0,0,0,0,,
20250501,20250501_H08_e01,176,0,0.0,0,0,0,0,0,,
20250501,20250501_H08_e02,176,0,0.0,0,0,0,0,0,,
20250501,20250501_H09_e01,176,0,0.0,0,0,0,0,0,,
20250501,20250501_H09_e02,176,156,0.8863636363636364,1,156,0,156,0,-0.495844336415997,-0.6391809679096095
20250501,20250501_H10_e01,176,163,0.9261363636363636,1,163,0,163,0,-0.6175131172365372,-0.7174621880707017
20250501,20250501_H11_e01,176,49,0.2784090909090909,3,44,0,49,0,-0.12215904830142635,-0.3635355358808607
20250501,20250501_H12_e01,176,160,0.9090909090909091,1,160,0,160,0,-0.646533416543223,-0.7436742187407427
20250512,20250512_A01_e01,195,141,0.7230769230769231,1,141,0,141,0,-0.47375233430258784,-0.6484436095041621
20250512,20250512_A02_e01,195,181,0.9282051282051282,1,181,0,181,0,-0.6651689305977544,-0.7474061749121804
20250512,20250512_A02_e02,195,195,1.0,1,195,0,195,0,-0.9065172562494429,-0.9316825627235069
20250512,20250512_A03_e01,195,62,0.31794871794871793,1,62,0,62,0,-0.38320876007547866,-0.43513536838631345
20250512,20250512_A04_e01,195,171,0.8769230769230769,1,171,0,171,0,-0.6934880507820643,-0.8096216328199944
20250512,20250512_A05_e01,195,171,0.8769230769230769,1,171,0,171,0,-0.4505228284480222,-0.6306641004620575
20250512,20250512_A06_e01,195,183,0.9384615384615385,1,183,0,183,0,-0.7044009490074044,-0.8223371764658176
20250512,20250512_A07_e01,195,186,0.9538461538461539,1,186,0,186,0,-0.6636513195983507,-0.8256872245715747
20250512,20250512_A08_e01,195,176,0.9025641025641026,1,176,0,176,0,-0.6520252111874709,-0.7780014306360682
20250512,20250512_A09_e01,195,0,0.0,0,0,0,0,0,,
20250512,20250512_A10_e01,195,178,0.9128205128205128,2,169,0,178,0,-0.657455082300072,-0.8101948727204438
20250512,20250512_A11_e01,195,0,0.0,0,0,0,0,0,,
20250512,20250512_A12_e01,195,0,0.0,0,0,0,0,0,,
20250512,20250512_B01_e01,195,174,0.8923076923076924,1,174,0,174,0,-0.6330216510193244,-0.7695762904362901
20250512,20250512_B02_e01,195,181,0.9282051282051282,1,181,0,181,0,-0.7804750113270833,-0.8380070283795606
20250512,20250512_B03_e01,195,179,0.9179487179487179,1,179,0,179,0,-0.5170257928440214,-0.6560909949897962
20250512,20250512_B04_e01,195,170,0.8717948717948718,1,170,0,170,0,-0.5802537687003044,-0.7287016829692603
20250512,20250512_B05_e01,195,171,0.8769230769230769,1,171,0,171,0,-0.49850340486439165,-0.6430816315060401
20250512,20250512_B06_e01,195,177,0.9076923076923077,1,177,0,177,0,-0.48781025886425966,-0.6500238814119338
20250512,20250512_B06_e02,195,135,0.6923076923076923,2,134,1,134,1,-0.3840480860482232,-0.48151145456284955
20250512,20250512_B06_e03,195,195,1.0,1,195,0,195,0,-0.890990545263868,-0.9116342169205499
20250512,20250512_B07_e01,195,176,0.9025641025641026,2,168,0,176,0,-0.579662174152193,-0.698476759332248
20250512,20250512_B08_e01,195,159,0.8153846153846154,2,151,0,159,0,-0.642060512136416,-0.7557262899239082
20250512,20250512_B09_e01,195,0,0.0,0,0,0,0,0,,
20250512,20250512_B10_e01,195,163,0.8358974358974359,3,157,1,162,1,-0.5869090370246233,-0.6728349603384726
20250512,20250512_B10_e02,195,138,0.7076923076923077,1,138,0,138,0,-0.6053998287743274,-0.6462658941877626
20250512,20250512_B11_e01,195,175,0.8974358974358975,1,175,0,175,0,-0.7002692488259425,-0.7931856281157225
20250512,20250512_B11_e02,195,154,0.7897435897435897,2,151,0,154,0,-0.7226996989937748,-0.7640185764017451
20250512,20250512_B11_e03,195,0,0.0,0,0,0,0,0,,
20250512,20250512_B12_e01,195,0,0.0,0,0,0,0,0,,
20250512,20250512_B12_e02,195,0,0.0,0,0,0,0,0,,
20250512,20250512_C01_e01,195,173,0.8871794871794871,1,173,0,173,0,-0.5870839392677591,-0.7172506509133285
20250512,20250512_C02_e01,195,0,0.0,0,0,0,0,0,,
20250512,20250512_C03_e01,195,149,0.764102564102564,1,149,0,149,0,-0.5282140700667605,-0.6063873329459825
20250512,20250512_C03_e02,195,195,1.0,1,195,0,195,0,-0.8129265719140587,-0.8494000138928363
20250512,20250512_C04_e01,195,75,0.38461538461538464,1,75,0,75,0,-0.17886699011848337,-0.28510305109030665
20250512,20250512_C05_e01,195,177,0.9076923076923077,1,177,0,177,0,-0.7538952802885945,-0.8364349260032551
20250512,20250512_C06_e01,195,171,0.8769230769230769,1,171,0,171,0,-0.47765106937248347,-0.8828825575292102
20250512,20250512_C07_e01,195,0,0.0,0,0,0,0,0,,
20250512,20250512_C08_e01,195,0,0.0,0,0,0,0,0,,
20250512,20250512_C09_e01,195,0,0.0,0,0,0,0,0,,
20250512,20250512_C09_e02,195,0,0.0,0,0,0,0,0,,
20250512,20250512_C10_e01,195,0,0.0,0,0,0,0,0,,
20250512,20250512_C10_e02,195,0,0.0,0,0,0,0,0,,
20250512,20250512_C11_e01,195,150,0.7692307692307693,1,150,0,150,0,-0.7080501874938123,-0.748806825239465
20250512,20250512_C11_e02,195,0,0.0,0,0,0,0,0,,
20250512,20250512_C12_e01,195,122,0.6256410256410256,1,122,0,122,0,-0.634811368691813,-0.727743778183764
20250512,20250512_C12_e02,195,0,0.0,0,0,0,0,0,,
20250512,20250512_D01_e01,195,162,0.8307692307692308,2,145,0,162,0,-0.6046050927606756,-0.7317558355263245
20250512,20250512_D02_e01,195,0,0.0,0,0,0,0,0,,
20250512,20250512_D03_e01,195,188,0.9641025641025641,2,172,0,188,0,-0.6770891687968241,-0.7462604622355898
20250512,20250512_D04_e01,195,175,0.8974358974358975,1,175,0,175,0,-0.7320614335442005,-0.8018818871550188
20250512,20250512_D05_e01,195,0,0.0,0,0,0,0,0,,
20250512,20250512_D06_e01,195,0,0.0,0,0,0,0,0,,
20250512,20250512_D06_e02,195,195,1.0,1,195,0,195,0,-0.9389336099007752,-0.9587378481937275
20250512,20250512_D07_e01,195,114,0.5846153846153846,2,113,1,113,1,-0.5281217528304889,-0.5943382836537013
20250512,20250512_D08_e01,195,0,0.0,0,0,0,0,0,,
20250512,20250512_D09_e01,195,0,0.0,0,0,0,0,0,,
20250512,20250512_D09_e02,195,0,0.0,0,0,0,0,0,,
20250512,20250512_D10_e01,195,0,0.0,0,0,0,0,0,,
20250512,20250512_D10_e02,195,116,0.5948717948717949,1,116,0,116,0,-0.4783519500889225,-0.5440622878917155
20250512,20250512_D11_e01,195,170,0.8717948717948718,2,166,0,170,0,-0.6757579618061631,-0.778968975130886
20250512,20250512_D11_e02,195,0,0.0,0,0,0,0,0,,
20250512,20250512_D12_e01,195,31,0.15897435897435896,2,30,1,30,1,-0.5582034789002854,-0.5848911853403581
20250512,20250512_D12_e02,195,0,0.0,0,0,0,0,0,,
20250512,20250512_E01_e01,195,133,0.6820512820512821,4,127,1,132,1,-0.5070798279969063,-0.5814639464240153
20250512,20250512_E02_e01,195,163,0.8358974358974359,2,159,0,163,0,-0.6726571276261255,-0.7315657244732001
20250512,20250512_E02_e02,195,178,0.9128205128205128,1,178,0,178,0,-0.6259416105590432,-0.7338668629434845
20250512,20250512_E03_e01,195,173,0.8871794871794871,1,173,0,173,0,-0.5071937640595207,-0.6827756007838941
20250512,20250512_E04_e01,195,164,0.841025641025641,1,164,0,164,0,-0.510642013085351,-0.6414317088756232
20250512,20250512_E05_e01,195,140,0.717948717948718,1,140,0,140,0,-0.5389463154321918,-0.6637429046643945
20250512,20250512_E06_e01,195,66,0.3384615384615385,2,65,1,65,1,-0.2055204859200281,-0.33068558940948195
20250512,20250512_E07_e01,195,110,0.5641025641025641,2,105,0,110,0,-0.4837342118858466,-0.5536337525161162
20250512,20250512_E08_e01,195,0,0.0,0,0,0,0,0,,
20250512,20250512_E09_e01,195,32,0.1641025641025641,1,32,0,32,0,-0.46899660439201496,-0.5414787300501526
20250512,20250512_E10_e01,195,102,0.5230769230769231,1,102,0,102,0,-0.555589259570946,-0.6051144538164412
20250512,20250512_E11_e01,195,0,0.0,0,0,0,0,0,,
20250512,20250512_E11_e02,195,0,0.0,0,0,0,0,0,,
20250512,20250512_E12_e01,195,0,0.0,0,0,0,0,0,,
20250512,20250512_E12_e02,195,24,0.12307692307692308,2,23,1,23,1,-0.4991323587702915,-0.5368560581744993
20250512,20250512_F01_e01,195,172,0.882051282051282,2,171,1,171,1,-0.6741708179130712,-0.7746505863430667
20250512,20250512_F02_e01,195,132,0.676923076923077,1,132,0,132,0,-0.5143384816131613,-0.6167256847751472
20250512,20250512_F03_e01,195,151,0.7743589743589744,1,151,0,151,0,-0.6876106667027239,-0.7347179054100881
20250512,20250512_F04_e01,195,158,0.8102564102564103,2,157,1,157,1,-0.28379138321340086,-0.44255662913549554
20250512,20250512_F05_e01,195,174,0.8923076923076924,1,174,0,174,0,-0.7317754286607083,-0.8190089461419531
20250512,20250512_F06_e01,195,170,0.8717948717948718,1,170,0,170,0,-0.704501421931339,-0.7800207247715187
20250512,20250512_F07_e01,195,0,0.0,0,0,0,0,0,,
20250512,20250512_F07_e02,195,0,0.0,0,0,0,0,0,,
20250512,20250512_F08_e01,195,0,0.0,0,0,0,0,0,,
20250512,20250512_F08_e02,195,0,0.0,0,0,0,0,0,,
20250512,20250512_F09_e01,195,159,0.8153846153846154,2,150,0,159,0,-0.6749528263935938,-0.7337389989426212
20250512,20250512_F09_e02,195,0,0.0,0,0,0,0,0,,
20250512,20250512_F10_e01,195,168,0.8615384615384616,2,167,1,167,1,-0.5718768492036403,-0.6765530624649335
20250512,20250512_F10_e02,195,0,0.0,0,0,0,0,0,,
20250512,20250512_F11_e01,195,0,0.0,0,0,0,0,0,,
20250512,20250512_F11_e02,195,0,0.0,0,0,0,0,0,,
20250512,20250512_F12_e01,195,123,0.6307692307692307,1,123,0,123,0,-0.4306484590338743,-0.6298916729584959
20250512,20250512_F12_e02,194,0,0.0,0,0,0,0,0,,
20250512,20250512_G01_e01,195,179,0.9179487179487179,1,179,0,179,0,-0.7271465092325502,-0.8345348234370139
20250512,20250512_G02_e01,195,148,0.7589743589743589,1,148,0,148,0,-0.46118376507449343,-0.5880265399598844
20250512,20250512_G03_e01,195,0,0.0,0,0,0,0,0,,
20250512,20250512_G04_e01,195,172,0.882051282051282,1,172,0,172,0,-0.766843148072961,-0.8109380825340184
20250512,20250512_G05_e01,195,0,0.0,0,0,0,0,0,,
20250512,20250512_G06_e01,195,0,0.0,0,0,0,0,0,,
20250512,20250512_G07_e01,195,175,0.8974358974358975,3,159,1,174,1,-0.5469586710097833,-0.6827932624476932
20250512,20250512_G08_e01,195,173,0.8871794871794871,2,169,0,173,0,-0.6568676158076179,-0.7697202153017264
20250512,20250512_G09_e01,195,0,0.0,0,0,0,0,0,,
20250512,20250512_G10_e01,195,0,0.0,0,0,0,0,0,,
20250512,20250512_G10_e02,195,0,0.0,0,0,0,0,0,,
20250512,20250512_G11_e01,195,0,0.0,0,0,0,0,0,,
20250512,20250512_G11_e02,195,0,0.0,0,0,0,0,0,,
20250512,20250512_G12_e01,195,171,0.8769230769230769,1,171,0,171,0,-0.7062067702775658,-0.7604923343986589
20250512,20250512_G12_e02,195,0,0.0,0,0,0,0,0,,
20250512,20250512_H01_e01,195,184,0.9435897435897436,3,180,1,183,1,-0.8276138600320914,-0.8720065100530413
20250512,20250512_H01_e02,195,195,1.0,1,195,0,195,0,-0.7838273860194892,-0.9114412753578336
20250512,20250512_H02_e01,195,155,0.7948717948717948,1,155,0,155,0,-0.4721038014854401,-0.6150171047877195
20250512,20250512_H03_e01,195,175,0.8974358974358975,1,175,0,175,0,-0.7958622431251584,-0.8807234780204202
20250512,20250512_H04_e01,195,193,0.9897435897435898,1,193,0,193,0,-0.7648299190999874,-0.8727790760469771
20250512,20250512_H05_e01,195,191,0.9794871794871794,1,191,0,191,0,-0.6729777646596246,-0.802501871190745
20250512,20250512_H06_e01,195,0,0.0,0,0,0,0,0,,
20250512,20250512_H07_e01,195,179,0.9179487179487179,1,179,0,179,0,-0.7215476719629189,-0.8304825937739033
20250512,20250512_H08_e01,195,0,0.0,0,0,0,0,0,,
20250512,20250512_H09_e01,195,0,0.0,0,0,0,0,0,,
20250512,20250512_H10_e01,195,174,0.8923076923076924,1,174,0,174,0,-0.6516646327268079,-0.825485565086592
20250512,20250512_H11_e01,195,125,0.6410256410256411,1,125,0,125,0,-0.4966866817835223,-0.5885595322877617
20250512,20250512_H12_e01,195,172,0.882051282051282,2,171,1,171,1,-0.6467282676079866,-0.867712632691165
20250515_part2,20250515_part2_A01_e01,27,0,0.0,0,0,0,0,0,,
20250515_part2,20250515_part2_A02_e01,27,0,0.0,0,0,0,0,0,,
20250515_part2,20250515_part2_A03_e01,27,0,0.0,0,0,0,0,0,,
20250515_part2,20250515_part2_A04_e01,27,0,0.0,0,0,0,0,0,,
20250515_part2,20250515_part2_A05_e01,27,4,0.14814814814814814,1,4,0,4,0,-0.11201466047879582,-0.16154669310475403
20250515_part2,20250515_part2_A06_e01,27,7,0.25925925925925924,4,2,1,6,0,-0.005865226928612792,-0.03302398296182464
20250515_part2,20250515_part2_A06_e02,27,0,0.0,0,0,0,0,0,,
20250515_part2,20250515_part2_A07_e01,27,0,0.0,0,0,0,0,0,,
20250515_part2,20250515_part2_A08_e01,27,27,1.0,1,27,0,27,0,-0.4359041034181354,-0.5051128115108928
20250515_part2,20250515_part2_A08_e02,27,0,0.0,0,0,0,0,0,,
20250515_part2,20250515_part2_A09_e01,27,0,0.0,0,0,0,0,0,,
20250515_part2,20250515_part2_A10_e01,27,0,0.0,0,0,0,0,0,,
20250515_part2,20250515_part2_A11_e01,27,27,1.0,1,27,0,27,0,-0.1629677227573389,-0.23401142941164546
20250515_part2,20250515_part2_A12_e01,27,0,0.0,0,0,0,0,0,,
20250515_part2,20250515_part2_B01_e01,27,0,0.0,0,0,0,0,0,,
20250515_part2,20250515_part2_B02_e01,27,0,0.0,0,0,0,0,0,,
20250515_part2,20250515_part2_B03_e01,27,0,0.0,0,0,0,0,0,,
20250515_part2,20250515_part2_B04_e01,27,0,0.0,0,0,0,0,0,,
20250515_part2,20250515_part2_B05_e01,27,0,0.0,0,0,0,0,0,,
20250515_part2,20250515_part2_B05_e02,27,27,1.0,1,27,0,27,0,-0.7667094585065973,-0.7841326726969646
20250515_part2,20250515_part2_B06_e01,27,0,0.0,0,0,0,0,0,,
20250515_part2,20250515_part2_B07_e01,27,0,0.0,0,0,0,0,0,,
20250515_part2,20250515_part2_B08_e01,27,0,0.0,0,0,0,0,0,,
20250515_part2,20250515_part2_B09_e01,27,0,0.0,0,0,0,0,0,,
20250515_part2,20250515_part2_B10_e01,27,0,0.0,0,0,0,0,0,,
20250515_part2,20250515_part2_B11_e01,27,4,0.14814814814814814,1,4,0,4,0,-0.03799095666042153,-0.11715524657085692
20250515_part2,20250515_part2_B12_e01,27,0,0.0,0,0,0,0,0,,
20250515_part2,20250515_part2_C01_e01,27,0,0.0,0,0,0,0,0,,
20250515_part2,20250515_part2_C01_e02,27,27,1.0,1,27,0,27,0,-0.7633804765889406,-0.7951670555500169
20250515_part2,20250515_part2_C02_e01,27,0,0.0,0,0,0,0,0,,
20250515_part2,20250515_part2_C03_e01,27,0,0.0,0,0,0,0,0,,
20250515_part2,20250515_part2_C04_e01,27,0,0.0,0,0,0,0,0,,
20250515_part2,20250515_part2_C05_e01,27,1,0.037037037037037035,1,1,1,0,0,-0.04497105704177506,-0.04497105704177506
20250515_part2,20250515_part2_C06_e01,27,0,0.0,0,0,0,0,0,,
20250515_part2,20250515_part2_C07_e01,27,0,0.0,0,0,0,0,0,,
20250515_part2,20250515_part2_C07_e02,27,27,1.0,1,27,0,27,0,-0.5419491602308449,-0.607032159488281
20250515_part2,20250515_part2_C08_e01,27,0,0.0,0,0,0,0,0,,
20250515_part2,20250515_part2_C08_e02,27,27,1.0,1,27,0,27,0,-0.24824674296657584,-0.3655007929027241
20250515_part2,20250515_part2_C09_e01,27,0,0.0,0,0,0,0,0,,
20250515_part2,20250515_part2_C10_e01,27,0,0.0,0,0,0,0,0,,
20250515_part2,20250515_part2_C10_e02,27,27,1.0,1,27,0,27,0,-0.4524780497581016,-0.524047919013355
20250515_part2,20250515_part2_C11_e01,27,0,0.0,0,0,0,0,0,,
20250515_part2,20250515_part2_C12_e01,27,0,0.0,0,0,0,0,0,,
20250515_part2,20250515_part2_D01_e01,27,0,0.0,0,0,0,0,0,,
20250515_part2,20250515_part2_D02_e01,27,17,0.6296296296296297,3,14,1,16,1,-0.05650363439468795,-0.1912942529925885
20250515_part2,20250515_part2_D03_e01,27,0,0.0,0,0,0,0,0,,
20250515_part2,20250515_part2_D04_e01,27,0,0.0,0,0,0,0,0,,
20250515_part2,20250515_part2_D04_e02,27,27,1.0,1,27,0,27,0,-0.2558617243838659,-0.3225828496482725
20250515_part2,20250515_part2_D05_e01,27,14,0.5185185185185185,5,5,1,13,0,-0.037624454196651475,-0.11668122975855424
20250515_part2,20250515_part2_D05_e02,27,27,1.0,1,27,0,27,0,-0.4380358943382754,-0.5115132861987856
20250515_part2,20250515_part2_D06_e01,27,0,0.0,0,0,0,0,0,,
20250515_part2,20250515_part2_D07_e01,27,22,0.8148148148148148,4,11,0,22,0,-0.052323955193634614,-0.12607184569374671
20250515_part2,20250515_part2_D08_e01,27,0,0.0,0,0,0,0,0,,
20250515_part2,20250515_part2_D09_e01,27,0,0.0,0,0,0,0,0,,
20250515_part2,20250515_part2_D10_e01,27,15,0.5555555555555556,2,14,1,14,1,-0.08514445046105125,-0.20682050851148526
20250515_part2,20250515_part2_D10_e02,27,27,1.0,1,27,0,27,0,-0.540130274812459,-0.6041381861897331
20250515_part2,20250515_part2_D10_e03,27,0,0.0,0,0,0,0,0,,
20250515_part2,20250515_part2_D11_e01,27,0,0.0,0,0,0,0,0,,
20250515_part2,20250515_part2_D11_e02,27,27,1.0,1,27,0,27,0,-0.5393379782171107,-0.5924823980271767
20250515_part2,20250515_part2_D12_e01,27,0,0.0,0,0,0,0,0,,
20250515_part2,20250515_part2_D12_e02,27,27,1.0,1,27,0,27,0,-0.5616834478005552,-0.6221500629466464
20250515_part2,20250515_part2_E01_e01,27,3,0.1111111111111111,2,2,1,2,1,-0.004378855568847317,-0.004509181616160266
20250515_part2,20250515_part2_E02_e01,27,0,0.0,0,0,0,0,0,,
20250515_part2,20250515_part2_E03_e01,27,0,0.0,0,0,0,0,0,,
20250515_part2,20250515_part2_E04_e01,27,0,0.0,0,0,0,0,0,,
20250515_part2,20250515_part2_E04_e02,27,27,1.0,1,27,0,27,0,-0.3798609440814586,-0.4686363198429991
20250515_part2,20250515_part2_E05_e01,27,27,1.0,1,27,0,27,0,-0.5797273889456686,-0.6493143521906851
20250515_part2,20250515_part2_E05_e02,27,0,0.0,0,0,0,0,0,,
20250515_part2,20250515_part2_E06_e01,27,0,0.0,0,0,0,0,0,,
20250515_part2,20250515_part2_E07_e01,27,0,0.0,0,0,0,0,0,,
20250515_part2,20250515_part2_E08_e01,27,0,0.0,0,0,0,0,0,,
20250515_part2,20250515_part2_E09_e01,27,0,0.0,0,0,0,0,0,,
20250515_part2,20250515_part2_E09_e02,27,27,1.0,1,27,0,27,0,-0.46169809542685386,-0.5265779263449076
20250515_part2,20250515_part2_E10_e01,27,0,0.0,0,0,0,0,0,,
20250515_part2,20250515_part2_E11_e01,27,0,0.0,0,0,0,0,0,,
20250515_part2,20250515_part2_E11_e02,27,27,1.0,1,27,0,27,0,-0.49678687463923976,-0.5652825999083092
20250515_part2,20250515_part2_E12_e01,27,1,0.037037037037037035,1,1,1,0,0,-0.01079513075345197,-0.01079513075345197
20250515_part2,20250515_part2_E12_e02,27,27,1.0,1,27,0,27,0,-0.6545248085834966,-0.7159822646817735
20250515_part2,20250515_part2_F01_e01,27,0,0.0,0,0,0,0,0,,
20250515_part2,20250515_part2_F02_e01,27,0,0.0,0,0,0,0,0,,
20250515_part2,20250515_part2_F03_e01,27,0,0.0,0,0,0,0,0,,
20250515_part2,20250515_part2_F04_e01,27,0,0.0,0,0,0,0,0,,
20250515_part2,20250515_part2_F05_e01,27,0,0.0,0,0,0,0,0,,
20250515_part2,20250515_part2_F06_e01,27,0,0.0,0,0,0,0,0,,
20250515_part2,20250515_part2_F07_e01,27,0,0.0,0,0,0,0,0,,
20250515_part2,20250515_part2_F08_e01,27,1,0.037037037037037035,1,1,1,0,0,-0.02338166114585929,-0.02338166114585929
20250515_part2,20250515_part2_F09_e01,27,0,0.0,0,0,0,0,0,,
20250515_part2,20250515_part2_F10_e01,27,0,0.0,0,0,0,0,0,,
20250515_part2,20250515_part2_F10_e02,27,27,1.0,1,27,0,27,0,-0.43093396064254214,-0.4908559982671261
20250515_part2,20250515_part2_F11_e01,27,0,0.0,0,0,0,0,0,,
20250515_part2,20250515_part2_F12_e01,27,0,0.0,0,0,0,0,0,,
20250515_part2,20250515_part2_G01_e01,27,0,0.0,0,0,0,0,0,,
20250515_part2,20250515_part2_G01_e02,27,27,1.0,1,27,0,27,0,-0.5067546666022937,-0.5740000286787817
20250515_part2,20250515_part2_G02_e01,27,0,0.0,0,0,0,0,0,,
20250515_part2,20250515_part2_G03_e01,27,0,0.0,0,0,0,0,0,,
20250515_part2,20250515_part2_G03_e02,27,24,0.8888888888888888,2,20,0,24,0,-0.0651009994182229,-0.18396167034043956
20250515_part2,20250515_part2_G04_e01,27,0,0.0,0,0,0,0,0,,
20250515_part2,20250515_part2_G05_e01,27,1,0.037037037037037035,1,1,1,0,0,-0.026133598945092058,-0.026133598945092058
20250515_part2,20250515_part2_G05_e02,27,27,1.0,1,27,0,27,0,-0.6345536044725901,-0.6808551102573743
20250515_part2,20250515_part2_G06_e01,27,0,0.0,0,0,0,0,0,,
20250515_part2,20250515_part2_G06_e02,27,27,1.0,1,27,0,27,0,-0.16586120236591184,-0.2718106266669123
20250515_part2,20250515_part2_G06_e03,27,27,1.0,1,27,0,27,0,-0.35373856032511364,-0.4392971120156958
20250515_part2,20250515_part2_G07_e01,27,0,0.0,0,0,0,0,0,,
20250515_part2,20250515_part2_G08_e01,27,1,0.037037037037037035,1,1,1,0,0,-0.00852286886092935,-0.00852286886092935
20250515_part2,20250515_part2_G09_e01,27,0,0.0,0,0,0,0,0,,
20250515_part2,20250515_part2_G09_e02,27,27,1.0,1,27,0,27,0,-0.5572388756611869,-0.6192205807732697
20250515_part2,20250515_part2_G10_e01,27,0,0.0,0,0,0,0,0,,
20250515_part2,20250515_part2_G11_e01,27,0,0.0,0,0,0,0,0,,
20250515_part2,20250515_part2_G12_e01,27,0,0.0,0,0,0,0,0,,
20250515_part2,20250515_part2_H01_e01,27,0,0.0,0,0,0,0,0,,
20250515_part2,20250515_part2_H01_e02,27,27,1.0,1,27,0,27,0,-0.48238836992030476,-0.5536623206205815
20250515_part2,20250515_part2_H01_e03,27,27,1.0,1,27,0,27,0,-0.719844143483643,-0.8163924854789373
20250515_part2,20250515_part2_H02_e01,27,0,0.0,0,0,0,0,0,,
20250515_part2,20250515_part2_H03_e01,27,27,1.0,1,27,0,27,0,-0.4317093550359791,-0.5379762751649553
20250515_part2,20250515_part2_H03_e02,27,27,1.0,1,27,0,27,0,-0.9724334353287,-0.9762889488330629
20250515_part2,20250515_part2_H04_e01,27,0,0.0,0,0,0,0,0,,
20250515_part2,20250515_part2_H04_e02,27,27,1.0,1,27,0,27,0,-0.4936970605115561,-0.5796814486513912
20250515_part2,20250515_part2_H05_e01,27,1,0.037037037037037035,1,1,1,0,0,-0.02811098365763033,-0.02811098365763033
20250515_part2,20250515_part2_H05_e02,27,27,1.0,1,27,0,27,0,-0.4188714668282749,-0.490899661348998
20250515_part2,20250515_part2_H06_e01,27,0,0.0,0,0,0,0,0,,
20250515_part2,20250515_part2_H07_e01,27,0,0.0,0,0,0,0,0,,
20250515_part2,20250515_part2_H07_e02,27,27,1.0,1,27,0,27,0,-0.6291489876540002,-0.6798786161995822
20250515_part2,20250515_part2_H08_e01,27,13,0.48148148148148145,1,13,0,13,0,-0.07929773639651379,-0.1898295119059002
20250515_part2,20250515_part2_H08_e02,27,27,1.0,1,27,0,27,0,-0.6880204709619182,-0.7501230224997665
20250515_part2,20250515_part2_H09_e01,27,0,0.0,0,0,0,0,0,,
20250515_part2,20250515_part2_H09_e02,27,21,0.7777777777777778,2,20,1,20,0,-0.07434163938239347,-0.19864459008215196
20250515_part2,20250515_part2_H10_e01,27,11,0.4074074074074074,4,5,1,10,0,-0.03135302716762427,-0.06448318376020531
20250515_part2,20250515_part2_H11_e01,27,0,0.0,0,0,0,0,0,,
20250515_part2,20250515_part2_H12_e01,27,0,0.0,0,0,0,0,0,,
20250515_part2,20250515_part2_H12_e02,27,27,1.0,1,27,0,27,0,-0.4838472396219176,-0.5469511432779367
20250519,20250519_A01_e01,51,0,0.0,0,0,0,0,0,,
20250519,20250519_A02_e01,51,27,0.5294117647058824,4,19,1,26,1,-0.20268116174168493,-0.288434429986393
20250519,20250519_A03_e01,51,29,0.5686274509803921,3,21,0,29,0,-0.3883885690476856,-0.6016233971417255
20250519,20250519_A04_e01,51,17,0.3333333333333333,2,10,0,17,0,-0.11297981889829917,-0.3950749433512359
20250519,20250519_A05_e01,51,19,0.37254901960784315,2,12,0,19,0,-0.17824197902177547,-0.33834879827076214
20250519,20250519_A06_e01,51,31,0.6078431372549019,2,30,1,30,1,-0.334891707570173,-0.46687569648605004
20250519,20250519_A07_e01,51,29,0.5686274509803921,1,29,0,29,0,-0.33436661106631943,-0.4747417628966585
20250519,20250519_A08_e01,51,0,0.0,0,0,0,0,0,,
20250519,20250519_A09_e01,51,31,0.6078431372549019,1,31,0,31,0,-0.2666950693412152,-0.4367499841613877
20250519,20250519_A11_e01,51,37,0.7254901960784313,1,37,0,37,0,-0.27697276168015583,-0.4722464351067386
20250519,20250519_B01_e01,51,31,0.6078431372549019,2,28,0,31,0,-0.254534279796433,-0.36389899454107266
20250519,20250519_B03_e01,51,35,0.6862745098039216,1,35,0,35,0,-0.3415376362937004,-0.5307792233974429
20250519,20250519_B05_e01,51,24,0.47058823529411764,2,20,0,24,0,-0.3205622106660829,-0.3795888804345164
20250519,20250519_B06_e01,51,0,0.0,0,0,0,0,0,,
20250519,20250519_B07_e01,51,0,0.0,0,0,0,0,0,,
20250519,20250519_B08_e01,51,28,0.5490196078431373,1,28,0,28,0,-0.4133856181655381,-0.5588392670218404
20250519,20250519_B09_e01,51,30,0.5882352941176471,1,30,0,30,0,-0.3454153311672493,-0.45112703831523093
20250519,20250519_B10_e01,51,0,0.0,0,0,0,0,0,,
20250519,20250519_B11_e01,51,27,0.5294117647058824,3,25,2,25,2,-0.30370194994934563,-0.469120324043314
20250519,20250519_C01_e01,51,0,0.0,0,0,0,0,0,,
20250519,20250519_C02_e01,51,29,0.5686274509803921,1,29,0,29,0,-0.30405740445976415,-0.4544254780776588
20250519,20250519_C03_e01,51,29,0.5686274509803921,1,29,0,29,0,-0.3573033595837227,-0.5054382809692957
20250519,20250519_C04_e01,51,0,0.0,0,0,0,0,0,,
20250519,20250519_C05_e01,51,35,0.6862745098039216,1,35,0,35,0,-0.3372425241497983,-0.5297658743290259
20250519,20250519_C06_e01,51,10,0.19607843137254902,1,10,0,10,0,-0.45949136306985483,-0.5023225713825945
20250519,20250519_C07_e01,51,34,0.6666666666666666,1,34,0,34,0,-0.24805378377330498,-0.3940064569075085
20250519,20250519_C08_e01,51,27,0.5294117647058824,1,27,0,27,0,-0.3551722109119322,-0.4567787078791556
20250519,20250519_C09_e01,51,14,0.27450980392156865,1,14,0,14,0,-0.47909842385641477,-0.5405622303618971
20250519,20250519_C10_e01,51,0,0.0,0,0,0,0,0,,
20250519,20250519_D01_e01,51,37,0.7254901960784313,1,37,0,37,0,-0.2895222151229146,-0.5088335591258293
20250519,20250519_D02_e01,51,0,0.0,0,0,0,0,0,,
20250519,20250519_D03_e01,51,32,0.6274509803921569,1,32,0,32,0,-0.2259055785344054,-0.4587286991322056
20250519,20250519_D04_e01,51,0,0.0,0,0,0,0,0,,
20250519,20250519_D05_e01,51,6,0.11764705882352941,1,6,0,6,0,-0.4363955453102545,-0.4639011335576687
20250519,20250519_D06_e01,51,33,0.6470588235294118,1,33,0,33,0,-0.35592064779366644,-0.49326667980063355
20250519,20250519_D07_e01,51,26,0.5098039215686274,1,26,0,26,0,-0.3985279308909603,-0.5120705947639645
20250519,20250519_D08_e01,51,16,0.3137254901960784,1,16,0,16,0,-0.524954622424455,-0.5611951807337858
20250519,20250519_D09_e01,51,35,0.6862745098039216,1,35,0,35,0,-0.34898376448268437,-0.5026035023258306
20250519,20250519_D10_e01,51,29,0.5686274509803921,1,29,0,29,0,-0.38774335296187207,-0.5297381263725094
20250519,20250519_E01_e01,51,35,0.6862745098039216,1,35,0,35,0,-0.26432673037816656,-0.456535383989836
20250519,20250519_E02_e01,51,0,0.0,0,0,0,0,0,,
20250519,20250519_E02_e02,51,0,0.0,0,0,0,0,0,,
20250519,20250519_E03_e01,51,0,0.0,0,0,0,0,0,,
20250519,20250519_E04_e01,51,9,0.17647058823529413,3,5,1,8,1,-0.5069918211404649,-0.5825366183512786
20250519,20250519_E05_e01,51,24,0.47058823529411764,2,22,0,24,0,-0.2839410088214076,-0.4109191052133189
20250519,20250519_E06_e01,51,28,0.5490196078431373,1,28,0,28,0,-0.3516970365240497,-0.4921760067268937
20250519,20250519_E07_e01,51,0,0.0,0,0,0,0,0,,
20250519,20250519_E08_e01,51,8,0.1568627450980392,3,6,2,6,2,-0.5401331891920291,-0.5575833404520794
20250519,20250519_E09_e01,51,0,0.0,0,0,0,0,0,,
20250519,20250519_E10_e01,51,20,0.39215686274509803,1,20,0,20,0,-0.2784427628036641,-0.38829263818803705
20250519,20250519_F01_e01,51,17,0.3333333333333333,2,11,0,17,0,-0.09218233217568447,-0.14618944101752124
20250519,20250519_F02_e01,51,13,0.2549019607843137,3,9,0,13,0,-0.3487938896334171,-0.40778323234955893
20250519,20250519_F03_e01,51,26,0.5098039215686274,3,23,1,25,1,-0.3228491396454809,-0.4763116711088598
20250519,20250519_F04_e01,51,19,0.37254901960784315,2,18,1,18,1,-0.35392839797657166,-0.44907030143842924
20250519,20250519_F05_e01,51,0,0.0,0,0,0,0,0,,
20250519,20250519_F06_e01,51,0,0.0,0,0,0,0,0,,
20250519,20250519_F07_e01,51,0,0.0,0,0,0,0,0,,
20250519,20250519_F08_e01,51,26,0.5098039215686274,1,26,0,26,0,-0.3907442973075213,-0.49624324291924893
20250519,20250519_F09_e01,51,0,0.0,0,0,0,0,0,,
20250519,20250519_F10_e01,51,0,0.0,0,0,0,0,0,,
20250519,20250519_G01_e01,51,0,0.0,0,0,0,0,0,,
20250519,20250519_G02_e01,51,37,0.7254901960784313,1,37,0,37,0,-0.3166831102089136,-0.4623312253454674
20250519,20250519_G03_e01,51,0,0.0,0,0,0,0,0,,
20250519,20250519_G04_e01,51,0,0.0,0,0,0,0,0,,
20250519,20250519_G05_e01,51,0,0.0,0,0,0,0,0,,
20250519,20250519_G06_e01,51,0,0.0,0,0,0,0,0,,
20250519,20250519_G07_e01,51,15,0.29411764705882354,1,15,0,15,0,-0.421703865533374,-0.46706950820234794
20250519,20250519_G08_e01,51,0,0.0,0,0,0,0,0,,
20250519,20250519_G09_e01,51,19,0.37254901960784315,1,19,0,19,0,-0.40231754550930754,-0.5123699839406827
20250519,20250519_G10_e01,51,0,0.0,0,0,0,0,0,,
20250519,20250519_G10_e02,51,18,0.35294117647058826,2,16,0,18,0,-0.4783035358756429,-0.5341259986502551
20250519,20250519_H01_e01,51,45,0.8823529411764706,1,45,0,45,0,-0.5077020380881345,-0.6613955866525888
20250519,20250519_H01_e02,48,48,1.0,4,41,1,47,0,-0.9689314467481878,-0.9888511773899735
20250519,20250519_H02_e01,51,15,0.29411764705882354,3,10,1,14,1,-0.30647130930712246,-0.7320149940881794
20250519,20250519_H03_e01,51,19,0.37254901960784315,1,19,0,19,0,-0.463323408680415,-0.5335017297697173
20250519,20250519_H04_e01,51,40,0.7843137254901961,1,40,0,40,0,-0.24392871253770887,-0.47000738971496375
20250519,20250519_H05_e01,51,22,0.43137254901960786,1,22,0,22,0,-0.42004923106691494,-0.5564221522883066
20250519,20250519_H06_e01,51,25,0.49019607843137253,2,22,0,25,0,-0.15449088128358854,-0.255924910054865
20250519,20250519_H07_e01,51,27,0.5294117647058824,1,27,0,27,0,-0.41303884512113587,-0.5399229985961485
20250519,20250519_H08_e01,51,19,0.37254901960784315,2,18,1,18,1,-0.37916761024017676,-0.4631905435247776
20250519,20250519_H09_e01,51,0,0.0,0,0,0,0,0,,
20250519,20250519_H10_e01,51,35,0.6862745098039216,1,35,0,35,0,-0.19619497574906303,-0.390782275144401
20250711,20250711_A01_e01,179,168,0.9385474860335196,4,164,2,166,2,-0.6512182854133532,-0.8194080437844097
20250711,20250711_A02_e01,179,8,0.0446927374301676,1,8,0,8,0,-0.12121891017078423,-0.18508821078654245
20250711,20250711_A03_e01,179,0,0.0,0,0,0,0,0,,
20250711,20250711_A04_e01,179,3,0.01675977653631285,1,3,0,3,0,-0.26119528498169126,-0.3659922691940303
20250711,20250711_A05_e01,179,44,0.24581005586592178,11,20,7,37,7,-0.07217831712509637,-0.5285619529147336
20250711,20250711_A05_e02,179,179,1.0,1,179,0,179,0,-0.6947192020400528,-0.8828699486261306
20250711,20250711_A06_e01,179,0,0.0,0,0,0,0,0,,
20250711,20250711_A07_e01,179,9,0.05027932960893855,2,6,0,9,0,-0.05535720570591574,-0.13906203178121762
20250711,20250711_A09_e01,179,11,0.061452513966480445,4,6,1,10,1,-0.12587529349728258,-0.2372355268251795
20250711,20250711_A10_e01,179,0,0.0,0,0,0,0,0,,
20250711,20250711_A11_e01,179,0,0.0,0,0,0,0,0,,
20250711,20250711_A12_e01,179,141,0.7877094972067039,15,59,3,138,3,-0.3612640790995867,-0.8332813599426361
20250711,20250711_B01_e01,179,179,1.0,1,179,0,179,0,-0.6377030685480065,-0.836198972540345
20250711,20250711_B02_e01,179,0,0.0,0,0,0,0,0,,
20250711,20250711_B03_e01,179,0,0.0,0,0,0,0,0,,
20250711,20250711_B03_e02,179,141,0.7877094972067039,1,141,0,141,0,-0.35377662961311324,-0.40461145995151915
20250711,20250711_B04_e01,179,0,0.0,0,0,0,0,0,,
20250711,20250711_B04_e02,179,179,1.0,1,179,0,179,0,-0.9646199093551238,-0.9778631139092486
20250711,20250711_B05_e01,179,0,0.0,0,0,0,0,0,,
20250711,20250711_B06_e01,179,6,0.0335195530726257,2,5,1,5,1,-0.05315707925741374,-0.09452008840717005
20250711,20250711_B07_e01,179,148,0.8268156424581006,1,148,0,148,0,-0.5064885022329666,-0.8090814734793607
20250711,20250711_B08_e01,179,0,0.0,0,0,0,0,0,,
20250711,20250711_B09_e01,179,0,0.0,0,0,0,0,0,,
20250711,20250711_B09_e02,179,179,1.0,1,179,0,179,0,-0.8552346793266725,-0.8967426190826945
20250711,20250711_B10_e01,179,0,0.0,0,0,0,0,0,,
20250711,20250711_B11_e01,179,9,0.05027932960893855,7,3,6,3,6,-0.12941407106147818,-0.28171359372073834
20250711,20250711_B12_e01,179,129,0.7206703910614525,19,76,5,124,5,-0.36110004430993436,-0.8650621499137809
20250711,20250711_C01_e01,179,179,1.0,1,179,0,179,0,-0.5253698380127102,-0.764233588724942
20250711,20250711_C01_e02,179,179,1.0,1,179,0,179,0,-0.9696257756807427,-0.9836713437053737
20250711,20250711_C02_e01,179,0,0.0,0,0,0,0,0,,
20250711,20250711_C02_e02,179,179,1.0,1,179,0,179,0,-0.9170502276576113,-0.9464211305327925
20250711,20250711_C03_e01,179,0,0.0,0,0,0,0,0,,
20250711,20250711_C05_e01,179,2,0.0111731843575419,1,2,0,2,0,-0.022019512763347304,-0.035423773434015746
20250711,20250711_C06_e01,179,5,0.027932960893854747,1,5,0,5,0,-0.09262729248459839,-0.12145864328958307
20250711,20250711_C07_e01,179,0,0.0,0,0,0,0,0,,
20250711,20250711_C08_e01,179,6,0.0335195530726257,1,6,0,6,0,-0.12311564043268292,-0.1671968898841805
20250711,20250711_C09_e01,179,5,0.027932960893854747,1,5,0,5,0,-0.1253334819200204,-0.22017022297724237
20250711,20250711_C10_e01,179,5,0.027932960893854747,1,5,0,5,0,-0.037227144507407384,-0.07737127129409216
20250711,20250711_C11_e01,179,1,0.00558659217877095,1,1,1,0,1,-0.01907193136560083,-0.01907193136560083
20250711,20250711_C12_e01,179,171,0.9553072625698324,2,170,1,170,0,-0.8523163762012778,-0.8799850666925633
20250711,20250711_C12_e02,179,179,1.0,1,179,0,179,0,-0.9547691617129861,-0.9672754572449185
20250711,20250711_C12_e03,179,179,1.0,1,179,0,179,0,-0.9760111748356323,-0.9842783538072155
20250711,20250711_D01_e01,179,4,0.0223463687150838,1,4,0,4,0,-0.12139992102144731,-0.21926654889365038
20250711,20250711_D02_e01,179,0,0.0,0,0,0,0,0,,
20250711,20250711_D03_e01,179,46,0.2569832402234637,2,35,0,46,0,-0.18301650910690737,-0.4485164096657389
20250711,20250711_D04_e01,179,13,0.07262569832402235,1,13,0,13,0,-0.13559738535084395,-0.2842531097447748
20250711,20250711_D04_e02,179,179,1.0,1,179,0,179,0,-0.9513715142604297,-0.9672755833437832
20250711,20250711_D05_e01,179,147,0.8212290502793296,1,147,0,147,0,-0.37852936813020654,-0.5862214110837538
20250711,20250711_D05_e02,179,179,1.0,1,179,0,179,0,-0.531251657075414,-0.6722040888872378
20250711,20250711_D05_e03,179,53,0.29608938547486036,6,31,1,52,1,-0.07413548256350237,-0.3105686524253822
20250711,20250711_D05_e04,179,163,0.9106145251396648,1,163,0,163,0,-0.5860869777391992,-0.7077021403113088
20250711,20250711_D06_e01,179,17,0.09497206703910614,1,17,0,17,0,-0.15238152536922736,-0.2564496579992674
20250711,20250711_D07_e01,179,1,0.00558659217877095,1,1,1,0,1,-0.0014914835724430995,-0.0014914835724430995
20250711,20250711_D08_e01,179,0,0.0,0,0,0,0,0,,
20250711,20250711_D09_e01,179,0,0.0,0,0,0,0,0,,
20250711,20250711_D10_e01,179,0,0.0,0,0,0,0,0,,
20250711,20250711_D11_e01,179,0,0.0,0,0,0,0,0,,
20250711,20250711_D12_e01,179,172,0.9608938547486033,2,170,0,172,0,-0.8315378923208745,-0.8783682927070875
20250711,20250711_D12_e02,54,1,0.018518518518518517,1,1,1,0,1,-0.7335332711623958,-0.7335332711623958
20250711,20250711_E01_e01,179,5,0.027932960893854747,1,5,0,5,0,-0.0663430821243759,-0.09792002780002372
20250711,20250711_E02_e01,179,0,0.0,0,0,0,0,0,,
20250711,20250711_E02_e02,179,145,0.8100558659217877,1,145,0,145,0,-0.4720146993605881,-0.6625001709884695
20250711,20250711_E03_e01,179,0,0.0,0,0,0,0,0,,
20250711,20250711_E04_e01,179,3,0.01675977653631285,1,3,0,3,0,-0.024039285558559737,-0.04614144359232702
20250711,20250711_E05_e01,179,0,0.0,0,0,0,0,0,,
20250711,20250711_E06_e01,179,149,0.8324022346368715,1,149,0,149,0,-0.5983489037978147,-0.7700641865433884
20250711,20250711_E07_e01,179,5,0.027932960893854747,3,2,1,4,1,-0.01585529482534443,-0.01866158933370609
20250711,20250711_E08_e01,179,0,0.0,0,0,0,0,0,,
20250711,20250711_E09_e01,179,9,0.05027932960893855,1,9,0,9,0,-0.12723001057784716,-0.19421857082945498
20250711,20250711_E10_e01,179,0,0.0,0,0,0,0,0,,
20250711,20250711_E11_e01,179,4,0.0223463687150838,2,3,1,3,1,-0.08789889670953194,-0.13605957627278875
20250711,20250711_E12_e01,179,33,0.18435754189944134,21,4,14,19,13,-0.26681598387118755,-0.9299456514630642
20250711,20250711_F01_e01,179,0,0.0,0,0,0,0,0,,
20250711,20250711_F02_e01,179,0,0.0,0,0,0,0,0,,
20250711,20250711_F03_e01,179,18,0.1005586592178771,2,17,1,17,1,-0.2302640890926898,-0.33894292432061224
20250711,20250711_F04_e01,179,1,0.00558659217877095,1,1,1,0,1,-0.002416028495061171,-0.002416028495061171
20250711,20250711_F05_e01,179,17,0.09497206703910614,3,13,0,17,0,-0.11596956266646322,-0.27406074757365423
20250711,20250711_F06_e01,179,0,0.0,0,0,0,0,0,,
20250711,20250711_F06_e02,179,0,0.0,0,0,0,0,0,,
20250711,20250711_F07_e01,179,133,0.7430167597765364,2,132,1,132,1,-0.4427679755633692,-0.6846034292607371
20250711,20250711_F08_e01,179,0,0.0,0,0,0,0,0,,
20250711,20250711_F09_e01,179,13,0.07262569832402235,1,13,0,13,0,-0.05247879670561391,-0.22038495000972091
20250711,20250711_F10_e01,179,1,0.00558659217877095,1,1,1,0,1,-0.022375760413195753,-0.022375760413195753
20250711,20250711_F11_e01,179,0,0.0,0,0,0,0,0,,
20250711,20250711_F12_e01,179,53,0.29608938547486036,28,5,13,40,13,-0.07097304317113873,-0.7769230329908603
20250711,20250711_G01_e01,179,11,0.061452513966480445,1,11,0,11,0,-0.09073030800360621,-0.17902647673744132
20250711,20250711_G02_e01,179,0,0.0,0,0,0,0,0,,
20250711,20250711_G03_e01,179,3,0.01675977653631285,1,3,0,3,0,-0.05450278831307543,-0.07115395042564787
20250711,20250711_G03_e02,179,152,0.8491620111731844,5,142,1,151,1,-0.3511986070073654,-0.7755424516372678
20250711,20250711_G04_e01,179,12,0.0670391061452514,1,12,0,12,0,-0.10993316078419932,-0.2224353520558496
20250711,20250711_G05_e01,179,0,0.0,0,0,0,0,0,,
20250711,20250711_G06_e01,179,1,0.00558659217877095,1,1,1,0,1,-0.026774804803072105,-0.026774804803072105
20250711,20250711_G07_e01,179,12,0.0670391061452514,2,7,0,12,0,-0.13140451425741026,-0.2558680894189109
20250711,20250711_G08_e01,179,3,0.01675977653631285,2,2,1,2,0,-0.07407571600540498,-0.07479525111896643
20250711,20250711_G09_e01,179,1,0.00558659217877095,1,1,1,0,1,-0.019751245794150763,-0.019751245794150763
20250711,20250711_G10_e01,179,11,0.061452513966480445,1,11,0,11,0,-0.18248690690262517,-0.2657994913296151
20250711,20250711_G11_e01,179,10,0.055865921787709494,1,10,0,10,0,-0.1389355543589128,-0.2271922928227364
20250711,20250711_G12_e01,179,9,0.05027932960893855,7,2,5,4,5,-0.09156328186683452,-0.43567778761439796
20250711,20250711_H01_e01,179,0,0.0,0,0,0,0,0,,
20250711,20250711_H03_e01,179,17,0.09497206703910614,1,17,0,17,0,-0.17146864532474584,-0.31787224729384783
20250711,20250711_H04_e01,179,0,0.0,0,0,0,0,0,,
20250711,20250711_H05_e01,179,2,0.0111731843575419,1,2,0,2,0,-0.03270957956416893,-0.0367132483981844
20250711,20250711_H06_e01,179,38,0.2122905027932961,3,20,0,38,0,-0.034411491097360906,-0.29612307359000084
20250711,20250711_H07_e01,179,0,0.0,0,0,0,0,0,,
20250711,20250711_H07_e02,179,179,1.0,1,179,0,179,0,-0.8165415229520249,-0.8895616177917789
20250711,20250711_H08_e01,179,2,0.0111731843575419,2,1,2,0,2,-0.031444514470249985,-0.05048940648265137
20250711,20250711_H09_e01,179,38,0.2122905027932961,2,35,0,38,0,-0.1743367236448894,-0.42696109215534417
20250711,20250711_H10_e01,179,0,0.0,0,0,0,0,0,,
20250711,20250711_H11_e01,179,17,0.09497206703910614,5,7,2,15,2,-0.09384988130793676,-0.24560215858617165
20250711,20250711_H12_e01,179,12,0.0670391061452514,11,2,10,2,10,-0.06701052077538014,-0.21738558208068867
20250711,20250711_H12_e02,158,143,0.9050632911392406,26,57,7,136,2,-0.7991337034506857,-0.9913066625479842
20250912,20250912_A01_e01,113,27,0.23893805309734514,1,27,0,27,0,-0.3469627305615037,-0.39640067712371
20250912,20250912_A02_e01,113,55,0.48672566371681414,1,55,0,55,0,-0.3679566580429772,-0.5083438491393506
20250912,20250912_A03_e01,113,106,0.9380530973451328,1,106,0,106,0,-0.8371343767478987,-0.8984430523348101
20250912,20250912_A03_e02,113,113,1.0,1,113,0,113,0,-0.8972351203267459,-0.91762287996327
20250912,20250912_A04_e01,113,19,0.168141592920354,10,9,8,11,8,-0.046758362231548424,-0.9060190729030034
20250912,20250912_A05_e01,112,59,0.5267857142857143,6,48,3,56,2,-0.6290163268687171,-0.7392511913489308
20250912,20250912_A06_e01,113,63,0.5575221238938053,1,63,0,63,0,-0.22931039161784578,-0.4381635172259444
20250912,20250912_A07_e01,113,104,0.9203539823008849,3,94,1,103,1,-0.6641918048148053,-0.7607610585759638
20250912,20250912_A08_e01,113,4,0.035398230088495575,2,3,1,3,1,-0.04453569864785706,-0.13020686433474718
20250912,20250912_A09_e01,113,110,0.9734513274336283,1,110,0,110,0,-0.8845442765461515,-0.9103309820928401
20250912,20250912_A10_e01,113,20,0.17699115044247787,11,6,6,14,5,-0.07896516358238576,-0.3881574505735776
20250912,20250912_A11_e01,113,41,0.36283185840707965,6,17,3,38,2,-0.12068744211039789,-0.2401829000833272
20250912,20250912_A12_e01,113,86,0.7610619469026548,1,86,0,86,0,-0.6646053391858477,-0.7862696395294528
20250912,20250912_B01_e01,113,103,0.911504424778761,2,99,0,103,0,-0.7804860257718776,-0.8812652960067138
20250912,20250912_B02_e01,113,104,0.9203539823008849,1,104,0,104,0,-0.857931277271368,-0.9004854392158647
20250912,20250912_B03_e01,113,88,0.7787610619469026,1,88,0,88,0,-0.5484628353606956,-0.7294729522151995
20250912,20250912_B04_e01,113,103,0.911504424778761,2,102,1,102,1,-0.7669834501061054,-0.8391018500377405
20250912,20250912_B05_e01,113,40,0.35398230088495575,19,7,12,28,11,-0.1360289588425947,-0.7491144434775799
20250912,20250912_B06_e01,111,41,0.36936936936936937,11,12,4,37,3,-0.11297448477320836,-0.8615944412272295
20250912,20250912_B07_e01,113,0,0.0,0,0,0,0,0,,
20250912,20250912_B08_e01,113,106,0.9380530973451328,2,100,0,106,0,-0.7973110644939532,-0.865616863188586
20250912,20250912_B09_e01,113,101,0.8938053097345132,2,98,0,101,0,-0.7524640327808034,-0.8385330371572106
20250912,20250912_B10_e01,113,72,0.6371681415929203,2,71,1,71,1,-0.3027270737417822,-0.5377693690645281
20250912,20250912_B11_e01,113,23,0.20353982300884957,9,7,4,19,4,-0.06276148686835256,-0.22120651982025988
20250912,20250912_B12_e01,113,82,0.7256637168141593,1,82,0,82,0,-0.5184256266823597,-0.729003874033605
20250912,20250912_C01_e01,113,63,0.5575221238938053,1,63,0,63,0,-0.35900730843036893,-0.6345374031981851
20250912,20250912_C02_e01,113,72,0.6371681415929203,3,70,2,70,2,-0.36684847516228075,-0.6594189764059346
20250912,20250912_C03_e01,113,0,0.0,0,0,0,0,0,,
20250912,20250912_C04_e01,113,26,0.23008849557522124,13,8,8,18,7,-0.04201632772936291,-0.19678881030854478
20250912,20250912_C05_e01,113,20,0.17699115044247787,6,14,4,16,4,-0.07562985325621444,-0.3276403187948741
20250912,20250912_C06_e01,113,23,0.20353982300884957,10,7,5,18,5,-0.11811781215135096,-0.32165110598304963
20250912,20250912_C07_e01,113,91,0.8053097345132744,1,91,0,91,0,-0.9353310036212739,-0.9724741851646289
20250912,20250912_C07_e02,113,113,1.0,1,113,0,113,0,-0.846791049781312,-0.8751578685701306
20250912,20250912_C08_e01,112,81,0.7232142857142857,4,77,2,79,2,-0.6830828975974614,-0.8431614545550914
20250912,20250912_C09_e01,113,81,0.7168141592920354,1,81,0,81,0,-0.4806894197845003,-0.6579248639315913
20250912,20250912_C10_e01,113,14,0.12389380530973451,3,10,0,14,0,-0.07258613005269471,-0.14418229381486636
20250912,20250912_C11_e01,113,105,0.9292035398230089,2,101,0,105,0,-0.7166608253311257,-0.7763683165278329
20250912,20250912_C11_e02,113,71,0.6283185840707964,1,71,0,71,0,-0.10585360361072495,-0.21893665024814965
20250912,20250912_C12_e01,113,32,0.2831858407079646,17,6,10,22,10,-0.12261528063822841,-0.6626632357171998
20250912,20250912_D01_e01,113,57,0.504424778761062,2,55,0,57,0,-0.38249064787560955,-0.5251852104490363
20250912,20250912_D02_e01,113,105,0.9292035398230089,1,105,0,105,0,-0.847155510153027,-0.8879671167500472
20250912,20250912_D03_e01,113,40,0.35398230088495575,4,36,2,38,2,-0.10618021725915654,-0.5691959486185643
20250912,20250912_D04_e01,113,103,0.911504424778761,3,90,0,103,0,-0.7256983488781722,-0.8500981855311803
20250912,20250912_D04_e02,113,90,0.7964601769911505,1,90,0,90,0,-0.7331876317812689,-0.8181319053217879
20250912,20250912_D05_e01,104,47,0.4519230769230769,9,26,2,45,0,-0.6302245898989944,-0.9730669028988991
20250912,20250912_D06_e01,113,26,0.23008849557522124,8,8,3,23,3,-0.049622876238341634,-0.15288090813298827
20250912,20250912_D07_e01,113,93,0.8230088495575221,1,93,0,93,0,-0.4860284885692934,-0.6789407289395437
20250912,20250912_D08_e01,113,0,0.0,0,0,0,0,0,,
20250912,20250912_D09_e01,113,103,0.911504424778761,1,103,0,103,0,-0.7976968066117723,-0.8671607279886743
20250912,20250912_D10_e01,112,3,0.026785714285714284,2,2,1,2,1,-0.043583009445207314,-0.06407358215797261
20250912,20250912_D11_e01,113,113,1.0,1,113,0,113,0,-0.9115146003263541,-0.9417736811429005
20250912,20250912_D12_e01,113,26,0.23008849557522124,14,7,9,17,8,-0.08611615097500189,-0.16378044512439807
20250912,20250912_E01_e01,113,99,0.8761061946902655,2,93,0,99,0,-0.6898558562738434,-0.8339870725501449
20250912,20250912_E02_e01,113,104,0.9203539823008849,2,101,0,104,0,-0.801782528143531,-0.8635443586410556
20250912,20250912_E02_e02,113,109,0.9646017699115044,1,109,0,109,0,-0.8690235742756309,-0.9111668917905976
20250912,20250912_E03_e01,113,106,0.9380530973451328,2,102,0,106,0,-0.7337863141744188,-0.8366692314911868
20250912,20250912_E03_e02,113,91,0.8053097345132744,2,89,0,91,0,-0.7975748849469274,-0.8402300929231109
20250912,20250912_E04_e01,109,8,0.07339449541284404,5,2,2,6,1,-0.3775188846820547,-0.5960734611353482
20250912,20250912_E06_e01,112,102,0.9107142857142857,2,57,0,102,0,-0.5522062696245819,-0.8562167017194303
20250912,20250912_E06_e02,113,95,0.8407079646017699,2,94,1,94,1,-0.9679038161539243,-0.9842158196204875
20250912,20250912_E07_e01,113,109,0.9646017699115044,1,109,0,109,0,-0.6468833850530401,-0.8196187586500534
20250912,20250912_E08_e01,113,106,0.9380530973451328,2,91,0,106,0,-0.69419026169326,-0.8126449281289364
20250912,20250912_E08_e02,113,111,0.9823008849557522,1,111,0,111,0,-0.8176950415291333,-0.9149000192004897
20250912,20250912_E09_e01,113,105,0.9292035398230089,1,105,0,105,0,-0.8436090308157177,-0.8828713757106499
20250912,20250912_E09_e02,113,89,0.7876106194690266,1,89,0,89,0,-0.7019926539186855,-0.7660420255039693
20250912,20250912_E10_e01,113,101,0.8938053097345132,2,99,0,101,0,-0.7802492636547064,-0.8684750554103824
20250912,20250912_E11_e01,113,107,0.9469026548672567,1,107,0,107,0,-0.8032452522222315,-0.8815423285229578
20250912,20250912_E11_e02,113,107,0.9469026548672567,2,98,0,107,0,-0.8111340474505048,-0.8661148966046797
20250912,20250912_E12_e01,113,100,0.8849557522123894,3,92,1,99,1,-0.761150106271536,-0.8385258393946039
20250912,20250912_E12_e02,113,95,0.8407079646017699,2,92,0,95,0,-0.7632133491006884,-0.8389113645330185
20250912,20250912_F01_e01,113,76,0.672566371681416,2,48,0,76,0,-0.25485112430305334,-0.5537039252933293
20250912,20250912_F02_e01,113,100,0.8849557522123894,2,96,0,100,0,-0.7167193162699341,-0.8190669653030515
20250912,20250912_F02_e02,113,103,0.911504424778761,1,103,0,103,0,-0.6762398132975752,-0.8096215994118965
20250912,20250912_F03_e01,113,104,0.9203539823008849,1,104,0,104,0,-0.48520638038554886,-0.7350880112932033
20250912,20250912_F03_e02,113,87,0.7699115044247787,2,84,0,87,0,-0.6451460517874684,-0.7090338689744051
20250912,20250912_F04_e01,113,92,0.8141592920353983,1,92,0,92,0,-0.8042471606784503,-0.8623016844831061
20250912,20250912_F04_e02,113,107,0.9469026548672567,1,107,0,107,0,-0.8071142594340287,-0.8717824552820436
20250912,20250912_F05_e01,112,6,0.05357142857142857,4,2,2,4,2,-0.2166967603477199,-0.4856609397467164
20250912,20250912_F06_e01,111,97,0.8738738738738738,8,53,2,95,1,-0.5273918531452296,-0.8815329258217157
20250912,20250912_F06_e02,113,81,0.7168141592920354,16,17,3,78,2,-0.20197110019796297,-0.6968666651059062
20250912,20250912_F07_e01,113,101,0.8938053097345132,2,98,0,101,0,-0.8058684962324236,-0.8513990878475252
20250912,20250912_F08_e01,113,98,0.8672566371681416,1,98,0,98,0,-0.7735683891139669,-0.8497020320816248
20250912,20250912_F08_e02,113,109,0.9646017699115044,1,109,0,109,0,-0.7771404550552561,-0.849475100205952
20250912,20250912_F09_e01,113,100,0.8849557522123894,2,76,0,100,0,-0.47605740881443015,-0.6660352118360686
20250912,20250912_F09_e02,113,28,0.24778761061946902,2,27,1,27,0,-0.0835278233392589,-0.16281750913419454
20250912,20250912_F10_e01,113,54,0.4778761061946903,1,54,0,54,0,-0.21508240926961175,-0.5544445393750204
20250912,20250912_F11_e01,113,55,0.48672566371681414,17,12,7,48,6,-0.11600874583936159,-0.7190709884524361
20250912,20250912_F12_e01,113,105,0.9292035398230089,3,94,0,105,0,-0.7359074345550525,-0.7933341274851777
20250912,20250912_F12_e02,113,95,0.8407079646017699,2,94,1,94,1,-0.7635165254222819,-0.8042167650934188
20250912,20250912_F12_e03,113,95,0.8407079646017699,2,93,0,95,0,-0.7380063444833495,-0.7943207878141895
20250912,20250912_G01_e01,113,103,0.911504424778761,1,103,0,103,0,-0.7729451393249658,-0.8249658845878247
20250912,20250912_G01_e02,113,87,0.7699115044247787,1,87,0,87,0,-0.7498007513564455,-0.7708284053804173
20250912,20250912_G01_e03,113,106,0.9380530973451328,1,106,0,106,0,-0.7790021023515434,-0.8385626369670809
20250912,20250912_G02_e01,113,89,0.7876106194690266,1,89,0,89,0,-0.5404796932751612,-0.7123903975531988
20250912,20250912_G03_e01,113,99,0.8761061946902655,1,99,0,99,0,-0.7222871943807117,-0.8092797024490941
20250912,20250912_G03_e02,113,86,0.7610619469026548,1,86,0,86,0,-0.35219418964809834,-0.46324647067803965
20250912,20250912_G04_e01,113,103,0.911504424778761,1,103,0,103,0,-0.7510605934574589,-0.8096189306772759
20250912,20250912_G04_e02,113,91,0.8053097345132744,1,91,0,91,0,-0.7970308579788957,-0.8265352475564265
20250912,20250912_G04_e03,113,104,0.9203539823008849,1,104,0,104,0,-0.8569959047204765,-0.8894693624395704
20250912,20250912_G05_e01,113,102,0.9026548672566371,2,93,0,102,0,-0.7315064428482572,-0.8161450905698048
20250912,20250912_G05_e02,113,110,0.9734513274336283,1,110,0,110,0,-0.8300074076796246,-0.8915254005282173
20250912,20250912_G06_e01,113,89,0.7876106194690266,1,89,0,89,0,-0.7384083009439477,-0.803111931345685
20250912,20250912_G06_e02,113,104,0.9203539823008849,2,100,0,104,0,-0.7985341349893396,-0.8393498176433399
20250912,20250912_G06_e03,113,94,0.831858407079646,2,92,0,94,0,-0.776285816283321,-0.8458343235918983
20250912,20250912_G07_e01,113,43,0.3805309734513274,1,43,0,43,0,-0.23818183729025222,-0.34884364926533884
20250912,20250912_G07_e02,113,54,0.4778761061946903,2,52,0,54,0,-0.36959518887665,-0.45430830651597054
20250912,20250912_G08_e01,113,104,0.9203539823008849,1,104,0,104,0,-0.7795450872137476,-0.8611094961869897
20250912,20250912_G08_e02,113,101,0.8938053097345132,2,99,0,101,0,-0.742358156720293,-0.8241179297503475
20250912,20250912_G09_e01,113,9,0.07964601769911504,2,8,1,8,0,-0.042093472164858814,-0.049796770145137004
20250912,20250912_G10_e01,113,112,0.9911504424778761,1,112,0,112,0,-0.848350529624684,-0.9079544579064844
20250912,20250912_G11_e01,113,21,0.18584070796460178,13,4,7,14,7,-0.09669203078593638,-0.7986490459885072
20250912,20250912_G11_e02,113,108,0.9557522123893806,1,108,0,108,0,-0.5585156038991315,-0.6756018609523646
20250912,20250912_G12_e01,113,0,0.0,0,0,0,0,0,,
20250912,20250912_G12_e02,113,99,0.8761061946902655,4,90,1,98,1,-0.6695841483756436,-0.7942716116639721
20250912,20250912_H01_e01,113,93,0.8230088495575221,2,90,0,93,0,-0.7638766065836526,-0.7843200427168557
20250912,20250912_H01_e02,113,102,0.9026548672566371,1,102,0,102,0,-0.7834196193366111,-0.8279961857268738
20250912,20250912_H01_e03,113,105,0.9292035398230089,1,105,0,105,0,-0.806274735773753,-0.8484391068604896
20250912,20250912_H01_e04,113,113,1.0,1,113,0,113,0,-0.6472205307613561,-0.7181222666240181
20250912,20250912_H02_e01,113,99,0.8761061946902655,2,96,0,99,0,-0.6765381588311121,-0.762546718303706
20250912,20250912_H03_e01,113,84,0.7433628318584071,1,84,0,84,0,-0.39627987887184224,-0.5607671690688273
20250912,20250912_H04_e01,113,90,0.7964601769911505,10,67,4,86,3,-0.58075777565825,-0.6818808884177685
20250912,20250912_H04_e02,113,103,0.911504424778761,2,100,0,103,0,-0.6196074536155531,-0.7777790863679829
20250912,20250912_H05_e01,113,39,0.34513274336283184,23,7,14,25,14,-0.20278094273488378,-0.7598192811459935
20250912,20250912_H05_e02,113,81,0.7168141592920354,16,17,6,75,5,-0.26229764764387037,-0.7648134527174363
20250912,20250912_H06_e01,113,102,0.9026548672566371,2,95,0,102,0,-0.8188222975661947,-0.8764109271879755
20250912,20250912_H07_e01,113,6,0.05309734513274336,2,5,1,5,0,-0.034138724448006814,-0.06924086188362401
20250912,20250912_H08_e01,113,109,0.9646017699115044,1,109,0,109,0,-0.7952497026092679,-0.8345823854623485
20250912,20250912_H08_e02,113,91,0.8053097345132744,1,91,0,91,0,-0.7812105458475397,-0.825316530704718
20250912,20250912_H08_e03,113,91,0.8053097345132744,1,91,0,91,0,-0.7695568698391148,-0.814004661377976
20250912,20250912_H09_e01,113,51,0.45132743362831856,3,49,2,49,2,-0.18753277263760343,-0.3064301305939503
20250912,20250912_H09_e02,113,72,0.6371681415929203,5,66,3,69,3,-0.4250784085920459,-0.4980365576152208
20250912,20250912_H10_e01,113,92,0.8141592920353983,2,91,1,91,1,-0.7647564932513766,-0.7838631188158909
20250912,20250912_H10_e02,113,103,0.911504424778761,2,99,0,103,0,-0.8307806298985287,-0.8663371252287645
20250912,20250912_H10_e03,113,103,0.911504424778761,2,98,0,103,0,-0.6758230332237172,-0.7496808423002393
20250912,20250912_H11_e01,113,106,0.9380530973451328,1,106,0,106,0,-0.8592745853834368,-0.8843070075843433
20250912,20250912_H12_e01,113,68,0.6017699115044248,19,12,6,62,5,-0.39340887096547206,-0.731320142413663
20250912,20250912_H12_e02,113,59,0.5221238938053098,20,18,12,47,11,-0.3431625378623806,-0.8739994148840337
20250912,20250912_H12_e03,113,67,0.5929203539823009,18,15,4,63,3,-0.3615689122945722,-0.8857749581229948
20251017_part1,20251017_part1_A01_e01,65,0,0.0,0,0,0,0,0,,
20251017_part1,20251017_part1_A02_e01,65,3,0.046153846153846156,2,2,1,2,1,-0.03255468041222188,-0.08511083209057872
20251017_part1,20251017_part1_A03_e01,65,0,0.0,0,0,0,0,0,,
20251017_part1,20251017_part1_A04_e01,65,0,0.0,0,0,0,0,0,,
20251017_part1,20251017_part1_A04_e02,63,63,1.0,2,39,0,63,0,-0.9760934705398919,-0.9930976781850593
20251017_part1,20251017_part1_A05_e01,65,0,0.0,0,0,0,0,0,,
20251017_part1,20251017_part1_A06_e01,65,2,0.03076923076923077,2,1,2,0,2,-0.08031508095555775,-0.1458720857051326
20251017_part1,20251017_part1_A07_e01,65,7,0.1076923076923077,2,6,1,6,1,-0.02436001209212184,-0.09963394946213111
20251017_part1,20251017_part1_A08_e01,65,58,0.8923076923076924,1,58,0,58,0,-0.23940753338866178,-0.5698654293926726
20251017_part1,20251017_part1_A09_e01,65,4,0.06153846153846154,3,2,2,2,2,-0.04620756398617704,-0.24103827613914502
20251017_part1,20251017_part1_A10_e01,65,20,0.3076923076923077,9,6,5,15,5,-0.07249446319923125,-0.1343393776785635
20251017_part1,20251017_part1_A11_e01,65,0,0.0,0,0,0,0,0,,
20251017_part1,20251017_part1_A12_e01,65,13,0.2,7,4,4,9,4,-0.05299000732545108,-0.1741073463880797
20251017_part1,20251017_part1_B01_e01,65,0,0.0,0,0,0,0,0,,
20251017_part1,20251017_part1_B02_e01,65,5,0.07692307692307693,4,2,3,2,3,-0.05933832004288893,-0.11735640374201738
20251017_part1,20251017_part1_B03_e01,65,0,0.0,0,0,0,0,0,,
20251017_part1,20251017_part1_B04_e01,65,2,0.03076923076923077,1,2,0,2,0,-0.010439300623373084,-0.01359999027818862
20251017_part1,20251017_part1_B05_e01,65,0,0.0,0,0,0,0,0,,
20251017_part1,20251017_part1_B06_e01,65,0,0.0,0,0,0,0,0,,
20251017_part1,20251017_part1_B06_e02,37,37,1.0,3,31,1,36,0,-0.23259453533253166,-0.9104565195466985
20251017_part1,20251017_part1_B06_e03,65,65,1.0,1,65,0,65,0,-0.7936585086152319,-0.9402703277349798
20251017_part1,20251017_part1_B06_e04,24,21,0.875,1,21,0,21,0,-0.6998971252647523,-0.7106744874475103
20251017_part1,20251017_part1_B07_e01,65,0,0.0,0,0,0,0,0,,
20251017_part1,20251017_part1_B08_e01,65,5,0.07692307692307693,5,1,5,0,5,-0.09800798152542847,-0.5924016540111822
20251017_part1,20251017_part1_B09_e01,65,2,0.03076923076923077,1,2,0,2,0,-0.02677681452405613,-0.028212983567878682
20251017_part1,20251017_part1_B10_e01,65,18,0.27692307692307694,1,18,0,18,0,-0.10998551661584624,-0.22897868538095648
20251017_part1,20251017_part1_B10_e02,65,0,0.0,0,0,0,0,0,,
20251017_part1,20251017_part1_B10_e03,65,0,0.0,0,0,0,0,0,,
20251017_part1,20251017_part1_B11_e01,65,5,0.07692307692307693,4,2,3,2,3,-0.16711610199595792,-0.17036011673906595
20251017_part1,20251017_part1_B12_e01,65,14,0.2153846153846154,7,4,4,10,4,-0.04158336773090396,-0.09117954923572065
20251017_part1,20251017_part1_C01_e01,65,0,0.0,0,0,0,0,0,,
20251017_part1,20251017_part1_C02_e01,65,0,0.0,0,0,0,0,0,,
20251017_part1,20251017_part1_C03_e01,65,1,0.015384615384615385,1,1,1,0,1,-0.15747875217119733,-0.15747875217119733
20251017_part1,20251017_part1_C03_e02,65,65,1.0,1,65,0,65,0,-0.2704809153651572,-0.5419060135541555
20251017_part1,20251017_part1_C03_e03,65,65,1.0,1,65,0,65,0,-0.8759820027482763,-0.940067673594205
20251017_part1,20251017_part1_C03_e04,65,65,1.0,1,65,0,65,0,-0.8421255491116009,-0.8570031690777792
20251017_part1,20251017_part1_C03_e05,65,65,1.0,1,65,0,65,0,-0.849629356498228,-0.8751110272468408
20251017_part1,20251017_part1_C04_e01,65,0,0.0,0,0,0,0,0,,
20251017_part1,20251017_part1_C05_e01,65,5,0.07692307692307693,3,2,1,4,1,-0.02577616404235229,-0.054505138526906756
20251017_part1,20251017_part1_C06_e01,65,1,0.015384615384615385,1,1,1,0,1,-0.07786380664856636,-0.07786380664856636
20251017_part1,20251017_part1_C07_e01,65,0,0.0,0,0,0,0,0,,
20251017_part1,20251017_part1_C08_e01,65,3,0.046153846153846156,3,1,3,0,3,-0.05554994319692092,-0.07567072052207463
20251017_part1,20251017_part1_C09_e01,65,4,0.06153846153846154,4,1,4,0,4,-0.04701636696768237,-0.053772623038918894
20251017_part1,20251017_part1_C10_e01,65,0,0.0,0,0,0,0,0,,
20251017_part1,20251017_part1_C11_e01,65,14,0.2153846153846154,7,3,2,12,1,-0.10025247387592934,-0.20273238006573124
20251017_part1,20251017_part1_C12_e01,65,4,0.06153846153846154,4,1,4,0,4,-0.01616508068777319,-0.024620180384553537
20251017_part1,20251017_part1_D01_e01,65,12,0.18461538461538463,8,3,5,7,5,-0.020022611474053494,-0.19996216533260985
20251017_part1,20251017_part1_D02_e01,65,5,0.07692307692307693,4,2,3,2,3,-0.06402169423534201,-0.09318364212433383
20251017_part1,20251017_part1_D03_e01,65,6,0.09230769230769231,2,5,1,5,1,-0.3709276541606352,-0.6365004601361389
20251017_part1,20251017_part1_D04_e01,65,0,0.0,0,0,0,0,0,,
20251017_part1,20251017_part1_D05_e01,65,0,0.0,0,0,0,0,0,,
20251017_part1,20251017_part1_D06_e01,65,1,0.015384615384615385,1,1,1,0,1,-0.049231725791324184,-0.049231725791324184
20251017_part1,20251017_part1_D07_e01,65,10,0.15384615384615385,2,9,1,9,1,-0.043755872122359686,-0.11232643223850736
20251017_part1,20251017_part1_D08_e01,65,24,0.36923076923076925,6,19,5,19,5,-0.06470482758340702,-0.16489274782296295
20251017_part1,20251017_part1_D09_e01,65,2,0.03076923076923077,2,1,2,0,2,-0.012390261648872646,-0.0237047273908364
20251017_part1,20251017_part1_D10_e02,65,65,1.0,1,65,0,65,0,-0.9615822185152396,-0.9811872795887381
20251017_part1,20251017_part1_D11_e01,65,15,0.23076923076923078,7,8,5,10,4,-0.0750651490136483,-0.17828857250031763
20251017_part1,20251017_part1_D12_e01,65,1,0.015384615384615385,1,1,1,0,1,-0.029829745434567102,-0.029829745434567102
20251017_part1,20251017_part1_E01_e01,65,8,0.12307692307692308,4,3,2,6,2,-0.03282589959702632,-0.10603335855028637
20251017_part1,20251017_part1_E02_e01,65,0,0.0,0,0,0,0,0,,
20251017_part1,20251017_part1_E03_e01,65,10,0.15384615384615385,2,6,0,10,0,-0.0663036644126742,-0.10126324971346488
20251017_part1,20251017_part1_E04_e01,65,0,0.0,0,0,0,0,0,,
20251017_part1,20251017_part1_E05_e01,65,0,0.0,0,0,0,0,0,,
20251017_part1,20251017_part1_E06_e01,65,0,0.0,0,0,0,0,0,,
20251017_part1,20251017_part1_E07_e01,65,0,0.0,0,0,0,0,0,,
20251017_part1,20251017_part1_E08_e01,64,21,0.328125,13,3,8,13,8,-0.2626125191046775,-0.8881687906916498
20251017_part1,20251017_part1_E09_e01,65,1,0.015384615384615385,1,1,1,0,1,-0.01793633172211174,-0.01793633172211174
20251017_part1,20251017_part1_E10_e01,65,2,0.03076923076923077,2,1,2,0,2,-0.040707259633785096,-0.07465098118162425
20251017_part1,20251017_part1_E11_e01,65,11,0.16923076923076924,7,3,4,7,4,-0.013491312126403041,-0.06784610487604974
20251017_part1,20251017_part1_E12_e01,65,7,0.1076923076923077,7,1,7,0,7,-0.04827564671294958,-0.11281020308647162
20251017_part1,20251017_part1_E12_e02,4,0,0.0,0,0,0,0,0,,
20251017_part1,20251017_part1_F01_e01,65,18,0.27692307692307694,9,7,5,13,5,-0.06436184001912572,-0.1678503484672148
20251017_part1,20251017_part1_F02_e01,65,4,0.06153846153846154,3,2,2,2,2,-0.029306482345165568,-0.03394496834268784
20251017_part1,20251017_part1_F03_e01,65,3,0.046153846153846156,2,2,1,2,1,-0.0614067006408047,-0.12145877871135681
20251017_part1,20251017_part1_F04_e01,65,5,0.07692307692307693,4,2,3,2,3,-0.06589626163079172,-0.12690440195180902
20251017_part1,20251017_part1_F05_e01,65,6,0.09230769230769231,6,1,6,0,6,-0.11265478773370331,-0.14036778234339645
20251017_part1,20251017_part1_F06_e01,65,0,0.0,0,0,0,0,0,,
20251017_part1,20251017_part1_F08_e01,65,4,0.06153846153846154,4,1,4,0,4,-0.058591809242575066,-0.13230360160930915
20251017_part1,20251017_part1_F08_e02,36,18,0.5,4,13,1,17,0,-0.549141009512369,-0.9836064692686908
20251017_part1,20251017_part1_F09_e01,65,6,0.09230769230769231,5,2,4,2,4,-0.038417910579229525,-0.06812834324586473
20251017_part1,20251017_part1_F10_e01,65,0,0.0,0,0,0,0,0,,
20251017_part1,20251017_part1_F11_e01,65,5,0.07692307692307693,5,1,5,0,5,-0.0913043329583879,-0.2942274317108564
20251017_part1,20251017_part1_F12_e01,65,10,0.15384615384615385,6,3,3,7,3,-0.08082866634731921,-0.12359786633364454
20251017_part1,20251017_part1_G01_e01,65,18,0.27692307692307694,6,10,4,14,4,-0.06878808289823388,-0.13555712774697282
20251017_part1,20251017_part1_G02_e01,65,1,0.015384615384615385,1,1,1,0,1,-0.009077076420361149,-0.009077076420361149
20251017_part1,20251017_part1_G03_e01,65,0,0.0,0,0,0,0,0,,
20251017_part1,20251017_part1_G04_e01,65,1,0.015384615384615385,1,1,1,0,1,-0.041946983956552567,-0.041946983956552567
20251017_part1,20251017_part1_G05_e01,65,0,0.0,0,0,0,0,0,,
20251017_part1,20251017_part1_G06_e01,65,0,0.0,0,0,0,0,0,,
20251017_part1,20251017_part1_G07_e01,65,1,0.015384615384615385,1,1,1,0,1,-0.00438144885853449,-0.00438144885853449
20251017_part1,20251017_part1_G08_e01,65,6,0.09230769230769231,5,2,4,2,3,-0.20984298567162402,-0.41783525740674676
20251017_part1,20251017_part1_G09_e01,65,6,0.09230769230769231,5,2,4,2,4,-0.0399903289200597,-0.08602443992048499
20251017_part1,20251017_part1_G10_e01,65,2,0.03076923076923077,2,1,2,0,2,-0.057858584702624824,-0.10903820753883563
20251017_part1,20251017_part1_G11_e01,65,17,0.26153846153846155,9,6,5,12,5,-0.11574921536444688,-0.18500535372484245
20251017_part1,20251017_part1_G12_e01,65,1,0.015384615384615385,1,1,1,0,1,-0.01138078515668742,-0.01138078515668742
20251017_part1,20251017_part1_G12_e02,1,0,0.0,0,0,0,0,0,,
20251017_part1,20251017_part1_H01_e01,65,8,0.12307692307692308,2,6,0,8,0,-0.012211010008773296,-0.04865941134693974
20251017_part1,20251017_part1_H02_e01,65,10,0.15384615384615385,5,4,2,8,2,-0.09569188319549737,-0.1424891109466024
20251017_part1,20251017_part1_H03_e01,65,1,0.015384615384615385,1,1,1,0,1,-0.0848257075686271,-0.0848257075686271
20251017_part1,20251017_part1_H04_e01,65,1,0.015384615384615385,1,1,1,0,1,-0.0017125640488397569,-0.0017125640488397569
20251017_part1,20251017_part1_H05_e01,65,0,0.0,0,0,0,0,0,,
20251017_part1,20251017_part1_H06_e01,65,3,0.046153846153846156,3,1,3,0,3,-0.06401650802821672,-0.2948775920622803
20251017_part1,20251017_part1_H07_e01,65,1,0.015384615384615385,1,1,1,0,1,-0.005133975924834465,-0.005133975924834465
20251017_part1,20251017_part1_H08_e01,65,6,0.09230769230769231,3,4,2,4,1,-0.3071480115250288,-0.6040373432946692
20251017_part1,20251017_part1_H09_e01,65,6,0.09230769230769231,5,2,4,2,3,-0.15383056054009028,-0.4200325064220315
20251017_part1,20251017_part1_H10_e01,65,7,0.1076923076923077,3,4,1,6,1,-0.05379284982097475,-0.1481311834348377
20251017_part1,20251017_part1_H11_e01,65,2,0.03076923076923077,1,2,0,2,0,-0.011949129698440777,-0.021852585904155394
20251017_part1,20251017_part1_H12_e01,65,13,0.2,8,5,6,7,6,-0.06495265677371147,-0.48008795115777947
20251017_part2,20251017_part2_A01_e01,63,0,0.0,0,0,0,0,0,,
20251017_part2,20251017_part2_A02_e01,63,33,0.5238095238095238,12,18,10,23,10,-0.05990294064832278,-0.4547210996379634
20251017_part2,20251017_part2_A03_e01,63,6,0.09523809523809523,6,1,6,0,6,-0.009081132140021769,-0.03785700174420034
20251017_part2,20251017_part2_A04_e01,63,0,0.0,0,0,0,0,0,,
20251017_part2,20251017_part2_A05_e01,63,2,0.031746031746031744,1,2,0,2,0,-0.014038899331031028,-0.023969737131950077
20251017_part2,20251017_part2_A06_e01,63,0,0.0,0,0,0,0,0,,
20251017_part2,20251017_part2_A06_e02,63,28,0.4444444444444444,2,18,0,28,0,-0.3152624712808354,-0.45871256196156573
20251017_part2,20251017_part2_A07_e01,63,0,0.0,0,0,0,0,0,,
20251017_part2,20251017_part2_A08_e01,63,63,1.0,1,63,0,63,0,-0.6711358470909762,-0.7326263089505833
20251017_part2,20251017_part2_A08_e02,63,43,0.6825396825396826,4,24,1,42,1,-0.02495967640894384,-0.09246830723522063
20251017_part2,20251017_part2_A09_e01,63,9,0.14285714285714285,6,4,5,4,5,-0.08645258823583835,-0.6962989547617131
20251017_part2,20251017_part2_A10_e01,58,28,0.4827586206896552,9,9,5,23,4,-0.4411201223870549,-0.8461687573302279
20251017_part2,20251017_part2_A10_e02,50,40,0.8,3,19,0,40,0,-0.6791736344835861,-0.8028780492173129
20251017_part2,20251017_part2_A11_e01,63,0,0.0,0,0,0,0,0,,
20251017_part2,20251017_part2_A12_e01,63,6,0.09523809523809523,2,5,1,5,1,-0.04521463894826774,-0.16684501178745914
20251017_part2,20251017_part2_A12_e02,50,50,1.0,1,50,0,50,0,-0.7431846884475177,-0.9131534229131926
20251017_part2,20251017_part2_A12_e03,63,63,1.0,1,63,0,63,0,-0.3522570322399802,-0.45931075277388556
20251017_part2,20251017_part2_A12_e04,63,63,1.0,1,63,0,63,0,-0.6041327850467628,-0.8563247544957482
20251017_part2,20251017_part2_B01_e01,63,1,0.015873015873015872,1,1,1,0,1,-0.01954932681655073,-0.01954932681655073
20251017_part2,20251017_part2_B02_e01,63,10,0.15873015873015872,5,4,3,7,3,-0.03134325136637619,-0.22234523487518973
20251017_part2,20251017_part2_B03_e01,63,14,0.2222222222222222,2,12,0,14,0,-0.030333357498497145,-0.04620535653274614
20251017_part2,20251017_part2_B04_e01,63,0,0.0,0,0,0,0,0,,
20251017_part2,20251017_part2_B05_e01,63,0,0.0,0,0,0,0,0,,
20251017_part2,20251017_part2_B06_e01,63,14,0.2222222222222222,2,8,0,14,0,-0.13447495167752188,-0.20448977130860188
20251017_part2,20251017_part2_B07_e01,63,0,0.0,0,0,0,0,0,,
20251017_part2,20251017_part2_B08_e01,61,14,0.22950819672131148,8,4,4,10,3,-0.2458999190254874,-0.628458625049031
20251017_part2,20251017_part2_B08_e02,63,0,0.0,0,0,0,0,0,,
20251017_part2,20251017_part2_B09_e01,63,6,0.09523809523809523,2,5,1,5,1,-0.3199122024501826,-0.6278902041190988
20251017_part2,20251017_part2_B10_e01,63,6,0.09523809523809523,4,2,2,4,2,-0.1935528404749841,-0.43240627523135416
20251017_part2,20251017_part2_B11_e01,63,1,0.015873015873015872,1,1,1,0,1,-0.015601461876313604,-0.015601461876313604
20251017_part2,20251017_part2_B12_e01,63,17,0.2698412698412698,5,9,1,16,1,-0.12088880063363239,-0.5953926129811616
20251017_part2,20251017_part2_C01_e01,63,3,0.047619047619047616,2,2,1,2,1,-0.05502549483581346,-0.061085394464138715
20251017_part2,20251017_part2_C02_e01,63,6,0.09523809523809523,5,2,4,2,4,-0.03901389824105139,-0.12739958590006387
20251017_part2,20251017_part2_C03_e01,63,0,0.0,0,0,0,0,0,,
20251017_part2,20251017_part2_C03_e02,63,49,0.7777777777777778,2,48,1,48,1,-0.46819768311364884,-0.9231585173850879
20251017_part2,20251017_part2_C03_e03,63,63,1.0,1,63,0,63,0,-0.8730909565102979,-0.9146856807958205
20251017_part2,20251017_part2_C03_e04,45,45,1.0,1,45,0,45,0,-0.8912042567716718,-0.9057609654668415
20251017_part2,20251017_part2_C04_e01,63,0,0.0,0,0,0,0,0,,
20251017_part2,20251017_part2_C05_e01,63,18,0.2857142857142857,3,16,2,16,2,-0.07917866611176116,-0.12627737654248197
20251017_part2,20251017_part2_C06_e01,63,14,0.2222222222222222,1,14,0,14,0,-0.0701102483933918,-0.17172891514785119
20251017_part2,20251017_part2_C07_e01,63,0,0.0,0,0,0,0,0,,
20251017_part2,20251017_part2_C08_e01,60,19,0.31666666666666665,9,4,4,15,4,-0.07767826277015298,-0.9887730276962122
20251017_part2,20251017_part2_C09_e01,63,13,0.20634920634920634,4,6,2,11,1,-0.062027338017641306,-0.17254488295741438
20251017_part2,20251017_part2_C09_e02,63,63,1.0,1,63,0,63,0,-0.9588025681483023,-0.9688481272030058
20251017_part2,20251017_part2_C10_e01,63,8,0.12698412698412698,7,2,6,2,6,-0.060014571703813524,-0.9041186846846628
20251017_part2,20251017_part2_C11_e01,63,12,0.19047619047619047,7,4,4,8,4,-0.06775774600057435,-0.44016913927940055
20251017_part2,20251017_part2_C12_e01,63,15,0.23809523809523808,7,4,3,12,2,-0.07660829043907429,-0.17057767212410613
20251017_part2,20251017_part2_D01_e01,63,11,0.1746031746031746,8,2,5,6,5,-0.03344547171867137,-0.13753505123066606
20251017_part2,20251017_part2_D01_e02,63,63,1.0,1,63,0,63,0,-0.6758093795417237,-0.9434504814257578
20251017_part2,20251017_part2_D02_e01,63,9,0.14285714285714285,4,4,1,8,1,-0.37386869901164466,-0.8417368051670499
20251017_part2,20251017_part2_D02_e02,63,63,1.0,1,63,0,63,0,-0.6748063640012113,-0.8856407719959406
20251017_part2,20251017_part2_D03_e01,63,32,0.5079365079365079,1,32,0,32,0,-0.12273762395643723,-0.22848867160209244
20251017_part2,20251017_part2_D04_e01,63,0,0.0,0,0,0,0,0,,
20251017_part2,20251017_part2_D05_e01,63,6,0.09523809523809523,4,2,2,4,1,-0.03174337256242399,-0.04847422033222361
20251017_part2,20251017_part2_D06_e01,63,0,0.0,0,0,0,0,0,,
20251017_part2,20251017_part2_D07_e01,63,11,0.1746031746031746,2,10,1,10,1,-0.06902680700446003,-0.09058910725097505
20251017_part2,20251017_part2_D08_e01,56,18,0.32142857142857145,8,7,5,13,5,-0.1146741638743073,-0.6430916361317587
20251017_part2,20251017_part2_D08_e02,63,63,1.0,1,63,0,63,0,-0.7728248642586879,-0.8193375485271411
20251017_part2,20251017_part2_D09_e01,60,4,0.06666666666666667,3,2,2,2,2,-0.20896024055542364,-0.6442771458573983
20251017_part2,20251017_part2_D10_e01,63,63,1.0,1,63,0,63,0,-0.9837183039530573,-0.985267038953091
20251017_part2,20251017_part2_D10_e02,63,63,1.0,1,63,0,63,0,-0.9912273666107596,-0.9924517363437345
20251017_part2,20251017_part2_D11_e01,63,4,0.06349206349206349,4,1,4,0,4,-0.049562704946395045,-0.1134138502606623
20251017_part2,20251017_part2_D12_e01,63,6,0.09523809523809523,4,2,2,4,1,-0.010077381146812243,-0.04819241633293476
20251017_part2,20251017_part2_E01_e01,63,18,0.2857142857142857,1,18,0,18,0,-0.13846417480183837,-0.1678453031462132
20251017_part2,20251017_part2_E01_e02,63,63,1.0,1,63,0,63,0,-0.9656927148304972,-0.9755022453995291
20251017_part2,20251017_part2_E02_e01,63,7,0.1111111111111111,2,6,1,6,1,-0.03699447377674198,-0.06325614340588041
20251017_part2,20251017_part2_E03_e01,63,30,0.47619047619047616,1,30,0,30,0,-0.10399607012766263,-0.2707787062539936
20251017_part2,20251017_part2_E04_e01,63,0,0.0,0,0,0,0,0,,
20251017_part2,20251017_part2_E05_e01,63,0,0.0,0,0,0,0,0,,
20251017_part2,20251017_part2_E06_e01,63,1,0.015873015873015872,1,1,1,0,1,-0.06384765096448497,-0.06384765096448497
20251017_part2,20251017_part2_E07_e01,63,0,0.0,0,0,0,0,0,,
20251017_part2,20251017_part2_E08_e01,63,0,0.0,0,0,0,0,0,,
20251017_part2,20251017_part2_E08_e02,60,60,1.0,2,41,0,60,0,-0.7091447527454612,-0.7854217582914316
20251017_part2,20251017_part2_E09_e01,56,8,0.14285714285714285,4,4,2,6,2,-0.068302831313549,-0.8663900213383269
20251017_part2,20251017_part2_E10_e01,63,13,0.20634920634920634,6,5,3,10,3,-0.012251183415854312,-0.08561350846748236
20251017_part2,20251017_part2_E10_e02,63,63,1.0,1,63,0,63,0,-0.9768449183199268,-0.978427720497671
20251017_part2,20251017_part2_E11_e01,63,6,0.09523809523809523,4,2,2,4,2,-0.3920956185995168,-0.7536275382371724
20251017_part2,20251017_part2_E12_e01,63,17,0.2698412698412698,5,7,2,15,2,-0.13132244152720104,-0.7753523915031282
20251017_part2,20251017_part2_F01_e01,63,24,0.38095238095238093,6,12,2,22,2,-0.07488262772343628,-0.2126504168837523
20251017_part2,20251017_part2_F01_e02,63,63,1.0,1,63,0,63,0,-0.65192517979244,-0.8253114701288123
20251017_part2,20251017_part2_F01_e03,63,63,1.0,1,63,0,63,0,-0.7823133598956631,-0.8729379523928186
20251017_part2,20251017_part2_F01_e04,63,63,1.0,1,63,0,63,0,-0.7865039500069722,-0.8593244554063443
20251017_part2,20251017_part2_F02_e01,63,22,0.3492063492063492,6,9,3,19,3,-0.08467306979403605,-0.25391592063801616
20251017_part2,20251017_part2_F03_e01,63,0,0.0,0,0,0,0,0,,
20251017_part2,20251017_part2_F04_e01,63,0,0.0,0,0,0,0,0,,
20251017_part2,20251017_part2_F05_e01,63,4,0.06349206349206349,2,3,1,3,0,-0.03537832361583808,-0.07069830928706625
20251017_part2,20251017_part2_F05_e02,57,57,1.0,3,38,1,56,0,-0.7930899944890802,-0.924322136446974
20251017_part2,20251017_part2_F06_e01,63,0,0.0,0,0,0,0,0,,
20251017_part2,20251017_part2_F08_e01,42,17,0.40476190476190477,8,5,4,13,0,-0.4044936583342651,-0.9805849980726157
20251017_part2,20251017_part2_F08_e02,45,40,0.8888888888888888,2,38,0,40,0,-0.10188314473800883,-0.6217858624745761
20251017_part2,20251017_part2_F09_e01,59,22,0.3728813559322034,9,9,4,18,3,-0.06898571060073223,-0.6040617441043141
20251017_part2,20251017_part2_F10_e01,63,7,0.1111111111111111,2,6,1,6,1,-0.03375172036397967,-0.3077119933448375
20251017_part2,20251017_part2_F11_e01,63,18,0.2857142857142857,10,5,5,13,5,-0.26239206278112703,-0.7120210431274443
20251017_part2,20251017_part2_F12_e01,63,2,0.031746031746031744,2,1,2,0,2,-0.2940734421291102,-0.5453996059577523
20251017_part2,20251017_part2_G01_e01,63,63,1.0,1,63,0,63,0,-0.6334180369918064,-0.815253258895496
20251017_part2,20251017_part2_G01_e02,63,12,0.19047619047619047,2,9,0,12,0,-0.05812410960587534,-0.11650294545563407
20251017_part2,20251017_part2_G02_e01,63,2,0.031746031746031744,1,2,0,2,0,-0.054770049980385975,-0.07500047523059444
20251017_part2,20251017_part2_G03_e01,63,0,0.0,0,0,0,0,0,,
20251017_part2,20251017_part2_G04_e01,63,0,0.0,0,0,0,0,0,,
20251017_part2,20251017_part2_G05_e01,63,0,0.0,0,0,0,0,0,,
20251017_part2,20251017_part2_G06_e01,63,6,0.09523809523809523,2,5,1,5,1,-0.05148913903777902,-0.07346655567288908
20251017_part2,20251017_part2_G07_e01,63,0,0.0,0,0,0,0,0,,
20251017_part2,20251017_part2_G08_e01,60,19,0.31666666666666665,7,9,5,14,3,-0.06115846220392806,-0.34335878413218235
20251017_part2,20251017_part2_G09_e01,63,13,0.20634920634920634,6,5,4,9,3,-0.07313521662938718,-0.5356560166488806
20251017_part2,20251017_part2_G10_e01,63,0,0.0,0,0,0,0,0,,
20251017_part2,20251017_part2_G11_e01,63,31,0.49206349206349204,8,10,2,29,2,-0.04356804453518923,-0.6791287334993078
20251017_part2,20251017_part2_G12_e01,63,12,0.19047619047619047,2,10,0,12,0,-0.1949664819797435,-0.4894492431043108
20251017_part2,20251017_part2_G12_e02,2,0,0.0,0,0,0,0,0,,
20251017_part2,20251017_part2_H01_e01,63,6,0.09523809523809523,2,5,1,5,1,-0.014158358478947785,-0.020492232043038527
20251017_part2,20251017_part2_H01_e02,63,63,1.0,1,63,0,63,0,-0.6845070988624904,-0.7615637689082255
20251017_part2,20251017_part2_H02_e01,63,52,0.8253968253968254,5,26,1,51,0,-0.057468243099297364,-0.23810287919545692
20251017_part2,20251017_part2_H03_e01,63,0,0.0,0,0,0,0,0,,
20251017_part2,20251017_part2_H04_e01,63,0,0.0,0,0,0,0,0,,
20251017_part2,20251017_part2_H04_e02,63,63,1.0,1,63,0,63,0,-0.7780743814886636,-0.7984094469996194
20251017_part2,20251017_part2_H05_e01,63,2,0.031746031746031744,1,2,0,2,0,-0.09916892328728619,-0.10148758947321967
20251017_part2,20251017_part2_H06_e01,63,0,0.0,0,0,0,0,0,,
20251017_part2,20251017_part2_H07_e01,63,0,0.0,0,0,0,0,0,,
20251017_part2,20251017_part2_H08_e01,63,2,0.031746031746031744,1,2,0,2,0,-0.24196771855241775,-0.3923569488775507
20251017_part2,20251017_part2_H09_e01,62,6,0.0967741935483871,2,3,0,6,0,-0.5049524818003327,-0.6567382304099713
20251017_part2,20251017_part2_H10_e01,63,6,0.09523809523809523,2,3,0,6,0,-0.07455122549776053,-0.38146109079034957
20251017_part2,20251017_part2_H11_e01,63,3,0.047619047619047616,3,1,3,0,3,-0.014583386880194138,-0.03542417107326052
20251017_part2,20251017_part2_H11_e02,61,53,0.8688524590163934,4,23,1,52,0,-0.8508647365336839,-0.9684325121670037
20251017_part2,20251017_part2_H12_e01,63,16,0.25396825396825395,9,4,5,11,5,-0.1804883421637587,-0.8658856893240485
20251020,20251020_A01_e01,57,28,0.49122807017543857,3,26,2,26,2,-0.4603550469055484,-0.6238599455696177
20251020,20251020_A03_e01,57,43,0.7543859649122807,2,27,0,43,0,-0.29530762126163856,-0.4772058073611972
20251020,20251020_A04_e01,57,41,0.7192982456140351,3,32,1,40,1,-0.28836459113917906,-0.5205285052540991
20251020,20251020_A05_e01,57,26,0.45614035087719296,1,26,0,26,0,-0.3075814350996379,-0.4763022733043843
20251020,20251020_A06_e01,57,35,0.6140350877192983,3,27,1,34,1,-0.34896506262089283,-0.5438091749776955
20251020,20251020_A07_e01,57,31,0.543859649122807,3,26,1,30,1,-0.3865888528955693,-0.5619502613651348
20251020,20251020_A07_e02,26,26,1.0,2,16,0,26,0,-0.9608202769613892,-0.9701699796919484
20251020,20251020_A08_e01,57,25,0.43859649122807015,1,25,0,25,0,-0.42559978060007964,-0.5889858778183434
20251020,20251020_A09_e01,31,14,0.45161290322580644,5,6,2,12,2,-0.24077213604958803,-0.6928100831126317
20251020,20251020_A10_e01,57,27,0.47368421052631576,1,27,0,27,0,-0.48951588200110785,-0.6323203099197754
20251020,20251020_A11_e01,57,25,0.43859649122807015,1,25,0,25,0,-0.4551357327262576,-0.5870614676194171
20251020,20251020_A12_e01,57,36,0.631578947368421,3,26,0,36,0,-0.34654654892982095,-0.5668082236965707
20251020,20251020_B01_e01,57,20,0.3508771929824561,1,20,0,20,0,-0.3035664052472897,-0.38025777648601955
20251020,20251020_B02_e01,57,43,0.7543859649122807,3,26,0,43,0,-0.3285451476108471,-0.5592513934032259
20251020,20251020_B03_e01,57,33,0.5789473684210527,3,25,1,32,1,-0.3708997348618549,-0.4869452004411291
20251020,20251020_B04_e01,57,28,0.49122807017543857,1,28,0,28,0,-0.3750419404972895,-0.5432928698023737
20251020,20251020_B05_e01,57,40,0.7017543859649122,2,28,0,40,0,-0.3783091146965736,-0.5838697628992467
20251020,20251020_B07_e01,57,42,0.7368421052631579,2,41,1,41,1,-0.4272206272203802,-0.6475278441747052
20251020,20251020_B08_e01,57,37,0.6491228070175439,4,27,0,37,0,-0.3026767524276776,-0.5634170374313896
20251020,20251020_B09_e01,57,28,0.49122807017543857,1,28,0,28,0,-0.45382436816599475,-0.6090279059876491
20251020,20251020_B10_e01,57,37,0.6491228070175439,3,25,0,37,0,-0.3142649873832834,-0.5502277870436264
20251020,20251020_B11_e01,57,26,0.45614035087719296,1,26,0,26,0,-0.385720125818669,-0.544630569574798
20251020,20251020_B12_e01,57,26,0.45614035087719296,1,26,0,26,0,-0.4847963901623049,-0.6180163097216584
20251020,20251020_C01_e01,57,44,0.7719298245614035,1,44,0,44,0,-0.4934457559359642,-0.6935024731953958
20251020,20251020_C02_e01,57,35,0.6140350877192983,2,28,0,35,0,-0.3586634508355752,-0.5728278726724805
20251020,20251020_C03_e01,57,27,0.47368421052631576,1,27,0,27,0,-0.4495604085399008,-0.5845151443683988
20251020,20251020_C04_e01,57,30,0.5263157894736842,3,27,1,29,1,-0.36807348620878333,-0.5542291521523696
20251020,20251020_C05_e01,57,41,0.7192982456140351,4,25,1,40,1,-0.4268113787803498,-0.6096615532482712
20251020,20251020_C06_e01,57,54,0.9473684210526315,1,54,0,54,0,-0.6264518084535542,-0.7215354973736576
20251020,20251020_C07_e01,57,27,0.47368421052631576,3,25,2,25,2,-0.3072463981682658,-0.4523292852775157
20251020,20251020_C08_e01,57,34,0.5964912280701754,4,21,1,33,1,-0.3921462337428273,-0.5009793138430552
20251020,20251020_C09_e01,57,41,0.7192982456140351,4,25,0,41,0,-0.3973038732527488,-0.6098258321676917
20251020,20251020_C10_e01,57,0,0.0,0,0,0,0,0,,
20251020,20251020_C11_e01,57,26,0.45614035087719296,1,26,0,26,0,-0.29536841475244424,-0.47219530031887075
20251020,20251020_C12_e01,57,29,0.5087719298245614,1,29,0,29,0,-0.46598017267217706,-0.6340687069907511
20251020,20251020_D01_e01,57,43,0.7543859649122807,2,40,0,43,0,-0.5712285014547034,-0.6871778853341505
20251020,20251020_D02_e01,57,33,0.5789473684210527,4,26,2,31,2,-0.35894745049022175,-0.5280736013389139
20251020,20251020_D03_e01,57,43,0.7543859649122807,3,30,1,42,1,-0.4310898397676076,-0.6592503184962135
20251020,20251020_D04_e01,57,5,0.08771929824561403,3,3,2,3,1,-0.053869155094761416,-0.14604564383634364
20251020,20251020_D05_e01,57,40,0.7017543859649122,3,28,0,40,0,-0.3460434512477254,-0.5650128897914748
20251020,20251020_D06_e01,57,34,0.5964912280701754,5,29,3,31,3,-0.47745373217608655,-0.6496400017101122
20251020,20251020_D07_e01,57,21,0.3684210526315789,1,21,0,21,0,-0.1890656882454837,-0.36530839481875055
20251020,20251020_D08_e01,57,27,0.47368421052631576,1,27,0,27,0,-0.48031059270898524,-0.6172887887927961
20251020,20251020_D09_e01,57,25,0.43859649122807015,2,24,1,24,1,-0.38780661574610054,-0.5285429696801154
20251020,20251020_D10_e01,57,0,0.0,0,0,0,0,0,,
20251020,20251020_D11_e01,57,30,0.5263157894736842,1,30,0,30,0,-0.5098442739210916,-0.6597079526288852
20251020,20251020_D12_e01,57,40,0.7017543859649122,3,24,0,40,0,-0.30905822454616094,-0.4745773446504686
20251020,20251020_E01_e01,57,45,0.7894736842105263,1,45,0,45,0,-0.4942132933242163,-0.6126994140113058
20251020,20251020_E02_e01,57,30,0.5263157894736842,3,28,2,28,2,-0.41969239042413864,-0.5676413525022036
20251020,20251020_E03_e01,57,26,0.45614035087719296,2,25,1,25,1,-0.33722527450980755,-0.4631364913336811
20251020,20251020_E05_e01,57,26,0.45614035087719296,1,26,0,26,0,-0.3816636551046132,-0.5482329715935199
20251020,20251020_E06_e01,57,37,0.6491228070175439,3,25,0,37,0,-0.35516383767006665,-0.5615370717588963
20251020,20251020_E07_e01,57,26,0.45614035087719296,2,25,1,25,1,-0.3633553067370674,-0.4883181028391436
20251020,20251020_E08_e01,57,25,0.43859649122807015,1,25,0,25,0,-0.44897425926947215,-0.575139511752898
20251020,20251020_E09_e01,57,42,0.7368421052631579,3,26,0,42,0,-0.33716503915841006,-0.6033485490591105
20251020,20251020_E10_e01,57,41,0.7192982456140351,2,39,0,41,0,-0.6096468145402333,-0.7571840228879145
20251020,20251020_E11_e01,57,26,0.45614035087719296,4,23,3,23,3,-0.32702867221648113,-0.4856544375028249
20251020,20251020_E12_e01,57,29,0.5087719298245614,1,29,0,29,0,-0.36661551997962905,-0.5448417853283388
20251020,20251020_F01_e01,57,43,0.7543859649122807,2,25,0,43,0,-0.2895810926565688,-0.545487166797491
20251020,20251020_F02_e01,57,29,0.5087719298245614,2,28,1,28,1,-0.35424563464443415,-0.5652945107961959
20251020,20251020_F03_e01,57,27,0.47368421052631576,2,26,1,26,1,-0.38436098223465187,-0.5511078526833794
20251020,20251020_F04_e01,57,51,0.8947368421052632,2,50,1,50,1,-0.7214074971151924,-0.8079814116144509
20251020,20251020_F05_e01,57,40,0.7017543859649122,2,30,0,40,0,-0.3145336661893686,-0.5426592225417516
20251020,20251020_F06_e01,57,25,0.43859649122807015,3,23,2,23,2,-0.40350723054917204,-0.5276394356233025
20251020,20251020_F07_e01,29,21,0.7241379310344828,2,20,1,20,0,-0.3205264990955126,-0.9432251746722546
20251020,20251020_F08_e01,57,34,0.5964912280701754,3,30,1,33,1,-0.3045944415237585,-0.4867105162705283
20251020,20251020_F09_e01,57,27,0.47368421052631576,1,27,0,27,0,-0.4345806356274128,-0.5784133559327788
20251020,20251020_F10_e01,57,22,0.38596491228070173,1,22,0,22,0,-0.3155809486606871,-0.4718080714373795
20251020,20251020_F11_e01,57,27,0.47368421052631576,1,27,0,27,0,-0.3718237170637855,-0.5425653488735113
20251020,20251020_F12_e01,57,25,0.43859649122807015,1,25,0,25,0,-0.3807369886052084,-0.5331427794238904
20251020,20251020_G01_e01,57,29,0.5087719298245614,2,28,1,28,1,-0.44922104535154084,-0.5629686741303104
20251020,20251020_G02_e01,57,28,0.49122807017543857,2,24,0,28,0,-0.296665893320325,-0.44751825978019993
20251020,20251020_G03_e01,57,0,0.0,0,0,0,0,0,,
20251020,20251020_G04_e01,57,44,0.7719298245614035,2,28,0,44,0,-0.3279036970517651,-0.5689203812319776
20251020,20251020_G06_e01,57,27,0.47368421052631576,1,27,0,27,0,-0.38615403705075557,-0.530561253547282
20251020,20251020_G07_e01,57,47,0.8245614035087719,1,47,0,47,0,-0.559258982401067,-0.6845375378784465
20251020,20251020_G08_e01,57,30,0.5263157894736842,2,27,0,30,0,-0.3523742663609539,-0.5501925844180364
20251020,20251020_G09_e01,57,27,0.47368421052631576,3,25,2,25,2,-0.3809584136466127,-0.56047175109035
20251020,20251020_G10_e01,57,30,0.5263157894736842,2,29,1,29,1,-0.5000113293327125,-0.6603768025150973
20251020,20251020_G11_e01,57,19,0.3333333333333333,2,18,1,18,1,-0.24918695264386176,-0.395066347650928
20251020,20251020_G12_e01,57,31,0.543859649122807,3,29,2,29,2,-0.43840937838827143,-0.5972350264149604
20251020,20251020_H01_e01,57,36,0.631578947368421,2,29,0,36,0,-0.42119967678018977,-0.6403113059287315
20251020,20251020_H02_e01,57,34,0.5964912280701754,3,28,1,33,1,-0.3509616499500462,-0.5722646306630386
20251020,20251020_H03_e01,57,31,0.543859649122807,2,28,0,31,0,-0.4416024079142827,-0.5876951148800392
20251020,20251020_H04_e01,57,27,0.47368421052631576,1,27,0,27,0,-0.45221469440940854,-0.5801500187952244
20251020,20251020_H05_e01,57,35,0.6140350877192983,2,25,0,35,0,-0.32465366871258655,-0.7128831905801729
20251020,20251020_H06_e01,57,31,0.543859649122807,2,30,1,30,1,-0.3994916841598015,-0.5253160623343548
20251020,20251020_H07_e01,57,32,0.5614035087719298,3,29,1,31,1,-0.40167530092085957,-0.6092508559497198
20251020,20251020_H08_e01,57,20,0.3508771929824561,1,20,0,20,0,-0.2629910406809345,-0.40771582444630955
20251020,20251020_H09_e01,57,41,0.7192982456140351,3,27,0,41,0,-0.31847080623966695,-0.5606947010524208
20251020,20251020_H10_e01,57,18,0.3157894736842105,1,18,0,18,0,-0.3365359680866701,-0.4874028345738006
20251020,20251020_H11_e01,57,37,0.6491228070175439,4,25,1,36,1,-0.30510277390596513,-0.4701535480346441
20251020,20251020_H12_e01,57,29,0.5087719298245614,1,29,0,29,0,-0.44321031348373907,-0.5950055267942531
20251112,20251112_A01_e01,49,0,0.0,0,0,0,0,0,,
20251112,20251112_A02_e01,49,0,0.0,0,0,0,0,0,,
20251112,20251112_A02_e02,9,0,0.0,0,0,0,0,0,,
20251112,20251112_A02_e03,20,16,0.8,1,16,0,16,0,-0.6330239079640199,-0.9908070111395345
20251112,20251112_A02_e04,21,11,0.5238095238095238,1,11,0,11,0,-0.8936851635508859,-0.9952991494934552
20251112,20251112_A02_e05,42,42,1.0,5,14,0,42,0,-0.9773501257826187,-0.9867435519533699
20251112,20251112_A03_e01,49,0,0.0,0,0,0,0,0,,
20251112,20251112_A03_e02,44,41,0.9318181818181818,1,41,0,41,0,-0.7879831672278138,-0.9971526007690191
20251112,20251112_A03_e03,7,7,1.0,1,7,0,7,0,-0.7754336701491217,-0.9904223727006549
20251112,20251112_A04_e01,49,0,0.0,0,0,0,0,0,,
20251112,20251112_A04_e02,28,26,0.9285714285714286,1,26,0,26,0,-0.7680376860829867,-0.9873745332266093
20251112,20251112_A05_e01,49,0,0.0,0,0,0,0,0,,
20251112,20251112_A05_e02,17,14,0.8235294117647058,1,14,0,14,0,-0.6539748921178143,-0.9899653510094854
20251112,20251112_A06_e01,49,0,0.0,0,0,0,0,0,,
20251112,20251112_A06_e02,47,29,0.6170212765957447,1,29,0,29,0,-0.843364744729606,-0.992170758373415
20251112,20251112_A07_e01,47,24,0.5106382978723404,6,10,1,23,1,-0.10984447673868897,-0.94938844251514
20251112,20251112_A07_e02,23,11,0.4782608695652174,1,11,0,11,0,-0.7079163241481413,-0.9416909029586256
20251112,20251112_A08_e01,49,0,0.0,0,0,0,0,0,,
20251112,20251112_A08_e02,15,12,0.8,1,12,0,12,0,-0.6100595957125496,-0.9471884014107329
20251112,20251112_A08_e03,27,27,1.0,1,27,0,27,0,-0.703119666341963,-0.9766860506588525
20251112,20251112_A08_e04,31,31,1.0,1,31,0,31,0,-0.8381321690016894,-0.9961197954537399
20251112,20251112_A09_e01,49,0,0.0,0,0,0,0,0,,
20251112,20251112_A09_e02,40,30,0.75,1,30,0,30,0,-0.7841348983912526,-0.9685907814368895
20251112,20251112_A10_e01,49,0,0.0,0,0,0,0,0,,
20251112,20251112_A11_e01,49,2,0.04081632653061224,2,1,2,0,2,-0.07098675784400418,-0.1219132151860398
20251112,20251112_A12_e01,49,0,0.0,0,0,0,0,0,,
20251112,20251112_A12_e02,36,30,0.8333333333333334,1,30,0,30,0,-0.556772582027827,-0.9755044430579259
20251112,20251112_A12_e03,3,3,1.0,1,3,0,3,0,-0.677292475931716,-0.8015370113469629
20251112,20251112_B01_e01,49,0,0.0,0,0,0,0,0,,
20251112,20251112_B02_e01,17,10,0.5882352941176471,1,10,0,10,0,-0.7966509742098595,-0.9660599709197091
20251112,20251112_B02_e02,16,15,0.9375,1,15,0,15,0,-0.47483192931953483,-0.9299797576546418
20251112,20251112_B02_e03,13,4,0.3076923076923077,2,3,1,3,0,-0.08034065207439822,-0.600079174006783
20251112,20251112_B02_e04,49,49,1.0,1,49,0,49,0,-0.646118958376585,-0.7808619640256524
20251112,20251112_B02_e05,49,0,0.0,0,0,0,0,0,,
20251112,20251112_B02_e06,49,0,0.0,0,0,0,0,0,,
20251112,20251112_B03_e01,49,1,0.02040816326530612,1,1,1,0,1,-0.030319059628436635,-0.030319059628436635
20251112,20251112_B03_e02,49,49,1.0,1,49,0,49,0,-0.5639164730716874,-0.6951101669339675
20251112,20251112_B04_e01,49,7,0.14285714285714285,1,7,0,7,0,-0.024743071800074377,-0.13767395731352441
20251112,20251112_B04_e02,18,11,0.6111111111111112,1,11,0,11,0,-0.588144450681406,-0.8281692331117081
20251112,20251112_B05_e01,49,0,0.0,0,0,0,0,0,,
20251112,20251112_B05_e02,22,18,0.8181818181818182,1,18,0,18,0,-0.5489840410298323,-0.8894569920344564
20251112,20251112_B06_e01,49,1,0.02040816326530612,1,1,1,0,1,-0.12906197952547105,-0.12906197952547105
20251112,20251112_B07_e01,49,0,0.0,0,0,0,0,0,,
20251112,20251112_B08_e01,49,1,0.02040816326530612,1,1,1,0,1,-0.02395014647948072,-0.02395014647948072
20251112,20251112_B09_e01,49,0,0.0,0,0,0,0,0,,
20251112,20251112_B10_e01,49,0,0.0,0,0,0,0,0,,
20251112,20251112_B10_e02,30,15,0.5,1,15,0,15,0,-0.6536381305991439,-0.861822645512781
20251112,20251112_B11_e01,49,15,0.30612244897959184,4,11,2,13,2,-0.3869750782890594,-0.6068894581130626
20251112,20251112_B12_e01,49,0,0.0,0,0,0,0,0,,
20251112,20251112_B12_e02,22,22,1.0,1,22,0,22,0,-0.7089218048320942,-0.944471987574287
20251112,20251112_B12_e03,11,11,1.0,1,11,0,11,0,-0.8215750950236872,-0.995203643445272
20251112,20251112_C01_e01,21,20,0.9523809523809523,3,18,2,18,0,-0.7920754670374754,-0.9519977127617208
20251112,20251112_C02_e01,49,0,0.0,0,0,0,0,0,,
20251112,20251112_C02_e02,12,11,0.9166666666666666,2,10,1,10,0,-0.5760566086409272,-0.9818497586490147
20251112,20251112_C02_e03,33,33,1.0,2,32,1,32,0,-0.7037828422314024,-0.9680956794661851
20251112,20251112_C03_e01,49,0,0.0,0,0,0,0,0,,
20251112,20251112_C03_e02,6,1,0.16666666666666666,1,1,1,0,0,-0.972221715684107,-0.972221715684107
20251112,20251112_C03_e03,40,37,0.925,1,37,0,37,0,-0.6839158387531371,-0.9733921082135331
20251112,20251112_C03_e04,8,8,1.0,1,8,0,8,0,-0.8694417477790117,-0.9719445193713017
20251112,20251112_C04_e01,49,3,0.061224489795918366,2,2,1,2,1,-0.1073994173238656,-0.15998715078607045
20251112,20251112_C04_e02,35,30,0.8571428571428571,1,30,0,30,0,-0.6874445417904134,-0.9695479047413608
20251112,20251112_C05_e01,49,0,0.0,0,0,0,0,0,,
20251112,20251112_C05_e02,7,7,1.0,1,7,0,7,0,-0.5340223558776006,-0.9629362825220609
20251112,20251112_C06_e01,49,0,0.0,0,0,0,0,0,,
20251112,20251112_C06_e02,28,22,0.7857142857142857,1,22,0,22,0,-0.7709297130682591,-0.9820221261716708
20251112,20251112_C07_e01,49,0,0.0,0,0,0,0,0,,
20251112,20251112_C08_e01,49,3,0.061224489795918366,3,1,3,0,3,-0.023370968161974783,-0.061056646998119815
20251112,20251112_C09_e01,49,0,0.0,0,0,0,0,0,,
20251112,20251112_C10_e01,49,0,0.0,0,0,0,0,0,,
20251112,20251112_C11_e01,49,0,0.0,0,0,0,0,0,,
20251112,20251112_C12_e01,49,0,0.0,0,0,0,0,0,,
20251112,20251112_D01_e01,49,0,0.0,0,0,0,0,0,,
20251112,20251112_D02_e01,49,1,0.02040816326530612,1,1,1,0,1,-0.00619055057730843,-0.00619055057730843
20251112,20251112_D03_e01,49,0,0.0,0,0,0,0,0,,
20251112,20251112_D04_e01,49,6,0.12244897959183673,1,6,0,6,0,-0.09913739992386608,-0.1602231554889581
20251112,20251112_D05_e01,49,0,0.0,0,0,0,0,0,,
20251112,20251112_D05_e02,6,6,1.0,1,6,0,6,0,-0.7860322160229205,-0.9737246284884535
20251112,20251112_D06_e01,49,2,0.04081632653061224,1,2,0,2,0,-0.10458594709960148,-0.16388722429052052
20251112,20251112_D07_e01,49,0,0.0,0,0,0,0,0,,
20251112,20251112_D07_e02,49,0,0.0,0,0,0,0,0,,
20251112,20251112_D08_e01,49,0,0.0,0,0,0,0,0,,
20251112,20251112_D08_e02,24,14,0.5833333333333334,1,14,0,14,0,-0.4533626456852913,-0.7857953471589556
20251112,20251112_D09_e01,49,7,0.14285714285714285,4,4,3,4,3,-0.046717379901677174,-0.10816643200475605
20251112,20251112_D10_e01,49,0,0.0,0,0,0,0,0,,
20251112,20251112_D11_e01,49,0,0.0,0,0,0,0,0,,
20251112,20251112_D12_e01,49,0,0.0,0,0,0,0,0,,
20251112,20251112_D12_e02,49,6,0.12244897959183673,1,6,0,6,0,-0.010276167053608178,-0.04894626318553755
20251112,20251112_E01_e01,49,0,0.0,0,0,0,0,0,,
20251112,20251112_E01_e02,43,31,0.7209302325581395,1,31,0,31,0,-0.8465313787176327,-0.9932740134508594
20251112,20251112_E02_e01,49,0,0.0,0,0,0,0,0,,
20251112,20251112_E02_e02,43,38,0.8837209302325582,3,25,1,37,0,-0.788053507231998,-0.9685164065631496
20251112,20251112_E02_e03,2,1,0.5,1,1,1,0,0,-0.6745300978224186,-0.6745300978224186
20251112,20251112_E02_e04,45,31,0.6888888888888889,2,30,1,30,0,-0.6617228557332174,-0.9225767337733697
20251112,20251112_E03_e01,49,0,0.0,0,0,0,0,0,,
20251112,20251112_E04_e01,49,0,0.0,0,0,0,0,0,,
20251112,20251112_E04_e02,49,34,0.6938775510204082,1,34,0,34,0,-0.6911068231196572,-0.927390818653685
20251112,20251112_E05_e01,49,1,0.02040816326530612,1,1,1,0,1,-0.008939184751401943,-0.008939184751401943
20251112,20251112_E05_e02,1,0,0.0,0,0,0,0,0,,
20251112,20251112_E05_e03,19,14,0.7368421052631579,1,14,0,14,0,-0.7203048913877927,-0.9709821308143566
20251112,20251112_E05_e04,49,0,0.0,0,0,0,0,0,,
20251112,20251112_E06_e01,49,2,0.04081632653061224,1,2,0,2,0,-0.05186468202829562,-0.07617274767862958
20251112,20251112_E07_e01,49,0,0.0,0,0,0,0,0,,
20251112,20251112_E08_e01,49,0,0.0,0,0,0,0,0,,
20251112,20251112_E08_e02,6,6,1.0,1,6,0,6,0,-0.6619536455930927,-0.9579436835940842
20251112,20251112_E09_e01,49,0,0.0,0,0,0,0,0,,
20251112,20251112_E10_e01,49,0,0.0,0,0,0,0,0,,
20251112,20251112_E11_e01,49,7,0.14285714285714285,1,7,0,7,0,-0.10242978957238495,-0.11520322385695954
20251112,20251112_E12_e01,49,0,0.0,0,0,0,0,0,,
20251112,20251112_F01_e01,49,3,0.061224489795918366,1,3,0,3,0,-0.04491657783176573,-0.08364200311849032
20251112,20251112_F01_e02,24,14,0.5833333333333334,1,14,0,14,0,-0.5727105541018102,-0.9152180932181481
20251112,20251112_F02_e01,49,0,0.0,0,0,0,0,0,,
20251112,20251112_F02_e02,27,18,0.6666666666666666,2,17,1,17,0,-0.7797249196274054,-0.9885764609768507
20251112,20251112_F02_e03,28,22,0.7857142857142857,1,22,0,22,0,-0.6844873780276723,-0.9863157253867177
20251112,20251112_F03_e01,49,0,0.0,0,0,0,0,0,,
20251112,20251112_F03_e02,9,6,0.6666666666666666,1,6,0,6,0,-0.7323561134598093,-0.9441199650015434
20251112,20251112_F03_e03,6,4,0.6666666666666666,1,4,0,4,0,-0.4658418825094407,-0.9334566881540042
20251112,20251112_F04_e01,49,0,0.0,0,0,0,0,0,,
20251112,20251112_F05_e01,49,26,0.5306122448979592,2,24,0,26,0,-0.46536182722261177,-0.5520958305125048
20251112,20251112_F05_e02,16,10,0.625,1,10,0,10,0,-0.4147184285195511,-0.7997651796065778
20251112,20251112_F05_e03,38,30,0.7894736842105263,1,30,0,30,0,-0.6391013064889786,-0.908843737425341
20251112,20251112_F05_e04,24,15,0.625,1,15,0,15,0,-0.5649883175602377,-0.8945656924263024
20251112,20251112_F05_e05,32,27,0.84375,1,27,0,27,0,-0.5585127054036598,-0.9567853150709448
20251112,20251112_F06_e01,49,5,0.10204081632653061,3,3,2,3,2,-0.1185104669866623,-0.20551292388879516
20251112,20251112_F06_e02,49,49,1.0,1,49,0,49,0,-0.39050179113427747,-0.54270885136914
20251112,20251112_F06_e03,8,4,0.5,1,4,0,4,0,-0.3551551879610578,-0.8125334238042226
20251112,20251112_F06_e04,7,6,0.8571428571428571,2,4,0,6,0,-0.619616557975105,-0.9209751386416578
20251112,20251112_F07_e01,49,7,0.14285714285714285,3,5,2,5,1,-0.04410090381020091,-0.10026431268088978
20251112,20251112_F07_e02,10,7,0.7,1,7,0,7,0,-0.21610804257667415,-0.8678835928447232
20251112,20251112_F07_e03,48,48,1.0,2,34,0,48,0,-0.8303194687907748,-0.9449732872693414
20251112,20251112_F08_e01,49,2,0.04081632653061224,1,2,0,2,0,-0.15892079420578603,-0.176680997122084
20251112,20251112_F08_e02,49,47,0.9591836734693877,3,33,0,47,0,-0.5996312159398803,-0.7605363244142657
20251112,20251112_F08_e03,5,5,1.0,1,5,0,5,0,-0.5029807163819413,-0.9102425442718467
20251112,20251112_F09_e01,49,0,0.0,0,0,0,0,0,,
20251112,20251112_F10_e01,49,0,0.0,0,0,0,0,0,,
20251112,20251112_F11_e01,49,0,0.0,0,0,0,0,0,,
20251112,20251112_F11_e02,12,7,0.5833333333333334,1,7,0,7,0,-0.9083581745060546,-0.9761750491490377
20251112,20251112_F12_e01,49,0,0.0,0,0,0,0,0,,
20251112,20251112_F12_e02,49,37,0.7551020408163265,1,37,0,37,0,-0.7682095669575041,-0.8166912901714987
20251112,20251112_F12_e03,33,30,0.9090909090909091,1,30,0,30,0,-0.6908789178129218,-0.9585809025434598
20251112,20251112_G01_e01,49,36,0.7346938775510204,1,36,0,36,0,-0.44692952366701677,-0.6173345501594127
20251112,20251112_G01_e02,49,49,1.0,1,49,0,49,0,-0.47850748443790936,-0.5799350551454366
20251112,20251112_G01_e03,6,6,1.0,1,6,0,6,0,-0.9284393367160109,-0.9809370902272251
20251112,20251112_G02_e01,49,0,0.0,0,0,0,0,0,,
20251112,20251112_G02_e02,46,31,0.6739130434782609,1,31,0,31,0,-0.6727948036075823,-0.8952810618710372
20251112,20251112_G03_e01,49,6,0.12244897959183673,3,4,2,4,2,-0.03822118578760039,-0.076463449813265
20251112,20251112_G03_e02,29,21,0.7241379310344828,1,21,0,21,0,-0.45400041291520216,-0.9205566129236423
20251112,20251112_G04_e01,49,0,0.0,0,0,0,0,0,,
20251112,20251112_G05_e01,49,0,0.0,0,0,0,0,0,,
20251112,20251112_G05_e02,12,11,0.9166666666666666,1,11,0,11,0,-0.6117943964466613,-0.9701470495361437
20251112,20251112_G06_e01,49,2,0.04081632653061224,2,1,2,0,2,-0.05825188316383634,-0.08406043154251376
20251112,20251112_G07_e01,49,0,0.0,0,0,0,0,0,,
20251112,20251112_G08_e01,49,0,0.0,0,0,0,0,0,,
20251112,20251112_G08_e02,22,20,0.9090909090909091,2,12,0,20,0,-0.6554661055848048,-0.9075556535481147
20251112,20251112_G08_e03,23,21,0.9130434782608695,3,13,1,20,0,-0.6043498517015782,-0.9079046198524974
20251112,20251112_G09_e01,49,0,0.0,0,0,0,0,0,,
20251112,20251112_G10_e01,49,2,0.04081632653061224,1,2,0,2,0,-0.05063578781276677,-0.09108224746260796
20251112,20251112_G11_e01,49,0,0.0,0,0,0,0,0,,
20251112,20251112_G12_e01,49,1,0.02040816326530612,1,1,1,0,1,-0.00042269323665215585,-0.00042269323665215585
20251112,20251112_H01_e01,9,7,0.7777777777777778,1,7,0,7,0,-0.7066866717951901,-0.9833899191292225
20251112,20251112_H01_e02,30,8,0.26666666666666666,1,8,0,8,0,-0.4323265936583958,-0.9051808373766789
20251112,20251112_H01_e03,1,0,0.0,0,0,0,0,0,,
20251112,20251112_H01_e04,49,49,1.0,1,49,0,49,0,-0.5566710421397768,-0.8884083858088649
20251112,20251112_H02_e01,49,0,0.0,0,0,0,0,0,,
20251112,20251112_H02_e02,22,16,0.7272727272727273,1,16,0,16,0,-0.7583553382615638,-0.938359968050549
20251112,20251112_H02_e03,8,7,0.875,1,7,0,7,0,-0.6494476424500368,-0.9639752756215951
20251112,20251112_H03_e01,49,0,0.0,0,0,0,0,0,,
20251112,20251112_H03_e02,49,49,1.0,1,49,0,49,0,-0.36622146691129964,-0.7468443052112681
20251112,20251112_H04_e01,49,0,0.0,0,0,0,0,0,,
20251112,20251112_H05_e01,49,0,0.0,0,0,0,0,0,,
20251112,20251112_H05_e02,16,11,0.6875,1,11,0,11,0,-0.6628747946784677,-0.9916325585258335
20251112,20251112_H05_e03,49,49,1.0,1,49,0,49,0,-0.5856435607422557,-0.7486285761574438
20251112,20251112_H05_e04,32,32,1.0,1,32,0,32,0,-0.8466722570866898,-0.9940907769015581
20251112,20251112_H06_e01,49,0,0.0,0,0,0,0,0,,
20251112,20251112_H07_e01,49,6,0.12244897959183673,3,3,1,5,1,-0.09983415445393302,-0.14120785102776165
20251112,20251112_H07_e02,23,22,0.9565217391304348,1,22,0,22,0,-0.8910690876181844,-0.9524842384464285
20251112,20251112_H07_e03,27,20,0.7407407407407407,1,20,0,20,0,-0.49687220097312734,-0.9377953750232373
20251112,20251112_H07_e04,24,23,0.9583333333333334,2,22,1,22,0,-0.6768355014128487,-0.9817140130842874
20251112,20251112_H08_e01,49,0,0.0,0,0,0,0,0,,
20251112,20251112_H08_e02,21,13,0.6190476190476191,1,13,0,13,0,-0.41493904749626315,-0.9866260191349133
20251112,20251112_H08_e03,16,14,0.875,1,14,0,14,0,-0.638043910781985,-0.9547412225689957
20251112,20251112_H08_e04,20,20,1.0,1,20,0,20,0,-0.900208136266931,-0.9961696773650376
20251112,20251112_H08_e05,49,49,1.0,1,49,0,49,0,-0.5322821852413223,-0.6430742252399992
20251112,20251112_H09_e01,49,3,0.061224489795918366,2,2,1,2,1,-0.12944116649669152,-0.13792361936628805
20251112,20251112_H10_e01,49,0,0.0,0,0,0,0,0,,
20251112,20251112_H11_e01,49,2,0.04081632653061224,2,1,2,0,2,-0.022065246502937168,-0.041175792824656506
20251112,20251112_H12_e01,49,0,0.0,0,0,0,0,0,,
20251119,20251119_A01_e01,348,258,0.7413793103448276,2,234,0,258,0,-0.5101225586460159,-0.8227683529801618
20251119,20251119_A02_e01,348,252,0.7241379310344828,2,225,0,252,0,-0.606062827033601,-0.7082800737014762
20251119,20251119_A03_e01,348,254,0.7298850574712644,1,254,0,254,0,-0.3295686216232247,-0.42034819436009196
20251119,20251119_A04_e01,348,115,0.33045977011494254,4,109,1,114,1,-0.3256688134115611,-0.3658741483689384
20251119,20251119_A05_e01,348,186,0.5344827586206896,12,141,2,184,2,-0.319065974664338,-0.4483031326703509
20251119,20251119_B01_e01,348,270,0.7758620689655172,4,265,1,269,1,-0.2716965099172678,-0.9675254150698962
20251119,20251119_B02_e01,348,252,0.7241379310344828,8,144,3,249,3,-0.46945332185964184,-0.7539581068540191
20251119,20251119_B04_e01,348,253,0.7270114942528736,6,111,1,252,1,-0.48348558663681235,-0.7147464366492853
20251119,20251119_B05_e01,348,214,0.6149425287356322,11,167,4,210,4,-0.43770357574660645,-0.6955919235866195
20251119,20251119_C01_e01,348,253,0.7270114942528736,6,234,1,252,1,-0.3694880014741627,-0.5191408281821173
20251119,20251119_C03_e01,348,222,0.6379310344827587,9,109,3,219,3,-0.49559889488630615,-0.747052409922441
20251119,20251119_C04_e01,348,269,0.7729885057471264,1,269,0,269,0,-0.6601574943187628,-0.8282161479233413
20251119,20251119_C05_e01,348,260,0.7471264367816092,10,139,1,259,1,-0.43022323275758806,-0.7009049555435406
20251119,20251119_D01_e01,348,202,0.5804597701149425,2,191,0,202,0,-0.5586419263238511,-0.7733451679063016
20251119,20251119_D02_e01,348,232,0.6666666666666666,11,120,4,228,4,-0.5355439806594255,-0.7109312874908043
20251119,20251119_D04_e01,348,245,0.7040229885057471,8,220,3,242,3,-0.5259174165910083,-0.7398735037095376
20251119,20251119_D05_e01,348,0,0.0,0,0,0,0,0,,
20251119,20251119_E01_e01,348,221,0.6350574712643678,1,221,0,221,0,-0.5159492385264322,-0.7098891908033703
20251119,20251119_E02_e01,348,253,0.7270114942528736,4,169,0,253,0,-0.5289528291293819,-0.7295049985406328
20251119,20251119_E03_e01,348,252,0.7241379310344828,2,251,1,251,1,-0.49018619377888695,-0.7064185471469786
20251119,20251119_E04_e01,348,236,0.6781609195402298,9,164,0,236,0,-0.5445808435420242,-0.7472577624697901
20251119,20251119_F02_e01,348,112,0.3218390804597701,12,84,6,106,6,-0.34454068363513013,-0.5606593781788501
20251119,20251119_F03_e01,348,250,0.7183908045977011,8,207,2,248,2,-0.5400145514035724,-0.7592788742241633
20251119,20251119_F05_e01,348,261,0.75,3,236,0,261,0,-0.509009012057953,-0.7813265224845518
20251119,20251119_G02_e01,348,218,0.6264367816091954,10,174,3,215,3,-0.4350865852791016,-0.6838077728423211
20251119,20251119_G03_e01,348,243,0.6982758620689655,7,196,0,243,0,-0.5257028717042903,-0.7076803386183007
20251119,20251119_G04_e01,348,7,0.020114942528735632,1,7,0,7,0,-0.008722936266948709,-0.019476674953745672
20251119,20251119_G05_e01,348,242,0.6954022988505747,5,226,1,241,1,-0.5062007321090883,-0.7493000321702209
20251119,20251119_H03_e01,348,175,0.5028735632183908,1,175,0,175,0,-0.46943346649389744,-0.5477331911136225
20251119,20251119_H05_e01,348,241,0.6925287356321839,12,112,0,241,0,-0.46885109316617907,-0.7293477719455329
20251121,20251121_A01_e01,173,91,0.5260115606936416,1,91,0,91,0,-0.7762152573683329,-0.8255820257807551
20251121,20251121_A02_e01,165,16,0.09696969696969697,9,4,4,12,3,-0.1452335338003885,-0.733984737938586
20251121,20251121_A03_e01,173,9,0.05202312138728324,8,2,7,2,7,-0.06961671936961834,-0.27874902425392695
20251121,20251121_A04_e01,173,86,0.49710982658959535,3,65,0,86,0,-0.512497973126286,-0.7117552347428221
20251121,20251121_A04_e02,173,171,0.9884393063583815,1,171,0,171,0,-0.4842030613950885,-0.6824960995250925
20251121,20251121_A04_e03,158,157,0.9936708860759493,4,83,1,156,0,-0.5937412602379613,-0.9510422983826776
20251121,20251121_A04_e04,173,173,1.0,1,173,0,173,0,-0.43538343424789394,-0.8539926144516857
20251121,20251121_A05_e01,173,90,0.5202312138728323,2,81,0,90,0,-0.3060179659814376,-0.4984227340012546
20251121,20251121_A06_e01,87,84,0.9655172413793104,6,78,4,80,0,-0.9543001656481052,-0.9636276410679898
20251121,20251121_A06_e02,30,28,0.9333333333333333,2,27,1,27,0,-0.8975242334579789,-0.9953172866561072
20251121,20251121_A06_e03,173,68,0.3930635838150289,1,68,0,68,0,-0.5776247811009079,-0.6981565116178589
20251121,20251121_A06_e04,173,153,0.884393063583815,4,71,0,153,0,-0.43569360478962726,-0.7020804611444496
20251121,20251121_A07_e01,173,133,0.7687861271676301,1,133,0,133,0,-0.7749756134870495,-0.8446875461571998
20251121,20251121_A08_e01,173,173,1.0,1,173,0,173,0,-0.8448971674937485,-0.9064343728810719
20251121,20251121_A08_e02,16,12,0.75,1,12,0,12,0,-0.820574141203282,-0.9264222543149054
20251121,20251121_A09_e01,173,0,0.0,0,0,0,0,0,,
20251121,20251121_A10_e01,173,6,0.03468208092485549,4,3,3,3,2,-0.0363940966418688,-0.16980347137920043
20251121,20251121_A10_e02,173,113,0.653179190751445,9,103,7,106,6,-0.55073122526598,-0.7311121922596476
20251121,20251121_A11_e01,173,11,0.06358381502890173,3,5,1,10,1,-0.05779506913912606,-0.16627939342789874
20251121,20251121_A12_e01,173,0,0.0,0,0,0,0,0,,
20251121,20251121_A12_e02,173,173,1.0,1,173,0,173,0,-0.5563718759133573,-0.9628159115267777
20251121,20251121_B01_e01,173,18,0.10404624277456648,6,12,4,14,4,-0.08890132985644199,-0.2153129401331593
20251121,20251121_B02_e01,168,14,0.08333333333333333,10,3,7,7,7,-0.08031528817265879,-0.7052764057615847
20251121,20251121_B03_e01,173,3,0.017341040462427744,3,1,3,0,3,-0.22513004862245886,-0.31358597862508497
20251121,20251121_B03_e02,173,98,0.5664739884393064,15,70,7,91,7,-0.5605071931776039,-0.6969245875247086
20251121,20251121_B04_e01,173,27,0.15606936416184972,14,5,7,20,6,-0.07772116564545534,-0.38601791377943945
20251121,20251121_B05_e01,172,14,0.08139534883720931,11,3,9,5,8,-0.13621583047858976,-0.5055736327583982
20251121,20251121_B05_e02,97,24,0.24742268041237114,15,7,12,12,11,-0.1912927102450448,-0.9145934932005003
20251121,20251121_B05_e03,171,105,0.6140350877192983,16,81,11,94,10,-0.5612396244104325,-0.7440812199716934
20251121,20251121_B06_e01,173,35,0.2023121387283237,14,15,10,25,10,-0.12395254526239652,-0.42067185421912134
20251121,20251121_B06_e02,173,135,0.7803468208092486,19,69,9,126,8,-0.4124397300893477,-0.811347673599074
20251121,20251121_B07_e01,172,31,0.18023255813953487,16,7,9,22,9,-0.0832085506160914,-0.4351168489598762
20251121,20251121_B07_e02,41,31,0.7560975609756098,15,10,9,22,0,-0.466329784370274,-0.9419525581214275
20251121,20251121_B08_e01,173,7,0.04046242774566474,6,2,5,2,5,-0.03179707188345669,-0.16661401906710338
20251121,20251121_B09_e01,173,0,0.0,0,0,0,0,0,,
20251121,20251121_B10_e01,173,0,0.0,0,0,0,0,0,,
20251121,20251121_B11_e01,173,27,0.15606936416184972,12,13,8,19,7,-0.05288208508482297,-0.25544907164985886
20251121,20251121_B11_e02,83,37,0.4457831325301205,11,13,5,32,3,-0.05639654385299712,-0.5774637093851482
20251121,20251121_B12_e01,173,0,0.0,0,0,0,0,0,,
20251121,20251121_C01_e01,173,2,0.011560693641618497,2,1,2,0,2,-0.1257802957845235,-0.2170582029438681
20251121,20251121_C02_e01,173,34,0.19653179190751446,14,12,8,26,8,-0.06363080321360617,-0.5682554112279482
20251121,20251121_C03_e01,173,23,0.1329479768786127,8,8,4,19,4,-0.0824445520143003,-0.4331818782621059
20251121,20251121_C04_e01,173,43,0.24855491329479767,12,25,8,35,7,-0.09226370126258944,-0.391958450627913
20251121,20251121_C05_e01,173,14,0.08092485549132948,6,7,3,11,3,-0.07124103753820926,-0.13369643305239054
20251121,20251121_C06_e01,172,32,0.18604651162790697,22,6,17,15,16,-0.04566919096297848,-0.41162212965542205
20251121,20251121_C07_e01,173,9,0.05202312138728324,3,6,1,8,1,-0.21269595704421176,-0.6078016460270348
20251121,20251121_C08_e01,173,2,0.011560693641618497,1,2,0,2,0,-0.10822782841199993,-0.11850354206515816
20251121,20251121_C08_e02,9,6,0.6666666666666666,1,6,0,6,0,-0.8192110968035842,-0.9188252660958165
20251121,20251121_C09_e01,173,10,0.057803468208092484,6,5,5,5,4,-0.054805285085245445,-0.3703770171130847
20251121,20251121_C10_e01,173,7,0.04046242774566474,5,2,3,4,3,-0.13743053045164239,-0.22433642253294117
20251121,20251121_C11_e01,173,41,0.23699421965317918,2,39,0,41,0,-0.40318202147597487,-0.7262649645774895
20251121,20251121_C12_e01,173,7,0.04046242774566474,3,5,2,5,2,-0.04611062634447921,-0.10838796527390428
20251121,20251121_D01_e01,173,0,0.0,0,0,0,0,0,,
20251121,20251121_D02_e01,172,15,0.0872093023255814,10,4,7,8,6,-0.1121943630797107,-0.5064863596420756
20251121,20251121_D03_e01,169,14,0.08284023668639054,8,3,4,10,4,-0.12527880007765893,-0.5882584738036469
20251121,20251121_D04_e01,173,11,0.06358381502890173,2,10,1,10,1,-0.06111596387755524,-0.17212442834392813
20251121,20251121_D04_e02,12,11,0.9166666666666666,3,8,1,10,0,-0.5452710521348161,-0.958629240391327
20251121,20251121_D05_e01,173,21,0.12138728323699421,9,11,6,15,6,-0.06907877420019047,-0.15981595237301024
20251121,20251121_D05_e02,18,15,0.8333333333333334,3,12,1,14,0,-0.6970616156612945,-0.877909987743268
20251121,20251121_D06_e01,173,23,0.1329479768786127,7,15,5,18,5,-0.06534933694651256,-0.43545248936412656
20251121,20251121_D06_e02,51,30,0.5882352941176471,11,10,6,24,2,-0.8235655822510152,-0.9147239889119693
20251121,20251121_D07_e01,173,0,0.0,0,0,0,0,0,,
20251121,20251121_D08_e01,173,36,0.20809248554913296,12,12,6,30,6,-0.06434109852966743,-0.19794788124028315
20251121,20251121_D08_e02,57,40,0.7017543859649122,10,12,4,36,3,-0.16943190778495548,-0.9159280845817214
20251121,20251121_D09_e01,173,0,0.0,0,0,0,0,0,,
20251121,20251121_D10_e01,173,0,0.0,0,0,0,0,0,,
20251121,20251121_D11_e01,173,0,0.0,0,0,0,0,0,,
20251121,20251121_D12_e01,173,0,0.0,0,0,0,0,0,,
20251121,20251121_E01_e01,173,0,0.0,0,0,0,0,0,,
20251121,20251121_E02_e01,173,11,0.06358381502890173,6,3,3,8,3,-0.24910340159230832,-0.9506838004600217
20251121,20251121_E03_e01,173,0,0.0,0,0,0,0,0,,
20251121,20251121_E04_e01,17,13,0.7647058823529411,1,13,0,13,0,-0.6859370261638688,-0.8886313479450764
20251121,20251121_E04_e02,173,13,0.07514450867052024,3,10,1,12,0,-0.13572053563488917,-0.5149617102104178
20251121,20251121_E04_e03,173,136,0.7861271676300579,5,123,2,134,1,-0.34898811402241586,-0.7547909216222779
20251121,20251121_E05_e01,173,11,0.06358381502890173,6,4,4,7,3,-0.12669112317459372,-0.19926572630948577
20251121,20251121_E05_e02,173,121,0.6994219653179191,14,100,8,113,6,-0.5548089643895955,-0.7093491075493293
20251121,20251121_E06_e01,173,19,0.10982658959537572,7,7,2,17,2,-0.04666584545623156,-0.19786967589938714
20251121,20251121_E08_e01,173,8,0.046242774566473986,5,2,2,6,2,-0.0652179826389872,-0.21785243166145696
20251121,20251121_E08_e02,173,88,0.5086705202312138,13,67,7,81,7,-0.4236901577371661,-0.6672998806428614
20251121,20251121_E09_e01,173,9,0.05202312138728324,4,3,0,9,0,-0.05006040613362476,-0.07913474881769789
20251121,20251121_E10_e01,173,7,0.04046242774566474,7,1,7,0,7,-0.07370990357320135,-0.563299679545711
20251121,20251121_E10_e02,173,95,0.5491329479768786,12,71,9,86,8,-0.6165382851374535,-0.745642541072241
20251121,20251121_E11_e01,173,9,0.05202312138728324,5,5,4,5,3,-0.0467318242506244,-0.11305225594237019
20251121,20251121_E11_e02,173,164,0.9479768786127167,6,98,0,164,0,-0.48863926466222796,-0.7621295021517557
20251121,20251121_E12_e01,173,4,0.023121387283236993,3,2,2,2,2,-0.022542843185896864,-0.04404822430963188
20251121,20251121_F01_e01,173,0,0.0,0,0,0,0,0,,
20251121,20251121_F02_e01,173,37,0.2138728323699422,17,6,9,28,9,-0.062952131712789,-0.6646996275891919
20251121,20251121_F03_e01,173,7,0.04046242774566474,2,6,1,6,1,-0.16572567967075444,-0.5106138755747954
20251121,20251121_F04_e01,173,8,0.046242774566473986,3,3,0,8,0,-0.017093465222852364,-0.0961150620744048
20251121,20251121_F04_e02,170,146,0.8588235294117647,7,94,1,145,0,-0.6039785884276765,-0.7689738785377678
20251121,20251121_F05_e01,172,19,0.11046511627906977,6,11,4,15,4,-0.09074263061689525,-0.2068677978935934
20251121,20251121_F05_e02,18,11,0.6111111111111112,6,5,4,7,0,-0.7428393469579948,-0.9796998901507424
20251121,20251121_F05_e03,171,109,0.6374269005847953,10,61,4,105,3,-0.6204105935333764,-0.7566709303301407
20251121,20251121_F06_e01,173,3,0.017341040462427744,3,1,3,0,3,-0.011160319187181337,-0.16319332457837601
20251121,20251121_F06_e02,173,96,0.5549132947976878,6,87,3,93,3,-0.49524162289489754,-0.7206812129473579
20251121,20251121_F07_e01,173,9,0.05202312138728324,3,5,1,8,1,-0.0691619587421928,-0.14780234343521212
20251121,20251121_F07_e02,19,13,0.6842105263157895,4,10,3,10,0,-0.7783308550284933,-0.9091976391598985
20251121,20251121_F08_e01,173,8,0.046242774566473986,2,6,0,8,0,-0.09727011527758697,-0.3717647309158684
20251121,20251121_F08_e02,80,16,0.2,4,6,0,16,0,-0.24601750494015467,-0.9746266080289441
20251121,20251121_F09_e01,173,7,0.04046242774566474,2,5,0,7,0,-0.022712561371486317,-0.037195763089538335
20251121,20251121_F10_e01,173,12,0.06936416184971098,8,4,6,6,6,-0.1365194580167188,-0.2528277422345704
20251121,20251121_F11_e01,173,7,0.04046242774566474,1,7,0,7,0,-0.06431818030853848,-0.12881991558836828
20251121,20251121_F12_e01,173,3,0.017341040462427744,1,3,0,3,0,-0.019508394239315614,-0.046466699861162294
20251121,20251121_G01_e01,173,27,0.15606936416184972,17,3,9,18,9,-0.0738159141250828,-0.2611259624265021
20251121,20251121_G01_e02,173,147,0.8497109826589595,11,125,1,146,1,-0.3452279464890352,-0.7915660272400483
20251121,20251121_G02_e01,173,13,0.07514450867052024,2,11,0,13,0,-0.11762720213476564,-0.8736639271330253
20251121,20251121_G03_e01,173,22,0.12716763005780346,12,4,6,16,6,-0.18458261543801008,-0.3994001259427629
20251121,20251121_G04_e01,173,11,0.06358381502890173,6,5,4,7,4,-0.1274133904950518,-0.429025787938243
20251121,20251121_G04_e02,18,12,0.6666666666666666,2,11,1,11,0,-0.450051863824913,-0.6589385345555229
20251121,20251121_G04_e03,173,125,0.7225433526011561,17,82,7,118,7,-0.37768767363628647,-0.7490105981760684
20251121,20251121_G05_e01,166,60,0.3614457831325301,14,9,1,59,0,-0.18169679174630993,-0.796999208456001
20251121,20251121_G05_e02,35,29,0.8285714285714286,12,9,8,21,0,-0.2683020811192573,-0.8949173873408381
20251121,20251121_G06_e01,173,18,0.10404624277456648,12,4,8,10,8,-0.12563040313042584,-0.6188112228573992
20251121,20251121_G07_e01,172,26,0.1511627906976744,9,8,5,21,5,-0.08727314083186657,-0.3974559998783965
20251121,20251121_G08_e01,172,21,0.12209302325581395,13,4,8,13,7,-0.04717432572422585,-0.9572882753941772
20251121,20251121_G09_e01,172,31,0.18023255813953487,18,8,14,17,13,-0.10631667833343474,-0.3242659850173623
20251121,20251121_G10_e01,173,8,0.046242774566473986,7,2,6,2,6,-0.03499150169552879,-0.13156518032691036
20251121,20251121_G10_e02,151,121,0.8013245033112583,16,90,10,111,5,-0.705973901958372,-0.9368003005637181
20251121,20251121_G10_e03,173,145,0.838150289017341,9,120,4,141,4,-0.8179800535411261,-0.9591043731432174
20251121,20251121_G11_e01,173,2,0.011560693641618497,2,1,2,0,1,-0.032949507744874505,-0.05234511724498278
20251121,20251121_G12_e01,173,3,0.017341040462427744,3,1,3,0,2,-0.06052262473542968,-0.06686974774580157
20251121,20251121_H01_e01,173,92,0.5317919075144508,1,92,0,92,0,-0.6475790784834508,-0.7488084483811192
20251121,20251121_H02_e01,173,6,0.03468208092485549,2,5,1,5,1,-0.015691026402139853,-0.02376366929577687
20251121,20251121_H03_e01,148,12,0.08108108108108109,4,8,2,10,0,-0.05387267196356206,-0.39657168179407287
20251121,20251121_H04_e01,173,5,0.028901734104046242,2,4,1,4,1,-0.10591941357055318,-0.14775679476270764
20251121,20251121_H05_e01,172,17,0.09883720930232558,10,6,7,10,7,-0.06989742778881164,-0.307185572899889
20251121,20251121_H06_e01,166,13,0.0783132530120482,7,7,6,7,4,-0.280666510921958,-0.5205067596854627
20251121,20251121_H06_e02,40,28,0.7,12,8,7,21,0,-0.386546596841728,-0.9279511221216217
20251121,20251121_H07_e01,171,9,0.05263157894736842,4,5,2,7,2,-0.05023106523580188,-0.08376014417991776
20251121,20251121_H08_e01,172,8,0.046511627906976744,8,1,8,0,8,-0.017939580042404854,-0.1143424108317778
20251121,20251121_H09_e01,173,22,0.12716763005780346,6,12,3,19,3,-0.25947596262575884,-0.6090448836591535
20251121,20251121_H10_e01,173,5,0.028901734104046242,4,2,3,2,3,-0.09269447000896985,-0.3262335105484231
20251121,20251121_H11_e01,173,0,0.0,0,0,0,0,0,,
20251121,20251121_H11_e02,173,127,0.7341040462427746,10,116,7,120,7,-0.5227354102478137,-0.9356424810507752
20251121,20251121_H12_e01,173,2,0.011560693641618497,2,1,2,0,2,-0.05938141949591408,-0.07593869045618341
20251125,20251125_A01_e01,231,12,0.05194805194805195,5,5,2,10,2,-0.1258383483127009,-0.2056154928329946
20251125,20251125_A02_e01,231,0,0.0,0,0,0,0,0,,
20251125,20251125_A03_e01,49,42,0.8571428571428571,3,40,2,40,0,-0.7172196584997889,-0.9561088251399305
20251125,20251125_A04_e01,231,119,0.5151515151515151,10,102,6,113,6,-0.5341079629799613,-0.7279484018016013
20251125,20251125_A05_e01,231,98,0.42424242424242425,19,64,11,87,11,-0.6067563222404393,-0.7439022909286708
20251125,20251125_A06_e01,231,114,0.4935064935064935,28,37,14,100,13,-0.39118179280944165,-0.7594124926726751
20251125,20251125_A07_e01,231,0,0.0,0,0,0,0,0,,
20251125,20251125_A08_e01,231,25,0.10822510822510822,14,4,8,17,8,-0.08383761332992158,-0.9800198672806028
20251125,20251125_A09_e01,231,0,0.0,0,0,0,0,0,,
20251125,20251125_A09_e02,231,76,0.329004329004329,1,76,0,76,0,-0.12385165375298393,-0.29712222047598114
20251125,20251125_A10_e01,231,96,0.4155844155844156,10,81,5,91,5,-0.5639406449415303,-0.6856423148097729
20251125,20251125_A11_e01,231,32,0.13852813852813853,21,5,14,18,14,-0.05857974301059112,-0.1855701248254765
20251125,20251125_A12_e01,231,0,0.0,0,0,0,0,0,,
20251125,20251125_B01_e01,231,11,0.047619047619047616,5,6,3,8,3,-0.024061586422920025,-0.14770298638126744
20251125,20251125_B02_e01,231,121,0.5238095238095238,4,98,0,121,0,-0.5049885749238766,-0.7283665848264096
20251125,20251125_B03_e01,231,25,0.10822510822510822,3,11,0,25,0,-0.27816869547002643,-0.6134563157724611
20251125,20251125_B04_e01,231,14,0.06060606060606061,3,6,0,14,0,-0.014892112318802938,-0.6649745439890636
20251125,20251125_B05_e01,231,32,0.13852813852813853,23,3,16,16,16,-0.07109884522911944,-0.4014428900549954
20251125,20251125_B06_e01,231,93,0.4025974025974026,17,63,11,82,11,-0.6236481217105021,-0.8322615675307469
20251125,20251125_B07_e01,231,113,0.48917748917748916,5,108,3,110,3,-0.544397794538827,-0.7541880782626883
20251125,20251125_B08_e01,231,0,0.0,0,0,0,0,0,,
20251125,20251125_B09_e01,231,79,0.341991341991342,10,63,6,73,6,-0.43623184025433437,-0.7081607970944318
20251125,20251125_B10_e01,231,154,0.6666666666666666,1,154,0,154,0,-0.6618303472468512,-0.7805336881064721
20251125,20251125_B11_e01,231,212,0.9177489177489178,1,212,0,212,0,-0.6391249037184865,-0.699705645863989
20251125,20251125_B12_e01,231,128,0.5541125541125541,13,83,5,123,5,-0.60840250844386,-0.7346033728822463
20251125,20251125_C01_e01,231,211,0.9134199134199135,3,209,2,209,2,-0.5668750510921418,-0.6697594944551494
20251125,20251125_C02_e01,231,100,0.4329004329004329,8,91,6,94,6,-0.5894096877968391,-0.7387547303022515
20251125,20251125_C03_e01,231,147,0.6363636363636364,6,135,4,143,4,-0.6272431702742285,-0.7128413869942573
20251125,20251125_C04_e01,231,159,0.6883116883116883,6,149,3,156,3,-0.6096005947800667,-0.7469077641898995
20251125,20251125_C05_e01,231,111,0.4805194805194805,10,93,5,106,5,-0.489378741723828,-0.7243820567125493
20251125,20251125_C06_e01,231,0,0.0,0,0,0,0,0,,
20251125,20251125_C07_e01,231,96,0.4155844155844156,18,35,8,88,8,-0.35759082027324274,-0.7078971294031627
20251125,20251125_C08_e01,231,39,0.16883116883116883,11,22,7,32,7,-0.07881625163350749,-0.6719839647511076
20251125,20251125_C09_e01,231,100,0.4329004329004329,17,57,7,93,7,-0.33135579390656666,-0.7342328852731208
20251125,20251125_C10_e01,231,7,0.030303030303030304,6,2,5,2,4,-0.042192395696200806,-0.539469069747308
20251125,20251125_C11_e01,231,70,0.30303030303030304,2,69,1,69,1,-0.06647414404205094,-0.10653003486829758
20251125,20251125_C12_e01,146,94,0.6438356164383562,13,57,4,90,3,-0.6778132840765667,-0.9586296074778132
20251125,20251125_D01_e01,231,30,0.12987012987012986,13,9,7,23,7,-0.1546728200087898,-0.6506602750099084
20251125,20251125_D02_e01,35,14,0.4,1,14,0,14,0,-0.27735318978361545,-0.7571952061561835
20251125,20251125_D03_e01,231,111,0.4805194805194805,13,77,6,105,6,-0.563659722235341,-0.7219943043646977
20251125,20251125_D04_e01,231,98,0.42424242424242425,14,77,8,90,8,-0.3277297507617919,-0.7427404166628142
20251125,20251125_D05_e01,231,166,0.7186147186147186,6,161,5,161,4,-0.44405041656846694,-0.7463961262979046
20251125,20251125_D06_e01,231,73,0.31601731601731603,22,13,9,64,9,-0.27763469663589074,-0.6926674192035785
20251125,20251125_D07_e01,231,0,0.0,0,0,0,0,0,,
20251125,20251125_D08_e01,231,149,0.645021645021645,17,94,8,141,8,-0.5661771979324389,-0.7406963941641096
20251125,20251125_D09_e01,231,35,0.15151515151515152,18,9,11,24,11,-0.03796239063816617,-0.5998023736671124
20251125,20251125_D10_e01,231,0,0.0,0,0,0,0,0,,
20251125,20251125_D11_e01,231,0,0.0,0,0,0,0,0,,
20251125,20251125_D12_e01,231,184,0.7965367965367965,2,162,0,184,0,-0.5365998243597745,-0.6365422369642328
20251125,20251125_E01_e01,231,180,0.7792207792207793,5,161,2,178,2,-0.563718770294303,-0.7123379985522594
20251125,20251125_E02_e01,231,45,0.19480519480519481,3,39,0,45,0,-0.2966178350690768,-0.35807293791863076
20251125,20251125_E03_e01,231,157,0.6796536796536796,8,143,3,154,3,-0.48814943341105244,-0.5860920364238155
20251125,20251125_E04_e01,231,162,0.7012987012987013,6,151,2,160,2,-0.3647096795824823,-0.7232715798599548
20251125,20251125_E05_e01,231,147,0.6363636363636364,20,64,7,140,7,-0.2892222606322318,-0.7544973925204532
20251125,20251125_E06_e01,231,34,0.1471861471861472,11,24,10,24,10,-0.06471426420945676,-0.29363073109726945
20251125,20251125_E07_e01,231,31,0.1341991341991342,13,17,10,21,10,-0.05857454224030702,-0.6345397023032655
20251125,20251125_E08_e01,231,166,0.7186147186147186,1,166,0,166,0,-0.6283889828434099,-0.748768544929089
20251125,20251125_E09_e01,231,61,0.26406926406926406,20,21,10,51,10,-0.1753665016220285,-0.6985336493540716
20251125,20251125_E10_e01,231,35,0.15151515151515152,7,23,4,31,4,-0.055945308335438225,-0.21716000178401712
20251125,20251125_E11_e01,231,0,0.0,0,0,0,0,0,,
20251125,20251125_E12_e01,231,48,0.2077922077922078,11,21,5,43,5,-0.5010363694475055,-0.7010745687817261
20251125,20251125_F01_e01,231,133,0.5757575757575758,5,103,1,132,1,-0.3157239147949917,-0.709736176568847
20251125,20251125_F02_e01,231,119,0.5151515151515151,3,116,1,118,1,-0.3758794252226405,-0.7109396181860149
20251125,20251125_F03_e01,231,145,0.6277056277056277,2,144,1,144,1,-0.31702111454867526,-0.7296226855211823
20251125,20251125_F04_e01,231,219,0.948051948051948,3,195,1,218,1,-0.7020996548311287,-0.7418658384361898
20251125,20251125_F05_e01,231,132,0.5714285714285714,14,113,9,123,9,-0.6768091717986155,-0.7618238340362717
20251125,20251125_F06_e01,231,190,0.8225108225108225,14,127,5,185,5,-0.5079466616641897,-0.8227051560599881
20251125,20251125_F07_e01,231,30,0.12987012987012986,5,23,3,27,3,-0.061745929639356524,-0.4420633629875008
20251125,20251125_F08_e01,231,186,0.8051948051948052,4,134,1,185,1,-0.6072439289094719,-0.8787139469430043
20251125,20251125_F08_e02,231,231,1.0,1,231,0,231,0,-0.9544049982414645,-0.9615359097350258
20251125,20251125_F09_e01,231,30,0.12987012987012986,9,15,5,25,5,-0.05900110030753217,-0.5431252185215819
20251125,20251125_F10_e01,231,13,0.05627705627705628,1,13,0,13,0,-0.049955610778749986,-0.0756303027843492
20251125,20251125_F11_e01,230,76,0.33043478260869563,11,36,5,71,5,-0.6559039134571878,-0.7813519053229315
20251125,20251125_F12_e01,231,112,0.48484848484848486,17,37,8,104,8,-0.5168122609642045,-0.759771563832513
20251125,20251125_G02_e01,231,155,0.670995670995671,4,96,1,154,1,-0.6025498001516225,-0.725811062228023
20251125,20251125_G03_e01,231,32,0.13852813852813853,9,15,5,27,5,-0.2977576520562807,-0.4231006040301702
20251125,20251125_G04_e01,231,147,0.6363636363636364,8,128,2,145,2,-0.6611122505227873,-0.7049949020553268
20251125,20251125_G05_e01,231,224,0.9696969696969697,1,224,0,224,0,-0.8816586942472104,-0.8985685083463196
20251125,20251125_G06_e01,231,109,0.47186147186147187,13,93,9,100,9,-0.45255978660251844,-0.7069739143658212
20251125,20251125_G07_e01,226,51,0.22566371681415928,16,9,9,42,5,-0.09503665671691187,-0.8697790543525185
20251125,20251125_G08_e01,231,213,0.922077922077922,1,213,0,213,0,-0.6353245887320126,-0.7051121774787755
20251125,20251125_G09_e01,231,128,0.5541125541125541,11,104,6,122,5,-0.33560783582385434,-0.7074930651519367
20251125,20251125_G10_e01,231,46,0.19913419913419914,12,11,3,43,3,-0.6539731637679187,-0.7526314998243028
20251125,20251125_G11_e01,231,0,0.0,0,0,0,0,0,,
20251125,20251125_G12_e01,231,209,0.9047619047619048,1,209,0,209,0,-0.6992685829872374,-0.7638896792738978
20251125,20251125_H01_e01,231,180,0.7792207792207793,7,157,2,178,2,-0.9699770116684328,-0.9776976761529785
20251125,20251125_H02_e01,231,34,0.1471861471861472,16,8,11,23,11,-0.09233935472267697,-0.5799537750536826
20251125,20251125_H03_e01,231,195,0.8441558441558441,6,187,2,193,2,-0.5163504619034236,-0.6930239650970754
20251125,20251125_H04_e01,231,125,0.5411255411255411,9,85,2,123,2,-0.5120203339681562,-0.6800131088412515
20251125,20251125_H05_e01,231,197,0.8528138528138528,5,192,3,194,3,-0.6941132905352437,-0.7192554783801024
20251125,20251125_H06_e01,231,0,0.0,0,0,0,0,0,,
20251125,20251125_H07_e01,231,53,0.22943722943722944,26,7,12,41,12,-0.11714085998530004,-0.6778293859636827
20251125,20251125_H08_e01,228,76,0.3333333333333333,11,47,5,71,5,-0.652226802830745,-0.7541878734324801
20251125,20251125_H09_e01,230,25,0.10869565217391304,13,6,7,18,7,-0.02603334201127639,-0.7502198291775031
20251125,20251125_H10_e01,231,65,0.2813852813852814,11,39,2,63,2,-0.6715735345743015,-0.7739893463807563
20251125,20251125_H11_e01,231,145,0.6277056277056277,15,90,4,141,3,-0.5732585359870604,-0.7838369567080429
20251125,20251125_H12_e01,231,38,0.1645021645021645,19,9,13,25,13,-0.43732292531701256,-0.6266909363327478
20251205,20251205_A01_e01,115,0,0.0,0,0,0,0,0,,
20251205,20251205_A02_e01,115,0,0.0,0,0,0,0,0,,
20251205,20251205_A03_e01,115,0,0.0,0,0,0,0,0,,
20251205,20251205_A04_e01,115,0,0.0,0,0,0,0,0,,
20251205,20251205_A05_e01,115,0,0.0,0,0,0,0,0,,
20251205,20251205_A06_e01,115,1,0.008695652173913044,1,1,1,0,1,-0.10638260250389242,-0.10638260250389242
20251205,20251205_A07_e01,115,2,0.017391304347826087,2,1,2,0,1,-0.022569512665637382,-0.044006135422313755
20251205,20251205_A08_e01,115,0,0.0,0,0,0,0,0,,
20251205,20251205_A09_e01,115,0,0.0,0,0,0,0,0,,
20251205,20251205_A10_e01,115,0,0.0,0,0,0,0,0,,
20251205,20251205_A11_e01,115,79,0.6869565217391305,1,79,0,79,0,-0.47656781441612445,-0.5277265084878172
20251205,20251205_A12_e01,115,26,0.22608695652173913,5,13,1,25,1,-0.07231497952263358,-0.16437427376226632
20251205,20251205_B01_e01,115,1,0.008695652173913044,1,1,1,0,1,-0.03754436696287238,-0.03754436696287238
20251205,20251205_B01_e02,115,115,1.0,1,115,0,115,0,-0.6576767779124199,-0.7849940403869518
20251205,20251205_B02_e01,115,22,0.19130434782608696,2,21,1,21,1,-0.11446427154282311,-0.17342400314231518
20251205,20251205_B03_e01,115,4,0.034782608695652174,1,4,0,4,0,-0.051158010993246635,-0.08624439922638381
20251205,20251205_B04_e01,115,21,0.1826086956521739,6,15,4,17,4,-0.09473370464071584,-0.13866289755081077
20251205,20251205_B05_e01,115,45,0.391304347826087,3,43,2,43,2,-0.09408471571734216,-0.1855546859754218
20251205,20251205_B06_e01,115,26,0.22608695652173913,5,20,3,23,2,-0.10308233988459564,-0.14782608940351283
20251205,20251205_B07_e01,115,0,0.0,0,0,0,0,0,,
20251205,20251205_B08_e01,115,7,0.06086956521739131,5,3,4,3,4,-0.04486593465738209,-0.09767862027160083
20251205,20251205_B09_e01,115,0,0.0,0,0,0,0,0,,
20251205,20251205_B10_e01,115,0,0.0,0,0,0,0,0,,
20251205,20251205_B11_e01,115,84,0.7304347826086957,1,84,0,84,0,-0.531499162311887,-0.6491518512775994
20251205,20251205_B12_e01,115,0,0.0,0,0,0,0,0,,
20251205,20251205_B12_e02,115,87,0.7565217391304347,6,56,3,84,3,-0.6636957954319258,-0.7625869036425494
20251205,20251205_C01_e01,115,1,0.008695652173913044,1,1,1,0,1,-0.01565665875994747,-0.01565665875994747
20251205,20251205_C02_e01,115,0,0.0,0,0,0,0,0,,
20251205,20251205_C03_e01,115,28,0.24347826086956523,1,28,0,28,0,-0.1576629008997013,-0.19205881373410388
20251205,20251205_C04_e01,115,5,0.043478260869565216,3,2,1,4,1,-0.038768656157481374,-0.04814160735320044
20251205,20251205_C05_e01,115,22,0.19130434782608696,7,15,5,17,5,-0.04195768056929264,-0.13738388767459433
20251205,20251205_C06_e01,115,0,0.0,0,0,0,0,0,,
20251205,20251205_C07_e01,115,2,0.017391304347826087,1,2,0,2,0,-0.014806018404054277,-0.026338073743003523
20251205,20251205_C08_e01,115,42,0.3652173913043478,9,23,4,38,4,-0.056673709143378694,-0.2215015982542332
20251205,20251205_C09_e01,115,1,0.008695652173913044,1,1,1,0,1,-0.05125746958888862,-0.05125746958888862
20251205,20251205_C10_e01,115,3,0.02608695652173913,1,3,0,3,0,-0.0244150581125669,-0.04945378939623712
20251205,20251205_C11_e01,115,99,0.8608695652173913,2,97,0,99,0,-0.6567578116336847,-0.7155245983230769
20251205,20251205_C12_e01,115,44,0.3826086956521739,3,33,0,44,0,-0.05167508229003166,-0.14117522918803346
20251205,20251205_D01_e01,115,0,0.0,0,0,0,0,0,,
20251205,20251205_D02_e01,115,11,0.09565217391304348,2,7,0,11,0,-0.09853743778418987,-0.14285456701709717
20251205,20251205_D03_e01,115,19,0.16521739130434782,2,10,0,19,0,-0.017542478903975926,-0.04776766177700378
20251205,20251205_D04_e01,115,34,0.2956521739130435,2,24,0,34,0,-0.10923901414305358,-0.17443799448158862
20251205,20251205_D05_e01,115,31,0.26956521739130435,7,23,5,26,5,-0.10186254609838301,-0.18134291251982637
20251205,20251205_D06_e01,115,10,0.08695652173913043,3,8,2,8,2,-0.04841804252086239,-0.06719093120844949
20251205,20251205_D07_e01,115,37,0.3217391304347826,8,27,5,32,5,-0.06765758609126407,-0.21196158673505455
20251205,20251205_D08_e01,115,24,0.20869565217391303,7,9,2,22,2,-0.031617681049234736,-0.14236012705645223
20251205,20251205_D09_e01,115,67,0.5826086956521739,1,67,0,67,0,-0.33885962916432816,-0.5359104781934011
20251205,20251205_D10_e01,115,28,0.24347826086956523,4,21,2,26,2,-0.06254580476098456,-0.12873476493685232
20251205,20251205_D11_e01,115,31,0.26956521739130435,3,22,1,30,1,-0.07455191166346624,-0.13391645444318004
20251205,20251205_D11_e02,102,102,1.0,3,83,1,101,0,-0.8939402054657601,-0.9811470288819817
20251205,20251205_D12_e01,115,9,0.0782608695652174,4,6,3,6,3,-0.10221986444702895,-0.13683805529577234
20251205,20251205_E01_e01,115,23,0.2,4,17,1,22,1,-0.16074178932027675,-0.19535263201546682
20251205,20251205_E02_e01,115,23,0.2,1,23,0,23,0,-0.08221428992733266,-0.11187894126516047
20251205,20251205_E03_e01,115,24,0.20869565217391303,5,20,4,20,4,-0.057813217281524484,-0.12089202160408746
20251205,20251205_E04_e01,115,0,0.0,0,0,0,0,0,,
20251205,20251205_E05_e01,115,34,0.2956521739130435,3,32,2,32,2,-0.16080129729801998,-0.23351781346009812
20251205,20251205_E06_e01,115,9,0.0782608695652174,8,2,7,2,6,-0.055083176605852685,-0.1278780989549838
20251205,20251205_E07_e01,115,1,0.008695652173913044,1,1,1,0,1,-0.009126982059324197,-0.009126982059324197
20251205,20251205_E08_e01,115,28,0.24347826086956523,7,12,4,24,4,-0.04926422626532821,-0.1264334851193929
20251205,20251205_E09_e01,115,0,0.0,0,0,0,0,0,,
20251205,20251205_E10_e01,115,22,0.19130434782608696,10,5,5,17,5,-0.04441844490656002,-0.15062379083303418
20251205,20251205_E11_e01,115,74,0.6434782608695652,2,73,1,73,1,-0.3549672125030121,-0.44871882612936537
20251205,20251205_E12_e01,115,7,0.06086956521739131,3,5,2,5,2,-0.14948653700811618,-0.36648804594165146
20251205,20251205_F01_e01,115,0,0.0,0,0,0,0,0,,
20251205,20251205_F02_e01,115,0,0.0,0,0,0,0,0,,
20251205,20251205_F03_e01,115,41,0.3565217391304348,3,33,1,40,1,-0.16402392386000542,-0.23944989891991428
20251205,20251205_F04_e01,115,28,0.24347826086956523,3,26,2,26,2,-0.0835385429123295,-0.15428515936671147
20251205,20251205_F04_e02,115,113,0.9826086956521739,2,112,1,112,0,-0.6244776667715344,-0.8026255332841404
20251205,20251205_F05_e01,115,28,0.24347826086956523,5,22,3,25,3,-0.0725063892532114,-0.13179218172093302
20251205,20251205_F06_e01,115,0,0.0,0,0,0,0,0,,
20251205,20251205_F07_e01,115,14,0.12173913043478261,6,5,3,11,3,-0.018334136279384544,-0.11802295286758893
20251205,20251205_F08_e01,115,2,0.017391304347826087,2,1,2,0,2,-0.025179574920229215,-0.045811731607053735
20251205,20251205_F08_e02,114,114,1.0,2,87,0,114,0,-0.8203787859885597,-0.9117925183119967
20251205,20251205_F09_e01,115,0,0.0,0,0,0,0,0,,
20251205,20251205_F10_e01,115,1,0.008695652173913044,1,1,1,0,1,-0.0073663734543944785,-0.0073663734543944785
20251205,20251205_F11_e01,115,7,0.06086956521739131,5,2,3,4,3,-0.046756549801905266,-0.06612573652958145
20251205,20251205_F11_e02,115,64,0.5565217391304348,10,21,6,58,6,-0.47578322882938406,-0.687371298926991
20251205,20251205_F12_e01,115,3,0.02608695652173913,2,2,1,2,1,-0.1310347473850814,-0.13347595889794853
20251205,20251205_G01_e01,115,0,0.0,0,0,0,0,0,,
20251205,20251205_G02_e01,115,0,0.0,0,0,0,0,0,,
20251205,20251205_G03_e01,115,35,0.30434782608695654,5,23,3,32,2,-0.11399433817770756,-0.15618659168389848
20251205,20251205_G04_e01,115,39,0.3391304347826087,3,35,0,39,0,-0.17493461476723543,-0.2124003739727118
20251205,20251205_G05_e01,115,31,0.26956521739130435,2,30,1,30,1,-0.17840773225990927,-0.21404800369753482
20251205,20251205_G06_e01,115,3,0.02608695652173913,3,1,3,0,3,-0.05573370820225788,-0.10084889604707285
20251205,20251205_G07_e01,115,7,0.06086956521739131,4,2,1,6,1,-0.049166446695920844,-0.0861803526751551
20251205,20251205_G08_e01,115,115,1.0,1,115,0,115,0,-0.5254928798339812,-0.7683762911099347
20251205,20251205_G08_e02,115,79,0.6869565217391305,8,38,2,77,2,-0.41958655292767444,-0.6745262801611193
20251205,20251205_G09_e01,115,13,0.11304347826086956,1,13,0,13,0,-0.10442304388551507,-0.11512417928094912
20251205,20251205_G10_e01,115,28,0.24347826086956523,2,27,1,27,0,-0.1151454221799377,-0.17522571021256572
20251205,20251205_G11_e01,115,0,0.0,0,0,0,0,0,,
20251205,20251205_G12_e01,115,0,0.0,0,0,0,0,0,,
20251205,20251205_H01_e01,115,0,0.0,0,0,0,0,0,,
20251205,20251205_H02_e01,115,0,0.0,0,0,0,0,0,,
20251205,20251205_H03_e01,115,0,0.0,0,0,0,0,0,,
20251205,20251205_H04_e01,115,0,0.0,0,0,0,0,0,,
20251205,20251205_H05_e02,115,0,0.0,0,0,0,0,0,,
20251205,20251205_H06_e01,115,115,1.0,1,115,0,115,0,-0.5563375936136477,-0.6992817886151688
20251205,20251205_H06_e02,115,64,0.5565217391304348,11,23,3,61,3,-0.4378164816497726,-0.799563541585727
20251205,20251205_H07_e01,115,1,0.008695652173913044,1,1,1,0,1,-0.042777824267056105,-0.042777824267056105
20251205,20251205_H08_e01,115,0,0.0,0,0,0,0,0,,
20251205,20251205_H08_e02,115,115,1.0,1,115,0,115,0,-0.5248442201353315,-0.732476991094193
20251205,20251205_H08_e03,115,115,1.0,1,115,0,115,0,-0.8027553638415421,-0.9275436334625554
20251205,20251205_H09_e01,115,27,0.23478260869565218,1,27,0,27,0,-0.07367710690162228,-0.247210373918735
20251205,20251205_H10_e01,115,58,0.5043478260869565,2,55,0,58,0,-0.13175180716045365,-0.23453822599004862
20251205,20251205_H11_e01,115,4,0.034782608695652174,3,2,2,2,2,-0.04435181250543281,-0.04966747972816066
20251205,20251205_H11_e02,115,0,0.0,0,0,0,0,0,,
20251205,20251205_H12_e01,115,0,0.0,0,0,0,0,0,,
20251207_pbx,20251207_pbx_A01_e01,132,98,0.7424242424242424,16,30,2,96,2,-0.07071397847756639,-0.21350123435012852
20251207_pbx,20251207_pbx_A01_e02,1,0,0.0,0,0,0,0,0,,
20251207_pbx,20251207_pbx_A02_e01,132,49,0.3712121212121212,9,17,2,47,2,-0.1126551794824544,-0.42532249076686957
20251207_pbx,20251207_pbx_A03_e01,132,74,0.5606060606060606,7,37,2,72,2,-0.12270989876625282,-0.44618453213945936
20251207_pbx,20251207_pbx_A04_e01,132,60,0.45454545454545453,12,11,2,58,2,-0.06679026586317076,-0.33585578976876007
20251207_pbx,20251207_pbx_A05_e01,132,42,0.3181818181818182,8,32,4,38,3,-0.08906539425725335,-0.14229572037773416
20251207_pbx,20251207_pbx_A06_e01,132,59,0.44696969696969696,3,54,1,58,1,-0.27777558339597663,-0.4984738280746277
20251207_pbx,20251207_pbx_A07_e01,132,1,0.007575757575757576,1,1,1,0,1,-0.09692355639020366,-0.09692355639020366
20251207_pbx,20251207_pbx_A07_e02,132,11,0.08333333333333333,2,10,1,10,1,-0.092902003196942,-0.13515668258620608
20251207_pbx,20251207_pbx_A08_e01,132,9,0.06818181818181818,5,4,3,6,3,-0.010813792228672459,-0.20277863922729517
20251207_pbx,20251207_pbx_A09_e01,132,11,0.08333333333333333,1,11,0,11,0,-0.21160387305890296,-0.2363591710942266
20251207_pbx,20251207_pbx_A10_e01,132,0,0.0,0,0,0,0,0,,
20251207_pbx,20251207_pbx_A11_e01,132,0,0.0,0,0,0,0,0,,
20251207_pbx,20251207_pbx_A11_e02,132,0,0.0,0,0,0,0,0,,
20251207_pbx,20251207_pbx_A12_e02,132,6,0.045454545454545456,5,2,4,2,4,-0.038749526561618335,-0.12082098105936571
20251207_pbx,20251207_pbx_B01_e01,132,69,0.5227272727272727,6,23,1,68,1,-0.11932747616423649,-0.30895154960157967
20251207_pbx,20251207_pbx_B02_e01,132,54,0.4090909090909091,21,14,11,43,11,-0.06361157757708383,-0.30647487240284366
20251207_pbx,20251207_pbx_B03_e01,132,51,0.38636363636363635,8,24,5,46,5,-0.08435067951448487,-0.251043166395315
20251207_pbx,20251207_pbx_B04_e01,132,69,0.5227272727272727,7,24,1,68,1,-0.07906767223118247,-0.31634521621632666
20251207_pbx,20251207_pbx_B04_e02,132,132,1.0,1,132,0,132,0,-0.7245285865889456,-0.8047271422304413
20251207_pbx,20251207_pbx_B05_e01,132,4,0.030303030303030304,3,2,2,2,2,-0.06070989311853453,-0.14569297875979734
20251207_pbx,20251207_pbx_B06_e01,132,19,0.14393939393939395,3,13,1,18,1,-0.048513921138989384,-0.15907647865732794
20251207_pbx,20251207_pbx_B07_e01,132,0,0.0,0,0,0,0,0,,
20251207_pbx,20251207_pbx_B08_e01,132,2,0.015151515151515152,1,2,0,2,0,-0.1738296147035086,-0.1786030195834784
20251207_pbx,20251207_pbx_B09_e01,132,1,0.007575757575757576,1,1,1,0,1,-0.022439294349234362,-0.022439294349234362
20251207_pbx,20251207_pbx_B10_e01,132,0,0.0,0,0,0,0,0,,
20251207_pbx,20251207_pbx_B11_e01,132,7,0.05303030303030303,3,4,1,6,1,-0.09184672550732512,-0.1400361237512355
20251207_pbx,20251207_pbx_B12_e01,132,9,0.06818181818181818,2,8,1,8,1,-0.017277565681483895,-0.05588887490155501
20251207_pbx,20251207_pbx_B12_e02,132,0,0.0,0,0,0,0,0,,
20251207_pbx,20251207_pbx_C01_e01,132,62,0.4696969696969697,6,46,3,59,3,-0.1335475825687606,-0.29314559990720346
20251207_pbx,20251207_pbx_C02_e01,132,31,0.23484848484848486,10,11,5,26,5,-0.14284849067881614,-0.33758694056881544
20251207_pbx,20251207_pbx_C03_e01,132,45,0.3409090909090909,11,19,5,40,5,-0.10079291653001579,-0.25056942468893034
20251207_pbx,20251207_pbx_C03_e02,1,0,0.0,0,0,0,0,0,,
20251207_pbx,20251207_pbx_C04_e01,132,47,0.3560606060606061,8,22,4,43,4,-0.2720342507919878,-0.6769274057341483
20251207_pbx,20251207_pbx_C05_e01,124,29,0.23387096774193547,7,8,1,28,0,-0.14161934717131205,-0.9038187272987757
20251207_pbx,20251207_pbx_C06_e01,132,0,0.0,0,0,0,0,0,,
20251207_pbx,20251207_pbx_C07_e01,132,10,0.07575757575757576,1,10,0,10,0,-0.057153887678620285,-0.12438398526637082
20251207_pbx,20251207_pbx_C08_e01,132,4,0.030303030303030304,2,3,1,3,1,-0.08414078260805533,-0.1296226825934082
20251207_pbx,20251207_pbx_C09_e01,132,46,0.3484848484848485,4,22,0,46,0,-0.09683513204916594,-0.14159579166549938
20251207_pbx,20251207_pbx_C10_e01,128,42,0.328125,16,6,6,36,4,-0.14880711117763956,-0.9675225335088338
20251207_pbx,20251207_pbx_C11_e01,132,132,1.0,1,132,0,132,0,-0.5470121344099431,-0.7603425756037326
20251207_pbx,20251207_pbx_C11_e02,132,19,0.14393939393939395,8,5,3,16,3,-0.09134115535767107,-0.6508064656957513
20251207_pbx,20251207_pbx_C12_e01,132,2,0.015151515151515152,2,1,2,0,2,-0.022021116202562082,-0.025115920022847637
20251207_pbx,20251207_pbx_D01_e01,132,43,0.32575757575757575,8,31,3,40,3,-0.0864713054539754,-0.20717583466806838
20251207_pbx,20251207_pbx_D01_e02,1,0,0.0,0,0,0,0,0,,
20251207_pbx,20251207_pbx_D02_e01,132,55,0.4166666666666667,2,29,0,55,0,-0.16929521363238653,-0.4085366809070898
20251207_pbx,20251207_pbx_D02_e02,132,57,0.4318181818181818,1,57,0,57,0,-0.6065697582204701,-0.965938996894135
20251207_pbx,20251207_pbx_D03_e01,132,68,0.5151515151515151,6,35,2,66,2,-0.12622011115389234,-0.2633084442467669
20251207_pbx,20251207_pbx_D04_e01,131,23,0.17557251908396945,8,8,2,21,2,-0.32240950984919237,-0.746325227392834
20251207_pbx,20251207_pbx_D05_e01,132,122,0.9242424242424242,2,110,0,122,0,-0.39094360134968487,-0.63823884738605
20251207_pbx,20251207_pbx_D06_e01,132,39,0.29545454545454547,1,39,0,39,0,-0.1994170277338642,-0.3965320631253441
20251207_pbx,20251207_pbx_D07_e01,132,27,0.20454545454545456,5,13,1,26,1,-0.1695174390969033,-0.2507007718311231
20251207_pbx,20251207_pbx_D08_e01,132,0,0.0,0,0,0,0,0,,
20251207_pbx,20251207_pbx_D09_e01,132,4,0.030303030303030304,2,3,1,3,1,-0.03972464385439384,-0.1370143376398224
20251207_pbx,20251207_pbx_D10_e01,132,56,0.42424242424242425,1,56,0,56,0,-0.2410077276236245,-0.6003040431409035
20251207_pbx,20251207_pbx_D10_e02,132,0,0.0,0,0,0,0,0,,
20251207_pbx,20251207_pbx_D11_e01,132,0,0.0,0,0,0,0,0,,
20251207_pbx,20251207_pbx_D12_e01,132,0,0.0,0,0,0,0,0,,
20251207_pbx,20251207_pbx_E01_e01,132,13,0.09848484848484848,11,2,9,4,9,-0.037084256103550074,-0.20966933436257912
20251207_pbx,20251207_pbx_E02_e01,132,70,0.5303030303030303,8,32,3,67,3,-0.13452342827010788,-0.4859294233495487
20251207_pbx,20251207_pbx_E02_e02,132,0,0.0,0,0,0,0,0,,
20251207_pbx,20251207_pbx_E03_e01,132,78,0.5909090909090909,16,18,4,74,4,-0.14148800091301772,-0.30026539450484335
20251207_pbx,20251207_pbx_E04_e01,132,29,0.2196969696969697,14,8,10,19,9,-0.13948849427644325,-0.9259016158265393
20251207_pbx,20251207_pbx_E05_e01,132,0,0.0,0,0,0,0,0,,
20251207_pbx,20251207_pbx_E06_e01,132,0,0.0,0,0,0,0,0,,
20251207_pbx,20251207_pbx_E07_e01,132,35,0.26515151515151514,12,18,8,27,8,-0.07059990135093747,-0.5660005782982531
20251207_pbx,20251207_pbx_E08_e01,132,0,0.0,0,0,0,0,0,,
20251207_pbx,20251207_pbx_E09_e01,132,55,0.4166666666666667,6,23,0,55,0,-0.05019851830413314,-0.2086178573955365
20251207_pbx,20251207_pbx_E10_e01,132,1,0.007575757575757576,1,1,1,0,1,-0.01243408696366338,-0.01243408696366338
20251207_pbx,20251207_pbx_E11_e01,132,0,0.0,0,0,0,0,0,,
20251207_pbx,20251207_pbx_E12_e01,132,0,0.0,0,0,0,0,0,,
20251207_pbx,20251207_pbx_F01_e01,132,34,0.25757575757575757,9,14,4,30,4,-0.10272032803757825,-0.18478721594501
20251207_pbx,20251207_pbx_F01_e02,1,0,0.0,0,0,0,0,0,,
20251207_pbx,20251207_pbx_F02_e01,132,131,0.9924242424242424,2,106,0,131,0,-0.4683678957936704,-0.6626864649432442
20251207_pbx,20251207_pbx_F02_e02,132,9,0.06818181818181818,1,9,0,9,0,-0.08635963071213941,-0.10584747169187457
20251207_pbx,20251207_pbx_F03_e01,132,40,0.30303030303030304,20,5,9,31,9,-0.08738187479052709,-0.2856264598394544
20251207_pbx,20251207_pbx_F04_e01,132,35,0.26515151515151514,9,19,2,33,2,-0.2842916994765855,-0.8741710351070772
20251207_pbx,20251207_pbx_F05_e01,132,132,1.0,1,132,0,132,0,-0.5868123783484926,-0.7800885763609542
20251207_pbx,20251207_pbx_F06_e01,132,3,0.022727272727272728,1,3,0,3,0,-0.14162428156246817,-0.14924811169937585
20251207_pbx,20251207_pbx_F06_e02,132,49,0.3712121212121212,1,49,0,49,0,-0.3619724212582289,-0.7578392821762007
20251207_pbx,20251207_pbx_F06_e03,115,0,0.0,0,0,0,0,0,,
20251207_pbx,20251207_pbx_F07_e01,132,23,0.17424242424242425,2,21,0,23,0,-0.11408528128831578,-0.14797541677593434
20251207_pbx,20251207_pbx_F08_e01,132,1,0.007575757575757576,1,1,1,0,1,-0.08261401667196022,-0.08261401667196022
20251207_pbx,20251207_pbx_F08_e02,132,0,0.0,0,0,0,0,0,,
20251207_pbx,20251207_pbx_F09_e01,132,0,0.0,0,0,0,0,0,,
20251207_pbx,20251207_pbx_F10_e01,132,1,0.007575757575757576,1,1,1,0,1,-0.11030211399534669,-0.11030211399534669
20251207_pbx,20251207_pbx_F11_e01,132,1,0.007575757575757576,1,1,1,0,1,-0.0015763117380706373,-0.0015763117380706373
20251207_pbx,20251207_pbx_F11_e02,132,0,0.0,0,0,0,0,0,,
20251207_pbx,20251207_pbx_F12_e01,132,122,0.9242424242424242,5,103,1,121,1,-0.10112052958570387,-0.1557690436001891
20251207_pbx,20251207_pbx_G01_e01,132,46,0.3484848484848485,18,10,9,37,8,-0.09083819853304145,-0.2097965852415717
20251207_pbx,20251207_pbx_G01_e02,1,0,0.0,0,0,0,0,0,,
20251207_pbx,20251207_pbx_G02_e01,132,43,0.32575757575757575,10,15,5,38,5,-0.1188374218940465,-0.21777501989860845
20251207_pbx,20251207_pbx_G02_e02,132,33,0.25,2,27,0,33,0,-0.06727407734224544,-0.21086475730652385
20251207_pbx,20251207_pbx_G03_e01,132,128,0.9696969696969697,2,119,0,128,0,-0.4850498525811979,-0.6805408553463548
20251207_pbx,20251207_pbx_G04_e01,132,62,0.4696969696969697,13,19,4,58,4,-0.06847568662235669,-0.24193142068118476
20251207_pbx,20251207_pbx_G05_e01,132,58,0.4393939393939394,7,50,5,53,5,-0.17887017809707595,-0.39943294538348273
20251207_pbx,20251207_pbx_G05_e02,132,0,0.0,0,0,0,0,0,,
20251207_pbx,20251207_pbx_G06_e01,132,126,0.9545454545454546,1,126,0,126,0,-0.5230998956651969,-0.7332348260802263
20251207_pbx,20251207_pbx_G07_e01,132,6,0.045454545454545456,3,3,1,5,1,-0.339408890740593,-0.600334091115113
20251207_pbx,20251207_pbx_G08_e01,132,1,0.007575757575757576,1,1,1,0,1,-0.0004027700520843695,-0.0004027700520843695
20251207_pbx,20251207_pbx_G09_e01,132,22,0.16666666666666666,2,18,0,22,0,-0.10695032647143785,-0.2841767812013924
20251207_pbx,20251207_pbx_G10_e01,132,0,0.0,0,0,0,0,0,,
20251207_pbx,20251207_pbx_G11_e01,132,118,0.8939393939393939,4,109,1,117,1,-0.48863160127920435,-0.731360676068997
20251207_pbx,20251207_pbx_G12_e01,132,1,0.007575757575757576,1,1,1,0,1,-0.12158099006637538,-0.12158099006637538
20251207_pbx,20251207_pbx_H01_e01,132,79,0.5984848484848485,12,48,7,72,6,-0.09233191292826878,-0.273209694229351
20251207_pbx,20251207_pbx_H02_e01,132,44,0.3333333333333333,5,38,3,41,3,-0.2348488271995142,-0.6174070971749861
20251207_pbx,20251207_pbx_H02_e02,132,66,0.5,1,66,0,66,0,-0.5171596960535867,-0.930677053300157
20251207_pbx,20251207_pbx_H03_e01,132,20,0.15151515151515152,6,11,2,18,2,-0.16575732035153118,-0.3012557995449208
20251207_pbx,20251207_pbx_H03_e02,20,0,0.0,0,0,0,0,0,,
20251207_pbx,20251207_pbx_H04_e01,131,19,0.1450381679389313,5,15,4,15,4,-0.36244530107135925,-0.8091171319782304
20251207_pbx,20251207_pbx_H05_e01,114,19,0.16666666666666666,13,5,10,9,5,-0.4187697309383329,-0.8562922585623782
20251207_pbx,20251207_pbx_H06_e01,132,132,1.0,1,132,0,132,0,-0.5985991021759511,-0.7621921171019403
20251207_pbx,20251207_pbx_H07_e01,132,21,0.1590909090909091,1,21,0,21,0,-0.09117366585178753,-0.23698798426791878
20251207_pbx,20251207_pbx_H08_e01,132,3,0.022727272727272728,1,3,0,3,0,-0.02813220497144037,-0.0354009063761776
20251207_pbx,20251207_pbx_H09_e01,132,9,0.06818181818181818,1,9,0,9,0,-0.15203032998253133,-0.18310486385550628
20251207_pbx,20251207_pbx_H10_e01,132,1,0.007575757575757576,1,1,1,0,1,-0.026358339640400723,-0.026358339640400723
20251207_pbx,20251207_pbx_H11_e01,132,11,0.08333333333333333,1,11,0,11,0,-0.19212548674972532,-0.22620194737265456
20251207_pbx,20251207_pbx_H12_e01,132,0,0.0,0,0,0,0,0,,
20251212,20251212_A01_e01,115,9,0.0782608695652174,2,8,1,8,0,-0.06055492464198681,-0.1183598601743034
20251212,20251212_A02_e01,115,72,0.6260869565217392,1,72,0,72,0,-0.5128671302551217,-0.6251794760709207
20251212,20251212_A02_e02,60,23,0.38333333333333336,1,23,0,23,0,-0.4179053821394243,-0.920882312258996
20251212,20251212_A03_e01,115,88,0.7652173913043478,3,84,1,87,1,-0.5344288589886056,-0.6863594929623227
20251212,20251212_A04_e01,115,92,0.8,2,85,0,92,0,-0.5175244394867192,-0.6782650876416859
20251212,20251212_A05_e01,115,15,0.13043478260869565,2,14,1,14,1,-0.085712392732467,-0.3115218829211795
20251212,20251212_A06_e01,115,4,0.034782608695652174,2,3,1,3,1,-0.06166693777543078,-0.10363243707454929
20251212,20251212_A07_e01,115,2,0.017391304347826087,2,1,2,0,2,-0.040666663937323454,-0.07241482543366613
20251212,20251212_A08_e01,115,0,0.0,0,0,0,0,0,,
20251212,20251212_A09_e01,115,0,0.0,0,0,0,0,0,,
20251212,20251212_A10_e01,115,0,0.0,0,0,0,0,0,,
20251212,20251212_A11_e01,115,9,0.0782608695652174,5,3,3,6,3,-0.11446583401556598,-0.18885219821811655
20251212,20251212_A12_e01,115,2,0.017391304347826087,1,2,0,2,0,-0.10756384164665608,-0.13062239761831865
20251212,20251212_B01_e01,115,0,0.0,0,0,0,0,0,,
20251212,20251212_B02_e01,115,73,0.6347826086956522,1,73,0,73,0,-0.4139989844996207,-0.5923180783770818
20251212,20251212_B03_e01,115,61,0.5304347826086957,1,61,0,61,0,-0.29311162426764026,-0.5085421632509575
20251212,20251212_B04_e01,115,4,0.034782608695652174,3,2,2,2,2,-0.06731526814623545,-0.09375698797931727
20251212,20251212_B05_e01,115,0,0.0,0,0,0,0,0,,
20251212,20251212_B06_e01,115,0,0.0,0,0,0,0,0,,
20251212,20251212_B07_e01,115,7,0.06086956521739131,3,4,1,6,1,-0.12301749693018822,-0.14195330501054995
20251212,20251212_B08_e01,115,0,0.0,0,0,0,0,0,,
20251212,20251212_B09_e01,115,10,0.08695652173913043,5,4,3,7,3,-0.07171050900227878,-0.10989860092192827
20251212,20251212_B09_e02,115,115,1.0,1,115,0,115,0,-0.876332623549191,-0.9331237225127204
20251212,20251212_B10_e01,115,1,0.008695652173913044,1,1,1,0,1,-0.07082210382713112,-0.07082210382713112
20251212,20251212_B11_e01,115,0,0.0,0,0,0,0,0,,
20251212,20251212_B12_e01,115,7,0.06086956521739131,3,5,2,5,2,-0.07101583105169001,-0.10522010812299759
20251212,20251212_B12_e02,115,0,0.0,0,0,0,0,0,,
20251212,20251212_C01_e01,115,57,0.4956521739130435,2,56,1,56,1,-0.395177457133333,-0.5539935470630465
20251212,20251212_C02_e01,115,111,0.9652173913043478,1,111,0,111,0,-0.6318079496244589,-0.7934628706524395
20251212,20251212_C03_e01,115,12,0.10434782608695652,5,7,3,9,3,-0.07659922792239376,-0.13315386105585142
20251212,20251212_C04_e01,115,0,0.0,0,0,0,0,0,,
20251212,20251212_C05_e01,115,0,0.0,0,0,0,0,0,,
20251212,20251212_C06_e01,115,0,0.0,0,0,0,0,0,,
20251212,20251212_C06_e02,115,115,1.0,1,115,0,115,0,-0.7506497136055863,-0.8239666474774655
20251212,20251212_C07_e01,115,0,0.0,0,0,0,0,0,,
20251212,20251212_C09_e01,115,18,0.1565217391304348,10,3,6,12,6,-0.08620677678315763,-0.19877052508161577
20251212,20251212_C10_e01,115,20,0.17391304347826086,10,6,5,15,5,-0.08801595675191459,-0.16441913451619888
20251212,20251212_C11_e01,115,85,0.7391304347826086,1,85,0,85,0,-0.5402580272821712,-0.6726721603501672
20251212,20251212_C12_e01,115,1,0.008695652173913044,1,1,1,0,1,-0.021376849150194357,-0.021376849150194357
20251212,20251212_D01_e01,115,101,0.8782608695652174,2,99,0,101,0,-0.551617005505337,-0.7197046670674532
20251212,20251212_D02_e01,115,74,0.6434782608695652,1,74,0,74,0,-0.4763677521632955,-0.5799071098433507
20251212,20251212_D03_e01,115,72,0.6260869565217392,1,72,0,72,0,-0.4863172286935051,-0.6186897925048125
20251212,20251212_D03_e02,104,104,1.0,4,72,0,104,0,-0.9912917459503305,-0.9955029669573139
20251212,20251212_D04_e01,115,89,0.7739130434782608,2,87,0,89,0,-0.5621312635931552,-0.6897813261153615
20251212,20251212_D05_e01,115,0,0.0,0,0,0,0,0,,
20251212,20251212_D06_e01,115,10,0.08695652173913043,8,2,6,4,6,-0.02066831660223361,-0.1607618339095759
20251212,20251212_D07_e01,115,97,0.8434782608695652,3,92,1,96,1,-0.45304729716361813,-0.6383476339977876
20251212,20251212_D07_e02,39,28,0.717948717948718,1,28,0,28,0,-0.5667288693914783,-0.9903057090666593
20251212,20251212_D08_e01,115,7,0.06086956521739131,7,1,7,0,7,-0.08192790128233554,-0.13615386131447965
20251212,20251212_D09_e01,115,10,0.08695652173913043,2,8,0,10,0,-0.0423614145935447,-0.08827439137242461
20251212,20251212_D10_e01,115,90,0.782608695652174,2,87,0,90,0,-0.5174159461718376,-0.698701691162594
20251212,20251212_D11_e01,115,0,0.0,0,0,0,0,0,,
20251212,20251212_D12_e01,115,11,0.09565217391304348,9,2,7,4,7,-0.3853327516211818,-0.6900675473872726
20251212,20251212_D12_e02,40,13,0.325,4,10,3,10,0,-0.4365095825446523,-0.8095877053558969
20251212,20251212_E01_e01,115,8,0.06956521739130435,5,3,3,5,3,-0.05018122587849614,-0.43856493184204415
20251212,20251212_E03_e01,115,108,0.9391304347826087,1,108,0,108,0,-0.6114812104655387,-0.6924125978158018
20251212,20251212_E04_e01,115,18,0.1565217391304348,6,11,4,14,4,-0.08145788568653717,-0.15504024599886435
20251212,20251212_E05_e01,115,0,0.0,0,0,0,0,0,,
20251212,20251212_E06_e01,115,4,0.034782608695652174,4,1,4,0,3,-0.030959866714832442,-0.12200644555794288
20251212,20251212_E07_e01,115,2,0.017391304347826087,2,1,2,0,2,-0.07636355100108422,-0.13477865289302787
20251212,20251212_E08_e01,115,89,0.7739130434782608,4,80,2,87,2,-0.48687093785252994,-0.767347873025578
20251212,20251212_E08_e02,115,115,1.0,1,115,0,115,0,-0.8038234337014312,-0.8760460106770579
20251212,20251212_E09_e01,115,84,0.7304347826086957,1,84,0,84,0,-0.598504572150498,-0.7154922724618157
20251212,20251212_E10_e01,115,0,0.0,0,0,0,0,0,,
20251212,20251212_E11_e01,115,0,0.0,0,0,0,0,0,,
20251212,20251212_E12_e01,115,35,0.30434782608695654,9,14,5,30,5,-0.11185763839970753,-0.3210391181669334
20251212,20251212_F01_e01,115,103,0.8956521739130435,2,98,0,103,0,-0.5415785452151918,-0.8780364497463518
20251212,20251212_F02_e01,115,13,0.11304347826086956,2,11,0,13,0,-0.04131680424694069,-0.06101358453213483
20251212,20251212_F03_e01,115,0,0.0,0,0,0,0,0,,
20251212,20251212_F04_e01,115,14,0.12173913043478261,6,6,4,10,4,-0.09336020651850735,-0.18265460396341873
20251212,20251212_F05_e01,115,71,0.6173913043478261,1,71,0,71,0,-0.4265026923532715,-0.5489669921554788
20251212,20251212_F06_e01,115,61,0.5304347826086957,1,61,0,61,0,-0.2896908247678476,-0.4346777648439803
20251212,20251212_F06_e02,38,38,1.0,1,38,0,38,0,-0.9595800037377549,-0.9672468008935504
20251212,20251212_F07_e01,115,0,0.0,0,0,0,0,0,,
20251212,20251212_F08_e01,115,4,0.034782608695652174,3,2,2,2,2,-0.09439013803411475,-0.10438826960306906
20251212,20251212_F09_e01,115,108,0.9391304347826087,3,98,1,107,1,-0.5966835344829462,-0.7551501387630698
20251212,20251212_F10_e01,115,0,0.0,0,0,0,0,0,,
20251212,20251212_F11_e01,115,0,0.0,0,0,0,0,0,,
20251212,20251212_F12_e01,115,11,0.09565217391304348,6,4,3,8,2,-0.05155044595028248,-0.16136717366165831
20251212,20251212_G01_e01,115,3,0.02608695652173913,2,2,1,2,0,-0.07748003362564022,-0.08876583134574678
20251212,20251212_G02_e01,115,77,0.6695652173913044,1,77,0,77,0,-0.4680892237074538,-0.5857811971123109
20251212,20251212_G04_e01,115,1,0.008695652173913044,1,1,1,0,1,-0.024969083141206477,-0.024969083141206477
20251212,20251212_G05_e01,115,5,0.043478260869565216,1,5,0,5,0,-0.0331144191235155,-0.05931446738028107
20251212,20251212_G06_e01,115,1,0.008695652173913044,1,1,1,0,1,-0.0504086818716766,-0.0504086818716766
20251212,20251212_G07_e01,115,76,0.6608695652173913,1,76,0,76,0,-0.4021635225192408,-0.5260525094547841
20251212,20251212_G08_e01,115,81,0.7043478260869566,1,81,0,81,0,-0.5145580922891185,-0.6415806763561761
20251212,20251212_G08_e02,1,0,0.0,0,0,0,0,0,,
20251212,20251212_G09_e01,115,18,0.1565217391304348,6,10,3,15,3,-0.35647106764962044,-0.7667117419879764
20251212,20251212_G10_e01,115,10,0.08695652173913043,6,3,3,7,3,-0.10560298410736743,-0.15546797898067355
20251212,20251212_G11_e01,115,11,0.09565217391304348,9,2,7,4,6,-0.09386073040149222,-0.17490883049597009
20251212,20251212_G12_e01,115,11,0.09565217391304348,10,2,9,2,9,-0.0881167504668949,-0.7536925055159472
20251212,20251212_H01_e01,115,22,0.19130434782608696,4,17,1,21,1,-0.33039805242425024,-0.4045538336725725
20251212,20251212_H02_e01,115,70,0.6086956521739131,2,69,1,69,1,-0.5282916653745797,-0.6432915929326954
20251212,20251212_H03_e01,115,78,0.6782608695652174,1,78,0,78,0,-0.43130795449824316,-0.5916219123218083
20251212,20251212_H04_e01,115,0,0.0,0,0,0,0,0,,
20251212,20251212_H05_e01,115,4,0.034782608695652174,3,2,2,2,2,-0.08460289913250277,-0.11050037157987637
20251212,20251212_H06_e01,115,0,0.0,0,0,0,0,0,,
20251212,20251212_H07_e01,115,18,0.1565217391304348,2,15,0,18,0,-0.08008258583963104,-0.156635077545662
20251212,20251212_H08_e01,115,5,0.043478260869565216,4,2,3,2,3,-0.08377548582924146,-0.11045298007731577
20251212,20251212_H09_e01,115,10,0.08695652173913043,6,4,4,6,4,-0.05434114136725249,-0.1279463404836373
20251212,20251212_H10_e01,115,1,0.008695652173913044,1,1,1,0,1,-0.022422872123816835,-0.022422872123816835
20251212,20251212_H11_e01,115,2,0.017391304347826087,2,1,2,0,2,-0.06599516651570161,-0.1061952889287853
20251212,20251212_H12_e01,115,1,0.008695652173913044,1,1,1,0,1,-0.015625166301606118,-0.015625166301606118
20260122,20260122_A01_e01,104,40,0.38461538461538464,1,40,0,40,0,-0.19521052319433707,-0.2858409281113802
20260122,20260122_A02_e01,104,1,0.009615384615384616,1,1,1,0,1,-0.24173447427783848,-0.24173447427783848
20260122,20260122_A02_e02,104,0,0.0,0,0,0,0,0,,
20260122,20260122_A03_e01,103,73,0.7087378640776699,3,69,0,73,0,-0.5387405647617636,-0.9610427057024672
20260122,20260122_A04_e01,104,12,0.11538461538461539,2,11,1,11,0,-0.019792251393122212,-0.03062268196183945
20260122,20260122_A04_e02,104,0,0.0,0,0,0,0,0,,
20260122,20260122_A04_e03,104,0,0.0,0,0,0,0,0,,
20260122,20260122_A05_e01,104,8,0.07692307692307693,4,3,2,6,1,-0.04293810877744206,-0.1159507864399261
20260122,20260122_A05_e02,104,3,0.028846153846153848,2,2,1,2,1,-0.09887878062285195,-0.17585387967033098
20260122,20260122_A05_e03,104,14,0.1346153846153846,5,9,3,11,3,-0.5537074010187182,-0.7110667924825258
20260122,20260122_A06_e01,104,43,0.41346153846153844,2,42,1,42,1,-0.5197539247249345,-0.5972857082274199
20260122,20260122_A06_e02,104,48,0.46153846153846156,1,48,0,48,0,-0.3804227133612599,-0.4694235777957104
20260122,20260122_A06_e03,30,19,0.6333333333333333,1,19,0,19,0,-0.15811079070790843,-0.4496246458158418
20260122,20260122_A07_e01,104,76,0.7307692307692307,2,64,0,76,0,-0.4913551927344305,-0.6713204987830209
20260122,20260122_A07_e02,104,93,0.8942307692307693,1,93,0,93,0,-0.7243785298363246,-0.7916580804758638
20260122,20260122_A07_e03,104,0,0.0,0,0,0,0,0,,
20260122,20260122_A08_e01,104,0,0.0,0,0,0,0,0,,
20260122,20260122_A08_e02,104,0,0.0,0,0,0,0,0,,
20260122,20260122_A09_e01,104,0,0.0,0,0,0,0,0,,
20260122,20260122_A09_e02,104,44,0.4230769230769231,1,44,0,44,0,-0.48711713941428125,-0.9358838260698473
20260122,20260122_A09_e03,104,102,0.9807692307692307,2,52,0,102,0,-0.41837019222564265,-0.592678558004894
20260122,20260122_A10_e01,104,18,0.17307692307692307,14,2,10,8,9,-0.17691351987970272,-0.6568564350386636
20260122,20260122_A10_e02,104,19,0.18269230769230768,14,4,11,8,11,-0.14260243606900913,-0.6446942531655043
20260122,20260122_A10_e03,76,40,0.5263157894736842,13,22,9,31,6,-0.28294004285155305,-0.9779787204023149
20260122,20260122_A10_e04,104,52,0.5,17,20,9,43,9,-0.2101630390903179,-0.9392075580838883
20260122,20260122_A11_e01,104,0,0.0,0,0,0,0,0,,
20260122,20260122_B01_e01,104,0,0.0,0,0,0,0,0,,
20260122,20260122_B01_e02,104,27,0.25961538461538464,4,20,2,25,1,-0.04136314702852372,-0.2547282437032182
20260122,20260122_B02_e01,104,0,0.0,0,0,0,0,0,,
20260122,20260122_B03_e01,104,0,0.0,0,0,0,0,0,,
20260122,20260122_B03_e02,96,87,0.90625,1,87,0,87,0,-0.5650150142829387,-0.9940755737511493
20260122,20260122_B03_e03,104,64,0.6153846153846154,2,61,0,64,0,-0.42790122105374456,-0.6011798471059835
20260122,20260122_B03_e04,104,0,0.0,0,0,0,0,0,,
20260122,20260122_B03_e05,81,48,0.5925925925925926,2,44,0,48,0,-0.48741208801258584,-0.9206642050153917
20260122,20260122_B04_e01,104,0,0.0,0,0,0,0,0,,
20260122,20260122_B05_e01,94,60,0.6382978723404256,2,59,1,59,0,-0.9031190909548714,-0.9180485824582834
20260122,20260122_B06_e01,104,52,0.5,1,52,0,52,0,-0.2907619264101978,-0.6269579495415454
20260122,20260122_B07_e01,104,0,0.0,0,0,0,0,0,,
20260122,20260122_B08_e01,104,46,0.4423076923076923,9,22,2,44,2,-0.3706081464477097,-0.6608481008475307
20260122,20260122_B09_e01,104,0,0.0,0,0,0,0,0,,
20260122,20260122_B09_e02,104,84,0.8076923076923077,1,84,0,84,0,-0.4961112963545723,-0.7146994801187583
20260122,20260122_B10_e01,104,23,0.22115384615384615,11,4,5,18,5,-0.0931798178107274,-0.5983219073671805
20260122,20260122_B10_e02,104,34,0.3269230769230769,13,9,5,29,5,-0.320509730227041,-0.7506407524824853
20260122,20260122_B10_e03,104,41,0.3942307692307692,8,15,2,39,2,-0.22527437961333907,-0.7038189363379258
20260122,20260122_B11_e01,104,24,0.23076923076923078,5,16,2,22,2,-0.035080076143227286,-0.04919261268263461
20260122,20260122_B11_e02,104,9,0.08653846153846154,5,5,4,5,4,-0.039865761142805635,-0.07136595900048352
20260122,20260122_B12_e01,104,17,0.16346153846153846,2,13,0,17,0,-0.27687549776917697,-0.3753329668898364
20260122,20260122_B12_e02,104,0,0.0,0,0,0,0,0,,
20260122,20260122_C01_e01,104,0,0.0,0,0,0,0,0,,
20260122,20260122_C02_e01,65,0,0.0,0,0,0,0,0,,
20260122,20260122_C02_e02,104,0,0.0,0,0,0,0,0,,
20260122,20260122_C02_e03,104,2,0.019230769230769232,1,2,0,2,0,-0.13560187077727565,-0.1428882091451645
20260122,20260122_C03_e01,104,47,0.4519230769230769,3,45,2,45,2,-0.4036936188656879,-0.5743459394110929
20260122,20260122_C03_e02,104,27,0.25961538461538464,3,23,1,26,1,-0.5484802812859054,-0.6433983457225234
20260122,20260122_C04_e01,104,0,0.0,0,0,0,0,0,,
20260122,20260122_C04_e02,104,0,0.0,0,0,0,0,0,,
20260122,20260122_C04_e03,104,81,0.7788461538461539,1,81,0,81,0,-0.745849593387575,-0.939572288599191
20260122,20260122_C05_e01,104,0,0.0,0,0,0,0,0,,
20260122,20260122_C05_e02,1,0,0.0,0,0,0,0,0,,
20260122,20260122_C06_e01,104,0,0.0,0,0,0,0,0,,
20260122,20260122_C07_e01,104,0,0.0,0,0,0,0,0,,
20260122,20260122_C08_e01,104,0,0.0,0,0,0,0,0,,
20260122,20260122_C08_e02,104,26,0.25,1,26,0,26,0,-0.08825215023636926,-0.12080544462567804
20260122,20260122_C08_e03,97,88,0.9072164948453608,6,53,2,86,2,-0.23113706915287827,-0.9833892500888388
20260122,20260122_C09_e01,104,0,0.0,0,0,0,0,0,,
20260122,20260122_C10_e01,104,0,0.0,0,0,0,0,0,,
20260122,20260122_C10_e02,104,44,0.4230769230769231,2,43,1,43,1,-0.25718552770671177,-0.5763994717630304
20260122,20260122_C10_e03,104,83,0.7980769230769231,1,83,0,83,0,-0.28903674140697994,-0.4193028111984107
20260122,20260122_C11_e01,104,0,0.0,0,0,0,0,0,,
20260122,20260122_C11_e02,104,8,0.07692307692307693,2,6,0,8,0,-0.019448830881971357,-0.027884214450988248
20260122,20260122_C11_e03,104,13,0.125,1,13,0,13,0,-0.029756875786450105,-0.03800978993548
20260122,20260122_C11_e04,83,83,1.0,1,83,0,83,0,-0.8281102823076936,-0.9971486537535313
20260122,20260122_C12_e01,104,0,0.0,0,0,0,0,0,,
20260122,20260122_C12_e02,104,0,0.0,0,0,0,0,0,,
20260122,20260122_C12_e03,104,26,0.25,1,26,0,26,0,-0.3538845355674495,-0.4755115977326197
20260122,20260122_D01_e01,104,0,0.0,0,0,0,0,0,,
20260122,20260122_D01_e02,104,18,0.17307692307692307,2,16,0,18,0,-0.1587595594101115,-0.18580220507230383
20260122,20260122_D02_e01,104,0,0.0,0,0,0,0,0,,
20260122,20260122_D02_e02,104,6,0.057692307692307696,1,6,0,6,0,-0.01500965976771982,-0.028552817409686036
20260122,20260122_D02_e03,85,26,0.3058823529411765,1,26,0,26,0,-0.5328707065510982,-0.9493518523945528
20260122,20260122_D03_e01,104,0,0.0,0,0,0,0,0,,
20260122,20260122_D03_e02,104,9,0.08653846153846154,1,9,0,9,0,-0.019429609542535,-0.09472815927312109
20260122,20260122_D04_e01,104,52,0.5,3,44,1,51,1,-0.44435763620635305,-0.6495492872003917
20260122,20260122_D04_e02,104,62,0.5961538461538461,3,54,1,61,1,-0.48417624046033647,-0.6347736508119018
20260122,20260122_D05_e01,104,12,0.11538461538461539,1,12,0,12,0,-0.0596185779114078,-0.17610168029489218
20260122,20260122_D05_e02,104,46,0.4423076923076923,5,20,0,46,0,-0.16784669404449243,-0.2964702724371641
20260122,20260122_D06_e01,104,0,0.0,0,0,0,0,0,,
20260122,20260122_D06_e02,104,0,0.0,0,0,0,0,0,,
20260122,20260122_D06_e03,104,0,0.0,0,0,0,0,0,,
20260122,20260122_D07_e01,104,0,0.0,0,0,0,0,0,,
20260122,20260122_D08_e01,104,0,0.0,0,0,0,0,0,,
20260122,20260122_D08_e02,104,0,0.0,0,0,0,0,0,,
20260122,20260122_D09_e01,104,0,0.0,0,0,0,0,0,,
20260122,20260122_D10_e01,104,3,0.028846153846153848,2,2,1,2,1,-0.04696052917981201,-0.07728666692734887
20260122,20260122_D10_e02,104,0,0.0,0,0,0,0,0,,
20260122,20260122_D11_e01,104,0,0.0,0,0,0,0,0,,
20260122,20260122_D12_e01,104,2,0.019230769230769232,1,2,0,2,0,-0.010911537737685321,-0.014392152264897772
20260122,20260122_D12_e02,104,0,0.0,0,0,0,0,0,,
20260122,20260122_D12_e03,36,30,0.8333333333333334,1,30,0,30,0,-0.6065044437189133,-0.9889835082499779
20260122,20260122_E01_e01,104,0,0.0,0,0,0,0,0,,
20260122,20260122_E02_e01,104,0,0.0,0,0,0,0,0,,
20260122,20260122_E02_e02,104,0,0.0,0,0,0,0,0,,
20260122,20260122_E03_e01,104,0,0.0,0,0,0,0,0,,
20260122,20260122_E03_e02,104,9,0.08653846153846154,3,5,0,9,0,-0.030230125063600254,-0.08215840748592038
20260122,20260122_E04_e01,104,0,0.0,0,0,0,0,0,,
20260122,20260122_E04_e02,104,0,0.0,0,0,0,0,0,,
20260122,20260122_E05_e01,104,0,0.0,0,0,0,0,0,,
20260122,20260122_E05_e02,104,40,0.38461538461538464,4,27,0,40,0,-0.1012992001623892,-0.1698216957653777
20260122,20260122_E06_e01,104,74,0.7115384615384616,3,66,1,73,1,-0.6319375567202842,-0.7147750478911925
20260122,20260122_E07_e01,104,0,0.0,0,0,0,0,0,,
20260122,20260122_E08_e01,104,1,0.009615384615384616,1,1,1,0,1,-0.05692915381196177,-0.05692915381196177
20260122,20260122_E09_e01,104,1,0.009615384615384616,1,1,1,0,1,-0.3110177422901531,-0.3110177422901531
20260122,20260122_E10_e01,104,20,0.19230769230769232,13,4,9,11,9,-0.17180435616727996,-0.624106752977763
20260122,20260122_E10_e02,104,28,0.2692307692307692,11,6,4,24,4,-0.24023273151888416,-0.6729334694705021
20260122,20260122_E10_e03,104,13,0.125,6,4,3,10,3,-0.4502140372562345,-0.7038296703474367
20260122,20260122_E11_e01,104,2,0.019230769230769232,2,1,2,0,2,-0.07621819924596754,-0.08651528771848661
20260122,20260122_E11_e02,104,2,0.019230769230769232,2,1,2,0,2,-0.10439777708088886,-0.10672377724154126
20260122,20260122_E11_e03,104,28,0.2692307692307692,3,25,1,27,1,-0.06784708803790698,-0.09330837654858753
20260122,20260122_E12_e01,104,0,0.0,0,0,0,0,0,,
20260122,20260122_E12_e02,104,6,0.057692307692307696,2,3,0,6,0,-0.1335406925782775,-0.280648947139163
20260122,20260122_E12_e03,104,13,0.125,3,11,2,11,2,-0.15880037910313605,-0.18476751047535764
20260122,20260122_E12_e04,104,31,0.2980769230769231,1,31,0,31,0,-0.26432202281549255,-0.3681867034163732
20260122,20260122_F01_e01,104,0,0.0,0,0,0,0,0,,
20260122,20260122_F01_e02,104,5,0.04807692307692308,1,5,0,5,0,-0.138513863606486,-0.1864392947695714
20260122,20260122_F01_e03,83,36,0.43373493975903615,3,29,0,36,0,-0.5159990491766242,-0.9603540723143901
20260122,20260122_F02_e01,104,0,0.0,0,0,0,0,0,,
20260122,20260122_F02_e02,104,95,0.9134615384615384,4,72,1,94,1,-0.5485414653015778,-0.8567409602193072
20260122,20260122_F03_e01,104,0,0.0,0,0,0,0,0,,
20260122,20260122_F03_e02,96,61,0.6354166666666666,2,58,0,61,0,-0.7115470308628266,-0.9973405680777776
20260122,20260122_F04_e01,104,0,0.0,0,0,0,0,0,,
20260122,20260122_F04_e02,104,0,0.0,0,0,0,0,0,,
20260122,20260122_F05_e01,104,29,0.27884615384615385,6,19,2,27,2,-0.2084775851068388,-0.3266295807167314
20260122,20260122_F05_e02,104,0,0.0,0,0,0,0,0,,
20260122,20260122_F06_e01,104,0,0.0,0,0,0,0,0,,
20260122,20260122_F07_e01,104,0,0.0,0,0,0,0,0,,
20260122,20260122_F07_e02,104,0,0.0,0,0,0,0,0,,
20260122,20260122_F08_e01,104,0,0.0,0,0,0,0,0,,
20260122,20260122_F09_e01,104,7,0.0673076923076923,4,2,1,6,1,-0.017746093976197447,-0.09982058728036701
20260122,20260122_F10_e01,104,19,0.18269230769230768,12,6,9,10,9,-0.24200989508913953,-0.6188800275094134
20260122,20260122_F10_e02,104,31,0.2980769230769231,15,6,8,23,7,-0.16942830851883872,-0.6395702017654182
20260122,20260122_F10_e03,104,11,0.10576923076923077,8,3,6,5,6,-0.08446442856241794,-0.7237925376691257
20260122,20260122_F10_e04,104,17,0.16346153846153846,14,4,13,4,12,-0.10353233135920765,-0.7291823960099367
20260122,20260122_F10_e05,104,28,0.2692307692307692,9,7,3,25,3,-0.30786723015518125,-0.7941084740951186
20260122,20260122_F11_e01,104,0,0.0,0,0,0,0,0,,
20260122,20260122_F11_e02,104,8,0.07692307692307693,1,8,0,8,0,-0.007246089059575245,-0.014125218122719722
20260122,20260122_F12_e01,104,0,0.0,0,0,0,0,0,,
20260122,20260122_F12_e02,104,1,0.009615384615384616,1,1,1,0,1,-0.019617855908050475,-0.019617855908050475
20260122,20260122_F12_e03,77,52,0.6753246753246753,1,52,0,52,0,-0.740428573482382,-0.9924689058813382
20260122,20260122_F12_e04,104,46,0.4423076923076923,2,36,0,46,0,-0.11453666794707246,-0.1888947492163705
20260122,20260122_F12_e05,101,96,0.9504950495049505,3,45,0,96,0,-0.3186237817475337,-0.983892403730965
20260122,20260122_G01_e01,104,30,0.28846153846153844,2,26,0,30,0,-0.0869000866024284,-0.10854478155861132
20260122,20260122_G02_e01,104,0,0.0,0,0,0,0,0,,
20260122,20260122_G02_e02,104,104,1.0,1,104,0,104,0,-0.8181920523181015,-0.8660328216820965
20260122,20260122_G03_e01,104,32,0.3076923076923077,6,23,2,30,2,-0.08430497263314211,-0.11023590749889645
20260122,20260122_G03_e02,104,0,0.0,0,0,0,0,0,,
20260122,20260122_G04_e01,104,3,0.028846153846153848,1,3,0,3,0,-0.0019982932421008376,-0.015327305346617973
20260122,20260122_G04_e02,104,0,0.0,0,0,0,0,0,,
20260122,20260122_G05_e01,104,47,0.4519230769230769,2,46,1,46,1,-0.39745003286910996,-0.5171679143279585
20260122,20260122_G05_e02,104,0,0.0,0,0,0,0,0,,
20260122,20260122_G05_e03,104,83,0.7980769230769231,1,83,0,83,0,-0.5529701000429924,-0.6347364030171043
20260122,20260122_G06_e01,104,44,0.4230769230769231,1,44,0,44,0,-0.47329340439506723,-0.5656663974740128
20260122,20260122_G06_e02,104,0,0.0,0,0,0,0,0,,
20260122,20260122_G07_e01,104,48,0.46153846153846156,1,48,0,48,0,-0.5638389142179829,-0.9638969448335989
20260122,20260122_G07_e02,104,23,0.22115384615384615,1,23,0,23,0,-0.05705598367140372,-0.08478718972009072
20260122,20260122_G07_e03,104,44,0.4230769230769231,3,40,1,43,1,-0.11732653705953897,-0.4252485899083135
20260122,20260122_G08_e01,104,0,0.0,0,0,0,0,0,,
20260122,20260122_G08_e02,2,1,0.5,1,1,1,0,0,-0.8675563346181895,-0.8675563346181895
20260122,20260122_G09_e01,104,104,1.0,1,104,0,104,0,-0.5036425914746144,-0.816660102305374
20260122,20260122_G09_e02,102,57,0.5588235294117647,1,57,0,57,0,-0.9524080331221392,-0.9907198144418341
20260122,20260122_G09_e03,104,104,1.0,1,104,0,104,0,-0.8208432604304726,-0.9263952904925021
20260122,20260122_G10_e01,104,10,0.09615384615384616,6,2,2,8,2,-0.048458437653163905,-0.13156019503770203
20260122,20260122_G10_e02,104,17,0.16346153846153846,6,7,2,15,1,-0.37357980090106957,-0.7091474858220757
20260122,20260122_G10_e03,104,91,0.875,1,91,0,91,0,-0.35822405290337006,-0.7728466859370452
20260122,20260122_G11_e01,104,0,0.0,0,0,0,0,0,,
20260122,20260122_G12_e01,104,0,0.0,0,0,0,0,0,,
20260122,20260122_H01_e01,104,0,0.0,0,0,0,0,0,,
20260122,20260122_H01_e02,104,104,1.0,1,104,0,104,0,-0.9252249031629012,-0.9449429401537843
20260122,20260122_H02_e01,104,45,0.4326923076923077,3,28,1,44,1,-0.21140302144575807,-0.36332307560443666
20260122,20260122_H03_e01,104,0,0.0,0,0,0,0,0,,
20260122,20260122_H04_e01,104,49,0.47115384615384615,1,49,0,49,0,-0.4140736163828732,-0.5257788974819653
20260122,20260122_H04_e02,70,21,0.3,1,21,0,21,0,-0.5513760116369205,-0.9710576231879567
20260122,20260122_H05_e01,104,23,0.22115384615384615,2,21,0,23,0,-0.5066933606834949,-0.6130601349650701
20260122,20260122_H06_e01,104,19,0.18269230769230768,1,19,0,19,0,-0.08810459230590782,-0.1056250964646997
20260122,20260122_H06_e02,104,13,0.125,3,11,2,11,2,-0.07230582877652966,-0.2100886524615823
20260122,20260122_H06_e03,104,104,1.0,1,104,0,104,0,-0.9299619812494435,-0.9522693752243666
20260122,20260122_H07_e01,104,66,0.6346153846153846,3,62,1,65,1,-0.15440561848696477,-0.31988501965687827
20260122,20260122_H07_e02,104,66,0.6346153846153846,2,61,0,66,0,-0.2411157166433081,-0.39158193549428255
20260122,20260122_H07_e03,104,0,0.0,0,0,0,0,0,,
20260122,20260122_H08_e01,104,10,0.09615384615384616,1,10,0,10,0,-0.24493174604198986,-0.2638904354205797
20260122,20260122_H09_e01,104,29,0.27884615384615385,4,17,2,27,2,-0.20375499769290453,-0.26286967615246404
20260122,20260122_H10_e01,104,2,0.019230769230769232,1,2,0,2,0,-0.20031597519697805,-0.33298971432669117
20260122,20260122_H10_e02,104,39,0.375,3,34,0,39,0,-0.18851415212948064,-0.30989839506919625
20260122,20260122_H10_e03,104,36,0.34615384615384615,2,34,0,36,0,-0.19999655464139235,-0.5453879321707766
20260122,20260122_H10_e04,104,87,0.8365384615384616,3,65,1,86,1,-0.3821068830663586,-0.9244619328098351
20260122,20260122_H11_e01,104,26,0.25,3,22,1,25,0,-0.03344143316111739,-0.061202762790695774
20260122,20260122_H11_e02,104,0,0.0,0,0,0,0,0,,
20260122,20260122_H12_e01,104,0,0.0,0,0,0,0,0,,
20260122,20260122_H12_e02,104,14,0.1346153846153846,2,13,1,13,1,-0.12098899620240365,-0.1706575064206179
20260122,20260122_H12_e03,104,104,1.0,1,104,0,104,0,-0.7128101178915893,-0.7877773326066481
20260202,20260202_A01_e01,71,0,0.0,0,0,0,0,0,,
20260202,20260202_A02_e01,71,0,0.0,0,0,0,0,0,,
20260202,20260202_A02_e02,71,39,0.5492957746478874,1,39,0,39,0,-0.5714573190632025,-0.7091112500902537
20260202,20260202_A02_e03,71,52,0.7323943661971831,3,47,0,52,0,-0.5696343618588217,-0.7085701188913895
20260202,20260202_A03_e01,71,0,0.0,0,0,0,0,0,,
20260202,20260202_A03_e02,71,27,0.38028169014084506,1,27,0,27,0,-0.6887575121227028,-0.7337092309636071
20260202,20260202_A03_e03,71,0,0.0,0,0,0,0,0,,
20260202,20260202_A03_e04,68,64,0.9411764705882353,3,30,0,64,0,-0.5984265343246219,-0.9582088472732884
20260202,20260202_A03_e05,61,30,0.4918032786885246,2,29,1,29,0,-0.5824823271024349,-0.9740254379338094
20260202,20260202_A04_e01,71,42,0.5915492957746479,4,38,2,40,2,-0.5716999433779454,-0.7173398077381163
20260202,20260202_A04_e02,71,43,0.6056338028169014,6,37,4,39,4,-0.5286219281157354,-0.7233504212828846
20260202,20260202_A04_e03,71,40,0.5633802816901409,2,38,0,40,0,-0.5834088236968336,-0.725769733321792
20260202,20260202_A04_e04,71,41,0.5774647887323944,4,37,2,39,2,-0.562613165615498,-0.6813771605475297
20260202,20260202_A04_e05,71,52,0.7323943661971831,2,46,0,52,0,-0.548285559982802,-0.741448721093646
20260202,20260202_A05_e01,71,0,0.0,0,0,0,0,0,,
20260202,20260202_A06_e01,71,50,0.704225352112676,7,20,3,47,3,-0.39909685533507955,-0.6800352343381262
20260202,20260202_A06_e02,71,54,0.7605633802816901,3,47,1,53,1,-0.3379241275699881,-0.6143860776385479
20260202,20260202_A06_e03,71,33,0.4647887323943662,8,22,6,27,6,-0.2873082836420266,-0.593443146205617
20260202,20260202_A07_e01,71,0,0.0,0,0,0,0,0,,
20260202,20260202_A07_e02,24,23,0.9583333333333334,2,22,1,22,0,-0.7030292610234858,-0.9833544774361148
20260202,20260202_A08_e01,71,4,0.056338028169014086,3,2,2,2,1,-0.02816315160930492,-0.11538364548514347
20260202,20260202_A08_e02,67,39,0.582089552238806,3,35,0,39,0,-0.5371050174663831,-0.7626014870784608
20260202,20260202_A08_e03,71,7,0.09859154929577464,4,3,2,5,2,-0.18422221027855293,-0.6558475148459644
20260202,20260202_A09_e01,71,0,0.0,0,0,0,0,0,,
20260202,20260202_A10_e01,71,26,0.36619718309859156,4,21,2,24,2,-0.08146319004404043,-0.18390232668397394
20260202,20260202_A10_e02,71,41,0.5774647887323944,3,39,2,39,2,-0.6265253960604498,-0.7260874447123132
20260202,20260202_A11_e01,71,1,0.014084507042253521,1,1,1,0,1,-0.10620923217567575,-0.10620923217567575
20260202,20260202_A11_e02,71,45,0.6338028169014085,4,30,0,45,0,-0.5608300150935746,-0.6835648928777698
20260202,20260202_A11_e03,71,26,0.36619718309859156,7,8,3,23,3,-0.11516393164666805,-0.48173772851098506
20260202,20260202_A12_e01,71,1,0.014084507042253521,1,1,1,0,1,-0.18094114070995013,-0.18094114070995013
20260202,20260202_A12_e02,71,0,0.0,0,0,0,0,0,,
20260202,20260202_B01_e01,71,1,0.014084507042253521,1,1,1,0,0,-0.006360630794761986,-0.006360630794761986
20260202,20260202_B01_e02,71,42,0.5915492957746479,3,40,2,40,2,-0.25143012184349545,-0.4296069538163314
20260202,20260202_B01_e03,71,43,0.6056338028169014,5,26,2,41,2,-0.6124342806880573,-0.7678422632395514
20260202,20260202_B02_e01,71,33,0.4647887323943662,2,32,1,32,1,-0.6782338547617693,-0.7792621824630259
20260202,20260202_B03_e01,71,53,0.7464788732394366,2,45,0,53,0,-0.5436991016373519,-0.7256943554078648
20260202,20260202_B03_e02,71,0,0.0,0,0,0,0,0,,
20260202,20260202_B03_e03,71,15,0.2112676056338028,4,9,0,15,0,-0.16122833692756627,-0.30035128731688876
20260202,20260202_B04_e01,71,12,0.16901408450704225,3,8,0,12,0,-0.28535111236905525,-0.5215272673308262
20260202,20260202_B04_e02,71,49,0.6901408450704225,3,38,1,48,1,-0.5449965591298166,-0.6955705667872845
20260202,20260202_B04_e03,71,4,0.056338028169014086,4,1,4,0,4,-0.10014181000804011,-0.1306632380076007
20260202,20260202_B05_e01,71,22,0.30985915492957744,7,10,2,20,2,-0.21239847235289122,-0.6168480095603369
20260202,20260202_B05_e02,71,29,0.4084507042253521,2,26,0,29,0,-0.6753759571749819,-0.7910188242857437
20260202,20260202_B05_e03,71,2,0.028169014084507043,1,2,0,2,0,-0.21754954832259754,-0.35513991282502044
20260202,20260202_B06_e01,71,1,0.014084507042253521,1,1,1,0,1,-0.3110732666162177,-0.3110732666162177
20260202,20260202_B06_e02,70,6,0.08571428571428572,1,6,0,6,0,-0.0977170448782632,-0.14159434948214122
20260202,20260202_B06_e03,38,17,0.4473684210526316,2,15,0,17,0,-0.497790439499658,-0.9692320422696379
20260202,20260202_B06_e04,60,53,0.8833333333333333,3,21,0,53,0,-0.21822054621754164,-0.9625817824594878
20260202,20260202_B07_e01,71,0,0.0,0,0,0,0,0,,
20260202,20260202_B08_e01,71,12,0.16901408450704225,8,2,4,8,4,-0.19501929848512883,-0.612688741628121
20260202,20260202_B08_e02,71,42,0.5915492957746479,6,35,3,39,3,-0.4037818519507073,-0.6374999146973566
20260202,20260202_B08_e03,71,23,0.323943661971831,7,8,2,21,2,-0.15123311896246927,-0.6267699107437653
20260202,20260202_B09_e01,71,45,0.6338028169014085,3,42,1,44,1,-0.5174148155251431,-0.6839188609958186
20260202,20260202_B09_e02,71,56,0.7887323943661971,3,43,0,56,0,-0.506745257196419,-0.6829967557169045
20260202,20260202_B09_e03,71,23,0.323943661971831,2,12,0,23,0,-0.12844982244434966,-0.3007612996656609
20260202,20260202_B10_e01,71,9,0.1267605633802817,1,9,0,9,0,-0.4988507233734312,-0.7764881649319224
20260202,20260202_B10_e02,71,0,0.0,0,0,0,0,0,,
20260202,20260202_B11_e01,71,52,0.7323943661971831,2,48,0,52,0,-0.5399420972686209,-0.6965209664743112
20260202,20260202_B11_e02,71,3,0.04225352112676056,1,3,0,3,0,-0.17935709745428918,-0.22461837241795135
20260202,20260202_B11_e03,71,57,0.8028169014084507,1,57,0,57,0,-0.5639880340184743,-0.8353450984010832
20260202,20260202_B12_e01,71,40,0.5633802816901409,2,38,0,40,0,-0.6146247886758113,-0.7563631760124
20260202,20260202_B12_e02,71,0,0.0,0,0,0,0,0,,
20260202,20260202_C01_e01,71,53,0.7464788732394366,3,25,0,53,0,-0.5686647099285393,-0.7902092271844934
20260202,20260202_C01_e02,71,34,0.4788732394366197,4,26,1,33,1,-0.2780489197068883,-0.5288274339225874
20260202,20260202_C02_e01,71,16,0.22535211267605634,5,7,3,13,3,-0.14940512415559676,-0.5260778311626265
20260202,20260202_C02_e02,71,50,0.704225352112676,5,38,1,49,1,-0.5701389095898661,-0.7583374857492062
20260202,20260202_C02_e03,71,45,0.6338028169014085,4,41,2,43,2,-0.5695422327054787,-0.7544599148327469
20260202,20260202_C03_e01,71,0,0.0,0,0,0,0,0,,
20260202,20260202_C04_e01,71,41,0.5774647887323944,4,36,2,39,2,-0.6053698269238984,-0.7288656384427225
20260202,20260202_C04_e02,71,41,0.5774647887323944,2,30,0,41,0,-0.6747047539812907,-0.7743088220545002
20260202,20260202_C05_e01,71,46,0.647887323943662,5,26,1,45,1,-0.3810511789032136,-0.546722547892147
20260202,20260202_C05_e02,71,56,0.7887323943661971,2,42,0,56,0,-0.5374380311041729,-0.6911271937513811
20260202,20260202_C06_e01,71,49,0.6901408450704225,5,39,1,48,1,-0.48581939402965474,-0.6866492082390481
20260202,20260202_C06_e02,71,9,0.1267605633802817,7,3,6,3,6,-0.1566173587283601,-0.27364673617603397
20260202,20260202_C06_e03,71,5,0.07042253521126761,3,3,2,3,2,-0.17707580068890463,-0.57670291232219
20260202,20260202_C07_e01,71,12,0.16901408450704225,5,4,2,10,2,-0.1581772806510903,-0.4327861445906983
20260202,20260202_C07_e02,71,46,0.647887323943662,3,38,0,46,0,-0.5682993269238386,-0.6475644340773355
20260202,20260202_C07_e03,70,56,0.8,2,38,0,56,0,-0.5867008584229272,-0.8954737092085243
20260202,20260202_C08_e01,71,24,0.3380281690140845,5,18,2,22,2,-0.25474409022962213,-0.518574646909441
20260202,20260202_C08_e02,71,36,0.5070422535211268,4,30,2,34,2,-0.37706058683784227,-0.4565874719737005
20260202,20260202_C08_e03,71,62,0.8732394366197183,1,62,0,62,0,-0.46820886500934306,-0.6424832327574351
20260202,20260202_C09_e01,71,42,0.5915492957746479,2,40,0,42,0,-0.5594770088078849,-0.6848173225496323
20260202,20260202_C09_e02,71,2,0.028169014084507043,2,1,2,0,2,-0.08902317020595335,-0.1590405704360875
20260202,20260202_C10_e01,71,52,0.7323943661971831,5,43,2,50,2,-0.5960691880723548,-0.7941340855511534
20260202,20260202_C10_e02,71,42,0.5915492957746479,7,31,2,40,2,-0.2790672263826033,-0.48147975183002617
20260202,20260202_C10_e03,71,68,0.9577464788732394,1,68,0,68,0,-0.5506794915012829,-0.8264506620489404
20260202,20260202_C11_e01,71,38,0.5352112676056338,1,38,0,38,0,-0.6051663057994651,-0.7647331133888539
20260202,20260202_C11_e02,71,3,0.04225352112676056,1,3,0,3,0,-0.2665217040044627,-0.2678031290991323
20260202,20260202_C12_e01,71,0,0.0,0,0,0,0,0,,
20260202,20260202_C12_e02,71,38,0.5352112676056338,1,38,0,38,0,-0.40810529481235974,-0.5460050124854106
20260202,20260202_D01_e01,71,37,0.5211267605633803,3,35,2,35,2,-0.5901411984856985,-0.728629145160602
20260202,20260202_D01_e02,71,38,0.5352112676056338,1,38,0,38,0,-0.4871216711005366,-0.6406809825851403
20260202,20260202_D01_e03,71,4,0.056338028169014086,1,4,0,4,0,-0.05182395709763314,-0.058736301379668995
20260202,20260202_D02_e01,71,6,0.08450704225352113,3,2,0,6,0,-0.0575788494029372,-0.33484174710270853
20260202,20260202_D02_e02,71,15,0.2112676056338028,4,7,1,14,1,-0.1302932398880253,-0.6930657852065467
20260202,20260202_D02_e03,70,70,1.0,2,41,0,70,0,-0.7781081290899418,-0.8393874966080931
20260202,20260202_D03_e01,71,0,0.0,0,0,0,0,0,,
20260202,20260202_D04_e01,71,1,0.014084507042253521,1,1,1,0,1,-0.0880678747628035,-0.0880678747628035
20260202,20260202_D05_e01,71,26,0.36619718309859156,7,8,1,25,1,-0.27835146282130624,-0.5382159788479903
20260202,20260202_D05_e02,71,33,0.4647887323943662,3,29,1,32,1,-0.6421999712549745,-0.6901439193984594
20260202,20260202_D06_e01,71,31,0.43661971830985913,5,16,2,29,2,-0.39730900286447357,-0.5896593382110593
20260202,20260202_D06_e02,71,39,0.5492957746478874,6,33,4,35,4,-0.5993325716371692,-0.7178830721024877
20260202,20260202_D06_e03,71,40,0.5633802816901409,6,29,1,39,1,-0.56923766488689,-0.7222862730979362
20260202,20260202_D07_e01,71,45,0.6338028169014085,4,40,1,44,1,-0.5982314047747667,-0.7471194825227093
20260202,20260202_D07_e02,71,54,0.7605633802816901,3,38,1,53,1,-0.5979425497395237,-0.7490569926776393
20260202,20260202_D08_e01,71,3,0.04225352112676056,2,2,1,2,1,-0.2222780730821573,-0.24450758051378035
20260202,20260202_D09_e01,71,34,0.4788732394366197,1,34,0,34,0,-0.5905849288249105,-0.702526472649803
20260202,20260202_D09_e02,71,43,0.6056338028169014,2,40,0,43,0,-0.320052822980642,-0.4750408103086834
20260202,20260202_D10_e01,71,46,0.647887323943662,3,44,2,44,2,-0.5093284842471144,-0.6827681543891516
20260202,20260202_D10_e02,71,45,0.6338028169014085,2,42,0,45,0,-0.5012596695987396,-0.6726408041229462
20260202,20260202_D11_e01,71,41,0.5774647887323944,5,36,3,38,3,-0.5680825803077261,-0.6777826099661001
20260202,20260202_D11_e02,71,19,0.2676056338028169,5,9,1,18,1,-0.10113525769859612,-0.33024791669611975
20260202,20260202_D11_e03,71,37,0.5211267605633803,5,30,3,34,3,-0.4784080893892836,-0.6677701967522719
20260202,20260202_D12_e01,71,35,0.49295774647887325,3,32,1,34,1,-0.25006417009170173,-0.5383412776506721
20260202,20260202_D12_e02,71,26,0.36619718309859156,5,10,2,24,2,-0.08387005057417904,-0.5339616741718386
20260202,20260202_E01_e01,71,4,0.056338028169014086,2,2,0,4,0,-0.3820784703560812,-0.43965805427754445
20260202,20260202_E01_e02,71,1,0.014084507042253521,1,1,1,0,1,-0.13927963110735458,-0.13927963110735458
20260202,20260202_E02_e01,71,0,0.0,0,0,0,0,0,,
20260202,20260202_E02_e02,71,27,0.38028169014084506,5,19,1,26,1,-0.18821517689861744,-0.5482866319575954
20260202,20260202_E02_e03,71,46,0.647887323943662,5,37,2,44,2,-0.5617711248224995,-0.7709868786778995
20260202,20260202_E02_e04,71,0,0.0,0,0,0,0,0,,
20260202,20260202_E03_e01,71,47,0.6619718309859155,4,38,2,45,2,-0.4278579284285937,-0.6381365889387781
20260202,20260202_E03_e02,71,46,0.647887323943662,3,38,1,45,1,-0.6129810229118346,-0.773055704624181
20260202,20260202_E03_e03,71,38,0.5352112676056338,2,37,1,37,1,-0.6254207265990531,-0.7263621328750755
20260202,20260202_E03_e04,71,0,0.0,0,0,0,0,0,,
20260202,20260202_E03_e05,71,52,0.7323943661971831,2,42,0,52,0,-0.5897162817276005,-0.716244978783883
20260202,20260202_E04_e01,71,53,0.7464788732394366,4,38,0,53,0,-0.5570470870655795,-0.7080266709211043
20260202,20260202_E04_e02,56,0,0.0,0,0,0,0,0,,
20260202,20260202_E04_e03,71,57,0.8028169014084507,2,49,0,57,0,-0.5264633157660338,-0.6561882808909067
20260202,20260202_E05_e01,71,15,0.2112676056338028,1,15,0,15,0,-0.25099798224501163,-0.4402820956991446
20260202,20260202_E05_e02,71,39,0.5492957746478874,2,37,0,39,0,-0.5570538342956982,-0.7142892258872328
20260202,20260202_E06_e01,71,36,0.5070422535211268,5,32,4,32,4,-0.7050168831484376,-0.8065376997488068
20260202,20260202_E06_e02,71,46,0.647887323943662,5,41,3,43,3,-0.616942531272904,-0.8036695640228879
20260202,20260202_E07_e01,71,43,0.6056338028169014,3,25,0,43,0,-0.5344599902754932,-0.7045716548709842
20260202,20260202_E07_e02,71,39,0.5492957746478874,3,34,0,39,0,-0.5779013502935214,-0.7058316229325177
20260202,20260202_E07_e03,71,55,0.7746478873239436,3,39,1,54,1,-0.4374418619516144,-0.6847906936237019
20260202,20260202_E07_e04,71,55,0.7746478873239436,2,48,0,55,0,-0.5254757370802989,-0.7997866792951345
20260202,20260202_E08_e01,71,0,0.0,0,0,0,0,0,,
20260202,20260202_E08_e02,71,2,0.028169014084507043,1,2,0,2,0,-0.14239631628204974,-0.17547473630182797
20260202,20260202_E09_e01,71,1,0.014084507042253521,1,1,1,0,1,-0.12019940874725636,-0.12019940874725636
20260202,20260202_E10_e01,71,38,0.5352112676056338,9,23,4,34,4,-0.3095523577822689,-0.4805142236944479
20260202,20260202_E10_e02,71,4,0.056338028169014086,2,3,1,3,1,-0.23060496919900114,-0.5221008261522264
20260202,20260202_E11_e01,71,0,0.0,0,0,0,0,0,,
20260202,20260202_E12_e01,71,7,0.09859154929577464,3,5,2,5,2,-0.051175286140918076,-0.2828029476533383
20260202,20260202_E12_e02,71,9,0.1267605633802817,4,4,2,7,2,-0.32510258040810497,-0.5790070218393591
20260202,20260202_F01_e01,71,10,0.14084507042253522,2,8,0,10,0,-0.5876698502859012,-0.5990879881931789
20260202,20260202_F01_e02,71,0,0.0,0,0,0,0,0,,
20260202,20260202_F01_e03,71,1,0.014084507042253521,1,1,1,0,1,-0.15787346965988827,-0.15787346965988827
20260202,20260202_F01_e04,71,34,0.4788732394366197,1,34,0,34,0,-0.6085701171122215,-0.7055693409685102
20260202,20260202_F02_e01,71,0,0.0,0,0,0,0,0,,
20260202,20260202_F03_e01,71,41,0.5774647887323944,3,37,1,40,1,-0.2770545391410543,-0.5267032940825844
20260202,20260202_F03_e02,71,53,0.7464788732394366,1,53,0,53,0,-0.5819092230054812,-0.7346556214650807
20260202,20260202_F03_e03,71,0,0.0,0,0,0,0,0,,
20260202,20260202_F04_e01,71,42,0.5915492957746479,3,39,1,41,1,-0.5983795478366543,-0.6843208043225248
20260202,20260202_F04_e02,71,49,0.6901408450704225,5,40,1,48,1,-0.49970055997587726,-0.6205300340017498
20260202,20260202_F04_e03,71,0,0.0,0,0,0,0,0,,
20260202,20260202_F05_e01,71,47,0.6619718309859155,5,38,1,46,1,-0.5840354647258394,-0.7198336794232676
20260202,20260202_F05_e02,71,10,0.14084507042253522,7,2,4,6,4,-0.30759842332991905,-0.5634235859192972
20260202,20260202_F05_e03,71,50,0.704225352112676,6,38,1,49,1,-0.5226835264202179,-0.7344247469044026
20260202,20260202_F06_e01,71,0,0.0,0,0,0,0,0,,
20260202,20260202_F07_e01,71,1,0.014084507042253521,1,1,1,0,1,-0.053520184824346013,-0.053520184824346013
20260202,20260202_F07_e02,71,51,0.7183098591549296,2,47,0,51,0,-0.3145456919324441,-0.45262975305966674
20260202,20260202_F08_e01,71,4,0.056338028169014086,1,4,0,4,0,-0.03831097377526469,-0.04535113945929444
20260202,20260202_F08_e02,71,0,0.0,0,0,0,0,0,,
20260202,20260202_F08_e03,71,55,0.7746478873239436,2,52,0,55,0,-0.3707668668434208,-0.5489263705769476
20260202,20260202_F09_e01,71,45,0.6338028169014085,5,38,1,44,1,-0.5272466443768898,-0.6493579183029204
20260202,20260202_F09_e02,71,49,0.6901408450704225,4,45,2,47,2,-0.5636693912970359,-0.7225408859472588
20260202,20260202_F09_e03,71,35,0.49295774647887325,6,26,2,33,2,-0.5628940455317364,-0.6575017508040669
20260202,20260202_F10_e01,71,44,0.6197183098591549,3,41,1,43,1,-0.6312900979696919,-0.7785803943677
20260202,20260202_F10_e02,71,40,0.5633802816901409,5,32,3,37,3,-0.6398241771260882,-0.7755914305311312
20260202,20260202_F10_e03,71,48,0.676056338028169,4,41,1,47,1,-0.6217595602819401,-0.772614280780873
20260202,20260202_F11_e01,71,11,0.15492957746478872,4,6,2,9,2,-0.2179950402191003,-0.27552870940872415
20260202,20260202_F11_e02,71,25,0.352112676056338,3,22,1,24,1,-0.4206102114870884,-0.507156694266584
20260202,20260202_F12_e01,71,40,0.5633802816901409,2,39,1,39,1,-0.5774608141201194,-0.7356631533779595
20260202,20260202_F12_e02,71,0,0.0,0,0,0,0,0,,
20260202,20260202_G01_e01,71,34,0.4788732394366197,1,34,0,34,0,-0.5926349799898041,-0.6791995891240947
20260202,20260202_G01_e02,71,0,0.0,0,0,0,0,0,,
20260202,20260202_G02_e01,71,0,0.0,0,0,0,0,0,,
20260202,20260202_G02_e02,71,0,0.0,0,0,0,0,0,,
20260202,20260202_G03_e01,71,53,0.7464788732394366,3,43,1,52,1,-0.5647544864899972,-0.7665028093671008
20260202,20260202_G03_e02,71,51,0.7183098591549296,2,39,0,51,0,-0.5759843159390787,-0.7843810489472541
20260202,20260202_G03_e03,71,52,0.7323943661971831,2,47,0,52,0,-0.6095438669727418,-0.7281340559216131
20260202,20260202_G03_e04,71,0,0.0,0,0,0,0,0,,
20260202,20260202_G04_e01,71,0,0.0,0,0,0,0,0,,
20260202,20260202_G04_e02,71,23,0.323943661971831,5,12,2,21,2,-0.32323705268421554,-0.5325211513629823
20260202,20260202_G04_e03,71,15,0.2112676056338028,4,6,0,15,0,-0.258131068170052,-0.4682262094391946
20260202,20260202_G04_e04,6,0,0.0,0,0,0,0,0,,
20260202,20260202_G04_e05,53,38,0.7169811320754716,5,29,2,36,0,-0.47792325608945035,-0.9924423666093458
20260202,20260202_G05_e01,71,43,0.6056338028169014,8,29,3,40,3,-0.5813004851409733,-0.6876186093478771
20260202,20260202_G05_e02,71,27,0.38028169014084506,5,8,1,26,1,-0.3195734742722357,-0.6331274279280084
20260202,20260202_G05_e03,71,35,0.49295774647887325,10,21,7,28,7,-0.44374504430456263,-0.8149685684314733
20260202,20260202_G05_e04,71,41,0.5774647887323944,6,29,2,39,2,-0.5740624764856296,-0.6892778055319299
20260202,20260202_G06_e01,71,18,0.2535211267605634,1,18,0,18,0,-0.2572954593602967,-0.5342777248356313
20260202,20260202_G06_e02,71,53,0.7464788732394366,1,53,0,53,0,-0.5242385540998014,-0.8355106044767857
20260202,20260202_G06_e03,71,37,0.5211267605633803,1,37,0,37,0,-0.6080794850331415,-0.8450390256922313
20260202,20260202_G07_e01,71,4,0.056338028169014086,3,2,2,2,2,-0.16710851262707788,-0.3926716962900555
20260202,20260202_G07_e02,71,15,0.2112676056338028,6,5,2,13,2,-0.020841634310493216,-0.44933490248700597
20260202,20260202_G08_e01,71,41,0.5774647887323944,4,26,0,41,0,-0.5558432066090585,-0.6639128726375162
20260202,20260202_G08_e02,71,48,0.676056338028169,2,46,0,48,0,-0.5281965222726903,-0.8387702034087549
20260202,20260202_G09_e01,71,5,0.07042253521126761,2,4,1,4,1,-0.011823113481238792,-0.05297224579070841
20260202,20260202_G09_e02,71,44,0.6197183098591549,1,44,0,44,0,-0.48719075205536727,-0.6314624106865959
20260202,20260202_G10_e01,71,3,0.04225352112676056,1,3,0,3,0,-0.1557818412625808,-0.18704336204370636
20260202,20260202_G10_e02,71,20,0.28169014084507044,1,20,0,20,0,-0.054905632882152514,-0.15174588381495793
20260202,20260202_G10_e03,71,0,0.0,0,0,0,0,0,,
20260202,20260202_G11_e01,71,11,0.15492957746478872,6,3,3,8,3,-0.3183819306141566,-0.4483938109277402
20260202,20260202_G11_e02,71,46,0.647887323943662,7,38,4,42,4,-0.5221246215826644,-0.6842094729190386
20260202,20260202_G11_e03,71,12,0.16901408450704225,4,7,2,10,2,-0.09637363870248278,-0.2655056955609734
20260202,20260202_G12_e01,71,0,0.0,0,0,0,0,0,,
20260202,20260202_G12_e02,71,0,0.0,0,0,0,0,0,,
20260202,20260202_H01_e01,71,0,0.0,0,0,0,0,0,,
20260202,20260202_H01_e02,71,0,0.0,0,0,0,0,0,,
20260202,20260202_H02_e01,71,0,0.0,0,0,0,0,0,,
20260202,20260202_H02_e02,71,0,0.0,0,0,0,0,0,,
20260202,20260202_H02_e03,71,22,0.30985915492957744,6,10,3,19,3,-0.13988272643530392,-0.6541555552751103
20260202,20260202_H03_e01,71,38,0.5352112676056338,3,26,1,37,1,-0.6518602887608971,-0.7481473080317269
20260202,20260202_H03_e02,71,34,0.4788732394366197,6,23,4,30,4,-0.6929548646131405,-0.7912968385391099
20260202,20260202_H03_e03,71,53,0.7464788732394366,1,53,0,53,0,-0.6198625009326693,-0.7416892699955618
20260202,20260202_H04_e01,71,38,0.5352112676056338,6,29,3,35,3,-0.6602093693688966,-0.7640119797732928
20260202,20260202_H04_e02,71,52,0.7323943661971831,3,50,2,50,2,-0.5127843147089031,-0.6659803377418623
20260202,20260202_H05_e01,71,25,0.352112676056338,3,19,1,24,1,-0.6815045818050596,-0.7446950563662976
20260202,20260202_H05_e02,71,39,0.5492957746478874,7,19,2,37,2,-0.5943324690080851,-0.7429217769837704
20260202,20260202_H05_e03,71,44,0.6197183098591549,3,38,0,44,0,-0.5437180003623968,-0.7097042711772023
20260202,20260202_H05_e04,71,14,0.19718309859154928,8,4,4,10,4,-0.13017103704088875,-0.6181016682263287
20260202,20260202_H05_e05,41,17,0.4146341463414634,1,17,0,17,0,-0.6212983773789693,-0.9685037127204983
20260202,20260202_H06_e01,71,54,0.7605633802816901,2,46,0,54,0,-0.5353292272114086,-0.6878483846490978
20260202,20260202_H07_e01,71,0,0.0,0,0,0,0,0,,
20260202,20260202_H07_e02,71,37,0.5211267605633803,2,36,1,36,1,-0.061632470068169916,-0.19156655659057878
20260202,20260202_H08_e01,71,0,0.0,0,0,0,0,0,,
20260202,20260202_H08_e02,71,55,0.7746478873239436,1,55,0,55,0,-0.5424862853017944,-0.6799209595883093
20260202,20260202_H09_e01,71,47,0.6619718309859155,3,40,0,47,0,-0.5233241393054755,-0.6352873415070571
20260202,20260202_H09_e02,71,7,0.09859154929577464,2,4,0,7,0,-0.0362283901913618,-0.07913922843798629
20260202,20260202_H09_e03,71,71,1.0,1,71,0,71,0,-0.7936983860462443,-0.8644853752870976
20260202,20260202_H09_e04,71,71,1.0,1,71,0,71,0,-0.8206985728904774,-0.889165209236564
20260202,20260202_H10_e01,71,4,0.056338028169014086,1,4,0,4,0,-0.035963780388946265,-0.050064762027726493
20260202,20260202_H10_e02,71,53,0.7464788732394366,2,51,0,53,0,-0.5140022322309289,-0.6724043668719426
20260202,20260202_H10_e03,71,51,0.7183098591549296,2,49,0,51,0,-0.5120923016382966,-0.6684676866427324
20260202,20260202_H11_e01,71,20,0.28169014084507044,1,20,0,20,0,-0.6806453121430194,-0.7297644899234842
20260202,20260202_H11_e02,71,5,0.07042253521126761,1,5,0,5,0,-0.09150313259254535,-0.09616332681148677
20260202,20260202_H12_e01,71,44,0.6197183098591549,1,44,0,44,0,-0.5817319725886492,-0.7234393475010726
20260202,20260202_H12_e02,71,39,0.5492957746478874,1,39,0,39,0,-0.5984781235624861,-0.7312535986467422
20260202,20260202_H12_e03,71,46,0.647887323943662,1,46,0,46,0,-0.3352418712753549,-0.7208267158774828
20260202,20260202_H12_e04,71,34,0.4788732394366197,3,32,2,32,2,-0.614524475542779,-0.7339489833081834
20260206,20260206_A01_e01,150,46,0.30666666666666664,9,22,2,44,2,-0.09186331668637822,-0.19599849243927317
20260206,20260206_A02_e01,150,27,0.18,3,20,0,27,0,-0.06055930808121587,-0.1460153936951929
20260206,20260206_A03_e01,150,0,0.0,0,0,0,0,0,,
20260206,20260206_A04_e01,150,0,0.0,0,0,0,0,0,,
20260206,20260206_A05_e01,150,0,0.0,0,0,0,0,0,,
20260206,20260206_A06_e01,150,22,0.14666666666666667,7,8,3,19,3,-0.05061602607367646,-0.2386085289813987
20260206,20260206_A07_e01,150,0,0.0,0,0,0,0,0,,
20260206,20260206_A08_e01,150,0,0.0,0,0,0,0,0,,
20260206,20260206_A09_e01,150,8,0.05333333333333334,3,3,0,8,0,-0.3332351817069166,-0.6433653523882711
20260206,20260206_A10_e01,150,0,0.0,0,0,0,0,0,,
20260206,20260206_A11_e01,150,65,0.43333333333333335,2,50,0,65,0,-0.2340938610231525,-0.33473925054156833
20260206,20260206_A12_e01,150,30,0.2,3,24,1,29,1,-0.0571576437659122,-0.1323560723399999
20260206,20260206_A12_e02,150,27,0.18,2,24,0,27,0,-0.061938452062997196,-0.9096854393479076
20260206,20260206_B01_e01,150,1,0.006666666666666667,1,1,1,0,1,-0.022994012307471435,-0.022994012307471435
20260206,20260206_B02_e01,150,9,0.06,1,9,0,9,0,-0.14693369054347755,-0.21033174240464006
20260206,20260206_B03_e01,150,0,0.0,0,0,0,0,0,,
20260206,20260206_B04_e01,150,0,0.0,0,0,0,0,0,,
20260206,20260206_B05_e01,150,8,0.05333333333333334,1,8,0,8,0,-0.01555999121393568,-0.02181162999904322
20260206,20260206_B06_e01,150,0,0.0,0,0,0,0,0,,
20260206,20260206_B07_e01,150,0,0.0,0,0,0,0,0,,
20260206,20260206_B08_e01,150,1,0.006666666666666667,1,1,1,0,1,-0.18799897846547128,-0.18799897846547128
20260206,20260206_B09_e01,150,3,0.02,1,3,0,3,0,-0.17717082756205071,-0.1848143912982559
20260206,20260206_B10_e01,150,5,0.03333333333333333,1,5,0,5,0,-0.04351051585333534,-0.07106302309683525
20260206,20260206_B11_e01,150,0,0.0,0,0,0,0,0,,
20260206,20260206_B12_e01,150,50,0.3333333333333333,1,50,0,50,0,-0.2057428961315908,-0.3583129630767237
20260206,20260206_C01_e01,150,0,0.0,0,0,0,0,0,,
20260206,20260206_C02_e01,150,9,0.06,6,2,3,6,3,-0.02576049545852664,-0.10492593248611543
20260206,20260206_C03_e01,150,14,0.09333333333333334,4,6,1,13,1,-0.03002346051314915,-0.09970997271845325
20260206,20260206_C04_e01,150,0,0.0,0,0,0,0,0,,
20260206,20260206_C05_e01,150,71,0.47333333333333333,2,67,0,71,0,-0.45037390113566883,-0.5276877275040918
20260206,20260206_C06_e01,150,0,0.0,0,0,0,0,0,,
20260206,20260206_C07_e01,150,0,0.0,0,0,0,0,0,,
20260206,20260206_C08_e01,150,2,0.013333333333333334,2,1,2,0,1,-0.02030839833308388,-0.03153780472781074
20260206,20260206_C09_e01,150,1,0.006666666666666667,1,1,1,0,1,-0.017221248446110504,-0.017221248446110504
20260206,20260206_C10_e01,150,42,0.28,4,19,0,42,0,-0.14507158490796862,-0.21009352430791228
20260206,20260206_C10_e02,150,143,0.9533333333333334,1,143,0,143,0,-0.564203568070406,-0.8486598009805555
20260206,20260206_C11_e01,150,0,0.0,0,0,0,0,0,,
20260206,20260206_C12_e01,150,1,0.006666666666666667,1,1,1,0,1,-0.01817681916540984,-0.01817681916540984
20260206,20260206_D01_e01,150,58,0.38666666666666666,3,39,0,58,0,-0.056539920132238616,-0.14933239523125724
20260206,20260206_D02_e01,150,0,0.0,0,0,0,0,0,,
20260206,20260206_D03_e01,150,92,0.6133333333333333,1,92,0,92,0,-0.19626658874542022,-0.6810196465926877
20260206,20260206_D04_e01,150,0,0.0,0,0,0,0,0,,
20260206,20260206_D05_e01,150,0,0.0,0,0,0,0,0,,
20260206,20260206_D06_e01,150,0,0.0,0,0,0,0,0,,
20260206,20260206_D07_e01,150,0,0.0,0,0,0,0,0,,
20260206,20260206_D08_e01,150,6,0.04,4,3,3,3,3,-0.03010293265558031,-0.14605490163722096
20260206,20260206_D09_e01,150,2,0.013333333333333334,2,1,2,0,2,-0.01825845432747356,-0.03037951835769205
20260206,20260206_D10_e01,150,121,0.8066666666666666,2,109,0,121,0,-0.5247048308823704,-0.6297222299902021
20260206,20260206_D11_e01,150,0,0.0,0,0,0,0,0,,
20260206,20260206_D12_e01,150,20,0.13333333333333333,2,13,0,20,0,-0.05496476354795541,-0.2227280972869396
20260206,20260206_E01_e01,150,71,0.47333333333333333,4,40,1,70,1,-0.1284164694255551,-0.3186094222394309
20260206,20260206_E02_e01,150,50,0.3333333333333333,1,50,0,50,0,-0.19136620152226197,-0.3557498362275147
20260206,20260206_E03_e01,150,0,0.0,0,0,0,0,0,,
20260206,20260206_E04_e01,150,0,0.0,0,0,0,0,0,,
20260206,20260206_E05_e01,150,0,0.0,0,0,0,0,0,,
20260206,20260206_E06_e01,150,46,0.30666666666666664,1,46,0,46,0,-0.1948277725114737,-0.3149631984297822
20260206,20260206_E07_e01,150,49,0.32666666666666666,1,49,0,49,0,-0.12797685824309613,-0.25610534059886586
20260206,20260206_E08_e01,150,6,0.04,1,6,0,6,0,-0.027042487871981415,-0.05823094986287953
20260206,20260206_E09_e01,150,0,0.0,0,0,0,0,0,,
20260206,20260206_E10_e01,150,0,0.0,0,0,0,0,0,,
20260206,20260206_E11_e01,150,0,0.0,0,0,0,0,0,,
20260206,20260206_E12_e01,150,0,0.0,0,0,0,0,0,,
20260206,20260206_F01_e01,150,0,0.0,0,0,0,0,0,,
20260206,20260206_F02_e01,150,0,0.0,0,0,0,0,0,,
20260206,20260206_F03_e01,150,0,0.0,0,0,0,0,0,,
20260206,20260206_F04_e01,150,1,0.006666666666666667,1,1,1,0,1,-0.1651595968971825,-0.1651595968971825
20260206,20260206_F05_e01,150,0,0.0,0,0,0,0,0,,
20260206,20260206_F06_e01,150,0,0.0,0,0,0,0,0,,
20260206,20260206_F07_e01,150,0,0.0,0,0,0,0,0,,
20260206,20260206_F08_e01,150,0,0.0,0,0,0,0,0,,
20260206,20260206_F09_e01,150,0,0.0,0,0,0,0,0,,
20260206,20260206_F10_e01,150,0,0.0,0,0,0,0,0,,
20260206,20260206_F11_e01,150,0,0.0,0,0,0,0,0,,
20260206,20260206_F12_e01,150,0,0.0,0,0,0,0,0,,
20260206,20260206_G01_e01,150,27,0.18,4,15,1,26,1,-0.04777529125920746,-0.18265250445117018
20260206,20260206_G02_e01,150,0,0.0,0,0,0,0,0,,
20260206,20260206_G03_e01,150,0,0.0,0,0,0,0,0,,
20260206,20260206_G04_e01,150,0,0.0,0,0,0,0,0,,
20260206,20260206_G05_e01,150,49,0.32666666666666666,2,48,1,48,1,-0.18103822924467694,-0.3570904968228181
20260206,20260206_G06_e01,150,19,0.12666666666666668,2,12,0,19,0,-0.08309427827726498,-0.22961751504193625
20260206,20260206_G07_e01,150,113,0.7533333333333333,2,96,0,113,0,-0.5626546534159419,-0.6711532395567225
20260206,20260206_G08_e01,150,24,0.16,2,20,0,24,0,-0.039020515434645374,-0.08594209451496794
20260206,20260206_G09_e01,150,46,0.30666666666666664,1,46,0,46,0,-0.11798632695761135,-0.17858930496605924
20260206,20260206_G10_e01,150,0,0.0,0,0,0,0,0,,
20260206,20260206_G11_e01,150,17,0.11333333333333333,4,9,1,16,1,-0.06713989243821411,-0.21481218310438374
20260206,20260206_G12_e01,150,1,0.006666666666666667,1,1,1,0,1,-0.03714287868358677,-0.03714287868358677
20260206,20260206_H01_e01,150,0,0.0,0,0,0,0,0,,
20260206,20260206_H02_e01,150,1,0.006666666666666667,1,1,1,0,1,-0.012240364337750467,-0.012240364337750467
20260206,20260206_H03_e01,150,0,0.0,0,0,0,0,0,,
20260206,20260206_H04_e01,150,39,0.26,2,38,1,38,1,-0.07251847783309781,-0.14888656432918798
20260206,20260206_H05_e01,150,0,0.0,0,0,0,0,0,,
20260206,20260206_H06_e01,150,2,0.013333333333333334,1,2,0,2,0,-0.06626142604800375,-0.09666239013041676
20260206,20260206_H07_e01,150,0,0.0,0,0,0,0,0,,
20260206,20260206_H08_e01,150,63,0.42,2,61,0,63,0,-0.32322329283735085,-0.4673126418770446
20260206,20260206_H09_e01,150,0,0.0,0,0,0,0,0,,
20260206,20260206_H10_e01,150,0,0.0,0,0,0,0,0,,
20260206,20260206_H11_e01,150,0,0.0,0,0,0,0,0,,
20260206,20260206_H12_e01,150,74,0.49333333333333335,2,73,1,73,1,-0.6161071384122109,-0.7475181741313458
20260208,20260208_A02_e01,321,246,0.7663551401869159,1,246,0,246,0,-0.43631554242098936,-0.6636228171253067
20260208,20260208_A03_e01,321,233,0.7258566978193146,1,233,0,233,0,-0.3533478135889683,-0.5252446540122307
20260208,20260208_A04_e01,321,240,0.7476635514018691,1,240,0,240,0,-0.5421323304740424,-0.7774111816780968
20260208,20260208_A05_e01,321,0,0.0,0,0,0,0,0,,
20260208,20260208_A06_e01,321,257,0.8006230529595015,3,233,1,256,1,-0.5358354515438701,-0.7567469545164256
20260208,20260208_A07_e01,321,242,0.7538940809968847,1,242,0,242,0,-0.4908773070532785,-0.7259435772249766
20260208,20260208_A08_e01,321,262,0.8161993769470405,2,261,1,261,1,-0.40214094914279574,-0.613470051232686
20260208,20260208_A09_e01,277,188,0.6787003610108303,19,74,7,181,1,-0.6948841960878505,-0.9900675475165537
20260208,20260208_A10_e01,274,196,0.7153284671532847,1,196,0,196,0,-0.5171484729554512,-0.9176852015053611
20260208,20260208_A11_e01,321,214,0.6666666666666666,6,174,2,212,2,-0.5271990600736143,-0.9795364400277659
20260208,20260208_A12_e01,311,194,0.6237942122186495,17,69,2,192,1,-0.4745722979752249,-0.9288273783744584
20260208,20260208_B01_e01,321,266,0.8286604361370716,1,266,0,266,0,-0.3612222929340559,-0.9304664146303816
20260208,20260208_B02_e01,321,267,0.8317757009345794,1,267,0,267,0,-0.5176048940492274,-0.7438713431670924
20260208,20260208_B03_e01,321,233,0.7258566978193146,2,232,1,232,1,-0.5367986536881522,-0.7581492820193682
20260208,20260208_B04_e01,321,260,0.8099688473520249,1,260,0,260,0,-0.5603120987248551,-0.8168747532305171
20260208,20260208_B05_e01,321,237,0.7383177570093458,3,178,0,237,0,-0.5457020853000012,-0.6423610133842906
20260208,20260208_B06_e01,321,264,0.822429906542056,1,264,0,264,0,-0.5046889521482302,-0.7556157916947068
20260208,20260208_B07_e01,321,259,0.8068535825545171,1,259,0,259,0,-0.5063411239098686,-0.8218375528156299
20260208,20260208_B08_e01,321,243,0.7570093457943925,4,124,1,242,1,-0.30621957679808404,-0.8996985857596737
20260208,20260208_B09_e01,321,260,0.8099688473520249,1,260,0,260,0,-0.6017666507270258,-0.8211079524020378
20260208,20260208_B10_e01,321,237,0.7383177570093458,2,236,1,236,1,-0.5700859288366774,-0.8226431200725091
20260208,20260208_B11_e01,321,241,0.7507788161993769,5,230,2,239,1,-0.48510596181925775,-0.7542524344820019
20260208,20260208_B12_e01,321,233,0.7258566978193146,2,230,0,233,0,-0.7081455366670222,-0.7585854474701981
20260208,20260208_C01_e01,321,229,0.7133956386292835,4,218,2,227,2,-0.6113053568884547,-0.7953728710764362
20260208,20260208_C02_e01,321,268,0.8348909657320872,1,268,0,268,0,-0.46337301596731084,-0.7026437225398665
20260208,20260208_C03_e01,321,245,0.7632398753894081,2,242,0,245,0,-0.6078551575936069,-0.80575960354363
20260208,20260208_C04_e01,321,247,0.7694704049844237,1,247,0,247,0,-0.4982006523063916,-0.7618118544827192
20260208,20260208_C05_e01,321,249,0.7757009345794392,1,249,0,249,0,-0.5616471680013231,-0.7348441134260899
20260208,20260208_C05_e02,173,173,1.0,2,167,0,173,0,-0.886856983608833,-0.9562540436405111
20260208,20260208_C06_e01,321,244,0.7601246105919003,1,244,0,244,0,-0.5240157049243621,-0.7495427858309026
20260208,20260208_C07_e01,321,245,0.7632398753894081,1,245,0,245,0,-0.5301413043982524,-0.8393826367217694
20260208,20260208_C08_e01,321,247,0.7694704049844237,1,247,0,247,0,-0.5417044301779602,-0.7388040588314401
20260208,20260208_C09_e01,321,248,0.7725856697819314,1,248,0,248,0,-0.5426142311231594,-0.8038016300538163
20260208,20260208_C10_e01,321,248,0.7725856697819314,1,248,0,248,0,-0.5321735909783478,-0.742474801808622
20260208,20260208_C11_e01,321,249,0.7757009345794392,2,242,0,249,0,-0.6075698526289115,-0.780346135756114
20260208,20260208_C11_e02,320,320,1.0,2,260,0,320,0,-0.7437025858001889,-0.9807723562297314
20260208,20260208_C12_e01,321,241,0.7507788161993769,1,241,0,241,0,-0.5088535379770461,-0.7417288900280049
20260208,20260208_C12_e02,303,171,0.5643564356435643,19,71,8,163,4,-0.9621307676031091,-0.9897956133288535
20260208,20260208_D01_e01,321,280,0.8722741433021807,3,230,1,279,1,-0.5482561668254535,-0.7638656464907625
20260208,20260208_D02_e01,321,267,0.8317757009345794,2,242,0,267,0,-0.553757623153659,-0.7626460431786253
20260208,20260208_D03_e01,321,194,0.6043613707165109,9,176,4,190,4,-0.45146376754312245,-0.7182103201580876
20260208,20260208_D05_e01,321,263,0.8193146417445483,3,137,0,263,0,-0.3996574726916598,-0.5860165141722466
20260208,20260208_D06_e01,321,243,0.7570093457943925,1,243,0,243,0,-0.687691994528453,-0.7501052180458312
20260208,20260208_D07_e01,321,256,0.7975077881619937,1,256,0,256,0,-0.5057601379370715,-0.7402546898811365
20260208,20260208_D07_e02,136,136,1.0,6,115,1,135,0,-0.9560120490570105,-0.9948455948129895
20260208,20260208_D08_e01,321,229,0.7133956386292835,5,218,1,228,1,-0.5187735074536024,-0.7815657022733384
20260208,20260208_D09_e01,321,254,0.7912772585669782,2,246,0,254,0,-0.5785093067926925,-0.7886305158020684
20260208,20260208_D10_e01,321,233,0.7258566978193146,4,124,1,232,1,-0.3763358541175473,-0.5875149425507292
20260208,20260208_D11_e01,321,232,0.7227414330218068,6,221,1,231,1,-0.4893234811867415,-0.6844292055324144
20260208,20260208_D12_e01,321,239,0.7445482866043613,1,239,0,239,0,-0.46173706117039515,-0.6134340266619951
20260208,20260208_E01_e01,321,189,0.5887850467289719,3,164,0,189,0,-0.4541801326137966,-0.6810504785941996
20260208,20260208_E01_e02,191,191,1.0,1,191,0,191,0,-0.5735762998515509,-0.9972690955469731
20260208,20260208_E02_e01,321,255,0.794392523364486,2,239,0,255,0,-0.5165585923406361,-0.6694700144129946
20260208,20260208_E03_e01,321,141,0.4392523364485981,3,139,2,139,2,-0.3466608757029175,-0.515200666826227
20260208,20260208_E04_e01,321,234,0.7289719626168224,1,234,0,234,0,-0.5695526198003669,-0.6912966053621282
20260208,20260208_E05_e01,321,255,0.794392523364486,1,255,0,255,0,-0.5975160028077248,-0.7262593673822396
20260208,20260208_E06_e01,321,249,0.7757009345794392,1,249,0,249,0,-0.5736808450439577,-0.7661977155089762
20260208,20260208_E07_e01,321,250,0.778816199376947,1,250,0,250,0,-0.4825091255268827,-0.7067454927187721
20260208,20260208_E07_e02,321,321,1.0,1,321,0,321,0,-0.8458636670280708,-0.9837648641057729
20260208,20260208_E09_e01,321,263,0.8193146417445483,2,255,0,263,0,-0.5300433364581257,-0.7549674459374018
20260208,20260208_E10_e01,321,261,0.8130841121495327,1,261,0,261,0,-0.5606948755794761,-0.7371698642141199
20260208,20260208_E11_e01,321,244,0.7601246105919003,3,239,0,244,0,-0.5645342155234565,-0.8156677893147763
20260208,20260208_E12_e01,321,246,0.7663551401869159,1,246,0,246,0,-0.3781992560298264,-0.581580122430115
20260208,20260208_F01_e01,321,242,0.7538940809968847,2,228,0,242,0,-0.503730478574085,-0.7583675520090102
20260208,20260208_F01_e02,321,295,0.9190031152647975,1,295,0,295,0,-0.8249026416656937,-0.958459014121759
20260208,20260208_F02_e01,321,243,0.7570093457943925,2,242,1,242,1,-0.5276634945058228,-0.7498543142216191
20260208,20260208_F03_e01,321,239,0.7445482866043613,2,237,0,239,0,-0.34817431325237397,-0.6873880063241957
20260208,20260208_F04_e01,321,227,0.7071651090342679,1,227,0,227,0,-0.5775533204767979,-0.7296348681201824
20260208,20260208_F05_e01,321,247,0.7694704049844237,3,243,1,246,1,-0.42377817641119786,-0.9384548596597587
20260208,20260208_F06_e01,179,111,0.6201117318435754,1,111,0,111,0,-0.3230950750114609,-0.9335626852556237
20260208,20260208_F07_e01,321,241,0.7507788161993769,2,240,1,240,1,-0.48909995654266325,-0.7390271457604373
20260208,20260208_F08_e01,321,270,0.8411214953271028,4,227,0,270,0,-0.5267274999020739,-0.6579796668710146
20260208,20260208_F08_e02,2,2,1.0,1,2,0,2,0,-0.9345660507962182,-0.9372097274178047
20260208,20260208_F09_e01,321,242,0.7538940809968847,3,240,2,240,2,-0.5588498230453511,-0.8123288294996361
20260208,20260208_F10_e01,321,247,0.7694704049844237,1,247,0,247,0,-0.5321494419985128,-0.7669582426158555
20260208,20260208_F11_e01,321,230,0.7165109034267912,3,167,0,230,0,-0.7678927591050382,-0.8984783295613837
20260208,20260208_F12_e01,321,229,0.7133956386292835,1,229,0,229,0,-0.6399244403933071,-0.9233791909947292
20260208,20260208_G01_e01,320,223,0.696875,7,209,2,221,2,-0.5398420005965255,-0.9939984384472611
20260208,20260208_G02_e01,321,284,0.8847352024922118,1,284,0,284,0,-0.6776192973812732,-0.7911325177986659
20260208,20260208_G03_e01,321,280,0.8722741433021807,1,280,0,280,0,-0.7058817596126719,-0.8652644490719367
20260208,20260208_G04_e01,321,237,0.7383177570093458,3,229,1,236,1,-0.5167694621176165,-0.703987580529631
20260208,20260208_G05_e01,321,249,0.7757009345794392,1,249,0,249,0,-0.6864584180746894,-0.8614922003337017
20260208,20260208_G06_e01,321,241,0.7507788161993769,2,240,1,240,1,-0.5505862984171667,-0.7456366102729908
20260208,20260208_G08_e01,321,239,0.7445482866043613,1,239,0,239,0,-0.7543539744948178,-0.8234001173077322
20260208,20260208_G08_e02,321,314,0.9781931464174455,1,314,0,314,0,-0.6608725604607639,-0.7553353826182824
20260208,20260208_G09_e01,321,247,0.7694704049844237,2,240,0,247,0,-0.5301201542234014,-0.7806340706444113
20260208,20260208_G10_e01,321,262,0.8161993769470405,3,249,0,262,0,-0.6004478074516952,-0.8089732203037208
20260208,20260208_G11_e01,321,248,0.7725856697819314,4,245,3,245,3,-0.5432401213414626,-0.8027417418823025
20260208,20260208_H01_e01,317,229,0.722397476340694,2,154,0,229,0,-0.73716158702563,-0.8684328600366213
20260208,20260208_H02_e01,321,295,0.9190031152647975,1,295,0,295,0,-0.662659618484962,-0.8302267355532615
20260208,20260208_H03_e01,321,249,0.7757009345794392,2,246,0,249,0,-0.6919486650988255,-0.7655969101436066
20260208,20260208_H04_e01,321,226,0.7040498442367601,3,212,1,225,1,-0.5267540358725586,-0.67044331444008
20260208,20260208_H05_e01,321,231,0.719626168224299,4,227,2,229,2,-0.582178063992697,-0.804544714562179
20260208,20260208_H06_e01,321,244,0.7601246105919003,2,243,1,243,1,-0.5420368693943447,-0.6488865778164193
20260208,20260208_H07_e01,321,238,0.7414330218068536,2,144,0,238,0,-0.398433018966317,-0.5996898696731298
20260208,20260208_H07_e02,321,321,1.0,1,321,0,321,0,-0.8590790511009349,-0.9575501982205679
20260208,20260208_H08_e01,321,145,0.4517133956386293,2,144,1,144,1,-0.671032865736658,-0.9437663807418197
20260208,20260208_H09_e01,321,202,0.6292834890965732,7,179,2,200,2,-0.4692053134150953,-0.7357964214025273
20260208,20260208_H09_e02,321,23,0.07165109034267912,9,12,5,18,5,-0.44098878313060813,-0.6445167413591767
20260208,20260208_H10_e01,314,213,0.678343949044586,13,99,3,210,1,-0.431511060489112,-0.9962276188696577
20260208,20260208_H11_e01,315,207,0.6571428571428571,4,146,1,206,0,-0.9532182724227196,-0.9890205430296959
20260208,20260208_H11_e02,321,321,1.0,1,321,0,321,0,-0.7875134859388956,-0.8812336196127921
20260210,20260210_A01_e01,161,74,0.45962732919254656,5,50,1,73,1,-0.13391011744517,-0.2376979613841317
20260210,20260210_A02_e01,161,11,0.06832298136645963,3,7,1,10,1,-0.05839214611872213,-0.2342534485537708
20260210,20260210_A04_e01,161,43,0.2670807453416149,2,40,0,43,0,-0.2362589929372336,-0.44356645983490345
20260210,20260210_A04_e02,161,161,1.0,1,161,0,161,0,-0.6335159114880099,-0.7688731875633003
20260210,20260210_A05_e01,161,0,0.0,0,0,0,0,0,,
20260210,20260210_A06_e01,161,51,0.3167701863354037,5,22,0,51,0,-0.0616205803702906,-0.12383901104934225
20260210,20260210_A07_e01,161,70,0.43478260869565216,13,17,3,67,3,-0.0629869727895705,-0.25272732659690117
20260210,20260210_A08_e01,161,86,0.5341614906832298,9,26,3,83,3,-0.09470204147637731,-0.2304366972367815
20260210,20260210_A09_e01,161,36,0.2236024844720497,11,17,6,30,6,-0.047436124944711076,-0.1299293513758911
20260210,20260210_A10_e01,161,0,0.0,0,0,0,0,0,,
20260210,20260210_A11_e01,161,1,0.006211180124223602,1,1,1,0,1,-0.1449429942542458,-0.1449429942542458
20260210,20260210_A12_e01,161,25,0.15527950310559005,14,9,10,15,10,-0.04187794478846031,-0.15087754455252575
20260210,20260210_B01_e01,161,33,0.20496894409937888,13,11,6,27,6,-0.08984701400924201,-0.14647103696054498
20260210,20260210_B02_e01,161,5,0.031055900621118012,1,5,0,5,0,-0.11504020330347328,-0.1667168364217191
20260210,20260210_B03_e01,161,0,0.0,0,0,0,0,0,,
20260210,20260210_B04_e01,161,7,0.043478260869565216,3,3,1,6,1,-0.005834870612337884,-0.22102322222178442
20260210,20260210_B05_e01,161,20,0.12422360248447205,11,5,5,15,5,-0.04448958666196114,-0.11286757999111281
20260210,20260210_B06_e01,161,70,0.43478260869565216,14,41,6,64,6,-0.07667225288682511,-0.22708775654321106
20260210,20260210_B07_e01,161,48,0.2981366459627329,13,14,5,43,5,-0.10108211391566954,-0.268125694251978
20260210,20260210_B08_e01,161,44,0.2732919254658385,10,23,5,39,5,-0.04662724117324328,-0.12837285081253025
20260210,20260210_B09_e01,161,116,0.7204968944099379,2,115,1,115,1,-0.08717145481650858,-0.20697370343498867
20260210,20260210_B10_e01,161,8,0.049689440993788817,6,2,4,4,4,-0.008342680090599604,-0.038274567828120644
20260210,20260210_B11_e01,161,4,0.024844720496894408,2,3,1,3,1,-0.024677005577706683,-0.03759840219346886
20260210,20260210_B12_e01,161,63,0.391304347826087,14,19,4,59,4,-0.031875765129655134,-0.1646603891821546
20260210,20260210_C01_e01,161,0,0.0,0,0,0,0,0,,
20260210,20260210_C02_e01,161,8,0.049689440993788817,2,6,0,8,0,-0.11416832920516452,-0.13765627176022052
20260210,20260210_C03_e01,161,0,0.0,0,0,0,0,0,,
20260210,20260210_C03_e02,161,161,1.0,1,161,0,161,0,-0.7929870052121516,-0.9908300607671653
20260210,20260210_C04_e01,161,27,0.16770186335403728,7,15,3,24,3,-0.06600029586462583,-0.14346630257464119
20260210,20260210_C05_e01,161,79,0.4906832298136646,17,11,2,77,2,-0.09525348117993748,-0.2356320902491978
20260210,20260210_C06_e01,161,67,0.4161490683229814,19,22,5,62,5,-0.053866627422930406,-0.24581543460004215
20260210,20260210_C07_e01,161,73,0.453416149068323,10,20,4,69,4,-0.062305468534968836,-0.16754012859818537
20260210,20260210_C08_e01,161,42,0.2608695652173913,13,9,5,37,5,-0.0738543388341804,-0.1651140473837268
20260210,20260210_C08_e02,114,114,1.0,7,60,1,113,0,-0.8460611319975901,-0.9766050146597266
20260210,20260210_C09_e01,161,2,0.012422360248447204,1,2,0,2,0,-0.04078761784585283,-0.05090049086988591
20260210,20260210_C10_e01,161,3,0.018633540372670808,1,3,0,3,0,-0.0790484274231115,-0.08418564997073841
20260210,20260210_C11_e01,161,7,0.043478260869565216,3,4,1,6,1,-0.046490852583399474,-0.11117701592333903
20260210,20260210_C12_e01,161,63,0.391304347826087,9,49,7,56,7,-0.10461382114596009,-0.2621768815534482
20260210,20260210_D01_e01,161,1,0.006211180124223602,1,1,1,0,1,-0.11489643429120572,-0.11489643429120572
20260210,20260210_D02_e01,161,0,0.0,0,0,0,0,0,,
20260210,20260210_D03_e01,161,0,0.0,0,0,0,0,0,,
20260210,20260210_D04_e01,161,0,0.0,0,0,0,0,0,,
20260210,20260210_D05_e01,161,0,0.0,0,0,0,0,0,,
20260210,20260210_D06_e01,161,55,0.3416149068322981,12,31,5,50,4,-0.06994149490350002,-0.2040901829645061
20260210,20260210_D07_e01,161,34,0.2111801242236025,6,28,4,30,4,-0.0991938904995181,-0.13861038199013148
20260210,20260210_D08_e01,161,20,0.12422360248447205,9,6,4,16,4,-0.03981751422746215,-0.14797714961770495
20260210,20260210_D09_e01,161,37,0.22981366459627328,10,9,4,33,4,-0.03244303023158283,-0.14194621823320303
20260210,20260210_D10_e01,161,0,0.0,0,0,0,0,0,,
20260210,20260210_D11_e01,161,57,0.35403726708074534,9,27,2,55,2,-0.0818104147298716,-0.18449602868801138
20260210,20260210_D12_e01,161,13,0.08074534161490683,4,9,2,11,2,-0.11573345490720596,-0.1845293806630207
20260210,20260210_E01_e01,161,0,0.0,0,0,0,0,0,,
20260210,20260210_E02_e01,161,64,0.39751552795031053,10,27,4,60,4,-0.053772681052176155,-0.09952115691991749
20260210,20260210_E03_e01,161,124,0.7701863354037267,7,66,0,124,0,-0.0575758362611061,-0.1380886685956986
20260210,20260210_E04_e01,161,31,0.19254658385093168,8,10,4,27,4,-0.011229783832474414,-0.039873801627435465
20260210,20260210_E05_e01,161,0,0.0,0,0,0,0,0,,
20260210,20260210_E06_e01,161,1,0.006211180124223602,1,1,1,0,1,-0.010138906779360081,-0.010138906779360081
20260210,20260210_E07_e01,161,49,0.30434782608695654,10,28,5,44,5,-0.10150530566151915,-0.18537755647122806
20260210,20260210_E08_e01,161,61,0.37888198757763975,8,37,2,59,2,-0.07166941093357454,-0.15803798224032778
20260210,20260210_E09_e01,161,0,0.0,0,0,0,0,0,,
20260210,20260210_E10_e01,161,0,0.0,0,0,0,0,0,,
20260210,20260210_E11_e01,161,109,0.6770186335403726,10,47,5,104,5,-0.0924725130326805,-0.25936049460424987
20260210,20260210_E12_e01,161,10,0.062111801242236024,4,4,2,8,2,-0.15946143039888275,-0.19879461099507806
20260210,20260210_F01_e01,161,0,0.0,0,0,0,0,0,,
20260210,20260210_F02_e01,161,42,0.2608695652173913,6,24,1,41,1,-0.045684139450387296,-0.15289330466674195
20260210,20260210_F03_e01,161,10,0.062111801242236024,5,3,2,8,2,-0.19910684379719867,-0.22504408557044828
20260210,20260210_F04_e01,161,0,0.0,0,0,0,0,0,,
20260210,20260210_F05_e01,161,45,0.2795031055900621,18,11,7,38,7,-0.06667022929345148,-0.1844357345107999
20260210,20260210_F05_e02,161,161,1.0,1,161,0,161,0,-0.38835397142331257,-0.7495321355266092
20260210,20260210_F06_e01,161,59,0.36645962732919257,14,22,7,52,7,-0.0507505427487509,-0.13437376361542472
20260210,20260210_F07_e01,161,10,0.062111801242236024,7,4,6,4,6,-0.01359542391820976,-0.07216043252225646
20260210,20260210_F08_e01,161,68,0.422360248447205,12,22,4,64,4,-0.0829690668578126,-0.20538739529283
20260210,20260210_F09_e01,161,5,0.031055900621118012,1,5,0,5,0,-0.03880413424362481,-0.04981244929617128
20260210,20260210_F10_e01,161,25,0.15527950310559005,5,10,2,23,2,-0.06432824196751094,-0.16073654054642042
20260210,20260210_F11_e01,161,41,0.2546583850931677,9,12,3,38,3,-0.051335618399394475,-0.13735486958158788
20260210,20260210_F12_e01,161,8,0.049689440993788817,5,4,4,4,4,-0.07063801375589518,-0.1231867115710622
20260210,20260210_G01_e01,161,161,1.0,1,161,0,161,0,-0.7046981718823175,-0.7841234824082902
20260210,20260210_G02_e01,161,0,0.0,0,0,0,0,0,,
20260210,20260210_G03_e01,161,0,0.0,0,0,0,0,0,,
20260210,20260210_G04_e01,161,0,0.0,0,0,0,0,0,,
20260210,20260210_G05_e01,161,69,0.42857142857142855,10,53,4,65,4,-0.09180345891691624,-0.22153885190637207
20260210,20260210_G06_e01,161,72,0.4472049689440994,11,20,4,68,4,-0.06178120843322186,-0.16498253303651716
20260210,20260210_G07_e01,161,104,0.6459627329192547,12,40,5,99,5,-0.05977593203557906,-0.1856697810553073
20260210,20260210_G08_e01,161,41,0.2546583850931677,8,16,3,38,3,-0.032716742127516206,-0.09722513562318293
20260210,20260210_G09_e01,161,5,0.031055900621118012,5,1,5,0,5,-0.07680961653476272,-0.24294299633137253
20260210,20260210_G10_e01,161,45,0.2795031055900621,4,29,0,45,0,-0.0697157639273688,-0.16405126785948052
20260210,20260210_G11_e01,161,11,0.06832298136645963,2,10,1,10,1,-0.12722846148974307,-0.16363242655881335
20260210,20260210_G12_e01,161,35,0.21739130434782608,7,20,3,32,3,-0.03642685268166692,-0.10001649811926465
20260210,20260210_H01_e01,161,2,0.012422360248447204,2,1,2,0,1,-0.003358420954716651,-0.004626428976124864
20260210,20260210_H02_e01,161,0,0.0,0,0,0,0,0,,
20260210,20260210_H03_e01,161,1,0.006211180124223602,1,1,1,0,1,-0.03691405871744952,-0.03691405871744952
20260210,20260210_H04_e01,161,7,0.043478260869565216,3,4,1,6,1,-0.008258304582754833,-0.0113621000698076
20260210,20260210_H05_e01,161,75,0.4658385093167702,13,46,7,68,7,-0.0398962412607257,-0.17987989000300486
20260210,20260210_H06_e01,161,71,0.4409937888198758,6,42,2,69,2,-0.046296638434446924,-0.1604138894645365
20260210,20260210_H07_e01,161,38,0.2360248447204969,6,21,2,36,2,-0.03426760506619203,-0.10363626386514892
20260210,20260210_H08_e01,161,4,0.024844720496894408,2,3,1,3,1,-0.035313459105063366,-0.11326460108989257
20260210,20260210_H09_e01,161,3,0.018633540372670808,2,2,1,2,1,-0.005126161713488022,-0.011407833317875656
20260210,20260210_H10_e01,161,43,0.2670807453416149,8,25,4,39,4,-0.08585979716044341,-0.20629811402300183
20260210,20260210_H11_e01,161,3,0.018633540372670808,1,3,0,3,0,-0.016468646823809757,-0.16942607985012914
20260210,20260210_H12_e01,161,10,0.062111801242236024,2,9,1,9,1,-0.08144445421641044,-0.11536383058266968
20260213,20260213_A01_e01,139,77,0.5539568345323741,25,13,11,66,11,-0.2214797271642777,-0.6645677259852494
20260213,20260213_A01_e02,139,50,0.3597122302158273,17,19,9,41,9,-0.5425847280596008,-0.7284588121543867
20260213,20260213_A02_e01,114,48,0.42105263157894735,3,42,1,47,1,-0.7050408704473414,-0.9000130990984734
20260213,20260213_A03_e01,139,79,0.5683453237410072,3,75,1,78,1,-0.4234691783769749,-0.5761914859134467
20260213,20260213_A03_e02,139,80,0.5755395683453237,1,80,0,80,0,-0.5710875711486223,-0.6785541244382249
20260213,20260213_A03_e03,139,98,0.7050359712230215,1,98,0,98,0,-0.5443665280836553,-0.6439579621898116
20260213,20260213_A04_e01,139,103,0.7410071942446043,1,103,0,103,0,-0.6845330195212962,-0.7527534973371383
20260213,20260213_A04_e02,139,101,0.7266187050359713,1,101,0,101,0,-0.7906205112539877,-0.8531376332924385
20260213,20260213_A05_e01,139,90,0.6474820143884892,1,90,0,90,0,-0.631349624378239,-0.7486306958934774
20260213,20260213_A05_e02,11,0,0.0,0,0,0,0,0,,
20260213,20260213_A05_e03,139,95,0.6834532374100719,1,95,0,95,0,-0.6367300947978427,-0.749570208286805
20260213,20260213_A06_e01,139,108,0.7769784172661871,5,101,2,106,2,-0.7318838068856822,-0.8046919530576796
20260213,20260213_A06_e02,139,119,0.8561151079136691,6,108,1,118,1,-0.7156538744361957,-0.8328354082099831
20260213,20260213_A07_e01,139,101,0.7266187050359713,1,101,0,101,0,-0.6882838555146926,-0.7612643743119876
20260213,20260213_A07_e02,139,105,0.7553956834532374,1,105,0,105,0,-0.7539913896111947,-0.8053330321025383
20260213,20260213_A07_e03,139,113,0.8129496402877698,2,105,0,113,0,-0.6990073523187595,-0.7634860447950326
20260213,20260213_A07_e04,98,37,0.37755102040816324,1,37,0,37,0,-0.6740295854683123,-0.9337315874965614
20260213,20260213_A07_e05,139,139,1.0,1,139,0,139,0,-0.7383703198782824,-0.9067956980509878
20260213,20260213_A07_e06,139,19,0.1366906474820144,1,19,0,19,0,-0.7007503395872713,-0.7794135431336792
20260213,20260213_A08_e01,139,116,0.8345323741007195,2,112,0,116,0,-0.7634309714897056,-0.8339052619466751
20260213,20260213_A08_e02,139,107,0.7697841726618705,1,107,0,107,0,-0.707899702253169,-0.7890297288065607
20260213,20260213_A09_e01,139,105,0.7553956834532374,1,105,0,105,0,-0.792025598912639,-0.8108706286796805
20260213,20260213_A09_e02,27,23,0.8518518518518519,1,23,0,23,0,-0.1735787411884552,-0.9353716045665682
20260213,20260213_A09_e03,139,135,0.9712230215827338,1,135,0,135,0,-0.763260868606556,-0.8851598175123927
20260213,20260213_A09_e04,35,29,0.8285714285714286,1,29,0,29,0,-0.3196848541710548,-0.9680168937238346
20260213,20260213_A10_e01,139,114,0.8201438848920863,4,105,0,114,0,-0.83360353541993,-0.9007901063517295
20260213,20260213_A10_e02,139,106,0.762589928057554,5,85,1,105,1,-0.5486416104818514,-0.6264056600650575
20260213,20260213_A11_e01,139,93,0.6690647482014388,4,81,1,92,1,-0.5360146476932579,-0.6918841473364954
20260213,20260213_A11_e02,139,95,0.6834532374100719,6,81,3,92,3,-0.5455894580261886,-0.6896403706794897
20260213,20260213_A12_e01,139,90,0.6474820143884892,5,85,3,87,3,-0.4566576217925885,-0.6118487445119712
20260213,20260213_A12_e02,139,92,0.6618705035971223,5,87,3,89,3,-0.49761775556795335,-0.6344302012127726
20260213,20260213_B01_e01,139,0,0.0,0,0,0,0,0,,
20260213,20260213_B02_e01,139,17,0.1223021582733813,6,11,4,13,3,-0.1598263006217427,-0.40339237181199955
20260213,20260213_B02_e02,139,43,0.30935251798561153,4,17,0,43,0,-0.13397988974078934,-0.380220888858982
20260213,20260213_B02_e03,139,34,0.2446043165467626,13,11,5,29,5,-0.08619090549845773,-0.2849757326166383
20260213,20260213_B02_e04,101,75,0.7425742574257426,3,71,1,74,1,-0.5277557762206486,-0.9776638996041861
20260213,20260213_B03_e01,139,95,0.6834532374100719,1,95,0,95,0,-0.6354069653870252,-0.7299178196357894
20260213,20260213_B03_e02,139,103,0.7410071942446043,1,103,0,103,0,-0.5797810481465224,-0.7011466342260066
20260213,20260213_B04_e01,139,99,0.7122302158273381,3,95,1,98,1,-0.6297203646063475,-0.7161346201713258
20260213,20260213_B04_e02,139,106,0.762589928057554,2,104,0,106,0,-0.5807074445883504,-0.7742959638617892
20260213,20260213_B04_e03,139,58,0.4172661870503597,1,58,0,58,0,-0.0838693619159104,-0.16525981815897067
20260213,20260213_B05_e01,138,120,0.8695652173913043,3,105,0,120,0,-0.5326516529121625,-0.7233301797955164
20260213,20260213_B05_e02,139,0,0.0,0,0,0,0,0,,
20260213,20260213_B06_e01,139,72,0.5179856115107914,1,72,0,72,0,-0.5510708213483385,-0.7150735238212145
20260213,20260213_B06_e02,139,98,0.7050359712230215,1,98,0,98,0,-0.5415697560991783,-0.7132166052085201
20260213,20260213_B07_e01,139,100,0.7194244604316546,1,100,0,100,0,-0.5708202070398414,-0.6650914644961906
20260213,20260213_B07_e02,139,101,0.7266187050359713,3,94,1,100,1,-0.6988949038844001,-0.7761418293875033
20260213,20260213_B08_e01,139,105,0.7553956834532374,1,105,0,105,0,-0.6979335384090304,-0.7608554100937155
20260213,20260213_B08_e02,139,98,0.7050359712230215,1,98,0,98,0,-0.6965705020043502,-0.7812594086593931
20260213,20260213_B09_e01,139,0,0.0,0,0,0,0,0,,
20260213,20260213_B10_e01,139,98,0.7050359712230215,5,90,3,95,3,-0.6338321663199533,-0.7122107742933107
20260213,20260213_B10_e02,139,0,0.0,0,0,0,0,0,,
20260213,20260213_B11_e01,139,90,0.6474820143884892,1,90,0,90,0,-0.5310119613238466,-0.6574648344797672
20260213,20260213_B11_e02,139,87,0.6258992805755396,4,77,0,87,0,-0.5512916276818799,-0.6933431548178981
20260213,20260213_B11_e03,131,118,0.9007633587786259,6,83,4,114,0,-0.5012166951302892,-0.9226850206256118
20260213,20260213_B12_e01,139,85,0.6115107913669064,1,85,0,85,0,-0.5449133867088668,-0.7364170347802197
20260213,20260213_B12_e02,139,95,0.6834532374100719,3,90,1,94,1,-0.4625736341463446,-0.6942605610372649
20260213,20260213_C01_e01,139,126,0.9064748201438849,1,126,0,126,0,-0.7795754988295828,-0.8398407696551089
20260213,20260213_C01_e02,139,126,0.9064748201438849,2,121,0,126,0,-0.6926007451294995,-0.7971348797602609
20260213,20260213_C02_e01,139,132,0.9496402877697842,3,81,0,132,0,-0.4742652632629174,-0.7366558964580712
20260213,20260213_C02_e02,139,57,0.41007194244604317,2,56,1,56,1,-0.37061502239733946,-0.5722455338614711
20260213,20260213_C03_e01,139,109,0.7841726618705036,6,95,2,107,2,-0.5502327766429101,-0.7158251337358766
20260213,20260213_C03_e02,139,109,0.7841726618705036,2,96,0,109,0,-0.4189309881362876,-0.775586879414559
20260213,20260213_C04_e01,139,119,0.8561151079136691,2,115,0,119,0,-0.666629344778485,-0.7737635359407709
20260213,20260213_C04_e02,139,101,0.7266187050359713,2,100,1,100,1,-0.6567370984300954,-0.6888224422429458
20260213,20260213_C05_e01,139,88,0.6330935251798561,1,88,0,88,0,-0.9473561651916935,-0.9576631139122131
20260213,20260213_C05_e02,139,104,0.7482014388489209,2,102,0,104,0,-0.6083810018123732,-0.6774709219141531
20260213,20260213_C05_e03,139,110,0.7913669064748201,1,110,0,110,0,-0.7432641318990443,-0.7802756839181444
20260213,20260213_C05_e04,20,20,1.0,1,20,0,20,0,-0.7275180517813731,-0.9696047172734352
20260213,20260213_C06_e01,139,96,0.6906474820143885,1,96,0,96,0,-0.6137318783051564,-0.6483902500689215
20260213,20260213_C06_e02,139,82,0.5899280575539568,2,79,0,82,0,-0.6034741294312849,-0.6575974715235311
20260213,20260213_C06_e03,139,80,0.5755395683453237,3,76,1,79,1,-0.5678468515831478,-0.615120458258147
20260213,20260213_C06_e04,139,97,0.697841726618705,5,89,1,96,1,-0.6364477127503677,-0.6905135645509353
20260213,20260213_C07_e01,139,55,0.39568345323741005,1,55,0,55,0,-0.9255167940947137,-0.943905583574857
20260213,20260213_C07_e02,139,101,0.7266187050359713,2,99,0,101,0,-0.6079087575993302,-0.671524361118739
20260213,20260213_C07_e03,139,127,0.9136690647482014,3,106,1,126,1,-0.5900749338905827,-0.7233743921434377
20260213,20260213_C08_e01,139,115,0.8273381294964028,3,111,0,115,0,-0.5658177933007401,-0.7013124305307116
20260213,20260213_C08_e02,139,134,0.9640287769784173,2,131,0,134,0,-0.5589534971406751,-0.6461685795858764
20260213,20260213_C08_e03,139,0,0.0,0,0,0,0,0,,
20260213,20260213_C09_e01,139,0,0.0,0,0,0,0,0,,
20260213,20260213_C10_e01,139,86,0.6187050359712231,1,86,0,86,0,-0.5365968211556431,-0.7021613878304924
20260213,20260213_C10_e02,139,35,0.2517985611510791,6,21,2,33,2,-0.32164258045342237,-0.5809072813969097
20260213,20260213_C11_e01,139,102,0.7338129496402878,5,92,1,101,1,-0.5847542876190012,-0.6706180079863525
20260213,20260213_C11_e02,139,139,1.0,1,139,0,139,0,-0.7370323201463431,-0.8248859429707309
20260213,20260213_C11_e03,139,89,0.6402877697841727,2,88,1,88,1,-0.5876826742617578,-0.6671583917615113
20260213,20260213_C12_e01,139,89,0.6402877697841727,19,25,5,84,5,-0.3603164725212383,-0.7389838411480951
20260213,20260213_C12_e02,139,55,0.39568345323741005,23,9,9,46,9,-0.22230490846278203,-0.6395122215380143
20260213,20260213_D01_e01,108,51,0.4722222222222222,7,36,2,49,2,-0.41684792480249083,-0.7857967290510633
20260213,20260213_D01_e02,102,79,0.7745098039215687,6,42,1,78,1,-0.31190033995570865,-0.5174390393529195
20260213,20260213_D01_e03,139,55,0.39568345323741005,1,55,0,55,0,-0.9786356947921435,-0.9806717925856434
20260213,20260213_D01_e04,125,29,0.232,1,29,0,29,0,-0.6840058165720134,-0.9619535374970347
20260213,20260213_D02_e01,139,77,0.5539568345323741,1,77,0,77,0,-0.5154389115260177,-0.6396251520935248
20260213,20260213_D02_e02,139,93,0.6690647482014388,1,93,0,93,0,-0.48419923237672485,-0.599414021659107
20260213,20260213_D03_e01,139,99,0.7122302158273381,1,99,0,99,0,-0.7033543116322082,-0.7750917861243725
20260213,20260213_D03_e02,139,128,0.920863309352518,1,128,0,128,0,-0.7915052992063992,-0.8595815830019672
20260213,20260213_D04_e01,139,99,0.7122302158273381,2,97,0,99,0,-0.5354078571076532,-0.7012929843201527
20260213,20260213_D04_e02,139,98,0.7050359712230215,1,98,0,98,0,-0.5991065561210527,-0.7001617105927763
20260213,20260213_D05_e02,139,0,0.0,0,0,0,0,0,,
20260213,20260213_D06_e01,34,23,0.6764705882352942,5,8,0,23,0,-0.4761380126379799,-0.7309206360267088
20260213,20260213_D06_e02,139,0,0.0,0,0,0,0,0,,
20260213,20260213_D06_e03,139,139,1.0,1,139,0,139,0,-0.6215550147755758,-0.7712563649422002
20260213,20260213_D08_e01,139,0,0.0,0,0,0,0,0,,
20260213,20260213_D08_e02,139,0,0.0,0,0,0,0,0,,
20260213,20260213_D10_e01,139,92,0.6618705035971223,6,85,3,89,3,-0.46019779006349587,-0.5507486399056155
20260213,20260213_D10_e02,139,92,0.6618705035971223,3,85,0,92,0,-0.4528984294760007,-0.533217083733948
20260213,20260213_D11_e01,139,96,0.6906474820143885,3,94,2,94,2,-0.612129662881765,-0.7029261812298389
20260213,20260213_D11_e02,139,85,0.6115107913669064,4,80,2,83,2,-0.5708065016771915,-0.7048604714513954
20260213,20260213_D11_e03,139,139,1.0,1,139,0,139,0,-0.7813877714956027,-0.8244438194915181
20260213,20260213_D12_e01,139,87,0.6258992805755396,1,87,0,87,0,-0.4812346111658917,-0.6362871198254669
20260213,20260213_D12_e02,139,89,0.6402877697841727,1,89,0,89,0,-0.5014954590788031,-0.6434384671017365
20260213,20260213_E01_e01,139,19,0.1366906474820144,2,14,0,19,0,-0.07408789132153043,-0.18813970820824083
20260213,20260213_E01_e02,139,27,0.19424460431654678,2,26,1,26,1,-0.14780125474668993,-0.24351567397966278
20260213,20260213_E02_e01,139,83,0.5971223021582733,1,83,0,83,0,-0.5086531985464436,-0.6087207208965395
20260213,20260213_E02_e02,139,75,0.539568345323741,1,75,0,75,0,-0.33596278923032913,-0.5111330159472612
20260213,20260213_E03_e01,139,0,0.0,0,0,0,0,0,,
20260213,20260213_E04_e01,139,125,0.8992805755395683,4,115,2,123,2,-0.5512199975755058,-0.6513745835536089
20260213,20260213_E04_e02,139,115,0.8273381294964028,1,115,0,115,0,-0.6192758933027871,-0.660923723524619
20260213,20260213_E04_e03,139,100,0.7194244604316546,1,100,0,100,0,-0.6327010872586771,-0.6830416777522363
20260213,20260213_E05_e01,139,0,0.0,0,0,0,0,0,,
20260213,20260213_E05_e02,79,66,0.8354430379746836,2,51,0,66,0,-0.5585164333038533,-0.980743211082628
20260213,20260213_E06_e01,139,78,0.5611510791366906,1,78,0,78,0,-0.4894523829461668,-0.6683963375033074
20260213,20260213_E06_e02,139,107,0.7697841726618705,4,102,2,105,2,-0.710034200838806,-0.747624864978268
20260213,20260213_E06_e03,99,17,0.1717171717171717,1,17,0,17,0,-0.7238535805112996,-0.8377078952049534
20260213,20260213_E06_e04,41,21,0.5121951219512195,3,15,1,20,0,-0.29680150920156917,-0.7520775439138708
20260213,20260213_E07_e01,139,124,0.8920863309352518,2,118,0,124,0,-0.6233064286038184,-0.781425204964098
20260213,20260213_E07_e02,139,108,0.7769784172661871,1,108,0,108,0,-0.6480338284058889,-0.7558815209525699
20260213,20260213_E08_e01,139,107,0.7697841726618705,2,105,0,107,0,-0.6251999670750035,-0.7301720406363369
20260213,20260213_E08_e02,139,101,0.7266187050359713,1,101,0,101,0,-0.6458417201314589,-0.7357538495614002
20260213,20260213_E09_e01,139,96,0.6906474820143885,1,96,0,96,0,-0.5577287166925313,-0.7302051998972778
20260213,20260213_E09_e02,139,74,0.5323741007194245,4,71,3,71,3,-0.4993292324740019,-0.6896735299404306
20260213,20260213_E10_e01,139,104,0.7482014388489209,4,85,0,104,0,-0.4159584943640897,-0.5605403147493083
20260213,20260213_E10_e02,139,79,0.5683453237410072,6,63,3,76,3,-0.42345655344753785,-0.6331590962100353
20260213,20260213_E10_e03,139,133,0.9568345323741008,1,133,0,133,0,-0.4897216284355508,-0.6204835920167224
20260213,20260213_E10_e04,139,116,0.8345323741007195,2,110,0,116,0,-0.42085293607549396,-0.5688121133027271
20260213,20260213_E10_e05,139,139,1.0,1,139,0,139,0,-0.5002475308935926,-0.933885345851249
20260213,20260213_E11_e01,139,125,0.8992805755395683,2,97,0,125,0,-0.5763293522715266,-0.7347922309941122
20260213,20260213_E11_e02,139,129,0.9280575539568345,2,113,0,129,0,-0.6605741624687601,-0.8032329455762768
20260213,20260213_E11_e03,50,21,0.42,1,21,0,21,0,-0.7914689179690849,-0.9657573015563644
20260213,20260213_E12_e01,139,88,0.6330935251798561,1,88,0,88,0,-0.5508085234624064,-0.6287710206788468
20260213,20260213_E12_e02,139,84,0.60431654676259,1,84,0,84,0,-0.43600371492711476,-0.5838954875387324
20260213,20260213_F01_e01,139,109,0.7841726618705036,8,72,3,106,3,-0.6443215817668574,-0.9348752115119325
20260213,20260213_F01_e02,139,102,0.7338129496402878,10,70,2,100,2,-0.6628120429210508,-0.9345878312504441
20260213,20260213_F02_e01,139,105,0.7553956834532374,2,104,1,104,1,-0.6618428912635433,-0.7513497552906371
20260213,20260213_F02_e02,139,131,0.9424460431654677,1,131,0,131,0,-0.7867764174301353,-0.8702699181119402
20260213,20260213_F02_e03,139,139,1.0,1,139,0,139,0,-0.8519359532802209,-0.8753985504708104
20260213,20260213_F03_e01,139,100,0.7194244604316546,1,100,0,100,0,-0.6029896467300978,-0.719317909221659
20260213,20260213_F03_e02,139,89,0.6402877697841727,1,89,0,89,0,-0.6216596506430784,-0.7398987571790216
20260213,20260213_F04_e01,139,120,0.8633093525179856,3,111,0,120,0,-0.6800689476010838,-0.8001049219608452
20260213,20260213_F05_e02,139,104,0.7482014388489209,2,103,1,103,1,-0.6728109658810131,-0.7124978779958848
20260213,20260213_F06_e01,139,98,0.7050359712230215,1,98,0,98,0,-0.603508228953662,-0.7294756961565765
20260213,20260213_F06_e02,139,97,0.697841726618705,3,91,1,96,1,-0.5615860601921472,-0.6377350742198894
20260213,20260213_F07_e01,139,109,0.7841726618705036,1,109,0,109,0,-0.6993524755824669,-0.779070897437289
20260213,20260213_F07_e02,139,124,0.8920863309352518,2,116,0,124,0,-0.5997413681395436,-0.7626570632715083
20260213,20260213_F07_e03,58,58,1.0,2,57,1,57,0,-0.7911726429506211,-0.9008060792278284
20260213,20260213_F07_e04,139,130,0.935251798561151,1,130,0,130,0,-0.4852610264822428,-0.5912347372936675
20260213,20260213_F08_e01,139,91,0.6546762589928058,1,91,0,91,0,-0.57335827576648,-0.6487550019392722
20260213,20260213_F08_e02,139,90,0.6474820143884892,1,90,0,90,0,-0.5517068805914167,-0.6529551749917952
20260213,20260213_F09_e01,139,89,0.6402877697841727,2,88,1,88,1,-0.5522378599672823,-0.6360660580858605
20260213,20260213_F09_e02,139,95,0.6834532374100719,1,95,0,95,0,-0.5509305023828827,-0.6361213235207621
20260213,20260213_F10_e01,139,120,0.8633093525179856,5,96,0,120,0,-0.4378527605568221,-0.6327280258178029
20260213,20260213_F10_e02,139,112,0.8057553956834532,6,75,3,109,3,-0.4633204081250836,-0.7506857085176465
20260213,20260213_F10_e03,139,139,1.0,1,139,0,139,0,-0.843143111069285,-0.8743907854016922
20260213,20260213_F11_e01,139,88,0.6330935251798561,2,85,0,88,0,-0.5694068943856007,-0.6498713637242849
20260213,20260213_F11_e02,139,87,0.6258992805755396,2,86,1,86,1,-0.623232963542571,-0.6837490753189771
20260213,20260213_F12_e01,139,67,0.48201438848920863,5,58,2,65,2,-0.12390411835045921,-0.3644143393704438
20260213,20260213_F12_e02,139,108,0.7769784172661871,8,93,4,104,4,-0.5348424195316319,-0.6397200193906314
20260213,20260213_G01_e01,139,103,0.7410071942446043,2,102,1,102,1,-0.6470160765896948,-0.7287572455028554
20260213,20260213_G01_e02,139,105,0.7553956834532374,1,105,0,105,0,-0.6501722124151539,-0.7817789037474684
20260213,20260213_G01_e03,69,13,0.18840579710144928,1,13,0,13,0,-0.5369192411635461,-0.9234807211321606
20260213,20260213_G02_e01,139,100,0.7194244604316546,1,100,0,100,0,-0.5498257788035578,-0.6601286284420254
20260213,20260213_G02_e02,139,102,0.7338129496402878,1,102,0,102,0,-0.6619733306385326,-0.7439552401008005
20260213,20260213_G03_e01,139,100,0.7194244604316546,1,100,0,100,0,-0.55399049038347,-0.7376872668525912
20260213,20260213_G03_e02,139,96,0.6906474820143885,1,96,0,96,0,-0.6336422050903294,-0.767221988194382
20260213,20260213_G04_e01,139,108,0.7769784172661871,3,88,1,107,1,-0.5750295075528963,-0.6487218426783311
20260213,20260213_G04_e02,139,112,0.8057553956834532,3,89,0,112,0,-0.5729926995560202,-0.6469201895005384
20260213,20260213_G05_e01,139,105,0.7553956834532374,3,103,2,103,2,-0.7263274798715244,-0.7990384387792264
20260213,20260213_G05_e02,67,9,0.13432835820895522,1,9,0,9,0,-0.5719570810057742,-0.9044889788169488
20260213,20260213_G05_e03,139,2,0.014388489208633094,1,2,0,2,0,-0.017631663267355227,-0.032600668221125124
20260213,20260213_G06_e01,139,87,0.6258992805755396,2,79,0,87,0,-0.5144992681081988,-0.599789826616438
20260213,20260213_G06_e02,139,101,0.7266187050359713,1,101,0,101,0,-0.5824222890171207,-0.6463012166296402
20260213,20260213_G07_e01,139,104,0.7482014388489209,2,103,1,103,1,-0.49067677373994634,-0.7708388556982521
20260213,20260213_G07_e02,139,104,0.7482014388489209,1,104,0,104,0,-0.669626064943798,-0.7323384456844803
20260213,20260213_G08_e01,139,99,0.7122302158273381,1,99,0,99,0,-0.6399715932627362,-0.7360964952577904
20260213,20260213_G08_e02,139,101,0.7266187050359713,2,98,0,101,0,-0.6473326810228046,-0.7294867492435567
20260213,20260213_G09_e01,139,94,0.6762589928057554,1,94,0,94,0,-0.5655453126404699,-0.6079611819392259
20260213,20260213_G09_e02,139,9,0.06474820143884892,1,9,0,9,0,-0.19167618241943632,-0.3968993620056154
20260213,20260213_G11_e01,139,81,0.5827338129496403,3,79,2,79,2,-0.42831960530994756,-0.5369720911439416
20260213,20260213_G11_e02,139,77,0.5539568345323741,4,66,1,76,1,-0.40443181713297016,-0.578147882308964
20260213,20260213_G11_e03,77,48,0.6233766233766234,1,48,0,48,0,-0.4316255235398957,-0.9301255156030301
20260213,20260213_G12_e01,139,95,0.6834532374100719,4,92,3,92,3,-0.856105403132895,-0.8860205670589016
20260213,20260213_G12_e02,139,86,0.6187050359712231,8,74,4,82,4,-0.43861610572612186,-0.5572796540901128
20260213,20260213_G12_e03,28,17,0.6071428571428571,2,15,0,17,0,-0.5537684867745185,-0.9682364572019432
20260213,20260213_H01_e01,139,105,0.7553956834532374,2,104,1,104,1,-0.6878595956015806,-0.79070979802757
20260213,20260213_H01_e02,139,101,0.7266187050359713,1,101,0,101,0,-0.6594093198999254,-0.7566883963021334
20260213,20260213_H02_e01,139,102,0.7338129496402878,2,101,1,101,1,-0.671676783330371,-0.7319218947685582
20260213,20260213_H02_e02,139,105,0.7553956834532374,1,105,0,105,0,-0.7874016584234563,-0.8136779075458781
20260213,20260213_H03_e01,139,105,0.7553956834532374,1,105,0,105,0,-0.7024265692155771,-0.7511839589859324
20260213,20260213_H03_e02,139,138,0.9928057553956835,1,138,0,138,0,-0.8141405631318162,-0.8972492636277224
20260213,20260213_H03_e03,18,18,1.0,1,18,0,18,0,-0.5427010964895489,-0.9607140911722287
20260213,20260213_H04_e01,139,96,0.6906474820143885,1,96,0,96,0,-0.5979620116479476,-0.6622618742292278
20260213,20260213_H04_e02,139,100,0.7194244604316546,1,100,0,100,0,-0.5605962653891923,-0.6597417703977139
20260213,20260213_H05_e01,139,98,0.7050359712230215,1,98,0,98,0,-0.5894346885722341,-0.695830099388471
20260213,20260213_H05_e02,139,99,0.7122302158273381,1,99,0,99,0,-0.6291105220474523,-0.698328097046024
20260213,20260213_H05_e03,139,0,0.0,0,0,0,0,0,,
20260213,20260213_H06_e01,139,95,0.6834532374100719,1,95,0,95,0,-0.6015663726041748,-0.6875402841532281
20260213,20260213_H06_e02,139,98,0.7050359712230215,2,97,1,97,1,-0.6011191471203253,-0.7139903212971428
20260213,20260213_H07_e01,139,117,0.841726618705036,2,110,0,117,0,-0.6600542878375801,-0.7889081448497771
20260213,20260213_H07_e02,126,0,0.0,0,0,0,0,0,,
20260213,20260213_H08_e01,139,99,0.7122302158273381,1,99,0,99,0,-0.5858505562729444,-0.6714690956838375
20260213,20260213_H08_e02,139,107,0.7697841726618705,1,107,0,107,0,-0.6349352082332267,-0.7188315733945246
20260213,20260213_H08_e03,139,139,1.0,1,139,0,139,0,-0.7683868002170151,-0.82895347897949
20260213,20260213_H08_e04,139,139,1.0,1,139,0,139,0,-0.7877374561986683,-0.9213641643718569
20260213,20260213_H09_e01,139,109,0.7841726618705036,1,109,0,109,0,-0.7045927276899856,-0.7436789129262924
20260213,20260213_H09_e02,21,21,1.0,1,21,0,21,0,-0.5392555341363012,-0.9904135900143715
20260213,20260213_H10_e01,139,21,0.1510791366906475,6,9,2,19,2,-0.04074568658642227,-0.1442441958076448
20260213,20260213_H10_e02,128,12,0.09375,1,12,0,12,0,-0.4141842350431868,-0.8977234211013023
20260213,20260213_H11_e01,139,95,0.6834532374100719,1,95,0,95,0,-0.6592622291491808,-0.7988291875573633
20260213,20260213_H11_e02,139,73,0.5251798561151079,3,71,2,71,2,-0.535175922857623,-0.674320792124761
20260213,20260213_H12_e01,139,105,0.7553956834532374,8,67,3,102,3,-0.4361056463589935,-0.5788884391366459
20260213,20260213_H12_e02,139,105,0.7553956834532374,10,81,5,100,5,-0.5516390467023301,-0.6152252631737779
20260213,20260213_H12_e03,139,97,0.697841726618705,8,80,3,94,3,-0.4670150120455146,-0.642841600404799
20260219,20260219_A01_e01,177,122,0.6892655367231638,3,118,1,121,1,-0.5322574305904235,-0.7739016811346703
20260219,20260219_A02_e01,177,115,0.6497175141242938,12,86,6,109,5,-0.6890742672236253,-0.7689442494225518
20260219,20260219_A02_e02,177,112,0.632768361581921,6,99,2,110,1,-0.7088984670738252,-0.8001781872561666
20260219,20260219_A03_e01,155,101,0.6516129032258065,5,89,1,100,0,-0.3778567792772645,-0.8763587239628677
20260219,20260219_A03_e02,161,57,0.35403726708074534,17,21,9,48,8,-0.30762938464709355,-0.6522819719607833
20260219,20260219_A03_e03,153,58,0.3790849673202614,18,26,10,48,10,-0.2983274790503927,-0.615823912626822
20260219,20260219_A04_e01,177,120,0.6779661016949152,5,61,2,118,2,-0.14543108466971671,-0.8534216025097059
20260219,20260219_A04_e02,153,89,0.5816993464052288,15,48,7,82,4,-0.6221543949629346,-0.8825040733161277
20260219,20260219_A04_e03,175,95,0.5428571428571428,13,36,5,90,4,-0.6287108777463298,-0.9490974048969714
20260219,20260219_A05_e01,177,66,0.3728813559322034,15,18,9,57,9,-0.2671858729011378,-0.9353321869726481
20260219,20260219_A06_e01,177,105,0.5932203389830508,2,104,1,104,1,-0.626828316869319,-0.7456054967423152
20260219,20260219_A07_e01,177,91,0.5141242937853108,17,21,2,89,2,-0.36209109866257544,-0.7066809279557871
20260219,20260219_A07_e02,177,120,0.6779661016949152,21,50,5,115,5,-0.406957183123662,-0.7079702951440264
20260219,20260219_A07_e03,177,129,0.7288135593220338,15,83,0,129,0,-0.5139638446458862,-0.8965023534915773
20260219,20260219_A08_e01,177,135,0.7627118644067796,3,130,1,134,1,-0.6581078429732335,-0.7781802699197881
20260219,20260219_A08_e02,177,106,0.5988700564971752,1,106,0,106,0,-0.48613439433419225,-0.6337759630308105
20260219,20260219_A09_e01,177,112,0.632768361581921,3,104,1,111,1,-0.5249721893257555,-0.67916079569037
20260219,20260219_A09_e02,177,130,0.7344632768361582,2,125,0,130,0,-0.5500432076805855,-0.6903818418467265
20260219,20260219_A10_e01,177,111,0.6271186440677966,1,111,0,111,0,-0.570865753076157,-0.6662854342907877
20260219,20260219_A10_e02,177,132,0.7457627118644068,1,132,0,132,0,-0.6254748946521437,-0.714554434973077
20260219,20260219_A12_e01,177,27,0.15254237288135594,11,6,5,22,5,-0.04496797130395102,-0.16919748432299117
20260219,20260219_B01_e01,177,75,0.423728813559322,32,11,17,58,17,-0.18383099054731572,-0.6786138120948952
20260219,20260219_B01_e02,177,42,0.23728813559322035,25,5,15,27,15,-0.13167866604286071,-0.6372835635192536
20260219,20260219_B02_e01,177,109,0.615819209039548,30,16,11,98,10,-0.3532893889222172,-0.9636226111447097
20260219,20260219_B02_e02,177,127,0.7175141242937854,21,38,8,119,7,-0.4449428959188057,-0.9015754729692268
20260219,20260219_B02_e03,177,124,0.7005649717514124,18,57,7,117,7,-0.41754076531810014,-0.9860079332959528
20260219,20260219_B03_e01,177,50,0.2824858757062147,17,21,9,41,9,-0.5289116763350853,-0.7277139876487907
20260219,20260219_B03_e02,177,133,0.751412429378531,9,117,4,129,4,-0.5293151748669338,-0.8537337473726012
20260219,20260219_B04_e01,177,78,0.4406779661016949,19,43,9,69,9,-0.5720291146792735,-0.7764787781469767
20260219,20260219_B04_e02,177,73,0.4124293785310734,31,13,10,63,10,-0.25649396945309083,-0.7475322570741533
20260219,20260219_B04_e03,177,61,0.3446327683615819,27,5,9,52,9,-0.23511315768863725,-0.7581924753164235
20260219,20260219_B05_e01,177,157,0.8870056497175142,6,122,0,157,0,-0.470963018349019,-0.5934737962830049
20260219,20260219_B06_e01,177,86,0.4858757062146893,12,58,4,82,4,-0.5673113240426599,-0.7597302396234121
20260219,20260219_B07_e01,177,99,0.559322033898305,13,75,6,93,6,-0.2950565108791391,-0.6857626609895239
20260219,20260219_B07_e02,99,63,0.6363636363636364,4,42,0,63,0,-0.4832365432876286,-0.9103902902977726
20260219,20260219_B07_e03,82,81,0.9878048780487805,1,81,0,81,0,-0.8112787439619505,-0.9089387561071679
20260219,20260219_B08_e01,177,157,0.8870056497175142,1,157,0,157,0,-0.7341825638347159,-0.8057812137146666
20260219,20260219_B08_e02,177,126,0.711864406779661,1,126,0,126,0,-0.6879506291042884,-0.7314785152573973
20260219,20260219_B09_e01,177,104,0.5875706214689266,1,104,0,104,0,-0.42341646511082054,-0.5336572398568805
20260219,20260219_B09_e02,177,145,0.8192090395480226,2,123,0,145,0,-0.5024241389074399,-0.5949757403854077
20260219,20260219_B10_e01,177,0,0.0,0,0,0,0,0,,
20260219,20260219_B11_e01,177,4,0.022598870056497175,3,2,2,2,2,-0.10643950254952955,-0.1698972503201818
20260219,20260219_B12_e01,177,140,0.7909604519774012,5,134,2,138,2,-0.5494245070696634,-0.7825019551651491
20260219,20260219_C01_e01,177,103,0.5819209039548022,12,36,2,101,2,-0.38147508361595905,-0.8026845400753502
20260219,20260219_C01_e02,177,127,0.7175141242937854,15,28,5,122,5,-0.32875561297965167,-0.7025896387226642
20260219,20260219_C02_e01,177,168,0.9491525423728814,1,168,0,168,0,-0.8775242188990262,-0.904806802963201
20260219,20260219_C02_e02,177,124,0.7005649717514124,1,124,0,124,0,-0.6492441240364242,-0.7836982819481806
20260219,20260219_C03_e01,177,154,0.8700564971751412,3,150,1,153,1,-0.8358658816338148,-0.8860629121224483
20260219,20260219_C03_e02,177,143,0.807909604519774,6,116,2,141,2,-0.8595391437447186,-0.9218880230221441
20260219,20260219_C03_e03,177,110,0.6214689265536724,4,92,2,108,2,-0.40433714429711487,-0.5302071218825207
20260219,20260219_C04_e01,177,22,0.12429378531073447,18,3,15,7,15,-0.2230738134993539,-0.559153163021708
20260219,20260219_C04_e02,177,38,0.21468926553672316,24,3,14,24,13,-0.18011137372261551,-0.3787866530306645
20260219,20260219_C05_e01,177,124,0.7005649717514124,10,76,3,121,3,-0.4813748685588761,-0.7581369862329016
20260219,20260219_C06_e01,177,13,0.07344632768361582,6,6,3,10,3,-0.06969574082137012,-0.2746607669237624
20260219,20260219_C07_e01,177,98,0.5536723163841808,25,15,8,90,8,-0.2058034753591026,-0.7085034179445974
20260219,20260219_C07_e02,177,84,0.4745762711864407,22,10,5,79,5,-0.2913467973884549,-0.6809039647979258
20260219,20260219_C07_e03,177,84,0.4745762711864407,33,7,11,73,11,-0.22653409230438998,-0.746130438520614
20260219,20260219_C07_e04,172,145,0.8430232558139535,13,118,4,141,2,-0.760614651087587,-0.9865863437899126
20260219,20260219_C07_e05,173,163,0.9421965317919075,2,130,0,163,0,-0.5808190266390963,-0.9747156604376874
20260219,20260219_C08_e01,177,130,0.7344632768361582,2,129,1,129,1,-0.749816475542493,-0.8527479045515273
20260219,20260219_C08_e02,177,132,0.7457627118644068,1,132,0,132,0,-0.5876418079955678,-0.6637604268142846
20260219,20260219_C09_e01,177,150,0.847457627118644,4,144,1,149,1,-0.7908782024717165,-0.8103577264749879
20260219,20260219_C09_e02,177,122,0.6892655367231638,1,122,0,122,0,-0.6990496291149397,-0.7707140840194385
20260219,20260219_C09_e03,177,116,0.655367231638418,1,116,0,116,0,-0.6301218133273832,-0.7545518594392356
20260219,20260219_C10_e01,177,160,0.903954802259887,1,160,0,160,0,-0.7086934860859113,-0.7715337204399157
20260219,20260219_C10_e02,177,153,0.864406779661017,1,153,0,153,0,-0.7528897489904904,-0.8510434232203987
20260219,20260219_C11_e01,177,3,0.01694915254237288,3,1,3,0,3,-0.2873483645369285,-0.44286330770774773
20260219,20260219_C12_e01,177,133,0.751412429378531,8,119,3,130,2,-0.6076379148516922,-0.7601077087436483
20260219,20260219_D01_e01,177,127,0.7175141242937854,21,31,2,125,2,-0.28049375026251216,-0.684359967617787
20260219,20260219_D01_e02,177,140,0.7909604519774012,11,42,1,139,1,-0.3685239881868988,-0.8212950717183545
20260219,20260219_D01_e03,177,153,0.864406779661017,5,61,0,153,0,-0.48594442131476084,-0.8401638804114959
20260219,20260219_D02_e01,177,60,0.3389830508474576,32,7,16,44,16,-0.1597428754755851,-0.7487479948274562
20260219,20260219_D02_e02,177,43,0.24293785310734464,22,6,12,31,12,-0.1529542111727329,-0.7476187183386821
20260219,20260219_D03_e01,177,128,0.7231638418079096,15,49,3,125,3,-0.5159943503295976,-0.7946260358550673
20260219,20260219_D03_e02,177,122,0.6892655367231638,12,36,2,120,2,-0.5879714650283696,-0.7607884225963215
20260219,20260219_D04_e01,177,138,0.7796610169491526,3,87,0,138,0,-0.48907698570033775,-0.7355144815717638
20260219,20260219_D04_e02,177,107,0.6045197740112994,15,24,3,104,3,-0.3259916101329185,-0.9861574496633553
20260219,20260219_D04_e03,177,122,0.6892655367231638,12,35,2,120,2,-0.3712690643664368,-0.6783714079190521
20260219,20260219_D05_e01,177,23,0.12994350282485875,6,16,3,20,3,-0.08753306115571732,-0.17925143987058015
20260219,20260219_D06_e01,177,156,0.8813559322033898,6,115,0,156,0,-0.4455878204623961,-0.8022914287863953
20260219,20260219_D07_e01,177,54,0.3050847457627119,30,11,17,37,16,-0.1481416378310318,-0.7252883903409282
20260219,20260219_D07_e02,177,59,0.3333333333333333,32,9,19,40,19,-0.12663383429779518,-0.6859499664296117
20260219,20260219_D07_e03,172,156,0.9069767441860465,2,115,0,156,0,-0.5147992987487426,-0.9864471951518092
20260219,20260219_D08_e01,177,158,0.8926553672316384,4,132,0,158,0,-0.8205395537059993,-0.8587251732631564
20260219,20260219_D08_e02,177,143,0.807909604519774,8,127,4,139,4,-0.8201816673609895,-0.8509180369638966
20260219,20260219_D08_e03,177,126,0.711864406779661,1,126,0,126,0,-0.5198873760810869,-0.58413562208111
20260219,20260219_D09_e01,177,161,0.9096045197740112,3,153,0,161,0,-0.749593897400898,-0.7968239673648302
20260219,20260219_D09_e02,177,158,0.8926553672316384,2,155,0,158,0,-0.7405606778449567,-0.8103414642864544
20260219,20260219_D09_e03,177,145,0.8192090395480226,2,139,0,145,0,-0.7520038162711279,-0.8017651457886767
20260219,20260219_D10_e01,177,128,0.7231638418079096,1,128,0,128,0,-0.8920080547097318,-0.90667267624563
20260219,20260219_D10_e02,177,159,0.8983050847457628,1,159,0,159,0,-0.7939795158094326,-0.8314057446201231
20260219,20260219_D11_e01,177,5,0.02824858757062147,3,3,2,3,2,-0.1372555096718136,-0.1409036281571534
20260219,20260219_D12_e01,177,143,0.807909604519774,4,124,1,142,1,-0.5731305611653179,-0.7834643544260185
20260219,20260219_E01_e01,177,80,0.4519774011299435,19,41,8,72,8,-0.430613123821594,-0.7351046085307851
20260219,20260219_E01_e02,177,85,0.480225988700565,17,41,7,78,7,-0.4265821242661723,-0.7611253481826145
20260219,20260219_E02_e01,177,146,0.8248587570621468,10,76,3,143,3,-0.5217721969013918,-0.7918568726375887
20260219,20260219_E02_e02,177,105,0.5932203389830508,20,37,5,100,5,-0.39079533626444457,-0.8524211630641133
20260219,20260219_E02_e03,177,135,0.7627118644067796,1,135,0,135,0,-0.5107152743854534,-0.7015778818509669
20260219,20260219_E03_e01,177,74,0.4180790960451977,29,21,13,61,13,-0.33073677509171023,-0.6417285329890419
20260219,20260219_E03_e02,177,71,0.4011299435028249,29,12,15,56,14,-0.18814837593711434,-0.6956419368918961
20260219,20260219_E04_e01,177,147,0.8305084745762712,2,146,1,146,1,-0.5108398055697001,-0.7674865901435913
20260219,20260219_E04_e02,177,143,0.807909604519774,4,134,2,141,2,-0.47102132337597497,-0.6177339745813331
20260219,20260219_E04_e03,177,120,0.6779661016949152,9,108,5,115,5,-0.5310182401368928,-0.5953131336258025
20260219,20260219_E04_e04,177,119,0.672316384180791,4,108,1,118,1,-0.5280104523768995,-0.5918085973868629
20260219,20260219_E05_e01,177,13,0.07344632768361582,4,5,0,13,0,-0.16438642516038116,-0.33248051495136227
20260219,20260219_E06_e01,177,94,0.5310734463276836,8,87,7,87,7,-0.6419672311620284,-0.7572866814341922
20260219,20260219_E07_e01,177,156,0.8813559322033898,1,156,0,156,0,-0.7546629511236659,-0.801933211684536
20260219,20260219_E07_e02,177,128,0.7231638418079096,2,127,1,127,1,-0.7525132510036538,-0.8177749992280561
20260219,20260219_E07_e03,177,128,0.7231638418079096,1,128,0,128,0,-0.7234645228801383,-0.7818915955641309
20260219,20260219_E07_e04,177,115,0.6497175141242938,1,115,0,115,0,-0.9418705423936135,-0.9769980252674397
20260219,20260219_E07_e05,171,138,0.8070175438596491,2,125,0,138,0,-0.255917574672594,-0.9281814568128519
20260219,20260219_E08_e01,176,132,0.75,14,70,4,128,4,-0.6016948343803157,-0.780533042802985
20260219,20260219_E08_e02,177,23,0.12994350282485875,8,12,5,18,4,-0.13981146762590246,-0.4856064805983319
20260219,20260219_E08_e03,149,149,1.0,7,100,2,147,0,-0.7289630230864006,-0.9651237046929997
20260219,20260219_E09_e01,177,124,0.7005649717514124,9,46,3,121,3,-0.5896905878749468,-0.7731097444079174
20260219,20260219_E09_e02,177,150,0.847457627118644,5,125,1,149,1,-0.570894414610781,-0.7737501664803886
20260219,20260219_E10_e01,177,146,0.8248587570621468,1,146,0,146,0,-0.6235442716794535,-0.6654473930162585
20260219,20260219_E10_e02,177,161,0.9096045197740112,2,159,0,161,0,-0.9318202156198401,-0.966730278970799
20260219,20260219_E10_e03,177,161,0.9096045197740112,2,159,0,161,0,-0.9343120257061878,-0.9557025922602502
20260219,20260219_E11_e01,177,157,0.8870056497175142,1,157,0,157,0,-0.7951508099281097,-0.8326747200700075
20260219,20260219_E12_e01,177,80,0.4519774011299435,6,75,5,75,5,-0.6476134800628185,-0.7780000755487608
20260219,20260219_F01_e01,177,89,0.5028248587570622,30,12,10,79,10,-0.2132448737918761,-0.6247931470687343
20260219,20260219_F01_e02,177,77,0.4350282485875706,32,11,12,65,12,-0.20905491923457484,-0.6163129179341807
20260219,20260219_F01_e03,177,76,0.4293785310734463,25,15,13,63,12,-0.25835543254855164,-0.7193180813609839
20260219,20260219_F02_e01,177,65,0.3672316384180791,18,19,6,59,5,-0.12931056127272633,-0.6405686581290525
20260219,20260219_F02_e02,177,71,0.4011299435028249,25,19,10,61,10,-0.19158833846491866,-0.686879806183024
20260219,20260219_F02_e03,177,33,0.1864406779661017,23,4,18,15,18,-0.09490522574369316,-0.764869242809356
20260219,20260219_F03_e01,177,70,0.3954802259887006,29,10,14,56,14,-0.17273007478060642,-0.6758754587920305
20260219,20260219_F03_e02,177,56,0.3163841807909605,28,5,15,41,15,-0.2632544815650887,-0.737202672429251
20260219,20260219_F04_e01,177,145,0.8192090395480226,2,140,0,145,0,-0.5844788638851895,-0.6603864944103365
20260219,20260219_F04_e02,177,128,0.7231638418079096,1,128,0,128,0,-0.7139177128415404,-0.7563150112116214
20260219,20260219_F04_e03,177,126,0.711864406779661,1,126,0,126,0,-0.6824548637198982,-0.7349504005375889
20260219,20260219_F05_e01,177,159,0.8983050847457628,2,113,0,159,0,-0.450563944050247,-0.7551233508832176
20260219,20260219_F06_e01,177,9,0.05084745762711865,7,2,5,4,5,-0.13638099321839134,-0.16834768752793985
20260219,20260219_F07_e01,177,124,0.7005649717514124,1,124,0,124,0,-0.5598806956482144,-0.6393483933237829
20260219,20260219_F07_e02,177,109,0.615819209039548,2,107,0,109,0,-0.5227830313620444,-0.630238775833123
20260219,20260219_F08_e01,177,140,0.7909604519774012,3,137,1,139,1,-0.6812470875860588,-0.758720579731715
20260219,20260219_F08_e02,177,145,0.8192090395480226,4,138,2,143,2,-0.6657485512044857,-0.8266376351238656
20260219,20260219_F09_e01,177,156,0.8813559322033898,2,154,0,156,0,-0.697264732580759,-0.7666435978288688
20260219,20260219_F09_e02,177,161,0.9096045197740112,1,161,0,161,0,-0.6696222436920465,-0.7483917118888014
20260219,20260219_F11_e01,177,154,0.8700564971751412,2,149,0,154,0,-0.7432821161798064,-0.8101129075752193
20260219,20260219_F12_e01,177,139,0.7853107344632768,10,60,4,135,4,-0.33246368313459074,-0.7934814534664489
20260219,20260219_G01_e01,177,94,0.5310734463276836,26,16,5,89,5,-0.2348903004576982,-0.7206123370046409
20260219,20260219_G01_e02,177,68,0.384180790960452,25,10,12,56,12,-0.21097445154127514,-0.7407945886105517
20260219,20260219_G01_e03,177,70,0.3954802259887006,27,15,13,57,13,-0.2165779684219739,-0.7041923850710112
20260219,20260219_G02_e01,177,164,0.9265536723163842,3,138,0,164,0,-0.8153372656070667,-0.9489021475300097
20260219,20260219_G02_e02,177,112,0.632768361581921,1,112,0,112,0,-0.618255739075203,-0.6995676449077979
20260219,20260219_G03_e01,177,66,0.3728813559322034,21,20,9,57,9,-0.3440936573059857,-0.7299544259119772
20260219,20260219_G03_e02,177,63,0.3559322033898305,29,9,14,49,14,-0.1582795145212378,-0.5884537293094088
20260219,20260219_G04_e01,177,58,0.327683615819209,22,10,8,50,8,-0.11300025589461957,-0.7108965956714786
20260219,20260219_G04_e02,171,146,0.8538011695906432,2,83,0,146,0,-0.6123799786643309,-0.98509198384141
20260219,20260219_G05_e01,177,117,0.6610169491525424,9,89,4,113,4,-0.6739969874460348,-0.7741467335724036
20260219,20260219_G06_e01,177,92,0.519774011299435,22,50,12,80,12,-0.46721172618628454,-0.7245684582623009
20260219,20260219_G07_e01,177,116,0.655367231638418,1,116,0,116,0,-0.5115833624659895,-0.5995251073042795
20260219,20260219_G07_e02,177,116,0.655367231638418,1,116,0,116,0,-0.5379261748707124,-0.6410353595257569
20260219,20260219_G08_e01,177,150,0.847457627118644,2,144,0,150,0,-0.7486115778737998,-0.8057920973675825
20260219,20260219_G08_e02,177,116,0.655367231638418,2,115,1,115,1,-0.6779865562663853,-0.750764348224481
20260219,20260219_G08_e03,177,177,1.0,1,177,0,177,0,-0.8246576267772902,-0.8744352963085519
20260219,20260219_G09_e01,176,106,0.6022727272727273,21,24,6,100,6,-0.36403016902739366,-0.7537412391438864
20260219,20260219_G09_e02,177,55,0.3107344632768362,19,13,9,46,9,-0.11034967916060097,-0.5035533968100255
20260219,20260219_G11_e01,177,151,0.8531073446327684,1,151,0,151,0,-0.7418992771050401,-0.7856682231259696
20260219,20260219_G12_e01,177,61,0.3446327683615819,2,54,0,61,0,-0.44799634844892633,-0.650712951154336
20260219,20260219_H01_e01,177,28,0.15819209039548024,16,5,9,19,9,-0.05875792596143752,-0.2149029499857076
20260219,20260219_H01_e02,177,12,0.06779661016949153,3,5,0,12,0,-0.10398997080377329,-0.22352834846684086
20260219,20260219_H02_e01,177,32,0.1807909604519774,4,14,1,31,1,-0.03988468315290153,-0.8439198629412814
20260219,20260219_H02_e02,177,32,0.1807909604519774,14,5,6,26,6,-0.15569955162869256,-0.6441108126729225
20260219,20260219_H03_e01,177,68,0.384180790960452,20,26,9,59,8,-0.48586122114792807,-0.6813642745165363
20260219,20260219_H03_e02,177,33,0.1864406779661017,17,4,9,24,9,-0.09060725077733676,-0.49178929808814353
20260219,20260219_H05_e01,177,60,0.3389830508474576,8,27,2,58,2,-0.0513700302934772,-0.49254907743889853
20260219,20260219_H06_e01,177,153,0.864406779661017,6,102,1,152,1,-0.5880006596732851,-0.7804770000764186
20260219,20260219_H07_e01,177,131,0.7401129943502824,1,131,0,131,0,-0.7180268924580179,-0.7532042006329412
20260219,20260219_H07_e02,177,0,0.0,0,0,0,0,0,,
20260219,20260219_H08_e01,177,148,0.8361581920903954,4,143,2,146,2,-0.6197190316693633,-0.7823147420678147
20260219,20260219_H08_e02,177,116,0.655367231638418,13,85,7,109,7,-0.7140407521888454,-0.8259852359115303
20260219,20260219_H08_e03,177,143,0.807909604519774,1,143,0,143,0,-0.5585525747495111,-0.9578514941583103
20260219,20260219_H08_e04,170,132,0.7764705882352941,6,72,3,129,3,-0.5180085066268085,-0.9645837374536126
20260219,20260219_H09_e01,177,72,0.4067796610169492,24,22,10,62,10,-0.3340502423846384,-0.729393325397969
20260219,20260219_H09_e02,177,68,0.384180790960452,30,9,14,54,14,-0.1437977317964848,-0.6817372614297407
20260219,20260219_H11_e01,177,3,0.01694915254237288,1,3,0,3,0,-0.10475154840654542,-0.1413632113738689
20260219,20260219_H11_e02,177,0,0.0,0,0,0,0,0,,
20260219,20260219_H12_e01,177,63,0.3559322033898305,14,11,3,60,3,-0.05080805466971477,-0.25121112380211086
20260228,20260228_A01_e01,151,0,0.0,0,0,0,0,0,,
20260228,20260228_A02_e01,151,100,0.6622516556291391,2,99,1,99,1,-0.1267955485464447,-0.20195269341898936
20260228,20260228_A03_e01,151,22,0.1456953642384106,5,13,1,21,1,-0.055130105866476944,-0.09814469627615971
20260228,20260228_A04_e01,151,39,0.2582781456953642,6,30,3,36,3,-0.14495563509807885,-0.22019895550742472
20260228,20260228_A04_e02,151,0,0.0,0,0,0,0,0,,
20260228,20260228_A04_e03,151,151,1.0,1,151,0,151,0,-0.4571989200470984,-0.7691556625716712
20260228,20260228_A05_e01,151,35,0.23178807947019867,3,33,2,33,2,-0.051976089377885,-0.14979352554616956
20260228,20260228_A06_e01,151,55,0.36423841059602646,1,55,0,55,0,-0.1533857877336701,-0.4317320374654504
20260228,20260228_A07_e01,151,0,0.0,0,0,0,0,0,,
20260228,20260228_A08_e01,151,0,0.0,0,0,0,0,0,,
20260228,20260228_A09_e01,151,42,0.2781456953642384,10,13,5,37,5,-0.03782945395930967,-0.09335946633536481
20260228,20260228_A09_e02,151,140,0.9271523178807947,5,135,3,137,3,-0.2603013747341578,-0.5243851717207914
20260228,20260228_A10_e01,151,0,0.0,0,0,0,0,0,,
20260228,20260228_A11_e01,151,45,0.2980132450331126,5,31,0,45,0,-0.04900109051573407,-0.0905305711711674
20260228,20260228_A12_e01,151,0,0.0,0,0,0,0,0,,
20260228,20260228_B01_e01,151,151,1.0,1,151,0,151,0,-0.679917855044006,-0.7047721477559842
20260228,20260228_B01_e02,151,92,0.609271523178808,7,74,1,91,0,-0.41331993408431644,-0.4959672563674607
20260228,20260228_B02_e01,151,15,0.09933774834437085,12,3,10,5,10,-0.09091060540615359,-0.30463212289881647
20260228,20260228_B02_e02,151,151,1.0,1,151,0,151,0,-0.6937144955364668,-0.9501428125996405
20260228,20260228_B03_e01,151,4,0.026490066225165563,3,2,2,2,2,-0.03274806889069074,-0.1025100647691069
20260228,20260228_B04_e01,151,0,0.0,0,0,0,0,0,,
20260228,20260228_B05_e01,151,1,0.006622516556291391,1,1,1,0,1,-0.0003441792824214234,-0.0003441792824214234
20260228,20260228_B06_e01,151,17,0.11258278145695365,8,4,4,13,4,-0.022353762808710903,-0.09063032373656095
20260228,20260228_B07_e01,151,0,0.0,0,0,0,0,0,,
20260228,20260228_B08_e01,151,15,0.09933774834437085,4,10,2,13,2,-0.010291925152946408,-0.04811379844375706
20260228,20260228_B09_e01,151,0,0.0,0,0,0,0,0,,
20260228,20260228_B10_e01,151,0,0.0,0,0,0,0,0,,
20260228,20260228_B11_e01,151,151,1.0,1,151,0,151,0,-0.205151806134422,-0.5631772284522181
20260228,20260228_B12_e01,151,0,0.0,0,0,0,0,0,,
20260228,20260228_C01_e01,151,65,0.4304635761589404,13,16,4,61,4,-0.056820334851889906,-0.16367940873753392
20260228,20260228_C02_e01,151,3,0.019867549668874173,1,3,0,3,0,-0.03759397806000674,-0.06728627251394585
20260228,20260228_C03_e01,151,25,0.16556291390728478,15,7,10,15,10,-0.056032401478600745,-0.11874247696334601
20260228,20260228_C04_e01,151,22,0.1456953642384106,9,7,3,19,3,-0.036040267185773134,-0.12307995084426085
20260228,20260228_C04_e02,147,147,1.0,4,90,0,147,0,-0.9190634578744575,-0.9894195566515724
20260228,20260228_C05_e01,151,0,0.0,0,0,0,0,0,,
20260228,20260228_C05_e02,151,151,1.0,1,151,0,151,0,-0.9151881920396708,-0.9237948126068318
20260228,20260228_C06_e01,151,0,0.0,0,0,0,0,0,,
20260228,20260228_C07_e01,151,0,0.0,0,0,0,0,0,,
20260228,20260228_C08_e01,151,151,1.0,1,151,0,151,0,-0.334572511491074,-0.5921282409285741
20260228,20260228_C09_e01,151,151,1.0,1,151,0,151,0,-0.5730275468382728,-0.7218298247548656
20260228,20260228_C10_e01,151,125,0.8278145695364238,2,110,0,125,0,-0.4335550342157142,-0.47573970820086625
20260228,20260228_C10_e02,151,151,1.0,1,151,0,151,0,-0.6928151659016494,-0.7166416943191444
20260228,20260228_C11_e01,151,135,0.8940397350993378,2,132,0,135,0,-0.12381702299792793,-0.21875322904628522
20260228,20260228_C12_e01,151,27,0.17880794701986755,13,6,7,20,7,-0.03900046973779775,-0.08630689480922357
20260228,20260228_D01_e01,151,17,0.11258278145695365,8,6,5,12,4,-0.10421820889369494,-0.3163385293801409
20260228,20260228_D01_e02,151,151,1.0,1,151,0,151,0,-0.7726176016613352,-0.7876051510737988
20260228,20260228_D01_e03,151,151,1.0,1,151,0,151,0,-0.9317277525095647,-0.9399582450914067
20260228,20260228_D02_e01,151,40,0.26490066225165565,7,15,2,38,2,-0.030338427596730735,-0.09567656161347193
20260228,20260228_D03_e01,151,29,0.19205298013245034,10,20,9,20,9,-0.04142836512815705,-0.21133034621434776
20260228,20260228_D04_e01,151,22,0.1456953642384106,6,10,1,21,1,-0.02013000708482737,-0.0823088113622919
20260228,20260228_D05_e01,151,7,0.046357615894039736,6,2,5,2,5,-0.03739005713740766,-0.06641674217839333
20260228,20260228_D06_e01,151,0,0.0,0,0,0,0,0,,
20260228,20260228_D07_e01,151,1,0.006622516556291391,1,1,1,0,1,-0.07412129833221504,-0.07412129833221504
20260228,20260228_D08_e01,151,151,1.0,1,151,0,151,0,-0.23739895893248233,-0.32992376016621705
20260228,20260228_D09_e01,151,9,0.059602649006622516,2,5,0,9,0,-0.15081755531793334,-0.3059479304578017
20260228,20260228_D10_e01,151,28,0.18543046357615894,3,14,1,27,1,-0.05228477036526157,-0.33648424790908343
20260228,20260228_D11_e01,151,1,0.006622516556291391,1,1,1,0,1,-0.026132048071015306,-0.026132048071015306
20260228,20260228_D12_e01,151,11,0.0728476821192053,3,9,2,9,2,-0.029394428521114804,-0.06920885794385466
20260228,20260228_E01_e01,151,25,0.16556291390728478,9,9,5,20,5,-0.032861289560442014,-0.2682344809097839
20260228,20260228_E02_e01,151,9,0.059602649006622516,3,4,0,9,0,-0.0667190701573363,-0.13927467855949702
20260228,20260228_E03_e01,151,0,0.0,0,0,0,0,0,,
20260228,20260228_E04_e01,150,25,0.16666666666666666,12,5,5,20,5,-0.04526521848170171,-0.3572966592461247
20260228,20260228_E04_e02,151,151,1.0,1,151,0,151,0,-0.8237684215522693,-0.9475359047092481
20260228,20260228_E05_e01,151,123,0.8145695364238411,4,104,0,123,0,-0.6139194128501173,-0.7005541607830578
20260228,20260228_E06_e01,151,58,0.3841059602649007,2,45,0,58,0,-0.08047210285320161,-0.14984320924478817
20260228,20260228_E07_e01,151,23,0.152317880794702,6,12,1,22,1,-0.11419985614422991,-0.18709368884474925
20260228,20260228_E08_e01,151,13,0.08609271523178808,3,6,1,12,1,-0.017170874908943517,-0.02962266332689968
20260228,20260228_E09_e01,151,0,0.0,0,0,0,0,0,,
20260228,20260228_E10_e01,151,0,0.0,0,0,0,0,0,,
20260228,20260228_E11_e01,151,40,0.26490066225165565,15,11,8,32,8,-0.04535521588626863,-0.09570115527050305
20260228,20260228_E12_e01,151,85,0.5629139072847682,1,85,0,85,0,-0.29361867459821883,-0.4268810947680157
20260228,20260228_F01_e01,151,29,0.19205298013245034,15,9,10,19,10,-0.05889488238993819,-0.2724834533536003
20260228,20260228_F02_e01,151,25,0.16556291390728478,19,4,15,10,15,-0.04980729831484088,-0.47378856132292424
20260228,20260228_F03_e01,151,18,0.11920529801324503,14,3,11,7,11,-0.037571386742218424,-0.14600552433909553
20260228,20260228_F04_e01,151,123,0.8145695364238411,2,122,1,122,1,-0.30659705359850015,-0.4406475774537008
20260228,20260228_F05_e01,151,26,0.17218543046357615,3,24,2,24,2,-0.14453632548108014,-0.30141431392673446
20260228,20260228_F05_e02,128,128,1.0,2,127,1,127,0,-0.8771260581265816,-0.9879371913902051
20260228,20260228_F06_e01,151,6,0.039735099337748346,6,1,6,0,5,-0.005048030613670033,-0.025589938242556638
20260228,20260228_F07_e01,151,0,0.0,0,0,0,0,0,,
20260228,20260228_F08_e01,151,52,0.3443708609271523,12,21,5,47,5,-0.08789876860143292,-0.2245243718322101
20260228,20260228_F08_e02,126,126,1.0,11,76,4,122,0,-0.8537042855888572,-0.9804296405211828
20260228,20260228_F09_e01,151,3,0.019867549668874173,1,3,0,3,0,-0.02931095755641794,-0.03314181683007596
20260228,20260228_F10_e01,151,0,0.0,0,0,0,0,0,,
20260228,20260228_F11_e01,151,0,0.0,0,0,0,0,0,,
20260228,20260228_F12_e01,151,0,0.0,0,0,0,0,0,,
20260228,20260228_G01_e01,151,109,0.7218543046357616,2,94,0,109,0,-0.32283665503039166,-0.4880965138906979
20260228,20260228_G01_e03,2,0,0.0,0,0,0,0,0,,
20260228,20260228_G02_e01,151,21,0.1390728476821192,15,3,11,10,11,-0.07659108068608449,-0.15217893360590287
20260228,20260228_G03_e01,151,25,0.16556291390728478,8,9,3,22,3,-0.055871619067370606,-0.18890116193196044
20260228,20260228_G04_e01,151,4,0.026490066225165563,1,4,0,4,0,-0.08484071997351811,-0.10060098194714617
20260228,20260228_G04_e02,151,151,1.0,1,151,0,151,0,-0.8828418489989924,-0.8946266354169099
20260228,20260228_G05_e01,151,22,0.1456953642384106,8,7,4,18,4,-0.036551075133262834,-0.33694005048265696
20260228,20260228_G06_e01,151,0,0.0,0,0,0,0,0,,
20260228,20260228_G07_e01,151,19,0.12582781456953643,4,10,1,18,1,-0.04483848020193154,-0.14511839202486432
20260228,20260228_G08_e01,151,28,0.18543046357615894,6,16,2,26,1,-0.037267837530152226,-0.059029825453930714
20260228,20260228_G09_e01,151,1,0.006622516556291391,1,1,1,0,1,-0.006142860163107069,-0.006142860163107069
20260228,20260228_G10_e01,151,0,0.0,0,0,0,0,0,,
20260228,20260228_G10_e02,151,151,1.0,1,151,0,151,0,-0.9347774362551049,-0.9400352623791463
20260228,20260228_G11_e01,151,0,0.0,0,0,0,0,0,,
20260228,20260228_G11_e02,151,97,0.6423841059602649,1,97,0,97,0,-0.2587052569300539,-0.43151005665556885
20260228,20260228_G12_e01,151,0,0.0,0,0,0,0,0,,
20260228,20260228_H01_e01,151,27,0.17880794701986755,4,15,1,26,1,-0.020905310361938836,-0.12973206712571486
20260228,20260228_H02_e01,151,8,0.052980132450331126,4,3,2,6,2,-0.03797281228168657,-0.08395035647318064
20260228,20260228_H03_e01,151,47,0.31125827814569534,12,21,7,40,7,-0.07043879192708602,-0.229128494066306
20260228,20260228_H03_e02,151,151,1.0,1,151,0,151,0,-0.38613210107036094,-0.7730023277109382
20260228,20260228_H04_e01,151,47,0.31125827814569534,4,21,0,47,0,-0.03639151682155244,-0.1407023183849108
20260228,20260228_H05_e01,151,5,0.033112582781456956,2,3,0,5,0,-0.0686866416735419,-0.12495466435981437
20260228,20260228_H06_e01,151,143,0.9470198675496688,2,131,0,143,0,-0.05938356415491218,-0.16845866047410685
20260228,20260228_H07_e01,151,29,0.19205298013245034,3,16,1,28,1,-0.034220885348543215,-0.0595200958421671
20260228,20260228_H08_e01,151,0,0.0,0,0,0,0,0,,
20260228,20260228_H09_e01,151,10,0.06622516556291391,4,4,1,9,1,-0.13791604237333616,-0.40646628527825024
20260228,20260228_H10_e01,151,151,1.0,1,151,0,151,0,-0.47578827212571445,-0.6710832571482894
20260228,20260228_H11_e01,151,28,0.18543046357615894,8,7,2,26,2,-0.04956839203391844,-0.13896040794386227
20260228,20260228_H12_e01,151,67,0.44370860927152317,4,61,1,66,1,-0.15681703259089,-0.19973094108080416
20260304,20260304_A01_e01,192,163,0.8489583333333334,3,133,1,162,0,-0.7089118253172026,-0.7847633833708257
20260304,20260304_A02_e01,192,130,0.6770833333333334,1,130,0,130,0,-0.5726995844323695,-0.6438176509738303
20260304,20260304_A03_e01,192,0,0.0,0,0,0,0,0,,
20260304,20260304_A04_e01,192,46,0.23958333333333334,2,43,0,46,0,-0.3388511934090491,-0.39793698896111296
20260304,20260304_A05_e01,192,7,0.036458333333333336,3,5,2,5,2,-0.012762661366972163,-0.019427365747002972
20260304,20260304_A05_e02,21,0,0.0,0,0,0,0,0,,
20260304,20260304_A06_e01,192,84,0.4375,7,74,4,80,4,-0.1987816171769553,-0.2862534126779472
20260304,20260304_A06_e02,192,89,0.4635416666666667,11,76,8,81,8,-0.20627111718410288,-0.3214387841215506
20260304,20260304_A06_e03,80,29,0.3625,2,28,1,28,1,-0.3530683093783864,-0.4705979210338679
20260304,20260304_A07_e01,192,5,0.026041666666666668,3,2,1,4,1,-0.01774551673377434,-0.02512049084417071
20260304,20260304_A08_e01,192,86,0.4479166666666667,26,22,12,74,12,-0.2676086117898956,-0.8378324802004619
20260304,20260304_A09_e01,192,97,0.5052083333333334,2,96,1,96,1,-0.4355307298665943,-0.5455009199268057
20260304,20260304_A09_e02,192,114,0.59375,4,105,1,113,1,-0.43150172610620924,-0.6694575380865474
20260304,20260304_A09_e03,192,116,0.6041666666666666,4,113,3,113,3,-0.44164881851156845,-0.5581250537620405
20260304,20260304_A10_e01,192,12,0.0625,4,7,1,11,1,-0.0796272710271734,-0.12186232204998242
20260304,20260304_A11_e01,192,17,0.08854166666666667,3,11,0,17,0,-0.2404590589163651,-0.40269353264063507
20260304,20260304_A11_e02,192,31,0.16145833333333334,7,19,4,27,4,-0.37262606378507235,-0.5265406413685044
20260304,20260304_A12_e01,192,37,0.19270833333333334,6,18,0,37,0,-0.049557929840659216,-0.1026449561249416
20260304,20260304_A12_e02,192,192,1.0,1,192,0,192,0,-0.5889530766461809,-0.7731893587722947
20260304,20260304_B01_e01,192,5,0.026041666666666668,2,3,0,5,0,-0.15905666278607763,-0.3228326817355789
20260304,20260304_B01_e02,192,0,0.0,0,0,0,0,0,,
20260304,20260304_B02_e01,192,0,0.0,0,0,0,0,0,,
20260304,20260304_B03_e01,192,119,0.6197916666666666,12,69,4,115,4,-0.4936140595245718,-0.8770870720610895
20260304,20260304_B03_e02,192,103,0.5364583333333334,11,69,3,100,3,-0.4744063695760193,-0.856950089223601
20260304,20260304_B04_e01,192,5,0.026041666666666668,4,2,3,2,3,-0.0426970798388813,-0.07457595272715535
20260304,20260304_B05_e01,192,24,0.125,1,24,0,24,0,-0.15838963900733624,-0.18390694533985316
20260304,20260304_B06_e01,192,161,0.8385416666666666,3,147,0,161,0,-0.6433528462751632,-0.7000052024061508
20260304,20260304_B06_e02,192,155,0.8072916666666666,2,147,0,155,0,-0.6460534138797125,-0.7022923713171274
20260304,20260304_B06_e03,64,47,0.734375,3,30,1,46,0,-0.6886088997930765,-0.9755420533863765
20260304,20260304_B06_e04,116,116,1.0,1,116,0,116,0,-0.7921583636772749,-0.9348903292122834
20260304,20260304_B06_e05,47,29,0.6170212765957447,3,15,1,28,0,-0.8959768849071807,-0.9769665103617162
20260304,20260304_B07_e01,192,139,0.7239583333333334,1,139,0,139,0,-0.481332418624515,-0.5343014003613409
20260304,20260304_B08_e01,192,135,0.703125,3,131,1,134,1,-0.5696662446533094,-0.618129487069847
20260304,20260304_B08_e02,192,179,0.9322916666666666,2,175,0,179,0,-0.9382613826978988,-0.9444449986261325
20260304,20260304_B09_e01,192,138,0.71875,2,137,1,137,1,-0.5877971717086174,-0.6489361458528463
20260304,20260304_B09_e02,192,137,0.7135416666666666,3,135,2,135,2,-0.5620742558133917,-0.6421298847457854
20260304,20260304_B09_e03,192,129,0.671875,1,129,0,129,0,-0.5581589948711808,-0.637247883232373
20260304,20260304_B10_e01,192,16,0.08333333333333333,11,3,8,8,8,-0.023635946804600308,-0.07534510851896435
20260304,20260304_B11_e01,192,147,0.765625,8,44,4,143,4,-0.2583746801658184,-0.6519398142637917
20260304,20260304_B11_e02,80,64,0.8,3,37,0,64,0,-0.24189957007288587,-0.6747540224560514
20260304,20260304_B12_e01,192,1,0.005208333333333333,1,1,1,0,1,-0.029926734799652428,-0.029926734799652428
20260304,20260304_C01_e01,192,7,0.036458333333333336,1,7,0,7,0,-0.10598617729594262,-0.12280665972732821
20260304,20260304_C01_e02,192,0,0.0,0,0,0,0,0,,
20260304,20260304_C02_e01,192,124,0.6458333333333334,1,124,0,124,0,-0.4237421866317955,-0.5121681863458841
20260304,20260304_C03_e01,192,139,0.7239583333333334,2,119,0,139,0,-0.5334454566582837,-0.5993515742801174
20260304,20260304_C03_e02,192,89,0.4635416666666667,1,89,0,89,0,-0.4159462917212314,-0.4801993230989001
20260304,20260304_C04_e01,192,4,0.020833333333333332,3,2,2,2,2,-0.1072552627638761,-0.12994434231737698
20260304,20260304_C05_e01,192,5,0.026041666666666668,3,3,2,3,2,-0.029553631767222366,-0.19692628002272472
20260304,20260304_C06_e01,192,49,0.2552083333333333,14,19,8,41,8,-0.3779346130821742,-0.7408508255532467
20260304,20260304_C06_e02,190,190,1.0,3,118,0,190,0,-0.8666342201960369,-0.9884099254231675
20260304,20260304_C06_e03,192,69,0.359375,22,21,13,56,13,-0.11654949360099141,-0.6005844329266024
20260304,20260304_C07_e01,192,22,0.11458333333333333,10,7,7,15,7,-0.09931472214720566,-0.29938279294164255
20260304,20260304_C07_e02,192,170,0.8854166666666666,1,170,0,170,0,-0.6123695666634426,-0.6875922776604093
20260304,20260304_C08_e01,192,80,0.4166666666666667,20,34,10,70,10,-0.21768554869986317,-0.8850416083755008
20260304,20260304_C08_e02,192,190,0.9895833333333334,2,101,0,190,0,-0.5413325924424184,-0.7270169251368641
20260304,20260304_C08_e03,192,111,0.578125,24,25,6,105,6,-0.19105724357654158,-0.8776899436619717
20260304,20260304_C09_e01,192,81,0.421875,6,75,4,77,4,-0.32972853798378643,-0.46111524884119476
20260304,20260304_C09_e02,192,135,0.703125,14,109,6,129,6,-0.5626572413425075,-0.643850851130645
20260304,20260304_C09_e03,192,154,0.8020833333333334,14,101,4,150,4,-0.4024523267030548,-0.5672024920874315
20260304,20260304_C10_e01,192,65,0.3385416666666667,6,30,0,65,0,-0.06567743126426404,-0.2217765550516293
20260304,20260304_C10_e02,192,191,0.9947916666666666,2,190,1,190,0,-0.6343973251014484,-0.787984792238315
20260304,20260304_C11_e01,192,171,0.890625,7,149,3,168,3,-0.6067430472391749,-0.6848088882150967
20260304,20260304_C11_e02,192,158,0.8229166666666666,1,158,0,158,0,-0.7138842838844266,-0.7652780420915355
20260304,20260304_C11_e03,191,104,0.5445026178010471,2,102,0,104,0,-0.5083533704051331,-0.9209373538402408
20260304,20260304_C12_e01,192,30,0.15625,4,25,2,28,2,-0.11961162097203132,-0.18917470355443936
20260304,20260304_D01_e01,191,181,0.9476439790575916,3,174,0,181,0,-0.7403038110923345,-0.8468412960570837
20260304,20260304_D01_e02,192,192,1.0,1,192,0,192,0,-0.9862273629385743,-0.9898739521715413
20260304,20260304_D02_e01,192,17,0.08854166666666667,3,15,2,15,2,-0.016446121496835844,-0.052697143801424304
20260304,20260304_D03_e01,192,118,0.6145833333333334,11,91,5,113,5,-0.3647670505340977,-0.4955520125869613
20260304,20260304_D03_e02,192,117,0.609375,12,90,6,111,6,-0.36417188220607527,-0.7223039894146109
20260304,20260304_D03_e03,192,122,0.6354166666666666,7,111,4,118,4,-0.5286605430615257,-0.5923058276411238
20260304,20260304_D03_e04,192,81,0.421875,14,54,6,75,6,-0.29655319957809384,-0.5431275105027213
20260304,20260304_D04_e01,192,96,0.5,1,96,0,96,0,-0.3517186532721196,-0.45065050169467086
20260304,20260304_D04_e02,192,192,1.0,1,192,0,192,0,-0.9687916330008599,-0.9758197347227704
20260304,20260304_D05_e01,192,44,0.22916666666666666,5,27,3,41,3,-0.05461405553853417,-0.3017603963395464
20260304,20260304_D05_e02,192,47,0.24479166666666666,6,26,1,46,1,-0.07788777791183678,-0.48408481565545913
20260304,20260304_D06_e01,192,160,0.8333333333333334,2,159,1,159,1,-0.5540098981964641,-0.6591229232653697
20260304,20260304_D06_e02,192,134,0.6979166666666666,1,134,0,134,0,-0.5106493803936539,-0.5767976010840531
20260304,20260304_D06_e03,192,174,0.90625,1,174,0,174,0,-0.4277388993243787,-0.7321616771658722
20260304,20260304_D07_e01,192,10,0.052083333333333336,7,3,5,5,5,-0.06735597482548802,-0.24619928982099815
20260304,20260304_D08_e01,192,124,0.6458333333333334,4,118,1,123,1,-0.47246905688133956,-0.5412955684096847
20260304,20260304_D08_e02,192,131,0.6822916666666666,7,120,4,127,4,-0.47380298779075486,-0.872410092350549
20260304,20260304_D09_e01,192,106,0.5520833333333334,1,106,0,106,0,-0.48416503238703185,-0.5537013586600165
20260304,20260304_D09_e02,192,139,0.7239583333333334,1,139,0,139,0,-0.5170115732669438,-0.5711000728637431
20260304,20260304_D09_e03,192,105,0.546875,1,105,0,105,0,-0.47284306403314685,-0.5302067143542045
20260304,20260304_D09_e04,192,181,0.9427083333333334,6,172,2,179,2,-0.47950724478070667,-0.8933413684165329
20260304,20260304_D10_e01,192,13,0.06770833333333333,9,3,6,7,6,-0.04839178455396485,-0.1328759658564338
20260304,20260304_D11_e01,192,88,0.4583333333333333,11,30,4,84,4,-0.09071361587222872,-0.4457732586513539
20260304,20260304_D11_e02,192,62,0.3229166666666667,15,29,6,56,6,-0.06812758384651399,-0.4948359737353221
20260304,20260304_D12_e01,192,4,0.020833333333333332,2,3,1,3,1,-0.05195241175775303,-0.12022256698593722
20260304,20260304_E01_e01,192,114,0.59375,2,112,0,114,0,-0.5083927112936284,-0.5783801418922164
20260304,20260304_E02_e01,192,0,0.0,0,0,0,0,0,,
20260304,20260304_E03_e01,192,59,0.3072916666666667,27,12,15,44,14,-0.1357344866300952,-0.9991713156119649
20260304,20260304_E03_e02,192,166,0.8645833333333334,13,110,5,161,4,-0.5087308828577739,-0.9969047917898124
20260304,20260304_E03_e03,192,121,0.6302083333333334,26,34,10,111,10,-0.32566038670669656,-0.9998823680358894
20260304,20260304_E03_e04,192,105,0.546875,28,28,15,90,15,-0.2864473893754918,-0.9938336559926272
20260304,20260304_E03_e05,192,186,0.96875,6,84,1,185,1,-0.5102940976879298,-0.8009806367650727
20260304,20260304_E04_e01,192,1,0.005208333333333333,1,1,1,0,1,-0.018077151466675125,-0.018077151466675125
20260304,20260304_E05_e01,192,103,0.5364583333333334,2,102,1,102,0,-0.44542759618741845,-0.6093780216381324
20260304,20260304_E05_e02,192,101,0.5260416666666666,1,101,0,101,0,-0.4576966622283248,-0.6091013536646773
20260304,20260304_E05_e03,192,106,0.5520833333333334,4,101,1,105,1,-0.41833848438346516,-0.6074966794186373
20260304,20260304_E06_e01,192,85,0.4427083333333333,7,75,4,81,4,-0.37695732199320914,-0.5683452996775975
20260304,20260304_E06_e02,192,26,0.13541666666666666,7,20,6,20,6,-0.08744795903587153,-0.1591509894570443
20260304,20260304_E06_e03,192,158,0.8229166666666666,23,58,7,151,7,-0.3298050025466155,-0.8810687668569688
20260304,20260304_E06_e04,192,158,0.8229166666666666,5,131,2,156,2,-0.5160495819414703,-0.8870144957161287
20260304,20260304_E07_e01,192,9,0.046875,4,6,3,6,3,-0.07849538694074479,-0.13119513607767205
20260304,20260304_E08_e01,192,117,0.609375,8,86,1,116,1,-0.31933889529471265,-0.5047903596390256
20260304,20260304_E08_e02,188,99,0.526595744680851,6,90,3,96,1,-0.14580806494664478,-0.8113867749929281
20260304,20260304_E09_e01,192,60,0.3125,23,8,10,50,10,-0.13749982381779985,-0.5145465289471997
20260304,20260304_E09_e02,192,116,0.6041666666666666,27,47,10,106,10,-0.27133459998289006,-0.7797753098174125
20260304,20260304_E10_e01,192,1,0.005208333333333333,1,1,1,0,0,-0.017397401462188204,-0.017397401462188204
20260304,20260304_E10_e02,192,0,0.0,0,0,0,0,0,,
20260304,20260304_E11_e01,192,136,0.7083333333333334,2,135,1,135,1,-0.6040955574128073,-0.6601731061546011
20260304,20260304_E11_e02,192,143,0.7447916666666666,1,143,0,143,0,-0.5775444603816678,-0.6655480072474184
20260304,20260304_E11_e03,192,175,0.9114583333333334,1,175,0,175,0,-0.7570062844617896,-0.7775921593765758
20260304,20260304_E11_e04,192,191,0.9947916666666666,2,174,0,191,0,-0.7561594613174065,-0.7785644823918703
20260304,20260304_E12_e01,192,191,0.9947916666666666,2,189,0,191,0,-0.6125345191971631,-0.7400295659453722
20260304,20260304_E12_e02,192,123,0.640625,23,43,10,113,10,-0.387570182389589,-0.8475825466761987
20260304,20260304_F01_e01,192,0,0.0,0,0,0,0,0,,
20260304,20260304_F02_e01,192,21,0.109375,6,10,3,18,2,-0.04684109068621017,-0.4247886555033882
20260304,20260304_F02_e02,192,35,0.18229166666666666,17,4,7,28,6,-0.11399493098401803,-0.8101911600013649
20260304,20260304_F02_e03,192,150,0.78125,8,110,0,150,0,-0.489498065177971,-0.7748516746396419
20260304,20260304_F03_e01,192,65,0.3385416666666667,10,24,5,60,4,-0.05767575680855363,-0.6682512954820276
20260304,20260304_F03_e02,192,0,0.0,0,0,0,0,0,,
20260304,20260304_F04_e01,192,99,0.515625,2,98,1,98,1,-0.4073673862166129,-0.5128236037596651
20260304,20260304_F05_e01,192,129,0.671875,2,126,0,129,0,-0.6105753779308254,-0.6717389828549248
20260304,20260304_F05_e02,192,101,0.5260416666666666,5,97,4,97,4,-0.5887547491502596,-0.6435908239526527
20260304,20260304_F06_e01,192,23,0.11979166666666667,5,12,1,22,1,-0.05499650307335212,-0.10955029015856285
20260304,20260304_F06_e02,192,60,0.3125,9,32,2,58,2,-0.15167329566482723,-0.3062600153093865
20260304,20260304_F07_e01,192,19,0.09895833333333333,3,13,1,18,0,-0.10572597446549009,-0.5022815814387179
20260304,20260304_F08_e01,192,160,0.8333333333333334,5,133,2,158,2,-0.4903494983941895,-0.5724483805413381
20260304,20260304_F09_e01,192,130,0.6770833333333334,1,130,0,130,0,-0.6079475131621844,-0.6396528164085168
20260304,20260304_F09_e02,192,183,0.953125,2,178,0,183,0,-0.6990711592880534,-0.7461463491319404
20260304,20260304_F09_e03,192,153,0.796875,3,131,0,153,0,-0.7377993373314375,-0.7867518841456562
20260304,20260304_F10_e01,192,10,0.052083333333333336,1,10,0,10,0,-0.05605207821644645,-0.1211536913288978
20260304,20260304_F11_e01,192,106,0.5520833333333334,22,62,14,92,14,-0.23700289798134355,-0.6547848987778151
20260304,20260304_F11_e02,192,72,0.375,24,17,11,61,11,-0.1515589047472084,-0.4510602393070038
20260304,20260304_F11_e03,192,75,0.390625,30,13,18,57,18,-0.16192432499818205,-0.6622752036184982
20260304,20260304_F11_e04,191,191,1.0,2,130,0,191,0,-0.8549625225035725,-0.9435272086603766
20260304,20260304_F12_e01,192,9,0.046875,7,2,5,4,5,-0.019148320101784345,-0.05578361049343032
20260304,20260304_G01_e01,192,0,0.0,0,0,0,0,0,,
20260304,20260304_G02_e01,192,60,0.3125,10,33,6,54,6,-0.2984326162083376,-0.6554330314550408
20260304,20260304_G02_e02,192,11,0.057291666666666664,9,3,8,3,8,-0.029155063527108987,-0.10473226254716883
20260304,20260304_G02_e03,192,33,0.171875,10,12,6,27,6,-0.26791060398947003,-0.49941938400098207
20260304,20260304_G02_e04,192,99,0.515625,15,56,9,90,9,-0.5007542375987559,-0.8440948089405356
20260304,20260304_G03_e01,192,135,0.703125,7,122,2,133,2,-0.5628349056562146,-0.6115777590281753
20260304,20260304_G03_e02,192,121,0.6302083333333334,1,121,0,121,0,-0.5586006205639173,-0.6014691041062006
20260304,20260304_G04_e01,192,5,0.026041666666666668,4,2,3,2,3,-0.024671180751351822,-0.06869456981757381
20260304,20260304_G05_e01,192,174,0.90625,2,171,0,174,0,-0.7241021427935399,-0.7697362313780038
20260304,20260304_G05_e02,192,131,0.6822916666666666,1,131,0,131,0,-0.6157160171814334,-0.6688245711656867
20260304,20260304_G06_e01,192,124,0.6458333333333334,3,120,1,123,1,-0.5528769615420341,-0.6232253338993233
20260304,20260304_G07_e01,192,11,0.057291666666666664,2,10,1,10,1,-0.016886489388311787,-0.02529432990609924
20260304,20260304_G08_e01,192,0,0.0,0,0,0,0,0,,
20260304,20260304_G08_e02,192,119,0.6197916666666666,4,100,1,118,1,-0.24162996855487467,-0.3140060595217508
20260304,20260304_G09_e01,192,53,0.2760416666666667,35,4,23,30,23,-0.15924717707054656,-0.6738262039035688
20260304,20260304_G09_e02,192,137,0.7135416666666666,25,51,13,124,13,-0.4929294062169525,-0.8726128097469023
20260304,20260304_G09_e03,192,186,0.96875,7,121,1,185,1,-0.46356727061546565,-0.9991414976299064
20260304,20260304_G09_e04,184,67,0.3641304347826087,35,10,20,47,20,-0.2229015208585676,-0.8115551586532858
20260304,20260304_G09_e05,191,162,0.8481675392670157,21,37,0,162,0,-0.36076057141763457,-0.8429135114926715
20260304,20260304_G10_e01,192,94,0.4895833333333333,5,84,0,94,0,-0.27041715172168146,-0.4075764017999406
20260304,20260304_G11_e01,190,40,0.21052631578947367,15,18,10,30,9,-0.11831917199762206,-0.7359735680079753
20260304,20260304_G11_e02,180,90,0.5,24,22,12,78,12,-0.1229952667440269,-0.9772637403702675
20260304,20260304_G11_e03,191,65,0.3403141361256545,19,20,9,56,7,-0.15631533667249198,-0.7398152703815035
20260304,20260304_G11_e04,191,98,0.5130890052356021,24,20,8,90,7,-0.1586748327139253,-0.7814208551696129
20260304,20260304_G11_e05,181,149,0.8232044198895028,6,102,2,147,2,-0.5115121745949088,-0.9149655856009139
20260304,20260304_G11_e06,192,90,0.46875,23,50,13,77,12,-0.18070384355611196,-0.9260376913004111
20260304,20260304_G12_e01,192,192,1.0,1,192,0,192,0,-0.7575068454171024,-0.9916296516948497
20260304,20260304_G12_e02,192,0,0.0,0,0,0,0,0,,
20260304,20260304_G12_e03,192,21,0.109375,15,4,12,9,11,-0.11368300698298715,-0.4810719580948368
20260304,20260304_G12_e04,192,17,0.08854166666666667,8,5,5,12,5,-0.08854661528804786,-0.5363767030997957
20260304,20260304_H01_e01,192,147,0.765625,2,145,0,147,0,-0.6279558907352283,-0.7470258717915422
20260304,20260304_H02_e01,192,31,0.16145833333333334,15,6,10,21,10,-0.1306442491532667,-0.3909119345625603
20260304,20260304_H02_e02,187,34,0.18181818181818182,18,4,8,26,8,-0.11705888937522216,-0.6318751936482792
20260304,20260304_H02_e03,187,64,0.3422459893048128,16,23,8,56,8,-0.13719049641121378,-0.6292641346855918
20260304,20260304_H03_e01,192,93,0.484375,8,76,4,89,4,-0.40069212074968036,-0.5280597708801925
20260304,20260304_H03_e02,192,192,1.0,1,192,0,192,0,-0.5684895563790053,-0.943634006659862
20260304,20260304_H03_e03,192,191,0.9947916666666666,2,139,0,191,0,-0.5639045698506515,-0.9429772483564303
20260304,20260304_H03_e04,192,78,0.40625,4,72,2,76,2,-0.3281555818367148,-0.4529047872468259
20260304,20260304_H04_e01,192,0,0.0,0,0,0,0,0,,
20260304,20260304_H04_e02,192,0,0.0,0,0,0,0,0,,
20260304,20260304_H05_e01,192,132,0.6875,2,131,1,131,1,-0.5732248563460312,-0.6374782030476155
20260304,20260304_H05_e02,192,131,0.6822916666666666,1,131,0,131,0,-0.5756018761124374,-0.6348993332982816
20260304,20260304_H05_e03,192,191,0.9947916666666666,2,170,0,191,0,-0.8246841215479517,-0.8727501981912337
20260304,20260304_H06_e01,192,2,0.010416666666666666,1,2,0,2,0,-0.17572030201604405,-0.21272294231449027
20260304,20260304_H07_e01,192,45,0.234375,4,35,1,44,1,-0.21320318807007585,-0.33752674712089553
20260304,20260304_H08_e01,192,141,0.734375,1,141,0,141,0,-0.5414185585380957,-0.6631733423967532
20260304,20260304_H09_e01,192,116,0.6041666666666666,1,116,0,116,0,-0.6211108164350938,-0.6796527138360108
20260304,20260304_H09_e02,192,148,0.7708333333333334,3,133,0,148,0,-0.7142677865281408,-0.7548832422376687
20260304,20260304_H09_e03,192,130,0.6770833333333334,1,130,0,130,0,-0.7286988241978608,-0.7669849992097276
20260304,20260304_H09_e04,192,157,0.8177083333333334,3,154,1,156,0,-0.7529252821957725,-0.7746517367391973
20260304,20260304_H09_e05,192,131,0.6822916666666666,2,129,0,131,0,-0.743469469721461,-0.7731238398465852
20260304,20260304_H09_e06,192,182,0.9479166666666666,8,159,3,179,2,-0.5860105528119364,-0.8790207759294101
20260304,20260304_H09_e07,192,192,1.0,1,192,0,192,0,-0.8105639255966988,-0.9692146434519127
20260304,20260304_H10_e01,192,0,0.0,0,0,0,0,0,,
20260304,20260304_H11_e01,192,56,0.2916666666666667,30,6,18,38,18,-0.17636395119270654,-0.7220735979826669
20260304,20260304_H11_e02,192,64,0.3333333333333333,31,8,17,47,17,-0.17083669844059332,-0.6204007639781206
20260304,20260304_H11_e03,192,186,0.96875,7,141,0,186,0,-0.554309104688079,-0.8916697555884189
20260304,20260304_H11_e04,192,103,0.5364583333333334,31,13,16,87,16,-0.2613269272192513,-0.8576241294798101
20260304,20260304_H12_e01,192,1,0.005208333333333333,1,1,1,0,1,-0.031108833520697217,-0.031108833520697217
20260306,20260306_A01_e01,186,186,1.0,1,186,0,186,0,-0.9008506593385874,-0.9439078342405985
20260306,20260306_A01_e03,185,80,0.43243243243243246,11,26,4,76,3,-0.43260823354186195,-0.8256722946037214
20260306,20260306_A01_e04,186,186,1.0,1,186,0,186,0,-0.9737976826183936,-0.9942906290417195
20260306,20260306_A02_e01,186,47,0.25268817204301075,1,47,0,47,0,-0.17818768717419944,-0.3664076920115127
20260306,20260306_A02_e02,186,61,0.3279569892473118,1,61,0,61,0,-0.8215958629249858,-0.8760218789858948
20260306,20260306_A03_e01,186,0,0.0,0,0,0,0,0,,
20260306,20260306_A03_e02,186,186,1.0,1,186,0,186,0,-0.7311203322502899,-0.9457786491266277
20260306,20260306_A04_e01,186,9,0.04838709677419355,1,9,0,9,0,-0.02229008043836483,-0.08482033263434723
20260306,20260306_A04_e02,182,182,1.0,1,182,0,182,0,-0.8823233961917497,-0.9790045092295052
20260306,20260306_A04_e03,159,159,1.0,6,136,1,158,0,-0.962275546265049,-0.9791111437980284
20260306,20260306_A05_e01,186,0,0.0,0,0,0,0,0,,
20260306,20260306_A06_e01,186,38,0.20430107526881722,5,33,3,35,3,-0.03999765096523891,-0.18496708908461632
20260306,20260306_A06_e02,186,186,1.0,1,186,0,186,0,-0.8782963130896446,-0.9315131138499536
20260306,20260306_A06_e03,186,186,1.0,1,186,0,186,0,-0.8740568905127672,-0.9315319593757954
20260306,20260306_A07_e01,186,42,0.22580645161290322,1,42,0,42,0,-0.08081848763630922,-0.1575735040706613
20260306,20260306_A07_e02,186,186,1.0,1,186,0,186,0,-0.9521296722545396,-0.9699039762553017
20260306,20260306_A08_e01,185,104,0.5621621621621622,19,20,4,100,4,-0.06450312029523789,-0.7309698907487442
20260306,20260306_A08_e02,185,185,1.0,2,162,0,185,0,-0.8699011378204234,-0.9777017900981746
20260306,20260306_A09_e01,186,186,1.0,1,186,0,186,0,-0.8861019675815232,-0.9946281382695533
20260306,20260306_A09_e02,185,116,0.6270270270270271,25,15,5,111,5,-0.0795046559833371,-0.43043261388647314
20260306,20260306_A09_e03,179,169,0.9441340782122905,12,73,5,164,5,-0.7265395344467325,-0.9562097879209518
20260306,20260306_A10_e01,186,71,0.3817204301075269,29,18,16,55,16,-0.06626689875916297,-0.3466334711684592
20260306,20260306_A11_e01,185,155,0.8378378378378378,18,44,5,150,5,-0.08022162692905335,-0.6444032192862889
20260306,20260306_A12_e01,181,37,0.20441988950276244,20,5,11,26,10,-0.07245854120955518,-0.6368869652309666
20260306,20260306_B01_e01,186,0,0.0,0,0,0,0,0,,
20260306,20260306_B01_e02,134,0,0.0,0,0,0,0,0,,
20260306,20260306_B02_e01,186,0,0.0,0,0,0,0,0,,
20260306,20260306_B02_e02,186,186,1.0,1,186,0,186,0,-0.41889504229376867,-0.5879183959259043
20260306,20260306_B03_e01,186,0,0.0,0,0,0,0,0,,
20260306,20260306_B04_e01,186,0,0.0,0,0,0,0,0,,
20260306,20260306_B05_e01,186,0,0.0,0,0,0,0,0,,
20260306,20260306_B05_e02,186,186,1.0,1,186,0,186,0,-0.8627051806727795,-0.9028106038822251
20260306,20260306_B06_e01,186,103,0.553763440860215,5,80,2,101,2,-0.07069915291660127,-0.140435817947429
20260306,20260306_B07_e01,186,18,0.0967741935483871,6,6,2,16,2,-0.1003165255453917,-0.19017943846493465
20260306,20260306_B07_e02,184,184,1.0,3,141,0,184,0,-0.922504405819105,-0.985702128506983
20260306,20260306_B08_e01,186,129,0.6935483870967742,22,20,3,126,3,-0.049417520259468606,-0.5306374810446502
20260306,20260306_B09_e01,186,152,0.8172043010752689,11,51,3,149,3,-0.15990129052961538,-0.6145053387989285
20260306,20260306_B09_e02,186,186,1.0,1,186,0,186,0,-0.8832501806750422,-0.9195016631073936
20260306,20260306_B10_e01,186,120,0.6451612903225806,31,19,11,109,11,-0.07126374527000515,-0.4820587796464165
20260306,20260306_B11_e01,186,115,0.6182795698924731,26,19,11,104,11,-0.08096738185895926,-0.4952080736242677
20260306,20260306_B12_e01,186,152,0.8172043010752689,18,61,7,145,7,-0.09616473330038698,-0.7522373888252917
20260306,20260306_B12_e02,186,186,1.0,1,186,0,186,0,-0.8798019569524848,-0.9607084985337974
20260306,20260306_C01_e01,186,0,0.0,0,0,0,0,0,,
20260306,20260306_C02_e01,186,72,0.3870967741935484,3,68,1,71,1,-0.548036806380822,-0.6316779653090409
20260306,20260306_C02_e02,186,96,0.5161290322580645,1,96,0,96,0,-0.5867841682406687,-0.6954482089220614
20260306,20260306_C03_e01,186,0,0.0,0,0,0,0,0,,
20260306,20260306_C04_e01,186,0,0.0,0,0,0,0,0,,
20260306,20260306_C05_e01,184,124,0.6739130434782609,15,34,1,123,1,-0.16681293665015123,-0.8153087765239991
20260306,20260306_C06_e01,186,2,0.010752688172043012,1,2,0,2,0,-0.2356846036142919,-0.3107808345578488
20260306,20260306_C07_e01,186,124,0.6666666666666666,19,37,10,114,10,-0.15545948219903824,-0.8239195171150036
20260306,20260306_C07_e02,186,0,0.0,0,0,0,0,0,,
20260306,20260306_C08_e01,186,135,0.7258064516129032,12,27,1,134,1,-0.10642191495499703,-0.34035381859085584
20260306,20260306_C09_e01,186,152,0.8172043010752689,14,48,2,150,2,-0.09038187212393392,-0.33188927472712765
20260306,20260306_C10_e01,186,77,0.41397849462365593,27,10,12,65,11,-0.07228252147315684,-0.41403523628947464
20260306,20260306_C11_e01,1,0,0.0,0,0,0,0,0,,
20260306,20260306_C11_e02,186,186,1.0,1,186,0,186,0,-0.9080003552665137,-0.9335642021443151
20260306,20260306_C12_e01,185,47,0.25405405405405407,24,7,14,33,13,-0.09066184345831478,-0.6461386168776622
20260306,20260306_C12_e02,184,184,1.0,3,90,0,184,0,-0.9146287184592385,-0.9844805122594396
20260306,20260306_C12_e03,184,184,1.0,3,145,0,184,0,-0.9058847382025226,-0.9822989218534951
20260306,20260306_D01_e01,186,78,0.41935483870967744,1,78,0,78,0,-0.32955935051310986,-0.5134803594327292
20260306,20260306_D01_e02,186,0,0.0,0,0,0,0,0,,
20260306,20260306_D02_e01,186,0,0.0,0,0,0,0,0,,
20260306,20260306_D02_e02,185,185,1.0,2,122,0,185,0,-0.8691335278736056,-0.9115118579423439
20260306,20260306_D03_e01,183,143,0.7814207650273224,16,38,6,137,4,-0.12352956406605539,-0.8791052742495422
20260306,20260306_D04_e01,186,0,0.0,0,0,0,0,0,,
20260306,20260306_D05_e01,185,16,0.08648648648648649,10,5,7,9,6,-0.07006854903955884,-0.460019233502983
20260306,20260306_D05_e02,180,180,1.0,7,53,0,180,0,-0.9803015804337611,-0.9914670515248588
20260306,20260306_D06_e01,186,0,0.0,0,0,0,0,0,,
20260306,20260306_D07_e01,186,16,0.08602150537634409,10,7,9,7,8,-0.2167541624372168,-0.5876987195382869
20260306,20260306_D08_e01,186,186,1.0,1,186,0,186,0,-0.3684599644765837,-0.8396402232785553
20260306,20260306_D08_e02,186,170,0.9139784946236559,16,36,2,168,2,-0.09436041346977955,-0.40268903014027735
20260306,20260306_D09_e01,186,76,0.40860215053763443,13,34,5,71,5,-0.08275400046118415,-0.31616416837041955
20260306,20260306_D10_e01,186,46,0.24731182795698925,25,6,13,33,13,-0.10659977676625768,-0.7714897730550201
20260306,20260306_D11_e01,186,80,0.43010752688172044,18,21,5,75,5,-0.0745047508443938,-0.6353195287997652
20260306,20260306_D12_e01,175,175,1.0,7,60,1,174,0,-0.6647400836166119,-0.9758012611932018
20260306,20260306_D12_e02,186,133,0.7150537634408602,28,40,13,120,11,-0.0972604351916956,-0.5845103978191022
20260306,20260306_E01_e01,186,34,0.1827956989247312,8,10,3,31,3,-0.4678840950831068,-0.6495329590647878
20260306,20260306_E01_e02,186,0,0.0,0,0,0,0,0,,
20260306,20260306_E02_e01,186,0,0.0,0,0,0,0,0,,
20260306,20260306_E02_e02,186,186,1.0,1,186,0,186,0,-0.902481684249261,-0.9315131138499536
20260306,20260306_E03_e01,186,0,0.0,0,0,0,0,0,,
20260306,20260306_E04_e01,186,0,0.0,0,0,0,0,0,,
20260306,20260306_E05_e01,186,0,0.0,0,0,0,0,0,,
20260306,20260306_E06_e01,186,5,0.026881720430107527,3,3,2,3,2,-0.0161017973086109,-0.05465819420683619
20260306,20260306_E07_e01,186,39,0.20967741935483872,3,29,0,39,0,-0.20758487044038187,-0.3900183360413598
20260306,20260306_E08_e01,186,79,0.42473118279569894,22,23,8,71,8,-0.10837355289547458,-0.3054371263053833
20260306,20260306_E09_e01,186,160,0.8602150537634409,11,71,5,155,5,-0.10126558160649651,-0.7520759548650103
20260306,20260306_E10_e01,186,44,0.23655913978494625,18,16,10,34,10,-0.10837868547892912,-0.7382602677273999
20260306,20260306_E10_e02,186,186,1.0,1,186,0,186,0,-0.8471575164659104,-0.9087170173760235
20260306,20260306_E11_e01,186,30,0.16129032258064516,22,3,15,15,15,-0.16388242167193812,-0.6687797483475995
20260306,20260306_E11_e02,186,0,0.0,0,0,0,0,0,,
20260306,20260306_E12_e01,186,69,0.3709677419354839,29,13,17,52,16,-0.05602219334023232,-0.41529026041742256
20260306,20260306_E12_e02,185,185,1.0,2,178,0,185,0,-0.8878074815425795,-0.981967957973797
20260306,20260306_F01_e01,186,34,0.1827956989247312,5,20,0,34,0,-0.12852082281855065,-0.4409075477142177
20260306,20260306_F01_e02,51,0,0.0,0,0,0,0,0,,
20260306,20260306_F02_e01,186,0,0.0,0,0,0,0,0,,
20260306,20260306_F02_e02,186,186,1.0,1,186,0,186,0,-0.8956446159122866,-0.9291401394364042
20260306,20260306_F03_e01,186,6,0.03225806451612903,2,4,0,6,0,-0.025411587110425272,-0.06301166672524501
20260306,20260306_F04_e01,186,4,0.021505376344086023,1,4,0,4,0,-0.08050754662127604,-0.08305873228861349
20260306,20260306_F04_e02,186,186,1.0,1,186,0,186,0,-0.864403389355415,-0.9143391320555755
20260306,20260306_F05_e01,186,109,0.5860215053763441,24,24,7,102,7,-0.07877734393270129,-0.7413492677927449
20260306,20260306_F05_e02,186,186,1.0,1,186,0,186,0,-0.8631396550647361,-0.9822115175078846
20260306,20260306_F06_e01,186,121,0.6505376344086021,27,22,10,111,10,-0.0627397538187345,-0.6436738208652857
20260306,20260306_F07_e01,186,27,0.14516129032258066,1,27,0,27,0,-0.20665542956304472,-0.33162214367128984
20260306,20260306_F08_e01,186,55,0.2956989247311828,12,16,5,50,5,-0.13749951556195594,-0.419632840157408
20260306,20260306_F08_e02,186,186,1.0,1,186,0,186,0,-0.8578365753169906,-0.979159984737316
20260306,20260306_F08_e03,185,185,1.0,2,110,0,185,0,-0.8965023504557975,-0.9870013894819011
20260306,20260306_F09_e01,186,109,0.5860215053763441,23,17,5,104,5,-0.05243579174361022,-0.6465553049164913
20260306,20260306_F09_e02,186,186,1.0,1,186,0,186,0,-0.8849993303210784,-0.9604631035826686
20260306,20260306_F09_e03,186,186,1.0,1,186,0,186,0,-0.9058605353120458,-0.9722861584684424
20260306,20260306_F10_e01,183,97,0.5300546448087432,36,19,19,78,18,-0.05876800701209658,-0.5627543609742972
20260306,20260306_F10_e02,160,160,1.0,22,50,2,158,0,-0.9325877028537697,-0.9746705041209547
20260306,20260306_F11_e01,186,31,0.16666666666666666,23,5,19,12,18,-0.056792425108033284,-0.5761559242493489
20260306,20260306_F11_e02,185,185,1.0,2,139,0,185,0,-0.502446322195613,-0.9678188903473569
20260306,20260306_F11_e03,186,186,1.0,1,186,0,186,0,-0.8476651439243141,-0.9530007379881998
20260306,20260306_F12_e01,186,100,0.5376344086021505,19,26,6,94,6,-0.09409987039681186,-0.5474733996065791
20260306,20260306_F12_e02,167,166,0.9940119760479041,6,131,0,166,0,-0.6198139696931433,-0.9623774937666287
20260306,20260306_G01_e01,186,24,0.12903225806451613,1,24,0,24,0,-0.10801732149603036,-0.22137244913137294
20260306,20260306_G01_e03,186,186,1.0,1,186,0,186,0,-0.934535684486762,-0.9550151937969156
20260306,20260306_G02_e01,186,98,0.5268817204301075,8,33,1,97,1,-0.050147652222887834,-0.37838005307124517
20260306,20260306_G03_e01,186,20,0.10752688172043011,1,20,0,20,0,-0.21002797781309776,-0.29940663760039526
20260306,20260306_G04_e01,186,6,0.03225806451612903,2,5,1,5,1,-0.06319401019185582,-0.11520242986521183
20260306,20260306_G05_e01,186,76,0.40860215053763443,26,11,12,64,11,-0.05029753949113198,-0.22890993639946156
20260306,20260306_G06_e01,186,14,0.07526881720430108,8,3,4,10,4,-0.02662016807703023,-0.10121159298150555
20260306,20260306_G07_e01,186,122,0.6559139784946236,1,122,0,122,0,-0.311285734352257,-0.5935006601294858
20260306,20260306_G08_e01,184,131,0.7119565217391305,30,18,9,122,9,-0.1653938552860027,-0.7537018008508485
20260306,20260306_G08_e02,186,0,0.0,0,0,0,0,0,,
20260306,20260306_G09_e01,185,120,0.6486486486486487,20,23,6,114,6,-0.07331621992388819,-0.831121653135257
20260306,20260306_G10_e01,186,41,0.22043010752688172,28,3,16,25,15,-0.052731339285467436,-0.26989890360746144
20260306,20260306_G10_e02,186,186,1.0,1,186,0,186,0,-0.7737439743030037,-0.9308701960793704
20260306,20260306_G11_e01,186,37,0.1989247311827957,13,15,8,29,8,-0.05676283126424109,-0.4114391401824957
20260306,20260306_G12_e01,186,78,0.41935483870967744,21,28,12,66,12,-0.06076929382236752,-0.7219838081919295
20260306,20260306_H01_e01,186,0,0.0,0,0,0,0,0,,
20260306,20260306_H01_e02,186,186,1.0,1,186,0,186,0,-0.7789495227341819,-0.8360163470908586
20260306,20260306_H02_e01,186,0,0.0,0,0,0,0,0,,
20260306,20260306_H03_e01,186,166,0.8924731182795699,2,164,0,166,0,-0.49706327786138904,-0.711141106781696
20260306,20260306_H04_e01,186,0,0.0,0,0,0,0,0,,
20260306,20260306_H05_e01,186,186,1.0,1,186,0,186,0,-0.6590586027514416,-0.7966353441864347
20260306,20260306_H05_e02,186,186,1.0,1,186,0,186,0,-0.9813401842974534,-0.9876272623286555
20260306,20260306_H05_e03,186,186,1.0,1,186,0,186,0,-0.9436259828701898,-0.9536318618310567
20260306,20260306_H06_e01,186,0,0.0,0,0,0,0,0,,
20260306,20260306_H06_e02,186,186,1.0,1,186,0,186,0,-0.8250379187412986,-0.8938221933438435
20260306,20260306_H07_e01,186,0,0.0,0,0,0,0,0,,
20260306,20260306_H08_e01,141,58,0.41134751773049644,15,13,4,54,1,-0.6184337067727128,-0.9017375793759596
20260306,20260306_H09_e01,184,150,0.8152173913043478,21,27,7,143,7,-0.2420775926786291,-0.9398475665851115
20260306,20260306_H10_e01,186,0,0.0,0,0,0,0,0,,
20260306,20260306_H11_e01,186,74,0.3978494623655914,18,15,8,66,7,-0.12949143174419803,-0.7444113532946257
20260306,20260306_H12_e01,186,64,0.34408602150537637,19,26,11,53,10,-0.09163637173668512,-0.8232341737827473
20260306,20260306_H12_e02,3,0,0.0,0,0,0,0,0,,
20260319,20260319_A01_e01,105,10,0.09523809523809523,3,7,1,9,1,-0.07910806411378093,-0.12375370230896308
20260319,20260319_A01_e02,105,105,1.0,1,105,0,105,0,-0.3613336700621244,-0.5335742521859529
20260319,20260319_A02_e01,105,27,0.2571428571428571,10,11,4,23,3,-0.11222344264364051,-0.22587280255261402
20260319,20260319_A02_e02,105,52,0.49523809523809526,7,20,0,52,0,-0.1797875330369963,-0.6899525959403967
20260319,20260319_A03_e01,105,0,0.0,0,0,0,0,0,,
20260319,20260319_A03_e02,105,5,0.047619047619047616,2,4,1,4,1,-0.11742962131785695,-0.15324399718324413
20260319,20260319_A04_e01,105,0,0.0,0,0,0,0,0,,
20260319,20260319_A05_e01,105,0,0.0,0,0,0,0,0,,
20260319,20260319_A06_e01,85,47,0.5529411764705883,10,26,5,42,1,-0.7392164089089234,-0.8991374736843492
20260319,20260319_A06_e02,104,85,0.8173076923076923,7,28,1,84,1,-0.2823235392387249,-0.8819560958252384
20260319,20260319_A07_e01,105,6,0.05714285714285714,2,5,1,5,1,-0.028113163027629035,-0.1645212947208741
20260319,20260319_A07_e02,105,0,0.0,0,0,0,0,0,,
20260319,20260319_A07_e03,105,28,0.26666666666666666,1,28,0,28,0,-0.2910275331513346,-0.5417276610546925
20260319,20260319_A08_e01,105,0,0.0,0,0,0,0,0,,
20260319,20260319_A08_e02,105,0,0.0,0,0,0,0,0,,
20260319,20260319_B01_e01,105,0,0.0,0,0,0,0,0,,
20260319,20260319_B01_e02,105,1,0.009523809523809525,1,1,1,0,1,-0.004804352613983621,-0.004804352613983621
20260319,20260319_B02_e01,105,80,0.7619047619047619,2,77,0,80,0,-0.330971399164102,-0.6321289784534224
20260319,20260319_B02_e02,105,6,0.05714285714285714,1,6,0,6,0,-0.12907160254170993,-0.30214044174153565
20260319,20260319_B02_e03,105,105,1.0,1,105,0,105,0,-0.8424274509912038,-0.8767536199687153
20260319,20260319_B03_e01,105,4,0.0380952380952381,3,2,2,2,2,-0.06904566923540202,-0.11338550872078917
20260319,20260319_B03_e02,105,12,0.11428571428571428,4,6,1,11,1,-0.22912391902661752,-0.2476537648718484
20260319,20260319_B03_e03,105,105,1.0,1,105,0,105,0,-0.6947597471562587,-0.8237524521934371
20260319,20260319_B04_e01,105,0,0.0,0,0,0,0,0,,
20260319,20260319_B05_e01,105,37,0.3523809523809524,17,4,6,31,6,-0.12445500180083749,-0.7443777488833985
20260319,20260319_B05_e02,105,64,0.6095238095238096,13,17,4,60,4,-0.17660998053289217,-0.7022281962007889
20260319,20260319_B05_e03,105,76,0.7238095238095238,2,58,0,76,0,-0.19056107506921927,-0.4276433875450127
20260319,20260319_B05_e04,105,0,0.0,0,0,0,0,0,,
20260319,20260319_B06_e01,105,0,0.0,0,0,0,0,0,,
20260319,20260319_B07_e01,105,0,0.0,0,0,0,0,0,,
20260319,20260319_B08_e01,105,0,0.0,0,0,0,0,0,,
20260319,20260319_C01_e01,105,9,0.08571428571428572,2,7,0,9,0,-0.034595861237578344,-0.12114679515092783
20260319,20260319_C02_e01,105,14,0.13333333333333333,3,9,0,14,0,-0.05023838293369836,-0.11247982727930357
20260319,20260319_C03_e01,105,56,0.5333333333333333,9,21,3,53,3,-0.24699284401592725,-0.7211813531516663
20260319,20260319_C03_e02,105,42,0.4,14,5,4,38,4,-0.2514712616442761,-0.5393641242425481
20260319,20260319_C04_e01,105,33,0.3142857142857143,17,5,8,25,7,-0.1612370937773233,-0.5649094599832388
20260319,20260319_C04_e02,105,34,0.3238095238095238,19,7,10,24,9,-0.1657940699338542,-0.7445778612995316
20260319,20260319_C05_e01,105,0,0.0,0,0,0,0,0,,
20260319,20260319_C06_e01,105,0,0.0,0,0,0,0,0,,
20260319,20260319_C07_e01,105,25,0.23809523809523808,4,13,1,24,1,-0.10633880985946084,-0.2503081852025295
20260319,20260319_C08_e01,105,0,0.0,0,0,0,0,0,,
20260319,20260319_D01_e01,105,18,0.17142857142857143,2,15,0,18,0,-0.16025325245860556,-0.33408033924832614
20260319,20260319_D02_e01,105,0,0.0,0,0,0,0,0,,
20260319,20260319_D03_e01,105,12,0.11428571428571428,7,5,5,7,5,-0.10619249336819303,-0.3656178339427354
20260319,20260319_D03_e02,105,24,0.22857142857142856,12,7,7,17,7,-0.12914862359015483,-0.24012278948881816
20260319,20260319_D04_e01,105,17,0.1619047619047619,13,4,11,6,11,-0.17615403577011585,-0.3090295260135753
20260319,20260319_D04_e02,105,57,0.5428571428571428,10,14,1,56,1,-0.20377564850842222,-0.5268683909002644
20260319,20260319_D05_e01,105,12,0.11428571428571428,3,9,1,11,1,-0.07258339733416058,-0.2001886603682468
20260319,20260319_D06_e01,105,21,0.2,10,8,5,16,5,-0.19847047798948422,-0.3941745318328533
20260319,20260319_D06_e02,105,38,0.3619047619047619,11,11,5,33,4,-0.26331826709842177,-0.3110771369080706
20260319,20260319_D07_e01,105,35,0.3333333333333333,5,25,0,35,0,-0.1023185348112149,-0.3181393390092374
20260319,20260319_D07_e02,105,17,0.1619047619047619,5,12,3,14,2,-0.37204198018586987,-0.40338937555998755
20260319,20260319_D07_e03,105,0,0.0,0,0,0,0,0,,
20260319,20260319_D08_e01,105,0,0.0,0,0,0,0,0,,
20260319,20260319_E01_e01,105,21,0.2,1,21,0,21,0,-0.16403380241983506,-0.32697892707609877
20260319,20260319_E02_e01,105,0,0.0,0,0,0,0,0,,
20260319,20260319_E03_e01,105,16,0.1523809523809524,11,3,8,8,8,-0.0627851371456315,-0.2498889193954246
20260319,20260319_E03_e02,105,50,0.47619047619047616,16,15,8,42,8,-0.4521649146928942,-0.7960220143129904
20260319,20260319_E04_e01,105,0,0.0,0,0,0,0,0,,
20260319,20260319_E05_e01,105,19,0.18095238095238095,3,10,0,19,0,-0.11193876460283782,-0.21358493475316354
20260319,20260319_E06_e01,105,1,0.009523809523809525,1,1,1,0,0,-0.3080071819262688,-0.3080071819262688
20260319,20260319_E06_e02,105,62,0.5904761904761905,7,37,4,58,4,-0.2485492707214933,-0.7075179516109947
20260319,20260319_E06_e03,105,0,0.0,0,0,0,0,0,,
20260319,20260319_E06_e04,105,105,1.0,1,105,0,105,0,-0.32379488884623225,-0.48928367494355424
20260319,20260319_E07_e01,105,53,0.5047619047619047,7,23,2,51,2,-0.3516611245630192,-0.4675538480775981
20260319,20260319_E07_e02,105,105,1.0,1,105,0,105,0,-0.7095770467696754,-0.9560243765846358
20260319,20260319_F01_e01,105,0,0.0,0,0,0,0,0,,
20260319,20260319_F01_e02,105,19,0.18095238095238095,1,19,0,19,0,-0.11018557998930455,-0.24425513865104592
20260319,20260319_F02_e01,105,0,0.0,0,0,0,0,0,,
20260319,20260319_F03_e01,105,13,0.12380952380952381,2,9,0,13,0,-0.12114246835462093,-0.1766803084466641
20260319,20260319_F04_e01,105,1,0.009523809523809525,1,1,1,0,1,-0.03450430474604665,-0.03450430474604665
20260319,20260319_F05_e01,105,0,0.0,0,0,0,0,0,,
20260319,20260319_F06_e01,105,0,0.0,0,0,0,0,0,,
20260319,20260319_F07_e01,105,0,0.0,0,0,0,0,0,,
20260319,20260319_F08_e01,105,22,0.20952380952380953,6,10,4,18,3,-0.04703830008681456,-0.09593295895685489
20260319,20260319_F08_e02,105,38,0.3619047619047619,12,10,4,34,4,-0.1750230544785544,-0.3605918681009419
20260319,20260319_G01_e01,105,27,0.2571428571428571,5,20,3,24,3,-0.0665898982569977,-0.1801675764092027
20260319,20260319_G01_e02,105,1,0.009523809523809525,1,1,1,0,1,-0.01240624920921776,-0.01240624920921776
20260319,20260319_G02_e01,105,0,0.0,0,0,0,0,0,,
20260319,20260319_G03_e01,105,0,0.0,0,0,0,0,0,,
20260319,20260319_G04_e01,105,0,0.0,0,0,0,0,0,,
20260319,20260319_G04_e02,105,34,0.3238095238095238,7,27,5,29,4,-0.08843776114710312,-0.3758906075338641
20260319,20260319_G05_e01,105,0,0.0,0,0,0,0,0,,
20260319,20260319_G06_e01,105,0,0.0,0,0,0,0,0,,
20260319,20260319_G07_e01,105,0,0.0,0,0,0,0,0,,
20260319,20260319_G08_e01,105,0,0.0,0,0,0,0,0,,
20260319,20260319_H01_e01,105,25,0.23809523809523808,6,15,3,22,3,-0.08804855113403576,-0.26820638046682166
20260319,20260319_H01_e02,105,42,0.4,1,42,0,42,0,-0.1823325134105649,-0.28694156523816333
20260319,20260319_H01_e03,105,0,0.0,0,0,0,0,0,,
20260319,20260319_H02_e01,105,4,0.0380952380952381,3,2,2,2,2,-0.01842031274314889,-0.0871991749273345
20260319,20260319_H03_e01,105,0,0.0,0,0,0,0,0,,
20260319,20260319_H04_e01,105,1,0.009523809523809525,1,1,1,0,1,-0.013659439132238991,-0.013659439132238991
20260319,20260319_H04_e02,105,105,1.0,1,105,0,105,0,-0.3883489603927724,-0.6279095100505339
20260319,20260319_H04_e03,105,105,1.0,1,105,0,105,0,-0.7102866233801644,-0.8315543798109997
20260319,20260319_H05_e01,105,0,0.0,0,0,0,0,0,,
20260319,20260319_H07_e01,105,4,0.0380952380952381,4,1,4,0,4,-0.07384489743300537,-0.14215038827083912
20260319,20260319_H08_e01,105,0,0.0,0,0,0,0,0,,
20260319,20260319_H08_e02,105,0,0.0,0,0,0,0,0,,
20260417_irx_pilot,20260417_irx_pilot_A01_e01,27,0,0.0,0,0,0,0,0,,
20260417_irx_pilot,20260417_irx_pilot_A02_e01,27,0,0.0,0,0,0,0,0,,
20260417_irx_pilot,20260417_irx_pilot_A03_e01,27,0,0.0,0,0,0,0,0,,
20260417_irx_pilot,20260417_irx_pilot_A03_e02,27,5,0.18518518518518517,2,4,1,4,0,-0.037505873555557616,-0.09940981347306635
20260417_irx_pilot,20260417_irx_pilot_A04_e01,27,0,0.0,0,0,0,0,0,,
20260417_irx_pilot,20260417_irx_pilot_A04_e02,27,0,0.0,0,0,0,0,0,,
20260417_irx_pilot,20260417_irx_pilot_A05_e01,27,12,0.4444444444444444,1,12,0,12,0,-0.13878235713427214,-0.2156257081738596
20260417_irx_pilot,20260417_irx_pilot_A05_e02,27,4,0.14814814814814814,1,4,0,4,0,-0.05780328068518864,-0.09173499468338199
20260417_irx_pilot,20260417_irx_pilot_A06_e01,27,1,0.037037037037037035,1,1,1,0,1,-0.11362129029690042,-0.11362129029690042
20260417_irx_pilot,20260417_irx_pilot_A06_e02,27,12,0.4444444444444444,1,12,0,12,0,-0.15527245067418183,-0.28165258432633516
20260417_irx_pilot,20260417_irx_pilot_A07_e01,27,3,0.1111111111111111,2,2,1,2,1,-0.09445955207064181,-0.17410213743643718
20260417_irx_pilot,20260417_irx_pilot_A07_e02,27,4,0.14814814814814814,2,3,1,3,1,-0.15781203133175936,-0.25018613487535707
20260417_irx_pilot,20260417_irx_pilot_A08_e01,27,0,0.0,0,0,0,0,0,,
20260417_irx_pilot,20260417_irx_pilot_A08_e02,27,2,0.07407407407407407,2,1,2,0,2,-0.01577673538419372,-0.016781480792756483
20260417_irx_pilot,20260417_irx_pilot_A09_e01,27,0,0.0,0,0,0,0,0,,
20260417_irx_pilot,20260417_irx_pilot_A09_e02,27,0,0.0,0,0,0,0,0,,
20260417_irx_pilot,20260417_irx_pilot_A10_e01,27,0,0.0,0,0,0,0,0,,
20260417_irx_pilot,20260417_irx_pilot_A10_e02,27,0,0.0,0,0,0,0,0,,
20260417_irx_pilot,20260417_irx_pilot_A11_e01,27,3,0.1111111111111111,1,3,0,3,0,-0.02852984174665582,-0.059317185037386914
20260417_irx_pilot,20260417_irx_pilot_A11_e02,27,12,0.4444444444444444,3,8,1,11,1,-0.06945948331538238,-0.17137344512697703
20260417_irx_pilot,20260417_irx_pilot_A12_e01,27,5,0.18518518518518517,1,5,0,5,0,-0.08846848722273826,-0.15950711509396923
20260417_irx_pilot,20260417_irx_pilot_A12_e02,27,5,0.18518518518518517,1,5,0,5,0,-0.11152416157208687,-0.17776282501807955
20260417_irx_pilot,20260417_irx_pilot_B01_e01,27,0,0.0,0,0,0,0,0,,
20260417_irx_pilot,20260417_irx_pilot_B01_e02,27,0,0.0,0,0,0,0,0,,
20260417_irx_pilot,20260417_irx_pilot_B01_e03,27,0,0.0,0,0,0,0,0,,
20260417_irx_pilot,20260417_irx_pilot_B02_e01,27,0,0.0,0,0,0,0,0,,
20260417_irx_pilot,20260417_irx_pilot_B02_e02,27,1,0.037037037037037035,1,1,1,0,1,-0.20063770146566917,-0.20063770146566917
20260417_irx_pilot,20260417_irx_pilot_B02_e03,27,0,0.0,0,0,0,0,0,,
20260417_irx_pilot,20260417_irx_pilot_B03_e01,27,0,0.0,0,0,0,0,0,,
20260417_irx_pilot,20260417_irx_pilot_B03_e02,27,5,0.18518518518518517,2,4,1,4,0,-0.22792741867793143,-0.4930067194487719
20260417_irx_pilot,20260417_irx_pilot_B04_e01,27,0,0.0,0,0,0,0,0,,
20260417_irx_pilot,20260417_irx_pilot_B05_e01,27,0,0.0,0,0,0,0,0,,
20260417_irx_pilot,20260417_irx_pilot_B05_e02,27,1,0.037037037037037035,1,1,1,0,1,-0.10999908437712895,-0.10999908437712895
20260417_irx_pilot,20260417_irx_pilot_B06_e01,27,2,0.07407407407407407,1,2,0,2,0,-0.056734404443219186,-0.059512473047302464
20260417_irx_pilot,20260417_irx_pilot_B06_e02,27,0,0.0,0,0,0,0,0,,
20260417_irx_pilot,20260417_irx_pilot_B07_e01,27,0,0.0,0,0,0,0,0,,
20260417_irx_pilot,20260417_irx_pilot_B07_e02,27,2,0.07407407407407407,1,2,0,2,0,-0.17225052168108862,-0.21822303870573756
20260417_irx_pilot,20260417_irx_pilot_B08_e01,27,0,0.0,0,0,0,0,0,,
20260417_irx_pilot,20260417_irx_pilot_B08_e02,27,19,0.7037037037037037,2,15,0,19,0,-0.41644547357087086,-0.5118138547825396
20260417_irx_pilot,20260417_irx_pilot_B09_e01,27,0,0.0,0,0,0,0,0,,
20260417_irx_pilot,20260417_irx_pilot_B09_e02,27,0,0.0,0,0,0,0,0,,
20260417_irx_pilot,20260417_irx_pilot_B10_e01,27,0,0.0,0,0,0,0,0,,
20260417_irx_pilot,20260417_irx_pilot_B10_e02,27,23,0.8518518518518519,1,23,0,23,0,-0.4081975260915314,-0.4601067677872407
20260417_irx_pilot,20260417_irx_pilot_B11_e01,27,3,0.1111111111111111,1,3,0,3,0,-0.007118774218070682,-0.06306671482776705
20260417_irx_pilot,20260417_irx_pilot_B12_e01,27,0,0.0,0,0,0,0,0,,
20260417_irx_pilot,20260417_irx_pilot_B12_e02,27,0,0.0,0,0,0,0,0,,
20260417_irx_pilot,20260417_irx_pilot_C01_e01,27,8,0.2962962962962963,2,7,1,7,1,-0.14817607497463925,-0.349224561713542
20260417_irx_pilot,20260417_irx_pilot_C01_e02,27,2,0.07407407407407407,1,2,0,2,0,-0.22539913840779013,-0.2438055403317719
20260417_irx_pilot,20260417_irx_pilot_C02_e01,27,0,0.0,0,0,0,0,0,,
20260417_irx_pilot,20260417_irx_pilot_C02_e02,27,0,0.0,0,0,0,0,0,,
20260417_irx_pilot,20260417_irx_pilot_C03_e01,27,6,0.2222222222222222,2,4,0,6,0,-0.16000982263947794,-0.23433429952377738
20260417_irx_pilot,20260417_irx_pilot_C03_e02,27,0,0.0,0,0,0,0,0,,
20260417_irx_pilot,20260417_irx_pilot_C04_e01,27,0,0.0,0,0,0,0,0,,
20260417_irx_pilot,20260417_irx_pilot_C05_e01,27,0,0.0,0,0,0,0,0,,
20260417_irx_pilot,20260417_irx_pilot_C05_e02,27,13,0.48148148148148145,1,13,0,13,0,-0.29169471100593386,-0.3669778890550327
20260417_irx_pilot,20260417_irx_pilot_C06_e01,27,0,0.0,0,0,0,0,0,,
20260417_irx_pilot,20260417_irx_pilot_C06_e02,27,1,0.037037037037037035,1,1,1,0,1,-0.0008088972666632957,-0.0008088972666632957
20260417_irx_pilot,20260417_irx_pilot_C07_e01,27,0,0.0,0,0,0,0,0,,
20260417_irx_pilot,20260417_irx_pilot_C07_e02,27,0,0.0,0,0,0,0,0,,
20260417_irx_pilot,20260417_irx_pilot_C08_e01,27,0,0.0,0,0,0,0,0,,
20260417_irx_pilot,20260417_irx_pilot_C08_e02,27,1,0.037037037037037035,1,1,1,0,1,-0.024477804068437976,-0.024477804068437976
20260417_irx_pilot,20260417_irx_pilot_C09_e01,27,0,0.0,0,0,0,0,0,,
20260417_irx_pilot,20260417_irx_pilot_C09_e02,27,12,0.4444444444444444,1,12,0,12,0,-0.26894816454282966,-0.38815451256700045
20260417_irx_pilot,20260417_irx_pilot_C09_e03,27,7,0.25925925925925924,2,6,1,6,1,-0.02804896057590821,-0.08292176967888279
20260417_irx_pilot,20260417_irx_pilot_C10_e01,27,0,0.0,0,0,0,0,0,,
20260417_irx_pilot,20260417_irx_pilot_C11_e01,27,0,0.0,0,0,0,0,0,,
20260417_irx_pilot,20260417_irx_pilot_C11_e02,27,1,0.037037037037037035,1,1,1,0,1,-0.059571059450277054,-0.059571059450277054
20260417_irx_pilot,20260417_irx_pilot_C12_e01,27,1,0.037037037037037035,1,1,1,0,1,-0.034241341902520636,-0.034241341902520636
20260417_irx_pilot,20260417_irx_pilot_C12_e02,27,5,0.18518518518518517,3,3,2,3,1,-0.009899348204416788,-0.05398582236669014
20260417_irx_pilot,20260417_irx_pilot_D01_e01,27,1,0.037037037037037035,1,1,1,0,1,-0.11765325106992995,-0.11765325106992995
20260417_irx_pilot,20260417_irx_pilot_D01_e02,27,1,0.037037037037037035,1,1,1,0,1,-0.028426905602058312,-0.028426905602058312
20260417_irx_pilot,20260417_irx_pilot_D02_e01,27,1,0.037037037037037035,1,1,1,0,1,-0.08181859602465522,-0.08181859602465522
20260417_irx_pilot,20260417_irx_pilot_D02_e02,27,2,0.07407407407407407,1,2,0,2,0,-0.21647732898896177,-0.2430169566131549
20260417_irx_pilot,20260417_irx_pilot_D03_e01,27,0,0.0,0,0,0,0,0,,
20260417_irx_pilot,20260417_irx_pilot_D03_e02,27,27,1.0,1,27,0,27,0,-0.8306666317511976,-0.8597441512785923
20260417_irx_pilot,20260417_irx_pilot_D04_e01,27,0,0.0,0,0,0,0,0,,
20260417_irx_pilot,20260417_irx_pilot_D04_e02,27,0,0.0,0,0,0,0,0,,
20260417_irx_pilot,20260417_irx_pilot_D04_e03,27,0,0.0,0,0,0,0,0,,
20260417_irx_pilot,20260417_irx_pilot_D04_e04,27,12,0.4444444444444444,2,11,1,11,1,-0.05981488541467417,-0.12926935018916672
20260417_irx_pilot,20260417_irx_pilot_D05_e01,27,1,0.037037037037037035,1,1,1,0,1,-0.017603666119407706,-0.017603666119407706
20260417_irx_pilot,20260417_irx_pilot_D05_e02,27,4,0.14814814814814814,1,4,0,4,0,-0.03327160161784305,-0.08175577737669315
20260417_irx_pilot,20260417_irx_pilot_D06_e01,27,6,0.2222222222222222,1,6,0,6,0,-0.05633567049939671,-0.12729694128901875
20260417_irx_pilot,20260417_irx_pilot_D06_e02,27,0,0.0,0,0,0,0,0,,
20260417_irx_pilot,20260417_irx_pilot_D07_e01,27,2,0.07407407407407407,1,2,0,2,0,-0.03017855456920552,-0.04367461544314458
20260417_irx_pilot,20260417_irx_pilot_D07_e02,27,0,0.0,0,0,0,0,0,,
20260417_irx_pilot,20260417_irx_pilot_D08_e01,27,0,0.0,0,0,0,0,0,,
20260417_irx_pilot,20260417_irx_pilot_D08_e02,27,1,0.037037037037037035,1,1,1,0,1,-0.027639200441243697,-0.027639200441243697
20260417_irx_pilot,20260417_irx_pilot_D09_e01,27,4,0.14814814814814814,1,4,0,4,0,-0.14547751463186123,-0.24591031629949278
20260417_irx_pilot,20260417_irx_pilot_D09_e02,27,0,0.0,0,0,0,0,0,,
20260417_irx_pilot,20260417_irx_pilot_D10_e01,27,3,0.1111111111111111,1,3,0,3,0,-0.025172419320791322,-0.061953573171247896
20260417_irx_pilot,20260417_irx_pilot_D11_e01,27,1,0.037037037037037035,1,1,1,0,1,-0.003933505425313429,-0.003933505425313429
20260417_irx_pilot,20260417_irx_pilot_D11_e02,27,1,0.037037037037037035,1,1,1,0,1,-0.05080262780506531,-0.05080262780506531
20260417_irx_pilot,20260417_irx_pilot_D12_e01,27,0,0.0,0,0,0,0,0,,
20260417_irx_pilot,20260417_irx_pilot_E01_e01,27,0,0.0,0,0,0,0,0,,
20260417_irx_pilot,20260417_irx_pilot_E01_e02,27,0,0.0,0,0,0,0,0,,
20260417_irx_pilot,20260417_irx_pilot_E02_e01,27,1,0.037037037037037035,1,1,1,0,1,-0.1575755633004649,-0.1575755633004649
20260417_irx_pilot,20260417_irx_pilot_E02_e02,27,0,0.0,0,0,0,0,0,,
20260417_irx_pilot,20260417_irx_pilot_E03_e01,27,0,0.0,0,0,0,0,0,,
20260417_irx_pilot,20260417_irx_pilot_E03_e02,27,3,0.1111111111111111,1,3,0,3,0,-0.5347849027789788,-0.6709182081634015
20260417_irx_pilot,20260417_irx_pilot_E04_e01,27,1,0.037037037037037035,1,1,1,0,1,-0.07988975430314212,-0.07988975430314212
20260417_irx_pilot,20260417_irx_pilot_E04_e02,27,1,0.037037037037037035,1,1,1,0,1,-0.13485858254077937,-0.13485858254077937
20260417_irx_pilot,20260417_irx_pilot_E05_e01,27,2,0.07407407407407407,1,2,0,2,0,-0.03152483198103232,-0.05330231433198544
20260417_irx_pilot,20260417_irx_pilot_E05_e02,27,0,0.0,0,0,0,0,0,,
20260417_irx_pilot,20260417_irx_pilot_E06_e01,27,0,0.0,0,0,0,0,0,,
20260417_irx_pilot,20260417_irx_pilot_E06_e02,27,1,0.037037037037037035,1,1,1,0,1,-0.0029375365747436686,-0.0029375365747436686
20260417_irx_pilot,20260417_irx_pilot_E07_e01,27,0,0.0,0,0,0,0,0,,
20260417_irx_pilot,20260417_irx_pilot_E07_e02,27,1,0.037037037037037035,1,1,1,0,0,-0.2876836760670155,-0.2876836760670155
20260417_irx_pilot,20260417_irx_pilot_E08_e01,27,3,0.1111111111111111,2,2,1,2,1,-0.12798674465675805,-0.1313138181064908
20260417_irx_pilot,20260417_irx_pilot_E08_e02,27,1,0.037037037037037035,1,1,1,0,0,-0.11794852838437749,-0.11794852838437749
20260417_irx_pilot,20260417_irx_pilot_E09_e01,27,0,0.0,0,0,0,0,0,,
20260417_irx_pilot,20260417_irx_pilot_E09_e02,27,0,0.0,0,0,0,0,0,,
20260417_irx_pilot,20260417_irx_pilot_E09_e03,27,21,0.7777777777777778,1,21,0,21,0,-0.37535823513907846,-0.5401279283587691
20260417_irx_pilot,20260417_irx_pilot_E10_e01,27,0,0.0,0,0,0,0,0,,
20260417_irx_pilot,20260417_irx_pilot_E10_e02,27,1,0.037037037037037035,1,1,1,0,1,-0.08233190400969087,-0.08233190400969087
20260417_irx_pilot,20260417_irx_pilot_E11_e01,27,0,0.0,0,0,0,0,0,,
20260417_irx_pilot,20260417_irx_pilot_E12_e01,27,0,0.0,0,0,0,0,0,,
20260417_irx_pilot,20260417_irx_pilot_F01_e01,27,0,0.0,0,0,0,0,0,,
20260417_irx_pilot,20260417_irx_pilot_F01_e02,27,0,0.0,0,0,0,0,0,,
20260417_irx_pilot,20260417_irx_pilot_F02_e01,27,0,0.0,0,0,0,0,0,,
20260417_irx_pilot,20260417_irx_pilot_F02_e02,27,2,0.07407407407407407,2,1,2,0,2,-0.19067028488494825,-0.20842104804524278
20260417_irx_pilot,20260417_irx_pilot_F03_e01,27,0,0.0,0,0,0,0,0,,
20260417_irx_pilot,20260417_irx_pilot_F03_e02,27,0,0.0,0,0,0,0,0,,
20260417_irx_pilot,20260417_irx_pilot_F04_e01,27,0,0.0,0,0,0,0,0,,
20260417_irx_pilot,20260417_irx_pilot_F04_e02,27,0,0.0,0,0,0,0,0,,
20260417_irx_pilot,20260417_irx_pilot_F05_e01,27,3,0.1111111111111111,1,3,0,3,0,-0.18021084153761194,-0.2174743491519503
20260417_irx_pilot,20260417_irx_pilot_F05_e02,27,0,0.0,0,0,0,0,0,,
20260417_irx_pilot,20260417_irx_pilot_F07_e01,27,4,0.14814814814814814,3,2,2,2,2,-0.022994778406887885,-0.6516935987189418
20260417_irx_pilot,20260417_irx_pilot_F07_e02,27,4,0.14814814814814814,4,1,4,0,4,-0.09026167579421465,-0.2554449333956572
20260417_irx_pilot,20260417_irx_pilot_F08_e01,27,3,0.1111111111111111,1,3,0,3,0,-0.015782357002439865,-0.04013990246367155
20260417_irx_pilot,20260417_irx_pilot_F08_e02,27,0,0.0,0,0,0,0,0,,
20260417_irx_pilot,20260417_irx_pilot_F09_e01,27,4,0.14814814814814814,2,3,1,3,1,-0.2546257841400576,-0.2769461432873684
20260417_irx_pilot,20260417_irx_pilot_F09_e02,27,9,0.3333333333333333,1,9,0,9,0,-0.08580132973158784,-0.15118066490170065
20260417_irx_pilot,20260417_irx_pilot_F10_e01,27,0,0.0,0,0,0,0,0,,
20260417_irx_pilot,20260417_irx_pilot_F10_e02,27,1,0.037037037037037035,1,1,1,0,1,-0.03650754547924092,-0.03650754547924092
20260417_irx_pilot,20260417_irx_pilot_F11_e01,27,0,0.0,0,0,0,0,0,,
20260417_irx_pilot,20260417_irx_pilot_F11_e02,27,1,0.037037037037037035,1,1,1,0,1,-0.10251465977488013,-0.10251465977488013
20260417_irx_pilot,20260417_irx_pilot_F12_e01,27,1,0.037037037037037035,1,1,1,0,1,-0.015064921990504337,-0.015064921990504337
20260417_irx_pilot,20260417_irx_pilot_F12_e02,27,3,0.1111111111111111,1,3,0,3,0,-0.018830547166784922,-0.06207074597719729
20260417_irx_pilot,20260417_irx_pilot_G01_e01,27,0,0.0,0,0,0,0,0,,
20260417_irx_pilot,20260417_irx_pilot_G01_e02,27,0,0.0,0,0,0,0,0,,
20260417_irx_pilot,20260417_irx_pilot_G02_e01,27,7,0.25925925925925924,2,4,0,7,0,-0.281750228331293,-0.30582780407615573
20260417_irx_pilot,20260417_irx_pilot_G02_e02,27,4,0.14814814814814814,1,4,0,4,0,-0.19567914669302727,-0.3291661571388087
20260417_irx_pilot,20260417_irx_pilot_G02_e03,27,2,0.07407407407407407,2,1,2,0,2,-0.16241656514416516,-0.23829864612506463
20260417_irx_pilot,20260417_irx_pilot_G03_e01,27,0,0.0,0,0,0,0,0,,
20260417_irx_pilot,20260417_irx_pilot_G03_e02,27,0,0.0,0,0,0,0,0,,
20260417_irx_pilot,20260417_irx_pilot_G04_e01,27,0,0.0,0,0,0,0,0,,
20260417_irx_pilot,20260417_irx_pilot_G04_e02,27,0,0.0,0,0,0,0,0,,
20260417_irx_pilot,20260417_irx_pilot_G05_e01,27,3,0.1111111111111111,3,1,3,0,3,-0.049914757371589784,-0.07483120407643712
20260417_irx_pilot,20260417_irx_pilot_G05_e02,27,11,0.4074074074074074,1,11,0,11,0,-0.17703039102498225,-0.40275908050628856
20260417_irx_pilot,20260417_irx_pilot_G06_e01,27,2,0.07407407407407407,2,1,2,0,2,-0.15780754457038335,-0.1607616130966013
20260417_irx_pilot,20260417_irx_pilot_G06_e02,27,1,0.037037037037037035,1,1,1,0,1,-0.05111508862093026,-0.05111508862093026
20260417_irx_pilot,20260417_irx_pilot_G06_e03,27,0,0.0,0,0,0,0,0,,
20260417_irx_pilot,20260417_irx_pilot_G06_e04,27,6,0.2222222222222222,1,6,0,6,0,-0.033545538018151494,-0.08821981050490042
20260417_irx_pilot,20260417_irx_pilot_G07_e01,27,0,0.0,0,0,0,0,0,,
20260417_irx_pilot,20260417_irx_pilot_G07_e02,27,0,0.0,0,0,0,0,0,,
20260417_irx_pilot,20260417_irx_pilot_G08_e01,27,0,0.0,0,0,0,0,0,,
20260417_irx_pilot,20260417_irx_pilot_G09_e01,27,0,0.0,0,0,0,0,0,,
20260417_irx_pilot,20260417_irx_pilot_G09_e02,27,0,0.0,0,0,0,0,0,,
20260417_irx_pilot,20260417_irx_pilot_G10_e01,27,0,0.0,0,0,0,0,0,,
20260417_irx_pilot,20260417_irx_pilot_G11_e01,27,0,0.0,0,0,0,0,0,,
20260417_irx_pilot,20260417_irx_pilot_G11_e02,27,0,0.0,0,0,0,0,0,,
20260417_irx_pilot,20260417_irx_pilot_G12_e01,27,0,0.0,0,0,0,0,0,,
20260417_irx_pilot,20260417_irx_pilot_G12_e02,27,1,0.037037037037037035,1,1,1,0,1,-0.0010627716795535455,-0.0010627716795535455
20260417_irx_pilot,20260417_irx_pilot_G12_e03,27,27,1.0,1,27,0,27,0,-0.32358293248100684,-0.5267498089144781
20260417_irx_pilot,20260417_irx_pilot_H01_e01,27,0,0.0,0,0,0,0,0,,
20260417_irx_pilot,20260417_irx_pilot_H02_e01,27,0,0.0,0,0,0,0,0,,
20260417_irx_pilot,20260417_irx_pilot_H02_e02,27,0,0.0,0,0,0,0,0,,
20260417_irx_pilot,20260417_irx_pilot_H03_e01,27,0,0.0,0,0,0,0,0,,
20260417_irx_pilot,20260417_irx_pilot_H03_e02,27,0,0.0,0,0,0,0,0,,
20260417_irx_pilot,20260417_irx_pilot_H04_e01,27,0,0.0,0,0,0,0,0,,
20260417_irx_pilot,20260417_irx_pilot_H04_e02,27,0,0.0,0,0,0,0,0,,
20260417_irx_pilot,20260417_irx_pilot_H05_e01,27,0,0.0,0,0,0,0,0,,
20260417_irx_pilot,20260417_irx_pilot_H05_e02,27,0,0.0,0,0,0,0,0,,
20260417_irx_pilot,20260417_irx_pilot_H06_e01,27,0,0.0,0,0,0,0,0,,
20260417_irx_pilot,20260417_irx_pilot_H06_e02,27,1,0.037037037037037035,1,1,1,0,1,-0.007019055981980429,-0.007019055981980429
20260417_irx_pilot,20260417_irx_pilot_H07_e01,27,0,0.0,0,0,0,0,0,,
20260417_irx_pilot,20260417_irx_pilot_H07_e02,27,3,0.1111111111111111,2,2,1,2,1,-0.01152656031387014,-0.017971669917632885
20260417_irx_pilot,20260417_irx_pilot_H08_e01,27,3,0.1111111111111111,2,2,1,2,1,-0.019471461022076017,-0.036995765504030075
20260417_irx_pilot,20260417_irx_pilot_H09_e01,27,0,0.0,0,0,0,0,0,,
20260417_irx_pilot,20260417_irx_pilot_H10_e01,27,4,0.14814814814814814,2,3,1,3,1,-0.06324753761782104,-0.19542749336057785
20260417_irx_pilot,20260417_irx_pilot_H10_e02,27,1,0.037037037037037035,1,1,1,0,1,-0.07941825139116652,-0.07941825139116652
20260417_irx_pilot,20260417_irx_pilot_H11_e01,27,3,0.1111111111111111,1,3,0,3,0,-0.19898063164478352,-0.23154168098198363
20260417_irx_pilot,20260417_irx_pilot_H11_e02,27,14,0.5185185185185185,2,13,1,13,1,-0.44452460612441547,-0.6444924731213656
20260417_irx_pilot,20260417_irx_pilot_H12_e01,27,2,0.07407407407407407,2,1,2,0,2,-0.03913905316878922,-0.07135669436055594
20260418_irx_pilot,20260418_irx_pilot_A01_e01,78,4,0.05128205128205128,1,4,0,4,0,-0.058705903666759984,-0.12003391559700678
20260418_irx_pilot,20260418_irx_pilot_A02_e01,78,0,0.0,0,0,0,0,0,,
20260418_irx_pilot,20260418_irx_pilot_A03_e01,78,0,0.0,0,0,0,0,0,,
20260418_irx_pilot,20260418_irx_pilot_A04_e01,78,78,1.0,1,78,0,78,0,-0.48839123036900056,-0.6114249298768083
20260418_irx_pilot,20260418_irx_pilot_A05_e01,78,74,0.9487179487179487,3,46,0,74,0,-0.5897394988427178,-0.7621649072928894
20260418_irx_pilot,20260418_irx_pilot_A05_e02,78,61,0.782051282051282,5,46,2,59,2,-0.6696017028387664,-0.7066342429697637
20260418_irx_pilot,20260418_irx_pilot_A05_e03,78,67,0.8589743589743589,5,45,0,67,0,-0.5399023013785653,-0.6684195943434117
20260418_irx_pilot,20260418_irx_pilot_A05_e04,78,47,0.6025641025641025,2,45,0,47,0,-0.557178121829244,-0.628551066689918
20260418_irx_pilot,20260418_irx_pilot_A06_e01,78,55,0.7051282051282052,3,51,1,54,1,-0.6552031841632902,-0.7264793311144483
20260418_irx_pilot,20260418_irx_pilot_A07_e01,78,52,0.6666666666666666,5,40,0,52,0,-0.5121908785634707,-0.6216962700725588
20260418_irx_pilot,20260418_irx_pilot_A07_e02,78,55,0.7051282051282052,4,48,2,53,1,-0.5898463914421817,-0.639667375794288
20260418_irx_pilot,20260418_irx_pilot_A07_e03,78,73,0.9358974358974359,3,45,0,73,0,-0.5320770685885043,-0.666863452258414
20260418_irx_pilot,20260418_irx_pilot_A08_e01,78,63,0.8076923076923077,2,54,0,63,0,-0.6295677418859036,-0.7018290228136621
20260418_irx_pilot,20260418_irx_pilot_A08_e02,78,78,1.0,1,78,0,78,0,-0.8534528996709019,-0.8948914959988116
20260418_irx_pilot,20260418_irx_pilot_A09_e01,78,54,0.6923076923076923,3,19,0,54,0,-0.06766994826139347,-0.5549871480433789
20260418_irx_pilot,20260418_irx_pilot_A09_e02,78,78,1.0,1,78,0,78,0,-0.15370400987095734,-0.7081182080179718
20260418_irx_pilot,20260418_irx_pilot_A09_e03,78,64,0.8205128205128205,5,35,0,64,0,-0.32579477466887347,-0.7775465727734111
20260418_irx_pilot,20260418_irx_pilot_A10_e01,78,78,1.0,1,78,0,78,0,-0.5128784244604274,-0.6439304687614175
20260418_irx_pilot,20260418_irx_pilot_A10_e02,78,76,0.9743589743589743,2,55,0,76,0,-0.46422354824436907,-0.6561397106982096
20260418_irx_pilot,20260418_irx_pilot_A11_e01,78,59,0.7564102564102564,2,57,0,59,0,-0.7723589677256307,-0.7900527883682495
20260418_irx_pilot,20260418_irx_pilot_A11_e02,78,77,0.9871794871794872,2,54,0,77,0,-0.46941208656544375,-0.710195141854736
20260418_irx_pilot,20260418_irx_pilot_A12_e01,78,51,0.6538461538461539,1,51,0,51,0,-0.6196635922455028,-0.6938438775542578
20260418_irx_pilot,20260418_irx_pilot_B01_e01,78,0,0.0,0,0,0,0,0,,
20260418_irx_pilot,20260418_irx_pilot_B02_e01,78,18,0.23076923076923078,1,18,0,18,0,-0.04849511180651474,-0.12306172413706054
20260418_irx_pilot,20260418_irx_pilot_B02_e02,78,1,0.01282051282051282,1,1,1,0,1,-0.041478707176570435,-0.041478707176570435
20260418_irx_pilot,20260418_irx_pilot_B03_e01,78,17,0.21794871794871795,2,13,0,17,0,-0.0264841913222163,-0.0416267818812667
20260418_irx_pilot,20260418_irx_pilot_B04_e01,78,6,0.07692307692307693,1,6,0,6,0,-0.06531336449782112,-0.10205316867033068
20260418_irx_pilot,20260418_irx_pilot_B05_e01,78,63,0.8076923076923077,3,48,1,62,1,-0.6326002849041701,-0.699775981129659
20260418_irx_pilot,20260418_irx_pilot_B05_e02,78,76,0.9743589743589743,3,70,0,76,0,-0.6775458455301074,-0.7452892811398478
20260418_irx_pilot,20260418_irx_pilot_B05_e03,78,56,0.717948717948718,2,52,0,56,0,-0.6635013708786142,-0.7134298606905252
20260418_irx_pilot,20260418_irx_pilot_B06_e01,78,67,0.8589743589743589,2,51,0,67,0,-0.5160514508628246,-0.625051497819479
20260418_irx_pilot,20260418_irx_pilot_B07_e01,77,75,0.974025974025974,3,49,0,75,0,-0.9802623189867252,-0.9871380731674487
20260418_irx_pilot,20260418_irx_pilot_B07_e02,41,38,0.926829268292683,2,26,0,38,0,-0.15345524059965732,-0.7434681122922614
20260418_irx_pilot,20260418_irx_pilot_B07_e03,78,58,0.7435897435897436,5,49,1,57,1,-0.7022490464518651,-0.750552541896487
20260418_irx_pilot,20260418_irx_pilot_B08_e01,78,59,0.7564102564102564,3,54,1,58,1,-0.48471602688581233,-0.5986138128166598
20260418_irx_pilot,20260418_irx_pilot_B09_e01,78,63,0.8076923076923077,2,51,0,63,0,-0.662102463576321,-0.7062542096575822
20260418_irx_pilot,20260418_irx_pilot_B09_e02,78,72,0.9230769230769231,3,45,0,72,0,-0.6431158754889237,-0.9270845867743185
20260418_irx_pilot,20260418_irx_pilot_B09_e03,78,50,0.6410256410256411,2,45,0,50,0,-0.7451791216496012,-0.7775548036509303
20260418_irx_pilot,20260418_irx_pilot_B10_e01,78,78,1.0,1,78,0,78,0,-0.24818058890231043,-0.6394436032870188
20260418_irx_pilot,20260418_irx_pilot_B11_e01,78,51,0.6538461538461539,1,51,0,51,0,-0.670202940947097,-0.7184788681050106
20260418_irx_pilot,20260418_irx_pilot_B11_e02,78,78,1.0,1,78,0,78,0,-0.27679501717428523,-0.769008153717144
20260418_irx_pilot,20260418_irx_pilot_B11_e03,78,78,1.0,1,78,0,78,0,-0.4554485673512194,-0.7291243691033935
20260418_irx_pilot,20260418_irx_pilot_B11_e04,78,76,0.9743589743589743,2,74,0,76,0,-0.34574362808268366,-0.7632448020974031
20260418_irx_pilot,20260418_irx_pilot_B12_e01,78,78,1.0,1,78,0,78,0,-0.4545601403420318,-0.7590387741152514
20260418_irx_pilot,20260418_irx_pilot_C01_e01,78,0,0.0,0,0,0,0,0,,
20260418_irx_pilot,20260418_irx_pilot_C02_e01,78,3,0.038461538461538464,2,2,1,2,1,-0.0028539330401382117,-0.01216857477250151
20260418_irx_pilot,20260418_irx_pilot_C03_e01,78,42,0.5384615384615384,1,42,0,42,0,-0.22969148162226893,-0.5089476533443221
20260418_irx_pilot,20260418_irx_pilot_C04_e01,78,0,0.0,0,0,0,0,0,,
20260418_irx_pilot,20260418_irx_pilot_C05_e01,78,78,1.0,1,78,0,78,0,-0.15562014146611877,-0.6633401515633184
20260418_irx_pilot,20260418_irx_pilot_C05_e02,78,71,0.9102564102564102,2,44,0,71,0,-0.6285727694173527,-0.7152553732498285
20260418_irx_pilot,20260418_irx_pilot_C05_e03,78,76,0.9743589743589743,2,42,0,76,0,-0.39598761438238284,-0.6674622766972291
20260418_irx_pilot,20260418_irx_pilot_C07_e01,78,78,1.0,1,78,0,78,0,-0.279812585948641,-0.6666260741700644
20260418_irx_pilot,20260418_irx_pilot_C07_e02,78,76,0.9743589743589743,1,76,0,76,0,-0.5481356518364338,-0.7588547949573151
20260418_irx_pilot,20260418_irx_pilot_C07_e03,78,54,0.6923076923076923,2,50,0,54,0,-0.6949698820242679,-0.7332867263355923
20260418_irx_pilot,20260418_irx_pilot_C08_e01,78,73,0.9358974358974359,2,47,0,73,0,-0.5526285699330293,-0.6604440200855388
20260418_irx_pilot,20260418_irx_pilot_C09_e01,78,78,1.0,1,78,0,78,0,-0.22181135748746425,-0.7293530412078032
20260418_irx_pilot,20260418_irx_pilot_C09_e02,78,50,0.6410256410256411,2,49,1,49,1,-0.7094147254227166,-0.7299213056994045
20260418_irx_pilot,20260418_irx_pilot_C09_e03,78,78,1.0,1,78,0,78,0,-0.15896339964909761,-0.7030758807067876
20260418_irx_pilot,20260418_irx_pilot_C10_e01,78,54,0.6923076923076923,1,54,0,54,0,-0.5775746220015306,-0.6097823599864187
20260418_irx_pilot,20260418_irx_pilot_C11_e01,78,78,1.0,1,78,0,78,0,-0.15558951330317494,-0.7445813492025077
20260418_irx_pilot,20260418_irx_pilot_C11_e02,78,73,0.9358974358974359,1,73,0,73,0,-0.14448133220396597,-0.6323545089981538
20260418_irx_pilot,20260418_irx_pilot_C11_e03,78,47,0.6025641025641025,3,36,0,47,0,-0.09081605644721806,-0.173573197114547
20260418_irx_pilot,20260418_irx_pilot_C12_e01,78,55,0.7051282051282052,1,55,0,55,0,-0.6570719625717316,-0.6935612175450755
20260418_irx_pilot,20260418_irx_pilot_D01_e01,78,2,0.02564102564102564,1,2,0,2,0,-0.040249709250061924,-0.048788128029258436
20260418_irx_pilot,20260418_irx_pilot_D02_e01,78,78,1.0,1,78,0,78,0,-0.175381760166486,-0.49128264847388403
20260418_irx_pilot,20260418_irx_pilot_D03_e01,78,10,0.1282051282051282,2,8,0,10,0,-0.03181125004909192,-0.05673432060102736
20260418_irx_pilot,20260418_irx_pilot_D05_e01,78,51,0.6538461538461539,3,47,0,51,0,-0.667852838294439,-0.710066365710943
20260418_irx_pilot,20260418_irx_pilot_D05_e02,78,60,0.7692307692307693,2,50,0,60,0,-0.6111465061278997,-0.6516686486841597
20260418_irx_pilot,20260418_irx_pilot_D05_e03,78,64,0.8205128205128205,3,53,1,63,1,-0.707663542471171,-0.7359422443224184
20260418_irx_pilot,20260418_irx_pilot_D06_e01,78,46,0.5897435897435898,3,44,2,44,2,-0.5583257632485767,-0.603755805548667
20260418_irx_pilot,20260418_irx_pilot_D07_e01,78,72,0.9230769230769231,2,53,0,72,0,-0.6437124931736495,-0.7350723514511281
20260418_irx_pilot,20260418_irx_pilot_D07_e02,78,41,0.5256410256410257,2,35,0,41,0,-0.5747052384702434,-0.6210949047880041
20260418_irx_pilot,20260418_irx_pilot_D07_e03,78,76,0.9743589743589743,2,49,0,76,0,-0.6224872240847747,-0.7402819318136667
20260418_irx_pilot,20260418_irx_pilot_D08_e01,78,78,1.0,1,78,0,78,0,-0.3118846714881607,-0.5716691161792927
20260418_irx_pilot,20260418_irx_pilot_D09_e01,78,65,0.8333333333333334,3,54,0,65,0,-0.6946445686387255,-0.7583148475550584
20260418_irx_pilot,20260418_irx_pilot_D09_e02,78,53,0.6794871794871795,2,51,0,53,0,-0.6585747704337416,-0.6978189790795242
20260418_irx_pilot,20260418_irx_pilot_D09_e03,78,71,0.9102564102564102,3,53,0,71,0,-0.6331304033060176,-0.7178748827936693
20260418_irx_pilot,20260418_irx_pilot_D10_e01,78,51,0.6538461538461539,2,49,0,51,0,-0.5076397039261902,-0.5592388256814983
20260418_irx_pilot,20260418_irx_pilot_D11_e01,78,74,0.9487179487179487,2,37,0,74,0,-0.1390726459379779,-0.6814427706554993
20260418_irx_pilot,20260418_irx_pilot_D11_e02,78,48,0.6153846153846154,2,46,0,48,0,-0.7096034527239063,-0.7320324527662553
20260418_irx_pilot,20260418_irx_pilot_D12_e01,78,78,1.0,1,78,0,78,0,-0.6625562106367046,-0.8157527840145724
20260418_irx_pilot,20260418_irx_pilot_E01_e01,78,0,0.0,0,0,0,0,0,,
20260418_irx_pilot,20260418_irx_pilot_E01_e02,78,0,0.0,0,0,0,0,0,,
20260418_irx_pilot,20260418_irx_pilot_E02_e01,78,19,0.24358974358974358,7,6,3,16,3,-0.01779972637792136,-0.06878837724879822
20260418_irx_pilot,20260418_irx_pilot_E02_e02,78,0,0.0,0,0,0,0,0,,
20260418_irx_pilot,20260418_irx_pilot_E03_e01,78,30,0.38461538461538464,3,23,0,30,0,-0.5108755351424825,-0.5817657653609705
20260418_irx_pilot,20260418_irx_pilot_E03_e02,78,40,0.5128205128205128,3,36,1,39,1,-0.6552663827699243,-0.697165337487308
20260418_irx_pilot,20260418_irx_pilot_E03_e03,78,29,0.3717948717948718,1,29,0,29,0,-0.3461670213929472,-0.4176143835807078
20260418_irx_pilot,20260418_irx_pilot_E03_e04,78,39,0.5,2,36,0,39,0,-0.6147753254236055,-0.6345939896332821
20260418_irx_pilot,20260418_irx_pilot_E04_e01,78,8,0.10256410256410256,1,8,0,8,0,-0.2085992607300784,-0.41019455833966845
20260418_irx_pilot,20260418_irx_pilot_E04_e02,78,37,0.47435897435897434,3,32,0,37,0,-0.1841176823183722,-0.5665542508167702
20260418_irx_pilot,20260418_irx_pilot_E04_e03,78,1,0.01282051282051282,1,1,1,0,0,-0.010395530351856853,-0.010395530351856853
20260418_irx_pilot,20260418_irx_pilot_E04_e04,78,7,0.08974358974358974,2,5,0,7,0,-0.028076588672286264,-0.038337405668295924
20260418_irx_pilot,20260418_irx_pilot_E05_e01,78,78,1.0,1,78,0,78,0,-0.6594044947111692,-0.7711042800641278
20260418_irx_pilot,20260418_irx_pilot_E05_e02,78,66,0.8461538461538461,3,63,1,65,1,-0.7615141869314577,-0.7922723731395853
20260418_irx_pilot,20260418_irx_pilot_E05_e03,78,52,0.6666666666666666,2,49,0,52,0,-0.6447661541891874,-0.7347235813822699
20260418_irx_pilot,20260418_irx_pilot_E06_e01,78,60,0.7692307692307693,5,50,1,59,1,-0.6598979878563347,-0.7004242813966353
20260418_irx_pilot,20260418_irx_pilot_E07_e01,73,42,0.5753424657534246,3,32,0,42,0,-0.9627142366115689,-0.9873134571250338
20260418_irx_pilot,20260418_irx_pilot_E07_e02,53,52,0.9811320754716981,2,40,0,52,0,-0.21558032039585323,-0.9509963899442335
20260418_irx_pilot,20260418_irx_pilot_E08_e01,78,66,0.8461538461538461,4,49,1,65,1,-0.523745535190939,-0.5917211717367149
20260418_irx_pilot,20260418_irx_pilot_E09_e01,78,76,0.9743589743589743,2,52,0,76,0,-0.6204597192790728,-0.7171256397752368
20260418_irx_pilot,20260418_irx_pilot_E09_e02,78,70,0.8974358974358975,3,45,0,70,0,-0.6240156154351928,-0.7174534335958009
20260418_irx_pilot,20260418_irx_pilot_E09_e03,78,70,0.8974358974358975,2,53,0,70,0,-0.5415604338302062,-0.6885607496974971
20260418_irx_pilot,20260418_irx_pilot_E10_e01,78,75,0.9615384615384616,3,53,0,75,0,-0.07820338909233514,-0.6163243700359706
20260418_irx_pilot,20260418_irx_pilot_E11_e01,78,78,1.0,1,78,0,78,0,-0.4444455292774204,-0.7297982658465604
20260418_irx_pilot,20260418_irx_pilot_E11_e02,78,73,0.9358974358974359,1,73,0,73,0,-0.49091933487057404,-0.7269974791132408
20260418_irx_pilot,20260418_irx_pilot_E11_e03,78,57,0.7307692307692307,5,51,2,55,2,-0.625612553919967,-0.664912766928221
20260418_irx_pilot,20260418_irx_pilot_E11_e04,78,50,0.6410256410256411,1,50,0,50,0,-0.6309749521852908,-0.6649065591142045
20260418_irx_pilot,20260418_irx_pilot_E12_e01,78,77,0.9871794871794872,1,77,0,77,0,-0.5707675365559998,-0.741260094094614
20260418_irx_pilot,20260418_irx_pilot_F01_e01,78,0,0.0,0,0,0,0,0,,
20260418_irx_pilot,20260418_irx_pilot_F01_e02,78,5,0.0641025641025641,1,5,0,5,0,-0.09267243649227158,-0.12872885849483287
20260418_irx_pilot,20260418_irx_pilot_F01_e03,78,0,0.0,0,0,0,0,0,,
20260418_irx_pilot,20260418_irx_pilot_F02_e01,78,1,0.01282051282051282,1,1,1,0,1,-0.0011148070842570649,-0.0011148070842570649
20260418_irx_pilot,20260418_irx_pilot_F02_e02,78,74,0.9487179487179487,1,74,0,74,0,-0.2209149733992231,-0.4011647787391943
20260418_irx_pilot,20260418_irx_pilot_F02_e03,78,36,0.46153846153846156,1,36,0,36,0,-0.07523847879599774,-0.09873859040615433
20260418_irx_pilot,20260418_irx_pilot_F02_e04,78,3,0.038461538461538464,1,3,0,3,0,-0.005009682521222812,-0.02071414388453765
20260418_irx_pilot,20260418_irx_pilot_F03_e01,78,13,0.16666666666666666,3,8,0,13,0,-0.020310767214933162,-0.0404774894637165
20260418_irx_pilot,20260418_irx_pilot_F03_e02,78,9,0.11538461538461539,1,9,0,9,0,-0.015768711174104215,-0.04077605089914697
20260418_irx_pilot,20260418_irx_pilot_F04_e01,78,39,0.5,2,37,0,39,0,-0.22201887853831556,-0.5653749033808338
20260418_irx_pilot,20260418_irx_pilot_F04_e02,78,10,0.1282051282051282,3,8,2,8,2,-0.020370003904705038,-0.03901084961687191
20260418_irx_pilot,20260418_irx_pilot_F04_e03,78,10,0.1282051282051282,2,8,0,10,0,-0.012329541401363255,-0.032314299402578225
20260418_irx_pilot,20260418_irx_pilot_F05_e01,78,77,0.9871794871794872,2,47,0,77,0,-0.5208069163380968,-0.6624272317064558
20260418_irx_pilot,20260418_irx_pilot_F05_e02,78,45,0.5769230769230769,2,41,0,45,0,-0.5524510082370152,-0.6051004121713509
20260418_irx_pilot,20260418_irx_pilot_F06_e01,78,75,0.9615384615384616,2,41,0,75,0,-0.3543818538913126,-0.6277140180646575
20260418_irx_pilot,20260418_irx_pilot_F07_e01,78,72,0.9230769230769231,2,51,0,72,0,-0.6242134738393649,-0.6992733052306376
20260418_irx_pilot,20260418_irx_pilot_F08_e01,78,78,1.0,1,78,0,78,0,-0.2643111042302341,-0.6323987949064185
20260418_irx_pilot,20260418_irx_pilot_F08_e02,78,78,1.0,1,78,0,78,0,-0.7956268337596388,-0.8440694253338352
20260418_irx_pilot,20260418_irx_pilot_F08_e03,78,78,1.0,1,78,0,78,0,-0.8859436044033101,-0.9070904422086213
20260418_irx_pilot,20260418_irx_pilot_F08_e04,78,78,1.0,1,78,0,78,0,-0.9558793179189607,-0.9663985298434818
20260418_irx_pilot,20260418_irx_pilot_F09_e01,78,36,0.46153846153846156,1,36,0,36,0,-0.5253687445218782,-0.5906729742026633
20260418_irx_pilot,20260418_irx_pilot_F09_e02,78,72,0.9230769230769231,3,52,1,71,1,-0.6590420813606099,-0.7373617414679727
20260418_irx_pilot,20260418_irx_pilot_F10_e01,78,55,0.7051282051282052,2,53,0,55,0,-0.6301104140765565,-0.6900044124295296
20260418_irx_pilot,20260418_irx_pilot_F11_e01,78,75,0.9615384615384616,2,56,0,75,0,-0.1983543754790092,-0.7099961241779648
20260418_irx_pilot,20260418_irx_pilot_F11_e02,78,78,1.0,1,78,0,78,0,-0.22271963486927232,-0.7177404258305576
20260418_irx_pilot,20260418_irx_pilot_F11_e03,78,78,1.0,1,78,0,78,0,-0.3669101366803621,-0.6046999771583426
20260418_irx_pilot,20260418_irx_pilot_F12_e01,78,78,1.0,1,78,0,78,0,-0.5592929731545884,-0.6919359224922764
20260418_irx_pilot,20260418_irx_pilot_G01_e01,78,23,0.2948717948717949,1,23,0,23,0,-0.38838310241193674,-0.483379945717158
20260418_irx_pilot,20260418_irx_pilot_G01_e02,78,10,0.1282051282051282,1,10,0,10,0,-0.31796465658445183,-0.39668576540082384
20260418_irx_pilot,20260418_irx_pilot_G01_e03,78,43,0.5512820512820513,5,37,2,41,2,-0.5065649420501802,-0.5957490768675648
20260418_irx_pilot,20260418_irx_pilot_G01_e04,78,12,0.15384615384615385,1,12,0,12,0,-0.28990393028149786,-0.3892423851590193
20260418_irx_pilot,20260418_irx_pilot_G02_e01,78,72,0.9230769230769231,3,37,0,72,0,-0.20232368415590699,-0.7361535280885189
20260418_irx_pilot,20260418_irx_pilot_G02_e02,78,62,0.7948717948717948,3,38,0,62,0,-0.14755910317384735,-0.5874524228879432
20260418_irx_pilot,20260418_irx_pilot_G02_e03,78,18,0.23076923076923078,2,17,1,17,1,-0.3032324017981184,-0.46142761508521907
20260418_irx_pilot,20260418_irx_pilot_G03_e01,78,35,0.44871794871794873,1,35,0,35,0,-0.6110860862473005,-0.6474640810475708
20260418_irx_pilot,20260418_irx_pilot_G03_e02,78,39,0.5,3,36,1,38,1,-0.6338576566829919,-0.6715608468303746
20260418_irx_pilot,20260418_irx_pilot_G03_e03,78,78,1.0,1,78,0,78,0,-0.26105520183078723,-0.7253097168492751
20260418_irx_pilot,20260418_irx_pilot_G03_e04,78,78,1.0,1,78,0,78,0,-0.4040855740123578,-0.7327309670185266
20260418_irx_pilot,20260418_irx_pilot_G04_e01,78,30,0.38461538461538464,4,19,1,29,0,-0.048154736040468646,-0.3785248598108513
20260418_irx_pilot,20260418_irx_pilot_G04_e02,78,0,0.0,0,0,0,0,0,,
20260418_irx_pilot,20260418_irx_pilot_G05_e01,31,19,0.6129032258064516,5,9,0,19,0,-0.031165285810297975,-0.189785140746962
20260418_irx_pilot,20260418_irx_pilot_G05_e02,78,53,0.6794871794871795,2,52,1,52,1,-0.6343799153012203,-0.672194472513612
20260418_irx_pilot,20260418_irx_pilot_G05_e03,78,78,1.0,1,78,0,78,0,-0.6025989736489634,-0.7077434786914216
20260418_irx_pilot,20260418_irx_pilot_G06_e01,78,58,0.7435897435897436,2,55,0,58,0,-0.6576361089148919,-0.7032069903584266
20260418_irx_pilot,20260418_irx_pilot_G07_e01,78,78,1.0,1,78,0,78,0,-0.633830765064357,-0.8059006468756895
20260418_irx_pilot,20260418_irx_pilot_G07_e02,78,77,0.9871794871794872,2,51,0,77,0,-0.4330834192999732,-0.7534318449607362
20260418_irx_pilot,20260418_irx_pilot_G07_e03,78,54,0.6923076923076923,1,54,0,54,0,-0.7276470895050723,-0.7504903679398097
20260418_irx_pilot,20260418_irx_pilot_G07_e04,78,76,0.9743589743589743,2,51,0,76,0,-0.6097234704583523,-0.7401913956184393
20260418_irx_pilot,20260418_irx_pilot_G08_e01,78,75,0.9615384615384616,2,65,0,75,0,-0.48092496881303015,-0.624125850112301
20260418_irx_pilot,20260418_irx_pilot_G09_e01,78,76,0.9743589743589743,2,73,0,76,0,-0.6035143577534742,-0.7594178883930431
20260418_irx_pilot,20260418_irx_pilot_G09_e02,78,71,0.9102564102564102,2,50,0,71,0,-0.3963205293959807,-0.7606437653319952
20260418_irx_pilot,20260418_irx_pilot_G09_e03,78,63,0.8076923076923077,3,52,0,63,0,-0.7390540001017851,-0.7735888055847286
20260418_irx_pilot,20260418_irx_pilot_G09_e04,78,76,0.9743589743589743,3,74,2,74,1,-0.16045863708832492,-0.7949561675872213
20260418_irx_pilot,20260418_irx_pilot_G09_e05,78,52,0.6666666666666666,1,52,0,52,0,-0.6927426508614773,-0.7326724324077115
20260418_irx_pilot,20260418_irx_pilot_G10_e01,78,43,0.5512820512820513,1,43,0,43,0,-0.5353984686067069,-0.5814798011162782
20260418_irx_pilot,20260418_irx_pilot_G11_e01,78,78,1.0,1,78,0,78,0,-0.2291877843607289,-0.721992103468677
20260418_irx_pilot,20260418_irx_pilot_G11_e02,78,78,1.0,1,78,0,78,0,-0.23578180135344823,-0.6453794634798502
20260418_irx_pilot,20260418_irx_pilot_G12_e01,78,73,0.9358974358974359,1,73,0,73,0,-0.20350645602833434,-0.5511361263993089
20260418_irx_pilot,20260418_irx_pilot_H01_e01,78,2,0.02564102564102564,2,1,2,0,1,-0.0065882010909628745,-0.012004936215037065
20260418_irx_pilot,20260418_irx_pilot_H01_e02,78,0,0.0,0,0,0,0,0,,
20260418_irx_pilot,20260418_irx_pilot_H02_e01,78,13,0.16666666666666666,2,11,0,13,0,-0.03325976662348428,-0.05524665205989869
20260418_irx_pilot,20260418_irx_pilot_H02_e02,78,5,0.0641025641025641,1,5,0,5,0,-0.014630875766492026,-0.034578691756652506
20260418_irx_pilot,20260418_irx_pilot_H02_e03,78,0,0.0,0,0,0,0,0,,
20260418_irx_pilot,20260418_irx_pilot_H03_e01,78,0,0.0,0,0,0,0,0,,
20260418_irx_pilot,20260418_irx_pilot_H03_e02,78,16,0.20512820512820512,4,6,0,16,0,-0.014509477633680804,-0.04240197402018162
20260418_irx_pilot,20260418_irx_pilot_H03_e03,78,58,0.7435897435897436,4,36,0,58,0,-0.03847229708310636,-0.11241092463748659
20260418_irx_pilot,20260418_irx_pilot_H03_e04,78,0,0.0,0,0,0,0,0,,
20260418_irx_pilot,20260418_irx_pilot_H04_e01,78,49,0.6282051282051282,6,16,0,49,0,-0.025325405791265677,-0.09782474475458129
20260418_irx_pilot,20260418_irx_pilot_H04_e02,78,0,0.0,0,0,0,0,0,,
20260418_irx_pilot,20260418_irx_pilot_H04_e03,78,19,0.24358974358974358,5,8,1,18,0,-0.012761007329449953,-0.03469651227266939
20260418_irx_pilot,20260418_irx_pilot_H04_e04,78,0,0.0,0,0,0,0,0,,
20260418_irx_pilot,20260418_irx_pilot_H04_e05,78,14,0.1794871794871795,2,9,0,14,0,-0.03726292571208596,-0.06344471818081897
20260418_irx_pilot,20260418_irx_pilot_H05_e01,78,78,1.0,1,78,0,78,0,-0.5378173579805342,-0.6989788677210724
20260418_irx_pilot,20260418_irx_pilot_H05_e02,78,70,0.8974358974358975,4,51,0,70,0,-0.6416071407693487,-0.7005639514875931
20260418_irx_pilot,20260418_irx_pilot_H05_e03,78,75,0.9615384615384616,2,73,0,75,0,-0.6255159982502634,-0.7421516394483715
20260418_irx_pilot,20260418_irx_pilot_H05_e04,78,51,0.6538461538461539,3,48,1,50,1,-0.6707032269983181,-0.7002319103638677
20260418_irx_pilot,20260418_irx_pilot_H06_e01,78,78,1.0,1,78,0,78,0,-0.4402749893963143,-0.6239977333718423
20260418_irx_pilot,20260418_irx_pilot_H07_e01,78,46,0.5897435897435898,2,45,1,45,0,-0.6589351401516441,-0.7283759919738875
20260418_irx_pilot,20260418_irx_pilot_H07_e02,78,72,0.9230769230769231,3,41,0,72,0,-0.5571335623296416,-0.7268657990148595
20260418_irx_pilot,20260418_irx_pilot_H07_e03,78,78,1.0,1,78,0,78,0,-0.368706184585779,-0.7957626275418833
20260418_irx_pilot,20260418_irx_pilot_H07_e04,78,77,0.9871794871794872,2,45,0,77,0,-0.58587547215701,-0.7510490335986029
20260418_irx_pilot,20260418_irx_pilot_H08_e01,78,71,0.9102564102564102,4,54,0,71,0,-0.5354136697280549,-0.6440721609373814
20260418_irx_pilot,20260418_irx_pilot_H09_e01,78,71,0.9102564102564102,1,71,0,71,0,-0.16605328635817165,-0.6829129181854477
20260418_irx_pilot,20260418_irx_pilot_H09_e02,78,48,0.6153846153846154,2,44,0,48,0,-0.7356107486094731,-0.7593961812037932
20260418_irx_pilot,20260418_irx_pilot_H10_e01,78,61,0.782051282051282,2,51,0,61,0,-0.5246876208122848,-0.6192334126304735
20260418_irx_pilot,20260418_irx_pilot_H11_e01,78,77,0.9871794871794872,2,48,0,77,0,-0.4573118137200265,-0.6235910877720363
20260418_irx_pilot,20260418_irx_pilot_H11_e02,78,78,1.0,1,78,0,78,0,-0.35824811934212897,-0.7232994060111457
20260418_irx_pilot,20260418_irx_pilot_H12_e01,78,78,1.0,1,78,0,78,0,-0.263354177669038,-0.7241473860386932
20260724_hotfish_24hpf_plate01,20260724_hotfish_24hpf_plate01_A01_e01,1,0,0.0,0,0,0,0,0,,
20260724_hotfish_24hpf_plate01,20260724_hotfish_24hpf_plate01_A02_e01,1,0,0.0,0,0,0,0,0,,
20260724_hotfish_24hpf_plate01,20260724_hotfish_24hpf_plate01_A03_e01,1,0,0.0,0,0,0,0,0,,
20260724_hotfish_24hpf_plate01,20260724_hotfish_24hpf_plate01_A04_e01,1,0,0.0,0,0,0,0,0,,
20260724_hotfish_24hpf_plate01,20260724_hotfish_24hpf_plate01_A05_e01,1,0,0.0,0,0,0,0,0,,
20260724_hotfish_24hpf_plate01,20260724_hotfish_24hpf_plate01_A06_e01,1,0,0.0,0,0,0,0,0,,
20260724_hotfish_24hpf_plate01,20260724_hotfish_24hpf_plate01_A07_e01,1,0,0.0,0,0,0,0,0,,
20260724_hotfish_24hpf_plate01,20260724_hotfish_24hpf_plate01_A08_e01,1,0,0.0,0,0,0,0,0,,
20260724_hotfish_24hpf_plate01,20260724_hotfish_24hpf_plate01_A09_e01,1,0,0.0,0,0,0,0,0,,
20260724_hotfish_24hpf_plate01,20260724_hotfish_24hpf_plate01_A10_e01,1,0,0.0,0,0,0,0,0,,
20260724_hotfish_24hpf_plate01,20260724_hotfish_24hpf_plate01_A11_e01,1,0,0.0,0,0,0,0,0,,
20260724_hotfish_24hpf_plate01,20260724_hotfish_24hpf_plate01_A12_e01,1,0,0.0,0,0,0,0,0,,
20260724_hotfish_24hpf_plate01,20260724_hotfish_24hpf_plate01_B01_e01,1,0,0.0,0,0,0,0,0,,
20260724_hotfish_24hpf_plate01,20260724_hotfish_24hpf_plate01_B02_e01,1,0,0.0,0,0,0,0,0,,
20260724_hotfish_24hpf_plate01,20260724_hotfish_24hpf_plate01_B03_e01,1,0,0.0,0,0,0,0,0,,
20260724_hotfish_24hpf_plate01,20260724_hotfish_24hpf_plate01_B04_e01,1,0,0.0,0,0,0,0,0,,
20260724_hotfish_24hpf_plate01,20260724_hotfish_24hpf_plate01_B05_e01,1,0,0.0,0,0,0,0,0,,
20260724_hotfish_24hpf_plate01,20260724_hotfish_24hpf_plate01_B06_e01,1,0,0.0,0,0,0,0,0,,
20260724_hotfish_24hpf_plate01,20260724_hotfish_24hpf_plate01_B07_e01,1,0,0.0,0,0,0,0,0,,
20260724_hotfish_24hpf_plate01,20260724_hotfish_24hpf_plate01_B08_e01,1,0,0.0,0,0,0,0,0,,
20260724_hotfish_24hpf_plate01,20260724_hotfish_24hpf_plate01_B09_e01,1,0,0.0,0,0,0,0,0,,
20260724_hotfish_24hpf_plate01,20260724_hotfish_24hpf_plate01_B10_e01,1,0,0.0,0,0,0,0,0,,
20260724_hotfish_24hpf_plate01,20260724_hotfish_24hpf_plate01_B11_e01,1,0,0.0,0,0,0,0,0,,
20260724_hotfish_24hpf_plate01,20260724_hotfish_24hpf_plate01_B12_e01,1,0,0.0,0,0,0,0,0,,
20260724_hotfish_24hpf_plate01,20260724_hotfish_24hpf_plate01_C01_e01,1,0,0.0,0,0,0,0,0,,
20260724_hotfish_24hpf_plate01,20260724_hotfish_24hpf_plate01_C02_e01,1,0,0.0,0,0,0,0,0,,
20260724_hotfish_24hpf_plate01,20260724_hotfish_24hpf_plate01_C03_e01,1,0,0.0,0,0,0,0,0,,
20260724_hotfish_24hpf_plate01,20260724_hotfish_24hpf_plate01_C04_e01,1,0,0.0,0,0,0,0,0,,
20260724_hotfish_24hpf_plate01,20260724_hotfish_24hpf_plate01_C05_e01,1,0,0.0,0,0,0,0,0,,
20260724_hotfish_24hpf_plate01,20260724_hotfish_24hpf_plate01_C06_e01,1,0,0.0,0,0,0,0,0,,
20260724_hotfish_24hpf_plate01,20260724_hotfish_24hpf_plate01_C07_e01,1,0,0.0,0,0,0,0,0,,
20260724_hotfish_24hpf_plate01,20260724_hotfish_24hpf_plate01_C08_e01,1,0,0.0,0,0,0,0,0,,
20260724_hotfish_24hpf_plate01,20260724_hotfish_24hpf_plate01_C09_e01,1,0,0.0,0,0,0,0,0,,
20260724_hotfish_24hpf_plate01,20260724_hotfish_24hpf_plate01_C10_e01,1,0,0.0,0,0,0,0,0,,
20260724_hotfish_24hpf_plate01,20260724_hotfish_24hpf_plate01_C11_e01,1,0,0.0,0,0,0,0,0,,
20260724_hotfish_24hpf_plate01,20260724_hotfish_24hpf_plate01_C12_e01,1,0,0.0,0,0,0,0,0,,
20260724_hotfish_24hpf_plate01,20260724_hotfish_24hpf_plate01_D01_e01,1,0,0.0,0,0,0,0,0,,
20260724_hotfish_24hpf_plate01,20260724_hotfish_24hpf_plate01_D02_e01,1,0,0.0,0,0,0,0,0,,
20260724_hotfish_24hpf_plate01,20260724_hotfish_24hpf_plate01_D03_e01,1,0,0.0,0,0,0,0,0,,
20260724_hotfish_24hpf_plate01,20260724_hotfish_24hpf_plate01_D04_e01,1,0,0.0,0,0,0,0,0,,
20260724_hotfish_24hpf_plate01,20260724_hotfish_24hpf_plate01_D05_e01,1,0,0.0,0,0,0,0,0,,
20260724_hotfish_24hpf_plate01,20260724_hotfish_24hpf_plate01_D06_e01,1,0,0.0,0,0,0,0,0,,
20260724_hotfish_24hpf_plate01,20260724_hotfish_24hpf_plate01_D07_e01,1,0,0.0,0,0,0,0,0,,
20260724_hotfish_24hpf_plate01,20260724_hotfish_24hpf_plate01_D08_e01,1,0,0.0,0,0,0,0,0,,
20260724_hotfish_24hpf_plate01,20260724_hotfish_24hpf_plate01_D09_e01,1,0,0.0,0,0,0,0,0,,
20260724_hotfish_24hpf_plate01,20260724_hotfish_24hpf_plate01_D10_e01,1,0,0.0,0,0,0,0,0,,
20260724_hotfish_24hpf_plate01,20260724_hotfish_24hpf_plate01_D11_e01,1,0,0.0,0,0,0,0,0,,
20260724_hotfish_24hpf_plate01,20260724_hotfish_24hpf_plate01_D12_e01,1,0,0.0,0,0,0,0,0,,
20260724_hotfish_24hpf_plate01,20260724_hotfish_24hpf_plate01_E01_e01,1,0,0.0,0,0,0,0,0,,
20260724_hotfish_24hpf_plate01,20260724_hotfish_24hpf_plate01_E01_e02,1,0,0.0,0,0,0,0,0,,
20260724_hotfish_24hpf_plate01,20260724_hotfish_24hpf_plate01_E02_e01,1,0,0.0,0,0,0,0,0,,
20260724_hotfish_24hpf_plate01,20260724_hotfish_24hpf_plate01_E03_e01,1,0,0.0,0,0,0,0,0,,
20260724_hotfish_24hpf_plate01,20260724_hotfish_24hpf_plate01_E04_e01,1,0,0.0,0,0,0,0,0,,
20260724_hotfish_24hpf_plate01,20260724_hotfish_24hpf_plate01_E05_e01,1,0,0.0,0,0,0,0,0,,
20260724_hotfish_24hpf_plate01,20260724_hotfish_24hpf_plate01_E06_e01,1,0,0.0,0,0,0,0,0,,
20260724_hotfish_24hpf_plate01,20260724_hotfish_24hpf_plate01_E07_e01,1,0,0.0,0,0,0,0,0,,
20260724_hotfish_24hpf_plate01,20260724_hotfish_24hpf_plate01_E08_e01,1,0,0.0,0,0,0,0,0,,
20260724_hotfish_24hpf_plate01,20260724_hotfish_24hpf_plate01_E09_e01,1,0,0.0,0,0,0,0,0,,
20260724_hotfish_24hpf_plate01,20260724_hotfish_24hpf_plate01_E10_e01,1,0,0.0,0,0,0,0,0,,
20260724_hotfish_24hpf_plate01,20260724_hotfish_24hpf_plate01_E11_e01,1,0,0.0,0,0,0,0,0,,
20260724_hotfish_24hpf_plate01,20260724_hotfish_24hpf_plate01_E11_e02,1,0,0.0,0,0,0,0,0,,
20260724_hotfish_24hpf_plate01,20260724_hotfish_24hpf_plate01_E12_e01,1,0,0.0,0,0,0,0,0,,
20260724_hotfish_24hpf_plate01,20260724_hotfish_24hpf_plate01_F01_e01,1,0,0.0,0,0,0,0,0,,
20260724_hotfish_24hpf_plate01,20260724_hotfish_24hpf_plate01_F02_e01,1,0,0.0,0,0,0,0,0,,
20260724_hotfish_24hpf_plate01,20260724_hotfish_24hpf_plate01_F02_e02,1,0,0.0,0,0,0,0,0,,
20260724_hotfish_24hpf_plate01,20260724_hotfish_24hpf_plate01_F03_e01,1,0,0.0,0,0,0,0,0,,
20260724_hotfish_24hpf_plate01,20260724_hotfish_24hpf_plate01_F04_e01,1,0,0.0,0,0,0,0,0,,
20260724_hotfish_24hpf_plate01,20260724_hotfish_24hpf_plate01_F05_e01,1,0,0.0,0,0,0,0,0,,
20260724_hotfish_24hpf_plate01,20260724_hotfish_24hpf_plate01_F06_e01,1,0,0.0,0,0,0,0,0,,
20260724_hotfish_24hpf_plate01,20260724_hotfish_24hpf_plate01_F07_e01,1,0,0.0,0,0,0,0,0,,
20260724_hotfish_24hpf_plate01,20260724_hotfish_24hpf_plate01_F08_e01,1,0,0.0,0,0,0,0,0,,
20260724_hotfish_24hpf_plate01,20260724_hotfish_24hpf_plate01_F09_e01,1,0,0.0,0,0,0,0,0,,
20260724_hotfish_24hpf_plate01,20260724_hotfish_24hpf_plate01_F10_e01,1,0,0.0,0,0,0,0,0,,
20260724_hotfish_24hpf_plate01,20260724_hotfish_24hpf_plate01_F11_e01,1,0,0.0,0,0,0,0,0,,
20260724_hotfish_24hpf_plate01,20260724_hotfish_24hpf_plate01_F12_e01,1,0,0.0,0,0,0,0,0,,
20260724_hotfish_24hpf_plate01,20260724_hotfish_24hpf_plate01_G01_e01,1,0,0.0,0,0,0,0,0,,
20260724_hotfish_24hpf_plate01,20260724_hotfish_24hpf_plate01_G02_e01,1,0,0.0,0,0,0,0,0,,
20260724_hotfish_24hpf_plate01,20260724_hotfish_24hpf_plate01_G03_e01,1,0,0.0,0,0,0,0,0,,
20260724_hotfish_24hpf_plate01,20260724_hotfish_24hpf_plate01_G04_e01,1,0,0.0,0,0,0,0,0,,
20260724_hotfish_24hpf_plate01,20260724_hotfish_24hpf_plate01_G05_e01,1,0,0.0,0,0,0,0,0,,
20260724_hotfish_24hpf_plate01,20260724_hotfish_24hpf_plate01_G06_e01,1,0,0.0,0,0,0,0,0,,
20260724_hotfish_24hpf_plate01,20260724_hotfish_24hpf_plate01_G07_e01,1,0,0.0,0,0,0,0,0,,
20260724_hotfish_24hpf_plate01,20260724_hotfish_24hpf_plate01_G08_e01,1,0,0.0,0,0,0,0,0,,
20260724_hotfish_24hpf_plate01,20260724_hotfish_24hpf_plate01_G09_e01,1,0,0.0,0,0,0,0,0,,
20260724_hotfish_24hpf_plate01,20260724_hotfish_24hpf_plate01_G10_e01,1,0,0.0,0,0,0,0,0,,
20260724_hotfish_24hpf_plate01,20260724_hotfish_24hpf_plate01_G11_e01,1,0,0.0,0,0,0,0,0,,
20260724_hotfish_24hpf_plate01,20260724_hotfish_24hpf_plate01_G12_e01,1,0,0.0,0,0,0,0,0,,
20260724_hotfish_24hpf_plate01,20260724_hotfish_24hpf_plate01_H01_e01,1,0,0.0,0,0,0,0,0,,
20260724_hotfish_24hpf_plate01,20260724_hotfish_24hpf_plate01_H02_e01,1,0,0.0,0,0,0,0,0,,
20260724_hotfish_24hpf_plate01,20260724_hotfish_24hpf_plate01_H02_e02,1,0,0.0,0,0,0,0,0,,
20260724_hotfish_24hpf_plate01,20260724_hotfish_24hpf_plate01_H03_e01,1,0,0.0,0,0,0,0,0,,
20260724_hotfish_24hpf_plate01,20260724_hotfish_24hpf_plate01_H04_e01,1,0,0.0,0,0,0,0,0,,
20260724_hotfish_24hpf_plate01,20260724_hotfish_24hpf_plate01_H05_e01,1,0,0.0,0,0,0,0,0,,
20260724_hotfish_24hpf_plate01,20260724_hotfish_24hpf_plate01_H06_e01,1,0,0.0,0,0,0,0,0,,
20260724_hotfish_24hpf_plate01,20260724_hotfish_24hpf_plate01_H07_e01,1,0,0.0,0,0,0,0,0,,
20260724_hotfish_24hpf_plate01,20260724_hotfish_24hpf_plate01_H07_e02,1,0,0.0,0,0,0,0,0,,
20260724_hotfish_24hpf_plate01,20260724_hotfish_24hpf_plate01_H08_e01,1,0,0.0,0,0,0,0,0,,
20260724_hotfish_24hpf_plate01,20260724_hotfish_24hpf_plate01_H08_e02,1,0,0.0,0,0,0,0,0,,
20260724_hotfish_24hpf_plate01,20260724_hotfish_24hpf_plate01_H09_e01,1,0,0.0,0,0,0,0,0,,
20260724_hotfish_24hpf_plate01,20260724_hotfish_24hpf_plate01_H10_e01,1,0,0.0,0,0,0,0,0,,
20260724_hotfish_24hpf_plate01,20260724_hotfish_24hpf_plate01_H11_e01,1,0,0.0,0,0,0,0,0,,
20260724_hotfish_24hpf_plate01,20260724_hotfish_24hpf_plate01_H12_e01,1,0,0.0,0,0,0,0,0,,
20260724_hotfish_30hpf_plate01,20260724_hotfish_30hpf_plate01_A01_e01,1,0,0.0,0,0,0,0,0,,
20260724_hotfish_30hpf_plate01,20260724_hotfish_30hpf_plate01_A02_e01,1,0,0.0,0,0,0,0,0,,
20260724_hotfish_30hpf_plate01,20260724_hotfish_30hpf_plate01_A03_e01,1,0,0.0,0,0,0,0,0,,
20260724_hotfish_30hpf_plate01,20260724_hotfish_30hpf_plate01_A04_e01,1,0,0.0,0,0,0,0,0,,
20260724_hotfish_30hpf_plate01,20260724_hotfish_30hpf_plate01_A05_e01,1,0,0.0,0,0,0,0,0,,
20260724_hotfish_30hpf_plate01,20260724_hotfish_30hpf_plate01_A06_e01,1,0,0.0,0,0,0,0,0,,
20260724_hotfish_30hpf_plate01,20260724_hotfish_30hpf_plate01_A07_e01,1,0,0.0,0,0,0,0,0,,
20260724_hotfish_30hpf_plate01,20260724_hotfish_30hpf_plate01_A08_e01,1,0,0.0,0,0,0,0,0,,
20260724_hotfish_30hpf_plate01,20260724_hotfish_30hpf_plate01_A09_e01,1,0,0.0,0,0,0,0,0,,
20260724_hotfish_30hpf_plate01,20260724_hotfish_30hpf_plate01_A11_e01,1,0,0.0,0,0,0,0,0,,
20260724_hotfish_30hpf_plate01,20260724_hotfish_30hpf_plate01_A12_e01,1,0,0.0,0,0,0,0,0,,
20260724_hotfish_30hpf_plate01,20260724_hotfish_30hpf_plate01_B01_e01,1,0,0.0,0,0,0,0,0,,
20260724_hotfish_30hpf_plate01,20260724_hotfish_30hpf_plate01_B02_e01,1,0,0.0,0,0,0,0,0,,
20260724_hotfish_30hpf_plate01,20260724_hotfish_30hpf_plate01_B03_e01,1,0,0.0,0,0,0,0,0,,
20260724_hotfish_30hpf_plate01,20260724_hotfish_30hpf_plate01_B04_e01,1,0,0.0,0,0,0,0,0,,
20260724_hotfish_30hpf_plate01,20260724_hotfish_30hpf_plate01_B05_e01,1,0,0.0,0,0,0,0,0,,
20260724_hotfish_30hpf_plate01,20260724_hotfish_30hpf_plate01_B06_e01,1,0,0.0,0,0,0,0,0,,
20260724_hotfish_30hpf_plate01,20260724_hotfish_30hpf_plate01_B07_e01,1,0,0.0,0,0,0,0,0,,
20260724_hotfish_30hpf_plate01,20260724_hotfish_30hpf_plate01_B08_e01,1,0,0.0,0,0,0,0,0,,
20260724_hotfish_30hpf_plate01,20260724_hotfish_30hpf_plate01_B09_e01,1,0,0.0,0,0,0,0,0,,
20260724_hotfish_30hpf_plate01,20260724_hotfish_30hpf_plate01_B10_e01,1,0,0.0,0,0,0,0,0,,
20260724_hotfish_30hpf_plate01,20260724_hotfish_30hpf_plate01_B11_e01,1,0,0.0,0,0,0,0,0,,
20260724_hotfish_30hpf_plate01,20260724_hotfish_30hpf_plate01_B12_e01,1,0,0.0,0,0,0,0,0,,
20260724_hotfish_30hpf_plate01,20260724_hotfish_30hpf_plate01_B12_e02,1,0,0.0,0,0,0,0,0,,
20260724_hotfish_30hpf_plate01,20260724_hotfish_30hpf_plate01_C01_e01,1,0,0.0,0,0,0,0,0,,
20260724_hotfish_30hpf_plate01,20260724_hotfish_30hpf_plate01_C02_e01,1,0,0.0,0,0,0,0,0,,
20260724_hotfish_30hpf_plate01,20260724_hotfish_30hpf_plate01_C03_e01,1,0,0.0,0,0,0,0,0,,
20260724_hotfish_30hpf_plate01,20260724_hotfish_30hpf_plate01_C04_e01,1,0,0.0,0,0,0,0,0,,
20260724_hotfish_30hpf_plate01,20260724_hotfish_30hpf_plate01_C05_e01,1,0,0.0,0,0,0,0,0,,
20260724_hotfish_30hpf_plate01,20260724_hotfish_30hpf_plate01_C06_e01,1,0,0.0,0,0,0,0,0,,
20260724_hotfish_30hpf_plate01,20260724_hotfish_30hpf_plate01_C07_e01,1,0,0.0,0,0,0,0,0,,
20260724_hotfish_30hpf_plate01,20260724_hotfish_30hpf_plate01_C08_e01,1,0,0.0,0,0,0,0,0,,
20260724_hotfish_30hpf_plate01,20260724_hotfish_30hpf_plate01_C09_e01,1,0,0.0,0,0,0,0,0,,
20260724_hotfish_30hpf_plate01,20260724_hotfish_30hpf_plate01_C10_e01,1,0,0.0,0,0,0,0,0,,
20260724_hotfish_30hpf_plate01,20260724_hotfish_30hpf_plate01_C11_e01,1,0,0.0,0,0,0,0,0,,
20260724_hotfish_30hpf_plate01,20260724_hotfish_30hpf_plate01_C12_e01,1,0,0.0,0,0,0,0,0,,
20260724_hotfish_30hpf_plate01,20260724_hotfish_30hpf_plate01_D01_e01,1,0,0.0,0,0,0,0,0,,
20260724_hotfish_30hpf_plate01,20260724_hotfish_30hpf_plate01_D02_e01,1,0,0.0,0,0,0,0,0,,
20260724_hotfish_30hpf_plate01,20260724_hotfish_30hpf_plate01_D03_e01,1,0,0.0,0,0,0,0,0,,
20260724_hotfish_30hpf_plate01,20260724_hotfish_30hpf_plate01_D04_e01,1,0,0.0,0,0,0,0,0,,
20260724_hotfish_30hpf_plate01,20260724_hotfish_30hpf_plate01_D05_e01,1,0,0.0,0,0,0,0,0,,
20260724_hotfish_30hpf_plate01,20260724_hotfish_30hpf_plate01_D06_e01,1,0,0.0,0,0,0,0,0,,
20260724_hotfish_30hpf_plate01,20260724_hotfish_30hpf_plate01_D07_e01,1,0,0.0,0,0,0,0,0,,
20260724_hotfish_30hpf_plate01,20260724_hotfish_30hpf_plate01_D08_e01,1,0,0.0,0,0,0,0,0,,
20260724_hotfish_30hpf_plate01,20260724_hotfish_30hpf_plate01_D09_e01,1,0,0.0,0,0,0,0,0,,
20260724_hotfish_30hpf_plate01,20260724_hotfish_30hpf_plate01_D10_e01,1,0,0.0,0,0,0,0,0,,
20260724_hotfish_30hpf_plate01,20260724_hotfish_30hpf_plate01_D11_e01,1,0,0.0,0,0,0,0,0,,
20260724_hotfish_30hpf_plate01,20260724_hotfish_30hpf_plate01_D12_e01,1,0,0.0,0,0,0,0,0,,
20260724_hotfish_30hpf_plate01,20260724_hotfish_30hpf_plate01_E01_e01,1,0,0.0,0,0,0,0,0,,
20260724_hotfish_30hpf_plate01,20260724_hotfish_30hpf_plate01_E02_e01,1,0,0.0,0,0,0,0,0,,
20260724_hotfish_30hpf_plate01,20260724_hotfish_30hpf_plate01_E03_e01,1,0,0.0,0,0,0,0,0,,
20260724_hotfish_30hpf_plate01,20260724_hotfish_30hpf_plate01_E04_e01,1,0,0.0,0,0,0,0,0,,
20260724_hotfish_30hpf_plate01,20260724_hotfish_30hpf_plate01_E05_e01,1,0,0.0,0,0,0,0,0,,
20260724_hotfish_30hpf_plate01,20260724_hotfish_30hpf_plate01_E06_e01,1,0,0.0,0,0,0,0,0,,
20260724_hotfish_30hpf_plate01,20260724_hotfish_30hpf_plate01_E07_e01,1,0,0.0,0,0,0,0,0,,
20260724_hotfish_30hpf_plate01,20260724_hotfish_30hpf_plate01_E08_e01,1,0,0.0,0,0,0,0,0,,
20260724_hotfish_30hpf_plate01,20260724_hotfish_30hpf_plate01_E09_e01,1,0,0.0,0,0,0,0,0,,
20260724_hotfish_30hpf_plate01,20260724_hotfish_30hpf_plate01_E10_e01,1,0,0.0,0,0,0,0,0,,
20260724_hotfish_30hpf_plate01,20260724_hotfish_30hpf_plate01_E11_e01,1,0,0.0,0,0,0,0,0,,
20260724_hotfish_30hpf_plate01,20260724_hotfish_30hpf_plate01_E12_e01,1,0,0.0,0,0,0,0,0,,
20260724_hotfish_30hpf_plate01,20260724_hotfish_30hpf_plate01_F01_e01,1,0,0.0,0,0,0,0,0,,
20260724_hotfish_30hpf_plate01,20260724_hotfish_30hpf_plate01_F02_e01,1,0,0.0,0,0,0,0,0,,
20260724_hotfish_30hpf_plate01,20260724_hotfish_30hpf_plate01_F03_e01,1,0,0.0,0,0,0,0,0,,
20260724_hotfish_30hpf_plate01,20260724_hotfish_30hpf_plate01_F04_e01,1,0,0.0,0,0,0,0,0,,
20260724_hotfish_30hpf_plate01,20260724_hotfish_30hpf_plate01_F05_e01,1,0,0.0,0,0,0,0,0,,
20260724_hotfish_30hpf_plate01,20260724_hotfish_30hpf_plate01_F06_e01,1,0,0.0,0,0,0,0,0,,
20260724_hotfish_30hpf_plate01,20260724_hotfish_30hpf_plate01_F07_e01,1,0,0.0,0,0,0,0,0,,
20260724_hotfish_30hpf_plate01,20260724_hotfish_30hpf_plate01_F08_e01,1,0,0.0,0,0,0,0,0,,
20260724_hotfish_30hpf_plate01,20260724_hotfish_30hpf_plate01_F09_e01,1,0,0.0,0,0,0,0,0,,
20260724_hotfish_30hpf_plate01,20260724_hotfish_30hpf_plate01_F10_e01,1,0,0.0,0,0,0,0,0,,
20260724_hotfish_30hpf_plate01,20260724_hotfish_30hpf_plate01_F11_e01,1,0,0.0,0,0,0,0,0,,
20260724_hotfish_30hpf_plate01,20260724_hotfish_30hpf_plate01_F12_e01,1,0,0.0,0,0,0,0,0,,
20260724_hotfish_30hpf_plate01,20260724_hotfish_30hpf_plate01_G01_e01,1,0,0.0,0,0,0,0,0,,
20260724_hotfish_30hpf_plate01,20260724_hotfish_30hpf_plate01_G02_e01,1,0,0.0,0,0,0,0,0,,
20260724_hotfish_30hpf_plate01,20260724_hotfish_30hpf_plate01_G03_e01,1,0,0.0,0,0,0,0,0,,
20260724_hotfish_30hpf_plate01,20260724_hotfish_30hpf_plate01_G04_e01,1,0,0.0,0,0,0,0,0,,
20260724_hotfish_30hpf_plate01,20260724_hotfish_30hpf_plate01_G05_e01,1,0,0.0,0,0,0,0,0,,
20260724_hotfish_30hpf_plate01,20260724_hotfish_30hpf_plate01_G06_e01,1,0,0.0,0,0,0,0,0,,
20260724_hotfish_30hpf_plate01,20260724_hotfish_30hpf_plate01_G07_e01,1,0,0.0,0,0,0,0,0,,
20260724_hotfish_30hpf_plate01,20260724_hotfish_30hpf_plate01_G08_e01,1,0,0.0,0,0,0,0,0,,
20260724_hotfish_30hpf_plate01,20260724_hotfish_30hpf_plate01_G09_e01,1,0,0.0,0,0,0,0,0,,
20260724_hotfish_30hpf_plate01,20260724_hotfish_30hpf_plate01_G10_e01,1,0,0.0,0,0,0,0,0,,
20260724_hotfish_30hpf_plate01,20260724_hotfish_30hpf_plate01_G11_e01,1,0,0.0,0,0,0,0,0,,
20260724_hotfish_30hpf_plate01,20260724_hotfish_30hpf_plate01_G12_e01,1,0,0.0,0,0,0,0,0,,
20260724_hotfish_30hpf_plate01,20260724_hotfish_30hpf_plate01_H01_e01,1,0,0.0,0,0,0,0,0,,
20260724_hotfish_30hpf_plate01,20260724_hotfish_30hpf_plate01_H02_e01,1,0,0.0,0,0,0,0,0,,
20260724_hotfish_30hpf_plate01,20260724_hotfish_30hpf_plate01_H03_e01,1,0,0.0,0,0,0,0,0,,
20260724_hotfish_30hpf_plate01,20260724_hotfish_30hpf_plate01_H04_e01,1,0,0.0,0,0,0,0,0,,
20260724_hotfish_30hpf_plate01,20260724_hotfish_30hpf_plate01_H05_e01,1,0,0.0,0,0,0,0,0,,
20260724_hotfish_30hpf_plate01,20260724_hotfish_30hpf_plate01_H05_e02,1,0,0.0,0,0,0,0,0,,
20260724_hotfish_30hpf_plate01,20260724_hotfish_30hpf_plate01_H06_e01,1,0,0.0,0,0,0,0,0,,
20260724_hotfish_30hpf_plate01,20260724_hotfish_30hpf_plate01_H06_e02,1,0,0.0,0,0,0,0,0,,
20260724_hotfish_30hpf_plate01,20260724_hotfish_30hpf_plate01_H07_e01,1,0,0.0,0,0,0,0,0,,
20260724_hotfish_30hpf_plate01,20260724_hotfish_30hpf_plate01_H08_e01,1,0,0.0,0,0,0,0,0,,
20260724_hotfish_30hpf_plate01,20260724_hotfish_30hpf_plate01_H09_e01,1,0,0.0,0,0,0,0,0,,
20260724_hotfish_30hpf_plate01,20260724_hotfish_30hpf_plate01_H10_e01,1,0,0.0,0,0,0,0,0,,
20260724_hotfish_30hpf_plate01,20260724_hotfish_30hpf_plate01_H11_e01,1,0,0.0,0,0,0,0,0,,
20260724_hotfish_30hpf_plate01,20260724_hotfish_30hpf_plate01_H12_e01,1,0,0.0,0,0,0,0,0,,
20260724_hotfish_36hpf_plate01,20260724_hotfish_36hpf_plate01_A01_e01,1,0,0.0,0,0,0,0,0,,
20260724_hotfish_36hpf_plate01,20260724_hotfish_36hpf_plate01_A02_e01,1,0,0.0,0,0,0,0,0,,
20260724_hotfish_36hpf_plate01,20260724_hotfish_36hpf_plate01_A03_e01,1,0,0.0,0,0,0,0,0,,
20260724_hotfish_36hpf_plate01,20260724_hotfish_36hpf_plate01_A04_e01,1,0,0.0,0,0,0,0,0,,
20260724_hotfish_36hpf_plate01,20260724_hotfish_36hpf_plate01_A05_e01,1,0,0.0,0,0,0,0,0,,
20260724_hotfish_36hpf_plate01,20260724_hotfish_36hpf_plate01_A06_e01,1,0,0.0,0,0,0,0,0,,
20260724_hotfish_36hpf_plate01,20260724_hotfish_36hpf_plate01_A07_e01,1,0,0.0,0,0,0,0,0,,
20260724_hotfish_36hpf_plate01,20260724_hotfish_36hpf_plate01_A08_e01,1,0,0.0,0,0,0,0,0,,
20260724_hotfish_36hpf_plate01,20260724_hotfish_36hpf_plate01_A09_e01,1,0,0.0,0,0,0,0,0,,
20260724_hotfish_36hpf_plate01,20260724_hotfish_36hpf_plate01_A10_e01,1,0,0.0,0,0,0,0,0,,
20260724_hotfish_36hpf_plate01,20260724_hotfish_36hpf_plate01_A11_e01,1,0,0.0,0,0,0,0,0,,
20260724_hotfish_36hpf_plate01,20260724_hotfish_36hpf_plate01_A12_e01,1,0,0.0,0,0,0,0,0,,
20260724_hotfish_36hpf_plate01,20260724_hotfish_36hpf_plate01_B01_e01,1,0,0.0,0,0,0,0,0,,
20260724_hotfish_36hpf_plate01,20260724_hotfish_36hpf_plate01_B02_e01,1,0,0.0,0,0,0,0,0,,
20260724_hotfish_36hpf_plate01,20260724_hotfish_36hpf_plate01_B03_e01,1,0,0.0,0,0,0,0,0,,
20260724_hotfish_36hpf_plate01,20260724_hotfish_36hpf_plate01_B04_e01,1,0,0.0,0,0,0,0,0,,
20260724_hotfish_36hpf_plate01,20260724_hotfish_36hpf_plate01_B05_e01,1,0,0.0,0,0,0,0,0,,
20260724_hotfish_36hpf_plate01,20260724_hotfish_36hpf_plate01_B06_e01,1,0,0.0,0,0,0,0,0,,
20260724_hotfish_36hpf_plate01,20260724_hotfish_36hpf_plate01_B07_e01,1,0,0.0,0,0,0,0,0,,
20260724_hotfish_36hpf_plate01,20260724_hotfish_36hpf_plate01_B08_e01,1,0,0.0,0,0,0,0,0,,
20260724_hotfish_36hpf_plate01,20260724_hotfish_36hpf_plate01_B09_e01,1,0,0.0,0,0,0,0,0,,
20260724_hotfish_36hpf_plate01,20260724_hotfish_36hpf_plate01_B10_e01,1,0,0.0,0,0,0,0,0,,
20260724_hotfish_36hpf_plate01,20260724_hotfish_36hpf_plate01_B10_e02,1,0,0.0,0,0,0,0,0,,
20260724_hotfish_36hpf_plate01,20260724_hotfish_36hpf_plate01_B11_e01,1,0,0.0,0,0,0,0,0,,
20260724_hotfish_36hpf_plate01,20260724_hotfish_36hpf_plate01_B12_e01,1,0,0.0,0,0,0,0,0,,
20260724_hotfish_36hpf_plate01,20260724_hotfish_36hpf_plate01_C01_e01,1,0,0.0,0,0,0,0,0,,
20260724_hotfish_36hpf_plate01,20260724_hotfish_36hpf_plate01_C01_e02,1,0,0.0,0,0,0,0,0,,
20260724_hotfish_36hpf_plate01,20260724_hotfish_36hpf_plate01_C02_e01,1,0,0.0,0,0,0,0,0,,
20260724_hotfish_36hpf_plate01,20260724_hotfish_36hpf_plate01_C02_e02,1,0,0.0,0,0,0,0,0,,
20260724_hotfish_36hpf_plate01,20260724_hotfish_36hpf_plate01_C03_e01,1,0,0.0,0,0,0,0,0,,
20260724_hotfish_36hpf_plate01,20260724_hotfish_36hpf_plate01_C04_e01,1,0,0.0,0,0,0,0,0,,
20260724_hotfish_36hpf_plate01,20260724_hotfish_36hpf_plate01_C05_e01,1,0,0.0,0,0,0,0,0,,
20260724_hotfish_36hpf_plate01,20260724_hotfish_36hpf_plate01_C06_e01,1,0,0.0,0,0,0,0,0,,
20260724_hotfish_36hpf_plate01,20260724_hotfish_36hpf_plate01_C07_e01,1,0,0.0,0,0,0,0,0,,
20260724_hotfish_36hpf_plate01,20260724_hotfish_36hpf_plate01_C08_e01,1,0,0.0,0,0,0,0,0,,
20260724_hotfish_36hpf_plate01,20260724_hotfish_36hpf_plate01_C09_e01,1,0,0.0,0,0,0,0,0,,
20260724_hotfish_36hpf_plate01,20260724_hotfish_36hpf_plate01_C10_e01,1,0,0.0,0,0,0,0,0,,
20260724_hotfish_36hpf_plate01,20260724_hotfish_36hpf_plate01_C11_e01,1,0,0.0,0,0,0,0,0,,
20260724_hotfish_36hpf_plate01,20260724_hotfish_36hpf_plate01_C12_e01,1,0,0.0,0,0,0,0,0,,
20260724_hotfish_36hpf_plate01,20260724_hotfish_36hpf_plate01_D01_e01,1,0,0.0,0,0,0,0,0,,
20260724_hotfish_36hpf_plate01,20260724_hotfish_36hpf_plate01_D02_e01,1,0,0.0,0,0,0,0,0,,
20260724_hotfish_36hpf_plate01,20260724_hotfish_36hpf_plate01_D03_e01,1,0,0.0,0,0,0,0,0,,
20260724_hotfish_36hpf_plate01,20260724_hotfish_36hpf_plate01_D04_e01,1,0,0.0,0,0,0,0,0,,
20260724_hotfish_36hpf_plate01,20260724_hotfish_36hpf_plate01_D05_e01,1,0,0.0,0,0,0,0,0,,
20260724_hotfish_36hpf_plate01,20260724_hotfish_36hpf_plate01_D06_e01,1,0,0.0,0,0,0,0,0,,
20260724_hotfish_36hpf_plate01,20260724_hotfish_36hpf_plate01_D07_e01,1,0,0.0,0,0,0,0,0,,
20260724_hotfish_36hpf_plate01,20260724_hotfish_36hpf_plate01_D08_e01,1,0,0.0,0,0,0,0,0,,
20260724_hotfish_36hpf_plate01,20260724_hotfish_36hpf_plate01_D09_e01,1,0,0.0,0,0,0,0,0,,
20260724_hotfish_36hpf_plate01,20260724_hotfish_36hpf_plate01_D10_e01,1,0,0.0,0,0,0,0,0,,
20260724_hotfish_36hpf_plate01,20260724_hotfish_36hpf_plate01_D11_e01,1,0,0.0,0,0,0,0,0,,
20260724_hotfish_36hpf_plate01,20260724_hotfish_36hpf_plate01_D12_e01,1,0,0.0,0,0,0,0,0,,
20260724_hotfish_36hpf_plate01,20260724_hotfish_36hpf_plate01_E01_e01,1,0,0.0,0,0,0,0,0,,
20260724_hotfish_36hpf_plate01,20260724_hotfish_36hpf_plate01_E02_e01,1,0,0.0,0,0,0,0,0,,
20260724_hotfish_36hpf_plate01,20260724_hotfish_36hpf_plate01_E03_e01,1,0,0.0,0,0,0,0,0,,
20260724_hotfish_36hpf_plate01,20260724_hotfish_36hpf_plate01_E04_e01,1,0,0.0,0,0,0,0,0,,
20260724_hotfish_36hpf_plate01,20260724_hotfish_36hpf_plate01_E05_e01,1,0,0.0,0,0,0,0,0,,
20260724_hotfish_36hpf_plate01,20260724_hotfish_36hpf_plate01_E06_e01,1,0,0.0,0,0,0,0,0,,
20260724_hotfish_36hpf_plate01,20260724_hotfish_36hpf_plate01_E07_e01,1,0,0.0,0,0,0,0,0,,
20260724_hotfish_36hpf_plate01,20260724_hotfish_36hpf_plate01_E08_e01,1,0,0.0,0,0,0,0,0,,
20260724_hotfish_36hpf_plate01,20260724_hotfish_36hpf_plate01_E09_e01,1,0,0.0,0,0,0,0,0,,
20260724_hotfish_36hpf_plate01,20260724_hotfish_36hpf_plate01_E10_e01,1,0,0.0,0,0,0,0,0,,
20260724_hotfish_36hpf_plate01,20260724_hotfish_36hpf_plate01_E11_e01,1,0,0.0,0,0,0,0,0,,
20260724_hotfish_36hpf_plate01,20260724_hotfish_36hpf_plate01_E12_e01,1,0,0.0,0,0,0,0,0,,
20260724_hotfish_36hpf_plate01,20260724_hotfish_36hpf_plate01_F01_e01,1,0,0.0,0,0,0,0,0,,
20260724_hotfish_36hpf_plate01,20260724_hotfish_36hpf_plate01_F02_e01,1,0,0.0,0,0,0,0,0,,
20260724_hotfish_36hpf_plate01,20260724_hotfish_36hpf_plate01_F02_e02,1,0,0.0,0,0,0,0,0,,
20260724_hotfish_36hpf_plate01,20260724_hotfish_36hpf_plate01_F03_e01,1,0,0.0,0,0,0,0,0,,
20260724_hotfish_36hpf_plate01,20260724_hotfish_36hpf_plate01_F04_e01,1,0,0.0,0,0,0,0,0,,
20260724_hotfish_36hpf_plate01,20260724_hotfish_36hpf_plate01_F05_e01,1,0,0.0,0,0,0,0,0,,
20260724_hotfish_36hpf_plate01,20260724_hotfish_36hpf_plate01_F06_e01,1,0,0.0,0,0,0,0,0,,
20260724_hotfish_36hpf_plate01,20260724_hotfish_36hpf_plate01_F07_e01,1,0,0.0,0,0,0,0,0,,
20260724_hotfish_36hpf_plate01,20260724_hotfish_36hpf_plate01_F08_e01,1,0,0.0,0,0,0,0,0,,
20260724_hotfish_36hpf_plate01,20260724_hotfish_36hpf_plate01_F09_e01,1,0,0.0,0,0,0,0,0,,
20260724_hotfish_36hpf_plate01,20260724_hotfish_36hpf_plate01_F10_e01,1,0,0.0,0,0,0,0,0,,
20260724_hotfish_36hpf_plate01,20260724_hotfish_36hpf_plate01_F11_e01,1,0,0.0,0,0,0,0,0,,
20260724_hotfish_36hpf_plate01,20260724_hotfish_36hpf_plate01_F12_e01,1,0,0.0,0,0,0,0,0,,
20260724_hotfish_36hpf_plate01,20260724_hotfish_36hpf_plate01_G01_e01,1,0,0.0,0,0,0,0,0,,
20260724_hotfish_36hpf_plate01,20260724_hotfish_36hpf_plate01_G02_e01,1,0,0.0,0,0,0,0,0,,
20260724_hotfish_36hpf_plate01,20260724_hotfish_36hpf_plate01_G03_e01,1,0,0.0,0,0,0,0,0,,
20260724_hotfish_36hpf_plate01,20260724_hotfish_36hpf_plate01_G04_e01,1,0,0.0,0,0,0,0,0,,
20260724_hotfish_36hpf_plate01,20260724_hotfish_36hpf_plate01_G05_e01,1,0,0.0,0,0,0,0,0,,
20260724_hotfish_36hpf_plate01,20260724_hotfish_36hpf_plate01_G06_e01,1,0,0.0,0,0,0,0,0,,
20260724_hotfish_36hpf_plate01,20260724_hotfish_36hpf_plate01_G07_e01,1,0,0.0,0,0,0,0,0,,
20260724_hotfish_36hpf_plate01,20260724_hotfish_36hpf_plate01_G08_e01,1,0,0.0,0,0,0,0,0,,
20260724_hotfish_36hpf_plate01,20260724_hotfish_36hpf_plate01_G09_e01,1,0,0.0,0,0,0,0,0,,
20260724_hotfish_36hpf_plate01,20260724_hotfish_36hpf_plate01_G10_e01,1,0,0.0,0,0,0,0,0,,
20260724_hotfish_36hpf_plate01,20260724_hotfish_36hpf_plate01_G11_e01,1,0,0.0,0,0,0,0,0,,
20260724_hotfish_36hpf_plate01,20260724_hotfish_36hpf_plate01_G12_e01,1,0,0.0,0,0,0,0,0,,
20260724_hotfish_36hpf_plate01,20260724_hotfish_36hpf_plate01_H01_e01,1,0,0.0,0,0,0,0,0,,
20260724_hotfish_36hpf_plate01,20260724_hotfish_36hpf_plate01_H02_e01,1,0,0.0,0,0,0,0,0,,
20260724_hotfish_36hpf_plate01,20260724_hotfish_36hpf_plate01_H02_e02,1,0,0.0,0,0,0,0,0,,
20260724_hotfish_36hpf_plate01,20260724_hotfish_36hpf_plate01_H03_e01,1,0,0.0,0,0,0,0,0,,
20260724_hotfish_36hpf_plate01,20260724_hotfish_36hpf_plate01_H04_e01,1,0,0.0,0,0,0,0,0,,
20260724_hotfish_36hpf_plate01,20260724_hotfish_36hpf_plate01_H05_e01,1,0,0.0,0,0,0,0,0,,
20260724_hotfish_36hpf_plate01,20260724_hotfish_36hpf_plate01_H06_e01,1,0,0.0,0,0,0,0,0,,
20260724_hotfish_36hpf_plate01,20260724_hotfish_36hpf_plate01_H07_e01,1,0,0.0,0,0,0,0,0,,
20260724_hotfish_36hpf_plate01,20260724_hotfish_36hpf_plate01_H08_e01,1,0,0.0,0,0,0,0,0,,
20260724_hotfish_36hpf_plate01,20260724_hotfish_36hpf_plate01_H09_e01,1,0,0.0,0,0,0,0,0,,
20260724_hotfish_36hpf_plate01,20260724_hotfish_36hpf_plate01_H10_e01,1,0,0.0,0,0,0,0,0,,
20260724_hotfish_36hpf_plate01,20260724_hotfish_36hpf_plate01_H11_e01,1,0,0.0,0,0,0,0,0,,
20260724_hotfish_36hpf_plate01,20260724_hotfish_36hpf_plate01_H12_e01,1,0,0.0,0,0,0,0,0,,
