experiment_id,source,authority,used,path,exists,row_count,size_bytes,mtime_ns,sha256,error
,experiment_list,caller_explicit_ordered_authority,True,/net/trapnell/vol1/home/nlammers/projects/data/morphseq/seahub/derived/20260804_prod01/bundle/integration/experiments.txt,True,92.0,2906.0,1.7860361293188782e+18,67e56843cd661e2a787b8edb8b228948f5cc1151cbc1e22c5a971ef4d5cd8677,
,experiment_manifest,caller_declared_bundle_manifest,True,/net/trapnell/vol1/home/nlammers/projects/data/morphseq/seahub/derived/20260804_prod01/bundle/integration/experiment_manifest.csv,True,92.0,74784.0,1.786036129317756e+18,bbdc1d634be90abe167c1d957a719c13cc757a9a4c19cf423847eda41b2f7a17,
,surface_area_reference,packaged_reference_v1,True,/net/trapnell/vol1/home/nlammers/projects/repositories/morphseq-core-d/src/data_pipeline/quality_control/surface_area_qc/references/surface_area_reference_v1.csv,True,259.0,16872.0,1.7878802386163026e+18,3bffedb6a9ef96ec58e7e85b1e37ffb4983b2120d1a7607563a58ae64bb6c960,
20260804_seahub_CHEM13_shard001,frame_inventory,pipeline_paths_py_merged_template,False,/net/trapnell/vol1/home/nlammers/projects/data/morphseq/pipeline/output/acquisition/20260804_seahub_CHEM13_shard001/frame_inventory/20260804_seahub_CHEM13_shard001_frame_inventory.csv,False,,,,,canonical merged artifact absent
20260804_seahub_CHEM13_shard001,plate_metadata,pipeline_paths_py_merged_template,True,/net/trapnell/vol1/home/nlammers/projects/data/morphseq/pipeline/output/acquisition/20260804_seahub_CHEM13_shard001/ingest_metadata/plate_metadata.csv,True,96.0,61536.0,1.7878757652495575e+18,968cf1f56e9f55e375ad0978fb2a93619f650f189ce01e1ea24f88a9d37926f8,
20260804_seahub_CHEM13_shard001,collection_provenance,pipeline_paths_py_merged_template,False,/net/trapnell/vol1/home/nlammers/projects/data/morphseq/pipeline/output/acquisition/20260804_seahub_CHEM13_shard001/ingest_metadata/collection_provenance.json,False,,,,,canonical merged artifact absent
20260804_seahub_CHEM13_shard001,snip_inventory,pipeline_paths_py_merged_template,True,/net/trapnell/vol1/home/nlammers/projects/data/morphseq/pipeline/output/object_extraction/20260804_seahub_CHEM13_shard001/snips/20260804_seahub_CHEM13_shard001_snip_inventory.csv,True,96.0,121005.0,1.7860392584430116e+18,bebfebb31b011590646f400ad33fb6c99d752132ea5f17c35726c04d9b4fd265,
20260804_seahub_CHEM13_shard001,physical_embryo_registry,pipeline_paths_py_merged_template,False,/net/trapnell/vol1/home/nlammers/projects/data/morphseq/pipeline/output/object_extraction/20260804_seahub_CHEM13_shard001/physical_embryo_registry/20260804_seahub_CHEM13_shard001_physical_embryo_registry.csv,False,,,,,canonical merged artifact absent
20260804_seahub_CHEM13_shard001,frame_masks,pipeline_paths_py_merged_template,False,/net/trapnell/vol1/home/nlammers/projects/data/morphseq/pipeline/output/object_extraction/20260804_seahub_CHEM13_shard001/frame_masks/20260804_seahub_CHEM13_shard001_frame_masks.csv,False,,,,,canonical merged artifact absent
20260804_seahub_CHEM13_shard001,mask_geometry,pipeline_paths_py_merged_template,True,/net/trapnell/vol1/home/nlammers/projects/data/morphseq/pipeline/output/feature_extraction/20260804_seahub_CHEM13_shard001/mask_geometry/20260804_seahub_CHEM13_shard001_mask_geometry.csv,True,96.0,34569.0,1.7860393140835005e+18,03a9a9a8f71557a4141cfc3a46f9b87ec0176d7846cc3e52244115f2a2a0e157,
20260804_seahub_CHEM13_shard001,stage_predictions,pipeline_paths_py_merged_template,True,/net/trapnell/vol1/home/nlammers/projects/data/morphseq/pipeline/output/feature_extraction/20260804_seahub_CHEM13_shard001/stage_predictions/20260804_seahub_CHEM13_shard001_stage_predictions.csv,True,96.0,27892.0,1.7860393049474204e+18,3dcc3b74e4043b50f6e1b5c95d40ce3042ce3a0a0d32e6cd8d490c916430142b,
20260804_seahub_CHEM13_shard001,surface_area_qc,pipeline_paths_py_merged_template,False,/net/trapnell/vol1/home/nlammers/projects/data/morphseq/pipeline/output/quality_control/20260804_seahub_CHEM13_shard001/surface_area_qc/20260804_seahub_CHEM13_shard001_surface_area_qc.csv,False,,,,,canonical merged artifact absent
20260804_seahub_CHEM13_shard001,mask_quality_qc,pipeline_paths_py_merged_template,False,/net/trapnell/vol1/home/nlammers/projects/data/morphseq/pipeline/output/quality_control/20260804_seahub_CHEM13_shard001/mask_quality_qc/20260804_seahub_CHEM13_shard001_mask_quality_qc.csv,False,,,,,canonical merged artifact absent
20260804_seahub_CHEM13_shard001,death_detection_qc,pipeline_paths_py_merged_template,False,/net/trapnell/vol1/home/nlammers/projects/data/morphseq/pipeline/output/quality_control/20260804_seahub_CHEM13_shard001/death_detection/20260804_seahub_CHEM13_shard001_death_detection_qc.csv,False,,,,,canonical merged artifact absent
20260804_seahub_CHEM13_shard001,focus_qc,pipeline_paths_py_merged_template,False,/net/trapnell/vol1/home/nlammers/projects/data/morphseq/pipeline/output/quality_control/20260804_seahub_CHEM13_shard001/focus_qc/20260804_seahub_CHEM13_shard001_focus_qc.csv,False,,,,,canonical merged artifact absent
20260804_seahub_CHEM13_shard001,motion_blur_qc,pipeline_paths_py_merged_template,False,/net/trapnell/vol1/home/nlammers/projects/data/morphseq/pipeline/output/quality_control/20260804_seahub_CHEM13_shard001/motion_blur_qc/20260804_seahub_CHEM13_shard001_motion_blur_qc.csv,False,,,,,canonical merged artifact absent
20260804_seahub_CHEM13_shard001,snip_qc,pipeline_paths_py_merged_template,True,/net/trapnell/vol1/home/nlammers/projects/data/morphseq/pipeline/output/quality_control/20260804_seahub_CHEM13_shard001/snip_qc/20260804_seahub_CHEM13_shard001_snip_qc.parquet,True,96.0,16353.0,1.7860403789433044e+18,fe84cf2dd53bbf36628acf363d6ecd671993d807f363fad6652cfbb159b1a403,
20260804_seahub_CHEM13_shard001,declared_bundle_frame_inventory,experiment_manifest.csv,True,/net/trapnell/vol1/home/nlammers/projects/data/morphseq/seahub/derived/20260804_prod01/bundle/experiments/20260804_seahub_CHEM13_shard001/dropin_frame_inventory.csv,True,96.0,54695.0,1.786036114905351e+18,8d4de6680c9b308233c4b62a86061477a84cf71fcb1fd06a2f6ac24494445ab3,
20260804_seahub_CHEM13_shard001,declared_bundle_frame_masks,experiment_manifest.csv,True,/net/trapnell/vol1/home/nlammers/projects/data/morphseq/seahub/derived/20260804_prod01/bundle/experiments/20260804_seahub_CHEM13_shard001/dropin_frame_masks.csv,True,96.0,303396.0,1.78603616604445e+18,4c4a03e21a98b3d2f99de8e42c2ea695ff24dc6051ac83e516cfe259f36ecc32,
20260804_seahub_CHEM13_shard001,declared_bundle_plate_metadata,experiment_manifest.csv,False,/net/trapnell/vol1/home/nlammers/projects/data/morphseq/seahub/derived/20260804_prod01/bundle/experiments/20260804_seahub_CHEM13_shard001/plate_metadata.csv,True,,61536.0,1.786036114964193e+18,968cf1f56e9f55e375ad0978fb2a93619f650f189ce01e1ea24f88a9d37926f8,
20260804_seahub_CHEM13_shard001,declared_runtime_config,experiment_manifest.csv,False,/net/trapnell/vol1/home/nlammers/projects/data/morphseq/seahub/derived/20260804_prod01/bundle/experiments/20260804_seahub_CHEM13_shard001/runtime_config.yaml,True,,1130.0,1.7860361149710354e+18,b3754c75b28e75fa7cf8bdf6c8a4ef8068b30c9726e4ae5462e82c81c6b75321,
20260804_seahub_CHEM13_shard002,frame_inventory,pipeline_paths_py_merged_template,False,/net/trapnell/vol1/home/nlammers/projects/data/morphseq/pipeline/output/acquisition/20260804_seahub_CHEM13_shard002/frame_inventory/20260804_seahub_CHEM13_shard002_frame_inventory.csv,False,,,,,canonical merged artifact absent
20260804_seahub_CHEM13_shard002,plate_metadata,pipeline_paths_py_merged_template,True,/net/trapnell/vol1/home/nlammers/projects/data/morphseq/pipeline/output/acquisition/20260804_seahub_CHEM13_shard002/ingest_metadata/plate_metadata.csv,True,88.0,57616.0,1.7878758012689782e+18,25bcb077ab7586e5ba91b905a9b48d40374f436eb1e47587c818567c007f6ecc,
20260804_seahub_CHEM13_shard002,collection_provenance,pipeline_paths_py_merged_template,False,/net/trapnell/vol1/home/nlammers/projects/data/morphseq/pipeline/output/acquisition/20260804_seahub_CHEM13_shard002/ingest_metadata/collection_provenance.json,False,,,,,canonical merged artifact absent
20260804_seahub_CHEM13_shard002,snip_inventory,pipeline_paths_py_merged_template,True,/net/trapnell/vol1/home/nlammers/projects/data/morphseq/pipeline/output/object_extraction/20260804_seahub_CHEM13_shard002/snips/20260804_seahub_CHEM13_shard002_snip_inventory.csv,True,88.0,110957.0,1.7860392495846835e+18,59555742856709ba63699b338dbe3558b3ee7c4ab80dffdacdc31473771f97af,
20260804_seahub_CHEM13_shard002,physical_embryo_registry,pipeline_paths_py_merged_template,False,/net/trapnell/vol1/home/nlammers/projects/data/morphseq/pipeline/output/object_extraction/20260804_seahub_CHEM13_shard002/physical_embryo_registry/20260804_seahub_CHEM13_shard002_physical_embryo_registry.csv,False,,,,,canonical merged artifact absent
20260804_seahub_CHEM13_shard002,frame_masks,pipeline_paths_py_merged_template,False,/net/trapnell/vol1/home/nlammers/projects/data/morphseq/pipeline/output/object_extraction/20260804_seahub_CHEM13_shard002/frame_masks/20260804_seahub_CHEM13_shard002_frame_masks.csv,False,,,,,canonical merged artifact absent
20260804_seahub_CHEM13_shard002,mask_geometry,pipeline_paths_py_merged_template,True,/net/trapnell/vol1/home/nlammers/projects/data/morphseq/pipeline/output/feature_extraction/20260804_seahub_CHEM13_shard002/mask_geometry/20260804_seahub_CHEM13_shard002_mask_geometry.csv,True,88.0,31727.0,1.7860393119778445e+18,9a371a0ec3f255f4c5ba1876563b224f548146b6e630825fb3f980323b300b8f,
20260804_seahub_CHEM13_shard002,stage_predictions,pipeline_paths_py_merged_template,True,/net/trapnell/vol1/home/nlammers/projects/data/morphseq/pipeline/output/feature_extraction/20260804_seahub_CHEM13_shard002/stage_predictions/20260804_seahub_CHEM13_shard002_stage_predictions.csv,True,88.0,25580.0,1.7860393392823524e+18,21b93001625bf907a5aa468e753ff29e2f25b57b6b296e46a4acdb68ccd5cc19,
20260804_seahub_CHEM13_shard002,surface_area_qc,pipeline_paths_py_merged_template,False,/net/trapnell/vol1/home/nlammers/projects/data/morphseq/pipeline/output/quality_control/20260804_seahub_CHEM13_shard002/surface_area_qc/20260804_seahub_CHEM13_shard002_surface_area_qc.csv,False,,,,,canonical merged artifact absent
20260804_seahub_CHEM13_shard002,mask_quality_qc,pipeline_paths_py_merged_template,False,/net/trapnell/vol1/home/nlammers/projects/data/morphseq/pipeline/output/quality_control/20260804_seahub_CHEM13_shard002/mask_quality_qc/20260804_seahub_CHEM13_shard002_mask_quality_qc.csv,False,,,,,canonical merged artifact absent
20260804_seahub_CHEM13_shard002,death_detection_qc,pipeline_paths_py_merged_template,False,/net/trapnell/vol1/home/nlammers/projects/data/morphseq/pipeline/output/quality_control/20260804_seahub_CHEM13_shard002/death_detection/20260804_seahub_CHEM13_shard002_death_detection_qc.csv,False,,,,,canonical merged artifact absent
20260804_seahub_CHEM13_shard002,focus_qc,pipeline_paths_py_merged_template,False,/net/trapnell/vol1/home/nlammers/projects/data/morphseq/pipeline/output/quality_control/20260804_seahub_CHEM13_shard002/focus_qc/20260804_seahub_CHEM13_shard002_focus_qc.csv,False,,,,,canonical merged artifact absent
20260804_seahub_CHEM13_shard002,motion_blur_qc,pipeline_paths_py_merged_template,False,/net/trapnell/vol1/home/nlammers/projects/data/morphseq/pipeline/output/quality_control/20260804_seahub_CHEM13_shard002/motion_blur_qc/20260804_seahub_CHEM13_shard002_motion_blur_qc.csv,False,,,,,canonical merged artifact absent
20260804_seahub_CHEM13_shard002,snip_qc,pipeline_paths_py_merged_template,True,/net/trapnell/vol1/home/nlammers/projects/data/morphseq/pipeline/output/quality_control/20260804_seahub_CHEM13_shard002/snip_qc/20260804_seahub_CHEM13_shard002_snip_qc.parquet,True,88.0,16156.0,1.7860403229724764e+18,2cbb698285b35c146a14b64cfc783667958f6b1aeea16e733eaadaedbac7472b,
20260804_seahub_CHEM13_shard002,declared_bundle_frame_inventory,experiment_manifest.csv,True,/net/trapnell/vol1/home/nlammers/projects/data/morphseq/seahub/derived/20260804_prod01/bundle/experiments/20260804_seahub_CHEM13_shard002/dropin_frame_inventory.csv,True,88.0,50191.0,1.786036115064618e+18,b892774620af47cff8179f481f6b07549b538c6f4039be264c8a81240abd2b6a,
20260804_seahub_CHEM13_shard002,declared_bundle_frame_masks,experiment_manifest.csv,True,/net/trapnell/vol1/home/nlammers/projects/data/morphseq/seahub/derived/20260804_prod01/bundle/experiments/20260804_seahub_CHEM13_shard002/dropin_frame_masks.csv,True,88.0,292808.0,1.786036165438304e+18,4c0429b71c082ca0973dbe1a6df5d3329a5331b3fdc857b7d9fc2fab9eb95f91,
20260804_seahub_CHEM13_shard002,declared_bundle_plate_metadata,experiment_manifest.csv,False,/net/trapnell/vol1/home/nlammers/projects/data/morphseq/seahub/derived/20260804_prod01/bundle/experiments/20260804_seahub_CHEM13_shard002/plate_metadata.csv,True,,57624.0,1.786036115120317e+18,2a9eb742fe84d1e0efc3257d6116feb803f09d458e54b33aa4f774259f8d4f15,
20260804_seahub_CHEM13_shard002,declared_runtime_config,experiment_manifest.csv,False,/net/trapnell/vol1/home/nlammers/projects/data/morphseq/seahub/derived/20260804_prod01/bundle/experiments/20260804_seahub_CHEM13_shard002/runtime_config.yaml,True,,1130.0,1.786036115126985e+18,cd3b0b46822844ed224a9f8a5d5ac7f10fd71644aea10b3af76d44c915678cd3,
20260804_seahub_CHEM15_shard001,frame_inventory,pipeline_paths_py_merged_template,False,/net/trapnell/vol1/home/nlammers/projects/data/morphseq/pipeline/output/acquisition/20260804_seahub_CHEM15_shard001/frame_inventory/20260804_seahub_CHEM15_shard001_frame_inventory.csv,False,,,,,canonical merged artifact absent
20260804_seahub_CHEM15_shard001,plate_metadata,pipeline_paths_py_merged_template,True,/net/trapnell/vol1/home/nlammers/projects/data/morphseq/pipeline/output/acquisition/20260804_seahub_CHEM15_shard001/ingest_metadata/plate_metadata.csv,True,96.0,62664.0,1.7878758020609925e+18,1557cebbe2a72286ef4ceb7b82e65ec9b3a720f01292710c06ad98680ee4289e,
20260804_seahub_CHEM15_shard001,collection_provenance,pipeline_paths_py_merged_template,False,/net/trapnell/vol1/home/nlammers/projects/data/morphseq/pipeline/output/acquisition/20260804_seahub_CHEM15_shard001/ingest_metadata/collection_provenance.json,False,,,,,canonical merged artifact absent
20260804_seahub_CHEM15_shard001,snip_inventory,pipeline_paths_py_merged_template,True,/net/trapnell/vol1/home/nlammers/projects/data/morphseq/pipeline/output/object_extraction/20260804_seahub_CHEM15_shard001/snips/20260804_seahub_CHEM15_shard001_snip_inventory.csv,True,96.0,120997.0,1.7860389746009428e+18,911112e0d19babfd8c6fde86a6a0a76c224a5923865e4df977c6d45a32496156,
20260804_seahub_CHEM15_shard001,physical_embryo_registry,pipeline_paths_py_merged_template,False,/net/trapnell/vol1/home/nlammers/projects/data/morphseq/pipeline/output/object_extraction/20260804_seahub_CHEM15_shard001/physical_embryo_registry/20260804_seahub_CHEM15_shard001_physical_embryo_registry.csv,False,,,,,canonical merged artifact absent
20260804_seahub_CHEM15_shard001,frame_masks,pipeline_paths_py_merged_template,False,/net/trapnell/vol1/home/nlammers/projects/data/morphseq/pipeline/output/object_extraction/20260804_seahub_CHEM15_shard001/frame_masks/20260804_seahub_CHEM15_shard001_frame_masks.csv,False,,,,,canonical merged artifact absent
20260804_seahub_CHEM15_shard001,mask_geometry,pipeline_paths_py_merged_template,True,/net/trapnell/vol1/home/nlammers/projects/data/morphseq/pipeline/output/feature_extraction/20260804_seahub_CHEM15_shard001/mask_geometry/20260804_seahub_CHEM15_shard001_mask_geometry.csv,True,96.0,34620.0,1.786039025945223e+18,3633e262e5e1858611ea8475f33466c6419fc26dd74030f4e198d08119106d26,
20260804_seahub_CHEM15_shard001,stage_predictions,pipeline_paths_py_merged_template,True,/net/trapnell/vol1/home/nlammers/projects/data/morphseq/pipeline/output/feature_extraction/20260804_seahub_CHEM15_shard001/stage_predictions/20260804_seahub_CHEM15_shard001_stage_predictions.csv,True,96.0,27892.0,1.7860390137571564e+18,812e8d5b096e38d37f29697c73a790ff13ce45f70e7b34b45bb6261fcedd3880,
20260804_seahub_CHEM15_shard001,surface_area_qc,pipeline_paths_py_merged_template,False,/net/trapnell/vol1/home/nlammers/projects/data/morphseq/pipeline/output/quality_control/20260804_seahub_CHEM15_shard001/surface_area_qc/20260804_seahub_CHEM15_shard001_surface_area_qc.csv,False,,,,,canonical merged artifact absent
20260804_seahub_CHEM15_shard001,mask_quality_qc,pipeline_paths_py_merged_template,False,/net/trapnell/vol1/home/nlammers/projects/data/morphseq/pipeline/output/quality_control/20260804_seahub_CHEM15_shard001/mask_quality_qc/20260804_seahub_CHEM15_shard001_mask_quality_qc.csv,False,,,,,canonical merged artifact absent
20260804_seahub_CHEM15_shard001,death_detection_qc,pipeline_paths_py_merged_template,False,/net/trapnell/vol1/home/nlammers/projects/data/morphseq/pipeline/output/quality_control/20260804_seahub_CHEM15_shard001/death_detection/20260804_seahub_CHEM15_shard001_death_detection_qc.csv,False,,,,,canonical merged artifact absent
20260804_seahub_CHEM15_shard001,focus_qc,pipeline_paths_py_merged_template,False,/net/trapnell/vol1/home/nlammers/projects/data/morphseq/pipeline/output/quality_control/20260804_seahub_CHEM15_shard001/focus_qc/20260804_seahub_CHEM15_shard001_focus_qc.csv,False,,,,,canonical merged artifact absent
20260804_seahub_CHEM15_shard001,motion_blur_qc,pipeline_paths_py_merged_template,False,/net/trapnell/vol1/home/nlammers/projects/data/morphseq/pipeline/output/quality_control/20260804_seahub_CHEM15_shard001/motion_blur_qc/20260804_seahub_CHEM15_shard001_motion_blur_qc.csv,False,,,,,canonical merged artifact absent
20260804_seahub_CHEM15_shard001,snip_qc,pipeline_paths_py_merged_template,True,/net/trapnell/vol1/home/nlammers/projects/data/morphseq/pipeline/output/quality_control/20260804_seahub_CHEM15_shard001/snip_qc/20260804_seahub_CHEM15_shard001_snip_qc.parquet,True,96.0,16353.0,1.7860399821379436e+18,19e159cfa512a2d1006541eee8fe946192a96e3d658c681142b94c762717b01b,
20260804_seahub_CHEM15_shard001,declared_bundle_frame_inventory,experiment_manifest.csv,True,/net/trapnell/vol1/home/nlammers/projects/data/morphseq/seahub/derived/20260804_prod01/bundle/experiments/20260804_seahub_CHEM15_shard001/dropin_frame_inventory.csv,True,96.0,54703.0,1.786036115228861e+18,dce200f9433fb2c67e22ab8c13cce59a7cf7a43be994378cf8fc00b4e06cb206,
20260804_seahub_CHEM15_shard001,declared_bundle_frame_masks,experiment_manifest.csv,True,/net/trapnell/vol1/home/nlammers/projects/data/morphseq/seahub/derived/20260804_prod01/bundle/experiments/20260804_seahub_CHEM15_shard001/dropin_frame_masks.csv,True,96.0,263277.0,1.786036165837692e+18,7204184c2552761e5c6ae4510d27345bd1ba452f6a99cd9b2f189e24a5b85799,
20260804_seahub_CHEM15_shard001,declared_bundle_plate_metadata,experiment_manifest.csv,False,/net/trapnell/vol1/home/nlammers/projects/data/morphseq/seahub/derived/20260804_prod01/bundle/experiments/20260804_seahub_CHEM15_shard001/plate_metadata.csv,True,,62600.0,1.786036115287799e+18,a30fc45fd7dfbfc8b3804df184fedef936ab7e5d1be3c7daa94c5b1915bc07d5,
20260804_seahub_CHEM15_shard001,declared_runtime_config,experiment_manifest.csv,False,/net/trapnell/vol1/home/nlammers/projects/data/morphseq/seahub/derived/20260804_prod01/bundle/experiments/20260804_seahub_CHEM15_shard001/runtime_config.yaml,True,,1130.0,1.7860361152946545e+18,434ba43171ff77e9245eb8673c812a1582f18ec972f282ba427212af386bb34f,
20260804_seahub_CHEM15_shard002,frame_inventory,pipeline_paths_py_merged_template,False,/net/trapnell/vol1/home/nlammers/projects/data/morphseq/pipeline/output/acquisition/20260804_seahub_CHEM15_shard002/frame_inventory/20260804_seahub_CHEM15_shard002_frame_inventory.csv,False,,,,,canonical merged artifact absent
20260804_seahub_CHEM15_shard002,plate_metadata,pipeline_paths_py_merged_template,True,/net/trapnell/vol1/home/nlammers/projects/data/morphseq/pipeline/output/acquisition/20260804_seahub_CHEM15_shard002/ingest_metadata/plate_metadata.csv,True,96.0,65392.0,1.7878778554694377e+18,e0e01b31cdefeb9cd41830f95438f9247cbf5f5b8bb0f6d05271a2f8b1130435,
20260804_seahub_CHEM15_shard002,collection_provenance,pipeline_paths_py_merged_template,False,/net/trapnell/vol1/home/nlammers/projects/data/morphseq/pipeline/output/acquisition/20260804_seahub_CHEM15_shard002/ingest_metadata/collection_provenance.json,False,,,,,canonical merged artifact absent
20260804_seahub_CHEM15_shard002,snip_inventory,pipeline_paths_py_merged_template,True,/net/trapnell/vol1/home/nlammers/projects/data/morphseq/pipeline/output/object_extraction/20260804_seahub_CHEM15_shard002/snips/20260804_seahub_CHEM15_shard002_snip_inventory.csv,True,96.0,121013.0,1.7860430294540646e+18,0e202bfd00b228f7fdce1fa9561a1d87e66c7532fe72afdb2bcf208f94f1a13c,
20260804_seahub_CHEM15_shard002,physical_embryo_registry,pipeline_paths_py_merged_template,False,/net/trapnell/vol1/home/nlammers/projects/data/morphseq/pipeline/output/object_extraction/20260804_seahub_CHEM15_shard002/physical_embryo_registry/20260804_seahub_CHEM15_shard002_physical_embryo_registry.csv,False,,,,,canonical merged artifact absent
20260804_seahub_CHEM15_shard002,frame_masks,pipeline_paths_py_merged_template,False,/net/trapnell/vol1/home/nlammers/projects/data/morphseq/pipeline/output/object_extraction/20260804_seahub_CHEM15_shard002/frame_masks/20260804_seahub_CHEM15_shard002_frame_masks.csv,False,,,,,canonical merged artifact absent
20260804_seahub_CHEM15_shard002,mask_geometry,pipeline_paths_py_merged_template,True,/net/trapnell/vol1/home/nlammers/projects/data/morphseq/pipeline/output/feature_extraction/20260804_seahub_CHEM15_shard002/mask_geometry/20260804_seahub_CHEM15_shard002_mask_geometry.csv,True,96.0,34640.0,1.786043052038238e+18,40a8c32ccae4f6e836fa7cb21bd3ba2547927d15cbf500d6bb6350fa8943163e,
20260804_seahub_CHEM15_shard002,stage_predictions,pipeline_paths_py_merged_template,True,/net/trapnell/vol1/home/nlammers/projects/data/morphseq/pipeline/output/feature_extraction/20260804_seahub_CHEM15_shard002/stage_predictions/20260804_seahub_CHEM15_shard002_stage_predictions.csv,True,96.0,27892.0,1.7860430681823616e+18,7f9f0f8c9fbf3b96ea1f724d7bb86c202661670c04a2e24c419ebfc713d20c60,
20260804_seahub_CHEM15_shard002,surface_area_qc,pipeline_paths_py_merged_template,False,/net/trapnell/vol1/home/nlammers/projects/data/morphseq/pipeline/output/quality_control/20260804_seahub_CHEM15_shard002/surface_area_qc/20260804_seahub_CHEM15_shard002_surface_area_qc.csv,False,,,,,canonical merged artifact absent
20260804_seahub_CHEM15_shard002,mask_quality_qc,pipeline_paths_py_merged_template,False,/net/trapnell/vol1/home/nlammers/projects/data/morphseq/pipeline/output/quality_control/20260804_seahub_CHEM15_shard002/mask_quality_qc/20260804_seahub_CHEM15_shard002_mask_quality_qc.csv,False,,,,,canonical merged artifact absent
20260804_seahub_CHEM15_shard002,death_detection_qc,pipeline_paths_py_merged_template,False,/net/trapnell/vol1/home/nlammers/projects/data/morphseq/pipeline/output/quality_control/20260804_seahub_CHEM15_shard002/death_detection/20260804_seahub_CHEM15_shard002_death_detection_qc.csv,False,,,,,canonical merged artifact absent
20260804_seahub_CHEM15_shard002,focus_qc,pipeline_paths_py_merged_template,False,/net/trapnell/vol1/home/nlammers/projects/data/morphseq/pipeline/output/quality_control/20260804_seahub_CHEM15_shard002/focus_qc/20260804_seahub_CHEM15_shard002_focus_qc.csv,False,,,,,canonical merged artifact absent
20260804_seahub_CHEM15_shard002,motion_blur_qc,pipeline_paths_py_merged_template,False,/net/trapnell/vol1/home/nlammers/projects/data/morphseq/pipeline/output/quality_control/20260804_seahub_CHEM15_shard002/motion_blur_qc/20260804_seahub_CHEM15_shard002_motion_blur_qc.csv,False,,,,,canonical merged artifact absent
20260804_seahub_CHEM15_shard002,snip_qc,pipeline_paths_py_merged_template,True,/net/trapnell/vol1/home/nlammers/projects/data/morphseq/pipeline/output/quality_control/20260804_seahub_CHEM15_shard002/snip_qc/20260804_seahub_CHEM15_shard002_snip_qc.parquet,True,96.0,16353.0,1.7860446794542134e+18,a5fbf22b1ea518b2ce321fd3a0af21010f903644a85df1288cd07fa85886e164,
20260804_seahub_CHEM15_shard002,declared_bundle_frame_inventory,experiment_manifest.csv,True,/net/trapnell/vol1/home/nlammers/projects/data/morphseq/seahub/derived/20260804_prod01/bundle/experiments/20260804_seahub_CHEM15_shard002/dropin_frame_inventory.csv,True,96.0,54703.0,1.786036115396729e+18,a6bbf655e54a6bd9bc67ba7cb089095fc0977fc9bb0f1e956fd80883ab6bd17c,
20260804_seahub_CHEM15_shard002,declared_bundle_frame_masks,experiment_manifest.csv,True,/net/trapnell/vol1/home/nlammers/projects/data/morphseq/seahub/derived/20260804_prod01/bundle/experiments/20260804_seahub_CHEM15_shard002/dropin_frame_masks.csv,True,96.0,329120.0,1.78603616620548e+18,917c548b2d854f7b81ca5424c2e35a950032438e56c8642d7c6145aa70e1fa2f,
20260804_seahub_CHEM15_shard002,declared_bundle_plate_metadata,experiment_manifest.csv,False,/net/trapnell/vol1/home/nlammers/projects/data/morphseq/seahub/derived/20260804_prod01/bundle/experiments/20260804_seahub_CHEM15_shard002/plate_metadata.csv,True,,65264.0,1.786036115456241e+18,7fa5f95eab03158f7065c10cab33aeec92a3603e119def76f0ef094710d21e08,
20260804_seahub_CHEM15_shard002,declared_runtime_config,experiment_manifest.csv,False,/net/trapnell/vol1/home/nlammers/projects/data/morphseq/seahub/derived/20260804_prod01/bundle/experiments/20260804_seahub_CHEM15_shard002/runtime_config.yaml,True,,1130.0,1.7860361154630124e+18,d97e6c785841458e0be6e7829b5409ab108468e3f1c7de4fa05f5ed7f02c8fbc,
20260804_seahub_CHEM15_shard003,frame_inventory,pipeline_paths_py_merged_template,False,/net/trapnell/vol1/home/nlammers/projects/data/morphseq/pipeline/output/acquisition/20260804_seahub_CHEM15_shard003/frame_inventory/20260804_seahub_CHEM15_shard003_frame_inventory.csv,False,,,,,canonical merged artifact absent
20260804_seahub_CHEM15_shard003,plate_metadata,pipeline_paths_py_merged_template,True,/net/trapnell/vol1/home/nlammers/projects/data/morphseq/pipeline/output/acquisition/20260804_seahub_CHEM15_shard003/ingest_metadata/plate_metadata.csv,True,96.0,65720.0,1.7878779541353324e+18,f7a816e7de9f5b687367d39315d5aae269ff7c1913f07532bb5632bfd2090eca,
20260804_seahub_CHEM15_shard003,collection_provenance,pipeline_paths_py_merged_template,False,/net/trapnell/vol1/home/nlammers/projects/data/morphseq/pipeline/output/acquisition/20260804_seahub_CHEM15_shard003/ingest_metadata/collection_provenance.json,False,,,,,canonical merged artifact absent
20260804_seahub_CHEM15_shard003,snip_inventory,pipeline_paths_py_merged_template,True,/net/trapnell/vol1/home/nlammers/projects/data/morphseq/pipeline/output/object_extraction/20260804_seahub_CHEM15_shard003/snips/20260804_seahub_CHEM15_shard003_snip_inventory.csv,True,96.0,121005.0,1.7860437383055084e+18,647cd9ed3937a8dc7f7b4d24520c07a4a90ae629d605b5270d668c8778b70eb5,
20260804_seahub_CHEM15_shard003,physical_embryo_registry,pipeline_paths_py_merged_template,False,/net/trapnell/vol1/home/nlammers/projects/data/morphseq/pipeline/output/object_extraction/20260804_seahub_CHEM15_shard003/physical_embryo_registry/20260804_seahub_CHEM15_shard003_physical_embryo_registry.csv,False,,,,,canonical merged artifact absent
20260804_seahub_CHEM15_shard003,frame_masks,pipeline_paths_py_merged_template,False,/net/trapnell/vol1/home/nlammers/projects/data/morphseq/pipeline/output/object_extraction/20260804_seahub_CHEM15_shard003/frame_masks/20260804_seahub_CHEM15_shard003_frame_masks.csv,False,,,,,canonical merged artifact absent
20260804_seahub_CHEM15_shard003,mask_geometry,pipeline_paths_py_merged_template,True,/net/trapnell/vol1/home/nlammers/projects/data/morphseq/pipeline/output/feature_extraction/20260804_seahub_CHEM15_shard003/mask_geometry/20260804_seahub_CHEM15_shard003_mask_geometry.csv,True,96.0,34641.0,1.786043756397617e+18,85dfd25cfa7ac00ba77ae881a0c7ecfca284ef4f0fc14bccc999eec32b8e41e8,
20260804_seahub_CHEM15_shard003,stage_predictions,pipeline_paths_py_merged_template,True,/net/trapnell/vol1/home/nlammers/projects/data/morphseq/pipeline/output/feature_extraction/20260804_seahub_CHEM15_shard003/stage_predictions/20260804_seahub_CHEM15_shard003_stage_predictions.csv,True,96.0,27892.0,1.7860437543816049e+18,dfca59fc7eb00c2c58cbaa6bf7d72989faeb916a335d2f715afe9a95ced9bc7c,
20260804_seahub_CHEM15_shard003,surface_area_qc,pipeline_paths_py_merged_template,False,/net/trapnell/vol1/home/nlammers/projects/data/morphseq/pipeline/output/quality_control/20260804_seahub_CHEM15_shard003/surface_area_qc/20260804_seahub_CHEM15_shard003_surface_area_qc.csv,False,,,,,canonical merged artifact absent
20260804_seahub_CHEM15_shard003,mask_quality_qc,pipeline_paths_py_merged_template,False,/net/trapnell/vol1/home/nlammers/projects/data/morphseq/pipeline/output/quality_control/20260804_seahub_CHEM15_shard003/mask_quality_qc/20260804_seahub_CHEM15_shard003_mask_quality_qc.csv,False,,,,,canonical merged artifact absent
20260804_seahub_CHEM15_shard003,death_detection_qc,pipeline_paths_py_merged_template,False,/net/trapnell/vol1/home/nlammers/projects/data/morphseq/pipeline/output/quality_control/20260804_seahub_CHEM15_shard003/death_detection/20260804_seahub_CHEM15_shard003_death_detection_qc.csv,False,,,,,canonical merged artifact absent
20260804_seahub_CHEM15_shard003,focus_qc,pipeline_paths_py_merged_template,False,/net/trapnell/vol1/home/nlammers/projects/data/morphseq/pipeline/output/quality_control/20260804_seahub_CHEM15_shard003/focus_qc/20260804_seahub_CHEM15_shard003_focus_qc.csv,False,,,,,canonical merged artifact absent
20260804_seahub_CHEM15_shard003,motion_blur_qc,pipeline_paths_py_merged_template,False,/net/trapnell/vol1/home/nlammers/projects/data/morphseq/pipeline/output/quality_control/20260804_seahub_CHEM15_shard003/motion_blur_qc/20260804_seahub_CHEM15_shard003_motion_blur_qc.csv,False,,,,,canonical merged artifact absent
20260804_seahub_CHEM15_shard003,snip_qc,pipeline_paths_py_merged_template,True,/net/trapnell/vol1/home/nlammers/projects/data/morphseq/pipeline/output/quality_control/20260804_seahub_CHEM15_shard003/snip_qc/20260804_seahub_CHEM15_shard003_snip_qc.parquet,True,96.0,16353.0,1.7860453353703882e+18,906222be3eab5983249afef71c8b8489f6af4301f64a5bbfd817bc0ebf22881f,
20260804_seahub_CHEM15_shard003,declared_bundle_frame_inventory,experiment_manifest.csv,True,/net/trapnell/vol1/home/nlammers/projects/data/morphseq/seahub/derived/20260804_prod01/bundle/experiments/20260804_seahub_CHEM15_shard003/dropin_frame_inventory.csv,True,96.0,54711.0,1.786036115563237e+18,d139c1a2932ee1a1eb9f444cf920d60fa72504865df341ce834346b80cc8ca45,
20260804_seahub_CHEM15_shard003,declared_bundle_frame_masks,experiment_manifest.csv,True,/net/trapnell/vol1/home/nlammers/projects/data/morphseq/seahub/derived/20260804_prod01/bundle/experiments/20260804_seahub_CHEM15_shard003/dropin_frame_masks.csv,True,96.0,333360.0,1.786036166151447e+18,ab91e80fa9fa4fcdb3703110083c1640a0b92b941f4accd5a8400721a23357e7,
20260804_seahub_CHEM15_shard003,declared_bundle_plate_metadata,experiment_manifest.csv,False,/net/trapnell/vol1/home/nlammers/projects/data/morphseq/seahub/derived/20260804_prod01/bundle/experiments/20260804_seahub_CHEM15_shard003/plate_metadata.csv,True,,65592.0,1.786036115622544e+18,87e26609244a0fa7390b926644d2d6a5faa46129cf07d6be2d161a5d0467f5b7,
20260804_seahub_CHEM15_shard003,declared_runtime_config,experiment_manifest.csv,False,/net/trapnell/vol1/home/nlammers/projects/data/morphseq/seahub/derived/20260804_prod01/bundle/experiments/20260804_seahub_CHEM15_shard003/runtime_config.yaml,True,,1130.0,1.786036115629351e+18,b21ac1e50c2dd3cd6b4f3f25e2f37fef7316c9179c71456fac90149eb2853eec,
20260804_seahub_CHEM15_shard004,frame_inventory,pipeline_paths_py_merged_template,False,/net/trapnell/vol1/home/nlammers/projects/data/morphseq/pipeline/output/acquisition/20260804_seahub_CHEM15_shard004/frame_inventory/20260804_seahub_CHEM15_shard004_frame_inventory.csv,False,,,,,canonical merged artifact absent
20260804_seahub_CHEM15_shard004,plate_metadata,pipeline_paths_py_merged_template,True,/net/trapnell/vol1/home/nlammers/projects/data/morphseq/pipeline/output/acquisition/20260804_seahub_CHEM15_shard004/ingest_metadata/plate_metadata.csv,True,96.0,63752.0,1.787879267031845e+18,43b2220c7080c4222baf6b5c3d7da9037a391f5869698e5d46eae354fd634184,
20260804_seahub_CHEM15_shard004,collection_provenance,pipeline_paths_py_merged_template,False,/net/trapnell/vol1/home/nlammers/projects/data/morphseq/pipeline/output/acquisition/20260804_seahub_CHEM15_shard004/ingest_metadata/collection_provenance.json,False,,,,,canonical merged artifact absent
20260804_seahub_CHEM15_shard004,snip_inventory,pipeline_paths_py_merged_template,True,/net/trapnell/vol1/home/nlammers/projects/data/morphseq/pipeline/output/object_extraction/20260804_seahub_CHEM15_shard004/snips/20260804_seahub_CHEM15_shard004_snip_inventory.csv,True,96.0,121005.0,1.7860445924327537e+18,f048cdae2eef5f33c66c7cf432b9100c83726a82586822bbfe44565461f69c90,
20260804_seahub_CHEM15_shard004,physical_embryo_registry,pipeline_paths_py_merged_template,False,/net/trapnell/vol1/home/nlammers/projects/data/morphseq/pipeline/output/object_extraction/20260804_seahub_CHEM15_shard004/physical_embryo_registry/20260804_seahub_CHEM15_shard004_physical_embryo_registry.csv,False,,,,,canonical merged artifact absent
20260804_seahub_CHEM15_shard004,frame_masks,pipeline_paths_py_merged_template,False,/net/trapnell/vol1/home/nlammers/projects/data/morphseq/pipeline/output/object_extraction/20260804_seahub_CHEM15_shard004/frame_masks/20260804_seahub_CHEM15_shard004_frame_masks.csv,False,,,,,canonical merged artifact absent
20260804_seahub_CHEM15_shard004,mask_geometry,pipeline_paths_py_merged_template,True,/net/trapnell/vol1/home/nlammers/projects/data/morphseq/pipeline/output/feature_extraction/20260804_seahub_CHEM15_shard004/mask_geometry/20260804_seahub_CHEM15_shard004_mask_geometry.csv,True,96.0,34634.0,1.7860445818485663e+18,9b94d6ced54629546a409cd5d53bbfc7d8b129f1c08979c94ee427d4b77bc87f,
20260804_seahub_CHEM15_shard004,stage_predictions,pipeline_paths_py_merged_template,True,/net/trapnell/vol1/home/nlammers/projects/data/morphseq/pipeline/output/feature_extraction/20260804_seahub_CHEM15_shard004/stage_predictions/20260804_seahub_CHEM15_shard004_stage_predictions.csv,True,96.0,27892.0,1.786044600352894e+18,115f88b2e7f443b7813b725eaaa8b03218dd5bb4b8a807f0359eb80acb29fb6b,
20260804_seahub_CHEM15_shard004,surface_area_qc,pipeline_paths_py_merged_template,False,/net/trapnell/vol1/home/nlammers/projects/data/morphseq/pipeline/output/quality_control/20260804_seahub_CHEM15_shard004/surface_area_qc/20260804_seahub_CHEM15_shard004_surface_area_qc.csv,False,,,,,canonical merged artifact absent
20260804_seahub_CHEM15_shard004,mask_quality_qc,pipeline_paths_py_merged_template,False,/net/trapnell/vol1/home/nlammers/projects/data/morphseq/pipeline/output/quality_control/20260804_seahub_CHEM15_shard004/mask_quality_qc/20260804_seahub_CHEM15_shard004_mask_quality_qc.csv,False,,,,,canonical merged artifact absent
20260804_seahub_CHEM15_shard004,death_detection_qc,pipeline_paths_py_merged_template,False,/net/trapnell/vol1/home/nlammers/projects/data/morphseq/pipeline/output/quality_control/20260804_seahub_CHEM15_shard004/death_detection/20260804_seahub_CHEM15_shard004_death_detection_qc.csv,False,,,,,canonical merged artifact absent
20260804_seahub_CHEM15_shard004,focus_qc,pipeline_paths_py_merged_template,False,/net/trapnell/vol1/home/nlammers/projects/data/morphseq/pipeline/output/quality_control/20260804_seahub_CHEM15_shard004/focus_qc/20260804_seahub_CHEM15_shard004_focus_qc.csv,False,,,,,canonical merged artifact absent
20260804_seahub_CHEM15_shard004,motion_blur_qc,pipeline_paths_py_merged_template,False,/net/trapnell/vol1/home/nlammers/projects/data/morphseq/pipeline/output/quality_control/20260804_seahub_CHEM15_shard004/motion_blur_qc/20260804_seahub_CHEM15_shard004_motion_blur_qc.csv,False,,,,,canonical merged artifact absent
20260804_seahub_CHEM15_shard004,snip_qc,pipeline_paths_py_merged_template,True,/net/trapnell/vol1/home/nlammers/projects/data/morphseq/pipeline/output/quality_control/20260804_seahub_CHEM15_shard004/snip_qc/20260804_seahub_CHEM15_shard004_snip_qc.parquet,True,96.0,16353.0,1.7860463889234742e+18,410b4d0b15c6fbfcba51cfe356b52ddd656b6e6826fe234adda75a859bf75ec3,
20260804_seahub_CHEM15_shard004,declared_bundle_frame_inventory,experiment_manifest.csv,True,/net/trapnell/vol1/home/nlammers/projects/data/morphseq/seahub/derived/20260804_prod01/bundle/experiments/20260804_seahub_CHEM15_shard004/dropin_frame_inventory.csv,True,96.0,54695.0,1.786036115729965e+18,f6fdb90d084f8a49a1e34c31bb398aa4eba0d33c43179d218d6a152f18a67e13,
20260804_seahub_CHEM15_shard004,declared_bundle_frame_masks,experiment_manifest.csv,True,/net/trapnell/vol1/home/nlammers/projects/data/morphseq/seahub/derived/20260804_prod01/bundle/experiments/20260804_seahub_CHEM15_shard004/dropin_frame_masks.csv,True,96.0,343216.0,1.786036166038817e+18,6c38a388ed9aebaf8cf6016eebb87f430d693015786f66f0c2c071b947ad1686,
20260804_seahub_CHEM15_shard004,declared_bundle_plate_metadata,experiment_manifest.csv,False,/net/trapnell/vol1/home/nlammers/projects/data/morphseq/seahub/derived/20260804_prod01/bundle/experiments/20260804_seahub_CHEM15_shard004/plate_metadata.csv,True,,63672.0,1.786036115789235e+18,0934cc9deb788b42804149735d60f922c8a9fb3bc58e600a64e74a8df5d0a2cc,
20260804_seahub_CHEM15_shard004,declared_runtime_config,experiment_manifest.csv,False,/net/trapnell/vol1/home/nlammers/projects/data/morphseq/seahub/derived/20260804_prod01/bundle/experiments/20260804_seahub_CHEM15_shard004/runtime_config.yaml,True,,1130.0,1.7860361157959416e+18,28c140c05c49a10d29fca319243af6723fc499142f01d1bf09b080a4a7cf783e,
20260804_seahub_CHEM15_shard005,frame_inventory,pipeline_paths_py_merged_template,False,/net/trapnell/vol1/home/nlammers/projects/data/morphseq/pipeline/output/acquisition/20260804_seahub_CHEM15_shard005/frame_inventory/20260804_seahub_CHEM15_shard005_frame_inventory.csv,False,,,,,canonical merged artifact absent
20260804_seahub_CHEM15_shard005,plate_metadata,pipeline_paths_py_merged_template,True,/net/trapnell/vol1/home/nlammers/projects/data/morphseq/pipeline/output/acquisition/20260804_seahub_CHEM15_shard005/ingest_metadata/plate_metadata.csv,True,48.0,31800.0,1.787879333015421e+18,690fd1a913bf3da31395d996fc550a632e8176d0f2de3e973e09ec3ab4574173,
20260804_seahub_CHEM15_shard005,collection_provenance,pipeline_paths_py_merged_template,False,/net/trapnell/vol1/home/nlammers/projects/data/morphseq/pipeline/output/acquisition/20260804_seahub_CHEM15_shard005/ingest_metadata/collection_provenance.json,False,,,,,canonical merged artifact absent
20260804_seahub_CHEM15_shard005,snip_inventory,pipeline_paths_py_merged_template,True,/net/trapnell/vol1/home/nlammers/projects/data/morphseq/pipeline/output/object_extraction/20260804_seahub_CHEM15_shard005/snips/20260804_seahub_CHEM15_shard005_snip_inventory.csv,True,48.0,60669.0,1.7860472204825418e+18,05ef4a3508e0fe0a10fed2a042aff05c7ed66139910233d38bf3230a80d5b1d8,
20260804_seahub_CHEM15_shard005,physical_embryo_registry,pipeline_paths_py_merged_template,False,/net/trapnell/vol1/home/nlammers/projects/data/morphseq/pipeline/output/object_extraction/20260804_seahub_CHEM15_shard005/physical_embryo_registry/20260804_seahub_CHEM15_shard005_physical_embryo_registry.csv,False,,,,,canonical merged artifact absent
20260804_seahub_CHEM15_shard005,frame_masks,pipeline_paths_py_merged_template,False,/net/trapnell/vol1/home/nlammers/projects/data/morphseq/pipeline/output/object_extraction/20260804_seahub_CHEM15_shard005/frame_masks/20260804_seahub_CHEM15_shard005_frame_masks.csv,False,,,,,canonical merged artifact absent
20260804_seahub_CHEM15_shard005,mask_geometry,pipeline_paths_py_merged_template,True,/net/trapnell/vol1/home/nlammers/projects/data/morphseq/pipeline/output/feature_extraction/20260804_seahub_CHEM15_shard005/mask_geometry/20260804_seahub_CHEM15_shard005_mask_geometry.csv,True,48.0,17416.0,1.786047249410766e+18,980827b0d648bf99727eb697bda6cbd3376dad8f2c9e9057b57e8ec0946ed0dd,
20260804_seahub_CHEM15_shard005,stage_predictions,pipeline_paths_py_merged_template,True,/net/trapnell/vol1/home/nlammers/projects/data/morphseq/pipeline/output/feature_extraction/20260804_seahub_CHEM15_shard005/stage_predictions/20260804_seahub_CHEM15_shard005_stage_predictions.csv,True,48.0,14020.0,1.7860472359026614e+18,70d0a0d0342ab9cc299345efec54865a829e7cea9db17a45414eb18f82203dc5,
20260804_seahub_CHEM15_shard005,surface_area_qc,pipeline_paths_py_merged_template,False,/net/trapnell/vol1/home/nlammers/projects/data/morphseq/pipeline/output/quality_control/20260804_seahub_CHEM15_shard005/surface_area_qc/20260804_seahub_CHEM15_shard005_surface_area_qc.csv,False,,,,,canonical merged artifact absent
20260804_seahub_CHEM15_shard005,mask_quality_qc,pipeline_paths_py_merged_template,False,/net/trapnell/vol1/home/nlammers/projects/data/morphseq/pipeline/output/quality_control/20260804_seahub_CHEM15_shard005/mask_quality_qc/20260804_seahub_CHEM15_shard005_mask_quality_qc.csv,False,,,,,canonical merged artifact absent
20260804_seahub_CHEM15_shard005,death_detection_qc,pipeline_paths_py_merged_template,False,/net/trapnell/vol1/home/nlammers/projects/data/morphseq/pipeline/output/quality_control/20260804_seahub_CHEM15_shard005/death_detection/20260804_seahub_CHEM15_shard005_death_detection_qc.csv,False,,,,,canonical merged artifact absent
20260804_seahub_CHEM15_shard005,focus_qc,pipeline_paths_py_merged_template,False,/net/trapnell/vol1/home/nlammers/projects/data/morphseq/pipeline/output/quality_control/20260804_seahub_CHEM15_shard005/focus_qc/20260804_seahub_CHEM15_shard005_focus_qc.csv,False,,,,,canonical merged artifact absent
20260804_seahub_CHEM15_shard005,motion_blur_qc,pipeline_paths_py_merged_template,False,/net/trapnell/vol1/home/nlammers/projects/data/morphseq/pipeline/output/quality_control/20260804_seahub_CHEM15_shard005/motion_blur_qc/20260804_seahub_CHEM15_shard005_motion_blur_qc.csv,False,,,,,canonical merged artifact absent
20260804_seahub_CHEM15_shard005,snip_qc,pipeline_paths_py_merged_template,True,/net/trapnell/vol1/home/nlammers/projects/data/morphseq/pipeline/output/quality_control/20260804_seahub_CHEM15_shard005/snip_qc/20260804_seahub_CHEM15_shard005_snip_qc.parquet,True,48.0,15044.0,1.786048478373746e+18,156f82deb05f1f7e6137d61f998092016967dcd058ea4017eb27849f56d74872,
20260804_seahub_CHEM15_shard005,declared_bundle_frame_inventory,experiment_manifest.csv,True,/net/trapnell/vol1/home/nlammers/projects/data/morphseq/seahub/derived/20260804_prod01/bundle/experiments/20260804_seahub_CHEM15_shard005/dropin_frame_inventory.csv,True,48.0,27575.0,1.786036115854682e+18,d776f8b0a53f7fd301bd2a3f904573859bbc0f01839ad87ac8e10be69352299b,
20260804_seahub_CHEM15_shard005,declared_bundle_frame_masks,experiment_manifest.csv,True,/net/trapnell/vol1/home/nlammers/projects/data/morphseq/seahub/derived/20260804_prod01/bundle/experiments/20260804_seahub_CHEM15_shard005/dropin_frame_masks.csv,True,48.0,160513.0,1.786036160967255e+18,cb2815c4833c6b37a1edc07d199969a788abc0c4f2bd76bb0cd19f413b522949,
20260804_seahub_CHEM15_shard005,declared_bundle_plate_metadata,experiment_manifest.csv,False,/net/trapnell/vol1/home/nlammers/projects/data/morphseq/seahub/derived/20260804_prod01/bundle/experiments/20260804_seahub_CHEM15_shard005/plate_metadata.csv,True,,31768.0,1.786036115889135e+18,abd3af4e2a34c2e28e617e845f2cc8005445b25095814b0ae7553338095ef306,
20260804_seahub_CHEM15_shard005,declared_runtime_config,experiment_manifest.csv,False,/net/trapnell/vol1/home/nlammers/projects/data/morphseq/seahub/derived/20260804_prod01/bundle/experiments/20260804_seahub_CHEM15_shard005/runtime_config.yaml,True,,1130.0,1.786036115895941e+18,cd29218ac05e605505e0da5fb7b9745fc45fba1f13fb3dabe824b9b7b0c3ece6,
20260804_seahub_CHEM16_shard001,frame_inventory,pipeline_paths_py_merged_template,False,/net/trapnell/vol1/home/nlammers/projects/data/morphseq/pipeline/output/acquisition/20260804_seahub_CHEM16_shard001/frame_inventory/20260804_seahub_CHEM16_shard001_frame_inventory.csv,False,,,,,canonical merged artifact absent
20260804_seahub_CHEM16_shard001,plate_metadata,pipeline_paths_py_merged_template,True,/net/trapnell/vol1/home/nlammers/projects/data/morphseq/pipeline/output/acquisition/20260804_seahub_CHEM16_shard001/ingest_metadata/plate_metadata.csv,True,96.0,63912.0,1.787880176227684e+18,00c4e5189822dfe90699f97277125d23b479b775ab3bdd15603c057f6527021c,
20260804_seahub_CHEM16_shard001,collection_provenance,pipeline_paths_py_merged_template,False,/net/trapnell/vol1/home/nlammers/projects/data/morphseq/pipeline/output/acquisition/20260804_seahub_CHEM16_shard001/ingest_metadata/collection_provenance.json,False,,,,,canonical merged artifact absent
20260804_seahub_CHEM16_shard001,snip_inventory,pipeline_paths_py_merged_template,True,/net/trapnell/vol1/home/nlammers/projects/data/morphseq/pipeline/output/object_extraction/20260804_seahub_CHEM16_shard001/snips/20260804_seahub_CHEM16_shard001_snip_inventory.csv,True,96.0,121013.0,1.7860496886921004e+18,f2ec84522b6b8f34b5f8cae43a02f07153d652ccca8a7019efc008436f41549b,
20260804_seahub_CHEM16_shard001,physical_embryo_registry,pipeline_paths_py_merged_template,False,/net/trapnell/vol1/home/nlammers/projects/data/morphseq/pipeline/output/object_extraction/20260804_seahub_CHEM16_shard001/physical_embryo_registry/20260804_seahub_CHEM16_shard001_physical_embryo_registry.csv,False,,,,,canonical merged artifact absent
20260804_seahub_CHEM16_shard001,frame_masks,pipeline_paths_py_merged_template,False,/net/trapnell/vol1/home/nlammers/projects/data/morphseq/pipeline/output/object_extraction/20260804_seahub_CHEM16_shard001/frame_masks/20260804_seahub_CHEM16_shard001_frame_masks.csv,False,,,,,canonical merged artifact absent
20260804_seahub_CHEM16_shard001,mask_geometry,pipeline_paths_py_merged_template,True,/net/trapnell/vol1/home/nlammers/projects/data/morphseq/pipeline/output/feature_extraction/20260804_seahub_CHEM16_shard001/mask_geometry/20260804_seahub_CHEM16_shard001_mask_geometry.csv,True,96.0,34598.0,1.786049822961038e+18,761ab4c5906569d93fe82261392bf9b6e07da4b80db6703ab9b7eb7c599e3108,
20260804_seahub_CHEM16_shard001,stage_predictions,pipeline_paths_py_merged_template,True,/net/trapnell/vol1/home/nlammers/projects/data/morphseq/pipeline/output/feature_extraction/20260804_seahub_CHEM16_shard001/stage_predictions/20260804_seahub_CHEM16_shard001_stage_predictions.csv,True,96.0,27892.0,1.7860498506932316e+18,2b187cee8552a40e52a22377e959bf767f704ca316f3bb0f9a74a53aad21b662,
20260804_seahub_CHEM16_shard001,surface_area_qc,pipeline_paths_py_merged_template,False,/net/trapnell/vol1/home/nlammers/projects/data/morphseq/pipeline/output/quality_control/20260804_seahub_CHEM16_shard001/surface_area_qc/20260804_seahub_CHEM16_shard001_surface_area_qc.csv,False,,,,,canonical merged artifact absent
20260804_seahub_CHEM16_shard001,mask_quality_qc,pipeline_paths_py_merged_template,False,/net/trapnell/vol1/home/nlammers/projects/data/morphseq/pipeline/output/quality_control/20260804_seahub_CHEM16_shard001/mask_quality_qc/20260804_seahub_CHEM16_shard001_mask_quality_qc.csv,False,,,,,canonical merged artifact absent
20260804_seahub_CHEM16_shard001,death_detection_qc,pipeline_paths_py_merged_template,False,/net/trapnell/vol1/home/nlammers/projects/data/morphseq/pipeline/output/quality_control/20260804_seahub_CHEM16_shard001/death_detection/20260804_seahub_CHEM16_shard001_death_detection_qc.csv,False,,,,,canonical merged artifact absent
20260804_seahub_CHEM16_shard001,focus_qc,pipeline_paths_py_merged_template,False,/net/trapnell/vol1/home/nlammers/projects/data/morphseq/pipeline/output/quality_control/20260804_seahub_CHEM16_shard001/focus_qc/20260804_seahub_CHEM16_shard001_focus_qc.csv,False,,,,,canonical merged artifact absent
20260804_seahub_CHEM16_shard001,motion_blur_qc,pipeline_paths_py_merged_template,False,/net/trapnell/vol1/home/nlammers/projects/data/morphseq/pipeline/output/quality_control/20260804_seahub_CHEM16_shard001/motion_blur_qc/20260804_seahub_CHEM16_shard001_motion_blur_qc.csv,False,,,,,canonical merged artifact absent
20260804_seahub_CHEM16_shard001,snip_qc,pipeline_paths_py_merged_template,True,/net/trapnell/vol1/home/nlammers/projects/data/morphseq/pipeline/output/quality_control/20260804_seahub_CHEM16_shard001/snip_qc/20260804_seahub_CHEM16_shard001_snip_qc.parquet,True,96.0,16353.0,1.7860515211278833e+18,28436094b684ba8f9606f0f1942d54e0f0c5ecf80d93520c4ba8e64c42807f07,
20260804_seahub_CHEM16_shard001,declared_bundle_frame_inventory,experiment_manifest.csv,True,/net/trapnell/vol1/home/nlammers/projects/data/morphseq/seahub/derived/20260804_prod01/bundle/experiments/20260804_seahub_CHEM16_shard001/dropin_frame_inventory.csv,True,96.0,54703.0,1.786036115996476e+18,c6407697214f5bd10c6ea7283ecd9e37c38732a9a4127fc948c39d8488c8a935,
20260804_seahub_CHEM16_shard001,declared_bundle_frame_masks,experiment_manifest.csv,True,/net/trapnell/vol1/home/nlammers/projects/data/morphseq/seahub/derived/20260804_prod01/bundle/experiments/20260804_seahub_CHEM16_shard001/dropin_frame_masks.csv,True,96.0,251027.0,1.78603616583707e+18,ed2adf9998be1f058ad56870921224f4cf5f6d62a5d7549f8dc82b0e1cc2f5fb,
20260804_seahub_CHEM16_shard001,declared_bundle_plate_metadata,experiment_manifest.csv,False,/net/trapnell/vol1/home/nlammers/projects/data/morphseq/seahub/derived/20260804_prod01/bundle/experiments/20260804_seahub_CHEM16_shard001/plate_metadata.csv,True,,63816.0,1.786036116054458e+18,0a05562655a0b47530545f1f4ab1956a6155384389ab61ae0af8ff01d423d995,
20260804_seahub_CHEM16_shard001,declared_runtime_config,experiment_manifest.csv,False,/net/trapnell/vol1/home/nlammers/projects/data/morphseq/seahub/derived/20260804_prod01/bundle/experiments/20260804_seahub_CHEM16_shard001/runtime_config.yaml,True,,1130.0,1.786036116061195e+18,bb7b3b61859c7b089e7eceeebc3fe115e16280095783ab985f25dcfc4ce63d8c,
20260804_seahub_CHEM16_shard002,frame_inventory,pipeline_paths_py_merged_template,False,/net/trapnell/vol1/home/nlammers/projects/data/morphseq/pipeline/output/acquisition/20260804_seahub_CHEM16_shard002/frame_inventory/20260804_seahub_CHEM16_shard002_frame_inventory.csv,False,,,,,canonical merged artifact absent
20260804_seahub_CHEM16_shard002,plate_metadata,pipeline_paths_py_merged_template,True,/net/trapnell/vol1/home/nlammers/projects/data/morphseq/pipeline/output/acquisition/20260804_seahub_CHEM16_shard002/ingest_metadata/plate_metadata.csv,True,96.0,63840.0,1.7878805282001969e+18,95aa586f6402185a80339ea633ca29b1dfcf1710b898bdba852aa726142e471b,
20260804_seahub_CHEM16_shard002,collection_provenance,pipeline_paths_py_merged_template,False,/net/trapnell/vol1/home/nlammers/projects/data/morphseq/pipeline/output/acquisition/20260804_seahub_CHEM16_shard002/ingest_metadata/collection_provenance.json,False,,,,,canonical merged artifact absent
20260804_seahub_CHEM16_shard002,snip_inventory,pipeline_paths_py_merged_template,True,/net/trapnell/vol1/home/nlammers/projects/data/morphseq/pipeline/output/object_extraction/20260804_seahub_CHEM16_shard002/snips/20260804_seahub_CHEM16_shard002_snip_inventory.csv,True,96.0,121013.0,1.78605077949074e+18,5cf99ad629e78087d623ee3e9517d517565cdca734724b4ea132d6be41248d5d,
20260804_seahub_CHEM16_shard002,physical_embryo_registry,pipeline_paths_py_merged_template,False,/net/trapnell/vol1/home/nlammers/projects/data/morphseq/pipeline/output/object_extraction/20260804_seahub_CHEM16_shard002/physical_embryo_registry/20260804_seahub_CHEM16_shard002_physical_embryo_registry.csv,False,,,,,canonical merged artifact absent
20260804_seahub_CHEM16_shard002,frame_masks,pipeline_paths_py_merged_template,False,/net/trapnell/vol1/home/nlammers/projects/data/morphseq/pipeline/output/object_extraction/20260804_seahub_CHEM16_shard002/frame_masks/20260804_seahub_CHEM16_shard002_frame_masks.csv,False,,,,,canonical merged artifact absent
20260804_seahub_CHEM16_shard002,mask_geometry,pipeline_paths_py_merged_template,True,/net/trapnell/vol1/home/nlammers/projects/data/morphseq/pipeline/output/feature_extraction/20260804_seahub_CHEM16_shard002/mask_geometry/20260804_seahub_CHEM16_shard002_mask_geometry.csv,True,96.0,34657.0,1.7860508594070886e+18,22a8c0c49ecb56b361de3cc46dfcdd76e829d2527e1dac38ce2b2d066ebc678f,
20260804_seahub_CHEM16_shard002,stage_predictions,pipeline_paths_py_merged_template,True,/net/trapnell/vol1/home/nlammers/projects/data/morphseq/pipeline/output/feature_extraction/20260804_seahub_CHEM16_shard002/stage_predictions/20260804_seahub_CHEM16_shard002_stage_predictions.csv,True,96.0,27892.0,1.7860508472790354e+18,1f82c890419d57a971c3d733adf2d9b9d16a8fc6f96efde90ab8f178a1832a43,
20260804_seahub_CHEM16_shard002,surface_area_qc,pipeline_paths_py_merged_template,False,/net/trapnell/vol1/home/nlammers/projects/data/morphseq/pipeline/output/quality_control/20260804_seahub_CHEM16_shard002/surface_area_qc/20260804_seahub_CHEM16_shard002_surface_area_qc.csv,False,,,,,canonical merged artifact absent
20260804_seahub_CHEM16_shard002,mask_quality_qc,pipeline_paths_py_merged_template,False,/net/trapnell/vol1/home/nlammers/projects/data/morphseq/pipeline/output/quality_control/20260804_seahub_CHEM16_shard002/mask_quality_qc/20260804_seahub_CHEM16_shard002_mask_quality_qc.csv,False,,,,,canonical merged artifact absent
20260804_seahub_CHEM16_shard002,death_detection_qc,pipeline_paths_py_merged_template,False,/net/trapnell/vol1/home/nlammers/projects/data/morphseq/pipeline/output/quality_control/20260804_seahub_CHEM16_shard002/death_detection/20260804_seahub_CHEM16_shard002_death_detection_qc.csv,False,,,,,canonical merged artifact absent
20260804_seahub_CHEM16_shard002,focus_qc,pipeline_paths_py_merged_template,False,/net/trapnell/vol1/home/nlammers/projects/data/morphseq/pipeline/output/quality_control/20260804_seahub_CHEM16_shard002/focus_qc/20260804_seahub_CHEM16_shard002_focus_qc.csv,False,,,,,canonical merged artifact absent
20260804_seahub_CHEM16_shard002,motion_blur_qc,pipeline_paths_py_merged_template,False,/net/trapnell/vol1/home/nlammers/projects/data/morphseq/pipeline/output/quality_control/20260804_seahub_CHEM16_shard002/motion_blur_qc/20260804_seahub_CHEM16_shard002_motion_blur_qc.csv,False,,,,,canonical merged artifact absent
20260804_seahub_CHEM16_shard002,snip_qc,pipeline_paths_py_merged_template,True,/net/trapnell/vol1/home/nlammers/projects/data/morphseq/pipeline/output/quality_control/20260804_seahub_CHEM16_shard002/snip_qc/20260804_seahub_CHEM16_shard002_snip_qc.parquet,True,96.0,16353.0,1.786052568059071e+18,83288f464a09ef52ad230144e1b0aa47918c844dfcfebe39032fe7b0c917a5c6,
20260804_seahub_CHEM16_shard002,declared_bundle_frame_inventory,experiment_manifest.csv,True,/net/trapnell/vol1/home/nlammers/projects/data/morphseq/seahub/derived/20260804_prod01/bundle/experiments/20260804_seahub_CHEM16_shard002/dropin_frame_inventory.csv,True,96.0,54703.0,1.786036116162334e+18,c31c0f418d22f1cfaff81638b8c59d3714f6779021c8cad7c889fd64f90dde25,
20260804_seahub_CHEM16_shard002,declared_bundle_frame_masks,experiment_manifest.csv,True,/net/trapnell/vol1/home/nlammers/projects/data/morphseq/seahub/derived/20260804_prod01/bundle/experiments/20260804_seahub_CHEM16_shard002/dropin_frame_masks.csv,True,96.0,277473.0,1.786036182957847e+18,d76093613dc59c40a7857ed813172f8397e787b06c45961d20b04f3ecc2defa3,
20260804_seahub_CHEM16_shard002,declared_bundle_plate_metadata,experiment_manifest.csv,False,/net/trapnell/vol1/home/nlammers/projects/data/morphseq/seahub/derived/20260804_prod01/bundle/experiments/20260804_seahub_CHEM16_shard002/plate_metadata.csv,True,,63840.0,1.786036116221503e+18,95aa586f6402185a80339ea633ca29b1dfcf1710b898bdba852aa726142e471b,
20260804_seahub_CHEM16_shard002,declared_runtime_config,experiment_manifest.csv,False,/net/trapnell/vol1/home/nlammers/projects/data/morphseq/seahub/derived/20260804_prod01/bundle/experiments/20260804_seahub_CHEM16_shard002/runtime_config.yaml,True,,1130.0,1.786036116228364e+18,72623ab9c8044c7f8d7e5cdc0f8cb79235672c6f04945546722e541d221c68ed,
20260804_seahub_CHEM16_shard003,frame_inventory,pipeline_paths_py_merged_template,False,/net/trapnell/vol1/home/nlammers/projects/data/morphseq/pipeline/output/acquisition/20260804_seahub_CHEM16_shard003/frame_inventory/20260804_seahub_CHEM16_shard003_frame_inventory.csv,False,,,,,canonical merged artifact absent
20260804_seahub_CHEM16_shard003,plate_metadata,pipeline_paths_py_merged_template,True,/net/trapnell/vol1/home/nlammers/projects/data/morphseq/pipeline/output/acquisition/20260804_seahub_CHEM16_shard003/ingest_metadata/plate_metadata.csv,True,96.0,66432.0,1.7878815249838894e+18,a7b9662d1c9bc70c9307618a7977c054e7fd3be06e4bc04961bbe8c613ec86f6,
20260804_seahub_CHEM16_shard003,collection_provenance,pipeline_paths_py_merged_template,False,/net/trapnell/vol1/home/nlammers/projects/data/morphseq/pipeline/output/acquisition/20260804_seahub_CHEM16_shard003/ingest_metadata/collection_provenance.json,False,,,,,canonical merged artifact absent
20260804_seahub_CHEM16_shard003,snip_inventory,pipeline_paths_py_merged_template,True,/net/trapnell/vol1/home/nlammers/projects/data/morphseq/pipeline/output/object_extraction/20260804_seahub_CHEM16_shard003/snips/20260804_seahub_CHEM16_shard003_snip_inventory.csv,True,96.0,121013.0,1.7860536431593078e+18,77ef4c497c7d84ec13585f011bd2738ff47bbc0cd3f84564d6efd1514a63bbf0,
20260804_seahub_CHEM16_shard003,physical_embryo_registry,pipeline_paths_py_merged_template,False,/net/trapnell/vol1/home/nlammers/projects/data/morphseq/pipeline/output/object_extraction/20260804_seahub_CHEM16_shard003/physical_embryo_registry/20260804_seahub_CHEM16_shard003_physical_embryo_registry.csv,False,,,,,canonical merged artifact absent
20260804_seahub_CHEM16_shard003,frame_masks,pipeline_paths_py_merged_template,False,/net/trapnell/vol1/home/nlammers/projects/data/morphseq/pipeline/output/object_extraction/20260804_seahub_CHEM16_shard003/frame_masks/20260804_seahub_CHEM16_shard003_frame_masks.csv,False,,,,,canonical merged artifact absent
20260804_seahub_CHEM16_shard003,mask_geometry,pipeline_paths_py_merged_template,True,/net/trapnell/vol1/home/nlammers/projects/data/morphseq/pipeline/output/feature_extraction/20260804_seahub_CHEM16_shard003/mask_geometry/20260804_seahub_CHEM16_shard003_mask_geometry.csv,True,96.0,34625.0,1.7860537572372774e+18,5720452c929ae3a68fc1c16e7a8e76e70660ed0c7ee3713c65d51f5d10557b15,
20260804_seahub_CHEM16_shard003,stage_predictions,pipeline_paths_py_merged_template,True,/net/trapnell/vol1/home/nlammers/projects/data/morphseq/pipeline/output/feature_extraction/20260804_seahub_CHEM16_shard003/stage_predictions/20260804_seahub_CHEM16_shard003_stage_predictions.csv,True,96.0,27892.0,1.78605371568056e+18,4bef25fc6dddfff12e36b96d4a50a35f08b07f328e70f555593889adb1784967,
20260804_seahub_CHEM16_shard003,surface_area_qc,pipeline_paths_py_merged_template,False,/net/trapnell/vol1/home/nlammers/projects/data/morphseq/pipeline/output/quality_control/20260804_seahub_CHEM16_shard003/surface_area_qc/20260804_seahub_CHEM16_shard003_surface_area_qc.csv,False,,,,,canonical merged artifact absent
20260804_seahub_CHEM16_shard003,mask_quality_qc,pipeline_paths_py_merged_template,False,/net/trapnell/vol1/home/nlammers/projects/data/morphseq/pipeline/output/quality_control/20260804_seahub_CHEM16_shard003/mask_quality_qc/20260804_seahub_CHEM16_shard003_mask_quality_qc.csv,False,,,,,canonical merged artifact absent
20260804_seahub_CHEM16_shard003,death_detection_qc,pipeline_paths_py_merged_template,False,/net/trapnell/vol1/home/nlammers/projects/data/morphseq/pipeline/output/quality_control/20260804_seahub_CHEM16_shard003/death_detection/20260804_seahub_CHEM16_shard003_death_detection_qc.csv,False,,,,,canonical merged artifact absent
20260804_seahub_CHEM16_shard003,focus_qc,pipeline_paths_py_merged_template,False,/net/trapnell/vol1/home/nlammers/projects/data/morphseq/pipeline/output/quality_control/20260804_seahub_CHEM16_shard003/focus_qc/20260804_seahub_CHEM16_shard003_focus_qc.csv,False,,,,,canonical merged artifact absent
20260804_seahub_CHEM16_shard003,motion_blur_qc,pipeline_paths_py_merged_template,False,/net/trapnell/vol1/home/nlammers/projects/data/morphseq/pipeline/output/quality_control/20260804_seahub_CHEM16_shard003/motion_blur_qc/20260804_seahub_CHEM16_shard003_motion_blur_qc.csv,False,,,,,canonical merged artifact absent
20260804_seahub_CHEM16_shard003,snip_qc,pipeline_paths_py_merged_template,True,/net/trapnell/vol1/home/nlammers/projects/data/morphseq/pipeline/output/quality_control/20260804_seahub_CHEM16_shard003/snip_qc/20260804_seahub_CHEM16_shard003_snip_qc.parquet,True,96.0,16353.0,1.7860554342972265e+18,264e94692103913fe570fea0fe75a4ce72f5a488b29f5883496046bd7387fb63,
20260804_seahub_CHEM16_shard003,declared_bundle_frame_inventory,experiment_manifest.csv,True,/net/trapnell/vol1/home/nlammers/projects/data/morphseq/seahub/derived/20260804_prod01/bundle/experiments/20260804_seahub_CHEM16_shard003/dropin_frame_inventory.csv,True,96.0,54703.0,1.786036116329479e+18,69d9f955597a326f48fe837f5495b0d3bcadb90fa93e9a9ec035dbdfa8e018cd,
20260804_seahub_CHEM16_shard003,declared_bundle_frame_masks,experiment_manifest.csv,True,/net/trapnell/vol1/home/nlammers/projects/data/morphseq/seahub/derived/20260804_prod01/bundle/experiments/20260804_seahub_CHEM16_shard003/dropin_frame_masks.csv,True,96.0,328418.0,1.786036182939936e+18,752e208272a5b5cad89e8eb6ce69c08c79b7a1fd288e12a7c6989b30a1633795,
20260804_seahub_CHEM16_shard003,declared_bundle_plate_metadata,experiment_manifest.csv,False,/net/trapnell/vol1/home/nlammers/projects/data/morphseq/seahub/derived/20260804_prod01/bundle/experiments/20260804_seahub_CHEM16_shard003/plate_metadata.csv,True,,66432.0,1.786036116391467e+18,a7b9662d1c9bc70c9307618a7977c054e7fd3be06e4bc04961bbe8c613ec86f6,
20260804_seahub_CHEM16_shard003,declared_runtime_config,experiment_manifest.csv,False,/net/trapnell/vol1/home/nlammers/projects/data/morphseq/seahub/derived/20260804_prod01/bundle/experiments/20260804_seahub_CHEM16_shard003/runtime_config.yaml,True,,1130.0,1.7860361163983104e+18,b128bdb93e7601317faa223eab26930c6d8fb2a0f2b9db156b38f63aec26a2d1,
20260804_seahub_CHEM16_shard004,frame_inventory,pipeline_paths_py_merged_template,False,/net/trapnell/vol1/home/nlammers/projects/data/morphseq/pipeline/output/acquisition/20260804_seahub_CHEM16_shard004/frame_inventory/20260804_seahub_CHEM16_shard004_frame_inventory.csv,False,,,,,canonical merged artifact absent
20260804_seahub_CHEM16_shard004,plate_metadata,pipeline_paths_py_merged_template,True,/net/trapnell/vol1/home/nlammers/projects/data/morphseq/pipeline/output/acquisition/20260804_seahub_CHEM16_shard004/ingest_metadata/plate_metadata.csv,True,96.0,65848.0,1.7878821326890872e+18,f00d8e88560e2887ca9e3a00f77128ba961fc4c4a45f293a8445074d6ca248ba,
20260804_seahub_CHEM16_shard004,collection_provenance,pipeline_paths_py_merged_template,False,/net/trapnell/vol1/home/nlammers/projects/data/morphseq/pipeline/output/acquisition/20260804_seahub_CHEM16_shard004/ingest_metadata/collection_provenance.json,False,,,,,canonical merged artifact absent
20260804_seahub_CHEM16_shard004,snip_inventory,pipeline_paths_py_merged_template,True,/net/trapnell/vol1/home/nlammers/projects/data/morphseq/pipeline/output/object_extraction/20260804_seahub_CHEM16_shard004/snips/20260804_seahub_CHEM16_shard004_snip_inventory.csv,True,96.0,121005.0,1.7860562034332739e+18,5b72db13ef033e53487c789c621688a6d369247dbd8bad2dfa04ff1bfea3102d,
20260804_seahub_CHEM16_shard004,physical_embryo_registry,pipeline_paths_py_merged_template,False,/net/trapnell/vol1/home/nlammers/projects/data/morphseq/pipeline/output/object_extraction/20260804_seahub_CHEM16_shard004/physical_embryo_registry/20260804_seahub_CHEM16_shard004_physical_embryo_registry.csv,False,,,,,canonical merged artifact absent
20260804_seahub_CHEM16_shard004,frame_masks,pipeline_paths_py_merged_template,False,/net/trapnell/vol1/home/nlammers/projects/data/morphseq/pipeline/output/object_extraction/20260804_seahub_CHEM16_shard004/frame_masks/20260804_seahub_CHEM16_shard004_frame_masks.csv,False,,,,,canonical merged artifact absent
20260804_seahub_CHEM16_shard004,mask_geometry,pipeline_paths_py_merged_template,True,/net/trapnell/vol1/home/nlammers/projects/data/morphseq/pipeline/output/feature_extraction/20260804_seahub_CHEM16_shard004/mask_geometry/20260804_seahub_CHEM16_shard004_mask_geometry.csv,True,96.0,34612.0,1.786056212817372e+18,e100e4b360360e2d5f7b0ccb424e8e454f393d37e02bf0dd5aa919cf2fff33be,
20260804_seahub_CHEM16_shard004,stage_predictions,pipeline_paths_py_merged_template,True,/net/trapnell/vol1/home/nlammers/projects/data/morphseq/pipeline/output/feature_extraction/20260804_seahub_CHEM16_shard004/stage_predictions/20260804_seahub_CHEM16_shard004_stage_predictions.csv,True,96.0,27892.0,1.7860562229534776e+18,ba06e68de28ef6b7f120ced90bdf254122c74daee2e99cfb3c516eef9be4af7a,
20260804_seahub_CHEM16_shard004,surface_area_qc,pipeline_paths_py_merged_template,False,/net/trapnell/vol1/home/nlammers/projects/data/morphseq/pipeline/output/quality_control/20260804_seahub_CHEM16_shard004/surface_area_qc/20260804_seahub_CHEM16_shard004_surface_area_qc.csv,False,,,,,canonical merged artifact absent
20260804_seahub_CHEM16_shard004,mask_quality_qc,pipeline_paths_py_merged_template,False,/net/trapnell/vol1/home/nlammers/projects/data/morphseq/pipeline/output/quality_control/20260804_seahub_CHEM16_shard004/mask_quality_qc/20260804_seahub_CHEM16_shard004_mask_quality_qc.csv,False,,,,,canonical merged artifact absent
20260804_seahub_CHEM16_shard004,death_detection_qc,pipeline_paths_py_merged_template,False,/net/trapnell/vol1/home/nlammers/projects/data/morphseq/pipeline/output/quality_control/20260804_seahub_CHEM16_shard004/death_detection/20260804_seahub_CHEM16_shard004_death_detection_qc.csv,False,,,,,canonical merged artifact absent
20260804_seahub_CHEM16_shard004,focus_qc,pipeline_paths_py_merged_template,False,/net/trapnell/vol1/home/nlammers/projects/data/morphseq/pipeline/output/quality_control/20260804_seahub_CHEM16_shard004/focus_qc/20260804_seahub_CHEM16_shard004_focus_qc.csv,False,,,,,canonical merged artifact absent
20260804_seahub_CHEM16_shard004,motion_blur_qc,pipeline_paths_py_merged_template,False,/net/trapnell/vol1/home/nlammers/projects/data/morphseq/pipeline/output/quality_control/20260804_seahub_CHEM16_shard004/motion_blur_qc/20260804_seahub_CHEM16_shard004_motion_blur_qc.csv,False,,,,,canonical merged artifact absent
20260804_seahub_CHEM16_shard004,snip_qc,pipeline_paths_py_merged_template,True,/net/trapnell/vol1/home/nlammers/projects/data/morphseq/pipeline/output/quality_control/20260804_seahub_CHEM16_shard004/snip_qc/20260804_seahub_CHEM16_shard004_snip_qc.parquet,True,96.0,16353.0,1.7860581380352463e+18,422e7c13c567f6640e87637dfa47b2b750e08305d0b7163e3c651de529110676,
20260804_seahub_CHEM16_shard004,declared_bundle_frame_inventory,experiment_manifest.csv,True,/net/trapnell/vol1/home/nlammers/projects/data/morphseq/seahub/derived/20260804_prod01/bundle/experiments/20260804_seahub_CHEM16_shard004/dropin_frame_inventory.csv,True,96.0,54695.0,1.786036116499779e+18,5187c2a167f0468a50d76e47c4c53cd8654dc06dac7a364579ff3353f0689599,
20260804_seahub_CHEM16_shard004,declared_bundle_frame_masks,experiment_manifest.csv,True,/net/trapnell/vol1/home/nlammers/projects/data/morphseq/seahub/derived/20260804_prod01/bundle/experiments/20260804_seahub_CHEM16_shard004/dropin_frame_masks.csv,True,96.0,336373.0,1.786036182471101e+18,aff96c466f1a00a302ab00410bdf6769763951520fda19195968ac120cde3b61,
20260804_seahub_CHEM16_shard004,declared_bundle_plate_metadata,experiment_manifest.csv,False,/net/trapnell/vol1/home/nlammers/projects/data/morphseq/seahub/derived/20260804_prod01/bundle/experiments/20260804_seahub_CHEM16_shard004/plate_metadata.csv,True,,65848.0,1.786036116557835e+18,f00d8e88560e2887ca9e3a00f77128ba961fc4c4a45f293a8445074d6ca248ba,
20260804_seahub_CHEM16_shard004,declared_runtime_config,experiment_manifest.csv,False,/net/trapnell/vol1/home/nlammers/projects/data/morphseq/seahub/derived/20260804_prod01/bundle/experiments/20260804_seahub_CHEM16_shard004/runtime_config.yaml,True,,1130.0,1.7860361165645865e+18,338568dd1cc7f098c7e9de9db79bd7f8598a4956a434a6fc1c1a88b0ec02c8eb,
20260804_seahub_CHEM16_shard005,frame_inventory,pipeline_paths_py_merged_template,False,/net/trapnell/vol1/home/nlammers/projects/data/morphseq/pipeline/output/acquisition/20260804_seahub_CHEM16_shard005/frame_inventory/20260804_seahub_CHEM16_shard005_frame_inventory.csv,False,,,,,canonical merged artifact absent
20260804_seahub_CHEM16_shard005,plate_metadata,pipeline_paths_py_merged_template,True,/net/trapnell/vol1/home/nlammers/projects/data/morphseq/pipeline/output/acquisition/20260804_seahub_CHEM16_shard005/ingest_metadata/plate_metadata.csv,True,96.0,64800.0,1.786052687788409e+18,b759b53f31bb4d18534c0cdc11a7c87da0b1025c7a6c9aa121cb811a0829a311,
20260804_seahub_CHEM16_shard005,collection_provenance,pipeline_paths_py_merged_template,False,/net/trapnell/vol1/home/nlammers/projects/data/morphseq/pipeline/output/acquisition/20260804_seahub_CHEM16_shard005/ingest_metadata/collection_provenance.json,False,,,,,canonical merged artifact absent
20260804_seahub_CHEM16_shard005,snip_inventory,pipeline_paths_py_merged_template,True,/net/trapnell/vol1/home/nlammers/projects/data/morphseq/pipeline/output/object_extraction/20260804_seahub_CHEM16_shard005/snips/20260804_seahub_CHEM16_shard005_snip_inventory.csv,True,96.0,121013.0,1.7860567507016945e+18,dc973ddaf41514bad022f08cd0d2fee1a767c8f95242af2bf05b85c69a49a3ed,
20260804_seahub_CHEM16_shard005,physical_embryo_registry,pipeline_paths_py_merged_template,False,/net/trapnell/vol1/home/nlammers/projects/data/morphseq/pipeline/output/object_extraction/20260804_seahub_CHEM16_shard005/physical_embryo_registry/20260804_seahub_CHEM16_shard005_physical_embryo_registry.csv,False,,,,,canonical merged artifact absent
20260804_seahub_CHEM16_shard005,frame_masks,pipeline_paths_py_merged_template,False,/net/trapnell/vol1/home/nlammers/projects/data/morphseq/pipeline/output/object_extraction/20260804_seahub_CHEM16_shard005/frame_masks/20260804_seahub_CHEM16_shard005_frame_masks.csv,False,,,,,canonical merged artifact absent
20260804_seahub_CHEM16_shard005,mask_geometry,pipeline_paths_py_merged_template,True,/net/trapnell/vol1/home/nlammers/projects/data/morphseq/pipeline/output/feature_extraction/20260804_seahub_CHEM16_shard005/mask_geometry/20260804_seahub_CHEM16_shard005_mask_geometry.csv,True,96.0,34556.0,1.7860568478345815e+18,693a8b403605ff1e49148550302045f57e3344810ae849ad31da03e3f77a23ed,
20260804_seahub_CHEM16_shard005,stage_predictions,pipeline_paths_py_merged_template,True,/net/trapnell/vol1/home/nlammers/projects/data/morphseq/pipeline/output/feature_extraction/20260804_seahub_CHEM16_shard005/stage_predictions/20260804_seahub_CHEM16_shard005_stage_predictions.csv,True,96.0,27892.0,1.7860568420025288e+18,dd936df5bdf61ad159c0871522dca03b0e8fc4e9158967f7132c4f0df4483627,
20260804_seahub_CHEM16_shard005,surface_area_qc,pipeline_paths_py_merged_template,False,/net/trapnell/vol1/home/nlammers/projects/data/morphseq/pipeline/output/quality_control/20260804_seahub_CHEM16_shard005/surface_area_qc/20260804_seahub_CHEM16_shard005_surface_area_qc.csv,False,,,,,canonical merged artifact absent
20260804_seahub_CHEM16_shard005,mask_quality_qc,pipeline_paths_py_merged_template,False,/net/trapnell/vol1/home/nlammers/projects/data/morphseq/pipeline/output/quality_control/20260804_seahub_CHEM16_shard005/mask_quality_qc/20260804_seahub_CHEM16_shard005_mask_quality_qc.csv,False,,,,,canonical merged artifact absent
20260804_seahub_CHEM16_shard005,death_detection_qc,pipeline_paths_py_merged_template,False,/net/trapnell/vol1/home/nlammers/projects/data/morphseq/pipeline/output/quality_control/20260804_seahub_CHEM16_shard005/death_detection/20260804_seahub_CHEM16_shard005_death_detection_qc.csv,False,,,,,canonical merged artifact absent
20260804_seahub_CHEM16_shard005,focus_qc,pipeline_paths_py_merged_template,False,/net/trapnell/vol1/home/nlammers/projects/data/morphseq/pipeline/output/quality_control/20260804_seahub_CHEM16_shard005/focus_qc/20260804_seahub_CHEM16_shard005_focus_qc.csv,False,,,,,canonical merged artifact absent
20260804_seahub_CHEM16_shard005,motion_blur_qc,pipeline_paths_py_merged_template,False,/net/trapnell/vol1/home/nlammers/projects/data/morphseq/pipeline/output/quality_control/20260804_seahub_CHEM16_shard005/motion_blur_qc/20260804_seahub_CHEM16_shard005_motion_blur_qc.csv,False,,,,,canonical merged artifact absent
20260804_seahub_CHEM16_shard005,snip_qc,pipeline_paths_py_merged_template,True,/net/trapnell/vol1/home/nlammers/projects/data/morphseq/pipeline/output/quality_control/20260804_seahub_CHEM16_shard005/snip_qc/20260804_seahub_CHEM16_shard005_snip_qc.parquet,True,96.0,16353.0,1.7860584476356444e+18,8b0bd5d48883fb4de669bb047f1c7513756623e7633d8d65e63c365c5ac5ad57,
20260804_seahub_CHEM16_shard005,declared_bundle_frame_inventory,experiment_manifest.csv,True,/net/trapnell/vol1/home/nlammers/projects/data/morphseq/seahub/derived/20260804_prod01/bundle/experiments/20260804_seahub_CHEM16_shard005/dropin_frame_inventory.csv,True,96.0,54703.0,1.786036116664853e+18,c6b317f6e116a0c7f65167289d6b528e99323b0e961338700e969bb41be9cd26,
20260804_seahub_CHEM16_shard005,declared_bundle_frame_masks,experiment_manifest.csv,True,/net/trapnell/vol1/home/nlammers/projects/data/morphseq/seahub/derived/20260804_prod01/bundle/experiments/20260804_seahub_CHEM16_shard005/dropin_frame_masks.csv,True,96.0,288597.0,1.786036182732283e+18,4ee97775a8d71792c5400ec341e00f86bc0e19caceb24e897ba61d7fc334b3f6,
20260804_seahub_CHEM16_shard005,declared_bundle_plate_metadata,experiment_manifest.csv,False,/net/trapnell/vol1/home/nlammers/projects/data/morphseq/seahub/derived/20260804_prod01/bundle/experiments/20260804_seahub_CHEM16_shard005/plate_metadata.csv,True,,64800.0,1.786036116723672e+18,b759b53f31bb4d18534c0cdc11a7c87da0b1025c7a6c9aa121cb811a0829a311,
20260804_seahub_CHEM16_shard005,declared_runtime_config,experiment_manifest.csv,False,/net/trapnell/vol1/home/nlammers/projects/data/morphseq/seahub/derived/20260804_prod01/bundle/experiments/20260804_seahub_CHEM16_shard005/runtime_config.yaml,True,,1130.0,1.7860361167305503e+18,7a0427a56b70f894bd6475f8824251a5929ae9c1d3a0022c0ebe95358bcc81be,
20260804_seahub_CHEM16_shard006,frame_inventory,pipeline_paths_py_merged_template,False,/net/trapnell/vol1/home/nlammers/projects/data/morphseq/pipeline/output/acquisition/20260804_seahub_CHEM16_shard006/frame_inventory/20260804_seahub_CHEM16_shard006_frame_inventory.csv,False,,,,,canonical merged artifact absent
20260804_seahub_CHEM16_shard006,plate_metadata,pipeline_paths_py_merged_template,True,/net/trapnell/vol1/home/nlammers/projects/data/morphseq/pipeline/output/acquisition/20260804_seahub_CHEM16_shard006/ingest_metadata/plate_metadata.csv,True,96.0,64888.0,1.7860555394820495e+18,e791f8d4cf9f7fabb098013f8806b64576541ea229cbe31c46e25c115037d030,
20260804_seahub_CHEM16_shard006,collection_provenance,pipeline_paths_py_merged_template,False,/net/trapnell/vol1/home/nlammers/projects/data/morphseq/pipeline/output/acquisition/20260804_seahub_CHEM16_shard006/ingest_metadata/collection_provenance.json,False,,,,,canonical merged artifact absent
20260804_seahub_CHEM16_shard006,snip_inventory,pipeline_paths_py_merged_template,True,/net/trapnell/vol1/home/nlammers/projects/data/morphseq/pipeline/output/object_extraction/20260804_seahub_CHEM16_shard006/snips/20260804_seahub_CHEM16_shard006_snip_inventory.csv,True,96.0,120981.0,1.7860605600698248e+18,d9cb770f9dcb6c79e2f65fd44272da5d5778e264f369b23f6d3b23a76fdb42c1,
20260804_seahub_CHEM16_shard006,physical_embryo_registry,pipeline_paths_py_merged_template,False,/net/trapnell/vol1/home/nlammers/projects/data/morphseq/pipeline/output/object_extraction/20260804_seahub_CHEM16_shard006/physical_embryo_registry/20260804_seahub_CHEM16_shard006_physical_embryo_registry.csv,False,,,,,canonical merged artifact absent
20260804_seahub_CHEM16_shard006,frame_masks,pipeline_paths_py_merged_template,False,/net/trapnell/vol1/home/nlammers/projects/data/morphseq/pipeline/output/object_extraction/20260804_seahub_CHEM16_shard006/frame_masks/20260804_seahub_CHEM16_shard006_frame_masks.csv,False,,,,,canonical merged artifact absent
20260804_seahub_CHEM16_shard006,mask_geometry,pipeline_paths_py_merged_template,True,/net/trapnell/vol1/home/nlammers/projects/data/morphseq/pipeline/output/feature_extraction/20260804_seahub_CHEM16_shard006/mask_geometry/20260804_seahub_CHEM16_shard006_mask_geometry.csv,True,96.0,34640.0,1.7860606843823698e+18,0b0db54e0215dfdc427448adb6a12f4a1009e7da5b6a362124f70fad7327f754,
20260804_seahub_CHEM16_shard006,stage_predictions,pipeline_paths_py_merged_template,True,/net/trapnell/vol1/home/nlammers/projects/data/morphseq/pipeline/output/feature_extraction/20260804_seahub_CHEM16_shard006/stage_predictions/20260804_seahub_CHEM16_shard006_stage_predictions.csv,True,96.0,27892.0,1.7860606250901074e+18,50a0089009deb641b2edd7e209a5f178665f0aa77767cd9eb4526115a3e8426b,
20260804_seahub_CHEM16_shard006,surface_area_qc,pipeline_paths_py_merged_template,False,/net/trapnell/vol1/home/nlammers/projects/data/morphseq/pipeline/output/quality_control/20260804_seahub_CHEM16_shard006/surface_area_qc/20260804_seahub_CHEM16_shard006_surface_area_qc.csv,False,,,,,canonical merged artifact absent
20260804_seahub_CHEM16_shard006,mask_quality_qc,pipeline_paths_py_merged_template,False,/net/trapnell/vol1/home/nlammers/projects/data/morphseq/pipeline/output/quality_control/20260804_seahub_CHEM16_shard006/mask_quality_qc/20260804_seahub_CHEM16_shard006_mask_quality_qc.csv,False,,,,,canonical merged artifact absent
20260804_seahub_CHEM16_shard006,death_detection_qc,pipeline_paths_py_merged_template,False,/net/trapnell/vol1/home/nlammers/projects/data/morphseq/pipeline/output/quality_control/20260804_seahub_CHEM16_shard006/death_detection/20260804_seahub_CHEM16_shard006_death_detection_qc.csv,False,,,,,canonical merged artifact absent
20260804_seahub_CHEM16_shard006,focus_qc,pipeline_paths_py_merged_template,False,/net/trapnell/vol1/home/nlammers/projects/data/morphseq/pipeline/output/quality_control/20260804_seahub_CHEM16_shard006/focus_qc/20260804_seahub_CHEM16_shard006_focus_qc.csv,False,,,,,canonical merged artifact absent
20260804_seahub_CHEM16_shard006,motion_blur_qc,pipeline_paths_py_merged_template,False,/net/trapnell/vol1/home/nlammers/projects/data/morphseq/pipeline/output/quality_control/20260804_seahub_CHEM16_shard006/motion_blur_qc/20260804_seahub_CHEM16_shard006_motion_blur_qc.csv,False,,,,,canonical merged artifact absent
20260804_seahub_CHEM16_shard006,snip_qc,pipeline_paths_py_merged_template,True,/net/trapnell/vol1/home/nlammers/projects/data/morphseq/pipeline/output/quality_control/20260804_seahub_CHEM16_shard006/snip_qc/20260804_seahub_CHEM16_shard006_snip_qc.parquet,True,96.0,16353.0,1.7860630433896845e+18,83b7843e915ded9560b3e00a1c942d09d08086a7eb7f0ca7078f3e88901c6050,
20260804_seahub_CHEM16_shard006,declared_bundle_frame_inventory,experiment_manifest.csv,True,/net/trapnell/vol1/home/nlammers/projects/data/morphseq/seahub/derived/20260804_prod01/bundle/experiments/20260804_seahub_CHEM16_shard006/dropin_frame_inventory.csv,True,96.0,54687.0,1.786036116830688e+18,7b16aba7a0901beaf8e4b48c7c1405a1e967c34a876a03005d5b9f5aa14c7222,
20260804_seahub_CHEM16_shard006,declared_bundle_frame_masks,experiment_manifest.csv,True,/net/trapnell/vol1/home/nlammers/projects/data/morphseq/seahub/derived/20260804_prod01/bundle/experiments/20260804_seahub_CHEM16_shard006/dropin_frame_masks.csv,True,96.0,331884.0,1.786036182274276e+18,2e0540e143e9ace22aab4b1b5eb7bb10dd40714902f2e020fc96a4e5b7f384f6,
20260804_seahub_CHEM16_shard006,declared_bundle_plate_metadata,experiment_manifest.csv,False,/net/trapnell/vol1/home/nlammers/projects/data/morphseq/seahub/derived/20260804_prod01/bundle/experiments/20260804_seahub_CHEM16_shard006/plate_metadata.csv,True,,64904.0,1.786036116888412e+18,e526740530f43d4fce1c38db97dde2605baaeb70947e8b30d6770b87ffaeb7c8,
20260804_seahub_CHEM16_shard006,declared_runtime_config,experiment_manifest.csv,False,/net/trapnell/vol1/home/nlammers/projects/data/morphseq/seahub/derived/20260804_prod01/bundle/experiments/20260804_seahub_CHEM16_shard006/runtime_config.yaml,True,,1130.0,1.7860361168956626e+18,c0ffba47d7c8f4159b61ec66454dd08b3397e596158dd224e1abd5eb9d967410,
20260804_seahub_CHEM16_shard007,frame_inventory,pipeline_paths_py_merged_template,False,/net/trapnell/vol1/home/nlammers/projects/data/morphseq/pipeline/output/acquisition/20260804_seahub_CHEM16_shard007/frame_inventory/20260804_seahub_CHEM16_shard007_frame_inventory.csv,False,,,,,canonical merged artifact absent
20260804_seahub_CHEM16_shard007,plate_metadata,pipeline_paths_py_merged_template,True,/net/trapnell/vol1/home/nlammers/projects/data/morphseq/pipeline/output/acquisition/20260804_seahub_CHEM16_shard007/ingest_metadata/plate_metadata.csv,True,48.0,33744.0,1.7860582165418092e+18,6e8430853471687bb419839bf6cfd9527bbbd8fba7f1afe6db2a7998839889a8,
20260804_seahub_CHEM16_shard007,collection_provenance,pipeline_paths_py_merged_template,False,/net/trapnell/vol1/home/nlammers/projects/data/morphseq/pipeline/output/acquisition/20260804_seahub_CHEM16_shard007/ingest_metadata/collection_provenance.json,False,,,,,canonical merged artifact absent
20260804_seahub_CHEM16_shard007,snip_inventory,pipeline_paths_py_merged_template,True,/net/trapnell/vol1/home/nlammers/projects/data/morphseq/pipeline/output/object_extraction/20260804_seahub_CHEM16_shard007/snips/20260804_seahub_CHEM16_shard007_snip_inventory.csv,True,48.0,60677.0,1.7860619372430674e+18,233a48279f4ca7923aa0c55204268794de0731ceb4b3f52c9159e37f0eb5ed49,
20260804_seahub_CHEM16_shard007,physical_embryo_registry,pipeline_paths_py_merged_template,False,/net/trapnell/vol1/home/nlammers/projects/data/morphseq/pipeline/output/object_extraction/20260804_seahub_CHEM16_shard007/physical_embryo_registry/20260804_seahub_CHEM16_shard007_physical_embryo_registry.csv,False,,,,,canonical merged artifact absent
20260804_seahub_CHEM16_shard007,frame_masks,pipeline_paths_py_merged_template,False,/net/trapnell/vol1/home/nlammers/projects/data/morphseq/pipeline/output/object_extraction/20260804_seahub_CHEM16_shard007/frame_masks/20260804_seahub_CHEM16_shard007_frame_masks.csv,False,,,,,canonical merged artifact absent
20260804_seahub_CHEM16_shard007,mask_geometry,pipeline_paths_py_merged_template,True,/net/trapnell/vol1/home/nlammers/projects/data/morphseq/pipeline/output/feature_extraction/20260804_seahub_CHEM16_shard007/mask_geometry/20260804_seahub_CHEM16_shard007_mask_geometry.csv,True,48.0,17357.0,1.7860631739444436e+18,c8afa46fea879afde1000470c8176096810832c7dcaa0c820746a923f558526b,
20260804_seahub_CHEM16_shard007,stage_predictions,pipeline_paths_py_merged_template,True,/net/trapnell/vol1/home/nlammers/projects/data/morphseq/pipeline/output/feature_extraction/20260804_seahub_CHEM16_shard007/stage_predictions/20260804_seahub_CHEM16_shard007_stage_predictions.csv,True,48.0,14020.0,1.7860621539748365e+18,f530e9536e00f4e4c0e0b9341083319cf0064d8d44d5a633ba109a2891fc2cb4,
20260804_seahub_CHEM16_shard007,surface_area_qc,pipeline_paths_py_merged_template,False,/net/trapnell/vol1/home/nlammers/projects/data/morphseq/pipeline/output/quality_control/20260804_seahub_CHEM16_shard007/surface_area_qc/20260804_seahub_CHEM16_shard007_surface_area_qc.csv,False,,,,,canonical merged artifact absent
20260804_seahub_CHEM16_shard007,mask_quality_qc,pipeline_paths_py_merged_template,False,/net/trapnell/vol1/home/nlammers/projects/data/morphseq/pipeline/output/quality_control/20260804_seahub_CHEM16_shard007/mask_quality_qc/20260804_seahub_CHEM16_shard007_mask_quality_qc.csv,False,,,,,canonical merged artifact absent
20260804_seahub_CHEM16_shard007,death_detection_qc,pipeline_paths_py_merged_template,False,/net/trapnell/vol1/home/nlammers/projects/data/morphseq/pipeline/output/quality_control/20260804_seahub_CHEM16_shard007/death_detection/20260804_seahub_CHEM16_shard007_death_detection_qc.csv,False,,,,,canonical merged artifact absent
20260804_seahub_CHEM16_shard007,focus_qc,pipeline_paths_py_merged_template,False,/net/trapnell/vol1/home/nlammers/projects/data/morphseq/pipeline/output/quality_control/20260804_seahub_CHEM16_shard007/focus_qc/20260804_seahub_CHEM16_shard007_focus_qc.csv,False,,,,,canonical merged artifact absent
20260804_seahub_CHEM16_shard007,motion_blur_qc,pipeline_paths_py_merged_template,False,/net/trapnell/vol1/home/nlammers/projects/data/morphseq/pipeline/output/quality_control/20260804_seahub_CHEM16_shard007/motion_blur_qc/20260804_seahub_CHEM16_shard007_motion_blur_qc.csv,False,,,,,canonical merged artifact absent
20260804_seahub_CHEM16_shard007,snip_qc,pipeline_paths_py_merged_template,True,/net/trapnell/vol1/home/nlammers/projects/data/morphseq/pipeline/output/quality_control/20260804_seahub_CHEM16_shard007/snip_qc/20260804_seahub_CHEM16_shard007_snip_qc.parquet,True,48.0,15044.0,1.7860631924007675e+18,c953cfc969149415398a6e5e1fbbfcdc8573513bf34b8bae00c36bbc4386e7b6,
20260804_seahub_CHEM16_shard007,declared_bundle_frame_inventory,experiment_manifest.csv,True,/net/trapnell/vol1/home/nlammers/projects/data/morphseq/seahub/derived/20260804_prod01/bundle/experiments/20260804_seahub_CHEM16_shard007/dropin_frame_inventory.csv,True,48.0,27583.0,1.786036116955004e+18,2f330dd3029cbf7653ba0b9f4c4e3b90797a597c061955e565066ed7affc789c,
20260804_seahub_CHEM16_shard007,declared_bundle_frame_masks,experiment_manifest.csv,True,/net/trapnell/vol1/home/nlammers/projects/data/morphseq/seahub/derived/20260804_prod01/bundle/experiments/20260804_seahub_CHEM16_shard007/dropin_frame_masks.csv,True,48.0,203704.0,1.786036179142751e+18,5339d377d1a1ba380f8878bf6e848fb2dd0d71f105b41fdd35fde6b3c19f8a22,
20260804_seahub_CHEM16_shard007,declared_bundle_plate_metadata,experiment_manifest.csv,False,/net/trapnell/vol1/home/nlammers/projects/data/morphseq/seahub/derived/20260804_prod01/bundle/experiments/20260804_seahub_CHEM16_shard007/plate_metadata.csv,True,,33744.0,1.786036116988966e+18,6e8430853471687bb419839bf6cfd9527bbbd8fba7f1afe6db2a7998839889a8,
20260804_seahub_CHEM16_shard007,declared_runtime_config,experiment_manifest.csv,False,/net/trapnell/vol1/home/nlammers/projects/data/morphseq/seahub/derived/20260804_prod01/bundle/experiments/20260804_seahub_CHEM16_shard007/runtime_config.yaml,True,,1130.0,1.7860361169959084e+18,76b1590b1c3be0663f698d7a687ae7a6e64e4a0d4c9e3870543c0405e62ecc95,
20260804_seahub_CHEM17_shard001,frame_inventory,pipeline_paths_py_merged_template,False,/net/trapnell/vol1/home/nlammers/projects/data/morphseq/pipeline/output/acquisition/20260804_seahub_CHEM17_shard001/frame_inventory/20260804_seahub_CHEM17_shard001_frame_inventory.csv,False,,,,,canonical merged artifact absent
20260804_seahub_CHEM17_shard001,plate_metadata,pipeline_paths_py_merged_template,True,/net/trapnell/vol1/home/nlammers/projects/data/morphseq/pipeline/output/acquisition/20260804_seahub_CHEM17_shard001/ingest_metadata/plate_metadata.csv,True,96.0,62624.0,1.7860585868113866e+18,934d42b8f437ff988bdef5b7a227c00d0daf9406dbdb39ff41d8556e8176cb92,
20260804_seahub_CHEM17_shard001,collection_provenance,pipeline_paths_py_merged_template,False,/net/trapnell/vol1/home/nlammers/projects/data/morphseq/pipeline/output/acquisition/20260804_seahub_CHEM17_shard001/ingest_metadata/collection_provenance.json,False,,,,,canonical merged artifact absent
20260804_seahub_CHEM17_shard001,snip_inventory,pipeline_paths_py_merged_template,True,/net/trapnell/vol1/home/nlammers/projects/data/morphseq/pipeline/output/object_extraction/20260804_seahub_CHEM17_shard001/snips/20260804_seahub_CHEM17_shard001_snip_inventory.csv,True,96.0,121013.0,1.786064095637137e+18,0b7c2a9a127f034dd3c7f717dd017cec6111af3d66b87389178103e1d0596eec,
20260804_seahub_CHEM17_shard001,physical_embryo_registry,pipeline_paths_py_merged_template,False,/net/trapnell/vol1/home/nlammers/projects/data/morphseq/pipeline/output/object_extraction/20260804_seahub_CHEM17_shard001/physical_embryo_registry/20260804_seahub_CHEM17_shard001_physical_embryo_registry.csv,False,,,,,canonical merged artifact absent
20260804_seahub_CHEM17_shard001,frame_masks,pipeline_paths_py_merged_template,False,/net/trapnell/vol1/home/nlammers/projects/data/morphseq/pipeline/output/object_extraction/20260804_seahub_CHEM17_shard001/frame_masks/20260804_seahub_CHEM17_shard001_frame_masks.csv,False,,,,,canonical merged artifact absent
20260804_seahub_CHEM17_shard001,mask_geometry,pipeline_paths_py_merged_template,True,/net/trapnell/vol1/home/nlammers/projects/data/morphseq/pipeline/output/feature_extraction/20260804_seahub_CHEM17_shard001/mask_geometry/20260804_seahub_CHEM17_shard001_mask_geometry.csv,True,96.0,34627.0,1.786064152773617e+18,186970f91abad3aedfbf81061f7a9f7cd6ad346e8db2d10d752e759b6f1d880f,
20260804_seahub_CHEM17_shard001,stage_predictions,pipeline_paths_py_merged_template,True,/net/trapnell/vol1/home/nlammers/projects/data/morphseq/pipeline/output/feature_extraction/20260804_seahub_CHEM17_shard001/stage_predictions/20260804_seahub_CHEM17_shard001_stage_predictions.csv,True,96.0,27892.0,1.7860641318374408e+18,d9c5f821d3d3b51d1acd0f45a6dd64545da7ad425dc1ad28215cb7892857889b,
20260804_seahub_CHEM17_shard001,surface_area_qc,pipeline_paths_py_merged_template,False,/net/trapnell/vol1/home/nlammers/projects/data/morphseq/pipeline/output/quality_control/20260804_seahub_CHEM17_shard001/surface_area_qc/20260804_seahub_CHEM17_shard001_surface_area_qc.csv,False,,,,,canonical merged artifact absent
20260804_seahub_CHEM17_shard001,mask_quality_qc,pipeline_paths_py_merged_template,False,/net/trapnell/vol1/home/nlammers/projects/data/morphseq/pipeline/output/quality_control/20260804_seahub_CHEM17_shard001/mask_quality_qc/20260804_seahub_CHEM17_shard001_mask_quality_qc.csv,False,,,,,canonical merged artifact absent
20260804_seahub_CHEM17_shard001,death_detection_qc,pipeline_paths_py_merged_template,False,/net/trapnell/vol1/home/nlammers/projects/data/morphseq/pipeline/output/quality_control/20260804_seahub_CHEM17_shard001/death_detection/20260804_seahub_CHEM17_shard001_death_detection_qc.csv,False,,,,,canonical merged artifact absent
20260804_seahub_CHEM17_shard001,focus_qc,pipeline_paths_py_merged_template,False,/net/trapnell/vol1/home/nlammers/projects/data/morphseq/pipeline/output/quality_control/20260804_seahub_CHEM17_shard001/focus_qc/20260804_seahub_CHEM17_shard001_focus_qc.csv,False,,,,,canonical merged artifact absent
20260804_seahub_CHEM17_shard001,motion_blur_qc,pipeline_paths_py_merged_template,False,/net/trapnell/vol1/home/nlammers/projects/data/morphseq/pipeline/output/quality_control/20260804_seahub_CHEM17_shard001/motion_blur_qc/20260804_seahub_CHEM17_shard001_motion_blur_qc.csv,False,,,,,canonical merged artifact absent
20260804_seahub_CHEM17_shard001,snip_qc,pipeline_paths_py_merged_template,True,/net/trapnell/vol1/home/nlammers/projects/data/morphseq/pipeline/output/quality_control/20260804_seahub_CHEM17_shard001/snip_qc/20260804_seahub_CHEM17_shard001_snip_qc.parquet,True,96.0,16353.0,1.7860653419956296e+18,507b355a2e9045dad6cc3ad4ffc50e7332a6a0143eaf9c57f0abd81c913f31fb,
20260804_seahub_CHEM17_shard001,declared_bundle_frame_inventory,experiment_manifest.csv,True,/net/trapnell/vol1/home/nlammers/projects/data/morphseq/seahub/derived/20260804_prod01/bundle/experiments/20260804_seahub_CHEM17_shard001/dropin_frame_inventory.csv,True,96.0,54711.0,1.786036117096033e+18,55a8b92843d634e138674254c5d5057a63fda719f68102fa90055d1ccfde2c0a,
20260804_seahub_CHEM17_shard001,declared_bundle_frame_masks,experiment_manifest.csv,True,/net/trapnell/vol1/home/nlammers/projects/data/morphseq/seahub/derived/20260804_prod01/bundle/experiments/20260804_seahub_CHEM17_shard001/dropin_frame_masks.csv,True,96.0,283637.0,1.786036209719397e+18,25da3607d677229a82c8f7dc1e79b56b15f736cf5980ffa41d7b2b4bdefb43b6,
20260804_seahub_CHEM17_shard001,declared_bundle_plate_metadata,experiment_manifest.csv,False,/net/trapnell/vol1/home/nlammers/projects/data/morphseq/seahub/derived/20260804_prod01/bundle/experiments/20260804_seahub_CHEM17_shard001/plate_metadata.csv,True,,62552.0,1.786036117155739e+18,18b0e9e211d271db1b9f43c72c371b23236f65046ba2087137ccdc3816e14901,
20260804_seahub_CHEM17_shard001,declared_runtime_config,experiment_manifest.csv,False,/net/trapnell/vol1/home/nlammers/projects/data/morphseq/seahub/derived/20260804_prod01/bundle/experiments/20260804_seahub_CHEM17_shard001/runtime_config.yaml,True,,1130.0,1.7860361171624837e+18,997f129d5544c5f290ca18885b377131582f18630b2e35cd4e1df482b9a41bdb,
20260804_seahub_CHEM17_shard002,frame_inventory,pipeline_paths_py_merged_template,False,/net/trapnell/vol1/home/nlammers/projects/data/morphseq/pipeline/output/acquisition/20260804_seahub_CHEM17_shard002/frame_inventory/20260804_seahub_CHEM17_shard002_frame_inventory.csv,False,,,,,canonical merged artifact absent
20260804_seahub_CHEM17_shard002,plate_metadata,pipeline_paths_py_merged_template,True,/net/trapnell/vol1/home/nlammers/projects/data/morphseq/pipeline/output/acquisition/20260804_seahub_CHEM17_shard002/ingest_metadata/plate_metadata.csv,True,96.0,64016.0,1.7860631287803407e+18,dcee60ff4ff034dacdaee1d67f2153d32622c8b9ed39319633396c33de8f5203,
20260804_seahub_CHEM17_shard002,collection_provenance,pipeline_paths_py_merged_template,False,/net/trapnell/vol1/home/nlammers/projects/data/morphseq/pipeline/output/acquisition/20260804_seahub_CHEM17_shard002/ingest_metadata/collection_provenance.json,False,,,,,canonical merged artifact absent
20260804_seahub_CHEM17_shard002,snip_inventory,pipeline_paths_py_merged_template,True,/net/trapnell/vol1/home/nlammers/projects/data/morphseq/pipeline/output/object_extraction/20260804_seahub_CHEM17_shard002/snips/20260804_seahub_CHEM17_shard002_snip_inventory.csv,True,96.0,121005.0,1.7860658881155282e+18,c18a5d8a812f8e3427b3a18eb90e854f0ac6a9e881d7c1f8c338ec32bf131b28,
20260804_seahub_CHEM17_shard002,physical_embryo_registry,pipeline_paths_py_merged_template,False,/net/trapnell/vol1/home/nlammers/projects/data/morphseq/pipeline/output/object_extraction/20260804_seahub_CHEM17_shard002/physical_embryo_registry/20260804_seahub_CHEM17_shard002_physical_embryo_registry.csv,False,,,,,canonical merged artifact absent
20260804_seahub_CHEM17_shard002,frame_masks,pipeline_paths_py_merged_template,False,/net/trapnell/vol1/home/nlammers/projects/data/morphseq/pipeline/output/object_extraction/20260804_seahub_CHEM17_shard002/frame_masks/20260804_seahub_CHEM17_shard002_frame_masks.csv,False,,,,,canonical merged artifact absent
20260804_seahub_CHEM17_shard002,mask_geometry,pipeline_paths_py_merged_template,True,/net/trapnell/vol1/home/nlammers/projects/data/morphseq/pipeline/output/feature_extraction/20260804_seahub_CHEM17_shard002/mask_geometry/20260804_seahub_CHEM17_shard002_mask_geometry.csv,True,96.0,34662.0,1.7860661948536916e+18,96b0d52dbb5f7c06ed4443fc22e3696a2591f1727024d62a8378db23103556e2,
20260804_seahub_CHEM17_shard002,stage_predictions,pipeline_paths_py_merged_template,True,/net/trapnell/vol1/home/nlammers/projects/data/morphseq/pipeline/output/feature_extraction/20260804_seahub_CHEM17_shard002/stage_predictions/20260804_seahub_CHEM17_shard002_stage_predictions.csv,True,96.0,27892.0,1.7860673274895135e+18,716d9bd56e1ace60b6416fe6857e15a330640109dadea01b3f99bf063e1ba66e,
20260804_seahub_CHEM17_shard002,surface_area_qc,pipeline_paths_py_merged_template,False,/net/trapnell/vol1/home/nlammers/projects/data/morphseq/pipeline/output/quality_control/20260804_seahub_CHEM17_shard002/surface_area_qc/20260804_seahub_CHEM17_shard002_surface_area_qc.csv,False,,,,,canonical merged artifact absent
20260804_seahub_CHEM17_shard002,mask_quality_qc,pipeline_paths_py_merged_template,False,/net/trapnell/vol1/home/nlammers/projects/data/morphseq/pipeline/output/quality_control/20260804_seahub_CHEM17_shard002/mask_quality_qc/20260804_seahub_CHEM17_shard002_mask_quality_qc.csv,False,,,,,canonical merged artifact absent
20260804_seahub_CHEM17_shard002,death_detection_qc,pipeline_paths_py_merged_template,False,/net/trapnell/vol1/home/nlammers/projects/data/morphseq/pipeline/output/quality_control/20260804_seahub_CHEM17_shard002/death_detection/20260804_seahub_CHEM17_shard002_death_detection_qc.csv,False,,,,,canonical merged artifact absent
20260804_seahub_CHEM17_shard002,focus_qc,pipeline_paths_py_merged_template,False,/net/trapnell/vol1/home/nlammers/projects/data/morphseq/pipeline/output/quality_control/20260804_seahub_CHEM17_shard002/focus_qc/20260804_seahub_CHEM17_shard002_focus_qc.csv,False,,,,,canonical merged artifact absent
20260804_seahub_CHEM17_shard002,motion_blur_qc,pipeline_paths_py_merged_template,False,/net/trapnell/vol1/home/nlammers/projects/data/morphseq/pipeline/output/quality_control/20260804_seahub_CHEM17_shard002/motion_blur_qc/20260804_seahub_CHEM17_shard002_motion_blur_qc.csv,False,,,,,canonical merged artifact absent
20260804_seahub_CHEM17_shard002,snip_qc,pipeline_paths_py_merged_template,True,/net/trapnell/vol1/home/nlammers/projects/data/morphseq/pipeline/output/quality_control/20260804_seahub_CHEM17_shard002/snip_qc/20260804_seahub_CHEM17_shard002_snip_qc.parquet,True,96.0,16353.0,1.7860693201876332e+18,9bf9c1d92f81ee7e5011ec88bfd74054ac20ff0e4629b5948cf4b8473c95b67c,
20260804_seahub_CHEM17_shard002,declared_bundle_frame_inventory,experiment_manifest.csv,True,/net/trapnell/vol1/home/nlammers/projects/data/morphseq/seahub/derived/20260804_prod01/bundle/experiments/20260804_seahub_CHEM17_shard002/dropin_frame_inventory.csv,True,96.0,54711.0,1.786036117262768e+18,82b38f4d939df0063ef8ff7136a6617f1590368b715f8aa496637f808fd4b42d,
20260804_seahub_CHEM17_shard002,declared_bundle_frame_masks,experiment_manifest.csv,True,/net/trapnell/vol1/home/nlammers/projects/data/morphseq/seahub/derived/20260804_prod01/bundle/experiments/20260804_seahub_CHEM17_shard002/dropin_frame_masks.csv,True,96.0,330399.0,1.786036215454078e+18,6da2da2cd7d6444d3fadfae87b96577cf0e2c8aa81b1328c1f4f3054904d896f,
20260804_seahub_CHEM17_shard002,declared_bundle_plate_metadata,experiment_manifest.csv,False,/net/trapnell/vol1/home/nlammers/projects/data/morphseq/seahub/derived/20260804_prod01/bundle/experiments/20260804_seahub_CHEM17_shard002/plate_metadata.csv,True,,63904.0,1.786036117321499e+18,df6f3fbea995a69c44646eb14ff7162721b3d2c92a42cd731c0bfb47d5604648,
20260804_seahub_CHEM17_shard002,declared_runtime_config,experiment_manifest.csv,False,/net/trapnell/vol1/home/nlammers/projects/data/morphseq/seahub/derived/20260804_prod01/bundle/experiments/20260804_seahub_CHEM17_shard002/runtime_config.yaml,True,,1130.0,1.786036117328236e+18,bb31ee298f0149c6f907dcd7dd7e2281d41c8b57a8c3df55da69d1d7476a100d,
20260804_seahub_CHEM17_shard003,frame_inventory,pipeline_paths_py_merged_template,False,/net/trapnell/vol1/home/nlammers/projects/data/morphseq/pipeline/output/acquisition/20260804_seahub_CHEM17_shard003/frame_inventory/20260804_seahub_CHEM17_shard003_frame_inventory.csv,False,,,,,canonical merged artifact absent
20260804_seahub_CHEM17_shard003,plate_metadata,pipeline_paths_py_merged_template,True,/net/trapnell/vol1/home/nlammers/projects/data/morphseq/pipeline/output/acquisition/20260804_seahub_CHEM17_shard003/ingest_metadata/plate_metadata.csv,True,32.0,21920.0,1.7860632613467584e+18,d7116af77c665bac0b86d3e7406ef82895f8c5acfe9cb9d0a11c434f473280e5,
20260804_seahub_CHEM17_shard003,collection_provenance,pipeline_paths_py_merged_template,False,/net/trapnell/vol1/home/nlammers/projects/data/morphseq/pipeline/output/acquisition/20260804_seahub_CHEM17_shard003/ingest_metadata/collection_provenance.json,False,,,,,canonical merged artifact absent
20260804_seahub_CHEM17_shard003,snip_inventory,pipeline_paths_py_merged_template,True,/net/trapnell/vol1/home/nlammers/projects/data/morphseq/pipeline/output/object_extraction/20260804_seahub_CHEM17_shard003/snips/20260804_seahub_CHEM17_shard003_snip_inventory.csv,True,32.0,40557.0,1.7860641745192947e+18,fd4d9a1d1d29d9592070c76217e498c6aa2633f7210efaa3a05960c9737fad4e,
20260804_seahub_CHEM17_shard003,physical_embryo_registry,pipeline_paths_py_merged_template,False,/net/trapnell/vol1/home/nlammers/projects/data/morphseq/pipeline/output/object_extraction/20260804_seahub_CHEM17_shard003/physical_embryo_registry/20260804_seahub_CHEM17_shard003_physical_embryo_registry.csv,False,,,,,canonical merged artifact absent
20260804_seahub_CHEM17_shard003,frame_masks,pipeline_paths_py_merged_template,False,/net/trapnell/vol1/home/nlammers/projects/data/morphseq/pipeline/output/object_extraction/20260804_seahub_CHEM17_shard003/frame_masks/20260804_seahub_CHEM17_shard003_frame_masks.csv,False,,,,,canonical merged artifact absent
20260804_seahub_CHEM17_shard003,mask_geometry,pipeline_paths_py_merged_template,True,/net/trapnell/vol1/home/nlammers/projects/data/morphseq/pipeline/output/feature_extraction/20260804_seahub_CHEM17_shard003/mask_geometry/20260804_seahub_CHEM17_shard003_mask_geometry.csv,True,32.0,11672.0,1.7860642530516861e+18,ce5c5592226aff27f08770c1ee2976bd8b7ca17ce4b30002c8d609d9288204d4,
20260804_seahub_CHEM17_shard003,stage_predictions,pipeline_paths_py_merged_template,True,/net/trapnell/vol1/home/nlammers/projects/data/morphseq/pipeline/output/feature_extraction/20260804_seahub_CHEM17_shard003/stage_predictions/20260804_seahub_CHEM17_shard003_stage_predictions.csv,True,32.0,9396.0,1.7860642314715786e+18,462c6cdb9348952b072c68a6c67fd9f24ae1655100a2295258a271daad1acf01,
20260804_seahub_CHEM17_shard003,surface_area_qc,pipeline_paths_py_merged_template,False,/net/trapnell/vol1/home/nlammers/projects/data/morphseq/pipeline/output/quality_control/20260804_seahub_CHEM17_shard003/surface_area_qc/20260804_seahub_CHEM17_shard003_surface_area_qc.csv,False,,,,,canonical merged artifact absent
20260804_seahub_CHEM17_shard003,mask_quality_qc,pipeline_paths_py_merged_template,False,/net/trapnell/vol1/home/nlammers/projects/data/morphseq/pipeline/output/quality_control/20260804_seahub_CHEM17_shard003/mask_quality_qc/20260804_seahub_CHEM17_shard003_mask_quality_qc.csv,False,,,,,canonical merged artifact absent
20260804_seahub_CHEM17_shard003,death_detection_qc,pipeline_paths_py_merged_template,False,/net/trapnell/vol1/home/nlammers/projects/data/morphseq/pipeline/output/quality_control/20260804_seahub_CHEM17_shard003/death_detection/20260804_seahub_CHEM17_shard003_death_detection_qc.csv,False,,,,,canonical merged artifact absent
20260804_seahub_CHEM17_shard003,focus_qc,pipeline_paths_py_merged_template,False,/net/trapnell/vol1/home/nlammers/projects/data/morphseq/pipeline/output/quality_control/20260804_seahub_CHEM17_shard003/focus_qc/20260804_seahub_CHEM17_shard003_focus_qc.csv,False,,,,,canonical merged artifact absent
20260804_seahub_CHEM17_shard003,motion_blur_qc,pipeline_paths_py_merged_template,False,/net/trapnell/vol1/home/nlammers/projects/data/morphseq/pipeline/output/quality_control/20260804_seahub_CHEM17_shard003/motion_blur_qc/20260804_seahub_CHEM17_shard003_motion_blur_qc.csv,False,,,,,canonical merged artifact absent
20260804_seahub_CHEM17_shard003,snip_qc,pipeline_paths_py_merged_template,True,/net/trapnell/vol1/home/nlammers/projects/data/morphseq/pipeline/output/quality_control/20260804_seahub_CHEM17_shard003/snip_qc/20260804_seahub_CHEM17_shard003_snip_qc.parquet,True,32.0,14647.0,1.7860645614972242e+18,7e996c60c45513da297e3885863742b71073b2052cc92a165301d882638607df,
20260804_seahub_CHEM17_shard003,declared_bundle_frame_inventory,experiment_manifest.csv,True,/net/trapnell/vol1/home/nlammers/projects/data/morphseq/seahub/derived/20260804_prod01/bundle/experiments/20260804_seahub_CHEM17_shard003/dropin_frame_inventory.csv,True,32.0,18535.0,1.786036117373579e+18,791826a7039af45976a8b1f8072c84c6534fe2a42cda876215f63c24b12a7f68,
20260804_seahub_CHEM17_shard003,declared_bundle_frame_masks,experiment_manifest.csv,True,/net/trapnell/vol1/home/nlammers/projects/data/morphseq/seahub/derived/20260804_prod01/bundle/experiments/20260804_seahub_CHEM17_shard003/dropin_frame_masks.csv,True,32.0,105459.0,1.786036185968874e+18,409b940db7a3e9379244ac62b55c44620774ec076a69dd8884d09d2fa6a6dc92,
20260804_seahub_CHEM17_shard003,declared_bundle_plate_metadata,experiment_manifest.csv,False,/net/trapnell/vol1/home/nlammers/projects/data/morphseq/seahub/derived/20260804_prod01/bundle/experiments/20260804_seahub_CHEM17_shard003/plate_metadata.csv,True,,21872.0,1.786036117400069e+18,0f59f7cffd4cfab8aba8415c9ecbe44a39721c5cec92da3173d019e95fd0e7c4,
20260804_seahub_CHEM17_shard003,declared_runtime_config,experiment_manifest.csv,False,/net/trapnell/vol1/home/nlammers/projects/data/morphseq/seahub/derived/20260804_prod01/bundle/experiments/20260804_seahub_CHEM17_shard003/runtime_config.yaml,True,,1130.0,1.7860361174067566e+18,58f8dcd7e2f9386fa80cc5c5b160df5ed3615366804d7f76679caab59b077d74,
20260804_seahub_GENE10_shard001,frame_inventory,pipeline_paths_py_merged_template,False,/net/trapnell/vol1/home/nlammers/projects/data/morphseq/pipeline/output/acquisition/20260804_seahub_GENE10_shard001/frame_inventory/20260804_seahub_GENE10_shard001_frame_inventory.csv,False,,,,,canonical merged artifact absent
20260804_seahub_GENE10_shard001,plate_metadata,pipeline_paths_py_merged_template,True,/net/trapnell/vol1/home/nlammers/projects/data/morphseq/pipeline/output/acquisition/20260804_seahub_GENE10_shard001/ingest_metadata/plate_metadata.csv,True,96.0,60280.0,1.7860646270495521e+18,689b5747687a4404994ee32c58094f41475c4138a6a892c76334d714525a85a8,
20260804_seahub_GENE10_shard001,collection_provenance,pipeline_paths_py_merged_template,False,/net/trapnell/vol1/home/nlammers/projects/data/morphseq/pipeline/output/acquisition/20260804_seahub_GENE10_shard001/ingest_metadata/collection_provenance.json,False,,,,,canonical merged artifact absent
20260804_seahub_GENE10_shard001,snip_inventory,pipeline_paths_py_merged_template,True,/net/trapnell/vol1/home/nlammers/projects/data/morphseq/pipeline/output/object_extraction/20260804_seahub_GENE10_shard001/snips/20260804_seahub_GENE10_shard001_snip_inventory.csv,True,96.0,120997.0,1.7860702498544835e+18,2779dfdc3ef28eafd293436ed4aa6203c0b5f943c89642b5418802802a7e30c3,
20260804_seahub_GENE10_shard001,physical_embryo_registry,pipeline_paths_py_merged_template,False,/net/trapnell/vol1/home/nlammers/projects/data/morphseq/pipeline/output/object_extraction/20260804_seahub_GENE10_shard001/physical_embryo_registry/20260804_seahub_GENE10_shard001_physical_embryo_registry.csv,False,,,,,canonical merged artifact absent
20260804_seahub_GENE10_shard001,frame_masks,pipeline_paths_py_merged_template,False,/net/trapnell/vol1/home/nlammers/projects/data/morphseq/pipeline/output/object_extraction/20260804_seahub_GENE10_shard001/frame_masks/20260804_seahub_GENE10_shard001_frame_masks.csv,False,,,,,canonical merged artifact absent
20260804_seahub_GENE10_shard001,mask_geometry,pipeline_paths_py_merged_template,True,/net/trapnell/vol1/home/nlammers/projects/data/morphseq/pipeline/output/feature_extraction/20260804_seahub_GENE10_shard001/mask_geometry/20260804_seahub_GENE10_shard001_mask_geometry.csv,True,96.0,34627.0,1.78607033491595e+18,7123e3f808f64c2d86353429b4faf9916ca2cb91c86eafa0b7cc51c973e588a0,
20260804_seahub_GENE10_shard001,stage_predictions,pipeline_paths_py_merged_template,True,/net/trapnell/vol1/home/nlammers/projects/data/morphseq/pipeline/output/feature_extraction/20260804_seahub_GENE10_shard001/stage_predictions/20260804_seahub_GENE10_shard001_stage_predictions.csv,True,96.0,27892.0,1.7860703164036308e+18,8e164afaa8d2e79300a8da1462a9f056cf9aae45b0e77a21c8c972bb9545e7da,
20260804_seahub_GENE10_shard001,surface_area_qc,pipeline_paths_py_merged_template,False,/net/trapnell/vol1/home/nlammers/projects/data/morphseq/pipeline/output/quality_control/20260804_seahub_GENE10_shard001/surface_area_qc/20260804_seahub_GENE10_shard001_surface_area_qc.csv,False,,,,,canonical merged artifact absent
20260804_seahub_GENE10_shard001,mask_quality_qc,pipeline_paths_py_merged_template,False,/net/trapnell/vol1/home/nlammers/projects/data/morphseq/pipeline/output/quality_control/20260804_seahub_GENE10_shard001/mask_quality_qc/20260804_seahub_GENE10_shard001_mask_quality_qc.csv,False,,,,,canonical merged artifact absent
20260804_seahub_GENE10_shard001,death_detection_qc,pipeline_paths_py_merged_template,False,/net/trapnell/vol1/home/nlammers/projects/data/morphseq/pipeline/output/quality_control/20260804_seahub_GENE10_shard001/death_detection/20260804_seahub_GENE10_shard001_death_detection_qc.csv,False,,,,,canonical merged artifact absent
20260804_seahub_GENE10_shard001,focus_qc,pipeline_paths_py_merged_template,False,/net/trapnell/vol1/home/nlammers/projects/data/morphseq/pipeline/output/quality_control/20260804_seahub_GENE10_shard001/focus_qc/20260804_seahub_GENE10_shard001_focus_qc.csv,False,,,,,canonical merged artifact absent
20260804_seahub_GENE10_shard001,motion_blur_qc,pipeline_paths_py_merged_template,False,/net/trapnell/vol1/home/nlammers/projects/data/morphseq/pipeline/output/quality_control/20260804_seahub_GENE10_shard001/motion_blur_qc/20260804_seahub_GENE10_shard001_motion_blur_qc.csv,False,,,,,canonical merged artifact absent
20260804_seahub_GENE10_shard001,snip_qc,pipeline_paths_py_merged_template,True,/net/trapnell/vol1/home/nlammers/projects/data/morphseq/pipeline/output/quality_control/20260804_seahub_GENE10_shard001/snip_qc/20260804_seahub_GENE10_shard001_snip_qc.parquet,True,96.0,16362.0,1.7860717407282156e+18,dc72640f5327afed7a375698edb9f087b9f73230ba66733782a44396c56ffd16,
20260804_seahub_GENE10_shard001,declared_bundle_frame_inventory,experiment_manifest.csv,True,/net/trapnell/vol1/home/nlammers/projects/data/morphseq/seahub/derived/20260804_prod01/bundle/experiments/20260804_seahub_GENE10_shard001/dropin_frame_inventory.csv,True,96.0,54687.0,1.786036117506516e+18,318dcf100d3f81d5372e54fa919f0086479ad8d4a6b6dafb11362945028b666b,
20260804_seahub_GENE10_shard001,declared_bundle_frame_masks,experiment_manifest.csv,True,/net/trapnell/vol1/home/nlammers/projects/data/morphseq/seahub/derived/20260804_prod01/bundle/experiments/20260804_seahub_GENE10_shard001/dropin_frame_masks.csv,True,96.0,244635.0,1.786036195871719e+18,b4499fd56c5e005c3d8a7a75258ec06d048c770cd208c167280ea4ac13875235,
20260804_seahub_GENE10_shard001,declared_bundle_plate_metadata,experiment_manifest.csv,False,/net/trapnell/vol1/home/nlammers/projects/data/morphseq/seahub/derived/20260804_prod01/bundle/experiments/20260804_seahub_GENE10_shard001/plate_metadata.csv,True,,60280.0,1.786036117565439e+18,689b5747687a4404994ee32c58094f41475c4138a6a892c76334d714525a85a8,
20260804_seahub_GENE10_shard001,declared_runtime_config,experiment_manifest.csv,False,/net/trapnell/vol1/home/nlammers/projects/data/morphseq/seahub/derived/20260804_prod01/bundle/experiments/20260804_seahub_GENE10_shard001/runtime_config.yaml,True,,1130.0,1.786036117572158e+18,5a1d79f56312737f81e20c47b3e7d3e34ab6f1e80066527edb7b6af5fb3a2a9c,
20260804_seahub_GENE10_shard002,frame_inventory,pipeline_paths_py_merged_template,False,/net/trapnell/vol1/home/nlammers/projects/data/morphseq/pipeline/output/acquisition/20260804_seahub_GENE10_shard002/frame_inventory/20260804_seahub_GENE10_shard002_frame_inventory.csv,False,,,,,canonical merged artifact absent
20260804_seahub_GENE10_shard002,plate_metadata,pipeline_paths_py_merged_template,True,/net/trapnell/vol1/home/nlammers/projects/data/morphseq/pipeline/output/acquisition/20260804_seahub_GENE10_shard002/ingest_metadata/plate_metadata.csv,True,96.0,64896.0,1.78606541634949e+18,8ad11fed4ab5238e352d0045f6d37a45c6578680c5afe6e66cff4ebb944cb641,
20260804_seahub_GENE10_shard002,collection_provenance,pipeline_paths_py_merged_template,False,/net/trapnell/vol1/home/nlammers/projects/data/morphseq/pipeline/output/acquisition/20260804_seahub_GENE10_shard002/ingest_metadata/collection_provenance.json,False,,,,,canonical merged artifact absent
20260804_seahub_GENE10_shard002,snip_inventory,pipeline_paths_py_merged_template,True,/net/trapnell/vol1/home/nlammers/projects/data/morphseq/pipeline/output/object_extraction/20260804_seahub_GENE10_shard002/snips/20260804_seahub_GENE10_shard002_snip_inventory.csv,True,96.0,121005.0,1.7860706835787287e+18,b96c1e29273ce22a22fc1a7e8f794140976e8c910f1c5ca0fa766db972fcf5da,
20260804_seahub_GENE10_shard002,physical_embryo_registry,pipeline_paths_py_merged_template,False,/net/trapnell/vol1/home/nlammers/projects/data/morphseq/pipeline/output/object_extraction/20260804_seahub_GENE10_shard002/physical_embryo_registry/20260804_seahub_GENE10_shard002_physical_embryo_registry.csv,False,,,,,canonical merged artifact absent
20260804_seahub_GENE10_shard002,frame_masks,pipeline_paths_py_merged_template,False,/net/trapnell/vol1/home/nlammers/projects/data/morphseq/pipeline/output/object_extraction/20260804_seahub_GENE10_shard002/frame_masks/20260804_seahub_GENE10_shard002_frame_masks.csv,False,,,,,canonical merged artifact absent
20260804_seahub_GENE10_shard002,mask_geometry,pipeline_paths_py_merged_template,True,/net/trapnell/vol1/home/nlammers/projects/data/morphseq/pipeline/output/feature_extraction/20260804_seahub_GENE10_shard002/mask_geometry/20260804_seahub_GENE10_shard002_mask_geometry.csv,True,96.0,34581.0,1.7860706941427807e+18,da60f28b2b9a7674aa5d36cea70dcf20274c3c071dd376a195304b75e660e2df,
20260804_seahub_GENE10_shard002,stage_predictions,pipeline_paths_py_merged_template,True,/net/trapnell/vol1/home/nlammers/projects/data/morphseq/pipeline/output/feature_extraction/20260804_seahub_GENE10_shard002/stage_predictions/20260804_seahub_GENE10_shard002_stage_predictions.csv,True,96.0,27892.0,1.786071867220512e+18,47e5be90bbe7be22f158d1c5d722fa49d8344a07b711de395ed6f0cf856ff73c,
20260804_seahub_GENE10_shard002,surface_area_qc,pipeline_paths_py_merged_template,False,/net/trapnell/vol1/home/nlammers/projects/data/morphseq/pipeline/output/quality_control/20260804_seahub_GENE10_shard002/surface_area_qc/20260804_seahub_GENE10_shard002_surface_area_qc.csv,False,,,,,canonical merged artifact absent
20260804_seahub_GENE10_shard002,mask_quality_qc,pipeline_paths_py_merged_template,False,/net/trapnell/vol1/home/nlammers/projects/data/morphseq/pipeline/output/quality_control/20260804_seahub_GENE10_shard002/mask_quality_qc/20260804_seahub_GENE10_shard002_mask_quality_qc.csv,False,,,,,canonical merged artifact absent
20260804_seahub_GENE10_shard002,death_detection_qc,pipeline_paths_py_merged_template,False,/net/trapnell/vol1/home/nlammers/projects/data/morphseq/pipeline/output/quality_control/20260804_seahub_GENE10_shard002/death_detection/20260804_seahub_GENE10_shard002_death_detection_qc.csv,False,,,,,canonical merged artifact absent
20260804_seahub_GENE10_shard002,focus_qc,pipeline_paths_py_merged_template,False,/net/trapnell/vol1/home/nlammers/projects/data/morphseq/pipeline/output/quality_control/20260804_seahub_GENE10_shard002/focus_qc/20260804_seahub_GENE10_shard002_focus_qc.csv,False,,,,,canonical merged artifact absent
20260804_seahub_GENE10_shard002,motion_blur_qc,pipeline_paths_py_merged_template,False,/net/trapnell/vol1/home/nlammers/projects/data/morphseq/pipeline/output/quality_control/20260804_seahub_GENE10_shard002/motion_blur_qc/20260804_seahub_GENE10_shard002_motion_blur_qc.csv,False,,,,,canonical merged artifact absent
20260804_seahub_GENE10_shard002,snip_qc,pipeline_paths_py_merged_template,True,/net/trapnell/vol1/home/nlammers/projects/data/morphseq/pipeline/output/quality_control/20260804_seahub_GENE10_shard002/snip_qc/20260804_seahub_GENE10_shard002_snip_qc.parquet,True,96.0,16362.0,1.7860718885086157e+18,38dbb732782885942e8b0ca004707b90e265509bd95f47a524c89ccccc4522a8,
20260804_seahub_GENE10_shard002,declared_bundle_frame_inventory,experiment_manifest.csv,True,/net/trapnell/vol1/home/nlammers/projects/data/morphseq/seahub/derived/20260804_prod01/bundle/experiments/20260804_seahub_GENE10_shard002/dropin_frame_inventory.csv,True,96.0,54695.0,1.786036117672569e+18,036fd617e47cef3b5839f8615535feea66a72ebbb1fd294518763d0a8eec8840,
20260804_seahub_GENE10_shard002,declared_bundle_frame_masks,experiment_manifest.csv,True,/net/trapnell/vol1/home/nlammers/projects/data/morphseq/seahub/derived/20260804_prod01/bundle/experiments/20260804_seahub_GENE10_shard002/dropin_frame_masks.csv,True,96.0,270305.0,1.786036197748446e+18,5795fa0d3c59ee316674128393c0e931f6d84fab350de021ae30a3b3e6094087,
20260804_seahub_GENE10_shard002,declared_bundle_plate_metadata,experiment_manifest.csv,False,/net/trapnell/vol1/home/nlammers/projects/data/morphseq/seahub/derived/20260804_prod01/bundle/experiments/20260804_seahub_GENE10_shard002/plate_metadata.csv,True,,64736.0,1.786036117733381e+18,b044beeb446e2c134da53beecf04493c87e834f9548b44c093dc35b20c63762e,
20260804_seahub_GENE10_shard002,declared_runtime_config,experiment_manifest.csv,False,/net/trapnell/vol1/home/nlammers/projects/data/morphseq/seahub/derived/20260804_prod01/bundle/experiments/20260804_seahub_GENE10_shard002/runtime_config.yaml,True,,1130.0,1.7860361177402447e+18,ca0cbe86c39621a0f9d0184bb208ee021415c0d80f23392610bafab7f5c14028,
20260804_seahub_GENE10_shard003,frame_inventory,pipeline_paths_py_merged_template,False,/net/trapnell/vol1/home/nlammers/projects/data/morphseq/pipeline/output/acquisition/20260804_seahub_GENE10_shard003/frame_inventory/20260804_seahub_GENE10_shard003_frame_inventory.csv,False,,,,,canonical merged artifact absent
20260804_seahub_GENE10_shard003,plate_metadata,pipeline_paths_py_merged_template,True,/net/trapnell/vol1/home/nlammers/projects/data/morphseq/pipeline/output/acquisition/20260804_seahub_GENE10_shard003/ingest_metadata/plate_metadata.csv,True,96.0,64520.0,1.7860693999241042e+18,e896d7537b2d999d9ca3893ba806a7f66d3db6d6254fa9f5547494665ed2c34b,
20260804_seahub_GENE10_shard003,collection_provenance,pipeline_paths_py_merged_template,False,/net/trapnell/vol1/home/nlammers/projects/data/morphseq/pipeline/output/acquisition/20260804_seahub_GENE10_shard003/ingest_metadata/collection_provenance.json,False,,,,,canonical merged artifact absent
20260804_seahub_GENE10_shard003,snip_inventory,pipeline_paths_py_merged_template,True,/net/trapnell/vol1/home/nlammers/projects/data/morphseq/pipeline/output/object_extraction/20260804_seahub_GENE10_shard003/snips/20260804_seahub_GENE10_shard003_snip_inventory.csv,True,96.0,121013.0,1.786072662770918e+18,7d117cd3b33e25246cb4a103fd031ffa24b0c57967eb1d2f354f657ea71678a8,
20260804_seahub_GENE10_shard003,physical_embryo_registry,pipeline_paths_py_merged_template,False,/net/trapnell/vol1/home/nlammers/projects/data/morphseq/pipeline/output/object_extraction/20260804_seahub_GENE10_shard003/physical_embryo_registry/20260804_seahub_GENE10_shard003_physical_embryo_registry.csv,False,,,,,canonical merged artifact absent
20260804_seahub_GENE10_shard003,frame_masks,pipeline_paths_py_merged_template,False,/net/trapnell/vol1/home/nlammers/projects/data/morphseq/pipeline/output/object_extraction/20260804_seahub_GENE10_shard003/frame_masks/20260804_seahub_GENE10_shard003_frame_masks.csv,False,,,,,canonical merged artifact absent
20260804_seahub_GENE10_shard003,mask_geometry,pipeline_paths_py_merged_template,True,/net/trapnell/vol1/home/nlammers/projects/data/morphseq/pipeline/output/feature_extraction/20260804_seahub_GENE10_shard003/mask_geometry/20260804_seahub_GENE10_shard003_mask_geometry.csv,True,96.0,34653.0,1.7860727178834322e+18,029d493beea818e1feb765ffd75875b8b008e26ac3468c3e48bf40b5ecabeed9,
20260804_seahub_GENE10_shard003,stage_predictions,pipeline_paths_py_merged_template,True,/net/trapnell/vol1/home/nlammers/projects/data/morphseq/pipeline/output/feature_extraction/20260804_seahub_GENE10_shard003/stage_predictions/20260804_seahub_GENE10_shard003_stage_predictions.csv,True,96.0,27892.0,1.7860726864751398e+18,aa99e43f91106c7028167ec24610df4545bc29e791c0d043819494f43e90b2bc,
20260804_seahub_GENE10_shard003,surface_area_qc,pipeline_paths_py_merged_template,False,/net/trapnell/vol1/home/nlammers/projects/data/morphseq/pipeline/output/quality_control/20260804_seahub_GENE10_shard003/surface_area_qc/20260804_seahub_GENE10_shard003_surface_area_qc.csv,False,,,,,canonical merged artifact absent
20260804_seahub_GENE10_shard003,mask_quality_qc,pipeline_paths_py_merged_template,False,/net/trapnell/vol1/home/nlammers/projects/data/morphseq/pipeline/output/quality_control/20260804_seahub_GENE10_shard003/mask_quality_qc/20260804_seahub_GENE10_shard003_mask_quality_qc.csv,False,,,,,canonical merged artifact absent
20260804_seahub_GENE10_shard003,death_detection_qc,pipeline_paths_py_merged_template,False,/net/trapnell/vol1/home/nlammers/projects/data/morphseq/pipeline/output/quality_control/20260804_seahub_GENE10_shard003/death_detection/20260804_seahub_GENE10_shard003_death_detection_qc.csv,False,,,,,canonical merged artifact absent
20260804_seahub_GENE10_shard003,focus_qc,pipeline_paths_py_merged_template,False,/net/trapnell/vol1/home/nlammers/projects/data/morphseq/pipeline/output/quality_control/20260804_seahub_GENE10_shard003/focus_qc/20260804_seahub_GENE10_shard003_focus_qc.csv,False,,,,,canonical merged artifact absent
20260804_seahub_GENE10_shard003,motion_blur_qc,pipeline_paths_py_merged_template,False,/net/trapnell/vol1/home/nlammers/projects/data/morphseq/pipeline/output/quality_control/20260804_seahub_GENE10_shard003/motion_blur_qc/20260804_seahub_GENE10_shard003_motion_blur_qc.csv,False,,,,,canonical merged artifact absent
20260804_seahub_GENE10_shard003,snip_qc,pipeline_paths_py_merged_template,True,/net/trapnell/vol1/home/nlammers/projects/data/morphseq/pipeline/output/quality_control/20260804_seahub_GENE10_shard003/snip_qc/20260804_seahub_GENE10_shard003_snip_qc.parquet,True,96.0,16362.0,1.7860738033609009e+18,e3d3a3b437c9dac1a63b4236195a9e48bd5e963820815453e97a71391fbf942a,
20260804_seahub_GENE10_shard003,declared_bundle_frame_inventory,experiment_manifest.csv,True,/net/trapnell/vol1/home/nlammers/projects/data/morphseq/seahub/derived/20260804_prod01/bundle/experiments/20260804_seahub_GENE10_shard003/dropin_frame_inventory.csv,True,96.0,54711.0,1.786036117840346e+18,7effa7fa8e04df3bf79f6a44d193f59650373e3bd9990bcf99d230a508744fb2,
20260804_seahub_GENE10_shard003,declared_bundle_frame_masks,experiment_manifest.csv,True,/net/trapnell/vol1/home/nlammers/projects/data/morphseq/seahub/derived/20260804_prod01/bundle/experiments/20260804_seahub_GENE10_shard003/dropin_frame_masks.csv,True,96.0,346160.0,1.78603622915597e+18,e70e381f6540903a26cb5c87fd3c58e3e39de713b1a13e1808a3c15ec80c3dd7,
20260804_seahub_GENE10_shard003,declared_bundle_plate_metadata,experiment_manifest.csv,False,/net/trapnell/vol1/home/nlammers/projects/data/morphseq/seahub/derived/20260804_prod01/bundle/experiments/20260804_seahub_GENE10_shard003/plate_metadata.csv,True,,64384.0,1.786036117900382e+18,3d3358533f00a26c5da1cf6c752ad15540dc7069f291800d188d7a7642239550,
20260804_seahub_GENE10_shard003,declared_runtime_config,experiment_manifest.csv,False,/net/trapnell/vol1/home/nlammers/projects/data/morphseq/seahub/derived/20260804_prod01/bundle/experiments/20260804_seahub_GENE10_shard003/runtime_config.yaml,True,,1130.0,1.7860361179071816e+18,9301462d210d6b9087499481b28cfc8cf48fdd83b8178eb890d13c82711c506f,
