physical_embryo_id,experiment_id,observation_count,too_small_count,too_small_run_count,max_too_small_run_length,isolated_failure_neighbor_recovery_count,max_lower_deficit_fraction,min_normalized_boundary_margin,track_persistence_class
20260804_seahub_CHEM13_shard001_A01_e01,20260804_seahub_CHEM13_shard001,1,0,0,0,0,0.0,0.05553751778166545,single_observation_no_low_area
20260804_seahub_CHEM13_shard001_A02_e01,20260804_seahub_CHEM13_shard001,1,0,0,0,0,0.0,0.02009319269250509,single_observation_no_low_area
20260804_seahub_CHEM13_shard001_A03_e01,20260804_seahub_CHEM13_shard001,1,0,0,0,0,0.0,0.05312399369971866,single_observation_no_low_area
20260804_seahub_CHEM13_shard001_A04_e01,20260804_seahub_CHEM13_shard001,1,0,0,0,0,0.0,0.02002423486159237,single_observation_no_low_area
20260804_seahub_CHEM13_shard001_A05_e01,20260804_seahub_CHEM13_shard001,1,0,0,0,0,0.0,0.03698786126613197,single_observation_no_low_area
20260804_seahub_CHEM13_shard001_A06_e01,20260804_seahub_CHEM13_shard001,1,0,0,0,0,0.0,0.02347212640723062,single_observation_no_low_area
20260804_seahub_CHEM13_shard001_A07_e01,20260804_seahub_CHEM13_shard001,1,1,1,1,0,0.02948748773377149,-0.02948748773377149,single_observation_low_unassessable
20260804_seahub_CHEM13_shard001_A08_e01,20260804_seahub_CHEM13_shard001,1,1,1,1,0,0.007283066179861985,-0.007283066179861985,single_observation_low_unassessable
20260804_seahub_CHEM13_shard001_A09_e01,20260804_seahub_CHEM13_shard001,1,1,1,1,0,0.1778728949327123,-0.1778728949327123,single_observation_low_unassessable
20260804_seahub_CHEM13_shard001_A10_e01,20260804_seahub_CHEM13_shard001,1,0,0,0,0,0.0,0.29971274890690286,single_observation_no_low_area
20260804_seahub_CHEM13_shard001_A11_e01,20260804_seahub_CHEM13_shard001,1,1,1,1,0,0.02832733211745608,-0.02832733211745608,single_observation_low_unassessable
20260804_seahub_CHEM13_shard001_A12_e01,20260804_seahub_CHEM13_shard001,1,0,0,0,0,0.0,0.019479441210098338,single_observation_no_low_area
20260804_seahub_CHEM13_shard001_B01_e01,20260804_seahub_CHEM13_shard001,1,1,1,1,0,0.022874372034781813,-0.022874372034781813,single_observation_low_unassessable
20260804_seahub_CHEM13_shard001_B02_e01,20260804_seahub_CHEM13_shard001,1,1,1,1,0,0.2757273840875503,-0.2757273840875503,single_observation_low_unassessable
20260804_seahub_CHEM13_shard001_B03_e01,20260804_seahub_CHEM13_shard001,1,1,1,1,0,0.07889793452800972,-0.07889793452800972,single_observation_low_unassessable
20260804_seahub_CHEM13_shard001_B04_e01,20260804_seahub_CHEM13_shard001,1,1,1,1,0,0.0641824121131219,-0.0641824121131219,single_observation_low_unassessable
20260804_seahub_CHEM13_shard001_B05_e01,20260804_seahub_CHEM13_shard001,1,1,1,1,0,0.021330697959554713,-0.021330697959554713,single_observation_low_unassessable
20260804_seahub_CHEM13_shard001_B06_e01,20260804_seahub_CHEM13_shard001,1,0,0,0,0,0.0,0.31498460236393144,single_observation_no_low_area
20260804_seahub_CHEM13_shard001_B07_e01,20260804_seahub_CHEM13_shard001,1,1,1,1,0,0.23453476268053486,-0.23453476268053486,single_observation_low_unassessable
20260804_seahub_CHEM13_shard001_B08_e01,20260804_seahub_CHEM13_shard001,1,0,0,0,0,0.0,0.24612236877384314,single_observation_no_low_area
20260804_seahub_CHEM13_shard001_B09_e01,20260804_seahub_CHEM13_shard001,1,0,0,0,0,0.0,0.19868149373357036,single_observation_no_low_area
20260804_seahub_CHEM13_shard001_B10_e01,20260804_seahub_CHEM13_shard001,1,1,1,1,0,0.0804562887042307,-0.0804562887042307,single_observation_low_unassessable
20260804_seahub_CHEM13_shard001_B11_e01,20260804_seahub_CHEM13_shard001,1,0,0,0,0,0.0,0.028081402877067316,single_observation_no_low_area
20260804_seahub_CHEM13_shard001_B12_e01,20260804_seahub_CHEM13_shard001,1,1,1,1,0,0.025835504873434834,-0.025835504873434834,single_observation_low_unassessable
20260804_seahub_CHEM13_shard001_C01_e01,20260804_seahub_CHEM13_shard001,1,0,0,0,0,0.0,0.0035827406107279743,single_observation_no_low_area
20260804_seahub_CHEM13_shard001_C02_e01,20260804_seahub_CHEM13_shard001,1,0,0,0,0,0.0,0.004286170021683621,single_observation_no_low_area
20260804_seahub_CHEM13_shard001_C03_e01,20260804_seahub_CHEM13_shard001,1,0,0,0,0,0.0,0.01990230294490387,single_observation_no_low_area
20260804_seahub_CHEM13_shard001_C04_e01,20260804_seahub_CHEM13_shard001,1,0,0,0,0,0.0,0.01870647294627886,single_observation_no_low_area
20260804_seahub_CHEM13_shard001_C05_e01,20260804_seahub_CHEM13_shard001,1,1,1,1,0,0.02842329758776394,-0.02842329758776394,single_observation_low_unassessable
20260804_seahub_CHEM13_shard001_C06_e01,20260804_seahub_CHEM13_shard001,1,0,0,0,0,0.0,0.0025979394353895053,single_observation_no_low_area
20260804_seahub_CHEM13_shard001_C07_e01,20260804_seahub_CHEM13_shard001,1,0,0,0,0,0.0,0.04381890291740315,single_observation_no_low_area
20260804_seahub_CHEM13_shard001_C08_e01,20260804_seahub_CHEM13_shard001,1,1,1,1,0,0.02722746758913893,-0.02722746758913893,single_observation_low_unassessable
20260804_seahub_CHEM13_shard001_C09_e01,20260804_seahub_CHEM13_shard001,1,0,0,0,0,0.0,0.024613117274353846,single_observation_no_low_area
20260804_seahub_CHEM13_shard001_C10_e01,20260804_seahub_CHEM13_shard001,1,0,0,0,0,0.0,-0.1616351424667352,single_observation_no_low_area
20260804_seahub_CHEM13_shard001_C11_e01,20260804_seahub_CHEM13_shard001,1,1,1,1,0,0.032741278067128246,-0.032741278067128246,single_observation_low_unassessable
20260804_seahub_CHEM13_shard001_C12_e01,20260804_seahub_CHEM13_shard001,1,0,0,0,0,0.0,0.012358513549217144,single_observation_no_low_area
20260804_seahub_CHEM13_shard001_D01_e01,20260804_seahub_CHEM13_shard001,1,0,0,0,0,0.0,0.011717284284529972,single_observation_no_low_area
20260804_seahub_CHEM13_shard001_D02_e01,20260804_seahub_CHEM13_shard001,1,1,1,1,0,0.034593718165114064,-0.034593718165114064,single_observation_low_unassessable
20260804_seahub_CHEM13_shard001_D03_e01,20260804_seahub_CHEM13_shard001,1,1,1,1,0,0.029321388655462348,-0.029321388655462348,single_observation_low_unassessable
20260804_seahub_CHEM13_shard001_D04_e01,20260804_seahub_CHEM13_shard001,1,1,1,1,0,0.026115242332025335,-0.026115242332025335,single_observation_low_unassessable
20260804_seahub_CHEM13_shard001_D05_e01,20260804_seahub_CHEM13_shard001,1,1,1,1,0,0.1030516512134144,-0.1030516512134144,single_observation_low_unassessable
20260804_seahub_CHEM13_shard001_D06_e01,20260804_seahub_CHEM13_shard001,1,1,1,1,0,0.04333425219359419,-0.04333425219359419,single_observation_low_unassessable
20260804_seahub_CHEM13_shard001_D07_e01,20260804_seahub_CHEM13_shard001,1,1,1,1,0,0.026641318432498347,-0.026641318432498347,single_observation_low_unassessable
20260804_seahub_CHEM13_shard001_D08_e01,20260804_seahub_CHEM13_shard001,1,0,0,0,0,0.0,0.021761204983566342,single_observation_no_low_area
20260804_seahub_CHEM13_shard001_D09_e01,20260804_seahub_CHEM13_shard001,1,0,0,0,0,0.0,0.039711347145079685,single_observation_no_low_area
20260804_seahub_CHEM13_shard001_D10_e01,20260804_seahub_CHEM13_shard001,1,0,0,0,0,0.0,0.07079233259984004,single_observation_no_low_area
20260804_seahub_CHEM13_shard001_D11_e01,20260804_seahub_CHEM13_shard001,1,1,1,1,0,0.0012876156907499446,-0.0012876156907499446,single_observation_low_unassessable
20260804_seahub_CHEM13_shard001_D12_e01,20260804_seahub_CHEM13_shard001,1,0,0,0,0,0.0,0.03894305312260244,single_observation_no_low_area
20260804_seahub_CHEM13_shard001_E01_e01,20260804_seahub_CHEM13_shard001,1,0,0,0,0,0.0,0.17497603485021088,single_observation_no_low_area
20260804_seahub_CHEM13_shard001_E02_e01,20260804_seahub_CHEM13_shard001,1,1,1,1,0,0.08831908751743912,-0.08831908751743912,single_observation_low_unassessable
20260804_seahub_CHEM13_shard001_E03_e01,20260804_seahub_CHEM13_shard001,1,0,0,0,0,0.0,0.14677463961064527,single_observation_no_low_area
20260804_seahub_CHEM13_shard001_E04_e01,20260804_seahub_CHEM13_shard001,1,0,0,0,0,0.0,0.12762478389120202,single_observation_no_low_area
20260804_seahub_CHEM13_shard001_E05_e01,20260804_seahub_CHEM13_shard001,1,0,0,0,0,0.0,0.19541896764395772,single_observation_no_low_area
20260804_seahub_CHEM13_shard001_E06_e01,20260804_seahub_CHEM13_shard001,1,0,0,0,0,0.0,0.06143155270663143,single_observation_no_low_area
20260804_seahub_CHEM13_shard001_E07_e01,20260804_seahub_CHEM13_shard001,1,0,0,0,0,0.0,0.1478214162898433,single_observation_no_low_area
20260804_seahub_CHEM13_shard001_E08_e01,20260804_seahub_CHEM13_shard001,1,0,0,0,0,0.0,0.11629496571635456,single_observation_no_low_area
20260804_seahub_CHEM13_shard001_E09_e01,20260804_seahub_CHEM13_shard001,1,0,0,0,0,0.0,0.03074552896836754,single_observation_no_low_area
20260804_seahub_CHEM13_shard001_E10_e01,20260804_seahub_CHEM13_shard001,1,1,1,1,0,0.054567100637882365,-0.054567100637882365,single_observation_low_unassessable
20260804_seahub_CHEM13_shard001_E11_e01,20260804_seahub_CHEM13_shard001,1,0,0,0,0,0.0,0.054151104298653614,single_observation_no_low_area
20260804_seahub_CHEM13_shard001_E12_e01,20260804_seahub_CHEM13_shard001,1,0,0,0,0,0.0,0.001800172494818466,single_observation_no_low_area
20260804_seahub_CHEM13_shard001_F01_e01,20260804_seahub_CHEM13_shard001,1,0,0,0,0,0.0,0.02582897320372182,single_observation_no_low_area
20260804_seahub_CHEM13_shard001_F02_e01,20260804_seahub_CHEM13_shard001,1,0,0,0,0,0.0,0.010109844209712972,single_observation_no_low_area
20260804_seahub_CHEM13_shard001_F03_e01,20260804_seahub_CHEM13_shard001,1,0,0,0,0,0.0,0.050550246555532696,single_observation_no_low_area
20260804_seahub_CHEM13_shard001_F04_e01,20260804_seahub_CHEM13_shard001,1,1,1,1,0,0.00256240515550098,-0.00256240515550098,single_observation_low_unassessable
20260804_seahub_CHEM13_shard001_F05_e01,20260804_seahub_CHEM13_shard001,1,0,0,0,0,0.0,0.00582762518429869,single_observation_no_low_area
20260804_seahub_CHEM13_shard001_F06_e01,20260804_seahub_CHEM13_shard001,1,1,1,1,0,0.04296445468294119,-0.04296445468294119,single_observation_low_unassessable
20260804_seahub_CHEM13_shard001_F07_e01,20260804_seahub_CHEM13_shard001,1,0,0,0,0,0.0,0.0826066643684076,single_observation_no_low_area
20260804_seahub_CHEM13_shard001_F08_e01,20260804_seahub_CHEM13_shard001,1,1,1,1,0,0.22895186686276878,-0.22895186686276878,single_observation_low_unassessable
20260804_seahub_CHEM13_shard001_F09_e01,20260804_seahub_CHEM13_shard001,1,0,0,0,0,0.0,0.007678614557107425,single_observation_no_low_area
20260804_seahub_CHEM13_shard001_F10_e01,20260804_seahub_CHEM13_shard001,1,1,1,1,0,0.03541241804188124,-0.03541241804188124,single_observation_low_unassessable
20260804_seahub_CHEM13_shard001_F11_e01,20260804_seahub_CHEM13_shard001,1,1,1,1,0,0.23887316990102395,-0.23887316990102395,single_observation_low_unassessable
20260804_seahub_CHEM13_shard001_F12_e01,20260804_seahub_CHEM13_shard001,1,1,1,1,0,0.06384361480822441,-0.06384361480822441,single_observation_low_unassessable
20260804_seahub_CHEM13_shard001_G01_e01,20260804_seahub_CHEM13_shard001,1,0,0,0,0,0.0,0.0873264534366643,single_observation_no_low_area
20260804_seahub_CHEM13_shard001_G02_e01,20260804_seahub_CHEM13_shard001,1,0,0,0,0,0.0,0.055173770696548566,single_observation_no_low_area
20260804_seahub_CHEM13_shard001_G03_e01,20260804_seahub_CHEM13_shard001,1,1,1,1,0,0.041629263390109215,-0.041629263390109215,single_observation_low_unassessable
20260804_seahub_CHEM13_shard001_G04_e01,20260804_seahub_CHEM13_shard001,1,1,1,1,0,0.009131594783683153,-0.009131594783683153,single_observation_low_unassessable
20260804_seahub_CHEM13_shard001_G05_e01,20260804_seahub_CHEM13_shard001,1,0,0,0,0,0.0,0.05165491486018375,single_observation_no_low_area
20260804_seahub_CHEM13_shard001_G06_e01,20260804_seahub_CHEM13_shard001,1,1,1,1,0,0.011408501501330865,-0.011408501501330865,single_observation_low_unassessable
20260804_seahub_CHEM13_shard001_G07_e01,20260804_seahub_CHEM13_shard001,1,0,0,0,0,0.0,-0.1572222289628598,single_observation_no_low_area
20260804_seahub_CHEM13_shard001_G08_e01,20260804_seahub_CHEM13_shard001,1,1,1,1,0,0.025414927673527203,-0.025414927673527203,single_observation_low_unassessable
20260804_seahub_CHEM13_shard001_G09_e01,20260804_seahub_CHEM13_shard001,1,0,0,0,0,0.0,0.029650327940314174,single_observation_no_low_area
20260804_seahub_CHEM13_shard001_G10_e01,20260804_seahub_CHEM13_shard001,1,0,0,0,0,0.0,0.09768245697702084,single_observation_no_low_area
20260804_seahub_CHEM13_shard001_G11_e01,20260804_seahub_CHEM13_shard001,1,1,1,1,0,0.03014353547085392,-0.03014353547085392,single_observation_low_unassessable
20260804_seahub_CHEM13_shard001_G12_e01,20260804_seahub_CHEM13_shard001,1,1,1,1,0,0.02934628395870498,-0.02934628395870498,single_observation_low_unassessable
20260804_seahub_CHEM13_shard001_H01_e01,20260804_seahub_CHEM13_shard001,1,0,0,0,0,0.0,0.022142876200912015,single_observation_no_low_area
20260804_seahub_CHEM13_shard001_H02_e01,20260804_seahub_CHEM13_shard001,1,1,1,1,0,0.03419623065761103,-0.03419623065761103,single_observation_low_unassessable
20260804_seahub_CHEM13_shard001_H03_e01,20260804_seahub_CHEM13_shard001,1,1,1,1,0,0.0876120819715875,-0.0876120819715875,single_observation_low_unassessable
20260804_seahub_CHEM13_shard001_H04_e01,20260804_seahub_CHEM13_shard001,1,1,1,1,0,0.03924549023455384,-0.03924549023455384,single_observation_low_unassessable
20260804_seahub_CHEM13_shard001_H05_e01,20260804_seahub_CHEM13_shard001,1,0,0,0,0,0.0,0.018354166948419723,single_observation_no_low_area
20260804_seahub_CHEM13_shard001_H06_e01,20260804_seahub_CHEM13_shard001,1,0,0,0,0,0.0,0.038781589751668295,single_observation_no_low_area
20260804_seahub_CHEM13_shard001_H07_e01,20260804_seahub_CHEM13_shard001,1,0,0,0,0,0.0,0.015588608168902883,single_observation_no_low_area
20260804_seahub_CHEM13_shard001_H08_e01,20260804_seahub_CHEM13_shard001,1,0,0,0,0,0.0,0.01822845973116877,single_observation_no_low_area
20260804_seahub_CHEM13_shard001_H09_e01,20260804_seahub_CHEM13_shard001,1,0,0,0,0,0.0,0.025268063897211413,single_observation_no_low_area
20260804_seahub_CHEM13_shard001_H10_e01,20260804_seahub_CHEM13_shard001,1,0,0,0,0,0.0,0.0257708927662144,single_observation_no_low_area
20260804_seahub_CHEM13_shard001_H11_e01,20260804_seahub_CHEM13_shard001,1,0,0,0,0,0.0,0.046763998047091956,single_observation_no_low_area
20260804_seahub_CHEM13_shard001_H12_e01,20260804_seahub_CHEM13_shard001,1,0,0,0,0,0.0,0.008109028742482554,single_observation_no_low_area
20260804_seahub_CHEM13_shard002_A01_e01,20260804_seahub_CHEM13_shard002,1,0,0,0,0,0.0,0.017682245720253155,single_observation_no_low_area
20260804_seahub_CHEM13_shard002_A02_e01,20260804_seahub_CHEM13_shard002,1,0,0,0,0,0.0,0.03967537873188939,single_observation_no_low_area
20260804_seahub_CHEM13_shard002_A03_e01,20260804_seahub_CHEM13_shard002,1,1,1,1,0,0.033426796335196504,-0.033426796335196504,single_observation_low_unassessable
20260804_seahub_CHEM13_shard002_A04_e01,20260804_seahub_CHEM13_shard002,1,1,1,1,0,0.01174606578111196,-0.01174606578111196,single_observation_low_unassessable
20260804_seahub_CHEM13_shard002_A05_e01,20260804_seahub_CHEM13_shard002,1,0,0,0,0,0.0,0.03642639317335225,single_observation_no_low_area
20260804_seahub_CHEM13_shard002_A06_e01,20260804_seahub_CHEM13_shard002,1,0,0,0,0,0.0,0.02024394587217685,single_observation_no_low_area
20260804_seahub_CHEM13_shard002_A07_e01,20260804_seahub_CHEM13_shard002,1,0,0,0,0,0.0,0.06585470467471771,single_observation_no_low_area
20260804_seahub_CHEM13_shard002_A08_e01,20260804_seahub_CHEM13_shard002,1,0,0,0,0,0.0,0.03511430285163531,single_observation_no_low_area
20260804_seahub_CHEM13_shard002_A09_e01,20260804_seahub_CHEM13_shard002,1,1,1,1,0,0.021977730377541384,-0.021977730377541384,single_observation_low_unassessable
20260804_seahub_CHEM13_shard002_A10_e01,20260804_seahub_CHEM13_shard002,1,0,0,0,0,0.0,0.049815066334395995,single_observation_no_low_area
20260804_seahub_CHEM13_shard002_A11_e01,20260804_seahub_CHEM13_shard002,1,1,1,1,0,0.0006286484904012295,-0.0006286484904012295,single_observation_low_unassessable
20260804_seahub_CHEM13_shard002_A12_e01,20260804_seahub_CHEM13_shard002,1,1,1,1,0,0.0937054384251888,-0.0937054384251888,single_observation_low_unassessable
20260804_seahub_CHEM13_shard002_B01_e01,20260804_seahub_CHEM13_shard002,1,0,0,0,0,0.0,0.00451335598851355,single_observation_no_low_area
20260804_seahub_CHEM13_shard002_B02_e01,20260804_seahub_CHEM13_shard002,1,1,1,1,0,0.06278832288740982,-0.06278832288740982,single_observation_low_unassessable
20260804_seahub_CHEM13_shard002_B03_e01,20260804_seahub_CHEM13_shard002,1,0,0,0,0,0.0,0.04512868250551141,single_observation_no_low_area
20260804_seahub_CHEM13_shard002_B04_e01,20260804_seahub_CHEM13_shard002,1,1,1,1,0,0.08316107481019894,-0.08316107481019894,single_observation_low_unassessable
20260804_seahub_CHEM13_shard002_B05_e01,20260804_seahub_CHEM13_shard002,1,0,0,0,0,0.0,0.08403109833744354,single_observation_no_low_area
20260804_seahub_CHEM13_shard002_B06_e01,20260804_seahub_CHEM13_shard002,1,1,1,1,0,0.01743055709329709,-0.01743055709329709,single_observation_low_unassessable
20260804_seahub_CHEM13_shard002_B07_e01,20260804_seahub_CHEM13_shard002,1,0,0,0,0,0.0,0.01399063416286059,single_observation_no_low_area
20260804_seahub_CHEM13_shard002_B08_e01,20260804_seahub_CHEM13_shard002,1,0,0,0,0,0.0,0.03082788605112052,single_observation_no_low_area
20260804_seahub_CHEM13_shard002_B09_e01,20260804_seahub_CHEM13_shard002,1,0,0,0,0,0.0,0.0775841208486302,single_observation_no_low_area
20260804_seahub_CHEM13_shard002_B10_e01,20260804_seahub_CHEM13_shard002,1,0,0,0,0,0.0,0.11357452915996628,single_observation_no_low_area
20260804_seahub_CHEM13_shard002_B11_e01,20260804_seahub_CHEM13_shard002,1,0,0,0,0,0.0,0.006667368471684348,single_observation_no_low_area
20260804_seahub_CHEM13_shard002_B12_e01,20260804_seahub_CHEM13_shard002,1,0,0,0,0,0.0,0.02100093978176444,single_observation_no_low_area
20260804_seahub_CHEM13_shard002_C01_e01,20260804_seahub_CHEM13_shard002,1,1,1,1,0,0.020513225639570774,-0.020513225639570774,single_observation_low_unassessable
20260804_seahub_CHEM13_shard002_C02_e01,20260804_seahub_CHEM13_shard002,1,0,0,0,0,0.0,0.005973635876162679,single_observation_no_low_area
20260804_seahub_CHEM13_shard002_C03_e01,20260804_seahub_CHEM13_shard002,1,1,1,1,0,0.004963724849239565,-0.004963724849239565,single_observation_low_unassessable
20260804_seahub_CHEM13_shard002_C04_e01,20260804_seahub_CHEM13_shard002,1,1,1,1,0,0.033229554675731264,-0.033229554675731264,single_observation_low_unassessable
20260804_seahub_CHEM13_shard002_C05_e01,20260804_seahub_CHEM13_shard002,1,0,0,0,0,0.0,0.018228750905830243,single_observation_no_low_area
20260804_seahub_CHEM13_shard002_C06_e01,20260804_seahub_CHEM13_shard002,1,1,1,1,0,0.049569708048621736,-0.049569708048621736,single_observation_low_unassessable
20260804_seahub_CHEM13_shard002_C07_e01,20260804_seahub_CHEM13_shard002,1,1,1,1,0,0.02420293769151376,-0.02420293769151376,single_observation_low_unassessable
20260804_seahub_CHEM13_shard002_C08_e01,20260804_seahub_CHEM13_shard002,1,1,1,1,0,0.04561644513582566,-0.04561644513582566,single_observation_low_unassessable
20260804_seahub_CHEM13_shard002_C09_e01,20260804_seahub_CHEM13_shard002,1,0,0,0,0,0.0,0.028731685488987475,single_observation_no_low_area
20260804_seahub_CHEM13_shard002_C10_e01,20260804_seahub_CHEM13_shard002,1,0,0,0,0,0.0,0.0006958933042798238,single_observation_no_low_area
20260804_seahub_CHEM13_shard002_C11_e01,20260804_seahub_CHEM13_shard002,1,0,0,0,0,0.0,0.004647246565211625,single_observation_no_low_area
20260804_seahub_CHEM13_shard002_C12_e01,20260804_seahub_CHEM13_shard002,1,0,0,0,0,0.0,0.019072821962264806,single_observation_no_low_area
20260804_seahub_CHEM13_shard002_D01_e01,20260804_seahub_CHEM13_shard002,1,0,0,0,0,0.0,0.014055230519811703,single_observation_no_low_area
20260804_seahub_CHEM13_shard002_D02_e01,20260804_seahub_CHEM13_shard002,1,0,0,0,0,0.0,0.031177761317183614,single_observation_no_low_area
20260804_seahub_CHEM13_shard002_D03_e01,20260804_seahub_CHEM13_shard002,1,0,0,0,0,0.0,0.04673229478878846,single_observation_no_low_area
20260804_seahub_CHEM13_shard002_D04_e01,20260804_seahub_CHEM13_shard002,1,0,0,0,0,0.0,0.05407052227337675,single_observation_no_low_area
20260804_seahub_CHEM13_shard002_D05_e01,20260804_seahub_CHEM13_shard002,1,1,1,1,0,0.07812362927838078,-0.07812362927838078,single_observation_low_unassessable
20260804_seahub_CHEM13_shard002_D06_e01,20260804_seahub_CHEM13_shard002,1,1,1,1,0,0.009943404141883034,-0.009943404141883034,single_observation_low_unassessable
20260804_seahub_CHEM13_shard002_D07_e01,20260804_seahub_CHEM13_shard002,1,0,0,0,0,0.0,0.006895461945256093,single_observation_no_low_area
20260804_seahub_CHEM13_shard002_D08_e01,20260804_seahub_CHEM13_shard002,1,1,1,1,0,0.03530479837108423,-0.03530479837108423,single_observation_low_unassessable
20260804_seahub_CHEM13_shard002_D09_e01,20260804_seahub_CHEM13_shard002,1,1,1,1,0,0.08554647636985434,-0.08554647636985434,single_observation_low_unassessable
20260804_seahub_CHEM13_shard002_D10_e01,20260804_seahub_CHEM13_shard002,1,1,1,1,0,0.08286600380904445,-0.08286600380904445,single_observation_low_unassessable
20260804_seahub_CHEM13_shard002_D11_e01,20260804_seahub_CHEM13_shard002,1,1,1,1,0,0.12286690202420754,-0.12286690202420754,single_observation_low_unassessable
20260804_seahub_CHEM13_shard002_D12_e01,20260804_seahub_CHEM13_shard002,1,1,1,1,0,0.03935987224513002,-0.03935987224513002,single_observation_low_unassessable
20260804_seahub_CHEM13_shard002_E01_e01,20260804_seahub_CHEM13_shard002,1,0,0,0,0,0.0,0.06006532922863558,single_observation_no_low_area
20260804_seahub_CHEM13_shard002_E02_e01,20260804_seahub_CHEM13_shard002,1,1,1,1,0,0.01760193607423601,-0.01760193607423601,single_observation_low_unassessable
20260804_seahub_CHEM13_shard002_E03_e01,20260804_seahub_CHEM13_shard002,1,0,0,0,0,0.0,0.0007103787457322152,single_observation_no_low_area
20260804_seahub_CHEM13_shard002_E04_e01,20260804_seahub_CHEM13_shard002,1,0,0,0,0,0.0,0.007241344171035356,single_observation_no_low_area
20260804_seahub_CHEM13_shard002_E05_e01,20260804_seahub_CHEM13_shard002,1,0,0,0,0,0.0,0.00032620430894958886,single_observation_no_low_area
20260804_seahub_CHEM13_shard002_E06_e01,20260804_seahub_CHEM13_shard002,1,0,0,0,0,0.0,0.04918038685312977,single_observation_no_low_area
20260804_seahub_CHEM13_shard002_E07_e01,20260804_seahub_CHEM13_shard002,1,0,0,0,0,0.0,0.049436503144318265,single_observation_no_low_area
20260804_seahub_CHEM13_shard002_E08_e01,20260804_seahub_CHEM13_shard002,1,1,1,1,0,0.010750825284947191,-0.010750825284947191,single_observation_low_unassessable
20260804_seahub_CHEM13_shard002_E09_e01,20260804_seahub_CHEM13_shard002,1,0,0,0,0,0.0,0.03479976436047156,single_observation_no_low_area
20260804_seahub_CHEM13_shard002_E10_e01,20260804_seahub_CHEM13_shard002,1,0,0,0,0,0.0,0.05040833964189289,single_observation_no_low_area
20260804_seahub_CHEM13_shard002_E11_e01,20260804_seahub_CHEM13_shard002,1,0,0,0,0,0.0,0.03181218549801217,single_observation_no_low_area
20260804_seahub_CHEM13_shard002_E12_e01,20260804_seahub_CHEM13_shard002,1,0,0,0,0,0.0,0.060773409164711446,single_observation_no_low_area
20260804_seahub_CHEM13_shard002_F01_e01,20260804_seahub_CHEM13_shard002,1,0,0,0,0,0.0,0.054615338448213264,single_observation_no_low_area
20260804_seahub_CHEM13_shard002_F02_e01,20260804_seahub_CHEM13_shard002,1,0,0,0,0,0.0,0.0007169769295557899,single_observation_no_low_area
20260804_seahub_CHEM13_shard002_F03_e01,20260804_seahub_CHEM13_shard002,1,0,0,0,0,0.0,0.1122939017928402,single_observation_no_low_area
20260804_seahub_CHEM13_shard002_F04_e01,20260804_seahub_CHEM13_shard002,1,0,0,0,0,0.0,0.07686975242367718,single_observation_no_low_area
20260804_seahub_CHEM13_shard002_F05_e01,20260804_seahub_CHEM13_shard002,1,0,0,0,0,0.0,0.05345950719934578,single_observation_no_low_area
20260804_seahub_CHEM13_shard002_F06_e01,20260804_seahub_CHEM13_shard002,1,0,0,0,0,0.0,0.00540603673485951,single_observation_no_low_area
20260804_seahub_CHEM13_shard002_F07_e01,20260804_seahub_CHEM13_shard002,1,1,1,1,0,0.03488188670705097,-0.03488188670705097,single_observation_low_unassessable
20260804_seahub_CHEM13_shard002_F08_e01,20260804_seahub_CHEM13_shard002,1,1,1,1,0,0.05519177891994164,-0.05519177891994164,single_observation_low_unassessable
20260804_seahub_CHEM13_shard002_F09_e01,20260804_seahub_CHEM13_shard002,1,1,1,1,0,0.0228685190909296,-0.0228685190909296,single_observation_low_unassessable
20260804_seahub_CHEM13_shard002_F10_e01,20260804_seahub_CHEM13_shard002,1,0,0,0,0,0.0,0.07768535902191138,single_observation_no_low_area
20260804_seahub_CHEM13_shard002_F11_e01,20260804_seahub_CHEM13_shard002,1,1,1,1,0,0.05393070718123266,-0.05393070718123266,single_observation_low_unassessable
20260804_seahub_CHEM13_shard002_F12_e01,20260804_seahub_CHEM13_shard002,1,1,1,1,0,0.05950597171026162,-0.05950597171026162,single_observation_low_unassessable
20260804_seahub_CHEM13_shard002_G01_e01,20260804_seahub_CHEM13_shard002,1,1,1,1,0,0.017550464183454913,-0.017550464183454913,single_observation_low_unassessable
20260804_seahub_CHEM13_shard002_G02_e01,20260804_seahub_CHEM13_shard002,1,0,0,0,0,0.0,0.02277041425963127,single_observation_no_low_area
20260804_seahub_CHEM13_shard002_G03_e01,20260804_seahub_CHEM13_shard002,1,0,0,0,0,0.0,0.09455043961985057,single_observation_no_low_area
20260804_seahub_CHEM13_shard002_G04_e01,20260804_seahub_CHEM13_shard002,1,0,0,0,0,0.0,0.03688588661882778,single_observation_no_low_area
20260804_seahub_CHEM13_shard002_G05_e01,20260804_seahub_CHEM13_shard002,1,0,0,0,0,0.0,0.07372537053386082,single_observation_no_low_area
20260804_seahub_CHEM13_shard002_G06_e01,20260804_seahub_CHEM13_shard002,1,0,0,0,0,0.0,0.007135787924557069,single_observation_no_low_area
20260804_seahub_CHEM13_shard002_G07_e01,20260804_seahub_CHEM13_shard002,1,1,1,1,0,0.16902277519492268,-0.16902277519492268,single_observation_low_unassessable
20260804_seahub_CHEM13_shard002_G08_e01,20260804_seahub_CHEM13_shard002,1,1,1,1,0,0.1749094968514486,-0.1749094968514486,single_observation_low_unassessable
20260804_seahub_CHEM13_shard002_G09_e01,20260804_seahub_CHEM13_shard002,1,1,1,1,0,0.031054190601639844,-0.031054190601639844,single_observation_low_unassessable
20260804_seahub_CHEM13_shard002_G10_e01,20260804_seahub_CHEM13_shard002,1,0,0,0,0,0.0,0.06405477226098398,single_observation_no_low_area
20260804_seahub_CHEM13_shard002_G11_e01,20260804_seahub_CHEM13_shard002,1,0,0,0,0,0.0,0.01705829647880085,single_observation_no_low_area
20260804_seahub_CHEM13_shard002_G12_e01,20260804_seahub_CHEM13_shard002,1,0,0,0,0,0.0,0.04415257077538919,single_observation_no_low_area
20260804_seahub_CHEM13_shard002_H01_e01,20260804_seahub_CHEM13_shard002,1,0,0,0,0,0.0,0.026606393141671947,single_observation_no_low_area
20260804_seahub_CHEM13_shard002_H02_e01,20260804_seahub_CHEM13_shard002,1,0,0,0,0,0.0,0.05177864798014968,single_observation_no_low_area
20260804_seahub_CHEM13_shard002_H03_e01,20260804_seahub_CHEM13_shard002,1,0,0,0,0,0.0,0.013772263211708866,single_observation_no_low_area
20260804_seahub_CHEM13_shard002_H04_e01,20260804_seahub_CHEM13_shard002,1,0,0,0,0,0.0,0.07037883628444379,single_observation_no_low_area
20260804_seahub_CHEM15_shard001_A01_e01,20260804_seahub_CHEM15_shard001,1,0,0,0,0,0.0,0.2972710723740073,single_observation_no_low_area
20260804_seahub_CHEM15_shard001_A02_e01,20260804_seahub_CHEM15_shard001,1,0,0,0,0,0.0,0.31418511366758645,single_observation_no_low_area
20260804_seahub_CHEM15_shard001_A03_e01,20260804_seahub_CHEM15_shard001,1,0,0,0,0,0.0,0.32756210148501247,single_observation_no_low_area
20260804_seahub_CHEM15_shard001_A04_e01,20260804_seahub_CHEM15_shard001,1,0,0,0,0,0.0,0.28182723707725993,single_observation_no_low_area
20260804_seahub_CHEM15_shard001_A05_e01,20260804_seahub_CHEM15_shard001,1,0,0,0,0,0.0,0.32257143008363326,single_observation_no_low_area
20260804_seahub_CHEM15_shard001_A06_e01,20260804_seahub_CHEM15_shard001,1,0,0,0,0,0.0,0.22494484074624022,single_observation_no_low_area
20260804_seahub_CHEM15_shard001_A07_e01,20260804_seahub_CHEM15_shard001,1,0,0,0,0,0.0,0.2477358888886735,single_observation_no_low_area
20260804_seahub_CHEM15_shard001_A08_e01,20260804_seahub_CHEM15_shard001,1,0,0,0,0,0.0,0.34718773532838276,single_observation_no_low_area
20260804_seahub_CHEM15_shard001_A09_e01,20260804_seahub_CHEM15_shard001,1,0,0,0,0,0.0,0.3647780918097672,single_observation_no_low_area
20260804_seahub_CHEM15_shard001_A10_e01,20260804_seahub_CHEM15_shard001,1,0,0,0,0,0.0,0.16812504152364205,single_observation_no_low_area
20260804_seahub_CHEM15_shard001_A11_e01,20260804_seahub_CHEM15_shard001,1,0,0,0,0,0.0,0.22265642433049834,single_observation_no_low_area
20260804_seahub_CHEM15_shard001_A12_e01,20260804_seahub_CHEM15_shard001,1,0,0,0,0,0.0,0.24572541346880974,single_observation_no_low_area
20260804_seahub_CHEM15_shard001_B01_e01,20260804_seahub_CHEM15_shard001,1,0,0,0,0,0.0,0.35385531228811307,single_observation_no_low_area
20260804_seahub_CHEM15_shard001_B02_e01,20260804_seahub_CHEM15_shard001,1,0,0,0,0,0.0,0.287537956281999,single_observation_no_low_area
20260804_seahub_CHEM15_shard001_B03_e01,20260804_seahub_CHEM15_shard001,1,0,0,0,0,0.0,0.2710086136181643,single_observation_no_low_area
20260804_seahub_CHEM15_shard001_B04_e01,20260804_seahub_CHEM15_shard001,1,0,0,0,0,0.0,0.2994843970857672,single_observation_no_low_area
20260804_seahub_CHEM15_shard001_B05_e01,20260804_seahub_CHEM15_shard001,1,0,0,0,0,0.0,0.21307910211423178,single_observation_no_low_area
20260804_seahub_CHEM15_shard001_B06_e01,20260804_seahub_CHEM15_shard001,1,0,0,0,0,0.0,0.2085361213930621,single_observation_no_low_area
20260804_seahub_CHEM15_shard001_B07_e01,20260804_seahub_CHEM15_shard001,1,0,0,0,0,0.0,0.30362896785209736,single_observation_no_low_area
20260804_seahub_CHEM15_shard001_B08_e01,20260804_seahub_CHEM15_shard001,1,0,0,0,0,0.0,0.35953860559104167,single_observation_no_low_area
20260804_seahub_CHEM15_shard001_B09_e01,20260804_seahub_CHEM15_shard001,1,0,0,0,0,0.0,0.34012768796422443,single_observation_no_low_area
20260804_seahub_CHEM15_shard001_B10_e01,20260804_seahub_CHEM15_shard001,1,0,0,0,0,0.0,0.24859695138883364,single_observation_no_low_area
20260804_seahub_CHEM15_shard001_B11_e01,20260804_seahub_CHEM15_shard001,1,0,0,0,0,0.0,0.3569057417639999,single_observation_no_low_area
20260804_seahub_CHEM15_shard001_B12_e01,20260804_seahub_CHEM15_shard001,1,0,0,0,0,0.0,0.1761673837547257,single_observation_no_low_area
20260804_seahub_CHEM15_shard001_C01_e01,20260804_seahub_CHEM15_shard001,1,0,0,0,0,0.0,0.19848560560834244,single_observation_no_low_area
20260804_seahub_CHEM15_shard001_C02_e01,20260804_seahub_CHEM15_shard001,1,0,0,0,0,0.0,0.32356485698306486,single_observation_no_low_area
20260804_seahub_CHEM15_shard001_C03_e01,20260804_seahub_CHEM15_shard001,1,1,1,1,0,0.07585412352661744,-0.07585412352661744,single_observation_low_unassessable
20260804_seahub_CHEM15_shard001_C04_e01,20260804_seahub_CHEM15_shard001,1,1,1,1,0,0.09534773628657196,-0.09534773628657196,single_observation_low_unassessable
20260804_seahub_CHEM15_shard001_C05_e01,20260804_seahub_CHEM15_shard001,1,0,0,0,0,0.0,0.07049088722260057,single_observation_no_low_area
20260804_seahub_CHEM15_shard001_C06_e01,20260804_seahub_CHEM15_shard001,1,0,0,0,0,0.0,0.3597108539321961,single_observation_no_low_area
20260804_seahub_CHEM15_shard001_C07_e01,20260804_seahub_CHEM15_shard001,1,0,0,0,0,0.0,0.25439397299612965,single_observation_no_low_area
20260804_seahub_CHEM15_shard001_C08_e01,20260804_seahub_CHEM15_shard001,1,0,0,0,0,0.0,0.12468427401567038,single_observation_no_low_area
20260804_seahub_CHEM15_shard001_C09_e01,20260804_seahub_CHEM15_shard001,1,0,0,0,0,0.0,0.3126268080356886,single_observation_no_low_area
20260804_seahub_CHEM15_shard001_C10_e01,20260804_seahub_CHEM15_shard001,1,0,0,0,0,0.0,0.29108753878592025,single_observation_no_low_area
20260804_seahub_CHEM15_shard001_C11_e01,20260804_seahub_CHEM15_shard001,1,0,0,0,0,0.0,0.25099281599920936,single_observation_no_low_area
20260804_seahub_CHEM15_shard001_C12_e01,20260804_seahub_CHEM15_shard001,1,0,0,0,0,0.0,0.36106758132953487,single_observation_no_low_area
20260804_seahub_CHEM15_shard001_D01_e01,20260804_seahub_CHEM15_shard001,1,0,0,0,0,0.0,0.31434980302073384,single_observation_no_low_area
20260804_seahub_CHEM15_shard001_D02_e01,20260804_seahub_CHEM15_shard001,1,0,0,0,0,0.0,0.2952782220046487,single_observation_no_low_area
20260804_seahub_CHEM15_shard001_D03_e01,20260804_seahub_CHEM15_shard001,1,0,0,0,0,0.0,0.3452458219132032,single_observation_no_low_area
20260804_seahub_CHEM15_shard001_D04_e01,20260804_seahub_CHEM15_shard001,1,0,0,0,0,0.0,0.24567614575964092,single_observation_no_low_area
20260804_seahub_CHEM15_shard001_D05_e01,20260804_seahub_CHEM15_shard001,1,0,0,0,0,0.0,0.08233487965700806,single_observation_no_low_area
20260804_seahub_CHEM15_shard001_D06_e01,20260804_seahub_CHEM15_shard001,1,1,1,1,0,0.07087348245903749,-0.07087348245903749,single_observation_low_unassessable
20260804_seahub_CHEM15_shard001_D07_e01,20260804_seahub_CHEM15_shard001,1,0,0,0,0,0.0,0.15728258515563645,single_observation_no_low_area
20260804_seahub_CHEM15_shard001_D08_e01,20260804_seahub_CHEM15_shard001,1,1,1,1,0,0.004801985618294936,-0.004801985618294936,single_observation_low_unassessable
20260804_seahub_CHEM15_shard001_D09_e01,20260804_seahub_CHEM15_shard001,1,0,0,0,0,0.0,0.07233351778896742,single_observation_no_low_area
20260804_seahub_CHEM15_shard001_D10_e01,20260804_seahub_CHEM15_shard001,1,1,1,1,0,0.06137218868439903,-0.06137218868439903,single_observation_low_unassessable
20260804_seahub_CHEM15_shard001_D11_e01,20260804_seahub_CHEM15_shard001,1,0,0,0,0,0.0,0.1904120963435207,single_observation_no_low_area
20260804_seahub_CHEM15_shard001_D12_e01,20260804_seahub_CHEM15_shard001,1,0,0,0,0,0.0,0.09396146282860501,single_observation_no_low_area
20260804_seahub_CHEM15_shard001_E01_e01,20260804_seahub_CHEM15_shard001,1,0,0,0,0,0.0,0.3640928074390876,single_observation_no_low_area
20260804_seahub_CHEM15_shard001_E02_e01,20260804_seahub_CHEM15_shard001,1,0,0,0,0,0.0,0.32087718940631615,single_observation_no_low_area
20260804_seahub_CHEM15_shard001_E03_e01,20260804_seahub_CHEM15_shard001,1,0,0,0,0,0.0,0.2850873250566152,single_observation_no_low_area
20260804_seahub_CHEM15_shard001_E04_e01,20260804_seahub_CHEM15_shard001,1,0,0,0,0,0.0,0.2931083330900728,single_observation_no_low_area
20260804_seahub_CHEM15_shard001_E05_e01,20260804_seahub_CHEM15_shard001,1,0,0,0,0,0.0,0.2645271462366765,single_observation_no_low_area
20260804_seahub_CHEM15_shard001_E06_e01,20260804_seahub_CHEM15_shard001,1,0,0,0,0,0.0,0.3646882149076373,single_observation_no_low_area
20260804_seahub_CHEM15_shard001_E07_e01,20260804_seahub_CHEM15_shard001,1,0,0,0,0,0.0,0.3012816387444187,single_observation_no_low_area
20260804_seahub_CHEM15_shard001_E08_e01,20260804_seahub_CHEM15_shard001,1,0,0,0,0,0.0,0.2894531901887504,single_observation_no_low_area
20260804_seahub_CHEM15_shard001_E09_e01,20260804_seahub_CHEM15_shard001,1,0,0,0,0,0.0,0.33149180570113485,single_observation_no_low_area
20260804_seahub_CHEM15_shard001_E10_e01,20260804_seahub_CHEM15_shard001,1,0,0,0,0,0.0,0.3326516374717176,single_observation_no_low_area
20260804_seahub_CHEM15_shard001_E11_e01,20260804_seahub_CHEM15_shard001,1,0,0,0,0,0.0,0.210800206342958,single_observation_no_low_area
20260804_seahub_CHEM15_shard001_E12_e01,20260804_seahub_CHEM15_shard001,1,0,0,0,0,0.0,0.34061974178704735,single_observation_no_low_area
20260804_seahub_CHEM15_shard001_F01_e01,20260804_seahub_CHEM15_shard001,1,0,0,0,0,0.0,0.269187790673701,single_observation_no_low_area
20260804_seahub_CHEM15_shard001_F02_e01,20260804_seahub_CHEM15_shard001,1,0,0,0,0,0.0,0.26889132779227826,single_observation_no_low_area
20260804_seahub_CHEM15_shard001_F03_e01,20260804_seahub_CHEM15_shard001,1,0,0,0,0,0.0,0.3340507484671,single_observation_no_low_area
20260804_seahub_CHEM15_shard001_F04_e01,20260804_seahub_CHEM15_shard001,1,0,0,0,0,0.0,0.2998170873175409,single_observation_no_low_area
20260804_seahub_CHEM15_shard001_F05_e01,20260804_seahub_CHEM15_shard001,1,0,0,0,0,0.0,0.3217915890837417,single_observation_no_low_area
20260804_seahub_CHEM15_shard001_F06_e01,20260804_seahub_CHEM15_shard001,1,0,0,0,0,0.0,0.2612284729925857,single_observation_no_low_area
20260804_seahub_CHEM15_shard001_F07_e01,20260804_seahub_CHEM15_shard001,1,0,0,0,0,0.0,0.34073980229642314,single_observation_no_low_area
20260804_seahub_CHEM15_shard001_F08_e01,20260804_seahub_CHEM15_shard001,1,0,0,0,0,0.0,0.22604422763944282,single_observation_no_low_area
20260804_seahub_CHEM15_shard001_F09_e01,20260804_seahub_CHEM15_shard001,1,0,0,0,0,0.0,0.31061313940457114,single_observation_no_low_area
20260804_seahub_CHEM15_shard001_F10_e01,20260804_seahub_CHEM15_shard001,1,0,0,0,0,0.0,0.3500544686675818,single_observation_no_low_area
20260804_seahub_CHEM15_shard001_F11_e01,20260804_seahub_CHEM15_shard001,1,0,0,0,0,0.0,0.3721110258798737,single_observation_no_low_area
20260804_seahub_CHEM15_shard001_F12_e01,20260804_seahub_CHEM15_shard001,1,0,0,0,0,0.0,0.3210866954124107,single_observation_no_low_area
20260804_seahub_CHEM15_shard001_G01_e01,20260804_seahub_CHEM15_shard001,1,0,0,0,0,0.0,0.3352414622397606,single_observation_no_low_area
20260804_seahub_CHEM15_shard001_G02_e01,20260804_seahub_CHEM15_shard001,1,0,0,0,0,0.0,0.3582818265319589,single_observation_no_low_area
20260804_seahub_CHEM15_shard001_G03_e01,20260804_seahub_CHEM15_shard001,1,0,0,0,0,0.0,0.12669176302667584,single_observation_no_low_area
20260804_seahub_CHEM15_shard001_G04_e01,20260804_seahub_CHEM15_shard001,1,0,0,0,0,0.0,0.19581914402066547,single_observation_no_low_area
20260804_seahub_CHEM15_shard001_G05_e01,20260804_seahub_CHEM15_shard001,1,0,0,0,0,0.0,0.3769916626420712,single_observation_no_low_area
20260804_seahub_CHEM15_shard001_G06_e01,20260804_seahub_CHEM15_shard001,1,0,0,0,0,0.0,0.27642078452734414,single_observation_no_low_area
20260804_seahub_CHEM15_shard001_G07_e01,20260804_seahub_CHEM15_shard001,1,0,0,0,0,0.0,0.32851373203709994,single_observation_no_low_area
20260804_seahub_CHEM15_shard001_G08_e01,20260804_seahub_CHEM15_shard001,1,0,0,0,0,0.0,0.0815596756100988,single_observation_no_low_area
20260804_seahub_CHEM15_shard001_G09_e01,20260804_seahub_CHEM15_shard001,1,0,0,0,0,0.0,0.24178337155793347,single_observation_no_low_area
20260804_seahub_CHEM15_shard001_G10_e01,20260804_seahub_CHEM15_shard001,1,0,0,0,0,0.0,0.3525283658655223,single_observation_no_low_area
20260804_seahub_CHEM15_shard001_G11_e01,20260804_seahub_CHEM15_shard001,1,0,0,0,0,0.0,0.09788144244074724,single_observation_no_low_area
20260804_seahub_CHEM15_shard001_G12_e01,20260804_seahub_CHEM15_shard001,1,0,0,0,0,0.0,0.20492384302430317,single_observation_no_low_area
20260804_seahub_CHEM15_shard001_H01_e01,20260804_seahub_CHEM15_shard001,1,0,0,0,0,0.0,0.2213983049874156,single_observation_no_low_area
20260804_seahub_CHEM15_shard001_H02_e01,20260804_seahub_CHEM15_shard001,1,0,0,0,0,0.0,0.29624062082488833,single_observation_no_low_area
20260804_seahub_CHEM15_shard001_H03_e01,20260804_seahub_CHEM15_shard001,1,0,0,0,0,0.0,0.292038800980761,single_observation_no_low_area
20260804_seahub_CHEM15_shard001_H04_e01,20260804_seahub_CHEM15_shard001,1,0,0,0,0,0.0,0.36155603820389454,single_observation_no_low_area
20260804_seahub_CHEM15_shard001_H05_e01,20260804_seahub_CHEM15_shard001,1,0,0,0,0,0.0,0.29153863447902745,single_observation_no_low_area
20260804_seahub_CHEM15_shard001_H06_e01,20260804_seahub_CHEM15_shard001,1,0,0,0,0,0.0,0.285277085022161,single_observation_no_low_area
20260804_seahub_CHEM15_shard001_H07_e01,20260804_seahub_CHEM15_shard001,1,0,0,0,0,0.0,0.29490009787166094,single_observation_no_low_area
20260804_seahub_CHEM15_shard001_H08_e01,20260804_seahub_CHEM15_shard001,1,0,0,0,0,0.0,0.3513495189207745,single_observation_no_low_area
20260804_seahub_CHEM15_shard001_H09_e01,20260804_seahub_CHEM15_shard001,1,0,0,0,0,0.0,0.36328280904533317,single_observation_no_low_area
20260804_seahub_CHEM15_shard001_H10_e01,20260804_seahub_CHEM15_shard001,1,0,0,0,0,0.0,0.3449101047179489,single_observation_no_low_area
20260804_seahub_CHEM15_shard001_H11_e01,20260804_seahub_CHEM15_shard001,1,0,0,0,0,0.0,0.2533163915360969,single_observation_no_low_area
20260804_seahub_CHEM15_shard001_H12_e01,20260804_seahub_CHEM15_shard001,1,0,0,0,0,0.0,0.35702146171458743,single_observation_no_low_area
20260804_seahub_CHEM15_shard002_A01_e01,20260804_seahub_CHEM15_shard002,1,0,0,0,0,0.0,0.19743126840376654,single_observation_no_low_area
20260804_seahub_CHEM15_shard002_A02_e01,20260804_seahub_CHEM15_shard002,1,0,0,0,0,0.0,0.36064860094142076,single_observation_no_low_area
20260804_seahub_CHEM15_shard002_A03_e01,20260804_seahub_CHEM15_shard002,1,0,0,0,0,0.0,0.4682801441031561,single_observation_no_low_area
20260804_seahub_CHEM15_shard002_A04_e01,20260804_seahub_CHEM15_shard002,1,0,0,0,0,0.0,0.38853101391320394,single_observation_no_low_area
20260804_seahub_CHEM15_shard002_A05_e01,20260804_seahub_CHEM15_shard002,1,0,0,0,0,0.0,0.12844860046178436,single_observation_no_low_area
20260804_seahub_CHEM15_shard002_A06_e01,20260804_seahub_CHEM15_shard002,1,0,0,0,0,0.0,0.19105250883239153,single_observation_no_low_area
20260804_seahub_CHEM15_shard002_A07_e01,20260804_seahub_CHEM15_shard002,1,0,0,0,0,0.0,0.342104165898867,single_observation_no_low_area
20260804_seahub_CHEM15_shard002_A08_e01,20260804_seahub_CHEM15_shard002,1,0,0,0,0,0.0,0.29160017259148646,single_observation_no_low_area
20260804_seahub_CHEM15_shard002_A09_e01,20260804_seahub_CHEM15_shard002,1,0,0,0,0,0.0,0.43975084397204195,single_observation_no_low_area
20260804_seahub_CHEM15_shard002_A10_e01,20260804_seahub_CHEM15_shard002,1,0,0,0,0,0.0,0.14366348163802134,single_observation_no_low_area
20260804_seahub_CHEM15_shard002_A11_e01,20260804_seahub_CHEM15_shard002,1,0,0,0,0,0.0,0.3985051553972679,single_observation_no_low_area
20260804_seahub_CHEM15_shard002_A12_e01,20260804_seahub_CHEM15_shard002,1,0,0,0,0,0.0,0.45925506388222714,single_observation_no_low_area
20260804_seahub_CHEM15_shard002_B01_e01,20260804_seahub_CHEM15_shard002,1,0,0,0,0,0.0,0.3936099786354959,single_observation_no_low_area
20260804_seahub_CHEM15_shard002_B02_e01,20260804_seahub_CHEM15_shard002,1,0,0,0,0,0.0,0.4753556062002428,single_observation_no_low_area
20260804_seahub_CHEM15_shard002_B03_e01,20260804_seahub_CHEM15_shard002,1,0,0,0,0,0.0,0.46380604852793705,single_observation_no_low_area
20260804_seahub_CHEM15_shard002_B04_e01,20260804_seahub_CHEM15_shard002,1,0,0,0,0,0.0,0.43329501980693047,single_observation_no_low_area
20260804_seahub_CHEM15_shard002_B05_e01,20260804_seahub_CHEM15_shard002,1,0,0,0,0,0.0,0.319252424418186,single_observation_no_low_area
20260804_seahub_CHEM15_shard002_B06_e01,20260804_seahub_CHEM15_shard002,1,0,0,0,0,0.0,0.4220542772682018,single_observation_no_low_area
20260804_seahub_CHEM15_shard002_B07_e01,20260804_seahub_CHEM15_shard002,1,0,0,0,0,0.0,-0.16173087043841008,single_observation_no_low_area
20260804_seahub_CHEM15_shard002_B08_e01,20260804_seahub_CHEM15_shard002,1,0,0,0,0,0.0,0.2221766585511641,single_observation_no_low_area
20260804_seahub_CHEM15_shard002_B09_e01,20260804_seahub_CHEM15_shard002,1,0,0,0,0,0.0,0.39394111750921795,single_observation_no_low_area
20260804_seahub_CHEM15_shard002_B10_e01,20260804_seahub_CHEM15_shard002,1,0,0,0,0,0.0,0.4311805642048869,single_observation_no_low_area
20260804_seahub_CHEM15_shard002_B11_e01,20260804_seahub_CHEM15_shard002,1,0,0,0,0,0.0,0.40902921257887165,single_observation_no_low_area
20260804_seahub_CHEM15_shard002_B12_e01,20260804_seahub_CHEM15_shard002,1,0,0,0,0,0.0,0.4297469329236452,single_observation_no_low_area
20260804_seahub_CHEM15_shard002_C01_e01,20260804_seahub_CHEM15_shard002,1,0,0,0,0,0.0,0.46987511098016016,single_observation_no_low_area
20260804_seahub_CHEM15_shard002_C02_e01,20260804_seahub_CHEM15_shard002,1,0,0,0,0,0.0,0.3978697948417926,single_observation_no_low_area
20260804_seahub_CHEM15_shard002_C03_e01,20260804_seahub_CHEM15_shard002,1,1,1,1,0,0.028120466004262216,-0.028120466004262216,single_observation_low_unassessable
20260804_seahub_CHEM15_shard002_C04_e01,20260804_seahub_CHEM15_shard002,1,0,0,0,0,0.0,0.4367396653966958,single_observation_no_low_area
20260804_seahub_CHEM15_shard002_C05_e01,20260804_seahub_CHEM15_shard002,1,0,0,0,0,0.0,0.42863742070413513,single_observation_no_low_area
20260804_seahub_CHEM15_shard002_C06_e01,20260804_seahub_CHEM15_shard002,1,0,0,0,0,0.0,0.41357804840058215,single_observation_no_low_area
20260804_seahub_CHEM15_shard002_C07_e01,20260804_seahub_CHEM15_shard002,1,0,0,0,0,0.0,0.42165405742149936,single_observation_no_low_area
20260804_seahub_CHEM15_shard002_C08_e01,20260804_seahub_CHEM15_shard002,1,0,0,0,0,0.0,0.44758124043769365,single_observation_no_low_area
20260804_seahub_CHEM15_shard002_C09_e01,20260804_seahub_CHEM15_shard002,1,0,0,0,0,0.0,0.40791660721292605,single_observation_no_low_area
20260804_seahub_CHEM15_shard002_C10_e01,20260804_seahub_CHEM15_shard002,1,0,0,0,0,0.0,0.43194970722027,single_observation_no_low_area
20260804_seahub_CHEM15_shard002_C11_e01,20260804_seahub_CHEM15_shard002,1,0,0,0,0,0.0,0.46127853424240917,single_observation_no_low_area
20260804_seahub_CHEM15_shard002_C12_e01,20260804_seahub_CHEM15_shard002,1,0,0,0,0,0.0,0.43300533386773743,single_observation_no_low_area
20260804_seahub_CHEM15_shard002_D01_e01,20260804_seahub_CHEM15_shard002,1,0,0,0,0,0.0,0.35473061795802086,single_observation_no_low_area
20260804_seahub_CHEM15_shard002_D02_e01,20260804_seahub_CHEM15_shard002,1,0,0,0,0,0.0,0.37112801854868305,single_observation_no_low_area
20260804_seahub_CHEM15_shard002_D03_e01,20260804_seahub_CHEM15_shard002,1,0,0,0,0,0.0,0.4045210081635722,single_observation_no_low_area
20260804_seahub_CHEM15_shard002_D04_e01,20260804_seahub_CHEM15_shard002,1,0,0,0,0,0.0,0.4301551419195752,single_observation_no_low_area
20260804_seahub_CHEM15_shard002_D05_e01,20260804_seahub_CHEM15_shard002,1,0,0,0,0,0.0,0.4237871229460869,single_observation_no_low_area
20260804_seahub_CHEM15_shard002_D06_e01,20260804_seahub_CHEM15_shard002,1,0,0,0,0,0.0,0.4714088234398542,single_observation_no_low_area
20260804_seahub_CHEM15_shard002_D07_e01,20260804_seahub_CHEM15_shard002,1,1,1,1,0,0.05792101056878373,-0.05792101056878373,single_observation_low_unassessable
20260804_seahub_CHEM15_shard002_D08_e01,20260804_seahub_CHEM15_shard002,1,0,0,0,0,0.0,0.4237095315807202,single_observation_no_low_area
20260804_seahub_CHEM15_shard002_D09_e01,20260804_seahub_CHEM15_shard002,1,0,0,0,0,0.0,0.47499742408806067,single_observation_no_low_area
20260804_seahub_CHEM15_shard002_D10_e01,20260804_seahub_CHEM15_shard002,1,0,0,0,0,0.0,0.4142782718580479,single_observation_no_low_area
20260804_seahub_CHEM15_shard002_D11_e01,20260804_seahub_CHEM15_shard002,1,0,0,0,0,0.0,0.46500753579710746,single_observation_no_low_area
20260804_seahub_CHEM15_shard002_D12_e01,20260804_seahub_CHEM15_shard002,1,0,0,0,0,0.0,0.3474760151080093,single_observation_no_low_area
20260804_seahub_CHEM15_shard002_E01_e01,20260804_seahub_CHEM15_shard002,1,0,0,0,0,0.0,0.318586968803892,single_observation_no_low_area
20260804_seahub_CHEM15_shard002_E02_e01,20260804_seahub_CHEM15_shard002,1,0,0,0,0,0.0,0.3720358755807376,single_observation_no_low_area
20260804_seahub_CHEM15_shard002_E03_e01,20260804_seahub_CHEM15_shard002,1,0,0,0,0,0.0,0.3441834528254072,single_observation_no_low_area
20260804_seahub_CHEM15_shard002_E04_e01,20260804_seahub_CHEM15_shard002,1,0,0,0,0,0.0,0.40097777347261554,single_observation_no_low_area
20260804_seahub_CHEM15_shard002_E05_e01,20260804_seahub_CHEM15_shard002,1,0,0,0,0,0.0,0.4207182979533995,single_observation_no_low_area
20260804_seahub_CHEM15_shard002_E06_e01,20260804_seahub_CHEM15_shard002,1,0,0,0,0,0.0,0.3961232678823281,single_observation_no_low_area
20260804_seahub_CHEM15_shard002_E07_e01,20260804_seahub_CHEM15_shard002,1,0,0,0,0,0.0,0.2963852439364238,single_observation_no_low_area
20260804_seahub_CHEM15_shard002_E08_e01,20260804_seahub_CHEM15_shard002,1,0,0,0,0,0.0,0.42458832338901326,single_observation_no_low_area
20260804_seahub_CHEM15_shard002_E09_e01,20260804_seahub_CHEM15_shard002,1,0,0,0,0,0.0,0.46103255418282185,single_observation_no_low_area
20260804_seahub_CHEM15_shard002_E10_e01,20260804_seahub_CHEM15_shard002,1,0,0,0,0,0.0,0.382526704696417,single_observation_no_low_area
20260804_seahub_CHEM15_shard002_E11_e01,20260804_seahub_CHEM15_shard002,1,0,0,0,0,0.0,0.3761495715584027,single_observation_no_low_area
20260804_seahub_CHEM15_shard002_E12_e01,20260804_seahub_CHEM15_shard002,1,0,0,0,0,0.0,0.4707036987809318,single_observation_no_low_area
20260804_seahub_CHEM15_shard002_F01_e01,20260804_seahub_CHEM15_shard002,1,0,0,0,0,0.0,0.35153502963316996,single_observation_no_low_area
20260804_seahub_CHEM15_shard002_F02_e01,20260804_seahub_CHEM15_shard002,1,0,0,0,0,0.0,0.45956722924371424,single_observation_no_low_area
20260804_seahub_CHEM15_shard002_F03_e01,20260804_seahub_CHEM15_shard002,1,0,0,0,0,0.0,0.45899270297746636,single_observation_no_low_area
20260804_seahub_CHEM15_shard002_F04_e01,20260804_seahub_CHEM15_shard002,1,0,0,0,0,0.0,0.3723352115506185,single_observation_no_low_area
20260804_seahub_CHEM15_shard002_F05_e01,20260804_seahub_CHEM15_shard002,1,0,0,0,0,0.0,0.4304453103503024,single_observation_no_low_area
20260804_seahub_CHEM15_shard002_F06_e01,20260804_seahub_CHEM15_shard002,1,0,0,0,0,0.0,0.4164339067186497,single_observation_no_low_area
20260804_seahub_CHEM15_shard002_F07_e01,20260804_seahub_CHEM15_shard002,1,0,0,0,0,0.0,0.3769004653326324,single_observation_no_low_area
20260804_seahub_CHEM15_shard002_F08_e01,20260804_seahub_CHEM15_shard002,1,0,0,0,0,0.0,0.47343726275932263,single_observation_no_low_area
20260804_seahub_CHEM15_shard002_F09_e01,20260804_seahub_CHEM15_shard002,1,0,0,0,0,0.0,0.46944667311739624,single_observation_no_low_area
20260804_seahub_CHEM15_shard002_F10_e01,20260804_seahub_CHEM15_shard002,1,0,0,0,0,0.0,0.39633907087730486,single_observation_no_low_area
20260804_seahub_CHEM15_shard002_F11_e01,20260804_seahub_CHEM15_shard002,1,0,0,0,0,0.0,0.45676546603305235,single_observation_no_low_area
20260804_seahub_CHEM15_shard002_F12_e01,20260804_seahub_CHEM15_shard002,1,0,0,0,0,0.0,0.3392825069747396,single_observation_no_low_area
20260804_seahub_CHEM15_shard002_G01_e01,20260804_seahub_CHEM15_shard002,1,0,0,0,0,0.0,0.3531167862315202,single_observation_no_low_area
20260804_seahub_CHEM15_shard002_G02_e01,20260804_seahub_CHEM15_shard002,1,0,0,0,0,0.0,0.3153021627533089,single_observation_no_low_area
20260804_seahub_CHEM15_shard002_G03_e01,20260804_seahub_CHEM15_shard002,1,0,0,0,0,0.0,0.33091322070247287,single_observation_no_low_area
20260804_seahub_CHEM15_shard002_G04_e01,20260804_seahub_CHEM15_shard002,1,0,0,0,0,0.0,0.3071801934148925,single_observation_no_low_area
20260804_seahub_CHEM15_shard002_G05_e01,20260804_seahub_CHEM15_shard002,1,0,0,0,0,0.0,0.3159614135112973,single_observation_no_low_area
20260804_seahub_CHEM15_shard002_G06_e01,20260804_seahub_CHEM15_shard002,1,0,0,0,0,0.0,0.3014842668658734,single_observation_no_low_area
20260804_seahub_CHEM15_shard002_G07_e01,20260804_seahub_CHEM15_shard002,1,0,0,0,0,0.0,0.355437348899639,single_observation_no_low_area
20260804_seahub_CHEM15_shard002_G08_e01,20260804_seahub_CHEM15_shard002,1,0,0,0,0,0.0,0.253148001290168,single_observation_no_low_area
20260804_seahub_CHEM15_shard002_G09_e01,20260804_seahub_CHEM15_shard002,1,0,0,0,0,0.0,0.34822884055583797,single_observation_no_low_area
20260804_seahub_CHEM15_shard002_G10_e01,20260804_seahub_CHEM15_shard002,1,0,0,0,0,0.0,0.35040227238408705,single_observation_no_low_area
20260804_seahub_CHEM15_shard002_G11_e01,20260804_seahub_CHEM15_shard002,1,0,0,0,0,0.0,0.37529157235274685,single_observation_no_low_area
20260804_seahub_CHEM15_shard002_G12_e01,20260804_seahub_CHEM15_shard002,1,0,0,0,0,0.0,0.24453510913711293,single_observation_no_low_area
20260804_seahub_CHEM15_shard002_H01_e01,20260804_seahub_CHEM15_shard002,1,0,0,0,0,0.0,0.3458111136730466,single_observation_no_low_area
20260804_seahub_CHEM15_shard002_H02_e01,20260804_seahub_CHEM15_shard002,1,0,0,0,0,0.0,0.3784465540389147,single_observation_no_low_area
20260804_seahub_CHEM15_shard002_H03_e01,20260804_seahub_CHEM15_shard002,1,0,0,0,0,0.0,0.36049821377982516,single_observation_no_low_area
20260804_seahub_CHEM15_shard002_H04_e01,20260804_seahub_CHEM15_shard002,1,0,0,0,0,0.0,0.38735555487351037,single_observation_no_low_area
20260804_seahub_CHEM15_shard002_H05_e01,20260804_seahub_CHEM15_shard002,1,0,0,0,0,0.0,0.35958723029145656,single_observation_no_low_area
20260804_seahub_CHEM15_shard002_H06_e01,20260804_seahub_CHEM15_shard002,1,0,0,0,0,0.0,0.33322501667411963,single_observation_no_low_area
20260804_seahub_CHEM15_shard002_H07_e01,20260804_seahub_CHEM15_shard002,1,0,0,0,0,0.0,0.3687964302484464,single_observation_no_low_area
20260804_seahub_CHEM15_shard002_H08_e01,20260804_seahub_CHEM15_shard002,1,0,0,0,0,0.0,0.37876542189402695,single_observation_no_low_area
20260804_seahub_CHEM15_shard002_H09_e01,20260804_seahub_CHEM15_shard002,1,0,0,0,0,0.0,0.39413636187254103,single_observation_no_low_area
20260804_seahub_CHEM15_shard002_H10_e01,20260804_seahub_CHEM15_shard002,1,0,0,0,0,0.0,0.31297883661600495,single_observation_no_low_area
20260804_seahub_CHEM15_shard002_H11_e01,20260804_seahub_CHEM15_shard002,1,0,0,0,0,0.0,0.38552621008970483,single_observation_no_low_area
20260804_seahub_CHEM15_shard002_H12_e01,20260804_seahub_CHEM15_shard002,1,0,0,0,0,0.0,0.343488705175803,single_observation_no_low_area
20260804_seahub_CHEM15_shard003_A01_e01,20260804_seahub_CHEM15_shard003,1,0,0,0,0,0.0,0.31805519231824814,single_observation_no_low_area
20260804_seahub_CHEM15_shard003_A02_e01,20260804_seahub_CHEM15_shard003,1,0,0,0,0,0.0,0.3856028028872693,single_observation_no_low_area
20260804_seahub_CHEM15_shard003_A03_e01,20260804_seahub_CHEM15_shard003,1,0,0,0,0,0.0,0.39681474305076053,single_observation_no_low_area
20260804_seahub_CHEM15_shard003_A04_e01,20260804_seahub_CHEM15_shard003,1,0,0,0,0,0.0,0.2984853238356345,single_observation_no_low_area
20260804_seahub_CHEM15_shard003_A05_e01,20260804_seahub_CHEM15_shard003,1,0,0,0,0,0.0,0.3640689332666154,single_observation_no_low_area
20260804_seahub_CHEM15_shard003_A06_e01,20260804_seahub_CHEM15_shard003,1,0,0,0,0,0.0,0.3254903394836854,single_observation_no_low_area
20260804_seahub_CHEM15_shard003_A07_e01,20260804_seahub_CHEM15_shard003,1,0,0,0,0,0.0,0.3886169895586218,single_observation_no_low_area
20260804_seahub_CHEM15_shard003_A08_e01,20260804_seahub_CHEM15_shard003,1,0,0,0,0,0.0,0.3704519369652457,single_observation_no_low_area
20260804_seahub_CHEM15_shard003_A09_e01,20260804_seahub_CHEM15_shard003,1,0,0,0,0,0.0,0.3056028009457826,single_observation_no_low_area
20260804_seahub_CHEM15_shard003_A10_e01,20260804_seahub_CHEM15_shard003,1,0,0,0,0,0.0,0.2601446847121509,single_observation_no_low_area
20260804_seahub_CHEM15_shard003_A11_e01,20260804_seahub_CHEM15_shard003,1,0,0,0,0,0.0,0.27106366900902,single_observation_no_low_area
20260804_seahub_CHEM15_shard003_A12_e01,20260804_seahub_CHEM15_shard003,1,0,0,0,0,0.0,0.2784935985535561,single_observation_no_low_area
20260804_seahub_CHEM15_shard003_B01_e01,20260804_seahub_CHEM15_shard003,1,0,0,0,0,0.0,0.2715154890488904,single_observation_no_low_area
20260804_seahub_CHEM15_shard003_B02_e01,20260804_seahub_CHEM15_shard003,1,0,0,0,0,0.0,0.30748538444524287,single_observation_no_low_area
20260804_seahub_CHEM15_shard003_B03_e01,20260804_seahub_CHEM15_shard003,1,0,0,0,0,0.0,0.2764604083741392,single_observation_no_low_area
20260804_seahub_CHEM15_shard003_B04_e01,20260804_seahub_CHEM15_shard003,1,0,0,0,0,0.0,0.2654159185106394,single_observation_no_low_area
20260804_seahub_CHEM15_shard003_B05_e01,20260804_seahub_CHEM15_shard003,1,0,0,0,0,0.0,0.2987929747794555,single_observation_no_low_area
20260804_seahub_CHEM15_shard003_B06_e01,20260804_seahub_CHEM15_shard003,1,0,0,0,0,0.0,0.36257891621357036,single_observation_no_low_area
20260804_seahub_CHEM15_shard003_B07_e01,20260804_seahub_CHEM15_shard003,1,0,0,0,0,0.0,0.18290895560934764,single_observation_no_low_area
20260804_seahub_CHEM15_shard003_B08_e01,20260804_seahub_CHEM15_shard003,1,0,0,0,0,0.0,0.34268307367100537,single_observation_no_low_area
20260804_seahub_CHEM15_shard003_B09_e01,20260804_seahub_CHEM15_shard003,1,0,0,0,0,0.0,0.3929555615685922,single_observation_no_low_area
20260804_seahub_CHEM15_shard003_B10_e01,20260804_seahub_CHEM15_shard003,1,0,0,0,0,0.0,0.36668104709719107,single_observation_no_low_area
20260804_seahub_CHEM15_shard003_B11_e01,20260804_seahub_CHEM15_shard003,1,0,0,0,0,0.0,0.3792109624259076,single_observation_no_low_area
20260804_seahub_CHEM15_shard003_B12_e01,20260804_seahub_CHEM15_shard003,1,0,0,0,0,0.0,0.3219414624206437,single_observation_no_low_area
20260804_seahub_CHEM15_shard003_C01_e01,20260804_seahub_CHEM15_shard003,1,0,0,0,0,0.0,0.2921609628095259,single_observation_no_low_area
20260804_seahub_CHEM15_shard003_C02_e01,20260804_seahub_CHEM15_shard003,1,0,0,0,0,0.0,0.25740664575147504,single_observation_no_low_area
20260804_seahub_CHEM15_shard003_C03_e01,20260804_seahub_CHEM15_shard003,1,0,0,0,0,0.0,0.27868690215618225,single_observation_no_low_area
20260804_seahub_CHEM15_shard003_C04_e01,20260804_seahub_CHEM15_shard003,1,0,0,0,0,0.0,0.30122954665269425,single_observation_no_low_area
20260804_seahub_CHEM15_shard003_C05_e01,20260804_seahub_CHEM15_shard003,1,0,0,0,0,0.0,0.2889921110688734,single_observation_no_low_area
20260804_seahub_CHEM15_shard003_C06_e01,20260804_seahub_CHEM15_shard003,1,0,0,0,0,0.0,0.320654865453117,single_observation_no_low_area
20260804_seahub_CHEM15_shard003_C07_e01,20260804_seahub_CHEM15_shard003,1,0,0,0,0,0.0,0.30094615340759534,single_observation_no_low_area
20260804_seahub_CHEM15_shard003_C08_e01,20260804_seahub_CHEM15_shard003,1,0,0,0,0,0.0,0.32248404003511977,single_observation_no_low_area
20260804_seahub_CHEM15_shard003_C09_e01,20260804_seahub_CHEM15_shard003,1,0,0,0,0,0.0,0.37072391883255473,single_observation_no_low_area
20260804_seahub_CHEM15_shard003_C10_e01,20260804_seahub_CHEM15_shard003,1,0,0,0,0,0.0,0.3557138514050705,single_observation_no_low_area
20260804_seahub_CHEM15_shard003_C11_e01,20260804_seahub_CHEM15_shard003,1,0,0,0,0,0.0,0.3648922327921406,single_observation_no_low_area
20260804_seahub_CHEM15_shard003_C12_e01,20260804_seahub_CHEM15_shard003,1,0,0,0,0,0.0,0.3892603494610135,single_observation_no_low_area
20260804_seahub_CHEM15_shard003_D01_e01,20260804_seahub_CHEM15_shard003,1,0,0,0,0,0.0,0.37760023899849476,single_observation_no_low_area
20260804_seahub_CHEM15_shard003_D02_e01,20260804_seahub_CHEM15_shard003,1,0,0,0,0,0.0,0.380929369403279,single_observation_no_low_area
20260804_seahub_CHEM15_shard003_D03_e01,20260804_seahub_CHEM15_shard003,1,0,0,0,0,0.0,0.10135556363247801,single_observation_no_low_area
20260804_seahub_CHEM15_shard003_D04_e01,20260804_seahub_CHEM15_shard003,1,0,0,0,0,0.0,0.3823178660795683,single_observation_no_low_area
20260804_seahub_CHEM15_shard003_D05_e01,20260804_seahub_CHEM15_shard003,1,0,0,0,0,0.0,0.1553776757995911,single_observation_no_low_area
20260804_seahub_CHEM15_shard003_D06_e01,20260804_seahub_CHEM15_shard003,1,0,0,0,0,0.0,0.3516623463450009,single_observation_no_low_area
20260804_seahub_CHEM15_shard003_D07_e01,20260804_seahub_CHEM15_shard003,1,0,0,0,0,0.0,0.32200838716697927,single_observation_no_low_area
20260804_seahub_CHEM15_shard003_D08_e01,20260804_seahub_CHEM15_shard003,1,0,0,0,0,0.0,0.2276739099700745,single_observation_no_low_area
20260804_seahub_CHEM15_shard003_D09_e01,20260804_seahub_CHEM15_shard003,1,0,0,0,0,0.0,0.3973087558726712,single_observation_no_low_area
20260804_seahub_CHEM15_shard003_D10_e01,20260804_seahub_CHEM15_shard003,1,0,0,0,0,0.0,0.3280787270457742,single_observation_no_low_area
20260804_seahub_CHEM15_shard003_D11_e01,20260804_seahub_CHEM15_shard003,1,0,0,0,0,0.0,0.13750366316732623,single_observation_no_low_area
20260804_seahub_CHEM15_shard003_D12_e01,20260804_seahub_CHEM15_shard003,1,0,0,0,0,0.0,0.20875898625352698,single_observation_no_low_area
20260804_seahub_CHEM15_shard003_E01_e01,20260804_seahub_CHEM15_shard003,1,0,0,0,0,0.0,0.34510938880480363,single_observation_no_low_area
20260804_seahub_CHEM15_shard003_E02_e01,20260804_seahub_CHEM15_shard003,1,0,0,0,0,0.0,0.3572977041766641,single_observation_no_low_area
20260804_seahub_CHEM15_shard003_E03_e01,20260804_seahub_CHEM15_shard003,1,0,0,0,0,0.0,0.30508095177010325,single_observation_no_low_area
20260804_seahub_CHEM15_shard003_E04_e01,20260804_seahub_CHEM15_shard003,1,0,0,0,0,0.0,0.327871250795144,single_observation_no_low_area
20260804_seahub_CHEM15_shard003_E05_e01,20260804_seahub_CHEM15_shard003,1,0,0,0,0,0.0,0.29939659644483213,single_observation_no_low_area
20260804_seahub_CHEM15_shard003_E06_e01,20260804_seahub_CHEM15_shard003,1,0,0,0,0,0.0,0.32995992089140647,single_observation_no_low_area
20260804_seahub_CHEM15_shard003_E07_e01,20260804_seahub_CHEM15_shard003,1,0,0,0,0,0.0,0.27660629741979137,single_observation_no_low_area
20260804_seahub_CHEM15_shard003_E08_e01,20260804_seahub_CHEM15_shard003,1,0,0,0,0,0.0,0.30753976593405774,single_observation_no_low_area
20260804_seahub_CHEM15_shard003_E09_e01,20260804_seahub_CHEM15_shard003,1,0,0,0,0,0.0,0.390530079512984,single_observation_no_low_area
20260804_seahub_CHEM15_shard003_E10_e01,20260804_seahub_CHEM15_shard003,1,0,0,0,0,0.0,0.29069525605448093,single_observation_no_low_area
20260804_seahub_CHEM15_shard003_E11_e01,20260804_seahub_CHEM15_shard003,1,0,0,0,0,0.0,0.3972597186627465,single_observation_no_low_area
20260804_seahub_CHEM15_shard003_E12_e01,20260804_seahub_CHEM15_shard003,1,0,0,0,0,0.0,0.3868182157667023,single_observation_no_low_area
20260804_seahub_CHEM15_shard003_F01_e01,20260804_seahub_CHEM15_shard003,1,0,0,0,0,0.0,0.33561942815461526,single_observation_no_low_area
20260804_seahub_CHEM15_shard003_F02_e01,20260804_seahub_CHEM15_shard003,1,0,0,0,0,0.0,0.3128774407207468,single_observation_no_low_area
20260804_seahub_CHEM15_shard003_F03_e01,20260804_seahub_CHEM15_shard003,1,0,0,0,0,0.0,0.34352664224700663,single_observation_no_low_area
20260804_seahub_CHEM15_shard003_F04_e01,20260804_seahub_CHEM15_shard003,1,0,0,0,0,0.0,0.39110345683964526,single_observation_no_low_area
20260804_seahub_CHEM15_shard003_F05_e01,20260804_seahub_CHEM15_shard003,1,0,0,0,0,0.0,0.39414889812646625,single_observation_no_low_area
20260804_seahub_CHEM15_shard003_F06_e01,20260804_seahub_CHEM15_shard003,1,0,0,0,0,0.0,0.33346326749082855,single_observation_no_low_area
20260804_seahub_CHEM15_shard003_F07_e01,20260804_seahub_CHEM15_shard003,1,0,0,0,0,0.0,0.38260340663781206,single_observation_no_low_area
20260804_seahub_CHEM15_shard003_F08_e01,20260804_seahub_CHEM15_shard003,1,0,0,0,0,0.0,0.2575559689721393,single_observation_no_low_area
20260804_seahub_CHEM15_shard003_F09_e01,20260804_seahub_CHEM15_shard003,1,0,0,0,0,0.0,0.3758828966668044,single_observation_no_low_area
20260804_seahub_CHEM15_shard003_F10_e01,20260804_seahub_CHEM15_shard003,1,0,0,0,0,0.0,0.3487423756300426,single_observation_no_low_area
20260804_seahub_CHEM15_shard003_F11_e01,20260804_seahub_CHEM15_shard003,1,0,0,0,0,0.0,0.37958779318928293,single_observation_no_low_area
20260804_seahub_CHEM15_shard003_F12_e01,20260804_seahub_CHEM15_shard003,1,0,0,0,0,0.0,0.3831490890713554,single_observation_no_low_area
20260804_seahub_CHEM15_shard003_G01_e01,20260804_seahub_CHEM15_shard003,1,0,0,0,0,0.0,0.3179106724018297,single_observation_no_low_area
20260804_seahub_CHEM15_shard003_G02_e01,20260804_seahub_CHEM15_shard003,1,0,0,0,0,0.0,0.3095994564073334,single_observation_no_low_area
20260804_seahub_CHEM15_shard003_G03_e01,20260804_seahub_CHEM15_shard003,1,0,0,0,0,0.0,0.3305199004059411,single_observation_no_low_area
20260804_seahub_CHEM15_shard003_G04_e01,20260804_seahub_CHEM15_shard003,1,0,0,0,0,0.0,0.29183779231940654,single_observation_no_low_area
20260804_seahub_CHEM15_shard003_G05_e01,20260804_seahub_CHEM15_shard003,1,0,0,0,0,0.0,0.24665688294122534,single_observation_no_low_area
20260804_seahub_CHEM15_shard003_G06_e01,20260804_seahub_CHEM15_shard003,1,0,0,0,0,0.0,0.3367338936728541,single_observation_no_low_area
20260804_seahub_CHEM15_shard003_G07_e01,20260804_seahub_CHEM15_shard003,1,0,0,0,0,0.0,0.2858050405227784,single_observation_no_low_area
20260804_seahub_CHEM15_shard003_G08_e01,20260804_seahub_CHEM15_shard003,1,0,0,0,0,0.0,0.2335298221648712,single_observation_no_low_area
20260804_seahub_CHEM15_shard003_G09_e01,20260804_seahub_CHEM15_shard003,1,0,0,0,0,0.0,0.2966356717625565,single_observation_no_low_area
20260804_seahub_CHEM15_shard003_G10_e01,20260804_seahub_CHEM15_shard003,1,0,0,0,0,0.0,0.396393498108416,single_observation_no_low_area
20260804_seahub_CHEM15_shard003_G11_e01,20260804_seahub_CHEM15_shard003,1,0,0,0,0,0.0,0.3874150012781085,single_observation_no_low_area
20260804_seahub_CHEM15_shard003_G12_e01,20260804_seahub_CHEM15_shard003,1,0,0,0,0,0.0,0.39165565939014296,single_observation_no_low_area
20260804_seahub_CHEM15_shard003_H01_e01,20260804_seahub_CHEM15_shard003,1,0,0,0,0,0.0,0.33778467840829796,single_observation_no_low_area
20260804_seahub_CHEM15_shard003_H02_e01,20260804_seahub_CHEM15_shard003,1,0,0,0,0,0.0,0.3937906114051672,single_observation_no_low_area
20260804_seahub_CHEM15_shard003_H03_e01,20260804_seahub_CHEM15_shard003,1,0,0,0,0,0.0,0.26896903332128325,single_observation_no_low_area
20260804_seahub_CHEM15_shard003_H04_e01,20260804_seahub_CHEM15_shard003,1,0,0,0,0,0.0,0.3362872884374936,single_observation_no_low_area
20260804_seahub_CHEM15_shard003_H05_e01,20260804_seahub_CHEM15_shard003,1,0,0,0,0,0.0,0.3560421078152918,single_observation_no_low_area
20260804_seahub_CHEM15_shard003_H06_e01,20260804_seahub_CHEM15_shard003,1,0,0,0,0,0.0,0.3865918351056011,single_observation_no_low_area
20260804_seahub_CHEM15_shard003_H07_e01,20260804_seahub_CHEM15_shard003,1,0,0,0,0,0.0,0.3681279060780503,single_observation_no_low_area
20260804_seahub_CHEM15_shard003_H08_e01,20260804_seahub_CHEM15_shard003,1,0,0,0,0,0.0,0.37560637376385786,single_observation_no_low_area
20260804_seahub_CHEM15_shard003_H09_e01,20260804_seahub_CHEM15_shard003,1,0,0,0,0,0.0,0.36219771490531993,single_observation_no_low_area
20260804_seahub_CHEM15_shard003_H10_e01,20260804_seahub_CHEM15_shard003,1,0,0,0,0,0.0,0.2739439493322438,single_observation_no_low_area
20260804_seahub_CHEM15_shard003_H11_e01,20260804_seahub_CHEM15_shard003,1,0,0,0,0,0.0,0.2784146411308257,single_observation_no_low_area
20260804_seahub_CHEM15_shard003_H12_e01,20260804_seahub_CHEM15_shard003,1,0,0,0,0,0.0,0.3584876938268139,single_observation_no_low_area
20260804_seahub_CHEM15_shard004_A01_e01,20260804_seahub_CHEM15_shard004,1,0,0,0,0,0.0,0.16874867742379265,single_observation_no_low_area
20260804_seahub_CHEM15_shard004_A02_e01,20260804_seahub_CHEM15_shard004,1,0,0,0,0,0.0,0.20398587243676858,single_observation_no_low_area
20260804_seahub_CHEM15_shard004_A03_e01,20260804_seahub_CHEM15_shard004,1,0,0,0,0,0.0,0.3016863653640148,single_observation_no_low_area
20260804_seahub_CHEM15_shard004_A04_e01,20260804_seahub_CHEM15_shard004,1,0,0,0,0,0.0,0.23225690039610822,single_observation_no_low_area
20260804_seahub_CHEM15_shard004_A05_e01,20260804_seahub_CHEM15_shard004,1,0,0,0,0,0.0,0.2117067075878819,single_observation_no_low_area
20260804_seahub_CHEM15_shard004_A06_e01,20260804_seahub_CHEM15_shard004,1,0,0,0,0,0.0,0.20485664331847298,single_observation_no_low_area
20260804_seahub_CHEM15_shard004_A07_e01,20260804_seahub_CHEM15_shard004,1,0,0,0,0,0.0,0.16160835619381567,single_observation_no_low_area
20260804_seahub_CHEM15_shard004_A08_e01,20260804_seahub_CHEM15_shard004,1,0,0,0,0,0.0,0.2820649948296062,single_observation_no_low_area
20260804_seahub_CHEM15_shard004_A09_e01,20260804_seahub_CHEM15_shard004,1,0,0,0,0,0.0,0.20706852121374852,single_observation_no_low_area
20260804_seahub_CHEM15_shard004_A10_e01,20260804_seahub_CHEM15_shard004,1,0,0,0,0,0.0,0.253132789518022,single_observation_no_low_area
20260804_seahub_CHEM15_shard004_A11_e01,20260804_seahub_CHEM15_shard004,1,0,0,0,0,0.0,0.2861600007550482,single_observation_no_low_area
20260804_seahub_CHEM15_shard004_A12_e01,20260804_seahub_CHEM15_shard004,1,0,0,0,0,0.0,0.40468857792477037,single_observation_no_low_area
20260804_seahub_CHEM15_shard004_B01_e01,20260804_seahub_CHEM15_shard004,1,0,0,0,0,0.0,0.3131575730984725,single_observation_no_low_area
20260804_seahub_CHEM15_shard004_B02_e01,20260804_seahub_CHEM15_shard004,1,0,0,0,0,0.0,0.2478093245488959,single_observation_no_low_area
20260804_seahub_CHEM15_shard004_B03_e01,20260804_seahub_CHEM15_shard004,1,0,0,0,0,0.0,0.42791180970728876,single_observation_no_low_area
20260804_seahub_CHEM15_shard004_B04_e01,20260804_seahub_CHEM15_shard004,1,0,0,0,0,0.0,0.3603625838961299,single_observation_no_low_area
20260804_seahub_CHEM15_shard004_B05_e01,20260804_seahub_CHEM15_shard004,1,0,0,0,0,0.0,0.34808915895389275,single_observation_no_low_area
20260804_seahub_CHEM15_shard004_B06_e01,20260804_seahub_CHEM15_shard004,1,0,0,0,0,0.0,0.27822444106792427,single_observation_no_low_area
20260804_seahub_CHEM15_shard004_B07_e01,20260804_seahub_CHEM15_shard004,1,0,0,0,0,0.0,0.2725597342123054,single_observation_no_low_area
20260804_seahub_CHEM15_shard004_B08_e01,20260804_seahub_CHEM15_shard004,1,0,0,0,0,0.0,0.25856457609842304,single_observation_no_low_area
20260804_seahub_CHEM15_shard004_B09_e01,20260804_seahub_CHEM15_shard004,1,0,0,0,0,0.0,0.2559543680375005,single_observation_no_low_area
20260804_seahub_CHEM15_shard004_B10_e01,20260804_seahub_CHEM15_shard004,1,0,0,0,0,0.0,0.3033824038678796,single_observation_no_low_area
20260804_seahub_CHEM15_shard004_B11_e01,20260804_seahub_CHEM15_shard004,1,0,0,0,0,0.0,0.24484709969314908,single_observation_no_low_area
20260804_seahub_CHEM15_shard004_B12_e01,20260804_seahub_CHEM15_shard004,1,0,0,0,0,0.0,0.2629519470944417,single_observation_no_low_area
20260804_seahub_CHEM15_shard004_C01_e01,20260804_seahub_CHEM15_shard004,1,0,0,0,0,0.0,0.14489692774432333,single_observation_no_low_area
20260804_seahub_CHEM15_shard004_C02_e01,20260804_seahub_CHEM15_shard004,1,0,0,0,0,0.0,0.1375370542711357,single_observation_no_low_area
20260804_seahub_CHEM15_shard004_C03_e01,20260804_seahub_CHEM15_shard004,1,0,0,0,0,0.0,0.09287883895925199,single_observation_no_low_area
20260804_seahub_CHEM15_shard004_C04_e01,20260804_seahub_CHEM15_shard004,1,0,0,0,0,0.0,0.10635114972373103,single_observation_no_low_area
20260804_seahub_CHEM15_shard004_C05_e01,20260804_seahub_CHEM15_shard004,1,0,0,0,0,0.0,0.15868109755427598,single_observation_no_low_area
20260804_seahub_CHEM15_shard004_C06_e01,20260804_seahub_CHEM15_shard004,1,0,0,0,0,0.0,0.11957397325183056,single_observation_no_low_area
20260804_seahub_CHEM15_shard004_C07_e01,20260804_seahub_CHEM15_shard004,1,0,0,0,0,0.0,0.12599826958859603,single_observation_no_low_area
20260804_seahub_CHEM15_shard004_C08_e01,20260804_seahub_CHEM15_shard004,1,0,0,0,0,0.0,0.03412459479194157,single_observation_no_low_area
20260804_seahub_CHEM15_shard004_C09_e01,20260804_seahub_CHEM15_shard004,1,0,0,0,0,0.0,0.29923292944635893,single_observation_no_low_area
20260804_seahub_CHEM15_shard004_C10_e01,20260804_seahub_CHEM15_shard004,1,0,0,0,0,0.0,0.2523318623581778,single_observation_no_low_area
20260804_seahub_CHEM15_shard004_C11_e01,20260804_seahub_CHEM15_shard004,1,0,0,0,0,0.0,0.323388954372642,single_observation_no_low_area
20260804_seahub_CHEM15_shard004_C12_e01,20260804_seahub_CHEM15_shard004,1,0,0,0,0,0.0,0.23178795330872187,single_observation_no_low_area
20260804_seahub_CHEM15_shard004_D01_e01,20260804_seahub_CHEM15_shard004,1,0,0,0,0,0.0,0.2087042752833717,single_observation_no_low_area
20260804_seahub_CHEM15_shard004_D02_e01,20260804_seahub_CHEM15_shard004,1,0,0,0,0,0.0,0.23856067057777325,single_observation_no_low_area
20260804_seahub_CHEM15_shard004_D03_e01,20260804_seahub_CHEM15_shard004,1,0,0,0,0,0.0,0.191603164179017,single_observation_no_low_area
20260804_seahub_CHEM15_shard004_D04_e01,20260804_seahub_CHEM15_shard004,1,0,0,0,0,0.0,0.27569773693640515,single_observation_no_low_area
20260804_seahub_CHEM15_shard004_D05_e01,20260804_seahub_CHEM15_shard004,1,0,0,0,0,0.0,0.12440281135211093,single_observation_no_low_area
20260804_seahub_CHEM15_shard004_D06_e01,20260804_seahub_CHEM15_shard004,1,0,0,0,0,0.0,0.13695236796723506,single_observation_no_low_area
20260804_seahub_CHEM15_shard004_D07_e01,20260804_seahub_CHEM15_shard004,1,0,0,0,0,0.0,0.11072941384607975,single_observation_no_low_area
20260804_seahub_CHEM15_shard004_D08_e01,20260804_seahub_CHEM15_shard004,1,0,0,0,0,0.0,0.1567444547682023,single_observation_no_low_area
20260804_seahub_CHEM15_shard004_D09_e01,20260804_seahub_CHEM15_shard004,1,0,0,0,0,0.0,0.05978196012497797,single_observation_no_low_area
20260804_seahub_CHEM15_shard004_D10_e01,20260804_seahub_CHEM15_shard004,1,0,0,0,0,0.0,0.11890847810767813,single_observation_no_low_area
20260804_seahub_CHEM15_shard004_D11_e01,20260804_seahub_CHEM15_shard004,1,0,0,0,0,0.0,0.05210238070378236,single_observation_no_low_area
20260804_seahub_CHEM15_shard004_D12_e01,20260804_seahub_CHEM15_shard004,1,0,0,0,0,0.0,0.16217635240758443,single_observation_no_low_area
20260804_seahub_CHEM15_shard004_E01_e01,20260804_seahub_CHEM15_shard004,1,0,0,0,0,0.0,0.4208672061642726,single_observation_no_low_area
20260804_seahub_CHEM15_shard004_E02_e01,20260804_seahub_CHEM15_shard004,1,0,0,0,0,0.0,0.3338691066748388,single_observation_no_low_area
20260804_seahub_CHEM15_shard004_E03_e01,20260804_seahub_CHEM15_shard004,1,0,0,0,0,0.0,0.3953274132147426,single_observation_no_low_area
20260804_seahub_CHEM15_shard004_E04_e01,20260804_seahub_CHEM15_shard004,1,0,0,0,0,0.0,0.13102616944421172,single_observation_no_low_area
20260804_seahub_CHEM15_shard004_E05_e01,20260804_seahub_CHEM15_shard004,1,0,0,0,0,0.0,0.4301615961731315,single_observation_no_low_area
20260804_seahub_CHEM15_shard004_E06_e01,20260804_seahub_CHEM15_shard004,1,0,0,0,0,0.0,0.370703389733523,single_observation_no_low_area
20260804_seahub_CHEM15_shard004_E07_e01,20260804_seahub_CHEM15_shard004,1,0,0,0,0,0.0,0.4125235287863385,single_observation_no_low_area
20260804_seahub_CHEM15_shard004_E08_e01,20260804_seahub_CHEM15_shard004,1,0,0,0,0,0.0,0.4265144512188502,single_observation_no_low_area
20260804_seahub_CHEM15_shard004_E09_e01,20260804_seahub_CHEM15_shard004,1,1,1,1,0,0.004591300177425243,-0.004591300177425243,single_observation_low_unassessable
20260804_seahub_CHEM15_shard004_E10_e01,20260804_seahub_CHEM15_shard004,1,0,0,0,0,0.0,0.2426524119668708,single_observation_no_low_area
20260804_seahub_CHEM15_shard004_E11_e01,20260804_seahub_CHEM15_shard004,1,0,0,0,0,0.0,0.0057816436671842214,single_observation_no_low_area
20260804_seahub_CHEM15_shard004_E12_e01,20260804_seahub_CHEM15_shard004,1,1,1,1,0,0.08258533364195617,-0.08258533364195617,single_observation_low_unassessable
20260804_seahub_CHEM15_shard004_F01_e01,20260804_seahub_CHEM15_shard004,1,0,0,0,0,0.0,0.21102065963698174,single_observation_no_low_area
20260804_seahub_CHEM15_shard004_F02_e01,20260804_seahub_CHEM15_shard004,1,0,0,0,0,0.0,0.13183260684218356,single_observation_no_low_area
20260804_seahub_CHEM15_shard004_F03_e01,20260804_seahub_CHEM15_shard004,1,0,0,0,0,0.0,0.20089803041515225,single_observation_no_low_area
20260804_seahub_CHEM15_shard004_F04_e01,20260804_seahub_CHEM15_shard004,1,1,1,1,0,0.07247499597062815,-0.07247499597062815,single_observation_low_unassessable
20260804_seahub_CHEM15_shard004_F05_e01,20260804_seahub_CHEM15_shard004,1,0,0,0,0,0.0,0.08297571952834398,single_observation_no_low_area
20260804_seahub_CHEM15_shard004_F06_e01,20260804_seahub_CHEM15_shard004,1,0,0,0,0,0.0,0.15518235065955446,single_observation_no_low_area
20260804_seahub_CHEM15_shard004_F07_e01,20260804_seahub_CHEM15_shard004,1,0,0,0,0,0.0,0.06589857283407312,single_observation_no_low_area
20260804_seahub_CHEM15_shard004_F08_e01,20260804_seahub_CHEM15_shard004,1,0,0,0,0,0.0,0.151408053745241,single_observation_no_low_area
20260804_seahub_CHEM15_shard004_F09_e01,20260804_seahub_CHEM15_shard004,1,0,0,0,0,0.0,0.11205636788452981,single_observation_no_low_area
20260804_seahub_CHEM15_shard004_F10_e01,20260804_seahub_CHEM15_shard004,1,0,0,0,0,0.0,0.16341155540715593,single_observation_no_low_area
20260804_seahub_CHEM15_shard004_F11_e01,20260804_seahub_CHEM15_shard004,1,0,0,0,0,0.0,0.08105763421123374,single_observation_no_low_area
20260804_seahub_CHEM15_shard004_F12_e01,20260804_seahub_CHEM15_shard004,1,0,0,0,0,0.0,0.16650524140249487,single_observation_no_low_area
20260804_seahub_CHEM15_shard004_G01_e01,20260804_seahub_CHEM15_shard004,1,0,0,0,0,0.0,0.4347461124810089,single_observation_no_low_area
20260804_seahub_CHEM15_shard004_G02_e01,20260804_seahub_CHEM15_shard004,1,0,0,0,0,0.0,0.34198804027825636,single_observation_no_low_area
20260804_seahub_CHEM15_shard004_G03_e01,20260804_seahub_CHEM15_shard004,1,0,0,0,0,0.0,0.41953186274357085,single_observation_no_low_area
20260804_seahub_CHEM15_shard004_G04_e01,20260804_seahub_CHEM15_shard004,1,0,0,0,0,0.0,0.41051751009629633,single_observation_no_low_area
20260804_seahub_CHEM15_shard004_G05_e01,20260804_seahub_CHEM15_shard004,1,0,0,0,0,0.0,0.3297303162428785,single_observation_no_low_area
20260804_seahub_CHEM15_shard004_G06_e01,20260804_seahub_CHEM15_shard004,1,0,0,0,0,0.0,0.4158294588845933,single_observation_no_low_area
20260804_seahub_CHEM15_shard004_G07_e01,20260804_seahub_CHEM15_shard004,1,0,0,0,0,0.0,0.31266259923159295,single_observation_no_low_area
20260804_seahub_CHEM15_shard004_G08_e01,20260804_seahub_CHEM15_shard004,1,0,0,0,0,0.0,0.3045425035625876,single_observation_no_low_area
20260804_seahub_CHEM15_shard004_G09_e01,20260804_seahub_CHEM15_shard004,1,0,0,0,0,0.0,0.1481083461669544,single_observation_no_low_area
20260804_seahub_CHEM15_shard004_G10_e01,20260804_seahub_CHEM15_shard004,1,0,0,0,0,0.0,0.11695902071921756,single_observation_no_low_area
20260804_seahub_CHEM15_shard004_G11_e01,20260804_seahub_CHEM15_shard004,1,0,0,0,0,0.0,0.12486258090744917,single_observation_no_low_area
20260804_seahub_CHEM15_shard004_G12_e01,20260804_seahub_CHEM15_shard004,1,0,0,0,0,0.0,0.18024561663822006,single_observation_no_low_area
20260804_seahub_CHEM15_shard004_H01_e01,20260804_seahub_CHEM15_shard004,1,1,1,1,0,0.1706492099540087,-0.1706492099540087,single_observation_low_unassessable
20260804_seahub_CHEM15_shard004_H02_e01,20260804_seahub_CHEM15_shard004,1,0,0,0,0,0.0,0.09284153926248108,single_observation_no_low_area
20260804_seahub_CHEM15_shard004_H03_e01,20260804_seahub_CHEM15_shard004,1,0,0,0,0,0.0,0.005844262778783278,single_observation_no_low_area
20260804_seahub_CHEM15_shard004_H04_e01,20260804_seahub_CHEM15_shard004,1,1,1,1,0,0.0523282647831279,-0.0523282647831279,single_observation_low_unassessable
20260804_seahub_CHEM15_shard004_H05_e01,20260804_seahub_CHEM15_shard004,1,0,0,0,0,0.0,0.23022362844344504,single_observation_no_low_area
20260804_seahub_CHEM15_shard004_H06_e01,20260804_seahub_CHEM15_shard004,1,0,0,0,0,0.0,0.23145313600353346,single_observation_no_low_area
20260804_seahub_CHEM15_shard004_H07_e01,20260804_seahub_CHEM15_shard004,1,0,0,0,0,0.0,0.08739021790936594,single_observation_no_low_area
20260804_seahub_CHEM15_shard004_H08_e01,20260804_seahub_CHEM15_shard004,1,0,0,0,0,0.0,0.16730946499637406,single_observation_no_low_area
20260804_seahub_CHEM15_shard004_H09_e01,20260804_seahub_CHEM15_shard004,1,0,0,0,0,0.0,0.22669206417510643,single_observation_no_low_area
20260804_seahub_CHEM15_shard004_H10_e01,20260804_seahub_CHEM15_shard004,1,0,0,0,0,0.0,0.13968478449736904,single_observation_no_low_area
20260804_seahub_CHEM15_shard004_H11_e01,20260804_seahub_CHEM15_shard004,1,0,0,0,0,0.0,0.2358741312727871,single_observation_no_low_area
20260804_seahub_CHEM15_shard004_H12_e01,20260804_seahub_CHEM15_shard004,1,0,0,0,0,0.0,0.27160832972131066,single_observation_no_low_area
20260804_seahub_CHEM15_shard005_A01_e01,20260804_seahub_CHEM15_shard005,1,0,0,0,0,0.0,0.11324660949145975,single_observation_no_low_area
20260804_seahub_CHEM15_shard005_A02_e01,20260804_seahub_CHEM15_shard005,1,0,0,0,0,0.0,0.044397027468862676,single_observation_no_low_area
20260804_seahub_CHEM15_shard005_A03_e01,20260804_seahub_CHEM15_shard005,1,0,0,0,0,0.0,0.12335406108372361,single_observation_no_low_area
20260804_seahub_CHEM15_shard005_A04_e01,20260804_seahub_CHEM15_shard005,1,0,0,0,0,0.0,0.10409044746082062,single_observation_no_low_area
20260804_seahub_CHEM15_shard005_A05_e01,20260804_seahub_CHEM15_shard005,1,0,0,0,0,0.0,0.09112912718368235,single_observation_no_low_area
20260804_seahub_CHEM15_shard005_A06_e01,20260804_seahub_CHEM15_shard005,1,0,0,0,0,0.0,0.03642997739025446,single_observation_no_low_area
20260804_seahub_CHEM15_shard005_A07_e01,20260804_seahub_CHEM15_shard005,1,0,0,0,0,0.0,0.06758471053346808,single_observation_no_low_area
20260804_seahub_CHEM15_shard005_A08_e01,20260804_seahub_CHEM15_shard005,1,1,1,1,0,0.02189596385686791,-0.02189596385686791,single_observation_low_unassessable
20260804_seahub_CHEM15_shard005_A09_e01,20260804_seahub_CHEM15_shard005,1,0,0,0,0,0.0,0.23104036046505563,single_observation_no_low_area
20260804_seahub_CHEM15_shard005_A10_e01,20260804_seahub_CHEM15_shard005,1,0,0,0,0,0.0,0.085067610875077,single_observation_no_low_area
20260804_seahub_CHEM15_shard005_A11_e01,20260804_seahub_CHEM15_shard005,1,0,0,0,0,0.0,0.2339324718582289,single_observation_no_low_area
20260804_seahub_CHEM15_shard005_A12_e01,20260804_seahub_CHEM15_shard005,1,0,0,0,0,0.0,0.2779451488779742,single_observation_no_low_area
20260804_seahub_CHEM15_shard005_B01_e01,20260804_seahub_CHEM15_shard005,1,0,0,0,0,0.0,0.2530204070531721,single_observation_no_low_area
20260804_seahub_CHEM15_shard005_B02_e01,20260804_seahub_CHEM15_shard005,1,0,0,0,0,0.0,0.19270673854463266,single_observation_no_low_area
20260804_seahub_CHEM15_shard005_B03_e01,20260804_seahub_CHEM15_shard005,1,0,0,0,0,0.0,0.23487806801770364,single_observation_no_low_area
20260804_seahub_CHEM15_shard005_B04_e01,20260804_seahub_CHEM15_shard005,1,0,0,0,0,0.0,0.21610654890757938,single_observation_no_low_area
20260804_seahub_CHEM15_shard005_B05_e01,20260804_seahub_CHEM15_shard005,1,0,0,0,0,0.0,0.013138896397263884,single_observation_no_low_area
20260804_seahub_CHEM15_shard005_B06_e01,20260804_seahub_CHEM15_shard005,1,1,1,1,0,0.006076784431115251,-0.006076784431115251,single_observation_low_unassessable
20260804_seahub_CHEM15_shard005_B07_e01,20260804_seahub_CHEM15_shard005,1,0,0,0,0,0.0,0.025865347306551125,single_observation_no_low_area
20260804_seahub_CHEM15_shard005_B08_e01,20260804_seahub_CHEM15_shard005,1,1,1,1,0,0.00544676210887348,-0.00544676210887348,single_observation_low_unassessable
20260804_seahub_CHEM15_shard005_B09_e01,20260804_seahub_CHEM15_shard005,1,0,0,0,0,0.0,0.05831149690201094,single_observation_no_low_area
20260804_seahub_CHEM15_shard005_B10_e01,20260804_seahub_CHEM15_shard005,1,1,1,1,0,0.04425613715897697,-0.04425613715897697,single_observation_low_unassessable
20260804_seahub_CHEM15_shard005_B11_e01,20260804_seahub_CHEM15_shard005,1,0,0,0,0,0.0,0.03493766874683502,single_observation_no_low_area
20260804_seahub_CHEM15_shard005_B12_e01,20260804_seahub_CHEM15_shard005,1,0,0,0,0,0.0,0.0341816419601448,single_observation_no_low_area
20260804_seahub_CHEM15_shard005_C01_e01,20260804_seahub_CHEM15_shard005,1,0,0,0,0,0.0,0.05023013703828392,single_observation_no_low_area
20260804_seahub_CHEM15_shard005_C02_e01,20260804_seahub_CHEM15_shard005,1,0,0,0,0,0.0,0.029889834531321532,single_observation_no_low_area
20260804_seahub_CHEM15_shard005_C03_e01,20260804_seahub_CHEM15_shard005,1,0,0,0,0,0.0,0.07297126213623217,single_observation_no_low_area
20260804_seahub_CHEM15_shard005_C04_e01,20260804_seahub_CHEM15_shard005,1,0,0,0,0,0.0,0.06345689112751095,single_observation_no_low_area
20260804_seahub_CHEM15_shard005_C05_e01,20260804_seahub_CHEM15_shard005,1,0,0,0,0,0.0,-0.0049665527155822375,single_observation_no_low_area
20260804_seahub_CHEM15_shard005_C06_e01,20260804_seahub_CHEM15_shard005,1,0,0,0,0,0.0,0.0023470642514019278,single_observation_no_low_area
20260804_seahub_CHEM15_shard005_C07_e01,20260804_seahub_CHEM15_shard005,1,0,0,0,0,0.0,0.03082348776114932,single_observation_no_low_area
20260804_seahub_CHEM15_shard005_C08_e01,20260804_seahub_CHEM15_shard005,1,0,0,0,0,0.0,-0.03604386736556443,single_observation_no_low_area
20260804_seahub_CHEM15_shard005_C09_e01,20260804_seahub_CHEM15_shard005,1,0,0,0,0,0.0,0.19009847373027014,single_observation_no_low_area
20260804_seahub_CHEM15_shard005_C10_e01,20260804_seahub_CHEM15_shard005,1,0,0,0,0,0.0,0.14018405786260754,single_observation_no_low_area
20260804_seahub_CHEM15_shard005_C11_e01,20260804_seahub_CHEM15_shard005,1,0,0,0,0,0.0,0.17894113371279244,single_observation_no_low_area
20260804_seahub_CHEM15_shard005_C12_e01,20260804_seahub_CHEM15_shard005,1,0,0,0,0,0.0,0.22682694230455014,single_observation_no_low_area
20260804_seahub_CHEM15_shard005_D01_e01,20260804_seahub_CHEM15_shard005,1,0,0,0,0,0.0,0.25928465871903056,single_observation_no_low_area
20260804_seahub_CHEM15_shard005_D02_e01,20260804_seahub_CHEM15_shard005,1,0,0,0,0,0.0,0.24903485353551016,single_observation_no_low_area
20260804_seahub_CHEM15_shard005_D03_e01,20260804_seahub_CHEM15_shard005,1,0,0,0,0,0.0,0.19597075794999513,single_observation_no_low_area
20260804_seahub_CHEM15_shard005_D04_e01,20260804_seahub_CHEM15_shard005,1,0,0,0,0,0.0,0.23809105112602277,single_observation_no_low_area
20260804_seahub_CHEM15_shard005_D05_e01,20260804_seahub_CHEM15_shard005,1,0,0,0,0,0.0,0.01357973786105381,single_observation_no_low_area
20260804_seahub_CHEM15_shard005_D06_e01,20260804_seahub_CHEM15_shard005,1,0,0,0,0,0.0,-0.008324633124026886,single_observation_no_low_area
20260804_seahub_CHEM15_shard005_D07_e01,20260804_seahub_CHEM15_shard005,1,0,0,0,0,0.0,0.11775157624956031,single_observation_no_low_area
20260804_seahub_CHEM15_shard005_D08_e01,20260804_seahub_CHEM15_shard005,1,0,0,0,0,0.0,-0.08355375909981422,single_observation_no_low_area
20260804_seahub_CHEM15_shard005_D09_e01,20260804_seahub_CHEM15_shard005,1,0,0,0,0,0.0,0.10676650131109656,single_observation_no_low_area
20260804_seahub_CHEM15_shard005_D10_e01,20260804_seahub_CHEM15_shard005,1,0,0,0,0,0.0,-0.0147709645250412,single_observation_no_low_area
20260804_seahub_CHEM15_shard005_D11_e01,20260804_seahub_CHEM15_shard005,1,0,0,0,0,0.0,0.21492892580499326,single_observation_no_low_area
20260804_seahub_CHEM15_shard005_D12_e01,20260804_seahub_CHEM15_shard005,1,0,0,0,0,0.0,0.0044145455970261635,single_observation_no_low_area
20260804_seahub_CHEM16_shard001_A01_e01,20260804_seahub_CHEM16_shard001,1,0,0,0,0,0.0,0.35362097588890495,single_observation_no_low_area
20260804_seahub_CHEM16_shard001_A02_e01,20260804_seahub_CHEM16_shard001,1,0,0,0,0,0.0,0.291595774292704,single_observation_no_low_area
20260804_seahub_CHEM16_shard001_A03_e01,20260804_seahub_CHEM16_shard001,1,0,0,0,0,0.0,0.3156273902712033,single_observation_no_low_area
20260804_seahub_CHEM16_shard001_A04_e01,20260804_seahub_CHEM16_shard001,1,0,0,0,0,0.0,0.2234889315950175,single_observation_no_low_area
20260804_seahub_CHEM16_shard001_A05_e01,20260804_seahub_CHEM16_shard001,1,0,0,0,0,0.0,0.2501619536401191,single_observation_no_low_area
20260804_seahub_CHEM16_shard001_A06_e01,20260804_seahub_CHEM16_shard001,1,0,0,0,0,0.0,0.24544885654088736,single_observation_no_low_area
20260804_seahub_CHEM16_shard001_A07_e01,20260804_seahub_CHEM16_shard001,1,0,0,0,0,0.0,0.35089851773822645,single_observation_no_low_area
20260804_seahub_CHEM16_shard001_A08_e01,20260804_seahub_CHEM16_shard001,1,0,0,0,0,0.0,0.2526479828792741,single_observation_no_low_area
20260804_seahub_CHEM16_shard001_A09_e01,20260804_seahub_CHEM16_shard001,1,1,1,1,0,0.04082368164009188,-0.04082368164009188,single_observation_low_unassessable
20260804_seahub_CHEM16_shard001_A10_e01,20260804_seahub_CHEM16_shard001,1,0,0,0,0,0.0,0.05784220919084601,single_observation_no_low_area
20260804_seahub_CHEM16_shard001_A11_e01,20260804_seahub_CHEM16_shard001,1,1,1,1,0,0.0033659294126657142,-0.0033659294126657142,single_observation_low_unassessable
20260804_seahub_CHEM16_shard001_A12_e01,20260804_seahub_CHEM16_shard001,1,0,0,0,0,0.0,0.14368289137869777,single_observation_no_low_area
20260804_seahub_CHEM16_shard001_B01_e01,20260804_seahub_CHEM16_shard001,1,0,0,0,0,0.0,0.0005019906542968078,single_observation_no_low_area
20260804_seahub_CHEM16_shard001_B02_e01,20260804_seahub_CHEM16_shard001,1,0,0,0,0,0.0,0.02052017345699756,single_observation_no_low_area
20260804_seahub_CHEM16_shard001_B03_e01,20260804_seahub_CHEM16_shard001,1,1,1,1,0,0.05032383619052607,-0.05032383619052607,single_observation_low_unassessable
20260804_seahub_CHEM16_shard001_B04_e01,20260804_seahub_CHEM16_shard001,1,0,0,0,0,0.0,0.0745353379008945,single_observation_no_low_area
20260804_seahub_CHEM16_shard001_B05_e01,20260804_seahub_CHEM16_shard001,1,1,1,1,0,0.04137246949699942,-0.04137246949699942,single_observation_low_unassessable
20260804_seahub_CHEM16_shard001_B06_e01,20260804_seahub_CHEM16_shard001,1,1,1,1,0,0.02517578898613561,-0.02517578898613561,single_observation_low_unassessable
20260804_seahub_CHEM16_shard001_B07_e01,20260804_seahub_CHEM16_shard001,1,1,1,1,0,0.010562783903000481,-0.010562783903000481,single_observation_low_unassessable
20260804_seahub_CHEM16_shard001_B08_e01,20260804_seahub_CHEM16_shard001,1,1,1,1,0,0.07736509285447514,-0.07736509285447514,single_observation_low_unassessable
20260804_seahub_CHEM16_shard001_B09_e01,20260804_seahub_CHEM16_shard001,1,1,1,1,0,0.008835137981841662,-0.008835137981841662,single_observation_low_unassessable
20260804_seahub_CHEM16_shard001_B10_e01,20260804_seahub_CHEM16_shard001,1,1,1,1,0,0.11926050644257626,-0.11926050644257626,single_observation_low_unassessable
20260804_seahub_CHEM16_shard001_B11_e01,20260804_seahub_CHEM16_shard001,1,1,1,1,0,0.05339400569839632,-0.05339400569839632,single_observation_low_unassessable
20260804_seahub_CHEM16_shard001_B12_e01,20260804_seahub_CHEM16_shard001,1,1,1,1,0,0.075709432180031,-0.075709432180031,single_observation_low_unassessable
20260804_seahub_CHEM16_shard001_C01_e01,20260804_seahub_CHEM16_shard001,1,1,1,1,0,0.08463560277268489,-0.08463560277268489,single_observation_low_unassessable
20260804_seahub_CHEM16_shard001_C02_e01,20260804_seahub_CHEM16_shard001,1,1,1,1,0,0.0482830531816347,-0.0482830531816347,single_observation_low_unassessable
20260804_seahub_CHEM16_shard001_C03_e01,20260804_seahub_CHEM16_shard001,1,1,1,1,0,0.07059847966326953,-0.07059847966326953,single_observation_low_unassessable
20260804_seahub_CHEM16_shard001_C04_e01,20260804_seahub_CHEM16_shard001,1,1,1,1,0,0.06843892226182108,-0.06843892226182108,single_observation_low_unassessable
20260804_seahub_CHEM16_shard001_C05_e01,20260804_seahub_CHEM16_shard001,1,1,1,1,0,0.05828900247501298,-0.05828900247501298,single_observation_low_unassessable
20260804_seahub_CHEM16_shard001_C06_e01,20260804_seahub_CHEM16_shard001,1,1,1,1,0,0.09420964058577339,-0.09420964058577339,single_observation_low_unassessable
20260804_seahub_CHEM16_shard001_C07_e01,20260804_seahub_CHEM16_shard001,1,1,1,1,0,0.015457780679617134,-0.015457780679617134,single_observation_low_unassessable
20260804_seahub_CHEM16_shard001_C08_e01,20260804_seahub_CHEM16_shard001,1,1,1,1,0,0.11127014405721676,-0.11127014405721676,single_observation_low_unassessable
20260804_seahub_CHEM16_shard001_C09_e01,20260804_seahub_CHEM16_shard001,1,0,0,0,0,0.0,0.14843857957040582,single_observation_no_low_area
20260804_seahub_CHEM16_shard001_C10_e01,20260804_seahub_CHEM16_shard001,1,0,0,0,0,0.0,0.09757506542284877,single_observation_no_low_area
20260804_seahub_CHEM16_shard001_C11_e01,20260804_seahub_CHEM16_shard001,1,0,0,0,0,0.0,0.16241459021455454,single_observation_no_low_area
20260804_seahub_CHEM16_shard001_C12_e01,20260804_seahub_CHEM16_shard001,1,0,0,0,0,0.0,0.18263398266285139,single_observation_no_low_area
20260804_seahub_CHEM16_shard001_D01_e01,20260804_seahub_CHEM16_shard001,1,0,0,0,0,0.0,0.1567439957318878,single_observation_no_low_area
20260804_seahub_CHEM16_shard001_D02_e01,20260804_seahub_CHEM16_shard001,1,0,0,0,0,0.0,0.20823757593307443,single_observation_no_low_area
20260804_seahub_CHEM16_shard001_D03_e01,20260804_seahub_CHEM16_shard001,1,0,0,0,0,0.0,0.17999916098403648,single_observation_no_low_area
20260804_seahub_CHEM16_shard001_D04_e01,20260804_seahub_CHEM16_shard001,1,0,0,0,0,0.0,0.14889680942759106,single_observation_no_low_area
20260804_seahub_CHEM16_shard001_D05_e01,20260804_seahub_CHEM16_shard001,1,1,1,1,0,0.24761020133533365,-0.24761020133533365,single_observation_low_unassessable
20260804_seahub_CHEM16_shard001_D06_e01,20260804_seahub_CHEM16_shard001,1,1,1,1,0,0.2564643866812726,-0.2564643866812726,single_observation_low_unassessable
20260804_seahub_CHEM16_shard001_D07_e01,20260804_seahub_CHEM16_shard001,1,1,1,1,0,0.2696376868301087,-0.2696376868301087,single_observation_low_unassessable
20260804_seahub_CHEM16_shard001_D08_e01,20260804_seahub_CHEM16_shard001,1,1,1,1,0,0.19909214504945674,-0.19909214504945674,single_observation_low_unassessable
20260804_seahub_CHEM16_shard001_D09_e01,20260804_seahub_CHEM16_shard001,1,1,1,1,0,0.2911612755978791,-0.2911612755978791,single_observation_low_unassessable
20260804_seahub_CHEM16_shard001_D10_e01,20260804_seahub_CHEM16_shard001,1,1,1,1,0,0.27100540651769267,-0.27100540651769267,single_observation_low_unassessable
20260804_seahub_CHEM16_shard001_D11_e01,20260804_seahub_CHEM16_shard001,1,1,1,1,0,0.33500029084728405,-0.33500029084728405,single_observation_low_unassessable
20260804_seahub_CHEM16_shard001_D12_e01,20260804_seahub_CHEM16_shard001,1,1,1,1,0,0.2330691814989135,-0.2330691814989135,single_observation_low_unassessable
20260804_seahub_CHEM16_shard001_E01_e01,20260804_seahub_CHEM16_shard001,1,0,0,0,0,0.0,0.4552358678922444,single_observation_no_low_area
20260804_seahub_CHEM16_shard001_E02_e01,20260804_seahub_CHEM16_shard001,1,0,0,0,0,0.0,0.399602679934793,single_observation_no_low_area
20260804_seahub_CHEM16_shard001_E03_e01,20260804_seahub_CHEM16_shard001,1,0,0,0,0,0.0,0.40485481214469315,single_observation_no_low_area
20260804_seahub_CHEM16_shard001_E04_e01,20260804_seahub_CHEM16_shard001,1,0,0,0,0,0.0,0.40757143225326214,single_observation_no_low_area
20260804_seahub_CHEM16_shard001_E05_e01,20260804_seahub_CHEM16_shard001,1,0,0,0,0,0.0,0.4679368532235749,single_observation_no_low_area
20260804_seahub_CHEM16_shard001_E06_e01,20260804_seahub_CHEM16_shard001,1,0,0,0,0,0.0,0.3980934465411433,single_observation_no_low_area
20260804_seahub_CHEM16_shard001_E07_e01,20260804_seahub_CHEM16_shard001,1,0,0,0,0,0.0,0.4755489629630536,single_observation_no_low_area
20260804_seahub_CHEM16_shard001_E08_e01,20260804_seahub_CHEM16_shard001,1,0,0,0,0,0.0,0.30120066266884615,single_observation_no_low_area
20260804_seahub_CHEM16_shard001_E09_e01,20260804_seahub_CHEM16_shard001,1,0,0,0,0,0.0,0.4604861188163292,single_observation_no_low_area
20260804_seahub_CHEM16_shard001_E10_e01,20260804_seahub_CHEM16_shard001,1,0,0,0,0,0.0,0.38578234396399963,single_observation_no_low_area
20260804_seahub_CHEM16_shard001_E11_e01,20260804_seahub_CHEM16_shard001,1,0,0,0,0,0.0,0.4194768142577476,single_observation_no_low_area
20260804_seahub_CHEM16_shard001_E12_e01,20260804_seahub_CHEM16_shard001,1,0,0,0,0,0.0,0.4125344367194267,single_observation_no_low_area
20260804_seahub_CHEM16_shard001_F01_e01,20260804_seahub_CHEM16_shard001,1,0,0,0,0,0.0,0.476125420912513,single_observation_no_low_area
20260804_seahub_CHEM16_shard001_F02_e01,20260804_seahub_CHEM16_shard001,1,0,0,0,0,0.0,0.39212624068005175,single_observation_no_low_area
20260804_seahub_CHEM16_shard001_F03_e01,20260804_seahub_CHEM16_shard001,1,0,0,0,0,0.0,0.4754317421905048,single_observation_no_low_area
20260804_seahub_CHEM16_shard001_F04_e01,20260804_seahub_CHEM16_shard001,1,0,0,0,0,0.0,0.30833892556238396,single_observation_no_low_area
20260804_seahub_CHEM16_shard001_F05_e01,20260804_seahub_CHEM16_shard001,1,0,0,0,0,0.0,0.46193716142330843,single_observation_no_low_area
20260804_seahub_CHEM16_shard001_F06_e01,20260804_seahub_CHEM16_shard001,1,0,0,0,0,0.0,0.35224299695943057,single_observation_no_low_area
20260804_seahub_CHEM16_shard001_F07_e01,20260804_seahub_CHEM16_shard001,1,0,0,0,0,0.0,0.41977460998974236,single_observation_no_low_area
20260804_seahub_CHEM16_shard001_F08_e01,20260804_seahub_CHEM16_shard001,1,0,0,0,0,0.0,0.4195359823818613,single_observation_no_low_area
20260804_seahub_CHEM16_shard001_F09_e01,20260804_seahub_CHEM16_shard001,1,0,0,0,0,0.0,0.4717357716058214,single_observation_no_low_area
20260804_seahub_CHEM16_shard001_F10_e01,20260804_seahub_CHEM16_shard001,1,0,0,0,0,0.0,0.3599983942155617,single_observation_no_low_area
20260804_seahub_CHEM16_shard001_F11_e01,20260804_seahub_CHEM16_shard001,1,0,0,0,0,0.0,0.4724516544294643,single_observation_no_low_area
20260804_seahub_CHEM16_shard001_F12_e01,20260804_seahub_CHEM16_shard001,1,0,0,0,0,0.0,0.29747796095075013,single_observation_no_low_area
20260804_seahub_CHEM16_shard001_G01_e01,20260804_seahub_CHEM16_shard001,1,0,0,0,0,0.0,0.460639022496104,single_observation_no_low_area
20260804_seahub_CHEM16_shard001_G02_e01,20260804_seahub_CHEM16_shard001,1,0,0,0,0,0.0,0.41526837701276426,single_observation_no_low_area
20260804_seahub_CHEM16_shard001_G03_e01,20260804_seahub_CHEM16_shard001,1,0,0,0,0,0.0,0.2654978977864834,single_observation_no_low_area
20260804_seahub_CHEM16_shard001_G04_e01,20260804_seahub_CHEM16_shard001,1,0,0,0,0,0.0,0.03223581719495738,single_observation_no_low_area
20260804_seahub_CHEM16_shard001_G05_e01,20260804_seahub_CHEM16_shard001,1,0,0,0,0,0.0,0.3626409695171358,single_observation_no_low_area
20260804_seahub_CHEM16_shard001_G06_e01,20260804_seahub_CHEM16_shard001,1,0,0,0,0,0.0,0.39040555417335066,single_observation_no_low_area
20260804_seahub_CHEM16_shard001_G07_e01,20260804_seahub_CHEM16_shard001,1,0,0,0,0,0.0,0.1357759547490132,single_observation_no_low_area
20260804_seahub_CHEM16_shard001_G08_e01,20260804_seahub_CHEM16_shard001,1,0,0,0,0,0.0,0.2130683376874549,single_observation_no_low_area
20260804_seahub_CHEM16_shard001_G09_e01,20260804_seahub_CHEM16_shard001,1,0,0,0,0,0.0,0.4707742066113974,single_observation_no_low_area
20260804_seahub_CHEM16_shard001_G10_e01,20260804_seahub_CHEM16_shard001,1,0,0,0,0,0.0,0.3588818383192806,single_observation_no_low_area
20260804_seahub_CHEM16_shard001_G11_e01,20260804_seahub_CHEM16_shard001,1,0,0,0,0,0.0,0.43534372103858426,single_observation_no_low_area
20260804_seahub_CHEM16_shard001_G12_e01,20260804_seahub_CHEM16_shard001,1,0,0,0,0,0.0,0.2557998927273302,single_observation_no_low_area
20260804_seahub_CHEM16_shard001_H01_e01,20260804_seahub_CHEM16_shard001,1,0,0,0,0,0.0,0.2965166319202436,single_observation_no_low_area
20260804_seahub_CHEM16_shard001_H02_e01,20260804_seahub_CHEM16_shard001,1,0,0,0,0,0.0,0.36202841785505435,single_observation_no_low_area
20260804_seahub_CHEM16_shard001_H03_e01,20260804_seahub_CHEM16_shard001,1,0,0,0,0,0.0,0.4153314751910627,single_observation_no_low_area
20260804_seahub_CHEM16_shard001_H04_e01,20260804_seahub_CHEM16_shard001,1,0,0,0,0,0.0,0.360392196496452,single_observation_no_low_area
20260804_seahub_CHEM16_shard001_H05_e01,20260804_seahub_CHEM16_shard001,1,0,0,0,0,0.0,0.4700795504697904,single_observation_no_low_area
20260804_seahub_CHEM16_shard001_H06_e01,20260804_seahub_CHEM16_shard001,1,0,0,0,0,0.0,0.3501245946659422,single_observation_no_low_area
20260804_seahub_CHEM16_shard001_H07_e01,20260804_seahub_CHEM16_shard001,1,0,0,0,0,0.0,0.42752710825305684,single_observation_no_low_area
20260804_seahub_CHEM16_shard001_H08_e01,20260804_seahub_CHEM16_shard001,1,0,0,0,0,0.0,0.2688077614683863,single_observation_no_low_area
20260804_seahub_CHEM16_shard001_H09_e01,20260804_seahub_CHEM16_shard001,1,0,0,0,0,0.0,0.2933669603145427,single_observation_no_low_area
20260804_seahub_CHEM16_shard001_H10_e01,20260804_seahub_CHEM16_shard001,1,0,0,0,0,0.0,0.3291009103066364,single_observation_no_low_area
20260804_seahub_CHEM16_shard001_H11_e01,20260804_seahub_CHEM16_shard001,1,0,0,0,0,0.0,0.4104177435041923,single_observation_no_low_area
20260804_seahub_CHEM16_shard001_H12_e01,20260804_seahub_CHEM16_shard001,1,0,0,0,0,0.0,0.3655924705459122,single_observation_no_low_area
20260804_seahub_CHEM16_shard002_A01_e01,20260804_seahub_CHEM16_shard002,1,1,1,1,0,0.010416589738276635,-0.010416589738276635,single_observation_low_unassessable
20260804_seahub_CHEM16_shard002_A02_e01,20260804_seahub_CHEM16_shard002,1,1,1,1,0,0.10817771613053392,-0.10817771613053392,single_observation_low_unassessable
20260804_seahub_CHEM16_shard002_A03_e01,20260804_seahub_CHEM16_shard002,1,0,0,0,0,0.0,0.033367259730614114,single_observation_no_low_area
20260804_seahub_CHEM16_shard002_A04_e01,20260804_seahub_CHEM16_shard002,1,1,1,1,0,0.07171397899472343,-0.07171397899472343,single_observation_low_unassessable
20260804_seahub_CHEM16_shard002_A05_e01,20260804_seahub_CHEM16_shard002,1,1,1,1,0,0.14122084002658739,-0.14122084002658739,single_observation_low_unassessable
20260804_seahub_CHEM16_shard002_A06_e01,20260804_seahub_CHEM16_shard002,1,0,0,0,0,0.0,0.18271123377840828,single_observation_no_low_area
20260804_seahub_CHEM16_shard002_A07_e01,20260804_seahub_CHEM16_shard002,1,0,0,0,0,0.0,0.16211914207507075,single_observation_no_low_area
20260804_seahub_CHEM16_shard002_A08_e01,20260804_seahub_CHEM16_shard002,1,0,0,0,0,0.0,0.0367194607055762,single_observation_no_low_area
20260804_seahub_CHEM16_shard002_A09_e01,20260804_seahub_CHEM16_shard002,1,0,0,0,0,0.0,0.28615057814866235,single_observation_no_low_area
20260804_seahub_CHEM16_shard002_A10_e01,20260804_seahub_CHEM16_shard002,1,0,0,0,0,0.0,0.2464030523026851,single_observation_no_low_area
20260804_seahub_CHEM16_shard002_A11_e01,20260804_seahub_CHEM16_shard002,1,0,0,0,0,0.0,0.13407011350906256,single_observation_no_low_area
20260804_seahub_CHEM16_shard002_A12_e01,20260804_seahub_CHEM16_shard002,1,0,0,0,0,0.0,0.15096794291346255,single_observation_no_low_area
20260804_seahub_CHEM16_shard002_B01_e01,20260804_seahub_CHEM16_shard002,1,0,0,0,0,0.0,0.26603737229889085,single_observation_no_low_area
20260804_seahub_CHEM16_shard002_B02_e01,20260804_seahub_CHEM16_shard002,1,0,0,0,0,0.0,0.19591480088387073,single_observation_no_low_area
20260804_seahub_CHEM16_shard002_B03_e01,20260804_seahub_CHEM16_shard002,1,0,0,0,0,0.0,0.16861830723060903,single_observation_no_low_area
20260804_seahub_CHEM16_shard002_B04_e01,20260804_seahub_CHEM16_shard002,1,0,0,0,0,0.0,0.03514597861528786,single_observation_no_low_area
20260804_seahub_CHEM16_shard002_B05_e01,20260804_seahub_CHEM16_shard002,1,1,1,1,0,0.0009756971965469466,-0.0009756971965469466,single_observation_low_unassessable
20260804_seahub_CHEM16_shard002_B06_e01,20260804_seahub_CHEM16_shard002,1,0,0,0,0,0.0,0.1858581979589847,single_observation_no_low_area
20260804_seahub_CHEM16_shard002_B07_e01,20260804_seahub_CHEM16_shard002,1,0,0,0,0,0.0,0.13331757859631607,single_observation_no_low_area
20260804_seahub_CHEM16_shard002_B08_e01,20260804_seahub_CHEM16_shard002,1,0,0,0,0,0.0,0.15575680144912254,single_observation_no_low_area
20260804_seahub_CHEM16_shard002_B09_e01,20260804_seahub_CHEM16_shard002,1,0,0,0,0,0.0,0.1356435955993508,single_observation_no_low_area
20260804_seahub_CHEM16_shard002_B10_e01,20260804_seahub_CHEM16_shard002,1,0,0,0,0,0.0,0.04342386265549999,single_observation_no_low_area
20260804_seahub_CHEM16_shard002_B11_e01,20260804_seahub_CHEM16_shard002,1,0,0,0,0,0.0,0.16102454583834844,single_observation_no_low_area
20260804_seahub_CHEM16_shard002_B12_e01,20260804_seahub_CHEM16_shard002,1,0,0,0,0,0.0,0.11149406612666592,single_observation_no_low_area
20260804_seahub_CHEM16_shard002_C01_e01,20260804_seahub_CHEM16_shard002,1,0,0,0,0,0.0,0.04677606363046182,single_observation_no_low_area
20260804_seahub_CHEM16_shard002_C02_e01,20260804_seahub_CHEM16_shard002,1,1,1,1,0,0.2829710526821207,-0.2829710526821207,single_observation_low_unassessable
20260804_seahub_CHEM16_shard002_C03_e01,20260804_seahub_CHEM16_shard002,1,1,1,1,0,0.12870139556907634,-0.12870139556907634,single_observation_low_unassessable
20260804_seahub_CHEM16_shard002_C04_e01,20260804_seahub_CHEM16_shard002,1,0,0,0,0,0.0,0.0863867649468489,single_observation_no_low_area
20260804_seahub_CHEM16_shard002_C05_e01,20260804_seahub_CHEM16_shard002,1,0,0,0,0,0.0,0.07934030167294927,single_observation_no_low_area
20260804_seahub_CHEM16_shard002_C06_e01,20260804_seahub_CHEM16_shard002,1,0,0,0,0,0.0,0.29100784894911746,single_observation_no_low_area
20260804_seahub_CHEM16_shard002_C07_e01,20260804_seahub_CHEM16_shard002,1,0,0,0,0,0.0,0.13256504368356944,single_observation_no_low_area
20260804_seahub_CHEM16_shard002_C08_e01,20260804_seahub_CHEM16_shard002,1,0,0,0,0,0.0,0.23703057202575079,single_observation_no_low_area
20260804_seahub_CHEM16_shard002_C09_e01,20260804_seahub_CHEM16_shard002,1,0,0,0,0,0.0,0.09432258766308532,single_observation_no_low_area
20260804_seahub_CHEM16_shard002_C10_e01,20260804_seahub_CHEM16_shard002,1,0,0,0,0,0.0,0.1062263217374399,single_observation_no_low_area
20260804_seahub_CHEM16_shard002_C11_e01,20260804_seahub_CHEM16_shard002,1,0,0,0,0,0.0,0.19940382638842272,single_observation_no_low_area
20260804_seahub_CHEM16_shard002_C12_e01,20260804_seahub_CHEM16_shard002,1,0,0,0,0,0.0,0.12763936061831926,single_observation_no_low_area
20260804_seahub_CHEM16_shard002_D01_e01,20260804_seahub_CHEM16_shard002,1,0,0,0,0,0.0,0.28060918470025586,single_observation_no_low_area
20260804_seahub_CHEM16_shard002_D02_e01,20260804_seahub_CHEM16_shard002,1,0,0,0,0,0.0,0.14631590890739285,single_observation_no_low_area
20260804_seahub_CHEM16_shard002_D03_e01,20260804_seahub_CHEM16_shard002,1,0,0,0,0,0.0,0.2459241664491191,single_observation_no_low_area
20260804_seahub_CHEM16_shard002_D04_e01,20260804_seahub_CHEM16_shard002,1,0,0,0,0,0.0,0.28464550832316937,single_observation_no_low_area
20260804_seahub_CHEM16_shard002_D05_e01,20260804_seahub_CHEM16_shard002,1,0,0,0,0,0.0,0.053548877845181087,single_observation_no_low_area
20260804_seahub_CHEM16_shard002_D06_e01,20260804_seahub_CHEM16_shard002,1,0,0,0,0,0.0,0.11607768786794039,single_observation_no_low_area
20260804_seahub_CHEM16_shard002_D07_e01,20260804_seahub_CHEM16_shard002,1,1,1,1,0,0.29699556696512475,-0.29699556696512475,single_observation_low_unassessable
20260804_seahub_CHEM16_shard002_D08_e01,20260804_seahub_CHEM16_shard002,1,0,0,0,0,0.0,0.12599746626323582,single_observation_no_low_area
20260804_seahub_CHEM16_shard002_D09_e01,20260804_seahub_CHEM16_shard002,1,1,1,1,0,0.04900110708273633,-0.04900110708273633,single_observation_low_unassessable
20260804_seahub_CHEM16_shard002_D10_e01,20260804_seahub_CHEM16_shard002,1,0,0,0,0,0.0,0.1045844273823566,single_observation_no_low_area
20260804_seahub_CHEM16_shard002_D11_e01,20260804_seahub_CHEM16_shard002,1,0,0,0,0,0.0,0.23101029272377827,single_observation_no_low_area
20260804_seahub_CHEM16_shard002_D12_e01,20260804_seahub_CHEM16_shard002,1,0,0,0,0,0.0,0.2705525817753701,single_observation_no_low_area
20260804_seahub_CHEM16_shard002_E01_e01,20260804_seahub_CHEM16_shard002,1,1,1,1,0,0.27400904599395715,-0.27400904599395715,single_observation_low_unassessable
20260804_seahub_CHEM16_shard002_E02_e01,20260804_seahub_CHEM16_shard002,1,1,1,1,0,0.3093097746282502,-0.3093097746282502,single_observation_low_unassessable
20260804_seahub_CHEM16_shard002_E03_e01,20260804_seahub_CHEM16_shard002,1,1,1,1,0,0.289401805572864,-0.289401805572864,single_observation_low_unassessable
20260804_seahub_CHEM16_shard002_E04_e01,20260804_seahub_CHEM16_shard002,1,1,1,1,0,0.1973873094233986,-0.1973873094233986,single_observation_low_unassessable
20260804_seahub_CHEM16_shard002_E05_e01,20260804_seahub_CHEM16_shard002,1,1,1,1,0,0.31601417657817416,-0.31601417657817416,single_observation_low_unassessable
20260804_seahub_CHEM16_shard002_E06_e01,20260804_seahub_CHEM16_shard002,1,1,1,1,0,0.31286721239759757,-0.31286721239759757,single_observation_low_unassessable
20260804_seahub_CHEM16_shard002_E07_e01,20260804_seahub_CHEM16_shard002,1,1,1,1,0,0.30657328403644457,-0.30657328403644457,single_observation_low_unassessable
20260804_seahub_CHEM16_shard002_E08_e01,20260804_seahub_CHEM16_shard002,1,1,1,1,0,0.31067801992415306,-0.31067801992415306,single_observation_low_unassessable
20260804_seahub_CHEM16_shard002_E09_e01,20260804_seahub_CHEM16_shard002,1,1,1,1,0,0.2721619148444883,-0.2721619148444883,single_observation_low_unassessable
20260804_seahub_CHEM16_shard002_E10_e01,20260804_seahub_CHEM16_shard002,1,1,1,1,0,0.2777717205576899,-0.2777717205576899,single_observation_low_unassessable
20260804_seahub_CHEM16_shard002_E11_e01,20260804_seahub_CHEM16_shard002,1,1,1,1,0,0.18527833855465847,-0.18527833855465847,single_observation_low_unassessable
20260804_seahub_CHEM16_shard002_E12_e01,20260804_seahub_CHEM16_shard002,1,1,1,1,0,0.27592458940822107,-0.27592458940822107,single_observation_low_unassessable
20260804_seahub_CHEM16_shard002_F01_e01,20260804_seahub_CHEM16_shard002,1,1,1,1,0,0.3061628104476735,-0.3061628104476735,single_observation_low_unassessable
20260804_seahub_CHEM16_shard002_F02_e01,20260804_seahub_CHEM16_shard002,1,1,1,1,0,0.29063322633917665,-0.29063322633917665,single_observation_low_unassessable
20260804_seahub_CHEM16_shard002_F03_e01,20260804_seahub_CHEM16_shard002,1,1,1,1,0,0.29918475943856926,-0.29918475943856926,single_observation_low_unassessable
20260804_seahub_CHEM16_shard002_F04_e01,20260804_seahub_CHEM16_shard002,1,1,1,1,0,0.3218292190857611,-0.3218292190857611,single_observation_low_unassessable
20260804_seahub_CHEM16_shard002_F05_e01,20260804_seahub_CHEM16_shard002,1,1,1,1,0,0.2618316628604219,-0.2618316628604219,single_observation_low_unassessable
20260804_seahub_CHEM16_shard002_F06_e01,20260804_seahub_CHEM16_shard002,1,1,1,1,0,0.2718198535205126,-0.2718198535205126,single_observation_low_unassessable
20260804_seahub_CHEM16_shard002_F07_e01,20260804_seahub_CHEM16_shard002,1,1,1,1,0,0.2946695499620899,-0.2946695499620899,single_observation_low_unassessable
20260804_seahub_CHEM16_shard002_F08_e01,20260804_seahub_CHEM16_shard002,1,1,1,1,0,0.2682624157511653,-0.2682624157511653,single_observation_low_unassessable
20260804_seahub_CHEM16_shard002_F09_e01,20260804_seahub_CHEM16_shard002,1,1,1,1,0,0.29911634717377417,-0.29911634717377417,single_observation_low_unassessable
20260804_seahub_CHEM16_shard002_F10_e01,20260804_seahub_CHEM16_shard002,1,1,1,1,0,0.23261962579289647,-0.23261962579289647,single_observation_low_unassessable
20260804_seahub_CHEM16_shard002_F11_e01,20260804_seahub_CHEM16_shard002,1,1,1,1,0,0.20169728210549245,-0.20169728210549245,single_observation_low_unassessable
20260804_seahub_CHEM16_shard002_F12_e01,20260804_seahub_CHEM16_shard002,1,1,1,1,0,0.31820336905161867,-0.31820336905161867,single_observation_low_unassessable
20260804_seahub_CHEM16_shard002_G01_e01,20260804_seahub_CHEM16_shard002,1,0,0,0,0,0.0,0.18373741775033553,single_observation_no_low_area
20260804_seahub_CHEM16_shard002_G02_e01,20260804_seahub_CHEM16_shard002,1,0,0,0,0,0.0,0.185839518027734,single_observation_no_low_area
20260804_seahub_CHEM16_shard002_G03_e01,20260804_seahub_CHEM16_shard002,1,0,0,0,0,0.0,0.13201774556520834,single_observation_no_low_area
20260804_seahub_CHEM16_shard002_G04_e01,20260804_seahub_CHEM16_shard002,1,1,1,1,0,0.1300012286001841,-0.1300012286001841,single_observation_low_unassessable
20260804_seahub_CHEM16_shard002_G05_e01,20260804_seahub_CHEM16_shard002,1,0,0,0,0,0.0,0.15630409956748365,single_observation_no_low_area
20260804_seahub_CHEM16_shard002_G06_e01,20260804_seahub_CHEM16_shard002,1,0,0,0,0,0.0,0.19844605468129095,single_observation_no_low_area
20260804_seahub_CHEM16_shard002_G07_e01,20260804_seahub_CHEM16_shard002,1,0,0,0,0,0.0,0.14611067211300746,single_observation_no_low_area
20260804_seahub_CHEM16_shard002_G08_e01,20260804_seahub_CHEM16_shard002,1,0,0,0,0,0.0,0.11464103030724222,single_observation_no_low_area
20260804_seahub_CHEM16_shard002_G09_e01,20260804_seahub_CHEM16_shard002,1,0,0,0,0,0.0,0.20193508018584297,single_observation_no_low_area
20260804_seahub_CHEM16_shard002_G10_e01,20260804_seahub_CHEM16_shard002,1,0,0,0,0,0.0,0.18509463195090656,single_observation_no_low_area
20260804_seahub_CHEM16_shard002_G11_e01,20260804_seahub_CHEM16_shard002,1,0,0,0,0,0.0,0.1362593059825071,single_observation_no_low_area
20260804_seahub_CHEM16_shard002_G12_e01,20260804_seahub_CHEM16_shard002,1,0,0,0,0,0.0,0.16225596660466093,single_observation_no_low_area
20260804_seahub_CHEM16_shard002_H01_e01,20260804_seahub_CHEM16_shard002,1,0,0,0,0,0.0,0.15657774862666413,single_observation_no_low_area
20260804_seahub_CHEM16_shard002_H02_e01,20260804_seahub_CHEM16_shard002,1,0,0,0,0,0.0,0.20494521983682923,single_observation_no_low_area
20260804_seahub_CHEM16_shard002_H03_e01,20260804_seahub_CHEM16_shard002,1,0,0,0,0,0.0,0.14980493441194526,single_observation_no_low_area
20260804_seahub_CHEM16_shard002_H04_e01,20260804_seahub_CHEM16_shard002,1,0,0,0,0,0.0,0.11204136424502702,single_observation_no_low_area
20260804_seahub_CHEM16_shard002_H05_e01,20260804_seahub_CHEM16_shard002,1,0,0,0,0,0.0,0.2026876150985896,single_observation_no_low_area
20260804_seahub_CHEM16_shard002_H06_e01,20260804_seahub_CHEM16_shard002,1,0,0,0,0,0.0,0.18783389042698115,single_observation_no_low_area
20260804_seahub_CHEM16_shard002_H07_e01,20260804_seahub_CHEM16_shard002,1,0,0,0,0,0.0,0.13126521065246183,single_observation_no_low_area
20260804_seahub_CHEM16_shard002_H08_e01,20260804_seahub_CHEM16_shard002,1,0,0,0,0,0.0,0.1655397553148278,single_observation_no_low_area
20260804_seahub_CHEM16_shard002_H09_e01,20260804_seahub_CHEM16_shard002,1,0,0,0,0,0.0,0.17073908743925847,single_observation_no_low_area
20260804_seahub_CHEM16_shard002_H10_e01,20260804_seahub_CHEM16_shard002,1,0,0,0,0,0.0,0.2115812095219579,single_observation_no_low_area
20260804_seahub_CHEM16_shard002_H11_e01,20260804_seahub_CHEM16_shard002,1,0,0,0,0,0.0,0.1589721778944942,single_observation_no_low_area
20260804_seahub_CHEM16_shard002_H12_e01,20260804_seahub_CHEM16_shard002,1,0,0,0,0,0.0,0.12722888702954846,single_observation_no_low_area
20260804_seahub_CHEM16_shard003_A01_e01,20260804_seahub_CHEM16_shard003,1,1,1,1,0,0.15326139863053215,-0.15326139863053215,single_observation_low_unassessable
20260804_seahub_CHEM16_shard003_A02_e01,20260804_seahub_CHEM16_shard003,1,1,1,1,0,0.25054363916922356,-0.25054363916922356,single_observation_low_unassessable
20260804_seahub_CHEM16_shard003_A03_e01,20260804_seahub_CHEM16_shard003,1,1,1,1,0,0.28030297435511015,-0.28030297435511015,single_observation_low_unassessable
20260804_seahub_CHEM16_shard003_A04_e01,20260804_seahub_CHEM16_shard003,1,1,1,1,0,0.25088570049319914,-0.25088570049319914,single_observation_low_unassessable
20260804_seahub_CHEM16_shard003_A05_e01,20260804_seahub_CHEM16_shard003,1,1,1,1,0,0.23179867861535475,-0.23179867861535475,single_observation_low_unassessable
20260804_seahub_CHEM16_shard003_A06_e01,20260804_seahub_CHEM16_shard003,1,1,1,1,0,0.1733061922155087,-0.1733061922155087,single_observation_low_unassessable
20260804_seahub_CHEM16_shard003_A07_e01,20260804_seahub_CHEM16_shard003,1,1,1,1,0,0.17747934036801236,-0.17747934036801236,single_observation_low_unassessable
20260804_seahub_CHEM16_shard003_A08_e01,20260804_seahub_CHEM16_shard003,1,1,1,1,0,0.1438205060888027,-0.1438205060888027,single_observation_low_unassessable
20260804_seahub_CHEM16_shard003_A09_e01,20260804_seahub_CHEM16_shard003,1,1,1,1,0,0.23562976544388273,-0.23562976544388273,single_observation_low_unassessable
20260804_seahub_CHEM16_shard003_A10_e01,20260804_seahub_CHEM16_shard003,1,1,1,1,0,0.26757829310321396,-0.26757829310321396,single_observation_low_unassessable
20260804_seahub_CHEM16_shard003_A11_e01,20260804_seahub_CHEM16_shard003,1,1,1,1,0,0.23946085227241068,-0.23946085227241068,single_observation_low_unassessable
20260804_seahub_CHEM16_shard003_A12_e01,20260804_seahub_CHEM16_shard003,1,1,1,1,0,0.2576585147079183,-0.2576585147079183,single_observation_low_unassessable
20260804_seahub_CHEM16_shard003_B01_e01,20260804_seahub_CHEM16_shard003,1,1,1,1,0,0.1679016232966925,-0.1679016232966925,single_observation_low_unassessable
20260804_seahub_CHEM16_shard003_B02_e01,20260804_seahub_CHEM16_shard003,1,1,1,1,0,0.14662540894540343,-0.14662540894540343,single_observation_low_unassessable
20260804_seahub_CHEM16_shard003_B03_e01,20260804_seahub_CHEM16_shard003,1,1,1,1,0,0.17241683277317188,-0.17241683277317188,single_observation_low_unassessable
20260804_seahub_CHEM16_shard003_B04_e01,20260804_seahub_CHEM16_shard003,1,1,1,1,0,0.25471678732172726,-0.25471678732172726,single_observation_low_unassessable
20260804_seahub_CHEM16_shard003_B05_e01,20260804_seahub_CHEM16_shard003,1,1,1,1,0,0.23419310788318468,-0.23419310788318468,single_observation_low_unassessable
20260804_seahub_CHEM16_shard003_B06_e01,20260804_seahub_CHEM16_shard003,1,1,1,1,0,0.2584110496206649,-0.2584110496206649,single_observation_low_unassessable
20260804_seahub_CHEM16_shard003_B07_e01,20260804_seahub_CHEM16_shard003,1,1,1,1,0,0.22372603136952812,-0.22372603136952812,single_observation_low_unassessable
20260804_seahub_CHEM16_shard003_B08_e01,20260804_seahub_CHEM16_shard003,1,1,1,1,0,0.23939244000761548,-0.23939244000761548,single_observation_low_unassessable
20260804_seahub_CHEM16_shard003_B09_e01,20260804_seahub_CHEM16_shard003,1,1,1,1,0,0.14867777688925768,-0.14867777688925768,single_observation_low_unassessable
20260804_seahub_CHEM16_shard003_B10_e01,20260804_seahub_CHEM16_shard003,1,1,1,1,0,0.2541010769385709,-0.2541010769385709,single_observation_low_unassessable
20260804_seahub_CHEM16_shard003_B11_e01,20260804_seahub_CHEM16_shard003,1,1,1,1,0,0.15271410051217116,-0.15271410051217116,single_observation_low_unassessable
20260804_seahub_CHEM16_shard003_B12_e01,20260804_seahub_CHEM16_shard003,1,1,1,1,0,0.24637049101672,-0.24637049101672,single_observation_low_unassessable
20260804_seahub_CHEM16_shard003_C01_e01,20260804_seahub_CHEM16_shard003,1,0,0,0,0,0.0,0.3086819781155716,single_observation_no_low_area
20260804_seahub_CHEM16_shard003_C02_e01,20260804_seahub_CHEM16_shard003,1,0,0,0,0,0.0,0.3650222767125917,single_observation_no_low_area
20260804_seahub_CHEM16_shard003_C03_e01,20260804_seahub_CHEM16_shard003,1,0,0,0,0,0.0,0.3033653583888106,single_observation_no_low_area
20260804_seahub_CHEM16_shard003_C04_e01,20260804_seahub_CHEM16_shard003,1,0,0,0,0,0.0,0.31026902878027646,single_observation_no_low_area
20260804_seahub_CHEM16_shard003_C05_e01,20260804_seahub_CHEM16_shard003,1,0,0,0,0,0.0,0.29804873866204945,single_observation_no_low_area
20260804_seahub_CHEM16_shard003_C06_e01,20260804_seahub_CHEM16_shard003,1,0,0,0,0,0.0,0.28701873654235127,single_observation_no_low_area
20260804_seahub_CHEM16_shard003_C07_e01,20260804_seahub_CHEM16_shard003,1,0,0,0,0,0.0,0.33748694767996357,single_observation_no_low_area
20260804_seahub_CHEM16_shard003_C08_e01,20260804_seahub_CHEM16_shard003,1,0,0,0,0,0.0,0.3883519214837523,single_observation_no_low_area
20260804_seahub_CHEM16_shard003_C09_e01,20260804_seahub_CHEM16_shard003,1,0,0,0,0,0.0,0.29663112429935484,single_observation_no_low_area
20260804_seahub_CHEM16_shard003_C10_e01,20260804_seahub_CHEM16_shard003,1,0,0,0,0,0.0,0.37663872550489774,single_observation_no_low_area
20260804_seahub_CHEM16_shard003_C11_e01,20260804_seahub_CHEM16_shard003,1,0,0,0,0,0.0,0.2956786528564317,single_observation_no_low_area
20260804_seahub_CHEM16_shard003_C12_e01,20260804_seahub_CHEM16_shard003,1,0,0,0,0,0.0,0.31107694118368895,single_observation_no_low_area
20260804_seahub_CHEM16_shard003_D01_e01,20260804_seahub_CHEM16_shard003,1,0,0,0,0,0.0,0.30726705541199634,single_observation_no_low_area
20260804_seahub_CHEM16_shard003_D02_e01,20260804_seahub_CHEM16_shard003,1,0,0,0,0,0.0,0.2953611623754573,single_observation_no_low_area
20260804_seahub_CHEM16_shard003_D03_e01,20260804_seahub_CHEM16_shard003,1,0,0,0,0,0.0,0.3169505150817148,single_observation_no_low_area
20260804_seahub_CHEM16_shard003_D04_e01,20260804_seahub_CHEM16_shard003,1,0,0,0,0,0.0,0.380686729137321,single_observation_no_low_area
20260804_seahub_CHEM16_shard003_D05_e01,20260804_seahub_CHEM16_shard003,1,0,0,0,0,0.0,0.3086611279535057,single_observation_no_low_area
20260804_seahub_CHEM16_shard003_D06_e01,20260804_seahub_CHEM16_shard003,1,0,0,0,0,0.0,0.39002796581425636,single_observation_no_low_area
20260804_seahub_CHEM16_shard003_D07_e01,20260804_seahub_CHEM16_shard003,1,0,0,0,0,0.0,0.2832147184654384,single_observation_no_low_area
20260804_seahub_CHEM16_shard003_D08_e01,20260804_seahub_CHEM16_shard003,1,0,0,0,0,0.0,0.30524176667854663,single_observation_no_low_area
20260804_seahub_CHEM16_shard003_D09_e01,20260804_seahub_CHEM16_shard003,1,0,0,0,0,0.0,0.289894400956056,single_observation_no_low_area
20260804_seahub_CHEM16_shard003_D10_e01,20260804_seahub_CHEM16_shard003,1,0,0,0,0,0.0,0.29760784383212635,single_observation_no_low_area
20260804_seahub_CHEM16_shard003_D11_e01,20260804_seahub_CHEM16_shard003,1,0,0,0,0,0.0,0.33132433640381553,single_observation_no_low_area
20260804_seahub_CHEM16_shard003_D12_e01,20260804_seahub_CHEM16_shard003,1,0,0,0,0,0.0,0.3925547592344771,single_observation_no_low_area
20260804_seahub_CHEM16_shard003_E01_e01,20260804_seahub_CHEM16_shard003,1,0,0,0,0,0.0,0.35669097852535775,single_observation_no_low_area
20260804_seahub_CHEM16_shard003_E02_e01,20260804_seahub_CHEM16_shard003,1,0,0,0,0,0.0,0.3054454714687535,single_observation_no_low_area
20260804_seahub_CHEM16_shard003_E03_e01,20260804_seahub_CHEM16_shard003,1,0,0,0,0,0.0,0.3386213749389155,single_observation_no_low_area
20260804_seahub_CHEM16_shard003_E04_e01,20260804_seahub_CHEM16_shard003,1,0,0,0,0,0.0,0.3865375551981767,single_observation_no_low_area
20260804_seahub_CHEM16_shard003_E05_e01,20260804_seahub_CHEM16_shard003,1,0,0,0,0,0.0,0.3124417504318489,single_observation_no_low_area
20260804_seahub_CHEM16_shard003_E06_e01,20260804_seahub_CHEM16_shard003,1,0,0,0,0,0.0,0.3762422724938421,single_observation_no_low_area
20260804_seahub_CHEM16_shard003_E07_e01,20260804_seahub_CHEM16_shard003,1,0,0,0,0,0.0,0.30055559907519214,single_observation_no_low_area
20260804_seahub_CHEM16_shard003_E08_e01,20260804_seahub_CHEM16_shard003,1,0,0,0,0,0.0,0.3891032565661339,single_observation_no_low_area
20260804_seahub_CHEM16_shard003_E09_e01,20260804_seahub_CHEM16_shard003,1,0,0,0,0,0.0,0.34864525512470196,single_observation_no_low_area
20260804_seahub_CHEM16_shard003_E10_e01,20260804_seahub_CHEM16_shard003,1,0,0,0,0,0.0,0.3005876994895231,single_observation_no_low_area
20260804_seahub_CHEM16_shard003_E11_e01,20260804_seahub_CHEM16_shard003,1,0,0,0,0,0.0,0.3472762341668451,single_observation_no_low_area
20260804_seahub_CHEM16_shard003_E12_e01,20260804_seahub_CHEM16_shard003,1,0,0,0,0,0.0,0.39213814719829687,single_observation_no_low_area
20260804_seahub_CHEM16_shard003_F01_e01,20260804_seahub_CHEM16_shard003,1,0,0,0,0,0.0,0.3172782867654739,single_observation_no_low_area
20260804_seahub_CHEM16_shard003_F02_e01,20260804_seahub_CHEM16_shard003,1,0,0,0,0,0.0,0.3716575390651339,single_observation_no_low_area
20260804_seahub_CHEM16_shard003_F03_e01,20260804_seahub_CHEM16_shard003,1,0,0,0,0,0.0,0.294948987571972,single_observation_no_low_area
20260804_seahub_CHEM16_shard003_F04_e01,20260804_seahub_CHEM16_shard003,1,0,0,0,0,0.0,0.38574404291583547,single_observation_no_low_area
20260804_seahub_CHEM16_shard003_F05_e01,20260804_seahub_CHEM16_shard003,1,0,0,0,0,0.0,0.3555282196612626,single_observation_no_low_area
20260804_seahub_CHEM16_shard003_F06_e01,20260804_seahub_CHEM16_shard003,1,0,0,0,0,0.0,0.3074101992462347,single_observation_no_low_area
20260804_seahub_CHEM16_shard003_F07_e01,20260804_seahub_CHEM16_shard003,1,0,0,0,0,0.0,0.3505839922391425,single_observation_no_low_area
20260804_seahub_CHEM16_shard003_F08_e01,20260804_seahub_CHEM16_shard003,1,0,0,0,0,0.0,0.38718489575428866,single_observation_no_low_area
20260804_seahub_CHEM16_shard003_F09_e01,20260804_seahub_CHEM16_shard003,1,0,0,0,0,0.0,0.331952667360054,single_observation_no_low_area
20260804_seahub_CHEM16_shard003_F10_e01,20260804_seahub_CHEM16_shard003,1,0,0,0,0,0.0,0.3724548505518194,single_observation_no_low_area
20260804_seahub_CHEM16_shard003_F11_e01,20260804_seahub_CHEM16_shard003,1,0,0,0,0,0.0,0.28780615459434256,single_observation_no_low_area
20260804_seahub_CHEM16_shard003_F12_e01,20260804_seahub_CHEM16_shard003,1,0,0,0,0,0.0,0.38805706948338226,single_observation_no_low_area
20260804_seahub_CHEM16_shard003_G01_e01,20260804_seahub_CHEM16_shard003,1,0,0,0,0,0.0,0.3356823751983648,single_observation_no_low_area
20260804_seahub_CHEM16_shard003_G02_e01,20260804_seahub_CHEM16_shard003,1,0,0,0,0,0.0,0.3176902120081511,single_observation_no_low_area
20260804_seahub_CHEM16_shard003_G03_e01,20260804_seahub_CHEM16_shard003,1,0,0,0,0,0.0,0.39369959337621596,single_observation_no_low_area
20260804_seahub_CHEM16_shard003_G04_e01,20260804_seahub_CHEM16_shard003,1,0,0,0,0,0.0,0.3455111745132007,single_observation_no_low_area
20260804_seahub_CHEM16_shard003_G05_e01,20260804_seahub_CHEM16_shard003,1,0,0,0,0,0.0,0.36279347997512057,single_observation_no_low_area
20260804_seahub_CHEM16_shard003_G06_e01,20260804_seahub_CHEM16_shard003,1,0,0,0,0,0.0,0.29180770714574983,single_observation_no_low_area
20260804_seahub_CHEM16_shard003_G07_e01,20260804_seahub_CHEM16_shard003,1,0,0,0,0,0.0,0.36945522173295386,single_observation_no_low_area
20260804_seahub_CHEM16_shard003_G08_e01,20260804_seahub_CHEM16_shard003,1,0,0,0,0,0.0,0.3390951527382384,single_observation_no_low_area
20260804_seahub_CHEM16_shard003_G09_e01,20260804_seahub_CHEM16_shard003,1,0,0,0,0,0.0,0.33131404061005704,single_observation_no_low_area
20260804_seahub_CHEM16_shard003_G10_e01,20260804_seahub_CHEM16_shard003,1,0,0,0,0,0.0,0.2936919850108176,single_observation_no_low_area
20260804_seahub_CHEM16_shard003_G11_e01,20260804_seahub_CHEM16_shard003,1,0,0,0,0,0.0,0.38330186671909283,single_observation_no_low_area
20260804_seahub_CHEM16_shard003_G12_e01,20260804_seahub_CHEM16_shard003,1,0,0,0,0,0.0,0.3425084995167475,single_observation_no_low_area
20260804_seahub_CHEM16_shard003_H01_e01,20260804_seahub_CHEM16_shard003,1,0,0,0,0,0.0,0.3579042686668685,single_observation_no_low_area
20260804_seahub_CHEM16_shard003_H02_e01,20260804_seahub_CHEM16_shard003,1,0,0,0,0,0.0,0.29279751250737746,single_observation_no_low_area
20260804_seahub_CHEM16_shard003_H03_e01,20260804_seahub_CHEM16_shard003,1,0,0,0,0,0.0,0.3597203189011256,single_observation_no_low_area
20260804_seahub_CHEM16_shard003_H04_e01,20260804_seahub_CHEM16_shard003,1,0,0,0,0,0.0,0.3161351132789519,single_observation_no_low_area
20260804_seahub_CHEM16_shard003_H05_e01,20260804_seahub_CHEM16_shard003,1,0,0,0,0,0.0,0.3313795790271293,single_observation_no_low_area
20260804_seahub_CHEM16_shard003_H06_e01,20260804_seahub_CHEM16_shard003,1,0,0,0,0,0.0,0.3423828813633346,single_observation_no_low_area
20260804_seahub_CHEM16_shard003_H07_e01,20260804_seahub_CHEM16_shard003,1,0,0,0,0,0.0,0.38517350155968855,single_observation_no_low_area
20260804_seahub_CHEM16_shard003_H08_e01,20260804_seahub_CHEM16_shard003,1,0,0,0,0,0.0,0.3349386718815561,single_observation_no_low_area
20260804_seahub_CHEM16_shard003_H09_e01,20260804_seahub_CHEM16_shard003,1,0,0,0,0,0.0,0.3751211018945133,single_observation_no_low_area
20260804_seahub_CHEM16_shard003_H10_e01,20260804_seahub_CHEM16_shard003,1,0,0,0,0,0.0,0.2973100947565084,single_observation_no_low_area
20260804_seahub_CHEM16_shard003_H11_e01,20260804_seahub_CHEM16_shard003,1,0,0,0,0,0.0,0.3615096093749114,single_observation_no_low_area
20260804_seahub_CHEM16_shard003_H12_e01,20260804_seahub_CHEM16_shard003,1,0,0,0,0,0.0,0.3132852596298139,single_observation_no_low_area
20260804_seahub_CHEM16_shard004_A01_e01,20260804_seahub_CHEM16_shard004,1,0,0,0,0,0.0,0.18438946006491994,single_observation_no_low_area
20260804_seahub_CHEM16_shard004_A02_e01,20260804_seahub_CHEM16_shard004,1,0,0,0,0,0.0,0.061549556897713256,single_observation_no_low_area
20260804_seahub_CHEM16_shard004_A03_e01,20260804_seahub_CHEM16_shard004,1,0,0,0,0,0.0,0.18285799145588016,single_observation_no_low_area
20260804_seahub_CHEM16_shard004_A04_e01,20260804_seahub_CHEM16_shard004,1,0,0,0,0,0.0,0.2327516266661827,single_observation_no_low_area
20260804_seahub_CHEM16_shard004_A05_e01,20260804_seahub_CHEM16_shard004,1,0,0,0,0,0.0,0.19736664143625893,single_observation_no_low_area
20260804_seahub_CHEM16_shard004_A06_e01,20260804_seahub_CHEM16_shard004,1,0,0,0,0,0.0,0.21139166975062496,single_observation_no_low_area
20260804_seahub_CHEM16_shard004_A07_e01,20260804_seahub_CHEM16_shard004,1,0,0,0,0,0.0,0.23629818555027504,single_observation_no_low_area
20260804_seahub_CHEM16_shard004_A08_e01,20260804_seahub_CHEM16_shard004,1,0,0,0,0,0.0,0.20075199309834724,single_observation_no_low_area
20260804_seahub_CHEM16_shard004_A09_e01,20260804_seahub_CHEM16_shard004,1,0,0,0,0,0.0,0.18691635146038138,single_observation_no_low_area
20260804_seahub_CHEM16_shard004_A10_e01,20260804_seahub_CHEM16_shard004,1,0,0,0,0,0.0,0.052563623842633175,single_observation_no_low_area
20260804_seahub_CHEM16_shard004_A11_e01,20260804_seahub_CHEM16_shard004,1,0,0,0,0,0.0,0.17317573159038435,single_observation_no_low_area
20260804_seahub_CHEM16_shard004_A12_e01,20260804_seahub_CHEM16_shard004,1,0,0,0,0,0.0,0.2249240309838232,single_observation_no_low_area
20260804_seahub_CHEM16_shard004_B01_e01,20260804_seahub_CHEM16_shard004,1,0,0,0,0,0.0,0.2003355533217232,single_observation_no_low_area
20260804_seahub_CHEM16_shard004_B02_e01,20260804_seahub_CHEM16_shard004,1,0,0,0,0,0.0,0.21375475518306544,single_observation_no_low_area
20260804_seahub_CHEM16_shard004_B03_e01,20260804_seahub_CHEM16_shard004,1,0,0,0,0,0.0,0.24549478353773668,single_observation_no_low_area
20260804_seahub_CHEM16_shard004_B04_e01,20260804_seahub_CHEM16_shard004,1,0,0,0,0,0.0,0.2043532784299097,single_observation_no_low_area
20260804_seahub_CHEM16_shard004_B05_e01,20260804_seahub_CHEM16_shard004,1,0,0,0,0,0.0,0.1901859200341057,single_observation_no_low_area
20260804_seahub_CHEM16_shard004_B06_e01,20260804_seahub_CHEM16_shard004,1,0,0,0,0,0.0,0.0647896194342192,single_observation_no_low_area
20260804_seahub_CHEM16_shard004_B07_e01,20260804_seahub_CHEM16_shard004,1,0,0,0,0,0.0,0.18363238488484487,single_observation_no_low_area
20260804_seahub_CHEM16_shard004_B08_e01,20260804_seahub_CHEM16_shard004,1,0,0,0,0,0.0,0.22215438417684316,single_observation_no_low_area
20260804_seahub_CHEM16_shard004_B09_e01,20260804_seahub_CHEM16_shard004,1,0,0,0,0,0.0,0.2052910193415494,single_observation_no_low_area
20260804_seahub_CHEM16_shard004_B10_e01,20260804_seahub_CHEM16_shard004,1,0,0,0,0,0.0,0.21160479100973975,single_observation_no_low_area
20260804_seahub_CHEM16_shard004_B11_e01,20260804_seahub_CHEM16_shard004,1,0,0,0,0,0.0,0.2471697073685348,single_observation_no_low_area
20260804_seahub_CHEM16_shard004_B12_e01,20260804_seahub_CHEM16_shard004,1,0,0,0,0,0.0,0.21096542172688504,single_observation_no_low_area
20260804_seahub_CHEM16_shard004_C01_e01,20260804_seahub_CHEM16_shard004,1,0,0,0,0,0.0,0.20835508754960888,single_observation_no_low_area
20260804_seahub_CHEM16_shard004_C02_e01,20260804_seahub_CHEM16_shard004,1,0,0,0,0,0.0,0.2861797565969168,single_observation_no_low_area
20260804_seahub_CHEM16_shard004_C03_e01,20260804_seahub_CHEM16_shard004,1,0,0,0,0,0.0,0.24550756774807245,single_observation_no_low_area
20260804_seahub_CHEM16_shard004_C04_e01,20260804_seahub_CHEM16_shard004,1,0,0,0,0,0.0,0.21805384027510225,single_observation_no_low_area
20260804_seahub_CHEM16_shard004_C05_e01,20260804_seahub_CHEM16_shard004,1,0,0,0,0,0.0,0.1572019884974084,single_observation_no_low_area
20260804_seahub_CHEM16_shard004_C06_e01,20260804_seahub_CHEM16_shard004,1,0,0,0,0,0.0,0.21390840564243183,single_observation_no_low_area
20260804_seahub_CHEM16_shard004_C07_e01,20260804_seahub_CHEM16_shard004,1,0,0,0,0,0.0,0.2767938668625681,single_observation_no_low_area
20260804_seahub_CHEM16_shard004_C08_e01,20260804_seahub_CHEM16_shard004,1,0,0,0,0,0.0,0.2841461471544745,single_observation_no_low_area
20260804_seahub_CHEM16_shard004_C09_e01,20260804_seahub_CHEM16_shard004,1,0,0,0,0,0.0,0.1987447056913037,single_observation_no_low_area
20260804_seahub_CHEM16_shard004_C10_e01,20260804_seahub_CHEM16_shard004,1,0,0,0,0,0.0,0.28417516738618137,single_observation_no_low_area
20260804_seahub_CHEM16_shard004_C11_e01,20260804_seahub_CHEM16_shard004,1,0,0,0,0,0.0,0.26040996622378787,single_observation_no_low_area
20260804_seahub_CHEM16_shard004_C12_e01,20260804_seahub_CHEM16_shard004,1,0,0,0,0,0.0,0.21909268838590198,single_observation_no_low_area
20260804_seahub_CHEM16_shard004_D01_e01,20260804_seahub_CHEM16_shard004,1,0,0,0,0,0.0,0.14779708489872215,single_observation_no_low_area
20260804_seahub_CHEM16_shard004_D02_e01,20260804_seahub_CHEM16_shard004,1,0,0,0,0,0.0,0.20689943158036023,single_observation_no_low_area
20260804_seahub_CHEM16_shard004_D03_e01,20260804_seahub_CHEM16_shard004,1,0,0,0,0,0.0,0.2882136983026662,single_observation_no_low_area
20260804_seahub_CHEM16_shard004_D04_e01,20260804_seahub_CHEM16_shard004,1,0,0,0,0,0.0,0.2776513866749361,single_observation_no_low_area
20260804_seahub_CHEM16_shard004_D05_e01,20260804_seahub_CHEM16_shard004,1,0,0,0,0,0.0,0.20080179277435253,single_observation_no_low_area
20260804_seahub_CHEM16_shard004_D06_e01,20260804_seahub_CHEM16_shard004,1,0,0,0,0,0.0,0.28609702537488135,single_observation_no_low_area
20260804_seahub_CHEM16_shard004_D07_e01,20260804_seahub_CHEM16_shard004,1,0,0,0,0,0.0,0.260120749991993,single_observation_no_low_area
20260804_seahub_CHEM16_shard004_D08_e01,20260804_seahub_CHEM16_shard004,1,0,0,0,0,0.0,0.22297855325049004,single_observation_no_low_area
20260804_seahub_CHEM16_shard004_D09_e01,20260804_seahub_CHEM16_shard004,1,0,0,0,0,0.0,0.13814856737323697,single_observation_no_low_area
20260804_seahub_CHEM16_shard004_D10_e01,20260804_seahub_CHEM16_shard004,1,0,0,0,0,0.0,0.1950637498539534,single_observation_no_low_area
20260804_seahub_CHEM16_shard004_D11_e01,20260804_seahub_CHEM16_shard004,1,0,0,0,0,0.0,0.2884232589912596,single_observation_no_low_area
20260804_seahub_CHEM16_shard004_D12_e01,20260804_seahub_CHEM16_shard004,1,0,0,0,0,0.0,0.26802994428767846,single_observation_no_low_area
20260804_seahub_CHEM16_shard004_E01_e01,20260804_seahub_CHEM16_shard004,1,0,0,0,0,0.0,0.23345963070276518,single_observation_no_low_area
20260804_seahub_CHEM16_shard004_E02_e01,20260804_seahub_CHEM16_shard004,1,0,0,0,0,0.0,0.27839239895687135,single_observation_no_low_area
20260804_seahub_CHEM16_shard004_E03_e01,20260804_seahub_CHEM16_shard004,1,0,0,0,0,0.0,0.2244477628163076,single_observation_no_low_area
20260804_seahub_CHEM16_shard004_E04_e01,20260804_seahub_CHEM16_shard004,1,0,0,0,0,0.0,0.3118578184678169,single_observation_no_low_area
20260804_seahub_CHEM16_shard004_E05_e01,20260804_seahub_CHEM16_shard004,1,0,0,0,0,0.0,0.2853031852855311,single_observation_no_low_area
20260804_seahub_CHEM16_shard004_E06_e01,20260804_seahub_CHEM16_shard004,1,0,0,0,0,0.0,0.27386115077800655,single_observation_no_low_area
20260804_seahub_CHEM16_shard004_E07_e01,20260804_seahub_CHEM16_shard004,1,0,0,0,0,0.0,0.28454375821644773,single_observation_no_low_area
20260804_seahub_CHEM16_shard004_E08_e01,20260804_seahub_CHEM16_shard004,1,0,0,0,0,0.0,0.36114463525133517,single_observation_no_low_area
20260804_seahub_CHEM16_shard004_E09_e01,20260804_seahub_CHEM16_shard004,1,0,0,0,0,0.0,0.2297673733447852,single_observation_no_low_area
20260804_seahub_CHEM16_shard004_E10_e01,20260804_seahub_CHEM16_shard004,1,0,0,0,0,0.0,0.3008724327498957,single_observation_no_low_area
20260804_seahub_CHEM16_shard004_E11_e01,20260804_seahub_CHEM16_shard004,1,0,0,0,0,0.0,0.21239236420315666,single_observation_no_low_area
20260804_seahub_CHEM16_shard004_E12_e01,20260804_seahub_CHEM16_shard004,1,0,0,0,0,0.0,0.29396828688863275,single_observation_no_low_area
20260804_seahub_CHEM16_shard004_F01_e01,20260804_seahub_CHEM16_shard004,1,0,0,0,0,0.0,0.2922613578380622,single_observation_no_low_area
20260804_seahub_CHEM16_shard004_F02_e01,20260804_seahub_CHEM16_shard004,1,0,0,0,0,0.0,0.27717923846585674,single_observation_no_low_area
20260804_seahub_CHEM16_shard004_F03_e01,20260804_seahub_CHEM16_shard004,1,0,0,0,0,0.0,0.2817904945576966,single_observation_no_low_area
20260804_seahub_CHEM16_shard004_F04_e01,20260804_seahub_CHEM16_shard004,1,0,0,0,0,0.0,0.3441570962860055,single_observation_no_low_area
20260804_seahub_CHEM16_shard004_F05_e01,20260804_seahub_CHEM16_shard004,1,0,0,0,0,0.0,0.22211483053940095,single_observation_no_low_area
20260804_seahub_CHEM16_shard004_F06_e01,20260804_seahub_CHEM16_shard004,1,0,0,0,0,0.0,0.3304501420885874,single_observation_no_low_area
20260804_seahub_CHEM16_shard004_F07_e01,20260804_seahub_CHEM16_shard004,1,0,0,0,0,0.0,0.22317163467300002,single_observation_no_low_area
20260804_seahub_CHEM16_shard004_F08_e01,20260804_seahub_CHEM16_shard004,1,0,0,0,0,0.0,0.28956986511570865,single_observation_no_low_area
20260804_seahub_CHEM16_shard004_F09_e01,20260804_seahub_CHEM16_shard004,1,0,0,0,0,0.0,0.29841093384313455,single_observation_no_low_area
20260804_seahub_CHEM16_shard004_F10_e01,20260804_seahub_CHEM16_shard004,1,0,0,0,0,0.0,0.2955240542586689,single_observation_no_low_area
20260804_seahub_CHEM16_shard004_F11_e01,20260804_seahub_CHEM16_shard004,1,0,0,0,0,0.0,0.30905630231085135,single_observation_no_low_area
20260804_seahub_CHEM16_shard004_F12_e01,20260804_seahub_CHEM16_shard004,1,0,0,0,0,0.0,0.3560969741112952,single_observation_no_low_area
20260804_seahub_CHEM16_shard004_G01_e01,20260804_seahub_CHEM16_shard004,1,0,0,0,0,0.0,0.09859809528216106,single_observation_no_low_area
20260804_seahub_CHEM16_shard004_G02_e01,20260804_seahub_CHEM16_shard004,1,0,0,0,0,0.0,0.06885021873804735,single_observation_no_low_area
20260804_seahub_CHEM16_shard004_G03_e01,20260804_seahub_CHEM16_shard004,1,0,0,0,0,0.0,0.0391023421939338,single_observation_no_low_area
20260804_seahub_CHEM16_shard004_G04_e01,20260804_seahub_CHEM16_shard004,1,0,0,0,0,0.0,0.08480589797534473,single_observation_no_low_area
20260804_seahub_CHEM16_shard004_G05_e01,20260804_seahub_CHEM16_shard004,1,0,0,0,0,0.0,0.09895867560390798,single_observation_no_low_area
20260804_seahub_CHEM16_shard004_G06_e01,20260804_seahub_CHEM16_shard004,1,0,0,0,0,0.0,0.15277528862462264,single_observation_no_low_area
20260804_seahub_CHEM16_shard004_G07_e01,20260804_seahub_CHEM16_shard004,1,0,0,0,0,0.0,0.1438509256613884,single_observation_no_low_area
20260804_seahub_CHEM16_shard004_G08_e01,20260804_seahub_CHEM16_shard004,1,0,0,0,0,0.0,0.03856147171131343,single_observation_no_low_area
20260804_seahub_CHEM16_shard004_G09_e01,20260804_seahub_CHEM16_shard004,1,0,0,0,0,0.0,0.1128517771615002,single_observation_no_low_area
20260804_seahub_CHEM16_shard004_G10_e01,20260804_seahub_CHEM16_shard004,1,0,0,0,0,0.0,0.06897074393147344,single_observation_no_low_area
20260804_seahub_CHEM16_shard004_G11_e01,20260804_seahub_CHEM16_shard004,1,0,0,0,0,0.0,0.04774958851695226,single_observation_no_low_area
20260804_seahub_CHEM16_shard004_G12_e01,20260804_seahub_CHEM16_shard004,1,0,0,0,0,0.0,0.08911285754525629,single_observation_no_low_area
20260804_seahub_CHEM16_shard004_H01_e01,20260804_seahub_CHEM16_shard004,1,0,0,0,0,0.0,0.0986443934517784,single_observation_no_low_area
20260804_seahub_CHEM16_shard004_H02_e01,20260804_seahub_CHEM16_shard004,1,0,0,0,0,0.0,0.15853121339275786,single_observation_no_low_area
20260804_seahub_CHEM16_shard004_H03_e01,20260804_seahub_CHEM16_shard004,1,0,0,0,0,0.0,0.15718241114183476,single_observation_no_low_area
20260804_seahub_CHEM16_shard004_H04_e01,20260804_seahub_CHEM16_shard004,1,0,0,0,0,0.0,0.040645896662091285,single_observation_no_low_area
20260804_seahub_CHEM16_shard004_H05_e01,20260804_seahub_CHEM16_shard004,1,0,0,0,0,0.0,0.08007031322463647,single_observation_no_low_area
20260804_seahub_CHEM16_shard004_H06_e01,20260804_seahub_CHEM16_shard004,1,0,0,0,0,0.0,0.0890084525717266,single_observation_no_low_area
20260804_seahub_CHEM16_shard004_H07_e01,20260804_seahub_CHEM16_shard004,1,0,0,0,0,0.0,0.058582665097288565,single_observation_no_low_area
20260804_seahub_CHEM16_shard004_H08_e01,20260804_seahub_CHEM16_shard004,1,0,0,0,0,0.0,0.09171697964660233,single_observation_no_low_area
20260804_seahub_CHEM16_shard004_H09_e01,20260804_seahub_CHEM16_shard004,1,0,0,0,0,0.0,0.1039956357193726,single_observation_no_low_area
20260804_seahub_CHEM16_shard004_H10_e01,20260804_seahub_CHEM16_shard004,1,0,0,0,0,0.0,0.16078442005593485,single_observation_no_low_area
20260804_seahub_CHEM16_shard004_H11_e01,20260804_seahub_CHEM16_shard004,1,0,0,0,0,0.0,0.17396591848699716,single_observation_no_low_area
20260804_seahub_CHEM16_shard004_H12_e01,20260804_seahub_CHEM16_shard004,1,0,0,0,0,0.0,0.0595757916914096,single_observation_no_low_area
20260804_seahub_CHEM16_shard005_A01_e01,20260804_seahub_CHEM16_shard005,1,0,0,0,0,0.0,0.3110001242749613,single_observation_no_low_area
20260804_seahub_CHEM16_shard005_A02_e01,20260804_seahub_CHEM16_shard005,1,0,0,0,0,0.0,0.267901941602217,single_observation_no_low_area
20260804_seahub_CHEM16_shard005_A03_e01,20260804_seahub_CHEM16_shard005,1,0,0,0,0,0.0,0.089352327672277,single_observation_no_low_area
20260804_seahub_CHEM16_shard005_A04_e01,20260804_seahub_CHEM16_shard005,1,0,0,0,0,0.0,0.12970487322494303,single_observation_no_low_area
20260804_seahub_CHEM16_shard005_A05_e01,20260804_seahub_CHEM16_shard005,1,0,0,0,0,0.0,0.20317146646825016,single_observation_no_low_area
20260804_seahub_CHEM16_shard005_A06_e01,20260804_seahub_CHEM16_shard005,1,0,0,0,0,0.0,0.21232359020184446,single_observation_no_low_area
20260804_seahub_CHEM16_shard005_A07_e01,20260804_seahub_CHEM16_shard005,1,0,0,0,0,0.0,0.10882139088737776,single_observation_no_low_area
20260804_seahub_CHEM16_shard005_A08_e01,20260804_seahub_CHEM16_shard005,1,0,0,0,0,0.0,0.07995060056413018,single_observation_no_low_area
20260804_seahub_CHEM16_shard005_A09_e01,20260804_seahub_CHEM16_shard005,1,0,0,0,0,0.0,0.3104872082171931,single_observation_no_low_area
20260804_seahub_CHEM16_shard005_A10_e01,20260804_seahub_CHEM16_shard005,1,0,0,0,0,0.0,0.2712402023589207,single_observation_no_low_area
20260804_seahub_CHEM16_shard005_A11_e01,20260804_seahub_CHEM16_shard005,1,0,0,0,0,0.0,0.06931600625196797,single_observation_no_low_area
20260804_seahub_CHEM16_shard005_A12_e01,20260804_seahub_CHEM16_shard005,1,0,0,0,0,0.0,0.18639741028294915,single_observation_no_low_area
20260804_seahub_CHEM16_shard005_B01_e01,20260804_seahub_CHEM16_shard005,1,0,0,0,0,0.0,0.211380273255757,single_observation_no_low_area
20260804_seahub_CHEM16_shard005_B02_e01,20260804_seahub_CHEM16_shard005,1,0,0,0,0,0.0,0.0949584827686124,single_observation_no_low_area
20260804_seahub_CHEM16_shard005_B03_e01,20260804_seahub_CHEM16_shard005,1,0,0,0,0,0.0,0.13610187756541517,single_observation_no_low_area
20260804_seahub_CHEM16_shard005_B04_e01,20260804_seahub_CHEM16_shard005,1,0,0,0,0,0.0,0.16471261502932374,single_observation_no_low_area
20260804_seahub_CHEM16_shard005_B05_e01,20260804_seahub_CHEM16_shard005,1,0,0,0,0,0.0,0.3017034553142886,single_observation_no_low_area
20260804_seahub_CHEM16_shard005_B06_e01,20260804_seahub_CHEM16_shard005,1,0,0,0,0,0.0,0.09139800683509054,single_observation_no_low_area
20260804_seahub_CHEM16_shard005_B07_e01,20260804_seahub_CHEM16_shard005,1,0,0,0,0,0.0,0.10406082472561991,single_observation_no_low_area
20260804_seahub_CHEM16_shard005_B08_e01,20260804_seahub_CHEM16_shard005,1,0,0,0,0,0.0,0.22906337160442738,single_observation_no_low_area
20260804_seahub_CHEM16_shard005_B09_e01,20260804_seahub_CHEM16_shard005,1,0,0,0,0,0.0,0.11518357017000383,single_observation_no_low_area
20260804_seahub_CHEM16_shard005_B10_e01,20260804_seahub_CHEM16_shard005,1,0,0,0,0,0.0,0.16318249474153773,single_observation_no_low_area
20260804_seahub_CHEM16_shard005_B11_e01,20260804_seahub_CHEM16_shard005,1,0,0,0,0,0.0,0.19971643554732205,single_observation_no_low_area
20260804_seahub_CHEM16_shard005_B12_e01,20260804_seahub_CHEM16_shard005,1,0,0,0,0,0.0,0.044340237647312195,single_observation_no_low_area
20260804_seahub_CHEM16_shard005_C01_e01,20260804_seahub_CHEM16_shard005,1,0,0,0,0,0.0,0.25226282349524776,single_observation_no_low_area
20260804_seahub_CHEM16_shard005_C02_e01,20260804_seahub_CHEM16_shard005,1,0,0,0,0,0.0,0.24547590913498507,single_observation_no_low_area
20260804_seahub_CHEM16_shard005_C03_e01,20260804_seahub_CHEM16_shard005,1,0,0,0,0,0.0,0.19688777223765166,single_observation_no_low_area
20260804_seahub_CHEM16_shard005_C04_e01,20260804_seahub_CHEM16_shard005,1,0,0,0,0,0.0,0.2511830871197515,single_observation_no_low_area
20260804_seahub_CHEM16_shard005_C05_e01,20260804_seahub_CHEM16_shard005,1,0,0,0,0,0.0,0.19164333841381248,single_observation_no_low_area
20260804_seahub_CHEM16_shard005_C06_e01,20260804_seahub_CHEM16_shard005,1,0,0,0,0,0.0,0.31789537032005877,single_observation_no_low_area
20260804_seahub_CHEM16_shard005_C07_e01,20260804_seahub_CHEM16_shard005,1,0,0,0,0,0.0,0.16896887452839016,single_observation_no_low_area
20260804_seahub_CHEM16_shard005_C08_e01,20260804_seahub_CHEM16_shard005,1,0,0,0,0,0.0,0.24994910269061274,single_observation_no_low_area
20260804_seahub_CHEM16_shard005_C09_e01,20260804_seahub_CHEM16_shard005,1,0,0,0,0,0.0,0.2491241327090655,single_observation_no_low_area
20260804_seahub_CHEM16_shard005_C10_e01,20260804_seahub_CHEM16_shard005,1,0,0,0,0,0.0,0.2484299606069115,single_observation_no_low_area
20260804_seahub_CHEM16_shard005_C11_e01,20260804_seahub_CHEM16_shard005,1,0,0,0,0,0.0,0.19567288084321896,single_observation_no_low_area
20260804_seahub_CHEM16_shard005_C12_e01,20260804_seahub_CHEM16_shard005,1,0,0,0,0,0.0,0.2499725652783645,single_observation_no_low_area
20260804_seahub_CHEM16_shard005_D01_e01,20260804_seahub_CHEM16_shard005,1,0,0,0,0,0.0,0.19127645752957775,single_observation_no_low_area
20260804_seahub_CHEM16_shard005_D02_e01,20260804_seahub_CHEM16_shard005,1,0,0,0,0,0.0,0.31777004058872366,single_observation_no_low_area
20260804_seahub_CHEM16_shard005_D03_e01,20260804_seahub_CHEM16_shard005,1,0,0,0,0,0.0,0.1692943409613727,single_observation_no_low_area
20260804_seahub_CHEM16_shard005_D04_e01,20260804_seahub_CHEM16_shard005,1,0,0,0,0,0.0,0.24681022570188588,single_observation_no_low_area
20260804_seahub_CHEM16_shard005_D05_e01,20260804_seahub_CHEM16_shard005,1,0,0,0,0,0.0,0.2615279538904562,single_observation_no_low_area
20260804_seahub_CHEM16_shard005_D06_e01,20260804_seahub_CHEM16_shard005,1,0,0,0,0,0.0,0.2511021030318576,single_observation_no_low_area
20260804_seahub_CHEM16_shard005_D07_e01,20260804_seahub_CHEM16_shard005,1,0,0,0,0,0.0,0.19727382119153627,single_observation_no_low_area
20260804_seahub_CHEM16_shard005_D08_e01,20260804_seahub_CHEM16_shard005,1,0,0,0,0,0.0,0.2492486184347731,single_observation_no_low_area
20260804_seahub_CHEM16_shard005_D09_e01,20260804_seahub_CHEM16_shard005,1,0,0,0,0,0.0,0.2075452150003779,single_observation_no_low_area
20260804_seahub_CHEM16_shard005_D10_e01,20260804_seahub_CHEM16_shard005,1,0,0,0,0,0.0,0.3250098013405913,single_observation_no_low_area
20260804_seahub_CHEM16_shard005_D11_e01,20260804_seahub_CHEM16_shard005,1,0,0,0,0,0.0,0.1659190400908611,single_observation_no_low_area
20260804_seahub_CHEM16_shard005_D12_e01,20260804_seahub_CHEM16_shard005,1,0,0,0,0,0.0,0.24307033644449244,single_observation_no_low_area
20260804_seahub_CHEM16_shard005_E01_e01,20260804_seahub_CHEM16_shard005,1,1,1,1,0,0.0803837379834889,-0.0803837379834889,single_observation_low_unassessable
20260804_seahub_CHEM16_shard005_E02_e01,20260804_seahub_CHEM16_shard005,1,0,0,0,0,0.0,0.15732188320544913,single_observation_no_low_area
20260804_seahub_CHEM16_shard005_E03_e01,20260804_seahub_CHEM16_shard005,1,0,0,0,0,0.0,0.20358447756281503,single_observation_no_low_area
20260804_seahub_CHEM16_shard005_E04_e01,20260804_seahub_CHEM16_shard005,1,0,0,0,0,0.0,0.13805982119120067,single_observation_no_low_area
20260804_seahub_CHEM16_shard005_E05_e01,20260804_seahub_CHEM16_shard005,1,0,0,0,0,0.0,0.23512715553374636,single_observation_no_low_area
20260804_seahub_CHEM16_shard005_E06_e01,20260804_seahub_CHEM16_shard005,1,0,0,0,0,0.0,0.15395733088854982,single_observation_no_low_area
20260804_seahub_CHEM16_shard005_E07_e01,20260804_seahub_CHEM16_shard005,1,0,0,0,0,0.0,0.21073415123622613,single_observation_no_low_area
20260804_seahub_CHEM16_shard005_E08_e01,20260804_seahub_CHEM16_shard005,1,0,0,0,0,0.0,0.0870868535901755,single_observation_no_low_area
20260804_seahub_CHEM16_shard005_E09_e01,20260804_seahub_CHEM16_shard005,1,1,1,1,0,0.08101836841787209,-0.08101836841787209,single_observation_low_unassessable
20260804_seahub_CHEM16_shard005_E10_e01,20260804_seahub_CHEM16_shard005,1,0,0,0,0,0.0,0.15473739730166738,single_observation_no_low_area
20260804_seahub_CHEM16_shard005_E11_e01,20260804_seahub_CHEM16_shard005,1,0,0,0,0,0.0,0.2084770672574973,single_observation_no_low_area
20260804_seahub_CHEM16_shard005_E12_e01,20260804_seahub_CHEM16_shard005,1,0,0,0,0,0.0,0.14849827153280132,single_observation_no_low_area
20260804_seahub_CHEM16_shard005_F01_e01,20260804_seahub_CHEM16_shard005,1,0,0,0,0,0.0,0.22727763290767952,single_observation_no_low_area
20260804_seahub_CHEM16_shard005_F02_e01,20260804_seahub_CHEM16_shard005,1,0,0,0,0,0.0,0.15091073349676293,single_observation_no_low_area
20260804_seahub_CHEM16_shard005_F03_e01,20260804_seahub_CHEM16_shard005,1,0,0,0,0,0.0,0.21687908995956984,single_observation_no_low_area
20260804_seahub_CHEM16_shard005_F04_e01,20260804_seahub_CHEM16_shard005,1,0,0,0,0,0.0,0.17844607522335684,single_observation_no_low_area
20260804_seahub_CHEM16_shard005_F05_e01,20260804_seahub_CHEM16_shard005,1,1,1,1,0,0.08301999611497227,-0.08301999611497227,single_observation_low_unassessable
20260804_seahub_CHEM16_shard005_F06_e01,20260804_seahub_CHEM16_shard005,1,0,0,0,0,0.0,0.16310015685398774,single_observation_no_low_area
20260804_seahub_CHEM16_shard005_F07_e01,20260804_seahub_CHEM16_shard005,1,0,0,0,0,0.0,0.2110305640022558,single_observation_no_low_area
20260804_seahub_CHEM16_shard005_F08_e01,20260804_seahub_CHEM16_shard005,1,0,0,0,0,0.0,0.14469090012922062,single_observation_no_low_area
20260804_seahub_CHEM16_shard005_F09_e01,20260804_seahub_CHEM16_shard005,1,0,0,0,0,0.0,0.22968859446654685,single_observation_no_low_area
20260804_seahub_CHEM16_shard005_F10_e01,20260804_seahub_CHEM16_shard005,1,0,0,0,0,0.0,0.14817373248255505,single_observation_no_low_area
20260804_seahub_CHEM16_shard005_F11_e01,20260804_seahub_CHEM16_shard005,1,0,0,0,0,0.0,0.2099525444643188,single_observation_no_low_area
20260804_seahub_CHEM16_shard005_F12_e01,20260804_seahub_CHEM16_shard005,1,0,0,0,0,0.0,0.1764510142084364,single_observation_no_low_area
20260804_seahub_CHEM16_shard005_G01_e01,20260804_seahub_CHEM16_shard005,1,0,0,0,0,0.0,0.08520757376034807,single_observation_no_low_area
20260804_seahub_CHEM16_shard005_G02_e01,20260804_seahub_CHEM16_shard005,1,0,0,0,0,0.0,0.11230366567325828,single_observation_no_low_area
20260804_seahub_CHEM16_shard005_G03_e01,20260804_seahub_CHEM16_shard005,1,0,0,0,0,0.0,0.08329811761883422,single_observation_no_low_area
20260804_seahub_CHEM16_shard005_G04_e01,20260804_seahub_CHEM16_shard005,1,0,0,0,0,0.0,0.06393077675490844,single_observation_no_low_area
20260804_seahub_CHEM16_shard005_G05_e01,20260804_seahub_CHEM16_shard005,1,0,0,0,0,0.0,0.12212372582961499,single_observation_no_low_area
20260804_seahub_CHEM16_shard005_G06_e01,20260804_seahub_CHEM16_shard005,1,0,0,0,0,0.0,0.07320527801368974,single_observation_no_low_area
20260804_seahub_CHEM16_shard005_G07_e01,20260804_seahub_CHEM16_shard005,1,0,0,0,0,0.0,0.10702992966336299,single_observation_no_low_area
20260804_seahub_CHEM16_shard005_G08_e01,20260804_seahub_CHEM16_shard005,1,1,1,1,0,0.05918368113126759,-0.05918368113126759,single_observation_low_unassessable
20260804_seahub_CHEM16_shard005_G09_e01,20260804_seahub_CHEM16_shard005,1,0,0,0,0,0.0,0.07695904374013879,single_observation_no_low_area
20260804_seahub_CHEM16_shard005_G10_e01,20260804_seahub_CHEM16_shard005,1,0,0,0,0,0.0,0.09551030628937818,single_observation_no_low_area
20260804_seahub_CHEM16_shard005_G11_e01,20260804_seahub_CHEM16_shard005,1,0,0,0,0,0.0,0.10778819502969587,single_observation_no_low_area
20260804_seahub_CHEM16_shard005_G12_e01,20260804_seahub_CHEM16_shard005,1,0,0,0,0,0.0,0.1767056873019908,single_observation_no_low_area
20260804_seahub_CHEM16_shard005_H01_e01,20260804_seahub_CHEM16_shard005,1,0,0,0,0,0.0,0.09810927543878852,single_observation_no_low_area
20260804_seahub_CHEM16_shard005_H02_e01,20260804_seahub_CHEM16_shard005,1,0,0,0,0,0.0,0.06683202602002264,single_observation_no_low_area
20260804_seahub_CHEM16_shard005_H03_e01,20260804_seahub_CHEM16_shard005,1,0,0,0,0,0.0,0.16998421536386035,single_observation_no_low_area
20260804_seahub_CHEM16_shard005_H04_e01,20260804_seahub_CHEM16_shard005,1,1,1,1,0,0.052541315601169314,-0.052541315601169314,single_observation_low_unassessable
20260804_seahub_CHEM16_shard005_H05_e01,20260804_seahub_CHEM16_shard005,1,0,0,0,0,0.0,0.03895694342390896,single_observation_no_low_area
20260804_seahub_CHEM16_shard005_H06_e01,20260804_seahub_CHEM16_shard005,1,0,0,0,0,0.0,0.08054058809007354,single_observation_no_low_area
20260804_seahub_CHEM16_shard005_H07_e01,20260804_seahub_CHEM16_shard005,1,0,0,0,0,0.0,0.1544670674965882,single_observation_no_low_area
20260804_seahub_CHEM16_shard005_H08_e01,20260804_seahub_CHEM16_shard005,1,0,0,0,0,0.0,0.017757438299982043,single_observation_no_low_area
20260804_seahub_CHEM16_shard005_H09_e01,20260804_seahub_CHEM16_shard005,1,0,0,0,0,0.0,0.12991550387016,single_observation_no_low_area
20260804_seahub_CHEM16_shard005_H10_e01,20260804_seahub_CHEM16_shard005,1,0,0,0,0,0.0,0.1897089798607231,single_observation_no_low_area
20260804_seahub_CHEM16_shard005_H11_e01,20260804_seahub_CHEM16_shard005,1,1,1,1,0,0.0446633267871364,-0.0446633267871364,single_observation_low_unassessable
20260804_seahub_CHEM16_shard005_H12_e01,20260804_seahub_CHEM16_shard005,1,0,0,0,0,0.0,0.09422061062730847,single_observation_no_low_area
20260804_seahub_CHEM16_shard006_A01_e01,20260804_seahub_CHEM16_shard006,1,0,0,0,0,0.0,0.25682644171020375,single_observation_no_low_area
20260804_seahub_CHEM16_shard006_A02_e01,20260804_seahub_CHEM16_shard006,1,0,0,0,0,0.0,0.3460828300850166,single_observation_no_low_area
20260804_seahub_CHEM16_shard006_A03_e01,20260804_seahub_CHEM16_shard006,1,0,0,0,0,0.0,0.3723347090187847,single_observation_no_low_area
20260804_seahub_CHEM16_shard006_A04_e01,20260804_seahub_CHEM16_shard006,1,0,0,0,0,0.0,0.37517274998459793,single_observation_no_low_area
20260804_seahub_CHEM16_shard006_A05_e01,20260804_seahub_CHEM16_shard006,1,0,0,0,0,0.0,0.3854591714538452,single_observation_no_low_area
20260804_seahub_CHEM16_shard006_A06_e01,20260804_seahub_CHEM16_shard006,1,0,0,0,0,0.0,0.09491620461058262,single_observation_no_low_area
20260804_seahub_CHEM16_shard006_A07_e01,20260804_seahub_CHEM16_shard006,1,0,0,0,0,0.0,0.3571511898516862,single_observation_no_low_area
20260804_seahub_CHEM16_shard006_A08_e01,20260804_seahub_CHEM16_shard006,1,0,0,0,0,0.0,0.2818721532335015,single_observation_no_low_area
20260804_seahub_CHEM16_shard006_A09_e01,20260804_seahub_CHEM16_shard006,1,0,0,0,0,0.0,0.24955662079695462,single_observation_no_low_area
20260804_seahub_CHEM16_shard006_A10_e01,20260804_seahub_CHEM16_shard006,1,0,0,0,0,0.0,0.3513540684940381,single_observation_no_low_area
20260804_seahub_CHEM16_shard006_A11_e01,20260804_seahub_CHEM16_shard006,1,0,0,0,0,0.0,0.3693307645901297,single_observation_no_low_area
20260804_seahub_CHEM16_shard006_A12_e01,20260804_seahub_CHEM16_shard006,1,0,0,0,0,0.0,0.39395341235650744,single_observation_no_low_area
20260804_seahub_CHEM16_shard006_B01_e01,20260804_seahub_CHEM16_shard006,1,0,0,0,0,0.0,0.3890585843937001,single_observation_no_low_area
20260804_seahub_CHEM16_shard006_B02_e01,20260804_seahub_CHEM16_shard006,1,0,0,0,0,0.0,0.09389958165903224,single_observation_no_low_area
20260804_seahub_CHEM16_shard006_B03_e01,20260804_seahub_CHEM16_shard006,1,0,0,0,0,0.0,0.37257361957216956,single_observation_no_low_area
20260804_seahub_CHEM16_shard006_B04_e01,20260804_seahub_CHEM16_shard006,1,0,0,0,0,0.0,0.2930531756647529,single_observation_no_low_area
20260804_seahub_CHEM16_shard006_B05_e01,20260804_seahub_CHEM16_shard006,1,0,0,0,0,0.0,0.2518316097227991,single_observation_no_low_area
20260804_seahub_CHEM16_shard006_B06_e01,20260804_seahub_CHEM16_shard006,1,0,0,0,0,0.0,0.34406438255111765,single_observation_no_low_area
20260804_seahub_CHEM16_shard006_B07_e01,20260804_seahub_CHEM16_shard006,1,0,0,0,0,0.0,0.36551221844289083,single_observation_no_low_area
20260804_seahub_CHEM16_shard006_B08_e01,20260804_seahub_CHEM16_shard006,1,0,0,0,0,0.0,0.38816339826258484,single_observation_no_low_area
20260804_seahub_CHEM16_shard006_B09_e01,20260804_seahub_CHEM16_shard006,1,0,0,0,0,0.0,0.38946199201193654,single_observation_no_low_area
20260804_seahub_CHEM16_shard006_B10_e01,20260804_seahub_CHEM16_shard006,1,0,0,0,0,0.0,0.09865300619211571,single_observation_no_low_area
20260804_seahub_CHEM16_shard006_B11_e01,20260804_seahub_CHEM16_shard006,1,0,0,0,0,0.0,0.3750681849293241,single_observation_no_low_area
20260804_seahub_CHEM16_shard006_B12_e01,20260804_seahub_CHEM16_shard006,1,0,0,0,0,0.0,0.3066899358486214,single_observation_no_low_area
20260804_seahub_CHEM16_shard006_C01_e01,20260804_seahub_CHEM16_shard006,1,0,0,0,0,0.0,0.2862242310678465,single_observation_no_low_area
20260804_seahub_CHEM16_shard006_C02_e01,20260804_seahub_CHEM16_shard006,1,0,0,0,0,0.0,0.1262091104610971,single_observation_no_low_area
20260804_seahub_CHEM16_shard006_C03_e01,20260804_seahub_CHEM16_shard006,1,0,0,0,0,0.0,0.24162343950508514,single_observation_no_low_area
20260804_seahub_CHEM16_shard006_C04_e01,20260804_seahub_CHEM16_shard006,1,0,0,0,0,0.0,0.13262536468591557,single_observation_no_low_area
20260804_seahub_CHEM16_shard006_C05_e01,20260804_seahub_CHEM16_shard006,1,0,0,0,0,0.0,0.14381468607797673,single_observation_no_low_area
20260804_seahub_CHEM16_shard006_C06_e01,20260804_seahub_CHEM16_shard006,1,0,0,0,0,0.0,0.3020301256216672,single_observation_no_low_area
20260804_seahub_CHEM16_shard006_C07_e01,20260804_seahub_CHEM16_shard006,1,0,0,0,0,0.0,0.2737047106291765,single_observation_no_low_area
20260804_seahub_CHEM16_shard006_C08_e01,20260804_seahub_CHEM16_shard006,1,0,0,0,0,0.0,0.2210444777840216,single_observation_no_low_area
20260804_seahub_CHEM16_shard006_C09_e01,20260804_seahub_CHEM16_shard006,1,0,0,0,0,0.0,0.32605685957790426,single_observation_no_low_area
20260804_seahub_CHEM16_shard006_C10_e01,20260804_seahub_CHEM16_shard006,1,0,0,0,0,0.0,0.15484387232864893,single_observation_no_low_area
20260804_seahub_CHEM16_shard006_C11_e01,20260804_seahub_CHEM16_shard006,1,0,0,0,0,0.0,0.24812119871533989,single_observation_no_low_area
20260804_seahub_CHEM16_shard006_C12_e01,20260804_seahub_CHEM16_shard006,1,0,0,0,0,0.0,0.35451564912515976,single_observation_no_low_area
20260804_seahub_CHEM16_shard006_D01_e01,20260804_seahub_CHEM16_shard006,1,0,0,0,0,0.0,0.11158037555061105,single_observation_no_low_area
20260804_seahub_CHEM16_shard006_D02_e01,20260804_seahub_CHEM16_shard006,1,0,0,0,0,0.0,0.26284919761850173,single_observation_no_low_area
20260804_seahub_CHEM16_shard006_D03_e01,20260804_seahub_CHEM16_shard006,1,0,0,0,0,0.0,0.25978086451367643,single_observation_no_low_area
20260804_seahub_CHEM16_shard006_D04_e01,20260804_seahub_CHEM16_shard006,1,0,0,0,0,0.0,0.21621053442515623,single_observation_no_low_area
20260804_seahub_CHEM16_shard006_D05_e01,20260804_seahub_CHEM16_shard006,1,0,0,0,0,0.0,0.24255842002251546,single_observation_no_low_area
20260804_seahub_CHEM16_shard006_D06_e01,20260804_seahub_CHEM16_shard006,1,0,0,0,0,0.0,0.21493563593409476,single_observation_no_low_area
20260804_seahub_CHEM16_shard006_D07_e01,20260804_seahub_CHEM16_shard006,1,0,0,0,0,0.0,0.3694676055104436,single_observation_no_low_area
20260804_seahub_CHEM16_shard006_D08_e01,20260804_seahub_CHEM16_shard006,1,0,0,0,0,0.0,0.23267646627820698,single_observation_no_low_area
20260804_seahub_CHEM16_shard006_D09_e01,20260804_seahub_CHEM16_shard006,1,0,0,0,0,0.0,0.21975989681714278,single_observation_no_low_area
20260804_seahub_CHEM16_shard006_D10_e01,20260804_seahub_CHEM16_shard006,1,0,0,0,0,0.0,0.259287711794376,single_observation_no_low_area
20260804_seahub_CHEM16_shard006_D11_e01,20260804_seahub_CHEM16_shard006,1,0,0,0,0,0.0,0.21493563593409476,single_observation_no_low_area
20260804_seahub_CHEM16_shard006_D12_e01,20260804_seahub_CHEM16_shard006,1,0,0,0,0,0.0,0.3953007444325723,single_observation_no_low_area
20260804_seahub_CHEM16_shard006_E01_e01,20260804_seahub_CHEM16_shard006,1,0,0,0,0,0.0,0.2108282710728914,single_observation_no_low_area
20260804_seahub_CHEM16_shard006_E02_e01,20260804_seahub_CHEM16_shard006,1,0,0,0,0,0.0,0.2053382176265718,single_observation_no_low_area
20260804_seahub_CHEM16_shard006_E03_e01,20260804_seahub_CHEM16_shard006,1,0,0,0,0,0.0,0.16129712954071168,single_observation_no_low_area
20260804_seahub_CHEM16_shard006_E04_e01,20260804_seahub_CHEM16_shard006,1,1,1,1,0,0.09124532898998695,-0.09124532898998695,single_observation_low_unassessable
20260804_seahub_CHEM16_shard006_E05_e01,20260804_seahub_CHEM16_shard006,1,0,0,0,0,0.0,0.18705814955805725,single_observation_no_low_area
20260804_seahub_CHEM16_shard006_E06_e01,20260804_seahub_CHEM16_shard006,1,0,0,0,0,0.0,0.1556864155790886,single_observation_no_low_area
20260804_seahub_CHEM16_shard006_E07_e01,20260804_seahub_CHEM16_shard006,1,0,0,0,0,0.0,0.16045250593358576,single_observation_no_low_area
20260804_seahub_CHEM16_shard006_E08_e01,20260804_seahub_CHEM16_shard006,1,0,0,0,0,0.0,0.15604839712499982,single_observation_no_low_area
20260804_seahub_CHEM16_shard006_E09_e01,20260804_seahub_CHEM16_shard006,1,0,0,0,0,0.0,0.213405204284436,single_observation_no_low_area
20260804_seahub_CHEM16_shard006_E10_e01,20260804_seahub_CHEM16_shard006,1,0,0,0,0,0.0,0.21496131236924365,single_observation_no_low_area
20260804_seahub_CHEM16_shard006_E11_e01,20260804_seahub_CHEM16_shard006,1,0,0,0,0,0.0,0.1457145025952923,single_observation_no_low_area
20260804_seahub_CHEM16_shard006_E12_e01,20260804_seahub_CHEM16_shard006,1,1,1,1,0,0.09578150210470272,-0.09578150210470272,single_observation_low_unassessable
20260804_seahub_CHEM16_shard006_F01_e01,20260804_seahub_CHEM16_shard006,1,0,0,0,0,0.0,0.18964463083563834,single_observation_no_low_area
20260804_seahub_CHEM16_shard006_F02_e01,20260804_seahub_CHEM16_shard006,1,0,0,0,0,0.0,0.16331049401581213,single_observation_no_low_area
20260804_seahub_CHEM16_shard006_F03_e01,20260804_seahub_CHEM16_shard006,1,0,0,0,0,0.0,0.17749501771194603,single_observation_no_low_area
20260804_seahub_CHEM16_shard006_F04_e01,20260804_seahub_CHEM16_shard006,1,0,0,0,0,0.0,0.15900127162711353,single_observation_no_low_area
20260804_seahub_CHEM16_shard006_F05_e01,20260804_seahub_CHEM16_shard006,1,0,0,0,0,0.0,0.22745569198426246,single_observation_no_low_area
20260804_seahub_CHEM16_shard006_F06_e01,20260804_seahub_CHEM16_shard006,1,0,0,0,0,0.0,0.22434457402836533,single_observation_no_low_area
20260804_seahub_CHEM16_shard006_F07_e01,20260804_seahub_CHEM16_shard006,1,0,0,0,0,0.0,0.15978887644350379,single_observation_no_low_area
20260804_seahub_CHEM16_shard006_F08_e01,20260804_seahub_CHEM16_shard006,1,1,1,1,0,0.09765613440696803,-0.09765613440696803,single_observation_low_unassessable
20260804_seahub_CHEM16_shard006_F09_e01,20260804_seahub_CHEM16_shard006,1,0,0,0,0,0.0,0.20747274203677038,single_observation_no_low_area
20260804_seahub_CHEM16_shard006_F10_e01,20260804_seahub_CHEM16_shard006,1,0,0,0,0,0.0,0.16553247882362138,single_observation_no_low_area
20260804_seahub_CHEM16_shard006_F11_e01,20260804_seahub_CHEM16_shard006,1,0,0,0,0,0.0,0.17348976128774238,single_observation_no_low_area
20260804_seahub_CHEM16_shard006_F12_e01,20260804_seahub_CHEM16_shard006,1,0,0,0,0,0.0,0.1681649632478418,single_observation_no_low_area
20260804_seahub_CHEM16_shard006_G01_e01,20260804_seahub_CHEM16_shard006,1,0,0,0,0,0.0,0.23191208599048935,single_observation_no_low_area
20260804_seahub_CHEM16_shard006_G02_e01,20260804_seahub_CHEM16_shard006,1,0,0,0,0,0.0,0.2216322063674367,single_observation_no_low_area
20260804_seahub_CHEM16_shard006_G03_e01,20260804_seahub_CHEM16_shard006,1,0,0,0,0,0.0,0.13054769156782942,single_observation_no_low_area
20260804_seahub_CHEM16_shard006_G04_e01,20260804_seahub_CHEM16_shard006,1,0,0,0,0,0.0,0.24356660067941543,single_observation_no_low_area
20260804_seahub_CHEM16_shard006_G05_e01,20260804_seahub_CHEM16_shard006,1,0,0,0,0,0.0,0.03898504283226613,single_observation_no_low_area
20260804_seahub_CHEM16_shard006_G06_e01,20260804_seahub_CHEM16_shard006,1,0,0,0,0,0.0,0.21362346294017448,single_observation_no_low_area
20260804_seahub_CHEM16_shard006_G07_e01,20260804_seahub_CHEM16_shard006,1,1,1,1,0,0.14975832838634284,-0.14975832838634284,single_observation_low_unassessable
20260804_seahub_CHEM16_shard006_G08_e01,20260804_seahub_CHEM16_shard006,1,1,1,1,0,0.047377899349776355,-0.047377899349776355,single_observation_low_unassessable
20260804_seahub_CHEM16_shard006_G09_e01,20260804_seahub_CHEM16_shard006,1,0,0,0,0,0.0,0.2099564367466112,single_observation_no_low_area
20260804_seahub_CHEM16_shard006_G10_e01,20260804_seahub_CHEM16_shard006,1,0,0,0,0,0.0,0.21517151077480817,single_observation_no_low_area
20260804_seahub_CHEM16_shard006_G11_e01,20260804_seahub_CHEM16_shard006,1,0,0,0,0,0.0,0.15484258622134547,single_observation_no_low_area
20260804_seahub_CHEM16_shard006_G12_e01,20260804_seahub_CHEM16_shard006,1,0,0,0,0,0.0,0.23004632419614357,single_observation_no_low_area
20260804_seahub_CHEM16_shard006_H01_e01,20260804_seahub_CHEM16_shard006,1,1,1,1,0,0.050026855999991376,-0.050026855999991376,single_observation_low_unassessable
20260804_seahub_CHEM16_shard006_H02_e01,20260804_seahub_CHEM16_shard006,1,0,0,0,0,0.0,0.2126232359655756,single_observation_no_low_area
20260804_seahub_CHEM16_shard006_H03_e01,20260804_seahub_CHEM16_shard006,1,1,1,1,0,0.13963130975719742,-0.13963130975719742,single_observation_low_unassessable
20260804_seahub_CHEM16_shard006_H04_e01,20260804_seahub_CHEM16_shard006,1,1,1,1,0,0.04552292843018477,-0.04552292843018477,single_observation_low_unassessable
20260804_seahub_CHEM16_shard006_H05_e01,20260804_seahub_CHEM16_shard006,1,0,0,0,0,0.0,0.229556308583044,single_observation_no_low_area
20260804_seahub_CHEM16_shard006_H06_e01,20260804_seahub_CHEM16_shard006,1,0,0,0,0,0.0,0.23021026465085248,single_observation_no_low_area
20260804_seahub_CHEM16_shard006_H07_e01,20260804_seahub_CHEM16_shard006,1,0,0,0,0,0.0,0.15197333872031935,single_observation_no_low_area
20260804_seahub_CHEM16_shard006_H08_e01,20260804_seahub_CHEM16_shard006,1,0,0,0,0,0.0,0.24269488049083088,single_observation_no_low_area
20260804_seahub_CHEM16_shard006_H09_e01,20260804_seahub_CHEM16_shard006,1,1,1,1,0,0.05854106456236896,-0.05854106456236896,single_observation_low_unassessable
20260804_seahub_CHEM16_shard006_H10_e01,20260804_seahub_CHEM16_shard006,1,0,0,0,0,0.0,0.20506268131603822,single_observation_no_low_area
20260804_seahub_CHEM16_shard006_H11_e01,20260804_seahub_CHEM16_shard006,1,1,1,1,0,0.1528890899816364,-0.1528890899816364,single_observation_low_unassessable
20260804_seahub_CHEM16_shard006_H12_e01,20260804_seahub_CHEM16_shard006,1,1,1,1,0,0.050753042300286905,-0.050753042300286905,single_observation_low_unassessable
20260804_seahub_CHEM16_shard007_A01_e01,20260804_seahub_CHEM16_shard007,1,0,0,0,0,0.0,0.03599252819306218,single_observation_no_low_area
20260804_seahub_CHEM16_shard007_A02_e01,20260804_seahub_CHEM16_shard007,1,0,0,0,0,0.0,0.059129012788100135,single_observation_no_low_area
20260804_seahub_CHEM16_shard007_A03_e01,20260804_seahub_CHEM16_shard007,1,0,0,0,0,0.0,0.011586358467808614,single_observation_no_low_area
20260804_seahub_CHEM16_shard007_A04_e01,20260804_seahub_CHEM16_shard007,1,1,1,1,0,0.008587527490060034,-0.008587527490060034,single_observation_low_unassessable
20260804_seahub_CHEM16_shard007_A05_e01,20260804_seahub_CHEM16_shard007,1,1,1,1,0,0.015852947957404308,-0.015852947957404308,single_observation_low_unassessable
20260804_seahub_CHEM16_shard007_A06_e01,20260804_seahub_CHEM16_shard007,1,0,0,0,0,0.0,0.016735637051460302,single_observation_no_low_area
20260804_seahub_CHEM16_shard007_A07_e01,20260804_seahub_CHEM16_shard007,1,1,1,1,0,0.08342841210998515,-0.08342841210998515,single_observation_low_unassessable
20260804_seahub_CHEM16_shard007_A08_e01,20260804_seahub_CHEM16_shard007,1,1,1,1,0,0.021425454917794618,-0.021425454917794618,single_observation_low_unassessable
20260804_seahub_CHEM16_shard007_A09_e01,20260804_seahub_CHEM16_shard007,1,0,0,0,0,0.0,0.05315172548070185,single_observation_no_low_area
20260804_seahub_CHEM16_shard007_A10_e01,20260804_seahub_CHEM16_shard007,1,0,0,0,0,0.0,0.07292030496367308,single_observation_no_low_area
20260804_seahub_CHEM16_shard007_A11_e01,20260804_seahub_CHEM16_shard007,1,0,0,0,0,0.0,0.01178544528145981,single_observation_no_low_area
20260804_seahub_CHEM16_shard007_A12_e01,20260804_seahub_CHEM16_shard007,1,1,1,1,0,0.016354881384691093,-0.016354881384691093,single_observation_low_unassessable
20260804_seahub_CHEM16_shard007_B01_e01,20260804_seahub_CHEM16_shard007,1,1,1,1,0,0.004113839284915537,-0.004113839284915537,single_observation_low_unassessable
20260804_seahub_CHEM16_shard007_B02_e01,20260804_seahub_CHEM16_shard007,1,0,0,0,0,0.0,0.02381543493123953,single_observation_no_low_area
20260804_seahub_CHEM16_shard007_B03_e01,20260804_seahub_CHEM16_shard007,1,1,1,1,0,0.07629377718359281,-0.07629377718359281,single_observation_low_unassessable
20260804_seahub_CHEM16_shard007_B04_e01,20260804_seahub_CHEM16_shard007,1,1,1,1,0,0.011641376668110827,-0.011641376668110827,single_observation_low_unassessable
20260804_seahub_CHEM16_shard007_B05_e01,20260804_seahub_CHEM16_shard007,1,0,0,0,0,0.0,0.058256172465825,single_observation_no_low_area
20260804_seahub_CHEM16_shard007_B06_e01,20260804_seahub_CHEM16_shard007,1,0,0,0,0,0.0,0.07372856908643936,single_observation_no_low_area
20260804_seahub_CHEM16_shard007_B07_e01,20260804_seahub_CHEM16_shard007,1,0,0,0,0,0.0,0.03309610408725765,single_observation_no_low_area
20260804_seahub_CHEM16_shard007_B08_e01,20260804_seahub_CHEM16_shard007,1,1,1,1,0,0.0012637676873504633,-0.0012637676873504633,single_observation_low_unassessable
20260804_seahub_CHEM16_shard007_B09_e01,20260804_seahub_CHEM16_shard007,1,1,1,1,0,0.009906007241207354,-0.009906007241207354,single_observation_low_unassessable
20260804_seahub_CHEM16_shard007_B10_e01,20260804_seahub_CHEM16_shard007,1,0,0,0,0,0.0,0.02556899221776966,single_observation_no_low_area
20260804_seahub_CHEM16_shard007_B11_e01,20260804_seahub_CHEM16_shard007,1,1,1,1,0,0.07088955248011652,-0.07088955248011652,single_observation_low_unassessable
20260804_seahub_CHEM16_shard007_B12_e01,20260804_seahub_CHEM16_shard007,1,1,1,1,0,0.015481645663050441,-0.015481645663050441,single_observation_low_unassessable
20260804_seahub_CHEM16_shard007_C01_e01,20260804_seahub_CHEM16_shard007,1,1,1,1,0,0.04955446826535384,-0.04955446826535384,single_observation_low_unassessable
20260804_seahub_CHEM16_shard007_C02_e01,20260804_seahub_CHEM16_shard007,1,0,0,0,0,0.0,0.08118895897015092,single_observation_no_low_area
20260804_seahub_CHEM16_shard007_C03_e01,20260804_seahub_CHEM16_shard007,1,0,0,0,0,0.0,0.06141603324626291,single_observation_no_low_area
20260804_seahub_CHEM16_shard007_C04_e01,20260804_seahub_CHEM16_shard007,1,0,0,0,0,0.0,0.03189115435923266,single_observation_no_low_area
20260804_seahub_CHEM16_shard007_C05_e01,20260804_seahub_CHEM16_shard007,1,0,0,0,0,0.0,0.07695190345788912,single_observation_no_low_area
20260804_seahub_CHEM16_shard007_C06_e01,20260804_seahub_CHEM16_shard007,1,0,0,0,0,0.0,0.023080769087704418,single_observation_no_low_area
20260804_seahub_CHEM16_shard007_C07_e01,20260804_seahub_CHEM16_shard007,1,0,0,0,0,0.0,0.05845681987261962,single_observation_no_low_area
20260804_seahub_CHEM16_shard007_C08_e01,20260804_seahub_CHEM16_shard007,1,0,0,0,0,0.0,0.02953723463019846,single_observation_no_low_area
20260804_seahub_CHEM16_shard007_C09_e01,20260804_seahub_CHEM16_shard007,1,1,1,1,0,0.039980325896244694,-0.039980325896244694,single_observation_low_unassessable
20260804_seahub_CHEM16_shard007_C10_e01,20260804_seahub_CHEM16_shard007,1,0,0,0,0,0.0,0.08757938166633046,single_observation_no_low_area
20260804_seahub_CHEM16_shard007_C11_e01,20260804_seahub_CHEM16_shard007,1,0,0,0,0,0.0,0.07376041334705147,single_observation_no_low_area
20260804_seahub_CHEM16_shard007_C12_e01,20260804_seahub_CHEM16_shard007,1,0,0,0,0,0.0,0.022205031540510657,single_observation_no_low_area
20260804_seahub_CHEM16_shard007_D01_e01,20260804_seahub_CHEM16_shard007,1,0,0,0,0,0.0,0.0814007083312681,single_observation_no_low_area
20260804_seahub_CHEM16_shard007_D02_e01,20260804_seahub_CHEM16_shard007,1,0,0,0,0,0.0,0.04140542502258575,single_observation_no_low_area
20260804_seahub_CHEM16_shard007_D03_e01,20260804_seahub_CHEM16_shard007,1,0,0,0,0,0.0,0.07263097843634114,single_observation_no_low_area
20260804_seahub_CHEM16_shard007_D04_e01,20260804_seahub_CHEM16_shard007,1,0,0,0,0,0.0,0.023002279712776803,single_observation_no_low_area
20260804_seahub_CHEM16_shard007_D05_e01,20260804_seahub_CHEM16_shard007,1,1,1,1,0,0.027970487350011446,-0.027970487350011446,single_observation_low_unassessable
20260804_seahub_CHEM16_shard007_D06_e01,20260804_seahub_CHEM16_shard007,1,0,0,0,0,0.0,0.09782857770243572,single_observation_no_low_area
20260804_seahub_CHEM16_shard007_D07_e01,20260804_seahub_CHEM16_shard007,1,0,0,0,0,0.0,0.08538109126566734,single_observation_no_low_area
20260804_seahub_CHEM16_shard007_D08_e01,20260804_seahub_CHEM16_shard007,1,0,0,0,0,0.0,0.04015963788102451,single_observation_no_low_area
20260804_seahub_CHEM16_shard007_D09_e01,20260804_seahub_CHEM16_shard007,1,0,0,0,0,0.0,0.08961853345690762,single_observation_no_low_area
20260804_seahub_CHEM16_shard007_D10_e01,20260804_seahub_CHEM16_shard007,1,0,0,0,0,0.0,0.037776076648451964,single_observation_no_low_area
20260804_seahub_CHEM16_shard007_D11_e01,20260804_seahub_CHEM16_shard007,1,0,0,0,0,0.0,0.08028291862933133,single_observation_no_low_area
20260804_seahub_CHEM16_shard007_D12_e01,20260804_seahub_CHEM16_shard007,1,0,0,0,0,0.0,0.04049068805221518,single_observation_no_low_area
20260804_seahub_CHEM17_shard001_A01_e01,20260804_seahub_CHEM17_shard001,1,0,0,0,0,0.0,0.28606786550436425,single_observation_no_low_area
20260804_seahub_CHEM17_shard001_A02_e01,20260804_seahub_CHEM17_shard001,1,0,0,0,0,0.0,0.3533773817830848,single_observation_no_low_area
20260804_seahub_CHEM17_shard001_A03_e01,20260804_seahub_CHEM17_shard001,1,0,0,0,0,0.0,0.2959793442190623,single_observation_no_low_area
20260804_seahub_CHEM17_shard001_A04_e01,20260804_seahub_CHEM17_shard001,1,0,0,0,0,0.0,0.2845495997617829,single_observation_no_low_area
20260804_seahub_CHEM17_shard001_A05_e01,20260804_seahub_CHEM17_shard001,1,0,0,0,0,0.0,0.3230169329982562,single_observation_no_low_area
20260804_seahub_CHEM17_shard001_A06_e01,20260804_seahub_CHEM17_shard001,1,0,0,0,0,0.0,0.34173839805218087,single_observation_no_low_area
20260804_seahub_CHEM17_shard001_A07_e01,20260804_seahub_CHEM17_shard001,1,0,0,0,0,0.0,0.31747748378776314,single_observation_no_low_area
20260804_seahub_CHEM17_shard001_A08_e01,20260804_seahub_CHEM17_shard001,1,0,0,0,0,0.0,0.3543766940512114,single_observation_no_low_area
20260804_seahub_CHEM17_shard001_A09_e01,20260804_seahub_CHEM17_shard001,1,0,0,0,0,0.0,0.23128720044401685,single_observation_no_low_area
20260804_seahub_CHEM17_shard001_A10_e01,20260804_seahub_CHEM17_shard001,1,0,0,0,0,0.0,0.2646213218939498,single_observation_no_low_area
20260804_seahub_CHEM17_shard001_A11_e01,20260804_seahub_CHEM17_shard001,1,0,0,0,0,0.0,0.23681991640824088,single_observation_no_low_area
20260804_seahub_CHEM17_shard001_A12_e01,20260804_seahub_CHEM17_shard001,1,0,0,0,0,0.0,0.26603895730115307,single_observation_no_low_area
20260804_seahub_CHEM17_shard001_B01_e01,20260804_seahub_CHEM17_shard001,1,0,0,0,0,0.0,0.3013026380553348,single_observation_no_low_area
20260804_seahub_CHEM17_shard001_B02_e01,20260804_seahub_CHEM17_shard001,1,0,0,0,0,0.0,0.3484587047254997,single_observation_no_low_area
20260804_seahub_CHEM17_shard001_B03_e01,20260804_seahub_CHEM17_shard001,1,0,0,0,0,0.0,0.28007748570859675,single_observation_no_low_area
20260804_seahub_CHEM17_shard001_B04_e01,20260804_seahub_CHEM17_shard001,1,0,0,0,0,0.0,0.2619238767441325,single_observation_no_low_area
20260804_seahub_CHEM17_shard001_B05_e01,20260804_seahub_CHEM17_shard001,1,0,0,0,0,0.0,0.311441792323182,single_observation_no_low_area
20260804_seahub_CHEM17_shard001_B06_e01,20260804_seahub_CHEM17_shard001,1,0,0,0,0,0.0,0.30437298477188196,single_observation_no_low_area
20260804_seahub_CHEM17_shard001_B07_e01,20260804_seahub_CHEM17_shard001,1,0,0,0,0,0.0,0.3082887990269186,single_observation_no_low_area
20260804_seahub_CHEM17_shard001_B08_e01,20260804_seahub_CHEM17_shard001,1,0,0,0,0,0.0,0.3046781131553914,single_observation_no_low_area
20260804_seahub_CHEM17_shard001_B09_e01,20260804_seahub_CHEM17_shard001,1,0,0,0,0,0.0,0.21776737858581172,single_observation_no_low_area
20260804_seahub_CHEM17_shard001_B10_e01,20260804_seahub_CHEM17_shard001,1,0,0,0,0,0.0,0.2681644165954392,single_observation_no_low_area
20260804_seahub_CHEM17_shard001_B11_e01,20260804_seahub_CHEM17_shard001,1,0,0,0,0,0.0,0.285556734455472,single_observation_no_low_area
20260804_seahub_CHEM17_shard001_B12_e01,20260804_seahub_CHEM17_shard001,1,0,0,0,0,0.0,0.281386646547511,single_observation_no_low_area
20260804_seahub_CHEM17_shard001_C01_e01,20260804_seahub_CHEM17_shard001,1,0,0,0,0,0.0,0.27761228451336745,single_observation_no_low_area
20260804_seahub_CHEM17_shard001_C02_e01,20260804_seahub_CHEM17_shard001,1,0,0,0,0,0.0,0.25393097941023135,single_observation_no_low_area
20260804_seahub_CHEM17_shard001_C03_e01,20260804_seahub_CHEM17_shard001,1,0,0,0,0,0.0,0.26297578608176886,single_observation_no_low_area
20260804_seahub_CHEM17_shard001_C04_e01,20260804_seahub_CHEM17_shard001,1,0,0,0,0,0.0,0.2614846682790859,single_observation_no_low_area
20260804_seahub_CHEM17_shard001_C05_e01,20260804_seahub_CHEM17_shard001,1,0,0,0,0,0.0,0.32110976041531664,single_observation_no_low_area
20260804_seahub_CHEM17_shard001_C06_e01,20260804_seahub_CHEM17_shard001,1,0,0,0,0,0.0,0.2601701302161944,single_observation_no_low_area
20260804_seahub_CHEM17_shard001_C07_e01,20260804_seahub_CHEM17_shard001,1,0,0,0,0,0.0,0.27931922199801773,single_observation_no_low_area
20260804_seahub_CHEM17_shard001_C08_e01,20260804_seahub_CHEM17_shard001,1,0,0,0,0,0.0,0.23901980138340176,single_observation_no_low_area
20260804_seahub_CHEM17_shard001_C09_e01,20260804_seahub_CHEM17_shard001,1,0,0,0,0,0.0,0.19104606969902307,single_observation_no_low_area
20260804_seahub_CHEM17_shard001_C10_e01,20260804_seahub_CHEM17_shard001,1,0,0,0,0,0.0,0.2823178290685713,single_observation_no_low_area
20260804_seahub_CHEM17_shard001_C11_e01,20260804_seahub_CHEM17_shard001,1,0,0,0,0,0.0,0.21900160617418954,single_observation_no_low_area
20260804_seahub_CHEM17_shard001_C12_e01,20260804_seahub_CHEM17_shard001,1,0,0,0,0,0.0,0.18955627621915508,single_observation_no_low_area
20260804_seahub_CHEM17_shard001_D01_e01,20260804_seahub_CHEM17_shard001,1,0,0,0,0,0.0,0.20090499713932455,single_observation_no_low_area
20260804_seahub_CHEM17_shard001_D02_e01,20260804_seahub_CHEM17_shard001,1,0,0,0,0,0.0,0.3288519665867953,single_observation_no_low_area
20260804_seahub_CHEM17_shard001_D03_e01,20260804_seahub_CHEM17_shard001,1,0,0,0,0,0.0,0.2860423127682408,single_observation_no_low_area
20260804_seahub_CHEM17_shard001_D04_e01,20260804_seahub_CHEM17_shard001,1,0,0,0,0,0.0,0.13596752839920417,single_observation_no_low_area
20260804_seahub_CHEM17_shard001_D05_e01,20260804_seahub_CHEM17_shard001,1,0,0,0,0,0.0,0.17301908730884033,single_observation_no_low_area
20260804_seahub_CHEM17_shard001_D06_e01,20260804_seahub_CHEM17_shard001,1,0,0,0,0,0.0,0.31955072299924664,single_observation_no_low_area
20260804_seahub_CHEM17_shard001_D07_e01,20260804_seahub_CHEM17_shard001,1,0,0,0,0,0.0,0.16819778195248322,single_observation_no_low_area
20260804_seahub_CHEM17_shard001_D08_e01,20260804_seahub_CHEM17_shard001,1,0,0,0,0,0.0,0.17054084623781574,single_observation_no_low_area
20260804_seahub_CHEM17_shard001_D09_e01,20260804_seahub_CHEM17_shard001,1,0,0,0,0,0.0,0.1709914355234565,single_observation_no_low_area
20260804_seahub_CHEM17_shard001_D10_e01,20260804_seahub_CHEM17_shard001,1,0,0,0,0,0.0,0.18982606766324436,single_observation_no_low_area
20260804_seahub_CHEM17_shard001_D11_e01,20260804_seahub_CHEM17_shard001,1,0,0,0,0,0.0,0.26313694443701147,single_observation_no_low_area
20260804_seahub_CHEM17_shard001_D12_e01,20260804_seahub_CHEM17_shard001,1,0,0,0,0,0.0,0.2023524498040602,single_observation_no_low_area
20260804_seahub_CHEM17_shard001_E01_e01,20260804_seahub_CHEM17_shard001,1,0,0,0,0,0.0,0.21278270717210088,single_observation_no_low_area
20260804_seahub_CHEM17_shard001_E02_e01,20260804_seahub_CHEM17_shard001,1,0,0,0,0,0.0,0.27302141183497003,single_observation_no_low_area
20260804_seahub_CHEM17_shard001_E03_e01,20260804_seahub_CHEM17_shard001,1,0,0,0,0,0.0,0.242292708444807,single_observation_no_low_area
20260804_seahub_CHEM17_shard001_E04_e01,20260804_seahub_CHEM17_shard001,1,0,0,0,0,0.0,0.1999428098631801,single_observation_no_low_area
20260804_seahub_CHEM17_shard001_E05_e01,20260804_seahub_CHEM17_shard001,1,0,0,0,0,0.0,0.19384929927589567,single_observation_no_low_area
20260804_seahub_CHEM17_shard001_E06_e01,20260804_seahub_CHEM17_shard001,1,0,0,0,0,0.0,0.2212265718430521,single_observation_no_low_area
20260804_seahub_CHEM17_shard001_E07_e01,20260804_seahub_CHEM17_shard001,1,0,0,0,0,0.0,0.29813538046970683,single_observation_no_low_area
20260804_seahub_CHEM17_shard001_E08_e01,20260804_seahub_CHEM17_shard001,1,0,0,0,0,0.0,0.18431730771435786,single_observation_no_low_area
20260804_seahub_CHEM17_shard001_E09_e01,20260804_seahub_CHEM17_shard001,1,0,0,0,0,0.0,0.16638837615323152,single_observation_no_low_area
20260804_seahub_CHEM17_shard001_E10_e01,20260804_seahub_CHEM17_shard001,1,0,0,0,0,0.0,0.2676655171805459,single_observation_no_low_area
20260804_seahub_CHEM17_shard001_E11_e01,20260804_seahub_CHEM17_shard001,1,0,0,0,0,0.0,0.19965734989592462,single_observation_no_low_area
20260804_seahub_CHEM17_shard001_E12_e01,20260804_seahub_CHEM17_shard001,1,0,0,0,0,0.0,0.28690439341053775,single_observation_no_low_area
20260804_seahub_CHEM17_shard001_F01_e01,20260804_seahub_CHEM17_shard001,1,0,0,0,0,0.0,0.14110059560638652,single_observation_no_low_area
20260804_seahub_CHEM17_shard001_F02_e01,20260804_seahub_CHEM17_shard001,1,0,0,0,0,0.0,0.24409999411280497,single_observation_no_low_area
20260804_seahub_CHEM17_shard001_F03_e01,20260804_seahub_CHEM17_shard001,1,0,0,0,0,0.0,0.2766128548158914,single_observation_no_low_area
20260804_seahub_CHEM17_shard001_F04_e01,20260804_seahub_CHEM17_shard001,1,0,0,0,0,0.0,0.3229457816317885,single_observation_no_low_area
20260804_seahub_CHEM17_shard001_F05_e01,20260804_seahub_CHEM17_shard001,1,0,0,0,0,0.0,0.44599136314760435,single_observation_no_low_area
20260804_seahub_CHEM17_shard001_F06_e01,20260804_seahub_CHEM17_shard001,1,0,0,0,0,0.0,0.4635650840889131,single_observation_no_low_area
20260804_seahub_CHEM17_shard001_F07_e01,20260804_seahub_CHEM17_shard001,1,0,0,0,0,0.0,0.4514613292684092,single_observation_no_low_area
20260804_seahub_CHEM17_shard001_F08_e01,20260804_seahub_CHEM17_shard001,1,0,0,0,0,0.0,0.42896617363901207,single_observation_no_low_area
20260804_seahub_CHEM17_shard001_F09_e01,20260804_seahub_CHEM17_shard001,1,0,0,0,0,0.0,0.42963965591413517,single_observation_no_low_area
20260804_seahub_CHEM17_shard001_F10_e01,20260804_seahub_CHEM17_shard001,1,0,0,0,0,0.0,0.4142771978727265,single_observation_no_low_area
20260804_seahub_CHEM17_shard001_F11_e01,20260804_seahub_CHEM17_shard001,1,0,0,0,0,0.0,0.38838214549232153,single_observation_no_low_area
20260804_seahub_CHEM17_shard001_F12_e01,20260804_seahub_CHEM17_shard001,1,0,0,0,0,0.0,0.4587043252319551,single_observation_no_low_area
20260804_seahub_CHEM17_shard001_G01_e01,20260804_seahub_CHEM17_shard001,1,0,0,0,0,0.0,0.44079681604672116,single_observation_no_low_area
20260804_seahub_CHEM17_shard001_G02_e01,20260804_seahub_CHEM17_shard001,1,0,0,0,0,0.0,0.3723240019661704,single_observation_no_low_area
20260804_seahub_CHEM17_shard001_G03_e01,20260804_seahub_CHEM17_shard001,1,0,0,0,0,0.0,0.4227340203815156,single_observation_no_low_area
20260804_seahub_CHEM17_shard001_G04_e01,20260804_seahub_CHEM17_shard001,1,0,0,0,0,0.0,0.3845799411932301,single_observation_no_low_area
20260804_seahub_CHEM17_shard001_G05_e01,20260804_seahub_CHEM17_shard001,1,0,0,0,0,0.0,0.29174766627427307,single_observation_no_low_area
20260804_seahub_CHEM17_shard001_G06_e01,20260804_seahub_CHEM17_shard001,1,0,0,0,0,0.0,0.43151005193307873,single_observation_no_low_area
20260804_seahub_CHEM17_shard001_G07_e01,20260804_seahub_CHEM17_shard001,1,0,0,0,0,0.0,0.2940864285602457,single_observation_no_low_area
20260804_seahub_CHEM17_shard001_G08_e01,20260804_seahub_CHEM17_shard001,1,0,0,0,0,0.0,0.34972165695429075,single_observation_no_low_area
20260804_seahub_CHEM17_shard001_G09_e01,20260804_seahub_CHEM17_shard001,1,0,0,0,0,0.0,0.4720287754787423,single_observation_no_low_area
20260804_seahub_CHEM17_shard001_G10_e01,20260804_seahub_CHEM17_shard001,1,0,0,0,0,0.0,0.4293221238973933,single_observation_no_low_area
20260804_seahub_CHEM17_shard001_G11_e01,20260804_seahub_CHEM17_shard001,1,0,0,0,0,0.0,0.4658319900144109,single_observation_no_low_area
20260804_seahub_CHEM17_shard001_G12_e01,20260804_seahub_CHEM17_shard001,1,0,0,0,0,0.0,0.45404175243840056,single_observation_no_low_area
20260804_seahub_CHEM17_shard001_H01_e01,20260804_seahub_CHEM17_shard001,1,0,0,0,0,0.0,0.44745364867209525,single_observation_no_low_area
20260804_seahub_CHEM17_shard001_H02_e01,20260804_seahub_CHEM17_shard001,1,0,0,0,0,0.0,0.46224365683910335,single_observation_no_low_area
20260804_seahub_CHEM17_shard001_H03_e01,20260804_seahub_CHEM17_shard001,1,0,0,0,0,0.0,0.41346890590066443,single_observation_no_low_area
20260804_seahub_CHEM17_shard001_H04_e01,20260804_seahub_CHEM17_shard001,1,0,0,0,0,0.0,0.47916405009548707,single_observation_no_low_area
20260804_seahub_CHEM17_shard001_H05_e01,20260804_seahub_CHEM17_shard001,1,0,0,0,0,0.0,0.43153944585960713,single_observation_no_low_area
20260804_seahub_CHEM17_shard001_H06_e01,20260804_seahub_CHEM17_shard001,1,0,0,0,0,0.0,0.47360346510243884,single_observation_no_low_area
20260804_seahub_CHEM17_shard001_H07_e01,20260804_seahub_CHEM17_shard001,1,0,0,0,0,0.0,0.4547443925634855,single_observation_no_low_area
20260804_seahub_CHEM17_shard001_H08_e01,20260804_seahub_CHEM17_shard001,1,0,0,0,0,0.0,0.2999368990586034,single_observation_no_low_area
20260804_seahub_CHEM17_shard001_H09_e01,20260804_seahub_CHEM17_shard001,1,0,0,0,0,0.0,0.3176047150675903,single_observation_no_low_area
20260804_seahub_CHEM17_shard001_H10_e01,20260804_seahub_CHEM17_shard001,1,0,0,0,0,0.0,0.42545320757847316,single_observation_no_low_area
20260804_seahub_CHEM17_shard001_H11_e01,20260804_seahub_CHEM17_shard001,1,0,0,0,0,0.0,0.3584651364564519,single_observation_no_low_area
20260804_seahub_CHEM17_shard001_H12_e01,20260804_seahub_CHEM17_shard001,1,0,0,0,0,0.0,0.44599200412900863,single_observation_no_low_area
20260804_seahub_CHEM17_shard002_A01_e01,20260804_seahub_CHEM17_shard002,1,0,0,0,0,0.0,0.41120283953877357,single_observation_no_low_area
20260804_seahub_CHEM17_shard002_A02_e01,20260804_seahub_CHEM17_shard002,1,0,0,0,0,0.0,0.25532578451708543,single_observation_no_low_area
20260804_seahub_CHEM17_shard002_A03_e01,20260804_seahub_CHEM17_shard002,1,0,0,0,0,0.0,0.07909137373184406,single_observation_no_low_area
20260804_seahub_CHEM17_shard002_A04_e01,20260804_seahub_CHEM17_shard002,1,0,0,0,0,0.0,0.3284689077362972,single_observation_no_low_area
20260804_seahub_CHEM17_shard002_A05_e01,20260804_seahub_CHEM17_shard002,1,0,0,0,0,0.0,0.2923594972843527,single_observation_no_low_area
20260804_seahub_CHEM17_shard002_A06_e01,20260804_seahub_CHEM17_shard002,1,0,0,0,0,0.0,0.41405930213518943,single_observation_no_low_area
20260804_seahub_CHEM17_shard002_A07_e01,20260804_seahub_CHEM17_shard002,1,0,0,0,0,0.0,0.46695514556149437,single_observation_no_low_area
20260804_seahub_CHEM17_shard002_A08_e01,20260804_seahub_CHEM17_shard002,1,0,0,0,0,0.0,0.35317858963259363,single_observation_no_low_area
20260804_seahub_CHEM17_shard002_A09_e01,20260804_seahub_CHEM17_shard002,1,0,0,0,0,0.0,0.3192660832863108,single_observation_no_low_area
20260804_seahub_CHEM17_shard002_A10_e01,20260804_seahub_CHEM17_shard002,1,0,0,0,0,0.0,0.2761257321361627,single_observation_no_low_area
20260804_seahub_CHEM17_shard002_A11_e01,20260804_seahub_CHEM17_shard002,1,0,0,0,0,0.0,0.321742502660879,single_observation_no_low_area
20260804_seahub_CHEM17_shard002_A12_e01,20260804_seahub_CHEM17_shard002,1,0,0,0,0,0.0,0.3013401839499478,single_observation_no_low_area
20260804_seahub_CHEM17_shard002_B01_e01,20260804_seahub_CHEM17_shard002,1,0,0,0,0,0.0,0.25378167550653596,single_observation_no_low_area
20260804_seahub_CHEM17_shard002_B02_e01,20260804_seahub_CHEM17_shard002,1,0,0,0,0,0.0,0.14073488884376636,single_observation_no_low_area
20260804_seahub_CHEM17_shard002_B03_e01,20260804_seahub_CHEM17_shard002,1,0,0,0,0,0.0,0.3342090229214895,single_observation_no_low_area
20260804_seahub_CHEM17_shard002_B04_e01,20260804_seahub_CHEM17_shard002,1,0,0,0,0,0.0,0.2562018126225913,single_observation_no_low_area
20260804_seahub_CHEM17_shard002_B05_e01,20260804_seahub_CHEM17_shard002,1,0,0,0,0,0.0,0.32495681503098417,single_observation_no_low_area
20260804_seahub_CHEM17_shard002_B06_e01,20260804_seahub_CHEM17_shard002,1,0,0,0,0,0.0,0.26722604064522526,single_observation_no_low_area
20260804_seahub_CHEM17_shard002_B07_e01,20260804_seahub_CHEM17_shard002,1,0,0,0,0,0.0,0.3493977885141617,single_observation_no_low_area
20260804_seahub_CHEM17_shard002_B08_e01,20260804_seahub_CHEM17_shard002,1,0,0,0,0,0.0,0.3366509245788143,single_observation_no_low_area
20260804_seahub_CHEM17_shard002_B09_e01,20260804_seahub_CHEM17_shard002,1,0,0,0,0,0.0,0.2831311677431253,single_observation_no_low_area
20260804_seahub_CHEM17_shard002_B10_e01,20260804_seahub_CHEM17_shard002,1,0,0,0,0,0.0,0.31240912084462646,single_observation_no_low_area
20260804_seahub_CHEM17_shard002_B11_e01,20260804_seahub_CHEM17_shard002,1,0,0,0,0,0.0,0.29223607055408773,single_observation_no_low_area
20260804_seahub_CHEM17_shard002_B12_e01,20260804_seahub_CHEM17_shard002,1,0,0,0,0,0.0,0.32837115358509505,single_observation_no_low_area
20260804_seahub_CHEM17_shard002_C01_e01,20260804_seahub_CHEM17_shard002,1,0,0,0,0,0.0,0.1336048641407428,single_observation_no_low_area
20260804_seahub_CHEM17_shard002_C02_e01,20260804_seahub_CHEM17_shard002,1,0,0,0,0,0.0,0.012300956433111498,single_observation_no_low_area
20260804_seahub_CHEM17_shard002_C03_e01,20260804_seahub_CHEM17_shard002,1,0,0,0,0,0.0,0.10623407371146362,single_observation_no_low_area
20260804_seahub_CHEM17_shard002_C04_e01,20260804_seahub_CHEM17_shard002,1,0,0,0,0,0.0,0.01774799234843465,single_observation_no_low_area
20260804_seahub_CHEM17_shard002_C05_e01,20260804_seahub_CHEM17_shard002,1,0,0,0,0,0.0,0.08390348663951655,single_observation_no_low_area
20260804_seahub_CHEM17_shard002_C06_e01,20260804_seahub_CHEM17_shard002,1,0,0,0,0,0.0,0.01831303756786634,single_observation_no_low_area
20260804_seahub_CHEM17_shard002_C07_e01,20260804_seahub_CHEM17_shard002,1,0,0,0,0,0.0,0.09660570317234472,single_observation_no_low_area
20260804_seahub_CHEM17_shard002_C08_e01,20260804_seahub_CHEM17_shard002,1,0,0,0,0,0.0,0.11344405071141417,single_observation_no_low_area
20260804_seahub_CHEM17_shard002_C09_e01,20260804_seahub_CHEM17_shard002,1,0,0,0,0,0.0,0.28029409767463653,single_observation_no_low_area
20260804_seahub_CHEM17_shard002_C10_e01,20260804_seahub_CHEM17_shard002,1,0,0,0,0,0.0,0.22931649717014796,single_observation_no_low_area
20260804_seahub_CHEM17_shard002_C11_e01,20260804_seahub_CHEM17_shard002,1,0,0,0,0,0.0,0.2860448654700824,single_observation_no_low_area
20260804_seahub_CHEM17_shard002_C12_e01,20260804_seahub_CHEM17_shard002,1,0,0,0,0,0.0,0.3143149950065727,single_observation_no_low_area
20260804_seahub_CHEM17_shard002_D01_e01,20260804_seahub_CHEM17_shard002,1,0,0,0,0,0.0,0.25651171683833063,single_observation_no_low_area
20260804_seahub_CHEM17_shard002_D02_e01,20260804_seahub_CHEM17_shard002,1,0,0,0,0,0.0,0.20623280774824193,single_observation_no_low_area
20260804_seahub_CHEM17_shard002_D03_e01,20260804_seahub_CHEM17_shard002,1,0,0,0,0,0.0,0.2655678324788223,single_observation_no_low_area
20260804_seahub_CHEM17_shard002_D04_e01,20260804_seahub_CHEM17_shard002,1,0,0,0,0,0.0,0.33162104388632513,single_observation_no_low_area
20260804_seahub_CHEM17_shard002_D05_e01,20260804_seahub_CHEM17_shard002,1,0,0,0,0,0.0,0.3121773356713035,single_observation_no_low_area
20260804_seahub_CHEM17_shard002_D06_e01,20260804_seahub_CHEM17_shard002,1,0,0,0,0,0.0,0.3395987497624339,single_observation_no_low_area
20260804_seahub_CHEM17_shard002_D07_e01,20260804_seahub_CHEM17_shard002,1,0,0,0,0,0.0,0.33069347869582816,single_observation_no_low_area
20260804_seahub_CHEM17_shard002_D08_e01,20260804_seahub_CHEM17_shard002,1,0,0,0,0,0.0,0.3530782455426661,single_observation_no_low_area
20260804_seahub_CHEM17_shard002_D09_e01,20260804_seahub_CHEM17_shard002,1,0,0,0,0,0.0,0.3828898745822031,single_observation_no_low_area
20260804_seahub_CHEM17_shard002_D10_e01,20260804_seahub_CHEM17_shard002,1,0,0,0,0,0.0,0.35825061020252275,single_observation_no_low_area
20260804_seahub_CHEM17_shard002_D11_e01,20260804_seahub_CHEM17_shard002,1,0,0,0,0,0.0,0.38627542235956375,single_observation_no_low_area
20260804_seahub_CHEM17_shard002_D12_e01,20260804_seahub_CHEM17_shard002,1,0,0,0,0,0.0,0.35814093776747613,single_observation_no_low_area
20260804_seahub_CHEM17_shard002_E01_e01,20260804_seahub_CHEM17_shard002,1,0,0,0,0,0.0,0.2973841574824171,single_observation_no_low_area
20260804_seahub_CHEM17_shard002_E02_e01,20260804_seahub_CHEM17_shard002,1,0,0,0,0,0.0,0.3049814303431291,single_observation_no_low_area
20260804_seahub_CHEM17_shard002_E03_e01,20260804_seahub_CHEM17_shard002,1,0,0,0,0,0.0,0.30725006043348047,single_observation_no_low_area
20260804_seahub_CHEM17_shard002_E04_e01,20260804_seahub_CHEM17_shard002,1,0,0,0,0,0.0,0.3283272167380253,single_observation_no_low_area
20260804_seahub_CHEM17_shard002_E05_e01,20260804_seahub_CHEM17_shard002,1,0,0,0,0,0.0,0.29506276855275504,single_observation_no_low_area
20260804_seahub_CHEM17_shard002_E06_e01,20260804_seahub_CHEM17_shard002,1,0,0,0,0,0.0,0.32961980830113247,single_observation_no_low_area
20260804_seahub_CHEM17_shard002_E07_e01,20260804_seahub_CHEM17_shard002,1,0,0,0,0,0.0,0.33278533865976256,single_observation_no_low_area
20260804_seahub_CHEM17_shard002_E08_e01,20260804_seahub_CHEM17_shard002,1,0,0,0,0,0.0,0.32458133914697973,single_observation_no_low_area
20260804_seahub_CHEM17_shard002_E09_e01,20260804_seahub_CHEM17_shard002,1,0,0,0,0,0.0,0.23607940248497244,single_observation_no_low_area
20260804_seahub_CHEM17_shard002_E10_e01,20260804_seahub_CHEM17_shard002,1,0,0,0,0,0.0,0.3089771472624549,single_observation_no_low_area
20260804_seahub_CHEM17_shard002_E11_e01,20260804_seahub_CHEM17_shard002,1,0,0,0,0,0.0,0.37907113262541875,single_observation_no_low_area
20260804_seahub_CHEM17_shard002_E12_e01,20260804_seahub_CHEM17_shard002,1,0,0,0,0,0.0,0.2968794446035136,single_observation_no_low_area
20260804_seahub_CHEM17_shard002_F01_e01,20260804_seahub_CHEM17_shard002,1,0,0,0,0,0.0,0.29602274033796633,single_observation_no_low_area
20260804_seahub_CHEM17_shard002_F02_e01,20260804_seahub_CHEM17_shard002,1,0,0,0,0,0.0,0.38291332145272183,single_observation_no_low_area
20260804_seahub_CHEM17_shard002_F03_e01,20260804_seahub_CHEM17_shard002,1,0,0,0,0,0.0,0.27416380119884937,single_observation_no_low_area
20260804_seahub_CHEM17_shard002_F04_e01,20260804_seahub_CHEM17_shard002,1,0,0,0,0,0.0,0.33717050581955804,single_observation_no_low_area
20260804_seahub_CHEM17_shard002_F05_e01,20260804_seahub_CHEM17_shard002,1,0,0,0,0,0.0,0.3172900299012898,single_observation_no_low_area
20260804_seahub_CHEM17_shard002_F06_e01,20260804_seahub_CHEM17_shard002,1,0,0,0,0,0.0,-0.573133380173364,single_observation_no_low_area
20260804_seahub_CHEM17_shard002_F07_e01,20260804_seahub_CHEM17_shard002,1,0,0,0,0,0.0,-0.38668670388059484,single_observation_no_low_area
20260804_seahub_CHEM17_shard002_F08_e01,20260804_seahub_CHEM17_shard002,1,0,0,0,0,0.0,-0.29108052704616344,single_observation_no_low_area
20260804_seahub_CHEM17_shard002_F09_e01,20260804_seahub_CHEM17_shard002,1,0,0,0,0,0.0,0.34617648112543975,single_observation_no_low_area
20260804_seahub_CHEM17_shard002_F10_e01,20260804_seahub_CHEM17_shard002,1,0,0,0,0,0.0,0.34549794032487235,single_observation_no_low_area
20260804_seahub_CHEM17_shard002_F11_e01,20260804_seahub_CHEM17_shard002,1,0,0,0,0,0.0,-0.24605741709833545,single_observation_no_low_area
20260804_seahub_CHEM17_shard002_F12_e01,20260804_seahub_CHEM17_shard002,1,0,0,0,0,0.0,0.37966766154520076,single_observation_no_low_area
20260804_seahub_CHEM17_shard002_G01_e01,20260804_seahub_CHEM17_shard002,1,0,0,0,0,0.0,0.23210251385440764,single_observation_no_low_area
20260804_seahub_CHEM17_shard002_G02_e01,20260804_seahub_CHEM17_shard002,1,0,0,0,0,0.0,0.3658636567879066,single_observation_no_low_area
20260804_seahub_CHEM17_shard002_G03_e01,20260804_seahub_CHEM17_shard002,1,0,0,0,0,0.0,0.3720623002343342,single_observation_no_low_area
20260804_seahub_CHEM17_shard002_G04_e01,20260804_seahub_CHEM17_shard002,1,0,0,0,0,0.0,0.3430218888568357,single_observation_no_low_area
20260804_seahub_CHEM17_shard002_G05_e01,20260804_seahub_CHEM17_shard002,1,0,0,0,0,0.0,0.38530025998608,single_observation_no_low_area
20260804_seahub_CHEM17_shard002_G06_e01,20260804_seahub_CHEM17_shard002,1,0,0,0,0,0.0,0.3348186228168329,single_observation_no_low_area
20260804_seahub_CHEM17_shard002_G07_e01,20260804_seahub_CHEM17_shard002,1,0,0,0,0,0.0,0.36637769063468356,single_observation_no_low_area
20260804_seahub_CHEM17_shard002_G08_e01,20260804_seahub_CHEM17_shard002,1,0,0,0,0,0.0,0.3503837942773509,single_observation_no_low_area
20260804_seahub_CHEM17_shard002_G09_e01,20260804_seahub_CHEM17_shard002,1,0,0,0,0,0.0,0.38726028616340175,single_observation_no_low_area
20260804_seahub_CHEM17_shard002_G10_e01,20260804_seahub_CHEM17_shard002,1,0,0,0,0,0.0,0.3851073618566779,single_observation_no_low_area
20260804_seahub_CHEM17_shard002_G11_e01,20260804_seahub_CHEM17_shard002,1,0,0,0,0,0.0,0.3632289959288908,single_observation_no_low_area
20260804_seahub_CHEM17_shard002_G12_e01,20260804_seahub_CHEM17_shard002,1,0,0,0,0,0.0,0.31799286001215615,single_observation_no_low_area
20260804_seahub_CHEM17_shard002_H01_e01,20260804_seahub_CHEM17_shard002,1,0,0,0,0,0.0,0.23157484016900862,single_observation_no_low_area
20260804_seahub_CHEM17_shard002_H02_e01,20260804_seahub_CHEM17_shard002,1,0,0,0,0,0.0,0.32210800381421084,single_observation_no_low_area
20260804_seahub_CHEM17_shard002_H03_e01,20260804_seahub_CHEM17_shard002,1,0,0,0,0,0.0,0.3222943405294277,single_observation_no_low_area
20260804_seahub_CHEM17_shard002_H04_e01,20260804_seahub_CHEM17_shard002,1,0,0,0,0,0.0,0.3777175946417073,single_observation_no_low_area
20260804_seahub_CHEM17_shard002_H05_e01,20260804_seahub_CHEM17_shard002,1,0,0,0,0,0.0,0.1982076309686843,single_observation_no_low_area
20260804_seahub_CHEM17_shard002_H06_e01,20260804_seahub_CHEM17_shard002,1,0,0,0,0,0.0,0.23252841369065833,single_observation_no_low_area
20260804_seahub_CHEM17_shard002_H07_e01,20260804_seahub_CHEM17_shard002,1,0,0,0,0,0.0,0.3001246761075416,single_observation_no_low_area
20260804_seahub_CHEM17_shard002_H08_e01,20260804_seahub_CHEM17_shard002,1,0,0,0,0,0.0,0.24965976885644903,single_observation_no_low_area
20260804_seahub_CHEM17_shard002_H09_e01,20260804_seahub_CHEM17_shard002,1,0,0,0,0,0.0,0.2174295921886054,single_observation_no_low_area
20260804_seahub_CHEM17_shard002_H10_e01,20260804_seahub_CHEM17_shard002,1,0,0,0,0,0.0,0.1951878666682736,single_observation_no_low_area
20260804_seahub_CHEM17_shard002_H11_e01,20260804_seahub_CHEM17_shard002,1,0,0,0,0,0.0,0.18833532460195715,single_observation_no_low_area
20260804_seahub_CHEM17_shard002_H12_e01,20260804_seahub_CHEM17_shard002,1,0,0,0,0,0.0,0.14118054360323817,single_observation_no_low_area
20260804_seahub_CHEM17_shard003_A01_e01,20260804_seahub_CHEM17_shard003,1,0,0,0,0,0.0,0.3599274744103227,single_observation_no_low_area
20260804_seahub_CHEM17_shard003_A02_e01,20260804_seahub_CHEM17_shard003,1,0,0,0,0,0.0,0.4263074945857702,single_observation_no_low_area
20260804_seahub_CHEM17_shard003_A03_e01,20260804_seahub_CHEM17_shard003,1,0,0,0,0,0.0,0.37335398190216784,single_observation_no_low_area
20260804_seahub_CHEM17_shard003_A04_e01,20260804_seahub_CHEM17_shard003,1,0,0,0,0,0.0,0.3158078815112795,single_observation_no_low_area
20260804_seahub_CHEM17_shard003_A05_e01,20260804_seahub_CHEM17_shard003,1,0,0,0,0,0.0,0.42611115230663194,single_observation_no_low_area
20260804_seahub_CHEM17_shard003_A06_e01,20260804_seahub_CHEM17_shard003,1,0,0,0,0,0.0,0.3925026914654752,single_observation_no_low_area
20260804_seahub_CHEM17_shard003_A07_e01,20260804_seahub_CHEM17_shard003,1,0,0,0,0,0.0,0.42040996524461943,single_observation_no_low_area
20260804_seahub_CHEM17_shard003_A08_e01,20260804_seahub_CHEM17_shard003,1,0,0,0,0,0.0,0.43451418094954675,single_observation_no_low_area
20260804_seahub_CHEM17_shard003_A09_e01,20260804_seahub_CHEM17_shard003,1,0,0,0,0,0.0,0.3342570690559636,single_observation_no_low_area
20260804_seahub_CHEM17_shard003_A10_e01,20260804_seahub_CHEM17_shard003,1,0,0,0,0,0.0,0.2913950088123325,single_observation_no_low_area
20260804_seahub_CHEM17_shard003_A11_e01,20260804_seahub_CHEM17_shard003,1,0,0,0,0,0.0,0.2720269497682732,single_observation_no_low_area
20260804_seahub_CHEM17_shard003_A12_e01,20260804_seahub_CHEM17_shard003,1,0,0,0,0,0.0,0.3333023055819606,single_observation_no_low_area
20260804_seahub_CHEM17_shard003_B01_e01,20260804_seahub_CHEM17_shard003,1,0,0,0,0,0.0,0.367741988037066,single_observation_no_low_area
20260804_seahub_CHEM17_shard003_B02_e01,20260804_seahub_CHEM17_shard003,1,0,0,0,0,0.0,0.2998685346441083,single_observation_no_low_area
20260804_seahub_CHEM17_shard003_B03_e01,20260804_seahub_CHEM17_shard003,1,0,0,0,0,0.0,0.42576091843049346,single_observation_no_low_area
20260804_seahub_CHEM17_shard003_B04_e01,20260804_seahub_CHEM17_shard003,1,0,0,0,0,0.0,0.31625295783190843,single_observation_no_low_area
20260804_seahub_CHEM17_shard003_B05_e01,20260804_seahub_CHEM17_shard003,1,1,1,1,0,0.03162321132413992,-0.03162321132413992,single_observation_low_unassessable
20260804_seahub_CHEM17_shard003_B06_e01,20260804_seahub_CHEM17_shard003,1,0,0,0,0,0.0,0.03997235285437167,single_observation_no_low_area
20260804_seahub_CHEM17_shard003_B07_e01,20260804_seahub_CHEM17_shard003,1,1,1,1,0,0.06613878824659758,-0.06613878824659758,single_observation_low_unassessable
20260804_seahub_CHEM17_shard003_B08_e01,20260804_seahub_CHEM17_shard003,1,0,0,0,0,0.0,0.10727079701442449,single_observation_no_low_area
20260804_seahub_CHEM17_shard003_B09_e01,20260804_seahub_CHEM17_shard003,1,1,1,1,0,0.005563257663810548,-0.005563257663810548,single_observation_low_unassessable
20260804_seahub_CHEM17_shard003_B10_e01,20260804_seahub_CHEM17_shard003,1,0,0,0,0,0.0,0.051546853549252106,single_observation_no_low_area
20260804_seahub_CHEM17_shard003_B11_e01,20260804_seahub_CHEM17_shard003,1,1,1,1,0,0.040286759748451584,-0.040286759748451584,single_observation_low_unassessable
20260804_seahub_CHEM17_shard003_B12_e01,20260804_seahub_CHEM17_shard003,1,0,0,0,0,0.0,0.03990304446697717,single_observation_no_low_area
20260804_seahub_CHEM17_shard003_C01_e01,20260804_seahub_CHEM17_shard003,1,0,0,0,0,0.0,0.3393158259286527,single_observation_no_low_area
20260804_seahub_CHEM17_shard003_C02_e01,20260804_seahub_CHEM17_shard003,1,0,0,0,0,0.0,0.3565796627165404,single_observation_no_low_area
20260804_seahub_CHEM17_shard003_C03_e01,20260804_seahub_CHEM17_shard003,1,0,0,0,0,0.0,0.4290677782708323,single_observation_no_low_area
20260804_seahub_CHEM17_shard003_C04_e01,20260804_seahub_CHEM17_shard003,1,0,0,0,0,0.0,0.3995287200912863,single_observation_no_low_area
20260804_seahub_CHEM17_shard003_C05_e01,20260804_seahub_CHEM17_shard003,1,0,0,0,0,0.0,0.31642018872520367,single_observation_no_low_area
20260804_seahub_CHEM17_shard003_C06_e01,20260804_seahub_CHEM17_shard003,1,0,0,0,0,0.0,0.23199581614053186,single_observation_no_low_area
20260804_seahub_CHEM17_shard003_C07_e01,20260804_seahub_CHEM17_shard003,1,0,0,0,0,0.0,0.2809451094720435,single_observation_no_low_area
20260804_seahub_CHEM17_shard003_C08_e01,20260804_seahub_CHEM17_shard003,1,0,0,0,0,0.0,0.4341090273158059,single_observation_no_low_area
20260804_seahub_GENE10_shard001_A01_e01,20260804_seahub_GENE10_shard001,1,0,0,0,0,0.0,0.33484031335671693,single_observation_no_low_area
20260804_seahub_GENE10_shard001_A02_e01,20260804_seahub_GENE10_shard001,1,0,0,0,0,0.0,0.35555641979266867,single_observation_no_low_area
20260804_seahub_GENE10_shard001_A03_e01,20260804_seahub_GENE10_shard001,1,0,0,0,0,0.0,0.3388887479044698,single_observation_no_low_area
20260804_seahub_GENE10_shard001_A04_e01,20260804_seahub_GENE10_shard001,1,0,0,0,0,0.0,0.35416060910222064,single_observation_no_low_area
20260804_seahub_GENE10_shard001_A05_e01,20260804_seahub_GENE10_shard001,1,0,0,0,0,0.0,0.3562210915500249,single_observation_no_low_area
20260804_seahub_GENE10_shard001_A06_e01,20260804_seahub_GENE10_shard001,1,0,0,0,0,0.0,0.3560438457480632,single_observation_no_low_area
20260804_seahub_GENE10_shard001_A07_e01,20260804_seahub_GENE10_shard001,1,0,0,0,0,0.0,0.3428611892271652,single_observation_no_low_area
20260804_seahub_GENE10_shard001_A08_e01,20260804_seahub_GENE10_shard001,1,0,0,0,0,0.0,0.3386506046957784,single_observation_no_low_area
20260804_seahub_GENE10_shard001_A09_e01,20260804_seahub_GENE10_shard001,1,1,1,1,0,0.019985077749126674,-0.019985077749126674,single_observation_low_unassessable
20260804_seahub_GENE10_shard001_A10_e01,20260804_seahub_GENE10_shard001,1,0,0,0,0,0.0,0.09116150902034537,single_observation_no_low_area
20260804_seahub_GENE10_shard001_A11_e01,20260804_seahub_GENE10_shard001,1,1,1,1,0,0.008184817350706999,-0.008184817350706999,single_observation_low_unassessable
20260804_seahub_GENE10_shard001_A12_e01,20260804_seahub_GENE10_shard001,1,0,0,0,0,0.0,0.010669229989784713,single_observation_no_low_area
20260804_seahub_GENE10_shard001_B01_e01,20260804_seahub_GENE10_shard001,1,0,0,0,0,0.0,0.055365188370391075,single_observation_no_low_area
20260804_seahub_GENE10_shard001_B02_e01,20260804_seahub_GENE10_shard001,1,0,0,0,0,0.0,0.078438323227636,single_observation_no_low_area
20260804_seahub_GENE10_shard001_B03_e01,20260804_seahub_GENE10_shard001,1,1,1,1,0,0.014249755656040078,-0.014249755656040078,single_observation_low_unassessable
20260804_seahub_GENE10_shard001_B04_e01,20260804_seahub_GENE10_shard001,1,0,0,0,0,0.0,0.13829662737157464,single_observation_no_low_area
20260804_seahub_GENE10_shard001_B05_e01,20260804_seahub_GENE10_shard001,1,0,0,0,0,0.0,0.18260891239920193,single_observation_no_low_area
20260804_seahub_GENE10_shard001_B06_e01,20260804_seahub_GENE10_shard001,1,0,0,0,0,0.0,0.32917554623713136,single_observation_no_low_area
20260804_seahub_GENE10_shard001_B07_e01,20260804_seahub_GENE10_shard001,1,0,0,0,0,0.0,0.3104983762644912,single_observation_no_low_area
20260804_seahub_GENE10_shard001_B08_e01,20260804_seahub_GENE10_shard001,1,0,0,0,0,0.0,0.2786980922152211,single_observation_no_low_area
20260804_seahub_GENE10_shard001_B09_e01,20260804_seahub_GENE10_shard001,1,0,0,0,0,0.0,0.33644981243700195,single_observation_no_low_area
20260804_seahub_GENE10_shard001_B10_e01,20260804_seahub_GENE10_shard001,1,0,0,0,0,0.0,0.36304020442436596,single_observation_no_low_area
20260804_seahub_GENE10_shard001_B11_e01,20260804_seahub_GENE10_shard001,1,0,0,0,0,0.0,0.35709749128311785,single_observation_no_low_area
20260804_seahub_GENE10_shard001_B12_e01,20260804_seahub_GENE10_shard001,1,0,0,0,0,0.0,0.3432817246112045,single_observation_no_low_area
20260804_seahub_GENE10_shard001_C01_e01,20260804_seahub_GENE10_shard001,1,0,0,0,0,0.0,0.31453295872335335,single_observation_no_low_area
20260804_seahub_GENE10_shard001_C02_e01,20260804_seahub_GENE10_shard001,1,0,0,0,0,0.0,0.2936605787068439,single_observation_no_low_area
20260804_seahub_GENE10_shard001_C03_e01,20260804_seahub_GENE10_shard001,1,0,0,0,0,0.0,0.28006012016501286,single_observation_no_low_area
20260804_seahub_GENE10_shard001_C04_e01,20260804_seahub_GENE10_shard001,1,0,0,0,0,0.0,0.2474347427380773,single_observation_no_low_area
20260804_seahub_GENE10_shard001_C05_e01,20260804_seahub_GENE10_shard001,1,0,0,0,0,0.0,0.2400055905288113,single_observation_no_low_area
20260804_seahub_GENE10_shard001_C06_e01,20260804_seahub_GENE10_shard001,1,0,0,0,0,0.0,0.24627516607049343,single_observation_no_low_area
20260804_seahub_GENE10_shard001_C07_e01,20260804_seahub_GENE10_shard001,1,0,0,0,0,0.0,0.2878037338434542,single_observation_no_low_area
20260804_seahub_GENE10_shard001_C08_e01,20260804_seahub_GENE10_shard001,1,0,0,0,0,0.0,0.20191644507495501,single_observation_no_low_area
20260804_seahub_GENE10_shard001_C09_e01,20260804_seahub_GENE10_shard001,1,0,0,0,0,0.0,0.34646879379658924,single_observation_no_low_area
20260804_seahub_GENE10_shard001_C10_e01,20260804_seahub_GENE10_shard001,1,0,0,0,0,0.0,0.2666901552327209,single_observation_no_low_area
20260804_seahub_GENE10_shard001_C11_e01,20260804_seahub_GENE10_shard001,1,0,0,0,0,0.0,0.3441546561574119,single_observation_no_low_area
20260804_seahub_GENE10_shard001_C12_e01,20260804_seahub_GENE10_shard001,1,0,0,0,0,0.0,0.2839135198644325,single_observation_no_low_area
20260804_seahub_GENE10_shard001_D01_e01,20260804_seahub_GENE10_shard001,1,0,0,0,0,0.0,0.21633660696983192,single_observation_no_low_area
20260804_seahub_GENE10_shard001_D02_e01,20260804_seahub_GENE10_shard001,1,0,0,0,0,0.0,0.3435317365635316,single_observation_no_low_area
20260804_seahub_GENE10_shard001_D03_e01,20260804_seahub_GENE10_shard001,1,0,0,0,0,0.0,0.2998606236068491,single_observation_no_low_area
20260804_seahub_GENE10_shard001_D04_e01,20260804_seahub_GENE10_shard001,1,0,0,0,0,0.0,0.34508186494029514,single_observation_no_low_area
20260804_seahub_GENE10_shard001_D05_e01,20260804_seahub_GENE10_shard001,1,0,0,0,0,0.0,0.18813042600423946,single_observation_no_low_area
20260804_seahub_GENE10_shard001_D06_e01,20260804_seahub_GENE10_shard001,1,0,0,0,0,0.0,0.15531343849344326,single_observation_no_low_area
20260804_seahub_GENE10_shard001_D07_e01,20260804_seahub_GENE10_shard001,1,0,0,0,0,0.0,0.23888292445579198,single_observation_no_low_area
20260804_seahub_GENE10_shard001_D08_e01,20260804_seahub_GENE10_shard001,1,0,0,0,0,0.0,0.27797456440097057,single_observation_no_low_area
20260804_seahub_GENE10_shard001_D09_e01,20260804_seahub_GENE10_shard001,1,0,0,0,0,0.0,0.17730248596260606,single_observation_no_low_area
20260804_seahub_GENE10_shard001_D10_e01,20260804_seahub_GENE10_shard001,1,0,0,0,0,0.0,0.30929229867523284,single_observation_no_low_area
20260804_seahub_GENE10_shard001_D11_e01,20260804_seahub_GENE10_shard001,1,0,0,0,0,0.0,0.195959859572805,single_observation_no_low_area
20260804_seahub_GENE10_shard001_D12_e01,20260804_seahub_GENE10_shard001,1,0,0,0,0,0.0,0.18474322424762582,single_observation_no_low_area
20260804_seahub_GENE10_shard001_E01_e01,20260804_seahub_GENE10_shard001,1,0,0,0,0,0.0,0.1105670760817013,single_observation_no_low_area
20260804_seahub_GENE10_shard001_E02_e01,20260804_seahub_GENE10_shard001,1,0,0,0,0,0.0,0.11396028696912375,single_observation_no_low_area
20260804_seahub_GENE10_shard001_E03_e01,20260804_seahub_GENE10_shard001,1,0,0,0,0,0.0,0.06719567146610013,single_observation_no_low_area
20260804_seahub_GENE10_shard001_E04_e01,20260804_seahub_GENE10_shard001,1,0,0,0,0,0.0,0.03782897360404278,single_observation_no_low_area
20260804_seahub_GENE10_shard001_E05_e01,20260804_seahub_GENE10_shard001,1,0,0,0,0,0.0,0.06108789186873928,single_observation_no_low_area
20260804_seahub_GENE10_shard001_E06_e01,20260804_seahub_GENE10_shard001,1,0,0,0,0,0.0,0.22834234124696806,single_observation_no_low_area
20260804_seahub_GENE10_shard001_E07_e01,20260804_seahub_GENE10_shard001,1,0,0,0,0,0.0,0.024071045824129587,single_observation_no_low_area
20260804_seahub_GENE10_shard001_E08_e01,20260804_seahub_GENE10_shard001,1,0,0,0,0,0.0,0.12383144591435308,single_observation_no_low_area
20260804_seahub_GENE10_shard001_E09_e01,20260804_seahub_GENE10_shard001,1,0,0,0,0,0.0,0.05120212225537515,single_observation_no_low_area
20260804_seahub_GENE10_shard001_E10_e01,20260804_seahub_GENE10_shard001,1,0,0,0,0,0.0,0.026095717977291634,single_observation_no_low_area
20260804_seahub_GENE10_shard001_E11_e01,20260804_seahub_GENE10_shard001,1,0,0,0,0,0.0,0.10589173542980305,single_observation_no_low_area
20260804_seahub_GENE10_shard001_E12_e01,20260804_seahub_GENE10_shard001,1,0,0,0,0,0.0,0.11212296347954424,single_observation_no_low_area
20260804_seahub_GENE10_shard001_F01_e01,20260804_seahub_GENE10_shard001,1,0,0,0,0,0.0,0.10619422222833418,single_observation_no_low_area
20260804_seahub_GENE10_shard001_F02_e01,20260804_seahub_GENE10_shard001,1,0,0,0,0,0.0,0.11871717568752281,single_observation_no_low_area
20260804_seahub_GENE10_shard001_F03_e01,20260804_seahub_GENE10_shard001,1,0,0,0,0,0.0,0.12156055159371525,single_observation_no_low_area
20260804_seahub_GENE10_shard001_F04_e01,20260804_seahub_GENE10_shard001,1,0,0,0,0,0.0,0.10710168262392754,single_observation_no_low_area
20260804_seahub_GENE10_shard001_F05_e01,20260804_seahub_GENE10_shard001,1,0,0,0,0,0.0,0.34816977349321043,single_observation_no_low_area
20260804_seahub_GENE10_shard001_F06_e01,20260804_seahub_GENE10_shard001,1,0,0,0,0,0.0,0.32053591724889385,single_observation_no_low_area
20260804_seahub_GENE10_shard001_F07_e01,20260804_seahub_GENE10_shard001,1,0,0,0,0,0.0,0.2744794901750332,single_observation_no_low_area
20260804_seahub_GENE10_shard001_F08_e01,20260804_seahub_GENE10_shard001,1,0,0,0,0,0.0,0.22872507245903362,single_observation_no_low_area
20260804_seahub_GENE10_shard001_F09_e01,20260804_seahub_GENE10_shard001,1,0,0,0,0,0.0,0.33870681361355365,single_observation_no_low_area
20260804_seahub_GENE10_shard001_F10_e01,20260804_seahub_GENE10_shard001,1,0,0,0,0,0.0,0.33281763113525675,single_observation_no_low_area
20260804_seahub_GENE10_shard001_F11_e01,20260804_seahub_GENE10_shard001,1,0,0,0,0,0.0,0.29582148479723747,single_observation_no_low_area
20260804_seahub_GENE10_shard001_F12_e01,20260804_seahub_GENE10_shard001,1,0,0,0,0,0.0,0.25494955169999717,single_observation_no_low_area
20260804_seahub_GENE10_shard001_G01_e01,20260804_seahub_GENE10_shard001,1,0,0,0,0,0.0,0.21096027975953122,single_observation_no_low_area
20260804_seahub_GENE10_shard001_G02_e01,20260804_seahub_GENE10_shard001,1,0,0,0,0,0.0,0.2124700708287835,single_observation_no_low_area
20260804_seahub_GENE10_shard001_G03_e01,20260804_seahub_GENE10_shard001,1,0,0,0,0,0.0,0.22708269153476046,single_observation_no_low_area
20260804_seahub_GENE10_shard001_G04_e01,20260804_seahub_GENE10_shard001,1,0,0,0,0,0.0,0.31098393809749214,single_observation_no_low_area
20260804_seahub_GENE10_shard001_G05_e01,20260804_seahub_GENE10_shard001,1,0,0,0,0,0.0,0.2737783724623477,single_observation_no_low_area
20260804_seahub_GENE10_shard001_G06_e01,20260804_seahub_GENE10_shard001,1,0,0,0,0,0.0,0.22196018612122612,single_observation_no_low_area
20260804_seahub_GENE10_shard001_G07_e01,20260804_seahub_GENE10_shard001,1,0,0,0,0,0.0,0.2422345233368993,single_observation_no_low_area
20260804_seahub_GENE10_shard001_G08_e01,20260804_seahub_GENE10_shard001,1,0,0,0,0,0.0,0.2131171241441773,single_observation_no_low_area
20260804_seahub_GENE10_shard001_G09_e01,20260804_seahub_GENE10_shard001,1,0,0,0,0,0.0,0.23680430475908515,single_observation_no_low_area
20260804_seahub_GENE10_shard001_G10_e01,20260804_seahub_GENE10_shard001,1,0,0,0,0,0.0,0.29733773235404404,single_observation_no_low_area
20260804_seahub_GENE10_shard001_G11_e01,20260804_seahub_GENE10_shard001,1,0,0,0,0,0.0,0.25586612451021834,single_observation_no_low_area
20260804_seahub_GENE10_shard001_G12_e01,20260804_seahub_GENE10_shard001,1,0,0,0,0,0.0,0.1230273806354651,single_observation_no_low_area
20260804_seahub_GENE10_shard001_H01_e01,20260804_seahub_GENE10_shard001,1,0,0,0,0,0.0,0.20310862338597688,single_observation_no_low_area
20260804_seahub_GENE10_shard001_H02_e01,20260804_seahub_GENE10_shard001,1,0,0,0,0,0.0,0.22298043547780996,single_observation_no_low_area
20260804_seahub_GENE10_shard001_H03_e01,20260804_seahub_GENE10_shard001,1,0,0,0,0,0.0,0.22276443752029007,single_observation_no_low_area
20260804_seahub_GENE10_shard001_H04_e01,20260804_seahub_GENE10_shard001,1,0,0,0,0,0.0,0.21504251053895274,single_observation_no_low_area
20260804_seahub_GENE10_shard001_H05_e01,20260804_seahub_GENE10_shard001,1,0,0,0,0,0.0,0.3096008937426982,single_observation_no_low_area
20260804_seahub_GENE10_shard001_H06_e01,20260804_seahub_GENE10_shard001,1,0,0,0,0,0.0,0.24997442328911634,single_observation_no_low_area
20260804_seahub_GENE10_shard001_H07_e01,20260804_seahub_GENE10_shard001,1,0,0,0,0,0.0,0.15201665040108858,single_observation_no_low_area
20260804_seahub_GENE10_shard001_H08_e01,20260804_seahub_GENE10_shard001,1,0,0,0,0,0.0,0.30201773635051793,single_observation_no_low_area
20260804_seahub_GENE10_shard001_H09_e01,20260804_seahub_GENE10_shard001,1,0,0,0,0,0.0,0.17253272690732974,single_observation_no_low_area
20260804_seahub_GENE10_shard001_H10_e01,20260804_seahub_GENE10_shard001,1,0,0,0,0,0.0,0.2873188764738944,single_observation_no_low_area
20260804_seahub_GENE10_shard001_H11_e01,20260804_seahub_GENE10_shard001,1,0,0,0,0,0.0,0.2196937331545878,single_observation_no_low_area
20260804_seahub_GENE10_shard001_H12_e01,20260804_seahub_GENE10_shard001,1,0,0,0,0,0.0,0.29464233669510964,single_observation_no_low_area
20260804_seahub_GENE10_shard002_A01_e01,20260804_seahub_GENE10_shard002,1,0,0,0,0,0.0,0.04964576185416493,single_observation_no_low_area
20260804_seahub_GENE10_shard002_A02_e01,20260804_seahub_GENE10_shard002,1,0,0,0,0,0.0,0.19583422740259193,single_observation_no_low_area
20260804_seahub_GENE10_shard002_A03_e01,20260804_seahub_GENE10_shard002,1,0,0,0,0,0.0,0.1185618977334786,single_observation_no_low_area
20260804_seahub_GENE10_shard002_A04_e01,20260804_seahub_GENE10_shard002,1,0,0,0,0,0.0,0.0597540607934382,single_observation_no_low_area
20260804_seahub_GENE10_shard002_A05_e01,20260804_seahub_GENE10_shard002,1,0,0,0,0,0.0,0.30320682502420854,single_observation_no_low_area
20260804_seahub_GENE10_shard002_A06_e01,20260804_seahub_GENE10_shard002,1,0,0,0,0,0.0,0.1729220831402386,single_observation_no_low_area
20260804_seahub_GENE10_shard002_A07_e01,20260804_seahub_GENE10_shard002,1,0,0,0,0,0.0,0.26362721895531976,single_observation_no_low_area
20260804_seahub_GENE10_shard002_A08_e01,20260804_seahub_GENE10_shard002,1,0,0,0,0,0.0,0.3173135177661281,single_observation_no_low_area
20260804_seahub_GENE10_shard002_A09_e01,20260804_seahub_GENE10_shard002,1,0,0,0,0,0.0,0.3177772999672936,single_observation_no_low_area
20260804_seahub_GENE10_shard002_A10_e01,20260804_seahub_GENE10_shard002,1,0,0,0,0,0.0,0.28364065297386737,single_observation_no_low_area
20260804_seahub_GENE10_shard002_A11_e01,20260804_seahub_GENE10_shard002,1,0,0,0,0,0.0,0.3522758537866719,single_observation_no_low_area
20260804_seahub_GENE10_shard002_A12_e01,20260804_seahub_GENE10_shard002,1,0,0,0,0,0.0,0.16850848938724264,single_observation_no_low_area
20260804_seahub_GENE10_shard002_B01_e01,20260804_seahub_GENE10_shard002,1,0,0,0,0,0.0,0.3408116346862374,single_observation_no_low_area
20260804_seahub_GENE10_shard002_B02_e01,20260804_seahub_GENE10_shard002,1,0,0,0,0,0.0,0.2999582863167899,single_observation_no_low_area
20260804_seahub_GENE10_shard002_B03_e01,20260804_seahub_GENE10_shard002,1,0,0,0,0,0.0,0.3697468102395927,single_observation_no_low_area
20260804_seahub_GENE10_shard002_B04_e01,20260804_seahub_GENE10_shard002,1,0,0,0,0,0.0,0.37650746548614045,single_observation_no_low_area
20260804_seahub_GENE10_shard002_B05_e01,20260804_seahub_GENE10_shard002,1,0,0,0,0,0.0,0.11456766040959306,single_observation_no_low_area
20260804_seahub_GENE10_shard002_B06_e01,20260804_seahub_GENE10_shard002,1,0,0,0,0,0.0,0.16504111324361073,single_observation_no_low_area
20260804_seahub_GENE10_shard002_B07_e01,20260804_seahub_GENE10_shard002,1,0,0,0,0,0.0,0.16522770641490098,single_observation_no_low_area
20260804_seahub_GENE10_shard002_B08_e01,20260804_seahub_GENE10_shard002,1,0,0,0,0,0.0,0.1630818849450629,single_observation_no_low_area
20260804_seahub_GENE10_shard002_B09_e01,20260804_seahub_GENE10_shard002,1,0,0,0,0,0.0,0.09632817791596944,single_observation_no_low_area
20260804_seahub_GENE10_shard002_B10_e01,20260804_seahub_GENE10_shard002,1,0,0,0,0,0.0,0.2614164862150342,single_observation_no_low_area
20260804_seahub_GENE10_shard002_B11_e01,20260804_seahub_GENE10_shard002,1,0,0,0,0,0.0,0.13276049461039438,single_observation_no_low_area
20260804_seahub_GENE10_shard002_B12_e01,20260804_seahub_GENE10_shard002,1,0,0,0,0,0.0,0.12828225849942787,single_observation_no_low_area
20260804_seahub_GENE10_shard002_C01_e01,20260804_seahub_GENE10_shard002,1,0,0,0,0,0.0,0.3317246708678004,single_observation_no_low_area
20260804_seahub_GENE10_shard002_C02_e01,20260804_seahub_GENE10_shard002,1,0,0,0,0,0.0,0.2811758306046374,single_observation_no_low_area
20260804_seahub_GENE10_shard002_C03_e01,20260804_seahub_GENE10_shard002,1,0,0,0,0,0.0,0.16951447407229578,single_observation_no_low_area
20260804_seahub_GENE10_shard002_C04_e01,20260804_seahub_GENE10_shard002,1,0,0,0,0,0.0,0.053314038006118815,single_observation_no_low_area
20260804_seahub_GENE10_shard002_C05_e01,20260804_seahub_GENE10_shard002,1,0,0,0,0,0.0,0.3086991583234372,single_observation_no_low_area
20260804_seahub_GENE10_shard002_C06_e01,20260804_seahub_GENE10_shard002,1,0,0,0,0,0.0,0.27098353383320783,single_observation_no_low_area
20260804_seahub_GENE10_shard002_C07_e01,20260804_seahub_GENE10_shard002,1,0,0,0,0,0.0,0.3781066416739123,single_observation_no_low_area
20260804_seahub_GENE10_shard002_C08_e01,20260804_seahub_GENE10_shard002,1,0,0,0,0,0.0,0.2715612348647869,single_observation_no_low_area
20260804_seahub_GENE10_shard002_C09_e01,20260804_seahub_GENE10_shard002,1,0,0,0,0,0.0,0.3170838560615832,single_observation_no_low_area
20260804_seahub_GENE10_shard002_C10_e01,20260804_seahub_GENE10_shard002,1,0,0,0,0,0.0,0.28619215681747623,single_observation_no_low_area
20260804_seahub_GENE10_shard002_C11_e01,20260804_seahub_GENE10_shard002,1,0,0,0,0,0.0,0.30228835800256354,single_observation_no_low_area
20260804_seahub_GENE10_shard002_C12_e01,20260804_seahub_GENE10_shard002,1,0,0,0,0,0.0,0.3100925767589697,single_observation_no_low_area
20260804_seahub_GENE10_shard002_D01_e01,20260804_seahub_GENE10_shard002,1,0,0,0,0,0.0,0.35561718617133803,single_observation_no_low_area
20260804_seahub_GENE10_shard002_D02_e01,20260804_seahub_GENE10_shard002,1,0,0,0,0,0.0,0.2471304160627565,single_observation_no_low_area
20260804_seahub_GENE10_shard002_D03_e01,20260804_seahub_GENE10_shard002,1,0,0,0,0,0.0,0.056943230848049434,single_observation_no_low_area
20260804_seahub_GENE10_shard002_D04_e01,20260804_seahub_GENE10_shard002,1,0,0,0,0,0.0,0.13063619233432092,single_observation_no_low_area
20260804_seahub_GENE10_shard002_D05_e01,20260804_seahub_GENE10_shard002,1,0,0,0,0,0.0,0.29132928537609715,single_observation_no_low_area
20260804_seahub_GENE10_shard002_D06_e01,20260804_seahub_GENE10_shard002,1,0,0,0,0,0.0,0.34264610763453146,single_observation_no_low_area
20260804_seahub_GENE10_shard002_D07_e01,20260804_seahub_GENE10_shard002,1,0,0,0,0,0.0,0.3730295242591942,single_observation_no_low_area
20260804_seahub_GENE10_shard002_D08_e01,20260804_seahub_GENE10_shard002,1,0,0,0,0,0.0,0.33844174317691067,single_observation_no_low_area
20260804_seahub_GENE10_shard002_D09_e01,20260804_seahub_GENE10_shard002,1,0,0,0,0,0.0,0.3316833255441002,single_observation_no_low_area
20260804_seahub_GENE10_shard002_D10_e01,20260804_seahub_GENE10_shard002,1,0,0,0,0,0.0,0.2828812633350837,single_observation_no_low_area
20260804_seahub_GENE10_shard002_D11_e01,20260804_seahub_GENE10_shard002,1,0,0,0,0,0.0,0.35722385729600087,single_observation_no_low_area
20260804_seahub_GENE10_shard002_D12_e01,20260804_seahub_GENE10_shard002,1,0,0,0,0,0.0,0.33419808559351805,single_observation_no_low_area
20260804_seahub_GENE10_shard002_E01_e01,20260804_seahub_GENE10_shard002,1,0,0,0,0,0.0,0.3381999343774495,single_observation_no_low_area
20260804_seahub_GENE10_shard002_E02_e01,20260804_seahub_GENE10_shard002,1,0,0,0,0,0.0,0.2817392299068273,single_observation_no_low_area
20260804_seahub_GENE10_shard002_E03_e01,20260804_seahub_GENE10_shard002,1,0,0,0,0,0.0,0.28027693828024985,single_observation_no_low_area
20260804_seahub_GENE10_shard002_E04_e01,20260804_seahub_GENE10_shard002,1,0,0,0,0,0.0,0.3083854328800129,single_observation_no_low_area
20260804_seahub_GENE10_shard002_E05_e01,20260804_seahub_GENE10_shard002,1,0,0,0,0,0.0,0.3270296511188733,single_observation_no_low_area
20260804_seahub_GENE10_shard002_E06_e01,20260804_seahub_GENE10_shard002,1,0,0,0,0,0.0,0.19822613034452524,single_observation_no_low_area
20260804_seahub_GENE10_shard002_E07_e01,20260804_seahub_GENE10_shard002,1,0,0,0,0,0.0,0.3297511383127809,single_observation_no_low_area
20260804_seahub_GENE10_shard002_E08_e01,20260804_seahub_GENE10_shard002,1,0,0,0,0,0.0,0.26236386585467836,single_observation_no_low_area
20260804_seahub_GENE10_shard002_E09_e01,20260804_seahub_GENE10_shard002,1,0,0,0,0,0.0,0.20268540922704423,single_observation_no_low_area
20260804_seahub_GENE10_shard002_E10_e01,20260804_seahub_GENE10_shard002,1,0,0,0,0,0.0,0.3205389192075259,single_observation_no_low_area
20260804_seahub_GENE10_shard002_E11_e01,20260804_seahub_GENE10_shard002,1,0,0,0,0,0.0,0.24646333376152277,single_observation_no_low_area
20260804_seahub_GENE10_shard002_E12_e01,20260804_seahub_GENE10_shard002,1,0,0,0,0,0.0,0.19882135971948756,single_observation_no_low_area
20260804_seahub_GENE10_shard002_F01_e01,20260804_seahub_GENE10_shard002,1,0,0,0,0,0.0,0.21282853918438077,single_observation_no_low_area
20260804_seahub_GENE10_shard002_F02_e01,20260804_seahub_GENE10_shard002,1,0,0,0,0,0.0,0.25963622981001183,single_observation_no_low_area
20260804_seahub_GENE10_shard002_F03_e01,20260804_seahub_GENE10_shard002,1,0,0,0,0,0.0,0.20250977061306447,single_observation_no_low_area
20260804_seahub_GENE10_shard002_F04_e01,20260804_seahub_GENE10_shard002,1,0,0,0,0,0.0,0.17585661094162186,single_observation_no_low_area
20260804_seahub_GENE10_shard002_F05_e01,20260804_seahub_GENE10_shard002,1,0,0,0,0,0.0,0.14554772755035086,single_observation_no_low_area
20260804_seahub_GENE10_shard002_F06_e01,20260804_seahub_GENE10_shard002,1,0,0,0,0,0.0,0.1446612612601437,single_observation_no_low_area
20260804_seahub_GENE10_shard002_F07_e01,20260804_seahub_GENE10_shard002,1,0,0,0,0,0.0,0.2899950767335825,single_observation_no_low_area
20260804_seahub_GENE10_shard002_F08_e01,20260804_seahub_GENE10_shard002,1,0,0,0,0,0.0,0.1499800590013867,single_observation_no_low_area
20260804_seahub_GENE10_shard002_F09_e01,20260804_seahub_GENE10_shard002,1,0,0,0,0,0.0,0.21954433472238108,single_observation_no_low_area
20260804_seahub_GENE10_shard002_F10_e01,20260804_seahub_GENE10_shard002,1,0,0,0,0,0.0,0.172561621341401,single_observation_no_low_area
20260804_seahub_GENE10_shard002_F11_e01,20260804_seahub_GENE10_shard002,1,0,0,0,0,0.0,0.14554772755035086,single_observation_no_low_area
20260804_seahub_GENE10_shard002_F12_e01,20260804_seahub_GENE10_shard002,1,0,0,0,0,0.0,0.0885339482538686,single_observation_no_low_area
20260804_seahub_GENE10_shard002_G01_e01,20260804_seahub_GENE10_shard002,1,0,0,0,0,0.0,0.3164147820023663,single_observation_no_low_area
20260804_seahub_GENE10_shard002_G02_e01,20260804_seahub_GENE10_shard002,1,0,0,0,0,0.0,0.36587097519732015,single_observation_no_low_area
20260804_seahub_GENE10_shard002_G03_e01,20260804_seahub_GENE10_shard002,1,0,0,0,0,0.0,0.32330137883594373,single_observation_no_low_area
20260804_seahub_GENE10_shard002_G04_e01,20260804_seahub_GENE10_shard002,1,0,0,0,0,0.0,0.3529471256090924,single_observation_no_low_area
20260804_seahub_GENE10_shard002_G05_e01,20260804_seahub_GENE10_shard002,1,0,0,0,0,0.0,0.29352580408729645,single_observation_no_low_area
20260804_seahub_GENE10_shard002_G06_e01,20260804_seahub_GENE10_shard002,1,0,0,0,0,0.0,0.23568635206886773,single_observation_no_low_area
20260804_seahub_GENE10_shard002_G07_e01,20260804_seahub_GENE10_shard002,1,0,0,0,0,0.0,0.27509520100090096,single_observation_no_low_area
20260804_seahub_GENE10_shard002_G08_e01,20260804_seahub_GENE10_shard002,1,0,0,0,0,0.0,0.37641081369645724,single_observation_no_low_area
20260804_seahub_GENE10_shard002_G09_e01,20260804_seahub_GENE10_shard002,1,0,0,0,0,0.0,0.27857918962165484,single_observation_no_low_area
20260804_seahub_GENE10_shard002_G10_e01,20260804_seahub_GENE10_shard002,1,0,0,0,0,0.0,0.29623207283720443,single_observation_no_low_area
20260804_seahub_GENE10_shard002_G11_e01,20260804_seahub_GENE10_shard002,1,0,0,0,0,0.0,0.22285563055570348,single_observation_no_low_area
20260804_seahub_GENE10_shard002_G12_e01,20260804_seahub_GENE10_shard002,1,0,0,0,0,0.0,0.2608412322701269,single_observation_no_low_area
20260804_seahub_GENE10_shard002_H01_e01,20260804_seahub_GENE10_shard002,1,0,0,0,0,0.0,0.28049335768117223,single_observation_no_low_area
20260804_seahub_GENE10_shard002_H02_e01,20260804_seahub_GENE10_shard002,1,0,0,0,0,0.0,0.14267325739591843,single_observation_no_low_area
20260804_seahub_GENE10_shard002_H03_e01,20260804_seahub_GENE10_shard002,1,0,0,0,0,0.0,0.166196255993988,single_observation_no_low_area
20260804_seahub_GENE10_shard002_H04_e01,20260804_seahub_GENE10_shard002,1,0,0,0,0,0.0,0.18903866150422927,single_observation_no_low_area
20260804_seahub_GENE10_shard002_H05_e01,20260804_seahub_GENE10_shard002,1,0,0,0,0,0.0,0.37213566633973805,single_observation_no_low_area
20260804_seahub_GENE10_shard002_H06_e01,20260804_seahub_GENE10_shard002,1,0,0,0,0,0.0,0.12864245307465302,single_observation_no_low_area
20260804_seahub_GENE10_shard002_H07_e01,20260804_seahub_GENE10_shard002,1,0,0,0,0,0.0,0.19810167471519602,single_observation_no_low_area
20260804_seahub_GENE10_shard002_H08_e01,20260804_seahub_GENE10_shard002,1,0,0,0,0,0.0,0.34317119340320756,single_observation_no_low_area
20260804_seahub_GENE10_shard002_H09_e01,20260804_seahub_GENE10_shard002,1,0,0,0,0,0.0,0.36402094250979933,single_observation_no_low_area
20260804_seahub_GENE10_shard002_H10_e01,20260804_seahub_GENE10_shard002,1,0,0,0,0,0.0,0.29020803762669223,single_observation_no_low_area
20260804_seahub_GENE10_shard002_H11_e01,20260804_seahub_GENE10_shard002,1,0,0,0,0,0.0,0.23920204220692606,single_observation_no_low_area
20260804_seahub_GENE10_shard002_H12_e01,20260804_seahub_GENE10_shard002,1,0,0,0,0,0.0,0.3410542648540706,single_observation_no_low_area
20260804_seahub_GENE10_shard003_A01_e01,20260804_seahub_GENE10_shard003,1,0,0,0,0,0.0,0.36355830942931133,single_observation_no_low_area
20260804_seahub_GENE10_shard003_A02_e01,20260804_seahub_GENE10_shard003,1,0,0,0,0,0.0,0.4307091463708156,single_observation_no_low_area
20260804_seahub_GENE10_shard003_A03_e01,20260804_seahub_GENE10_shard003,1,0,0,0,0,0.0,0.38373003258940047,single_observation_no_low_area
20260804_seahub_GENE10_shard003_A04_e01,20260804_seahub_GENE10_shard003,1,0,0,0,0,0.0,0.4214615672493049,single_observation_no_low_area
20260804_seahub_GENE10_shard003_A05_e01,20260804_seahub_GENE10_shard003,1,0,0,0,0,0.0,0.40556067261479894,single_observation_no_low_area
20260804_seahub_GENE10_shard003_A06_e01,20260804_seahub_GENE10_shard003,1,0,0,0,0,0.0,0.4199967789533404,single_observation_no_low_area
20260804_seahub_GENE10_shard003_A07_e01,20260804_seahub_GENE10_shard003,1,0,0,0,0,0.0,0.4313797723376428,single_observation_no_low_area
20260804_seahub_GENE10_shard003_A08_e01,20260804_seahub_GENE10_shard003,1,0,0,0,0,0.0,0.4321739346667801,single_observation_no_low_area
20260804_seahub_GENE10_shard003_A09_e01,20260804_seahub_GENE10_shard003,1,0,0,0,0,0.0,0.4196338754185455,single_observation_no_low_area
20260804_seahub_GENE10_shard003_A10_e01,20260804_seahub_GENE10_shard003,1,0,0,0,0,0.0,0.43721211880518324,single_observation_no_low_area
20260804_seahub_GENE10_shard003_A11_e01,20260804_seahub_GENE10_shard003,1,0,0,0,0,0.0,0.4054292342980302,single_observation_no_low_area
20260804_seahub_GENE10_shard003_A12_e01,20260804_seahub_GENE10_shard003,1,0,0,0,0,0.0,0.3956812993290766,single_observation_no_low_area
20260804_seahub_GENE10_shard003_B01_e01,20260804_seahub_GENE10_shard003,1,0,0,0,0,0.0,0.43921852436345604,single_observation_no_low_area
20260804_seahub_GENE10_shard003_B02_e01,20260804_seahub_GENE10_shard003,1,0,0,0,0,0.0,0.3997296220484235,single_observation_no_low_area
20260804_seahub_GENE10_shard003_B03_e01,20260804_seahub_GENE10_shard003,1,0,0,0,0,0.0,0.4284585087146656,single_observation_no_low_area
20260804_seahub_GENE10_shard003_B04_e01,20260804_seahub_GENE10_shard003,1,0,0,0,0,0.0,0.4301415731283464,single_observation_no_low_area
20260804_seahub_GENE10_shard003_B05_e01,20260804_seahub_GENE10_shard003,1,0,0,0,0,0.0,0.3530468329411082,single_observation_no_low_area
20260804_seahub_GENE10_shard003_B06_e01,20260804_seahub_GENE10_shard003,1,0,0,0,0,0.0,0.45846484711561886,single_observation_no_low_area
20260804_seahub_GENE10_shard003_B07_e01,20260804_seahub_GENE10_shard003,1,0,0,0,0,0.0,0.4646828403055952,single_observation_no_low_area
20260804_seahub_GENE10_shard003_B08_e01,20260804_seahub_GENE10_shard003,1,0,0,0,0,0.0,0.46548887645985143,single_observation_no_low_area
20260804_seahub_GENE10_shard003_B09_e01,20260804_seahub_GENE10_shard003,1,0,0,0,0,0.0,0.44784264412044694,single_observation_no_low_area
20260804_seahub_GENE10_shard003_B10_e01,20260804_seahub_GENE10_shard003,1,0,0,0,0,0.0,0.4781754049268681,single_observation_no_low_area
20260804_seahub_GENE10_shard003_B11_e01,20260804_seahub_GENE10_shard003,1,0,0,0,0,0.0,0.4285263613861019,single_observation_no_low_area
20260804_seahub_GENE10_shard003_B12_e01,20260804_seahub_GENE10_shard003,1,0,0,0,0,0.0,0.33381711326099567,single_observation_no_low_area
20260804_seahub_GENE10_shard003_C01_e01,20260804_seahub_GENE10_shard003,1,0,0,0,0,0.0,0.31867576722880936,single_observation_no_low_area
20260804_seahub_GENE10_shard003_C02_e01,20260804_seahub_GENE10_shard003,1,0,0,0,0,0.0,0.3628204916711921,single_observation_no_low_area
20260804_seahub_GENE10_shard003_C03_e01,20260804_seahub_GENE10_shard003,1,0,0,0,0,0.0,0.2550426101341477,single_observation_no_low_area
20260804_seahub_GENE10_shard003_C04_e01,20260804_seahub_GENE10_shard003,1,0,0,0,0,0.0,0.46795173874189266,single_observation_no_low_area
20260804_seahub_GENE10_shard003_C05_e01,20260804_seahub_GENE10_shard003,1,0,0,0,0,0.0,0.4659835385070607,single_observation_no_low_area
20260804_seahub_GENE10_shard003_C06_e01,20260804_seahub_GENE10_shard003,1,0,0,0,0,0.0,0.4762181797281874,single_observation_no_low_area
20260804_seahub_GENE10_shard003_C07_e01,20260804_seahub_GENE10_shard003,1,0,0,0,0,0.0,0.3821221342341524,single_observation_no_low_area
20260804_seahub_GENE10_shard003_C08_e01,20260804_seahub_GENE10_shard003,1,0,0,0,0,0.0,0.2790140049300818,single_observation_no_low_area
20260804_seahub_GENE10_shard003_C09_e01,20260804_seahub_GENE10_shard003,1,0,0,0,0,0.0,0.4623327378578126,single_observation_no_low_area
20260804_seahub_GENE10_shard003_C10_e01,20260804_seahub_GENE10_shard003,1,0,0,0,0,0.0,0.30414176151404804,single_observation_no_low_area
20260804_seahub_GENE10_shard003_C11_e01,20260804_seahub_GENE10_shard003,1,0,0,0,0,0.0,0.339674202972859,single_observation_no_low_area
20260804_seahub_GENE10_shard003_C12_e01,20260804_seahub_GENE10_shard003,1,0,0,0,0,0.0,0.2504005244322164,single_observation_no_low_area
20260804_seahub_GENE10_shard003_D01_e01,20260804_seahub_GENE10_shard003,1,0,0,0,0,0.0,0.2698738197512801,single_observation_no_low_area
20260804_seahub_GENE10_shard003_D02_e01,20260804_seahub_GENE10_shard003,1,0,0,0,0,0.0,0.3730569949483969,single_observation_no_low_area
20260804_seahub_GENE10_shard003_D03_e01,20260804_seahub_GENE10_shard003,1,0,0,0,0,0.0,0.4408974036411091,single_observation_no_low_area
20260804_seahub_GENE10_shard003_D04_e01,20260804_seahub_GENE10_shard003,1,0,0,0,0,0.0,0.3753963193860765,single_observation_no_low_area
20260804_seahub_GENE10_shard003_D05_e01,20260804_seahub_GENE10_shard003,1,0,0,0,0,0.0,0.4044088607220014,single_observation_no_low_area
20260804_seahub_GENE10_shard003_D06_e01,20260804_seahub_GENE10_shard003,1,0,0,0,0,0.0,0.4449586933127313,single_observation_no_low_area
20260804_seahub_GENE10_shard003_D07_e01,20260804_seahub_GENE10_shard003,1,0,0,0,0,0.0,0.36960670139305024,single_observation_no_low_area
20260804_seahub_GENE10_shard003_D08_e01,20260804_seahub_GENE10_shard003,1,0,0,0,0,0.0,0.3917981271970368,single_observation_no_low_area
20260804_seahub_GENE10_shard003_D09_e01,20260804_seahub_GENE10_shard003,1,0,0,0,0,0.0,0.46626382561302576,single_observation_no_low_area
20260804_seahub_GENE10_shard003_D10_e01,20260804_seahub_GENE10_shard003,1,0,0,0,0,0.0,0.39282077354745104,single_observation_no_low_area
20260804_seahub_GENE10_shard003_D11_e01,20260804_seahub_GENE10_shard003,1,0,0,0,0,0.0,0.4091490269423966,single_observation_no_low_area
20260804_seahub_GENE10_shard003_D12_e01,20260804_seahub_GENE10_shard003,1,0,0,0,0,0.0,0.3874518802077768,single_observation_no_low_area
20260804_seahub_GENE10_shard003_E01_e01,20260804_seahub_GENE10_shard003,1,0,0,0,0,0.0,0.34169986438532285,single_observation_no_low_area
20260804_seahub_GENE10_shard003_E02_e01,20260804_seahub_GENE10_shard003,1,0,0,0,0,0.0,0.4363950641606073,single_observation_no_low_area
20260804_seahub_GENE10_shard003_E03_e01,20260804_seahub_GENE10_shard003,1,0,0,0,0,0.0,0.4801207177188139,single_observation_no_low_area
20260804_seahub_GENE10_shard003_E04_e01,20260804_seahub_GENE10_shard003,1,0,0,0,0,0.0,0.4237117688224773,single_observation_no_low_area
20260804_seahub_GENE10_shard003_E05_e01,20260804_seahub_GENE10_shard003,1,0,0,0,0,0.0,0.4411152556570986,single_observation_no_low_area
20260804_seahub_GENE10_shard003_E06_e01,20260804_seahub_GENE10_shard003,1,0,0,0,0,0.0,0.4414163191836279,single_observation_no_low_area
20260804_seahub_GENE10_shard003_E07_e01,20260804_seahub_GENE10_shard003,1,0,0,0,0,0.0,0.45294487138287237,single_observation_no_low_area
20260804_seahub_GENE10_shard003_E08_e01,20260804_seahub_GENE10_shard003,1,0,0,0,0,0.0,0.4118034492035796,single_observation_no_low_area
20260804_seahub_GENE10_shard003_E09_e01,20260804_seahub_GENE10_shard003,1,0,0,0,0,0.0,0.48006055333944864,single_observation_no_low_area
20260804_seahub_GENE10_shard003_E10_e01,20260804_seahub_GENE10_shard003,1,0,0,0,0,0.0,0.4194253416650739,single_observation_no_low_area
20260804_seahub_GENE10_shard003_E11_e01,20260804_seahub_GENE10_shard003,1,0,0,0,0,0.0,0.410468468291831,single_observation_no_low_area
20260804_seahub_GENE10_shard003_E12_e01,20260804_seahub_GENE10_shard003,1,0,0,0,0,0.0,0.4210121893099398,single_observation_no_low_area
20260804_seahub_GENE10_shard003_F01_e01,20260804_seahub_GENE10_shard003,1,0,0,0,0,0.0,0.4315559103280485,single_observation_no_low_area
20260804_seahub_GENE10_shard003_F02_e01,20260804_seahub_GENE10_shard003,1,0,0,0,0,0.0,0.4687340487419274,single_observation_no_low_area
20260804_seahub_GENE10_shard003_F03_e01,20260804_seahub_GENE10_shard003,1,0,0,0,0,0.0,0.40493213317529897,single_observation_no_low_area
20260804_seahub_GENE10_shard003_F04_e01,20260804_seahub_GENE10_shard003,1,0,0,0,0,0.0,0.37099122521566785,single_observation_no_low_area
20260804_seahub_GENE10_shard003_F05_e01,20260804_seahub_GENE10_shard003,1,0,0,0,0,0.0,0.4709830125613546,single_observation_no_low_area
20260804_seahub_GENE10_shard003_F06_e01,20260804_seahub_GENE10_shard003,1,0,0,0,0,0.0,0.4409744911593394,single_observation_no_low_area
20260804_seahub_GENE10_shard003_F07_e01,20260804_seahub_GENE10_shard003,1,0,0,0,0,0.0,0.3938668765878861,single_observation_no_low_area
20260804_seahub_GENE10_shard003_F08_e01,20260804_seahub_GENE10_shard003,1,0,0,0,0,0.0,0.47053740220753343,single_observation_no_low_area
20260804_seahub_GENE10_shard003_F09_e01,20260804_seahub_GENE10_shard003,1,0,0,0,0,0.0,0.46476384197106696,single_observation_no_low_area
20260804_seahub_GENE10_shard003_F10_e01,20260804_seahub_GENE10_shard003,1,0,0,0,0,0.0,0.4499037053892892,single_observation_no_low_area
20260804_seahub_GENE10_shard003_F11_e01,20260804_seahub_GENE10_shard003,1,0,0,0,0,0.0,0.44566071984638267,single_observation_no_low_area
20260804_seahub_GENE10_shard003_F12_e01,20260804_seahub_GENE10_shard003,1,0,0,0,0,0.0,0.44546697621428644,single_observation_no_low_area
20260804_seahub_GENE10_shard003_G01_e01,20260804_seahub_GENE10_shard003,1,0,0,0,0,0.0,0.4714105214464514,single_observation_no_low_area
20260804_seahub_GENE10_shard003_G02_e01,20260804_seahub_GENE10_shard003,1,0,0,0,0,0.0,0.41602419911943933,single_observation_no_low_area
20260804_seahub_GENE10_shard003_G03_e01,20260804_seahub_GENE10_shard003,1,0,0,0,0,0.0,0.43019368986442846,single_observation_no_low_area
20260804_seahub_GENE10_shard003_G04_e01,20260804_seahub_GENE10_shard003,1,0,0,0,0,0.0,0.2984164812844322,single_observation_no_low_area
20260804_seahub_GENE10_shard003_G05_e01,20260804_seahub_GENE10_shard003,1,0,0,0,0,0.0,0.054002861434940416,single_observation_no_low_area
20260804_seahub_GENE10_shard003_G06_e01,20260804_seahub_GENE10_shard003,1,0,0,0,0,0.0,0.4777337771802697,single_observation_no_low_area
20260804_seahub_GENE10_shard003_G07_e01,20260804_seahub_GENE10_shard003,1,0,0,0,0,0.0,0.405266953084468,single_observation_no_low_area
20260804_seahub_GENE10_shard003_G08_e01,20260804_seahub_GENE10_shard003,1,0,0,0,0,0.0,0.45928452188373275,single_observation_no_low_area
20260804_seahub_GENE10_shard003_G09_e01,20260804_seahub_GENE10_shard003,1,0,0,0,0,0.0,0.47519432561832914,single_observation_no_low_area
20260804_seahub_GENE10_shard003_G10_e01,20260804_seahub_GENE10_shard003,1,0,0,0,0,0.0,0.3920221264852624,single_observation_no_low_area
20260804_seahub_GENE10_shard003_G11_e01,20260804_seahub_GENE10_shard003,1,0,0,0,0,0.0,0.4081765100906645,single_observation_no_low_area
20260804_seahub_GENE10_shard003_G12_e01,20260804_seahub_GENE10_shard003,1,0,0,0,0,0.0,0.42891880895287837,single_observation_no_low_area
20260804_seahub_GENE10_shard003_H01_e01,20260804_seahub_GENE10_shard003,1,0,0,0,0,0.0,0.47458702288849836,single_observation_no_low_area
20260804_seahub_GENE10_shard003_H02_e01,20260804_seahub_GENE10_shard003,1,0,0,0,0,0.0,0.4012858480957596,single_observation_no_low_area
20260804_seahub_GENE10_shard003_H03_e01,20260804_seahub_GENE10_shard003,1,0,0,0,0,0.0,0.39701434078769354,single_observation_no_low_area
20260804_seahub_GENE10_shard003_H04_e01,20260804_seahub_GENE10_shard003,1,0,0,0,0,0.0,0.4558310628156321,single_observation_no_low_area
20260804_seahub_GENE10_shard003_H05_e01,20260804_seahub_GENE10_shard003,1,0,0,0,0,0.0,0.47525769668596485,single_observation_no_low_area
20260804_seahub_GENE10_shard003_H06_e01,20260804_seahub_GENE10_shard003,1,0,0,0,0,0.0,0.45874870491821096,single_observation_no_low_area
20260804_seahub_GENE10_shard003_H07_e01,20260804_seahub_GENE10_shard003,1,0,0,0,0,0.0,0.4228786079771556,single_observation_no_low_area
20260804_seahub_GENE10_shard003_H08_e01,20260804_seahub_GENE10_shard003,1,0,0,0,0,0.0,0.4027672229216095,single_observation_no_low_area
20260804_seahub_GENE10_shard003_H09_e01,20260804_seahub_GENE10_shard003,1,0,0,0,0,0.0,0.43625793089099557,single_observation_no_low_area
20260804_seahub_GENE10_shard003_H10_e01,20260804_seahub_GENE10_shard003,1,0,0,0,0,0.0,0.39669453211717143,single_observation_no_low_area
20260804_seahub_GENE10_shard003_H11_e01,20260804_seahub_GENE10_shard003,1,0,0,0,0,0.0,0.4231671004143626,single_observation_no_low_area
20260804_seahub_GENE10_shard003_H12_e01,20260804_seahub_GENE10_shard003,1,0,0,0,0,0.0,0.4369488358328179,single_observation_no_low_area
