area,perimeter,eccentricity,solidity,extent,major_axis_length,minor_axis_length,orientation,lbp_mean,lbp_std,lbp_var,mean_intensity,std_intensity,skewness,kurtosis,gradient_mean,gradient_std,label,filename,pca_1,pca_2
23179.0,2043.8378413094847,0.8855601546457186,0.7111431551819353,0.5208061834359412,310.4215372169897,144.19847665957505,0.05042709801224179,4.995530870225695,2.7054748221752494,7.319594013424198,27.26901584201389,45.360639290464064,2.79310253012785,10.04138814446974,0.010930137914925926,0.02081101775971956,0,20250612_30hpf_ctrl_atf6_E06_e01_t0000.jpg,4.123105625617661,-4.440892098500626e-16
13532.0,1031.9686501761732,0.8600881933458916,0.8171497584541063,0.5679509779232771,198.10071206721318,101.0601612750799,0.0141828543902005,5.028076171875,2.7242169509666363,7.421357995933956,19.645467122395832,34.96593876493241,3.830435729079652,17.731725581167293,0.0072290352658573075,0.013502801436668967,0,20250612_30hpf_ctrl_atf6_C12_e01_t0000.jpg,-4.123105625617662,-4.4408920985006247e-16
