path,category,stage_treatment,suffix,token_counts_json,inventory_method
dev/crossmodal/hotfish/build_log_cell_envelope.ipynb,exploratory_notebook,plot_exploration_or_reporting,.ipynb,"{""inferred_stage_hpf"": 0, ""inferred_stage_hpf_reg"": 0, ""manual_stage_hpf"": 0, ""predicted_stage_hpf"": 0, ""stage_hpf"": 4, ""stage_prediction_status"": 0}",static token hit; inspect source before inferring runtime reachability
dev/crossmodal/hotfish/morph_pca_to_image.py,exploratory_notebook,metadata_filter_order_model_input_or_unknown_static_hit,.py,"{""inferred_stage_hpf"": 0, ""inferred_stage_hpf_reg"": 0, ""manual_stage_hpf"": 0, ""predicted_stage_hpf"": 1, ""stage_hpf"": 1, ""stage_prediction_status"": 0}",static token hit; inspect source before inferring runtime reachability
dev/crossmodal/hotfish/step01_build_morph_pca_data.ipynb,exploratory_notebook,plot_exploration_or_reporting,.ipynb,"{""inferred_stage_hpf"": 0, ""inferred_stage_hpf_reg"": 0, ""manual_stage_hpf"": 0, ""predicted_stage_hpf"": 6, ""stage_hpf"": 15, ""stage_prediction_status"": 0}",static token hit; inspect source before inferring runtime reachability
dev/crossmodal/hotfish/step02_fit_seq_to_morph_mdl.ipynb,exploratory_notebook,plot_exploration_or_reporting,.ipynb,"{""inferred_stage_hpf"": 0, ""inferred_stage_hpf_reg"": 0, ""manual_stage_hpf"": 0, ""predicted_stage_hpf"": 0, ""stage_hpf"": 19, ""stage_prediction_status"": 0}",static token hit; inspect source before inferring runtime reachability
dev/crossmodal/hotfish/step03_nbio_morph_prediction.ipynb,exploratory_notebook,plot_exploration_or_reporting,.ipynb,"{""inferred_stage_hpf"": 0, ""inferred_stage_hpf_reg"": 0, ""manual_stage_hpf"": 0, ""predicted_stage_hpf"": 4, ""stage_hpf"": 15, ""stage_prediction_status"": 0}",static token hit; inspect source before inferring runtime reachability
docs/refactors/core-model/plans/salvage/pipeline_contracts.py,script_or_orchestration,metadata_filter_order_model_input_or_unknown_static_hit,.py,"{""inferred_stage_hpf"": 0, ""inferred_stage_hpf_reg"": 0, ""manual_stage_hpf"": 0, ""predicted_stage_hpf"": 2, ""stage_hpf"": 3, ""stage_prediction_status"": 3}",static token hit; inspect source before inferring runtime reachability
jupyter/2023/SeqVAE_sanity_check.ipynb,exploratory_notebook,plot_exploration_or_reporting,.ipynb,"{""inferred_stage_hpf"": 0, ""inferred_stage_hpf_reg"": 0, ""manual_stage_hpf"": 0, ""predicted_stage_hpf"": 1, ""stage_hpf"": 1, ""stage_prediction_status"": 0}",static token hit; inspect source before inferring runtime reachability
jupyter/2023/analyze_metric_vae.ipynb,exploratory_notebook,plot_exploration_or_reporting,.ipynb,"{""inferred_stage_hpf"": 0, ""inferred_stage_hpf_reg"": 0, ""manual_stage_hpf"": 0, ""predicted_stage_hpf"": 4, ""stage_hpf"": 4, ""stage_prediction_status"": 0}",static token hit; inspect source before inferring runtime reachability
jupyter/2023/compare_vae_architectures.ipynb,exploratory_notebook,plot_exploration_or_reporting,.ipynb,"{""inferred_stage_hpf"": 0, ""inferred_stage_hpf_reg"": 0, ""manual_stage_hpf"": 0, ""predicted_stage_hpf"": 1, ""stage_hpf"": 1, ""stage_prediction_status"": 0}",static token hit; inspect source before inferring runtime reachability
jupyter/2023/discretized_potential_approximation.ipynb,exploratory_notebook,plot_exploration_or_reporting,.ipynb,"{""inferred_stage_hpf"": 0, ""inferred_stage_hpf_reg"": 0, ""manual_stage_hpf"": 0, ""predicted_stage_hpf"": 4, ""stage_hpf"": 4, ""stage_prediction_status"": 0}",static token hit; inspect source before inferring runtime reachability
jupyter/2023/examine_embryo_staging.ipynb,exploratory_notebook,plot_exploration_or_reporting,.ipynb,"{""inferred_stage_hpf"": 2, ""inferred_stage_hpf_reg"": 2, ""manual_stage_hpf"": 0, ""predicted_stage_hpf"": 0, ""stage_hpf"": 6, ""stage_prediction_status"": 0}",static token hit; inspect source before inferring runtime reachability
jupyter/2023/lmx1b_morphseq_test.ipynb,exploratory_notebook,plot_exploration_or_reporting,.ipynb,"{""inferred_stage_hpf"": 0, ""inferred_stage_hpf_reg"": 0, ""manual_stage_hpf"": 0, ""predicted_stage_hpf"": 7, ""stage_hpf"": 13, ""stage_prediction_status"": 0}",static token hit; inspect source before inferring runtime reachability
jupyter/2023/lmx_count_latent_space_inspection.ipynb,exploratory_notebook,plot_exploration_or_reporting,.ipynb,"{""inferred_stage_hpf"": 0, ""inferred_stage_hpf_reg"": 0, ""manual_stage_hpf"": 0, ""predicted_stage_hpf"": 1, ""stage_hpf"": 7, ""stage_prediction_status"": 0}",static token hit; inspect source before inferring runtime reachability
jupyter/2023/make_flux_plots.ipynb,exploratory_notebook,plot_exploration_or_reporting,.ipynb,"{""inferred_stage_hpf"": 0, ""inferred_stage_hpf_reg"": 0, ""manual_stage_hpf"": 0, ""predicted_stage_hpf"": 8, ""stage_hpf"": 8, ""stage_prediction_status"": 0}",static token hit; inspect source before inferring runtime reachability
jupyter/2023/make_flux_plots_v2.ipynb,exploratory_notebook,plot_exploration_or_reporting,.ipynb,"{""inferred_stage_hpf"": 0, ""inferred_stage_hpf_reg"": 0, ""manual_stage_hpf"": 0, ""predicted_stage_hpf"": 7, ""stage_hpf"": 7, ""stage_prediction_status"": 0}",static token hit; inspect source before inferring runtime reachability
jupyter/2023/make_lmx_morphseq_figures.ipynb,exploratory_notebook,plot_exploration_or_reporting,.ipynb,"{""inferred_stage_hpf"": 0, ""inferred_stage_hpf_reg"": 0, ""manual_stage_hpf"": 0, ""predicted_stage_hpf"": 2, ""stage_hpf"": 2, ""stage_prediction_status"": 0}",static token hit; inspect source before inferring runtime reachability
jupyter/2023/make_rotating_UMAP_plots.ipynb,exploratory_notebook,plot_exploration_or_reporting,.ipynb,"{""inferred_stage_hpf"": 0, ""inferred_stage_hpf_reg"": 0, ""manual_stage_hpf"": 0, ""predicted_stage_hpf"": 3, ""stage_hpf"": 3, ""stage_prediction_status"": 0}",static token hit; inspect source before inferring runtime reachability
jupyter/2023/plot_probability distribution.ipynb,exploratory_notebook,plot_exploration_or_reporting,.ipynb,"{""inferred_stage_hpf"": 0, ""inferred_stage_hpf_reg"": 0, ""manual_stage_hpf"": 0, ""predicted_stage_hpf"": 18, ""stage_hpf"": 18, ""stage_prediction_status"": 0}",static token hit; inspect source before inferring runtime reachability
jupyter/2023/plot_vae_results_v2.ipynb,exploratory_notebook,plot_exploration_or_reporting,.ipynb,"{""inferred_stage_hpf"": 0, ""inferred_stage_hpf_reg"": 0, ""manual_stage_hpf"": 0, ""predicted_stage_hpf"": 18, ""stage_hpf"": 18, ""stage_prediction_status"": 0}",static token hit; inspect source before inferring runtime reachability
jupyter/2023/test_extended_SeqVAE.ipynb,exploratory_notebook,plot_exploration_or_reporting,.ipynb,"{""inferred_stage_hpf"": 0, ""inferred_stage_hpf_reg"": 0, ""manual_stage_hpf"": 0, ""predicted_stage_hpf"": 4, ""stage_hpf"": 4, ""stage_prediction_status"": 0}",static token hit; inspect source before inferring runtime reachability
jupyter/2023/test_ff_approaches.ipynb,exploratory_notebook,plot_exploration_or_reporting,.ipynb,"{""inferred_stage_hpf"": 0, ""inferred_stage_hpf_reg"": 0, ""manual_stage_hpf"": 0, ""predicted_stage_hpf"": 4, ""stage_hpf"": 4, ""stage_prediction_status"": 0}",static token hit; inspect source before inferring runtime reachability
jupyter/20240515_plot_notebooks/animated_flux_etc.ipynb,exploratory_notebook,plot_exploration_or_reporting,.ipynb,"{""inferred_stage_hpf"": 6, ""inferred_stage_hpf_reg"": 6, ""manual_stage_hpf"": 0, ""predicted_stage_hpf"": 3, ""stage_hpf"": 17, ""stage_prediction_status"": 0}",static token hit; inspect source before inferring runtime reachability
jupyter/20240515_plot_notebooks/morphVAE_UMAP_plots.ipynb,exploratory_notebook,plot_exploration_or_reporting,.ipynb,"{""inferred_stage_hpf"": 4, ""inferred_stage_hpf_reg"": 4, ""manual_stage_hpf"": 0, ""predicted_stage_hpf"": 1, ""stage_hpf"": 9, ""stage_prediction_status"": 0}",static token hit; inspect source before inferring runtime reachability
jupyter/basic_UMAP_plots.ipynb,exploratory_notebook,plot_exploration_or_reporting,.ipynb,"{""inferred_stage_hpf"": 0, ""inferred_stage_hpf_reg"": 0, ""manual_stage_hpf"": 0, ""predicted_stage_hpf"": 7, ""stage_hpf"": 7, ""stage_prediction_status"": 0}",static token hit; inspect source before inferring runtime reachability
jupyter/basic_VAE_UMAP_plots.ipynb,exploratory_notebook,plot_exploration_or_reporting,.ipynb,"{""inferred_stage_hpf"": 6, ""inferred_stage_hpf_reg"": 6, ""manual_stage_hpf"": 0, ""predicted_stage_hpf"": 3, ""stage_hpf"": 16, ""stage_prediction_status"": 0}",static token hit; inspect source before inferring runtime reachability
jupyter/data_qc/examine_embryo_staging.ipynb,exploratory_notebook,plot_exploration_or_reporting,.ipynb,"{""inferred_stage_hpf"": 4, ""inferred_stage_hpf_reg"": 4, ""manual_stage_hpf"": 0, ""predicted_stage_hpf"": 2, ""stage_hpf"": 22, ""stage_prediction_status"": 0}",static token hit; inspect source before inferring runtime reachability
jupyter/data_qc/examine_embryo_staging_v2.ipynb,exploratory_notebook,plot_exploration_or_reporting,.ipynb,"{""inferred_stage_hpf"": 4, ""inferred_stage_hpf_reg"": 2, ""manual_stage_hpf"": 0, ""predicted_stage_hpf"": 4, ""stage_hpf"": 24, ""stage_prediction_status"": 0}",static token hit; inspect source before inferring runtime reachability
jupyter/data_qc/make_length_key.ipynb,exploratory_notebook,plot_exploration_or_reporting,.ipynb,"{""inferred_stage_hpf"": 0, ""inferred_stage_hpf_reg"": 0, ""manual_stage_hpf"": 0, ""predicted_stage_hpf"": 0, ""stage_hpf"": 4, ""stage_prediction_status"": 0}",static token hit; inspect source before inferring runtime reachability
jupyter/data_qc/make_sa_key.ipynb,exploratory_notebook,plot_exploration_or_reporting,.ipynb,"{""inferred_stage_hpf"": 0, ""inferred_stage_hpf_reg"": 0, ""manual_stage_hpf"": 0, ""predicted_stage_hpf"": 6, ""stage_hpf"": 9, ""stage_prediction_status"": 0}",static token hit; inspect source before inferring runtime reachability
jupyter/data_qc/stage_error_check.ipynb,exploratory_notebook,plot_exploration_or_reporting,.ipynb,"{""inferred_stage_hpf"": 0, ""inferred_stage_hpf_reg"": 0, ""manual_stage_hpf"": 0, ""predicted_stage_hpf"": 7, ""stage_hpf"": 8, ""stage_prediction_status"": 0}",static token hit; inspect source before inferring runtime reachability
jupyter/data_qc/test_age_inference.ipynb,exploratory_notebook,plot_exploration_or_reporting,.ipynb,"{""inferred_stage_hpf"": 0, ""inferred_stage_hpf_reg"": 0, ""manual_stage_hpf"": 0, ""predicted_stage_hpf"": 10, ""stage_hpf"": 21, ""stage_prediction_status"": 0}",static token hit; inspect source before inferring runtime reachability
jupyter/embryo_df_performance_metrics.ipynb,exploratory_notebook,plot_exploration_or_reporting,.ipynb,"{""inferred_stage_hpf"": 0, ""inferred_stage_hpf_reg"": 0, ""manual_stage_hpf"": 0, ""predicted_stage_hpf"": 18, ""stage_hpf"": 18, ""stage_prediction_status"": 0}",static token hit; inspect source before inferring runtime reachability
jupyter/housekeeping/organize_unet_seg_files.ipynb,exploratory_notebook,plot_exploration_or_reporting,.ipynb,"{""inferred_stage_hpf"": 3, ""inferred_stage_hpf_reg"": 3, ""manual_stage_hpf"": 0, ""predicted_stage_hpf"": 2, ""stage_hpf"": 9, ""stage_prediction_status"": 0}",static token hit; inspect source before inferring runtime reachability
jupyter/housekeeping/resolve_db_conflicts.ipynb,exploratory_notebook,plot_exploration_or_reporting,.ipynb,"{""inferred_stage_hpf"": 3, ""inferred_stage_hpf_reg"": 3, ""manual_stage_hpf"": 0, ""predicted_stage_hpf"": 2, ""stage_hpf"": 9, ""stage_prediction_status"": 0}",static token hit; inspect source before inferring runtime reachability
jupyter/make_marz_data.ipynb,exploratory_notebook,plot_exploration_or_reporting,.ipynb,"{""inferred_stage_hpf"": 3, ""inferred_stage_hpf_reg"": 3, ""manual_stage_hpf"": 0, ""predicted_stage_hpf"": 2, ""stage_hpf"": 9, ""stage_prediction_status"": 0}",static token hit; inspect source before inferring runtime reachability
jupyter/make_sa_stage_key.ipynb,exploratory_notebook,plot_exploration_or_reporting,.ipynb,"{""inferred_stage_hpf"": 0, ""inferred_stage_hpf_reg"": 0, ""manual_stage_hpf"": 0, ""predicted_stage_hpf"": 6, ""stage_hpf"": 7, ""stage_prediction_status"": 0}",static token hit; inspect source before inferring runtime reachability
jupyter/seqVAE_UMAP_plots.ipynb,exploratory_notebook,plot_exploration_or_reporting,.ipynb,"{""inferred_stage_hpf"": 0, ""inferred_stage_hpf_reg"": 0, ""manual_stage_hpf"": 0, ""predicted_stage_hpf"": 7, ""stage_hpf"": 7, ""stage_prediction_status"": 0}",static token hit; inspect source before inferring runtime reachability
jupyter/visualize_training_dataset.ipynb,exploratory_notebook,plot_exploration_or_reporting,.ipynb,"{""inferred_stage_hpf"": 3, ""inferred_stage_hpf_reg"": 3, ""manual_stage_hpf"": 0, ""predicted_stage_hpf"": 7, ""stage_hpf"": 10, ""stage_prediction_status"": 0}",static token hit; inspect source before inferring runtime reachability
results/20250319/hf2_seq_morph_arrhenius.ipynb,exploratory_notebook,plot_exploration_or_reporting,.ipynb,"{""inferred_stage_hpf"": 0, ""inferred_stage_hpf_reg"": 0, ""manual_stage_hpf"": 0, ""predicted_stage_hpf"": 0, ""stage_hpf"": 20, ""stage_prediction_status"": 0}",static token hit; inspect source before inferring runtime reachability
results/mcolon/2024/20241121/analyze_sweep.ipynb,exploratory_notebook,plot_exploration_or_reporting,.ipynb,"{""inferred_stage_hpf"": 0, ""inferred_stage_hpf_reg"": 0, ""manual_stage_hpf"": 0, ""predicted_stage_hpf"": 4, ""stage_hpf"": 4, ""stage_prediction_status"": 0}",static token hit; inspect source before inferring runtime reachability
results/mcolon/2024/20241204/spline_comparison.ipynb,exploratory_notebook,plot_exploration_or_reporting,.ipynb,"{""inferred_stage_hpf"": 0, ""inferred_stage_hpf_reg"": 0, ""manual_stage_hpf"": 0, ""predicted_stage_hpf"": 52, ""stage_hpf"": 52, ""stage_prediction_status"": 0}",static token hit; inspect source before inferring runtime reachability
results/mcolon/2024/20241204/spline_fitting.ipynb,exploratory_notebook,plot_exploration_or_reporting,.ipynb,"{""inferred_stage_hpf"": 0, ""inferred_stage_hpf_reg"": 0, ""manual_stage_hpf"": 0, ""predicted_stage_hpf"": 4, ""stage_hpf"": 4, ""stage_prediction_status"": 0}",static token hit; inspect source before inferring runtime reachability
results/mcolon/2024/20241211/spline_metrics.ipynb,exploratory_notebook,plot_exploration_or_reporting,.ipynb,"{""inferred_stage_hpf"": 0, ""inferred_stage_hpf_reg"": 0, ""manual_stage_hpf"": 0, ""predicted_stage_hpf"": 28, ""stage_hpf"": 28, ""stage_prediction_status"": 0}",static token hit; inspect source before inferring runtime reachability
results/mcolon/2024/20241216/spline_metrics_completed.ipynb,exploratory_notebook,plot_exploration_or_reporting,.ipynb,"{""inferred_stage_hpf"": 0, ""inferred_stage_hpf_reg"": 0, ""manual_stage_hpf"": 0, ""predicted_stage_hpf"": 8, ""stage_hpf"": 8, ""stage_prediction_status"": 0}",static token hit; inspect source before inferring runtime reachability
results/mcolon/2024/20241216/test_gen_perform_metrics.ipynb,exploratory_notebook,plot_exploration_or_reporting,.ipynb,"{""inferred_stage_hpf"": 0, ""inferred_stage_hpf_reg"": 0, ""manual_stage_hpf"": 0, ""predicted_stage_hpf"": 41, ""stage_hpf"": 41, ""stage_prediction_status"": 0}",static token hit; inspect source before inferring runtime reachability
results/mcolon/2024/20241216/test_gen_perform_metrics.py,exploratory_notebook,metadata_filter_order_model_input_or_unknown_static_hit,.py,"{""inferred_stage_hpf"": 0, ""inferred_stage_hpf_reg"": 0, ""manual_stage_hpf"": 0, ""predicted_stage_hpf"": 4, ""stage_hpf"": 4, ""stage_prediction_status"": 0}",static token hit; inspect source before inferring runtime reachability
results/mcolon/2024/20241218/test_gen_perform_metrics.ipynb,exploratory_notebook,plot_exploration_or_reporting,.ipynb,"{""inferred_stage_hpf"": 0, ""inferred_stage_hpf_reg"": 0, ""manual_stage_hpf"": 0, ""predicted_stage_hpf"": 35, ""stage_hpf"": 35, ""stage_prediction_status"": 0}",static token hit; inspect source before inferring runtime reachability
results/mcolon/20250107/impl_spline_planes.ipynb,exploratory_notebook,plot_exploration_or_reporting,.ipynb,"{""inferred_stage_hpf"": 0, ""inferred_stage_hpf_reg"": 0, ""manual_stage_hpf"": 0, ""predicted_stage_hpf"": 145, ""stage_hpf"": 145, ""stage_prediction_status"": 0}",static token hit; inspect source before inferring runtime reachability
results/mcolon/20250113/time_diff_analysis.ipynb,exploratory_notebook,plot_exploration_or_reporting,.ipynb,"{""inferred_stage_hpf"": 0, ""inferred_stage_hpf_reg"": 0, ""manual_stage_hpf"": 0, ""predicted_stage_hpf"": 56, ""stage_hpf"": 56, ""stage_prediction_status"": 0}",static token hit; inspect source before inferring runtime reachability
results/mcolon/20250121/time_diff_analysis.ipynb,exploratory_notebook,plot_exploration_or_reporting,.ipynb,"{""inferred_stage_hpf"": 0, ""inferred_stage_hpf_reg"": 0, ""manual_stage_hpf"": 0, ""predicted_stage_hpf"": 33, ""stage_hpf"": 33, ""stage_prediction_status"": 0}",static token hit; inspect source before inferring runtime reachability
results/mcolon/20250123/time_flux_bootstrap_n_segtothelimit.ipynb,exploratory_notebook,plot_exploration_or_reporting,.ipynb,"{""inferred_stage_hpf"": 0, ""inferred_stage_hpf_reg"": 0, ""manual_stage_hpf"": 0, ""predicted_stage_hpf"": 95, ""stage_hpf"": 95, ""stage_prediction_status"": 0}",static token hit; inspect source before inferring runtime reachability
results/mcolon/20250123/time_flux_fishcrew(20240526).ipynb,exploratory_notebook,plot_exploration_or_reporting,.ipynb,"{""inferred_stage_hpf"": 0, ""inferred_stage_hpf_reg"": 0, ""manual_stage_hpf"": 0, ""predicted_stage_hpf"": 18, ""stage_hpf"": 18, ""stage_prediction_status"": 0}",static token hit; inspect source before inferring runtime reachability
results/mcolon/20250130/define_axis_alongspline.ipynb,exploratory_notebook,plot_exploration_or_reporting,.ipynb,"{""inferred_stage_hpf"": 0, ""inferred_stage_hpf_reg"": 0, ""manual_stage_hpf"": 0, ""predicted_stage_hpf"": 29, ""stage_hpf"": 29, ""stage_prediction_status"": 0}",static token hit; inspect source before inferring runtime reachability
results/mcolon/20250310/lm1b_injctrl_poster_inv.ipynb,exploratory_notebook,plot_exploration_or_reporting,.ipynb,"{""inferred_stage_hpf"": 0, ""inferred_stage_hpf_reg"": 0, ""manual_stage_hpf"": 0, ""predicted_stage_hpf"": 1, ""stage_hpf"": 4, ""stage_prediction_status"": 0}",static token hit; inspect source before inferring runtime reachability
results/mcolon/20250315/cep290_24-72hr_pilot_analysis.ipynb,exploratory_notebook,plot_exploration_or_reporting,.ipynb,"{""inferred_stage_hpf"": 0, ""inferred_stage_hpf_reg"": 0, ""manual_stage_hpf"": 0, ""predicted_stage_hpf"": 20, ""stage_hpf"": 20, ""stage_prediction_status"": 0}",static token hit; inspect source before inferring runtime reachability
results/mcolon/20250315/cep290_pilot_24-72hrs_exploration.ipynb,exploratory_notebook,plot_exploration_or_reporting,.ipynb,"{""inferred_stage_hpf"": 0, ""inferred_stage_hpf_reg"": 0, ""manual_stage_hpf"": 0, ""predicted_stage_hpf"": 17, ""stage_hpf"": 17, ""stage_prediction_status"": 0}",static token hit; inspect source before inferring runtime reachability
results/mcolon/20250407/visually_val_cep290_pen.ipynb,exploratory_notebook,plot_exploration_or_reporting,.ipynb,"{""inferred_stage_hpf"": 0, ""inferred_stage_hpf_reg"": 0, ""manual_stage_hpf"": 0, ""predicted_stage_hpf"": 99, ""stage_hpf"": 99, ""stage_prediction_status"": 0}",static token hit; inspect source before inferring runtime reachability
results/mcolon/20250612/general_exam_plots.ipynb,exploratory_notebook,plot_exploration_or_reporting,.ipynb,"{""inferred_stage_hpf"": 0, ""inferred_stage_hpf_reg"": 0, ""manual_stage_hpf"": 0, ""predicted_stage_hpf"": 9, ""stage_hpf"": 9, ""stage_prediction_status"": 0}",static token hit; inspect source before inferring runtime reachability
results/mcolon/20250917/first_peak_at_TZ_expeirments.ipynb,exploratory_notebook,plot_exploration_or_reporting,.ipynb,"{""inferred_stage_hpf"": 1, ""inferred_stage_hpf_reg"": 0, ""manual_stage_hpf"": 0, ""predicted_stage_hpf"": 18, ""stage_hpf"": 19, ""stage_prediction_status"": 0}",static token hit; inspect source before inferring runtime reachability
results/mcolon/20250919/tricane_titration_experiment_analysis.ipynb,exploratory_notebook,plot_exploration_or_reporting,.ipynb,"{""inferred_stage_hpf"": 0, ""inferred_stage_hpf_reg"": 0, ""manual_stage_hpf"": 0, ""predicted_stage_hpf"": 44, ""stage_hpf"": 44, ""stage_prediction_status"": 0}",static token hit; inspect source before inferring runtime reachability
results/mcolon/20250920/find_good_ctrl_experiments.ipynb,exploratory_notebook,plot_exploration_or_reporting,.ipynb,"{""inferred_stage_hpf"": 0, ""inferred_stage_hpf_reg"": 0, ""manual_stage_hpf"": 0, ""predicted_stage_hpf"": 9, ""stage_hpf"": 9, ""stage_prediction_status"": 0}",static token hit; inspect source before inferring runtime reachability
results/mcolon/20250920/tricane_tritraition_phenotype_analysis.ipynb,exploratory_notebook,plot_exploration_or_reporting,.ipynb,"{""inferred_stage_hpf"": 0, ""inferred_stage_hpf_reg"": 0, ""manual_stage_hpf"": 0, ""predicted_stage_hpf"": 15, ""stage_hpf"": 15, ""stage_prediction_status"": 0}",static token hit; inspect source before inferring runtime reachability
results/mcolon/20250923/spline_fitting_v3.py,exploratory_notebook,metadata_filter_order_model_input_or_unknown_static_hit,.py,"{""inferred_stage_hpf"": 0, ""inferred_stage_hpf_reg"": 0, ""manual_stage_hpf"": 0, ""predicted_stage_hpf"": 7, ""stage_hpf"": 7, ""stage_prediction_status"": 0}",static token hit; inspect source before inferring runtime reachability
results/mcolon/20250924/batcheffects_of_new_pipeline.ipynb,exploratory_notebook,plot_exploration_or_reporting,.ipynb,"{""inferred_stage_hpf"": 4, ""inferred_stage_hpf_reg"": 0, ""manual_stage_hpf"": 0, ""predicted_stage_hpf"": 10, ""stage_hpf"": 14, ""stage_prediction_status"": 0}",static token hit; inspect source before inferring runtime reachability
results/mcolon/20251010_sa_outlier_analysis/analyze_sa_outliers.py,exploratory_notebook,metadata_filter_order_model_input_or_unknown_static_hit,.py,"{""inferred_stage_hpf"": 0, ""inferred_stage_hpf_reg"": 0, ""manual_stage_hpf"": 0, ""predicted_stage_hpf"": 11, ""stage_hpf"": 11, ""stage_prediction_status"": 0}",static token hit; inspect source before inferring runtime reachability
results/mcolon/20251010_sa_outlier_analysis/apply_two_sided_qc.py,exploratory_notebook,metadata_filter_order_model_input_or_unknown_static_hit,.py,"{""inferred_stage_hpf"": 0, ""inferred_stage_hpf_reg"": 0, ""manual_stage_hpf"": 0, ""predicted_stage_hpf"": 7, ""stage_hpf"": 13, ""stage_prediction_status"": 0}",static token hit; inspect source before inferring runtime reachability
results/mcolon/20251010_sa_outlier_analysis/build_sa_reference.py,exploratory_notebook,metadata_filter_order_model_input_or_unknown_static_hit,.py,"{""inferred_stage_hpf"": 0, ""inferred_stage_hpf_reg"": 0, ""manual_stage_hpf"": 0, ""predicted_stage_hpf"": 8, ""stage_hpf"": 9, ""stage_prediction_status"": 0}",static token hit; inspect source before inferring runtime reachability
results/mcolon/20251010_sa_outlier_analysis/check_h07_early_stages.py,exploratory_notebook,metadata_filter_order_model_input_or_unknown_static_hit,.py,"{""inferred_stage_hpf"": 0, ""inferred_stage_hpf_reg"": 0, ""manual_stage_hpf"": 0, ""predicted_stage_hpf"": 6, ""stage_hpf"": 6, ""stage_prediction_status"": 0}",static token hit; inspect source before inferring runtime reachability
results/mcolon/20251010_sa_outlier_analysis/find_optimal_k_lower.py,exploratory_notebook,metadata_filter_order_model_input_or_unknown_static_hit,.py,"{""inferred_stage_hpf"": 0, ""inferred_stage_hpf_reg"": 0, ""manual_stage_hpf"": 0, ""predicted_stage_hpf"": 6, ""stage_hpf"": 11, ""stage_prediction_status"": 0}",static token hit; inspect source before inferring runtime reachability
results/mcolon/20251010_sa_outlier_analysis/tune_thresholds.py,exploratory_notebook,metadata_filter_order_model_input_or_unknown_static_hit,.py,"{""inferred_stage_hpf"": 0, ""inferred_stage_hpf_reg"": 0, ""manual_stage_hpf"": 0, ""predicted_stage_hpf"": 9, ""stage_hpf"": 18, ""stage_prediction_status"": 0}",static token hit; inspect source before inferring runtime reachability
results/mcolon/20251013/investigate_nan_sources.py,exploratory_notebook,metadata_filter_order_model_input_or_unknown_static_hit,.py,"{""inferred_stage_hpf"": 0, ""inferred_stage_hpf_reg"": 0, ""manual_stage_hpf"": 0, ""predicted_stage_hpf"": 3, ""stage_hpf"": 3, ""stage_prediction_status"": 0}",static token hit; inspect source before inferring runtime reachability
results/mcolon/20251013/robust_phenotype_emergence_detection.py,exploratory_notebook,metadata_filter_order_model_input_or_unknown_static_hit,.py,"{""inferred_stage_hpf"": 0, ""inferred_stage_hpf_reg"": 0, ""manual_stage_hpf"": 0, ""predicted_stage_hpf"": 5, ""stage_hpf"": 5, ""stage_prediction_status"": 0}",static token hit; inspect source before inferring runtime reachability
results/mcolon/20251013/robust_phenotype_emergence_phenotype_analysis.ipynb,exploratory_notebook,plot_exploration_or_reporting,.ipynb,"{""inferred_stage_hpf"": 0, ""inferred_stage_hpf_reg"": 0, ""manual_stage_hpf"": 0, ""predicted_stage_hpf"": 2, ""stage_hpf"": 2, ""stage_prediction_status"": 0}",static token hit; inspect source before inferring runtime reachability
results/mcolon/20251014/class_imbalance_method_comparison.py,exploratory_notebook,metadata_filter_order_model_input_or_unknown_static_hit,.py,"{""inferred_stage_hpf"": 0, ""inferred_stage_hpf_reg"": 0, ""manual_stage_hpf"": 0, ""predicted_stage_hpf"": 2, ""stage_hpf"": 2, ""stage_prediction_status"": 0}",static token hit; inspect source before inferring runtime reachability
results/mcolon/20251014/investigate_cv_fold_issue.py,exploratory_notebook,metadata_filter_order_model_input_or_unknown_static_hit,.py,"{""inferred_stage_hpf"": 0, ""inferred_stage_hpf_reg"": 0, ""manual_stage_hpf"": 0, ""predicted_stage_hpf"": 2, ""stage_hpf"": 2, ""stage_prediction_status"": 0}",static token hit; inspect source before inferring runtime reachability
results/mcolon/20251014/robust_phenotype_emergence_classifaction.py,exploratory_notebook,metadata_filter_order_model_input_or_unknown_static_hit,.py,"{""inferred_stage_hpf"": 0, ""inferred_stage_hpf_reg"": 0, ""manual_stage_hpf"": 0, ""predicted_stage_hpf"": 3, ""stage_hpf"": 3, ""stage_prediction_status"": 0}",static token hit; inspect source before inferring runtime reachability
results/mcolon/20251016/config.py,exploratory_notebook,configuration_or_fallback,.py,"{""inferred_stage_hpf"": 0, ""inferred_stage_hpf_reg"": 0, ""manual_stage_hpf"": 0, ""predicted_stage_hpf"": 1, ""stage_hpf"": 1, ""stage_prediction_status"": 0}",static token hit; inspect source before inferring runtime reachability
results/mcolon/20251016/run_classification.py,exploratory_notebook,metadata_filter_order_model_input_or_unknown_static_hit,.py,"{""inferred_stage_hpf"": 0, ""inferred_stage_hpf_reg"": 0, ""manual_stage_hpf"": 0, ""predicted_stage_hpf"": 1, ""stage_hpf"": 1, ""stage_prediction_status"": 0}",static token hit; inspect source before inferring runtime reachability
results/mcolon/20251016/test_divergence.py,exploratory_notebook,metadata_filter_order_model_input_or_unknown_static_hit,.py,"{""inferred_stage_hpf"": 0, ""inferred_stage_hpf_reg"": 0, ""manual_stage_hpf"": 0, ""predicted_stage_hpf"": 1, ""stage_hpf"": 1, ""stage_prediction_status"": 0}",static token hit; inspect source before inferring runtime reachability
results/mcolon/20251016/utils/binning.py,exploratory_notebook,metadata_filter_order_model_input_or_unknown_static_hit,.py,"{""inferred_stage_hpf"": 0, ""inferred_stage_hpf_reg"": 0, ""manual_stage_hpf"": 0, ""predicted_stage_hpf"": 2, ""stage_hpf"": 2, ""stage_prediction_status"": 0}",static token hit; inspect source before inferring runtime reachability
results/mcolon/20251028/curvature_validation/visualize_curvature_metrics.py,exploratory_notebook,metadata_filter_order_model_input_or_unknown_static_hit,.py,"{""inferred_stage_hpf"": 0, ""inferred_stage_hpf_reg"": 0, ""manual_stage_hpf"": 0, ""predicted_stage_hpf"": 1, ""stage_hpf"": 1, ""stage_prediction_status"": 0}",static token hit; inspect source before inferring runtime reachability
results/mcolon/20251029_curvature_temporal_analysis/01_individual_trajectories.py,exploratory_notebook,metadata_filter_order_model_input_or_unknown_static_hit,.py,"{""inferred_stage_hpf"": 0, ""inferred_stage_hpf_reg"": 0, ""manual_stage_hpf"": 0, ""predicted_stage_hpf"": 8, ""stage_hpf"": 8, ""stage_prediction_status"": 0}",static token hit; inspect source before inferring runtime reachability
results/mcolon/20251029_curvature_temporal_analysis/02_horizon_plots.py,exploratory_notebook,metadata_filter_order_model_input_or_unknown_static_hit,.py,"{""inferred_stage_hpf"": 0, ""inferred_stage_hpf_reg"": 0, ""manual_stage_hpf"": 0, ""predicted_stage_hpf"": 3, ""stage_hpf"": 3, ""stage_prediction_status"": 0}",static token hit; inspect source before inferring runtime reachability
results/mcolon/20251029_curvature_temporal_analysis/03_embedding_distance.py,exploratory_notebook,metadata_filter_order_model_input_or_unknown_static_hit,.py,"{""inferred_stage_hpf"": 0, ""inferred_stage_hpf_reg"": 0, ""manual_stage_hpf"": 0, ""predicted_stage_hpf"": 2, ""stage_hpf"": 2, ""stage_prediction_status"": 0}",static token hit; inspect source before inferring runtime reachability
results/mcolon/20251029_curvature_temporal_analysis/03_trajectory_rankings.py,exploratory_notebook,metadata_filter_order_model_input_or_unknown_static_hit,.py,"{""inferred_stage_hpf"": 0, ""inferred_stage_hpf_reg"": 0, ""manual_stage_hpf"": 0, ""predicted_stage_hpf"": 3, ""stage_hpf"": 3, ""stage_prediction_status"": 0}",static token hit; inspect source before inferring runtime reachability
results/mcolon/20251029_curvature_temporal_analysis/05_threshold_optimization.py,exploratory_notebook,metadata_filter_order_model_input_or_unknown_static_hit,.py,"{""inferred_stage_hpf"": 0, ""inferred_stage_hpf_reg"": 0, ""manual_stage_hpf"": 0, ""predicted_stage_hpf"": 5, ""stage_hpf"": 5, ""stage_prediction_status"": 0}",static token hit; inspect source before inferring runtime reachability
results/mcolon/20251029_curvature_temporal_analysis/06_penetrance_analysis.py,exploratory_notebook,metadata_filter_order_model_input_or_unknown_static_hit,.py,"{""inferred_stage_hpf"": 0, ""inferred_stage_hpf_reg"": 0, ""manual_stage_hpf"": 0, ""predicted_stage_hpf"": 3, ""stage_hpf"": 3, ""stage_prediction_status"": 0}",static token hit; inspect source before inferring runtime reachability
results/mcolon/20251029_curvature_temporal_analysis/06b_penetrance_threshold_calibration.py,exploratory_notebook,metadata_filter_order_model_input_or_unknown_static_hit,.py,"{""inferred_stage_hpf"": 0, ""inferred_stage_hpf_reg"": 0, ""manual_stage_hpf"": 0, ""predicted_stage_hpf"": 1, ""stage_hpf"": 1, ""stage_prediction_status"": 0}",static token hit; inspect source before inferring runtime reachability
results/mcolon/20251029_curvature_temporal_analysis/06c_wt_noise_diagnosis.py,exploratory_notebook,metadata_filter_order_model_input_or_unknown_static_hit,.py,"{""inferred_stage_hpf"": 0, ""inferred_stage_hpf_reg"": 0, ""manual_stage_hpf"": 0, ""predicted_stage_hpf"": 6, ""stage_hpf"": 6, ""stage_prediction_status"": 0}",static token hit; inspect source before inferring runtime reachability
results/mcolon/20251029_curvature_temporal_analysis/06d_visualize_troublesome_masks.py,exploratory_notebook,metadata_filter_order_model_input_or_unknown_static_hit,.py,"{""inferred_stage_hpf"": 0, ""inferred_stage_hpf_reg"": 0, ""manual_stage_hpf"": 0, ""predicted_stage_hpf"": 2, ""stage_hpf"": 2, ""stage_prediction_status"": 0}",static token hit; inspect source before inferring runtime reachability
results/mcolon/20251029_curvature_temporal_analysis/06e_global_iqr_calibration.py,exploratory_notebook,metadata_filter_order_model_input_or_unknown_static_hit,.py,"{""inferred_stage_hpf"": 0, ""inferred_stage_hpf_reg"": 0, ""manual_stage_hpf"": 0, ""predicted_stage_hpf"": 5, ""stage_hpf"": 5, ""stage_prediction_status"": 0}",static token hit; inspect source before inferring runtime reachability
results/mcolon/20251029_curvature_temporal_analysis/06f_global_iqr_binwidth_comparison.py,exploratory_notebook,metadata_filter_order_model_input_or_unknown_static_hit,.py,"{""inferred_stage_hpf"": 0, ""inferred_stage_hpf_reg"": 0, ""manual_stage_hpf"": 0, ""predicted_stage_hpf"": 1, ""stage_hpf"": 1, ""stage_prediction_status"": 0}",static token hit; inspect source before inferring runtime reachability
results/mcolon/20251029_curvature_temporal_analysis/07a_validate_imputation_methods.py,exploratory_notebook,metadata_filter_order_model_input_or_unknown_static_hit,.py,"{""inferred_stage_hpf"": 0, ""inferred_stage_hpf_reg"": 0, ""manual_stage_hpf"": 0, ""predicted_stage_hpf"": 2, ""stage_hpf"": 2, ""stage_prediction_status"": 0}",static token hit; inspect source before inferring runtime reachability
results/mcolon/20251029_curvature_temporal_analysis/07b_dtw_clustering_analysis.py,exploratory_notebook,metadata_filter_order_model_input_or_unknown_static_hit,.py,"{""inferred_stage_hpf"": 0, ""inferred_stage_hpf_reg"": 0, ""manual_stage_hpf"": 0, ""predicted_stage_hpf"": 1, ""stage_hpf"": 1, ""stage_prediction_status"": 0}",static token hit; inspect source before inferring runtime reachability
results/mcolon/20251029_curvature_temporal_analysis/07c_bayesian_with_dtw_priors.py,exploratory_notebook,metadata_filter_order_model_input_or_unknown_static_hit,.py,"{""inferred_stage_hpf"": 0, ""inferred_stage_hpf_reg"": 0, ""manual_stage_hpf"": 0, ""predicted_stage_hpf"": 2, ""stage_hpf"": 2, ""stage_prediction_status"": 0}",static token hit; inspect source before inferring runtime reachability
results/mcolon/20251029_curvature_temporal_analysis/07d_logistic_regression.py,exploratory_notebook,metadata_filter_order_model_input_or_unknown_static_hit,.py,"{""inferred_stage_hpf"": 0, ""inferred_stage_hpf_reg"": 0, ""manual_stage_hpf"": 0, ""predicted_stage_hpf"": 6, ""stage_hpf"": 6, ""stage_prediction_status"": 0}",static token hit; inspect source before inferring runtime reachability
results/mcolon/20251029_curvature_temporal_analysis/load_data.py,exploratory_notebook,metadata_filter_order_model_input_or_unknown_static_hit,.py,"{""inferred_stage_hpf"": 0, ""inferred_stage_hpf_reg"": 0, ""manual_stage_hpf"": 0, ""predicted_stage_hpf"": 4, ""stage_hpf"": 4, ""stage_prediction_status"": 0}",static token hit; inspect source before inferring runtime reachability
results/mcolon/20251029_curvature_temporal_analysis/trajectory_visualization.py,exploratory_notebook,metadata_filter_order_model_input_or_unknown_static_hit,.py,"{""inferred_stage_hpf"": 0, ""inferred_stage_hpf_reg"": 0, ""manual_stage_hpf"": 0, ""predicted_stage_hpf"": 1, ""stage_hpf"": 1, ""stage_prediction_status"": 0}",static token hit; inspect source before inferring runtime reachability
results/mcolon/20251104_preliminary_curvature_across_experiments/run_hierarchical_consensus_clustering.py,exploratory_notebook,metadata_filter_order_model_input_or_unknown_static_hit,.py,"{""inferred_stage_hpf"": 0, ""inferred_stage_hpf_reg"": 0, ""manual_stage_hpf"": 0, ""predicted_stage_hpf"": 3, ""stage_hpf"": 3, ""stage_prediction_status"": 0}",static token hit; inspect source before inferring runtime reachability
results/mcolon/20251104_preliminary_curvature_across_experiments/test_faceted_plotting.py,exploratory_notebook,metadata_filter_order_model_input_or_unknown_static_hit,.py,"{""inferred_stage_hpf"": 0, ""inferred_stage_hpf_reg"": 0, ""manual_stage_hpf"": 0, ""predicted_stage_hpf"": 6, ""stage_hpf"": 6, ""stage_prediction_status"": 0}",static token hit; inspect source before inferring runtime reachability
results/mcolon/20251104_preliminary_curvature_across_experiments/test_simplified_api.py,exploratory_notebook,metadata_filter_order_model_input_or_unknown_static_hit,.py,"{""inferred_stage_hpf"": 0, ""inferred_stage_hpf_reg"": 0, ""manual_stage_hpf"": 0, ""predicted_stage_hpf"": 1, ""stage_hpf"": 1, ""stage_prediction_status"": 0}",static token hit; inspect source before inferring runtime reachability
results/mcolon/20251104_preliminary_curvature_across_experiments/test_trend_methods.py,exploratory_notebook,metadata_filter_order_model_input_or_unknown_static_hit,.py,"{""inferred_stage_hpf"": 0, ""inferred_stage_hpf_reg"": 0, ""manual_stage_hpf"": 0, ""predicted_stage_hpf"": 1, ""stage_hpf"": 1, ""stage_prediction_status"": 0}",static token hit; inspect source before inferring runtime reachability
results/mcolon/20251106_robust_clustering/plot_cluster_trajectories.py,exploratory_notebook,metadata_filter_order_model_input_or_unknown_static_hit,.py,"{""inferred_stage_hpf"": 0, ""inferred_stage_hpf_reg"": 0, ""manual_stage_hpf"": 0, ""predicted_stage_hpf"": 1, ""stage_hpf"": 1, ""stage_prediction_status"": 0}",static token hit; inspect source before inferring runtime reachability
results/mcolon/20251106_robust_clustering/run_hierarchical_posterior_analysis.py,exploratory_notebook,metadata_filter_order_model_input_or_unknown_static_hit,.py,"{""inferred_stage_hpf"": 0, ""inferred_stage_hpf_reg"": 0, ""manual_stage_hpf"": 0, ""predicted_stage_hpf"": 2, ""stage_hpf"": 2, ""stage_prediction_status"": 0}",static token hit; inspect source before inferring runtime reachability
results/mcolon/20251106_robust_clustering/run_hierarchical_posterior_clustering.py,exploratory_notebook,metadata_filter_order_model_input_or_unknown_static_hit,.py,"{""inferred_stage_hpf"": 0, ""inferred_stage_hpf_reg"": 0, ""manual_stage_hpf"": 0, ""predicted_stage_hpf"": 3, ""stage_hpf"": 3, ""stage_prediction_status"": 0}",static token hit; inspect source before inferring runtime reachability
results/mcolon/20251109_testing_trajectory_analysis_package/test_trajectory_analysis.py,exploratory_notebook,metadata_filter_order_model_input_or_unknown_static_hit,.py,"{""inferred_stage_hpf"": 0, ""inferred_stage_hpf_reg"": 0, ""manual_stage_hpf"": 0, ""predicted_stage_hpf"": 4, ""stage_hpf"": 4, ""stage_prediction_status"": 0}",static token hit; inspect source before inferring runtime reachability
results/mcolon/20251113_curvature_pair_analysis/analyze_pairs.py,exploratory_notebook,metadata_filter_order_model_input_or_unknown_static_hit,.py,"{""inferred_stage_hpf"": 0, ""inferred_stage_hpf_reg"": 0, ""manual_stage_hpf"": 0, ""predicted_stage_hpf"": 1, ""stage_hpf"": 1, ""stage_prediction_status"": 0}",static token hit; inspect source before inferring runtime reachability
results/mcolon/20251114_curvature_embedding_prediction/predict_curvature_with_time.py,exploratory_notebook,metadata_filter_order_model_input_or_unknown_static_hit,.py,"{""inferred_stage_hpf"": 0, ""inferred_stage_hpf_reg"": 0, ""manual_stage_hpf"": 0, ""predicted_stage_hpf"": 2, ""stage_hpf"": 2, ""stage_prediction_status"": 0}",static token hit; inspect source before inferring runtime reachability
results/mcolon/20251204_initial_b9d2_pair_analysis/analyze_b9d2_pairs.py,exploratory_notebook,metadata_filter_order_model_input_or_unknown_static_hit,.py,"{""inferred_stage_hpf"": 0, ""inferred_stage_hpf_reg"": 0, ""manual_stage_hpf"": 0, ""predicted_stage_hpf"": 1, ""stage_hpf"": 1, ""stage_prediction_status"": 0}",static token hit; inspect source before inferring runtime reachability
results/mcolon/20251204_initial_b9d2_pair_analysis/analyze_b9d2_pairs_plotly.py,exploratory_notebook,metadata_filter_order_model_input_or_unknown_static_hit,.py,"{""inferred_stage_hpf"": 0, ""inferred_stage_hpf_reg"": 0, ""manual_stage_hpf"": 0, ""predicted_stage_hpf"": 1, ""stage_hpf"": 1, ""stage_prediction_status"": 0}",static token hit; inspect source before inferring runtime reachability
results/mcolon/20251204_initial_b9d2_pair_analysis/build_length_reference/build_length_reference.py,exploratory_notebook,metadata_filter_order_model_input_or_unknown_static_hit,.py,"{""inferred_stage_hpf"": 0, ""inferred_stage_hpf_reg"": 0, ""manual_stage_hpf"": 0, ""predicted_stage_hpf"": 10, ""stage_hpf"": 11, ""stage_prediction_status"": 0}",static token hit; inspect source before inferring runtime reachability
results/mcolon/20251204_initial_b9d2_pair_analysis/build_length_reference/build_length_reference_polynomial.py,exploratory_notebook,metadata_filter_order_model_input_or_unknown_static_hit,.py,"{""inferred_stage_hpf"": 0, ""inferred_stage_hpf_reg"": 0, ""manual_stage_hpf"": 0, ""predicted_stage_hpf"": 9, ""stage_hpf"": 10, ""stage_prediction_status"": 0}",static token hit; inspect source before inferring runtime reachability
results/mcolon/20251204_initial_b9d2_pair_analysis/build_length_reference/build_length_reference_smoothed.py,exploratory_notebook,metadata_filter_order_model_input_or_unknown_static_hit,.py,"{""inferred_stage_hpf"": 0, ""inferred_stage_hpf_reg"": 0, ""manual_stage_hpf"": 0, ""predicted_stage_hpf"": 10, ""stage_hpf"": 11, ""stage_prediction_status"": 0}",static token hit; inspect source before inferring runtime reachability
results/mcolon/20251204_initial_b9d2_pair_analysis/build_length_reference/build_length_reference_spline.py,exploratory_notebook,metadata_filter_order_model_input_or_unknown_static_hit,.py,"{""inferred_stage_hpf"": 0, ""inferred_stage_hpf_reg"": 0, ""manual_stage_hpf"": 0, ""predicted_stage_hpf"": 9, ""stage_hpf"": 10, ""stage_prediction_status"": 0}",static token hit; inspect source before inferring runtime reachability
results/mcolon/20251204_initial_b9d2_pair_analysis/rank_embryos_by_surface_area.py,exploratory_notebook,metadata_filter_order_model_input_or_unknown_static_hit,.py,"{""inferred_stage_hpf"": 0, ""inferred_stage_hpf_reg"": 0, ""manual_stage_hpf"": 0, ""predicted_stage_hpf"": 2, ""stage_hpf"": 2, ""stage_prediction_status"": 0}",static token hit; inspect source before inferring runtime reachability
results/mcolon/20251204_initial_b9d2_pair_analysis/test_log2_length.py,exploratory_notebook,metadata_filter_order_model_input_or_unknown_static_hit,.py,"{""inferred_stage_hpf"": 0, ""inferred_stage_hpf_reg"": 0, ""manual_stage_hpf"": 0, ""predicted_stage_hpf"": 1, ""stage_hpf"": 1, ""stage_prediction_status"": 0}",static token hit; inspect source before inferring runtime reachability
results/mcolon/20251204_initial_b9d2_pair_analysis/test_smoothing_options.py,exploratory_notebook,metadata_filter_order_model_input_or_unknown_static_hit,.py,"{""inferred_stage_hpf"": 0, ""inferred_stage_hpf_reg"": 0, ""manual_stage_hpf"": 0, ""predicted_stage_hpf"": 1, ""stage_hpf"": 1, ""stage_prediction_status"": 0}",static token hit; inspect source before inferring runtime reachability
results/mcolon/20251205_b9d2_analysis_updated_plots/analyze_b9d2_pairs_unified.py,exploratory_notebook,metadata_filter_order_model_input_or_unknown_static_hit,.py,"{""inferred_stage_hpf"": 0, ""inferred_stage_hpf_reg"": 0, ""manual_stage_hpf"": 0, ""predicted_stage_hpf"": 1, ""stage_hpf"": 1, ""stage_prediction_status"": 0}",static token hit; inspect source before inferring runtime reachability
results/mcolon/20251208_tmem67_clustering_analysis_n_series_mapping/config.py,exploratory_notebook,configuration_or_fallback,.py,"{""inferred_stage_hpf"": 0, ""inferred_stage_hpf_reg"": 0, ""manual_stage_hpf"": 0, ""predicted_stage_hpf"": 1, ""stage_hpf"": 1, ""stage_prediction_status"": 0}",static token hit; inspect source before inferring runtime reachability
results/mcolon/20251208_tmem67_clustering_analysis_n_series_mapping/run_tmem67_clustering.py,exploratory_notebook,metadata_filter_order_model_input_or_unknown_static_hit,.py,"{""inferred_stage_hpf"": 0, ""inferred_stage_hpf_reg"": 0, ""manual_stage_hpf"": 0, ""predicted_stage_hpf"": 2, ""stage_hpf"": 2, ""stage_prediction_status"": 0}",static token hit; inspect source before inferring runtime reachability
results/mcolon/20251209/analyze_b9d2_pairs_qc_staged.py,exploratory_notebook,metadata_filter_order_model_input_or_unknown_static_hit,.py,"{""inferred_stage_hpf"": 0, ""inferred_stage_hpf_reg"": 0, ""manual_stage_hpf"": 0, ""predicted_stage_hpf"": 1, ""stage_hpf"": 1, ""stage_prediction_status"": 0}",static token hit; inspect source before inferring runtime reachability
results/mcolon/20251209/analyze_curvature_colored_by_length.py,exploratory_notebook,metadata_filter_order_model_input_or_unknown_static_hit,.py,"{""inferred_stage_hpf"": 0, ""inferred_stage_hpf_reg"": 0, ""manual_stage_hpf"": 0, ""predicted_stage_hpf"": 1, ""stage_hpf"": 1, ""stage_prediction_status"": 0}",static token hit; inspect source before inferring runtime reachability
results/mcolon/20251209_earliest_predictive_timepoint/horizon_prediction.py,exploratory_notebook,metadata_filter_order_model_input_or_unknown_static_hit,.py,"{""inferred_stage_hpf"": 0, ""inferred_stage_hpf_reg"": 0, ""manual_stage_hpf"": 0, ""predicted_stage_hpf"": 5, ""stage_hpf"": 5, ""stage_prediction_status"": 0}",static token hit; inspect source before inferring runtime reachability
results/mcolon/20251209_earliest_predictive_timepoint/trajectory_trend_classifier.py,exploratory_notebook,metadata_filter_order_model_input_or_unknown_static_hit,.py,"{""inferred_stage_hpf"": 0, ""inferred_stage_hpf_reg"": 0, ""manual_stage_hpf"": 0, ""predicted_stage_hpf"": 1, ""stage_hpf"": 1, ""stage_prediction_status"": 0}",static token hit; inspect source before inferring runtime reachability
results/mcolon/20251210_b9d2_earliest_prediction_analysis/b9d2_prediction_vs_divergence_plot.py,exploratory_notebook,metadata_filter_order_model_input_or_unknown_static_hit,.py,"{""inferred_stage_hpf"": 0, ""inferred_stage_hpf_reg"": 0, ""manual_stage_hpf"": 0, ""predicted_stage_hpf"": 1, ""stage_hpf"": 1, ""stage_prediction_status"": 0}",static token hit; inspect source before inferring runtime reachability
results/mcolon/20251210_b9d2_earliest_prediction_analysis/b9d2_trajectory_classifier.py,exploratory_notebook,metadata_filter_order_model_input_or_unknown_static_hit,.py,"{""inferred_stage_hpf"": 0, ""inferred_stage_hpf_reg"": 0, ""manual_stage_hpf"": 0, ""predicted_stage_hpf"": 1, ""stage_hpf"": 1, ""stage_prediction_status"": 0}",static token hit; inspect source before inferring runtime reachability
results/mcolon/20251210_b9d2_earliest_prediction_analysis/b9d2_trajectory_clustering.py,exploratory_notebook,metadata_filter_order_model_input_or_unknown_static_hit,.py,"{""inferred_stage_hpf"": 0, ""inferred_stage_hpf_reg"": 0, ""manual_stage_hpf"": 0, ""predicted_stage_hpf"": 1, ""stage_hpf"": 1, ""stage_prediction_status"": 0}",static token hit; inspect source before inferring runtime reachability
results/mcolon/20251210_revaluate_cep290_experiments/config.py,exploratory_notebook,configuration_or_fallback,.py,"{""inferred_stage_hpf"": 0, ""inferred_stage_hpf_reg"": 0, ""manual_stage_hpf"": 0, ""predicted_stage_hpf"": 1, ""stage_hpf"": 1, ""stage_prediction_status"": 0}",static token hit; inspect source before inferring runtime reachability
results/mcolon/20251210_variation_decomposition_analysis_cep290/cep290_variance_decomposition.py,exploratory_notebook,metadata_filter_order_model_input_or_unknown_static_hit,.py,"{""inferred_stage_hpf"": 0, ""inferred_stage_hpf_reg"": 0, ""manual_stage_hpf"": 0, ""predicted_stage_hpf"": 1, ""stage_hpf"": 1, ""stage_prediction_status"": 0}",static token hit; inspect source before inferring runtime reachability
results/mcolon/20251210_variation_decomposition_analysis_cep290/cep290_variance_decomposition_v2.py,exploratory_notebook,metadata_filter_order_model_input_or_unknown_static_hit,.py,"{""inferred_stage_hpf"": 0, ""inferred_stage_hpf_reg"": 0, ""manual_stage_hpf"": 0, ""predicted_stage_hpf"": 1, ""stage_hpf"": 1, ""stage_prediction_status"": 0}",static token hit; inspect source before inferring runtime reachability
results/mcolon/20251215_test_updated_pair_plotting/test_deprecation_warnings.py,exploratory_notebook,metadata_filter_order_model_input_or_unknown_static_hit,.py,"{""inferred_stage_hpf"": 0, ""inferred_stage_hpf_reg"": 0, ""manual_stage_hpf"": 0, ""predicted_stage_hpf"": 1, ""stage_hpf"": 1, ""stage_prediction_status"": 0}",static token hit; inspect source before inferring runtime reachability
results/mcolon/20251215_test_updated_pair_plotting/test_refactored_plotting.py,exploratory_notebook,metadata_filter_order_model_input_or_unknown_static_hit,.py,"{""inferred_stage_hpf"": 0, ""inferred_stage_hpf_reg"": 0, ""manual_stage_hpf"": 0, ""predicted_stage_hpf"": 1, ""stage_hpf"": 1, ""stage_prediction_status"": 0}",static token hit; inspect source before inferring runtime reachability
results/mcolon/20251215_test_updated_pair_plotting/test_row_labels.py,exploratory_notebook,metadata_filter_order_model_input_or_unknown_static_hit,.py,"{""inferred_stage_hpf"": 0, ""inferred_stage_hpf_reg"": 0, ""manual_stage_hpf"": 0, ""predicted_stage_hpf"": 1, ""stage_hpf"": 1, ""stage_prediction_status"": 0}",static token hit; inspect source before inferring runtime reachability
results/mcolon/20251216_b9d2_analysis_refactored/analyze_b9d2_refactored.py,exploratory_notebook,metadata_filter_order_model_input_or_unknown_static_hit,.py,"{""inferred_stage_hpf"": 0, ""inferred_stage_hpf_reg"": 0, ""manual_stage_hpf"": 0, ""predicted_stage_hpf"": 1, ""stage_hpf"": 1, ""stage_prediction_status"": 0}",static token hit; inspect source before inferring runtime reachability
results/mcolon/20251218_MD-DTW-morphseq_analysis/md_dtw_prototype.py,exploratory_notebook,metadata_filter_order_model_input_or_unknown_static_hit,.py,"{""inferred_stage_hpf"": 0, ""inferred_stage_hpf_reg"": 0, ""manual_stage_hpf"": 0, ""predicted_stage_hpf"": 4, ""stage_hpf"": 4, ""stage_prediction_status"": 0}",static token hit; inspect source before inferring runtime reachability
results/mcolon/20251218_MD-DTW-morphseq_analysis/run_analysis.py,exploratory_notebook,metadata_filter_order_model_input_or_unknown_static_hit,.py,"{""inferred_stage_hpf"": 0, ""inferred_stage_hpf_reg"": 0, ""manual_stage_hpf"": 0, ""predicted_stage_hpf"": 3, ""stage_hpf"": 3, ""stage_prediction_status"": 0}",static token hit; inspect source before inferring runtime reachability
results/mcolon/20251218_MD-DTW-morphseq_analysis/test_interpolate_multi_df.py,exploratory_notebook,metadata_filter_order_model_input_or_unknown_static_hit,.py,"{""inferred_stage_hpf"": 0, ""inferred_stage_hpf_reg"": 0, ""manual_stage_hpf"": 0, ""predicted_stage_hpf"": 7, ""stage_hpf"": 7, ""stage_prediction_status"": 0}",static token hit; inspect source before inferring runtime reachability
results/mcolon/20251218_MD-DTW-morphseq_analysis/test_md_dtw_functions.py,exploratory_notebook,metadata_filter_order_model_input_or_unknown_static_hit,.py,"{""inferred_stage_hpf"": 0, ""inferred_stage_hpf_reg"": 0, ""manual_stage_hpf"": 0, ""predicted_stage_hpf"": 3, ""stage_hpf"": 3, ""stage_prediction_status"": 0}",static token hit; inspect source before inferring runtime reachability
results/mcolon/20251218_MD-DTW-morphseq_analysis/test_multimetric_plotting.py,exploratory_notebook,metadata_filter_order_model_input_or_unknown_static_hit,.py,"{""inferred_stage_hpf"": 0, ""inferred_stage_hpf_reg"": 0, ""manual_stage_hpf"": 0, ""predicted_stage_hpf"": 2, ""stage_hpf"": 2, ""stage_prediction_status"": 0}",static token hit; inspect source before inferring runtime reachability
results/mcolon/20251219_b9d2_phenotype_extraction/b8d2_phenotype_extraction.ipynb,exploratory_notebook,plot_exploration_or_reporting,.ipynb,"{""inferred_stage_hpf"": 0, ""inferred_stage_hpf_reg"": 0, ""manual_stage_hpf"": 0, ""predicted_stage_hpf"": 18, ""stage_hpf"": 18, ""stage_prediction_status"": 0}",static token hit; inspect source before inferring runtime reachability
results/mcolon/20251219_b9d2_phenotype_extraction/b9d2_phenotypes_labemeeting_20260107.ipynb,exploratory_notebook,plot_exploration_or_reporting,.ipynb,"{""inferred_stage_hpf"": 0, ""inferred_stage_hpf_reg"": 0, ""manual_stage_hpf"": 0, ""predicted_stage_hpf"": 3, ""stage_hpf"": 3, ""stage_prediction_status"": 0}",static token hit; inspect source before inferring runtime reachability
results/mcolon/20251219_b9d2_phenotype_extraction/md_dtw_tutorial.ipynb,exploratory_notebook,plot_exploration_or_reporting,.ipynb,"{""inferred_stage_hpf"": 0, ""inferred_stage_hpf_reg"": 0, ""manual_stage_hpf"": 0, ""predicted_stage_hpf"": 12, ""stage_hpf"": 12, ""stage_prediction_status"": 0}",static token hit; inspect source before inferring runtime reachability
results/mcolon/20251222_improved_consensus_clustering_pipeline/b8d2_phenotype_extraction.ipynb,exploratory_notebook,plot_exploration_or_reporting,.ipynb,"{""inferred_stage_hpf"": 0, ""inferred_stage_hpf_reg"": 0, ""manual_stage_hpf"": 0, ""predicted_stage_hpf"": 3, ""stage_hpf"": 3, ""stage_prediction_status"": 0}",static token hit; inspect source before inferring runtime reachability
results/mcolon/20251222_improved_consensus_clustering_pipeline/test_iqr_vs_knn_filtering.py,exploratory_notebook,metadata_filter_order_model_input_or_unknown_static_hit,.py,"{""inferred_stage_hpf"": 0, ""inferred_stage_hpf_reg"": 0, ""manual_stage_hpf"": 0, ""predicted_stage_hpf"": 2, ""stage_hpf"": 2, ""stage_prediction_status"": 0}",static token hit; inspect source before inferring runtime reachability
results/mcolon/20251222_improved_consensus_clustering_pipeline/test_k_selection_pipeline.py,exploratory_notebook,metadata_filter_order_model_input_or_unknown_static_hit,.py,"{""inferred_stage_hpf"": 0, ""inferred_stage_hpf_reg"": 0, ""manual_stage_hpf"": 0, ""predicted_stage_hpf"": 1, ""stage_hpf"": 1, ""stage_prediction_status"": 0}",static token hit; inspect source before inferring runtime reachability
results/mcolon/20251228_b9d2_phenotype_comparisons/b9d2_cross_experiment_validation.py,exploratory_notebook,metadata_filter_order_model_input_or_unknown_static_hit,.py,"{""inferred_stage_hpf"": 0, ""inferred_stage_hpf_reg"": 0, ""manual_stage_hpf"": 0, ""predicted_stage_hpf"": 1, ""stage_hpf"": 1, ""stage_prediction_status"": 0}",static token hit; inspect source before inferring runtime reachability
results/mcolon/20251228_b9d2_phenotype_comparisons/b9d2_phenotype_comparison.py,exploratory_notebook,metadata_filter_order_model_input_or_unknown_static_hit,.py,"{""inferred_stage_hpf"": 0, ""inferred_stage_hpf_reg"": 0, ""manual_stage_hpf"": 0, ""predicted_stage_hpf"": 1, ""stage_hpf"": 1, ""stage_prediction_status"": 0}",static token hit; inspect source before inferring runtime reachability
results/mcolon/20251228_b9d2_phenotype_comparisons/b9d2_phenotype_distribution_by_pair.py,exploratory_notebook,metadata_filter_order_model_input_or_unknown_static_hit,.py,"{""inferred_stage_hpf"": 0, ""inferred_stage_hpf_reg"": 0, ""manual_stage_hpf"": 0, ""predicted_stage_hpf"": 1, ""stage_hpf"": 1, ""stage_prediction_status"": 0}",static token hit; inspect source before inferring runtime reachability
results/mcolon/20251229_cep290_phenotype_extraction/cep290_phenotype_20251212_early_phenotype_analysis.ipynb,exploratory_notebook,plot_exploration_or_reporting,.ipynb,"{""inferred_stage_hpf"": 0, ""inferred_stage_hpf_reg"": 0, ""manual_stage_hpf"": 0, ""predicted_stage_hpf"": 8, ""stage_hpf"": 8, ""stage_prediction_status"": 0}",static token hit; inspect source before inferring runtime reachability
results/mcolon/20251229_cep290_phenotype_extraction/cep290_phenotype_extraction.ipynb,exploratory_notebook,plot_exploration_or_reporting,.ipynb,"{""inferred_stage_hpf"": 0, ""inferred_stage_hpf_reg"": 0, ""manual_stage_hpf"": 0, ""predicted_stage_hpf"": 32, ""stage_hpf"": 32, ""stage_prediction_status"": 0}",static token hit; inspect source before inferring runtime reachability
results/mcolon/20251230_pca_morphology_analysis/dtw_clustering_analysis.py,exploratory_notebook,metadata_filter_order_model_input_or_unknown_static_hit,.py,"{""inferred_stage_hpf"": 0, ""inferred_stage_hpf_reg"": 0, ""manual_stage_hpf"": 0, ""predicted_stage_hpf"": 1, ""stage_hpf"": 1, ""stage_prediction_status"": 0}",static token hit; inspect source before inferring runtime reachability
results/mcolon/20251230_pca_morphology_analysis/pca_phenotype_analysis.py,exploratory_notebook,metadata_filter_order_model_input_or_unknown_static_hit,.py,"{""inferred_stage_hpf"": 0, ""inferred_stage_hpf_reg"": 0, ""manual_stage_hpf"": 0, ""predicted_stage_hpf"": 2, ""stage_hpf"": 2, ""stage_prediction_status"": 0}",static token hit; inspect source before inferring runtime reachability
results/mcolon/20260102_labmeeting_plots/cep290_cluster_pairwise_comparison.py,exploratory_notebook,metadata_filter_order_model_input_or_unknown_static_hit,.py,"{""inferred_stage_hpf"": 0, ""inferred_stage_hpf_reg"": 0, ""manual_stage_hpf"": 0, ""predicted_stage_hpf"": 1, ""stage_hpf"": 1, ""stage_prediction_status"": 0}",static token hit; inspect source before inferring runtime reachability
results/mcolon/20260102_labmeeting_plots/cep290_curvature_only_analysis.py,exploratory_notebook,metadata_filter_order_model_input_or_unknown_static_hit,.py,"{""inferred_stage_hpf"": 0, ""inferred_stage_hpf_reg"": 0, ""manual_stage_hpf"": 0, ""predicted_stage_hpf"": 1, ""stage_hpf"": 1, ""stage_prediction_status"": 0}",static token hit; inspect source before inferring runtime reachability
results/mcolon/20260102_labmeeting_plots/cep290_per_experiment_analysis.py,exploratory_notebook,metadata_filter_order_model_input_or_unknown_static_hit,.py,"{""inferred_stage_hpf"": 0, ""inferred_stage_hpf_reg"": 0, ""manual_stage_hpf"": 0, ""predicted_stage_hpf"": 2, ""stage_hpf"": 2, ""stage_prediction_status"": 0}",static token hit; inspect source before inferring runtime reachability
results/mcolon/20260102_labmeeting_plots/cep290_per_experiment_analysis_curvuture_only.py,exploratory_notebook,metadata_filter_order_model_input_or_unknown_static_hit,.py,"{""inferred_stage_hpf"": 0, ""inferred_stage_hpf_reg"": 0, ""manual_stage_hpf"": 0, ""predicted_stage_hpf"": 2, ""stage_hpf"": 2, ""stage_prediction_status"": 0}",static token hit; inspect source before inferring runtime reachability
results/mcolon/20260102_labmeeting_plots/cep290_statistical_analysis.py,exploratory_notebook,metadata_filter_order_model_input_or_unknown_static_hit,.py,"{""inferred_stage_hpf"": 0, ""inferred_stage_hpf_reg"": 0, ""manual_stage_hpf"": 0, ""predicted_stage_hpf"": 1, ""stage_hpf"": 1, ""stage_prediction_status"": 0}",static token hit; inspect source before inferring runtime reachability
results/mcolon/20260102_labmeeting_plots/cep290_statistical_analysis_1hr.py,exploratory_notebook,metadata_filter_order_model_input_or_unknown_static_hit,.py,"{""inferred_stage_hpf"": 0, ""inferred_stage_hpf_reg"": 0, ""manual_stage_hpf"": 0, ""predicted_stage_hpf"": 1, ""stage_hpf"": 1, ""stage_prediction_status"": 0}",static token hit; inspect source before inferring runtime reachability
results/mcolon/20260102_labmeeting_plots/comparison_plotting_utils.py,exploratory_notebook,metadata_filter_order_model_input_or_unknown_static_hit,.py,"{""inferred_stage_hpf"": 0, ""inferred_stage_hpf_reg"": 0, ""manual_stage_hpf"": 0, ""predicted_stage_hpf"": 7, ""stage_hpf"": 7, ""stage_prediction_status"": 0}",static token hit; inspect source before inferring runtime reachability
results/mcolon/20260102_labmeeting_plots/plot_cep290_clusters.py,exploratory_notebook,metadata_filter_order_model_input_or_unknown_static_hit,.py,"{""inferred_stage_hpf"": 0, ""inferred_stage_hpf_reg"": 0, ""manual_stage_hpf"": 0, ""predicted_stage_hpf"": 4, ""stage_hpf"": 4, ""stage_prediction_status"": 0}",static token hit; inspect source before inferring runtime reachability
results/mcolon/20260103_dba_refactor/test_dba_plotting.py,exploratory_notebook,metadata_filter_order_model_input_or_unknown_static_hit,.py,"{""inferred_stage_hpf"": 0, ""inferred_stage_hpf_reg"": 0, ""manual_stage_hpf"": 0, ""predicted_stage_hpf"": 4, ""stage_hpf"": 4, ""stage_prediction_status"": 0}",static token hit; inspect source before inferring runtime reachability
results/mcolon/20260103_penetrance_trajectory_calculations/config.py,exploratory_notebook,configuration_or_fallback,.py,"{""inferred_stage_hpf"": 0, ""inferred_stage_hpf_reg"": 0, ""manual_stage_hpf"": 0, ""predicted_stage_hpf"": 1, ""stage_hpf"": 1, ""stage_prediction_status"": 0}",static token hit; inspect source before inferring runtime reachability
results/mcolon/20260104_tmem67_cluster_projection_to_cep290/plot_projection_results.py,exploratory_notebook,metadata_filter_order_model_input_or_unknown_static_hit,.py,"{""inferred_stage_hpf"": 0, ""inferred_stage_hpf_reg"": 0, ""manual_stage_hpf"": 0, ""predicted_stage_hpf"": 1, ""stage_hpf"": 1, ""stage_prediction_status"": 0}",static token hit; inspect source before inferring runtime reachability
results/mcolon/20260104_tmem67_cluster_projection_to_cep290/plot_tmem67_by_genotype_and_cluster.py,exploratory_notebook,metadata_filter_order_model_input_or_unknown_static_hit,.py,"{""inferred_stage_hpf"": 0, ""inferred_stage_hpf_reg"": 0, ""manual_stage_hpf"": 0, ""predicted_stage_hpf"": 1, ""stage_hpf"": 1, ""stage_prediction_status"": 0}",static token hit; inspect source before inferring runtime reachability
results/mcolon/20260104_tmem67_cluster_projection_to_cep290/run_projection.py,exploratory_notebook,metadata_filter_order_model_input_or_unknown_static_hit,.py,"{""inferred_stage_hpf"": 0, ""inferred_stage_hpf_reg"": 0, ""manual_stage_hpf"": 0, ""predicted_stage_hpf"": 2, ""stage_hpf"": 2, ""stage_prediction_status"": 0}",static token hit; inspect source before inferring runtime reachability
results/mcolon/20260105_refined_embedding_and_metric_classification/b9d2_multiclass_analysis.py,exploratory_notebook,metadata_filter_order_model_input_or_unknown_static_hit,.py,"{""inferred_stage_hpf"": 0, ""inferred_stage_hpf_reg"": 0, ""manual_stage_hpf"": 0, ""predicted_stage_hpf"": 2, ""stage_hpf"": 2, ""stage_prediction_status"": 0}",static token hit; inspect source before inferring runtime reachability
results/mcolon/20260105_refined_embedding_and_metric_classification/cep290_minimal_confound_check.py,exploratory_notebook,metadata_filter_order_model_input_or_unknown_static_hit,.py,"{""inferred_stage_hpf"": 0, ""inferred_stage_hpf_reg"": 0, ""manual_stage_hpf"": 0, ""predicted_stage_hpf"": 2, ""stage_hpf"": 2, ""stage_prediction_status"": 0}",static token hit; inspect source before inferring runtime reachability
results/mcolon/20260105_refined_embedding_and_metric_classification/cep290_validation_analysis.py,exploratory_notebook,metadata_filter_order_model_input_or_unknown_static_hit,.py,"{""inferred_stage_hpf"": 0, ""inferred_stage_hpf_reg"": 0, ""manual_stage_hpf"": 0, ""predicted_stage_hpf"": 4, ""stage_hpf"": 4, ""stage_prediction_status"": 0}",static token hit; inspect source before inferring runtime reachability
results/mcolon/20260105_refined_embedding_and_metric_classification/qc_development/validate_12hpf_signal.py,exploratory_notebook,metadata_filter_order_model_input_or_unknown_static_hit,.py,"{""inferred_stage_hpf"": 0, ""inferred_stage_hpf_reg"": 0, ""manual_stage_hpf"": 0, ""predicted_stage_hpf"": 3, ""stage_hpf"": 3, ""stage_prediction_status"": 0}",static token hit; inspect source before inferring runtime reachability
results/mcolon/20260105_refined_embedding_and_metric_classification/qc_development/validate_genotype_comparisons.py,exploratory_notebook,metadata_filter_order_model_input_or_unknown_static_hit,.py,"{""inferred_stage_hpf"": 0, ""inferred_stage_hpf_reg"": 0, ""manual_stage_hpf"": 0, ""predicted_stage_hpf"": 1, ""stage_hpf"": 1, ""stage_prediction_status"": 0}",static token hit; inspect source before inferring runtime reachability
results/mcolon/20260105_refined_embedding_and_metric_classification/qc_development/validate_zscore_divergence.py,exploratory_notebook,metadata_filter_order_model_input_or_unknown_static_hit,.py,"{""inferred_stage_hpf"": 0, ""inferred_stage_hpf_reg"": 0, ""manual_stage_hpf"": 0, ""predicted_stage_hpf"": 3, ""stage_hpf"": 3, ""stage_prediction_status"": 0}",static token hit; inspect source before inferring runtime reachability
results/mcolon/20260105_refined_embedding_and_metric_classification/utils/divergence.py,exploratory_notebook,metadata_filter_order_model_input_or_unknown_static_hit,.py,"{""inferred_stage_hpf"": 0, ""inferred_stage_hpf_reg"": 0, ""manual_stage_hpf"": 0, ""predicted_stage_hpf"": 2, ""stage_hpf"": 2, ""stage_prediction_status"": 0}",static token hit; inspect source before inferring runtime reachability
results/mcolon/20260105_refined_embedding_and_metric_classification/utils/plotting.py,exploratory_notebook,metadata_filter_order_model_input_or_unknown_static_hit,.py,"{""inferred_stage_hpf"": 0, ""inferred_stage_hpf_reg"": 0, ""manual_stage_hpf"": 0, ""predicted_stage_hpf"": 2, ""stage_hpf"": 2, ""stage_prediction_status"": 0}",static token hit; inspect source before inferring runtime reachability
results/mcolon/20260105_refined_embedding_and_metric_classification/utils/plotting_functions.py,exploratory_notebook,metadata_filter_order_model_input_or_unknown_static_hit,.py,"{""inferred_stage_hpf"": 0, ""inferred_stage_hpf_reg"": 0, ""manual_stage_hpf"": 0, ""predicted_stage_hpf"": 1, ""stage_hpf"": 1, ""stage_prediction_status"": 0}",static token hit; inspect source before inferring runtime reachability
results/mcolon/20260105_refined_embedding_and_metric_classification/utils/plotting_schemas.py,exploratory_notebook,metadata_filter_order_model_input_or_unknown_static_hit,.py,"{""inferred_stage_hpf"": 0, ""inferred_stage_hpf_reg"": 0, ""manual_stage_hpf"": 0, ""predicted_stage_hpf"": 1, ""stage_hpf"": 1, ""stage_prediction_status"": 0}",static token hit; inspect source before inferring runtime reachability
results/mcolon/20260105_refined_embedding_and_metric_classification/utils/preprocessing.py,exploratory_notebook,metadata_filter_order_model_input_or_unknown_static_hit,.py,"{""inferred_stage_hpf"": 0, ""inferred_stage_hpf_reg"": 0, ""manual_stage_hpf"": 0, ""predicted_stage_hpf"": 2, ""stage_hpf"": 2, ""stage_prediction_status"": 0}",static token hit; inspect source before inferring runtime reachability
results/mcolon/20260121_uot-mvp/debug_uot_params.py,exploratory_notebook,metadata_filter_order_model_input_or_unknown_static_hit,.py,"{""inferred_stage_hpf"": 0, ""inferred_stage_hpf_reg"": 0, ""manual_stage_hpf"": 0, ""predicted_stage_hpf"": 5, ""stage_hpf"": 5, ""stage_prediction_status"": 0}",static token hit; inspect source before inferring runtime reachability
results/mcolon/20260121_uot-mvp/run_consecutive_frames.py,exploratory_notebook,metadata_filter_order_model_input_or_unknown_static_hit,.py,"{""inferred_stage_hpf"": 0, ""inferred_stage_hpf_reg"": 0, ""manual_stage_hpf"": 0, ""predicted_stage_hpf"": 1, ""stage_hpf"": 1, ""stage_prediction_status"": 0}",static token hit; inspect source before inferring runtime reachability
results/mcolon/20260121_uot-mvp/run_cross_embryo_comparison.py,exploratory_notebook,metadata_filter_order_model_input_or_unknown_static_hit,.py,"{""inferred_stage_hpf"": 0, ""inferred_stage_hpf_reg"": 0, ""manual_stage_hpf"": 0, ""predicted_stage_hpf"": 9, ""stage_hpf"": 9, ""stage_prediction_status"": 0}",static token hit; inspect source before inferring runtime reachability
results/mcolon/20260127_create_src_analyze_tutorial/01_debug_feature_overtime.py,exploratory_notebook,metadata_filter_order_model_input_or_unknown_static_hit,.py,"{""inferred_stage_hpf"": 0, ""inferred_stage_hpf_reg"": 0, ""manual_stage_hpf"": 0, ""predicted_stage_hpf"": 1, ""stage_hpf"": 1, ""stage_prediction_status"": 0}",static token hit; inspect source before inferring runtime reachability
results/mcolon/20260127_create_src_analyze_tutorial/03_dtw_clustering.py,exploratory_notebook,metadata_filter_order_model_input_or_unknown_static_hit,.py,"{""inferred_stage_hpf"": 0, ""inferred_stage_hpf_reg"": 0, ""manual_stage_hpf"": 0, ""predicted_stage_hpf"": 5, ""stage_hpf"": 5, ""stage_prediction_status"": 0}",static token hit; inspect source before inferring runtime reachability
results/mcolon/20260127_create_src_analyze_tutorial/04_cluster_projection.py,exploratory_notebook,metadata_filter_order_model_input_or_unknown_static_hit,.py,"{""inferred_stage_hpf"": 0, ""inferred_stage_hpf_reg"": 0, ""manual_stage_hpf"": 0, ""predicted_stage_hpf"": 11, ""stage_hpf"": 11, ""stage_prediction_status"": 0}",static token hit; inspect source before inferring runtime reachability
results/mcolon/20260127_create_src_analyze_tutorial/05_projection_splines.py,exploratory_notebook,metadata_filter_order_model_input_or_unknown_static_hit,.py,"{""inferred_stage_hpf"": 0, ""inferred_stage_hpf_reg"": 0, ""manual_stage_hpf"": 0, ""predicted_stage_hpf"": 1, ""stage_hpf"": 1, ""stage_prediction_status"": 0}",static token hit; inspect source before inferring runtime reachability
results/mcolon/20260127_create_src_analyze_tutorial/05b_generate_3d_plots.py,exploratory_notebook,metadata_filter_order_model_input_or_unknown_static_hit,.py,"{""inferred_stage_hpf"": 0, ""inferred_stage_hpf_reg"": 0, ""manual_stage_hpf"": 0, ""predicted_stage_hpf"": 4, ""stage_hpf"": 4, ""stage_prediction_status"": 0}",static token hit; inspect source before inferring runtime reachability
results/mcolon/20260127_create_src_analyze_tutorial/05c_fix_spline_fitting.py,exploratory_notebook,metadata_filter_order_model_input_or_unknown_static_hit,.py,"{""inferred_stage_hpf"": 0, ""inferred_stage_hpf_reg"": 0, ""manual_stage_hpf"": 0, ""predicted_stage_hpf"": 8, ""stage_hpf"": 8, ""stage_prediction_status"": 0}",static token hit; inspect source before inferring runtime reachability
results/mcolon/20260127_create_src_analyze_tutorial/05d_simple_trajectory_plots.py,exploratory_notebook,metadata_filter_order_model_input_or_unknown_static_hit,.py,"{""inferred_stage_hpf"": 0, ""inferred_stage_hpf_reg"": 0, ""manual_stage_hpf"": 0, ""predicted_stage_hpf"": 7, ""stage_hpf"": 7, ""stage_prediction_status"": 0}",static token hit; inspect source before inferring runtime reachability
results/mcolon/20260127_create_src_analyze_tutorial/05e_test_spline_parameters.py,exploratory_notebook,metadata_filter_order_model_input_or_unknown_static_hit,.py,"{""inferred_stage_hpf"": 0, ""inferred_stage_hpf_reg"": 0, ""manual_stage_hpf"": 0, ""predicted_stage_hpf"": 4, ""stage_hpf"": 4, ""stage_prediction_status"": 0}",static token hit; inspect source before inferring runtime reachability
results/mcolon/20260127_create_src_analyze_tutorial/05f_splines_with_fixed_wrapper.py,exploratory_notebook,metadata_filter_order_model_input_or_unknown_static_hit,.py,"{""inferred_stage_hpf"": 0, ""inferred_stage_hpf_reg"": 0, ""manual_stage_hpf"": 0, ""predicted_stage_hpf"": 3, ""stage_hpf"": 3, ""stage_prediction_status"": 0}",static token hit; inspect source before inferring runtime reachability
results/mcolon/20260127_create_src_analyze_tutorial/05g_pca_splines_fast.py,exploratory_notebook,metadata_filter_order_model_input_or_unknown_static_hit,.py,"{""inferred_stage_hpf"": 0, ""inferred_stage_hpf_reg"": 0, ""manual_stage_hpf"": 0, ""predicted_stage_hpf"": 2, ""stage_hpf"": 2, ""stage_prediction_status"": 0}",static token hit; inspect source before inferring runtime reachability
results/mcolon/20260127_create_src_analyze_tutorial/06_projection_classification_test.py,exploratory_notebook,metadata_filter_order_model_input_or_unknown_static_hit,.py,"{""inferred_stage_hpf"": 0, ""inferred_stage_hpf_reg"": 0, ""manual_stage_hpf"": 0, ""predicted_stage_hpf"": 3, ""stage_hpf"": 3, ""stage_prediction_status"": 0}",static token hit; inspect source before inferring runtime reachability
results/mcolon/20260127_create_src_analyze_tutorial/_archive_b9d2_tutorial/07_spline_per_cluster.py,exploratory_notebook,metadata_filter_order_model_input_or_unknown_static_hit,.py,"{""inferred_stage_hpf"": 0, ""inferred_stage_hpf_reg"": 0, ""manual_stage_hpf"": 0, ""predicted_stage_hpf"": 1, ""stage_hpf"": 1, ""stage_prediction_status"": 0}",static token hit; inspect source before inferring runtime reachability
results/mcolon/20260127_create_src_analyze_tutorial/_investigation_dtw_methods/04b_compare_clustering_methods.py,exploratory_notebook,metadata_filter_order_model_input_or_unknown_static_hit,.py,"{""inferred_stage_hpf"": 0, ""inferred_stage_hpf_reg"": 0, ""manual_stage_hpf"": 0, ""predicted_stage_hpf"": 5, ""stage_hpf"": 5, ""stage_prediction_status"": 0}",static token hit; inspect source before inferring runtime reachability
results/mcolon/20260127_create_src_analyze_tutorial/_investigation_dtw_methods/04c_distance_matrix_test.py,exploratory_notebook,metadata_filter_order_model_input_or_unknown_static_hit,.py,"{""inferred_stage_hpf"": 0, ""inferred_stage_hpf_reg"": 0, ""manual_stage_hpf"": 0, ""predicted_stage_hpf"": 32, ""stage_hpf"": 32, ""stage_prediction_status"": 0}",static token hit; inspect source before inferring runtime reachability
results/mcolon/20260127_create_src_analyze_tutorial/_investigation_dtw_methods/04d_direct_distance_comparison.py,exploratory_notebook,metadata_filter_order_model_input_or_unknown_static_hit,.py,"{""inferred_stage_hpf"": 0, ""inferred_stage_hpf_reg"": 0, ""manual_stage_hpf"": 0, ""predicted_stage_hpf"": 18, ""stage_hpf"": 18, ""stage_prediction_status"": 0}",static token hit; inspect source before inferring runtime reachability
results/mcolon/20260127_create_src_analyze_tutorial/_investigation_dtw_methods/04e_normalization_alternatives.py,exploratory_notebook,metadata_filter_order_model_input_or_unknown_static_hit,.py,"{""inferred_stage_hpf"": 0, ""inferred_stage_hpf_reg"": 0, ""manual_stage_hpf"": 0, ""predicted_stage_hpf"": 20, ""stage_hpf"": 20, ""stage_prediction_status"": 0}",static token hit; inspect source before inferring runtime reachability
results/mcolon/20260127_create_src_analyze_tutorial/_investigation_dtw_methods/04f_clustering_normalization_test.py,exploratory_notebook,metadata_filter_order_model_input_or_unknown_static_hit,.py,"{""inferred_stage_hpf"": 0, ""inferred_stage_hpf_reg"": 0, ""manual_stage_hpf"": 0, ""predicted_stage_hpf"": 2, ""stage_hpf"": 2, ""stage_prediction_status"": 0}",static token hit; inspect source before inferring runtime reachability
results/mcolon/20260127_create_src_analyze_tutorial/_investigation_dtw_methods/04g_per_metric_dtw_combination.py,exploratory_notebook,metadata_filter_order_model_input_or_unknown_static_hit,.py,"{""inferred_stage_hpf"": 0, ""inferred_stage_hpf_reg"": 0, ""manual_stage_hpf"": 0, ""predicted_stage_hpf"": 3, ""stage_hpf"": 3, ""stage_prediction_status"": 0}",static token hit; inspect source before inferring runtime reachability
results/mcolon/20260127_create_src_analyze_tutorial/_investigation_dtw_methods/04h_cross_experiment_validation.py,exploratory_notebook,metadata_filter_order_model_input_or_unknown_static_hit,.py,"{""inferred_stage_hpf"": 0, ""inferred_stage_hpf_reg"": 0, ""manual_stage_hpf"": 0, ""predicted_stage_hpf"": 7, ""stage_hpf"": 7, ""stage_prediction_status"": 0}",static token hit; inspect source before inferring runtime reachability
results/mcolon/20260127_create_src_analyze_tutorial/cep290_tutorial_notebook.py,exploratory_notebook,metadata_filter_order_model_input_or_unknown_static_hit,.py,"{""inferred_stage_hpf"": 0, ""inferred_stage_hpf_reg"": 0, ""manual_stage_hpf"": 0, ""predicted_stage_hpf"": 8, ""stage_hpf"": 8, ""stage_prediction_status"": 0}",static token hit; inspect source before inferring runtime reachability
results/mcolon/20260127_create_src_analyze_tutorial/debug_lpc_fitting.py,exploratory_notebook,metadata_filter_order_model_input_or_unknown_static_hit,.py,"{""inferred_stage_hpf"": 0, ""inferred_stage_hpf_reg"": 0, ""manual_stage_hpf"": 0, ""predicted_stage_hpf"": 1, ""stage_hpf"": 1, ""stage_prediction_status"": 0}",static token hit; inspect source before inferring runtime reachability
results/mcolon/20260127_create_src_analyze_tutorial/debug_spline_fitting.py,exploratory_notebook,metadata_filter_order_model_input_or_unknown_static_hit,.py,"{""inferred_stage_hpf"": 0, ""inferred_stage_hpf_reg"": 0, ""manual_stage_hpf"": 0, ""predicted_stage_hpf"": 4, ""stage_hpf"": 4, ""stage_prediction_status"": 0}",static token hit; inspect source before inferring runtime reachability
results/mcolon/20260127_create_src_analyze_tutorial/pca_debug.py,exploratory_notebook,metadata_filter_order_model_input_or_unknown_static_hit,.py,"{""inferred_stage_hpf"": 0, ""inferred_stage_hpf_reg"": 0, ""manual_stage_hpf"": 0, ""predicted_stage_hpf"": 8, ""stage_hpf"": 8, ""stage_prediction_status"": 0}",static token hit; inspect source before inferring runtime reachability
results/mcolon/20260207_analyze_sco_foxj1a_ift88_ift81-74_multiperwell_ms_experiment/01_plot_20260202_genotype_trends.py,exploratory_notebook,metadata_filter_order_model_input_or_unknown_static_hit,.py,"{""inferred_stage_hpf"": 0, ""inferred_stage_hpf_reg"": 0, ""manual_stage_hpf"": 0, ""predicted_stage_hpf"": 1, ""stage_hpf"": 1, ""stage_prediction_status"": 0}",static token hit; inspect source before inferring runtime reachability
results/mcolon/20260213_scope_usage_report/scope_usage_report.py,exploratory_notebook,plot_exploration_or_reporting,.py,"{""inferred_stage_hpf"": 0, ""inferred_stage_hpf_reg"": 0, ""manual_stage_hpf"": 0, ""predicted_stage_hpf"": 2, ""stage_hpf"": 2, ""stage_prediction_status"": 0}",static token hit; inspect source before inferring runtime reachability
results/mcolon/20260213_subtle_phenotype_localization_ot/scripts/00_select_reference_and_load_data.py,exploratory_notebook,metadata_filter_order_model_input_or_unknown_static_hit,.py,"{""inferred_stage_hpf"": 0, ""inferred_stage_hpf_reg"": 0, ""manual_stage_hpf"": 0, ""predicted_stage_hpf"": 0, ""stage_hpf"": 11, ""stage_prediction_status"": 0}",static token hit; inspect source before inferring runtime reachability
results/mcolon/20260213_subtle_phenotype_methods/input_data/build_standardized_inputs.py,exploratory_notebook,metadata_filter_order_model_input_or_unknown_static_hit,.py,"{""inferred_stage_hpf"": 0, ""inferred_stage_hpf_reg"": 0, ""manual_stage_hpf"": 0, ""predicted_stage_hpf"": 1, ""stage_hpf"": 1, ""stage_prediction_status"": 0}",static token hit; inspect source before inferring runtime reachability
results/mcolon/20260213_subtle_phenotype_methods/load_validation_data.py,exploratory_notebook,metadata_filter_order_model_input_or_unknown_static_hit,.py,"{""inferred_stage_hpf"": 0, ""inferred_stage_hpf_reg"": 0, ""manual_stage_hpf"": 0, ""predicted_stage_hpf"": 3, ""stage_hpf"": 3, ""stage_prediction_status"": 0}",static token hit; inspect source before inferring runtime reachability
results/mcolon/20260213_subtle_phenotype_methods/phase1_resampling_smoke.py,exploratory_notebook,metadata_filter_order_model_input_or_unknown_static_hit,.py,"{""inferred_stage_hpf"": 0, ""inferred_stage_hpf_reg"": 0, ""manual_stage_hpf"": 0, ""predicted_stage_hpf"": 3, ""stage_hpf"": 3, ""stage_prediction_status"": 0}",static token hit; inspect source before inferring runtime reachability
results/mcolon/20260213_subtle_phenotype_methods/run_embryo_first_persistence.py,exploratory_notebook,metadata_filter_order_model_input_or_unknown_static_hit,.py,"{""inferred_stage_hpf"": 0, ""inferred_stage_hpf_reg"": 0, ""manual_stage_hpf"": 0, ""predicted_stage_hpf"": 4, ""stage_hpf"": 4, ""stage_prediction_status"": 0}",static token hit; inspect source before inferring runtime reachability
results/mcolon/20260215_roi_discovery_via_ot_feature_maps/scripts/SIMPLE_CHECK.py,exploratory_notebook,metadata_filter_order_model_input_or_unknown_static_hit,.py,"{""inferred_stage_hpf"": 0, ""inferred_stage_hpf_reg"": 0, ""manual_stage_hpf"": 0, ""predicted_stage_hpf"": 4, ""stage_hpf"": 4, ""stage_prediction_status"": 0}",static token hit; inspect source before inferring runtime reachability
results/mcolon/20260215_roi_discovery_via_ot_feature_maps/scripts/debug_mask_pipeline.py,exploratory_notebook,metadata_filter_order_model_input_or_unknown_static_hit,.py,"{""inferred_stage_hpf"": 0, ""inferred_stage_hpf_reg"": 0, ""manual_stage_hpf"": 0, ""predicted_stage_hpf"": 1, ""stage_hpf"": 1, ""stage_prediction_status"": 0}",static token hit; inspect source before inferring runtime reachability
results/mcolon/20260215_roi_discovery_via_ot_feature_maps/scripts/debug_masks.py,exploratory_notebook,metadata_filter_order_model_input_or_unknown_static_hit,.py,"{""inferred_stage_hpf"": 0, ""inferred_stage_hpf_reg"": 0, ""manual_stage_hpf"": 0, ""predicted_stage_hpf"": 6, ""stage_hpf"": 6, ""stage_prediction_status"": 0}",static token hit; inspect source before inferring runtime reachability
results/mcolon/20260215_roi_discovery_via_ot_feature_maps/scripts/debug_sampling.py,exploratory_notebook,metadata_filter_order_model_input_or_unknown_static_hit,.py,"{""inferred_stage_hpf"": 0, ""inferred_stage_hpf_reg"": 0, ""manual_stage_hpf"": 0, ""predicted_stage_hpf"": 5, ""stage_hpf"": 5, ""stage_prediction_status"": 0}",static token hit; inspect source before inferring runtime reachability
results/mcolon/20260215_roi_discovery_via_ot_feature_maps/scripts/s01_select_reference_mask.py,exploratory_notebook,metadata_filter_order_model_input_or_unknown_static_hit,.py,"{""inferred_stage_hpf"": 0, ""inferred_stage_hpf_reg"": 0, ""manual_stage_hpf"": 0, ""predicted_stage_hpf"": 9, ""stage_hpf"": 13, ""stage_prediction_status"": 0}",static token hit; inspect source before inferring runtime reachability
results/mcolon/20260215_roi_discovery_via_ot_feature_maps/scripts/s01b_visualize_masks.py,exploratory_notebook,metadata_filter_order_model_input_or_unknown_static_hit,.py,"{""inferred_stage_hpf"": 0, ""inferred_stage_hpf_reg"": 0, ""manual_stage_hpf"": 0, ""predicted_stage_hpf"": 4, ""stage_hpf"": 4, ""stage_prediction_status"": 0}",static token hit; inspect source before inferring runtime reachability
results/mcolon/20260215_roi_discovery_via_ot_feature_maps/scripts/s02_compute_ot_features.py,exploratory_notebook,metadata_filter_order_model_input_or_unknown_static_hit,.py,"{""inferred_stage_hpf"": 0, ""inferred_stage_hpf_reg"": 0, ""manual_stage_hpf"": 0, ""predicted_stage_hpf"": 7, ""stage_hpf"": 9, ""stage_prediction_status"": 0}",static token hit; inspect source before inferring runtime reachability
results/mcolon/20260215_roi_discovery_via_ot_feature_maps/scripts/s02_run_phase0.py,exploratory_notebook,metadata_filter_order_model_input_or_unknown_static_hit,.py,"{""inferred_stage_hpf"": 0, ""inferred_stage_hpf_reg"": 0, ""manual_stage_hpf"": 0, ""predicted_stage_hpf"": 8, ""stage_hpf"": 11, ""stage_prediction_status"": 0}",static token hit; inspect source before inferring runtime reachability
results/mcolon/20260215_roi_discovery_via_ot_feature_maps/scripts/verify_genotypes.py,exploratory_notebook,metadata_filter_order_model_input_or_unknown_static_hit,.py,"{""inferred_stage_hpf"": 0, ""inferred_stage_hpf_reg"": 0, ""manual_stage_hpf"": 0, ""predicted_stage_hpf"": 4, ""stage_hpf"": 4, ""stage_prediction_status"": 0}",static token hit; inspect source before inferring runtime reachability
results/mcolon/20260216_canonical_aligner_debug/debug_aligner.py,exploratory_notebook,metadata_filter_order_model_input_or_unknown_static_hit,.py,"{""inferred_stage_hpf"": 0, ""inferred_stage_hpf_reg"": 0, ""manual_stage_hpf"": 0, ""predicted_stage_hpf"": 4, ""stage_hpf"": 5, ""stage_prediction_status"": 0}",static token hit; inspect source before inferring runtime reachability
results/mcolon/20260216_canonical_aligner_debug/debug_alignment.py,exploratory_notebook,metadata_filter_order_model_input_or_unknown_static_hit,.py,"{""inferred_stage_hpf"": 0, ""inferred_stage_hpf_reg"": 0, ""manual_stage_hpf"": 0, ""predicted_stage_hpf"": 1, ""stage_hpf"": 1, ""stage_prediction_status"": 0}",static token hit; inspect source before inferring runtime reachability
results/mcolon/20260216_canonical_aligner_debug/debug_alignment_by_embryo_id.py,exploratory_notebook,metadata_filter_order_model_input_or_unknown_static_hit,.py,"{""inferred_stage_hpf"": 0, ""inferred_stage_hpf_reg"": 0, ""manual_stage_hpf"": 0, ""predicted_stage_hpf"": 2, ""stage_hpf"": 3, ""stage_prediction_status"": 0}",static token hit; inspect source before inferring runtime reachability
results/mcolon/20260216_canonical_aligner_debug/debug_alignment_pairs.py,exploratory_notebook,metadata_filter_order_model_input_or_unknown_static_hit,.py,"{""inferred_stage_hpf"": 0, ""inferred_stage_hpf_reg"": 0, ""manual_stage_hpf"": 0, ""predicted_stage_hpf"": 2, ""stage_hpf"": 2, ""stage_prediction_status"": 0}",static token hit; inspect source before inferring runtime reachability
results/mcolon/20260216_canonical_aligner_debug/debug_coarse_scoring_fix.py,exploratory_notebook,metadata_filter_order_model_input_or_unknown_static_hit,.py,"{""inferred_stage_hpf"": 0, ""inferred_stage_hpf_reg"": 0, ""manual_stage_hpf"": 0, ""predicted_stage_hpf"": 1, ""stage_hpf"": 1, ""stage_prediction_status"": 0}",static token hit; inspect source before inferring runtime reachability
results/mcolon/20260216_canonical_aligner_debug/debug_phase0_samples_012_013.py,exploratory_notebook,metadata_filter_order_model_input_or_unknown_static_hit,.py,"{""inferred_stage_hpf"": 0, ""inferred_stage_hpf_reg"": 0, ""manual_stage_hpf"": 0, ""predicted_stage_hpf"": 1, ""stage_hpf"": 1, ""stage_prediction_status"": 0}",static token hit; inspect source before inferring runtime reachability
results/mcolon/20260216_canonical_aligner_debug/debug_tuple_conversion.py,exploratory_notebook,metadata_filter_order_model_input_or_unknown_static_hit,.py,"{""inferred_stage_hpf"": 0, ""inferred_stage_hpf_reg"": 0, ""manual_stage_hpf"": 0, ""predicted_stage_hpf"": 1, ""stage_hpf"": 1, ""stage_prediction_status"": 0}",static token hit; inspect source before inferring runtime reachability
results/mcolon/20260216_canonical_aligner_debug/debug_yolk_pivot_rotation.py,exploratory_notebook,metadata_filter_order_model_input_or_unknown_static_hit,.py,"{""inferred_stage_hpf"": 0, ""inferred_stage_hpf_reg"": 0, ""manual_stage_hpf"": 0, ""predicted_stage_hpf"": 1, ""stage_hpf"": 1, ""stage_prediction_status"": 0}",static token hit; inspect source before inferring runtime reachability
results/mcolon/20260222_dev_consistently_misclassified_embryos/run_allpairs_corridor_followup.py,exploratory_notebook,metadata_filter_order_model_input_or_unknown_static_hit,.py,"{""inferred_stage_hpf"": 0, ""inferred_stage_hpf_reg"": 0, ""manual_stage_hpf"": 0, ""predicted_stage_hpf"": 1, ""stage_hpf"": 1, ""stage_prediction_status"": 0}",static token hit; inspect source before inferring runtime reachability
results/mcolon/20260222_dev_consistently_misclassified_embryos/run_cep290_stage_geometry.py,exploratory_notebook,metadata_filter_order_model_input_or_unknown_static_hit,.py,"{""inferred_stage_hpf"": 0, ""inferred_stage_hpf_reg"": 0, ""manual_stage_hpf"": 0, ""predicted_stage_hpf"": 1, ""stage_hpf"": 1, ""stage_prediction_status"": 0}",static token hit; inspect source before inferring runtime reachability
results/mcolon/20260302_NWDB_talk_figures_analysis/01_run_reference_genotype_classification_curvature.py,exploratory_notebook,metadata_filter_order_model_input_or_unknown_static_hit,.py,"{""inferred_stage_hpf"": 0, ""inferred_stage_hpf_reg"": 0, ""manual_stage_hpf"": 0, ""predicted_stage_hpf"": 5, ""stage_hpf"": 5, ""stage_prediction_status"": 0}",static token hit; inspect source before inferring runtime reachability
results/mcolon/20260302_NWDB_talk_figures_analysis/02_run_reference_genotype_condensation.py,exploratory_notebook,metadata_filter_order_model_input_or_unknown_static_hit,.py,"{""inferred_stage_hpf"": 0, ""inferred_stage_hpf_reg"": 0, ""manual_stage_hpf"": 0, ""predicted_stage_hpf"": 1, ""stage_hpf"": 1, ""stage_prediction_status"": 0}",static token hit; inspect source before inferring runtime reachability
results/mcolon/20260302_NWDB_talk_figures_analysis/07_plot_phenotype_distribution_by_pair.py,exploratory_notebook,metadata_filter_order_model_input_or_unknown_static_hit,.py,"{""inferred_stage_hpf"": 0, ""inferred_stage_hpf_reg"": 0, ""manual_stage_hpf"": 0, ""predicted_stage_hpf"": 2, ""stage_hpf"": 2, ""stage_prediction_status"": 0}",static token hit; inspect source before inferring runtime reachability
results/mcolon/20260302_NWDB_talk_figures_analysis/10_plot_curvature_het_vs_wt.py,exploratory_notebook,metadata_filter_order_model_input_or_unknown_static_hit,.py,"{""inferred_stage_hpf"": 0, ""inferred_stage_hpf_reg"": 0, ""manual_stage_hpf"": 0, ""predicted_stage_hpf"": 2, ""stage_hpf"": 2, ""stage_prediction_status"": 0}",static token hit; inspect source before inferring runtime reachability
results/mcolon/20260302_NWDB_talk_figures_analysis/cep290_reference_figures.ipynb,exploratory_notebook,plot_exploration_or_reporting,.ipynb,"{""inferred_stage_hpf"": 0, ""inferred_stage_hpf_reg"": 0, ""manual_stage_hpf"": 0, ""predicted_stage_hpf"": 8, ""stage_hpf"": 8, ""stage_prediction_status"": 0}",static token hit; inspect source before inferring runtime reachability
results/mcolon/20260302_NWDB_talk_figures_analysis/cep290_tutorial_notebook copy.ipynb,exploratory_notebook,plot_exploration_or_reporting,.ipynb,"{""inferred_stage_hpf"": 0, ""inferred_stage_hpf_reg"": 0, ""manual_stage_hpf"": 0, ""predicted_stage_hpf"": 6, ""stage_hpf"": 6, ""stage_prediction_status"": 0}",static token hit; inspect source before inferring runtime reachability
results/mcolon/20260302_NWDB_talk_figures_analysis/cep290_tutorial_notebook.ipynb,exploratory_notebook,plot_exploration_or_reporting,.ipynb,"{""inferred_stage_hpf"": 0, ""inferred_stage_hpf_reg"": 0, ""manual_stage_hpf"": 0, ""predicted_stage_hpf"": 8, ""stage_hpf"": 8, ""stage_prediction_status"": 0}",static token hit; inspect source before inferring runtime reachability
results/mcolon/20260302_NWDB_talk_figures_analysis/explore_plate_timelapse_candidates.py,exploratory_notebook,metadata_filter_order_model_input_or_unknown_static_hit,.py,"{""inferred_stage_hpf"": 0, ""inferred_stage_hpf_reg"": 0, ""manual_stage_hpf"": 0, ""predicted_stage_hpf"": 4, ""stage_hpf"": 4, ""stage_prediction_status"": 0}",static token hit; inspect source before inferring runtime reachability
results/mcolon/20260302_NWDB_talk_figures_analysis/make_not_penetrant_candidate_track_images.py,exploratory_notebook,metadata_filter_order_model_input_or_unknown_static_hit,.py,"{""inferred_stage_hpf"": 0, ""inferred_stage_hpf_reg"": 0, ""manual_stage_hpf"": 0, ""predicted_stage_hpf"": 11, ""stage_hpf"": 11, ""stage_prediction_status"": 0}",static token hit; inspect source before inferring runtime reachability
results/mcolon/20260302_NWDB_talk_figures_analysis/make_nwdb_curvature_animation.py,exploratory_notebook,metadata_filter_order_model_input_or_unknown_static_hit,.py,"{""inferred_stage_hpf"": 0, ""inferred_stage_hpf_reg"": 0, ""manual_stage_hpf"": 0, ""predicted_stage_hpf"": 21, ""stage_hpf"": 21, ""stage_prediction_status"": 0}",static token hit; inspect source before inferring runtime reachability
results/mcolon/20260302_NWDB_talk_figures_analysis/make_nwdb_phenotype_genotype_transition.py,exploratory_notebook,metadata_filter_order_model_input_or_unknown_static_hit,.py,"{""inferred_stage_hpf"": 0, ""inferred_stage_hpf_reg"": 0, ""manual_stage_hpf"": 0, ""predicted_stage_hpf"": 9, ""stage_hpf"": 9, ""stage_prediction_status"": 0}",static token hit; inspect source before inferring runtime reachability
results/mcolon/20260302_NWDB_talk_figures_analysis/make_nwdb_phenotype_summary_individual_se_plots.py,exploratory_notebook,metadata_filter_order_model_input_or_unknown_static_hit,.py,"{""inferred_stage_hpf"": 0, ""inferred_stage_hpf_reg"": 0, ""manual_stage_hpf"": 0, ""predicted_stage_hpf"": 2, ""stage_hpf"": 2, ""stage_prediction_status"": 0}",static token hit; inspect source before inferring runtime reachability
results/mcolon/20260302_NWDB_talk_figures_analysis/make_nwdb_phenotype_transition_static_plots.py,exploratory_notebook,metadata_filter_order_model_input_or_unknown_static_hit,.py,"{""inferred_stage_hpf"": 0, ""inferred_stage_hpf_reg"": 0, ""manual_stage_hpf"": 0, ""predicted_stage_hpf"": 9, ""stage_hpf"": 9, ""stage_prediction_status"": 0}",static token hit; inspect source before inferring runtime reachability
results/mcolon/20260302_analyze_cep290_20260208_20260210/01_plot_20260208_genotype_trends.py,exploratory_notebook,metadata_filter_order_model_input_or_unknown_static_hit,.py,"{""inferred_stage_hpf"": 0, ""inferred_stage_hpf_reg"": 0, ""manual_stage_hpf"": 0, ""predicted_stage_hpf"": 1, ""stage_hpf"": 1, ""stage_prediction_status"": 0}",static token hit; inspect source before inferring runtime reachability
results/mcolon/20260302_analyze_cep290_20260208_20260210/02_plot_20260210_genotype_trends.py,exploratory_notebook,metadata_filter_order_model_input_or_unknown_static_hit,.py,"{""inferred_stage_hpf"": 0, ""inferred_stage_hpf_reg"": 0, ""manual_stage_hpf"": 0, ""predicted_stage_hpf"": 1, ""stage_hpf"": 1, ""stage_prediction_status"": 0}",static token hit; inspect source before inferring runtime reachability
results/mcolon/20260302_analyze_cep290_20260208_20260210/03_plot_combined_genotype_trends.py,exploratory_notebook,metadata_filter_order_model_input_or_unknown_static_hit,.py,"{""inferred_stage_hpf"": 0, ""inferred_stage_hpf_reg"": 0, ""manual_stage_hpf"": 0, ""predicted_stage_hpf"": 1, ""stage_hpf"": 1, ""stage_prediction_status"": 0}",static token hit; inspect source before inferring runtime reachability
results/mcolon/20260302_cep290_genotype_pair_trends_20260208_20260210/01_plot_cep290_genotype_pair_trends.py,exploratory_notebook,metadata_filter_order_model_input_or_unknown_static_hit,.py,"{""inferred_stage_hpf"": 0, ""inferred_stage_hpf_reg"": 0, ""manual_stage_hpf"": 0, ""predicted_stage_hpf"": 1, ""stage_hpf"": 1, ""stage_prediction_status"": 0}",static token hit; inspect source before inferring runtime reachability
results/mcolon/20260308_penetrance_quantile_envelope/config.py,exploratory_notebook,configuration_or_fallback,.py,"{""inferred_stage_hpf"": 0, ""inferred_stage_hpf_reg"": 0, ""manual_stage_hpf"": 0, ""predicted_stage_hpf"": 1, ""stage_hpf"": 1, ""stage_prediction_status"": 0}",static token hit; inspect source before inferring runtime reachability
results/mcolon/20260324_tfap2_crispant_first_pass/01_plot_combined_tfap2_genotype_trends.py,exploratory_notebook,metadata_filter_order_model_input_or_unknown_static_hit,.py,"{""inferred_stage_hpf"": 0, ""inferred_stage_hpf_reg"": 0, ""manual_stage_hpf"": 0, ""predicted_stage_hpf"": 3, ""stage_hpf"": 3, ""stage_prediction_status"": 0}",static token hit; inspect source before inferring runtime reachability
results/mcolon/20260324_tfap2_crispant_first_pass/scripts/common.py,exploratory_notebook,metadata_filter_order_model_input_or_unknown_static_hit,.py,"{""inferred_stage_hpf"": 0, ""inferred_stage_hpf_reg"": 0, ""manual_stage_hpf"": 0, ""predicted_stage_hpf"": 1, ""stage_hpf"": 1, ""stage_prediction_status"": 0}",static token hit; inspect source before inferring runtime reachability
results/mcolon/20260324_tfap2_crispant_first_pass/scripts/data_gen/02_run_classification.py,exploratory_notebook,metadata_filter_order_model_input_or_unknown_static_hit,.py,"{""inferred_stage_hpf"": 0, ""inferred_stage_hpf_reg"": 0, ""manual_stage_hpf"": 0, ""predicted_stage_hpf"": 3, ""stage_hpf"": 3, ""stage_prediction_status"": 0}",static token hit; inspect source before inferring runtime reachability
results/mcolon/20260324_tfap2_crispant_first_pass/scripts/data_viz/01_plot_genotype_trends.py,exploratory_notebook,plot_exploration_or_reporting,.py,"{""inferred_stage_hpf"": 0, ""inferred_stage_hpf_reg"": 0, ""manual_stage_hpf"": 0, ""predicted_stage_hpf"": 1, ""stage_hpf"": 1, ""stage_prediction_status"": 0}",static token hit; inspect source before inferring runtime reachability
results/mcolon/20260326_pbx_crispant_analysis/scripts/01_all_crispants_vs_wik_ab.py,exploratory_notebook,metadata_filter_order_model_input_or_unknown_static_hit,.py,"{""inferred_stage_hpf"": 0, ""inferred_stage_hpf_reg"": 0, ""manual_stage_hpf"": 0, ""predicted_stage_hpf"": 3, ""stage_hpf"": 3, ""stage_prediction_status"": 0}",static token hit; inspect source before inferring runtime reachability
results/mcolon/20260326_pbx_crispant_analysis/scripts/02_classification_only.py,exploratory_notebook,metadata_filter_order_model_input_or_unknown_static_hit,.py,"{""inferred_stage_hpf"": 0, ""inferred_stage_hpf_reg"": 0, ""manual_stage_hpf"": 0, ""predicted_stage_hpf"": 3, ""stage_hpf"": 3, ""stage_prediction_status"": 0}",static token hit; inspect source before inferring runtime reachability
results/mcolon/20260326_pbx_crispant_analysis/scripts/03_consistent_misclassification.py,exploratory_notebook,metadata_filter_order_model_input_or_unknown_static_hit,.py,"{""inferred_stage_hpf"": 0, ""inferred_stage_hpf_reg"": 0, ""manual_stage_hpf"": 0, ""predicted_stage_hpf"": 2, ""stage_hpf"": 2, ""stage_prediction_status"": 0}",static token hit; inspect source before inferring runtime reachability
results/mcolon/20260326_pbx_crispant_analysis/scripts/04_plot_pairwise_signed_margin.py,exploratory_notebook,metadata_filter_order_model_input_or_unknown_static_hit,.py,"{""inferred_stage_hpf"": 0, ""inferred_stage_hpf_reg"": 0, ""manual_stage_hpf"": 0, ""predicted_stage_hpf"": 1, ""stage_hpf"": 1, ""stage_prediction_status"": 0}",static token hit; inspect source before inferring runtime reachability
results/mcolon/20260326_pbx_crispant_analysis/scripts/06_rank_pbx4_morphology_drivers.py,exploratory_notebook,metadata_filter_order_model_input_or_unknown_static_hit,.py,"{""inferred_stage_hpf"": 0, ""inferred_stage_hpf_reg"": 0, ""manual_stage_hpf"": 0, ""predicted_stage_hpf"": 4, ""stage_hpf"": 4, ""stage_prediction_status"": 0}",static token hit; inspect source before inferring runtime reachability
results/mcolon/20260326_pbx_crispant_analysis/scripts/07_rank_pairwise_continuum_drivers.py,exploratory_notebook,metadata_filter_order_model_input_or_unknown_static_hit,.py,"{""inferred_stage_hpf"": 0, ""inferred_stage_hpf_reg"": 0, ""manual_stage_hpf"": 0, ""predicted_stage_hpf"": 2, ""stage_hpf"": 2, ""stage_prediction_status"": 0}",static token hit; inspect source before inferring runtime reachability
results/mcolon/20260326_pbx_crispant_analysis/scripts/08_all_pairs_overlap_analysis.py,exploratory_notebook,metadata_filter_order_model_input_or_unknown_static_hit,.py,"{""inferred_stage_hpf"": 0, ""inferred_stage_hpf_reg"": 0, ""manual_stage_hpf"": 0, ""predicted_stage_hpf"": 1, ""stage_hpf"": 1, ""stage_prediction_status"": 0}",static token hit; inspect source before inferring runtime reachability
results/mcolon/20260326_pbx_crispant_analysis/scripts/09_phenotypic_positioning.py,exploratory_notebook,metadata_filter_order_model_input_or_unknown_static_hit,.py,"{""inferred_stage_hpf"": 0, ""inferred_stage_hpf_reg"": 0, ""manual_stage_hpf"": 0, ""predicted_stage_hpf"": 1, ""stage_hpf"": 1, ""stage_prediction_status"": 0}",static token hit; inspect source before inferring runtime reachability
results/mcolon/20260326_pbx_crispant_analysis/scripts/attrition_qc/config.py,exploratory_notebook,configuration_or_fallback,.py,"{""inferred_stage_hpf"": 0, ""inferred_stage_hpf_reg"": 0, ""manual_stage_hpf"": 0, ""predicted_stage_hpf"": 1, ""stage_hpf"": 1, ""stage_prediction_status"": 0}",static token hit; inspect source before inferring runtime reachability
results/mcolon/20260326_pbx_crispant_analysis/scripts/attrition_qc/data.py,exploratory_notebook,metadata_filter_order_model_input_or_unknown_static_hit,.py,"{""inferred_stage_hpf"": 0, ""inferred_stage_hpf_reg"": 0, ""manual_stage_hpf"": 0, ""predicted_stage_hpf"": 1, ""stage_hpf"": 3, ""stage_prediction_status"": 0}",static token hit; inspect source before inferring runtime reachability
results/mcolon/20260326_pbx_crispant_analysis/scripts/attrition_qc/examples.py,exploratory_notebook,metadata_filter_order_model_input_or_unknown_static_hit,.py,"{""inferred_stage_hpf"": 0, ""inferred_stage_hpf_reg"": 0, ""manual_stage_hpf"": 0, ""predicted_stage_hpf"": 9, ""stage_hpf"": 16, ""stage_prediction_status"": 0}",static token hit; inspect source before inferring runtime reachability
results/mcolon/20260326_pbx_crispant_analysis/scripts/attrition_qc/review.py,exploratory_notebook,metadata_filter_order_model_input_or_unknown_static_hit,.py,"{""inferred_stage_hpf"": 0, ""inferred_stage_hpf_reg"": 0, ""manual_stage_hpf"": 0, ""predicted_stage_hpf"": 20, ""stage_hpf"": 20, ""stage_prediction_status"": 0}",static token hit; inspect source before inferring runtime reachability
results/mcolon/20260326_pbx_crispant_analysis/scripts/phenotypic_positioning/config.py,exploratory_notebook,configuration_or_fallback,.py,"{""inferred_stage_hpf"": 0, ""inferred_stage_hpf_reg"": 0, ""manual_stage_hpf"": 0, ""predicted_stage_hpf"": 1, ""stage_hpf"": 1, ""stage_prediction_status"": 0}",static token hit; inspect source before inferring runtime reachability
results/mcolon/20260326_pbx_crispant_analysis/scripts/test_njobs_scaling.py,exploratory_notebook,metadata_filter_order_model_input_or_unknown_static_hit,.py,"{""inferred_stage_hpf"": 0, ""inferred_stage_hpf_reg"": 0, ""manual_stage_hpf"": 0, ""predicted_stage_hpf"": 7, ""stage_hpf"": 7, ""stage_prediction_status"": 0}",static token hit; inspect source before inferring runtime reachability
results/mcolon/20260326_pbx_crispant_analysis/scripts/tests/test_attrition_qc.py,exploratory_notebook,metadata_filter_order_model_input_or_unknown_static_hit,.py,"{""inferred_stage_hpf"": 0, ""inferred_stage_hpf_reg"": 0, ""manual_stage_hpf"": 0, ""predicted_stage_hpf"": 6, ""stage_hpf"": 6, ""stage_prediction_status"": 0}",static token hit; inspect source before inferring runtime reachability
results/mcolon/20260326_pbx_crispant_analysis/scripts/tests/test_attrition_qc_examples.py,exploratory_notebook,metadata_filter_order_model_input_or_unknown_static_hit,.py,"{""inferred_stage_hpf"": 0, ""inferred_stage_hpf_reg"": 0, ""manual_stage_hpf"": 0, ""predicted_stage_hpf"": 9, ""stage_hpf"": 9, ""stage_prediction_status"": 0}",static token hit; inspect source before inferring runtime reachability
results/mcolon/20260329_pbx_crispant_analysis_cont/01_bridge_qc_heatmaps.py,exploratory_notebook,metadata_filter_order_model_input_or_unknown_static_hit,.py,"{""inferred_stage_hpf"": 0, ""inferred_stage_hpf_reg"": 0, ""manual_stage_hpf"": 0, ""predicted_stage_hpf"": 0, ""stage_hpf"": 1, ""stage_prediction_status"": 0}",static token hit; inspect source before inferring runtime reachability
results/mcolon/20260329_pbx_crispant_analysis_cont/02_bridge_multiclass_positioning.py,exploratory_notebook,metadata_filter_order_model_input_or_unknown_static_hit,.py,"{""inferred_stage_hpf"": 0, ""inferred_stage_hpf_reg"": 0, ""manual_stage_hpf"": 0, ""predicted_stage_hpf"": 1, ""stage_hpf"": 2, ""stage_prediction_status"": 0}",static token hit; inspect source before inferring runtime reachability
results/mcolon/20260329_pbx_crispant_analysis_cont/03_bridge_feature_over_time.py,exploratory_notebook,metadata_filter_order_model_input_or_unknown_static_hit,.py,"{""inferred_stage_hpf"": 0, ""inferred_stage_hpf_reg"": 0, ""manual_stage_hpf"": 0, ""predicted_stage_hpf"": 3, ""stage_hpf"": 4, ""stage_prediction_status"": 0}",static token hit; inspect source before inferring runtime reachability
results/mcolon/20260329_pbx_crispant_analysis_cont/08_pairwise_probe_fingerprint.py,exploratory_notebook,metadata_filter_order_model_input_or_unknown_static_hit,.py,"{""inferred_stage_hpf"": 0, ""inferred_stage_hpf_reg"": 0, ""manual_stage_hpf"": 0, ""predicted_stage_hpf"": 1, ""stage_hpf"": 5, ""stage_prediction_status"": 0}",static token hit; inspect source before inferring runtime reachability
results/mcolon/20260329_pbx_crispant_analysis_cont/11_wikab_injctrl_lineage_audit.py,exploratory_notebook,metadata_filter_order_model_input_or_unknown_static_hit,.py,"{""inferred_stage_hpf"": 0, ""inferred_stage_hpf_reg"": 0, ""manual_stage_hpf"": 0, ""predicted_stage_hpf"": 1, ""stage_hpf"": 7, ""stage_prediction_status"": 0}",static token hit; inspect source before inferring runtime reachability
results/mcolon/20260329_pbx_crispant_analysis_cont/12_wikab_injctrl_within_bin_null_audit.py,exploratory_notebook,metadata_filter_order_model_input_or_unknown_static_hit,.py,"{""inferred_stage_hpf"": 0, ""inferred_stage_hpf_reg"": 0, ""manual_stage_hpf"": 0, ""predicted_stage_hpf"": 1, ""stage_hpf"": 6, ""stage_prediction_status"": 0}",static token hit; inspect source before inferring runtime reachability
results/mcolon/20260329_pbx_crispant_analysis_cont/common.py,exploratory_notebook,metadata_filter_order_model_input_or_unknown_static_hit,.py,"{""inferred_stage_hpf"": 0, ""inferred_stage_hpf_reg"": 0, ""manual_stage_hpf"": 0, ""predicted_stage_hpf"": 1, ""stage_hpf"": 4, ""stage_prediction_status"": 0}",static token hit; inspect source before inferring runtime reachability
results/mcolon/20260329_pbx_crispant_analysis_cont/rerun_20260329_no_yolk/01_all_crispants_vs_wik_ab.py,exploratory_notebook,metadata_filter_order_model_input_or_unknown_static_hit,.py,"{""inferred_stage_hpf"": 0, ""inferred_stage_hpf_reg"": 0, ""manual_stage_hpf"": 0, ""predicted_stage_hpf"": 3, ""stage_hpf"": 3, ""stage_prediction_status"": 0}",static token hit; inspect source before inferring runtime reachability
results/mcolon/20260329_pbx_crispant_analysis_cont/rerun_20260329_no_yolk/02_classification_only.py,exploratory_notebook,metadata_filter_order_model_input_or_unknown_static_hit,.py,"{""inferred_stage_hpf"": 0, ""inferred_stage_hpf_reg"": 0, ""manual_stage_hpf"": 0, ""predicted_stage_hpf"": 3, ""stage_hpf"": 3, ""stage_prediction_status"": 0}",static token hit; inspect source before inferring runtime reachability
results/mcolon/20260329_pbx_crispant_analysis_cont/rerun_20260329_no_yolk/04_plot_pairwise_signed_margin.py,exploratory_notebook,metadata_filter_order_model_input_or_unknown_static_hit,.py,"{""inferred_stage_hpf"": 0, ""inferred_stage_hpf_reg"": 0, ""manual_stage_hpf"": 0, ""predicted_stage_hpf"": 1, ""stage_hpf"": 1, ""stage_prediction_status"": 0}",static token hit; inspect source before inferring runtime reachability
results/mcolon/20260329_pbx_crispant_analysis_cont/rerun_20260329_no_yolk/06_rank_pbx4_morphology_drivers.py,exploratory_notebook,metadata_filter_order_model_input_or_unknown_static_hit,.py,"{""inferred_stage_hpf"": 0, ""inferred_stage_hpf_reg"": 0, ""manual_stage_hpf"": 0, ""predicted_stage_hpf"": 4, ""stage_hpf"": 4, ""stage_prediction_status"": 0}",static token hit; inspect source before inferring runtime reachability
results/mcolon/20260329_pbx_crispant_analysis_cont/rerun_20260329_no_yolk/07_rank_pairwise_continuum_drivers.py,exploratory_notebook,metadata_filter_order_model_input_or_unknown_static_hit,.py,"{""inferred_stage_hpf"": 0, ""inferred_stage_hpf_reg"": 0, ""manual_stage_hpf"": 0, ""predicted_stage_hpf"": 2, ""stage_hpf"": 2, ""stage_prediction_status"": 0}",static token hit; inspect source before inferring runtime reachability
results/mcolon/20260329_pbx_crispant_analysis_cont/rerun_20260329_no_yolk/08_all_pairs_overlap_analysis.py,exploratory_notebook,metadata_filter_order_model_input_or_unknown_static_hit,.py,"{""inferred_stage_hpf"": 0, ""inferred_stage_hpf_reg"": 0, ""manual_stage_hpf"": 0, ""predicted_stage_hpf"": 1, ""stage_hpf"": 1, ""stage_prediction_status"": 0}",static token hit; inspect source before inferring runtime reachability
results/mcolon/20260407_pbx_analysis_cont/01_pairwise_all_pairs_positioning.py,exploratory_notebook,metadata_filter_order_model_input_or_unknown_static_hit,.py,"{""inferred_stage_hpf"": 0, ""inferred_stage_hpf_reg"": 0, ""manual_stage_hpf"": 0, ""predicted_stage_hpf"": 0, ""stage_hpf"": 2, ""stage_prediction_status"": 0}",static token hit; inspect source before inferring runtime reachability
results/mcolon/20260407_pbx_analysis_cont/13_pairwise_pbx4_vs_double_by_experiment.py,exploratory_notebook,metadata_filter_order_model_input_or_unknown_static_hit,.py,"{""inferred_stage_hpf"": 0, ""inferred_stage_hpf_reg"": 0, ""manual_stage_hpf"": 0, ""predicted_stage_hpf"": 0, ""stage_hpf"": 1, ""stage_prediction_status"": 0}",static token hit; inspect source before inferring runtime reachability
results/mcolon/20260407_pbx_analysis_cont/18_injctrl_vs_double_sanity_rerun.py,exploratory_notebook,metadata_filter_order_model_input_or_unknown_static_hit,.py,"{""inferred_stage_hpf"": 0, ""inferred_stage_hpf_reg"": 0, ""manual_stage_hpf"": 0, ""predicted_stage_hpf"": 0, ""stage_hpf"": 1, ""stage_prediction_status"": 0}",static token hit; inspect source before inferring runtime reachability
results/mcolon/20260407_pbx_analysis_cont/20_pairwise_injctrl_vs_double_bin2.py,exploratory_notebook,metadata_filter_order_model_input_or_unknown_static_hit,.py,"{""inferred_stage_hpf"": 0, ""inferred_stage_hpf_reg"": 0, ""manual_stage_hpf"": 0, ""predicted_stage_hpf"": 0, ""stage_hpf"": 1, ""stage_prediction_status"": 0}",static token hit; inspect source before inferring runtime reachability
results/mcolon/20260407_pbx_analysis_cont/common.py,exploratory_notebook,metadata_filter_order_model_input_or_unknown_static_hit,.py,"{""inferred_stage_hpf"": 0, ""inferred_stage_hpf_reg"": 0, ""manual_stage_hpf"": 0, ""predicted_stage_hpf"": 1, ""stage_hpf"": 5, ""stage_prediction_status"": 0}",static token hit; inspect source before inferring runtime reachability
results/mcolon/20260409_pbx_additivity/01_pbx_direction_smoke.py,exploratory_notebook,metadata_filter_order_model_input_or_unknown_static_hit,.py,"{""inferred_stage_hpf"": 0, ""inferred_stage_hpf_reg"": 0, ""manual_stage_hpf"": 0, ""predicted_stage_hpf"": 0, ""stage_hpf"": 1, ""stage_prediction_status"": 0}",static token hit; inspect source before inferring runtime reachability
results/mcolon/20260409_pbx_additivity/02_projection_feature_over_time.py,exploratory_notebook,metadata_filter_order_model_input_or_unknown_static_hit,.py,"{""inferred_stage_hpf"": 0, ""inferred_stage_hpf_reg"": 0, ""manual_stage_hpf"": 0, ""predicted_stage_hpf"": 1, ""stage_hpf"": 3, ""stage_prediction_status"": 0}",static token hit; inspect source before inferring runtime reachability
results/mcolon/20260409_pbx_additivity/04_q1_control_span_symmetry.py,exploratory_notebook,metadata_filter_order_model_input_or_unknown_static_hit,.py,"{""inferred_stage_hpf"": 0, ""inferred_stage_hpf_reg"": 0, ""manual_stage_hpf"": 0, ""predicted_stage_hpf"": 0, ""stage_hpf"": 1, ""stage_prediction_status"": 0}",static token hit; inspect source before inferring runtime reachability
results/mcolon/20260409_pbx_additivity/05_q2_axis_reality.py,exploratory_notebook,metadata_filter_order_model_input_or_unknown_static_hit,.py,"{""inferred_stage_hpf"": 0, ""inferred_stage_hpf_reg"": 0, ""manual_stage_hpf"": 0, ""predicted_stage_hpf"": 0, ""stage_hpf"": 1, ""stage_prediction_status"": 0}",static token hit; inspect source before inferring runtime reachability
results/mcolon/20260409_pbx_additivity/06_q3_span_specificity.py,exploratory_notebook,metadata_filter_order_model_input_or_unknown_static_hit,.py,"{""inferred_stage_hpf"": 0, ""inferred_stage_hpf_reg"": 0, ""manual_stage_hpf"": 0, ""predicted_stage_hpf"": 0, ""stage_hpf"": 1, ""stage_prediction_status"": 0}",static token hit; inspect source before inferring runtime reachability
results/mcolon/20260409_pbx_additivity/07_q3_embryo_direction_heatmaps.py,exploratory_notebook,metadata_filter_order_model_input_or_unknown_static_hit,.py,"{""inferred_stage_hpf"": 0, ""inferred_stage_hpf_reg"": 0, ""manual_stage_hpf"": 0, ""predicted_stage_hpf"": 0, ""stage_hpf"": 1, ""stage_prediction_status"": 0}",static token hit; inspect source before inferring runtime reachability
results/mcolon/20260409_pbx_additivity/07a_q3_run_classification.py,exploratory_notebook,metadata_filter_order_model_input_or_unknown_static_hit,.py,"{""inferred_stage_hpf"": 0, ""inferred_stage_hpf_reg"": 0, ""manual_stage_hpf"": 0, ""predicted_stage_hpf"": 0, ""stage_hpf"": 1, ""stage_prediction_status"": 0}",static token hit; inspect source before inferring runtime reachability
results/mcolon/20260409_pbx_additivity/tests/test_phenotype_direction.py,exploratory_notebook,metadata_filter_order_model_input_or_unknown_static_hit,.py,"{""inferred_stage_hpf"": 0, ""inferred_stage_hpf_reg"": 0, ""manual_stage_hpf"": 0, ""predicted_stage_hpf"": 3, ""stage_hpf"": 3, ""stage_prediction_status"": 0}",static token hit; inspect source before inferring runtime reachability
results/mcolon/20260410_axis_init_comparison/01_axis_centering_comparison.py,exploratory_notebook,metadata_filter_order_model_input_or_unknown_static_hit,.py,"{""inferred_stage_hpf"": 0, ""inferred_stage_hpf_reg"": 0, ""manual_stage_hpf"": 0, ""predicted_stage_hpf"": 0, ""stage_hpf"": 1, ""stage_prediction_status"": 0}",static token hit; inspect source before inferring runtime reachability
results/mcolon/20260410_axis_init_comparison/03_run_reference_genotype_condensation.py,exploratory_notebook,metadata_filter_order_model_input_or_unknown_static_hit,.py,"{""inferred_stage_hpf"": 0, ""inferred_stage_hpf_reg"": 0, ""manual_stage_hpf"": 0, ""predicted_stage_hpf"": 1, ""stage_hpf"": 1, ""stage_prediction_status"": 0}",static token hit; inspect source before inferring runtime reachability
results/mcolon/20260413_tfap2_followup/scripts/01_support_table.py,exploratory_notebook,metadata_filter_order_model_input_or_unknown_static_hit,.py,"{""inferred_stage_hpf"": 0, ""inferred_stage_hpf_reg"": 0, ""manual_stage_hpf"": 0, ""predicted_stage_hpf"": 1, ""stage_hpf"": 1, ""stage_prediction_status"": 0}",static token hit; inspect source before inferring runtime reachability
results/mcolon/20260413_tfap2_followup/scripts/02_run_all_pairs_classification.py,exploratory_notebook,metadata_filter_order_model_input_or_unknown_static_hit,.py,"{""inferred_stage_hpf"": 0, ""inferred_stage_hpf_reg"": 0, ""manual_stage_hpf"": 0, ""predicted_stage_hpf"": 1, ""stage_hpf"": 1, ""stage_prediction_status"": 0}",static token hit; inspect source before inferring runtime reachability
results/mcolon/20260601_label_transfer_method/explore_reference_knn_purity.py,exploratory_notebook,metadata_filter_order_model_input_or_unknown_static_hit,.py,"{""inferred_stage_hpf"": 0, ""inferred_stage_hpf_reg"": 0, ""manual_stage_hpf"": 0, ""predicted_stage_hpf"": 2, ""stage_hpf"": 2, ""stage_prediction_status"": 0}",static token hit; inspect source before inferring runtime reachability
results/mcolon/20260601_label_transfer_method/label_transfer.py,exploratory_notebook,metadata_filter_order_model_input_or_unknown_static_hit,.py,"{""inferred_stage_hpf"": 0, ""inferred_stage_hpf_reg"": 0, ""manual_stage_hpf"": 0, ""predicted_stage_hpf"": 1, ""stage_hpf"": 1, ""stage_prediction_status"": 0}",static token hit; inspect source before inferring runtime reachability
results/mcolon/20260601_label_transfer_method/label_transfer_core.py,exploratory_notebook,metadata_filter_order_model_input_or_unknown_static_hit,.py,"{""inferred_stage_hpf"": 0, ""inferred_stage_hpf_reg"": 0, ""manual_stage_hpf"": 0, ""predicted_stage_hpf"": 1, ""stage_hpf"": 1, ""stage_prediction_status"": 0}",static token hit; inspect source before inferring runtime reachability
results/mcolon/20260601_label_transfer_method/logistic_label_transfer.py,exploratory_notebook,metadata_filter_order_model_input_or_unknown_static_hit,.py,"{""inferred_stage_hpf"": 0, ""inferred_stage_hpf_reg"": 0, ""manual_stage_hpf"": 0, ""predicted_stage_hpf"": 1, ""stage_hpf"": 1, ""stage_prediction_status"": 0}",static token hit; inspect source before inferring runtime reachability
results/mcolon/20260601_label_transfer_method/run_calibration_benchmark.py,exploratory_notebook,metadata_filter_order_model_input_or_unknown_static_hit,.py,"{""inferred_stage_hpf"": 0, ""inferred_stage_hpf_reg"": 0, ""manual_stage_hpf"": 0, ""predicted_stage_hpf"": 1, ""stage_hpf"": 1, ""stage_prediction_status"": 0}",static token hit; inspect source before inferring runtime reachability
results/mcolon/20260601_label_transfer_method/run_loeo_logistic_benchmark.py,exploratory_notebook,metadata_filter_order_model_input_or_unknown_static_hit,.py,"{""inferred_stage_hpf"": 0, ""inferred_stage_hpf_reg"": 0, ""manual_stage_hpf"": 0, ""predicted_stage_hpf"": 4, ""stage_hpf"": 4, ""stage_prediction_status"": 0}",static token hit; inspect source before inferring runtime reachability
results/mcolon/20260601_label_transfer_method/run_loeo_validation.py,exploratory_notebook,metadata_filter_order_model_input_or_unknown_static_hit,.py,"{""inferred_stage_hpf"": 0, ""inferred_stage_hpf_reg"": 0, ""manual_stage_hpf"": 0, ""predicted_stage_hpf"": 1, ""stage_hpf"": 1, ""stage_prediction_status"": 0}",static token hit; inspect source before inferring runtime reachability
results/mcolon/20260601_label_transfer_method/run_q_conformal_benchmark.py,exploratory_notebook,metadata_filter_order_model_input_or_unknown_static_hit,.py,"{""inferred_stage_hpf"": 0, ""inferred_stage_hpf_reg"": 0, ""manual_stage_hpf"": 0, ""predicted_stage_hpf"": 1, ""stage_hpf"": 1, ""stage_prediction_status"": 0}",static token hit; inspect source before inferring runtime reachability
results/mcolon/20260601_label_transfer_method/run_time_aware_benchmark.py,exploratory_notebook,metadata_filter_order_model_input_or_unknown_static_hit,.py,"{""inferred_stage_hpf"": 0, ""inferred_stage_hpf_reg"": 0, ""manual_stage_hpf"": 0, ""predicted_stage_hpf"": 1, ""stage_hpf"": 1, ""stage_prediction_status"": 0}",static token hit; inspect source before inferring runtime reachability
results/mcolon/20260601_label_transfer_method/run_time_window_diagnostic.py,exploratory_notebook,metadata_filter_order_model_input_or_unknown_static_hit,.py,"{""inferred_stage_hpf"": 0, ""inferred_stage_hpf_reg"": 0, ""manual_stage_hpf"": 0, ""predicted_stage_hpf"": 1, ""stage_hpf"": 1, ""stage_prediction_status"": 0}",static token hit; inspect source before inferring runtime reachability
results/mcolon/20260605_sci_cilia_qc_first_pass/build_reference_and_transfer.py,exploratory_notebook,metadata_filter_order_model_input_or_unknown_static_hit,.py,"{""inferred_stage_hpf"": 0, ""inferred_stage_hpf_reg"": 0, ""manual_stage_hpf"": 0, ""predicted_stage_hpf"": 1, ""stage_hpf"": 1, ""stage_prediction_status"": 0}",static token hit; inspect source before inferring runtime reachability
results/mcolon/20260605_sci_cilia_qc_first_pass/cep290_phenotype_transfer.py,exploratory_notebook,metadata_filter_order_model_input_or_unknown_static_hit,.py,"{""inferred_stage_hpf"": 0, ""inferred_stage_hpf_reg"": 0, ""manual_stage_hpf"": 0, ""predicted_stage_hpf"": 2, ""stage_hpf"": 2, ""stage_prediction_status"": 0}",static token hit; inspect source before inferring runtime reachability
results/mcolon/20260605_sci_cilia_qc_first_pass/fix_start_age_sheet_name.py,exploratory_notebook,metadata_filter_order_model_input_or_unknown_static_hit,.py,"{""inferred_stage_hpf"": 0, ""inferred_stage_hpf_reg"": 0, ""manual_stage_hpf"": 0, ""predicted_stage_hpf"": 0, ""stage_hpf"": 7, ""stage_prediction_status"": 0}",static token hit; inspect source before inferring runtime reachability
results/mcolon/20260605_sci_cilia_qc_first_pass/label_transfer_snapshots.py,exploratory_notebook,metadata_filter_order_model_input_or_unknown_static_hit,.py,"{""inferred_stage_hpf"": 0, ""inferred_stage_hpf_reg"": 0, ""manual_stage_hpf"": 0, ""predicted_stage_hpf"": 1, ""stage_hpf"": 1, ""stage_prediction_status"": 0}",static token hit; inspect source before inferring runtime reachability
results/mcolon/20260605_sci_cilia_qc_first_pass/make_3d_pca.py,exploratory_notebook,metadata_filter_order_model_input_or_unknown_static_hit,.py,"{""inferred_stage_hpf"": 0, ""inferred_stage_hpf_reg"": 0, ""manual_stage_hpf"": 0, ""predicted_stage_hpf"": 1, ""stage_hpf"": 1, ""stage_prediction_status"": 0}",static token hit; inspect source before inferring runtime reachability
results/mcolon/20260605_sci_cilia_qc_first_pass/make_3d_pca_sci.py,exploratory_notebook,metadata_filter_order_model_input_or_unknown_static_hit,.py,"{""inferred_stage_hpf"": 0, ""inferred_stage_hpf_reg"": 0, ""manual_stage_hpf"": 0, ""predicted_stage_hpf"": 2, ""stage_hpf"": 2, ""stage_prediction_status"": 0}",static token hit; inspect source before inferring runtime reachability
results/mcolon/20260605_sci_cilia_qc_first_pass/make_embryo_contact_sheets.py,exploratory_notebook,metadata_filter_order_model_input_or_unknown_static_hit,.py,"{""inferred_stage_hpf"": 0, ""inferred_stage_hpf_reg"": 0, ""manual_stage_hpf"": 0, ""predicted_stage_hpf"": 0, ""stage_hpf"": 1, ""stage_prediction_status"": 0}",static token hit; inspect source before inferring runtime reachability
results/mcolon/20260605_sci_cilia_qc_first_pass/make_embryo_portfolio.py,exploratory_notebook,metadata_filter_order_model_input_or_unknown_static_hit,.py,"{""inferred_stage_hpf"": 2, ""inferred_stage_hpf_reg"": 0, ""manual_stage_hpf"": 0, ""predicted_stage_hpf"": 3, ""stage_hpf"": 9, ""stage_prediction_status"": 0}",static token hit; inspect source before inferring runtime reachability
results/mcolon/20260605_sci_cilia_qc_first_pass/make_label_transfer_sci_timelapse.py,exploratory_notebook,metadata_filter_order_model_input_or_unknown_static_hit,.py,"{""inferred_stage_hpf"": 0, ""inferred_stage_hpf_reg"": 0, ""manual_stage_hpf"": 0, ""predicted_stage_hpf"": 4, ""stage_hpf"": 4, ""stage_prediction_status"": 0}",static token hit; inspect source before inferring runtime reachability
results/mcolon/20260605_sci_cilia_qc_first_pass/make_plots.py,exploratory_notebook,metadata_filter_order_model_input_or_unknown_static_hit,.py,"{""inferred_stage_hpf"": 0, ""inferred_stage_hpf_reg"": 0, ""manual_stage_hpf"": 0, ""predicted_stage_hpf"": 2, ""stage_hpf"": 2, ""stage_prediction_status"": 0}",static token hit; inspect source before inferring runtime reachability
results/mcolon/20260605_sci_cilia_qc_first_pass/make_sequenced_portfolio_views.py,exploratory_notebook,metadata_filter_order_model_input_or_unknown_static_hit,.py,"{""inferred_stage_hpf"": 0, ""inferred_stage_hpf_reg"": 0, ""manual_stage_hpf"": 0, ""predicted_stage_hpf"": 0, ""stage_hpf"": 6, ""stage_prediction_status"": 0}",static token hit; inspect source before inferring runtime reachability
results/mcolon/20260605_sci_cilia_qc_first_pass/make_trajectory_plots_sci.py,exploratory_notebook,metadata_filter_order_model_input_or_unknown_static_hit,.py,"{""inferred_stage_hpf"": 0, ""inferred_stage_hpf_reg"": 0, ""manual_stage_hpf"": 0, ""predicted_stage_hpf"": 1, ""stage_hpf"": 1, ""stage_prediction_status"": 0}",static token hit; inspect source before inferring runtime reachability
results/mcolon/20260605_sci_cilia_qc_first_pass/patch_predicted_stage_hpf.py,exploratory_notebook,metadata_filter_order_model_input_or_unknown_static_hit,.py,"{""inferred_stage_hpf"": 0, ""inferred_stage_hpf_reg"": 0, ""manual_stage_hpf"": 0, ""predicted_stage_hpf"": 9, ""stage_hpf"": 13, ""stage_prediction_status"": 0}",static token hit; inspect source before inferring runtime reachability
results/mcolon/20260607_sci_cilia_gene14_imaging_qc/0_load_and_clean_datasets.py,exploratory_notebook,metadata_filter_order_model_input_or_unknown_static_hit,.py,"{""inferred_stage_hpf"": 0, ""inferred_stage_hpf_reg"": 0, ""manual_stage_hpf"": 0, ""predicted_stage_hpf"": 4, ""stage_hpf"": 4, ""stage_prediction_status"": 0}",static token hit; inspect source before inferring runtime reachability
results/mcolon/20260607_sci_cilia_gene14_imaging_qc/1_fit_reference_models.py,exploratory_notebook,metadata_filter_order_model_input_or_unknown_static_hit,.py,"{""inferred_stage_hpf"": 0, ""inferred_stage_hpf_reg"": 0, ""manual_stage_hpf"": 0, ""predicted_stage_hpf"": 1, ""stage_hpf"": 1, ""stage_prediction_status"": 0}",static token hit; inspect source before inferring runtime reachability
results/mcolon/20260607_sci_cilia_gene14_imaging_qc/2_predict_sequenced_embryos.py,exploratory_notebook,metadata_filter_order_model_input_or_unknown_static_hit,.py,"{""inferred_stage_hpf"": 0, ""inferred_stage_hpf_reg"": 0, ""manual_stage_hpf"": 0, ""predicted_stage_hpf"": 1, ""stage_hpf"": 1, ""stage_prediction_status"": 0}",static token hit; inspect source before inferring runtime reachability
results/mcolon/20260607_sci_cilia_gene14_imaging_qc/3b_genotype_qc_per_plate.py,exploratory_notebook,metadata_filter_order_model_input_or_unknown_static_hit,.py,"{""inferred_stage_hpf"": 0, ""inferred_stage_hpf_reg"": 0, ""manual_stage_hpf"": 0, ""predicted_stage_hpf"": 1, ""stage_hpf"": 1, ""stage_prediction_status"": 0}",static token hit; inspect source before inferring runtime reachability
results/mcolon/20260607_sci_cilia_gene14_imaging_qc/3d_feature_plot.py,exploratory_notebook,metadata_filter_order_model_input_or_unknown_static_hit,.py,"{""inferred_stage_hpf"": 0, ""inferred_stage_hpf_reg"": 0, ""manual_stage_hpf"": 0, ""predicted_stage_hpf"": 2, ""stage_hpf"": 2, ""stage_prediction_status"": 0}",static token hit; inspect source before inferring runtime reachability
results/mcolon/20260607_sci_cilia_gene14_imaging_qc/3e_phenotype_separability.py,exploratory_notebook,metadata_filter_order_model_input_or_unknown_static_hit,.py,"{""inferred_stage_hpf"": 0, ""inferred_stage_hpf_reg"": 0, ""manual_stage_hpf"": 0, ""predicted_stage_hpf"": 1, ""stage_hpf"": 1, ""stage_prediction_status"": 0}",static token hit; inspect source before inferring runtime reachability
results/mcolon/20260607_sci_cilia_gene14_imaging_qc/3f_experiment_batch_control.py,exploratory_notebook,metadata_filter_order_model_input_or_unknown_static_hit,.py,"{""inferred_stage_hpf"": 0, ""inferred_stage_hpf_reg"": 0, ""manual_stage_hpf"": 0, ""predicted_stage_hpf"": 1, ""stage_hpf"": 1, ""stage_prediction_status"": 0}",static token hit; inspect source before inferring runtime reachability
results/mcolon/20260607_sci_cilia_gene14_imaging_qc/3g_phenotype_emergence.py,exploratory_notebook,metadata_filter_order_model_input_or_unknown_static_hit,.py,"{""inferred_stage_hpf"": 0, ""inferred_stage_hpf_reg"": 0, ""manual_stage_hpf"": 0, ""predicted_stage_hpf"": 1, ""stage_hpf"": 1, ""stage_prediction_status"": 0}",static token hit; inspect source before inferring runtime reachability
results/mcolon/20260607_sci_cilia_gene14_imaging_qc/3h_pca_3d.py,exploratory_notebook,metadata_filter_order_model_input_or_unknown_static_hit,.py,"{""inferred_stage_hpf"": 0, ""inferred_stage_hpf_reg"": 0, ""manual_stage_hpf"": 0, ""predicted_stage_hpf"": 2, ""stage_hpf"": 2, ""stage_prediction_status"": 0}",static token hit; inspect source before inferring runtime reachability
results/mcolon/20260617_morph_axis_investigation/connectedness_panel.py,exploratory_notebook,metadata_filter_order_model_input_or_unknown_static_hit,.py,"{""inferred_stage_hpf"": 0, ""inferred_stage_hpf_reg"": 0, ""manual_stage_hpf"": 0, ""predicted_stage_hpf"": 1, ""stage_hpf"": 1, ""stage_prediction_status"": 0}",static token hit; inspect source before inferring runtime reachability
results/mcolon/20260617_morph_axis_investigation/diagnose_decision_surface.py,exploratory_notebook,metadata_filter_order_model_input_or_unknown_static_hit,.py,"{""inferred_stage_hpf"": 0, ""inferred_stage_hpf_reg"": 0, ""manual_stage_hpf"": 0, ""predicted_stage_hpf"": 1, ""stage_hpf"": 1, ""stage_prediction_status"": 0}",static token hit; inspect source before inferring runtime reachability
results/mcolon/20260617_morph_axis_investigation/morph_axis_connectedness.py,exploratory_notebook,metadata_filter_order_model_input_or_unknown_static_hit,.py,"{""inferred_stage_hpf"": 0, ""inferred_stage_hpf_reg"": 0, ""manual_stage_hpf"": 0, ""predicted_stage_hpf"": 1, ""stage_hpf"": 1, ""stage_prediction_status"": 0}",static token hit; inspect source before inferring runtime reachability
results/mcolon/20260617_morph_axis_investigation/morph_axis_scatter.py,exploratory_notebook,metadata_filter_order_model_input_or_unknown_static_hit,.py,"{""inferred_stage_hpf"": 0, ""inferred_stage_hpf_reg"": 0, ""manual_stage_hpf"": 0, ""predicted_stage_hpf"": 1, ""stage_hpf"": 1, ""stage_prediction_status"": 0}",static token hit; inspect source before inferring runtime reachability
results/mcolon/20260617_morph_axis_investigation/morphseq_investigation/v0/_superseded/b9d2_worked_example.py,exploratory_notebook,metadata_filter_order_model_input_or_unknown_static_hit,.py,"{""inferred_stage_hpf"": 0, ""inferred_stage_hpf_reg"": 0, ""manual_stage_hpf"": 0, ""predicted_stage_hpf"": 1, ""stage_hpf"": 1, ""stage_prediction_status"": 0}",static token hit; inspect source before inferring runtime reachability
results/mcolon/20260617_morph_axis_investigation/morphseq_investigation/v0/b9d2_catalog_example.py,exploratory_notebook,metadata_filter_order_model_input_or_unknown_static_hit,.py,"{""inferred_stage_hpf"": 0, ""inferred_stage_hpf_reg"": 0, ""manual_stage_hpf"": 0, ""predicted_stage_hpf"": 1, ""stage_hpf"": 1, ""stage_prediction_status"": 0}",static token hit; inspect source before inferring runtime reachability
results/mcolon/20260617_morph_axis_investigation/run_real_anchors.py,exploratory_notebook,metadata_filter_order_model_input_or_unknown_static_hit,.py,"{""inferred_stage_hpf"": 0, ""inferred_stage_hpf_reg"": 0, ""manual_stage_hpf"": 0, ""predicted_stage_hpf"": 1, ""stage_hpf"": 1, ""stage_prediction_status"": 0}",static token hit; inspect source before inferring runtime reachability
results/mcolon/20260617_morph_axis_investigation/valley_visualization.py,exploratory_notebook,metadata_filter_order_model_input_or_unknown_static_hit,.py,"{""inferred_stage_hpf"": 0, ""inferred_stage_hpf_reg"": 0, ""manual_stage_hpf"": 0, ""predicted_stage_hpf"": 1, ""stage_hpf"": 2, ""stage_prediction_status"": 0}",static token hit; inspect source before inferring runtime reachability
results/mcolon/20260625_cross_experiment_focus_motion_qc/cross_experiment_qc_audit.py,exploratory_notebook,metadata_filter_order_model_input_or_unknown_static_hit,.py,"{""inferred_stage_hpf"": 0, ""inferred_stage_hpf_reg"": 0, ""manual_stage_hpf"": 0, ""predicted_stage_hpf"": 11, ""stage_hpf"": 11, ""stage_prediction_status"": 0}",static token hit; inspect source before inferring runtime reachability
results/mcolon/20260625_cross_experiment_focus_motion_qc/posthoc_focus_anchor_a10_t224_diagnostic.py,exploratory_notebook,metadata_filter_order_model_input_or_unknown_static_hit,.py,"{""inferred_stage_hpf"": 0, ""inferred_stage_hpf_reg"": 0, ""manual_stage_hpf"": 0, ""predicted_stage_hpf"": 1, ""stage_hpf"": 1, ""stage_prediction_status"": 0}",static token hit; inspect source before inferring runtime reachability
results/mcolon/20260625_cross_experiment_focus_motion_qc/posthoc_focus_brightness_entropy_diagnostics.py,exploratory_notebook,metadata_filter_order_model_input_or_unknown_static_hit,.py,"{""inferred_stage_hpf"": 0, ""inferred_stage_hpf_reg"": 0, ""manual_stage_hpf"": 0, ""predicted_stage_hpf"": 2, ""stage_hpf"": 2, ""stage_prediction_status"": 0}",static token hit; inspect source before inferring runtime reachability
results/mcolon/20260625_cross_experiment_focus_motion_qc/posthoc_focus_local_metric_decile_galleries.py,exploratory_notebook,metadata_filter_order_model_input_or_unknown_static_hit,.py,"{""inferred_stage_hpf"": 0, ""inferred_stage_hpf_reg"": 0, ""manual_stage_hpf"": 0, ""predicted_stage_hpf"": 3, ""stage_hpf"": 3, ""stage_prediction_status"": 0}",static token hit; inspect source before inferring runtime reachability
results/mcolon/20260625_cross_experiment_focus_motion_qc/posthoc_focus_vs_hpf_diagnostics.py,exploratory_notebook,metadata_filter_order_model_input_or_unknown_static_hit,.py,"{""inferred_stage_hpf"": 0, ""inferred_stage_hpf_reg"": 0, ""manual_stage_hpf"": 0, ""predicted_stage_hpf"": 10, ""stage_hpf"": 10, ""stage_prediction_status"": 0}",static token hit; inspect source before inferring runtime reachability
results/mcolon/20260625_cross_experiment_focus_motion_qc/posthoc_saturation_qc_decile_galleries.py,exploratory_notebook,metadata_filter_order_model_input_or_unknown_static_hit,.py,"{""inferred_stage_hpf"": 0, ""inferred_stage_hpf_reg"": 0, ""manual_stage_hpf"": 0, ""predicted_stage_hpf"": 1, ""stage_hpf"": 1, ""stage_prediction_status"": 0}",static token hit; inspect source before inferring runtime reachability
results/mcolon/20260703_raw_latent_clustering_baseline/0_load_pbx_latents.py,exploratory_notebook,metadata_filter_order_model_input_or_unknown_static_hit,.py,"{""inferred_stage_hpf"": 0, ""inferred_stage_hpf_reg"": 0, ""manual_stage_hpf"": 0, ""predicted_stage_hpf"": 1, ""stage_hpf"": 4, ""stage_prediction_status"": 0}",static token hit; inspect source before inferring runtime reachability
results/mcolon/20260703_raw_latent_clustering_baseline/9_genotype_stratified_preservation.py,exploratory_notebook,metadata_filter_order_model_input_or_unknown_static_hit,.py,"{""inferred_stage_hpf"": 0, ""inferred_stage_hpf_reg"": 0, ""manual_stage_hpf"": 0, ""predicted_stage_hpf"": 0, ""stage_hpf"": 2, ""stage_prediction_status"": 0}",static token hit; inspect source before inferring runtime reachability
results/mcolon/20260714_tfap2_followup_raw/0_load_tfap2_latents.py,exploratory_notebook,metadata_filter_order_model_input_or_unknown_static_hit,.py,"{""inferred_stage_hpf"": 0, ""inferred_stage_hpf_reg"": 0, ""manual_stage_hpf"": 0, ""predicted_stage_hpf"": 3, ""stage_hpf"": 3, ""stage_prediction_status"": 0}",static token hit; inspect source before inferring runtime reachability
results/mcolon/20260714_tfap2_followup_raw/3_dim_snip_galleries.py,exploratory_notebook,metadata_filter_order_model_input_or_unknown_static_hit,.py,"{""inferred_stage_hpf"": 0, ""inferred_stage_hpf_reg"": 0, ""manual_stage_hpf"": 0, ""predicted_stage_hpf"": 4, ""stage_hpf"": 4, ""stage_prediction_status"": 0}",static token hit; inspect source before inferring runtime reachability
results/mcolon/20260715_b9d2_direction_decomposition/1_direction_fingerprints.py,exploratory_notebook,metadata_filter_order_model_input_or_unknown_static_hit,.py,"{""inferred_stage_hpf"": 0, ""inferred_stage_hpf_reg"": 0, ""manual_stage_hpf"": 0, ""predicted_stage_hpf"": 2, ""stage_hpf"": 2, ""stage_prediction_status"": 0}",static token hit; inspect source before inferring runtime reachability
results/mcolon/20260715_b9d2_direction_decomposition/2_dimension_concentration.py,exploratory_notebook,metadata_filter_order_model_input_or_unknown_static_hit,.py,"{""inferred_stage_hpf"": 0, ""inferred_stage_hpf_reg"": 0, ""manual_stage_hpf"": 0, ""predicted_stage_hpf"": 2, ""stage_hpf"": 2, ""stage_prediction_status"": 0}",static token hit; inspect source before inferring runtime reachability
results/mcolon/20260715_b9d2_direction_decomposition/3_ablation_auroc.py,exploratory_notebook,metadata_filter_order_model_input_or_unknown_static_hit,.py,"{""inferred_stage_hpf"": 0, ""inferred_stage_hpf_reg"": 0, ""manual_stage_hpf"": 0, ""predicted_stage_hpf"": 2, ""stage_hpf"": 2, ""stage_prediction_status"": 0}",static token hit; inspect source before inferring runtime reachability
results/mcolon/20260715_b9d2_direction_decomposition/4_ablated_refit_fingerprints.py,exploratory_notebook,metadata_filter_order_model_input_or_unknown_static_hit,.py,"{""inferred_stage_hpf"": 0, ""inferred_stage_hpf_reg"": 0, ""manual_stage_hpf"": 0, ""predicted_stage_hpf"": 1, ""stage_hpf"": 1, ""stage_prediction_status"": 0}",static token hit; inspect source before inferring runtime reachability
results/mcolon/20260715_b9d2_direction_decomposition/5_per_dim_variance.py,exploratory_notebook,metadata_filter_order_model_input_or_unknown_static_hit,.py,"{""inferred_stage_hpf"": 0, ""inferred_stage_hpf_reg"": 0, ""manual_stage_hpf"": 0, ""predicted_stage_hpf"": 1, ""stage_hpf"": 1, ""stage_prediction_status"": 0}",static token hit; inspect source before inferring runtime reachability
results/mcolon/20260715_b9d2_direction_decomposition/6_zscored_ndims_over_time.py,exploratory_notebook,metadata_filter_order_model_input_or_unknown_static_hit,.py,"{""inferred_stage_hpf"": 0, ""inferred_stage_hpf_reg"": 0, ""manual_stage_hpf"": 0, ""predicted_stage_hpf"": 1, ""stage_hpf"": 1, ""stage_prediction_status"": 0}",static token hit; inspect source before inferring runtime reachability
results/mcolon/20260715_b9d2_direction_decomposition/7_coverage_response_curves.py,exploratory_notebook,metadata_filter_order_model_input_or_unknown_static_hit,.py,"{""inferred_stage_hpf"": 0, ""inferred_stage_hpf_reg"": 0, ""manual_stage_hpf"": 0, ""predicted_stage_hpf"": 1, ""stage_hpf"": 1, ""stage_prediction_status"": 0}",static token hit; inspect source before inferring runtime reachability
results/mcolon/20260715_b9d2_direction_decomposition/8_direction_fingerprints_zscored.py,exploratory_notebook,metadata_filter_order_model_input_or_unknown_static_hit,.py,"{""inferred_stage_hpf"": 0, ""inferred_stage_hpf_reg"": 0, ""manual_stage_hpf"": 0, ""predicted_stage_hpf"": 1, ""stage_hpf"": 1, ""stage_prediction_status"": 0}",static token hit; inspect source before inferring runtime reachability
results/mcolon/20260715_b9d2_direction_decomposition/9_direction_projection_clustering.py,exploratory_notebook,metadata_filter_order_model_input_or_unknown_static_hit,.py,"{""inferred_stage_hpf"": 0, ""inferred_stage_hpf_reg"": 0, ""manual_stage_hpf"": 0, ""predicted_stage_hpf"": 1, ""stage_hpf"": 1, ""stage_prediction_status"": 0}",static token hit; inspect source before inferring runtime reachability
results/mcolon/20260715_gene14_hooke_dact/scripts/core/seq_imaging_crosswalk.py,exploratory_notebook,metadata_filter_order_model_input_or_unknown_static_hit,.py,"{""inferred_stage_hpf"": 0, ""inferred_stage_hpf_reg"": 0, ""manual_stage_hpf"": 0, ""predicted_stage_hpf"": 1, ""stage_hpf"": 1, ""stage_prediction_status"": 0}",static token hit; inspect source before inferring runtime reachability
results/mcolon/20260715_lab_meeting_scratch/01_plot_b9d2_phenotype_summary.py,exploratory_notebook,metadata_filter_order_model_input_or_unknown_static_hit,.py,"{""inferred_stage_hpf"": 0, ""inferred_stage_hpf_reg"": 0, ""manual_stage_hpf"": 0, ""predicted_stage_hpf"": 6, ""stage_hpf"": 6, ""stage_prediction_status"": 0}",static token hit; inspect source before inferring runtime reachability
results/mcolon/20260715_lab_meeting_scratch/03_plot_cep290_phenotype_summary.py,exploratory_notebook,metadata_filter_order_model_input_or_unknown_static_hit,.py,"{""inferred_stage_hpf"": 0, ""inferred_stage_hpf_reg"": 0, ""manual_stage_hpf"": 0, ""predicted_stage_hpf"": 5, ""stage_hpf"": 5, ""stage_prediction_status"": 0}",static token hit; inspect source before inferring runtime reachability
results/mcolon/20260715_lab_meeting_scratch/04_plot_b9d2_phenotype_trajectories_by_pair.py,exploratory_notebook,metadata_filter_order_model_input_or_unknown_static_hit,.py,"{""inferred_stage_hpf"": 0, ""inferred_stage_hpf_reg"": 0, ""manual_stage_hpf"": 0, ""predicted_stage_hpf"": 8, ""stage_hpf"": 8, ""stage_prediction_status"": 0}",static token hit; inspect source before inferring runtime reachability
results/mcolon/20260715_lab_meeting_scratch/05_plot_b9d2_curvature_by_phenotype_and_experiment.py,exploratory_notebook,metadata_filter_order_model_input_or_unknown_static_hit,.py,"{""inferred_stage_hpf"": 0, ""inferred_stage_hpf_reg"": 0, ""manual_stage_hpf"": 0, ""predicted_stage_hpf"": 5, ""stage_hpf"": 5, ""stage_prediction_status"": 0}",static token hit; inspect source before inferring runtime reachability
results/mcolon/20260715_lab_meeting_scratch/07_plot_cep290_phenotype_by_pair.py,exploratory_notebook,metadata_filter_order_model_input_or_unknown_static_hit,.py,"{""inferred_stage_hpf"": 0, ""inferred_stage_hpf_reg"": 0, ""manual_stage_hpf"": 0, ""predicted_stage_hpf"": 5, ""stage_hpf"": 5, ""stage_prediction_status"": 0}",static token hit; inspect source before inferring runtime reachability
results/mcolon/20260715_lab_meeting_scratch/08_plot_cep290_phenotype_distribution.py,exploratory_notebook,metadata_filter_order_model_input_or_unknown_static_hit,.py,"{""inferred_stage_hpf"": 0, ""inferred_stage_hpf_reg"": 0, ""manual_stage_hpf"": 0, ""predicted_stage_hpf"": 4, ""stage_hpf"": 4, ""stage_prediction_status"": 0}",static token hit; inspect source before inferring runtime reachability
results/mcolon/20260715_lab_meeting_scratch/09_plot_cep290_pair_severity_overlay.py,exploratory_notebook,metadata_filter_order_model_input_or_unknown_static_hit,.py,"{""inferred_stage_hpf"": 0, ""inferred_stage_hpf_reg"": 0, ""manual_stage_hpf"": 0, ""predicted_stage_hpf"": 9, ""stage_hpf"": 9, ""stage_prediction_status"": 0}",static token hit; inspect source before inferring runtime reachability
results/mcolon/20260715_lab_meeting_scratch/11_refit_cep290_phenotype_with_np.py,exploratory_notebook,metadata_filter_order_model_input_or_unknown_static_hit,.py,"{""inferred_stage_hpf"": 0, ""inferred_stage_hpf_reg"": 0, ""manual_stage_hpf"": 0, ""predicted_stage_hpf"": 1, ""stage_hpf"": 1, ""stage_prediction_status"": 0}",static token hit; inspect source before inferring runtime reachability
results/mcolon/20260715_lab_meeting_scratch/12_plot_cep290_curvature_3class_views.py,exploratory_notebook,metadata_filter_order_model_input_or_unknown_static_hit,.py,"{""inferred_stage_hpf"": 0, ""inferred_stage_hpf_reg"": 0, ""manual_stage_hpf"": 0, ""predicted_stage_hpf"": 5, ""stage_hpf"": 5, ""stage_prediction_status"": 0}",static token hit; inspect source before inferring runtime reachability
results/mcolon/20260715_lab_meeting_scratch/13_plot_phenotype_emergence_emb.py,exploratory_notebook,metadata_filter_order_model_input_or_unknown_static_hit,.py,"{""inferred_stage_hpf"": 0, ""inferred_stage_hpf_reg"": 0, ""manual_stage_hpf"": 0, ""predicted_stage_hpf"": 1, ""stage_hpf"": 1, ""stage_prediction_status"": 0}",static token hit; inspect source before inferring runtime reachability
results/mcolon/20260715_lab_meeting_scratch/14_plot_resolve_phenotypes_from_mess.py,exploratory_notebook,metadata_filter_order_model_input_or_unknown_static_hit,.py,"{""inferred_stage_hpf"": 0, ""inferred_stage_hpf_reg"": 0, ""manual_stage_hpf"": 0, ""predicted_stage_hpf"": 1, ""stage_hpf"": 1, ""stage_prediction_status"": 0}",static token hit; inspect source before inferring runtime reachability
results/mcolon/20260715_lab_meeting_scratch/15_refit_b9d2_phenotype_with_np.py,exploratory_notebook,metadata_filter_order_model_input_or_unknown_static_hit,.py,"{""inferred_stage_hpf"": 0, ""inferred_stage_hpf_reg"": 0, ""manual_stage_hpf"": 0, ""predicted_stage_hpf"": 1, ""stage_hpf"": 1, ""stage_prediction_status"": 0}",static token hit; inspect source before inferring runtime reachability
results/mcolon/20260715_lab_meeting_scratch/16_plot_znorm_distance_from_wt.py,exploratory_notebook,metadata_filter_order_model_input_or_unknown_static_hit,.py,"{""inferred_stage_hpf"": 0, ""inferred_stage_hpf_reg"": 0, ""manual_stage_hpf"": 0, ""predicted_stage_hpf"": 1, ""stage_hpf"": 1, ""stage_prediction_status"": 0}",static token hit; inspect source before inferring runtime reachability
results/mcolon/20260715_lab_meeting_scratch/17_plot_energy_distance_from_wt.py,exploratory_notebook,metadata_filter_order_model_input_or_unknown_static_hit,.py,"{""inferred_stage_hpf"": 0, ""inferred_stage_hpf_reg"": 0, ""manual_stage_hpf"": 0, ""predicted_stage_hpf"": 1, ""stage_hpf"": 1, ""stage_prediction_status"": 0}",static token hit; inspect source before inferring runtime reachability
results/mcolon/20260715_lab_meeting_scratch/18_plot_per_embryo_distance_from_wt.py,exploratory_notebook,metadata_filter_order_model_input_or_unknown_static_hit,.py,"{""inferred_stage_hpf"": 0, ""inferred_stage_hpf_reg"": 0, ""manual_stage_hpf"": 0, ""predicted_stage_hpf"": 1, ""stage_hpf"": 1, ""stage_prediction_status"": 0}",static token hit; inspect source before inferring runtime reachability
results/mcolon/20260715_lab_meeting_scratch/19_plot_fraction_beyond_wt_threshold.py,exploratory_notebook,metadata_filter_order_model_input_or_unknown_static_hit,.py,"{""inferred_stage_hpf"": 0, ""inferred_stage_hpf_reg"": 0, ""manual_stage_hpf"": 0, ""predicted_stage_hpf"": 1, ""stage_hpf"": 1, ""stage_prediction_status"": 0}",static token hit; inspect source before inferring runtime reachability
results/mcolon/20260715_lab_meeting_scratch/20_plot_energy_distance_wt_halfsplit_null.py,exploratory_notebook,metadata_filter_order_model_input_or_unknown_static_hit,.py,"{""inferred_stage_hpf"": 0, ""inferred_stage_hpf_reg"": 0, ""manual_stage_hpf"": 0, ""predicted_stage_hpf"": 1, ""stage_hpf"": 1, ""stage_prediction_status"": 0}",static token hit; inspect source before inferring runtime reachability
results/mcolon/20260715_lab_meeting_scratch/23_plot_manual_b9d2_labels.py,exploratory_notebook,metadata_filter_order_model_input_or_unknown_static_hit,.py,"{""inferred_stage_hpf"": 0, ""inferred_stage_hpf_reg"": 0, ""manual_stage_hpf"": 0, ""predicted_stage_hpf"": 1, ""stage_hpf"": 1, ""stage_prediction_status"": 0}",static token hit; inspect source before inferring runtime reachability
results/mcolon/20260715_lab_meeting_scratch/24_train_manual_b9d2_pooled_vs_split.py,exploratory_notebook,metadata_filter_order_model_input_or_unknown_static_hit,.py,"{""inferred_stage_hpf"": 0, ""inferred_stage_hpf_reg"": 0, ""manual_stage_hpf"": 0, ""predicted_stage_hpf"": 1, ""stage_hpf"": 1, ""stage_prediction_status"": 0}",static token hit; inspect source before inferring runtime reachability
results/mcolon/20260715_lab_meeting_scratch/25_plot_three_class_training_labels.py,exploratory_notebook,metadata_filter_order_model_input_or_unknown_static_hit,.py,"{""inferred_stage_hpf"": 0, ""inferred_stage_hpf_reg"": 0, ""manual_stage_hpf"": 0, ""predicted_stage_hpf"": 1, ""stage_hpf"": 1, ""stage_prediction_status"": 0}",static token hit; inspect source before inferring runtime reachability
results/mcolon/20260715_lab_meeting_scratch/26_homo_vs_wt_probability.py,exploratory_notebook,metadata_filter_order_model_input_or_unknown_static_hit,.py,"{""inferred_stage_hpf"": 0, ""inferred_stage_hpf_reg"": 0, ""manual_stage_hpf"": 0, ""predicted_stage_hpf"": 1, ""stage_hpf"": 1, ""stage_prediction_status"": 0}",static token hit; inspect source before inferring runtime reachability
results/mcolon/20260715_lab_meeting_scratch/27_build_threshold_explorer.py,exploratory_notebook,metadata_filter_order_model_input_or_unknown_static_hit,.py,"{""inferred_stage_hpf"": 0, ""inferred_stage_hpf_reg"": 0, ""manual_stage_hpf"": 0, ""predicted_stage_hpf"": 1, ""stage_hpf"": 1, ""stage_prediction_status"": 0}",static token hit; inspect source before inferring runtime reachability
results/mcolon/20260715_lab_meeting_scratch/28_cep290_homo_vs_wt_probability.py,exploratory_notebook,metadata_filter_order_model_input_or_unknown_static_hit,.py,"{""inferred_stage_hpf"": 0, ""inferred_stage_hpf_reg"": 0, ""manual_stage_hpf"": 0, ""predicted_stage_hpf"": 1, ""stage_hpf"": 1, ""stage_prediction_status"": 0}",static token hit; inspect source before inferring runtime reachability
results/mcolon/20260715_lab_meeting_scratch/29_ce_phenotype_probability.py,exploratory_notebook,metadata_filter_order_model_input_or_unknown_static_hit,.py,"{""inferred_stage_hpf"": 0, ""inferred_stage_hpf_reg"": 0, ""manual_stage_hpf"": 0, ""predicted_stage_hpf"": 1, ""stage_hpf"": 1, ""stage_prediction_status"": 0}",static token hit; inspect source before inferring runtime reachability
results/mcolon/20260715_lab_meeting_scratch/30_three_class_simplex_explorer.py,exploratory_notebook,metadata_filter_order_model_input_or_unknown_static_hit,.py,"{""inferred_stage_hpf"": 0, ""inferred_stage_hpf_reg"": 0, ""manual_stage_hpf"": 0, ""predicted_stage_hpf"": 1, ""stage_hpf"": 1, ""stage_prediction_status"": 0}",static token hit; inspect source before inferring runtime reachability
results/mcolon/20260715_lab_meeting_scratch/32_penetrance_dots_both_genes.py,exploratory_notebook,metadata_filter_order_model_input_or_unknown_static_hit,.py,"{""inferred_stage_hpf"": 0, ""inferred_stage_hpf_reg"": 0, ""manual_stage_hpf"": 0, ""predicted_stage_hpf"": 1, ""stage_hpf"": 1, ""stage_prediction_status"": 0}",static token hit; inspect source before inferring runtime reachability
results/mcolon/20260715_lab_meeting_scratch/36_starter_pairs_and_f1s.py,exploratory_notebook,metadata_filter_order_model_input_or_unknown_static_hit,.py,"{""inferred_stage_hpf"": 0, ""inferred_stage_hpf_reg"": 0, ""manual_stage_hpf"": 0, ""predicted_stage_hpf"": 1, ""stage_hpf"": 1, ""stage_prediction_status"": 0}",static token hit; inspect source before inferring runtime reachability
results/mcolon/20260715_lab_meeting_scratch/registry/build_registry.py,exploratory_notebook,metadata_filter_order_model_input_or_unknown_static_hit,.py,"{""inferred_stage_hpf"": 0, ""inferred_stage_hpf_reg"": 0, ""manual_stage_hpf"": 0, ""predicted_stage_hpf"": 4, ""stage_hpf"": 4, ""stage_prediction_status"": 0}",static token hit; inspect source before inferring runtime reachability
results/mcolon/20260727_gene14_clean/0_shared/map_morphseq_to_sequencing.ipynb,exploratory_notebook,plot_exploration_or_reporting,.ipynb,"{""inferred_stage_hpf"": 0, ""inferred_stage_hpf_reg"": 0, ""manual_stage_hpf"": 0, ""predicted_stage_hpf"": 0, ""stage_hpf"": 3, ""stage_prediction_status"": 0}",static token hit; inspect source before inferring runtime reachability
results/nlammers/20250210/assess_hotfish_morph_space.ipynb,exploratory_notebook,plot_exploration_or_reporting,.ipynb,"{""inferred_stage_hpf"": 0, ""inferred_stage_hpf_reg"": 0, ""manual_stage_hpf"": 0, ""predicted_stage_hpf"": 1, ""stage_hpf"": 1, ""stage_prediction_status"": 0}",static token hit; inspect source before inferring runtime reachability
results/nlammers/20250217/hotfish_morph_analyses.ipynb,exploratory_notebook,plot_exploration_or_reporting,.ipynb,"{""inferred_stage_hpf"": 0, ""inferred_stage_hpf_reg"": 0, ""manual_stage_hpf"": 0, ""predicted_stage_hpf"": 24, ""stage_hpf"": 41, ""stage_prediction_status"": 0}",static token hit; inspect source before inferring runtime reachability
results/nlammers/20250217/hotfish_morph_analyses_v2.ipynb,exploratory_notebook,plot_exploration_or_reporting,.ipynb,"{""inferred_stage_hpf"": 0, ""inferred_stage_hpf_reg"": 0, ""manual_stage_hpf"": 0, ""predicted_stage_hpf"": 15, ""stage_hpf"": 24, ""stage_prediction_status"": 0}",static token hit; inspect source before inferring runtime reachability
results/nlammers/20250303/fit_hooke_spline.ipynb,exploratory_notebook,plot_exploration_or_reporting,.ipynb,"{""inferred_stage_hpf"": 0, ""inferred_stage_hpf_reg"": 0, ""manual_stage_hpf"": 0, ""predicted_stage_hpf"": 2, ""stage_hpf"": 6, ""stage_prediction_status"": 0}",static token hit; inspect source before inferring runtime reachability
results/nlammers/20250303/fit_morph_spline.ipynb,exploratory_notebook,plot_exploration_or_reporting,.ipynb,"{""inferred_stage_hpf"": 0, ""inferred_stage_hpf_reg"": 0, ""manual_stage_hpf"": 0, ""predicted_stage_hpf"": 4, ""stage_hpf"": 9, ""stage_prediction_status"": 0}",static token hit; inspect source before inferring runtime reachability
results/nlammers/20250303/generate_morphseq_dataset.ipynb,exploratory_notebook,plot_exploration_or_reporting,.ipynb,"{""inferred_stage_hpf"": 0, ""inferred_stage_hpf_reg"": 0, ""manual_stage_hpf"": 0, ""predicted_stage_hpf"": 1, ""stage_hpf"": 4, ""stage_prediction_status"": 0}",static token hit; inspect source before inferring runtime reachability
results/nlammers/20250303/hf2_morphseq_cca.ipynb,exploratory_notebook,plot_exploration_or_reporting,.ipynb,"{""inferred_stage_hpf"": 0, ""inferred_stage_hpf_reg"": 0, ""manual_stage_hpf"": 0, ""predicted_stage_hpf"": 0, ""stage_hpf"": 1, ""stage_prediction_status"": 0}",static token hit; inspect source before inferring runtime reachability
results/nlammers/20250303/hf2_morphseq_mlp_cat.ipynb,exploratory_notebook,plot_exploration_or_reporting,.ipynb,"{""inferred_stage_hpf"": 0, ""inferred_stage_hpf_reg"": 0, ""manual_stage_hpf"": 0, ""predicted_stage_hpf"": 0, ""stage_hpf"": 13, ""stage_prediction_status"": 0}",static token hit; inspect source before inferring runtime reachability
results/nlammers/20250303/hf2_morphseq_mlp_spline.ipynb,exploratory_notebook,plot_exploration_or_reporting,.ipynb,"{""inferred_stage_hpf"": 0, ""inferred_stage_hpf_reg"": 0, ""manual_stage_hpf"": 0, ""predicted_stage_hpf"": 0, ""stage_hpf"": 3, ""stage_prediction_status"": 0}",static token hit; inspect source before inferring runtime reachability
results/nlammers/20250303/hf2_morphseq_mlp_stage.ipynb,exploratory_notebook,plot_exploration_or_reporting,.ipynb,"{""inferred_stage_hpf"": 0, ""inferred_stage_hpf_reg"": 0, ""manual_stage_hpf"": 0, ""predicted_stage_hpf"": 0, ""stage_hpf"": 26, ""stage_prediction_status"": 0}",static token hit; inspect source before inferring runtime reachability
results/nlammers/20250303/hf2_morphseq_mlp_v2.ipynb,exploratory_notebook,plot_exploration_or_reporting,.ipynb,"{""inferred_stage_hpf"": 0, ""inferred_stage_hpf_reg"": 0, ""manual_stage_hpf"": 0, ""predicted_stage_hpf"": 0, ""stage_hpf"": 14, ""stage_prediction_status"": 0}",static token hit; inspect source before inferring runtime reachability
results/nlammers/20250310/fit_morph_spline_v2.ipynb,exploratory_notebook,plot_exploration_or_reporting,.ipynb,"{""inferred_stage_hpf"": 0, ""inferred_stage_hpf_reg"": 0, ""manual_stage_hpf"": 0, ""predicted_stage_hpf"": 10, ""stage_hpf"": 19, ""stage_prediction_status"": 0}",static token hit; inspect source before inferring runtime reachability
results/nlammers/20250310/hotfish_morph_analyses_v3.ipynb,exploratory_notebook,plot_exploration_or_reporting,.ipynb,"{""inferred_stage_hpf"": 0, ""inferred_stage_hpf_reg"": 0, ""manual_stage_hpf"": 0, ""predicted_stage_hpf"": 12, ""stage_hpf"": 21, ""stage_prediction_status"": 0}",static token hit; inspect source before inferring runtime reachability
results/nlammers/20250312/checked/fit_morph_spline_v2.ipynb,exploratory_notebook,plot_exploration_or_reporting,.ipynb,"{""inferred_stage_hpf"": 0, ""inferred_stage_hpf_reg"": 0, ""manual_stage_hpf"": 0, ""predicted_stage_hpf"": 10, ""stage_hpf"": 19, ""stage_prediction_status"": 0}",static token hit; inspect source before inferring runtime reachability
results/nlammers/20250312/fit_morph_spline_v2.ipynb,exploratory_notebook,plot_exploration_or_reporting,.ipynb,"{""inferred_stage_hpf"": 0, ""inferred_stage_hpf_reg"": 0, ""manual_stage_hpf"": 0, ""predicted_stage_hpf"": 4, ""stage_hpf"": 9, ""stage_prediction_status"": 0}",static token hit; inspect source before inferring runtime reachability
results/nlammers/20250312/hf2_morphseq_mlp_stage.ipynb,exploratory_notebook,plot_exploration_or_reporting,.ipynb,"{""inferred_stage_hpf"": 0, ""inferred_stage_hpf_reg"": 0, ""manual_stage_hpf"": 0, ""predicted_stage_hpf"": 0, ""stage_hpf"": 26, ""stage_prediction_status"": 0}",static token hit; inspect source before inferring runtime reachability
results/nlammers/20250312/hf2_morphseq_mlp_v2.ipynb,exploratory_notebook,plot_exploration_or_reporting,.ipynb,"{""inferred_stage_hpf"": 0, ""inferred_stage_hpf_reg"": 0, ""manual_stage_hpf"": 0, ""predicted_stage_hpf"": 0, ""stage_hpf"": 14, ""stage_prediction_status"": 0}",static token hit; inspect source before inferring runtime reachability
results/nlammers/20250312/hf2_seq_to_morph_fig.ipynb,exploratory_notebook,plot_exploration_or_reporting,.ipynb,"{""inferred_stage_hpf"": 0, ""inferred_stage_hpf_reg"": 0, ""manual_stage_hpf"": 0, ""predicted_stage_hpf"": 0, ""stage_hpf"": 1, ""stage_prediction_status"": 0}",static token hit; inspect source before inferring runtime reachability
results/nlammers/20250312/hotfish_morph_analyses.ipynb,exploratory_notebook,plot_exploration_or_reporting,.ipynb,"{""inferred_stage_hpf"": 0, ""inferred_stage_hpf_reg"": 0, ""manual_stage_hpf"": 0, ""predicted_stage_hpf"": 1, ""stage_hpf"": 28, ""stage_prediction_status"": 0}",static token hit; inspect source before inferring runtime reachability
results/nlammers/20250312/make_umap_plots.ipynb,exploratory_notebook,plot_exploration_or_reporting,.ipynb,"{""inferred_stage_hpf"": 0, ""inferred_stage_hpf_reg"": 0, ""manual_stage_hpf"": 0, ""predicted_stage_hpf"": 3, ""stage_hpf"": 3, ""stage_prediction_status"": 0}",static token hit; inspect source before inferring runtime reachability
results/nlammers/20250312/morph_pca_to_image.py,exploratory_notebook,metadata_filter_order_model_input_or_unknown_static_hit,.py,"{""inferred_stage_hpf"": 0, ""inferred_stage_hpf_reg"": 0, ""manual_stage_hpf"": 0, ""predicted_stage_hpf"": 1, ""stage_hpf"": 1, ""stage_prediction_status"": 0}",static token hit; inspect source before inferring runtime reachability
results/nlammers/20250319/hf2_seq_morph_arrhenius.ipynb,exploratory_notebook,plot_exploration_or_reporting,.ipynb,"{""inferred_stage_hpf"": 0, ""inferred_stage_hpf_reg"": 0, ""manual_stage_hpf"": 0, ""predicted_stage_hpf"": 0, ""stage_hpf"": 22, ""stage_prediction_status"": 0}",static token hit; inspect source before inferring runtime reachability
results/nlammers/20250505/cell_type_trend_plots.ipynb,exploratory_notebook,plot_exploration_or_reporting,.ipynb,"{""inferred_stage_hpf"": 0, ""inferred_stage_hpf_reg"": 0, ""manual_stage_hpf"": 0, ""predicted_stage_hpf"": 1, ""stage_hpf"": 19, ""stage_prediction_status"": 0}",static token hit; inspect source before inferring runtime reachability
results/nlammers/20250505/generate_hooke_model_trends.ipynb,exploratory_notebook,plot_exploration_or_reporting,.ipynb,"{""inferred_stage_hpf"": 0, ""inferred_stage_hpf_reg"": 0, ""manual_stage_hpf"": 0, ""predicted_stage_hpf"": 0, ""stage_hpf"": 1, ""stage_prediction_status"": 0}",static token hit; inspect source before inferring runtime reachability
results/nlammers/20250505/hotfish_morph_plots.ipynb,exploratory_notebook,plot_exploration_or_reporting,.ipynb,"{""inferred_stage_hpf"": 0, ""inferred_stage_hpf_reg"": 0, ""manual_stage_hpf"": 0, ""predicted_stage_hpf"": 0, ""stage_hpf"": 33, ""stage_prediction_status"": 0}",static token hit; inspect source before inferring runtime reachability
results/nlammers/20250505/hotfish_morph_plots_v2.ipynb,exploratory_notebook,plot_exploration_or_reporting,.ipynb,"{""inferred_stage_hpf"": 0, ""inferred_stage_hpf_reg"": 0, ""manual_stage_hpf"": 0, ""predicted_stage_hpf"": 0, ""stage_hpf"": 22, ""stage_prediction_status"": 0}",static token hit; inspect source before inferring runtime reachability
results/nlammers/20250505/hotfish_upr_morph.ipynb,exploratory_notebook,plot_exploration_or_reporting,.ipynb,"{""inferred_stage_hpf"": 0, ""inferred_stage_hpf_reg"": 0, ""manual_stage_hpf"": 0, ""predicted_stage_hpf"": 0, ""stage_hpf"": 3, ""stage_prediction_status"": 0}",static token hit; inspect source before inferring runtime reachability
results/nlammers/20250707/get_stage_calibration.ipynb,exploratory_notebook,plot_exploration_or_reporting,.ipynb,"{""inferred_stage_hpf"": 0, ""inferred_stage_hpf_reg"": 0, ""manual_stage_hpf"": 0, ""predicted_stage_hpf"": 0, ""stage_hpf"": 2, ""stage_prediction_status"": 0}",static token hit; inspect source before inferring runtime reachability
results/nlammers/20260209/pbx_notebook.ipynb,exploratory_notebook,plot_exploration_or_reporting,.ipynb,"{""inferred_stage_hpf"": 0, ""inferred_stage_hpf_reg"": 0, ""manual_stage_hpf"": 0, ""predicted_stage_hpf"": 11, ""stage_hpf"": 11, ""stage_prediction_status"": 0}",static token hit; inspect source before inferring runtime reachability
results/nlammers/20260504/fig_notebooks/hf2_seq_morph_arrhenius.ipynb,exploratory_notebook,plot_exploration_or_reporting,.ipynb,"{""inferred_stage_hpf"": 0, ""inferred_stage_hpf_reg"": 0, ""manual_stage_hpf"": 0, ""predicted_stage_hpf"": 0, ""stage_hpf"": 22, ""stage_prediction_status"": 0}",static token hit; inspect source before inferring runtime reachability
results/nlammers/20260504/hotfish_morph_analyses.ipynb,exploratory_notebook,plot_exploration_or_reporting,.ipynb,"{""inferred_stage_hpf"": 0, ""inferred_stage_hpf_reg"": 0, ""manual_stage_hpf"": 0, ""predicted_stage_hpf"": 1, ""stage_hpf"": 28, ""stage_prediction_status"": 0}",static token hit; inspect source before inferring runtime reachability
results/nlammers/20260504/hotfish_morph_plots_v2.ipynb,exploratory_notebook,plot_exploration_or_reporting,.ipynb,"{""inferred_stage_hpf"": 0, ""inferred_stage_hpf_reg"": 0, ""manual_stage_hpf"": 0, ""predicted_stage_hpf"": 0, ""stage_hpf"": 22, ""stage_prediction_status"": 0}",static token hit; inspect source before inferring runtime reachability
results/nlammers/20260528/01_developmental_tempo_and_noise.ipynb,exploratory_notebook,plot_exploration_or_reporting,.ipynb,"{""inferred_stage_hpf"": 0, ""inferred_stage_hpf_reg"": 0, ""manual_stage_hpf"": 0, ""predicted_stage_hpf"": 0, ""stage_hpf"": 11, ""stage_prediction_status"": 0}",static token hit; inspect source before inferring runtime reachability
results/nlammers/20260528/05_presentation_sac_figs.ipynb,exploratory_notebook,plot_exploration_or_reporting,.ipynb,"{""inferred_stage_hpf"": 0, ""inferred_stage_hpf_reg"": 0, ""manual_stage_hpf"": 0, ""predicted_stage_hpf"": 0, ""stage_hpf"": 54, ""stage_prediction_status"": 0}",static token hit; inspect source before inferring runtime reachability
results/nlammers/20260528/figure_utils.py,exploratory_notebook,metadata_filter_order_model_input_or_unknown_static_hit,.py,"{""inferred_stage_hpf"": 0, ""inferred_stage_hpf_reg"": 0, ""manual_stage_hpf"": 0, ""predicted_stage_hpf"": 0, ""stage_hpf"": 4, ""stage_prediction_status"": 0}",static token hit; inspect source before inferring runtime reachability
results/nlammers/20260528/hotfish_morph_plots_v3.ipynb,exploratory_notebook,plot_exploration_or_reporting,.ipynb,"{""inferred_stage_hpf"": 0, ""inferred_stage_hpf_reg"": 0, ""manual_stage_hpf"": 0, ""predicted_stage_hpf"": 0, ""stage_hpf"": 17, ""stage_prediction_status"": 0}",static token hit; inspect source before inferring runtime reachability
results/nlammers/20260528/make_tempo_noise_bootstrap_se.py,exploratory_notebook,metadata_filter_order_model_input_or_unknown_static_hit,.py,"{""inferred_stage_hpf"": 0, ""inferred_stage_hpf_reg"": 0, ""manual_stage_hpf"": 0, ""predicted_stage_hpf"": 0, ""stage_hpf"": 3, ""stage_prediction_status"": 0}",static token hit; inspect source before inferring runtime reachability
results/nlammers/20260612/07_pbx_60hpf_logistic_tests.ipynb,exploratory_notebook,plot_exploration_or_reporting,.ipynb,"{""inferred_stage_hpf"": 0, ""inferred_stage_hpf_reg"": 0, ""manual_stage_hpf"": 0, ""predicted_stage_hpf"": 2, ""stage_hpf"": 11, ""stage_prediction_status"": 0}",static token hit; inspect source before inferring runtime reachability
results/nlammers/20260612/08_fig2_hotfish_validation.ipynb,exploratory_notebook,plot_exploration_or_reporting,.ipynb,"{""inferred_stage_hpf"": 0, ""inferred_stage_hpf_reg"": 0, ""manual_stage_hpf"": 0, ""predicted_stage_hpf"": 0, ""stage_hpf"": 8, ""stage_prediction_status"": 0}",static token hit; inspect source before inferring runtime reachability
results/nlammers/20260615/compare_atlas_counts.ipynb,exploratory_notebook,plot_exploration_or_reporting,.ipynb,"{""inferred_stage_hpf"": 0, ""inferred_stage_hpf_reg"": 0, ""manual_stage_hpf"": 0, ""predicted_stage_hpf"": 0, ""stage_hpf"": 1, ""stage_prediction_status"": 0}",static token hit; inspect source before inferring runtime reachability
results/nlammers/20260723_seahub/01_seahub_registry_and_segmentation.ipynb,exploratory_notebook,plot_exploration_or_reporting,.ipynb,"{""inferred_stage_hpf"": 0, ""inferred_stage_hpf_reg"": 0, ""manual_stage_hpf"": 0, ""predicted_stage_hpf"": 0, ""stage_hpf"": 3, ""stage_prediction_status"": 0}",static token hit; inspect source before inferring runtime reachability
results/nlammers/20260723_seahub/02_seahub_surface_area_calibration.ipynb,exploratory_notebook,plot_exploration_or_reporting,.ipynb,"{""inferred_stage_hpf"": 0, ""inferred_stage_hpf_reg"": 0, ""manual_stage_hpf"": 0, ""predicted_stage_hpf"": 1, ""stage_hpf"": 3, ""stage_prediction_status"": 0}",static token hit; inspect source before inferring runtime reachability
results/nlammers/20260723_seahub/make_seahub_surface_area_calibration_notebook.py,exploratory_notebook,metadata_filter_order_model_input_or_unknown_static_hit,.py,"{""inferred_stage_hpf"": 0, ""inferred_stage_hpf_reg"": 0, ""manual_stage_hpf"": 0, ""predicted_stage_hpf"": 1, ""stage_hpf"": 3, ""stage_prediction_status"": 0}",static token hit; inspect source before inferring runtime reachability
results/nlammers/20260723_seahub/run_sam2_masks.py,exploratory_notebook,metadata_filter_order_model_input_or_unknown_static_hit,.py,"{""inferred_stage_hpf"": 0, ""inferred_stage_hpf_reg"": 0, ""manual_stage_hpf"": 0, ""predicted_stage_hpf"": 0, ""stage_hpf"": 1, ""stage_prediction_status"": 0}",static token hit; inspect source before inferring runtime reachability
results/nlammers/20260723_seahub/seahub_surface_area_calibration.py,exploratory_notebook,metadata_filter_order_model_input_or_unknown_static_hit,.py,"{""inferred_stage_hpf"": 0, ""inferred_stage_hpf_reg"": 0, ""manual_stage_hpf"": 0, ""predicted_stage_hpf"": 25, ""stage_hpf"": 58, ""stage_prediction_status"": 0}",static token hit; inspect source before inferring runtime reachability
results/nlammers/20260723_seahub/seahub_workflow.py,exploratory_notebook,metadata_filter_order_model_input_or_unknown_static_hit,.py,"{""inferred_stage_hpf"": 0, ""inferred_stage_hpf_reg"": 0, ""manual_stage_hpf"": 0, ""predicted_stage_hpf"": 0, ""stage_hpf"": 2, ""stage_prediction_status"": 0}",static token hit; inspect source before inferring runtime reachability
results/nlammers/20260723_seahub/test_run_sam2_masks.py,exploratory_notebook,metadata_filter_order_model_input_or_unknown_static_hit,.py,"{""inferred_stage_hpf"": 0, ""inferred_stage_hpf_reg"": 0, ""manual_stage_hpf"": 0, ""predicted_stage_hpf"": 0, ""stage_hpf"": 3, ""stage_prediction_status"": 0}",static token hit; inspect source before inferring runtime reachability
results/nlammers/20260723_seahub/test_seahub_workflow.py,exploratory_notebook,metadata_filter_order_model_input_or_unknown_static_hit,.py,"{""inferred_stage_hpf"": 0, ""inferred_stage_hpf_reg"": 0, ""manual_stage_hpf"": 0, ""predicted_stage_hpf"": 0, ""stage_hpf"": 3, ""stage_prediction_status"": 0}",static token hit; inspect source before inferring runtime reachability
results/nlammers/20260729_morphseq_integration/build_qc_diagnostic_nb.py,exploratory_notebook,metadata_filter_order_model_input_or_unknown_static_hit,.py,"{""inferred_stage_hpf"": 0, ""inferred_stage_hpf_reg"": 0, ""manual_stage_hpf"": 0, ""predicted_stage_hpf"": 2, ""stage_hpf"": 3, ""stage_prediction_status"": 0}",static token hit; inspect source before inferring runtime reachability
results/nlammers/20260729_morphseq_integration/qc_diagnostic_utils.py,exploratory_notebook,metadata_filter_order_model_input_or_unknown_static_hit,.py,"{""inferred_stage_hpf"": 0, ""inferred_stage_hpf_reg"": 0, ""manual_stage_hpf"": 0, ""predicted_stage_hpf"": 3, ""stage_hpf"": 11, ""stage_prediction_status"": 0}",static token hit; inspect source before inferring runtime reachability
results/nlammers/20260729_morphseq_integration/qc_flag_diagnosis.ipynb,exploratory_notebook,plot_exploration_or_reporting,.ipynb,"{""inferred_stage_hpf"": 0, ""inferred_stage_hpf_reg"": 0, ""manual_stage_hpf"": 0, ""predicted_stage_hpf"": 2, ""stage_hpf"": 3, ""stage_prediction_status"": 0}",static token hit; inspect source before inferring runtime reachability
results/nlammers/20260730_GENE7/gene7_cohort_axes.ipynb,exploratory_notebook,plot_exploration_or_reporting,.ipynb,"{""inferred_stage_hpf"": 0, ""inferred_stage_hpf_reg"": 0, ""manual_stage_hpf"": 0, ""predicted_stage_hpf"": 1, ""stage_hpf"": 1, ""stage_prediction_status"": 0}",static token hit; inspect source before inferring runtime reachability
results/nlammers/20260730_GENE7/gene7_morphospace.ipynb,exploratory_notebook,plot_exploration_or_reporting,.ipynb,"{""inferred_stage_hpf"": 0, ""inferred_stage_hpf_reg"": 0, ""manual_stage_hpf"": 0, ""predicted_stage_hpf"": 0, ""stage_hpf"": 1, ""stage_prediction_status"": 0}",static token hit; inspect source before inferring runtime reachability
results/nlammers/20260730_GENE7/gene7_morphospace_registration.ipynb,exploratory_notebook,plot_exploration_or_reporting,.ipynb,"{""inferred_stage_hpf"": 0, ""inferred_stage_hpf_reg"": 0, ""manual_stage_hpf"": 0, ""predicted_stage_hpf"": 1, ""stage_hpf"": 8, ""stage_prediction_status"": 0}",static token hit; inspect source before inferring runtime reachability
results/nlammers/20260730_GENE7/legacy_reference.py,exploratory_notebook,metadata_filter_order_model_input_or_unknown_static_hit,.py,"{""inferred_stage_hpf"": 0, ""inferred_stage_hpf_reg"": 0, ""manual_stage_hpf"": 0, ""predicted_stage_hpf"": 4, ""stage_hpf"": 5, ""stage_prediction_status"": 0}",static token hit; inspect source before inferring runtime reachability
results/nlammers/20260730_GENE7/morph_pca_spline.py,exploratory_notebook,metadata_filter_order_model_input_or_unknown_static_hit,.py,"{""inferred_stage_hpf"": 0, ""inferred_stage_hpf_reg"": 0, ""manual_stage_hpf"": 0, ""predicted_stage_hpf"": 3, ""stage_hpf"": 4, ""stage_prediction_status"": 0}",static token hit; inspect source before inferring runtime reachability
results/nlammers/20260730_GENE7/run_processing.py,exploratory_notebook,metadata_filter_order_model_input_or_unknown_static_hit,.py,"{""inferred_stage_hpf"": 0, ""inferred_stage_hpf_reg"": 0, ""manual_stage_hpf"": 0, ""predicted_stage_hpf"": 1, ""stage_hpf"": 1, ""stage_prediction_status"": 0}",static token hit; inspect source before inferring runtime reachability
results/nlammers/20260805/build_training_corpus_census.py,exploratory_notebook,metadata_filter_order_model_input_or_unknown_static_hit,.py,"{""inferred_stage_hpf"": 0, ""inferred_stage_hpf_reg"": 0, ""manual_stage_hpf"": 0, ""predicted_stage_hpf"": 0, ""stage_hpf"": 10, ""stage_prediction_status"": 0}",static token hit; inspect source before inferring runtime reachability
results/nlammers/20260805/drift_curl_free_gut_check.ipynb,exploratory_notebook,plot_exploration_or_reporting,.ipynb,"{""inferred_stage_hpf"": 0, ""inferred_stage_hpf_reg"": 0, ""manual_stage_hpf"": 0, ""predicted_stage_hpf"": 2, ""stage_hpf"": 10, ""stage_prediction_status"": 0}",static token hit; inspect source before inferring runtime reachability
results/nlammers/20260805/hotfish_stage_figures.ipynb,exploratory_notebook,plot_exploration_or_reporting,.ipynb,"{""inferred_stage_hpf"": 0, ""inferred_stage_hpf_reg"": 0, ""manual_stage_hpf"": 0, ""predicted_stage_hpf"": 0, ""stage_hpf"": 2, ""stage_prediction_status"": 0}",static token hit; inspect source before inferring runtime reachability
results/nlammers/20260805/hotfish_stage_utils.py,exploratory_notebook,metadata_filter_order_model_input_or_unknown_static_hit,.py,"{""inferred_stage_hpf"": 0, ""inferred_stage_hpf_reg"": 0, ""manual_stage_hpf"": 0, ""predicted_stage_hpf"": 0, ""stage_hpf"": 4, ""stage_prediction_status"": 0}",static token hit; inspect source before inferring runtime reachability
results/nlammers/20260805/morph_stage_reliability.ipynb,exploratory_notebook,plot_exploration_or_reporting,.ipynb,"{""inferred_stage_hpf"": 0, ""inferred_stage_hpf_reg"": 0, ""manual_stage_hpf"": 0, ""predicted_stage_hpf"": 2, ""stage_hpf"": 9, ""stage_prediction_status"": 0}",static token hit; inspect source before inferring runtime reachability
results/nlammers/20260805/morph_stage_reliability_utils.py,exploratory_notebook,metadata_filter_order_model_input_or_unknown_static_hit,.py,"{""inferred_stage_hpf"": 0, ""inferred_stage_hpf_reg"": 0, ""manual_stage_hpf"": 0, ""predicted_stage_hpf"": 3, ""stage_hpf"": 14, ""stage_prediction_status"": 0}",static token hit; inspect source before inferring runtime reachability
results/nlammers/20260805/morph_stage_variability.ipynb,exploratory_notebook,plot_exploration_or_reporting,.ipynb,"{""inferred_stage_hpf"": 0, ""inferred_stage_hpf_reg"": 0, ""manual_stage_hpf"": 0, ""predicted_stage_hpf"": 0, ""stage_hpf"": 18, ""stage_prediction_status"": 0}",static token hit; inspect source before inferring runtime reachability
results/nlammers/20260805/shift_simulation_utils.py,exploratory_notebook,metadata_filter_order_model_input_or_unknown_static_hit,.py,"{""inferred_stage_hpf"": 0, ""inferred_stage_hpf_reg"": 0, ""manual_stage_hpf"": 0, ""predicted_stage_hpf"": 0, ""stage_hpf"": 2, ""stage_prediction_status"": 0}",static token hit; inspect source before inferring runtime reachability
results/nlammers/20260805/shift_stage_simulation.ipynb,exploratory_notebook,plot_exploration_or_reporting,.ipynb,"{""inferred_stage_hpf"": 0, ""inferred_stage_hpf_reg"": 0, ""manual_stage_hpf"": 0, ""predicted_stage_hpf"": 0, ""stage_hpf"": 1, ""stage_prediction_status"": 0}",static token hit; inspect source before inferring runtime reachability
scripts/recon/analyze_surface_area_qc.py,script,qc_conditioning_axis,.py,"{""inferred_stage_hpf"": 0, ""inferred_stage_hpf_reg"": 0, ""manual_stage_hpf"": 0, ""predicted_stage_hpf"": 12, ""stage_hpf"": 16, ""stage_prediction_status"": 3}",static token hit; inspect source before inferring runtime reachability
scripts/recon/audit_stage_estimation.py,script,metadata_filter_order_model_input_or_unknown_static_hit,.py,"{""inferred_stage_hpf"": 9, ""inferred_stage_hpf_reg"": 5, ""manual_stage_hpf"": 4, ""predicted_stage_hpf"": 10, ""stage_hpf"": 30, ""stage_prediction_status"": 6}",static token hit; inspect source before inferring runtime reachability
scripts/recon/pipeline_recon.py,script,metadata_filter_order_model_input_or_unknown_static_hit,.py,"{""inferred_stage_hpf"": 0, ""inferred_stage_hpf_reg"": 0, ""manual_stage_hpf"": 0, ""predicted_stage_hpf"": 7, ""stage_hpf"": 7, ""stage_prediction_status"": 5}",static token hit; inspect source before inferring runtime reachability
segmentation_sandbox/scripts/body_axis_analysis/process_curvature_batch_legacy.py,script_or_orchestration,metadata_filter_order_model_input_or_unknown_static_hit,.py,"{""inferred_stage_hpf"": 0, ""inferred_stage_hpf_reg"": 0, ""manual_stage_hpf"": 0, ""predicted_stage_hpf"": 6, ""stage_hpf"": 10, ""stage_prediction_status"": 0}",static token hit; inspect source before inferring runtime reachability
segmentation_sandbox/scripts/body_axis_analysis/profile_curvature_timing.py,script_or_orchestration,metadata_filter_order_model_input_or_unknown_static_hit,.py,"{""inferred_stage_hpf"": 0, ""inferred_stage_hpf_reg"": 0, ""manual_stage_hpf"": 0, ""predicted_stage_hpf"": 3, ""stage_hpf"": 3, ""stage_prediction_status"": 0}",static token hit; inspect source before inferring runtime reachability
src/analyze/assess_hydra_results.py,downstream_analysis_or_app,metadata_filter_order_model_input_or_unknown_static_hit,.py,"{""inferred_stage_hpf"": 0, ""inferred_stage_hpf_reg"": 0, ""manual_stage_hpf"": 0, ""predicted_stage_hpf"": 2, ""stage_hpf"": 2, ""stage_prediction_status"": 0}",static token hit; inspect source before inferring runtime reachability
src/analyze/assess_vae_results.py,downstream_analysis_or_app,metadata_filter_order_model_input_or_unknown_static_hit,.py,"{""inferred_stage_hpf"": 0, ""inferred_stage_hpf_reg"": 0, ""manual_stage_hpf"": 0, ""predicted_stage_hpf"": 6, ""stage_hpf"": 6, ""stage_prediction_status"": 0}",static token hit; inspect source before inferring runtime reachability
src/analyze/classification/classification_results.py,downstream_analysis_or_app,metadata_filter_order_model_input_or_unknown_static_hit,.py,"{""inferred_stage_hpf"": 0, ""inferred_stage_hpf_reg"": 0, ""manual_stage_hpf"": 0, ""predicted_stage_hpf"": 1, ""stage_hpf"": 1, ""stage_prediction_status"": 0}",static token hit; inspect source before inferring runtime reachability
src/analyze/classification/classification_test.py,downstream_analysis_or_app,metadata_filter_order_model_input_or_unknown_static_hit,.py,"{""inferred_stage_hpf"": 0, ""inferred_stage_hpf_reg"": 0, ""manual_stage_hpf"": 0, ""predicted_stage_hpf"": 2, ""stage_hpf"": 2, ""stage_prediction_status"": 0}",static token hit; inspect source before inferring runtime reachability
src/analyze/classification/label_transfer/core.py,downstream_analysis_or_app,metadata_filter_order_model_input_or_unknown_static_hit,.py,"{""inferred_stage_hpf"": 0, ""inferred_stage_hpf_reg"": 0, ""manual_stage_hpf"": 0, ""predicted_stage_hpf"": 1, ""stage_hpf"": 1, ""stage_prediction_status"": 0}",static token hit; inspect source before inferring runtime reachability
src/analyze/classification/label_transfer/perbin.py,downstream_analysis_or_app,metadata_filter_order_model_input_or_unknown_static_hit,.py,"{""inferred_stage_hpf"": 0, ""inferred_stage_hpf_reg"": 0, ""manual_stage_hpf"": 0, ""predicted_stage_hpf"": 1, ""stage_hpf"": 1, ""stage_prediction_status"": 0}",static token hit; inspect source before inferring runtime reachability
src/analyze/classification/tests/test_analysis.py,downstream_analysis_or_app,metadata_filter_order_model_input_or_unknown_static_hit,.py,"{""inferred_stage_hpf"": 0, ""inferred_stage_hpf_reg"": 0, ""manual_stage_hpf"": 0, ""predicted_stage_hpf"": 1, ""stage_hpf"": 1, ""stage_prediction_status"": 0}",static token hit; inspect source before inferring runtime reachability
src/analyze/classification/tests/test_classification_test.py,downstream_analysis_or_app,metadata_filter_order_model_input_or_unknown_static_hit,.py,"{""inferred_stage_hpf"": 0, ""inferred_stage_hpf_reg"": 0, ""manual_stage_hpf"": 0, ""predicted_stage_hpf"": 1, ""stage_hpf"": 1, ""stage_prediction_status"": 0}",static token hit; inspect source before inferring runtime reachability
src/analyze/classification/tests/test_run_classification.py,downstream_analysis_or_app,metadata_filter_order_model_input_or_unknown_static_hit,.py,"{""inferred_stage_hpf"": 0, ""inferred_stage_hpf_reg"": 0, ""manual_stage_hpf"": 0, ""predicted_stage_hpf"": 33, ""stage_hpf"": 33, ""stage_prediction_status"": 0}",static token hit; inspect source before inferring runtime reachability
src/analyze/classification/viz/simplex_adapters.py,downstream_analysis_or_app,plot_exploration_or_reporting,.py,"{""inferred_stage_hpf"": 0, ""inferred_stage_hpf_reg"": 0, ""manual_stage_hpf"": 0, ""predicted_stage_hpf"": 1, ""stage_hpf"": 1, ""stage_prediction_status"": 0}",static token hit; inspect source before inferring runtime reachability
src/analyze/difference_detection/classification_test.py,downstream_analysis_or_app,metadata_filter_order_model_input_or_unknown_static_hit,.py,"{""inferred_stage_hpf"": 0, ""inferred_stage_hpf_reg"": 0, ""manual_stage_hpf"": 0, ""predicted_stage_hpf"": 2, ""stage_hpf"": 2, ""stage_prediction_status"": 0}",static token hit; inspect source before inferring runtime reachability
src/analyze/difference_detection/penetrance_threshold.py,downstream_analysis_or_app,metadata_filter_order_model_input_or_unknown_static_hit,.py,"{""inferred_stage_hpf"": 0, ""inferred_stage_hpf_reg"": 0, ""manual_stage_hpf"": 0, ""predicted_stage_hpf"": 8, ""stage_hpf"": 8, ""stage_prediction_status"": 0}",static token hit; inspect source before inferring runtime reachability
src/analyze/difference_detection/tests/test_binning.py,downstream_analysis_or_app,metadata_filter_order_model_input_or_unknown_static_hit,.py,"{""inferred_stage_hpf"": 0, ""inferred_stage_hpf_reg"": 0, ""manual_stage_hpf"": 0, ""predicted_stage_hpf"": 2, ""stage_hpf"": 2, ""stage_prediction_status"": 0}",static token hit; inspect source before inferring runtime reachability
src/analyze/difference_detection/tests/test_class_weight_logging.py,downstream_analysis_or_app,metadata_filter_order_model_input_or_unknown_static_hit,.py,"{""inferred_stage_hpf"": 0, ""inferred_stage_hpf_reg"": 0, ""manual_stage_hpf"": 0, ""predicted_stage_hpf"": 1, ""stage_hpf"": 1, ""stage_prediction_status"": 0}",static token hit; inspect source before inferring runtime reachability
src/analyze/embedding_predictions/curvature_regression.py,downstream_analysis_or_app,metadata_filter_order_model_input_or_unknown_static_hit,.py,"{""inferred_stage_hpf"": 0, ""inferred_stage_hpf_reg"": 0, ""manual_stage_hpf"": 0, ""predicted_stage_hpf"": 1, ""stage_hpf"": 1, ""stage_prediction_status"": 0}",static token hit; inspect source before inferring runtime reachability
src/analyze/optimal_transport_morphometrics/docs/phase2_implemnetation_tracking/stream_a_ott_backend/spike_test_results/canonical_grid_epsilon_spike.py,downstream_analysis_or_app,metadata_filter_order_model_input_or_unknown_static_hit,.py,"{""inferred_stage_hpf"": 0, ""inferred_stage_hpf_reg"": 0, ""manual_stage_hpf"": 0, ""predicted_stage_hpf"": 5, ""stage_hpf"": 5, ""stage_prediction_status"": 0}",static token hit; inspect source before inferring runtime reachability
src/analyze/optimal_transport_morphometrics/docs/phase2_implemnetation_tracking/stream_a_ott_backend/spike_test_results/viz_field_comparison.py,downstream_analysis_or_app,plot_exploration_or_reporting,.py,"{""inferred_stage_hpf"": 0, ""inferred_stage_hpf_reg"": 0, ""manual_stage_hpf"": 0, ""predicted_stage_hpf"": 5, ""stage_hpf"": 5, ""stage_prediction_status"": 0}",static token hit; inspect source before inferring runtime reachability
src/analyze/optimal_transport_morphometrics/docs/phase2_implemnetation_tracking/stream_a_ott_backend/spike_test_results/viz_low_epsilon_comparison.py,downstream_analysis_or_app,plot_exploration_or_reporting,.py,"{""inferred_stage_hpf"": 0, ""inferred_stage_hpf_reg"": 0, ""manual_stage_hpf"": 0, ""predicted_stage_hpf"": 5, ""stage_hpf"": 5, ""stage_prediction_status"": 0}",static token hit; inspect source before inferring runtime reachability
src/analyze/optimal_transport_morphometrics/docs/phase2_implemnetation_tracking/stream_d_reference_embryo/01_build_cohort_manifest.py,downstream_analysis_or_app,metadata_filter_order_model_input_or_unknown_static_hit,.py,"{""inferred_stage_hpf"": 0, ""inferred_stage_hpf_reg"": 0, ""manual_stage_hpf"": 0, ""predicted_stage_hpf"": 2, ""stage_hpf"": 6, ""stage_prediction_status"": 0}",static token hit; inspect source before inferring runtime reachability
src/analyze/optimal_transport_morphometrics/docs/phase2_implemnetation_tracking/stream_d_reference_embryo/06_difference_classification_clustering.py,downstream_analysis_or_app,metadata_filter_order_model_input_or_unknown_static_hit,.py,"{""inferred_stage_hpf"": 0, ""inferred_stage_hpf_reg"": 0, ""manual_stage_hpf"": 0, ""predicted_stage_hpf"": 2, ""stage_hpf"": 2, ""stage_prediction_status"": 0}",static token hit; inspect source before inferring runtime reachability
src/analyze/optimal_transport_morphometrics/uot_masks/feature_compaction/dct_compaction_spike.py,downstream_analysis_or_app,metadata_filter_order_model_input_or_unknown_static_hit,.py,"{""inferred_stage_hpf"": 0, ""inferred_stage_hpf_reg"": 0, ""manual_stage_hpf"": 0, ""predicted_stage_hpf"": 5, ""stage_hpf"": 5, ""stage_prediction_status"": 0}",static token hit; inspect source before inferring runtime reachability
src/analyze/spline_fitting/bootstrap.py,downstream_analysis_or_app,metadata_filter_order_model_input_or_unknown_static_hit,.py,"{""inferred_stage_hpf"": 0, ""inferred_stage_hpf_reg"": 0, ""manual_stage_hpf"": 0, ""predicted_stage_hpf"": 3, ""stage_hpf"": 3, ""stage_prediction_status"": 0}",static token hit; inspect source before inferring runtime reachability
src/analyze/spline_fitting/curve_ops.py,downstream_analysis_or_app,metadata_filter_order_model_input_or_unknown_static_hit,.py,"{""inferred_stage_hpf"": 0, ""inferred_stage_hpf_reg"": 0, ""manual_stage_hpf"": 0, ""predicted_stage_hpf"": 3, ""stage_hpf"": 3, ""stage_prediction_status"": 0}",static token hit; inspect source before inferring runtime reachability
src/analyze/spline_fitting/tests/test_bootstrap.py,downstream_analysis_or_app,metadata_filter_order_model_input_or_unknown_static_hit,.py,"{""inferred_stage_hpf"": 0, ""inferred_stage_hpf_reg"": 0, ""manual_stage_hpf"": 0, ""predicted_stage_hpf"": 1, ""stage_hpf"": 1, ""stage_prediction_status"": 0}",static token hit; inspect source before inferring runtime reachability
src/analyze/trajectory_analysis/clustering/bootstrap_clustering.py,downstream_analysis_or_app,metadata_filter_order_model_input_or_unknown_static_hit,.py,"{""inferred_stage_hpf"": 0, ""inferred_stage_hpf_reg"": 0, ""manual_stage_hpf"": 0, ""predicted_stage_hpf"": 4, ""stage_hpf"": 4, ""stage_prediction_status"": 0}",static token hit; inspect source before inferring runtime reachability
src/analyze/trajectory_analysis/clustering/k_selection.py,downstream_analysis_or_app,metadata_filter_order_model_input_or_unknown_static_hit,.py,"{""inferred_stage_hpf"": 0, ""inferred_stage_hpf_reg"": 0, ""manual_stage_hpf"": 0, ""predicted_stage_hpf"": 3, ""stage_hpf"": 3, ""stage_prediction_status"": 0}",static token hit; inspect source before inferring runtime reachability
src/analyze/trajectory_analysis/config.py,downstream_analysis_or_app,configuration_or_fallback,.py,"{""inferred_stage_hpf"": 0, ""inferred_stage_hpf_reg"": 0, ""manual_stage_hpf"": 0, ""predicted_stage_hpf"": 1, ""stage_hpf"": 1, ""stage_prediction_status"": 0}",static token hit; inspect source before inferring runtime reachability
src/analyze/trajectory_analysis/io/data_loading.py,downstream_analysis_or_app,metadata_filter_order_model_input_or_unknown_static_hit,.py,"{""inferred_stage_hpf"": 0, ""inferred_stage_hpf_reg"": 0, ""manual_stage_hpf"": 0, ""predicted_stage_hpf"": 7, ""stage_hpf"": 7, ""stage_prediction_status"": 0}",static token hit; inspect source before inferring runtime reachability
src/analyze/trajectory_analysis/projection.py,downstream_analysis_or_app,metadata_filter_order_model_input_or_unknown_static_hit,.py,"{""inferred_stage_hpf"": 0, ""inferred_stage_hpf_reg"": 0, ""manual_stage_hpf"": 0, ""predicted_stage_hpf"": 3, ""stage_hpf"": 3, ""stage_prediction_status"": 0}",static token hit; inspect source before inferring runtime reachability
src/analyze/trajectory_analysis/utilities/correlation.py,downstream_analysis_or_app,metadata_filter_order_model_input_or_unknown_static_hit,.py,"{""inferred_stage_hpf"": 0, ""inferred_stage_hpf_reg"": 0, ""manual_stage_hpf"": 0, ""predicted_stage_hpf"": 1, ""stage_hpf"": 1, ""stage_prediction_status"": 0}",static token hit; inspect source before inferring runtime reachability
src/analyze/trajectory_analysis/utilities/dtw_utils.py,downstream_analysis_or_app,metadata_filter_order_model_input_or_unknown_static_hit,.py,"{""inferred_stage_hpf"": 0, ""inferred_stage_hpf_reg"": 0, ""manual_stage_hpf"": 0, ""predicted_stage_hpf"": 4, ""stage_hpf"": 4, ""stage_prediction_status"": 0}",static token hit; inspect source before inferring runtime reachability
src/analyze/trajectory_analysis/utilities/trajectory_utils.py,downstream_analysis_or_app,metadata_filter_order_model_input_or_unknown_static_hit,.py,"{""inferred_stage_hpf"": 0, ""inferred_stage_hpf_reg"": 0, ""manual_stage_hpf"": 0, ""predicted_stage_hpf"": 5, ""stage_hpf"": 5, ""stage_prediction_status"": 0}",static token hit; inspect source before inferring runtime reachability
src/analyze/tutorials/cep290_tutorial_notebook.ipynb,downstream_analysis_or_app,plot_exploration_or_reporting,.ipynb,"{""inferred_stage_hpf"": 0, ""inferred_stage_hpf_reg"": 0, ""manual_stage_hpf"": 0, ""predicted_stage_hpf"": 8, ""stage_hpf"": 8, ""stage_prediction_status"": 0}",static token hit; inspect source before inferring runtime reachability
src/analyze/tutorials/trend_tutorial_notebook_NL.ipynb,downstream_analysis_or_app,plot_exploration_or_reporting,.ipynb,"{""inferred_stage_hpf"": 0, ""inferred_stage_hpf_reg"": 0, ""manual_stage_hpf"": 0, ""predicted_stage_hpf"": 44070, ""stage_hpf"": 44070, ""stage_prediction_status"": 0}",static token hit; inspect source before inferring runtime reachability
src/analyze/utils/binning.py,downstream_analysis_or_app,metadata_filter_order_model_input_or_unknown_static_hit,.py,"{""inferred_stage_hpf"": 0, ""inferred_stage_hpf_reg"": 0, ""manual_stage_hpf"": 0, ""predicted_stage_hpf"": 5, ""stage_hpf"": 5, ""stage_prediction_status"": 0}",static token hit; inspect source before inferring runtime reachability
src/analyze/utils/data_containers/bin_object.py,downstream_analysis_or_app,metadata_filter_order_model_input_or_unknown_static_hit,.py,"{""inferred_stage_hpf"": 0, ""inferred_stage_hpf_reg"": 0, ""manual_stage_hpf"": 0, ""predicted_stage_hpf"": 2, ""stage_hpf"": 2, ""stage_prediction_status"": 0}",static token hit; inspect source before inferring runtime reachability
src/analyze/utils/data_containers/tests/test_bin_object.py,downstream_analysis_or_app,metadata_filter_order_model_input_or_unknown_static_hit,.py,"{""inferred_stage_hpf"": 0, ""inferred_stage_hpf_reg"": 0, ""manual_stage_hpf"": 0, ""predicted_stage_hpf"": 3, ""stage_hpf"": 3, ""stage_prediction_status"": 0}",static token hit; inspect source before inferring runtime reachability
src/analyze/utils/data_processing.py,downstream_analysis_or_app,metadata_filter_order_model_input_or_unknown_static_hit,.py,"{""inferred_stage_hpf"": 0, ""inferred_stage_hpf_reg"": 0, ""manual_stage_hpf"": 0, ""predicted_stage_hpf"": 2, ""stage_hpf"": 2, ""stage_prediction_status"": 0}",static token hit; inspect source before inferring runtime reachability
src/analyze/utils/pca.py,downstream_analysis_or_app,metadata_filter_order_model_input_or_unknown_static_hit,.py,"{""inferred_stage_hpf"": 0, ""inferred_stage_hpf_reg"": 0, ""manual_stage_hpf"": 0, ""predicted_stage_hpf"": 4, ""stage_hpf"": 4, ""stage_prediction_status"": 0}",static token hit; inspect source before inferring runtime reachability
src/analyze/viz/embryo_renderer.py,downstream_analysis_or_app,plot_exploration_or_reporting,.py,"{""inferred_stage_hpf"": 0, ""inferred_stage_hpf_reg"": 0, ""manual_stage_hpf"": 0, ""predicted_stage_hpf"": 10, ""stage_hpf"": 10, ""stage_prediction_status"": 0}",static token hit; inspect source before inferring runtime reachability
src/analyze/viz/hpf_coverage.py,downstream_analysis_or_app,plot_exploration_or_reporting,.py,"{""inferred_stage_hpf"": 0, ""inferred_stage_hpf_reg"": 0, ""manual_stage_hpf"": 0, ""predicted_stage_hpf"": 4, ""stage_hpf"": 4, ""stage_prediction_status"": 0}",static token hit; inspect source before inferring runtime reachability
src/analyze/viz/plotting/feature_over_time.py,downstream_analysis_or_app,plot_exploration_or_reporting,.py,"{""inferred_stage_hpf"": 0, ""inferred_stage_hpf_reg"": 0, ""manual_stage_hpf"": 0, ""predicted_stage_hpf"": 2, ""stage_hpf"": 2, ""stage_prediction_status"": 0}",static token hit; inspect source before inferring runtime reachability
src/analyze/viz/plotting/plotting_3d.py,downstream_analysis_or_app,plot_exploration_or_reporting,.py,"{""inferred_stage_hpf"": 0, ""inferred_stage_hpf_reg"": 0, ""manual_stage_hpf"": 0, ""predicted_stage_hpf"": 6, ""stage_hpf"": 6, ""stage_prediction_status"": 0}",static token hit; inspect source before inferring runtime reachability
src/app/vae_latent_visual_app_v2.py,downstream_analysis_or_app,metadata_filter_order_model_input_or_unknown_static_hit,.py,"{""inferred_stage_hpf"": 0, ""inferred_stage_hpf_reg"": 0, ""manual_stage_hpf"": 0, ""predicted_stage_hpf"": 5, ""stage_hpf"": 5, ""stage_prediction_status"": 0}",static token hit; inspect source before inferring runtime reachability
src/build/build03A_process_embryos_main_par.py,legacy_build_or_estimator,legacy_producer_default_or_build_metadata,.py,"{""inferred_stage_hpf"": 0, ""inferred_stage_hpf_reg"": 0, ""manual_stage_hpf"": 0, ""predicted_stage_hpf"": 1, ""stage_hpf"": 1, ""stage_prediction_status"": 0}",static token hit; inspect source before inferring runtime reachability
src/build/build03A_process_images.py,legacy_build_or_estimator,legacy_producer_default_or_build_metadata,.py,"{""inferred_stage_hpf"": 0, ""inferred_stage_hpf_reg"": 0, ""manual_stage_hpf"": 0, ""predicted_stage_hpf"": 12, ""stage_hpf"": 12, ""stage_prediction_status"": 0}",static token hit; inspect source before inferring runtime reachability
src/build/build04_perform_embryo_qc.py,legacy_build_or_estimator,legacy_producer_default_or_build_metadata,.py,"{""inferred_stage_hpf"": 23, ""inferred_stage_hpf_reg"": 0, ""manual_stage_hpf"": 1, ""predicted_stage_hpf"": 44, ""stage_hpf"": 82, ""stage_prediction_status"": 0}",static token hit; inspect source before inferring runtime reachability
src/build/build05_make_training_snips.py,legacy_build_or_estimator,legacy_producer_default_or_build_metadata,.py,"{""inferred_stage_hpf"": 0, ""inferred_stage_hpf_reg"": 0, ""manual_stage_hpf"": 3, ""predicted_stage_hpf"": 0, ""stage_hpf"": 3, ""stage_prediction_status"": 0}",static token hit; inspect source before inferring runtime reachability
src/build/build_utils.py,legacy_build_or_estimator,legacy_producer_default_or_build_metadata,.py,"{""inferred_stage_hpf"": 0, ""inferred_stage_hpf_reg"": 0, ""manual_stage_hpf"": 0, ""predicted_stage_hpf"": 5, ""stage_hpf"": 12, ""stage_prediction_status"": 0}",static token hit; inspect source before inferring runtime reachability
src/build/infer_developmental_age.py,legacy_build_or_estimator,legacy_producer_default_or_build_metadata,.py,"{""inferred_stage_hpf"": 7, ""inferred_stage_hpf_reg"": 7, ""manual_stage_hpf"": 0, ""predicted_stage_hpf"": 8, ""stage_hpf"": 19, ""stage_prediction_status"": 0}",static token hit; inspect source before inferring runtime reachability
src/core/data/dataset_classes.py,core_training_or_inference,metric_pair_constraint_or_dataset_metadata,.py,"{""inferred_stage_hpf"": 0, ""inferred_stage_hpf_reg"": 0, ""manual_stage_hpf"": 0, ""predicted_stage_hpf"": 3, ""stage_hpf"": 3, ""stage_prediction_status"": 0}",static token hit; inspect source before inferring runtime reachability
src/core/data/dataset_configs.py,core_training_or_inference,configuration_or_fallback,.py,"{""inferred_stage_hpf"": 1, ""inferred_stage_hpf_reg"": 1, ""manual_stage_hpf"": 0, ""predicted_stage_hpf"": 0, ""stage_hpf"": 2, ""stage_prediction_status"": 0}",static token hit; inspect source before inferring runtime reachability
src/core/data/dataset_utils.py,core_training_or_inference,metadata_filter_order_model_input_or_unknown_static_hit,.py,"{""inferred_stage_hpf"": 5, ""inferred_stage_hpf_reg"": 2, ""manual_stage_hpf"": 0, ""predicted_stage_hpf"": 2, ""stage_hpf"": 13, ""stage_prediction_status"": 0}",static token hit; inspect source before inferring runtime reachability
src/core/data/pipeline_contracts.py,core_training_or_inference,metadata_filter_order_model_input_or_unknown_static_hit,.py,"{""inferred_stage_hpf"": 0, ""inferred_stage_hpf_reg"": 0, ""manual_stage_hpf"": 0, ""predicted_stage_hpf"": 1, ""stage_hpf"": 1, ""stage_prediction_status"": 0}",static token hit; inspect source before inferring runtime reachability
src/core/data/pipeline_manifest.py,core_training_or_inference,metadata_filter_order_model_input_or_unknown_static_hit,.py,"{""inferred_stage_hpf"": 0, ""inferred_stage_hpf_reg"": 0, ""manual_stage_hpf"": 0, ""predicted_stage_hpf"": 6, ""stage_hpf"": 6, ""stage_prediction_status"": 3}",static token hit; inspect source before inferring runtime reachability
src/core/functions/embryo_df_performance_metrics.py,core_training_or_inference,metadata_filter_order_model_input_or_unknown_static_hit,.py,"{""inferred_stage_hpf"": 0, ""inferred_stage_hpf_reg"": 0, ""manual_stage_hpf"": 0, ""predicted_stage_hpf"": 23, ""stage_hpf"": 23, ""stage_prediction_status"": 0}",static token hit; inspect source before inferring runtime reachability
src/core/functions/improved_build_splines.py,core_training_or_inference,metadata_filter_order_model_input_or_unknown_static_hit,.py,"{""inferred_stage_hpf"": 0, ""inferred_stage_hpf_reg"": 0, ""manual_stage_hpf"": 0, ""predicted_stage_hpf"": 3, ""stage_hpf"": 3, ""stage_prediction_status"": 0}",static token hit; inspect source before inferring runtime reachability
src/core/functions/spline_fitting_v2.py,core_training_or_inference,metadata_filter_order_model_input_or_unknown_static_hit,.py,"{""inferred_stage_hpf"": 0, ""inferred_stage_hpf_reg"": 0, ""manual_stage_hpf"": 0, ""predicted_stage_hpf"": 1, ""stage_hpf"": 1, ""stage_prediction_status"": 0}",static token hit; inspect source before inferring runtime reachability
src/core/functions/spline_morph_spline_metrics.py,core_training_or_inference,metadata_filter_order_model_input_or_unknown_static_hit,.py,"{""inferred_stage_hpf"": 0, ""inferred_stage_hpf_reg"": 0, ""manual_stage_hpf"": 0, ""predicted_stage_hpf"": 26, ""stage_hpf"": 26, ""stage_prediction_status"": 0}",static token hit; inspect source before inferring runtime reachability
src/data_pipeline/acquisition/seahub/integration.py,script_or_orchestration,metadata_filter_order_model_input_or_unknown_static_hit,.py,"{""inferred_stage_hpf"": 0, ""inferred_stage_hpf_reg"": 0, ""manual_stage_hpf"": 0, ""predicted_stage_hpf"": 0, ""stage_hpf"": 12, ""stage_prediction_status"": 0}",static token hit; inspect source before inferring runtime reachability
src/data_pipeline/acquisition/seahub/reconciliation.py,script_or_orchestration,metadata_filter_order_model_input_or_unknown_static_hit,.py,"{""inferred_stage_hpf"": 0, ""inferred_stage_hpf_reg"": 0, ""manual_stage_hpf"": 0, ""predicted_stage_hpf"": 0, ""stage_hpf"": 9, ""stage_prediction_status"": 0}",static token hit; inspect source before inferring runtime reachability
src/data_pipeline/acquisition/seahub/scale_calibration.py,script_or_orchestration,metadata_filter_order_model_input_or_unknown_static_hit,.py,"{""inferred_stage_hpf"": 0, ""inferred_stage_hpf_reg"": 0, ""manual_stage_hpf"": 0, ""predicted_stage_hpf"": 0, ""stage_hpf"": 22, ""stage_prediction_status"": 0}",static token hit; inspect source before inferring runtime reachability
src/data_pipeline/analysis_ready/report.py,analysis_ready_consumer,metadata_join_filter_order_or_plot_axis,.py,"{""inferred_stage_hpf"": 0, ""inferred_stage_hpf_reg"": 0, ""manual_stage_hpf"": 0, ""predicted_stage_hpf"": 12, ""stage_hpf"": 22, ""stage_prediction_status"": 0}",static token hit; inspect source before inferring runtime reachability
src/data_pipeline/feature_extraction/stage_inference.py,script_or_orchestration,metadata_filter_order_model_input_or_unknown_static_hit,.py,"{""inferred_stage_hpf"": 0, ""inferred_stage_hpf_reg"": 0, ""manual_stage_hpf"": 0, ""predicted_stage_hpf"": 1, ""stage_hpf"": 3, ""stage_prediction_status"": 0}",static token hit; inspect source before inferring runtime reachability
src/data_pipeline/feature_extraction/stage_predictions/compute.py,live_stage_producer,producer_or_contract,.py,"{""inferred_stage_hpf"": 0, ""inferred_stage_hpf_reg"": 0, ""manual_stage_hpf"": 0, ""predicted_stage_hpf"": 1, ""stage_hpf"": 4, ""stage_prediction_status"": 2}",static token hit; inspect source before inferring runtime reachability
src/data_pipeline/feature_extraction/stage_predictions/contract.py,live_stage_producer,producer_or_contract,.py,"{""inferred_stage_hpf"": 0, ""inferred_stage_hpf_reg"": 0, ""manual_stage_hpf"": 0, ""predicted_stage_hpf"": 6, ""stage_hpf"": 6, ""stage_prediction_status"": 4}",static token hit; inspect source before inferring runtime reachability
src/data_pipeline/pipeline_orchestrator/orchestration/paths.py,orchestration,metadata_filter_order_model_input_or_unknown_static_hit,.py,"{""inferred_stage_hpf"": 0, ""inferred_stage_hpf_reg"": 0, ""manual_stage_hpf"": 0, ""predicted_stage_hpf"": 3, ""stage_hpf"": 5, ""stage_prediction_status"": 0}",static token hit; inspect source before inferring runtime reachability
src/data_pipeline/pipeline_orchestrator/rules/analysis_ready.smk,orchestration,metadata_filter_order_model_input_or_unknown_static_hit,.smk,"{""inferred_stage_hpf"": 0, ""inferred_stage_hpf_reg"": 0, ""manual_stage_hpf"": 0, ""predicted_stage_hpf"": 1, ""stage_hpf"": 1, ""stage_prediction_status"": 0}",static token hit; inspect source before inferring runtime reachability
src/data_pipeline/pipeline_orchestrator/rules/surface_area_qc.smk,orchestration,qc_conditioning_axis,.smk,"{""inferred_stage_hpf"": 0, ""inferred_stage_hpf_reg"": 0, ""manual_stage_hpf"": 0, ""predicted_stage_hpf"": 1, ""stage_hpf"": 1, ""stage_prediction_status"": 0}",static token hit; inspect source before inferring runtime reachability
src/data_pipeline/quality_control/death_detection/contract.py,script_or_orchestration,metadata_filter_order_model_input_or_unknown_static_hit,.py,"{""inferred_stage_hpf"": 0, ""inferred_stage_hpf_reg"": 0, ""manual_stage_hpf"": 0, ""predicted_stage_hpf"": 0, ""stage_hpf"": 5, ""stage_prediction_status"": 0}",static token hit; inspect source before inferring runtime reachability
src/data_pipeline/quality_control/death_detection/death_event.py,script_or_orchestration,metadata_filter_order_model_input_or_unknown_static_hit,.py,"{""inferred_stage_hpf"": 0, ""inferred_stage_hpf_reg"": 0, ""manual_stage_hpf"": 0, ""predicted_stage_hpf"": 0, ""stage_hpf"": 8, ""stage_prediction_status"": 0}",static token hit; inspect source before inferring runtime reachability
src/data_pipeline/quality_control/death_detection/grain_reconciliation.py,script_or_orchestration,metadata_filter_order_model_input_or_unknown_static_hit,.py,"{""inferred_stage_hpf"": 0, ""inferred_stage_hpf_reg"": 0, ""manual_stage_hpf"": 0, ""predicted_stage_hpf"": 0, ""stage_hpf"": 1, ""stage_prediction_status"": 0}",static token hit; inspect source before inferring runtime reachability
src/data_pipeline/quality_control/generate_references/build_sa_reference.py,script_or_orchestration,metadata_filter_order_model_input_or_unknown_static_hit,.py,"{""inferred_stage_hpf"": 0, ""inferred_stage_hpf_reg"": 0, ""manual_stage_hpf"": 0, ""predicted_stage_hpf"": 8, ""stage_hpf"": 9, ""stage_prediction_status"": 0}",static token hit; inspect source before inferring runtime reachability
src/data_pipeline/quality_control/reporting/__init__.py,script_or_orchestration,plot_exploration_or_reporting,.py,"{""inferred_stage_hpf"": 0, ""inferred_stage_hpf_reg"": 0, ""manual_stage_hpf"": 0, ""predicted_stage_hpf"": 1, ""stage_hpf"": 2, ""stage_prediction_status"": 0}",static token hit; inspect source before inferring runtime reachability
src/data_pipeline/quality_control/surface_area_outlier_detection.py,script_or_orchestration,metadata_filter_order_model_input_or_unknown_static_hit,.py,"{""inferred_stage_hpf"": 0, ""inferred_stage_hpf_reg"": 0, ""manual_stage_hpf"": 0, ""predicted_stage_hpf"": 3, ""stage_hpf"": 11, ""stage_prediction_status"": 0}",static token hit; inspect source before inferring runtime reachability
src/data_pipeline/quality_control/surface_area_qc/compute.py,stage_conditioned_qc,qc_conditioning_axis,.py,"{""inferred_stage_hpf"": 0, ""inferred_stage_hpf_reg"": 0, ""manual_stage_hpf"": 0, ""predicted_stage_hpf"": 1, ""stage_hpf"": 3, ""stage_prediction_status"": 0}",static token hit; inspect source before inferring runtime reachability
src/data_pipeline/quality_control/surface_area_qc/config.py,stage_conditioned_qc,qc_conditioning_axis,.py,"{""inferred_stage_hpf"": 0, ""inferred_stage_hpf_reg"": 0, ""manual_stage_hpf"": 0, ""predicted_stage_hpf"": 1, ""stage_hpf"": 1, ""stage_prediction_status"": 0}",static token hit; inspect source before inferring runtime reachability
src/data_pipeline/quality_control/surface_area_qc/reference.py,stage_conditioned_qc,qc_conditioning_axis,.py,"{""inferred_stage_hpf"": 0, ""inferred_stage_hpf_reg"": 0, ""manual_stage_hpf"": 0, ""predicted_stage_hpf"": 0, ""stage_hpf"": 6, ""stage_prediction_status"": 0}",static token hit; inspect source before inferring runtime reachability
src/data_pipeline/quality_control/surface_area_qc/reference_contract.py,stage_conditioned_qc,qc_conditioning_axis,.py,"{""inferred_stage_hpf"": 0, ""inferred_stage_hpf_reg"": 0, ""manual_stage_hpf"": 0, ""predicted_stage_hpf"": 0, ""stage_hpf"": 7, ""stage_prediction_status"": 0}",static token hit; inspect source before inferring runtime reachability
src/data_pipeline/quality_control/surface_area_qc/report.py,stage_conditioned_qc,qc_conditioning_axis,.py,"{""inferred_stage_hpf"": 0, ""inferred_stage_hpf_reg"": 0, ""manual_stage_hpf"": 0, ""predicted_stage_hpf"": 4, ""stage_hpf"": 4, ""stage_prediction_status"": 0}",static token hit; inspect source before inferring runtime reachability
src/data_pipeline/viz/reporting.py,script_or_orchestration,plot_exploration_or_reporting,.py,"{""inferred_stage_hpf"": 0, ""inferred_stage_hpf_reg"": 0, ""manual_stage_hpf"": 0, ""predicted_stage_hpf"": 2, ""stage_hpf"": 2, ""stage_prediction_status"": 0}",static token hit; inspect source before inferring runtime reachability
src/legacy/vae/auxiliary_scripts/assess_image_set.py,legacy_model,metadata_filter_order_model_input_or_unknown_static_hit,.py,"{""inferred_stage_hpf"": 0, ""inferred_stage_hpf_reg"": 0, ""manual_stage_hpf"": 0, ""predicted_stage_hpf"": 1, ""stage_hpf"": 1, ""stage_prediction_status"": 0}",static token hit; inspect source before inferring runtime reachability
src/legacy/vae/auxiliary_scripts/assess_vae_results.py,legacy_model,metadata_filter_order_model_input_or_unknown_static_hit,.py,"{""inferred_stage_hpf"": 0, ""inferred_stage_hpf_reg"": 0, ""manual_stage_hpf"": 0, ""predicted_stage_hpf"": 7, ""stage_hpf"": 7, ""stage_prediction_status"": 0}",static token hit; inspect source before inferring runtime reachability
src/legacy/vae/auxiliary_scripts/generate_sample_images.py,legacy_model,metadata_filter_order_model_input_or_unknown_static_hit,.py,"{""inferred_stage_hpf"": 0, ""inferred_stage_hpf_reg"": 0, ""manual_stage_hpf"": 0, ""predicted_stage_hpf"": 5, ""stage_hpf"": 5, ""stage_prediction_status"": 0}",static token hit; inspect source before inferring runtime reachability
src/legacy/vae/auxiliary_scripts/infer_developmental_age.py,legacy_model,metadata_filter_order_model_input_or_unknown_static_hit,.py,"{""inferred_stage_hpf"": 5, ""inferred_stage_hpf_reg"": 2, ""manual_stage_hpf"": 0, ""predicted_stage_hpf"": 3, ""stage_hpf"": 8, ""stage_prediction_status"": 0}",static token hit; inspect source before inferring runtime reachability
src/legacy/vae/auxiliary_scripts/make_training_key.py,legacy_model,metadata_filter_order_model_input_or_unknown_static_hit,.py,"{""inferred_stage_hpf"": 3, ""inferred_stage_hpf_reg"": 0, ""manual_stage_hpf"": 0, ""predicted_stage_hpf"": 9, ""stage_hpf"": 18, ""stage_prediction_status"": 0}",static token hit; inspect source before inferring runtime reachability
src/legacy/vae/models/metric_vae/metric_vae_config.py,legacy_model,configuration_or_fallback,.py,"{""inferred_stage_hpf"": 0, ""inferred_stage_hpf_reg"": 0, ""manual_stage_hpf"": 0, ""predicted_stage_hpf"": 2, ""stage_hpf"": 2, ""stage_prediction_status"": 0}",static token hit; inspect source before inferring runtime reachability
src/legacy/vae/models/metric_vae/metric_vae_model.py,legacy_model,metadata_filter_order_model_input_or_unknown_static_hit,.py,"{""inferred_stage_hpf"": 0, ""inferred_stage_hpf_reg"": 0, ""manual_stage_hpf"": 0, ""predicted_stage_hpf"": 1, ""stage_hpf"": 1, ""stage_prediction_status"": 0}",static token hit; inspect source before inferring runtime reachability
src/legacy/vae/models/morph_iaf_vae/morph_iaf_vae_config.py,legacy_model,configuration_or_fallback,.py,"{""inferred_stage_hpf"": 5, ""inferred_stage_hpf_reg"": 5, ""manual_stage_hpf"": 0, ""predicted_stage_hpf"": 1, ""stage_hpf"": 6, ""stage_prediction_status"": 0}",static token hit; inspect source before inferring runtime reachability
src/legacy/vae/models/seq_vae/seq_vae_config.py,legacy_model,configuration_or_fallback,.py,"{""inferred_stage_hpf"": 0, ""inferred_stage_hpf_reg"": 0, ""manual_stage_hpf"": 0, ""predicted_stage_hpf"": 0, ""stage_hpf"": 2, ""stage_prediction_status"": 0}",static token hit; inspect source before inferring runtime reachability
src/legacy/vae/models/vae/vae_config.py,legacy_model,configuration_or_fallback,.py,"{""inferred_stage_hpf"": 2, ""inferred_stage_hpf_reg"": 2, ""manual_stage_hpf"": 0, ""predicted_stage_hpf"": 0, ""stage_hpf"": 2, ""stage_prediction_status"": 0}",static token hit; inspect source before inferring runtime reachability
src/legacy/vae/trainers/base_trainer/base_trainer.py,legacy_model,metadata_filter_order_model_input_or_unknown_static_hit,.py,"{""inferred_stage_hpf"": 0, ""inferred_stage_hpf_reg"": 0, ""manual_stage_hpf"": 0, ""predicted_stage_hpf"": 1, ""stage_hpf"": 1, ""stage_prediction_status"": 0}",static token hit; inspect source before inferring runtime reachability
src/morphseq_integration/legacy_morph.py,script_or_orchestration,metadata_filter_order_model_input_or_unknown_static_hit,.py,"{""inferred_stage_hpf"": 0, ""inferred_stage_hpf_reg"": 0, ""manual_stage_hpf"": 0, ""predicted_stage_hpf"": 1, ""stage_hpf"": 1, ""stage_prediction_status"": 0}",static token hit; inspect source before inferring runtime reachability
src/run_morphseq_pipeline/combine_experiments_parts.py,script_or_orchestration,metadata_filter_order_model_input_or_unknown_static_hit,.py,"{""inferred_stage_hpf"": 0, ""inferred_stage_hpf_reg"": 0, ""manual_stage_hpf"": 0, ""predicted_stage_hpf"": 14, ""stage_hpf"": 14, ""stage_prediction_status"": 0}",static token hit; inspect source before inferring runtime reachability
src/run_morphseq_pipeline/validation.py,script_or_orchestration,metadata_filter_order_model_input_or_unknown_static_hit,.py,"{""inferred_stage_hpf"": 0, ""inferred_stage_hpf_reg"": 0, ""manual_stage_hpf"": 0, ""predicted_stage_hpf"": 1, ""stage_hpf"": 1, ""stage_prediction_status"": 0}",static token hit; inspect source before inferring runtime reachability
src/vae/auxiliary_scripts/assess_image_set.py,legacy_model,metadata_filter_order_model_input_or_unknown_static_hit,.py,"{""inferred_stage_hpf"": 0, ""inferred_stage_hpf_reg"": 0, ""manual_stage_hpf"": 0, ""predicted_stage_hpf"": 1, ""stage_hpf"": 1, ""stage_prediction_status"": 0}",static token hit; inspect source before inferring runtime reachability
src/vae/auxiliary_scripts/assess_vae_results.py,legacy_model,metadata_filter_order_model_input_or_unknown_static_hit,.py,"{""inferred_stage_hpf"": 0, ""inferred_stage_hpf_reg"": 0, ""manual_stage_hpf"": 0, ""predicted_stage_hpf"": 7, ""stage_hpf"": 7, ""stage_prediction_status"": 0}",static token hit; inspect source before inferring runtime reachability
src/vae/auxiliary_scripts/generate_sample_images.py,legacy_model,metadata_filter_order_model_input_or_unknown_static_hit,.py,"{""inferred_stage_hpf"": 0, ""inferred_stage_hpf_reg"": 0, ""manual_stage_hpf"": 0, ""predicted_stage_hpf"": 5, ""stage_hpf"": 5, ""stage_prediction_status"": 0}",static token hit; inspect source before inferring runtime reachability
src/vae/auxiliary_scripts/infer_developmental_age.py,legacy_model,metadata_filter_order_model_input_or_unknown_static_hit,.py,"{""inferred_stage_hpf"": 5, ""inferred_stage_hpf_reg"": 2, ""manual_stage_hpf"": 0, ""predicted_stage_hpf"": 3, ""stage_hpf"": 8, ""stage_prediction_status"": 0}",static token hit; inspect source before inferring runtime reachability
src/vae/auxiliary_scripts/make_training_key.py,legacy_model,metadata_filter_order_model_input_or_unknown_static_hit,.py,"{""inferred_stage_hpf"": 3, ""inferred_stage_hpf_reg"": 0, ""manual_stage_hpf"": 0, ""predicted_stage_hpf"": 9, ""stage_hpf"": 18, ""stage_prediction_status"": 0}",static token hit; inspect source before inferring runtime reachability
src/vae/models/metric_vae/metric_vae_config.py,legacy_model,configuration_or_fallback,.py,"{""inferred_stage_hpf"": 0, ""inferred_stage_hpf_reg"": 0, ""manual_stage_hpf"": 0, ""predicted_stage_hpf"": 2, ""stage_hpf"": 2, ""stage_prediction_status"": 0}",static token hit; inspect source before inferring runtime reachability
src/vae/models/metric_vae/metric_vae_model.py,legacy_model,metadata_filter_order_model_input_or_unknown_static_hit,.py,"{""inferred_stage_hpf"": 0, ""inferred_stage_hpf_reg"": 0, ""manual_stage_hpf"": 0, ""predicted_stage_hpf"": 1, ""stage_hpf"": 1, ""stage_prediction_status"": 0}",static token hit; inspect source before inferring runtime reachability
src/vae/models/morph_iaf_vae/morph_iaf_vae_config.py,legacy_model,configuration_or_fallback,.py,"{""inferred_stage_hpf"": 5, ""inferred_stage_hpf_reg"": 5, ""manual_stage_hpf"": 0, ""predicted_stage_hpf"": 1, ""stage_hpf"": 6, ""stage_prediction_status"": 0}",static token hit; inspect source before inferring runtime reachability
src/vae/models/seq_vae/seq_vae_config.py,legacy_model,configuration_or_fallback,.py,"{""inferred_stage_hpf"": 0, ""inferred_stage_hpf_reg"": 0, ""manual_stage_hpf"": 0, ""predicted_stage_hpf"": 0, ""stage_hpf"": 2, ""stage_prediction_status"": 0}",static token hit; inspect source before inferring runtime reachability
src/vae/models/vae/vae_config.py,legacy_model,configuration_or_fallback,.py,"{""inferred_stage_hpf"": 2, ""inferred_stage_hpf_reg"": 2, ""manual_stage_hpf"": 0, ""predicted_stage_hpf"": 0, ""stage_hpf"": 2, ""stage_prediction_status"": 0}",static token hit; inspect source before inferring runtime reachability
src/vae/trainers/base_trainer/base_trainer.py,legacy_model,metadata_filter_order_model_input_or_unknown_static_hit,.py,"{""inferred_stage_hpf"": 0, ""inferred_stage_hpf_reg"": 0, ""manual_stage_hpf"": 0, ""predicted_stage_hpf"": 1, ""stage_hpf"": 1, ""stage_prediction_status"": 0}",static token hit; inspect source before inferring runtime reachability
tests/core/conftest.py,test,metadata_filter_order_model_input_or_unknown_static_hit,.py,"{""inferred_stage_hpf"": 0, ""inferred_stage_hpf_reg"": 0, ""manual_stage_hpf"": 0, ""predicted_stage_hpf"": 1, ""stage_hpf"": 1, ""stage_prediction_status"": 1}",static token hit; inspect source before inferring runtime reachability
tests/core/test_pipeline_dataset.py,test,metadata_filter_order_model_input_or_unknown_static_hit,.py,"{""inferred_stage_hpf"": 0, ""inferred_stage_hpf_reg"": 0, ""manual_stage_hpf"": 0, ""predicted_stage_hpf"": 4, ""stage_hpf"": 4, ""stage_prediction_status"": 0}",static token hit; inspect source before inferring runtime reachability
tests/core/test_pipeline_loaders.py,test,metadata_filter_order_model_input_or_unknown_static_hit,.py,"{""inferred_stage_hpf"": 0, ""inferred_stage_hpf_reg"": 0, ""manual_stage_hpf"": 0, ""predicted_stage_hpf"": 2, ""stage_hpf"": 2, ""stage_prediction_status"": 0}",static token hit; inspect source before inferring runtime reachability
tests/core/test_pipeline_manifest.py,test,metadata_filter_order_model_input_or_unknown_static_hit,.py,"{""inferred_stage_hpf"": 0, ""inferred_stage_hpf_reg"": 0, ""manual_stage_hpf"": 0, ""predicted_stage_hpf"": 2, ""stage_hpf"": 2, ""stage_prediction_status"": 1}",static token hit; inspect source before inferring runtime reachability
tests/data_pipeline/acquisition/seahub/test_integration.py,test,metadata_filter_order_model_input_or_unknown_static_hit,.py,"{""inferred_stage_hpf"": 0, ""inferred_stage_hpf_reg"": 0, ""manual_stage_hpf"": 0, ""predicted_stage_hpf"": 0, ""stage_hpf"": 4, ""stage_prediction_status"": 0}",static token hit; inspect source before inferring runtime reachability
tests/data_pipeline/acquisition/seahub/test_reconciliation.py,test,metadata_filter_order_model_input_or_unknown_static_hit,.py,"{""inferred_stage_hpf"": 0, ""inferred_stage_hpf_reg"": 0, ""manual_stage_hpf"": 0, ""predicted_stage_hpf"": 0, ""stage_hpf"": 1, ""stage_prediction_status"": 0}",static token hit; inspect source before inferring runtime reachability
tests/data_pipeline/acquisition/seahub/test_scale_calibration.py,test,metadata_filter_order_model_input_or_unknown_static_hit,.py,"{""inferred_stage_hpf"": 0, ""inferred_stage_hpf_reg"": 0, ""manual_stage_hpf"": 0, ""predicted_stage_hpf"": 0, ""stage_hpf"": 20, ""stage_prediction_status"": 0}",static token hit; inspect source before inferring runtime reachability
tests/data_pipeline/feature_extraction/_legacy_drift/test_stage_predictions_legacy_drift.py,test,metadata_filter_order_model_input_or_unknown_static_hit,.py,"{""inferred_stage_hpf"": 0, ""inferred_stage_hpf_reg"": 0, ""manual_stage_hpf"": 0, ""predicted_stage_hpf"": 4, ""stage_hpf"": 4, ""stage_prediction_status"": 0}",static token hit; inspect source before inferring runtime reachability
tests/data_pipeline/feature_extraction/stage_predictions/test_stage_predictions.py,test,metadata_filter_order_model_input_or_unknown_static_hit,.py,"{""inferred_stage_hpf"": 0, ""inferred_stage_hpf_reg"": 0, ""manual_stage_hpf"": 0, ""predicted_stage_hpf"": 5, ""stage_hpf"": 5, ""stage_prediction_status"": 2}",static token hit; inspect source before inferring runtime reachability
tests/data_pipeline/quality_control/death_detection/test_contract.py,test,metadata_filter_order_model_input_or_unknown_static_hit,.py,"{""inferred_stage_hpf"": 0, ""inferred_stage_hpf_reg"": 0, ""manual_stage_hpf"": 0, ""predicted_stage_hpf"": 0, ""stage_hpf"": 3, ""stage_prediction_status"": 0}",static token hit; inspect source before inferring runtime reachability
tests/data_pipeline/quality_control/death_detection/test_integration.py,test,metadata_filter_order_model_input_or_unknown_static_hit,.py,"{""inferred_stage_hpf"": 0, ""inferred_stage_hpf_reg"": 0, ""manual_stage_hpf"": 0, ""predicted_stage_hpf"": 0, ""stage_hpf"": 4, ""stage_prediction_status"": 0}",static token hit; inspect source before inferring runtime reachability
tests/data_pipeline/quality_control/surface_area_qc/test_compute.py,test,qc_conditioning_axis,.py,"{""inferred_stage_hpf"": 0, ""inferred_stage_hpf_reg"": 0, ""manual_stage_hpf"": 0, ""predicted_stage_hpf"": 6, ""stage_hpf"": 8, ""stage_prediction_status"": 0}",static token hit; inspect source before inferring runtime reachability
tests/data_pipeline/quality_control/surface_area_qc/test_reference.py,test,qc_conditioning_axis,.py,"{""inferred_stage_hpf"": 0, ""inferred_stage_hpf_reg"": 0, ""manual_stage_hpf"": 0, ""predicted_stage_hpf"": 0, ""stage_hpf"": 3, ""stage_prediction_status"": 0}",static token hit; inspect source before inferring runtime reachability
tests/data_pipeline/viz/test_reporting.py,test,plot_exploration_or_reporting,.py,"{""inferred_stage_hpf"": 0, ""inferred_stage_hpf_reg"": 0, ""manual_stage_hpf"": 0, ""predicted_stage_hpf"": 2, ""stage_hpf"": 2, ""stage_prediction_status"": 0}",static token hit; inspect source before inferring runtime reachability
tests/test_embryo_renderer.py,test,metadata_filter_order_model_input_or_unknown_static_hit,.py,"{""inferred_stage_hpf"": 0, ""inferred_stage_hpf_reg"": 0, ""manual_stage_hpf"": 0, ""predicted_stage_hpf"": 1, ""stage_hpf"": 1, ""stage_prediction_status"": 0}",static token hit; inspect source before inferring runtime reachability
tests/test_feature_over_time_embryo_ids.py,test,metadata_filter_order_model_input_or_unknown_static_hit,.py,"{""inferred_stage_hpf"": 0, ""inferred_stage_hpf_reg"": 0, ""manual_stage_hpf"": 0, ""predicted_stage_hpf"": 3, ""stage_hpf"": 3, ""stage_prediction_status"": 0}",static token hit; inspect source before inferring runtime reachability
tests/test_predicted_stage_fix.py,test,metadata_filter_order_model_input_or_unknown_static_hit,.py,"{""inferred_stage_hpf"": 0, ""inferred_stage_hpf_reg"": 0, ""manual_stage_hpf"": 0, ""predicted_stage_hpf"": 12, ""stage_hpf"": 12, ""stage_prediction_status"": 0}",static token hit; inspect source before inferring runtime reachability
visualization/vae_latent_visual_app.py,script_or_orchestration,metadata_filter_order_model_input_or_unknown_static_hit,.py,"{""inferred_stage_hpf"": 0, ""inferred_stage_hpf_reg"": 0, ""manual_stage_hpf"": 0, ""predicted_stage_hpf"": 5, ""stage_hpf"": 5, ""stage_prediction_status"": 0}",static token hit; inspect source before inferring runtime reachability
visualization/vae_latent_visual_app_v2.py,script_or_orchestration,metadata_filter_order_model_input_or_unknown_static_hit,.py,"{""inferred_stage_hpf"": 0, ""inferred_stage_hpf_reg"": 0, ""manual_stage_hpf"": 0, ""predicted_stage_hpf"": 5, ""stage_hpf"": 5, ""stage_prediction_status"": 0}",static token hit; inspect source before inferring runtime reachability
visualization/zfin_phenotype_visualization.py,script_or_orchestration,metadata_filter_order_model_input_or_unknown_static_hit,.py,"{""inferred_stage_hpf"": 0, ""inferred_stage_hpf_reg"": 0, ""manual_stage_hpf"": 0, ""predicted_stage_hpf"": 5, ""stage_hpf"": 5, ""stage_prediction_status"": 0}",static token hit; inspect source before inferring runtime reachability
