experiment_order,experiment_id,artifact_kind,path,present,size_bytes,mtime_utc
0,20250612_24hpf_ctrl_atf6,stage,/net/trapnell/vol1/home/nlammers/projects/data/morphseq/pipeline/output/feature_extraction/20250612_24hpf_ctrl_atf6/stage_predictions/20250612_24hpf_ctrl_atf6_stage_predictions.csv,True,24107.0,2026-07-31T23:37:37.977112+00:00
0,20250612_24hpf_ctrl_atf6,inventory,/net/trapnell/vol1/home/nlammers/projects/data/morphseq/pipeline/output/object_extraction/20250612_24hpf_ctrl_atf6/snips/20250612_24hpf_ctrl_atf6_snip_inventory.csv,True,103590.0,2026-07-31T23:21:13.280764+00:00
0,20250612_24hpf_ctrl_atf6,frame_inventory,/net/trapnell/vol1/home/nlammers/projects/data/morphseq/pipeline/output/acquisition/20250612_24hpf_ctrl_atf6/frame_inventory/20250612_24hpf_ctrl_atf6_frame_inventory.csv,True,1043833.0,2026-07-31T22:59:51.357925+00:00
0,20250612_24hpf_ctrl_atf6,plate,/net/trapnell/vol1/home/nlammers/projects/data/morphseq/pipeline/output/acquisition/20250612_24hpf_ctrl_atf6/ingest_metadata/plate_metadata.csv,True,8717.0,2026-07-31T23:02:27.051204+00:00
0,20250612_24hpf_ctrl_atf6,collection_provenance,/net/trapnell/vol1/home/nlammers/projects/data/morphseq/pipeline/output/acquisition/20250612_24hpf_ctrl_atf6/ingest_metadata/collection_provenance.json,False,,
0,20250612_24hpf_ctrl_atf6,mask_geometry,/net/trapnell/vol1/home/nlammers/projects/data/morphseq/pipeline/output/feature_extraction/20250612_24hpf_ctrl_atf6/mask_geometry/20250612_24hpf_ctrl_atf6_mask_geometry.csv,True,30904.0,2026-07-31T23:38:10.125380+00:00
0,20250612_24hpf_ctrl_atf6,surface_area_qc,/net/trapnell/vol1/home/nlammers/projects/data/morphseq/pipeline/output/quality_control/20250612_24hpf_ctrl_atf6/surface_area_qc/20250612_24hpf_ctrl_atf6_surface_area_qc.csv,True,17660.0,2026-07-31T23:54:47.235004+00:00
0,20250612_24hpf_ctrl_atf6,analysis_ready,/net/trapnell/vol1/home/nlammers/projects/data/morphseq/pipeline/output/analysis_ready/20250612_24hpf_ctrl_atf6/analysis_ready/20250612_24hpf_ctrl_atf6_analysis_ready.parquet,True,344963.0,2026-07-31T23:55:16.759546+00:00
1,20250612_24hpf_wfs1_ctcf,stage,/net/trapnell/vol1/home/nlammers/projects/data/morphseq/pipeline/output/feature_extraction/20250612_24hpf_wfs1_ctcf/stage_predictions/20250612_24hpf_wfs1_ctcf_stage_predictions.csv,True,23860.0,2026-07-27T20:34:12.333225+00:00
1,20250612_24hpf_wfs1_ctcf,inventory,/net/trapnell/vol1/home/nlammers/projects/data/morphseq/pipeline/output/object_extraction/20250612_24hpf_wfs1_ctcf/snips/20250612_24hpf_wfs1_ctcf_snip_inventory.csv,True,102525.0,2026-07-27T20:23:00.965309+00:00
1,20250612_24hpf_wfs1_ctcf,frame_inventory,/net/trapnell/vol1/home/nlammers/projects/data/morphseq/pipeline/output/acquisition/20250612_24hpf_wfs1_ctcf/frame_inventory/20250612_24hpf_wfs1_ctcf_frame_inventory.csv,False,,
1,20250612_24hpf_wfs1_ctcf,plate,/net/trapnell/vol1/home/nlammers/projects/data/morphseq/pipeline/output/acquisition/20250612_24hpf_wfs1_ctcf/ingest_metadata/plate_metadata.csv,True,8252.0,2026-07-26T18:12:18.230418+00:00
1,20250612_24hpf_wfs1_ctcf,collection_provenance,/net/trapnell/vol1/home/nlammers/projects/data/morphseq/pipeline/output/acquisition/20250612_24hpf_wfs1_ctcf/ingest_metadata/collection_provenance.json,False,,
1,20250612_24hpf_wfs1_ctcf,mask_geometry,/net/trapnell/vol1/home/nlammers/projects/data/morphseq/pipeline/output/feature_extraction/20250612_24hpf_wfs1_ctcf/mask_geometry/20250612_24hpf_wfs1_ctcf_mask_geometry.csv,True,30575.0,2026-07-27T20:38:10.261448+00:00
1,20250612_24hpf_wfs1_ctcf,surface_area_qc,/net/trapnell/vol1/home/nlammers/projects/data/morphseq/pipeline/output/quality_control/20250612_24hpf_wfs1_ctcf/surface_area_qc/20250612_24hpf_wfs1_ctcf_surface_area_qc.csv,False,,
1,20250612_24hpf_wfs1_ctcf,analysis_ready,/net/trapnell/vol1/home/nlammers/projects/data/morphseq/pipeline/output/analysis_ready/20250612_24hpf_wfs1_ctcf/analysis_ready/20250612_24hpf_wfs1_ctcf_analysis_ready.parquet,True,339825.0,2026-07-27T20:40:34.508009+00:00
2,20250612_30hpf_ctrl_atf6,stage,/net/trapnell/vol1/home/nlammers/projects/data/morphseq/pipeline/output/feature_extraction/20250612_30hpf_ctrl_atf6/stage_predictions/20250612_30hpf_ctrl_atf6_stage_predictions.csv,True,24107.0,2026-07-27T20:41:11.908673+00:00
2,20250612_30hpf_ctrl_atf6,inventory,/net/trapnell/vol1/home/nlammers/projects/data/morphseq/pipeline/output/object_extraction/20250612_30hpf_ctrl_atf6/snips/20250612_30hpf_ctrl_atf6_snip_inventory.csv,True,103590.0,2026-07-27T20:38:13.513506+00:00
2,20250612_30hpf_ctrl_atf6,frame_inventory,/net/trapnell/vol1/home/nlammers/projects/data/morphseq/pipeline/output/acquisition/20250612_30hpf_ctrl_atf6/frame_inventory/20250612_30hpf_ctrl_atf6_frame_inventory.csv,False,,
2,20250612_30hpf_ctrl_atf6,plate,/net/trapnell/vol1/home/nlammers/projects/data/morphseq/pipeline/output/acquisition/20250612_30hpf_ctrl_atf6/ingest_metadata/plate_metadata.csv,True,8108.0,2026-07-26T18:26:06.851951+00:00
2,20250612_30hpf_ctrl_atf6,collection_provenance,/net/trapnell/vol1/home/nlammers/projects/data/morphseq/pipeline/output/acquisition/20250612_30hpf_ctrl_atf6/ingest_metadata/collection_provenance.json,False,,
2,20250612_30hpf_ctrl_atf6,mask_geometry,/net/trapnell/vol1/home/nlammers/projects/data/morphseq/pipeline/output/feature_extraction/20250612_30hpf_ctrl_atf6/mask_geometry/20250612_30hpf_ctrl_atf6_mask_geometry.csv,True,30912.0,2026-07-27T20:39:33.002917+00:00
2,20250612_30hpf_ctrl_atf6,surface_area_qc,/net/trapnell/vol1/home/nlammers/projects/data/morphseq/pipeline/output/quality_control/20250612_30hpf_ctrl_atf6/surface_area_qc/20250612_30hpf_ctrl_atf6_surface_area_qc.csv,False,,
2,20250612_30hpf_ctrl_atf6,analysis_ready,/net/trapnell/vol1/home/nlammers/projects/data/morphseq/pipeline/output/analysis_ready/20250612_30hpf_ctrl_atf6/analysis_ready/20250612_30hpf_ctrl_atf6_analysis_ready.parquet,True,343275.0,2026-07-27T20:42:25.045971+00:00
3,20250612_30hpf_wfs1_ctcf,stage,/net/trapnell/vol1/home/nlammers/projects/data/morphseq/pipeline/output/feature_extraction/20250612_30hpf_wfs1_ctcf/stage_predictions/20250612_30hpf_wfs1_ctcf_stage_predictions.csv,True,24107.0,2026-07-27T19:28:44.724953+00:00
3,20250612_30hpf_wfs1_ctcf,inventory,/net/trapnell/vol1/home/nlammers/projects/data/morphseq/pipeline/output/object_extraction/20250612_30hpf_wfs1_ctcf/snips/20250612_30hpf_wfs1_ctcf_snip_inventory.csv,True,103590.0,2026-07-27T19:27:05.684460+00:00
3,20250612_30hpf_wfs1_ctcf,frame_inventory,/net/trapnell/vol1/home/nlammers/projects/data/morphseq/pipeline/output/acquisition/20250612_30hpf_wfs1_ctcf/frame_inventory/20250612_30hpf_wfs1_ctcf_frame_inventory.csv,False,,
3,20250612_30hpf_wfs1_ctcf,plate,/net/trapnell/vol1/home/nlammers/projects/data/morphseq/pipeline/output/acquisition/20250612_30hpf_wfs1_ctcf/ingest_metadata/plate_metadata.csv,True,8252.0,2026-07-26T18:28:00.453480+00:00
3,20250612_30hpf_wfs1_ctcf,collection_provenance,/net/trapnell/vol1/home/nlammers/projects/data/morphseq/pipeline/output/acquisition/20250612_30hpf_wfs1_ctcf/ingest_metadata/collection_provenance.json,False,,
3,20250612_30hpf_wfs1_ctcf,mask_geometry,/net/trapnell/vol1/home/nlammers/projects/data/morphseq/pipeline/output/feature_extraction/20250612_30hpf_wfs1_ctcf/mask_geometry/20250612_30hpf_wfs1_ctcf_mask_geometry.csv,True,30900.0,2026-07-27T19:27:37.744620+00:00
3,20250612_30hpf_wfs1_ctcf,surface_area_qc,/net/trapnell/vol1/home/nlammers/projects/data/morphseq/pipeline/output/quality_control/20250612_30hpf_wfs1_ctcf/surface_area_qc/20250612_30hpf_wfs1_ctcf_surface_area_qc.csv,False,,
3,20250612_30hpf_wfs1_ctcf,analysis_ready,/net/trapnell/vol1/home/nlammers/projects/data/morphseq/pipeline/output/analysis_ready/20250612_30hpf_wfs1_ctcf/analysis_ready/20250612_30hpf_wfs1_ctcf_analysis_ready.parquet,True,343121.0,2026-07-27T19:29:22.921144+00:00
4,20250612_36hpf_ctrl_atf6,stage,/net/trapnell/vol1/home/nlammers/projects/data/morphseq/pipeline/output/feature_extraction/20250612_36hpf_ctrl_atf6/stage_predictions/20250612_36hpf_ctrl_atf6_stage_predictions.csv,True,25342.0,2026-07-27T22:21:38.700453+00:00
4,20250612_36hpf_ctrl_atf6,inventory,/net/trapnell/vol1/home/nlammers/projects/data/morphseq/pipeline/output/object_extraction/20250612_36hpf_ctrl_atf6/snips/20250612_36hpf_ctrl_atf6_snip_inventory.csv,True,108915.0,2026-07-27T22:14:39.753314+00:00
4,20250612_36hpf_ctrl_atf6,frame_inventory,/net/trapnell/vol1/home/nlammers/projects/data/morphseq/pipeline/output/acquisition/20250612_36hpf_ctrl_atf6/frame_inventory/20250612_36hpf_ctrl_atf6_frame_inventory.csv,False,,
4,20250612_36hpf_ctrl_atf6,plate,/net/trapnell/vol1/home/nlammers/projects/data/morphseq/pipeline/output/acquisition/20250612_36hpf_ctrl_atf6/ingest_metadata/plate_metadata.csv,True,8108.0,2026-07-26T18:40:48.808973+00:00
4,20250612_36hpf_ctrl_atf6,collection_provenance,/net/trapnell/vol1/home/nlammers/projects/data/morphseq/pipeline/output/acquisition/20250612_36hpf_ctrl_atf6/ingest_metadata/collection_provenance.json,False,,
4,20250612_36hpf_ctrl_atf6,mask_geometry,/net/trapnell/vol1/home/nlammers/projects/data/morphseq/pipeline/output/feature_extraction/20250612_36hpf_ctrl_atf6/mask_geometry/20250612_36hpf_ctrl_atf6_mask_geometry.csv,True,32504.0,2026-07-27T22:17:07.618423+00:00
4,20250612_36hpf_ctrl_atf6,surface_area_qc,/net/trapnell/vol1/home/nlammers/projects/data/morphseq/pipeline/output/quality_control/20250612_36hpf_ctrl_atf6/surface_area_qc/20250612_36hpf_ctrl_atf6_surface_area_qc.csv,False,,
4,20250612_36hpf_ctrl_atf6,analysis_ready,/net/trapnell/vol1/home/nlammers/projects/data/morphseq/pipeline/output/analysis_ready/20250612_36hpf_ctrl_atf6/analysis_ready/20250612_36hpf_ctrl_atf6_analysis_ready.parquet,True,350695.0,2026-07-27T22:23:45.573403+00:00
5,20250612_36hpf_wfs1_ctcf,stage,/net/trapnell/vol1/home/nlammers/projects/data/morphseq/pipeline/output/feature_extraction/20250612_36hpf_wfs1_ctcf/stage_predictions/20250612_36hpf_wfs1_ctcf_stage_predictions.csv,True,24107.0,2026-07-27T22:26:45.904243+00:00
5,20250612_36hpf_wfs1_ctcf,inventory,/net/trapnell/vol1/home/nlammers/projects/data/morphseq/pipeline/output/object_extraction/20250612_36hpf_wfs1_ctcf/snips/20250612_36hpf_wfs1_ctcf_snip_inventory.csv,True,103590.0,2026-07-27T22:27:13.892389+00:00
5,20250612_36hpf_wfs1_ctcf,frame_inventory,/net/trapnell/vol1/home/nlammers/projects/data/morphseq/pipeline/output/acquisition/20250612_36hpf_wfs1_ctcf/frame_inventory/20250612_36hpf_wfs1_ctcf_frame_inventory.csv,False,,
5,20250612_36hpf_wfs1_ctcf,plate,/net/trapnell/vol1/home/nlammers/projects/data/morphseq/pipeline/output/acquisition/20250612_36hpf_wfs1_ctcf/ingest_metadata/plate_metadata.csv,True,8252.0,2026-07-26T18:40:36.499448+00:00
5,20250612_36hpf_wfs1_ctcf,collection_provenance,/net/trapnell/vol1/home/nlammers/projects/data/morphseq/pipeline/output/acquisition/20250612_36hpf_wfs1_ctcf/ingest_metadata/collection_provenance.json,False,,
5,20250612_36hpf_wfs1_ctcf,mask_geometry,/net/trapnell/vol1/home/nlammers/projects/data/morphseq/pipeline/output/feature_extraction/20250612_36hpf_wfs1_ctcf/mask_geometry/20250612_36hpf_wfs1_ctcf_mask_geometry.csv,True,30927.0,2026-07-27T22:27:12.576382+00:00
5,20250612_36hpf_wfs1_ctcf,surface_area_qc,/net/trapnell/vol1/home/nlammers/projects/data/morphseq/pipeline/output/quality_control/20250612_36hpf_wfs1_ctcf/surface_area_qc/20250612_36hpf_wfs1_ctcf_surface_area_qc.csv,False,,
5,20250612_36hpf_wfs1_ctcf,analysis_ready,/net/trapnell/vol1/home/nlammers/projects/data/morphseq/pipeline/output/analysis_ready/20250612_36hpf_wfs1_ctcf/analysis_ready/20250612_36hpf_wfs1_ctcf_analysis_ready.parquet,True,343741.0,2026-07-27T22:29:33.069113+00:00
6,20240813_24hpf,stage,/net/trapnell/vol1/home/nlammers/projects/data/morphseq/pipeline/output/feature_extraction/20240813_24hpf/stage_predictions/20240813_24hpf_stage_predictions.csv,True,9124.0,2026-07-27T22:01:32.187343+00:00
6,20240813_24hpf,inventory,/net/trapnell/vol1/home/nlammers/projects/data/morphseq/pipeline/output/object_extraction/20240813_24hpf/snips/20240813_24hpf_snip_inventory.csv,True,135825.0,2026-08-28T00:21:22.702158+00:00
6,20240813_24hpf,frame_inventory,/net/trapnell/vol1/home/nlammers/projects/data/morphseq/pipeline/output/acquisition/20240813_24hpf/frame_inventory/20240813_24hpf_frame_inventory.csv,False,,
6,20240813_24hpf,plate,/net/trapnell/vol1/home/nlammers/projects/data/morphseq/pipeline/output/acquisition/20240813_24hpf/ingest_metadata/plate_metadata.csv,True,5877.0,2026-07-26T16:50:09.907125+00:00
6,20240813_24hpf,collection_provenance,/net/trapnell/vol1/home/nlammers/projects/data/morphseq/pipeline/output/acquisition/20240813_24hpf/ingest_metadata/collection_provenance.json,True,407.0,2026-08-28T00:38:54.896011+00:00
6,20240813_24hpf,mask_geometry,/net/trapnell/vol1/home/nlammers/projects/data/morphseq/pipeline/output/feature_extraction/20240813_24hpf/mask_geometry/20240813_24hpf_mask_geometry.csv,True,12480.0,2026-07-27T22:01:40.723425+00:00
6,20240813_24hpf,surface_area_qc,/net/trapnell/vol1/home/nlammers/projects/data/morphseq/pipeline/output/quality_control/20240813_24hpf/surface_area_qc/20240813_24hpf_surface_area_qc.csv,False,,
6,20240813_24hpf,analysis_ready,/net/trapnell/vol1/home/nlammers/projects/data/morphseq/pipeline/output/analysis_ready/20240813_24hpf/analysis_ready/20240813_24hpf_analysis_ready.parquet,True,257350.0,2026-07-27T22:03:52.832684+00:00
7,20240813_30hpf,stage,/net/trapnell/vol1/home/nlammers/projects/data/morphseq/pipeline/output/feature_extraction/20240813_30hpf/stage_predictions/20240813_30hpf_stage_predictions.csv,True,9498.0,2026-07-27T21:59:51.911777+00:00
7,20240813_30hpf,inventory,/net/trapnell/vol1/home/nlammers/projects/data/morphseq/pipeline/output/object_extraction/20240813_30hpf/snips/20240813_30hpf_snip_inventory.csv,True,141438.0,2026-08-28T00:19:05.759876+00:00
7,20240813_30hpf,frame_inventory,/net/trapnell/vol1/home/nlammers/projects/data/morphseq/pipeline/output/acquisition/20240813_30hpf/frame_inventory/20240813_30hpf_frame_inventory.csv,False,,
7,20240813_30hpf,plate,/net/trapnell/vol1/home/nlammers/projects/data/morphseq/pipeline/output/acquisition/20240813_30hpf/ingest_metadata/plate_metadata.csv,True,5874.0,2026-07-26T16:50:15.446697+00:00
7,20240813_30hpf,collection_provenance,/net/trapnell/vol1/home/nlammers/projects/data/morphseq/pipeline/output/acquisition/20240813_30hpf/ingest_metadata/collection_provenance.json,True,407.0,2026-08-28T00:38:54.896011+00:00
7,20240813_30hpf,mask_geometry,/net/trapnell/vol1/home/nlammers/projects/data/morphseq/pipeline/output/feature_extraction/20240813_30hpf/mask_geometry/20240813_30hpf_mask_geometry.csv,True,13011.0,2026-07-27T22:00:11.131881+00:00
7,20240813_30hpf,surface_area_qc,/net/trapnell/vol1/home/nlammers/projects/data/morphseq/pipeline/output/quality_control/20240813_30hpf/surface_area_qc/20240813_30hpf_surface_area_qc.csv,False,,
7,20240813_30hpf,analysis_ready,/net/trapnell/vol1/home/nlammers/projects/data/morphseq/pipeline/output/analysis_ready/20240813_30hpf/analysis_ready/20240813_30hpf_analysis_ready.parquet,True,261646.0,2026-07-27T22:02:14.428540+00:00
8,20240813_36hpf,stage,/net/trapnell/vol1/home/nlammers/projects/data/morphseq/pipeline/output/feature_extraction/20240813_36hpf/stage_predictions/20240813_36hpf_stage_predictions.csv,True,9498.0,2026-07-28T01:41:30.451074+00:00
8,20240813_36hpf,inventory,/net/trapnell/vol1/home/nlammers/projects/data/morphseq/pipeline/output/object_extraction/20240813_36hpf/snips/20240813_36hpf_snip_inventory.csv,True,42035.0,2026-07-28T01:37:35.978756+00:00
8,20240813_36hpf,frame_inventory,/net/trapnell/vol1/home/nlammers/projects/data/morphseq/pipeline/output/acquisition/20240813_36hpf/frame_inventory/20240813_36hpf_frame_inventory.csv,False,,
8,20240813_36hpf,plate,/net/trapnell/vol1/home/nlammers/projects/data/morphseq/pipeline/output/acquisition/20240813_36hpf/ingest_metadata/plate_metadata.csv,True,5874.0,2026-07-26T16:50:10.314672+00:00
8,20240813_36hpf,collection_provenance,/net/trapnell/vol1/home/nlammers/projects/data/morphseq/pipeline/output/acquisition/20240813_36hpf/ingest_metadata/collection_provenance.json,True,407.0,2026-08-28T00:38:54.834858+00:00
8,20240813_36hpf,mask_geometry,/net/trapnell/vol1/home/nlammers/projects/data/morphseq/pipeline/output/feature_extraction/20240813_36hpf/mask_geometry/20240813_36hpf_mask_geometry.csv,True,13018.0,2026-07-28T01:42:19.367972+00:00
8,20240813_36hpf,surface_area_qc,/net/trapnell/vol1/home/nlammers/projects/data/morphseq/pipeline/output/quality_control/20240813_36hpf/surface_area_qc/20240813_36hpf_surface_area_qc.csv,False,,
8,20240813_36hpf,analysis_ready,/net/trapnell/vol1/home/nlammers/projects/data/morphseq/pipeline/output/analysis_ready/20240813_36hpf/analysis_ready/20240813_36hpf_analysis_ready.parquet,True,261968.0,2026-07-28T01:45:31.707496+00:00
9,20240813_extras,stage,/net/trapnell/vol1/home/nlammers/projects/data/morphseq/pipeline/output/feature_extraction/20240813_extras/stage_predictions/20240813_extras_stage_predictions.csv,False,,
9,20240813_extras,inventory,/net/trapnell/vol1/home/nlammers/projects/data/morphseq/pipeline/output/object_extraction/20240813_extras/snips/20240813_extras_snip_inventory.csv,False,,
9,20240813_extras,frame_inventory,/net/trapnell/vol1/home/nlammers/projects/data/morphseq/pipeline/output/acquisition/20240813_extras/frame_inventory/20240813_extras_frame_inventory.csv,False,,
9,20240813_extras,plate,/net/trapnell/vol1/home/nlammers/projects/data/morphseq/pipeline/output/acquisition/20240813_extras/ingest_metadata/plate_metadata.csv,True,6075.0,2026-07-26T16:56:03.616194+00:00
9,20240813_extras,collection_provenance,/net/trapnell/vol1/home/nlammers/projects/data/morphseq/pipeline/output/acquisition/20240813_extras/ingest_metadata/collection_provenance.json,False,,
9,20240813_extras,mask_geometry,/net/trapnell/vol1/home/nlammers/projects/data/morphseq/pipeline/output/feature_extraction/20240813_extras/mask_geometry/20240813_extras_mask_geometry.csv,False,,
9,20240813_extras,surface_area_qc,/net/trapnell/vol1/home/nlammers/projects/data/morphseq/pipeline/output/quality_control/20240813_extras/surface_area_qc/20240813_extras_surface_area_qc.csv,False,,
9,20240813_extras,analysis_ready,/net/trapnell/vol1/home/nlammers/projects/data/morphseq/pipeline/output/analysis_ready/20240813_extras/analysis_ready/20240813_extras_analysis_ready.parquet,False,,
10,20260702_hotchem_24hpf_plate01,stage,/net/trapnell/vol1/home/nlammers/projects/data/morphseq/pipeline/output/feature_extraction/20260702_hotchem_24hpf_plate01/stage_predictions/20260702_hotchem_24hpf_plate01_stage_predictions.csv,True,29684.0,2026-07-28T03:22:48.430493+00:00
10,20260702_hotchem_24hpf_plate01,inventory,/net/trapnell/vol1/home/nlammers/projects/data/morphseq/pipeline/output/object_extraction/20260702_hotchem_24hpf_plate01/snips/20260702_hotchem_24hpf_plate01_snip_inventory.csv,True,125397.0,2026-07-28T03:21:10.789611+00:00
10,20260702_hotchem_24hpf_plate01,frame_inventory,/net/trapnell/vol1/home/nlammers/projects/data/morphseq/pipeline/output/acquisition/20260702_hotchem_24hpf_plate01/frame_inventory/20260702_hotchem_24hpf_plate01_frame_inventory.csv,False,,
10,20260702_hotchem_24hpf_plate01,plate,/net/trapnell/vol1/home/nlammers/projects/data/morphseq/pipeline/output/acquisition/20260702_hotchem_24hpf_plate01/ingest_metadata/plate_metadata.csv,True,9291.0,2026-07-26T17:06:10.177736+00:00
10,20260702_hotchem_24hpf_plate01,collection_provenance,/net/trapnell/vol1/home/nlammers/projects/data/morphseq/pipeline/output/acquisition/20260702_hotchem_24hpf_plate01/ingest_metadata/collection_provenance.json,True,455.0,2026-08-28T00:39:21.516576+00:00
10,20260702_hotchem_24hpf_plate01,mask_geometry,/net/trapnell/vol1/home/nlammers/projects/data/morphseq/pipeline/output/feature_extraction/20260702_hotchem_24hpf_plate01/mask_geometry/20260702_hotchem_24hpf_plate01_mask_geometry.csv,True,36794.0,2026-07-28T03:21:50.353969+00:00
10,20260702_hotchem_24hpf_plate01,surface_area_qc,/net/trapnell/vol1/home/nlammers/projects/data/morphseq/pipeline/output/quality_control/20260702_hotchem_24hpf_plate01/surface_area_qc/20260702_hotchem_24hpf_plate01_surface_area_qc.csv,False,,
10,20260702_hotchem_24hpf_plate01,analysis_ready,/net/trapnell/vol1/home/nlammers/projects/data/morphseq/pipeline/output/analysis_ready/20260702_hotchem_24hpf_plate01/analysis_ready/20260702_hotchem_24hpf_plate01_analysis_ready.parquet,True,352870.0,2026-07-28T03:24:58.515664+00:00
11,20260702_hotchem_24hpf_plate02,stage,/net/trapnell/vol1/home/nlammers/projects/data/morphseq/pipeline/output/feature_extraction/20260702_hotchem_24hpf_plate02/stage_predictions/20260702_hotchem_24hpf_plate02_stage_predictions.csv,True,34780.0,2026-07-28T04:26:20.320839+00:00
11,20260702_hotchem_24hpf_plate02,inventory,/net/trapnell/vol1/home/nlammers/projects/data/morphseq/pipeline/output/object_extraction/20260702_hotchem_24hpf_plate02/snips/20260702_hotchem_24hpf_plate02_snip_inventory.csv,True,141036.0,2026-07-28T04:25:31.928009+00:00
11,20260702_hotchem_24hpf_plate02,frame_inventory,/net/trapnell/vol1/home/nlammers/projects/data/morphseq/pipeline/output/acquisition/20260702_hotchem_24hpf_plate02/frame_inventory/20260702_hotchem_24hpf_plate02_frame_inventory.csv,False,,
11,20260702_hotchem_24hpf_plate02,plate,/net/trapnell/vol1/home/nlammers/projects/data/morphseq/pipeline/output/acquisition/20260702_hotchem_24hpf_plate02/ingest_metadata/plate_metadata.csv,True,10443.0,2026-07-26T17:05:44.928462+00:00
11,20260702_hotchem_24hpf_plate02,collection_provenance,/net/trapnell/vol1/home/nlammers/projects/data/morphseq/pipeline/output/acquisition/20260702_hotchem_24hpf_plate02/ingest_metadata/collection_provenance.json,True,455.0,2026-08-28T01:18:39.413333+00:00
11,20260702_hotchem_24hpf_plate02,mask_geometry,/net/trapnell/vol1/home/nlammers/projects/data/morphseq/pipeline/output/feature_extraction/20260702_hotchem_24hpf_plate02/mask_geometry/20260702_hotchem_24hpf_plate02_mask_geometry.csv,True,41390.0,2026-07-28T04:30:56.457637+00:00
11,20260702_hotchem_24hpf_plate02,surface_area_qc,/net/trapnell/vol1/home/nlammers/projects/data/morphseq/pipeline/output/quality_control/20260702_hotchem_24hpf_plate02/surface_area_qc/20260702_hotchem_24hpf_plate02_surface_area_qc.csv,False,,
11,20260702_hotchem_24hpf_plate02,analysis_ready,/net/trapnell/vol1/home/nlammers/projects/data/morphseq/pipeline/output/analysis_ready/20260702_hotchem_24hpf_plate02/analysis_ready/20260702_hotchem_24hpf_plate02_analysis_ready.parquet,True,375690.0,2026-07-28T04:36:49.075868+00:00
12,20260702_hotchem_30hpf_plate01,stage,/net/trapnell/vol1/home/nlammers/projects/data/morphseq/pipeline/output/feature_extraction/20260702_hotchem_30hpf_plate01/stage_predictions/20260702_hotchem_30hpf_plate01_stage_predictions.csv,True,36852.0,2026-07-28T05:31:33.616864+00:00
12,20260702_hotchem_30hpf_plate01,inventory,/net/trapnell/vol1/home/nlammers/projects/data/morphseq/pipeline/output/object_extraction/20260702_hotchem_30hpf_plate01/snips/20260702_hotchem_30hpf_plate01_snip_inventory.csv,True,149457.0,2026-07-28T05:29:48.339757+00:00
12,20260702_hotchem_30hpf_plate01,frame_inventory,/net/trapnell/vol1/home/nlammers/projects/data/morphseq/pipeline/output/acquisition/20260702_hotchem_30hpf_plate01/frame_inventory/20260702_hotchem_30hpf_plate01_frame_inventory.csv,False,,
12,20260702_hotchem_30hpf_plate01,plate,/net/trapnell/vol1/home/nlammers/projects/data/morphseq/pipeline/output/acquisition/20260702_hotchem_30hpf_plate01/ingest_metadata/plate_metadata.csv,True,10443.0,2026-07-26T17:15:49.199174+00:00
12,20260702_hotchem_30hpf_plate01,collection_provenance,/net/trapnell/vol1/home/nlammers/projects/data/morphseq/pipeline/output/acquisition/20260702_hotchem_30hpf_plate01/ingest_metadata/collection_provenance.json,True,455.0,2026-08-28T01:20:40.792326+00:00
12,20260702_hotchem_30hpf_plate01,mask_geometry,/net/trapnell/vol1/home/nlammers/projects/data/morphseq/pipeline/output/feature_extraction/20260702_hotchem_30hpf_plate01/mask_geometry/20260702_hotchem_30hpf_plate01_mask_geometry.csv,True,43911.0,2026-07-28T05:31:57.509108+00:00
12,20260702_hotchem_30hpf_plate01,surface_area_qc,/net/trapnell/vol1/home/nlammers/projects/data/morphseq/pipeline/output/quality_control/20260702_hotchem_30hpf_plate01/surface_area_qc/20260702_hotchem_30hpf_plate01_surface_area_qc.csv,False,,
12,20260702_hotchem_30hpf_plate01,analysis_ready,/net/trapnell/vol1/home/nlammers/projects/data/morphseq/pipeline/output/analysis_ready/20260702_hotchem_30hpf_plate01/analysis_ready/20260702_hotchem_30hpf_plate01_analysis_ready.parquet,True,387222.0,2026-07-28T05:34:24.726550+00:00
13,20260702_hotchem_30hpf_plate02,stage,/net/trapnell/vol1/home/nlammers/projects/data/morphseq/pipeline/output/feature_extraction/20260702_hotchem_30hpf_plate02/stage_predictions/20260702_hotchem_30hpf_plate02_stage_predictions.csv,True,31820.0,2026-07-28T07:05:46.757405+00:00
13,20260702_hotchem_30hpf_plate02,inventory,/net/trapnell/vol1/home/nlammers/projects/data/morphseq/pipeline/output/object_extraction/20260702_hotchem_30hpf_plate02/snips/20260702_hotchem_30hpf_plate02_snip_inventory.csv,True,129006.0,2026-07-28T07:03:18.290689+00:00
13,20260702_hotchem_30hpf_plate02,frame_inventory,/net/trapnell/vol1/home/nlammers/projects/data/morphseq/pipeline/output/acquisition/20260702_hotchem_30hpf_plate02/frame_inventory/20260702_hotchem_30hpf_plate02_frame_inventory.csv,False,,
13,20260702_hotchem_30hpf_plate02,plate,/net/trapnell/vol1/home/nlammers/projects/data/morphseq/pipeline/output/acquisition/20260702_hotchem_30hpf_plate02/ingest_metadata/plate_metadata.csv,True,10443.0,2026-07-26T17:41:27.979049+00:00
13,20260702_hotchem_30hpf_plate02,collection_provenance,/net/trapnell/vol1/home/nlammers/projects/data/morphseq/pipeline/output/acquisition/20260702_hotchem_30hpf_plate02/ingest_metadata/collection_provenance.json,True,455.0,2026-08-28T01:20:41.936738+00:00
13,20260702_hotchem_30hpf_plate02,mask_geometry,/net/trapnell/vol1/home/nlammers/projects/data/morphseq/pipeline/output/feature_extraction/20260702_hotchem_30hpf_plate02/mask_geometry/20260702_hotchem_30hpf_plate02_mask_geometry.csv,True,37860.0,2026-07-28T07:03:52.779320+00:00
13,20260702_hotchem_30hpf_plate02,surface_area_qc,/net/trapnell/vol1/home/nlammers/projects/data/morphseq/pipeline/output/quality_control/20260702_hotchem_30hpf_plate02/surface_area_qc/20260702_hotchem_30hpf_plate02_surface_area_qc.csv,False,,
13,20260702_hotchem_30hpf_plate02,analysis_ready,/net/trapnell/vol1/home/nlammers/projects/data/morphseq/pipeline/output/analysis_ready/20260702_hotchem_30hpf_plate02/analysis_ready/20260702_hotchem_30hpf_plate02_analysis_ready.parquet,True,359848.0,2026-07-28T07:07:19.707104+00:00
14,20260702_hotchem_36hpf_plate01,stage,/net/trapnell/vol1/home/nlammers/projects/data/morphseq/pipeline/output/feature_extraction/20260702_hotchem_36hpf_plate01/stage_predictions/20260702_hotchem_36hpf_plate01_stage_predictions.csv,True,30044.0,2026-07-28T06:25:35.259033+00:00
14,20260702_hotchem_36hpf_plate01,inventory,/net/trapnell/vol1/home/nlammers/projects/data/morphseq/pipeline/output/object_extraction/20260702_hotchem_36hpf_plate01/snips/20260702_hotchem_36hpf_plate01_snip_inventory.csv,True,121788.0,2026-07-28T06:22:46.361737+00:00
14,20260702_hotchem_36hpf_plate01,frame_inventory,/net/trapnell/vol1/home/nlammers/projects/data/morphseq/pipeline/output/acquisition/20260702_hotchem_36hpf_plate01/frame_inventory/20260702_hotchem_36hpf_plate01_frame_inventory.csv,False,,
14,20260702_hotchem_36hpf_plate01,plate,/net/trapnell/vol1/home/nlammers/projects/data/morphseq/pipeline/output/acquisition/20260702_hotchem_36hpf_plate01/ingest_metadata/plate_metadata.csv,True,10443.0,2026-07-13T00:31:11.715630+00:00
14,20260702_hotchem_36hpf_plate01,collection_provenance,/net/trapnell/vol1/home/nlammers/projects/data/morphseq/pipeline/output/acquisition/20260702_hotchem_36hpf_plate01/ingest_metadata/collection_provenance.json,True,455.0,2026-08-28T01:46:08.543509+00:00
14,20260702_hotchem_36hpf_plate01,mask_geometry,/net/trapnell/vol1/home/nlammers/projects/data/morphseq/pipeline/output/feature_extraction/20260702_hotchem_36hpf_plate01/mask_geometry/20260702_hotchem_36hpf_plate01_mask_geometry.csv,True,35806.0,2026-07-28T06:23:55.574268+00:00
14,20260702_hotchem_36hpf_plate01,surface_area_qc,/net/trapnell/vol1/home/nlammers/projects/data/morphseq/pipeline/output/quality_control/20260702_hotchem_36hpf_plate01/surface_area_qc/20260702_hotchem_36hpf_plate01_surface_area_qc.csv,False,,
14,20260702_hotchem_36hpf_plate01,analysis_ready,/net/trapnell/vol1/home/nlammers/projects/data/morphseq/pipeline/output/analysis_ready/20260702_hotchem_36hpf_plate01/analysis_ready/20260702_hotchem_36hpf_plate01_analysis_ready.parquet,True,348827.0,2026-07-28T06:26:30.943460+00:00
15,20260702_hotchem_36hpf_plate02,stage,/net/trapnell/vol1/home/nlammers/projects/data/morphseq/pipeline/output/feature_extraction/20260702_hotchem_36hpf_plate02/stage_predictions/20260702_hotchem_36hpf_plate02_stage_predictions.csv,True,29452.0,2026-07-28T07:22:59.875186+00:00
15,20260702_hotchem_36hpf_plate02,inventory,/net/trapnell/vol1/home/nlammers/projects/data/morphseq/pipeline/output/object_extraction/20260702_hotchem_36hpf_plate02/snips/20260702_hotchem_36hpf_plate02_snip_inventory.csv,True,119382.0,2026-07-28T07:22:35.678973+00:00
15,20260702_hotchem_36hpf_plate02,frame_inventory,/net/trapnell/vol1/home/nlammers/projects/data/morphseq/pipeline/output/acquisition/20260702_hotchem_36hpf_plate02/frame_inventory/20260702_hotchem_36hpf_plate02_frame_inventory.csv,False,,
15,20260702_hotchem_36hpf_plate02,plate,/net/trapnell/vol1/home/nlammers/projects/data/morphseq/pipeline/output/acquisition/20260702_hotchem_36hpf_plate02/ingest_metadata/plate_metadata.csv,True,10443.0,2026-07-26T17:44:55.150022+00:00
15,20260702_hotchem_36hpf_plate02,collection_provenance,/net/trapnell/vol1/home/nlammers/projects/data/morphseq/pipeline/output/acquisition/20260702_hotchem_36hpf_plate02/ingest_metadata/collection_provenance.json,False,,
15,20260702_hotchem_36hpf_plate02,mask_geometry,/net/trapnell/vol1/home/nlammers/projects/data/morphseq/pipeline/output/feature_extraction/20260702_hotchem_36hpf_plate02/mask_geometry/20260702_hotchem_36hpf_plate02_mask_geometry.csv,True,35105.0,2026-07-28T07:26:40.641132+00:00
15,20260702_hotchem_36hpf_plate02,surface_area_qc,/net/trapnell/vol1/home/nlammers/projects/data/morphseq/pipeline/output/quality_control/20260702_hotchem_36hpf_plate02/surface_area_qc/20260702_hotchem_36hpf_plate02_surface_area_qc.csv,False,,
15,20260702_hotchem_36hpf_plate02,analysis_ready,/net/trapnell/vol1/home/nlammers/projects/data/morphseq/pipeline/output/analysis_ready/20260702_hotchem_36hpf_plate02/analysis_ready/20260702_hotchem_36hpf_plate02_analysis_ready.parquet,True,346625.0,2026-07-28T07:27:37.717637+00:00
16,20260320_cilia_crispant_48hpf,stage,/net/trapnell/vol1/home/nlammers/projects/data/morphseq/pipeline/output/feature_extraction/20260320_cilia_crispant_48hpf/stage_predictions/20260320_cilia_crispant_48hpf_stage_predictions.csv,False,,
16,20260320_cilia_crispant_48hpf,inventory,/net/trapnell/vol1/home/nlammers/projects/data/morphseq/pipeline/output/object_extraction/20260320_cilia_crispant_48hpf/snips/20260320_cilia_crispant_48hpf_snip_inventory.csv,False,,
16,20260320_cilia_crispant_48hpf,frame_inventory,/net/trapnell/vol1/home/nlammers/projects/data/morphseq/pipeline/output/acquisition/20260320_cilia_crispant_48hpf/frame_inventory/20260320_cilia_crispant_48hpf_frame_inventory.csv,False,,
16,20260320_cilia_crispant_48hpf,plate,/net/trapnell/vol1/home/nlammers/projects/data/morphseq/pipeline/output/acquisition/20260320_cilia_crispant_48hpf/ingest_metadata/plate_metadata.csv,True,10714.0,2026-07-26T18:54:03.101210+00:00
16,20260320_cilia_crispant_48hpf,collection_provenance,/net/trapnell/vol1/home/nlammers/projects/data/morphseq/pipeline/output/acquisition/20260320_cilia_crispant_48hpf/ingest_metadata/collection_provenance.json,False,,
16,20260320_cilia_crispant_48hpf,mask_geometry,/net/trapnell/vol1/home/nlammers/projects/data/morphseq/pipeline/output/feature_extraction/20260320_cilia_crispant_48hpf/mask_geometry/20260320_cilia_crispant_48hpf_mask_geometry.csv,False,,
16,20260320_cilia_crispant_48hpf,surface_area_qc,/net/trapnell/vol1/home/nlammers/projects/data/morphseq/pipeline/output/quality_control/20260320_cilia_crispant_48hpf/surface_area_qc/20260320_cilia_crispant_48hpf_surface_area_qc.csv,False,,
16,20260320_cilia_crispant_48hpf,analysis_ready,/net/trapnell/vol1/home/nlammers/projects/data/morphseq/pipeline/output/analysis_ready/20260320_cilia_crispant_48hpf/analysis_ready/20260320_cilia_crispant_48hpf_analysis_ready.parquet,False,,
17,20260324_cep290_18hpf_24hpf_plate02,stage,/net/trapnell/vol1/home/nlammers/projects/data/morphseq/pipeline/output/feature_extraction/20260324_cep290_18hpf_24hpf_plate02/stage_predictions/20260324_cep290_18hpf_24hpf_plate02_stage_predictions.csv,False,,
17,20260324_cep290_18hpf_24hpf_plate02,inventory,/net/trapnell/vol1/home/nlammers/projects/data/morphseq/pipeline/output/object_extraction/20260324_cep290_18hpf_24hpf_plate02/snips/20260324_cep290_18hpf_24hpf_plate02_snip_inventory.csv,False,,
17,20260324_cep290_18hpf_24hpf_plate02,frame_inventory,/net/trapnell/vol1/home/nlammers/projects/data/morphseq/pipeline/output/acquisition/20260324_cep290_18hpf_24hpf_plate02/frame_inventory/20260324_cep290_18hpf_24hpf_plate02_frame_inventory.csv,False,,
17,20260324_cep290_18hpf_24hpf_plate02,plate,/net/trapnell/vol1/home/nlammers/projects/data/morphseq/pipeline/output/acquisition/20260324_cep290_18hpf_24hpf_plate02/ingest_metadata/plate_metadata.csv,True,13609.0,2026-07-26T18:55:56.223375+00:00
17,20260324_cep290_18hpf_24hpf_plate02,collection_provenance,/net/trapnell/vol1/home/nlammers/projects/data/morphseq/pipeline/output/acquisition/20260324_cep290_18hpf_24hpf_plate02/ingest_metadata/collection_provenance.json,False,,
17,20260324_cep290_18hpf_24hpf_plate02,mask_geometry,/net/trapnell/vol1/home/nlammers/projects/data/morphseq/pipeline/output/feature_extraction/20260324_cep290_18hpf_24hpf_plate02/mask_geometry/20260324_cep290_18hpf_24hpf_plate02_mask_geometry.csv,False,,
17,20260324_cep290_18hpf_24hpf_plate02,surface_area_qc,/net/trapnell/vol1/home/nlammers/projects/data/morphseq/pipeline/output/quality_control/20260324_cep290_18hpf_24hpf_plate02/surface_area_qc/20260324_cep290_18hpf_24hpf_plate02_surface_area_qc.csv,False,,
17,20260324_cep290_18hpf_24hpf_plate02,analysis_ready,/net/trapnell/vol1/home/nlammers/projects/data/morphseq/pipeline/output/analysis_ready/20260324_cep290_18hpf_24hpf_plate02/analysis_ready/20260324_cep290_18hpf_24hpf_plate02_analysis_ready.parquet,False,,
18,20260324_cep290_18hpf_plate01,stage,/net/trapnell/vol1/home/nlammers/projects/data/morphseq/pipeline/output/feature_extraction/20260324_cep290_18hpf_plate01/stage_predictions/20260324_cep290_18hpf_plate01_stage_predictions.csv,False,,
18,20260324_cep290_18hpf_plate01,inventory,/net/trapnell/vol1/home/nlammers/projects/data/morphseq/pipeline/output/object_extraction/20260324_cep290_18hpf_plate01/snips/20260324_cep290_18hpf_plate01_snip_inventory.csv,False,,
18,20260324_cep290_18hpf_plate01,frame_inventory,/net/trapnell/vol1/home/nlammers/projects/data/morphseq/pipeline/output/acquisition/20260324_cep290_18hpf_plate01/frame_inventory/20260324_cep290_18hpf_plate01_frame_inventory.csv,False,,
18,20260324_cep290_18hpf_plate01,plate,/net/trapnell/vol1/home/nlammers/projects/data/morphseq/pipeline/output/acquisition/20260324_cep290_18hpf_plate01/ingest_metadata/plate_metadata.csv,True,12457.0,2026-07-26T19:10:17.052520+00:00
18,20260324_cep290_18hpf_plate01,collection_provenance,/net/trapnell/vol1/home/nlammers/projects/data/morphseq/pipeline/output/acquisition/20260324_cep290_18hpf_plate01/ingest_metadata/collection_provenance.json,False,,
18,20260324_cep290_18hpf_plate01,mask_geometry,/net/trapnell/vol1/home/nlammers/projects/data/morphseq/pipeline/output/feature_extraction/20260324_cep290_18hpf_plate01/mask_geometry/20260324_cep290_18hpf_plate01_mask_geometry.csv,False,,
18,20260324_cep290_18hpf_plate01,surface_area_qc,/net/trapnell/vol1/home/nlammers/projects/data/morphseq/pipeline/output/quality_control/20260324_cep290_18hpf_plate01/surface_area_qc/20260324_cep290_18hpf_plate01_surface_area_qc.csv,False,,
18,20260324_cep290_18hpf_plate01,analysis_ready,/net/trapnell/vol1/home/nlammers/projects/data/morphseq/pipeline/output/analysis_ready/20260324_cep290_18hpf_plate01/analysis_ready/20260324_cep290_18hpf_plate01_analysis_ready.parquet,False,,
19,20260324_cep290_24hpf_plate01,stage,/net/trapnell/vol1/home/nlammers/projects/data/morphseq/pipeline/output/feature_extraction/20260324_cep290_24hpf_plate01/stage_predictions/20260324_cep290_24hpf_plate01_stage_predictions.csv,True,28125.0,2026-07-28T10:54:04.136689+00:00
19,20260324_cep290_24hpf_plate01,inventory,/net/trapnell/vol1/home/nlammers/projects/data/morphseq/pipeline/output/object_extraction/20260324_cep290_24hpf_plate01/snips/20260324_cep290_24hpf_plate01_snip_inventory.csv,True,119465.0,2026-07-28T10:53:29.512061+00:00
19,20260324_cep290_24hpf_plate01,frame_inventory,/net/trapnell/vol1/home/nlammers/projects/data/morphseq/pipeline/output/acquisition/20260324_cep290_24hpf_plate01/frame_inventory/20260324_cep290_24hpf_plate01_frame_inventory.csv,False,,
19,20260324_cep290_24hpf_plate01,plate,/net/trapnell/vol1/home/nlammers/projects/data/morphseq/pipeline/output/acquisition/20260324_cep290_24hpf_plate01/ingest_metadata/plate_metadata.csv,True,11481.0,2026-07-26T19:14:00.091274+00:00
19,20260324_cep290_24hpf_plate01,collection_provenance,/net/trapnell/vol1/home/nlammers/projects/data/morphseq/pipeline/output/acquisition/20260324_cep290_24hpf_plate01/ingest_metadata/collection_provenance.json,False,,
19,20260324_cep290_24hpf_plate01,mask_geometry,/net/trapnell/vol1/home/nlammers/projects/data/morphseq/pipeline/output/feature_extraction/20260324_cep290_24hpf_plate01/mask_geometry/20260324_cep290_24hpf_plate01_mask_geometry.csv,True,35186.0,2026-07-28T10:54:17.268928+00:00
19,20260324_cep290_24hpf_plate01,surface_area_qc,/net/trapnell/vol1/home/nlammers/projects/data/morphseq/pipeline/output/quality_control/20260324_cep290_24hpf_plate01/surface_area_qc/20260324_cep290_24hpf_plate01_surface_area_qc.csv,False,,
19,20260324_cep290_24hpf_plate01,analysis_ready,/net/trapnell/vol1/home/nlammers/projects/data/morphseq/pipeline/output/analysis_ready/20260324_cep290_24hpf_plate01/analysis_ready/20260324_cep290_24hpf_plate01_analysis_ready.parquet,True,349127.0,2026-07-28T10:56:45.455616+00:00
20,20260324_cep290_24hpf_plate02,stage,/net/trapnell/vol1/home/nlammers/projects/data/morphseq/pipeline/output/feature_extraction/20260324_cep290_24hpf_plate02/stage_predictions/20260324_cep290_24hpf_plate02_stage_predictions.csv,True,28381.0,2026-07-28T11:21:47.769219+00:00
20,20260324_cep290_24hpf_plate02,inventory,/net/trapnell/vol1/home/nlammers/projects/data/morphseq/pipeline/output/object_extraction/20260324_cep290_24hpf_plate02/snips/20260324_cep290_24hpf_plate02_snip_inventory.csv,True,119465.0,2026-07-28T11:16:42.026574+00:00
20,20260324_cep290_24hpf_plate02,frame_inventory,/net/trapnell/vol1/home/nlammers/projects/data/morphseq/pipeline/output/acquisition/20260324_cep290_24hpf_plate02/frame_inventory/20260324_cep290_24hpf_plate02_frame_inventory.csv,False,,
20,20260324_cep290_24hpf_plate02,plate,/net/trapnell/vol1/home/nlammers/projects/data/morphseq/pipeline/output/acquisition/20260324_cep290_24hpf_plate02/ingest_metadata/plate_metadata.csv,True,11021.0,2026-07-26T19:13:54.872797+00:00
20,20260324_cep290_24hpf_plate02,collection_provenance,/net/trapnell/vol1/home/nlammers/projects/data/morphseq/pipeline/output/acquisition/20260324_cep290_24hpf_plate02/ingest_metadata/collection_provenance.json,False,,
20,20260324_cep290_24hpf_plate02,mask_geometry,/net/trapnell/vol1/home/nlammers/projects/data/morphseq/pipeline/output/feature_extraction/20260324_cep290_24hpf_plate02/mask_geometry/20260324_cep290_24hpf_plate02_mask_geometry.csv,True,35178.0,2026-07-28T11:19:22.907961+00:00
20,20260324_cep290_24hpf_plate02,surface_area_qc,/net/trapnell/vol1/home/nlammers/projects/data/morphseq/pipeline/output/quality_control/20260324_cep290_24hpf_plate02/surface_area_qc/20260324_cep290_24hpf_plate02_surface_area_qc.csv,False,,
20,20260324_cep290_24hpf_plate02,analysis_ready,/net/trapnell/vol1/home/nlammers/projects/data/morphseq/pipeline/output/analysis_ready/20260324_cep290_24hpf_plate02/analysis_ready/20260324_cep290_24hpf_plate02_analysis_ready.parquet,True,350906.0,2026-07-28T11:23:26.934084+00:00
21,20260324_cep290_30hpf_plate01,stage,/net/trapnell/vol1/home/nlammers/projects/data/morphseq/pipeline/output/feature_extraction/20260324_cep290_30hpf_plate01/stage_predictions/20260324_cep290_30hpf_plate01_stage_predictions.csv,True,27294.0,2026-07-28T11:21:42.708919+00:00
21,20260324_cep290_30hpf_plate01,inventory,/net/trapnell/vol1/home/nlammers/projects/data/morphseq/pipeline/output/object_extraction/20260324_cep290_30hpf_plate01/snips/20260324_cep290_30hpf_plate01_snip_inventory.csv,True,115925.0,2026-07-28T11:21:51.524982+00:00
21,20260324_cep290_30hpf_plate01,frame_inventory,/net/trapnell/vol1/home/nlammers/projects/data/morphseq/pipeline/output/acquisition/20260324_cep290_30hpf_plate01/frame_inventory/20260324_cep290_30hpf_plate01_frame_inventory.csv,False,,
21,20260324_cep290_30hpf_plate01,plate,/net/trapnell/vol1/home/nlammers/projects/data/morphseq/pipeline/output/acquisition/20260324_cep290_30hpf_plate01/ingest_metadata/plate_metadata.csv,True,11634.0,2026-07-26T19:29:03.007691+00:00
21,20260324_cep290_30hpf_plate01,collection_provenance,/net/trapnell/vol1/home/nlammers/projects/data/morphseq/pipeline/output/acquisition/20260324_cep290_30hpf_plate01/ingest_metadata/collection_provenance.json,False,,
21,20260324_cep290_30hpf_plate01,mask_geometry,/net/trapnell/vol1/home/nlammers/projects/data/morphseq/pipeline/output/feature_extraction/20260324_cep290_30hpf_plate01/mask_geometry/20260324_cep290_30hpf_plate01_mask_geometry.csv,True,34138.0,2026-07-28T11:22:40.601337+00:00
21,20260324_cep290_30hpf_plate01,surface_area_qc,/net/trapnell/vol1/home/nlammers/projects/data/morphseq/pipeline/output/quality_control/20260324_cep290_30hpf_plate01/surface_area_qc/20260324_cep290_30hpf_plate01_surface_area_qc.csv,False,,
21,20260324_cep290_30hpf_plate01,analysis_ready,/net/trapnell/vol1/home/nlammers/projects/data/morphseq/pipeline/output/analysis_ready/20260324_cep290_30hpf_plate01/analysis_ready/20260324_cep290_30hpf_plate01_analysis_ready.parquet,True,343621.0,2026-07-28T11:23:29.113689+00:00
22,20260324_cep290_30hpf_plate02,stage,/net/trapnell/vol1/home/nlammers/projects/data/morphseq/pipeline/output/feature_extraction/20260324_cep290_30hpf_plate02/stage_predictions/20260324_cep290_30hpf_plate02_stage_predictions.csv,True,20092.0,2026-07-28T11:43:05.686053+00:00
22,20260324_cep290_30hpf_plate02,inventory,/net/trapnell/vol1/home/nlammers/projects/data/morphseq/pipeline/output/object_extraction/20260324_cep290_30hpf_plate02/snips/20260324_cep290_30hpf_plate02_snip_inventory.csv,True,85245.0,2026-07-28T11:35:50.050150+00:00
22,20260324_cep290_30hpf_plate02,frame_inventory,/net/trapnell/vol1/home/nlammers/projects/data/morphseq/pipeline/output/acquisition/20260324_cep290_30hpf_plate02/frame_inventory/20260324_cep290_30hpf_plate02_frame_inventory.csv,False,,
22,20260324_cep290_30hpf_plate02,plate,/net/trapnell/vol1/home/nlammers/projects/data/morphseq/pipeline/output/acquisition/20260324_cep290_30hpf_plate02/ingest_metadata/plate_metadata.csv,True,11032.0,2026-07-26T19:26:07.739061+00:00
22,20260324_cep290_30hpf_plate02,collection_provenance,/net/trapnell/vol1/home/nlammers/projects/data/morphseq/pipeline/output/acquisition/20260324_cep290_30hpf_plate02/ingest_metadata/collection_provenance.json,False,,
22,20260324_cep290_30hpf_plate02,mask_geometry,/net/trapnell/vol1/home/nlammers/projects/data/morphseq/pipeline/output/feature_extraction/20260324_cep290_30hpf_plate02/mask_geometry/20260324_cep290_30hpf_plate02_mask_geometry.csv,True,25106.0,2026-07-28T11:45:40.764867+00:00
22,20260324_cep290_30hpf_plate02,surface_area_qc,/net/trapnell/vol1/home/nlammers/projects/data/morphseq/pipeline/output/quality_control/20260324_cep290_30hpf_plate02/surface_area_qc/20260324_cep290_30hpf_plate02_surface_area_qc.csv,False,,
22,20260324_cep290_30hpf_plate02,analysis_ready,/net/trapnell/vol1/home/nlammers/projects/data/morphseq/pipeline/output/analysis_ready/20260324_cep290_30hpf_plate02/analysis_ready/20260324_cep290_30hpf_plate02_analysis_ready.parquet,True,300913.0,2026-07-28T11:48:30.247941+00:00
23,20260331_b9d2_18hpf_plate01,stage,/net/trapnell/vol1/home/nlammers/projects/data/morphseq/pipeline/output/feature_extraction/20260331_b9d2_18hpf_plate01/stage_predictions/20260331_b9d2_18hpf_plate01_stage_predictions.csv,False,,
23,20260331_b9d2_18hpf_plate01,inventory,/net/trapnell/vol1/home/nlammers/projects/data/morphseq/pipeline/output/object_extraction/20260331_b9d2_18hpf_plate01/snips/20260331_b9d2_18hpf_plate01_snip_inventory.csv,False,,
23,20260331_b9d2_18hpf_plate01,frame_inventory,/net/trapnell/vol1/home/nlammers/projects/data/morphseq/pipeline/output/acquisition/20260331_b9d2_18hpf_plate01/frame_inventory/20260331_b9d2_18hpf_plate01_frame_inventory.csv,False,,
23,20260331_b9d2_18hpf_plate01,plate,/net/trapnell/vol1/home/nlammers/projects/data/morphseq/pipeline/output/acquisition/20260331_b9d2_18hpf_plate01/ingest_metadata/plate_metadata.csv,True,10691.0,2026-07-26T19:29:05.760916+00:00
23,20260331_b9d2_18hpf_plate01,collection_provenance,/net/trapnell/vol1/home/nlammers/projects/data/morphseq/pipeline/output/acquisition/20260331_b9d2_18hpf_plate01/ingest_metadata/collection_provenance.json,False,,
23,20260331_b9d2_18hpf_plate01,mask_geometry,/net/trapnell/vol1/home/nlammers/projects/data/morphseq/pipeline/output/feature_extraction/20260331_b9d2_18hpf_plate01/mask_geometry/20260331_b9d2_18hpf_plate01_mask_geometry.csv,False,,
23,20260331_b9d2_18hpf_plate01,surface_area_qc,/net/trapnell/vol1/home/nlammers/projects/data/morphseq/pipeline/output/quality_control/20260331_b9d2_18hpf_plate01/surface_area_qc/20260331_b9d2_18hpf_plate01_surface_area_qc.csv,False,,
23,20260331_b9d2_18hpf_plate01,analysis_ready,/net/trapnell/vol1/home/nlammers/projects/data/morphseq/pipeline/output/analysis_ready/20260331_b9d2_18hpf_plate01/analysis_ready/20260331_b9d2_18hpf_plate01_analysis_ready.parquet,False,,
24,20260331_b9d2_18hpf_plate02,stage,/net/trapnell/vol1/home/nlammers/projects/data/morphseq/pipeline/output/feature_extraction/20260331_b9d2_18hpf_plate02/stage_predictions/20260331_b9d2_18hpf_plate02_stage_predictions.csv,True,18698.0,2026-07-28T13:16:33.718615+00:00
24,20260331_b9d2_18hpf_plate02,inventory,/net/trapnell/vol1/home/nlammers/projects/data/morphseq/pipeline/output/object_extraction/20260331_b9d2_18hpf_plate02/snips/20260331_b9d2_18hpf_plate02_snip_inventory.csv,True,79665.0,2026-07-28T13:15:35.425566+00:00
24,20260331_b9d2_18hpf_plate02,frame_inventory,/net/trapnell/vol1/home/nlammers/projects/data/morphseq/pipeline/output/acquisition/20260331_b9d2_18hpf_plate02/frame_inventory/20260331_b9d2_18hpf_plate02_frame_inventory.csv,False,,
24,20260331_b9d2_18hpf_plate02,plate,/net/trapnell/vol1/home/nlammers/projects/data/morphseq/pipeline/output/acquisition/20260331_b9d2_18hpf_plate02/ingest_metadata/plate_metadata.csv,True,10138.0,2026-07-26T19:35:50.332723+00:00
24,20260331_b9d2_18hpf_plate02,collection_provenance,/net/trapnell/vol1/home/nlammers/projects/data/morphseq/pipeline/output/acquisition/20260331_b9d2_18hpf_plate02/ingest_metadata/collection_provenance.json,False,,
24,20260331_b9d2_18hpf_plate02,mask_geometry,/net/trapnell/vol1/home/nlammers/projects/data/morphseq/pipeline/output/feature_extraction/20260331_b9d2_18hpf_plate02/mask_geometry/20260331_b9d2_18hpf_plate02_mask_geometry.csv,True,23581.0,2026-07-28T13:17:35.007717+00:00
24,20260331_b9d2_18hpf_plate02,surface_area_qc,/net/trapnell/vol1/home/nlammers/projects/data/morphseq/pipeline/output/quality_control/20260331_b9d2_18hpf_plate02/surface_area_qc/20260331_b9d2_18hpf_plate02_surface_area_qc.csv,False,,
24,20260331_b9d2_18hpf_plate02,analysis_ready,/net/trapnell/vol1/home/nlammers/projects/data/morphseq/pipeline/output/analysis_ready/20260331_b9d2_18hpf_plate02/analysis_ready/20260331_b9d2_18hpf_plate02_analysis_ready.parquet,True,297917.0,2026-07-28T13:19:12.205465+00:00
25,20260414_b9d2_14hpf_plate01,stage,/net/trapnell/vol1/home/nlammers/projects/data/morphseq/pipeline/output/feature_extraction/20260414_b9d2_14hpf_plate01/stage_predictions/20260414_b9d2_14hpf_plate01_stage_predictions.csv,True,28503.0,2026-07-28T13:43:39.346489+00:00
25,20260414_b9d2_14hpf_plate01,inventory,/net/trapnell/vol1/home/nlammers/projects/data/morphseq/pipeline/output/object_extraction/20260414_b9d2_14hpf_plate01/snips/20260414_b9d2_14hpf_plate01_snip_inventory.csv,True,121623.0,2026-07-28T13:37:40.948545+00:00
25,20260414_b9d2_14hpf_plate01,frame_inventory,/net/trapnell/vol1/home/nlammers/projects/data/morphseq/pipeline/output/acquisition/20260414_b9d2_14hpf_plate01/frame_inventory/20260414_b9d2_14hpf_plate01_frame_inventory.csv,False,,
25,20260414_b9d2_14hpf_plate01,plate,/net/trapnell/vol1/home/nlammers/projects/data/morphseq/pipeline/output/acquisition/20260414_b9d2_14hpf_plate01/ingest_metadata/plate_metadata.csv,True,10725.0,2026-07-26T19:49:42.654339+00:00
25,20260414_b9d2_14hpf_plate01,collection_provenance,/net/trapnell/vol1/home/nlammers/projects/data/morphseq/pipeline/output/acquisition/20260414_b9d2_14hpf_plate01/ingest_metadata/collection_provenance.json,False,,
25,20260414_b9d2_14hpf_plate01,mask_geometry,/net/trapnell/vol1/home/nlammers/projects/data/morphseq/pipeline/output/feature_extraction/20260414_b9d2_14hpf_plate01/mask_geometry/20260414_b9d2_14hpf_plate01_mask_geometry.csv,True,35937.0,2026-07-28T13:43:06.314311+00:00
25,20260414_b9d2_14hpf_plate01,surface_area_qc,/net/trapnell/vol1/home/nlammers/projects/data/morphseq/pipeline/output/quality_control/20260414_b9d2_14hpf_plate01/surface_area_qc/20260414_b9d2_14hpf_plate01_surface_area_qc.csv,False,,
25,20260414_b9d2_14hpf_plate01,analysis_ready,/net/trapnell/vol1/home/nlammers/projects/data/morphseq/pipeline/output/analysis_ready/20260414_b9d2_14hpf_plate01/analysis_ready/20260414_b9d2_14hpf_plate01_analysis_ready.parquet,True,356121.0,2026-07-28T13:45:07.406963+00:00
26,20260414_b9d2_14hpf_plate02,stage,/net/trapnell/vol1/home/nlammers/projects/data/morphseq/pipeline/output/feature_extraction/20260414_b9d2_14hpf_plate02/stage_predictions/20260414_b9d2_14hpf_plate02_stage_predictions.csv,False,,
26,20260414_b9d2_14hpf_plate02,inventory,/net/trapnell/vol1/home/nlammers/projects/data/morphseq/pipeline/output/object_extraction/20260414_b9d2_14hpf_plate02/snips/20260414_b9d2_14hpf_plate02_snip_inventory.csv,False,,
26,20260414_b9d2_14hpf_plate02,frame_inventory,/net/trapnell/vol1/home/nlammers/projects/data/morphseq/pipeline/output/acquisition/20260414_b9d2_14hpf_plate02/frame_inventory/20260414_b9d2_14hpf_plate02_frame_inventory.csv,False,,
26,20260414_b9d2_14hpf_plate02,plate,/net/trapnell/vol1/home/nlammers/projects/data/morphseq/pipeline/output/acquisition/20260414_b9d2_14hpf_plate02/ingest_metadata/plate_metadata.csv,True,10293.0,2026-07-26T19:54:52.858475+00:00
26,20260414_b9d2_14hpf_plate02,collection_provenance,/net/trapnell/vol1/home/nlammers/projects/data/morphseq/pipeline/output/acquisition/20260414_b9d2_14hpf_plate02/ingest_metadata/collection_provenance.json,False,,
26,20260414_b9d2_14hpf_plate02,mask_geometry,/net/trapnell/vol1/home/nlammers/projects/data/morphseq/pipeline/output/feature_extraction/20260414_b9d2_14hpf_plate02/mask_geometry/20260414_b9d2_14hpf_plate02_mask_geometry.csv,False,,
26,20260414_b9d2_14hpf_plate02,surface_area_qc,/net/trapnell/vol1/home/nlammers/projects/data/morphseq/pipeline/output/quality_control/20260414_b9d2_14hpf_plate02/surface_area_qc/20260414_b9d2_14hpf_plate02_surface_area_qc.csv,False,,
26,20260414_b9d2_14hpf_plate02,analysis_ready,/net/trapnell/vol1/home/nlammers/projects/data/morphseq/pipeline/output/analysis_ready/20260414_b9d2_14hpf_plate02/analysis_ready/20260414_b9d2_14hpf_plate02_analysis_ready.parquet,False,,
27,20260414_b9d2_30hpf_plate01,stage,/net/trapnell/vol1/home/nlammers/projects/data/morphseq/pipeline/output/feature_extraction/20260414_b9d2_30hpf_plate01/stage_predictions/20260414_b9d2_30hpf_plate01_stage_predictions.csv,True,28238.0,2026-07-28T15:49:04.001375+00:00
27,20260414_b9d2_30hpf_plate01,inventory,/net/trapnell/vol1/home/nlammers/projects/data/morphseq/pipeline/output/object_extraction/20260414_b9d2_30hpf_plate01/snips/20260414_b9d2_30hpf_plate01_snip_inventory.csv,True,120489.0,2026-07-28T15:44:32.243001+00:00
27,20260414_b9d2_30hpf_plate01,frame_inventory,/net/trapnell/vol1/home/nlammers/projects/data/morphseq/pipeline/output/acquisition/20260414_b9d2_30hpf_plate01/frame_inventory/20260414_b9d2_30hpf_plate01_frame_inventory.csv,False,,
27,20260414_b9d2_30hpf_plate01,plate,/net/trapnell/vol1/home/nlammers/projects/data/morphseq/pipeline/output/acquisition/20260414_b9d2_30hpf_plate01/ingest_metadata/plate_metadata.csv,True,10780.0,2026-07-26T19:58:04.172915+00:00
27,20260414_b9d2_30hpf_plate01,collection_provenance,/net/trapnell/vol1/home/nlammers/projects/data/morphseq/pipeline/output/acquisition/20260414_b9d2_30hpf_plate01/ingest_metadata/collection_provenance.json,False,,
27,20260414_b9d2_30hpf_plate01,mask_geometry,/net/trapnell/vol1/home/nlammers/projects/data/morphseq/pipeline/output/feature_extraction/20260414_b9d2_30hpf_plate01/mask_geometry/20260414_b9d2_30hpf_plate01_mask_geometry.csv,True,35631.0,2026-07-28T15:44:30.262983+00:00
27,20260414_b9d2_30hpf_plate01,surface_area_qc,/net/trapnell/vol1/home/nlammers/projects/data/morphseq/pipeline/output/quality_control/20260414_b9d2_30hpf_plate01/surface_area_qc/20260414_b9d2_30hpf_plate01_surface_area_qc.csv,False,,
27,20260414_b9d2_30hpf_plate01,analysis_ready,/net/trapnell/vol1/home/nlammers/projects/data/morphseq/pipeline/output/analysis_ready/20260414_b9d2_30hpf_plate01/analysis_ready/20260414_b9d2_30hpf_plate01_analysis_ready.parquet,True,357458.0,2026-07-28T15:49:54.761819+00:00
28,20260414_b9d2_30hpf_plate02,stage,/net/trapnell/vol1/home/nlammers/projects/data/morphseq/pipeline/output/feature_extraction/20260414_b9d2_30hpf_plate02/stage_predictions/20260414_b9d2_30hpf_plate02_stage_predictions.csv,True,19300.0,2026-07-28T15:35:24.678185+00:00
28,20260414_b9d2_30hpf_plate02,inventory,/net/trapnell/vol1/home/nlammers/projects/data/morphseq/pipeline/output/object_extraction/20260414_b9d2_30hpf_plate02/snips/20260414_b9d2_30hpf_plate02_snip_inventory.csv,True,81933.0,2026-07-28T15:33:03.267624+00:00
28,20260414_b9d2_30hpf_plate02,frame_inventory,/net/trapnell/vol1/home/nlammers/projects/data/morphseq/pipeline/output/acquisition/20260414_b9d2_30hpf_plate02/frame_inventory/20260414_b9d2_30hpf_plate02_frame_inventory.csv,False,,
28,20260414_b9d2_30hpf_plate02,plate,/net/trapnell/vol1/home/nlammers/projects/data/morphseq/pipeline/output/acquisition/20260414_b9d2_30hpf_plate02/ingest_metadata/plate_metadata.csv,True,10363.0,2026-07-26T19:59:21.490462+00:00
28,20260414_b9d2_30hpf_plate02,collection_provenance,/net/trapnell/vol1/home/nlammers/projects/data/morphseq/pipeline/output/acquisition/20260414_b9d2_30hpf_plate02/ingest_metadata/collection_provenance.json,False,,
28,20260414_b9d2_30hpf_plate02,mask_geometry,/net/trapnell/vol1/home/nlammers/projects/data/morphseq/pipeline/output/feature_extraction/20260414_b9d2_30hpf_plate02/mask_geometry/20260414_b9d2_30hpf_plate02_mask_geometry.csv,True,24272.0,2026-07-28T15:34:58.357708+00:00
28,20260414_b9d2_30hpf_plate02,surface_area_qc,/net/trapnell/vol1/home/nlammers/projects/data/morphseq/pipeline/output/quality_control/20260414_b9d2_30hpf_plate02/surface_area_qc/20260414_b9d2_30hpf_plate02_surface_area_qc.csv,False,,
28,20260414_b9d2_30hpf_plate02,analysis_ready,/net/trapnell/vol1/home/nlammers/projects/data/morphseq/pipeline/output/analysis_ready/20260414_b9d2_30hpf_plate02/analysis_ready/20260414_b9d2_30hpf_plate02_analysis_ready.parquet,True,300289.0,2026-07-28T15:37:08.312044+00:00
29,20260415_b9d2_30to48hpf_plate01_t02,stage,/net/trapnell/vol1/home/nlammers/projects/data/morphseq/pipeline/output/feature_extraction/20260415_b9d2_30to48hpf_plate01_t02/stage_predictions/20260415_b9d2_30to48hpf_plate01_t02_stage_predictions.csv,True,34265.0,2026-07-28T15:41:39.178410+00:00
29,20260415_b9d2_30to48hpf_plate01_t02,inventory,/net/trapnell/vol1/home/nlammers/projects/data/morphseq/pipeline/output/object_extraction/20260415_b9d2_30to48hpf_plate01_t02/snips/20260415_b9d2_30to48hpf_plate01_t02_snip_inventory.csv,True,143947.0,2026-07-28T15:40:44.026001+00:00
29,20260415_b9d2_30to48hpf_plate01_t02,frame_inventory,/net/trapnell/vol1/home/nlammers/projects/data/morphseq/pipeline/output/acquisition/20260415_b9d2_30to48hpf_plate01_t02/frame_inventory/20260415_b9d2_30to48hpf_plate01_t02_frame_inventory.csv,False,,
29,20260415_b9d2_30to48hpf_plate01_t02,plate,/net/trapnell/vol1/home/nlammers/projects/data/morphseq/pipeline/output/acquisition/20260415_b9d2_30to48hpf_plate01_t02/ingest_metadata/plate_metadata.csv,True,13325.0,2026-07-26T20:06:16.052049+00:00
29,20260415_b9d2_30to48hpf_plate01_t02,collection_provenance,/net/trapnell/vol1/home/nlammers/projects/data/morphseq/pipeline/output/acquisition/20260415_b9d2_30to48hpf_plate01_t02/ingest_metadata/collection_provenance.json,False,,
29,20260415_b9d2_30to48hpf_plate01_t02,mask_geometry,/net/trapnell/vol1/home/nlammers/projects/data/morphseq/pipeline/output/feature_extraction/20260415_b9d2_30to48hpf_plate01_t02/mask_geometry/20260415_b9d2_30to48hpf_plate01_t02_mask_geometry.csv,True,41940.0,2026-07-28T15:43:49.135363+00:00
29,20260415_b9d2_30to48hpf_plate01_t02,surface_area_qc,/net/trapnell/vol1/home/nlammers/projects/data/morphseq/pipeline/output/quality_control/20260415_b9d2_30to48hpf_plate01_t02/surface_area_qc/20260415_b9d2_30to48hpf_plate01_t02_surface_area_qc.csv,False,,
29,20260415_b9d2_30to48hpf_plate01_t02,analysis_ready,/net/trapnell/vol1/home/nlammers/projects/data/morphseq/pipeline/output/analysis_ready/20260415_b9d2_30to48hpf_plate01_t02/analysis_ready/20260415_b9d2_30to48hpf_plate01_t02_analysis_ready.parquet,True,362896.0,2026-07-28T15:45:28.152093+00:00
30,20260415_b9d2_30to48hpf_plate02_t02,stage,/net/trapnell/vol1/home/nlammers/projects/data/morphseq/pipeline/output/feature_extraction/20260415_b9d2_30to48hpf_plate02_t02/stage_predictions/20260415_b9d2_30to48hpf_plate02_t02_stage_predictions.csv,True,18358.0,2026-07-28T16:07:55.528985+00:00
30,20260415_b9d2_30to48hpf_plate02_t02,inventory,/net/trapnell/vol1/home/nlammers/projects/data/morphseq/pipeline/output/object_extraction/20260415_b9d2_30to48hpf_plate02_t02/snips/20260415_b9d2_30to48hpf_plate02_t02_snip_inventory.csv,True,76729.0,2026-07-28T16:06:39.867623+00:00
30,20260415_b9d2_30to48hpf_plate02_t02,frame_inventory,/net/trapnell/vol1/home/nlammers/projects/data/morphseq/pipeline/output/acquisition/20260415_b9d2_30to48hpf_plate02_t02/frame_inventory/20260415_b9d2_30to48hpf_plate02_t02_frame_inventory.csv,False,,
30,20260415_b9d2_30to48hpf_plate02_t02,plate,/net/trapnell/vol1/home/nlammers/projects/data/morphseq/pipeline/output/acquisition/20260415_b9d2_30to48hpf_plate02_t02/ingest_metadata/plate_metadata.csv,True,11349.0,2026-07-26T20:14:17.380747+00:00
30,20260415_b9d2_30to48hpf_plate02_t02,collection_provenance,/net/trapnell/vol1/home/nlammers/projects/data/morphseq/pipeline/output/acquisition/20260415_b9d2_30to48hpf_plate02_t02/ingest_metadata/collection_provenance.json,False,,
30,20260415_b9d2_30to48hpf_plate02_t02,mask_geometry,/net/trapnell/vol1/home/nlammers/projects/data/morphseq/pipeline/output/feature_extraction/20260415_b9d2_30to48hpf_plate02_t02/mask_geometry/20260415_b9d2_30to48hpf_plate02_t02_mask_geometry.csv,True,22390.0,2026-07-28T16:08:09.753241+00:00
30,20260415_b9d2_30to48hpf_plate02_t02,surface_area_qc,/net/trapnell/vol1/home/nlammers/projects/data/morphseq/pipeline/output/quality_control/20260415_b9d2_30to48hpf_plate02_t02/surface_area_qc/20260415_b9d2_30to48hpf_plate02_t02_surface_area_qc.csv,False,,
30,20260415_b9d2_30to48hpf_plate02_t02,analysis_ready,/net/trapnell/vol1/home/nlammers/projects/data/morphseq/pipeline/output/analysis_ready/20260415_b9d2_30to48hpf_plate02_t02/analysis_ready/20260415_b9d2_30to48hpf_plate02_t02_analysis_ready.parquet,True,275273.0,2026-07-28T16:08:59.730140+00:00
31,20260415_cep290_18hpf_plate03,stage,/net/trapnell/vol1/home/nlammers/projects/data/morphseq/pipeline/output/feature_extraction/20260415_cep290_18hpf_plate03/stage_predictions/20260415_cep290_18hpf_plate03_stage_predictions.csv,True,22785.0,2026-07-28T17:14:17.273795+00:00
31,20260415_cep290_18hpf_plate03,inventory,/net/trapnell/vol1/home/nlammers/projects/data/morphseq/pipeline/output/object_extraction/20260415_cep290_18hpf_plate03/snips/20260415_cep290_18hpf_plate03_snip_inventory.csv,True,95865.0,2026-07-28T17:13:26.157539+00:00
31,20260415_cep290_18hpf_plate03,frame_inventory,/net/trapnell/vol1/home/nlammers/projects/data/morphseq/pipeline/output/acquisition/20260415_cep290_18hpf_plate03/frame_inventory/20260415_cep290_18hpf_plate03_frame_inventory.csv,False,,
31,20260415_cep290_18hpf_plate03,plate,/net/trapnell/vol1/home/nlammers/projects/data/morphseq/pipeline/output/acquisition/20260415_cep290_18hpf_plate03/ingest_metadata/plate_metadata.csv,True,10478.0,2026-07-26T20:14:21.349931+00:00
31,20260415_cep290_18hpf_plate03,collection_provenance,/net/trapnell/vol1/home/nlammers/projects/data/morphseq/pipeline/output/acquisition/20260415_cep290_18hpf_plate03/ingest_metadata/collection_provenance.json,False,,
31,20260415_cep290_18hpf_plate03,mask_geometry,/net/trapnell/vol1/home/nlammers/projects/data/morphseq/pipeline/output/feature_extraction/20260415_cep290_18hpf_plate03/mask_geometry/20260415_cep290_18hpf_plate03_mask_geometry.csv,True,28252.0,2026-07-28T17:15:05.490036+00:00
31,20260415_cep290_18hpf_plate03,surface_area_qc,/net/trapnell/vol1/home/nlammers/projects/data/morphseq/pipeline/output/quality_control/20260415_cep290_18hpf_plate03/surface_area_qc/20260415_cep290_18hpf_plate03_surface_area_qc.csv,False,,
31,20260415_cep290_18hpf_plate03,analysis_ready,/net/trapnell/vol1/home/nlammers/projects/data/morphseq/pipeline/output/analysis_ready/20260415_cep290_18hpf_plate03/analysis_ready/20260415_cep290_18hpf_plate03_analysis_ready.parquet,True,317902.0,2026-07-28T17:17:31.550768+00:00
32,20260415_cep290_30to48hpf_plate02_t01,stage,/net/trapnell/vol1/home/nlammers/projects/data/morphseq/pipeline/output/feature_extraction/20260415_cep290_30to48hpf_plate02_t01/stage_predictions/20260415_cep290_30to48hpf_plate02_t01_stage_predictions.csv,True,30637.0,2026-07-28T18:34:14.992587+00:00
32,20260415_cep290_30to48hpf_plate02_t01,inventory,/net/trapnell/vol1/home/nlammers/projects/data/morphseq/pipeline/output/object_extraction/20260415_cep290_30to48hpf_plate02_t01/snips/20260415_cep290_30to48hpf_plate02_t01_snip_inventory.csv,True,127137.0,2026-07-28T18:18:46.263918+00:00
32,20260415_cep290_30to48hpf_plate02_t01,frame_inventory,/net/trapnell/vol1/home/nlammers/projects/data/morphseq/pipeline/output/acquisition/20260415_cep290_30to48hpf_plate02_t01/frame_inventory/20260415_cep290_30to48hpf_plate02_t01_frame_inventory.csv,False,,
32,20260415_cep290_30to48hpf_plate02_t01,plate,/net/trapnell/vol1/home/nlammers/projects/data/morphseq/pipeline/output/acquisition/20260415_cep290_30to48hpf_plate02_t01/ingest_metadata/plate_metadata.csv,True,12632.0,2026-07-26T20:24:58.833943+00:00
32,20260415_cep290_30to48hpf_plate02_t01,collection_provenance,/net/trapnell/vol1/home/nlammers/projects/data/morphseq/pipeline/output/acquisition/20260415_cep290_30to48hpf_plate02_t01/ingest_metadata/collection_provenance.json,False,,
32,20260415_cep290_30to48hpf_plate02_t01,mask_geometry,/net/trapnell/vol1/home/nlammers/projects/data/morphseq/pipeline/output/feature_extraction/20260415_cep290_30to48hpf_plate02_t01/mask_geometry/20260415_cep290_30to48hpf_plate02_t01_mask_geometry.csv,True,36872.0,2026-07-28T18:41:00.255822+00:00
32,20260415_cep290_30to48hpf_plate02_t01,surface_area_qc,/net/trapnell/vol1/home/nlammers/projects/data/morphseq/pipeline/output/quality_control/20260415_cep290_30to48hpf_plate02_t01/surface_area_qc/20260415_cep290_30to48hpf_plate02_t01_surface_area_qc.csv,False,,
32,20260415_cep290_30to48hpf_plate02_t01,analysis_ready,/net/trapnell/vol1/home/nlammers/projects/data/morphseq/pipeline/output/analysis_ready/20260415_cep290_30to48hpf_plate02_t01/analysis_ready/20260415_cep290_30to48hpf_plate02_t01_analysis_ready.parquet,True,337999.0,2026-07-28T18:42:50.305800+00:00
33,20230525,stage,/net/trapnell/vol1/home/nlammers/projects/data/morphseq/pipeline/output/feature_extraction/20230525/stage_predictions/20230525_stage_predictions.csv,False,,
33,20230525,inventory,/net/trapnell/vol1/home/nlammers/projects/data/morphseq/pipeline/output/object_extraction/20230525/snips/20230525_snip_inventory.csv,False,,
33,20230525,frame_inventory,/net/trapnell/vol1/home/nlammers/projects/data/morphseq/pipeline/output/acquisition/20230525/frame_inventory/20230525_frame_inventory.csv,False,,
33,20230525,plate,/net/trapnell/vol1/home/nlammers/projects/data/morphseq/pipeline/output/acquisition/20230525/ingest_metadata/plate_metadata.csv,True,4872.0,2026-07-26T20:34:05.222667+00:00
33,20230525,collection_provenance,/net/trapnell/vol1/home/nlammers/projects/data/morphseq/pipeline/output/acquisition/20230525/ingest_metadata/collection_provenance.json,False,,
33,20230525,mask_geometry,/net/trapnell/vol1/home/nlammers/projects/data/morphseq/pipeline/output/feature_extraction/20230525/mask_geometry/20230525_mask_geometry.csv,False,,
33,20230525,surface_area_qc,/net/trapnell/vol1/home/nlammers/projects/data/morphseq/pipeline/output/quality_control/20230525/surface_area_qc/20230525_surface_area_qc.csv,False,,
33,20230525,analysis_ready,/net/trapnell/vol1/home/nlammers/projects/data/morphseq/pipeline/output/analysis_ready/20230525/analysis_ready/20230525_analysis_ready.parquet,False,,
34,20230531,stage,/net/trapnell/vol1/home/nlammers/projects/data/morphseq/pipeline/output/feature_extraction/20230531/stage_predictions/20230531_stage_predictions.csv,True,1293265.0,2026-07-28T18:33:27.991927+00:00
34,20230531,inventory,/net/trapnell/vol1/home/nlammers/projects/data/morphseq/pipeline/output/object_extraction/20230531/snips/20230531_snip_inventory.csv,True,5475569.0,2026-07-28T18:33:16.995844+00:00
34,20230531,frame_inventory,/net/trapnell/vol1/home/nlammers/projects/data/morphseq/pipeline/output/acquisition/20230531/frame_inventory/20230531_frame_inventory.csv,False,,
34,20230531,plate,/net/trapnell/vol1/home/nlammers/projects/data/morphseq/pipeline/output/acquisition/20230531/ingest_metadata/plate_metadata.csv,True,4840.0,2026-07-26T20:33:52.371476+00:00
34,20230531,collection_provenance,/net/trapnell/vol1/home/nlammers/projects/data/morphseq/pipeline/output/acquisition/20230531/ingest_metadata/collection_provenance.json,False,,
34,20230531,mask_geometry,/net/trapnell/vol1/home/nlammers/projects/data/morphseq/pipeline/output/feature_extraction/20230531/mask_geometry/20230531_mask_geometry.csv,True,1734333.0,2026-07-28T18:33:25.575909+00:00
34,20230531,surface_area_qc,/net/trapnell/vol1/home/nlammers/projects/data/morphseq/pipeline/output/quality_control/20230531/surface_area_qc/20230531_surface_area_qc.csv,False,,
34,20230531,analysis_ready,/net/trapnell/vol1/home/nlammers/projects/data/morphseq/pipeline/output/analysis_ready/20230531/analysis_ready/20230531_analysis_ready.parquet,True,14150414.0,2026-07-28T18:34:55.320590+00:00
35,20230602,stage,/net/trapnell/vol1/home/nlammers/projects/data/morphseq/pipeline/output/feature_extraction/20230602/stage_predictions/20230602_stage_predictions.csv,True,1483592.0,2026-07-28T20:13:16.232351+00:00
35,20230602,inventory,/net/trapnell/vol1/home/nlammers/projects/data/morphseq/pipeline/output/object_extraction/20230602/snips/20230602_snip_inventory.csv,True,6279939.0,2026-07-28T20:12:18.499841+00:00
35,20230602,frame_inventory,/net/trapnell/vol1/home/nlammers/projects/data/morphseq/pipeline/output/acquisition/20230602/frame_inventory/20230602_frame_inventory.csv,False,,
35,20230602,plate,/net/trapnell/vol1/home/nlammers/projects/data/morphseq/pipeline/output/acquisition/20230602/ingest_metadata/plate_metadata.csv,True,5032.0,2026-07-26T20:35:20.399899+00:00
35,20230602,collection_provenance,/net/trapnell/vol1/home/nlammers/projects/data/morphseq/pipeline/output/acquisition/20230602/ingest_metadata/collection_provenance.json,False,,
35,20230602,mask_geometry,/net/trapnell/vol1/home/nlammers/projects/data/morphseq/pipeline/output/feature_extraction/20230602/mask_geometry/20230602_mask_geometry.csv,True,1990002.0,2026-07-28T20:13:34.280510+00:00
35,20230602,surface_area_qc,/net/trapnell/vol1/home/nlammers/projects/data/morphseq/pipeline/output/quality_control/20230602/surface_area_qc/20230602_surface_area_qc.csv,False,,
35,20230602,analysis_ready,/net/trapnell/vol1/home/nlammers/projects/data/morphseq/pipeline/output/analysis_ready/20230602/analysis_ready/20230602_analysis_ready.parquet,True,16509179.0,2026-07-28T20:14:55.965228+00:00
36,20230613,stage,/net/trapnell/vol1/home/nlammers/projects/data/morphseq/pipeline/output/feature_extraction/20230613/stage_predictions/20230613_stage_predictions.csv,True,894280.0,2026-07-28T21:13:39.997331+00:00
36,20230613,inventory,/net/trapnell/vol1/home/nlammers/projects/data/morphseq/pipeline/output/object_extraction/20230613/snips/20230613_snip_inventory.csv,True,3783313.0,2026-07-28T21:12:22.719914+00:00
36,20230613,frame_inventory,/net/trapnell/vol1/home/nlammers/projects/data/morphseq/pipeline/output/acquisition/20230613/frame_inventory/20230613_frame_inventory.csv,False,,
36,20230613,plate,/net/trapnell/vol1/home/nlammers/projects/data/morphseq/pipeline/output/acquisition/20230613/ingest_metadata/plate_metadata.csv,True,5352.0,2026-07-26T20:49:01.314247+00:00
36,20230613,collection_provenance,/net/trapnell/vol1/home/nlammers/projects/data/morphseq/pipeline/output/acquisition/20230613/ingest_metadata/collection_provenance.json,False,,
36,20230613,mask_geometry,/net/trapnell/vol1/home/nlammers/projects/data/morphseq/pipeline/output/feature_extraction/20230613/mask_geometry/20230613_mask_geometry.csv,True,1198947.0,2026-07-28T21:13:50.849530+00:00
36,20230613,surface_area_qc,/net/trapnell/vol1/home/nlammers/projects/data/morphseq/pipeline/output/quality_control/20230613/surface_area_qc/20230613_surface_area_qc.csv,False,,
36,20230613,analysis_ready,/net/trapnell/vol1/home/nlammers/projects/data/morphseq/pipeline/output/analysis_ready/20230613/analysis_ready/20230613_analysis_ready.parquet,True,9820599.0,2026-07-28T21:14:54.258691+00:00
37,20230615,stage,/net/trapnell/vol1/home/nlammers/projects/data/morphseq/pipeline/output/feature_extraction/20230615/stage_predictions/20230615_stage_predictions.csv,True,695313.0,2026-07-28T20:49:37.468702+00:00
37,20230615,inventory,/net/trapnell/vol1/home/nlammers/projects/data/morphseq/pipeline/output/object_extraction/20230615/snips/20230615_snip_inventory.csv,True,2942203.0,2026-07-28T20:49:03.548487+00:00
37,20230615,frame_inventory,/net/trapnell/vol1/home/nlammers/projects/data/morphseq/pipeline/output/acquisition/20230615/frame_inventory/20230615_frame_inventory.csv,False,,
37,20230615,plate,/net/trapnell/vol1/home/nlammers/projects/data/morphseq/pipeline/output/acquisition/20230615/ingest_metadata/plate_metadata.csv,True,4936.0,2026-07-26T23:42:56.609143+00:00
37,20230615,collection_provenance,/net/trapnell/vol1/home/nlammers/projects/data/morphseq/pipeline/output/acquisition/20230615/ingest_metadata/collection_provenance.json,False,,
37,20230615,mask_geometry,/net/trapnell/vol1/home/nlammers/projects/data/morphseq/pipeline/output/feature_extraction/20230615/mask_geometry/20230615_mask_geometry.csv,True,931692.0,2026-07-28T20:49:47.408765+00:00
37,20230615,surface_area_qc,/net/trapnell/vol1/home/nlammers/projects/data/morphseq/pipeline/output/quality_control/20230615/surface_area_qc/20230615_surface_area_qc.csv,False,,
37,20230615,analysis_ready,/net/trapnell/vol1/home/nlammers/projects/data/morphseq/pipeline/output/analysis_ready/20230615/analysis_ready/20230615_analysis_ready.parquet,True,7695739.0,2026-07-28T20:50:18.528960+00:00
38,20230620,stage,/net/trapnell/vol1/home/nlammers/projects/data/morphseq/pipeline/output/feature_extraction/20230620/stage_predictions/20230620_stage_predictions.csv,True,901512.0,2026-07-28T20:13:44.287840+00:00
38,20230620,inventory,/net/trapnell/vol1/home/nlammers/projects/data/morphseq/pipeline/output/object_extraction/20230620/snips/20230620_snip_inventory.csv,True,3810755.0,2026-07-28T20:12:44.535412+00:00
38,20230620,frame_inventory,/net/trapnell/vol1/home/nlammers/projects/data/morphseq/pipeline/output/acquisition/20230620/frame_inventory/20230620_frame_inventory.csv,False,,
38,20230620,plate,/net/trapnell/vol1/home/nlammers/projects/data/morphseq/pipeline/output/acquisition/20230620/ingest_metadata/plate_metadata.csv,True,6288.0,2026-07-28T19:05:51.906708+00:00
38,20230620,collection_provenance,/net/trapnell/vol1/home/nlammers/projects/data/morphseq/pipeline/output/acquisition/20230620/ingest_metadata/collection_provenance.json,False,,
38,20230620,mask_geometry,/net/trapnell/vol1/home/nlammers/projects/data/morphseq/pipeline/output/feature_extraction/20230620/mask_geometry/20230620_mask_geometry.csv,True,1208353.0,2026-07-28T20:13:57.743937+00:00
38,20230620,surface_area_qc,/net/trapnell/vol1/home/nlammers/projects/data/morphseq/pipeline/output/quality_control/20230620/surface_area_qc/20230620_surface_area_qc.csv,False,,
38,20230620,analysis_ready,/net/trapnell/vol1/home/nlammers/projects/data/morphseq/pipeline/output/analysis_ready/20230620/analysis_ready/20230620_analysis_ready.parquet,True,9897122.0,2026-07-28T20:15:45.028817+00:00
39,20230622,stage,/net/trapnell/vol1/home/nlammers/projects/data/morphseq/pipeline/output/feature_extraction/20230622/stage_predictions/20230622_stage_predictions.csv,True,590394.0,2026-07-28T23:04:05.030958+00:00
39,20230622,inventory,/net/trapnell/vol1/home/nlammers/projects/data/morphseq/pipeline/output/object_extraction/20230622/snips/20230622_snip_inventory.csv,True,2499691.0,2026-07-28T23:01:59.960848+00:00
39,20230622,frame_inventory,/net/trapnell/vol1/home/nlammers/projects/data/morphseq/pipeline/output/acquisition/20230622/frame_inventory/20230622_frame_inventory.csv,False,,
39,20230622,plate,/net/trapnell/vol1/home/nlammers/projects/data/morphseq/pipeline/output/acquisition/20230622/ingest_metadata/plate_metadata.csv,True,5482.0,2026-07-28T20:19:32.425056+00:00
39,20230622,collection_provenance,/net/trapnell/vol1/home/nlammers/projects/data/morphseq/pipeline/output/acquisition/20230622/ingest_metadata/collection_provenance.json,False,,
39,20230622,mask_geometry,/net/trapnell/vol1/home/nlammers/projects/data/morphseq/pipeline/output/feature_extraction/20230622/mask_geometry/20230622_mask_geometry.csv,True,791668.0,2026-07-28T23:03:41.354556+00:00
39,20230622,surface_area_qc,/net/trapnell/vol1/home/nlammers/projects/data/morphseq/pipeline/output/quality_control/20230622/surface_area_qc/20230622_surface_area_qc.csv,False,,
39,20230622,analysis_ready,/net/trapnell/vol1/home/nlammers/projects/data/morphseq/pipeline/output/analysis_ready/20230622/analysis_ready/20230622_analysis_ready.parquet,True,6465805.0,2026-07-28T23:06:37.073569+00:00
40,20230627,stage,/net/trapnell/vol1/home/nlammers/projects/data/morphseq/pipeline/output/feature_extraction/20230627/stage_predictions/20230627_stage_predictions.csv,True,691266.0,2026-07-28T22:44:38.613905+00:00
40,20230627,inventory,/net/trapnell/vol1/home/nlammers/projects/data/morphseq/pipeline/output/object_extraction/20230627/snips/20230627_snip_inventory.csv,True,2926049.0,2026-07-28T22:44:27.641846+00:00
40,20230627,frame_inventory,/net/trapnell/vol1/home/nlammers/projects/data/morphseq/pipeline/output/acquisition/20230627/frame_inventory/20230627_frame_inventory.csv,False,,
40,20230627,plate,/net/trapnell/vol1/home/nlammers/projects/data/morphseq/pipeline/output/acquisition/20230627/ingest_metadata/plate_metadata.csv,True,5349.0,2026-07-28T20:19:20.330869+00:00
40,20230627,collection_provenance,/net/trapnell/vol1/home/nlammers/projects/data/morphseq/pipeline/output/acquisition/20230627/ingest_metadata/collection_provenance.json,False,,
40,20230627,mask_geometry,/net/trapnell/vol1/home/nlammers/projects/data/morphseq/pipeline/output/feature_extraction/20230627/mask_geometry/20230627_mask_geometry.csv,True,927846.0,2026-07-28T22:44:54.809992+00:00
40,20230627,surface_area_qc,/net/trapnell/vol1/home/nlammers/projects/data/morphseq/pipeline/output/quality_control/20230627/surface_area_qc/20230627_surface_area_qc.csv,False,,
40,20230627,analysis_ready,/net/trapnell/vol1/home/nlammers/projects/data/morphseq/pipeline/output/analysis_ready/20230627/analysis_ready/20230627_analysis_ready.parquet,True,7625224.0,2026-07-28T22:45:46.810271+00:00
41,20230629,stage,/net/trapnell/vol1/home/nlammers/projects/data/morphseq/pipeline/output/feature_extraction/20230629/stage_predictions/20230629_stage_predictions.csv,True,645443.0,2026-07-28T23:34:35.563649+00:00
41,20230629,inventory,/net/trapnell/vol1/home/nlammers/projects/data/morphseq/pipeline/output/object_extraction/20230629/snips/20230629_snip_inventory.csv,True,2734079.0,2026-07-28T23:32:25.962568+00:00
41,20230629,frame_inventory,/net/trapnell/vol1/home/nlammers/projects/data/morphseq/pipeline/output/acquisition/20230629/frame_inventory/20230629_frame_inventory.csv,False,,
41,20230629,plate,/net/trapnell/vol1/home/nlammers/projects/data/morphseq/pipeline/output/acquisition/20230629/ingest_metadata/plate_metadata.csv,True,5792.0,2026-07-28T20:54:12.345596+00:00
41,20230629,collection_provenance,/net/trapnell/vol1/home/nlammers/projects/data/morphseq/pipeline/output/acquisition/20230629/ingest_metadata/collection_provenance.json,False,,
41,20230629,mask_geometry,/net/trapnell/vol1/home/nlammers/projects/data/morphseq/pipeline/output/feature_extraction/20230629/mask_geometry/20230629_mask_geometry.csv,True,867173.0,2026-07-28T23:35:00.511857+00:00
41,20230629,surface_area_qc,/net/trapnell/vol1/home/nlammers/projects/data/morphseq/pipeline/output/quality_control/20230629/surface_area_qc/20230629_surface_area_qc.csv,False,,
41,20230629,analysis_ready,/net/trapnell/vol1/home/nlammers/projects/data/morphseq/pipeline/output/analysis_ready/20230629/analysis_ready/20230629_analysis_ready.parquet,True,7055851.0,2026-07-28T23:37:23.129055+00:00
42,20230831,stage,/net/trapnell/vol1/home/nlammers/projects/data/morphseq/pipeline/output/feature_extraction/20230831/stage_predictions/20230831_stage_predictions.csv,False,,
42,20230831,inventory,/net/trapnell/vol1/home/nlammers/projects/data/morphseq/pipeline/output/object_extraction/20230831/snips/20230831_snip_inventory.csv,True,45590.0,2026-07-28T22:48:35.477572+00:00
42,20230831,frame_inventory,/net/trapnell/vol1/home/nlammers/projects/data/morphseq/pipeline/output/acquisition/20230831/frame_inventory/20230831_frame_inventory.csv,False,,
42,20230831,plate,/net/trapnell/vol1/home/nlammers/projects/data/morphseq/pipeline/output/acquisition/20230831/ingest_metadata/plate_metadata.csv,False,,
42,20230831,collection_provenance,/net/trapnell/vol1/home/nlammers/projects/data/morphseq/pipeline/output/acquisition/20230831/ingest_metadata/collection_provenance.json,False,,
42,20230831,mask_geometry,/net/trapnell/vol1/home/nlammers/projects/data/morphseq/pipeline/output/feature_extraction/20230831/mask_geometry/20230831_mask_geometry.csv,True,14527.0,2026-07-28T22:50:56.582683+00:00
42,20230831,surface_area_qc,/net/trapnell/vol1/home/nlammers/projects/data/morphseq/pipeline/output/quality_control/20230831/surface_area_qc/20230831_surface_area_qc.csv,False,,
42,20230831,analysis_ready,/net/trapnell/vol1/home/nlammers/projects/data/morphseq/pipeline/output/analysis_ready/20230831/analysis_ready/20230831_analysis_ready.parquet,False,,
43,20240509_18ss,stage,/net/trapnell/vol1/home/nlammers/projects/data/morphseq/pipeline/output/feature_extraction/20240509_18ss/stage_predictions/20240509_18ss_stage_predictions.csv,True,4673.0,2026-07-28T23:33:23.950310+00:00
43,20240509_18ss,inventory,/net/trapnell/vol1/home/nlammers/projects/data/morphseq/pipeline/output/object_extraction/20240509_18ss/snips/20240509_18ss_snip_inventory.csv,True,20585.0,2026-07-28T23:30:32.671210+00:00
43,20240509_18ss,frame_inventory,/net/trapnell/vol1/home/nlammers/projects/data/morphseq/pipeline/output/acquisition/20240509_18ss/frame_inventory/20240509_18ss_frame_inventory.csv,False,,
43,20240509_18ss,plate,/net/trapnell/vol1/home/nlammers/projects/data/morphseq/pipeline/output/acquisition/20240509_18ss/ingest_metadata/plate_metadata.csv,True,5872.0,2026-07-28T22:46:32.551990+00:00
43,20240509_18ss,collection_provenance,/net/trapnell/vol1/home/nlammers/projects/data/morphseq/pipeline/output/acquisition/20240509_18ss/ingest_metadata/collection_provenance.json,False,,
43,20240509_18ss,mask_geometry,/net/trapnell/vol1/home/nlammers/projects/data/morphseq/pipeline/output/feature_extraction/20240509_18ss/mask_geometry/20240509_18ss_mask_geometry.csv,True,6425.0,2026-07-28T23:33:21.602267+00:00
43,20240509_18ss,surface_area_qc,/net/trapnell/vol1/home/nlammers/projects/data/morphseq/pipeline/output/quality_control/20240509_18ss/surface_area_qc/20240509_18ss_surface_area_qc.csv,False,,
43,20240509_18ss,analysis_ready,/net/trapnell/vol1/home/nlammers/projects/data/morphseq/pipeline/output/analysis_ready/20240509_18ss/analysis_ready/20240509_18ss_analysis_ready.parquet,True,220114.0,2026-07-28T23:34:50.603878+00:00
44,20240509_24hpf,stage,/net/trapnell/vol1/home/nlammers/projects/data/morphseq/pipeline/output/feature_extraction/20240509_24hpf/stage_predictions/20240509_24hpf_stage_predictions.csv,True,6132.0,2026-07-28T23:40:59.846784+00:00
44,20240509_24hpf,inventory,/net/trapnell/vol1/home/nlammers/projects/data/morphseq/pipeline/output/object_extraction/20240509_24hpf/snips/20240509_24hpf_snip_inventory.csv,True,27005.0,2026-07-28T23:40:19.746588+00:00
44,20240509_24hpf,frame_inventory,/net/trapnell/vol1/home/nlammers/projects/data/morphseq/pipeline/output/acquisition/20240509_24hpf/frame_inventory/20240509_24hpf_frame_inventory.csv,False,,
44,20240509_24hpf,plate,/net/trapnell/vol1/home/nlammers/projects/data/morphseq/pipeline/output/acquisition/20240509_24hpf/ingest_metadata/plate_metadata.csv,True,6192.0,2026-07-28T22:53:36.848787+00:00
44,20240509_24hpf,collection_provenance,/net/trapnell/vol1/home/nlammers/projects/data/morphseq/pipeline/output/acquisition/20240509_24hpf/ingest_metadata/collection_provenance.json,False,,
44,20240509_24hpf,mask_geometry,/net/trapnell/vol1/home/nlammers/projects/data/morphseq/pipeline/output/feature_extraction/20240509_24hpf/mask_geometry/20240509_24hpf_mask_geometry.csv,True,8377.0,2026-07-28T23:40:47.786725+00:00
44,20240509_24hpf,surface_area_qc,/net/trapnell/vol1/home/nlammers/projects/data/morphseq/pipeline/output/quality_control/20240509_24hpf/surface_area_qc/20240509_24hpf_surface_area_qc.csv,False,,
44,20240509_24hpf,analysis_ready,/net/trapnell/vol1/home/nlammers/projects/data/morphseq/pipeline/output/analysis_ready/20240509_24hpf/analysis_ready/20240509_24hpf_analysis_ready.parquet,True,231068.0,2026-07-28T23:43:06.691406+00:00
45,20240510,stage,/net/trapnell/vol1/home/nlammers/projects/data/morphseq/pipeline/output/feature_extraction/20240510/stage_predictions/20240510_stage_predictions.csv,True,9529.0,2026-07-29T00:39:02.551606+00:00
45,20240510,inventory,/net/trapnell/vol1/home/nlammers/projects/data/morphseq/pipeline/output/object_extraction/20240510/snips/20240510_snip_inventory.csv,True,41408.0,2026-07-29T00:36:39.362527+00:00
45,20240510,frame_inventory,/net/trapnell/vol1/home/nlammers/projects/data/morphseq/pipeline/output/acquisition/20240510/frame_inventory/20240510_frame_inventory.csv,False,,
45,20240510,plate,/net/trapnell/vol1/home/nlammers/projects/data/morphseq/pipeline/output/acquisition/20240510/ingest_metadata/plate_metadata.csv,True,4299.0,2026-07-28T23:14:32.517313+00:00
45,20240510,collection_provenance,/net/trapnell/vol1/home/nlammers/projects/data/morphseq/pipeline/output/acquisition/20240510/ingest_metadata/collection_provenance.json,False,,
45,20240510,mask_geometry,/net/trapnell/vol1/home/nlammers/projects/data/morphseq/pipeline/output/feature_extraction/20240510/mask_geometry/20240510_mask_geometry.csv,True,13247.0,2026-07-29T00:38:36.935413+00:00
45,20240510,surface_area_qc,/net/trapnell/vol1/home/nlammers/projects/data/morphseq/pipeline/output/quality_control/20240510/surface_area_qc/20240510_surface_area_qc.csv,False,,
45,20240510,analysis_ready,/net/trapnell/vol1/home/nlammers/projects/data/morphseq/pipeline/output/analysis_ready/20240510/analysis_ready/20240510_analysis_ready.parquet,True,271976.0,2026-07-29T00:39:56.824015+00:00
46,20240717,stage,/net/trapnell/vol1/home/nlammers/projects/data/morphseq/pipeline/output/feature_extraction/20240717/stage_predictions/20240717_stage_predictions.csv,True,10416.0,2026-07-29T01:17:39.172230+00:00
46,20240717,inventory,/net/trapnell/vol1/home/nlammers/projects/data/morphseq/pipeline/output/object_extraction/20240717/snips/20240717_snip_inventory.csv,True,47681.0,2026-07-29T01:17:12.292068+00:00
46,20240717,frame_inventory,/net/trapnell/vol1/home/nlammers/projects/data/morphseq/pipeline/output/acquisition/20240717/frame_inventory/20240717_frame_inventory.csv,False,,
46,20240717,plate,/net/trapnell/vol1/home/nlammers/projects/data/morphseq/pipeline/output/acquisition/20240717/ingest_metadata/plate_metadata.csv,True,5484.0,2026-07-28T23:44:59.187963+00:00
46,20240717,collection_provenance,/net/trapnell/vol1/home/nlammers/projects/data/morphseq/pipeline/output/acquisition/20240717/ingest_metadata/collection_provenance.json,False,,
46,20240717,mask_geometry,/net/trapnell/vol1/home/nlammers/projects/data/morphseq/pipeline/output/feature_extraction/20240717/mask_geometry/20240717_mask_geometry.csv,True,15165.0,2026-07-29T01:17:25.092145+00:00
46,20240717,surface_area_qc,/net/trapnell/vol1/home/nlammers/projects/data/morphseq/pipeline/output/quality_control/20240717/surface_area_qc/20240717_surface_area_qc.csv,False,,
46,20240717,analysis_ready,/net/trapnell/vol1/home/nlammers/projects/data/morphseq/pipeline/output/analysis_ready/20240717/analysis_ready/20240717_analysis_ready.parquet,True,295995.0,2026-07-29T01:19:25.060855+00:00
47,20240718,stage,/net/trapnell/vol1/home/nlammers/projects/data/morphseq/pipeline/output/feature_extraction/20240718/stage_predictions/20240718_stage_predictions.csv,True,15377.0,2026-07-29T02:12:25.315704+00:00
47,20240718,inventory,/net/trapnell/vol1/home/nlammers/projects/data/morphseq/pipeline/output/object_extraction/20240718/snips/20240718_snip_inventory.csv,True,69288.0,2026-07-29T02:12:22.727684+00:00
47,20240718,frame_inventory,/net/trapnell/vol1/home/nlammers/projects/data/morphseq/pipeline/output/acquisition/20240718/frame_inventory/20240718_frame_inventory.csv,False,,
47,20240718,plate,/net/trapnell/vol1/home/nlammers/projects/data/morphseq/pipeline/output/acquisition/20240718/ingest_metadata/plate_metadata.csv,True,5495.0,2026-07-28T23:39:51.692848+00:00
47,20240718,collection_provenance,/net/trapnell/vol1/home/nlammers/projects/data/morphseq/pipeline/output/acquisition/20240718/ingest_metadata/collection_provenance.json,False,,
47,20240718,mask_geometry,/net/trapnell/vol1/home/nlammers/projects/data/morphseq/pipeline/output/feature_extraction/20240718/mask_geometry/20240718_mask_geometry.csv,True,22077.0,2026-07-29T02:12:40.995830+00:00
47,20240718,surface_area_qc,/net/trapnell/vol1/home/nlammers/projects/data/morphseq/pipeline/output/quality_control/20240718/surface_area_qc/20240718_surface_area_qc.csv,False,,
47,20240718,analysis_ready,/net/trapnell/vol1/home/nlammers/projects/data/morphseq/pipeline/output/analysis_ready/20240718/analysis_ready/20240718_analysis_ready.parquet,True,348097.0,2026-07-29T02:14:09.816539+00:00
48,20240724,stage,/net/trapnell/vol1/home/nlammers/projects/data/morphseq/pipeline/output/feature_extraction/20240724/stage_predictions/20240724_stage_predictions.csv,True,8604.0,2026-07-29T01:39:34.958627+00:00
48,20240724,inventory,/net/trapnell/vol1/home/nlammers/projects/data/morphseq/pipeline/output/object_extraction/20240724/snips/20240724_snip_inventory.csv,True,39317.0,2026-07-29T01:38:37.689583+00:00
48,20240724,frame_inventory,/net/trapnell/vol1/home/nlammers/projects/data/morphseq/pipeline/output/acquisition/20240724/frame_inventory/20240724_frame_inventory.csv,False,,
48,20240724,plate,/net/trapnell/vol1/home/nlammers/projects/data/morphseq/pipeline/output/acquisition/20240724/ingest_metadata/plate_metadata.csv,True,5428.0,2026-07-28T23:51:38.430145+00:00
48,20240724,collection_provenance,/net/trapnell/vol1/home/nlammers/projects/data/morphseq/pipeline/output/acquisition/20240724/ingest_metadata/collection_provenance.json,False,,
48,20240724,mask_geometry,/net/trapnell/vol1/home/nlammers/projects/data/morphseq/pipeline/output/feature_extraction/20240724/mask_geometry/20240724_mask_geometry.csv,True,12542.0,2026-07-29T01:39:28.090502+00:00
48,20240724,surface_area_qc,/net/trapnell/vol1/home/nlammers/projects/data/morphseq/pipeline/output/quality_control/20240724/surface_area_qc/20240724_surface_area_qc.csv,False,,
48,20240724,analysis_ready,/net/trapnell/vol1/home/nlammers/projects/data/morphseq/pipeline/output/analysis_ready/20240724/analysis_ready/20240724_analysis_ready.parquet,True,270521.0,2026-07-29T01:42:04.517352+00:00
49,20240725,stage,/net/trapnell/vol1/home/nlammers/projects/data/morphseq/pipeline/output/feature_extraction/20240725/stage_predictions/20240725_stage_predictions.csv,True,9812.0,2026-07-29T02:15:00.961708+00:00
49,20240725,inventory,/net/trapnell/vol1/home/nlammers/projects/data/morphseq/pipeline/output/object_extraction/20240725/snips/20240725_snip_inventory.csv,True,44893.0,2026-07-29T02:13:59.153156+00:00
49,20240725,frame_inventory,/net/trapnell/vol1/home/nlammers/projects/data/morphseq/pipeline/output/acquisition/20240725/frame_inventory/20240725_frame_inventory.csv,False,,
49,20240725,plate,/net/trapnell/vol1/home/nlammers/projects/data/morphseq/pipeline/output/acquisition/20240725/ingest_metadata/plate_metadata.csv,True,5431.0,2026-07-29T00:49:12.791780+00:00
49,20240725,collection_provenance,/net/trapnell/vol1/home/nlammers/projects/data/morphseq/pipeline/output/acquisition/20240725/ingest_metadata/collection_provenance.json,False,,
49,20240725,mask_geometry,/net/trapnell/vol1/home/nlammers/projects/data/morphseq/pipeline/output/feature_extraction/20240725/mask_geometry/20240725_mask_geometry.csv,True,14321.0,2026-07-29T02:15:11.933806+00:00
49,20240725,surface_area_qc,/net/trapnell/vol1/home/nlammers/projects/data/morphseq/pipeline/output/quality_control/20240725/surface_area_qc/20240725_surface_area_qc.csv,False,,
49,20240725,analysis_ready,/net/trapnell/vol1/home/nlammers/projects/data/morphseq/pipeline/output/analysis_ready/20240725/analysis_ready/20240725_analysis_ready.parquet,True,285843.0,2026-07-29T02:16:21.210423+00:00
50,20240726,stage,/net/trapnell/vol1/home/nlammers/projects/data/morphseq/pipeline/output/feature_extraction/20240726/stage_predictions/20240726_stage_predictions.csv,True,9208.0,2026-07-29T03:28:26.369331+00:00
50,20240726,inventory,/net/trapnell/vol1/home/nlammers/projects/data/morphseq/pipeline/output/object_extraction/20240726/snips/20240726_snip_inventory.csv,True,42105.0,2026-07-29T03:27:12.943998+00:00
50,20240726,frame_inventory,/net/trapnell/vol1/home/nlammers/projects/data/morphseq/pipeline/output/acquisition/20240726/frame_inventory/20240726_frame_inventory.csv,False,,
50,20240726,plate,/net/trapnell/vol1/home/nlammers/projects/data/morphseq/pipeline/output/acquisition/20240726/ingest_metadata/plate_metadata.csv,True,5434.0,2026-07-29T01:36:01.086723+00:00
50,20240726,collection_provenance,/net/trapnell/vol1/home/nlammers/projects/data/morphseq/pipeline/output/acquisition/20240726/ingest_metadata/collection_provenance.json,False,,
50,20240726,mask_geometry,/net/trapnell/vol1/home/nlammers/projects/data/morphseq/pipeline/output/feature_extraction/20240726/mask_geometry/20240726_mask_geometry.csv,True,13431.0,2026-07-29T03:30:54.420019+00:00
50,20240726,surface_area_qc,/net/trapnell/vol1/home/nlammers/projects/data/morphseq/pipeline/output/quality_control/20240726/surface_area_qc/20240726_surface_area_qc.csv,False,,
50,20240726,analysis_ready,/net/trapnell/vol1/home/nlammers/projects/data/morphseq/pipeline/output/analysis_ready/20240726/analysis_ready/20240726_analysis_ready.parquet,True,278900.0,2026-07-29T03:33:36.742967+00:00
51,20250622_chem_28C_T00_1425,stage,/net/trapnell/vol1/home/nlammers/projects/data/morphseq/pipeline/output/feature_extraction/20250622_chem_28C_T00_1425/stage_predictions/20250622_chem_28C_T00_1425_stage_predictions.csv,True,23717.0,2026-07-29T04:28:08.932158+00:00
51,20250622_chem_28C_T00_1425,inventory,/net/trapnell/vol1/home/nlammers/projects/data/morphseq/pipeline/output/object_extraction/20250622_chem_28C_T00_1425/snips/20250622_chem_28C_T00_1425_snip_inventory.csv,True,101386.0,2026-07-29T04:21:23.238045+00:00
51,20250622_chem_28C_T00_1425,frame_inventory,/net/trapnell/vol1/home/nlammers/projects/data/morphseq/pipeline/output/acquisition/20250622_chem_28C_T00_1425/frame_inventory/20250622_chem_28C_T00_1425_frame_inventory.csv,False,,
51,20250622_chem_28C_T00_1425,plate,/net/trapnell/vol1/home/nlammers/projects/data/morphseq/pipeline/output/acquisition/20250622_chem_28C_T00_1425/ingest_metadata/plate_metadata.csv,True,8751.0,2026-07-29T01:54:38.020221+00:00
51,20250622_chem_28C_T00_1425,collection_provenance,/net/trapnell/vol1/home/nlammers/projects/data/morphseq/pipeline/output/acquisition/20250622_chem_28C_T00_1425/ingest_metadata/collection_provenance.json,False,,
51,20250622_chem_28C_T00_1425,mask_geometry,/net/trapnell/vol1/home/nlammers/projects/data/morphseq/pipeline/output/feature_extraction/20250622_chem_28C_T00_1425/mask_geometry/20250622_chem_28C_T00_1425_mask_geometry.csv,True,30097.0,2026-07-29T04:30:47.196982+00:00
51,20250622_chem_28C_T00_1425,surface_area_qc,/net/trapnell/vol1/home/nlammers/projects/data/morphseq/pipeline/output/quality_control/20250622_chem_28C_T00_1425/surface_area_qc/20250622_chem_28C_T00_1425_surface_area_qc.csv,False,,
51,20250622_chem_28C_T00_1425,analysis_ready,/net/trapnell/vol1/home/nlammers/projects/data/morphseq/pipeline/output/analysis_ready/20250622_chem_28C_T00_1425/analysis_ready/20250622_chem_28C_T00_1425_analysis_ready.parquet,True,331913.0,2026-07-29T04:33:26.605812+00:00
52,20250622_chem_28C_T01_1658,stage,/net/trapnell/vol1/home/nlammers/projects/data/morphseq/pipeline/output/feature_extraction/20250622_chem_28C_T01_1658/stage_predictions/20250622_chem_28C_T01_1658_stage_predictions.csv,True,22422.0,2026-07-29T05:51:55.661061+00:00
52,20250622_chem_28C_T01_1658,inventory,/net/trapnell/vol1/home/nlammers/projects/data/morphseq/pipeline/output/object_extraction/20250622_chem_28C_T01_1658/snips/20250622_chem_28C_T01_1658_snip_inventory.csv,True,95831.0,2026-07-29T05:50:12.623198+00:00
52,20250622_chem_28C_T01_1658,frame_inventory,/net/trapnell/vol1/home/nlammers/projects/data/morphseq/pipeline/output/acquisition/20250622_chem_28C_T01_1658/frame_inventory/20250622_chem_28C_T01_1658_frame_inventory.csv,False,,
52,20250622_chem_28C_T01_1658,plate,/net/trapnell/vol1/home/nlammers/projects/data/morphseq/pipeline/output/acquisition/20250622_chem_28C_T01_1658/ingest_metadata/plate_metadata.csv,True,8751.0,2026-07-29T02:31:03.178900+00:00
52,20250622_chem_28C_T01_1658,collection_provenance,/net/trapnell/vol1/home/nlammers/projects/data/morphseq/pipeline/output/acquisition/20250622_chem_28C_T01_1658/ingest_metadata/collection_provenance.json,False,,
52,20250622_chem_28C_T01_1658,mask_geometry,/net/trapnell/vol1/home/nlammers/projects/data/morphseq/pipeline/output/feature_extraction/20250622_chem_28C_T01_1658/mask_geometry/20250622_chem_28C_T01_1658_mask_geometry.csv,True,28460.0,2026-07-29T05:52:55.938151+00:00
52,20250622_chem_28C_T01_1658,surface_area_qc,/net/trapnell/vol1/home/nlammers/projects/data/morphseq/pipeline/output/quality_control/20250622_chem_28C_T01_1658/surface_area_qc/20250622_chem_28C_T01_1658_surface_area_qc.csv,False,,
52,20250622_chem_28C_T01_1658,analysis_ready,/net/trapnell/vol1/home/nlammers/projects/data/morphseq/pipeline/output/analysis_ready/20250622_chem_28C_T01_1658/analysis_ready/20250622_chem_28C_T01_1658_analysis_ready.parquet,True,323480.0,2026-07-29T05:55:51.241320+00:00
53,20250622_chem_34C_T00_1256,stage,/net/trapnell/vol1/home/nlammers/projects/data/morphseq/pipeline/output/feature_extraction/20250622_chem_34C_T00_1256/stage_predictions/20250622_chem_34C_T00_1256_stage_predictions.csv,True,20350.0,2026-07-29T05:05:04.930844+00:00
53,20250622_chem_34C_T00_1256,inventory,/net/trapnell/vol1/home/nlammers/projects/data/morphseq/pipeline/output/object_extraction/20250622_chem_34C_T00_1256/snips/20250622_chem_34C_T00_1256_snip_inventory.csv,True,86943.0,2026-07-29T05:03:04.558248+00:00
53,20250622_chem_34C_T00_1256,frame_inventory,/net/trapnell/vol1/home/nlammers/projects/data/morphseq/pipeline/output/acquisition/20250622_chem_34C_T00_1256/frame_inventory/20250622_chem_34C_T00_1256_frame_inventory.csv,False,,
53,20250622_chem_34C_T00_1256,plate,/net/trapnell/vol1/home/nlammers/projects/data/morphseq/pipeline/output/acquisition/20250622_chem_34C_T00_1256/ingest_metadata/plate_metadata.csv,True,8559.0,2026-07-29T02:32:23.416017+00:00
53,20250622_chem_34C_T00_1256,collection_provenance,/net/trapnell/vol1/home/nlammers/projects/data/morphseq/pipeline/output/acquisition/20250622_chem_34C_T00_1256/ingest_metadata/collection_provenance.json,False,,
53,20250622_chem_34C_T00_1256,mask_geometry,/net/trapnell/vol1/home/nlammers/projects/data/morphseq/pipeline/output/feature_extraction/20250622_chem_34C_T00_1256/mask_geometry/20250622_chem_34C_T00_1256_mask_geometry.csv,True,25823.0,2026-07-29T05:04:59.390817+00:00
53,20250622_chem_34C_T00_1256,surface_area_qc,/net/trapnell/vol1/home/nlammers/projects/data/morphseq/pipeline/output/quality_control/20250622_chem_34C_T00_1256/surface_area_qc/20250622_chem_34C_T00_1256_surface_area_qc.csv,False,,
53,20250622_chem_34C_T00_1256,analysis_ready,/net/trapnell/vol1/home/nlammers/projects/data/morphseq/pipeline/output/analysis_ready/20250622_chem_34C_T00_1256/analysis_ready/20250622_chem_34C_T00_1256_analysis_ready.parquet,True,310017.0,2026-07-29T05:05:29.538966+00:00
54,20250622_chem_34C_T01_1632,stage,/net/trapnell/vol1/home/nlammers/projects/data/morphseq/pipeline/output/feature_extraction/20250622_chem_34C_T01_1632/stage_predictions/20250622_chem_34C_T01_1632_stage_predictions.csv,True,20609.0,2026-07-29T06:23:11.036941+00:00
54,20250622_chem_34C_T01_1632,inventory,/net/trapnell/vol1/home/nlammers/projects/data/morphseq/pipeline/output/object_extraction/20250622_chem_34C_T01_1632/snips/20250622_chem_34C_T01_1632_snip_inventory.csv,True,88054.0,2026-07-29T06:13:12.215619+00:00
54,20250622_chem_34C_T01_1632,frame_inventory,/net/trapnell/vol1/home/nlammers/projects/data/morphseq/pipeline/output/acquisition/20250622_chem_34C_T01_1632/frame_inventory/20250622_chem_34C_T01_1632_frame_inventory.csv,False,,
54,20250622_chem_34C_T01_1632,plate,/net/trapnell/vol1/home/nlammers/projects/data/morphseq/pipeline/output/acquisition/20250622_chem_34C_T01_1632/ingest_metadata/plate_metadata.csv,True,8559.0,2026-07-29T03:47:00.183005+00:00
54,20250622_chem_34C_T01_1632,collection_provenance,/net/trapnell/vol1/home/nlammers/projects/data/morphseq/pipeline/output/acquisition/20250622_chem_34C_T01_1632/ingest_metadata/collection_provenance.json,False,,
54,20250622_chem_34C_T01_1632,mask_geometry,/net/trapnell/vol1/home/nlammers/projects/data/morphseq/pipeline/output/feature_extraction/20250622_chem_34C_T01_1632/mask_geometry/20250622_chem_34C_T01_1632_mask_geometry.csv,True,26127.0,2026-07-29T06:20:39.951589+00:00
54,20250622_chem_34C_T01_1632,surface_area_qc,/net/trapnell/vol1/home/nlammers/projects/data/morphseq/pipeline/output/quality_control/20250622_chem_34C_T01_1632/surface_area_qc/20250622_chem_34C_T01_1632_surface_area_qc.csv,False,,
54,20250622_chem_34C_T01_1632,analysis_ready,/net/trapnell/vol1/home/nlammers/projects/data/morphseq/pipeline/output/analysis_ready/20250622_chem_34C_T01_1632/analysis_ready/20250622_chem_34C_T01_1632_analysis_ready.parquet,True,311794.0,2026-07-29T06:24:26.321628+00:00
55,20250622_chem_35C_T00_1223_check,stage,/net/trapnell/vol1/home/nlammers/projects/data/morphseq/pipeline/output/feature_extraction/20250622_chem_35C_T00_1223_check/stage_predictions/20250622_chem_35C_T00_1223_check_stage_predictions.csv,True,23453.0,2026-07-29T08:07:21.287987+00:00
55,20250622_chem_35C_T00_1223_check,inventory,/net/trapnell/vol1/home/nlammers/projects/data/morphseq/pipeline/output/object_extraction/20250622_chem_35C_T00_1223_check/snips/20250622_chem_35C_T00_1223_check_snip_inventory.csv,True,98956.0,2026-07-29T08:06:10.474700+00:00
55,20250622_chem_35C_T00_1223_check,frame_inventory,/net/trapnell/vol1/home/nlammers/projects/data/morphseq/pipeline/output/acquisition/20250622_chem_35C_T00_1223_check/frame_inventory/20250622_chem_35C_T00_1223_check_frame_inventory.csv,False,,
55,20250622_chem_35C_T00_1223_check,plate,/net/trapnell/vol1/home/nlammers/projects/data/morphseq/pipeline/output/acquisition/20250622_chem_35C_T00_1223_check/ingest_metadata/plate_metadata.csv,True,9711.0,2026-07-29T05:02:26.583384+00:00
55,20250622_chem_35C_T00_1223_check,collection_provenance,/net/trapnell/vol1/home/nlammers/projects/data/morphseq/pipeline/output/acquisition/20250622_chem_35C_T00_1223_check/ingest_metadata/collection_provenance.json,False,,
55,20250622_chem_35C_T00_1223_check,mask_geometry,/net/trapnell/vol1/home/nlammers/projects/data/morphseq/pipeline/output/feature_extraction/20250622_chem_35C_T00_1223_check/mask_geometry/20250622_chem_35C_T00_1223_check_mask_geometry.csv,True,28976.0,2026-07-29T08:07:17.243912+00:00
55,20250622_chem_35C_T00_1223_check,surface_area_qc,/net/trapnell/vol1/home/nlammers/projects/data/morphseq/pipeline/output/quality_control/20250622_chem_35C_T00_1223_check/surface_area_qc/20250622_chem_35C_T00_1223_check_surface_area_qc.csv,False,,
55,20250622_chem_35C_T00_1223_check,analysis_ready,/net/trapnell/vol1/home/nlammers/projects/data/morphseq/pipeline/output/analysis_ready/20250622_chem_35C_T00_1223_check/analysis_ready/20250622_chem_35C_T00_1223_check_analysis_ready.parquet,False,,
56,20250622_chem_35C_T01_1605,stage,/net/trapnell/vol1/home/nlammers/projects/data/morphseq/pipeline/output/feature_extraction/20250622_chem_35C_T01_1605/stage_predictions/20250622_chem_35C_T01_1605_stage_predictions.csv,True,22163.0,2026-07-29T07:39:05.522307+00:00
56,20250622_chem_35C_T01_1605,inventory,/net/trapnell/vol1/home/nlammers/projects/data/morphseq/pipeline/output/object_extraction/20250622_chem_35C_T01_1605/snips/20250622_chem_35C_T01_1605_snip_inventory.csv,True,94720.0,2026-07-29T07:38:58.222253+00:00
56,20250622_chem_35C_T01_1605,frame_inventory,/net/trapnell/vol1/home/nlammers/projects/data/morphseq/pipeline/output/acquisition/20250622_chem_35C_T01_1605/frame_inventory/20250622_chem_35C_T01_1605_frame_inventory.csv,False,,
56,20250622_chem_35C_T01_1605,plate,/net/trapnell/vol1/home/nlammers/projects/data/morphseq/pipeline/output/acquisition/20250622_chem_35C_T01_1605/ingest_metadata/plate_metadata.csv,True,8559.0,2026-07-29T05:26:45.673962+00:00
56,20250622_chem_35C_T01_1605,collection_provenance,/net/trapnell/vol1/home/nlammers/projects/data/morphseq/pipeline/output/acquisition/20250622_chem_35C_T01_1605/ingest_metadata/collection_provenance.json,False,,
56,20250622_chem_35C_T01_1605,mask_geometry,/net/trapnell/vol1/home/nlammers/projects/data/morphseq/pipeline/output/feature_extraction/20250622_chem_35C_T01_1605/mask_geometry/20250622_chem_35C_T01_1605_mask_geometry.csv,True,28112.0,2026-07-29T07:38:51.786205+00:00
56,20250622_chem_35C_T01_1605,surface_area_qc,/net/trapnell/vol1/home/nlammers/projects/data/morphseq/pipeline/output/quality_control/20250622_chem_35C_T01_1605/surface_area_qc/20250622_chem_35C_T01_1605_surface_area_qc.csv,False,,
56,20250622_chem_35C_T01_1605,analysis_ready,/net/trapnell/vol1/home/nlammers/projects/data/morphseq/pipeline/output/analysis_ready/20250622_chem_35C_T01_1605/analysis_ready/20250622_chem_35C_T01_1605_analysis_ready.parquet,False,,
57,20250623_chem_28C_T02_1259,stage,/net/trapnell/vol1/home/nlammers/projects/data/morphseq/pipeline/output/feature_extraction/20250623_chem_28C_T02_1259/stage_predictions/20250623_chem_28C_T02_1259_stage_predictions.csv,True,22422.0,2026-07-29T08:23:30.000251+00:00
57,20250623_chem_28C_T02_1259,inventory,/net/trapnell/vol1/home/nlammers/projects/data/morphseq/pipeline/output/object_extraction/20250623_chem_28C_T02_1259/snips/20250623_chem_28C_T02_1259_snip_inventory.csv,True,95831.0,2026-07-29T08:22:38.759983+00:00
57,20250623_chem_28C_T02_1259,frame_inventory,/net/trapnell/vol1/home/nlammers/projects/data/morphseq/pipeline/output/acquisition/20250623_chem_28C_T02_1259/frame_inventory/20250623_chem_28C_T02_1259_frame_inventory.csv,False,,
57,20250623_chem_28C_T02_1259,plate,/net/trapnell/vol1/home/nlammers/projects/data/morphseq/pipeline/output/acquisition/20250623_chem_28C_T02_1259/ingest_metadata/plate_metadata.csv,True,8751.0,2026-07-29T06:10:09.546911+00:00
57,20250623_chem_28C_T02_1259,collection_provenance,/net/trapnell/vol1/home/nlammers/projects/data/morphseq/pipeline/output/acquisition/20250623_chem_28C_T02_1259/ingest_metadata/collection_provenance.json,False,,
57,20250623_chem_28C_T02_1259,mask_geometry,/net/trapnell/vol1/home/nlammers/projects/data/morphseq/pipeline/output/feature_extraction/20250623_chem_28C_T02_1259/mask_geometry/20250623_chem_28C_T02_1259_mask_geometry.csv,True,28472.0,2026-07-29T08:23:16.056178+00:00
57,20250623_chem_28C_T02_1259,surface_area_qc,/net/trapnell/vol1/home/nlammers/projects/data/morphseq/pipeline/output/quality_control/20250623_chem_28C_T02_1259/surface_area_qc/20250623_chem_28C_T02_1259_surface_area_qc.csv,False,,
57,20250623_chem_28C_T02_1259,analysis_ready,/net/trapnell/vol1/home/nlammers/projects/data/morphseq/pipeline/output/analysis_ready/20250623_chem_28C_T02_1259/analysis_ready/20250623_chem_28C_T02_1259_analysis_ready.parquet,False,,
58,20250623_chem_34C_T02_1231,stage,/net/trapnell/vol1/home/nlammers/projects/data/morphseq/pipeline/output/feature_extraction/20250623_chem_34C_T02_1231/stage_predictions/20250623_chem_34C_T02_1231_stage_predictions.csv,True,21645.0,2026-07-29T09:30:47.442903+00:00
58,20250623_chem_34C_T02_1231,inventory,/net/trapnell/vol1/home/nlammers/projects/data/morphseq/pipeline/output/object_extraction/20250623_chem_34C_T02_1231/snips/20250623_chem_34C_T02_1231_snip_inventory.csv,True,92498.0,2026-07-29T09:29:35.381596+00:00
58,20250623_chem_34C_T02_1231,frame_inventory,/net/trapnell/vol1/home/nlammers/projects/data/morphseq/pipeline/output/acquisition/20250623_chem_34C_T02_1231/frame_inventory/20250623_chem_34C_T02_1231_frame_inventory.csv,False,,
58,20250623_chem_34C_T02_1231,plate,/net/trapnell/vol1/home/nlammers/projects/data/morphseq/pipeline/output/acquisition/20250623_chem_34C_T02_1231/ingest_metadata/plate_metadata.csv,True,8559.0,2026-07-29T06:39:29.832865+00:00
58,20250623_chem_34C_T02_1231,collection_provenance,/net/trapnell/vol1/home/nlammers/projects/data/morphseq/pipeline/output/acquisition/20250623_chem_34C_T02_1231/ingest_metadata/collection_provenance.json,False,,
58,20250623_chem_34C_T02_1231,mask_geometry,/net/trapnell/vol1/home/nlammers/projects/data/morphseq/pipeline/output/feature_extraction/20250623_chem_34C_T02_1231/mask_geometry/20250623_chem_34C_T02_1231_mask_geometry.csv,True,27496.0,2026-07-29T09:30:55.731053+00:00
58,20250623_chem_34C_T02_1231,surface_area_qc,/net/trapnell/vol1/home/nlammers/projects/data/morphseq/pipeline/output/quality_control/20250623_chem_34C_T02_1231/surface_area_qc/20250623_chem_34C_T02_1231_surface_area_qc.csv,False,,
58,20250623_chem_34C_T02_1231,analysis_ready,/net/trapnell/vol1/home/nlammers/projects/data/morphseq/pipeline/output/analysis_ready/20250623_chem_34C_T02_1231/analysis_ready/20250623_chem_34C_T02_1231_analysis_ready.parquet,False,,
59,20250623_chem_35C_T02_1204,stage,/net/trapnell/vol1/home/nlammers/projects/data/morphseq/pipeline/output/feature_extraction/20250623_chem_35C_T02_1204/stage_predictions/20250623_chem_35C_T02_1204_stage_predictions.csv,False,,
59,20250623_chem_35C_T02_1204,inventory,/net/trapnell/vol1/home/nlammers/projects/data/morphseq/pipeline/output/object_extraction/20250623_chem_35C_T02_1204/snips/20250623_chem_35C_T02_1204_snip_inventory.csv,False,,
59,20250623_chem_35C_T02_1204,frame_inventory,/net/trapnell/vol1/home/nlammers/projects/data/morphseq/pipeline/output/acquisition/20250623_chem_35C_T02_1204/frame_inventory/20250623_chem_35C_T02_1204_frame_inventory.csv,False,,
59,20250623_chem_35C_T02_1204,plate,/net/trapnell/vol1/home/nlammers/projects/data/morphseq/pipeline/output/acquisition/20250623_chem_35C_T02_1204/ingest_metadata/plate_metadata.csv,True,8559.0,2026-07-29T08:23:44.850335+00:00
59,20250623_chem_35C_T02_1204,collection_provenance,/net/trapnell/vol1/home/nlammers/projects/data/morphseq/pipeline/output/acquisition/20250623_chem_35C_T02_1204/ingest_metadata/collection_provenance.json,False,,
59,20250623_chem_35C_T02_1204,mask_geometry,/net/trapnell/vol1/home/nlammers/projects/data/morphseq/pipeline/output/feature_extraction/20250623_chem_35C_T02_1204/mask_geometry/20250623_chem_35C_T02_1204_mask_geometry.csv,False,,
59,20250623_chem_35C_T02_1204,surface_area_qc,/net/trapnell/vol1/home/nlammers/projects/data/morphseq/pipeline/output/quality_control/20250623_chem_35C_T02_1204/surface_area_qc/20250623_chem_35C_T02_1204_surface_area_qc.csv,False,,
59,20250623_chem_35C_T02_1204,analysis_ready,/net/trapnell/vol1/home/nlammers/projects/data/morphseq/pipeline/output/analysis_ready/20250623_chem_35C_T02_1204/analysis_ready/20250623_chem_35C_T02_1204_analysis_ready.parquet,False,,
60,20250624_chem02_28C_T00_1356,stage,/net/trapnell/vol1/home/nlammers/projects/data/morphseq/pipeline/output/feature_extraction/20250624_chem02_28C_T00_1356/stage_predictions/20250624_chem02_28C_T00_1356_stage_predictions.csv,True,28332.0,2026-07-29T10:52:02.481129+00:00
60,20250624_chem02_28C_T00_1356,inventory,/net/trapnell/vol1/home/nlammers/projects/data/morphseq/pipeline/output/object_extraction/20250624_chem02_28C_T00_1356/snips/20250624_chem02_28C_T00_1356_snip_inventory.csv,True,120613.0,2026-07-29T10:49:53.892037+00:00
60,20250624_chem02_28C_T00_1356,frame_inventory,/net/trapnell/vol1/home/nlammers/projects/data/morphseq/pipeline/output/acquisition/20250624_chem02_28C_T00_1356/frame_inventory/20250624_chem02_28C_T00_1356_frame_inventory.csv,False,,
60,20250624_chem02_28C_T00_1356,plate,/net/trapnell/vol1/home/nlammers/projects/data/morphseq/pipeline/output/acquisition/20250624_chem02_28C_T00_1356/ingest_metadata/plate_metadata.csv,True,9135.0,2026-07-29T08:38:31.712029+00:00
60,20250624_chem02_28C_T00_1356,collection_provenance,/net/trapnell/vol1/home/nlammers/projects/data/morphseq/pipeline/output/acquisition/20250624_chem02_28C_T00_1356/ingest_metadata/collection_provenance.json,False,,
60,20250624_chem02_28C_T00_1356,mask_geometry,/net/trapnell/vol1/home/nlammers/projects/data/morphseq/pipeline/output/feature_extraction/20250624_chem02_28C_T00_1356/mask_geometry/20250624_chem02_28C_T00_1356_mask_geometry.csv,True,35606.0,2026-07-29T10:52:20.465281+00:00
60,20250624_chem02_28C_T00_1356,surface_area_qc,/net/trapnell/vol1/home/nlammers/projects/data/morphseq/pipeline/output/quality_control/20250624_chem02_28C_T00_1356/surface_area_qc/20250624_chem02_28C_T00_1356_surface_area_qc.csv,False,,
60,20250624_chem02_28C_T00_1356,analysis_ready,/net/trapnell/vol1/home/nlammers/projects/data/morphseq/pipeline/output/analysis_ready/20250624_chem02_28C_T00_1356/analysis_ready/20250624_chem02_28C_T00_1356_analysis_ready.parquet,True,353581.0,2026-07-29T10:53:40.849965+00:00
61,20250624_chem02_28C_T01_1808,stage,/net/trapnell/vol1/home/nlammers/projects/data/morphseq/pipeline/output/feature_extraction/20250624_chem02_28C_T01_1808/stage_predictions/20250624_chem02_28C_T01_1808_stage_predictions.csv,True,26435.0,2026-07-29T11:50:35.849820+00:00
61,20250624_chem02_28C_T01_1808,inventory,/net/trapnell/vol1/home/nlammers/projects/data/morphseq/pipeline/output/object_extraction/20250624_chem02_28C_T01_1808/snips/20250624_chem02_28C_T01_1808_snip_inventory.csv,True,112514.0,2026-07-29T11:50:04.337666+00:00
61,20250624_chem02_28C_T01_1808,frame_inventory,/net/trapnell/vol1/home/nlammers/projects/data/morphseq/pipeline/output/acquisition/20250624_chem02_28C_T01_1808/frame_inventory/20250624_chem02_28C_T01_1808_frame_inventory.csv,False,,
61,20250624_chem02_28C_T01_1808,plate,/net/trapnell/vol1/home/nlammers/projects/data/morphseq/pipeline/output/acquisition/20250624_chem02_28C_T01_1808/ingest_metadata/plate_metadata.csv,True,9135.0,2026-07-29T09:41:27.208320+00:00
61,20250624_chem02_28C_T01_1808,collection_provenance,/net/trapnell/vol1/home/nlammers/projects/data/morphseq/pipeline/output/acquisition/20250624_chem02_28C_T01_1808/ingest_metadata/collection_provenance.json,False,,
61,20250624_chem02_28C_T01_1808,mask_geometry,/net/trapnell/vol1/home/nlammers/projects/data/morphseq/pipeline/output/feature_extraction/20250624_chem02_28C_T01_1808/mask_geometry/20250624_chem02_28C_T01_1808_mask_geometry.csv,True,33224.0,2026-07-29T11:51:19.698035+00:00
61,20250624_chem02_28C_T01_1808,surface_area_qc,/net/trapnell/vol1/home/nlammers/projects/data/morphseq/pipeline/output/quality_control/20250624_chem02_28C_T01_1808/surface_area_qc/20250624_chem02_28C_T01_1808_surface_area_qc.csv,False,,
61,20250624_chem02_28C_T01_1808,analysis_ready,/net/trapnell/vol1/home/nlammers/projects/data/morphseq/pipeline/output/analysis_ready/20250624_chem02_28C_T01_1808/analysis_ready/20250624_chem02_28C_T01_1808_analysis_ready.parquet,True,343563.0,2026-07-29T11:51:50.258184+00:00
62,20250624_chem02_34C_T00_1243,stage,/net/trapnell/vol1/home/nlammers/projects/data/morphseq/pipeline/output/feature_extraction/20250624_chem02_34C_T00_1243/stage_predictions/20250624_chem02_34C_T00_1243_stage_predictions.csv,True,21286.0,2026-07-29T13:14:43.842876+00:00
62,20250624_chem02_34C_T00_1243,inventory,/net/trapnell/vol1/home/nlammers/projects/data/morphseq/pipeline/output/object_extraction/20250624_chem02_34C_T00_1243/snips/20250624_chem02_34C_T00_1243_snip_inventory.csv,True,90531.0,2026-07-29T13:01:37.060993+00:00
62,20250624_chem02_34C_T00_1243,frame_inventory,/net/trapnell/vol1/home/nlammers/projects/data/morphseq/pipeline/output/acquisition/20250624_chem02_34C_T00_1243/frame_inventory/20250624_chem02_34C_T00_1243_frame_inventory.csv,False,,
62,20250624_chem02_34C_T00_1243,plate,/net/trapnell/vol1/home/nlammers/projects/data/morphseq/pipeline/output/acquisition/20250624_chem02_34C_T00_1243/ingest_metadata/plate_metadata.csv,True,8943.0,2026-07-29T10:40:44.315374+00:00
62,20250624_chem02_34C_T00_1243,collection_provenance,/net/trapnell/vol1/home/nlammers/projects/data/morphseq/pipeline/output/acquisition/20250624_chem02_34C_T00_1243/ingest_metadata/collection_provenance.json,False,,
62,20250624_chem02_34C_T00_1243,mask_geometry,/net/trapnell/vol1/home/nlammers/projects/data/morphseq/pipeline/output/feature_extraction/20250624_chem02_34C_T00_1243/mask_geometry/20250624_chem02_34C_T00_1243_mask_geometry.csv,True,26748.0,2026-07-29T13:14:25.858558+00:00
62,20250624_chem02_34C_T00_1243,surface_area_qc,/net/trapnell/vol1/home/nlammers/projects/data/morphseq/pipeline/output/quality_control/20250624_chem02_34C_T00_1243/surface_area_qc/20250624_chem02_34C_T00_1243_surface_area_qc.csv,False,,
62,20250624_chem02_34C_T00_1243,analysis_ready,/net/trapnell/vol1/home/nlammers/projects/data/morphseq/pipeline/output/analysis_ready/20250624_chem02_34C_T00_1243/analysis_ready/20250624_chem02_34C_T00_1243_analysis_ready.parquet,True,310579.0,2026-07-29T13:16:37.344885+00:00
63,20250624_chem02_34C_T01_1739,stage,/net/trapnell/vol1/home/nlammers/projects/data/morphseq/pipeline/output/feature_extraction/20250624_chem02_34C_T01_1739/stage_predictions/20250624_chem02_34C_T01_1739_stage_predictions.csv,True,20473.0,2026-07-29T12:57:34.911444+00:00
63,20250624_chem02_34C_T01_1739,inventory,/net/trapnell/vol1/home/nlammers/projects/data/morphseq/pipeline/output/object_extraction/20250624_chem02_34C_T01_1739/snips/20250624_chem02_34C_T01_1739_snip_inventory.csv,True,87060.0,2026-07-29T12:54:20.370452+00:00
63,20250624_chem02_34C_T01_1739,frame_inventory,/net/trapnell/vol1/home/nlammers/projects/data/morphseq/pipeline/output/acquisition/20250624_chem02_34C_T01_1739/frame_inventory/20250624_chem02_34C_T01_1739_frame_inventory.csv,False,,
63,20250624_chem02_34C_T01_1739,plate,/net/trapnell/vol1/home/nlammers/projects/data/morphseq/pipeline/output/acquisition/20250624_chem02_34C_T01_1739/ingest_metadata/plate_metadata.csv,True,8943.0,2026-07-29T11:05:24.204553+00:00
63,20250624_chem02_34C_T01_1739,collection_provenance,/net/trapnell/vol1/home/nlammers/projects/data/morphseq/pipeline/output/acquisition/20250624_chem02_34C_T01_1739/ingest_metadata/collection_provenance.json,False,,
63,20250624_chem02_34C_T01_1739,mask_geometry,/net/trapnell/vol1/home/nlammers/projects/data/morphseq/pipeline/output/feature_extraction/20250624_chem02_34C_T01_1739/mask_geometry/20250624_chem02_34C_T01_1739_mask_geometry.csv,True,25741.0,2026-07-29T12:59:13.447949+00:00
63,20250624_chem02_34C_T01_1739,surface_area_qc,/net/trapnell/vol1/home/nlammers/projects/data/morphseq/pipeline/output/quality_control/20250624_chem02_34C_T01_1739/surface_area_qc/20250624_chem02_34C_T01_1739_surface_area_qc.csv,False,,
63,20250624_chem02_34C_T01_1739,analysis_ready,/net/trapnell/vol1/home/nlammers/projects/data/morphseq/pipeline/output/analysis_ready/20250624_chem02_34C_T01_1739/analysis_ready/20250624_chem02_34C_T01_1739_analysis_ready.parquet,True,306377.0,2026-07-29T13:00:36.724376+00:00
64,20250624_chem02_35C_T00_1216,stage,/net/trapnell/vol1/home/nlammers/projects/data/morphseq/pipeline/output/feature_extraction/20250624_chem02_35C_T00_1216/stage_predictions/20250624_chem02_35C_T00_1216_stage_predictions.csv,True,22099.0,2026-07-29T14:24:10.570851+00:00
64,20250624_chem02_35C_T00_1216,inventory,/net/trapnell/vol1/home/nlammers/projects/data/morphseq/pipeline/output/object_extraction/20250624_chem02_35C_T00_1216/snips/20250624_chem02_35C_T00_1216_snip_inventory.csv,True,94002.0,2026-07-29T14:22:51.358171+00:00
64,20250624_chem02_35C_T00_1216,frame_inventory,/net/trapnell/vol1/home/nlammers/projects/data/morphseq/pipeline/output/acquisition/20250624_chem02_35C_T00_1216/frame_inventory/20250624_chem02_35C_T00_1216_frame_inventory.csv,False,,
64,20250624_chem02_35C_T00_1216,plate,/net/trapnell/vol1/home/nlammers/projects/data/morphseq/pipeline/output/acquisition/20250624_chem02_35C_T00_1216/ingest_metadata/plate_metadata.csv,True,8943.0,2026-07-29T12:01:44.746241+00:00
64,20250624_chem02_35C_T00_1216,collection_provenance,/net/trapnell/vol1/home/nlammers/projects/data/morphseq/pipeline/output/acquisition/20250624_chem02_35C_T00_1216/ingest_metadata/collection_provenance.json,False,,
64,20250624_chem02_35C_T00_1216,mask_geometry,/net/trapnell/vol1/home/nlammers/projects/data/morphseq/pipeline/output/feature_extraction/20250624_chem02_35C_T00_1216/mask_geometry/20250624_chem02_35C_T00_1216_mask_geometry.csv,True,27794.0,2026-07-29T14:23:17.870399+00:00
64,20250624_chem02_35C_T00_1216,surface_area_qc,/net/trapnell/vol1/home/nlammers/projects/data/morphseq/pipeline/output/quality_control/20250624_chem02_35C_T00_1216/surface_area_qc/20250624_chem02_35C_T00_1216_surface_area_qc.csv,False,,
64,20250624_chem02_35C_T00_1216,analysis_ready,/net/trapnell/vol1/home/nlammers/projects/data/morphseq/pipeline/output/analysis_ready/20250624_chem02_35C_T00_1216/analysis_ready/20250624_chem02_35C_T00_1216_analysis_ready.parquet,True,316652.0,2026-07-29T14:24:53.155215+00:00
65,20250624_chem02_35C_T01_1711,stage,/net/trapnell/vol1/home/nlammers/projects/data/morphseq/pipeline/output/feature_extraction/20250624_chem02_35C_T01_1711/stage_predictions/20250624_chem02_35C_T01_1711_stage_predictions.csv,True,22912.0,2026-07-29T17:51:33.001580+00:00
65,20250624_chem02_35C_T01_1711,inventory,/net/trapnell/vol1/home/nlammers/projects/data/morphseq/pipeline/output/object_extraction/20250624_chem02_35C_T01_1711/snips/20250624_chem02_35C_T01_1711_snip_inventory.csv,True,97473.0,2026-07-29T17:39:01.632414+00:00
65,20250624_chem02_35C_T01_1711,frame_inventory,/net/trapnell/vol1/home/nlammers/projects/data/morphseq/pipeline/output/acquisition/20250624_chem02_35C_T01_1711/frame_inventory/20250624_chem02_35C_T01_1711_frame_inventory.csv,False,,
65,20250624_chem02_35C_T01_1711,plate,/net/trapnell/vol1/home/nlammers/projects/data/morphseq/pipeline/output/acquisition/20250624_chem02_35C_T01_1711/ingest_metadata/plate_metadata.csv,True,8943.0,2026-07-29T13:21:47.582371+00:00
65,20250624_chem02_35C_T01_1711,collection_provenance,/net/trapnell/vol1/home/nlammers/projects/data/morphseq/pipeline/output/acquisition/20250624_chem02_35C_T01_1711/ingest_metadata/collection_provenance.json,False,,
65,20250624_chem02_35C_T01_1711,mask_geometry,/net/trapnell/vol1/home/nlammers/projects/data/morphseq/pipeline/output/feature_extraction/20250624_chem02_35C_T01_1711/mask_geometry/20250624_chem02_35C_T01_1711_mask_geometry.csv,True,28807.0,2026-07-29T17:49:47.399730+00:00
65,20250624_chem02_35C_T01_1711,surface_area_qc,/net/trapnell/vol1/home/nlammers/projects/data/morphseq/pipeline/output/quality_control/20250624_chem02_35C_T01_1711/surface_area_qc/20250624_chem02_35C_T01_1711_surface_area_qc.csv,False,,
65,20250624_chem02_35C_T01_1711,analysis_ready,/net/trapnell/vol1/home/nlammers/projects/data/morphseq/pipeline/output/analysis_ready/20250624_chem02_35C_T01_1711/analysis_ready/20250624_chem02_35C_T01_1711_analysis_ready.parquet,True,321397.0,2026-07-29T17:54:38.456829+00:00
66,20250625_chem02_28C_T02_1332,stage,/net/trapnell/vol1/home/nlammers/projects/data/morphseq/pipeline/output/feature_extraction/20250625_chem02_28C_T02_1332/stage_predictions/20250625_chem02_28C_T02_1332_stage_predictions.csv,True,26164.0,2026-07-29T16:34:10.403385+00:00
66,20250625_chem02_28C_T02_1332,inventory,/net/trapnell/vol1/home/nlammers/projects/data/morphseq/pipeline/output/object_extraction/20250625_chem02_28C_T02_1332/snips/20250625_chem02_28C_T02_1332_snip_inventory.csv,True,111357.0,2026-07-29T16:28:16.512943+00:00
66,20250625_chem02_28C_T02_1332,frame_inventory,/net/trapnell/vol1/home/nlammers/projects/data/morphseq/pipeline/output/acquisition/20250625_chem02_28C_T02_1332/frame_inventory/20250625_chem02_28C_T02_1332_frame_inventory.csv,False,,
66,20250625_chem02_28C_T02_1332,plate,/net/trapnell/vol1/home/nlammers/projects/data/morphseq/pipeline/output/acquisition/20250625_chem02_28C_T02_1332/ingest_metadata/plate_metadata.csv,True,9135.0,2026-07-29T13:31:33.947515+00:00
66,20250625_chem02_28C_T02_1332,collection_provenance,/net/trapnell/vol1/home/nlammers/projects/data/morphseq/pipeline/output/acquisition/20250625_chem02_28C_T02_1332/ingest_metadata/collection_provenance.json,False,,
66,20250625_chem02_28C_T02_1332,mask_geometry,/net/trapnell/vol1/home/nlammers/projects/data/morphseq/pipeline/output/feature_extraction/20250625_chem02_28C_T02_1332/mask_geometry/20250625_chem02_28C_T02_1332_mask_geometry.csv,True,32907.0,2026-07-29T16:33:51.219253+00:00
66,20250625_chem02_28C_T02_1332,surface_area_qc,/net/trapnell/vol1/home/nlammers/projects/data/morphseq/pipeline/output/quality_control/20250625_chem02_28C_T02_1332/surface_area_qc/20250625_chem02_28C_T02_1332_surface_area_qc.csv,False,,
66,20250625_chem02_28C_T02_1332,analysis_ready,/net/trapnell/vol1/home/nlammers/projects/data/morphseq/pipeline/output/analysis_ready/20250625_chem02_28C_T02_1332/analysis_ready/20250625_chem02_28C_T02_1332_analysis_ready.parquet,True,340224.0,2026-07-29T16:35:10.227798+00:00
67,20250625_chem02_34C_T02_1301,stage,/net/trapnell/vol1/home/nlammers/projects/data/morphseq/pipeline/output/feature_extraction/20250625_chem02_34C_T02_1301/stage_predictions/20250625_chem02_34C_T02_1301_stage_predictions.csv,True,22370.0,2026-07-29T19:22:22.516829+00:00
67,20250625_chem02_34C_T02_1301,inventory,/net/trapnell/vol1/home/nlammers/projects/data/morphseq/pipeline/output/object_extraction/20250625_chem02_34C_T02_1301/snips/20250625_chem02_34C_T02_1301_snip_inventory.csv,True,95159.0,2026-07-29T19:22:08.008576+00:00
67,20250625_chem02_34C_T02_1301,frame_inventory,/net/trapnell/vol1/home/nlammers/projects/data/morphseq/pipeline/output/acquisition/20250625_chem02_34C_T02_1301/frame_inventory/20250625_chem02_34C_T02_1301_frame_inventory.csv,False,,
67,20250625_chem02_34C_T02_1301,plate,/net/trapnell/vol1/home/nlammers/projects/data/morphseq/pipeline/output/acquisition/20250625_chem02_34C_T02_1301/ingest_metadata/plate_metadata.csv,True,8943.0,2026-07-29T14:49:32.346376+00:00
67,20250625_chem02_34C_T02_1301,collection_provenance,/net/trapnell/vol1/home/nlammers/projects/data/morphseq/pipeline/output/acquisition/20250625_chem02_34C_T02_1301/ingest_metadata/collection_provenance.json,False,,
67,20250625_chem02_34C_T02_1301,mask_geometry,/net/trapnell/vol1/home/nlammers/projects/data/morphseq/pipeline/output/feature_extraction/20250625_chem02_34C_T02_1301/mask_geometry/20250625_chem02_34C_T02_1301_mask_geometry.csv,True,28148.0,2026-07-29T19:23:50.066357+00:00
67,20250625_chem02_34C_T02_1301,surface_area_qc,/net/trapnell/vol1/home/nlammers/projects/data/morphseq/pipeline/output/quality_control/20250625_chem02_34C_T02_1301/surface_area_qc/20250625_chem02_34C_T02_1301_surface_area_qc.csv,False,,
67,20250625_chem02_34C_T02_1301,analysis_ready,/net/trapnell/vol1/home/nlammers/projects/data/morphseq/pipeline/output/analysis_ready/20250625_chem02_34C_T02_1301/analysis_ready/20250625_chem02_34C_T02_1301_analysis_ready.parquet,True,318826.0,2026-07-29T19:25:54.556529+00:00
68,20250625_chem02_35C_T02_1228,stage,/net/trapnell/vol1/home/nlammers/projects/data/morphseq/pipeline/output/feature_extraction/20250625_chem02_35C_T02_1228/stage_predictions/20250625_chem02_35C_T02_1228_stage_predictions.csv,True,22912.0,2026-07-29T20:21:18.710266+00:00
68,20250625_chem02_35C_T02_1228,inventory,/net/trapnell/vol1/home/nlammers/projects/data/morphseq/pipeline/output/object_extraction/20250625_chem02_35C_T02_1228/snips/20250625_chem02_35C_T02_1228_snip_inventory.csv,True,97473.0,2026-07-29T20:21:23.786293+00:00
68,20250625_chem02_35C_T02_1228,frame_inventory,/net/trapnell/vol1/home/nlammers/projects/data/morphseq/pipeline/output/acquisition/20250625_chem02_35C_T02_1228/frame_inventory/20250625_chem02_35C_T02_1228_frame_inventory.csv,False,,
68,20250625_chem02_35C_T02_1228,plate,/net/trapnell/vol1/home/nlammers/projects/data/morphseq/pipeline/output/acquisition/20250625_chem02_35C_T02_1228/ingest_metadata/plate_metadata.csv,True,8943.0,2026-07-29T16:51:00.961710+00:00
68,20250625_chem02_35C_T02_1228,collection_provenance,/net/trapnell/vol1/home/nlammers/projects/data/morphseq/pipeline/output/acquisition/20250625_chem02_35C_T02_1228/ingest_metadata/collection_provenance.json,False,,
68,20250625_chem02_35C_T02_1228,mask_geometry,/net/trapnell/vol1/home/nlammers/projects/data/morphseq/pipeline/output/feature_extraction/20250625_chem02_35C_T02_1228/mask_geometry/20250625_chem02_35C_T02_1228_mask_geometry.csv,True,28836.0,2026-07-29T20:23:23.162929+00:00
68,20250625_chem02_35C_T02_1228,surface_area_qc,/net/trapnell/vol1/home/nlammers/projects/data/morphseq/pipeline/output/quality_control/20250625_chem02_35C_T02_1228/surface_area_qc/20250625_chem02_35C_T02_1228_surface_area_qc.csv,False,,
68,20250625_chem02_35C_T02_1228,analysis_ready,/net/trapnell/vol1/home/nlammers/projects/data/morphseq/pipeline/output/analysis_ready/20250625_chem02_35C_T02_1228/analysis_ready/20250625_chem02_35C_T02_1228_analysis_ready.parquet,True,321313.0,2026-07-29T20:25:08.335486+00:00
69,20250703_chem3_28C_T00_1325,stage,/net/trapnell/vol1/home/nlammers/projects/data/morphseq/pipeline/output/feature_extraction/20250703_chem3_28C_T00_1325/stage_predictions/20250703_chem3_28C_T00_1325_stage_predictions.csv,True,16801.0,2026-07-29T19:38:32.812251+00:00
69,20250703_chem3_28C_T00_1325,inventory,/net/trapnell/vol1/home/nlammers/projects/data/morphseq/pipeline/output/object_extraction/20250703_chem3_28C_T00_1325/snips/20250703_chem3_28C_T00_1325_snip_inventory.csv,True,69459.0,2026-07-29T19:36:57.471484+00:00
69,20250703_chem3_28C_T00_1325,frame_inventory,/net/trapnell/vol1/home/nlammers/projects/data/morphseq/pipeline/output/acquisition/20250703_chem3_28C_T00_1325/frame_inventory/20250703_chem3_28C_T00_1325_frame_inventory.csv,False,,
69,20250703_chem3_28C_T00_1325,plate,/net/trapnell/vol1/home/nlammers/projects/data/morphseq/pipeline/output/acquisition/20250703_chem3_28C_T00_1325/ingest_metadata/plate_metadata.csv,True,7999.0,2026-07-29T17:56:19.570858+00:00
69,20250703_chem3_28C_T00_1325,collection_provenance,/net/trapnell/vol1/home/nlammers/projects/data/morphseq/pipeline/output/acquisition/20250703_chem3_28C_T00_1325/ingest_metadata/collection_provenance.json,False,,
69,20250703_chem3_28C_T00_1325,mask_geometry,/net/trapnell/vol1/home/nlammers/projects/data/morphseq/pipeline/output/feature_extraction/20250703_chem3_28C_T00_1325/mask_geometry/20250703_chem3_28C_T00_1325_mask_geometry.csv,True,20591.0,2026-07-29T19:36:54.643462+00:00
69,20250703_chem3_28C_T00_1325,surface_area_qc,/net/trapnell/vol1/home/nlammers/projects/data/morphseq/pipeline/output/quality_control/20250703_chem3_28C_T00_1325/surface_area_qc/20250703_chem3_28C_T00_1325_surface_area_qc.csv,False,,
69,20250703_chem3_28C_T00_1325,analysis_ready,/net/trapnell/vol1/home/nlammers/projects/data/morphseq/pipeline/output/analysis_ready/20250703_chem3_28C_T00_1325/analysis_ready/20250703_chem3_28C_T00_1325_analysis_ready.parquet,True,277595.0,2026-07-29T19:40:28.057164+00:00
70,20250703_chem3_34C_T00_1131,stage,/net/trapnell/vol1/home/nlammers/projects/data/morphseq/pipeline/output/feature_extraction/20250703_chem3_34C_T00_1131/stage_predictions/20250703_chem3_34C_T00_1131_stage_predictions.csv,True,15982.0,2026-07-29T21:41:00.386362+00:00
70,20250703_chem3_34C_T00_1131,inventory,/net/trapnell/vol1/home/nlammers/projects/data/morphseq/pipeline/output/object_extraction/20250703_chem3_34C_T00_1131/snips/20250703_chem3_34C_T00_1131_snip_inventory.csv,True,66057.0,2026-07-29T21:41:33.974530+00:00
70,20250703_chem3_34C_T00_1131,frame_inventory,/net/trapnell/vol1/home/nlammers/projects/data/morphseq/pipeline/output/acquisition/20250703_chem3_34C_T00_1131/frame_inventory/20250703_chem3_34C_T00_1131_frame_inventory.csv,False,,
70,20250703_chem3_34C_T00_1131,plate,/net/trapnell/vol1/home/nlammers/projects/data/morphseq/pipeline/output/acquisition/20250703_chem3_34C_T00_1131/ingest_metadata/plate_metadata.csv,True,7999.0,2026-07-29T19:26:45.412633+00:00
70,20250703_chem3_34C_T00_1131,collection_provenance,/net/trapnell/vol1/home/nlammers/projects/data/morphseq/pipeline/output/acquisition/20250703_chem3_34C_T00_1131/ingest_metadata/collection_provenance.json,False,,
70,20250703_chem3_34C_T00_1131,mask_geometry,/net/trapnell/vol1/home/nlammers/projects/data/morphseq/pipeline/output/feature_extraction/20250703_chem3_34C_T00_1131/mask_geometry/20250703_chem3_34C_T00_1131_mask_geometry.csv,True,19590.0,2026-07-29T21:41:27.070495+00:00
70,20250703_chem3_34C_T00_1131,surface_area_qc,/net/trapnell/vol1/home/nlammers/projects/data/morphseq/pipeline/output/quality_control/20250703_chem3_34C_T00_1131/surface_area_qc/20250703_chem3_34C_T00_1131_surface_area_qc.csv,False,,
70,20250703_chem3_34C_T00_1131,analysis_ready,/net/trapnell/vol1/home/nlammers/projects/data/morphseq/pipeline/output/analysis_ready/20250703_chem3_34C_T00_1131/analysis_ready/20250703_chem3_34C_T00_1131_analysis_ready.parquet,True,273587.0,2026-07-29T21:43:35.763140+00:00
71,20250703_chem3_34C_T01_1457,stage,/net/trapnell/vol1/home/nlammers/projects/data/morphseq/pipeline/output/feature_extraction/20250703_chem3_34C_T01_1457/stage_predictions/20250703_chem3_34C_T01_1457_stage_predictions.csv,True,16255.0,2026-07-29T22:50:02.636494+00:00
71,20250703_chem3_34C_T01_1457,inventory,/net/trapnell/vol1/home/nlammers/projects/data/morphseq/pipeline/output/object_extraction/20250703_chem3_34C_T01_1457/snips/20250703_chem3_34C_T01_1457_snip_inventory.csv,True,67191.0,2026-07-29T22:49:42.516132+00:00
71,20250703_chem3_34C_T01_1457,frame_inventory,/net/trapnell/vol1/home/nlammers/projects/data/morphseq/pipeline/output/acquisition/20250703_chem3_34C_T01_1457/frame_inventory/20250703_chem3_34C_T01_1457_frame_inventory.csv,False,,
71,20250703_chem3_34C_T01_1457,plate,/net/trapnell/vol1/home/nlammers/projects/data/morphseq/pipeline/output/acquisition/20250703_chem3_34C_T01_1457/ingest_metadata/plate_metadata.csv,True,7999.0,2026-07-29T19:41:08.576932+00:00
71,20250703_chem3_34C_T01_1457,collection_provenance,/net/trapnell/vol1/home/nlammers/projects/data/morphseq/pipeline/output/acquisition/20250703_chem3_34C_T01_1457/ingest_metadata/collection_provenance.json,False,,
71,20250703_chem3_34C_T01_1457,mask_geometry,/net/trapnell/vol1/home/nlammers/projects/data/morphseq/pipeline/output/feature_extraction/20250703_chem3_34C_T01_1457/mask_geometry/20250703_chem3_34C_T01_1457_mask_geometry.csv,True,19944.0,2026-07-29T22:49:15.755651+00:00
71,20250703_chem3_34C_T01_1457,surface_area_qc,/net/trapnell/vol1/home/nlammers/projects/data/morphseq/pipeline/output/quality_control/20250703_chem3_34C_T01_1457/surface_area_qc/20250703_chem3_34C_T01_1457_surface_area_qc.csv,False,,
71,20250703_chem3_34C_T01_1457,analysis_ready,/net/trapnell/vol1/home/nlammers/projects/data/morphseq/pipeline/output/analysis_ready/20250703_chem3_34C_T01_1457/analysis_ready/20250703_chem3_34C_T01_1457_analysis_ready.parquet,True,275308.0,2026-07-29T22:52:03.942677+00:00
72,20250703_chem3_35C_T00_1101,stage,/net/trapnell/vol1/home/nlammers/projects/data/morphseq/pipeline/output/feature_extraction/20250703_chem3_35C_T00_1101/stage_predictions/20250703_chem3_35C_T00_1101_stage_predictions.csv,True,17893.0,2026-07-29T23:28:46.234336+00:00
72,20250703_chem3_35C_T00_1101,inventory,/net/trapnell/vol1/home/nlammers/projects/data/morphseq/pipeline/output/object_extraction/20250703_chem3_35C_T00_1101/snips/20250703_chem3_35C_T00_1101_snip_inventory.csv,True,73995.0,2026-07-29T23:26:26.583814+00:00
72,20250703_chem3_35C_T00_1101,frame_inventory,/net/trapnell/vol1/home/nlammers/projects/data/morphseq/pipeline/output/acquisition/20250703_chem3_35C_T00_1101/frame_inventory/20250703_chem3_35C_T00_1101_frame_inventory.csv,False,,
72,20250703_chem3_35C_T00_1101,plate,/net/trapnell/vol1/home/nlammers/projects/data/morphseq/pipeline/output/acquisition/20250703_chem3_35C_T00_1101/ingest_metadata/plate_metadata.csv,True,7999.0,2026-07-29T20:25:54.648412+00:00
72,20250703_chem3_35C_T00_1101,collection_provenance,/net/trapnell/vol1/home/nlammers/projects/data/morphseq/pipeline/output/acquisition/20250703_chem3_35C_T00_1101/ingest_metadata/collection_provenance.json,False,,
72,20250703_chem3_35C_T00_1101,mask_geometry,/net/trapnell/vol1/home/nlammers/projects/data/morphseq/pipeline/output/feature_extraction/20250703_chem3_35C_T00_1101/mask_geometry/20250703_chem3_35C_T00_1101_mask_geometry.csv,True,21931.0,2026-07-29T23:28:44.582301+00:00
72,20250703_chem3_35C_T00_1101,surface_area_qc,/net/trapnell/vol1/home/nlammers/projects/data/morphseq/pipeline/output/quality_control/20250703_chem3_35C_T00_1101/surface_area_qc/20250703_chem3_35C_T00_1101_surface_area_qc.csv,False,,
72,20250703_chem3_35C_T00_1101,analysis_ready,/net/trapnell/vol1/home/nlammers/projects/data/morphseq/pipeline/output/analysis_ready/20250703_chem3_35C_T00_1101/analysis_ready/20250703_chem3_35C_T00_1101_analysis_ready.parquet,True,289072.0,2026-07-29T23:30:18.192252+00:00
73,20250703_chem3_35C_T01_1437,stage,/net/trapnell/vol1/home/nlammers/projects/data/morphseq/pipeline/output/feature_extraction/20250703_chem3_35C_T01_1437/stage_predictions/20250703_chem3_35C_T01_1437_stage_predictions.csv,True,15982.0,2026-07-30T00:01:59.615079+00:00
73,20250703_chem3_35C_T01_1437,inventory,/net/trapnell/vol1/home/nlammers/projects/data/morphseq/pipeline/output/object_extraction/20250703_chem3_35C_T01_1437/snips/20250703_chem3_35C_T01_1437_snip_inventory.csv,True,66057.0,2026-07-30T00:01:09.790680+00:00
73,20250703_chem3_35C_T01_1437,frame_inventory,/net/trapnell/vol1/home/nlammers/projects/data/morphseq/pipeline/output/acquisition/20250703_chem3_35C_T01_1437/frame_inventory/20250703_chem3_35C_T01_1437_frame_inventory.csv,False,,
73,20250703_chem3_35C_T01_1437,plate,/net/trapnell/vol1/home/nlammers/projects/data/morphseq/pipeline/output/acquisition/20250703_chem3_35C_T01_1437/ingest_metadata/plate_metadata.csv,True,7999.0,2026-07-29T21:45:31.450819+00:00
73,20250703_chem3_35C_T01_1437,collection_provenance,/net/trapnell/vol1/home/nlammers/projects/data/morphseq/pipeline/output/acquisition/20250703_chem3_35C_T01_1437/ingest_metadata/collection_provenance.json,False,,
73,20250703_chem3_35C_T01_1437,mask_geometry,/net/trapnell/vol1/home/nlammers/projects/data/morphseq/pipeline/output/feature_extraction/20250703_chem3_35C_T01_1437/mask_geometry/20250703_chem3_35C_T01_1437_mask_geometry.csv,True,19599.0,2026-07-30T00:02:18.579231+00:00
73,20250703_chem3_35C_T01_1437,surface_area_qc,/net/trapnell/vol1/home/nlammers/projects/data/morphseq/pipeline/output/quality_control/20250703_chem3_35C_T01_1437/surface_area_qc/20250703_chem3_35C_T01_1437_surface_area_qc.csv,False,,
73,20250703_chem3_35C_T01_1437,analysis_ready,/net/trapnell/vol1/home/nlammers/projects/data/morphseq/pipeline/output/analysis_ready/20250703_chem3_35C_T01_1437/analysis_ready/20250703_chem3_35C_T01_1437_analysis_ready.parquet,True,273547.0,2026-07-30T00:04:30.252285+00:00
74,20250716_chem4_28C_T00_1158,stage,/net/trapnell/vol1/home/nlammers/projects/data/morphseq/pipeline/output/feature_extraction/20250716_chem4_28C_T00_1158/stage_predictions/20250716_chem4_28C_T00_1158_stage_predictions.csv,True,23203.0,2026-07-30T02:09:05.883408+00:00
74,20250716_chem4_28C_T00_1158,inventory,/net/trapnell/vol1/home/nlammers/projects/data/morphseq/pipeline/output/object_extraction/20250716_chem4_28C_T00_1158/snips/20250716_chem4_28C_T00_1158_snip_inventory.csv,True,98943.0,2026-07-30T02:08:41.075285+00:00
74,20250716_chem4_28C_T00_1158,frame_inventory,/net/trapnell/vol1/home/nlammers/projects/data/morphseq/pipeline/output/acquisition/20250716_chem4_28C_T00_1158/frame_inventory/20250716_chem4_28C_T00_1158_frame_inventory.csv,False,,
74,20250716_chem4_28C_T00_1158,plate,/net/trapnell/vol1/home/nlammers/projects/data/morphseq/pipeline/output/acquisition/20250716_chem4_28C_T00_1158/ingest_metadata/plate_metadata.csv,True,8711.0,2026-07-29T23:22:05.090181+00:00
74,20250716_chem4_28C_T00_1158,collection_provenance,/net/trapnell/vol1/home/nlammers/projects/data/morphseq/pipeline/output/acquisition/20250716_chem4_28C_T00_1158/ingest_metadata/collection_provenance.json,False,,
74,20250716_chem4_28C_T00_1158,mask_geometry,/net/trapnell/vol1/home/nlammers/projects/data/morphseq/pipeline/output/feature_extraction/20250716_chem4_28C_T00_1158/mask_geometry/20250716_chem4_28C_T00_1158_mask_geometry.csv,True,29292.0,2026-07-30T02:09:17.143463+00:00
74,20250716_chem4_28C_T00_1158,surface_area_qc,/net/trapnell/vol1/home/nlammers/projects/data/morphseq/pipeline/output/quality_control/20250716_chem4_28C_T00_1158/surface_area_qc/20250716_chem4_28C_T00_1158_surface_area_qc.csv,False,,
74,20250716_chem4_28C_T00_1158,analysis_ready,/net/trapnell/vol1/home/nlammers/projects/data/morphseq/pipeline/output/analysis_ready/20250716_chem4_28C_T00_1158/analysis_ready/20250716_chem4_28C_T00_1158_analysis_ready.parquet,True,324245.0,2026-07-30T02:12:00.820272+00:00
75,20250716_chem4_28C_T01_1400,stage,/net/trapnell/vol1/home/nlammers/projects/data/morphseq/pipeline/output/feature_extraction/20250716_chem4_28C_T01_1400/stage_predictions/20250716_chem4_28C_T01_1400_stage_predictions.csv,True,25058.0,2026-07-30T03:38:40.654206+00:00
75,20250716_chem4_28C_T01_1400,inventory,/net/trapnell/vol1/home/nlammers/projects/data/morphseq/pipeline/output/object_extraction/20250716_chem4_28C_T01_1400/snips/20250716_chem4_28C_T01_1400_snip_inventory.csv,True,106881.0,2026-07-30T03:37:29.912934+00:00
75,20250716_chem4_28C_T01_1400,frame_inventory,/net/trapnell/vol1/home/nlammers/projects/data/morphseq/pipeline/output/acquisition/20250716_chem4_28C_T01_1400/frame_inventory/20250716_chem4_28C_T01_1400_frame_inventory.csv,False,,
75,20250716_chem4_28C_T01_1400,plate,/net/trapnell/vol1/home/nlammers/projects/data/morphseq/pipeline/output/acquisition/20250716_chem4_28C_T01_1400/ingest_metadata/plate_metadata.csv,True,8711.0,2026-07-30T00:20:15.332588+00:00
75,20250716_chem4_28C_T01_1400,collection_provenance,/net/trapnell/vol1/home/nlammers/projects/data/morphseq/pipeline/output/acquisition/20250716_chem4_28C_T01_1400/ingest_metadata/collection_provenance.json,False,,
75,20250716_chem4_28C_T01_1400,mask_geometry,/net/trapnell/vol1/home/nlammers/projects/data/morphseq/pipeline/output/feature_extraction/20250716_chem4_28C_T01_1400/mask_geometry/20250716_chem4_28C_T01_1400_mask_geometry.csv,True,31640.0,2026-07-30T03:37:01.120416+00:00
75,20250716_chem4_28C_T01_1400,surface_area_qc,/net/trapnell/vol1/home/nlammers/projects/data/morphseq/pipeline/output/quality_control/20250716_chem4_28C_T01_1400/surface_area_qc/20250716_chem4_28C_T01_1400_surface_area_qc.csv,False,,
75,20250716_chem4_28C_T01_1400,analysis_ready,/net/trapnell/vol1/home/nlammers/projects/data/morphseq/pipeline/output/analysis_ready/20250716_chem4_28C_T01_1400/analysis_ready/20250716_chem4_28C_T01_1400_analysis_ready.parquet,True,336324.0,2026-07-30T03:41:02.356755+00:00
76,20250716_chem4_34C_T00_1014,stage,/net/trapnell/vol1/home/nlammers/projects/data/morphseq/pipeline/output/feature_extraction/20250716_chem4_34C_T00_1014/stage_predictions/20250716_chem4_34C_T00_1014_stage_predictions.csv,True,25058.0,2026-07-30T03:04:52.657322+00:00
76,20250716_chem4_34C_T00_1014,inventory,/net/trapnell/vol1/home/nlammers/projects/data/morphseq/pipeline/output/object_extraction/20250716_chem4_34C_T00_1014/snips/20250716_chem4_34C_T00_1014_snip_inventory.csv,True,106881.0,2026-07-30T03:04:30.361206+00:00
76,20250716_chem4_34C_T00_1014,frame_inventory,/net/trapnell/vol1/home/nlammers/projects/data/morphseq/pipeline/output/acquisition/20250716_chem4_34C_T00_1014/frame_inventory/20250716_chem4_34C_T00_1014_frame_inventory.csv,False,,
76,20250716_chem4_34C_T00_1014,plate,/net/trapnell/vol1/home/nlammers/projects/data/morphseq/pipeline/output/acquisition/20250716_chem4_34C_T00_1014/ingest_metadata/plate_metadata.csv,True,8711.0,2026-07-30T00:52:09.076257+00:00
76,20250716_chem4_34C_T00_1014,collection_provenance,/net/trapnell/vol1/home/nlammers/projects/data/morphseq/pipeline/output/acquisition/20250716_chem4_34C_T00_1014/ingest_metadata/collection_provenance.json,False,,
76,20250716_chem4_34C_T00_1014,mask_geometry,/net/trapnell/vol1/home/nlammers/projects/data/morphseq/pipeline/output/feature_extraction/20250716_chem4_34C_T00_1014/mask_geometry/20250716_chem4_34C_T00_1014_mask_geometry.csv,True,31649.0,2026-07-30T03:05:39.249563+00:00
76,20250716_chem4_34C_T00_1014,surface_area_qc,/net/trapnell/vol1/home/nlammers/projects/data/morphseq/pipeline/output/quality_control/20250716_chem4_34C_T00_1014/surface_area_qc/20250716_chem4_34C_T00_1014_surface_area_qc.csv,False,,
76,20250716_chem4_34C_T00_1014,analysis_ready,/net/trapnell/vol1/home/nlammers/projects/data/morphseq/pipeline/output/analysis_ready/20250716_chem4_34C_T00_1014/analysis_ready/20250716_chem4_34C_T00_1014_analysis_ready.parquet,True,336265.0,2026-07-30T03:06:37.277864+00:00
77,20250716_chem4_35C_T00_1045,stage,/net/trapnell/vol1/home/nlammers/projects/data/morphseq/pipeline/output/feature_extraction/20250716_chem4_35C_T00_1045/stage_predictions/20250716_chem4_35C_T00_1045_stage_predictions.csv,True,24263.0,2026-07-30T06:07:25.394260+00:00
77,20250716_chem4_35C_T00_1045,inventory,/net/trapnell/vol1/home/nlammers/projects/data/morphseq/pipeline/output/object_extraction/20250716_chem4_35C_T00_1045/snips/20250716_chem4_35C_T00_1045_snip_inventory.csv,True,103479.0,2026-07-30T06:06:22.221128+00:00
77,20250716_chem4_35C_T00_1045,frame_inventory,/net/trapnell/vol1/home/nlammers/projects/data/morphseq/pipeline/output/acquisition/20250716_chem4_35C_T00_1045/frame_inventory/20250716_chem4_35C_T00_1045_frame_inventory.csv,False,,
77,20250716_chem4_35C_T00_1045,plate,/net/trapnell/vol1/home/nlammers/projects/data/morphseq/pipeline/output/acquisition/20250716_chem4_35C_T00_1045/ingest_metadata/plate_metadata.csv,True,8711.0,2026-07-30T02:49:12.200747+00:00
77,20250716_chem4_35C_T00_1045,collection_provenance,/net/trapnell/vol1/home/nlammers/projects/data/morphseq/pipeline/output/acquisition/20250716_chem4_35C_T00_1045/ingest_metadata/collection_provenance.json,False,,
77,20250716_chem4_35C_T00_1045,mask_geometry,/net/trapnell/vol1/home/nlammers/projects/data/morphseq/pipeline/output/feature_extraction/20250716_chem4_35C_T00_1045/mask_geometry/20250716_chem4_35C_T00_1045_mask_geometry.csv,True,30626.0,2026-07-30T06:06:39.017429+00:00
77,20250716_chem4_35C_T00_1045,surface_area_qc,/net/trapnell/vol1/home/nlammers/projects/data/morphseq/pipeline/output/quality_control/20250716_chem4_35C_T00_1045/surface_area_qc/20250716_chem4_35C_T00_1045_surface_area_qc.csv,False,,
77,20250716_chem4_35C_T00_1045,analysis_ready,/net/trapnell/vol1/home/nlammers/projects/data/morphseq/pipeline/output/analysis_ready/20250716_chem4_35C_T00_1045/analysis_ready/20250716_chem4_35C_T00_1045_analysis_ready.parquet,True,332015.0,2026-07-30T06:09:09.636128+00:00
78,20250721_chem5_28C_T00_1257,stage,/net/trapnell/vol1/home/nlammers/projects/data/morphseq/pipeline/output/feature_extraction/20250721_chem5_28C_T00_1257/stage_predictions/20250721_chem5_28C_T00_1257_stage_predictions.csv,True,28503.0,2026-07-30T05:17:43.745600+00:00
78,20250721_chem5_28C_T00_1257,inventory,/net/trapnell/vol1/home/nlammers/projects/data/morphseq/pipeline/output/object_extraction/20250721_chem5_28C_T00_1257/snips/20250721_chem5_28C_T00_1257_snip_inventory.csv,True,121623.0,2026-07-30T05:10:04.850202+00:00
78,20250721_chem5_28C_T00_1257,frame_inventory,/net/trapnell/vol1/home/nlammers/projects/data/morphseq/pipeline/output/acquisition/20250721_chem5_28C_T00_1257/frame_inventory/20250721_chem5_28C_T00_1257_frame_inventory.csv,False,,
78,20250721_chem5_28C_T00_1257,plate,/net/trapnell/vol1/home/nlammers/projects/data/morphseq/pipeline/output/acquisition/20250721_chem5_28C_T00_1257/ingest_metadata/plate_metadata.csv,True,8735.0,2026-07-30T03:32:34.978672+00:00
78,20250721_chem5_28C_T00_1257,collection_provenance,/net/trapnell/vol1/home/nlammers/projects/data/morphseq/pipeline/output/acquisition/20250721_chem5_28C_T00_1257/ingest_metadata/collection_provenance.json,False,,
78,20250721_chem5_28C_T00_1257,mask_geometry,/net/trapnell/vol1/home/nlammers/projects/data/morphseq/pipeline/output/feature_extraction/20250721_chem5_28C_T00_1257/mask_geometry/20250721_chem5_28C_T00_1257_mask_geometry.csv,True,36036.0,2026-07-30T05:18:24.149899+00:00
78,20250721_chem5_28C_T00_1257,surface_area_qc,/net/trapnell/vol1/home/nlammers/projects/data/morphseq/pipeline/output/quality_control/20250721_chem5_28C_T00_1257/surface_area_qc/20250721_chem5_28C_T00_1257_surface_area_qc.csv,False,,
78,20250721_chem5_28C_T00_1257,analysis_ready,/net/trapnell/vol1/home/nlammers/projects/data/morphseq/pipeline/output/analysis_ready/20250721_chem5_28C_T00_1257/analysis_ready/20250721_chem5_28C_T00_1257_analysis_ready.parquet,True,357720.0,2026-07-30T05:18:59.998165+00:00
79,20250721_chem5_28C_T01_1401,stage,/net/trapnell/vol1/home/nlammers/projects/data/morphseq/pipeline/output/feature_extraction/20250721_chem5_28C_T01_1401/stage_predictions/20250721_chem5_28C_T01_1401_stage_predictions.csv,True,28503.0,2026-07-30T05:43:38.586938+00:00
79,20250721_chem5_28C_T01_1401,inventory,/net/trapnell/vol1/home/nlammers/projects/data/morphseq/pipeline/output/object_extraction/20250721_chem5_28C_T01_1401/snips/20250721_chem5_28C_T01_1401_snip_inventory.csv,True,121623.0,2026-07-30T05:42:40.398568+00:00
79,20250721_chem5_28C_T01_1401,frame_inventory,/net/trapnell/vol1/home/nlammers/projects/data/morphseq/pipeline/output/acquisition/20250721_chem5_28C_T01_1401/frame_inventory/20250721_chem5_28C_T01_1401_frame_inventory.csv,False,,
79,20250721_chem5_28C_T01_1401,plate,/net/trapnell/vol1/home/nlammers/projects/data/morphseq/pipeline/output/acquisition/20250721_chem5_28C_T01_1401/ingest_metadata/plate_metadata.csv,True,8735.0,2026-07-30T04:05:16.056415+00:00
79,20250721_chem5_28C_T01_1401,collection_provenance,/net/trapnell/vol1/home/nlammers/projects/data/morphseq/pipeline/output/acquisition/20250721_chem5_28C_T01_1401/ingest_metadata/collection_provenance.json,False,,
79,20250721_chem5_28C_T01_1401,mask_geometry,/net/trapnell/vol1/home/nlammers/projects/data/morphseq/pipeline/output/feature_extraction/20250721_chem5_28C_T01_1401/mask_geometry/20250721_chem5_28C_T01_1401_mask_geometry.csv,True,36005.0,2026-07-30T05:44:37.975310+00:00
79,20250721_chem5_28C_T01_1401,surface_area_qc,/net/trapnell/vol1/home/nlammers/projects/data/morphseq/pipeline/output/quality_control/20250721_chem5_28C_T01_1401/surface_area_qc/20250721_chem5_28C_T01_1401_surface_area_qc.csv,False,,
79,20250721_chem5_28C_T01_1401,analysis_ready,/net/trapnell/vol1/home/nlammers/projects/data/morphseq/pipeline/output/analysis_ready/20250721_chem5_28C_T01_1401/analysis_ready/20250721_chem5_28C_T01_1401_analysis_ready.parquet,True,357778.0,2026-07-30T05:45:30.227632+00:00
80,20250721_chem5_35C_T00_1023,stage,/net/trapnell/vol1/home/nlammers/projects/data/morphseq/pipeline/output/feature_extraction/20250721_chem5_35C_T00_1023/stage_predictions/20250721_chem5_35C_T00_1023_stage_predictions.csv,True,28768.0,2026-07-30T08:52:45.390553+00:00
80,20250721_chem5_35C_T00_1023,inventory,/net/trapnell/vol1/home/nlammers/projects/data/morphseq/pipeline/output/object_extraction/20250721_chem5_35C_T00_1023/snips/20250721_chem5_35C_T00_1023_snip_inventory.csv,True,122757.0,2026-07-30T08:50:55.360488+00:00
80,20250721_chem5_35C_T00_1023,frame_inventory,/net/trapnell/vol1/home/nlammers/projects/data/morphseq/pipeline/output/acquisition/20250721_chem5_35C_T00_1023/frame_inventory/20250721_chem5_35C_T00_1023_frame_inventory.csv,False,,
80,20250721_chem5_35C_T00_1023,plate,/net/trapnell/vol1/home/nlammers/projects/data/morphseq/pipeline/output/acquisition/20250721_chem5_35C_T00_1023/ingest_metadata/plate_metadata.csv,True,8783.0,2026-07-30T06:09:57.088978+00:00
80,20250721_chem5_35C_T00_1023,collection_provenance,/net/trapnell/vol1/home/nlammers/projects/data/morphseq/pipeline/output/acquisition/20250721_chem5_35C_T00_1023/ingest_metadata/collection_provenance.json,False,,
80,20250721_chem5_35C_T00_1023,mask_geometry,/net/trapnell/vol1/home/nlammers/projects/data/morphseq/pipeline/output/feature_extraction/20250721_chem5_35C_T00_1023/mask_geometry/20250721_chem5_35C_T00_1023_mask_geometry.csv,True,36349.0,2026-07-30T08:52:57.682784+00:00
80,20250721_chem5_35C_T00_1023,surface_area_qc,/net/trapnell/vol1/home/nlammers/projects/data/morphseq/pipeline/output/quality_control/20250721_chem5_35C_T00_1023/surface_area_qc/20250721_chem5_35C_T00_1023_surface_area_qc.csv,False,,
80,20250721_chem5_35C_T00_1023,analysis_ready,/net/trapnell/vol1/home/nlammers/projects/data/morphseq/pipeline/output/analysis_ready/20250721_chem5_35C_T00_1023/analysis_ready/20250721_chem5_35C_T00_1023_analysis_ready.parquet,True,359096.0,2026-07-30T08:54:03.048009+00:00
81,20260319_cilia_crispant_18hpf,stage,/net/trapnell/vol1/home/nlammers/projects/data/morphseq/pipeline/output/feature_extraction/20260319_cilia_crispant_18hpf/stage_predictions/20260319_cilia_crispant_18hpf_stage_predictions.csv,True,25632.0,2026-07-30T07:53:34.818291+00:00
81,20260319_cilia_crispant_18hpf,inventory,/net/trapnell/vol1/home/nlammers/projects/data/morphseq/pipeline/output/object_extraction/20260319_cilia_crispant_18hpf/snips/20260319_cilia_crispant_18hpf_snip_inventory.csv,True,108845.0,2026-07-30T07:53:18.326203+00:00
81,20260319_cilia_crispant_18hpf,frame_inventory,/net/trapnell/vol1/home/nlammers/projects/data/morphseq/pipeline/output/acquisition/20260319_cilia_crispant_18hpf/frame_inventory/20260319_cilia_crispant_18hpf_frame_inventory.csv,False,,
81,20260319_cilia_crispant_18hpf,plate,/net/trapnell/vol1/home/nlammers/projects/data/morphseq/pipeline/output/acquisition/20260319_cilia_crispant_18hpf/ingest_metadata/plate_metadata.csv,True,10455.0,2026-07-30T06:08:22.179291+00:00
81,20260319_cilia_crispant_18hpf,collection_provenance,/net/trapnell/vol1/home/nlammers/projects/data/morphseq/pipeline/output/acquisition/20260319_cilia_crispant_18hpf/ingest_metadata/collection_provenance.json,False,,
81,20260319_cilia_crispant_18hpf,mask_geometry,/net/trapnell/vol1/home/nlammers/projects/data/morphseq/pipeline/output/feature_extraction/20260319_cilia_crispant_18hpf/mask_geometry/20260319_cilia_crispant_18hpf_mask_geometry.csv,True,32048.0,2026-07-30T07:53:32.650280+00:00
81,20260319_cilia_crispant_18hpf,surface_area_qc,/net/trapnell/vol1/home/nlammers/projects/data/morphseq/pipeline/output/quality_control/20260319_cilia_crispant_18hpf/surface_area_qc/20260319_cilia_crispant_18hpf_surface_area_qc.csv,False,,
81,20260319_cilia_crispant_18hpf,analysis_ready,/net/trapnell/vol1/home/nlammers/projects/data/morphseq/pipeline/output/analysis_ready/20260319_cilia_crispant_18hpf/analysis_ready/20260319_cilia_crispant_18hpf_analysis_ready.parquet,True,335594.0,2026-07-30T07:55:29.558902+00:00
82,20260319_cilia_crispant_24hpf,stage,/net/trapnell/vol1/home/nlammers/projects/data/morphseq/pipeline/output/feature_extraction/20260319_cilia_crispant_24hpf/stage_predictions/20260319_cilia_crispant_24hpf_stage_predictions.csv,True,27899.0,2026-07-30T08:18:26.341800+00:00
82,20260319_cilia_crispant_24hpf,inventory,/net/trapnell/vol1/home/nlammers/projects/data/morphseq/pipeline/output/object_extraction/20260319_cilia_crispant_24hpf/snips/20260319_cilia_crispant_24hpf_snip_inventory.csv,True,117105.0,2026-07-30T08:17:56.461649+00:00
82,20260319_cilia_crispant_24hpf,frame_inventory,/net/trapnell/vol1/home/nlammers/projects/data/morphseq/pipeline/output/acquisition/20260319_cilia_crispant_24hpf/frame_inventory/20260319_cilia_crispant_24hpf_frame_inventory.csv,False,,
82,20260319_cilia_crispant_24hpf,plate,/net/trapnell/vol1/home/nlammers/projects/data/morphseq/pipeline/output/acquisition/20260319_cilia_crispant_24hpf/ingest_metadata/plate_metadata.csv,True,10698.0,2026-07-30T06:33:39.054659+00:00
82,20260319_cilia_crispant_24hpf,collection_provenance,/net/trapnell/vol1/home/nlammers/projects/data/morphseq/pipeline/output/acquisition/20260319_cilia_crispant_24hpf/ingest_metadata/collection_provenance.json,False,,
82,20260319_cilia_crispant_24hpf,mask_geometry,/net/trapnell/vol1/home/nlammers/projects/data/morphseq/pipeline/output/feature_extraction/20260319_cilia_crispant_24hpf/mask_geometry/20260319_cilia_crispant_24hpf_mask_geometry.csv,True,34529.0,2026-07-30T08:19:09.374019+00:00
82,20260319_cilia_crispant_24hpf,surface_area_qc,/net/trapnell/vol1/home/nlammers/projects/data/morphseq/pipeline/output/quality_control/20260319_cilia_crispant_24hpf/surface_area_qc/20260319_cilia_crispant_24hpf_surface_area_qc.csv,False,,
82,20260319_cilia_crispant_24hpf,analysis_ready,/net/trapnell/vol1/home/nlammers/projects/data/morphseq/pipeline/output/analysis_ready/20260319_cilia_crispant_24hpf/analysis_ready/20260319_cilia_crispant_24hpf_analysis_ready.parquet,True,348704.0,2026-07-30T08:20:13.626345+00:00
83,20260319_cilia_crispant_30hpf,stage,/net/trapnell/vol1/home/nlammers/projects/data/morphseq/pipeline/output/feature_extraction/20260319_cilia_crispant_30hpf/stage_predictions/20260319_cilia_crispant_30hpf_stage_predictions.csv,True,28754.0,2026-07-30T10:24:35.443168+00:00
83,20260319_cilia_crispant_30hpf,inventory,/net/trapnell/vol1/home/nlammers/projects/data/morphseq/pipeline/output/object_extraction/20260319_cilia_crispant_30hpf/snips/20260319_cilia_crispant_30hpf_snip_inventory.csv,True,120645.0,2026-07-30T10:24:17.403032+00:00
83,20260319_cilia_crispant_30hpf,frame_inventory,/net/trapnell/vol1/home/nlammers/projects/data/morphseq/pipeline/output/acquisition/20260319_cilia_crispant_30hpf/frame_inventory/20260319_cilia_crispant_30hpf_frame_inventory.csv,False,,
83,20260319_cilia_crispant_30hpf,plate,/net/trapnell/vol1/home/nlammers/projects/data/morphseq/pipeline/output/acquisition/20260319_cilia_crispant_30hpf/ingest_metadata/plate_metadata.csv,True,10783.0,2026-07-30T08:17:10.313689+00:00
83,20260319_cilia_crispant_30hpf,collection_provenance,/net/trapnell/vol1/home/nlammers/projects/data/morphseq/pipeline/output/acquisition/20260319_cilia_crispant_30hpf/ingest_metadata/collection_provenance.json,False,,
83,20260319_cilia_crispant_30hpf,mask_geometry,/net/trapnell/vol1/home/nlammers/projects/data/morphseq/pipeline/output/feature_extraction/20260319_cilia_crispant_30hpf/mask_geometry/20260319_cilia_crispant_30hpf_mask_geometry.csv,True,35549.0,2026-07-30T10:24:19.807050+00:00
83,20260319_cilia_crispant_30hpf,surface_area_qc,/net/trapnell/vol1/home/nlammers/projects/data/morphseq/pipeline/output/quality_control/20260319_cilia_crispant_30hpf/surface_area_qc/20260319_cilia_crispant_30hpf_surface_area_qc.csv,False,,
83,20260319_cilia_crispant_30hpf,analysis_ready,/net/trapnell/vol1/home/nlammers/projects/data/morphseq/pipeline/output/analysis_ready/20260319_cilia_crispant_30hpf/analysis_ready/20260319_cilia_crispant_30hpf_analysis_ready.parquet,True,353359.0,2026-07-30T10:26:34.016061+00:00
84,20260416_cep290_30to48hpf_plate01_t02,stage,/net/trapnell/vol1/home/nlammers/projects/data/morphseq/pipeline/output/feature_extraction/20260416_cep290_30to48hpf_plate01_t02/stage_predictions/20260416_cep290_30to48hpf_plate01_t02_stage_predictions.csv,True,35573.0,2026-07-30T11:41:18.176731+00:00
84,20260416_cep290_30to48hpf_plate01_t02,inventory,/net/trapnell/vol1/home/nlammers/projects/data/morphseq/pipeline/output/object_extraction/20260416_cep290_30to48hpf_plate01_t02/snips/20260416_cep290_30to48hpf_plate01_t02_snip_inventory.csv,True,148961.0,2026-07-30T11:41:23.524828+00:00
84,20260416_cep290_30to48hpf_plate01_t02,frame_inventory,/net/trapnell/vol1/home/nlammers/projects/data/morphseq/pipeline/output/acquisition/20260416_cep290_30to48hpf_plate01_t02/frame_inventory/20260416_cep290_30to48hpf_plate01_t02_frame_inventory.csv,False,,
84,20260416_cep290_30to48hpf_plate01_t02,plate,/net/trapnell/vol1/home/nlammers/projects/data/morphseq/pipeline/output/acquisition/20260416_cep290_30to48hpf_plate01_t02/ingest_metadata/plate_metadata.csv,True,13923.0,2026-07-30T08:56:07.922345+00:00
84,20260416_cep290_30to48hpf_plate01_t02,collection_provenance,/net/trapnell/vol1/home/nlammers/projects/data/morphseq/pipeline/output/acquisition/20260416_cep290_30to48hpf_plate01_t02/ingest_metadata/collection_provenance.json,False,,
84,20260416_cep290_30to48hpf_plate01_t02,mask_geometry,/net/trapnell/vol1/home/nlammers/projects/data/morphseq/pipeline/output/feature_extraction/20260416_cep290_30to48hpf_plate01_t02/mask_geometry/20260416_cep290_30to48hpf_plate01_t02_mask_geometry.csv,True,43239.0,2026-07-30T11:41:50.853326+00:00
84,20260416_cep290_30to48hpf_plate01_t02,surface_area_qc,/net/trapnell/vol1/home/nlammers/projects/data/morphseq/pipeline/output/quality_control/20260416_cep290_30to48hpf_plate01_t02/surface_area_qc/20260416_cep290_30to48hpf_plate01_t02_surface_area_qc.csv,False,,
84,20260416_cep290_30to48hpf_plate01_t02,analysis_ready,/net/trapnell/vol1/home/nlammers/projects/data/morphseq/pipeline/output/analysis_ready/20260416_cep290_30to48hpf_plate01_t02/analysis_ready/20260416_cep290_30to48hpf_plate01_t02_analysis_ready.parquet,True,363794.0,2026-07-30T11:43:39.023296+00:00
85,20260416_cep290_30to48hpf_plate02_t02,stage,/net/trapnell/vol1/home/nlammers/projects/data/morphseq/pipeline/output/feature_extraction/20260416_cep290_30to48hpf_plate02_t02/stage_predictions/20260416_cep290_30to48hpf_plate02_t02_stage_predictions.csv,True,22986.0,2026-07-30T10:37:29.207860+00:00
85,20260416_cep290_30to48hpf_plate02_t02,inventory,/net/trapnell/vol1/home/nlammers/projects/data/morphseq/pipeline/output/object_extraction/20260416_cep290_30to48hpf_plate02_t02/snips/20260416_cep290_30to48hpf_plate02_t02_snip_inventory.csv,True,95765.0,2026-07-30T10:34:38.775031+00:00
85,20260416_cep290_30to48hpf_plate02_t02,frame_inventory,/net/trapnell/vol1/home/nlammers/projects/data/morphseq/pipeline/output/acquisition/20260416_cep290_30to48hpf_plate02_t02/frame_inventory/20260416_cep290_30to48hpf_plate02_t02_frame_inventory.csv,False,,
85,20260416_cep290_30to48hpf_plate02_t02,plate,/net/trapnell/vol1/home/nlammers/projects/data/morphseq/pipeline/output/acquisition/20260416_cep290_30to48hpf_plate02_t02/ingest_metadata/plate_metadata.csv,True,12632.0,2026-07-30T09:08:52.358854+00:00
85,20260416_cep290_30to48hpf_plate02_t02,collection_provenance,/net/trapnell/vol1/home/nlammers/projects/data/morphseq/pipeline/output/acquisition/20260416_cep290_30to48hpf_plate02_t02/ingest_metadata/collection_provenance.json,False,,
85,20260416_cep290_30to48hpf_plate02_t02,mask_geometry,/net/trapnell/vol1/home/nlammers/projects/data/morphseq/pipeline/output/feature_extraction/20260416_cep290_30to48hpf_plate02_t02/mask_geometry/20260416_cep290_30to48hpf_plate02_t02_mask_geometry.csv,True,27823.0,2026-07-30T10:35:32.407291+00:00
85,20260416_cep290_30to48hpf_plate02_t02,surface_area_qc,/net/trapnell/vol1/home/nlammers/projects/data/morphseq/pipeline/output/quality_control/20260416_cep290_30to48hpf_plate02_t02/surface_area_qc/20260416_cep290_30to48hpf_plate02_t02_surface_area_qc.csv,False,,
85,20260416_cep290_30to48hpf_plate02_t02,analysis_ready,/net/trapnell/vol1/home/nlammers/projects/data/morphseq/pipeline/output/analysis_ready/20260416_cep290_30to48hpf_plate02_t02/analysis_ready/20260416_cep290_30to48hpf_plate02_t02_analysis_ready.parquet,True,299343.0,2026-07-30T10:38:34.416178+00:00
86,20260320,stage,/net/trapnell/vol1/home/nlammers/projects/data/morphseq/pipeline/output/feature_extraction/20260320/stage_predictions/20260320_stage_predictions.csv,False,,
86,20260320,inventory,/net/trapnell/vol1/home/nlammers/projects/data/morphseq/pipeline/output/object_extraction/20260320/snips/20260320_snip_inventory.csv,False,,
86,20260320,frame_inventory,/net/trapnell/vol1/home/nlammers/projects/data/morphseq/pipeline/output/acquisition/20260320/frame_inventory/20260320_frame_inventory.csv,False,,
86,20260320,plate,/net/trapnell/vol1/home/nlammers/projects/data/morphseq/pipeline/output/acquisition/20260320/ingest_metadata/plate_metadata.csv,True,6959.0,2026-07-21T17:53:28.694690+00:00
86,20260320,collection_provenance,/net/trapnell/vol1/home/nlammers/projects/data/morphseq/pipeline/output/acquisition/20260320/ingest_metadata/collection_provenance.json,False,,
86,20260320,mask_geometry,/net/trapnell/vol1/home/nlammers/projects/data/morphseq/pipeline/output/feature_extraction/20260320/mask_geometry/20260320_mask_geometry.csv,False,,
86,20260320,surface_area_qc,/net/trapnell/vol1/home/nlammers/projects/data/morphseq/pipeline/output/quality_control/20260320/surface_area_qc/20260320_surface_area_qc.csv,False,,
86,20260320,analysis_ready,/net/trapnell/vol1/home/nlammers/projects/data/morphseq/pipeline/output/analysis_ready/20260320/analysis_ready/20260320_analysis_ready.parquet,False,,
87,20231110,stage,/net/trapnell/vol1/home/nlammers/projects/data/morphseq/pipeline/output/feature_extraction/20231110/stage_predictions/20231110_stage_predictions.csv,False,,
87,20231110,inventory,/net/trapnell/vol1/home/nlammers/projects/data/morphseq/pipeline/output/object_extraction/20231110/snips/20231110_snip_inventory.csv,True,4084055.0,2026-07-23T21:01:33.639170+00:00
87,20231110,frame_inventory,/net/trapnell/vol1/home/nlammers/projects/data/morphseq/pipeline/output/acquisition/20231110/frame_inventory/20231110_frame_inventory.csv,False,,
87,20231110,plate,/net/trapnell/vol1/home/nlammers/projects/data/morphseq/pipeline/output/acquisition/20231110/ingest_metadata/plate_metadata.csv,True,5117.0,2026-07-23T16:38:50.933668+00:00
87,20231110,collection_provenance,/net/trapnell/vol1/home/nlammers/projects/data/morphseq/pipeline/output/acquisition/20231110/ingest_metadata/collection_provenance.json,False,,
87,20231110,mask_geometry,/net/trapnell/vol1/home/nlammers/projects/data/morphseq/pipeline/output/feature_extraction/20231110/mask_geometry/20231110_mask_geometry.csv,True,1299508.0,2026-07-23T21:05:09.603082+00:00
87,20231110,surface_area_qc,/net/trapnell/vol1/home/nlammers/projects/data/morphseq/pipeline/output/quality_control/20231110/surface_area_qc/20231110_surface_area_qc.csv,False,,
87,20231110,analysis_ready,/net/trapnell/vol1/home/nlammers/projects/data/morphseq/pipeline/output/analysis_ready/20231110/analysis_ready/20231110_analysis_ready.parquet,True,10539088.0,2026-07-23T21:09:57.088292+00:00
88,20231206,stage,/net/trapnell/vol1/home/nlammers/projects/data/morphseq/pipeline/output/feature_extraction/20231206/stage_predictions/20231206_stage_predictions.csv,False,,
88,20231206,inventory,/net/trapnell/vol1/home/nlammers/projects/data/morphseq/pipeline/output/object_extraction/20231206/snips/20231206_snip_inventory.csv,True,5294712.0,2026-07-23T22:36:09.236847+00:00
88,20231206,frame_inventory,/net/trapnell/vol1/home/nlammers/projects/data/morphseq/pipeline/output/acquisition/20231206/frame_inventory/20231206_frame_inventory.csv,False,,
88,20231206,plate,/net/trapnell/vol1/home/nlammers/projects/data/morphseq/pipeline/output/acquisition/20231206/ingest_metadata/plate_metadata.csv,True,5413.0,2026-07-23T17:43:14.937370+00:00
88,20231206,collection_provenance,/net/trapnell/vol1/home/nlammers/projects/data/morphseq/pipeline/output/acquisition/20231206/ingest_metadata/collection_provenance.json,False,,
88,20231206,mask_geometry,/net/trapnell/vol1/home/nlammers/projects/data/morphseq/pipeline/output/feature_extraction/20231206/mask_geometry/20231206_mask_geometry.csv,True,1686124.0,2026-07-23T22:37:00.301112+00:00
88,20231206,surface_area_qc,/net/trapnell/vol1/home/nlammers/projects/data/morphseq/pipeline/output/quality_control/20231206/surface_area_qc/20231206_surface_area_qc.csv,False,,
88,20231206,analysis_ready,/net/trapnell/vol1/home/nlammers/projects/data/morphseq/pipeline/output/analysis_ready/20231206/analysis_ready/20231206_analysis_ready.parquet,True,13605535.0,2026-07-23T22:39:16.681822+00:00
89,20231218,stage,/net/trapnell/vol1/home/nlammers/projects/data/morphseq/pipeline/output/feature_extraction/20231218/stage_predictions/20231218_stage_predictions.csv,False,,
89,20231218,inventory,/net/trapnell/vol1/home/nlammers/projects/data/morphseq/pipeline/output/object_extraction/20231218/snips/20231218_snip_inventory.csv,True,2467373.0,2026-07-23T19:07:52.311315+00:00
89,20231218,frame_inventory,/net/trapnell/vol1/home/nlammers/projects/data/morphseq/pipeline/output/acquisition/20231218/frame_inventory/20231218_frame_inventory.csv,False,,
89,20231218,plate,/net/trapnell/vol1/home/nlammers/projects/data/morphseq/pipeline/output/acquisition/20231218/ingest_metadata/plate_metadata.csv,True,6094.0,2026-07-23T17:09:30.834643+00:00
89,20231218,collection_provenance,/net/trapnell/vol1/home/nlammers/projects/data/morphseq/pipeline/output/acquisition/20231218/ingest_metadata/collection_provenance.json,False,,
89,20231218,mask_geometry,/net/trapnell/vol1/home/nlammers/projects/data/morphseq/pipeline/output/feature_extraction/20231218/mask_geometry/20231218_mask_geometry.csv,True,785407.0,2026-07-23T19:08:11.579403+00:00
89,20231218,surface_area_qc,/net/trapnell/vol1/home/nlammers/projects/data/morphseq/pipeline/output/quality_control/20231218/surface_area_qc/20231218_surface_area_qc.csv,False,,
89,20231218,analysis_ready,/net/trapnell/vol1/home/nlammers/projects/data/morphseq/pipeline/output/analysis_ready/20231218/analysis_ready/20231218_analysis_ready.parquet,True,6344530.0,2026-07-23T19:10:32.428060+00:00
90,20240306,stage,/net/trapnell/vol1/home/nlammers/projects/data/morphseq/pipeline/output/feature_extraction/20240306/stage_predictions/20240306_stage_predictions.csv,False,,
90,20240306,inventory,/net/trapnell/vol1/home/nlammers/projects/data/morphseq/pipeline/output/object_extraction/20240306/snips/20240306_snip_inventory.csv,True,7566169.0,2026-07-23T19:13:54.062076+00:00
90,20240306,frame_inventory,/net/trapnell/vol1/home/nlammers/projects/data/morphseq/pipeline/output/acquisition/20240306/frame_inventory/20240306_frame_inventory.csv,False,,
90,20240306,plate,/net/trapnell/vol1/home/nlammers/projects/data/morphseq/pipeline/output/acquisition/20240306/ingest_metadata/plate_metadata.csv,True,5121.0,2026-07-23T16:30:29.698489+00:00
90,20240306,collection_provenance,/net/trapnell/vol1/home/nlammers/projects/data/morphseq/pipeline/output/acquisition/20240306/ingest_metadata/collection_provenance.json,False,,
90,20240306,mask_geometry,/net/trapnell/vol1/home/nlammers/projects/data/morphseq/pipeline/output/feature_extraction/20240306/mask_geometry/20240306_mask_geometry.csv,True,2411341.0,2026-07-23T19:14:11.666199+00:00
90,20240306,surface_area_qc,/net/trapnell/vol1/home/nlammers/projects/data/morphseq/pipeline/output/quality_control/20240306/surface_area_qc/20240306_surface_area_qc.csv,False,,
90,20240306,analysis_ready,/net/trapnell/vol1/home/nlammers/projects/data/morphseq/pipeline/output/analysis_ready/20240306/analysis_ready/20240306_analysis_ready.parquet,True,19512684.0,2026-07-23T19:15:06.042579+00:00
91,20240307,stage,/net/trapnell/vol1/home/nlammers/projects/data/morphseq/pipeline/output/feature_extraction/20240307/stage_predictions/20240307_stage_predictions.csv,False,,
91,20240307,inventory,/net/trapnell/vol1/home/nlammers/projects/data/morphseq/pipeline/output/object_extraction/20240307/snips/20240307_snip_inventory.csv,True,3469611.0,2026-07-23T19:02:18.005557+00:00
91,20240307,frame_inventory,/net/trapnell/vol1/home/nlammers/projects/data/morphseq/pipeline/output/acquisition/20240307/frame_inventory/20240307_frame_inventory.csv,False,,
91,20240307,plate,/net/trapnell/vol1/home/nlammers/projects/data/morphseq/pipeline/output/acquisition/20240307/ingest_metadata/plate_metadata.csv,True,5121.0,2026-07-23T16:33:35.671902+00:00
91,20240307,collection_provenance,/net/trapnell/vol1/home/nlammers/projects/data/morphseq/pipeline/output/acquisition/20240307/ingest_metadata/collection_provenance.json,False,,
91,20240307,mask_geometry,/net/trapnell/vol1/home/nlammers/projects/data/morphseq/pipeline/output/feature_extraction/20240307/mask_geometry/20240307_mask_geometry.csv,True,1105263.0,2026-07-23T19:02:29.717649+00:00
91,20240307,surface_area_qc,/net/trapnell/vol1/home/nlammers/projects/data/morphseq/pipeline/output/quality_control/20240307/surface_area_qc/20240307_surface_area_qc.csv,False,,
91,20240307,analysis_ready,/net/trapnell/vol1/home/nlammers/projects/data/morphseq/pipeline/output/analysis_ready/20240307/analysis_ready/20240307_analysis_ready.parquet,True,8997634.0,2026-07-23T19:03:09.517943+00:00
92,20240404,stage,/net/trapnell/vol1/home/nlammers/projects/data/morphseq/pipeline/output/feature_extraction/20240404/stage_predictions/20240404_stage_predictions.csv,False,,
92,20240404,inventory,/net/trapnell/vol1/home/nlammers/projects/data/morphseq/pipeline/output/object_extraction/20240404/snips/20240404_snip_inventory.csv,True,2248311.0,2026-07-23T18:51:11.286922+00:00
92,20240404,frame_inventory,/net/trapnell/vol1/home/nlammers/projects/data/morphseq/pipeline/output/acquisition/20240404/frame_inventory/20240404_frame_inventory.csv,False,,
92,20240404,plate,/net/trapnell/vol1/home/nlammers/projects/data/morphseq/pipeline/output/acquisition/20240404/ingest_metadata/plate_metadata.csv,True,5119.0,2026-07-23T16:32:57.480459+00:00
92,20240404,collection_provenance,/net/trapnell/vol1/home/nlammers/projects/data/morphseq/pipeline/output/acquisition/20240404/ingest_metadata/collection_provenance.json,False,,
92,20240404,mask_geometry,/net/trapnell/vol1/home/nlammers/projects/data/morphseq/pipeline/output/feature_extraction/20240404/mask_geometry/20240404_mask_geometry.csv,True,715147.0,2026-07-23T18:53:38.184237+00:00
92,20240404,surface_area_qc,/net/trapnell/vol1/home/nlammers/projects/data/morphseq/pipeline/output/quality_control/20240404/surface_area_qc/20240404_surface_area_qc.csv,False,,
92,20240404,analysis_ready,/net/trapnell/vol1/home/nlammers/projects/data/morphseq/pipeline/output/analysis_ready/20240404/analysis_ready/20240404_analysis_ready.parquet,True,5808342.0,2026-07-23T18:57:49.458344+00:00
93,20240411,stage,/net/trapnell/vol1/home/nlammers/projects/data/morphseq/pipeline/output/feature_extraction/20240411/stage_predictions/20240411_stage_predictions.csv,False,,
93,20240411,inventory,/net/trapnell/vol1/home/nlammers/projects/data/morphseq/pipeline/output/object_extraction/20240411/snips/20240411_snip_inventory.csv,True,3115227.0,2026-07-23T22:21:54.938168+00:00
93,20240411,frame_inventory,/net/trapnell/vol1/home/nlammers/projects/data/morphseq/pipeline/output/acquisition/20240411/frame_inventory/20240411_frame_inventory.csv,False,,
93,20240411,plate,/net/trapnell/vol1/home/nlammers/projects/data/morphseq/pipeline/output/acquisition/20240411/ingest_metadata/plate_metadata.csv,True,5353.0,2026-07-23T19:56:00.908629+00:00
93,20240411,collection_provenance,/net/trapnell/vol1/home/nlammers/projects/data/morphseq/pipeline/output/acquisition/20240411/ingest_metadata/collection_provenance.json,False,,
93,20240411,mask_geometry,/net/trapnell/vol1/home/nlammers/projects/data/morphseq/pipeline/output/feature_extraction/20240411/mask_geometry/20240411_mask_geometry.csv,True,991153.0,2026-07-23T22:23:58.319242+00:00
93,20240411,surface_area_qc,/net/trapnell/vol1/home/nlammers/projects/data/morphseq/pipeline/output/quality_control/20240411/surface_area_qc/20240411_surface_area_qc.csv,False,,
93,20240411,analysis_ready,/net/trapnell/vol1/home/nlammers/projects/data/morphseq/pipeline/output/analysis_ready/20240411/analysis_ready/20240411_analysis_ready.parquet,True,8050830.0,2026-07-23T22:26:04.892345+00:00
94,20240418,stage,/net/trapnell/vol1/home/nlammers/projects/data/morphseq/pipeline/output/feature_extraction/20240418/stage_predictions/20240418_stage_predictions.csv,False,,
94,20240418,inventory,/net/trapnell/vol1/home/nlammers/projects/data/morphseq/pipeline/output/object_extraction/20240418/snips/20240418_snip_inventory.csv,True,6323591.0,2026-07-23T23:21:00.399854+00:00
94,20240418,frame_inventory,/net/trapnell/vol1/home/nlammers/projects/data/morphseq/pipeline/output/acquisition/20240418/frame_inventory/20240418_frame_inventory.csv,False,,
94,20240418,plate,/net/trapnell/vol1/home/nlammers/projects/data/morphseq/pipeline/output/acquisition/20240418/ingest_metadata/plate_metadata.csv,True,4921.0,2026-07-23T19:20:04.012705+00:00
94,20240418,collection_provenance,/net/trapnell/vol1/home/nlammers/projects/data/morphseq/pipeline/output/acquisition/20240418/ingest_metadata/collection_provenance.json,False,,
94,20240418,mask_geometry,/net/trapnell/vol1/home/nlammers/projects/data/morphseq/pipeline/output/feature_extraction/20240418/mask_geometry/20240418_mask_geometry.csv,True,2009071.0,2026-07-23T23:33:09.229550+00:00
94,20240418,surface_area_qc,/net/trapnell/vol1/home/nlammers/projects/data/morphseq/pipeline/output/quality_control/20240418/surface_area_qc/20240418_surface_area_qc.csv,False,,
94,20240418,analysis_ready,/net/trapnell/vol1/home/nlammers/projects/data/morphseq/pipeline/output/analysis_ready/20240418/analysis_ready/20240418_analysis_ready.parquet,True,16468827.0,2026-07-23T23:42:06.129399+00:00
95,20240509,stage,/net/trapnell/vol1/home/nlammers/projects/data/morphseq/pipeline/output/feature_extraction/20240509/stage_predictions/20240509_stage_predictions.csv,False,,
95,20240509,inventory,/net/trapnell/vol1/home/nlammers/projects/data/morphseq/pipeline/output/object_extraction/20240509/snips/20240509_snip_inventory.csv,True,3061341.0,2026-07-23T22:20:59.384137+00:00
95,20240509,frame_inventory,/net/trapnell/vol1/home/nlammers/projects/data/morphseq/pipeline/output/acquisition/20240509/frame_inventory/20240509_frame_inventory.csv,False,,
95,20240509,plate,/net/trapnell/vol1/home/nlammers/projects/data/morphseq/pipeline/output/acquisition/20240509/ingest_metadata/plate_metadata.csv,True,5245.0,2026-07-23T19:40:02.705352+00:00
95,20240509,collection_provenance,/net/trapnell/vol1/home/nlammers/projects/data/morphseq/pipeline/output/acquisition/20240509/ingest_metadata/collection_provenance.json,False,,
95,20240509,mask_geometry,/net/trapnell/vol1/home/nlammers/projects/data/morphseq/pipeline/output/feature_extraction/20240509/mask_geometry/20240509_mask_geometry.csv,True,974365.0,2026-07-23T22:29:41.858836+00:00
95,20240509,surface_area_qc,/net/trapnell/vol1/home/nlammers/projects/data/morphseq/pipeline/output/quality_control/20240509/surface_area_qc/20240509_surface_area_qc.csv,False,,
95,20240509,analysis_ready,/net/trapnell/vol1/home/nlammers/projects/data/morphseq/pipeline/output/analysis_ready/20240509/analysis_ready/20240509_analysis_ready.parquet,True,7944571.0,2026-07-23T22:32:02.331564+00:00
96,20240522,stage,/net/trapnell/vol1/home/nlammers/projects/data/morphseq/pipeline/output/feature_extraction/20240522/stage_predictions/20240522_stage_predictions.csv,False,,
96,20240522,inventory,/net/trapnell/vol1/home/nlammers/projects/data/morphseq/pipeline/output/object_extraction/20240522/snips/20240522_snip_inventory.csv,True,6479537.0,2026-07-23T23:20:21.971552+00:00
96,20240522,frame_inventory,/net/trapnell/vol1/home/nlammers/projects/data/morphseq/pipeline/output/acquisition/20240522/frame_inventory/20240522_frame_inventory.csv,False,,
96,20240522,plate,/net/trapnell/vol1/home/nlammers/projects/data/morphseq/pipeline/output/acquisition/20240522/ingest_metadata/plate_metadata.csv,True,5933.0,2026-07-23T20:19:51.192664+00:00
96,20240522,collection_provenance,/net/trapnell/vol1/home/nlammers/projects/data/morphseq/pipeline/output/acquisition/20240522/ingest_metadata/collection_provenance.json,False,,
96,20240522,mask_geometry,/net/trapnell/vol1/home/nlammers/projects/data/morphseq/pipeline/output/feature_extraction/20240522/mask_geometry/20240522_mask_geometry.csv,True,2064148.0,2026-07-23T23:21:46.416216+00:00
96,20240522,surface_area_qc,/net/trapnell/vol1/home/nlammers/projects/data/morphseq/pipeline/output/quality_control/20240522/surface_area_qc/20240522_surface_area_qc.csv,False,,
96,20240522,analysis_ready,/net/trapnell/vol1/home/nlammers/projects/data/morphseq/pipeline/output/analysis_ready/20240522/analysis_ready/20240522_analysis_ready.parquet,True,16847693.0,2026-07-23T23:26:17.174337+00:00
97,20240530,stage,/net/trapnell/vol1/home/nlammers/projects/data/morphseq/pipeline/output/feature_extraction/20240530/stage_predictions/20240530_stage_predictions.csv,False,,
97,20240530,inventory,/net/trapnell/vol1/home/nlammers/projects/data/morphseq/pipeline/output/object_extraction/20240530/snips/20240530_snip_inventory.csv,True,7461981.0,2026-07-24T01:56:48.672090+00:00
97,20240530,frame_inventory,/net/trapnell/vol1/home/nlammers/projects/data/morphseq/pipeline/output/acquisition/20240530/frame_inventory/20240530_frame_inventory.csv,False,,
97,20240530,plate,/net/trapnell/vol1/home/nlammers/projects/data/morphseq/pipeline/output/acquisition/20240530/ingest_metadata/plate_metadata.csv,True,5296.0,2026-07-23T22:32:58.981576+00:00
97,20240530,collection_provenance,/net/trapnell/vol1/home/nlammers/projects/data/morphseq/pipeline/output/acquisition/20240530/ingest_metadata/collection_provenance.json,False,,
97,20240530,mask_geometry,/net/trapnell/vol1/home/nlammers/projects/data/morphseq/pipeline/output/feature_extraction/20240530/mask_geometry/20240530_mask_geometry.csv,True,2376868.0,2026-07-24T02:01:31.025528+00:00
97,20240530,surface_area_qc,/net/trapnell/vol1/home/nlammers/projects/data/morphseq/pipeline/output/quality_control/20240530/surface_area_qc/20240530_surface_area_qc.csv,False,,
97,20240530,analysis_ready,/net/trapnell/vol1/home/nlammers/projects/data/morphseq/pipeline/output/analysis_ready/20240530/analysis_ready/20240530_analysis_ready.parquet,True,19389663.0,2026-07-24T02:02:29.810647+00:00
98,20240626,stage,/net/trapnell/vol1/home/nlammers/projects/data/morphseq/pipeline/output/feature_extraction/20240626/stage_predictions/20240626_stage_predictions.csv,False,,
98,20240626,inventory,/net/trapnell/vol1/home/nlammers/projects/data/morphseq/pipeline/output/object_extraction/20240626/snips/20240626_snip_inventory.csv,True,7739907.0,2026-07-24T03:10:59.384924+00:00
98,20240626,frame_inventory,/net/trapnell/vol1/home/nlammers/projects/data/morphseq/pipeline/output/acquisition/20240626/frame_inventory/20240626_frame_inventory.csv,False,,
98,20240626,plate,/net/trapnell/vol1/home/nlammers/projects/data/morphseq/pipeline/output/acquisition/20240626/ingest_metadata/plate_metadata.csv,True,4957.0,2026-07-23T23:43:21.837306+00:00
98,20240626,collection_provenance,/net/trapnell/vol1/home/nlammers/projects/data/morphseq/pipeline/output/acquisition/20240626/ingest_metadata/collection_provenance.json,False,,
98,20240626,mask_geometry,/net/trapnell/vol1/home/nlammers/projects/data/morphseq/pipeline/output/feature_extraction/20240626/mask_geometry/20240626_mask_geometry.csv,True,2466994.0,2026-07-24T03:13:55.658482+00:00
98,20240626,surface_area_qc,/net/trapnell/vol1/home/nlammers/projects/data/morphseq/pipeline/output/quality_control/20240626/surface_area_qc/20240626_surface_area_qc.csv,False,,
98,20240626,analysis_ready,/net/trapnell/vol1/home/nlammers/projects/data/morphseq/pipeline/output/analysis_ready/20240626/analysis_ready/20240626_analysis_ready.parquet,True,20027214.0,2026-07-24T03:15:52.935518+00:00
99,20240812,stage,/net/trapnell/vol1/home/nlammers/projects/data/morphseq/pipeline/output/feature_extraction/20240812/stage_predictions/20240812_stage_predictions.csv,False,,
99,20240812,inventory,/net/trapnell/vol1/home/nlammers/projects/data/morphseq/pipeline/output/object_extraction/20240812/snips/20240812_snip_inventory.csv,True,5286625.0,2026-07-24T02:09:48.756608+00:00
99,20240812,frame_inventory,/net/trapnell/vol1/home/nlammers/projects/data/morphseq/pipeline/output/acquisition/20240812/frame_inventory/20240812_frame_inventory.csv,False,,
99,20240812,plate,/net/trapnell/vol1/home/nlammers/projects/data/morphseq/pipeline/output/acquisition/20240812/ingest_metadata/plate_metadata.csv,True,4449.0,2026-07-23T23:41:35.981402+00:00
99,20240812,collection_provenance,/net/trapnell/vol1/home/nlammers/projects/data/morphseq/pipeline/output/acquisition/20240812/ingest_metadata/collection_provenance.json,False,,
99,20240812,mask_geometry,/net/trapnell/vol1/home/nlammers/projects/data/morphseq/pipeline/output/feature_extraction/20240812/mask_geometry/20240812_mask_geometry.csv,True,1682799.0,2026-07-24T02:16:03.378602+00:00
99,20240812,surface_area_qc,/net/trapnell/vol1/home/nlammers/projects/data/morphseq/pipeline/output/quality_control/20240812/surface_area_qc/20240812_surface_area_qc.csv,False,,
99,20240812,analysis_ready,/net/trapnell/vol1/home/nlammers/projects/data/morphseq/pipeline/output/analysis_ready/20240812/analysis_ready/20240812_analysis_ready.parquet,True,13525911.0,2026-07-24T02:18:16.295309+00:00
100,20241022,stage,/net/trapnell/vol1/home/nlammers/projects/data/morphseq/pipeline/output/feature_extraction/20241022/stage_predictions/20241022_stage_predictions.csv,False,,
100,20241022,inventory,/net/trapnell/vol1/home/nlammers/projects/data/morphseq/pipeline/output/object_extraction/20241022/snips/20241022_snip_inventory.csv,True,2607701.0,2026-07-24T01:50:12.362344+00:00
100,20241022,frame_inventory,/net/trapnell/vol1/home/nlammers/projects/data/morphseq/pipeline/output/acquisition/20241022/frame_inventory/20241022_frame_inventory.csv,False,,
100,20241022,plate,/net/trapnell/vol1/home/nlammers/projects/data/morphseq/pipeline/output/acquisition/20241022/ingest_metadata/plate_metadata.csv,True,4653.0,2026-07-23T23:39:53.036850+00:00
100,20241022,collection_provenance,/net/trapnell/vol1/home/nlammers/projects/data/morphseq/pipeline/output/acquisition/20241022/ingest_metadata/collection_provenance.json,False,,
100,20241022,mask_geometry,/net/trapnell/vol1/home/nlammers/projects/data/morphseq/pipeline/output/feature_extraction/20241022/mask_geometry/20241022_mask_geometry.csv,True,829177.0,2026-07-24T01:52:32.723092+00:00
100,20241022,surface_area_qc,/net/trapnell/vol1/home/nlammers/projects/data/morphseq/pipeline/output/quality_control/20241022/surface_area_qc/20241022_surface_area_qc.csv,False,,
100,20241022,analysis_ready,/net/trapnell/vol1/home/nlammers/projects/data/morphseq/pipeline/output/analysis_ready/20241022/analysis_ready/20241022_analysis_ready.parquet,True,6671856.0,2026-07-24T01:54:27.191702+00:00
101,20241023,stage,/net/trapnell/vol1/home/nlammers/projects/data/morphseq/pipeline/output/feature_extraction/20241023/stage_predictions/20241023_stage_predictions.csv,False,,
101,20241023,inventory,/net/trapnell/vol1/home/nlammers/projects/data/morphseq/pipeline/output/object_extraction/20241023/snips/20241023_snip_inventory.csv,True,3270721.0,2026-07-24T02:44:21.269663+00:00
101,20241023,frame_inventory,/net/trapnell/vol1/home/nlammers/projects/data/morphseq/pipeline/output/acquisition/20241023/frame_inventory/20241023_frame_inventory.csv,False,,
101,20241023,plate,/net/trapnell/vol1/home/nlammers/projects/data/morphseq/pipeline/output/acquisition/20241023/ingest_metadata/plate_metadata.csv,True,4653.0,2026-07-24T00:24:47.224546+00:00
101,20241023,collection_provenance,/net/trapnell/vol1/home/nlammers/projects/data/morphseq/pipeline/output/acquisition/20241023/ingest_metadata/collection_provenance.json,False,,
101,20241023,mask_geometry,/net/trapnell/vol1/home/nlammers/projects/data/morphseq/pipeline/output/feature_extraction/20241023/mask_geometry/20241023_mask_geometry.csv,True,1041204.0,2026-07-24T02:47:19.543056+00:00
101,20241023,surface_area_qc,/net/trapnell/vol1/home/nlammers/projects/data/morphseq/pipeline/output/quality_control/20241023/surface_area_qc/20241023_surface_area_qc.csv,False,,
101,20241023,analysis_ready,/net/trapnell/vol1/home/nlammers/projects/data/morphseq/pipeline/output/analysis_ready/20241023/analysis_ready/20241023_analysis_ready.parquet,True,8468150.0,2026-07-24T02:49:00.735846+00:00
102,20250126,stage,/net/trapnell/vol1/home/nlammers/projects/data/morphseq/pipeline/output/feature_extraction/20250126/stage_predictions/20250126_stage_predictions.csv,False,,
102,20250126,inventory,/net/trapnell/vol1/home/nlammers/projects/data/morphseq/pipeline/output/object_extraction/20250126/snips/20250126_snip_inventory.csv,True,5405213.0,2026-07-24T03:04:19.262542+00:00
102,20250126,frame_inventory,/net/trapnell/vol1/home/nlammers/projects/data/morphseq/pipeline/output/acquisition/20250126/frame_inventory/20250126_frame_inventory.csv,False,,
102,20250126,plate,/net/trapnell/vol1/home/nlammers/projects/data/morphseq/pipeline/output/acquisition/20250126/ingest_metadata/plate_metadata.csv,True,4845.0,2026-07-24T00:50:12.128279+00:00
102,20250126,collection_provenance,/net/trapnell/vol1/home/nlammers/projects/data/morphseq/pipeline/output/acquisition/20250126/ingest_metadata/collection_provenance.json,False,,
102,20250126,mask_geometry,/net/trapnell/vol1/home/nlammers/projects/data/morphseq/pipeline/output/feature_extraction/20250126/mask_geometry/20250126_mask_geometry.csv,True,1720538.0,2026-07-24T03:10:27.332877+00:00
102,20250126,surface_area_qc,/net/trapnell/vol1/home/nlammers/projects/data/morphseq/pipeline/output/quality_control/20250126/surface_area_qc/20250126_surface_area_qc.csv,False,,
102,20250126,analysis_ready,/net/trapnell/vol1/home/nlammers/projects/data/morphseq/pipeline/output/analysis_ready/20250126/analysis_ready/20250126_analysis_ready.parquet,False,,
103,20250215,stage,/net/trapnell/vol1/home/nlammers/projects/data/morphseq/pipeline/output/feature_extraction/20250215/stage_predictions/20250215_stage_predictions.csv,False,,
103,20250215,inventory,/net/trapnell/vol1/home/nlammers/projects/data/morphseq/pipeline/output/object_extraction/20250215/snips/20250215_snip_inventory.csv,True,5334817.0,2026-07-24T05:24:07.716852+00:00
103,20250215,frame_inventory,/net/trapnell/vol1/home/nlammers/projects/data/morphseq/pipeline/output/acquisition/20250215/frame_inventory/20250215_frame_inventory.csv,False,,
103,20250215,plate,/net/trapnell/vol1/home/nlammers/projects/data/morphseq/pipeline/output/acquisition/20250215/ingest_metadata/plate_metadata.csv,True,4993.0,2026-07-24T02:42:45.012467+00:00
103,20250215,collection_provenance,/net/trapnell/vol1/home/nlammers/projects/data/morphseq/pipeline/output/acquisition/20250215/ingest_metadata/collection_provenance.json,False,,
103,20250215,mask_geometry,/net/trapnell/vol1/home/nlammers/projects/data/morphseq/pipeline/output/feature_extraction/20250215/mask_geometry/20250215_mask_geometry.csv,True,1697475.0,2026-07-24T05:24:10.528866+00:00
103,20250215,surface_area_qc,/net/trapnell/vol1/home/nlammers/projects/data/morphseq/pipeline/output/quality_control/20250215/surface_area_qc/20250215_surface_area_qc.csv,False,,
103,20250215,analysis_ready,/net/trapnell/vol1/home/nlammers/projects/data/morphseq/pipeline/output/analysis_ready/20250215/analysis_ready/20250215_analysis_ready.parquet,False,,
104,20250305,stage,/net/trapnell/vol1/home/nlammers/projects/data/morphseq/pipeline/output/feature_extraction/20250305/stage_predictions/20250305_stage_predictions.csv,False,,
104,20250305,inventory,/net/trapnell/vol1/home/nlammers/projects/data/morphseq/pipeline/output/object_extraction/20250305/snips/20250305_snip_inventory.csv,True,23030053.0,2026-07-24T08:10:42.062202+00:00
104,20250305,frame_inventory,/net/trapnell/vol1/home/nlammers/projects/data/morphseq/pipeline/output/acquisition/20250305/frame_inventory/20250305_frame_inventory.csv,False,,
104,20250305,plate,/net/trapnell/vol1/home/nlammers/projects/data/morphseq/pipeline/output/acquisition/20250305/ingest_metadata/plate_metadata.csv,True,6224.0,2026-07-24T03:56:18.821720+00:00
104,20250305,collection_provenance,/net/trapnell/vol1/home/nlammers/projects/data/morphseq/pipeline/output/acquisition/20250305/ingest_metadata/collection_provenance.json,False,,
104,20250305,mask_geometry,/net/trapnell/vol1/home/nlammers/projects/data/morphseq/pipeline/output/feature_extraction/20250305/mask_geometry/20250305_mask_geometry.csv,True,7363553.0,2026-07-24T08:16:56.417170+00:00
104,20250305,surface_area_qc,/net/trapnell/vol1/home/nlammers/projects/data/morphseq/pipeline/output/quality_control/20250305/surface_area_qc/20250305_surface_area_qc.csv,False,,
104,20250305,analysis_ready,/net/trapnell/vol1/home/nlammers/projects/data/morphseq/pipeline/output/analysis_ready/20250305/analysis_ready/20250305_analysis_ready.parquet,False,,
105,20250415,stage,/net/trapnell/vol1/home/nlammers/projects/data/morphseq/pipeline/output/feature_extraction/20250415/stage_predictions/20250415_stage_predictions.csv,False,,
105,20250415,inventory,/net/trapnell/vol1/home/nlammers/projects/data/morphseq/pipeline/output/object_extraction/20250415/snips/20250415_snip_inventory.csv,True,2977551.0,2026-07-24T05:22:55.860482+00:00
105,20250415,frame_inventory,/net/trapnell/vol1/home/nlammers/projects/data/morphseq/pipeline/output/acquisition/20250415/frame_inventory/20250415_frame_inventory.csv,False,,
105,20250415,plate,/net/trapnell/vol1/home/nlammers/projects/data/morphseq/pipeline/output/acquisition/20250415/ingest_metadata/plate_metadata.csv,True,5905.0,2026-07-24T03:02:00.534599+00:00
105,20250415,collection_provenance,/net/trapnell/vol1/home/nlammers/projects/data/morphseq/pipeline/output/acquisition/20250415/ingest_metadata/collection_provenance.json,False,,
105,20250415,mask_geometry,/net/trapnell/vol1/home/nlammers/projects/data/morphseq/pipeline/output/feature_extraction/20250415/mask_geometry/20250415_mask_geometry.csv,True,947347.0,2026-07-24T05:24:25.824945+00:00
105,20250415,surface_area_qc,/net/trapnell/vol1/home/nlammers/projects/data/morphseq/pipeline/output/quality_control/20250415/surface_area_qc/20250415_surface_area_qc.csv,False,,
105,20250415,analysis_ready,/net/trapnell/vol1/home/nlammers/projects/data/morphseq/pipeline/output/analysis_ready/20250415/analysis_ready/20250415_analysis_ready.parquet,False,,
106,20250416,stage,/net/trapnell/vol1/home/nlammers/projects/data/morphseq/pipeline/output/feature_extraction/20250416/stage_predictions/20250416_stage_predictions.csv,False,,
106,20250416,inventory,/net/trapnell/vol1/home/nlammers/projects/data/morphseq/pipeline/output/object_extraction/20250416/snips/20250416_snip_inventory.csv,False,,
106,20250416,frame_inventory,/net/trapnell/vol1/home/nlammers/projects/data/morphseq/pipeline/output/acquisition/20250416/frame_inventory/20250416_frame_inventory.csv,False,,
106,20250416,plate,/net/trapnell/vol1/home/nlammers/projects/data/morphseq/pipeline/output/acquisition/20250416/ingest_metadata/plate_metadata.csv,True,6097.0,2026-07-24T03:42:48.394089+00:00
106,20250416,collection_provenance,/net/trapnell/vol1/home/nlammers/projects/data/morphseq/pipeline/output/acquisition/20250416/ingest_metadata/collection_provenance.json,False,,
106,20250416,mask_geometry,/net/trapnell/vol1/home/nlammers/projects/data/morphseq/pipeline/output/feature_extraction/20250416/mask_geometry/20250416_mask_geometry.csv,False,,
106,20250416,surface_area_qc,/net/trapnell/vol1/home/nlammers/projects/data/morphseq/pipeline/output/quality_control/20250416/surface_area_qc/20250416_surface_area_qc.csv,False,,
106,20250416,analysis_ready,/net/trapnell/vol1/home/nlammers/projects/data/morphseq/pipeline/output/analysis_ready/20250416/analysis_ready/20250416_analysis_ready.parquet,False,,
107,20250425,stage,/net/trapnell/vol1/home/nlammers/projects/data/morphseq/pipeline/output/feature_extraction/20250425/stage_predictions/20250425_stage_predictions.csv,False,,
107,20250425,inventory,/net/trapnell/vol1/home/nlammers/projects/data/morphseq/pipeline/output/object_extraction/20250425/snips/20250425_snip_inventory.csv,True,9374605.0,2026-07-24T07:32:44.349641+00:00
107,20250425,frame_inventory,/net/trapnell/vol1/home/nlammers/projects/data/morphseq/pipeline/output/acquisition/20250425/frame_inventory/20250425_frame_inventory.csv,False,,
107,20250425,plate,/net/trapnell/vol1/home/nlammers/projects/data/morphseq/pipeline/output/acquisition/20250425/ingest_metadata/plate_metadata.csv,True,7039.0,2026-07-24T04:09:34.949064+00:00
107,20250425,collection_provenance,/net/trapnell/vol1/home/nlammers/projects/data/morphseq/pipeline/output/acquisition/20250425/ingest_metadata/collection_provenance.json,False,,
107,20250425,mask_geometry,/net/trapnell/vol1/home/nlammers/projects/data/morphseq/pipeline/output/feature_extraction/20250425/mask_geometry/20250425_mask_geometry.csv,True,2989658.0,2026-07-24T07:32:39.281603+00:00
107,20250425,surface_area_qc,/net/trapnell/vol1/home/nlammers/projects/data/morphseq/pipeline/output/quality_control/20250425/surface_area_qc/20250425_surface_area_qc.csv,False,,
107,20250425,analysis_ready,/net/trapnell/vol1/home/nlammers/projects/data/morphseq/pipeline/output/analysis_ready/20250425/analysis_ready/20250425_analysis_ready.parquet,False,,
108,20250501,stage,/net/trapnell/vol1/home/nlammers/projects/data/morphseq/pipeline/output/feature_extraction/20250501/stage_predictions/20250501_stage_predictions.csv,True,4090205.0,2026-07-24T12:23:38.095379+00:00
108,20250501,inventory,/net/trapnell/vol1/home/nlammers/projects/data/morphseq/pipeline/output/object_extraction/20250501/snips/20250501_snip_inventory.csv,True,17262603.0,2026-07-24T12:18:54.164819+00:00
108,20250501,frame_inventory,/net/trapnell/vol1/home/nlammers/projects/data/morphseq/pipeline/output/acquisition/20250501/frame_inventory/20250501_frame_inventory.csv,False,,
108,20250501,plate,/net/trapnell/vol1/home/nlammers/projects/data/morphseq/pipeline/output/acquisition/20250501/ingest_metadata/plate_metadata.csv,True,5902.0,2026-07-24T04:52:10.625259+00:00
108,20250501,collection_provenance,/net/trapnell/vol1/home/nlammers/projects/data/morphseq/pipeline/output/acquisition/20250501/ingest_metadata/collection_provenance.json,False,,
108,20250501,mask_geometry,/net/trapnell/vol1/home/nlammers/projects/data/morphseq/pipeline/output/feature_extraction/20250501/mask_geometry/20250501_mask_geometry.csv,True,5514649.0,2026-07-24T12:23:26.967279+00:00
108,20250501,surface_area_qc,/net/trapnell/vol1/home/nlammers/projects/data/morphseq/pipeline/output/quality_control/20250501/surface_area_qc/20250501_surface_area_qc.csv,False,,
108,20250501,analysis_ready,/net/trapnell/vol1/home/nlammers/projects/data/morphseq/pipeline/output/analysis_ready/20250501/analysis_ready/20250501_analysis_ready.parquet,True,45310535.0,2026-07-24T12:25:38.468460+00:00
109,20250512,stage,/net/trapnell/vol1/home/nlammers/projects/data/morphseq/pipeline/output/feature_extraction/20250512/stage_predictions/20250512_stage_predictions.csv,True,4068270.0,2026-07-24T12:24:53.735748+00:00
109,20250512,inventory,/net/trapnell/vol1/home/nlammers/projects/data/morphseq/pipeline/output/object_extraction/20250512/snips/20250512_snip_inventory.csv,True,17160156.0,2026-07-24T12:10:23.627251+00:00
109,20250512,frame_inventory,/net/trapnell/vol1/home/nlammers/projects/data/morphseq/pipeline/output/acquisition/20250512/frame_inventory/20250512_frame_inventory.csv,False,,
109,20250512,plate,/net/trapnell/vol1/home/nlammers/projects/data/morphseq/pipeline/output/acquisition/20250512/ingest_metadata/plate_metadata.csv,True,6097.0,2026-07-24T05:55:44.099191+00:00
109,20250512,collection_provenance,/net/trapnell/vol1/home/nlammers/projects/data/morphseq/pipeline/output/acquisition/20250512/ingest_metadata/collection_provenance.json,False,,
109,20250512,mask_geometry,/net/trapnell/vol1/home/nlammers/projects/data/morphseq/pipeline/output/feature_extraction/20250512/mask_geometry/20250512_mask_geometry.csv,True,5477401.0,2026-07-24T12:23:53.187440+00:00
109,20250512,surface_area_qc,/net/trapnell/vol1/home/nlammers/projects/data/morphseq/pipeline/output/quality_control/20250512/surface_area_qc/20250512_surface_area_qc.csv,False,,
109,20250512,analysis_ready,/net/trapnell/vol1/home/nlammers/projects/data/morphseq/pipeline/output/analysis_ready/20250512/analysis_ready/20250512_analysis_ready.parquet,True,44847226.0,2026-07-24T12:25:30.639936+00:00
110,20250515_part2,stage,/net/trapnell/vol1/home/nlammers/projects/data/morphseq/pipeline/output/feature_extraction/20250515_part2/stage_predictions/20250515_part2_stage_predictions.csv,True,705528.0,2026-07-24T08:08:51.400986+00:00
110,20250515_part2,inventory,/net/trapnell/vol1/home/nlammers/projects/data/morphseq/pipeline/output/object_extraction/20250515_part2/snips/20250515_part2_snip_inventory.csv,True,2933345.0,2026-07-24T08:07:47.696626+00:00
110,20250515_part2,frame_inventory,/net/trapnell/vol1/home/nlammers/projects/data/morphseq/pipeline/output/acquisition/20250515_part2/frame_inventory/20250515_part2_frame_inventory.csv,False,,
110,20250515_part2,plate,/net/trapnell/vol1/home/nlammers/projects/data/morphseq/pipeline/output/acquisition/20250515_part2/ingest_metadata/plate_metadata.csv,True,7642.0,2026-07-24T05:45:24.015407+00:00
110,20250515_part2,collection_provenance,/net/trapnell/vol1/home/nlammers/projects/data/morphseq/pipeline/output/acquisition/20250515_part2/ingest_metadata/collection_provenance.json,False,,
110,20250515_part2,mask_geometry,/net/trapnell/vol1/home/nlammers/projects/data/morphseq/pipeline/output/feature_extraction/20250515_part2/mask_geometry/20250515_part2_mask_geometry.csv,True,906995.0,2026-07-24T08:08:31.308873+00:00
110,20250515_part2,surface_area_qc,/net/trapnell/vol1/home/nlammers/projects/data/morphseq/pipeline/output/quality_control/20250515_part2/surface_area_qc/20250515_part2_surface_area_qc.csv,False,,
110,20250515_part2,analysis_ready,/net/trapnell/vol1/home/nlammers/projects/data/morphseq/pipeline/output/analysis_ready/20250515_part2/analysis_ready/20250515_part2_analysis_ready.parquet,True,6311841.0,2026-07-24T08:09:50.309318+00:00
111,20250519,stage,/net/trapnell/vol1/home/nlammers/projects/data/morphseq/pipeline/output/feature_extraction/20250519/stage_predictions/20250519_stage_predictions.csv,True,690095.0,2026-07-24T09:06:52.865529+00:00
111,20250519,inventory,/net/trapnell/vol1/home/nlammers/projects/data/morphseq/pipeline/output/object_extraction/20250519/snips/20250519_snip_inventory.csv,True,2916410.0,2026-07-24T09:04:50.792597+00:00
111,20250519,frame_inventory,/net/trapnell/vol1/home/nlammers/projects/data/morphseq/pipeline/output/acquisition/20250519/frame_inventory/20250519_frame_inventory.csv,False,,
111,20250519,plate,/net/trapnell/vol1/home/nlammers/projects/data/morphseq/pipeline/output/acquisition/20250519/ingest_metadata/plate_metadata.csv,True,6176.0,2026-07-24T06:47:15.481093+00:00
111,20250519,collection_provenance,/net/trapnell/vol1/home/nlammers/projects/data/morphseq/pipeline/output/acquisition/20250519/ingest_metadata/collection_provenance.json,False,,
111,20250519,mask_geometry,/net/trapnell/vol1/home/nlammers/projects/data/morphseq/pipeline/output/feature_extraction/20250519/mask_geometry/20250519_mask_geometry.csv,True,928204.0,2026-07-24T09:09:56.586933+00:00
111,20250519,surface_area_qc,/net/trapnell/vol1/home/nlammers/projects/data/morphseq/pipeline/output/quality_control/20250519/surface_area_qc/20250519_surface_area_qc.csv,False,,
111,20250519,analysis_ready,/net/trapnell/vol1/home/nlammers/projects/data/morphseq/pipeline/output/analysis_ready/20250519/analysis_ready/20250519_analysis_ready.parquet,True,7520427.0,2026-07-24T09:10:29.835187+00:00
112,20250711,stage,/net/trapnell/vol1/home/nlammers/projects/data/morphseq/pipeline/output/feature_extraction/20250711/stage_predictions/20250711_stage_predictions.csv,True,3263279.0,2026-07-24T13:05:35.196731+00:00
112,20250711,inventory,/net/trapnell/vol1/home/nlammers/projects/data/morphseq/pipeline/output/object_extraction/20250711/snips/20250711_snip_inventory.csv,True,13774503.0,2026-07-24T12:58:11.329445+00:00
112,20250711,frame_inventory,/net/trapnell/vol1/home/nlammers/projects/data/morphseq/pipeline/output/acquisition/20250711/frame_inventory/20250711_frame_inventory.csv,False,,
112,20250711,plate,/net/trapnell/vol1/home/nlammers/projects/data/morphseq/pipeline/output/acquisition/20250711/ingest_metadata/plate_metadata.csv,True,6392.0,2026-07-24T08:12:03.156383+00:00
112,20250711,collection_provenance,/net/trapnell/vol1/home/nlammers/projects/data/morphseq/pipeline/output/acquisition/20250711/ingest_metadata/collection_provenance.json,False,,
112,20250711,mask_geometry,/net/trapnell/vol1/home/nlammers/projects/data/morphseq/pipeline/output/feature_extraction/20250711/mask_geometry/20250711_mask_geometry.csv,True,4401084.0,2026-07-24T13:05:25.788661+00:00
112,20250711,surface_area_qc,/net/trapnell/vol1/home/nlammers/projects/data/morphseq/pipeline/output/quality_control/20250711/surface_area_qc/20250711_surface_area_qc.csv,False,,
112,20250711,analysis_ready,/net/trapnell/vol1/home/nlammers/projects/data/morphseq/pipeline/output/analysis_ready/20250711/analysis_ready/20250711_analysis_ready.parquet,True,36061001.0,2026-07-24T13:10:08.206761+00:00
113,20250912,stage,/net/trapnell/vol1/home/nlammers/projects/data/morphseq/pipeline/output/feature_extraction/20250912/stage_predictions/20250912_stage_predictions.csv,True,2569665.0,2026-07-24T13:55:55.698913+00:00
113,20250912,inventory,/net/trapnell/vol1/home/nlammers/projects/data/morphseq/pipeline/output/object_extraction/20250912/snips/20250912_snip_inventory.csv,True,10869952.0,2026-07-24T13:52:32.285898+00:00
113,20250912,frame_inventory,/net/trapnell/vol1/home/nlammers/projects/data/morphseq/pipeline/output/acquisition/20250912/frame_inventory/20250912_frame_inventory.csv,False,,
113,20250912,plate,/net/trapnell/vol1/home/nlammers/projects/data/morphseq/pipeline/output/acquisition/20250912/ingest_metadata/plate_metadata.csv,True,6361.0,2026-07-24T08:37:39.774354+00:00
113,20250912,collection_provenance,/net/trapnell/vol1/home/nlammers/projects/data/morphseq/pipeline/output/acquisition/20250912/ingest_metadata/collection_provenance.json,False,,
113,20250912,mask_geometry,/net/trapnell/vol1/home/nlammers/projects/data/morphseq/pipeline/output/feature_extraction/20250912/mask_geometry/20250912_mask_geometry.csv,True,3461246.0,2026-07-24T13:56:19.067029+00:00
113,20250912,surface_area_qc,/net/trapnell/vol1/home/nlammers/projects/data/morphseq/pipeline/output/quality_control/20250912/surface_area_qc/20250912_surface_area_qc.csv,False,,
113,20250912,analysis_ready,/net/trapnell/vol1/home/nlammers/projects/data/morphseq/pipeline/output/analysis_ready/20250912/analysis_ready/20250912_analysis_ready.parquet,True,28146223.0,2026-07-24T13:57:08.331275+00:00
114,20251017_part1,stage,/net/trapnell/vol1/home/nlammers/projects/data/morphseq/pipeline/output/feature_extraction/20251017_part1/stage_predictions/20251017_part1_stage_predictions.csv,True,1362560.0,2026-07-24T12:11:35.997108+00:00
114,20251017_part1,inventory,/net/trapnell/vol1/home/nlammers/projects/data/morphseq/pipeline/output/object_extraction/20251017_part1/snips/20251017_part1_snip_inventory.csv,True,5679009.0,2026-07-24T12:10:33.328001+00:00
114,20251017_part1,frame_inventory,/net/trapnell/vol1/home/nlammers/projects/data/morphseq/pipeline/output/acquisition/20251017_part1/frame_inventory/20251017_part1_frame_inventory.csv,False,,
114,20251017_part1,plate,/net/trapnell/vol1/home/nlammers/projects/data/morphseq/pipeline/output/acquisition/20251017_part1/ingest_metadata/plate_metadata.csv,True,8476.0,2026-07-24T08:47:58.143332+00:00
114,20251017_part1,collection_provenance,/net/trapnell/vol1/home/nlammers/projects/data/morphseq/pipeline/output/acquisition/20251017_part1/ingest_metadata/collection_provenance.json,False,,
114,20251017_part1,mask_geometry,/net/trapnell/vol1/home/nlammers/projects/data/morphseq/pipeline/output/feature_extraction/20251017_part1/mask_geometry/20251017_part1_mask_geometry.csv,True,1756459.0,2026-07-24T12:11:28.348973+00:00
114,20251017_part1,surface_area_qc,/net/trapnell/vol1/home/nlammers/projects/data/morphseq/pipeline/output/quality_control/20251017_part1/surface_area_qc/20251017_part1_surface_area_qc.csv,False,,
114,20251017_part1,analysis_ready,/net/trapnell/vol1/home/nlammers/projects/data/morphseq/pipeline/output/analysis_ready/20251017_part1/analysis_ready/20251017_part1_analysis_ready.parquet,True,12210557.0,2026-07-24T12:13:01.506617+00:00
115,20251017_part2,stage,/net/trapnell/vol1/home/nlammers/projects/data/morphseq/pipeline/output/feature_extraction/20251017_part2/stage_predictions/20251017_part2_stage_predictions.csv,True,1519570.0,2026-07-29T07:42:55.063473+00:00
115,20251017_part2,inventory,/net/trapnell/vol1/home/nlammers/projects/data/morphseq/pipeline/output/object_extraction/20251017_part2/snips/20251017_part2_snip_inventory.csv,True,6318389.0,2026-07-24T12:22:59.041846+00:00
115,20251017_part2,frame_inventory,/net/trapnell/vol1/home/nlammers/projects/data/morphseq/pipeline/output/acquisition/20251017_part2/frame_inventory/20251017_part2_frame_inventory.csv,False,,
115,20251017_part2,plate,/net/trapnell/vol1/home/nlammers/projects/data/morphseq/pipeline/output/acquisition/20251017_part2/ingest_metadata/plate_metadata.csv,True,8476.0,2026-07-29T07:26:13.882155+00:00
115,20251017_part2,collection_provenance,/net/trapnell/vol1/home/nlammers/projects/data/morphseq/pipeline/output/acquisition/20251017_part2/ingest_metadata/collection_provenance.json,False,,
115,20251017_part2,mask_geometry,/net/trapnell/vol1/home/nlammers/projects/data/morphseq/pipeline/output/feature_extraction/20251017_part2/mask_geometry/20251017_part2_mask_geometry.csv,True,1955083.0,2026-07-24T12:25:16.286890+00:00
115,20251017_part2,surface_area_qc,/net/trapnell/vol1/home/nlammers/projects/data/morphseq/pipeline/output/quality_control/20251017_part2/surface_area_qc/20251017_part2_surface_area_qc.csv,False,,
115,20251017_part2,analysis_ready,/net/trapnell/vol1/home/nlammers/projects/data/morphseq/pipeline/output/analysis_ready/20251017_part2/analysis_ready/20251017_part2_analysis_ready.parquet,True,13563400.0,2026-07-29T07:44:42.420039+00:00
116,20251020,stage,/net/trapnell/vol1/home/nlammers/projects/data/morphseq/pipeline/output/feature_extraction/20251020/stage_predictions/20251020_stage_predictions.csv,True,860023.0,2026-07-29T07:45:44.665273+00:00
116,20251020,inventory,/net/trapnell/vol1/home/nlammers/projects/data/morphseq/pipeline/output/object_extraction/20251020/snips/20251020_snip_inventory.csv,True,3640123.0,2026-07-24T15:16:50.927468+00:00
116,20251020,frame_inventory,/net/trapnell/vol1/home/nlammers/projects/data/morphseq/pipeline/output/acquisition/20251020/frame_inventory/20251020_frame_inventory.csv,False,,
116,20251020,plate,/net/trapnell/vol1/home/nlammers/projects/data/morphseq/pipeline/output/acquisition/20251020/ingest_metadata/plate_metadata.csv,True,6839.0,2026-07-29T07:31:55.194953+00:00
116,20251020,collection_provenance,/net/trapnell/vol1/home/nlammers/projects/data/morphseq/pipeline/output/acquisition/20251020/ingest_metadata/collection_provenance.json,False,,
116,20251020,mask_geometry,/net/trapnell/vol1/home/nlammers/projects/data/morphseq/pipeline/output/feature_extraction/20251020/mask_geometry/20251020_mask_geometry.csv,True,1158844.0,2026-07-24T15:17:47.424442+00:00
116,20251020,surface_area_qc,/net/trapnell/vol1/home/nlammers/projects/data/morphseq/pipeline/output/quality_control/20251020/surface_area_qc/20251020_surface_area_qc.csv,False,,
116,20251020,analysis_ready,/net/trapnell/vol1/home/nlammers/projects/data/morphseq/pipeline/output/analysis_ready/20251020/analysis_ready/20251020_analysis_ready.parquet,True,9409757.0,2026-07-29T07:46:52.709815+00:00
117,20251104,stage,/net/trapnell/vol1/home/nlammers/projects/data/morphseq/pipeline/output/feature_extraction/20251104/stage_predictions/20251104_stage_predictions.csv,False,,
117,20251104,inventory,/net/trapnell/vol1/home/nlammers/projects/data/morphseq/pipeline/output/object_extraction/20251104/snips/20251104_snip_inventory.csv,False,,
117,20251104,frame_inventory,/net/trapnell/vol1/home/nlammers/projects/data/morphseq/pipeline/output/acquisition/20251104/frame_inventory/20251104_frame_inventory.csv,False,,
117,20251104,plate,/net/trapnell/vol1/home/nlammers/projects/data/morphseq/pipeline/output/acquisition/20251104/ingest_metadata/plate_metadata.csv,True,7903.0,2026-07-24T12:40:39.597877+00:00
117,20251104,collection_provenance,/net/trapnell/vol1/home/nlammers/projects/data/morphseq/pipeline/output/acquisition/20251104/ingest_metadata/collection_provenance.json,False,,
117,20251104,mask_geometry,/net/trapnell/vol1/home/nlammers/projects/data/morphseq/pipeline/output/feature_extraction/20251104/mask_geometry/20251104_mask_geometry.csv,False,,
117,20251104,surface_area_qc,/net/trapnell/vol1/home/nlammers/projects/data/morphseq/pipeline/output/quality_control/20251104/surface_area_qc/20251104_surface_area_qc.csv,False,,
117,20251104,analysis_ready,/net/trapnell/vol1/home/nlammers/projects/data/morphseq/pipeline/output/analysis_ready/20251104/analysis_ready/20251104_analysis_ready.parquet,False,,
118,20251106,stage,/net/trapnell/vol1/home/nlammers/projects/data/morphseq/pipeline/output/feature_extraction/20251106/stage_predictions/20251106_stage_predictions.csv,False,,
118,20251106,inventory,/net/trapnell/vol1/home/nlammers/projects/data/morphseq/pipeline/output/object_extraction/20251106/snips/20251106_snip_inventory.csv,False,,
118,20251106,frame_inventory,/net/trapnell/vol1/home/nlammers/projects/data/morphseq/pipeline/output/acquisition/20251106/frame_inventory/20251106_frame_inventory.csv,False,,
118,20251106,plate,/net/trapnell/vol1/home/nlammers/projects/data/morphseq/pipeline/output/acquisition/20251106/ingest_metadata/plate_metadata.csv,True,8273.0,2026-07-24T12:50:53.016017+00:00
118,20251106,collection_provenance,/net/trapnell/vol1/home/nlammers/projects/data/morphseq/pipeline/output/acquisition/20251106/ingest_metadata/collection_provenance.json,False,,
118,20251106,mask_geometry,/net/trapnell/vol1/home/nlammers/projects/data/morphseq/pipeline/output/feature_extraction/20251106/mask_geometry/20251106_mask_geometry.csv,False,,
118,20251106,surface_area_qc,/net/trapnell/vol1/home/nlammers/projects/data/morphseq/pipeline/output/quality_control/20251106/surface_area_qc/20251106_surface_area_qc.csv,False,,
118,20251106,analysis_ready,/net/trapnell/vol1/home/nlammers/projects/data/morphseq/pipeline/output/analysis_ready/20251106/analysis_ready/20251106_analysis_ready.parquet,False,,
119,20251112,stage,/net/trapnell/vol1/home/nlammers/projects/data/morphseq/pipeline/output/feature_extraction/20251112/stage_predictions/20251112_stage_predictions.csv,True,1151306.0,2026-07-24T15:50:57.398809+00:00
119,20251112,inventory,/net/trapnell/vol1/home/nlammers/projects/data/morphseq/pipeline/output/object_extraction/20251112/snips/20251112_snip_inventory.csv,True,4878228.0,2026-07-24T15:47:59.697075+00:00
119,20251112,frame_inventory,/net/trapnell/vol1/home/nlammers/projects/data/morphseq/pipeline/output/acquisition/20251112/frame_inventory/20251112_frame_inventory.csv,False,,
119,20251112,plate,/net/trapnell/vol1/home/nlammers/projects/data/morphseq/pipeline/output/acquisition/20251112/ingest_metadata/plate_metadata.csv,True,8369.0,2026-07-24T12:46:45.215911+00:00
119,20251112,collection_provenance,/net/trapnell/vol1/home/nlammers/projects/data/morphseq/pipeline/output/acquisition/20251112/ingest_metadata/collection_provenance.json,False,,
119,20251112,mask_geometry,/net/trapnell/vol1/home/nlammers/projects/data/morphseq/pipeline/output/feature_extraction/20251112/mask_geometry/20251112_mask_geometry.csv,True,1553246.0,2026-07-24T15:49:47.934134+00:00
119,20251112,surface_area_qc,/net/trapnell/vol1/home/nlammers/projects/data/morphseq/pipeline/output/quality_control/20251112/surface_area_qc/20251112_surface_area_qc.csv,False,,
119,20251112,analysis_ready,/net/trapnell/vol1/home/nlammers/projects/data/morphseq/pipeline/output/analysis_ready/20251112/analysis_ready/20251112_analysis_ready.parquet,True,12565720.0,2026-07-24T15:51:41.399235+00:00
120,20251113,stage,/net/trapnell/vol1/home/nlammers/projects/data/morphseq/pipeline/output/feature_extraction/20251113/stage_predictions/20251113_stage_predictions.csv,False,,
120,20251113,inventory,/net/trapnell/vol1/home/nlammers/projects/data/morphseq/pipeline/output/object_extraction/20251113/snips/20251113_snip_inventory.csv,False,,
120,20251113,frame_inventory,/net/trapnell/vol1/home/nlammers/projects/data/morphseq/pipeline/output/acquisition/20251113/frame_inventory/20251113_frame_inventory.csv,False,,
120,20251113,plate,/net/trapnell/vol1/home/nlammers/projects/data/morphseq/pipeline/output/acquisition/20251113/ingest_metadata/plate_metadata.csv,True,8262.0,2026-07-24T13:38:51.995446+00:00
120,20251113,collection_provenance,/net/trapnell/vol1/home/nlammers/projects/data/morphseq/pipeline/output/acquisition/20251113/ingest_metadata/collection_provenance.json,False,,
120,20251113,mask_geometry,/net/trapnell/vol1/home/nlammers/projects/data/morphseq/pipeline/output/feature_extraction/20251113/mask_geometry/20251113_mask_geometry.csv,False,,
120,20251113,surface_area_qc,/net/trapnell/vol1/home/nlammers/projects/data/morphseq/pipeline/output/quality_control/20251113/surface_area_qc/20251113_surface_area_qc.csv,False,,
120,20251113,analysis_ready,/net/trapnell/vol1/home/nlammers/projects/data/morphseq/pipeline/output/analysis_ready/20251113/analysis_ready/20251113_analysis_ready.parquet,False,,
121,20251119,stage,/net/trapnell/vol1/home/nlammers/projects/data/morphseq/pipeline/output/feature_extraction/20251119/stage_predictions/20251119_stage_predictions.csv,True,1732738.0,2026-07-24T16:07:49.608423+00:00
121,20251119,inventory,/net/trapnell/vol1/home/nlammers/projects/data/morphseq/pipeline/output/object_extraction/20251119/snips/20251119_snip_inventory.csv,True,7294545.0,2026-07-24T16:07:03.324145+00:00
121,20251119,frame_inventory,/net/trapnell/vol1/home/nlammers/projects/data/morphseq/pipeline/output/acquisition/20251119/frame_inventory/20251119_frame_inventory.csv,False,,
121,20251119,plate,/net/trapnell/vol1/home/nlammers/projects/data/morphseq/pipeline/output/acquisition/20251119/ingest_metadata/plate_metadata.csv,True,6434.0,2026-07-24T14:05:48.921865+00:00
121,20251119,collection_provenance,/net/trapnell/vol1/home/nlammers/projects/data/morphseq/pipeline/output/acquisition/20251119/ingest_metadata/collection_provenance.json,False,,
121,20251119,mask_geometry,/net/trapnell/vol1/home/nlammers/projects/data/morphseq/pipeline/output/feature_extraction/20251119/mask_geometry/20251119_mask_geometry.csv,True,2327727.0,2026-07-24T16:08:57.564828+00:00
121,20251119,surface_area_qc,/net/trapnell/vol1/home/nlammers/projects/data/morphseq/pipeline/output/quality_control/20251119/surface_area_qc/20251119_surface_area_qc.csv,False,,
121,20251119,analysis_ready,/net/trapnell/vol1/home/nlammers/projects/data/morphseq/pipeline/output/analysis_ready/20251119/analysis_ready/20251119_analysis_ready.parquet,True,18800745.0,2026-07-24T16:09:43.745100+00:00
122,20251121,stage,/net/trapnell/vol1/home/nlammers/projects/data/morphseq/pipeline/output/feature_extraction/20251121/stage_predictions/20251121_stage_predictions.csv,True,3451320.0,2026-07-25T00:08:19.978077+00:00
122,20251121,inventory,/net/trapnell/vol1/home/nlammers/projects/data/morphseq/pipeline/output/object_extraction/20251121/snips/20251121_snip_inventory.csv,True,14566007.0,2026-07-25T00:07:18.216866+00:00
122,20251121,frame_inventory,/net/trapnell/vol1/home/nlammers/projects/data/morphseq/pipeline/output/acquisition/20251121/frame_inventory/20251121_frame_inventory.csv,False,,
122,20251121,plate,/net/trapnell/vol1/home/nlammers/projects/data/morphseq/pipeline/output/acquisition/20251121/ingest_metadata/plate_metadata.csv,True,7955.0,2026-07-24T15:52:00.071940+00:00
122,20251121,collection_provenance,/net/trapnell/vol1/home/nlammers/projects/data/morphseq/pipeline/output/acquisition/20251121/ingest_metadata/collection_provenance.json,False,,
122,20251121,mask_geometry,/net/trapnell/vol1/home/nlammers/projects/data/morphseq/pipeline/output/feature_extraction/20251121/mask_geometry/20251121_mask_geometry.csv,True,4648042.0,2026-07-25T00:09:57.059957+00:00
122,20251121,surface_area_qc,/net/trapnell/vol1/home/nlammers/projects/data/morphseq/pipeline/output/quality_control/20251121/surface_area_qc/20251121_surface_area_qc.csv,False,,
122,20251121,analysis_ready,/net/trapnell/vol1/home/nlammers/projects/data/morphseq/pipeline/output/analysis_ready/20251121/analysis_ready/20251121_analysis_ready.parquet,True,38292998.0,2026-07-29T07:23:47.371026+00:00
123,20251125,stage,/net/trapnell/vol1/home/nlammers/projects/data/morphseq/pipeline/output/feature_extraction/20251125/stage_predictions/20251125_stage_predictions.csv,True,3632769.0,2026-07-24T21:41:15.337723+00:00
123,20251125,inventory,/net/trapnell/vol1/home/nlammers/projects/data/morphseq/pipeline/output/object_extraction/20251125/snips/20251125_snip_inventory.csv,True,15321598.0,2026-07-24T21:40:01.925208+00:00
123,20251125,frame_inventory,/net/trapnell/vol1/home/nlammers/projects/data/morphseq/pipeline/output/acquisition/20251125/frame_inventory/20251125_frame_inventory.csv,False,,
123,20251125,plate,/net/trapnell/vol1/home/nlammers/projects/data/morphseq/pipeline/output/acquisition/20251125/ingest_metadata/plate_metadata.csv,True,7928.0,2026-07-24T16:09:10.832801+00:00
123,20251125,collection_provenance,/net/trapnell/vol1/home/nlammers/projects/data/morphseq/pipeline/output/acquisition/20251125/ingest_metadata/collection_provenance.json,False,,
123,20251125,mask_geometry,/net/trapnell/vol1/home/nlammers/projects/data/morphseq/pipeline/output/feature_extraction/20251125/mask_geometry/20251125_mask_geometry.csv,True,4891387.0,2026-07-24T21:45:58.155704+00:00
123,20251125,surface_area_qc,/net/trapnell/vol1/home/nlammers/projects/data/morphseq/pipeline/output/quality_control/20251125/surface_area_qc/20251125_surface_area_qc.csv,False,,
123,20251125,analysis_ready,/net/trapnell/vol1/home/nlammers/projects/data/morphseq/pipeline/output/analysis_ready/20251125/analysis_ready/20251125_analysis_ready.parquet,True,40166416.0,2026-07-29T07:23:20.905273+00:00
124,20251205,stage,/net/trapnell/vol1/home/nlammers/projects/data/morphseq/pipeline/output/feature_extraction/20251205/stage_predictions/20251205_stage_predictions.csv,True,2028492.0,2026-07-24T21:08:19.121805+00:00
124,20251205,inventory,/net/trapnell/vol1/home/nlammers/projects/data/morphseq/pipeline/output/object_extraction/20251205/snips/20251205_snip_inventory.csv,True,8579938.0,2026-07-24T21:07:47.061526+00:00
124,20251205,frame_inventory,/net/trapnell/vol1/home/nlammers/projects/data/morphseq/pipeline/output/acquisition/20251205/frame_inventory/20251205_frame_inventory.csv,False,,
124,20251205,plate,/net/trapnell/vol1/home/nlammers/projects/data/morphseq/pipeline/output/acquisition/20251205/ingest_metadata/plate_metadata.csv,True,9092.0,2026-07-24T16:17:49.097610+00:00
124,20251205,collection_provenance,/net/trapnell/vol1/home/nlammers/projects/data/morphseq/pipeline/output/acquisition/20251205/ingest_metadata/collection_provenance.json,False,,
124,20251205,mask_geometry,/net/trapnell/vol1/home/nlammers/projects/data/morphseq/pipeline/output/feature_extraction/20251205/mask_geometry/20251205_mask_geometry.csv,True,2734603.0,2026-07-24T21:07:57.193614+00:00
124,20251205,surface_area_qc,/net/trapnell/vol1/home/nlammers/projects/data/morphseq/pipeline/output/quality_control/20251205/surface_area_qc/20251205_surface_area_qc.csv,False,,
124,20251205,analysis_ready,/net/trapnell/vol1/home/nlammers/projects/data/morphseq/pipeline/output/analysis_ready/20251205/analysis_ready/20251205_analysis_ready.parquet,True,22276627.0,2026-07-24T21:08:56.966135+00:00
125,20251207_pbx,stage,/net/trapnell/vol1/home/nlammers/projects/data/morphseq/pipeline/output/feature_extraction/20251207_pbx/stage_predictions/20251207_pbx_stage_predictions.csv,True,2792771.0,2026-07-25T02:56:12.003015+00:00
125,20251207_pbx,inventory,/net/trapnell/vol1/home/nlammers/projects/data/morphseq/pipeline/output/object_extraction/20251207_pbx/snips/20251207_pbx_snip_inventory.csv,True,11663119.0,2026-07-25T02:57:30.020391+00:00
125,20251207_pbx,frame_inventory,/net/trapnell/vol1/home/nlammers/projects/data/morphseq/pipeline/output/acquisition/20251207_pbx/frame_inventory/20251207_pbx_frame_inventory.csv,False,,
125,20251207_pbx,plate,/net/trapnell/vol1/home/nlammers/projects/data/morphseq/pipeline/output/acquisition/20251207_pbx/ingest_metadata/plate_metadata.csv,True,5958.0,2026-07-24T19:31:39.233281+00:00
125,20251207_pbx,collection_provenance,/net/trapnell/vol1/home/nlammers/projects/data/morphseq/pipeline/output/acquisition/20251207_pbx/ingest_metadata/collection_provenance.json,False,,
125,20251207_pbx,mask_geometry,/net/trapnell/vol1/home/nlammers/projects/data/morphseq/pipeline/output/feature_extraction/20251207_pbx/mask_geometry/20251207_pbx_mask_geometry.csv,True,3640314.0,2026-07-25T02:59:04.562068+00:00
125,20251207_pbx,surface_area_qc,/net/trapnell/vol1/home/nlammers/projects/data/morphseq/pipeline/output/quality_control/20251207_pbx/surface_area_qc/20251207_pbx_surface_area_qc.csv,False,,
125,20251207_pbx,analysis_ready,/net/trapnell/vol1/home/nlammers/projects/data/morphseq/pipeline/output/analysis_ready/20251207_pbx/analysis_ready/20251207_pbx_analysis_ready.parquet,True,26720057.0,2026-08-13T15:41:53.215892+00:00
126,20251212,stage,/net/trapnell/vol1/home/nlammers/projects/data/morphseq/pipeline/output/feature_extraction/20251212/stage_predictions/20251212_stage_predictions.csv,True,1889873.0,2026-07-25T01:09:52.136110+00:00
126,20251212,inventory,/net/trapnell/vol1/home/nlammers/projects/data/morphseq/pipeline/output/object_extraction/20251212/snips/20251212_snip_inventory.csv,True,7983761.0,2026-07-25T01:08:51.691690+00:00
126,20251212,frame_inventory,/net/trapnell/vol1/home/nlammers/projects/data/morphseq/pipeline/output/acquisition/20251212/frame_inventory/20251212_frame_inventory.csv,False,,
126,20251212,plate,/net/trapnell/vol1/home/nlammers/projects/data/morphseq/pipeline/output/acquisition/20251212/ingest_metadata/plate_metadata.csv,True,8896.0,2026-07-24T21:38:50.980709+00:00
126,20251212,collection_provenance,/net/trapnell/vol1/home/nlammers/projects/data/morphseq/pipeline/output/acquisition/20251212/ingest_metadata/collection_provenance.json,False,,
126,20251212,mask_geometry,/net/trapnell/vol1/home/nlammers/projects/data/morphseq/pipeline/output/feature_extraction/20251212/mask_geometry/20251212_mask_geometry.csv,True,2543812.0,2026-07-25T01:10:08.464223+00:00
126,20251212,surface_area_qc,/net/trapnell/vol1/home/nlammers/projects/data/morphseq/pipeline/output/quality_control/20251212/surface_area_qc/20251212_surface_area_qc.csv,False,,
126,20251212,analysis_ready,/net/trapnell/vol1/home/nlammers/projects/data/morphseq/pipeline/output/analysis_ready/20251212/analysis_ready/20251212_analysis_ready.parquet,True,20708401.0,2026-07-25T01:11:35.412828+00:00
127,20260122,stage,/net/trapnell/vol1/home/nlammers/projects/data/morphseq/pipeline/output/feature_extraction/20260122/stage_predictions/20260122_stage_predictions.csv,True,3318947.0,2026-07-25T04:11:19.710615+00:00
127,20260122,inventory,/net/trapnell/vol1/home/nlammers/projects/data/morphseq/pipeline/output/object_extraction/20260122/snips/20260122_snip_inventory.csv,True,14027467.0,2026-07-25T04:10:37.706240+00:00
127,20260122,frame_inventory,/net/trapnell/vol1/home/nlammers/projects/data/morphseq/pipeline/output/acquisition/20260122/frame_inventory/20260122_frame_inventory.csv,False,,
127,20260122,plate,/net/trapnell/vol1/home/nlammers/projects/data/morphseq/pipeline/output/acquisition/20260122/ingest_metadata/plate_metadata.csv,True,7334.0,2026-07-24T22:26:23.877219+00:00
127,20260122,collection_provenance,/net/trapnell/vol1/home/nlammers/projects/data/morphseq/pipeline/output/acquisition/20260122/ingest_metadata/collection_provenance.json,False,,
127,20260122,mask_geometry,/net/trapnell/vol1/home/nlammers/projects/data/morphseq/pipeline/output/feature_extraction/20260122/mask_geometry/20260122_mask_geometry.csv,True,4462939.0,2026-07-25T04:11:32.478729+00:00
127,20260122,surface_area_qc,/net/trapnell/vol1/home/nlammers/projects/data/morphseq/pipeline/output/quality_control/20260122/surface_area_qc/20260122_surface_area_qc.csv,False,,
127,20260122,analysis_ready,/net/trapnell/vol1/home/nlammers/projects/data/morphseq/pipeline/output/analysis_ready/20260122/analysis_ready/20260122_analysis_ready.parquet,True,36687231.0,2026-07-25T04:14:57.052554+00:00
128,20260202,stage,/net/trapnell/vol1/home/nlammers/projects/data/morphseq/pipeline/output/feature_extraction/20260202/stage_predictions/20260202_stage_predictions.csv,True,2797102.0,2026-07-25T06:51:28.735102+00:00
128,20260202,inventory,/net/trapnell/vol1/home/nlammers/projects/data/morphseq/pipeline/output/object_extraction/20260202/snips/20260202_snip_inventory.csv,True,11824085.0,2026-07-25T06:48:23.183696+00:00
128,20260202,frame_inventory,/net/trapnell/vol1/home/nlammers/projects/data/morphseq/pipeline/output/acquisition/20260202/frame_inventory/20260202_frame_inventory.csv,False,,
128,20260202,plate,/net/trapnell/vol1/home/nlammers/projects/data/morphseq/pipeline/output/acquisition/20260202/ingest_metadata/plate_metadata.csv,True,7614.0,2026-07-25T00:48:42.886329+00:00
128,20260202,collection_provenance,/net/trapnell/vol1/home/nlammers/projects/data/morphseq/pipeline/output/acquisition/20260202/ingest_metadata/collection_provenance.json,False,,
128,20260202,mask_geometry,/net/trapnell/vol1/home/nlammers/projects/data/morphseq/pipeline/output/feature_extraction/20260202/mask_geometry/20260202_mask_geometry.csv,True,3753888.0,2026-07-25T06:50:35.974135+00:00
128,20260202,surface_area_qc,/net/trapnell/vol1/home/nlammers/projects/data/morphseq/pipeline/output/quality_control/20260202/surface_area_qc/20260202_surface_area_qc.csv,False,,
128,20260202,analysis_ready,/net/trapnell/vol1/home/nlammers/projects/data/morphseq/pipeline/output/analysis_ready/20260202/analysis_ready/20260202_analysis_ready.parquet,True,30883544.0,2026-07-25T06:53:11.576989+00:00
129,20260206,stage,/net/trapnell/vol1/home/nlammers/projects/data/morphseq/pipeline/output/feature_extraction/20260206/stage_predictions/20260206_stage_predictions.csv,True,2431724.0,2026-07-25T05:35:20.243717+00:00
129,20260206,inventory,/net/trapnell/vol1/home/nlammers/projects/data/morphseq/pipeline/output/object_extraction/20260206/snips/20260206_snip_inventory.csv,True,10264805.0,2026-07-25T05:31:55.926698+00:00
129,20260206,frame_inventory,/net/trapnell/vol1/home/nlammers/projects/data/morphseq/pipeline/output/acquisition/20260206/frame_inventory/20260206_frame_inventory.csv,False,,
129,20260206,plate,/net/trapnell/vol1/home/nlammers/projects/data/morphseq/pipeline/output/acquisition/20260206/ingest_metadata/plate_metadata.csv,True,7983.0,2026-07-25T01:40:30.468411+00:00
129,20260206,collection_provenance,/net/trapnell/vol1/home/nlammers/projects/data/morphseq/pipeline/output/acquisition/20260206/ingest_metadata/collection_provenance.json,False,,
129,20260206,mask_geometry,/net/trapnell/vol1/home/nlammers/projects/data/morphseq/pipeline/output/feature_extraction/20260206/mask_geometry/20260206_mask_geometry.csv,True,3269904.0,2026-07-25T05:34:15.683395+00:00
129,20260206,surface_area_qc,/net/trapnell/vol1/home/nlammers/projects/data/morphseq/pipeline/output/quality_control/20260206/surface_area_qc/20260206_surface_area_qc.csv,False,,
129,20260206,analysis_ready,/net/trapnell/vol1/home/nlammers/projects/data/morphseq/pipeline/output/analysis_ready/20260206/analysis_ready/20260206_analysis_ready.parquet,True,26441108.0,2026-07-25T05:36:46.900147+00:00
130,20260208,stage,/net/trapnell/vol1/home/nlammers/projects/data/morphseq/pipeline/output/feature_extraction/20260208/stage_predictions/20260208_stage_predictions.csv,True,5257017.0,2026-07-25T08:50:25.352737+00:00
130,20260208,inventory,/net/trapnell/vol1/home/nlammers/projects/data/morphseq/pipeline/output/object_extraction/20260208/snips/20260208_snip_inventory.csv,True,22133698.0,2026-07-25T08:42:58.496631+00:00
130,20260208,frame_inventory,/net/trapnell/vol1/home/nlammers/projects/data/morphseq/pipeline/output/acquisition/20260208/frame_inventory/20260208_frame_inventory.csv,False,,
130,20260208,plate,/net/trapnell/vol1/home/nlammers/projects/data/morphseq/pipeline/output/acquisition/20260208/ingest_metadata/plate_metadata.csv,True,8380.0,2026-07-25T04:06:57.452500+00:00
130,20260208,collection_provenance,/net/trapnell/vol1/home/nlammers/projects/data/morphseq/pipeline/output/acquisition/20260208/ingest_metadata/collection_provenance.json,False,,
130,20260208,mask_geometry,/net/trapnell/vol1/home/nlammers/projects/data/morphseq/pipeline/output/feature_extraction/20260208/mask_geometry/20260208_mask_geometry.csv,True,7069419.0,2026-07-25T08:46:06.800046+00:00
130,20260208,surface_area_qc,/net/trapnell/vol1/home/nlammers/projects/data/morphseq/pipeline/output/quality_control/20260208/surface_area_qc/20260208_surface_area_qc.csv,False,,
130,20260208,analysis_ready,/net/trapnell/vol1/home/nlammers/projects/data/morphseq/pipeline/output/analysis_ready/20260208/analysis_ready/20260208_analysis_ready.parquet,True,57281900.0,2026-07-25T09:00:17.095474+00:00
131,20260210,stage,/net/trapnell/vol1/home/nlammers/projects/data/morphseq/pipeline/output/feature_extraction/20260210/stage_predictions/20260210_stage_predictions.csv,True,2624570.0,2026-07-25T08:28:11.490662+00:00
131,20260210,inventory,/net/trapnell/vol1/home/nlammers/projects/data/morphseq/pipeline/output/object_extraction/20260210/snips/20260210_snip_inventory.csv,True,11097907.0,2026-07-25T08:26:51.986263+00:00
131,20260210,frame_inventory,/net/trapnell/vol1/home/nlammers/projects/data/morphseq/pipeline/output/acquisition/20260210/frame_inventory/20260210_frame_inventory.csv,False,,
131,20260210,plate,/net/trapnell/vol1/home/nlammers/projects/data/morphseq/pipeline/output/acquisition/20260210/ingest_metadata/plate_metadata.csv,True,8644.0,2026-07-25T04:37:07.173749+00:00
131,20260210,collection_provenance,/net/trapnell/vol1/home/nlammers/projects/data/morphseq/pipeline/output/acquisition/20260210/ingest_metadata/collection_provenance.json,False,,
131,20260210,mask_geometry,/net/trapnell/vol1/home/nlammers/projects/data/morphseq/pipeline/output/feature_extraction/20260210/mask_geometry/20260210_mask_geometry.csv,True,3541500.0,2026-07-25T08:28:21.322712+00:00
131,20260210,surface_area_qc,/net/trapnell/vol1/home/nlammers/projects/data/morphseq/pipeline/output/quality_control/20260210/surface_area_qc/20260210_surface_area_qc.csv,False,,
131,20260210,analysis_ready,/net/trapnell/vol1/home/nlammers/projects/data/morphseq/pipeline/output/analysis_ready/20260210/analysis_ready/20260210_analysis_ready.parquet,True,28608125.0,2026-07-25T08:29:30.099057+00:00
132,20260213,stage,/net/trapnell/vol1/home/nlammers/projects/data/morphseq/pipeline/output/feature_extraction/20260213/stage_predictions/20260213_stage_predictions.csv,True,4792221.0,2026-07-25T15:00:33.106565+00:00
132,20260213,inventory,/net/trapnell/vol1/home/nlammers/projects/data/morphseq/pipeline/output/object_extraction/20260213/snips/20260213_snip_inventory.csv,True,20254944.0,2026-07-25T14:58:15.457538+00:00
132,20260213,frame_inventory,/net/trapnell/vol1/home/nlammers/projects/data/morphseq/pipeline/output/acquisition/20260213/frame_inventory/20260213_frame_inventory.csv,False,,
132,20260213,plate,/net/trapnell/vol1/home/nlammers/projects/data/morphseq/pipeline/output/acquisition/20260213/ingest_metadata/plate_metadata.csv,True,7365.0,2026-07-25T06:02:01.054518+00:00
132,20260213,collection_provenance,/net/trapnell/vol1/home/nlammers/projects/data/morphseq/pipeline/output/acquisition/20260213/ingest_metadata/collection_provenance.json,False,,
132,20260213,mask_geometry,/net/trapnell/vol1/home/nlammers/projects/data/morphseq/pipeline/output/feature_extraction/20260213/mask_geometry/20260213_mask_geometry.csv,True,6451426.0,2026-07-25T15:00:06.778368+00:00
132,20260213,surface_area_qc,/net/trapnell/vol1/home/nlammers/projects/data/morphseq/pipeline/output/quality_control/20260213/surface_area_qc/20260213_surface_area_qc.csv,False,,
132,20260213,analysis_ready,/net/trapnell/vol1/home/nlammers/projects/data/morphseq/pipeline/output/analysis_ready/20260213/analysis_ready/20260213_analysis_ready.parquet,True,52932493.0,2026-07-29T07:24:44.299833+00:00
133,20260219,stage,/net/trapnell/vol1/home/nlammers/projects/data/morphseq/pipeline/output/feature_extraction/20260219/stage_predictions/20260219_stage_predictions.csv,True,5246497.0,2026-07-25T18:13:58.982090+00:00
133,20260219,inventory,/net/trapnell/vol1/home/nlammers/projects/data/morphseq/pipeline/output/object_extraction/20260219/snips/20260219_snip_inventory.csv,True,22147838.0,2026-07-25T18:00:39.931641+00:00
133,20260219,frame_inventory,/net/trapnell/vol1/home/nlammers/projects/data/morphseq/pipeline/output/acquisition/20260219/frame_inventory/20260219_frame_inventory.csv,False,,
133,20260219,plate,/net/trapnell/vol1/home/nlammers/projects/data/morphseq/pipeline/output/acquisition/20260219/ingest_metadata/plate_metadata.csv,True,8453.0,2026-07-25T07:19:35.362056+00:00
133,20260219,collection_provenance,/net/trapnell/vol1/home/nlammers/projects/data/morphseq/pipeline/output/acquisition/20260219/ingest_metadata/collection_provenance.json,False,,
133,20260219,mask_geometry,/net/trapnell/vol1/home/nlammers/projects/data/morphseq/pipeline/output/feature_extraction/20260219/mask_geometry/20260219_mask_geometry.csv,True,7050436.0,2026-07-25T18:13:00.544951+00:00
133,20260219,surface_area_qc,/net/trapnell/vol1/home/nlammers/projects/data/morphseq/pipeline/output/quality_control/20260219/surface_area_qc/20260219_surface_area_qc.csv,False,,
133,20260219,analysis_ready,/net/trapnell/vol1/home/nlammers/projects/data/morphseq/pipeline/output/analysis_ready/20260219/analysis_ready/20260219_analysis_ready.parquet,True,57889539.0,2026-07-29T07:25:17.577868+00:00
134,20260223,stage,/net/trapnell/vol1/home/nlammers/projects/data/morphseq/pipeline/output/feature_extraction/20260223/stage_predictions/20260223_stage_predictions.csv,False,,
134,20260223,inventory,/net/trapnell/vol1/home/nlammers/projects/data/morphseq/pipeline/output/object_extraction/20260223/snips/20260223_snip_inventory.csv,False,,
134,20260223,frame_inventory,/net/trapnell/vol1/home/nlammers/projects/data/morphseq/pipeline/output/acquisition/20260223/frame_inventory/20260223_frame_inventory.csv,False,,
134,20260223,plate,/net/trapnell/vol1/home/nlammers/projects/data/morphseq/pipeline/output/acquisition/20260223/ingest_metadata/plate_metadata.csv,True,7267.0,2026-07-25T08:49:13.741416+00:00
134,20260223,collection_provenance,/net/trapnell/vol1/home/nlammers/projects/data/morphseq/pipeline/output/acquisition/20260223/ingest_metadata/collection_provenance.json,False,,
134,20260223,mask_geometry,/net/trapnell/vol1/home/nlammers/projects/data/morphseq/pipeline/output/feature_extraction/20260223/mask_geometry/20260223_mask_geometry.csv,False,,
134,20260223,surface_area_qc,/net/trapnell/vol1/home/nlammers/projects/data/morphseq/pipeline/output/quality_control/20260223/surface_area_qc/20260223_surface_area_qc.csv,False,,
134,20260223,analysis_ready,/net/trapnell/vol1/home/nlammers/projects/data/morphseq/pipeline/output/analysis_ready/20260223/analysis_ready/20260223_analysis_ready.parquet,False,,
135,20260224,stage,/net/trapnell/vol1/home/nlammers/projects/data/morphseq/pipeline/output/feature_extraction/20260224/stage_predictions/20260224_stage_predictions.csv,False,,
135,20260224,inventory,/net/trapnell/vol1/home/nlammers/projects/data/morphseq/pipeline/output/object_extraction/20260224/snips/20260224_snip_inventory.csv,False,,
135,20260224,frame_inventory,/net/trapnell/vol1/home/nlammers/projects/data/morphseq/pipeline/output/acquisition/20260224/frame_inventory/20260224_frame_inventory.csv,False,,
135,20260224,plate,/net/trapnell/vol1/home/nlammers/projects/data/morphseq/pipeline/output/acquisition/20260224/ingest_metadata/plate_metadata.csv,True,7320.0,2026-07-25T09:34:37.773408+00:00
135,20260224,collection_provenance,/net/trapnell/vol1/home/nlammers/projects/data/morphseq/pipeline/output/acquisition/20260224/ingest_metadata/collection_provenance.json,False,,
135,20260224,mask_geometry,/net/trapnell/vol1/home/nlammers/projects/data/morphseq/pipeline/output/feature_extraction/20260224/mask_geometry/20260224_mask_geometry.csv,False,,
135,20260224,surface_area_qc,/net/trapnell/vol1/home/nlammers/projects/data/morphseq/pipeline/output/quality_control/20260224/surface_area_qc/20260224_surface_area_qc.csv,False,,
135,20260224,analysis_ready,/net/trapnell/vol1/home/nlammers/projects/data/morphseq/pipeline/output/analysis_ready/20260224/analysis_ready/20260224_analysis_ready.parquet,False,,
136,20260228,stage,/net/trapnell/vol1/home/nlammers/projects/data/morphseq/pipeline/output/feature_extraction/20260228/stage_predictions/20260228_stage_predictions.csv,True,2809330.0,2026-07-25T19:29:12.257096+00:00
136,20260228,inventory,/net/trapnell/vol1/home/nlammers/projects/data/morphseq/pipeline/output/object_extraction/20260228/snips/20260228_snip_inventory.csv,True,11879242.0,2026-07-25T19:28:46.048969+00:00
136,20260228,frame_inventory,/net/trapnell/vol1/home/nlammers/projects/data/morphseq/pipeline/output/acquisition/20260228/frame_inventory/20260228_frame_inventory.csv,False,,
136,20260228,plate,/net/trapnell/vol1/home/nlammers/projects/data/morphseq/pipeline/output/acquisition/20260228/ingest_metadata/plate_metadata.csv,True,7116.0,2026-07-25T14:34:07.190628+00:00
136,20260228,collection_provenance,/net/trapnell/vol1/home/nlammers/projects/data/morphseq/pipeline/output/acquisition/20260228/ingest_metadata/collection_provenance.json,False,,
136,20260228,mask_geometry,/net/trapnell/vol1/home/nlammers/projects/data/morphseq/pipeline/output/feature_extraction/20260228/mask_geometry/20260228_mask_geometry.csv,True,3788491.0,2026-07-25T19:28:57.593024+00:00
136,20260228,surface_area_qc,/net/trapnell/vol1/home/nlammers/projects/data/morphseq/pipeline/output/quality_control/20260228/surface_area_qc/20260228_surface_area_qc.csv,False,,
136,20260228,analysis_ready,/net/trapnell/vol1/home/nlammers/projects/data/morphseq/pipeline/output/analysis_ready/20260228/analysis_ready/20260228_analysis_ready.parquet,True,31166579.0,2026-07-25T19:30:00.981339+00:00
137,20260304,stage,/net/trapnell/vol1/home/nlammers/projects/data/morphseq/pipeline/output/feature_extraction/20260304/stage_predictions/20260304_stage_predictions.csv,True,6187817.0,2026-08-13T20:48:24.624561+00:00
137,20260304,inventory,/net/trapnell/vol1/home/nlammers/projects/data/morphseq/pipeline/output/object_extraction/20260304/snips/20260304_snip_inventory.csv,True,26127537.0,2026-07-25T22:31:40.149165+00:00
137,20260304,frame_inventory,/net/trapnell/vol1/home/nlammers/projects/data/morphseq/pipeline/output/acquisition/20260304/frame_inventory/20260304_frame_inventory.csv,False,,
137,20260304,plate,/net/trapnell/vol1/home/nlammers/projects/data/morphseq/pipeline/output/acquisition/20260304/ingest_metadata/plate_metadata.csv,True,6803.0,2026-07-25T15:39:29.867186+00:00
137,20260304,collection_provenance,/net/trapnell/vol1/home/nlammers/projects/data/morphseq/pipeline/output/acquisition/20260304/ingest_metadata/collection_provenance.json,True,385.0,2026-08-13T20:04:57.875704+00:00
137,20260304,mask_geometry,/net/trapnell/vol1/home/nlammers/projects/data/morphseq/pipeline/output/feature_extraction/20260304/mask_geometry/20260304_mask_geometry.csv,True,8330785.0,2026-08-13T20:48:21.136532+00:00
137,20260304,surface_area_qc,/net/trapnell/vol1/home/nlammers/projects/data/morphseq/pipeline/output/quality_control/20260304/surface_area_qc/20260304_surface_area_qc.csv,False,,
137,20260304,analysis_ready,/net/trapnell/vol1/home/nlammers/projects/data/morphseq/pipeline/output/analysis_ready/20260304/analysis_ready/20260304_analysis_ready.parquet,True,69483234.0,2026-08-13T16:35:16.939281+00:00
138,20260306,stage,/net/trapnell/vol1/home/nlammers/projects/data/morphseq/pipeline/output/feature_extraction/20260306/stage_predictions/20260306_stage_predictions.csv,True,4469556.0,2026-07-25T23:50:15.510108+00:00
138,20260306,inventory,/net/trapnell/vol1/home/nlammers/projects/data/morphseq/pipeline/output/object_extraction/20260306/snips/20260306_snip_inventory.csv,True,18842596.0,2026-07-25T23:49:14.061786+00:00
138,20260306,frame_inventory,/net/trapnell/vol1/home/nlammers/projects/data/morphseq/pipeline/output/acquisition/20260306/frame_inventory/20260306_frame_inventory.csv,False,,
138,20260306,plate,/net/trapnell/vol1/home/nlammers/projects/data/morphseq/pipeline/output/acquisition/20260306/ingest_metadata/plate_metadata.csv,True,6868.0,2026-07-25T18:42:13.123578+00:00
138,20260306,collection_provenance,/net/trapnell/vol1/home/nlammers/projects/data/morphseq/pipeline/output/acquisition/20260306/ingest_metadata/collection_provenance.json,False,,
138,20260306,mask_geometry,/net/trapnell/vol1/home/nlammers/projects/data/morphseq/pipeline/output/feature_extraction/20260306/mask_geometry/20260306_mask_geometry.csv,True,6017886.0,2026-07-25T23:52:09.802703+00:00
138,20260306,surface_area_qc,/net/trapnell/vol1/home/nlammers/projects/data/morphseq/pipeline/output/quality_control/20260306/surface_area_qc/20260306_surface_area_qc.csv,False,,
138,20260306,analysis_ready,/net/trapnell/vol1/home/nlammers/projects/data/morphseq/pipeline/output/analysis_ready/20260306/analysis_ready/20260306_analysis_ready.parquet,True,49232684.0,2026-08-13T16:02:23.460490+00:00
139,20260319,stage,/net/trapnell/vol1/home/nlammers/projects/data/morphseq/pipeline/output/feature_extraction/20260319/stage_predictions/20260319_stage_predictions.csv,True,1698046.0,2026-07-29T16:23:56.169779+00:00
139,20260319,inventory,/net/trapnell/vol1/home/nlammers/projects/data/morphseq/pipeline/output/object_extraction/20260319/snips/20260319_snip_inventory.csv,True,7167557.0,2026-07-29T16:23:04.277390+00:00
139,20260319,frame_inventory,/net/trapnell/vol1/home/nlammers/projects/data/morphseq/pipeline/output/acquisition/20260319/frame_inventory/20260319_frame_inventory.csv,False,,
139,20260319,plate,/net/trapnell/vol1/home/nlammers/projects/data/morphseq/pipeline/output/acquisition/20260319/ingest_metadata/plate_metadata.csv,True,6372.0,2026-07-25T20:01:33.880873+00:00
139,20260319,collection_provenance,/net/trapnell/vol1/home/nlammers/projects/data/morphseq/pipeline/output/acquisition/20260319/ingest_metadata/collection_provenance.json,False,,
139,20260319,mask_geometry,/net/trapnell/vol1/home/nlammers/projects/data/morphseq/pipeline/output/feature_extraction/20260319/mask_geometry/20260319_mask_geometry.csv,True,2280228.0,2026-07-29T16:23:27.233562+00:00
139,20260319,surface_area_qc,/net/trapnell/vol1/home/nlammers/projects/data/morphseq/pipeline/output/quality_control/20260319/surface_area_qc/20260319_surface_area_qc.csv,False,,
139,20260319,analysis_ready,/net/trapnell/vol1/home/nlammers/projects/data/morphseq/pipeline/output/analysis_ready/20260319/analysis_ready/20260319_analysis_ready.parquet,True,18649119.0,2026-07-29T16:25:54.834670+00:00
140,20260417_irx_pilot,stage,/net/trapnell/vol1/home/nlammers/projects/data/morphseq/pipeline/output/feature_extraction/20260417_irx_pilot/stage_predictions/20260417_irx_pilot_stage_predictions.csv,True,1066772.0,2026-07-16T08:13:50.939153+00:00
140,20260417_irx_pilot,inventory,/net/trapnell/vol1/home/nlammers/projects/data/morphseq/pipeline/output/object_extraction/20260417_irx_pilot/snips/20260417_irx_pilot_snip_inventory.csv,True,4608749.0,2026-07-16T08:09:48.485213+00:00
140,20260417_irx_pilot,frame_inventory,/net/trapnell/vol1/home/nlammers/projects/data/morphseq/pipeline/output/acquisition/20260417_irx_pilot/frame_inventory/20260417_irx_pilot_frame_inventory.csv,True,15221130.0,2026-07-16T02:59:34.762709+00:00
140,20260417_irx_pilot,plate,/net/trapnell/vol1/home/nlammers/projects/data/morphseq/pipeline/output/acquisition/20260417_irx_pilot/ingest_metadata/plate_metadata.csv,True,8788.0,2026-07-16T07:58:34.199802+00:00
140,20260417_irx_pilot,collection_provenance,/net/trapnell/vol1/home/nlammers/projects/data/morphseq/pipeline/output/acquisition/20260417_irx_pilot/ingest_metadata/collection_provenance.json,False,,
140,20260417_irx_pilot,mask_geometry,/net/trapnell/vol1/home/nlammers/projects/data/morphseq/pipeline/output/feature_extraction/20260417_irx_pilot/mask_geometry/20260417_irx_pilot_mask_geometry.csv,True,1397462.0,2026-07-16T08:05:58.267369+00:00
140,20260417_irx_pilot,surface_area_qc,/net/trapnell/vol1/home/nlammers/projects/data/morphseq/pipeline/output/quality_control/20260417_irx_pilot/surface_area_qc/20260417_irx_pilot_surface_area_qc.csv,True,700138.0,2026-07-16T09:05:10.817479+00:00
140,20260417_irx_pilot,analysis_ready,/net/trapnell/vol1/home/nlammers/projects/data/morphseq/pipeline/output/analysis_ready/20260417_irx_pilot/analysis_ready/20260417_irx_pilot_analysis_ready.parquet,True,8913485.0,2026-07-16T09:06:12.009980+00:00
141,20260418_irx_pilot,stage,/net/trapnell/vol1/home/nlammers/projects/data/morphseq/pipeline/output/feature_extraction/20260418_irx_pilot/stage_predictions/20260418_irx_pilot_stage_predictions.csv,True,3276908.0,2026-07-17T03:38:57.614774+00:00
141,20260418_irx_pilot,inventory,/net/trapnell/vol1/home/nlammers/projects/data/morphseq/pipeline/output/object_extraction/20260418_irx_pilot/snips/20260418_irx_pilot_snip_inventory.csv,True,14151243.0,2026-07-17T03:11:22.193575+00:00
141,20260418_irx_pilot,frame_inventory,/net/trapnell/vol1/home/nlammers/projects/data/morphseq/pipeline/output/acquisition/20260418_irx_pilot/frame_inventory/20260418_irx_pilot_frame_inventory.csv,True,43581162.0,2026-07-16T10:45:04.190210+00:00
141,20260418_irx_pilot,plate,/net/trapnell/vol1/home/nlammers/projects/data/morphseq/pipeline/output/acquisition/20260418_irx_pilot/ingest_metadata/plate_metadata.csv,True,8788.0,2026-07-17T03:03:14.560986+00:00
141,20260418_irx_pilot,collection_provenance,/net/trapnell/vol1/home/nlammers/projects/data/morphseq/pipeline/output/acquisition/20260418_irx_pilot/ingest_metadata/collection_provenance.json,False,,
141,20260418_irx_pilot,mask_geometry,/net/trapnell/vol1/home/nlammers/projects/data/morphseq/pipeline/output/feature_extraction/20260418_irx_pilot/mask_geometry/20260418_irx_pilot_mask_geometry.csv,True,4297023.0,2026-07-17T03:15:11.485617+00:00
141,20260418_irx_pilot,surface_area_qc,/net/trapnell/vol1/home/nlammers/projects/data/morphseq/pipeline/output/quality_control/20260418_irx_pilot/surface_area_qc/20260418_irx_pilot_surface_area_qc.csv,True,2140416.0,2026-07-17T03:41:38.485311+00:00
141,20260418_irx_pilot,analysis_ready,/net/trapnell/vol1/home/nlammers/projects/data/morphseq/pipeline/output/analysis_ready/20260418_irx_pilot/analysis_ready/20260418_irx_pilot_analysis_ready.parquet,True,27451501.0,2026-07-17T03:43:40.511130+00:00
142,20260724_hotfish_24hpf_plate01,stage,/net/trapnell/vol1/home/nlammers/projects/data/morphseq/pipeline/output/feature_extraction/20260724_hotfish_24hpf_plate01/stage_predictions/20260724_hotfish_24hpf_plate01_stage_predictions.csv,True,29830.0,2026-07-30T00:47:19.575968+00:00
142,20260724_hotfish_24hpf_plate01,inventory,/net/trapnell/vol1/home/nlammers/projects/data/morphseq/pipeline/output/object_extraction/20260724_hotfish_24hpf_plate01/snips/20260724_hotfish_24hpf_plate01_snip_inventory.csv,True,122991.0,2026-07-30T00:45:06.523076+00:00
142,20260724_hotfish_24hpf_plate01,frame_inventory,/net/trapnell/vol1/home/nlammers/projects/data/morphseq/pipeline/output/acquisition/20260724_hotfish_24hpf_plate01/frame_inventory/20260724_hotfish_24hpf_plate01_frame_inventory.csv,False,,
142,20260724_hotfish_24hpf_plate01,plate,/net/trapnell/vol1/home/nlammers/projects/data/morphseq/pipeline/output/acquisition/20260724_hotfish_24hpf_plate01/ingest_metadata/plate_metadata.csv,True,10151.0,2026-07-29T17:19:25.627209+00:00
142,20260724_hotfish_24hpf_plate01,collection_provenance,/net/trapnell/vol1/home/nlammers/projects/data/morphseq/pipeline/output/acquisition/20260724_hotfish_24hpf_plate01/ingest_metadata/collection_provenance.json,False,,
142,20260724_hotfish_24hpf_plate01,mask_geometry,/net/trapnell/vol1/home/nlammers/projects/data/morphseq/pipeline/output/feature_extraction/20260724_hotfish_24hpf_plate01/mask_geometry/20260724_hotfish_24hpf_plate01_mask_geometry.csv,True,36087.0,2026-07-30T00:48:02.476262+00:00
142,20260724_hotfish_24hpf_plate01,surface_area_qc,/net/trapnell/vol1/home/nlammers/projects/data/morphseq/pipeline/output/quality_control/20260724_hotfish_24hpf_plate01/surface_area_qc/20260724_hotfish_24hpf_plate01_surface_area_qc.csv,False,,
142,20260724_hotfish_24hpf_plate01,analysis_ready,/net/trapnell/vol1/home/nlammers/projects/data/morphseq/pipeline/output/analysis_ready/20260724_hotfish_24hpf_plate01/analysis_ready/20260724_hotfish_24hpf_plate01_analysis_ready.parquet,True,351694.0,2026-07-30T00:48:52.656610+00:00
143,20260724_hotfish_24hpf_plate02,stage,/net/trapnell/vol1/home/nlammers/projects/data/morphseq/pipeline/output/feature_extraction/20260724_hotfish_24hpf_plate02/stage_predictions/20260724_hotfish_24hpf_plate02_stage_predictions.csv,False,,
143,20260724_hotfish_24hpf_plate02,inventory,/net/trapnell/vol1/home/nlammers/projects/data/morphseq/pipeline/output/object_extraction/20260724_hotfish_24hpf_plate02/snips/20260724_hotfish_24hpf_plate02_snip_inventory.csv,True,67653.0,2026-07-30T01:33:37.276049+00:00
143,20260724_hotfish_24hpf_plate02,frame_inventory,/net/trapnell/vol1/home/nlammers/projects/data/morphseq/pipeline/output/acquisition/20260724_hotfish_24hpf_plate02/frame_inventory/20260724_hotfish_24hpf_plate02_frame_inventory.csv,False,,
143,20260724_hotfish_24hpf_plate02,plate,/net/trapnell/vol1/home/nlammers/projects/data/morphseq/pipeline/output/acquisition/20260724_hotfish_24hpf_plate02/ingest_metadata/plate_metadata.csv,False,,
143,20260724_hotfish_24hpf_plate02,collection_provenance,/net/trapnell/vol1/home/nlammers/projects/data/morphseq/pipeline/output/acquisition/20260724_hotfish_24hpf_plate02/ingest_metadata/collection_provenance.json,False,,
143,20260724_hotfish_24hpf_plate02,mask_geometry,/net/trapnell/vol1/home/nlammers/projects/data/morphseq/pipeline/output/feature_extraction/20260724_hotfish_24hpf_plate02/mask_geometry/20260724_hotfish_24hpf_plate02_mask_geometry.csv,True,19945.0,2026-07-30T01:34:01.592227+00:00
143,20260724_hotfish_24hpf_plate02,surface_area_qc,/net/trapnell/vol1/home/nlammers/projects/data/morphseq/pipeline/output/quality_control/20260724_hotfish_24hpf_plate02/surface_area_qc/20260724_hotfish_24hpf_plate02_surface_area_qc.csv,False,,
143,20260724_hotfish_24hpf_plate02,analysis_ready,/net/trapnell/vol1/home/nlammers/projects/data/morphseq/pipeline/output/analysis_ready/20260724_hotfish_24hpf_plate02/analysis_ready/20260724_hotfish_24hpf_plate02_analysis_ready.parquet,False,,
144,20260724_hotfish_30hpf_plate01,stage,/net/trapnell/vol1/home/nlammers/projects/data/morphseq/pipeline/output/feature_extraction/20260724_hotfish_30hpf_plate01/stage_predictions/20260724_hotfish_30hpf_plate01_stage_predictions.csv,True,28666.0,2026-07-30T03:43:23.243498+00:00
144,20260724_hotfish_30hpf_plate01,inventory,/net/trapnell/vol1/home/nlammers/projects/data/morphseq/pipeline/output/object_extraction/20260724_hotfish_30hpf_plate01/snips/20260724_hotfish_30hpf_plate01_snip_inventory.csv,True,118179.0,2026-07-30T03:41:16.150542+00:00
144,20260724_hotfish_30hpf_plate01,frame_inventory,/net/trapnell/vol1/home/nlammers/projects/data/morphseq/pipeline/output/acquisition/20260724_hotfish_30hpf_plate01/frame_inventory/20260724_hotfish_30hpf_plate01_frame_inventory.csv,False,,
144,20260724_hotfish_30hpf_plate01,plate,/net/trapnell/vol1/home/nlammers/projects/data/morphseq/pipeline/output/acquisition/20260724_hotfish_30hpf_plate01/ingest_metadata/plate_metadata.csv,True,10166.0,2026-07-30T01:55:56.205950+00:00
144,20260724_hotfish_30hpf_plate01,collection_provenance,/net/trapnell/vol1/home/nlammers/projects/data/morphseq/pipeline/output/acquisition/20260724_hotfish_30hpf_plate01/ingest_metadata/collection_provenance.json,False,,
144,20260724_hotfish_30hpf_plate01,mask_geometry,/net/trapnell/vol1/home/nlammers/projects/data/morphseq/pipeline/output/feature_extraction/20260724_hotfish_30hpf_plate01/mask_geometry/20260724_hotfish_30hpf_plate01_mask_geometry.csv,True,34715.0,2026-07-30T03:42:40.031173+00:00
144,20260724_hotfish_30hpf_plate01,surface_area_qc,/net/trapnell/vol1/home/nlammers/projects/data/morphseq/pipeline/output/quality_control/20260724_hotfish_30hpf_plate01/surface_area_qc/20260724_hotfish_30hpf_plate01_surface_area_qc.csv,False,,
144,20260724_hotfish_30hpf_plate01,analysis_ready,/net/trapnell/vol1/home/nlammers/projects/data/morphseq/pipeline/output/analysis_ready/20260724_hotfish_30hpf_plate01/analysis_ready/20260724_hotfish_30hpf_plate01_analysis_ready.parquet,True,346411.0,2026-07-30T03:44:46.152122+00:00
145,20260724_hotfish_30hpf_plate02,stage,/net/trapnell/vol1/home/nlammers/projects/data/morphseq/pipeline/output/feature_extraction/20260724_hotfish_30hpf_plate02/stage_predictions/20260724_hotfish_30hpf_plate02_stage_predictions.csv,False,,
145,20260724_hotfish_30hpf_plate02,inventory,/net/trapnell/vol1/home/nlammers/projects/data/morphseq/pipeline/output/object_extraction/20260724_hotfish_30hpf_plate02/snips/20260724_hotfish_30hpf_plate02_snip_inventory.csv,True,71262.0,2026-07-30T05:06:09.888843+00:00
145,20260724_hotfish_30hpf_plate02,frame_inventory,/net/trapnell/vol1/home/nlammers/projects/data/morphseq/pipeline/output/acquisition/20260724_hotfish_30hpf_plate02/frame_inventory/20260724_hotfish_30hpf_plate02_frame_inventory.csv,False,,
145,20260724_hotfish_30hpf_plate02,plate,/net/trapnell/vol1/home/nlammers/projects/data/morphseq/pipeline/output/acquisition/20260724_hotfish_30hpf_plate02/ingest_metadata/plate_metadata.csv,False,,
145,20260724_hotfish_30hpf_plate02,collection_provenance,/net/trapnell/vol1/home/nlammers/projects/data/morphseq/pipeline/output/acquisition/20260724_hotfish_30hpf_plate02/ingest_metadata/collection_provenance.json,False,,
145,20260724_hotfish_30hpf_plate02,mask_geometry,/net/trapnell/vol1/home/nlammers/projects/data/morphseq/pipeline/output/feature_extraction/20260724_hotfish_30hpf_plate02/mask_geometry/20260724_hotfish_30hpf_plate02_mask_geometry.csv,True,20997.0,2026-07-30T05:07:40.922485+00:00
145,20260724_hotfish_30hpf_plate02,surface_area_qc,/net/trapnell/vol1/home/nlammers/projects/data/morphseq/pipeline/output/quality_control/20260724_hotfish_30hpf_plate02/surface_area_qc/20260724_hotfish_30hpf_plate02_surface_area_qc.csv,False,,
145,20260724_hotfish_30hpf_plate02,analysis_ready,/net/trapnell/vol1/home/nlammers/projects/data/morphseq/pipeline/output/analysis_ready/20260724_hotfish_30hpf_plate02/analysis_ready/20260724_hotfish_30hpf_plate02_analysis_ready.parquet,False,,
146,20260724_hotfish_36hpf_plate01,stage,/net/trapnell/vol1/home/nlammers/projects/data/morphseq/pipeline/output/feature_extraction/20260724_hotfish_36hpf_plate01/stage_predictions/20260724_hotfish_36hpf_plate01_stage_predictions.csv,True,29539.0,2026-07-30T06:51:25.436368+00:00
146,20260724_hotfish_36hpf_plate01,inventory,/net/trapnell/vol1/home/nlammers/projects/data/morphseq/pipeline/output/object_extraction/20260724_hotfish_36hpf_plate01/snips/20260724_hotfish_36hpf_plate01_snip_inventory.csv,True,121788.0,2026-07-30T06:50:33.283975+00:00
146,20260724_hotfish_36hpf_plate01,frame_inventory,/net/trapnell/vol1/home/nlammers/projects/data/morphseq/pipeline/output/acquisition/20260724_hotfish_36hpf_plate01/frame_inventory/20260724_hotfish_36hpf_plate01_frame_inventory.csv,False,,
146,20260724_hotfish_36hpf_plate01,plate,/net/trapnell/vol1/home/nlammers/projects/data/morphseq/pipeline/output/acquisition/20260724_hotfish_36hpf_plate01/ingest_metadata/plate_metadata.csv,True,10823.0,2026-07-30T05:17:47.065625+00:00
146,20260724_hotfish_36hpf_plate01,collection_provenance,/net/trapnell/vol1/home/nlammers/projects/data/morphseq/pipeline/output/acquisition/20260724_hotfish_36hpf_plate01/ingest_metadata/collection_provenance.json,False,,
146,20260724_hotfish_36hpf_plate01,mask_geometry,/net/trapnell/vol1/home/nlammers/projects/data/morphseq/pipeline/output/feature_extraction/20260724_hotfish_36hpf_plate01/mask_geometry/20260724_hotfish_36hpf_plate01_mask_geometry.csv,True,35773.0,2026-07-30T06:50:56.852153+00:00
146,20260724_hotfish_36hpf_plate01,surface_area_qc,/net/trapnell/vol1/home/nlammers/projects/data/morphseq/pipeline/output/quality_control/20260724_hotfish_36hpf_plate01/surface_area_qc/20260724_hotfish_36hpf_plate01_surface_area_qc.csv,False,,
146,20260724_hotfish_36hpf_plate01,analysis_ready,/net/trapnell/vol1/home/nlammers/projects/data/morphseq/pipeline/output/analysis_ready/20260724_hotfish_36hpf_plate01/analysis_ready/20260724_hotfish_36hpf_plate01_analysis_ready.parquet,True,350914.0,2026-07-30T06:52:08.320692+00:00
147,20260724_hotfish_36hpf_plate02,stage,/net/trapnell/vol1/home/nlammers/projects/data/morphseq/pipeline/output/feature_extraction/20260724_hotfish_36hpf_plate02/stage_predictions/20260724_hotfish_36hpf_plate02_stage_predictions.csv,False,,
147,20260724_hotfish_36hpf_plate02,inventory,/net/trapnell/vol1/home/nlammers/projects/data/morphseq/pipeline/output/object_extraction/20260724_hotfish_36hpf_plate02/snips/20260724_hotfish_36hpf_plate02_snip_inventory.csv,True,73668.0,2026-07-30T08:13:06.657258+00:00
147,20260724_hotfish_36hpf_plate02,frame_inventory,/net/trapnell/vol1/home/nlammers/projects/data/morphseq/pipeline/output/acquisition/20260724_hotfish_36hpf_plate02/frame_inventory/20260724_hotfish_36hpf_plate02_frame_inventory.csv,False,,
147,20260724_hotfish_36hpf_plate02,plate,/net/trapnell/vol1/home/nlammers/projects/data/morphseq/pipeline/output/acquisition/20260724_hotfish_36hpf_plate02/ingest_metadata/plate_metadata.csv,False,,
147,20260724_hotfish_36hpf_plate02,collection_provenance,/net/trapnell/vol1/home/nlammers/projects/data/morphseq/pipeline/output/acquisition/20260724_hotfish_36hpf_plate02/ingest_metadata/collection_provenance.json,False,,
147,20260724_hotfish_36hpf_plate02,mask_geometry,/net/trapnell/vol1/home/nlammers/projects/data/morphseq/pipeline/output/feature_extraction/20260724_hotfish_36hpf_plate02/mask_geometry/20260724_hotfish_36hpf_plate02_mask_geometry.csv,True,21701.0,2026-07-30T08:13:41.453948+00:00
147,20260724_hotfish_36hpf_plate02,surface_area_qc,/net/trapnell/vol1/home/nlammers/projects/data/morphseq/pipeline/output/quality_control/20260724_hotfish_36hpf_plate02/surface_area_qc/20260724_hotfish_36hpf_plate02_surface_area_qc.csv,False,,
147,20260724_hotfish_36hpf_plate02,analysis_ready,/net/trapnell/vol1/home/nlammers/projects/data/morphseq/pipeline/output/analysis_ready/20260724_hotfish_36hpf_plate02/analysis_ready/20260724_hotfish_36hpf_plate02_analysis_ready.parquet,False,,
