pair,genotype,n_embryos,n_timepoints,time_range_hpf,mean_curvature,std_curvature
cep290_pair_1,cep290_wildtype,6,389,40.0-107.8,0.07741412468107066,0.05698870678104048
cep290_pair_1,cep290_heterozygous,6,359,40.0-140.2,0.08789941533426679,0.06414088891195834
cep290_pair_1,cep290_homozygous,18,1087,40.0-139.7,0.09744789049261998,0.0552535285660105
cep290_pair_2,cep290_wildtype,1,46,42.4-72.1,0.017335909051926376,0.012524814188085162
cep290_pair_2,cep290_heterozygous,1,67,40.0-92.9,0.07922473430940566,0.031893819380912534
cep290_pair_2,cep290_homozygous,23,1799,40.0-140.2,0.09013049698852313,0.053996759422144325
cep290_pair_3,cep290_wildtype,1,37,40.0-71.0,0.08295867744290134,0.04403944980843965
cep290_pair_3,cep290_heterozygous,1,24,40.6-62.6,0.014672118431819167,0.008280177618990579
cep290_pair_3,cep290_homozygous,17,1100,40.0-140.2,0.06754890981591456,0.04597101627762119
