pair,genotype,n_embryos,n_timepoints,time_range_hpf,mean_baseline_deviation_normalized,std_baseline_deviation_normalized
b9d2_pair_2,b9d2_wildtype,9,1191,11.0-96.7,0.05140578162198551,0.057486280707030976
b9d2_pair_2,b9d2_heterozygous,11,1409,11.0-96.7,0.05209408232088064,0.05678027664883811
b9d2_pair_2,b9d2_homozygous,8,1195,11.0-96.7,0.04643274882360202,0.05561409050075009
b9d2_pair_4,b9d2_wildtype,2,331,11.0-96.7,0.0527697296636279,0.06428100385414613
b9d2_pair_4,b9d2_heterozygous,2,69,11.0-28.9,0.09537129926327978,0.06540161146582035
b9d2_pair_8,b9d2_wildtype,7,761,11.0-96.7,0.06620215594748645,0.05618288005246244
b9d2_pair_8,b9d2_heterozygous,26,3982,11.0-96.7,0.06983651948280752,0.05595496395997986
b9d2_pair_8,b9d2_homozygous,12,1985,11.0-96.7,0.08266237114183567,0.061182243365067154
