pair,genotype,n_embryos,n_timepoints,time_range_hpf,mean_curvature,std_curvature
cep290_pair_1,cep290_wildtype,1,33,37.0-70.3,0.012801337201574534,0.010066768146283522
cep290_pair_1,cep290_heterozygous,2,12,37.0-43.6,0.026195235069960566,0.011692446908031083
cep290_pair_1,cep290_homozygous,20,1444,37.0-133.1,0.09088770726549338,0.05039835137434729
cep290_pair_2,cep290_heterozygous,3,97,37.0-115.5,0.0159842684538161,0.008105620479803143
cep290_pair_2,cep290_homozygous,26,1837,37.0-133.1,0.07624468509649723,0.04670973826909654
cep290_pair_3,cep290_wildtype,2,28,37.0-50.8,0.02185684836980651,0.013178532495518832
cep290_pair_3,cep290_heterozygous,1,28,37.0-55.7,0.013732529781435082,0.009939555250460455
cep290_pair_3,cep290_homozygous,23,1647,37.0-133.1,0.10627352550063836,0.05648165555302285
